ISO-10303-21;
HEADER;
FILE_DESCRIPTION (( 'STEP AP214' ),
    '1' );
FILE_NAME ('532610571.STEP',
    '2021-11-24T20:42:01',
    ( 'AVRASM1234' ),
    ( '' ),
    'SwSTEP 2.0',
    'SolidWorks 2017',
    '' );
FILE_SCHEMA (( 'AUTOMOTIVE_DESIGN' ));
ENDSEC;

DATA;
#1 = PLANE ( 'NONE',  #6990 ) ;
#2 = ORIENTED_EDGE ( 'NONE', *, *, #11498, .F. ) ;
#3 = ORIENTED_EDGE ( 'NONE', *, *, #7367, .F. ) ;
#4 = PRESENTATION_LAYER_ASSIGNMENT (  '', '', ( #11286 ) ) ;
#5 = FILL_AREA_STYLE_COLOUR ( '', #11018 ) ;
#6 =( NAMED_UNIT ( * ) SI_UNIT ( $, .STERADIAN. ) SOLID_ANGLE_UNIT ( ) );
#7 = PRESENTATION_LAYER_ASSIGNMENT (  '', '', ( #11292 ) ) ;
#8 = COLOUR_RGB ( '',0.8000000000000000400, 0.8078431372549019800, 0.8000000000000000400 ) ;
#9 = VERTEX_POINT ( 'NONE', #4189 ) ;
#10 = ADVANCED_FACE ( 'NONE', ( #822 ), #3972, .F. ) ;
#11 = FILL_AREA_STYLE_COLOUR ( '', #10757 ) ;
#12 = ORIENTED_EDGE ( 'NONE', *, *, #3064, .T. ) ;
#13 = DIRECTION ( 'NONE',  ( -0.0000000000000000000, -0.0000000000000000000, 1.000000000000000000 ) ) ;
#14 = DIRECTION ( 'NONE',  ( 0.0000000000000000000, -1.355252715606878800E-016, 1.000000000000000000 ) ) ;
#15 = DIRECTION ( 'NONE',  ( 0.0000000000000000000, 1.000000000000000000, 0.0000000000000000000 ) ) ;
#16 = EDGE_CURVE ( 'NONE', #9272, #9758, #9924, .T. ) ;
#17 = VECTOR ( 'NONE', #4336, 1000.000000000000000 ) ;
#18 = DIRECTION ( 'NONE',  ( -1.000000000000000000, -2.409338161078900700E-016, -0.0000000000000000000 ) ) ;
#19 =( GEOMETRIC_REPRESENTATION_CONTEXT ( 3 ) GLOBAL_UNCERTAINTY_ASSIGNED_CONTEXT ( ( #10744 ) ) GLOBAL_UNIT_ASSIGNED_CONTEXT ( ( #35, #6894, #1023 ) ) REPRESENTATION_CONTEXT ( 'NONE', 'WORKASPACE' ) );
#20 = CARTESIAN_POINT ( 'NONE',  ( -1.409999999999999900, 2.299999999999999400, 0.2000000000000025400 ) ) ;
#21 = ORIENTED_EDGE ( 'NONE', *, *, #3130, .F. ) ;
#22 = VERTEX_POINT ( 'NONE', #4526 ) ;
#23 = PRESENTATION_LAYER_ASSIGNMENT (  '', '', ( #11308 ) ) ;
#24 = ADVANCED_FACE ( 'NONE', ( #4835 ), #4511, .T. ) ;
#25 = ORIENTED_EDGE ( 'NONE', *, *, #9866, .T. ) ;
#26 = DIRECTION ( 'NONE',  ( -0.0000000000000000000, -0.0000000000000000000, 1.000000000000000000 ) ) ;
#27 = LINE ( 'NONE', #4861, #10071 ) ;
#28 = VECTOR ( 'NONE', #9804, 1000.000000000000000 ) ;
#29 = CARTESIAN_POINT ( 'NONE',  ( 5.087500000000004800, -1.512500000000000200, 1.123868105625277900E-017 ) ) ;
#30 = ORIENTED_EDGE ( 'NONE', *, *, #6615, .T. ) ;
#31 = EDGE_CURVE ( 'NONE', #7430, #10223, #7392, .T. ) ;
#32 = CARTESIAN_POINT ( 'NONE',  ( -1.090000000000000100, 1.500000000000000000, 1.699999999999998800 ) ) ;
#33 = CARTESIAN_POINT ( 'NONE',  ( 3.400000000000002100, -1.800000000000000500, 0.5999999999999966500 ) ) ;
#34 = PLANE ( 'NONE',  #5444 ) ;
#35 =( LENGTH_UNIT ( ) NAMED_UNIT ( * ) SI_UNIT ( .MILLI., .METRE. ) );
#36 = CARTESIAN_POINT ( 'NONE',  ( 4.675000000000002500, 1.099999999999999600, 1.029999999999997400 ) ) ;
#37 = ORIENTED_EDGE ( 'NONE', *, *, #10940, .F. ) ;
#38 = DIRECTION ( 'NONE',  ( 0.0000000000000000000, 0.0000000000000000000, 1.000000000000000000 ) ) ;
#39 = VERTEX_POINT ( 'NONE', #5450 ) ;
#40 = ORIENTED_EDGE ( 'NONE', *, *, #9533, .T. ) ;
#41 = EDGE_CURVE ( 'NONE', #5581, #9828, #7084, .T. ) ;
#42 = CARTESIAN_POINT ( 'NONE',  ( -1.090000000000000100, 1.500000000000000000, 1.774999999999999700 ) ) ;
#43 = AXIS2_PLACEMENT_3D ( 'NONE', #6602, #8525, #2700 ) ;
#44 = EDGE_LOOP ( 'NONE', ( #12273, #6544, #12398, #6023, #10550 ) ) ;
#45 = CIRCLE ( 'NONE', #2077, 0.1999999999999998700 ) ;
#46 = ORIENTED_EDGE ( 'NONE', *, *, #10370, .F. ) ;
#47 = CARTESIAN_POINT ( 'NONE',  ( -4.665000000000002700, 0.8999999999999991300, 0.2999999999999975500 ) ) ;
#48 = EDGE_CURVE ( 'NONE', #1182, #9, #9640, .T. ) ;
#49 = PLANE ( 'NONE',  #8708 ) ;
#50 = AXIS2_PLACEMENT_3D ( 'NONE', #11335, #11291, #11247 ) ;
#51 = LINE ( 'NONE', #3009, #5316 ) ;
#52 = FILL_AREA_STYLE ('',( #8803 ) ) ;
#53 =( NAMED_UNIT ( * ) PLANE_ANGLE_UNIT ( ) SI_UNIT ( $, .RADIAN. ) );
#54 = FILL_AREA_STYLE ('',( #331 ) ) ;
#55 = CARTESIAN_POINT ( 'NONE',  ( -1.090000000000000100, 2.649999999999999500, 1.225000000000001900 ) ) ;
#56 = CARTESIAN_POINT ( 'NONE',  ( 4.995000000000002800, -1.200000000000000400, 1.229999999999997500 ) ) ;
#57 = ORIENTED_EDGE ( 'NONE', *, *, #902, .F. ) ;
#58 = CARTESIAN_POINT ( 'NONE',  ( 3.700000000000002000, 0.8500000000000000900, 1.399999999999996800 ) ) ;
#59 = EDGE_CURVE ( 'NONE', #9431, #9480, #1883, .T. ) ;
#60 = CARTESIAN_POINT ( 'NONE',  ( 4.675000000000001600, -1.100000000000000500, 0.4499999999999999600 ) ) ;
#61 = DIRECTION ( 'NONE',  ( -1.000000000000000000, -0.0000000000000000000, -0.0000000000000000000 ) ) ;
#62 = FACE_BOUND ( 'NONE', #8512, .T. ) ;
#63 = PLANE ( 'NONE',  #8455 ) ;
#64 = VECTOR ( 'NONE', #7086, 1000.000000000000000 ) ;
#65 = EDGE_CURVE ( 'NONE', #10203, #4005, #11846, .T. ) ;
#66 = VECTOR ( 'NONE', #8745, 1000.000000000000000 ) ;
#67 = EDGE_CURVE ( 'NONE', #1502, #10322, #12158, .T. ) ;
#68 = DIRECTION ( 'NONE',  ( 1.000000000000000000, 0.0000000000000000000, -3.252606517456515800E-016 ) ) ;
#69 = UNCERTAINTY_MEASURE_WITH_UNIT (LENGTH_MEASURE( 1.000000000000000100E-005 ), #3900, 'distance_accuracy_value', 'NONE');
#70 = AXIS2_PLACEMENT_3D ( 'NONE', #7123, #7042, #7010 ) ;
#71 = ADVANCED_FACE ( 'NONE', ( #6780 ), #2975, .F. ) ;
#72 = ORIENTED_EDGE ( 'NONE', *, *, #10393, .F. ) ;
#73 = DIRECTION ( 'NONE',  ( 0.0000000000000000000, -0.0000000000000000000, 1.000000000000000000 ) ) ;
#74 = DIRECTION ( 'NONE',  ( 0.7071067811865443500, 0.7071067811865506800, 1.121922012207343200E-016 ) ) ;
#75 = DIRECTION ( 'NONE',  ( 0.0000000000000000000, 1.000000000000000000, 0.0000000000000000000 ) ) ;
#76 = DIRECTION ( 'NONE',  ( 1.000000000000000000, 0.0000000000000000000, 0.0000000000000000000 ) ) ;
#77 = AXIS2_PLACEMENT_3D ( 'NONE', #3286, #3238, #3196 ) ;
#78 = CARTESIAN_POINT ( 'NONE',  ( 2.660000000000000100, 1.500000000000000000, 0.8749999999999998900 ) ) ;
#79 = VECTOR ( 'NONE', #5097, 1000.000000000000000 ) ;
#80 = ORIENTED_EDGE ( 'NONE', *, *, #5300, .T. ) ;
#81 = CARTESIAN_POINT ( 'NONE',  ( -1.409999999999999900, 2.099999999999999600, 0.8750000000000017800 ) ) ;
#82 = VECTOR ( 'NONE', #2704, 999.9999999999998900 ) ;
#83 = DIRECTION ( 'NONE',  ( -1.000000000000000000, 0.0000000000000000000, 0.0000000000000000000 ) ) ;
#84 = PRESENTATION_LAYER_ASSIGNMENT (  '', '', ( #12009 ) ) ;
#85 = VERTEX_POINT ( 'NONE', #3023 ) ;
#86 = VERTEX_POINT ( 'NONE', #3098 ) ;
#87 = LINE ( 'NONE', #7938, #5037 ) ;
#88 = ORIENTED_EDGE ( 'NONE', *, *, #5130, .T. ) ;
#89 = AXIS2_PLACEMENT_3D ( 'NONE', #206, #250, #280 ) ;
#90 = LINE ( 'NONE', #6552, #12354 ) ;
#91 = ADVANCED_FACE ( 'NONE', ( #650 ), #3008, .T. ) ;
#92 = VECTOR ( 'NONE', #1443, 1000.000000000000000 ) ;
#93 = LINE ( 'NONE', #9545, #6696 ) ;
#94 = DIRECTION ( 'NONE',  ( 1.000000000000000000, -0.0000000000000000000, -0.0000000000000000000 ) ) ;
#95 = ORIENTED_EDGE ( 'NONE', *, *, #665, .F. ) ;
#96 = LINE ( 'NONE', #10230, #5044 ) ;
#97 = AXIS2_PLACEMENT_3D ( 'NONE', #1365, #8202, #2374 ) ;
#98 = DIRECTION ( 'NONE',  ( -0.7071067811865458000, 0.0000000000000000000, 0.7071067811865492400 ) ) ;
#99 = PLANE ( 'NONE',  #10672 ) ;
#100 = ORIENTED_EDGE ( 'NONE', *, *, #12561, .F. ) ;
#101 = LINE ( 'NONE', #4763, #5049 ) ;
#102 = ORIENTED_EDGE ( 'NONE', *, *, #9037, .T. ) ;
#103 = DIRECTION ( 'NONE',  ( -1.000000000000000000, 0.0000000000000000000, -0.0000000000000000000 ) ) ;
#104 = VECTOR ( 'NONE', #294, 1000.000000000000000 ) ;
#105 = VECTOR ( 'NONE', #7983, 1000.000000000000000 ) ;
#106 = DIRECTION ( 'NONE',  ( 0.0000000000000000000, 0.0000000000000000000, -1.000000000000000000 ) ) ;
#107 = FACE_OUTER_BOUND ( 'NONE', #11105, .T. ) ;
#108 = CARTESIAN_POINT ( 'NONE',  ( 2.660000000000000100, 1.500000000000000000, 1.699999999999998800 ) ) ;
#109 = FILL_AREA_STYLE_COLOUR ( '', #8773 ) ;
#110 = DIRECTION ( 'NONE',  ( -1.000000000000000000, -0.0000000000000000000, -0.0000000000000000000 ) ) ;
#111 = LINE ( 'NONE', #1753, #9861 ) ;
#112 = CARTESIAN_POINT ( 'NONE',  ( -0.1599999999999999800, 1.500000000000000000, 1.775000000000001700 ) ) ;
#113 = EDGE_CURVE ( 'NONE', #6205, #11128, #5587, .T. ) ;
#114 = ORIENTED_EDGE ( 'NONE', *, *, #1517, .T. ) ;
#115 = FACE_OUTER_BOUND ( 'NONE', #10424, .T. ) ;
#116 = ORIENTED_EDGE ( 'NONE', *, *, #3073, .F. ) ;
#117 = DIRECTION ( 'NONE',  ( -0.0000000000000000000, -1.000000000000000000, -0.0000000000000000000 ) ) ;
#118 = DIRECTION ( 'NONE',  ( 0.0000000000000000000, 3.336006684570786100E-016, -1.000000000000000000 ) ) ;
#119 = ORIENTED_EDGE ( 'NONE', *, *, #5054, .F. ) ;
#120 = DIRECTION ( 'NONE',  ( -0.0000000000000000000, 1.000000000000000000, 0.0000000000000000000 ) ) ;
#121 = PRESENTATION_LAYER_ASSIGNMENT (  '', '', ( #11403 ) ) ;
#122 = EDGE_LOOP ( 'NONE', ( #8315, #8896, #5210, #12496 ) ) ;
#123 = CARTESIAN_POINT ( 'NONE',  ( 4.235000000000002100, 0.8999999999999991300, 0.4899999999999984900 ) ) ;
#124 = DIRECTION ( 'NONE',  ( 0.0000000000000000000, -0.7071067811865475700, 0.7071067811865475700 ) ) ;
#125 = CARTESIAN_POINT ( 'NONE',  ( -1.090000000000000100, 1.500000000000000000, 1.775000000000001700 ) ) ;
#126 = DIRECTION ( 'NONE',  ( -0.0000000000000000000, -1.000000000000000000, -0.0000000000000000000 ) ) ;
#127 = EDGE_LOOP ( 'NONE', ( #2456, #12537, #1510, #10782, #7277, #5671, #7062, #11567 ) ) ;
#128 = ORIENTED_EDGE ( 'NONE', *, *, #9765, .T. ) ;
#129 = DIRECTION ( 'NONE',  ( 1.000000000000000000, 0.0000000000000000000, -0.0000000000000000000 ) ) ;
#130 = EDGE_LOOP ( 'NONE', ( #9661, #6511, #5614, #4701 ) ) ;
#131 = EDGE_CURVE ( 'NONE', #12250, #11524, #357, .T. ) ;
#132 = EDGE_LOOP ( 'NONE', ( #128, #133, #2308, #6330 ) ) ;
#133 = ORIENTED_EDGE ( 'NONE', *, *, #10413, .F. ) ;
#134 = CIRCLE ( 'NONE', #655, 0.1999999999999998700 ) ;
#135 = LINE ( 'NONE', #3902, #10767 ) ;
#136 = VECTOR ( 'NONE', #1654, 1000.000000000000000 ) ;
#137 = ORIENTED_EDGE ( 'NONE', *, *, #7885, .T. ) ;
#138 = DIRECTION ( 'NONE',  ( -1.000000000000000000, -0.0000000000000000000, -0.0000000000000000000 ) ) ;
#139 = ORIENTED_EDGE ( 'NONE', *, *, #9277, .T. ) ;
#140 = EDGE_LOOP ( 'NONE', ( #7995, #6183, #5461, #4838 ) ) ;
#141 = DIRECTION ( 'NONE',  ( -0.5773502691896257300, 0.5773502691896257300, 0.5773502691896257300 ) ) ;
#142 = MECHANICAL_DESIGN_GEOMETRIC_PRESENTATION_REPRESENTATION (  '', ( #10789 ), #813 ) ;
#143 = DIRECTION ( 'NONE',  ( 1.000000000000000000, 0.0000000000000000000, 0.0000000000000000000 ) ) ;
#144 = EDGE_CURVE ( 'NONE', #9148, #4823, #10371, .T. ) ;
#145 = DIRECTION ( 'NONE',  ( 1.000000000000000000, 0.0000000000000000000, 0.0000000000000000000 ) ) ;
#146 = CARTESIAN_POINT ( 'NONE',  ( -2.660000000000000100, 2.000000000000000000, 1.775000000000001500 ) ) ;
#147 = CARTESIAN_POINT ( 'NONE',  ( 2.660000000000000100, 2.000000000000000000, 1.774999999999999700 ) ) ;
#148 = VECTOR ( 'NONE', #9396, 1000.000000000000000 ) ;
#149 = EDGE_CURVE ( 'NONE', #10688, #85, #5290, .T. ) ;
#150 = EDGE_CURVE ( 'NONE', #12484, #7156, #10669, .T. ) ;
#151 = CARTESIAN_POINT ( 'NONE',  ( -2.339999999999999900, 2.000000000000000000, 1.375000000000001600 ) ) ;
#153 = VERTEX_POINT ( 'NONE', #7278 ) ;
#152 =( LENGTH_UNIT ( ) NAMED_UNIT ( * ) SI_UNIT ( .MILLI., .METRE. ) );
#154 = CARTESIAN_POINT ( 'NONE',  ( 1.409999999999999700, 2.299999999999999400, 0.2000000000000025400 ) ) ;
#155 = SURFACE_SIDE_STYLE ('',( #292 ) ) ;
#156 = ADVANCED_FACE ( 'NONE', ( #8808 ), #7358, .F. ) ;
#157 = DIRECTION ( 'NONE',  ( 0.0000000000000000000, -0.7071067811865459100, -0.7071067811865491300 ) ) ;
#158 = FILL_AREA_STYLE_COLOUR ( '', #4792 ) ;
#159 = CARTESIAN_POINT ( 'NONE',  ( 0.0000000000000000000, 2.100000000000000100, 0.0000000000000000000 ) ) ;
#160 = PRESENTATION_LAYER_ASSIGNMENT (  '', '', ( #12088 ) ) ;
#161 = DIRECTION ( 'NONE',  ( 0.0000000000000000000, -1.000000000000000000, 0.0000000000000000000 ) ) ;
#162 = FACE_OUTER_BOUND ( 'NONE', #6048, .T. ) ;
#163 = EDGE_CURVE ( 'NONE', #5639, #9110, #6278, .T. ) ;
#164 = ORIENTED_EDGE ( 'NONE', *, *, #7102, .T. ) ;
#165 =( GEOMETRIC_REPRESENTATION_CONTEXT ( 3 ) GLOBAL_UNCERTAINTY_ASSIGNED_CONTEXT ( ( #5615 ) ) GLOBAL_UNIT_ASSIGNED_CONTEXT ( ( #1420, #8254, #2430 ) ) REPRESENTATION_CONTEXT ( 'NONE', 'WORKASPACE' ) );
#166 = ORIENTED_EDGE ( 'NONE', *, *, #4134, .F. ) ;
#167 = PLANE ( 'NONE',  #11376 ) ;
#168 = PLANE ( 'NONE',  #11125 ) ;
#169 = CARTESIAN_POINT ( 'NONE',  ( 3.400000000000002100, 0.8500000000000000900, 0.5999999999999966500 ) ) ;
#170 = EDGE_CURVE ( 'NONE', #8215, #1161, #11013, .T. ) ;
#171 = FACE_OUTER_BOUND ( 'NONE', #8897, .T. ) ;
#172 = DIRECTION ( 'NONE',  ( -0.0000000000000000000, -1.000000000000000000, -0.0000000000000000000 ) ) ;
#173 =( NAMED_UNIT ( * ) PLANE_ANGLE_UNIT ( ) SI_UNIT ( $, .RADIAN. ) );
#174 = LINE ( 'NONE', #7498, #4820 ) ;
#175 = ORIENTED_EDGE ( 'NONE', *, *, #2291, .F. ) ;
#176 = ORIENTED_EDGE ( 'NONE', *, *, #5910, .F. ) ;
#177 = PRESENTATION_LAYER_ASSIGNMENT (  '', '', ( #11449 ) ) ;
#178 = PLANE ( 'NONE',  #1298 ) ;
#179 = VECTOR ( 'NONE', #8454, 1000.000000000000000 ) ;
#180 = PRESENTATION_STYLE_ASSIGNMENT (( #3340 ) ) ;
#181 = AXIS2_PLACEMENT_3D ( 'NONE', #792, #7630, #1766 ) ;
#182 = PLANE ( 'NONE',  #89 ) ;
#183 = FILL_AREA_STYLE ('',( #5 ) ) ;
#185 = FACE_OUTER_BOUND ( 'NONE', #9091, .T. ) ;
#184 = CARTESIAN_POINT ( 'NONE',  ( 2.660000000000000100, -1.400000000000000100, 1.524999999999998100 ) ) ;
#186 = CARTESIAN_POINT ( 'NONE',  ( -3.400000000000002100, 0.8500000000000000900, 0.5999999999999966500 ) ) ;
#187 = ORIENTED_EDGE ( 'NONE', *, *, #2150, .F. ) ;
#188 = CARTESIAN_POINT ( 'NONE',  ( -3.700000000000002000, 0.8500000000000000900, 1.399999999999996800 ) ) ;
#189 = ORIENTED_EDGE ( 'NONE', *, *, #1725, .T. ) ;
#190 = CARTESIAN_POINT ( 'NONE',  ( -2.550000000000000300, -1.400000000000000100, 1.124999999999998900 ) ) ;
#191 = EDGE_CURVE ( 'NONE', #495, #11640, #1025, .T. ) ;
#192 = DIRECTION ( 'NONE',  ( -1.000000000000000000, 0.0000000000000000000, 0.0000000000000000000 ) ) ;
#193 = DIRECTION ( 'NONE',  ( 0.0000000000000000000, 1.000000000000000000, 0.0000000000000000000 ) ) ;
#194 = CARTESIAN_POINT ( 'NONE',  ( -1.090000000000000100, 1.500000000000000000, 1.775000000000001700 ) ) ;
#195 = FACE_OUTER_BOUND ( 'NONE', #10227, .T. ) ;
#196 = CARTESIAN_POINT ( 'NONE',  ( -4.000000000000000000, 1.500000000000000400, 2.899999999999997700 ) ) ;
#197 = FILL_AREA_STYLE ('',( #7057 ) ) ;
#198 = EDGE_LOOP ( 'NONE', ( #2082, #5357, #88, #8498, #3237, #7773, #4931, #5218, #5812, #3274, #12446, #6212 ) ) ;
#199 = DIRECTION ( 'NONE',  ( 0.0000000000000000000, 0.0000000000000000000, 1.000000000000000000 ) ) ;
#200 = VERTEX_POINT ( 'NONE', #7864 ) ;
#201 = CARTESIAN_POINT ( 'NONE',  ( -4.575000000000002000, 1.099999999999999600, 1.155000000000000000 ) ) ;
#202 = LINE ( 'NONE', #11108, #10827 ) ;
#203 = CARTESIAN_POINT ( 'NONE',  ( -1.090000000000000100, 1.500000000000000000, 0.9499999999999982900 ) ) ;
#204 = DIRECTION ( 'NONE',  ( 0.0000000000000000000, 0.0000000000000000000, -1.000000000000000000 ) ) ;
#205 = EDGE_CURVE ( 'NONE', #7719, #3805, #10739, .T. ) ;
#206 = CARTESIAN_POINT ( 'NONE',  ( -4.475000000000001400, 0.8999999999999973600, 0.2999999999999975500 ) ) ;
#207 = DIRECTION ( 'NONE',  ( 1.000000000000000000, -2.710505431213760100E-016, 0.0000000000000000000 ) ) ;
#208 = VERTEX_POINT ( 'NONE', #7930 ) ;
#209 = MECHANICAL_DESIGN_GEOMETRIC_PRESENTATION_REPRESENTATION (  '', ( #10850 ), #878 ) ;
#210 = VECTOR ( 'NONE', #8287, 1000.000000000000000 ) ;
#211 = ADVANCED_FACE ( 'NONE', ( #5964 ), #8036, .F. ) ;
#212 = VECTOR ( 'NONE', #1259, 1000.000000000000000 ) ;
#213 = CARTESIAN_POINT ( 'NONE',  ( -4.235000000000002100, 0.8999999999999991300, 0.4899999999999967200 ) ) ;
#214 = CARTESIAN_POINT ( 'NONE',  ( -1.409999999999999900, 1.500000000000000000, 1.775000000000001700 ) ) ;
#215 = EDGE_CURVE ( 'NONE', #10076, #1818, #3051, .T. ) ;
#216 = ORIENTED_EDGE ( 'NONE', *, *, #2560, .T. ) ;
#217 = DIRECTION ( 'NONE',  ( 1.000000000000000000, 0.0000000000000000000, 0.0000000000000000000 ) ) ;
#218 = STYLED_ITEM ( 'NONE', ( #8637 ), #3924 ) ;
#219 = FACE_OUTER_BOUND ( 'NONE', #11201, .T. ) ;
#220 = CARTESIAN_POINT ( 'NONE',  ( -2.660000000000000100, 1.500000000000000000, 0.9499999999999982900 ) ) ;
#221 = COLOUR_RGB ( '',0.8000000000000000400, 0.8078431372549019800, 0.8000000000000000400 ) ;
#222 = LINE ( 'NONE', #7786, #5174 ) ;
#223 = MECHANICAL_DESIGN_GEOMETRIC_PRESENTATION_REPRESENTATION (  '', ( #10868 ), #900 ) ;
#224 = CARTESIAN_POINT ( 'NONE',  ( 1.409999999999999700, 1.500000000000000000, 0.8750000000000017800 ) ) ;
#225 = CLOSED_SHELL ( 'NONE', ( #5456, #10, #8423, #8031, #10390, #10018, #11393, #11009, #1811, #7573, #12259, #10771, #5522, #4177, #6586, #10939, #8545, #362, #522, #6525, #11435, #2942, #9967, #2422 ) ) ;
#226 = UNCERTAINTY_MEASURE_WITH_UNIT (LENGTH_MEASURE( 1.000000000000000100E-005 ), #7667, 'distance_accuracy_value', 'NONE');
#227 = EDGE_CURVE ( 'NONE', #5137, #2181, #5661, .T. ) ;
#228 = CARTESIAN_POINT ( 'NONE',  ( 2.339999999999999900, 3.099999999999999600, 0.2000000000000018700 ) ) ;
#229 = DIRECTION ( 'NONE',  ( -2.710505431213760100E-016, -1.000000000000000000, 8.265194654219205800E-032 ) ) ;
#230 = PRESENTATION_LAYER_ASSIGNMENT (  '', '', ( #11512 ) ) ;
#231 = ORIENTED_EDGE ( 'NONE', *, *, #10072, .F. ) ;
#232 = ORIENTED_EDGE ( 'NONE', *, *, #6106, .T. ) ;
#233 = FACE_OUTER_BOUND ( 'NONE', #1012, .T. ) ;
#234 = DIRECTION ( 'NONE',  ( -1.000000000000000000, -0.0000000000000000000, -0.0000000000000000000 ) ) ;
#235 = CARTESIAN_POINT ( 'NONE',  ( 2.660000000000000100, 2.499999999999999600, 1.734723475976807100E-015 ) ) ;
#236 = ORIENTED_EDGE ( 'NONE', *, *, #4344, .F. ) ;
#237 = LINE ( 'NONE', #3241, #8938 ) ;
#238 = LINE ( 'NONE', #7704, #10274 ) ;
#239 = EDGE_CURVE ( 'NONE', #9248, #7695, #425, .T. ) ;
#240 = VERTEX_POINT ( 'NONE', #8447 ) ;
#241 = DIRECTION ( 'NONE',  ( -1.000000000000000000, 2.990902544787601500E-016, 3.049318610115481200E-016 ) ) ;
#242 = MECHANICAL_DESIGN_GEOMETRIC_PRESENTATION_REPRESENTATION (  '', ( #10882 ), #915 ) ;
#243 = EDGE_LOOP ( 'NONE', ( #11229, #3270, #6216, #8754 ) ) ;
#244 = ORIENTED_EDGE ( 'NONE', *, *, #560, .F. ) ;
#245 = SURFACE_STYLE_FILL_AREA ( #6264 ) ;
#246 = CARTESIAN_POINT ( 'NONE',  ( 0.1599999999999999800, 1.500000000000000000, 0.9499999999999982900 ) ) ;
#247 = ORIENTED_EDGE ( 'NONE', *, *, #12121, .F. ) ;
#248 = VECTOR ( 'NONE', #12510, 1000.000000000000000 ) ;
#249 = ORIENTED_EDGE ( 'NONE', *, *, #7739, .T. ) ;
#250 = DIRECTION ( 'NONE',  ( -0.7071067811865444600, -0.7071067811865505700, 0.0000000000000000000 ) ) ;
#251 = DIRECTION ( 'NONE',  ( -1.000000000000000000, -0.0000000000000000000, -0.0000000000000000000 ) ) ;
#252 = AXIS2_PLACEMENT_3D ( 'NONE', #2144, #4126, #10829 ) ;
#253 = DIRECTION ( 'NONE',  ( 3.051828337366604500E-016, -0.0000000000000000000, 1.000000000000000000 ) ) ;
#254 = DIRECTION ( 'NONE',  ( -1.000000000000000000, 0.0000000000000000000, 0.0000000000000000000 ) ) ;
#255 = LINE ( 'NONE', #12048, #2883 ) ;
#256 = LINE ( 'NONE', #224, #9695 ) ;
#257 = LINE ( 'NONE', #856, #5501 ) ;
#258 = VECTOR ( 'NONE', #4513, 1000.000000000000000 ) ;
#259 = MECHANICAL_DESIGN_GEOMETRIC_PRESENTATION_REPRESENTATION (  '', ( #10891 ), #923 ) ;
#260 = FACE_OUTER_BOUND ( 'NONE', #3520, .T. ) ;
#261 = CARTESIAN_POINT ( 'NONE',  ( -1.090000000000000100, 0.8500000000000000900, 0.9499999999999998400 ) ) ;
#262 = ORIENTED_EDGE ( 'NONE', *, *, #4132, .T. ) ;
#263 = VECTOR ( 'NONE', #3568, 1000.000000000000000 ) ;
#264 = ORIENTED_EDGE ( 'NONE', *, *, #3046, .T. ) ;
#265 = DIRECTION ( 'NONE',  ( 1.000000000000000000, 0.0000000000000000000, 0.0000000000000000000 ) ) ;
#266 = DIRECTION ( 'NONE',  ( -0.0000000000000000000, 1.000000000000000000, -0.0000000000000000000 ) ) ;
#267 = LINE ( 'NONE', #3712, #12520 ) ;
#268 = PLANE ( 'NONE',  #7327 ) ;
#269 = ORIENTED_EDGE ( 'NONE', *, *, #48, .F. ) ;
#270 = CARTESIAN_POINT ( 'NONE',  ( -1.000000000000000700, 1.500000000000000400, 2.899999999999997700 ) ) ;
#271 = ORIENTED_EDGE ( 'NONE', *, *, #3055, .T. ) ;
#272 = MECHANICAL_DESIGN_GEOMETRIC_PRESENTATION_REPRESENTATION (  '', ( #10901 ), #938 ) ;
#273 = ORIENTED_EDGE ( 'NONE', *, *, #8800, .T. ) ;
#274 = PRESENTATION_STYLE_ASSIGNMENT (( #10500 ) ) ;
#275 = DIRECTION ( 'NONE',  ( 1.000000000000000000, -0.0000000000000000000, -3.252606517456510300E-016 ) ) ;
#276 = DIRECTION ( 'NONE',  ( 0.0000000000000000000, 0.3303504247281046600, 0.9438583563660178900 ) ) ;
#277 = DIRECTION ( 'NONE',  ( 0.0000000000000000000, 0.0000000000000000000, -1.000000000000000000 ) ) ;
#278 = EDGE_LOOP ( 'NONE', ( #5655, #10812, #10266, #9840, #1931 ) ) ;
#279 = ORIENTED_EDGE ( 'NONE', *, *, #8281, .F. ) ;
#280 = DIRECTION ( 'NONE',  ( 0.0000000000000000000, 0.0000000000000000000, 1.000000000000000000 ) ) ;
#281 = DIRECTION ( 'NONE',  ( 0.0000000000000000000, 0.0000000000000000000, 1.000000000000000000 ) ) ;
#282 = VECTOR ( 'NONE', #11902, 1000.000000000000000 ) ;
#283 = PLANE ( 'NONE',  #1988 ) ;
#284 = ORIENTED_EDGE ( 'NONE', *, *, #5611, .T. ) ;
#285 = VECTOR ( 'NONE', #3102, 999.9999999999998900 ) ;
#286 = CARTESIAN_POINT ( 'NONE',  ( -1.090000000000000100, 2.799999999999999800, 1.225000000000001900 ) ) ;
#287 = ORIENTED_EDGE ( 'NONE', *, *, #7532, .F. ) ;
#288 = CARTESIAN_POINT ( 'NONE',  ( 2.249999999999999100, 2.100000000000000100, 3.399999999999997700 ) ) ;
#289 = EDGE_CURVE ( 'NONE', #2663, #12427, #11324, .T. ) ;
#290 = ADVANCED_FACE ( 'NONE', ( #7909 ), #8591, .F. ) ;
#291 = DIRECTION ( 'NONE',  ( -1.000000000000000000, -0.0000000000000000000, -0.0000000000000000000 ) ) ;
#292 = SURFACE_STYLE_FILL_AREA ( #6049 ) ;
#293 = CARTESIAN_POINT ( 'NONE',  ( -3.400000000000002600, -1.800000000000000500, 2.299999999999996300 ) ) ;
#294 = DIRECTION ( 'NONE',  ( -1.000000000000000000, 0.0000000000000000000, 3.252606517456518700E-016 ) ) ;
#295 = LINE ( 'NONE', #3798, #5238 ) ;
#296 = ORIENTED_EDGE ( 'NONE', *, *, #804, .T. ) ;
#297 = ORIENTED_EDGE ( 'NONE', *, *, #6959, .T. ) ;
#298 = EDGE_CURVE ( 'NONE', #1256, #7322, #2745, .T. ) ;
#299 =( GEOMETRIC_REPRESENTATION_CONTEXT ( 3 ) GLOBAL_UNCERTAINTY_ASSIGNED_CONTEXT ( ( #7129 ) ) GLOBAL_UNIT_ASSIGNED_CONTEXT ( ( #6324, #424, #7256 ) ) REPRESENTATION_CONTEXT ( 'NONE', 'WORKASPACE' ) );
#300 = COLOUR_RGB ( '',0.8000000000000000400, 0.8078431372549019800, 0.8000000000000000400 ) ;
#301 = DIRECTION ( 'NONE',  ( -1.000000000000000000, -0.0000000000000000000, -0.0000000000000000000 ) ) ;
#302 = ORIENTED_EDGE ( 'NONE', *, *, #7087, .T. ) ;
#303 = VERTEX_POINT ( 'NONE', #8551 ) ;
#304 = CARTESIAN_POINT ( 'NONE',  ( 5.700000000000001100, -1.100000000000000500, 1.084202172485504400E-016 ) ) ;
#305 = LINE ( 'NONE', #4983, #4322 ) ;
#306 = CARTESIAN_POINT ( 'NONE',  ( 3.300000000000001600, 2.100000000000000100, -2.222614453595284100E-015 ) ) ;
#307 = CARTESIAN_POINT ( 'NONE',  ( -2.339999999999999900, 2.799999999999999800, 1.225000000000001900 ) ) ;
#308 = CARTESIAN_POINT ( 'NONE',  ( 4.044999999999999000, 1.090000000000001900, 0.2999999999999976000 ) ) ;
#309 = SURFACE_STYLE_FILL_AREA ( #5180 ) ;
#310 = LINE ( 'NONE', #1669, #2624 ) ;
#311 = CARTESIAN_POINT ( 'NONE',  ( 2.249999999999999100, 1.500000000000000400, 2.899999999999997700 ) ) ;
#312 = VERTEX_POINT ( 'NONE', #9162 ) ;
#313 = ORIENTED_EDGE ( 'NONE', *, *, #326, .F. ) ;
#314 = EDGE_CURVE ( 'NONE', #10091, #4926, #7606, .T. ) ;
#315 = CARTESIAN_POINT ( 'NONE',  ( -5.087500000000004800, -1.512500000000000200, 1.123868105625277900E-017 ) ) ;
#316 = LINE ( 'NONE', #7509, #10640 ) ;
#317 = VECTOR ( 'NONE', #7853, 1000.000000000000100 ) ;
#318 = DIRECTION ( 'NONE',  ( -1.000000000000000000, -0.0000000000000000000, -0.0000000000000000000 ) ) ;
#319 = LINE ( 'NONE', #8952, #2949 ) ;
#320 = CARTESIAN_POINT ( 'NONE',  ( -2.339999999999999900, 1.500000000000000000, 1.775000000000001700 ) ) ;
#321 = UNCERTAINTY_MEASURE_WITH_UNIT (LENGTH_MEASURE( 1.000000000000000100E-005 ), #10460, 'distance_accuracy_value', 'NONE');
#322 = VERTEX_POINT ( 'NONE', #9522 ) ;
#323 = PRESENTATION_LAYER_ASSIGNMENT (  '', '', ( #11581 ) ) ;
#324 =( NAMED_UNIT ( * ) SI_UNIT ( $, .STERADIAN. ) SOLID_ANGLE_UNIT ( ) );
#325 = EDGE_LOOP ( 'NONE', ( #3217, #6903, #80, #284 ) ) ;
#326 = EDGE_CURVE ( 'NONE', #7198, #957, #10140, .T. ) ;
#327 = ORIENTED_EDGE ( 'NONE', *, *, #3621, .T. ) ;
#328 = CARTESIAN_POINT ( 'NONE',  ( -1.090000000000000100, 2.099999999999999600, 0.8750000000000017800 ) ) ;
#329 = PLANE ( 'NONE',  #4661 ) ;
#330 = VECTOR ( 'NONE', #11919, 1000.000000000000000 ) ;
#331 = FILL_AREA_STYLE_COLOUR ( '', #6684 ) ;
#332 = DIRECTION ( 'NONE',  ( 0.0000000000000000000, -0.0000000000000000000, 1.000000000000000000 ) ) ;
#333 = SURFACE_STYLE_FILL_AREA ( #10577 ) ;
#334 = EDGE_CURVE ( 'NONE', #7318, #4382, #9851, .T. ) ;
#335 = EDGE_CURVE ( 'NONE', #3713, #3336, #4760, .T. ) ;
#336 = MECHANICAL_DESIGN_GEOMETRIC_PRESENTATION_REPRESENTATION (  '', ( #10948 ), #982 ) ;
#337 =( LENGTH_UNIT ( ) NAMED_UNIT ( * ) SI_UNIT ( .MILLI., .METRE. ) );
#338 = EDGE_LOOP ( 'NONE', ( #6779, #6190, #10942, #10064 ) ) ;
#339 = UNCERTAINTY_MEASURE_WITH_UNIT (LENGTH_MEASURE( 1.000000000000000100E-005 ), #12279, 'distance_accuracy_value', 'NONE');
#340 = CARTESIAN_POINT ( 'NONE',  ( -1.090000000000000100, 1.500000000000000000, 0.9499999999999982900 ) ) ;
#341 = ORIENTED_EDGE ( 'NONE', *, *, #6377, .F. ) ;
#342 = FILL_AREA_STYLE ('',( #9059 ) ) ;
#343 = PRESENTATION_LAYER_ASSIGNMENT (  '', '', ( #6984 ) ) ;
#344 = VECTOR ( 'NONE', #9929, 999.9999999999998900 ) ;
#345 = DIRECTION ( 'NONE',  ( -1.000000000000000000, 0.0000000000000000000, -0.0000000000000000000 ) ) ;
#346 = AXIS2_PLACEMENT_3D ( 'NONE', #6021, #118, #6971 ) ;
#347 = ADVANCED_FACE ( 'NONE', ( #2125 ), #10442, .F. ) ;
#348 = CARTESIAN_POINT ( 'NONE',  ( 2.660000000000000100, 1.500000000000000000, 1.775000000000001700 ) ) ;
#349 = ORIENTED_EDGE ( 'NONE', *, *, #11319, .F. ) ;
#350 = ORIENTED_EDGE ( 'NONE', *, *, #6615, .F. ) ;
#351 =( NAMED_UNIT ( * ) SI_UNIT ( $, .STERADIAN. ) SOLID_ANGLE_UNIT ( ) );
#352 =( NAMED_UNIT ( * ) PLANE_ANGLE_UNIT ( ) SI_UNIT ( $, .RADIAN. ) );
#353 = DIRECTION ( 'NONE',  ( 0.0000000000000000000, 0.0000000000000000000, 1.000000000000000000 ) ) ;
#354 = DIRECTION ( 'NONE',  ( -1.000000000000000000, -0.0000000000000000000, -0.0000000000000000000 ) ) ;
#355 = AXIS2_PLACEMENT_3D ( 'NONE', #9280, #9375, #9401 ) ;
#356 = CARTESIAN_POINT ( 'NONE',  ( 2.660000000000000100, 1.500000000000000000, 1.699999999999998800 ) ) ;
#357 = LINE ( 'NONE', #5608, #7834 ) ;
#358 = VECTOR ( 'NONE', #7565, 1000.000000000000000 ) ;
#359 = FACE_OUTER_BOUND ( 'NONE', #7378, .T. ) ;
#360 = DIRECTION ( 'NONE',  ( -0.0000000000000000000, 1.000000000000000000, 0.0000000000000000000 ) ) ;
#361 = LINE ( 'NONE', #11614, #2366 ) ;
#362 = ADVANCED_FACE ( 'NONE', ( #11168 ), #11865, .F. ) ;
#363 = CARTESIAN_POINT ( 'NONE',  ( 1.409999999999999700, 2.499999999999999600, 1.734723475976807100E-015 ) ) ;
#364 = ORIENTED_EDGE ( 'NONE', *, *, #737, .F. ) ;
#365 = VERTEX_POINT ( 'NONE', #10408 ) ;
#366 = DIRECTION ( 'NONE',  ( -1.000000000000000000, -0.0000000000000000000, -0.0000000000000000000 ) ) ;
#367 = CARTESIAN_POINT ( 'NONE',  ( 1.409999999999999700, 0.8500000000000000900, 1.700000000000000000 ) ) ;
#368 = DIRECTION ( 'NONE',  ( 0.0000000000000000000, 0.0000000000000000000, -1.000000000000000000 ) ) ;
#369 = DIRECTION ( 'NONE',  ( 0.0000000000000000000, 0.0000000000000000000, -1.000000000000000000 ) ) ;
#370 = ORIENTED_EDGE ( 'NONE', *, *, #4432, .F. ) ;
#371 = PLANE ( 'NONE',  #6816 ) ;
#372 = VECTOR ( 'NONE', #3971, 1000.000000000000000 ) ;
#373 = EDGE_CURVE ( 'NONE', #9685, #5360, #10284, .T. ) ;
#374 = VERTEX_POINT ( 'NONE', #11496 ) ;
#375 = VERTEX_POINT ( 'NONE', #47 ) ;
#376 = DIRECTION ( 'NONE',  ( -1.000000000000000000, 0.0000000000000000000, 3.051828337366604500E-016 ) ) ;
#377 = AXIS2_PLACEMENT_3D ( 'NONE', #9345, #5527, #12197 ) ;
#378 = CARTESIAN_POINT ( 'NONE',  ( -1.500000000000001100, 1.500000000000000400, 2.899999999999997700 ) ) ;
#379 = PLANE ( 'NONE',  #2296 ) ;
#380 =( NAMED_UNIT ( * ) SI_UNIT ( $, .STERADIAN. ) SOLID_ANGLE_UNIT ( ) );
#381 = CARTESIAN_POINT ( 'NONE',  ( 1.409999999999999700, -1.400000000000000100, 0.9499999999999981800 ) ) ;
#382 = ORIENTED_EDGE ( 'NONE', *, *, #4392, .T. ) ;
#383 =( NAMED_UNIT ( * ) SI_UNIT ( $, .STERADIAN. ) SOLID_ANGLE_UNIT ( ) );
#384 = ORIENTED_EDGE ( 'NONE', *, *, #10946, .F. ) ;
#385 = EDGE_CURVE ( 'NONE', #2485, #12074, #5195, .T. ) ;
#386 =( NAMED_UNIT ( * ) PLANE_ANGLE_UNIT ( ) SI_UNIT ( $, .RADIAN. ) );
#387 = FACE_OUTER_BOUND ( 'NONE', #2590, .T. ) ;
#388 = DIRECTION ( 'NONE',  ( 0.0000000000000000000, -0.0000000000000000000, 1.000000000000000000 ) ) ;
#389 = CARTESIAN_POINT ( 'NONE',  ( 0.1599999999999999800, 2.799999999999999800, 1.225000000000001900 ) ) ;
#390 = LINE ( 'NONE', #5101, #66 ) ;
#391 = AXIS2_PLACEMENT_3D ( 'NONE', #6319, #6395, #6400 ) ;
#392 = CARTESIAN_POINT ( 'NONE',  ( -5.700000000000001100, 0.9000000000000003600, 1.084202172485504400E-016 ) ) ;
#393 = ORIENTED_EDGE ( 'NONE', *, *, #9202, .F. ) ;
#394 = EDGE_CURVE ( 'NONE', #10001, #10587, #12506, .T. ) ;
#395 = SHAPE_DEFINITION_REPRESENTATION ( #6193, #4443 ) ;
#396 = VECTOR ( 'NONE', #2584, 1000.000000000000000 ) ;
#397 = DIRECTION ( 'NONE',  ( -1.000000000000000000, -0.0000000000000000000, 3.049318610115479700E-016 ) ) ;
#398 = FACE_OUTER_BOUND ( 'NONE', #8079, .T. ) ;
#399 = ORIENTED_EDGE ( 'NONE', *, *, #3306, .T. ) ;
#400 = EDGE_CURVE ( 'NONE', #6253, #4152, #7747, .T. ) ;
#401 = VECTOR ( 'NONE', #1580, 1000.000000000000000 ) ;
#402 = EDGE_CURVE ( 'NONE', #10571, #11960, #7446, .T. ) ;
#403 = PLANE ( 'NONE',  #6540 ) ;
#404 = ORIENTED_EDGE ( 'NONE', *, *, #7831, .F. ) ;
#405 = UNCERTAINTY_MEASURE_WITH_UNIT (LENGTH_MEASURE( 1.000000000000000100E-005 ), #1597, 'distance_accuracy_value', 'NONE');
#406 = ADVANCED_FACE ( 'NONE', ( #2275 ), #167, .T. ) ;
#407 = DIRECTION ( 'NONE',  ( 0.9766444667050906400, 0.2148617826751166900, 0.0000000000000000000 ) ) ;
#408 = CARTESIAN_POINT ( 'NONE',  ( -2.750000000000001300, 2.100000000000000100, 3.399999999999997700 ) ) ;
#409 = ORIENTED_EDGE ( 'NONE', *, *, #8778, .T. ) ;
#410 = ORIENTED_EDGE ( 'NONE', *, *, #7118, .F. ) ;
#411 = DIRECTION ( 'NONE',  ( -1.000000000000000000, -0.0000000000000000000, -0.0000000000000000000 ) ) ;
#412 = CARTESIAN_POINT ( 'NONE',  ( 0.1599999999999999800, -1.400000000000000100, 1.699999999999998400 ) ) ;
#413 = FACE_OUTER_BOUND ( 'NONE', #2931, .T. ) ;
#414 = SURFACE_STYLE_FILL_AREA ( #1095 ) ;
#415 = COLOUR_RGB ( '',0.8000000000000000400, 0.8078431372549019800, 0.8000000000000000400 ) ;
#416 = AXIS2_PLACEMENT_3D ( 'NONE', #8750, #8126, #5480 ) ;
#417 = EDGE_CURVE ( 'NONE', #7631, #1366, #256, .T. ) ;
#418 = DIRECTION ( 'NONE',  ( -0.0000000000000000000, -0.0000000000000000000, -1.000000000000000000 ) ) ;
#419 = VECTOR ( 'NONE', #11153, 1000.000000000000000 ) ;
#420 = STYLED_ITEM ( 'NONE', ( #12337 ), #9292 ) ;
#421 = ADVANCED_FACE ( 'NONE', ( #11908 ), #182, .F. ) ;
#422 = ORIENTED_EDGE ( 'NONE', *, *, #6981, .T. ) ;
#423 = EDGE_CURVE ( 'NONE', #3635, #11624, #4594, .T. ) ;
#424 =( NAMED_UNIT ( * ) PLANE_ANGLE_UNIT ( ) SI_UNIT ( $, .RADIAN. ) );
#425 = LINE ( 'NONE', #8404, #5365 ) ;
#426 =( GEOMETRIC_REPRESENTATION_CONTEXT ( 3 ) GLOBAL_UNCERTAINTY_ASSIGNED_CONTEXT ( ( #3909 ) ) GLOBAL_UNIT_ASSIGNED_CONTEXT ( ( #681, #386, #351 ) ) REPRESENTATION_CONTEXT ( 'NONE', 'WORKASPACE' ) );
#427 = PLANE ( 'NONE',  #9448 ) ;
#428 = LINE ( 'NONE', #2072, #10147 ) ;
#429 = PRESENTATION_LAYER_ASSIGNMENT (  '', '', ( #11694 ) ) ;
#430 = CARTESIAN_POINT ( 'NONE',  ( -4.995000000000001900, -1.100000000000000500, 1.255000000000000100 ) ) ;
#431 = DIRECTION ( 'NONE',  ( 0.7071067811865443500, 0.0000000000000000000, -0.7071067811865506800 ) ) ;
#432 = VECTOR ( 'NONE', #2355, 1000.000000000000000 ) ;
#433 = VERTEX_POINT ( 'NONE', #2000 ) ;
#434 = SURFACE_SIDE_STYLE ('',( #7106 ) ) ;
#435 = DIRECTION ( 'NONE',  ( -0.0000000000000000000, 0.0000000000000000000, -1.000000000000000000 ) ) ;
#436 =( GEOMETRIC_REPRESENTATION_CONTEXT ( 3 ) GLOBAL_UNCERTAINTY_ASSIGNED_CONTEXT ( ( #631 ) ) GLOBAL_UNIT_ASSIGNED_CONTEXT ( ( #525, #7382, #1527 ) ) REPRESENTATION_CONTEXT ( 'NONE', 'WORKASPACE' ) );
#437 = EDGE_LOOP ( 'NONE', ( #864, #7505, #9502, #2574 ) ) ;
#438 = COLOUR_RGB ( '',0.8000000000000000400, 0.8078431372549019800, 0.8000000000000000400 ) ;
#439 = CARTESIAN_POINT ( 'NONE',  ( 2.339999999999999900, 0.8500000000000000900, 0.9499999999999998400 ) ) ;
#440 = EDGE_CURVE ( 'NONE', #9974, #5945, #4276, .T. ) ;
#441 = VERTEX_POINT ( 'NONE', #442 ) ;
#442 = CARTESIAN_POINT ( 'NONE',  ( -0.1599999999999999800, 1.500000000000000000, 1.699999999999998800 ) ) ;
#443 = DIRECTION ( 'NONE',  ( 0.0000000000000000000, -1.000000000000000000, 0.0000000000000000000 ) ) ;
#444 = ORIENTED_EDGE ( 'NONE', *, *, #8508, .T. ) ;
#445 = DIRECTION ( 'NONE',  ( -1.000000000000000000, -0.0000000000000000000, 0.0000000000000000000 ) ) ;
#446 = MECHANICAL_DESIGN_GEOMETRIC_PRESENTATION_REPRESENTATION (  '', ( #11074 ), #1097 ) ;
#447 = ORIENTED_EDGE ( 'NONE', *, *, #1438, .T. ) ;
#448 = PLANE ( 'NONE',  #11928 ) ;
#449 = CARTESIAN_POINT ( 'NONE',  ( 0.1600000000000000300, 1.500000000000000000, 0.9499999999999998400 ) ) ;
#450 = PRESENTATION_STYLE_ASSIGNMENT (( #4162 ) ) ;
#451 =( NAMED_UNIT ( * ) SI_UNIT ( $, .STERADIAN. ) SOLID_ANGLE_UNIT ( ) );
#452 = ORIENTED_EDGE ( 'NONE', *, *, #9289, .F. ) ;
#453 = PRESENTATION_LAYER_ASSIGNMENT (  '', '', ( #11711 ) ) ;
#454 = LINE ( 'NONE', #6071, #10481 ) ;
#455 = VECTOR ( 'NONE', #10566, 1000.000000000000000 ) ;
#456 = LINE ( 'NONE', #4612, #136 ) ;
#457 = ORIENTED_EDGE ( 'NONE', *, *, #12556, .T. ) ;
#458 = DIRECTION ( 'NONE',  ( 1.000000000000000000, 0.0000000000000000000, 0.0000000000000000000 ) ) ;
#459 = PRESENTATION_STYLE_ASSIGNMENT (( #4794 ) ) ;
#460 = EDGE_CURVE ( 'NONE', #8578, #12423, #9398, .T. ) ;
#461 = ORIENTED_EDGE ( 'NONE', *, *, #6222, .F. ) ;
#462 = LINE ( 'NONE', #5706, #3095 ) ;
#463 = PLANE ( 'NONE',  #3624 ) ;
#464 = CARTESIAN_POINT ( 'NONE',  ( -1.500000000000000900, 1.500000000000000400, 3.399999999999997200 ) ) ;
#465 = PLANE ( 'NONE',  #4860 ) ;
#466 = ORIENTED_EDGE ( 'NONE', *, *, #6179, .T. ) ;
#467 = ADVANCED_FACE ( 'NONE', ( #9094 ), #510, .T. ) ;
#468 = STYLED_ITEM ( 'NONE', ( #4727 ), #4443 ) ;
#469 = ORIENTED_EDGE ( 'NONE', *, *, #2945, .F. ) ;
#470 = CARTESIAN_POINT ( 'NONE',  ( -1.090000000000000100, 2.099999999999999600, 0.6750000000000020400 ) ) ;
#471 = CARTESIAN_POINT ( 'NONE',  ( 1.325000000000000600, -0.6500000000000011300, 0.5999999999999967600 ) ) ;
#472 = DIRECTION ( 'NONE',  ( 0.0000000000000000000, 1.000000000000000000, -4.336808689942017700E-016 ) ) ;
#473 = COLOUR_RGB ( '',0.8000000000000000400, 0.8078431372549019800, 0.8000000000000000400 ) ;
#474 = CARTESIAN_POINT ( 'NONE',  ( 3.800000000000001200, -1.099999999999999900, -2.385244779468109800E-015 ) ) ;
#475 = FACE_OUTER_BOUND ( 'NONE', #8588, .T. ) ;
#476 = DIRECTION ( 'NONE',  ( 0.7071067811865473500, -0.7071067811865477900, 0.0000000000000000000 ) ) ;
#477 = PLANE ( 'NONE',  #1245 ) ;
#478 = EDGE_CURVE ( 'NONE', #7671, #10535, #6553, .T. ) ;
#479 = ORIENTED_EDGE ( 'NONE', *, *, #9940, .F. ) ;
#480 = EDGE_LOOP ( 'NONE', ( #791, #2847, #4883, #5492 ) ) ;
#481 = PRESENTATION_LAYER_ASSIGNMENT (  '', '', ( #11736 ) ) ;
#482 = ORIENTED_EDGE ( 'NONE', *, *, #11816, .F. ) ;
#483 = ADVANCED_FACE ( 'NONE', ( #1326 ), #741, .F. ) ;
#484 = CARTESIAN_POINT ( 'NONE',  ( -4.000000000000001800, -2.100000000000000100, 0.2000000000000000100 ) ) ;
#485 = VECTOR ( 'NONE', #11672, 1000.000000000000000 ) ;
#486 = CARTESIAN_POINT ( 'NONE',  ( 2.660000000000000100, 0.8500000000000000900, 0.9499999999999998400 ) ) ;
#487 = CARTESIAN_POINT ( 'NONE',  ( -4.995000000000001900, 1.099999999999999600, 1.255000000000000100 ) ) ;
#488 = DIRECTION ( 'NONE',  ( 1.000000000000000000, -0.0000000000000000000, -3.252606517456515800E-016 ) ) ;
#489 = PRESENTATION_LAYER_ASSIGNMENT (  '', '', ( #12394 ) ) ;
#491 = VECTOR ( 'NONE', #1600, 1000.000000000000000 ) ;
#490 = CARTESIAN_POINT ( 'NONE',  ( -4.995000000000001900, -1.100000000000000500, 1.504999999999999900 ) ) ;
#492 = EDGE_CURVE ( 'NONE', #4137, #550, #10434, .T. ) ;
#493 = ORIENTED_EDGE ( 'NONE', *, *, #12077, .F. ) ;
#494 = CARTESIAN_POINT ( 'NONE',  ( 1.409999999999999700, 2.000000000000000000, 1.775000000000001500 ) ) ;
#495 = VERTEX_POINT ( 'NONE', #1088 ) ;
#496 = CARTESIAN_POINT ( 'NONE',  ( 4.225000000000001400, 1.099999999999999600, 1.155000000000000000 ) ) ;
#497 = EDGE_CURVE ( 'NONE', #9247, #3892, #5353, .T. ) ;
#498 = LINE ( 'NONE', #4328, #10527 ) ;
#499 = VECTOR ( 'NONE', #10863, 1000.000000000000000 ) ;
#500 = ORIENTED_EDGE ( 'NONE', *, *, #3741, .F. ) ;
#501 = DIRECTION ( 'NONE',  ( 0.0000000000000000000, 0.7071067811865460200, 0.7071067811865490200 ) ) ;
#502 = ORIENTED_EDGE ( 'NONE', *, *, #10312, .T. ) ;
#503 =( GEOMETRIC_REPRESENTATION_CONTEXT ( 3 ) GLOBAL_UNCERTAINTY_ASSIGNED_CONTEXT ( ( #10293 ) ) GLOBAL_UNIT_ASSIGNED_CONTEXT ( ( #10635, #10589, #10471 ) ) REPRESENTATION_CONTEXT ( 'NONE', 'WORKASPACE' ) );
#504 = CARTESIAN_POINT ( 'NONE',  ( 1.409999999999999700, 3.099999999999999600, 0.2000000000000018700 ) ) ;
#505 = DIRECTION ( 'NONE',  ( 1.000000000000000000, -9.856383386231857600E-017, -2.956915015869557300E-016 ) ) ;
#506 = LINE ( 'NONE', #7420, #5743 ) ;
#507 = PRESENTATION_LAYER_ASSIGNMENT (  '', '', ( #11770 ) ) ;
#508 = DIRECTION ( 'NONE',  ( -1.000000000000000000, -0.0000000000000000000, -0.0000000000000000000 ) ) ;
#509 = CARTESIAN_POINT ( 'NONE',  ( -1.409999999999999900, 1.500000000000000000, 0.9499999999999998400 ) ) ;
#510 = PLANE ( 'NONE',  #1419 ) ;
#511 = DIRECTION ( 'NONE',  ( 0.9766444667050908600, -0.2148617826751159600, -0.0000000000000000000 ) ) ;
#512 = CARTESIAN_POINT ( 'NONE',  ( 1.325000000000000600, -0.6500000000000011300, 3.423118842698616800 ) ) ;
#513 =( NAMED_UNIT ( * ) SI_UNIT ( $, .STERADIAN. ) SOLID_ANGLE_UNIT ( ) );
#514 = DIRECTION ( 'NONE',  ( 0.0000000000000000000, -1.000000000000000000, -3.738628180984498200E-017 ) ) ;
#515 = ORIENTED_EDGE ( 'NONE', *, *, #10569, .F. ) ;
#516 = VECTOR ( 'NONE', #6738, 1000.000000000000000 ) ;
#517 = AXIS2_PLACEMENT_3D ( 'NONE', #7280, #4415, #11109 ) ;
#518 = CARTESIAN_POINT ( 'NONE',  ( -0.1599999999999999800, -0.8999999999999958000, 0.9499999999999981800 ) ) ;
#519 = CARTESIAN_POINT ( 'NONE',  ( -4.235000000000002100, -1.200000000000000400, 0.4899999999999967200 ) ) ;
#520 = VERTEX_POINT ( 'NONE', #1702 ) ;
#521 = DIRECTION ( 'NONE',  ( 0.0000000000000000000, 0.3303504247281046600, 0.9438583563660178900 ) ) ;
#522 = ADVANCED_FACE ( 'NONE', ( #5650 ), #1893, .T. ) ;
#523 = DIRECTION ( 'NONE',  ( -1.000000000000000000, -0.0000000000000000000, -0.0000000000000000000 ) ) ;
#524 = VECTOR ( 'NONE', #8050, 1000.000000000000000 ) ;
#525 =( LENGTH_UNIT ( ) NAMED_UNIT ( * ) SI_UNIT ( .MILLI., .METRE. ) );
#526 = DIRECTION ( 'NONE',  ( -0.7071067811865474600, -0.0000000000000000000, -0.7071067811865474600 ) ) ;
#527 = VECTOR ( 'NONE', #817, 1000.000000000000000 ) ;
#528 = EDGE_CURVE ( 'NONE', #11150, #11923, #11750, .T. ) ;
#529 = VERTEX_POINT ( 'NONE', #1519 ) ;
#530 = DIRECTION ( 'NONE',  ( -1.000000000000000000, -0.0000000000000000000, -0.0000000000000000000 ) ) ;
#531 =( GEOMETRIC_REPRESENTATION_CONTEXT ( 3 ) GLOBAL_UNCERTAINTY_ASSIGNED_CONTEXT ( ( #3252 ) ) GLOBAL_UNIT_ASSIGNED_CONTEXT ( ( #3148, #9899, #4140 ) ) REPRESENTATION_CONTEXT ( 'NONE', 'WORKASPACE' ) );
#532 = ADVANCED_FACE ( 'NONE', ( #4427 ), #1497, .T. ) ;
#533 = CYLINDRICAL_SURFACE ( 'NONE', #1951, 0.1999999999999998700 ) ;
#534 = DIRECTION ( 'NONE',  ( 0.0000000000000000000, -0.7071067811865491300, 0.7071067811865459100 ) ) ;
#535 = CARTESIAN_POINT ( 'NONE',  ( 1.409999999999999700, 2.649999999999999500, 1.225000000000001900 ) ) ;
#536 = PRESENTATION_STYLE_ASSIGNMENT (( #10193 ) ) ;
#537 = SURFACE_STYLE_USAGE ( .BOTH. , #6435 ) ;
#538 =( LENGTH_UNIT ( ) NAMED_UNIT ( * ) SI_UNIT ( .MILLI., .METRE. ) );
#539 = CARTESIAN_POINT ( 'NONE',  ( -4.575000000000003700, 1.099999999999999600, 1.505000000000000300 ) ) ;
#540 = EDGE_CURVE ( 'NONE', #11322, #10706, #5781, .T. ) ;
#541 = DIRECTION ( 'NONE',  ( -0.0000000000000000000, -0.0000000000000000000, 1.000000000000000000 ) ) ;
#542 = ORIENTED_EDGE ( 'NONE', *, *, #8884, .T. ) ;
#543 = ORIENTED_EDGE ( 'NONE', *, *, #8170, .F. ) ;
#544 = CARTESIAN_POINT ( 'NONE',  ( -0.2500000000000011100, 2.100000000000000100, 3.399999999999997700 ) ) ;
#545 = FACE_OUTER_BOUND ( 'NONE', #10886, .T. ) ;
#546 = DIRECTION ( 'NONE',  ( -0.0000000000000000000, 0.0000000000000000000, 1.000000000000000000 ) ) ;
#547 = VERTEX_POINT ( 'NONE', #1585 ) ;
#548 = LINE ( 'NONE', #11431, #5495 ) ;
#549 = CARTESIAN_POINT ( 'NONE',  ( 4.000000000000001800, -1.700000000000000400, 0.2999999999999976000 ) ) ;
#550 = VERTEX_POINT ( 'NONE', #1786 ) ;
#551 = FACE_OUTER_BOUND ( 'NONE', #9589, .T. ) ;
#552 = AXIS2_PLACEMENT_3D ( 'NONE', #3566, #3444, #12028 ) ;
#553 = EDGE_CURVE ( 'NONE', #11693, #1381, #8345, .T. ) ;
#554 = ORIENTED_EDGE ( 'NONE', *, *, #7831, .T. ) ;
#555 = ORIENTED_EDGE ( 'NONE', *, *, #8495, .F. ) ;
#556 = CARTESIAN_POINT ( 'NONE',  ( 2.249999999999999100, 1.500000000000000400, 3.399999999999997700 ) ) ;
#557 = CARTESIAN_POINT ( 'NONE',  ( -1.090000000000000100, 2.649999999999999500, 1.375000000000002000 ) ) ;
#558 = CARTESIAN_POINT ( 'NONE',  ( 2.660000000000000100, -1.400000000000000100, 1.124999999999998900 ) ) ;
#559 = DIRECTION ( 'NONE',  ( -1.000000000000000000, -0.0000000000000000000, -0.0000000000000000000 ) ) ;
#560 = EDGE_CURVE ( 'NONE', #10723, #573, #10854, .T. ) ;
#561 = VECTOR ( 'NONE', #8307, 1000.000000000000000 ) ;
#562 = EDGE_CURVE ( 'NONE', #6600, #8647, #3182, .T. ) ;
#563 = CARTESIAN_POINT ( 'NONE',  ( -4.995000000000001900, 0.8999999999999991300, 1.529999999999997600 ) ) ;
#564 = VECTOR ( 'NONE', #7425, 999.9999999999998900 ) ;
#565 = CARTESIAN_POINT ( 'NONE',  ( -4.675000000000002500, -1.100000000000000500, 0.2499999999999999400 ) ) ;
#566 = DIRECTION ( 'NONE',  ( 0.0000000000000000000, -1.000000000000000000, -1.495451272393799000E-016 ) ) ;
#567 = ORIENTED_EDGE ( 'NONE', *, *, #9050, .T. ) ;
#568 = EDGE_LOOP ( 'NONE', ( #8267, #555, #3282, #7672 ) ) ;
#569 = VECTOR ( 'NONE', #2563, 1000.000000000000000 ) ;
#570 = ORIENTED_EDGE ( 'NONE', *, *, #6222, .T. ) ;
#571 = AXIS2_PLACEMENT_3D ( 'NONE', #203, #120, #73 ) ;
#572 = AXIS2_PLACEMENT_3D ( 'NONE', #4627, #11296, #5597 ) ;
#573 = VERTEX_POINT ( 'NONE', #2774 ) ;
#574 = VERTEX_POINT ( 'NONE', #1894 ) ;
#575 = FILL_AREA_STYLE ('',( #1451 ) ) ;
#576 = ORIENTED_EDGE ( 'NONE', *, *, #6571, .T. ) ;
#577 = EDGE_LOOP ( 'NONE', ( #7346, #3087, #7497, #4726 ) ) ;
#578 = FACE_OUTER_BOUND ( 'NONE', #3694, .T. ) ;
#579 = PRESENTATION_LAYER_ASSIGNMENT (  '', '', ( #12480 ) ) ;
#580 = DIRECTION ( 'NONE',  ( 1.000000000000000000, 0.0000000000000000000, 0.0000000000000000000 ) ) ;
#581 = CARTESIAN_POINT ( 'NONE',  ( 2.660000000000000100, 2.499999999999999600, 1.734723475976807100E-015 ) ) ;
#582 = COLOUR_RGB ( '',0.8000000000000000400, 0.8078431372549019800, 0.8000000000000000400 ) ;
#583 = VERTEX_POINT ( 'NONE', #2056 ) ;
#584 = CARTESIAN_POINT ( 'NONE',  ( -4.475000000000001400, -1.200000000000000400, 0.2999999999999975500 ) ) ;
#585 = ADVANCED_FACE ( 'NONE', ( #233 ), #2826, .T. ) ;
#586 = FACE_OUTER_BOUND ( 'NONE', #11160, .T. ) ;
#587 = LINE ( 'NONE', #3233, #3234 ) ;
#588 = EDGE_LOOP ( 'NONE', ( #10730, #5582, #72, #9416 ) ) ;
#589 = CARTESIAN_POINT ( 'NONE',  ( -5.500000000000001800, 1.099999999999999600, 0.7999999999999954900 ) ) ;
#590 = DIRECTION ( 'NONE',  ( 0.0000000000000000000, 0.0000000000000000000, 1.000000000000000000 ) ) ;
#591 = CARTESIAN_POINT ( 'NONE',  ( 2.660000000000000100, 3.099999999999999600, 0.5000000000000017800 ) ) ;
#592 = ORIENTED_EDGE ( 'NONE', *, *, #10146, .F. ) ;
#593 = VECTOR ( 'NONE', #1180, 1000.000000000000000 ) ;
#594 = PRESENTATION_STYLE_ASSIGNMENT (( #7012 ) ) ;
#595 = CARTESIAN_POINT ( 'NONE',  ( 4.000000000000000000, 2.100000000000000100, 2.500000000000001300 ) ) ;
#596 = DIRECTION ( 'NONE',  ( -0.2033118901005198900, -0.9241449550023804700, 0.3234507342508316500 ) ) ;
#597 = DIRECTION ( 'NONE',  ( 1.000000000000000000, 0.0000000000000000000, -4.170008355713468300E-016 ) ) ;
#598 = MECHANICAL_DESIGN_GEOMETRIC_PRESENTATION_REPRESENTATION (  '', ( #11227 ), #1250 ) ;
#599 = CARTESIAN_POINT ( 'NONE',  ( 2.660000000000000100, 1.500000000000000000, 1.699999999999998800 ) ) ;
#600 = VERTEX_POINT ( 'NONE', #2627 ) ;
#601 = PRESENTATION_STYLE_ASSIGNMENT (( #11660 ) ) ;
#602 = ADVANCED_FACE ( 'NONE', ( #545 ), #2232, .T. ) ;
#603 = VECTOR ( 'NONE', #5476, 1000.000000000000000 ) ;
#604 = CARTESIAN_POINT ( 'NONE',  ( -4.045000000000004400, -1.200000000000000400, 0.2999999999999976000 ) ) ;
#605 = ORIENTED_EDGE ( 'NONE', *, *, #3731, .T. ) ;
#606 = FACE_OUTER_BOUND ( 'NONE', #9598, .T. ) ;
#607 = EDGE_CURVE ( 'NONE', #4084, #10209, #11888, .T. ) ;
#608 = DIRECTION ( 'NONE',  ( -0.7071067811865458000, 0.0000000000000000000, -0.7071067811865492400 ) ) ;
#609 = SURFACE_SIDE_STYLE ('',( #10289 ) ) ;
#610 = CARTESIAN_POINT ( 'NONE',  ( 4.995000000000002800, 0.8999999999999991300, 1.229999999999997500 ) ) ;
#611 = CARTESIAN_POINT ( 'NONE',  ( -1.324999999999999300, 0.4999999999999995600, 3.423118842698616300 ) ) ;
#612 = ORIENTED_EDGE ( 'NONE', *, *, #4169, .F. ) ;
#613 = ORIENTED_EDGE ( 'NONE', *, *, #9051, .F. ) ;
#614 = STYLED_ITEM ( 'NONE', ( #6859 ), #11511 ) ;
#615 = LINE ( 'NONE', #629, #6156 ) ;
#616 = VECTOR ( 'NONE', #8292, 1000.000000000000000 ) ;
#617 = VERTEX_POINT ( 'NONE', #2517 ) ;
#618 = FACE_OUTER_BOUND ( 'NONE', #10011, .T. ) ;
#619 = DIRECTION ( 'NONE',  ( 3.051828337366604500E-016, -0.0000000000000000000, 1.000000000000000000 ) ) ;
#620 = DIRECTION ( 'NONE',  ( 0.0000000000000000000, 0.0000000000000000000, -1.000000000000000000 ) ) ;
#621 = ORIENTED_EDGE ( 'NONE', *, *, #10646, .F. ) ;
#622 = FILL_AREA_STYLE_COLOUR ( '', #3979 ) ;
#623 = ORIENTED_EDGE ( 'NONE', *, *, #6354, .F. ) ;
#624 = DIRECTION ( 'NONE',  ( -0.0000000000000000000, 0.0000000000000000000, -1.000000000000000000 ) ) ;
#625 = LINE ( 'NONE', #7179, #330 ) ;
#626 = CARTESIAN_POINT ( 'NONE',  ( 0.1599999999999999800, 2.900000000000000400, 1.788933584601082300E-015 ) ) ;
#627 = CARTESIAN_POINT ( 'NONE',  ( 2.660000000000000100, 0.8500000000000000900, 1.700000000000000000 ) ) ;
#628 = LINE ( 'NONE', #10936, #5866 ) ;
#629 = CARTESIAN_POINT ( 'NONE',  ( -4.041666666666668700, 1.093333333333329900, 0.2966666666666626900 ) ) ;
#630 = CARTESIAN_POINT ( 'NONE',  ( 4.475000000000001400, -1.200000000000000400, 1.039999999999995200 ) ) ;
#631 = UNCERTAINTY_MEASURE_WITH_UNIT (LENGTH_MEASURE( 1.000000000000000100E-005 ), #525, 'distance_accuracy_value', 'NONE');
#632 = UNCERTAINTY_MEASURE_WITH_UNIT (LENGTH_MEASURE( 1.000000000000000100E-005 ), #1137, 'distance_accuracy_value', 'NONE');
#633 = DIRECTION ( 'NONE',  ( -0.7071067811865492400, 0.0000000000000000000, 0.7071067811865458000 ) ) ;
#634 = ORIENTED_EDGE ( 'NONE', *, *, #1563, .T. ) ;
#635 = DIRECTION ( 'NONE',  ( 0.0000000000000000000, 0.0000000000000000000, -1.000000000000000000 ) ) ;
#636 = EDGE_CURVE ( 'NONE', #9489, #9570, #8032, .T. ) ;
#638 = ORIENTED_EDGE ( 'NONE', *, *, #1288, .T. ) ;
#637 = DIRECTION ( 'NONE',  ( 0.0000000000000000000, 0.7071067811865462400, -0.7071067811865489100 ) ) ;
#639 = PLANE ( 'NONE',  #572 ) ;
#640 =( NAMED_UNIT ( * ) PLANE_ANGLE_UNIT ( ) SI_UNIT ( $, .RADIAN. ) );
#641 = CARTESIAN_POINT ( 'NONE',  ( -4.000000000000000900, 2.100000000000000100, 2.500000000000001300 ) ) ;
#642 = VECTOR ( 'NONE', #172, 1000.000000000000000 ) ;
#643 =( LENGTH_UNIT ( ) NAMED_UNIT ( * ) SI_UNIT ( .MILLI., .METRE. ) );
#644 = EDGE_CURVE ( 'NONE', #5975, #9811, #9385, .T. ) ;
#645 = VECTOR ( 'NONE', #10215, 1000.000000000000100 ) ;
#646 = AXIS2_PLACEMENT_3D ( 'NONE', #9120, #2381, #6149 ) ;
#647 = EDGE_LOOP ( 'NONE', ( #10216, #10047, #8935, #9130 ) ) ;
#648 = ORIENTED_EDGE ( 'NONE', *, *, #2808, .T. ) ;
#649 = CARTESIAN_POINT ( 'NONE',  ( 0.1599999999999999800, 3.099999999999999600, 0.2000000000000018700 ) ) ;
#650 = FACE_OUTER_BOUND ( 'NONE', #12488, .T. ) ;
#651 = CARTESIAN_POINT ( 'NONE',  ( 1.089999999999999900, -0.8999999999999950300, 1.699999999999998400 ) ) ;
#652 = CARTESIAN_POINT ( 'NONE',  ( 3.800000000000002000, 1.099999999999999900, -2.385244779468109800E-015 ) ) ;
#653 = DIRECTION ( 'NONE',  ( 0.0000000000000000000, 0.3303504247281037800, -0.9438583563660183400 ) ) ;
#654 = VERTEX_POINT ( 'NONE', #2670 ) ;
#655 = AXIS2_PLACEMENT_3D ( 'NONE', #11871, #10839, #10156 ) ;
#656 = FACE_OUTER_BOUND ( 'NONE', #7897, .T. ) ;
#657 = VECTOR ( 'NONE', #6064, 1000.000000000000000 ) ;
#658 = CARTESIAN_POINT ( 'NONE',  ( -3.700000000000001500, -2.100000000000000100, 2.999999999999997300 ) ) ;
#659 = ADVANCED_FACE ( 'NONE', ( #9078 ), #2648, .F. ) ;
#660 = EDGE_CURVE ( 'NONE', #11497, #5473, #5635, .T. ) ;
#661 = STYLED_ITEM ( 'NONE', ( #10968 ), #9173 ) ;
#662 = CARTESIAN_POINT ( 'NONE',  ( -3.400000000000002100, -1.800000000000000500, 0.5999999999999966500 ) ) ;
#663 =( NAMED_UNIT ( * ) SI_UNIT ( $, .STERADIAN. ) SOLID_ANGLE_UNIT ( ) );
#664 = CLOSED_SHELL ( 'NONE', ( #10162, #11963, #2797, #10144, #12451, #9222, #5974, #8341, #1952, #2863, #3144, #10338, #71, #3673, #11887, #9521, #4357, #9610, #7976, #347, #12096, #6512, #5710, #8864 ) ) ;
#665 = EDGE_CURVE ( 'NONE', #2674, #8152, #10711, .T. ) ;
#666 = SURFACE_SIDE_STYLE ('',( #3265 ) ) ;
#667 = EDGE_LOOP ( 'NONE', ( #4172, #3345, #5701, #11903 ) ) ;
#668 = AXIS2_PLACEMENT_3D ( 'NONE', #1009, #774, #728 ) ;
#669 = FACE_OUTER_BOUND ( 'NONE', #5305, .T. ) ;
#670 = EDGE_LOOP ( 'NONE', ( #11325, #1652, #12050, #8028 ) ) ;
#671 = ADVANCED_FACE ( 'NONE', ( #8195 ), #2851, .F. ) ;
#673 = VECTOR ( 'NONE', #4751, 1000.000000000000000 ) ;
#672 = FILL_AREA_STYLE_COLOUR ( '', #7940 ) ;
#674 = VECTOR ( 'NONE', #11422, 1000.000000000000000 ) ;
#675 = MECHANICAL_DESIGN_GEOMETRIC_PRESENTATION_REPRESENTATION (  '', ( #11286 ), #1323 ) ;
#676 = ORIENTED_EDGE ( 'NONE', *, *, #10542, .T. ) ;
#677 = DIRECTION ( 'NONE',  ( 1.000000000000000000, 0.0000000000000000000, 0.0000000000000000000 ) ) ;
#678 = CARTESIAN_POINT ( 'NONE',  ( -2.425000000000000700, 0.4999999999999996700, 0.1999999999999995100 ) ) ;
#679 = MECHANICAL_DESIGN_GEOMETRIC_PRESENTATION_REPRESENTATION (  '', ( #11292 ), #1330 ) ;
#680 = ORIENTED_EDGE ( 'NONE', *, *, #5684, .T. ) ;
#681 =( LENGTH_UNIT ( ) NAMED_UNIT ( * ) SI_UNIT ( .MILLI., .METRE. ) );
#682 = FACE_OUTER_BOUND ( 'NONE', #667, .T. ) ;
#683 = CARTESIAN_POINT ( 'NONE',  ( 1.409999999999999700, 2.499999999999999600, 1.734723475976807100E-015 ) ) ;
#684 = CARTESIAN_POINT ( 'NONE',  ( 1.409999999999999700, -1.400000000000000100, 1.524999999999998100 ) ) ;
#685 = COLOUR_RGB ( '',0.8000000000000000400, 0.8078431372549019800, 0.8000000000000000400 ) ;
#686 = DIRECTION ( 'NONE',  ( 0.0000000000000000000, 0.3303504247281037800, -0.9438583563660183400 ) ) ;
#687 = EDGE_CURVE ( 'NONE', #3551, #4011, #12046, .T. ) ;
#688 = CARTESIAN_POINT ( 'NONE',  ( 5.200000000000001100, -1.700000000000000400, 2.199999999999997500 ) ) ;
#689 = ORIENTED_EDGE ( 'NONE', *, *, #6406, .T. ) ;
#690 = DIRECTION ( 'NONE',  ( 0.0000000000000000000, -1.000000000000000000, 0.0000000000000000000 ) ) ;
#691 = VECTOR ( 'NONE', #5553, 1000.000000000000000 ) ;
#692 = DIRECTION ( 'NONE',  ( -0.0000000000000000000, 0.0000000000000000000, 1.000000000000000000 ) ) ;
#693 = MECHANICAL_DESIGN_GEOMETRIC_PRESENTATION_REPRESENTATION (  '', ( #11308 ), #1350 ) ;
#694 = CARTESIAN_POINT ( 'NONE',  ( -1.090000000000000100, 2.000000000000000000, 1.375000000000001600 ) ) ;
#695 = FACE_OUTER_BOUND ( 'NONE', #3879, .T. ) ;
#696 = CARTESIAN_POINT ( 'NONE',  ( -5.200000000000001100, -1.700000000000000400, 2.199999999999997500 ) ) ;
#697 =( NAMED_UNIT ( * ) SI_UNIT ( $, .STERADIAN. ) SOLID_ANGLE_UNIT ( ) );
#698 = CARTESIAN_POINT ( 'NONE',  ( 2.690000000000000800, 2.445000000000000300, 3.074999999999998800 ) ) ;
#699 = LINE ( 'NONE', #5317, #7571 ) ;
#700 = VERTEX_POINT ( 'NONE', #3212 ) ;
#701 = DIRECTION ( 'NONE',  ( 0.0000000000000000000, -1.000000000000000000, 0.0000000000000000000 ) ) ;
#702 = DIRECTION ( 'NONE',  ( -0.0000000000000000000, -1.000000000000000000, -0.0000000000000000000 ) ) ;
#703 =( NAMED_UNIT ( * ) PLANE_ANGLE_UNIT ( ) SI_UNIT ( $, .RADIAN. ) );
#704 = VERTEX_POINT ( 'NONE', #3198 ) ;
#705 = ORIENTED_EDGE ( 'NONE', *, *, #1886, .F. ) ;
#706 = EDGE_CURVE ( 'NONE', #8100, #760, #9527, .T. ) ;
#707 = LINE ( 'NONE', #9724, #8780 ) ;
#708 = LINE ( 'NONE', #5007, #3026 ) ;
#709 = ORIENTED_EDGE ( 'NONE', *, *, #9842, .T. ) ;
#710 = EDGE_CURVE ( 'NONE', #365, #2822, #6976, .T. ) ;
#711 = ORIENTED_EDGE ( 'NONE', *, *, #1879, .T. ) ;
#712 = PRESENTATION_LAYER_ASSIGNMENT (  '', '', ( #11971 ) ) ;
#713 = VERTEX_POINT ( 'NONE', #3296 ) ;
#714 = EDGE_LOOP ( 'NONE', ( #3854, #4655, #2415, #447 ) ) ;
#715 = DIRECTION ( 'NONE',  ( -1.000000000000000000, -0.0000000000000000000, -0.0000000000000000000 ) ) ;
#716 = VECTOR ( 'NONE', #580, 1000.000000000000000 ) ;
#717 = SURFACE_STYLE_FILL_AREA ( #6928 ) ;
#718 = ORIENTED_EDGE ( 'NONE', *, *, #6954, .T. ) ;
#719 = ADVANCED_FACE ( 'NONE', ( #6678 ), #533, .F. ) ;
#720 = ORIENTED_EDGE ( 'NONE', *, *, #636, .T. ) ;
#721 = EDGE_CURVE ( 'NONE', #9110, #7720, #3172, .T. ) ;
#722 = LINE ( 'NONE', #11412, #419 ) ;
#723 = DIRECTION ( 'NONE',  ( 0.0000000000000000000, -1.000000000000000000, 0.0000000000000000000 ) ) ;
#724 = UNCERTAINTY_MEASURE_WITH_UNIT (LENGTH_MEASURE( 1.000000000000000100E-005 ), #4996, 'distance_accuracy_value', 'NONE');
#725 = EDGE_LOOP ( 'NONE', ( #216, #399, #7472, #9262, #10894, #119, #10191, #9925, #676 ) ) ;
#726 = AXIS2_PLACEMENT_3D ( 'NONE', #11662, #11619, #11579 ) ;
#727 = DIRECTION ( 'NONE',  ( -1.000000000000000000, -0.0000000000000000000, -0.0000000000000000000 ) ) ;
#728 = DIRECTION ( 'NONE',  ( -1.000000000000000000, 0.0000000000000000000, -0.0000000000000000000 ) ) ;
#729 = VERTEX_POINT ( 'NONE', #3498 ) ;
#730 = EDGE_LOOP ( 'NONE', ( #8627, #5641, #966, #12351 ) ) ;
#731 =( LENGTH_UNIT ( ) NAMED_UNIT ( * ) SI_UNIT ( .MILLI., .METRE. ) );
#732 = FILL_AREA_STYLE_COLOUR ( '', #12256 ) ;
#733 = VECTOR ( 'NONE', #8278, 1000.000000000000000 ) ;
#734 = CARTESIAN_POINT ( 'NONE',  ( -3.400000000000002600, 0.8500000000000000900, 2.299999999999996300 ) ) ;
#735 = VECTOR ( 'NONE', #4585, 1000.000000000000000 ) ;
#736 = STYLED_ITEM ( 'NONE', ( #3767 ), #1969 ) ;
#737 = EDGE_CURVE ( 'NONE', #10964, #312, #10844, .T. ) ;
#738 = LINE ( 'NONE', #3193, #7914 ) ;
#739 = ADVANCED_FACE ( 'NONE', ( #5772 ), #3540, .T. ) ;
#740 = CARTESIAN_POINT ( 'NONE',  ( -1.409999999999999900, 1.500000000000000000, 1.699999999999998800 ) ) ;
#741 = PLANE ( 'NONE',  #1775 ) ;
#742 = ORIENTED_EDGE ( 'NONE', *, *, #8281, .T. ) ;
#743 = CARTESIAN_POINT ( 'NONE',  ( 1.324999999999999500, -0.6500000000000011300, 0.1999999999999983700 ) ) ;
#744 =( NAMED_UNIT ( * ) SI_UNIT ( $, .STERADIAN. ) SOLID_ANGLE_UNIT ( ) );
#745 = EDGE_CURVE ( 'NONE', #5645, #8044, #8022, .T. ) ;
#746 = EDGE_CURVE ( 'NONE', #10734, #1165, #10563, .T. ) ;
#747 = CARTESIAN_POINT ( 'NONE',  ( 2.749999999999999600, 2.100000000000000100, 2.899999999999997700 ) ) ;
#748 = PRESENTATION_LAYER_ASSIGNMENT (  '', '', ( #11998 ) ) ;
#749 = ORIENTED_EDGE ( 'NONE', *, *, #1615, .F. ) ;
#750 = PRESENTATION_STYLE_ASSIGNMENT (( #6425 ) ) ;
#751 = EDGE_LOOP ( 'NONE', ( #3324, #7284, #793, #4589 ) ) ;
#752 = CARTESIAN_POINT ( 'NONE',  ( -2.339999999999999900, 1.500000000000000000, 1.700000000000000000 ) ) ;
#753 = DIRECTION ( 'NONE',  ( -0.0000000000000000000, -1.000000000000000000, -0.0000000000000000000 ) ) ;
#754 = VERTEX_POINT ( 'NONE', #3730 ) ;
#755 = VERTEX_POINT ( 'NONE', #3670 ) ;
#756 = CYLINDRICAL_SURFACE ( 'NONE', #4383, 0.1500000000000001900 ) ;
#757 =( NAMED_UNIT ( * ) PLANE_ANGLE_UNIT ( ) SI_UNIT ( $, .RADIAN. ) );
#758 = AXIS2_PLACEMENT_3D ( 'NONE', #3769, #3638, #3550 ) ;
#759 = VECTOR ( 'NONE', #10673, 1000.000000000000000 ) ;
#760 = VERTEX_POINT ( 'NONE', #3704 ) ;
#761 = MECHANICAL_DESIGN_GEOMETRIC_PRESENTATION_REPRESENTATION (  '', ( #12009 ), #1412 ) ;
#762 = VECTOR ( 'NONE', #3048, 1000.000000000000000 ) ;
#763 = ORIENTED_EDGE ( 'NONE', *, *, #3616, .F. ) ;
#764 = ORIENTED_EDGE ( 'NONE', *, *, #9585, .F. ) ;
#765 = LINE ( 'NONE', #7796, #5690 ) ;
#766 = STYLED_ITEM ( 'NONE', ( #11309 ), #483 ) ;
#767 = CARTESIAN_POINT ( 'NONE',  ( 3.700000000000002000, 0.8500000000000000900, 2.299999999999996300 ) ) ;
#768 = VECTOR ( 'NONE', #821, 999.9999999999998900 ) ;
#769 = LINE ( 'NONE', #8441, #5405 ) ;
#770 = VERTEX_POINT ( 'NONE', #3701 ) ;
#771 = EDGE_LOOP ( 'NONE', ( #11618, #11250, #10722, #10875 ) ) ;
#772 = AXIS2_PLACEMENT_3D ( 'NONE', #3143, #10060, #4316 ) ;
#773 = CARTESIAN_POINT ( 'NONE',  ( 0.1599999999999999800, 1.500000000000000000, 0.8750000000000017800 ) ) ;
#774 = DIRECTION ( 'NONE',  ( 0.0000000000000000000, 0.0000000000000000000, -1.000000000000000000 ) ) ;
#775 = CARTESIAN_POINT ( 'NONE',  ( 4.000000000000001800, -1.700000000000000400, 2.699999999999999700 ) ) ;
#776 = FACE_OUTER_BOUND ( 'NONE', #6088, .T. ) ;
#777 =( NAMED_UNIT ( * ) SI_UNIT ( $, .STERADIAN. ) SOLID_ANGLE_UNIT ( ) );
#778 = LINE ( 'NONE', #5356, #5705 ) ;
#779 =( NAMED_UNIT ( * ) PLANE_ANGLE_UNIT ( ) SI_UNIT ( $, .RADIAN. ) );
#780 = SURFACE_STYLE_USAGE ( .BOTH. , #5736 ) ;
#781 = ORIENTED_EDGE ( 'NONE', *, *, #4047, .F. ) ;
#782 = SURFACE_SIDE_STYLE ('',( #6839 ) ) ;
#783 = EDGE_CURVE ( 'NONE', #11230, #11497, #10256, .T. ) ;
#784 = LINE ( 'NONE', #9785, #10505 ) ;
#785 = FILL_AREA_STYLE ('',( #622 ) ) ;
#786 = FILL_AREA_STYLE_COLOUR ( '', #5602 ) ;
#787 = DIRECTION ( 'NONE',  ( 0.0000000000000000000, 1.000000000000000000, 0.0000000000000000000 ) ) ;
#788 = PLANE ( 'NONE',  #668 ) ;
#789 = CARTESIAN_POINT ( 'NONE',  ( -4.000000000000000900, 2.000000000000000400, 2.500000000000001800 ) ) ;
#790 = ADVANCED_FACE ( 'NONE', ( #219 ), #4191, .F. ) ;
#791 = ORIENTED_EDGE ( 'NONE', *, *, #5093, .T. ) ;
#792 = CARTESIAN_POINT ( 'NONE',  ( 0.1599999999999999800, 2.649999999999999500, 1.375000000000001800 ) ) ;
#793 = ORIENTED_EDGE ( 'NONE', *, *, #400, .T. ) ;
#794 = MECHANICAL_DESIGN_GEOMETRIC_PRESENTATION_REPRESENTATION (  '', ( #11403 ), #1445 ) ;
#795 = ORIENTED_EDGE ( 'NONE', *, *, #7270, .F. ) ;
#796 = DIRECTION ( 'NONE',  ( 0.0000000000000000000, 1.000000000000000000, 0.0000000000000000000 ) ) ;
#797 = CARTESIAN_POINT ( 'NONE',  ( -4.665000000000000900, -1.200000000000000400, 1.229999999999997800 ) ) ;
#798 = DIRECTION ( 'NONE',  ( 0.0000000000000000000, -0.7071067811865462400, 0.7071067811865489100 ) ) ;
#799 = UNCERTAINTY_MEASURE_WITH_UNIT (LENGTH_MEASURE( 1.000000000000000100E-005 ), #8150, 'distance_accuracy_value', 'NONE');
#800 =( NAMED_UNIT ( * ) SI_UNIT ( $, .STERADIAN. ) SOLID_ANGLE_UNIT ( ) );
#801 = VECTOR ( 'NONE', #523, 1000.000000000000000 ) ;
#802 = UNCERTAINTY_MEASURE_WITH_UNIT (LENGTH_MEASURE( 1.000000000000000100E-005 ), #4854, 'distance_accuracy_value', 'NONE');
#803 = ORIENTED_EDGE ( 'NONE', *, *, #5043, .T. ) ;
#804 = EDGE_CURVE ( 'NONE', #12249, #2493, #5171, .T. ) ;
#805 = ORIENTED_EDGE ( 'NONE', *, *, #2705, .F. ) ;
#806 = ADVANCED_FACE ( 'NONE', ( #2557 ), #4768, .F. ) ;
#807 =( NAMED_UNIT ( * ) PLANE_ANGLE_UNIT ( ) SI_UNIT ( $, .RADIAN. ) );
#808 = FILL_AREA_STYLE_COLOUR ( '', #862 ) ;
#809 = DIRECTION ( 'NONE',  ( -0.0000000000000000000, 4.336808689942018200E-016, 1.000000000000000000 ) ) ;
#810 = CARTESIAN_POINT ( 'NONE',  ( 2.660000000000000100, 0.8500000000000000900, 0.9499999999999998400 ) ) ;
#811 = SURFACE_SIDE_STYLE ('',( #1874 ) ) ;
#812 = LINE ( 'NONE', #8293, #8596 ) ;
#813 =( GEOMETRIC_REPRESENTATION_CONTEXT ( 3 ) GLOBAL_UNCERTAINTY_ASSIGNED_CONTEXT ( ( #12486 ) ) GLOBAL_UNIT_ASSIGNED_CONTEXT ( ( #12014, #352, #11974 ) ) REPRESENTATION_CONTEXT ( 'NONE', 'WORKASPACE' ) );
#814 = FACE_OUTER_BOUND ( 'NONE', #7638, .T. ) ;
#815 = EDGE_CURVE ( 'NONE', #9943, #5565, #12194, .T. ) ;
#816 = CARTESIAN_POINT ( 'NONE',  ( 3.800000000000001600, -2.100000000000000100, -2.385244779468109800E-015 ) ) ;
#817 = DIRECTION ( 'NONE',  ( -1.000000000000000000, 0.0000000000000000000, 0.0000000000000000000 ) ) ;
#818 =( NAMED_UNIT ( * ) PLANE_ANGLE_UNIT ( ) SI_UNIT ( $, .RADIAN. ) );
#819 = ORIENTED_EDGE ( 'NONE', *, *, #3466, .T. ) ;
#820 = PLANE ( 'NONE',  #9063 ) ;
#821 = DIRECTION ( 'NONE',  ( 0.0000000000000000000, 0.7071067811865462400, -0.7071067811865489100 ) ) ;
#822 = FACE_OUTER_BOUND ( 'NONE', #2309, .T. ) ;
#823 = SURFACE_STYLE_USAGE ( .BOTH. , #6683 ) ;
#824 = EDGE_CURVE ( 'NONE', #12541, #1638, #4863, .T. ) ;
#825 =( LENGTH_UNIT ( ) NAMED_UNIT ( * ) SI_UNIT ( .MILLI., .METRE. ) );
#826 = EDGE_CURVE ( 'NONE', #1642, #4616, #9674, .T. ) ;
#827 = DIRECTION ( 'NONE',  ( -1.000000000000000000, -0.0000000000000000000, -0.0000000000000000000 ) ) ;
#828 = AXIS2_PLACEMENT_3D ( 'NONE', #1118, #951, #692 ) ;
#829 =( NAMED_UNIT ( * ) PLANE_ANGLE_UNIT ( ) SI_UNIT ( $, .RADIAN. ) );
#830 = SURFACE_STYLE_USAGE ( .BOTH. , #782 ) ;
#831 = SURFACE_STYLE_USAGE ( .BOTH. , #6694 ) ;
#832 = CARTESIAN_POINT ( 'NONE',  ( 1.409999999999999700, 1.500000000000000000, 1.699999999999998800 ) ) ;
#833 = MECHANICAL_DESIGN_GEOMETRIC_PRESENTATION_REPRESENTATION (  '', ( #12088 ), #1481 ) ;
#834 = EDGE_LOOP ( 'NONE', ( #11855, #4288, #10237, #2397 ) ) ;
#835 = EDGE_CURVE ( 'NONE', #5612, #4438, #4567, .T. ) ;
#836 = VECTOR ( 'NONE', #1922, 1000.000000000000000 ) ;
#837 = PRESENTATION_LAYER_ASSIGNMENT (  '', '', ( #1485 ) ) ;
#838 = VECTOR ( 'NONE', #10319, 1000.000000000000000 ) ;
#839 = EDGE_CURVE ( 'NONE', #3447, #5019, #2250, .T. ) ;
#840 = FILL_AREA_STYLE_COLOUR ( '', #7700 ) ;
#841 = EDGE_LOOP ( 'NONE', ( #1547, #10051, #5790, #11601 ) ) ;
#842 = DIRECTION ( 'NONE',  ( -1.000000000000000000, 0.0000000000000000000, 3.051828337366604500E-016 ) ) ;
#843 = MECHANICAL_DESIGN_GEOMETRIC_PRESENTATION_REPRESENTATION (  '', ( #11449 ), #1499 ) ;
#844 = LINE ( 'NONE', #9488, #8329 ) ;
#845 = CARTESIAN_POINT ( 'NONE',  ( 5.500000000000001800, 1.099999999999999600, 1.899999999999997700 ) ) ;
#846 = STYLED_ITEM ( 'NONE', ( #8218 ), #10592 ) ;
#847 =( LENGTH_UNIT ( ) NAMED_UNIT ( * ) SI_UNIT ( .MILLI., .METRE. ) );
#848 = PLANE ( 'NONE',  #7300 ) ;
#849 = ORIENTED_EDGE ( 'NONE', *, *, #9824, .F. ) ;
#850 =( NAMED_UNIT ( * ) SI_UNIT ( $, .STERADIAN. ) SOLID_ANGLE_UNIT ( ) );
#851 = PLANE ( 'NONE',  #12558 ) ;
#852 = DIRECTION ( 'NONE',  ( 0.0000000000000000000, -1.000000000000000000, 0.0000000000000000000 ) ) ;
#853 = CIRCLE ( 'NONE', #9177, 0.1999999999999998700 ) ;
#854 = CARTESIAN_POINT ( 'NONE',  ( -4.475000000000001400, -1.200000000000000400, 0.4899999999999984900 ) ) ;
#855 = EDGE_CURVE ( 'NONE', #4832, #4271, #11878, .T. ) ;
#856 = CARTESIAN_POINT ( 'NONE',  ( -3.800000000000001200, 1.099999999999999900, -5.421010862427522200E-017 ) ) ;
#857 = ORIENTED_EDGE ( 'NONE', *, *, #952, .T. ) ;
#858 = ADVANCED_FACE ( 'NONE', ( #6815 ), #5149, .F. ) ;
#859 = ORIENTED_EDGE ( 'NONE', *, *, #2692, .F. ) ;
#860 = EDGE_LOOP ( 'NONE', ( #10297, #7167, #11048, #7044 ) ) ;
#861 = STYLED_ITEM ( 'NONE', ( #3075 ), #11381 ) ;
#862 = COLOUR_RGB ( '',0.8000000000000000400, 0.8078431372549019800, 0.8000000000000000400 ) ;
#863 = CARTESIAN_POINT ( 'NONE',  ( 0.1599999999999999800, 2.299999999999999400, 0.6750000000000020400 ) ) ;
#864 = ORIENTED_EDGE ( 'NONE', *, *, #5177, .T. ) ;
#865 = DIRECTION ( 'NONE',  ( -0.0000000000000000000, -0.0000000000000000000, -1.000000000000000000 ) ) ;
#866 = UNCERTAINTY_MEASURE_WITH_UNIT (LENGTH_MEASURE( 1.000000000000000100E-005 ), #3353, 'distance_accuracy_value', 'NONE');
#867 = ORIENTED_EDGE ( 'NONE', *, *, #1399, .T. ) ;
#868 = LINE ( 'NONE', #6509, #8351 ) ;
#869 = VERTEX_POINT ( 'NONE', #5068 ) ;
#870 = SURFACE_STYLE_USAGE ( .BOTH. , #6743 ) ;
#871 = ORIENTED_EDGE ( 'NONE', *, *, #10729, .T. ) ;
#872 = EDGE_CURVE ( 'NONE', #8715, #3049, #9067, .T. ) ;
#873 = ORIENTED_EDGE ( 'NONE', *, *, #10090, .F. ) ;
#874 = LINE ( 'NONE', #10208, #5798 ) ;
#875 = DIRECTION ( 'NONE',  ( 0.5773502691896278400, 0.5773502691896247300, 0.5773502691896248400 ) ) ;
#876 = FILL_AREA_STYLE_COLOUR ( '', #9557 ) ;
#877 = LINE ( 'NONE', #11827, #5800 ) ;
#878 =( GEOMETRIC_REPRESENTATION_CONTEXT ( 3 ) GLOBAL_UNCERTAINTY_ASSIGNED_CONTEXT ( ( #8916 ) ) GLOBAL_UNIT_ASSIGNED_CONTEXT ( ( #2298, #2300, #2351 ) ) REPRESENTATION_CONTEXT ( 'NONE', 'WORKASPACE' ) );
#879 = FILL_AREA_STYLE_COLOUR ( '', #10015 ) ;
#880 =( NAMED_UNIT ( * ) SI_UNIT ( $, .STERADIAN. ) SOLID_ANGLE_UNIT ( ) );
#881 = CARTESIAN_POINT ( 'NONE',  ( -1.090000000000000100, 2.900000000000000400, 1.788933584601082300E-015 ) ) ;
#882 = ORIENTED_EDGE ( 'NONE', *, *, #12536, .F. ) ;
#883 = ORIENTED_EDGE ( 'NONE', *, *, #11589, .T. ) ;
#884 = LINE ( 'NONE', #1523, #6114 ) ;
#885 = EDGE_LOOP ( 'NONE', ( #6689, #1308, #6836, #444 ) ) ;
#886 = EDGE_CURVE ( 'NONE', #2988, #8064, #6526, .T. ) ;
#887 = ORIENTED_EDGE ( 'NONE', *, *, #11509, .T. ) ;
#888 = DIRECTION ( 'NONE',  ( 0.0000000000000000000, -1.000000000000000000, 0.0000000000000000000 ) ) ;
#889 = VECTOR ( 'NONE', #11253, 1000.000000000000000 ) ;
#890 = ORIENTED_EDGE ( 'NONE', *, *, #553, .F. ) ;
#891 = ORIENTED_EDGE ( 'NONE', *, *, #9677, .T. ) ;
#892 = AXIS2_PLACEMENT_3D ( 'NONE', #1294, #1214, #1169 ) ;
#893 = DIRECTION ( 'NONE',  ( -1.000000000000000000, 0.0000000000000000000, 0.0000000000000000000 ) ) ;
#894 =( LENGTH_UNIT ( ) NAMED_UNIT ( * ) SI_UNIT ( .MILLI., .METRE. ) );
#895 = ORIENTED_EDGE ( 'NONE', *, *, #1359, .T. ) ;
#896 = PLANE ( 'NONE',  #2346 ) ;
#897 = FACE_OUTER_BOUND ( 'NONE', #1234, .T. ) ;
#898 = ORIENTED_EDGE ( 'NONE', *, *, #5484, .T. ) ;
#899 = CARTESIAN_POINT ( 'NONE',  ( 4.675000000000002500, 1.099999999999999600, -5.421010862427522200E-017 ) ) ;
#900 =( GEOMETRIC_REPRESENTATION_CONTEXT ( 3 ) GLOBAL_UNCERTAINTY_ASSIGNED_CONTEXT ( ( #8061 ) ) GLOBAL_UNIT_ASSIGNED_CONTEXT ( ( #3360, #3283, #3235 ) ) REPRESENTATION_CONTEXT ( 'NONE', 'WORKASPACE' ) );
#901 = CARTESIAN_POINT ( 'NONE',  ( 2.425000000000000300, 0.4999999999999989500, 0.1999999999999980700 ) ) ;
#902 = EDGE_CURVE ( 'NONE', #2347, #1554, #11284, .T. ) ;
#903 = MECHANICAL_DESIGN_GEOMETRIC_PRESENTATION_REPRESENTATION (  '', ( #11512 ), #1567 ) ;
#904 = FILL_AREA_STYLE ('',( #10967 ) ) ;
#905 = ORIENTED_EDGE ( 'NONE', *, *, #5434, .T. ) ;
#906 = ORIENTED_EDGE ( 'NONE', *, *, #2141, .T. ) ;
#907 = DIRECTION ( 'NONE',  ( -0.0000000000000000000, 1.000000000000000000, 0.0000000000000000000 ) ) ;
#908 = VECTOR ( 'NONE', #291, 1000.000000000000000 ) ;
#909 = VECTOR ( 'NONE', #8862, 1000.000000000000000 ) ;
#910 = CARTESIAN_POINT ( 'NONE',  ( -3.400000000000002100, 0.8500000000000000900, 2.999999999999996400 ) ) ;
#911 = DIRECTION ( 'NONE',  ( -1.000000000000000000, -0.0000000000000000000, -0.0000000000000000000 ) ) ;
#912 = CARTESIAN_POINT ( 'NONE',  ( 0.9999999999999986700, 1.500000000000000400, 2.899999999999997700 ) ) ;
#913 = EDGE_CURVE ( 'NONE', #10758, #10053, #8768, .T. ) ;
#914 = ORIENTED_EDGE ( 'NONE', *, *, #314, .T. ) ;
#915 =( GEOMETRIC_REPRESENTATION_CONTEXT ( 3 ) GLOBAL_UNCERTAINTY_ASSIGNED_CONTEXT ( ( #4117 ) ) GLOBAL_UNIT_ASSIGNED_CONTEXT ( ( #3396, #3377, #3329 ) ) REPRESENTATION_CONTEXT ( 'NONE', 'WORKASPACE' ) );
#916 = ORIENTED_EDGE ( 'NONE', *, *, #10169, .F. ) ;
#917 = ORIENTED_EDGE ( 'NONE', *, *, #3869, .T. ) ;
#918 = EDGE_LOOP ( 'NONE', ( #11216, #2626, #5784, #10236, #9021 ) ) ;
#919 = FACE_OUTER_BOUND ( 'NONE', #2386, .T. ) ;
#920 = ORIENTED_EDGE ( 'NONE', *, *, #2531, .T. ) ;
#921 = DIRECTION ( 'NONE',  ( 0.0000000000000000000, 5.981805089575195200E-016, 1.000000000000000000 ) ) ;
#922 = DIRECTION ( 'NONE',  ( -1.000000000000000000, 0.0000000000000000000, 0.0000000000000000000 ) ) ;
#923 =( GEOMETRIC_REPRESENTATION_CONTEXT ( 3 ) GLOBAL_UNCERTAINTY_ASSIGNED_CONTEXT ( ( #1992 ) ) GLOBAL_UNIT_ASSIGNED_CONTEXT ( ( #9725, #3962, #10676 ) ) REPRESENTATION_CONTEXT ( 'NONE', 'WORKASPACE' ) );
#924 = EDGE_LOOP ( 'NONE', ( #12303, #10087, #6912, #11726, #5029, #2908, #409, #7759 ) ) ;
#925 = ORIENTED_EDGE ( 'NONE', *, *, #12361, .F. ) ;
#926 = ADVANCED_FACE ( 'NONE', ( #10977 ), #5891, .T. ) ;
#927 = CARTESIAN_POINT ( 'NONE',  ( 1.300000000000000000, -1.400000000000000100, 1.524999999999998100 ) ) ;
#928 = LINE ( 'NONE', #2580, #3574 ) ;
#929 = LINE ( 'NONE', #8338, #3575 ) ;
#930 = DIRECTION ( 'NONE',  ( 0.0000000000000000000, -1.000000000000000000, 0.0000000000000000000 ) ) ;
#931 = ORIENTED_EDGE ( 'NONE', *, *, #7513, .F. ) ;
#932 = DIRECTION ( 'NONE',  ( 1.885568995626964300E-016, 1.000000000000000000, -0.0000000000000000000 ) ) ;
#933 = CARTESIAN_POINT ( 'NONE',  ( 1.409999999999999700, 1.500000000000000000, 0.9499999999999982900 ) ) ;
#934 = ORIENTED_EDGE ( 'NONE', *, *, #7658, .F. ) ;
#935 = CARTESIAN_POINT ( 'NONE',  ( 0.0000000000000000000, -2.100000000000000100, 0.0000000000000000000 ) ) ;
#936 = ORIENTED_EDGE ( 'NONE', *, *, #4304, .T. ) ;
#937 = ORIENTED_EDGE ( 'NONE', *, *, #2721, .F. ) ;
#938 =( GEOMETRIC_REPRESENTATION_CONTEXT ( 3 ) GLOBAL_UNCERTAINTY_ASSIGNED_CONTEXT ( ( #321 ) ) GLOBAL_UNIT_ASSIGNED_CONTEXT ( ( #10460, #4718, #11396 ) ) REPRESENTATION_CONTEXT ( 'NONE', 'WORKASPACE' ) );
#939 = ORIENTED_EDGE ( 'NONE', *, *, #7597, .T. ) ;
#940 = SURFACE_STYLE_USAGE ( .BOTH. , #1089 ) ;
#941 = ORIENTED_EDGE ( 'NONE', *, *, #9202, .T. ) ;
#942 = LINE ( 'NONE', #2244, #3277 ) ;
#943 = CARTESIAN_POINT ( 'NONE',  ( 0.0000000000000000000, 1.099999999999999600, 0.0000000000000000000 ) ) ;
#944 = FACE_BOUND ( 'NONE', #6659, .T. ) ;
#945 =( NAMED_UNIT ( * ) PLANE_ANGLE_UNIT ( ) SI_UNIT ( $, .RADIAN. ) );
#946 = DIRECTION ( 'NONE',  ( -1.000000000000000000, 0.0000000000000000000, 0.0000000000000000000 ) ) ;
#947 = ORIENTED_EDGE ( 'NONE', *, *, #607, .T. ) ;
#948 = ORIENTED_EDGE ( 'NONE', *, *, #131, .T. ) ;
#949 = EDGE_CURVE ( 'NONE', #2822, #11532, #3650, .T. ) ;
#950 = LINE ( 'NONE', #439, #642 ) ;
#951 = DIRECTION ( 'NONE',  ( -1.000000000000000000, 0.0000000000000000000, -0.0000000000000000000 ) ) ;
#952 = EDGE_CURVE ( 'NONE', #10466, #583, #5922, .T. ) ;
#953 = CARTESIAN_POINT ( 'NONE',  ( -4.000000000000000900, 2.100000000000000100, 2.500000000000001300 ) ) ;
#954 = LINE ( 'NONE', #4378, #5880 ) ;
#955 = ORIENTED_EDGE ( 'NONE', *, *, #2546, .F. ) ;
#956 = DIRECTION ( 'NONE',  ( -0.0000000000000000000, 0.7071067811865489100, 0.7071067811865462400 ) ) ;
#957 = VERTEX_POINT ( 'NONE', #5732 ) ;
#958 = FACE_OUTER_BOUND ( 'NONE', #3993, .T. ) ;
#959 = EDGE_CURVE ( 'NONE', #957, #6098, #8181, .T. ) ;
#960 = CARTESIAN_POINT ( 'NONE',  ( -1.200000000000000000, -1.400000000000000100, 1.124999999999998900 ) ) ;
#961 = DIRECTION ( 'NONE',  ( 4.336808689942015800E-016, -1.000000000000000000, -0.0000000000000000000 ) ) ;
#962 = DIRECTION ( 'NONE',  ( -0.0000000000000000000, 1.000000000000000000, -0.0000000000000000000 ) ) ;
#963 = CARTESIAN_POINT ( 'NONE',  ( -4.225000000000001400, 1.099999999999999600, 1.155000000000000000 ) ) ;
#964 = FILL_AREA_STYLE ('',( #5874 ) ) ;
#965 = CARTESIAN_POINT ( 'NONE',  ( -1.500000000000001100, 2.100000000000000100, 2.899999999999997700 ) ) ;
#966 = ORIENTED_EDGE ( 'NONE', *, *, #3227, .F. ) ;
#967 = ORIENTED_EDGE ( 'NONE', *, *, #10393, .T. ) ;
#968 = MECHANICAL_DESIGN_GEOMETRIC_PRESENTATION_REPRESENTATION (  '', ( #11581 ), #1625 ) ;
#969 = DIRECTION ( 'NONE',  ( -0.0000000000000000000, 1.000000000000000000, -0.0000000000000000000 ) ) ;
#970 = LINE ( 'NONE', #3922, #3307 ) ;
#971 = DIRECTION ( 'NONE',  ( 0.0000000000000000000, -0.0000000000000000000, 1.000000000000000000 ) ) ;
#972 = EDGE_CURVE ( 'NONE', #10091, #6151, #10699, .T. ) ;
#973 = PLANE ( 'NONE',  #5295 ) ;
#974 = VECTOR ( 'NONE', #4969, 1000.000000000000000 ) ;
#975 = VECTOR ( 'NONE', #3858, 1000.000000000000000 ) ;
#976 = CARTESIAN_POINT ( 'NONE',  ( -0.1599999999999999800, 1.500000000000000000, 1.700000000000000000 ) ) ;
#977 = DIRECTION ( 'NONE',  ( 0.0000000000000000000, -1.000000000000000000, 0.0000000000000000000 ) ) ;
#978 = EDGE_CURVE ( 'NONE', #11960, #11534, #3011, .T. ) ;
#979 = VERTEX_POINT ( 'NONE', #5835 ) ;
#980 = EDGE_CURVE ( 'NONE', #9772, #1488, #5324, .T. ) ;
#981 = ORIENTED_EDGE ( 'NONE', *, *, #326, .T. ) ;
#982 =( GEOMETRIC_REPRESENTATION_CONTEXT ( 3 ) GLOBAL_UNCERTAINTY_ASSIGNED_CONTEXT ( ( #3439 ) ) GLOBAL_UNIT_ASSIGNED_CONTEXT ( ( #9546, #9526, #9501 ) ) REPRESENTATION_CONTEXT ( 'NONE', 'WORKASPACE' ) );
#983 = ADVANCED_FACE ( 'NONE', ( #387 ), #5789, .F. ) ;
#984 = VECTOR ( 'NONE', #9958, 1000.000000000000000 ) ;
#985 = FACE_OUTER_BOUND ( 'NONE', #6989, .T. ) ;
#986 = CYLINDRICAL_SURFACE ( 'NONE', #2169, 0.1000000000000000500 ) ;
#987 = MECHANICAL_DESIGN_GEOMETRIC_PRESENTATION_REPRESENTATION (  '', ( #6984 ), #1646 ) ;
#988 = DIRECTION ( 'NONE',  ( -0.0000000000000000000, 0.0000000000000000000, 1.000000000000000000 ) ) ;
#989 = DIRECTION ( 'NONE',  ( -0.0000000000000000000, 1.000000000000000000, -0.0000000000000000000 ) ) ;
#990 = PLANE ( 'NONE',  #828 ) ;
#991 = SURFACE_SIDE_STYLE ('',( #6337 ) ) ;
#992 = AXIS2_PLACEMENT_3D ( 'NONE', #201, #7060, #1185 ) ;
#993 = ORIENTED_EDGE ( 'NONE', *, *, #4295, .T. ) ;
#994 = VECTOR ( 'NONE', #5438, 1000.000000000000000 ) ;
#995 = LINE ( 'NONE', #9328, #3330 ) ;
#996 = AXIS2_PLACEMENT_3D ( 'NONE', #8522, #8730, #8815 ) ;
#997 = ADVANCED_FACE ( 'NONE', ( #62, #7870 ), #5892, .F. ) ;
#998 = CARTESIAN_POINT ( 'NONE',  ( 2.660000000000000100, 2.299999999999999400, 0.2000000000000025400 ) ) ;
#999 = LINE ( 'NONE', #6937, #5926 ) ;
#1000 = ORIENTED_EDGE ( 'NONE', *, *, #10657, .T. ) ;
#1001 = ORIENTED_EDGE ( 'NONE', *, *, #10796, .T. ) ;
#1002 = AXIS2_PLACEMENT_3D ( 'NONE', #854, #1843, #8658 ) ;
#1003 = CARTESIAN_POINT ( 'NONE',  ( -2.339999999999999900, 1.500000000000000000, 1.700000000000000000 ) ) ;
#1004 = VECTOR ( 'NONE', #8725, 1000.000000000000000 ) ;
#1005 = ORIENTED_EDGE ( 'NONE', *, *, #1927, .T. ) ;
#1006 = VERTEX_POINT ( 'NONE', #5916 ) ;
#1007 = SURFACE_STYLE_USAGE ( .BOTH. , #1073 ) ;
#1008 = CARTESIAN_POINT ( 'NONE',  ( -1.409999999999999900, 0.8500000000000000900, 0.9499999999999998400 ) ) ;
#1009 = CARTESIAN_POINT ( 'NONE',  ( 2.660000000000000100, 0.8500000000000000900, 0.9499999999999998400 ) ) ;
#1010 = VERTEX_POINT ( 'NONE', #6013 ) ;
#1011 = LINE ( 'NONE', #1106, #10128 ) ;
#1012 = EDGE_LOOP ( 'NONE', ( #7636, #7181, #5836, #5233, #10349, #2525, #1030, #11382 ) ) ;
#1013 = EDGE_CURVE ( 'NONE', #10377, #12102, #2401, .T. ) ;
#1014 = LINE ( 'NONE', #1576, #716 ) ;
#1015 = LINE ( 'NONE', #2020, #8210 ) ;
#1016 = UNCERTAINTY_MEASURE_WITH_UNIT (LENGTH_MEASURE( 1.000000000000000100E-005 ), #1990, 'distance_accuracy_value', 'NONE');
#1017 = ORIENTED_EDGE ( 'NONE', *, *, #11212, .F. ) ;
#1018 = VERTEX_POINT ( 'NONE', #6073 ) ;
#1019 = SURFACE_STYLE_USAGE ( .BOTH. , #1111 ) ;
#1020 = CARTESIAN_POINT ( 'NONE',  ( 3.800000000000002000, 2.100000000000000100, 0.1999999999999976200 ) ) ;
#1021 = ORIENTED_EDGE ( 'NONE', *, *, #5538, .F. ) ;
#1022 = VECTOR ( 'NONE', #7625, 1000.000000000000000 ) ;
#1023 =( NAMED_UNIT ( * ) SI_UNIT ( $, .STERADIAN. ) SOLID_ANGLE_UNIT ( ) );
#1024 = CARTESIAN_POINT ( 'NONE',  ( 1.409999999999999700, 2.099999999999999600, 0.8750000000000017800 ) ) ;
#1025 = LINE ( 'NONE', #7802, #3365 ) ;
#1026 = CARTESIAN_POINT ( 'NONE',  ( 3.400000000000002100, 0.8500000000000000900, 2.999999999999996400 ) ) ;
#1027 = ORIENTED_EDGE ( 'NONE', *, *, #11632, .F. ) ;
#1028 = VECTOR ( 'NONE', #12191, 1000.000000000000000 ) ;
#1030 = ORIENTED_EDGE ( 'NONE', *, *, #804, .F. ) ;
#1029 = VECTOR ( 'NONE', #5109, 1000.000000000000000 ) ;
#1031 = DIRECTION ( 'NONE',  ( -0.0000000000000000000, -1.000000000000000000, -0.0000000000000000000 ) ) ;
#1032 = LINE ( 'NONE', #1542, #3698 ) ;
#1033 = EDGE_CURVE ( 'NONE', #8589, #8169, #8475, .T. ) ;
#1034 = FACE_OUTER_BOUND ( 'NONE', #9434, .T. ) ;
#1035 =( LENGTH_UNIT ( ) NAMED_UNIT ( * ) SI_UNIT ( .MILLI., .METRE. ) );
#1036 = DIRECTION ( 'NONE',  ( -0.0000000000000000000, 4.336808689942018200E-016, 1.000000000000000000 ) ) ;
#1037 = CARTESIAN_POINT ( 'NONE',  ( -3.100000000000001400, -0.2000000000000005100, 2.999999999999996400 ) ) ;
#1038 = LINE ( 'NONE', #6383, #3383 ) ;
#1039 = STYLED_ITEM ( 'NONE', ( #6382 ), #1123 ) ;
#1040 = ADVANCED_FACE ( 'NONE', ( #9816 ), #6130, .F. ) ;
#1041 = CYLINDRICAL_SURFACE ( 'NONE', #8747, 0.1999999999999998200 ) ;
#1042 = EDGE_LOOP ( 'NONE', ( #2105, #9386, #7126, #5991 ) ) ;
#1043 = FILL_AREA_STYLE_COLOUR ( '', #2146 ) ;
#1044 = EDGE_CURVE ( 'NONE', #550, #303, #4715, .T. ) ;
#1045 = EDGE_LOOP ( 'NONE', ( #10598, #1104, #1461, #6398 ) ) ;
#1046 = DIRECTION ( 'NONE',  ( 0.0000000000000000000, 0.0000000000000000000, -1.000000000000000000 ) ) ;
#1047 = SURFACE_STYLE_USAGE ( .BOTH. , #6917 ) ;
#1048 = CARTESIAN_POINT ( 'NONE',  ( 1.324999999999999700, 0.4999999999999990600, 0.1999999999999983700 ) ) ;
#1049 = LINE ( 'NONE', #8723, #8538 ) ;
#1050 = EDGE_LOOP ( 'NONE', ( #11691, #7477, #4188, #5141, #4933 ) ) ;
#1051 = ORIENTED_EDGE ( 'NONE', *, *, #8587, .F. ) ;
#1052 = CARTESIAN_POINT ( 'NONE',  ( -4.575000000000003700, -1.100000000000000500, 1.505000000000000300 ) ) ;
#1053 = EDGE_CURVE ( 'NONE', #9567, #4078, #5012, .T. ) ;
#1054 = EDGE_CURVE ( 'NONE', #11549, #6801, #2083, .T. ) ;
#1055 = FILL_AREA_STYLE_COLOUR ( '', #7892 ) ;
#1056 = STYLED_ITEM ( 'NONE', ( #1723 ), #4369 ) ;
#1057 = CARTESIAN_POINT ( 'NONE',  ( -4.000000000000000000, 2.100000000000000100, 3.399999999999996800 ) ) ;
#1058 = LINE ( 'NONE', #9806, #762 ) ;
#1059 = CARTESIAN_POINT ( 'NONE',  ( -4.000000000000001800, -1.100000000000000500, 2.999999999999997300 ) ) ;
#1060 = ORIENTED_EDGE ( 'NONE', *, *, #5802, .T. ) ;
#1061 = VECTOR ( 'NONE', #7037, 1000.000000000000000 ) ;
#1062 = DIRECTION ( 'NONE',  ( -0.0000000000000000000, 1.000000000000000000, 0.0000000000000000000 ) ) ;
#1063 = ADVANCED_FACE ( 'NONE', ( #9515 ), #6288, .F. ) ;
#1064 = LINE ( 'NONE', #9584, #6000 ) ;
#1065 = SURFACE_SIDE_STYLE ('',( #717 ) ) ;
#1066 = PRESENTATION_LAYER_ASSIGNMENT (  '', '', ( #12317 ) ) ;
#1067 = FILL_AREA_STYLE_COLOUR ( '', #10999 ) ;
#1068 = LINE ( 'NONE', #3544, #6315 ) ;
#1069 = EDGE_CURVE ( 'NONE', #4786, #10715, #11729, .T. ) ;
#1070 = VERTEX_POINT ( 'NONE', #6365 ) ;
#1071 = AXIS2_PLACEMENT_3D ( 'NONE', #8975, #4173, #10870 ) ;
#1072 = CARTESIAN_POINT ( 'NONE',  ( -1.090000000000000100, 1.500000000000000000, 0.9499999999999998400 ) ) ;
#1073 = SURFACE_SIDE_STYLE ('',( #11020 ) ) ;
#1074 = SURFACE_STYLE_FILL_AREA ( #7517 ) ;
#1075 = DIRECTION ( 'NONE',  ( -0.0000000000000000000, -0.0000000000000000000, 1.000000000000000000 ) ) ;
#1076 = CARTESIAN_POINT ( 'NONE',  ( -4.995000000000002800, -1.200000000000000400, 1.229999999999997500 ) ) ;
#1077 = DIRECTION ( 'NONE',  ( -1.000000000000000000, -0.0000000000000000000, -0.0000000000000000000 ) ) ;
#1078 = LINE ( 'NONE', #7958, #5702 ) ;
#1079 = EDGE_CURVE ( 'NONE', #5262, #2114, #6670, .T. ) ;
#1080 = DIRECTION ( 'NONE',  ( 4.336808689942015800E-016, -1.000000000000000000, -0.0000000000000000000 ) ) ;
#1081 = VECTOR ( 'NONE', #9199, 1000.000000000000000 ) ;
#1082 = CARTESIAN_POINT ( 'NONE',  ( 1.409999999999999700, 3.099999999999999600, 0.2000000000000018700 ) ) ;
#1083 = ORIENTED_EDGE ( 'NONE', *, *, #10677, .T. ) ;
#1084 = VERTEX_POINT ( 'NONE', #6657 ) ;
#1085 = MECHANICAL_DESIGN_GEOMETRIC_PRESENTATION_REPRESENTATION (  '', ( #11694 ), #1739 ) ;
#1086 = DIRECTION ( 'NONE',  ( 0.0000000000000000000, 0.0000000000000000000, -1.000000000000000000 ) ) ;
#1087 = COLOUR_RGB ( '',0.8000000000000000400, 0.8078431372549019800, 0.8000000000000000400 ) ;
#1088 = CARTESIAN_POINT ( 'NONE',  ( -2.449999999999999700, -1.400000000000000100, 1.124999999999998900 ) ) ;
#1089 = SURFACE_SIDE_STYLE ('',( #6636 ) ) ;
#1090 = ORIENTED_EDGE ( 'NONE', *, *, #7092, .T. ) ;
#1091 = ORIENTED_EDGE ( 'NONE', *, *, #11754, .F. ) ;
#1092 = CARTESIAN_POINT ( 'NONE',  ( 4.000000000000000000, 2.100000000000000100, 3.399999999999998100 ) ) ;
#1093 = FILL_AREA_STYLE ('',( #11704 ) ) ;
#1094 = EDGE_CURVE ( 'NONE', #11661, #1732, #9215, .T. ) ;
#1095 = FILL_AREA_STYLE ('',( #1055 ) ) ;
#1096 = LINE ( 'NONE', #6465, #801 ) ;
#1097 =( GEOMETRIC_REPRESENTATION_CONTEXT ( 3 ) GLOBAL_UNCERTAINTY_ASSIGNED_CONTEXT ( ( #11558 ) ) GLOBAL_UNIT_ASSIGNED_CONTEXT ( ( #4448, #11131, #5439 ) ) REPRESENTATION_CONTEXT ( 'NONE', 'WORKASPACE' ) );
#1098 = DIRECTION ( 'NONE',  ( 0.0000000000000000000, -0.0000000000000000000, 1.000000000000000000 ) ) ;
#1099 = EDGE_LOOP ( 'NONE', ( #10631, #1937, #9672, #4688 ) ) ;
#1100 = VERTEX_POINT ( 'NONE', #6761 ) ;
#1101 = ORIENTED_EDGE ( 'NONE', *, *, #1711, .F. ) ;
#1102 = MECHANICAL_DESIGN_GEOMETRIC_PRESENTATION_REPRESENTATION (  '', ( #11711 ), #1759 ) ;
#1103 = DIRECTION ( 'NONE',  ( -0.0000000000000000000, -0.0000000000000000000, 1.000000000000000000 ) ) ;
#1104 = ORIENTED_EDGE ( 'NONE', *, *, #11360, .F. ) ;
#1105 = CARTESIAN_POINT ( 'NONE',  ( 2.339999999999999900, 3.099999999999999600, 0.5000000000000017800 ) ) ;
#1106 = CARTESIAN_POINT ( 'NONE',  ( -1.090000000000000100, 2.299999999999999400, 0.2000000000000025400 ) ) ;
#1107 = VECTOR ( 'NONE', #3645, 1000.000000000000000 ) ;
#1108 = DIRECTION ( 'NONE',  ( -0.0000000000000000000, -0.0000000000000000000, -1.000000000000000000 ) ) ;
#1109 = UNCERTAINTY_MEASURE_WITH_UNIT (LENGTH_MEASURE( 1.000000000000000100E-005 ), #10534, 'distance_accuracy_value', 'NONE');
#1110 = LINE ( 'NONE', #186, #8602 ) ;
#1111 = SURFACE_SIDE_STYLE ('',( #12372 ) ) ;
#1112 = EDGE_LOOP ( 'NONE', ( #7013, #11957, #763, #10503 ) ) ;
#1113 = EDGE_CURVE ( 'NONE', #12523, #8720, #1758, .T. ) ;
#1114 = FILL_AREA_STYLE ('',( #1371 ) ) ;
#1115 = DIRECTION ( 'NONE',  ( -1.000000000000000000, -0.0000000000000000000, -0.0000000000000000000 ) ) ;
#1116 = DIRECTION ( 'NONE',  ( 0.7071067811865475700, -0.7071067811865475700, 0.0000000000000000000 ) ) ;
#1117 = ORIENTED_EDGE ( 'NONE', *, *, #9146, .F. ) ;
#1118 = CARTESIAN_POINT ( 'NONE',  ( 0.9999999999999986700, 2.100000000000000100, 2.899999999999997700 ) ) ;
#1119 = ORIENTED_EDGE ( 'NONE', *, *, #144, .F. ) ;
#1120 = PRESENTATION_LAYER_ASSIGNMENT (  '', '', ( #468 ) ) ;
#1121 = STYLED_ITEM ( 'NONE', ( #10131 ), #522 ) ;
#1122 = COLOUR_RGB ( '',0.8000000000000000400, 0.8078431372549019800, 0.8000000000000000400 ) ;
#1123 = ADVANCED_FACE ( 'NONE', ( #8917 ), #9904, .T. ) ;
#1124 = ORIENTED_EDGE ( 'NONE', *, *, #5293, .F. ) ;
#1125 = ORIENTED_EDGE ( 'NONE', *, *, #67, .T. ) ;
#1126 = DIRECTION ( 'NONE',  ( 0.0000000000000000000, 1.000000000000000000, -4.336808689942017700E-016 ) ) ;
#1127 = EDGE_CURVE ( 'NONE', #3633, #9608, #10553, .T. ) ;
#1128 = VECTOR ( 'NONE', #9745, 1000.000000000000000 ) ;
#1129 = MECHANICAL_DESIGN_GEOMETRIC_PRESENTATION_REPRESENTATION (  '', ( #11736 ), #1788 ) ;
#1130 = VECTOR ( 'NONE', #8107, 1000.000000000000000 ) ;
#1131 = CARTESIAN_POINT ( 'NONE',  ( 0.0000000000000000000, 1.099999999999999600, 1.729999999999999800 ) ) ;
#1132 = MECHANICAL_DESIGN_GEOMETRIC_PRESENTATION_REPRESENTATION (  '', ( #12394 ), #1797 ) ;
#1133 = ORIENTED_EDGE ( 'NONE', *, *, #1615, .T. ) ;
#1134 = EDGE_CURVE ( 'NONE', #7148, #10303, #5474, .T. ) ;
#1135 =( NAMED_UNIT ( * ) SI_UNIT ( $, .STERADIAN. ) SOLID_ANGLE_UNIT ( ) );
#1136 = DIRECTION ( 'NONE',  ( 0.0000000000000000000, 0.0000000000000000000, -1.000000000000000000 ) ) ;
#1137 =( LENGTH_UNIT ( ) NAMED_UNIT ( * ) SI_UNIT ( .MILLI., .METRE. ) );
#1138 = DIRECTION ( 'NONE',  ( 0.0000000000000000000, -1.000000000000000000, 0.0000000000000000000 ) ) ;
#1139 = LINE ( 'NONE', #2328, #5165 ) ;
#1140 = EDGE_CURVE ( 'NONE', #365, #4942, #8012, .T. ) ;
#1141 = CARTESIAN_POINT ( 'NONE',  ( 5.500000000000001800, -1.100000000000000500, 0.2500000000000000600 ) ) ;
#1142 = AXIS2_PLACEMENT_3D ( 'NONE', #5140, #5110, #5098 ) ;
#1143 = VERTEX_POINT ( 'NONE', #8461 ) ;
#1144 = SURFACE_SIDE_STYLE ('',( #3815 ) ) ;
#1145 = ORIENTED_EDGE ( 'NONE', *, *, #2223, .F. ) ;
#1146 = CARTESIAN_POINT ( 'NONE',  ( -2.660000000000000100, 1.500000000000000000, 1.700000000000000000 ) ) ;
#1147 = CARTESIAN_POINT ( 'NONE',  ( -1.300000000000000300, -1.400000000000000100, 1.699999999999998400 ) ) ;
#1148 = ORIENTED_EDGE ( 'NONE', *, *, #1134, .F. ) ;
#1149 = VECTOR ( 'NONE', #7264, 1000.000000000000000 ) ;
#1150 = ORIENTED_EDGE ( 'NONE', *, *, #706, .F. ) ;
#1151 = FILL_AREA_STYLE_COLOUR ( '', #11883 ) ;
#1152 = VECTOR ( 'NONE', #411, 1000.000000000000000 ) ;
#1153 = MECHANICAL_DESIGN_GEOMETRIC_PRESENTATION_REPRESENTATION (  '', ( #11770 ), #1822 ) ;
#1154 = VERTEX_POINT ( 'NONE', #8324 ) ;
#1155 = SURFACE_STYLE_USAGE ( .BOTH. , #1198 ) ;
#1156 = VERTEX_POINT ( 'NONE', #8246 ) ;
#1157 = EDGE_LOOP ( 'NONE', ( #7627, #2961, #57, #3189 ) ) ;
#1158 = DIRECTION ( 'NONE',  ( 1.000000000000000000, -0.0000000000000000000, 0.0000000000000000000 ) ) ;
#1159 = COLOUR_RGB ( '',0.8000000000000000400, 0.8078431372549019800, 0.8000000000000000400 ) ;
#1160 =( NAMED_UNIT ( * ) PLANE_ANGLE_UNIT ( ) SI_UNIT ( $, .RADIAN. ) );
#1161 = VERTEX_POINT ( 'NONE', #8973 ) ;
#1162 = SURFACE_STYLE_USAGE ( .BOTH. , #7041 ) ;
#1163 = CIRCLE ( 'NONE', #9204, 0.1999999999999996500 ) ;
#1164 = DIRECTION ( 'NONE',  ( -1.000000000000000000, 0.0000000000000000000, 0.0000000000000000000 ) ) ;
#1165 = VERTEX_POINT ( 'NONE', #8590 ) ;
#1166 = CARTESIAN_POINT ( 'NONE',  ( 4.995000000000001900, -1.200000000000000400, 1.529999999999997600 ) ) ;
#1167 = ORIENTED_EDGE ( 'NONE', *, *, #3486, .F. ) ;
#1168 = SURFACE_STYLE_FILL_AREA ( #7777 ) ;
#1169 = DIRECTION ( 'NONE',  ( 1.000000000000000000, 0.0000000000000000000, 0.0000000000000000000 ) ) ;
#1170 = SURFACE_STYLE_FILL_AREA ( #11042 ) ;
#1171 = PRESENTATION_STYLE_ASSIGNMENT (( #12044 ) ) ;
#1172 = SURFACE_SIDE_STYLE ('',( #414 ) ) ;
#1173 = VECTOR ( 'NONE', #5415, 1000.000000000000000 ) ;
#1174 = SURFACE_STYLE_USAGE ( .BOTH. , #1172 ) ;
#1175 = UNCERTAINTY_MEASURE_WITH_UNIT (LENGTH_MEASURE( 1.000000000000000100E-005 ), #12346, 'distance_accuracy_value', 'NONE');
#1176 = CARTESIAN_POINT ( 'NONE',  ( -1.090000000000000100, 2.000000000000000000, 0.8749999999999998900 ) ) ;
#1177 = FACE_OUTER_BOUND ( 'NONE', #3257, .T. ) ;
#1178 = EDGE_CURVE ( 'NONE', #583, #6668, #2547, .T. ) ;
#1179 = ADVANCED_FACE ( 'NONE', ( #2848 ), #9596, .T. ) ;
#1180 = DIRECTION ( 'NONE',  ( -1.000000000000000000, -0.0000000000000000000, 3.049318610115479700E-016 ) ) ;
#1181 = ORIENTED_EDGE ( 'NONE', *, *, #3306, .F. ) ;
#1182 = VERTEX_POINT ( 'NONE', #9524 ) ;
#1183 = DIRECTION ( 'NONE',  ( 0.0000000000000000000, 0.0000000000000000000, -1.000000000000000000 ) ) ;
#1184 = CARTESIAN_POINT ( 'NONE',  ( -2.425000000000000700, -0.6500000000000002400, 0.5999999999999967600 ) ) ;
#1185 = DIRECTION ( 'NONE',  ( 1.000000000000000000, 0.0000000000000000000, 0.0000000000000000000 ) ) ;
#1186 = VECTOR ( 'NONE', #3662, 1000.000000000000100 ) ;
#1187 = FACE_OUTER_BOUND ( 'NONE', #7490, .T. ) ;
#1188 = ORIENTED_EDGE ( 'NONE', *, *, #12406, .T. ) ;
#1189 = UNCERTAINTY_MEASURE_WITH_UNIT (LENGTH_MEASURE( 1.000000000000000100E-005 ), #6671, 'distance_accuracy_value', 'NONE');
#1190 = VERTEX_POINT ( 'NONE', #11218 ) ;
#1191 = PLANE ( 'NONE',  #5968 ) ;
#1192 = DIRECTION ( 'NONE',  ( -1.000000000000000000, -0.0000000000000000000, -0.0000000000000000000 ) ) ;
#1193 = DIRECTION ( 'NONE',  ( 0.0000000000000000000, 0.0000000000000000000, 1.000000000000000000 ) ) ;
#1194 = VECTOR ( 'NONE', #4087, 1000.000000000000000 ) ;
#1195 = ORIENTED_EDGE ( 'NONE', *, *, #11823, .T. ) ;
#1196 = CARTESIAN_POINT ( 'NONE',  ( 4.995000000000001900, -1.100000000000000500, 1.255000000000000100 ) ) ;
#1197 = EDGE_CURVE ( 'NONE', #6631, #6854, #10250, .T. ) ;
#1198 = SURFACE_SIDE_STYLE ('',( #11039 ) ) ;
#1199 = ORIENTED_EDGE ( 'NONE', *, *, #2772, .F. ) ;
#1200 = ORIENTED_EDGE ( 'NONE', *, *, #7776, .F. ) ;
#1201 = LINE ( 'NONE', #10116, #6137 ) ;
#1202 = LINE ( 'NONE', #2751, #11204 ) ;
#1203 = EDGE_LOOP ( 'NONE', ( #4063, #8233, #12133, #10228 ) ) ;
#1204 =( LENGTH_UNIT ( ) NAMED_UNIT ( * ) SI_UNIT ( .MILLI., .METRE. ) );
#1205 = ORIENTED_EDGE ( 'NONE', *, *, #1438, .F. ) ;
#1206 = DIRECTION ( 'NONE',  ( 0.0000000000000000000, 0.0000000000000000000, 1.000000000000000000 ) ) ;
#1207 =( NAMED_UNIT ( * ) PLANE_ANGLE_UNIT ( ) SI_UNIT ( $, .RADIAN. ) );
#1208 = CARTESIAN_POINT ( 'NONE',  ( -2.660000000000000100, 3.099999999999999600, 0.2000000000000018700 ) ) ;
#1209 = EDGE_CURVE ( 'NONE', #1791, #11634, #7417, .T. ) ;
#1210 = CARTESIAN_POINT ( 'NONE',  ( 3.400000000000002100, 0.8500000000000000900, 2.999999999999996400 ) ) ;
#1211 = VECTOR ( 'NONE', #6047, 1000.000000000000000 ) ;
#1212 = DIRECTION ( 'NONE',  ( 1.000000000000000000, 0.0000000000000000000, 5.421010862427526500E-017 ) ) ;
#1213 = EDGE_LOOP ( 'NONE', ( #9531, #4902, #1406, #2100 ) ) ;
#1214 = DIRECTION ( 'NONE',  ( -0.0000000000000000000, 0.0000000000000000000, 1.000000000000000000 ) ) ;
#1215 = VECTOR ( 'NONE', #596, 1000.000000000000200 ) ;
#1216 = EDGE_CURVE ( 'NONE', #4023, #8055, #2236, .T. ) ;
#1217 = EDGE_CURVE ( 'NONE', #10076, #11946, #9946, .T. ) ;
#1218 =( NAMED_UNIT ( * ) SI_UNIT ( $, .STERADIAN. ) SOLID_ANGLE_UNIT ( ) );
#1219 = ORIENTED_EDGE ( 'NONE', *, *, #12465, .F. ) ;
#1220 = AXIS2_PLACEMENT_3D ( 'NONE', #12300, #11985, #11977 ) ;
#1222 = ORIENTED_EDGE ( 'NONE', *, *, #7848, .F. ) ;
#1221 = CARTESIAN_POINT ( 'NONE',  ( 4.995000000000002800, 1.099999999999999600, 1.029999999999997100 ) ) ;
#1223 =( LENGTH_UNIT ( ) NAMED_UNIT ( * ) SI_UNIT ( .MILLI., .METRE. ) );
#1224 = VECTOR ( 'NONE', #4487, 1000.000000000000000 ) ;
#1225 = LINE ( 'NONE', #8993, #11223 ) ;
#1226 = FILL_AREA_STYLE ('',( #1478 ) ) ;
#1227 = DIRECTION ( 'NONE',  ( 0.0000000000000000000, -1.000000000000000000, -1.355252715606878800E-016 ) ) ;
#1228 = ORIENTED_EDGE ( 'NONE', *, *, #3485, .T. ) ;
#1229 = CARTESIAN_POINT ( 'NONE',  ( -1.090000000000000100, -1.400000000000000100, 1.524999999999998100 ) ) ;
#1230 = COLOUR_RGB ( '',0.8000000000000000400, 0.8078431372549019800, 0.8000000000000000400 ) ;
#1231 = ORIENTED_EDGE ( 'NONE', *, *, #7902, .F. ) ;
#1232 = PRESENTATION_LAYER_ASSIGNMENT (  '', '', ( #12477 ) ) ;
#1233 = FILL_AREA_STYLE ('',( #11390 ) ) ;
#1234 = EDGE_LOOP ( 'NONE', ( #2892, #7803, #11217, #3757 ) ) ;
#1235 = VERTEX_POINT ( 'NONE', #11876 ) ;
#1236 = DIRECTION ( 'NONE',  ( 2.891205793294679400E-015, 0.0000000000000000000, 1.000000000000000000 ) ) ;
#1237 = VECTOR ( 'NONE', #3243, 1000.000000000000000 ) ;
#1238 = SURFACE_STYLE_USAGE ( .BOTH. , #1252 ) ;
#1239 = MECHANICAL_DESIGN_GEOMETRIC_PRESENTATION_REPRESENTATION (  '', ( #12480 ), #1904 ) ;
#1240 = VECTOR ( 'NONE', #11192, 1000.000000000000000 ) ;
#1241 = CARTESIAN_POINT ( 'NONE',  ( -0.1599999999999999800, 1.500000000000000000, 1.775000000000001700 ) ) ;
#1242 = PLANE ( 'NONE',  #4825 ) ;
#1243 = LINE ( 'NONE', #9600, #8719 ) ;
#1244 = VERTEX_POINT ( 'NONE', #7665 ) ;
#1245 = AXIS2_PLACEMENT_3D ( 'NONE', #12115, #6404, #514 ) ;
#1246 = ORIENTED_EDGE ( 'NONE', *, *, #7411, .F. ) ;
#1247 = ADVANCED_FACE ( 'NONE', ( #12183 ), #12147, .T. ) ;
#1248 = DIRECTION ( 'NONE',  ( -0.0000000000000000000, 0.0000000000000000000, -1.000000000000000000 ) ) ;
#1249 = LINE ( 'NONE', #484, #10934 ) ;
#1250 =( GEOMETRIC_REPRESENTATION_CONTEXT ( 3 ) GLOBAL_UNCERTAINTY_ASSIGNED_CONTEXT ( ( #11483 ) ) GLOBAL_UNIT_ASSIGNED_CONTEXT ( ( #6799, #945, #7774 ) ) REPRESENTATION_CONTEXT ( 'NONE', 'WORKASPACE' ) );
#1251 = UNCERTAINTY_MEASURE_WITH_UNIT (LENGTH_MEASURE( 1.000000000000000100E-005 ), #6520, 'distance_accuracy_value', 'NONE');
#1252 = SURFACE_SIDE_STYLE ('',( #11033 ) ) ;
#1253 = ORIENTED_EDGE ( 'NONE', *, *, #6587, .T. ) ;
#1254 = PLANE ( 'NONE',  #892 ) ;
#1255 = EDGE_CURVE ( 'NONE', #12172, #5998, #11869, .T. ) ;
#1256 = VERTEX_POINT ( 'NONE', #9206 ) ;
#1257 = LINE ( 'NONE', #7364, #5889 ) ;
#1258 = DIRECTION ( 'NONE',  ( -1.000000000000000000, -0.0000000000000000000, -0.0000000000000000000 ) ) ;
#1259 = DIRECTION ( 'NONE',  ( 0.0000000000000000000, 0.0000000000000000000, -1.000000000000000000 ) ) ;
#1260 = FILL_AREA_STYLE ('',( #1720 ) ) ;
#1261 = UNCERTAINTY_MEASURE_WITH_UNIT (LENGTH_MEASURE( 1.000000000000000100E-005 ), #10198, 'distance_accuracy_value', 'NONE');
#1262 = PLANE ( 'NONE',  #4215 ) ;
#1263 = COLOUR_RGB ( '',0.8000000000000000400, 0.8078431372549019800, 0.8000000000000000400 ) ;
#1264 = AXIS2_PLACEMENT_3D ( 'NONE', #4163, #217, #7080 ) ;
#1265 = PLANE ( 'NONE',  #2416 ) ;
#1266 = DIRECTION ( 'NONE',  ( 0.7071067811865482400, -0.7071067811865469100, -4.380838333381072800E-016 ) ) ;
#1267 = CARTESIAN_POINT ( 'NONE',  ( -0.1599999999999999800, 2.649999999999999500, 1.375000000000002000 ) ) ;
#1268 = ORIENTED_EDGE ( 'NONE', *, *, #2531, .F. ) ;
#1269 = CARTESIAN_POINT ( 'NONE',  ( 2.339999999999999900, 1.500000000000000000, 0.9499999999999982900 ) ) ;
#1270 = LINE ( 'NONE', #696, #4229 ) ;
#1271 = DIRECTION ( 'NONE',  ( 1.000000000000000000, 0.0000000000000000000, 0.0000000000000000000 ) ) ;
#1272 = ORIENTED_EDGE ( 'NONE', *, *, #10450, .F. ) ;
#1273 = SURFACE_SIDE_STYLE ('',( #1577 ) ) ;
#1274 = CARTESIAN_POINT ( 'NONE',  ( 4.000000000000000000, 2.100000000000000100, 3.399999999999998100 ) ) ;
#1275 = CARTESIAN_POINT ( 'NONE',  ( 0.1599999999999999800, 3.099999999999999600, 0.5000000000000017800 ) ) ;
#1276 = DIRECTION ( 'NONE',  ( 0.0000000000000000000, 0.0000000000000000000, 1.000000000000000000 ) ) ;
#1277 = PLANE ( 'NONE',  #10000 ) ;
#1278 = ORIENTED_EDGE ( 'NONE', *, *, #2806, .F. ) ;
#1279 = DIRECTION ( 'NONE',  ( -0.0000000000000000000, 1.000000000000000000, 0.0000000000000000000 ) ) ;
#1280 = ORIENTED_EDGE ( 'NONE', *, *, #11394, .T. ) ;
#1281 = VERTEX_POINT ( 'NONE', #12278 ) ;
#1282 = ORIENTED_EDGE ( 'NONE', *, *, #6480, .F. ) ;
#1283 = VECTOR ( 'NONE', #11036, 1000.000000000000000 ) ;
#1284 = EDGE_CURVE ( 'NONE', #441, #4506, #4240, .T. ) ;
#1285 = VECTOR ( 'NONE', #2015, 1000.000000000000100 ) ;
#1286 = DIRECTION ( 'NONE',  ( -1.000000000000000000, 0.0000000000000000000, 5.421010862427526500E-017 ) ) ;
#1287 = DIRECTION ( 'NONE',  ( 1.000000000000000000, 0.0000000000000000000, -0.0000000000000000000 ) ) ;
#1288 = EDGE_CURVE ( 'NONE', #1591, #10801, #7103, .T. ) ;
#1289 = ORIENTED_EDGE ( 'NONE', *, *, #1677, .F. ) ;
#1290 = CARTESIAN_POINT ( 'NONE',  ( 4.225000000000001400, -1.100000000000000500, 1.155000000000000000 ) ) ;
#1291 = ADVANCED_FACE ( 'NONE', ( #11572 ), #10426, .F. ) ;
#1292 = VECTOR ( 'NONE', #5383, 1000.000000000000000 ) ;
#1293 = DIRECTION ( 'NONE',  ( 0.0000000000000000000, 0.0000000000000000000, -1.000000000000000000 ) ) ;
#1294 = CARTESIAN_POINT ( 'NONE',  ( 0.1600000000000000300, 1.500000000000000000, 1.700000000000000000 ) ) ;
#1295 = LINE ( 'NONE', #5555, #5923 ) ;
#1296 = SURFACE_STYLE_FILL_AREA ( #4091 ) ;
#1297 = PLANE ( 'NONE',  #7523 ) ;
#1298 = AXIS2_PLACEMENT_3D ( 'NONE', #797, #2744, #11797 ) ;
#1299 = EDGE_CURVE ( 'NONE', #1898, #10723, #3944, .T. ) ;
#1300 =( NAMED_UNIT ( * ) SI_UNIT ( $, .STERADIAN. ) SOLID_ANGLE_UNIT ( ) );
#1301 = AXIS2_PLACEMENT_3D ( 'NONE', #9691, #10651, #4913 ) ;
#1302 = ORIENTED_EDGE ( 'NONE', *, *, #9618, .F. ) ;
#1303 = LINE ( 'NONE', #6788, #6248 ) ;
#1304 = ADVANCED_FACE ( 'NONE', ( #9055 ), #11251, .F. ) ;
#1305 = PLANE ( 'NONE',  #7624 ) ;
#1306 = SURFACE_STYLE_USAGE ( .BOTH. , #7177 ) ;
#1307 = LINE ( 'NONE', #378, #6543 ) ;
#1308 = ORIENTED_EDGE ( 'NONE', *, *, #1044, .F. ) ;
#1309 = EDGE_CURVE ( 'NONE', #10600, #5675, #11275, .T. ) ;
#1310 = DIRECTION ( 'NONE',  ( -0.0000000000000000000, 1.000000000000000000, -0.0000000000000000000 ) ) ;
#1311 = ORIENTED_EDGE ( 'NONE', *, *, #7866, .F. ) ;
#1312 = FILL_AREA_STYLE_COLOUR ( '', #10352 ) ;
#1313 = STYLED_ITEM ( 'NONE', ( #6119 ), #5890 ) ;
#1314 = ORIENTED_EDGE ( 'NONE', *, *, #9677, .F. ) ;
#1315 = FACE_OUTER_BOUND ( 'NONE', #1771, .T. ) ;
#1316 = DIRECTION ( 'NONE',  ( 0.0000000000000000000, 0.0000000000000000000, -1.000000000000000000 ) ) ;
#1317 = FILL_AREA_STYLE ('',( #3795 ) ) ;
#1318 = DIRECTION ( 'NONE',  ( 1.000000000000000000, -2.710505431213763100E-016, 0.0000000000000000000 ) ) ;
#1319 = ORIENTED_EDGE ( 'NONE', *, *, #10615, .F. ) ;
#1320 = VECTOR ( 'NONE', #117, 1000.000000000000000 ) ;
#1321 = EDGE_LOOP ( 'NONE', ( #11238, #8472, #8041, #898 ) ) ;
#1322 = SURFACE_STYLE_USAGE ( .BOTH. , #1273 ) ;
#1323 =( GEOMETRIC_REPRESENTATION_CONTEXT ( 3 ) GLOBAL_UNCERTAINTY_ASSIGNED_CONTEXT ( ( #7836 ) ) GLOBAL_UNIT_ASSIGNED_CONTEXT ( ( #9307, #3529, #10249 ) ) REPRESENTATION_CONTEXT ( 'NONE', 'WORKASPACE' ) );
#1324 = CARTESIAN_POINT ( 'NONE',  ( 0.1600000000000000300, 1.500000000000000000, 1.774999999999999700 ) ) ;
#1325 = FILL_AREA_STYLE ('',( #2446 ) ) ;
#1326 = FACE_OUTER_BOUND ( 'NONE', #4915, .T. ) ;
#1327 = VECTOR ( 'NONE', #10687, 1000.000000000000000 ) ;
#1328 = VECTOR ( 'NONE', #9424, 1000.000000000000000 ) ;
#1329 = DIRECTION ( 'NONE',  ( 0.0000000000000000000, -0.7071067811865475700, 0.7071067811865475700 ) ) ;
#1330 =( GEOMETRIC_REPRESENTATION_CONTEXT ( 3 ) GLOBAL_UNCERTAINTY_ASSIGNED_CONTEXT ( ( #9298 ) ) GLOBAL_UNIT_ASSIGNED_CONTEXT ( ( #4212, #10905, #5191 ) ) REPRESENTATION_CONTEXT ( 'NONE', 'WORKASPACE' ) );
#1331 = ORIENTED_EDGE ( 'NONE', *, *, #9753, .F. ) ;
#1332 = CARTESIAN_POINT ( 'NONE',  ( -2.339999999999999900, 1.500000000000000000, 0.8749999999999998900 ) ) ;
#1333 = DIRECTION ( 'NONE',  ( 0.0000000000000000000, 0.0000000000000000000, -1.000000000000000000 ) ) ;
#1334 = DIRECTION ( 'NONE',  ( 3.833233541708437800E-017, -0.7071067811865476800, 0.7071067811865474600 ) ) ;
#1335 = VERTEX_POINT ( 'NONE', #7967 ) ;
#1336 = FACE_OUTER_BOUND ( 'NONE', #7279, .T. ) ;
#1337 = CARTESIAN_POINT ( 'NONE',  ( 1.409999999999999700, 0.0000000000000000000, 0.0000000000000000000 ) ) ;
#1338 = EDGE_CURVE ( 'NONE', #208, #1010, #3639, .T. ) ;
#1339 = VECTOR ( 'NONE', #10916, 1000.000000000000000 ) ;
#1340 = VECTOR ( 'NONE', #7261, 1000.000000000000000 ) ;
#1341 = LINE ( 'NONE', #8601, #6281 ) ;
#1342 = CARTESIAN_POINT ( 'NONE',  ( -0.1599999999999999800, 2.799999999999999800, 1.225000000000001900 ) ) ;
#1343 = PLANE ( 'NONE',  #11920 ) ;
#1344 = VECTOR ( 'NONE', #4355, 1000.000000000000000 ) ;
#1345 = CARTESIAN_POINT ( 'NONE',  ( -4.570000000000002100, 0.9949999999999976600, 1.134999999999998500 ) ) ;
#1346 = UNCERTAINTY_MEASURE_WITH_UNIT (LENGTH_MEASURE( 1.000000000000000100E-005 ), #6065, 'distance_accuracy_value', 'NONE');
#1347 = VECTOR ( 'NONE', #5933, 999.9999999999998900 ) ;
#1348 = FILL_AREA_STYLE ('',( #4297 ) ) ;
#1349 = CARTESIAN_POINT ( 'NONE',  ( 5.500000000000001800, 1.099999999999999600, 1.899999999999997700 ) ) ;
#1350 =( GEOMETRIC_REPRESENTATION_CONTEXT ( 3 ) GLOBAL_UNCERTAINTY_ASSIGNED_CONTEXT ( ( #11802 ) ) GLOBAL_UNIT_ASSIGNED_CONTEXT ( ( #5334, #12002, #6322 ) ) REPRESENTATION_CONTEXT ( 'NONE', 'WORKASPACE' ) );
#1351 = DIRECTION ( 'NONE',  ( 0.0000000000000000000, -1.000000000000000000, 0.0000000000000000000 ) ) ;
#1352 = ORIENTED_EDGE ( 'NONE', *, *, #8891, .F. ) ;
#1353 = COLOUR_RGB ( '',0.8000000000000000400, 0.8078431372549019800, 0.8000000000000000400 ) ;
#1354 = VERTEX_POINT ( 'NONE', #11893 ) ;
#1355 = CARTESIAN_POINT ( 'NONE',  ( 1.409999999999999700, 1.500000000000000000, 1.700000000000000000 ) ) ;
#1356 = VECTOR ( 'NONE', #1666, 1000.000000000000000 ) ;
#1357 = ORIENTED_EDGE ( 'NONE', *, *, #8460, .F. ) ;
#1358 = ORIENTED_EDGE ( 'NONE', *, *, #5810, .F. ) ;
#1359 = EDGE_CURVE ( 'NONE', #11158, #3216, #6515, .T. ) ;
#1360 = CARTESIAN_POINT ( 'NONE',  ( 4.664999999999999100, -1.200000000000000400, 0.2999999999999975500 ) ) ;
#1361 = CARTESIAN_POINT ( 'NONE',  ( 2.425000000000001200, 0.4999999999999989500, 0.5999999999999967600 ) ) ;
#1362 = CARTESIAN_POINT ( 'NONE',  ( 1.409999999999999700, 1.500000000000000000, 0.8750000000000017800 ) ) ;
#1363 = VECTOR ( 'NONE', #1911, 1000.000000000000000 ) ;
#1364 = ORIENTED_EDGE ( 'NONE', *, *, #12089, .T. ) ;
#1365 = CARTESIAN_POINT ( 'NONE',  ( -4.675000000000001600, 1.099999999999999600, 0.4499999999999999600 ) ) ;
#1366 = VERTEX_POINT ( 'NONE', #9361 ) ;
#1367 = EDGE_CURVE ( 'NONE', #7631, #9848, #5908, .T. ) ;
#1368 = ADVANCED_FACE ( 'NONE', ( #8466 ), #9068, .T. ) ;
#1369 = PLANE ( 'NONE',  #571 ) ;
#1370 = MECHANICAL_DESIGN_GEOMETRIC_PRESENTATION_REPRESENTATION (  '', ( #11971 ), #2035 ) ;
#1371 = FILL_AREA_STYLE_COLOUR ( '', #5966 ) ;
#1372 = SURFACE_STYLE_FILL_AREA ( #4514 ) ;
#1373 = CARTESIAN_POINT ( 'NONE',  ( -3.499999999999999600, 2.100000000000000100, 3.399999999999997700 ) ) ;
#1374 = CARTESIAN_POINT ( 'NONE',  ( 1.089999999999999900, 1.500000000000000000, 0.9499999999999982900 ) ) ;
#1375 = CARTESIAN_POINT ( 'NONE',  ( -1.409999999999999900, -0.8999999999999932500, 1.225000000000001900 ) ) ;
#1376 = ORIENTED_EDGE ( 'NONE', *, *, #5484, .F. ) ;
#1377 = FACE_OUTER_BOUND ( 'NONE', #4887, .T. ) ;
#1378 = CARTESIAN_POINT ( 'NONE',  ( 0.1599999999999999800, 2.900000000000000400, 1.788933584601082300E-015 ) ) ;
#1379 = VECTOR ( 'NONE', #5723, 1000.000000000000000 ) ;
#1380 = DIRECTION ( 'NONE',  ( 0.7071067811865474600, 0.0000000000000000000, 0.7071067811865474600 ) ) ;
#1381 = VERTEX_POINT ( 'NONE', #7651 ) ;
#1382 = EDGE_CURVE ( 'NONE', #6925, #6357, #10966, .T. ) ;
#1383 = DIRECTION ( 'NONE',  ( 0.0000000000000000000, -1.000000000000000000, -3.336006684570785100E-016 ) ) ;
#1384 = SURFACE_STYLE_FILL_AREA ( #9519 ) ;
#1385 = ADVANCED_FACE ( 'NONE', ( #682 ), #7222, .F. ) ;
#1386 = LINE ( 'NONE', #6978, #11063 ) ;
#1387 = DIRECTION ( 'NONE',  ( -0.0000000000000000000, -1.000000000000000000, -0.0000000000000000000 ) ) ;
#1388 = LINE ( 'NONE', #1998, #9152 ) ;
#1389 = FACE_OUTER_BOUND ( 'NONE', #10605, .T. ) ;
#1390 = CARTESIAN_POINT ( 'NONE',  ( -3.400000000000002100, -0.2000000000000005100, 2.999999999999996400 ) ) ;
#1391 = CARTESIAN_POINT ( 'NONE',  ( 2.339999999999999900, 1.500000000000000000, 1.700000000000000000 ) ) ;
#1392 = VERTEX_POINT ( 'NONE', #9117 ) ;
#1393 = AXIS2_PLACEMENT_3D ( 'NONE', #10650, #9252, #8306 ) ;
#1394 = DIRECTION ( 'NONE',  ( 0.0000000000000000000, -0.0000000000000000000, -1.000000000000000000 ) ) ;
#1395 = EDGE_CURVE ( 'NONE', #6943, #9474, #7250, .T. ) ;
#1396 = VERTEX_POINT ( 'NONE', #6287 ) ;
#1397 = PLANE ( 'NONE',  #8119 ) ;
#1398 = SURFACE_STYLE_FILL_AREA ( #9190 ) ;
#1399 = EDGE_CURVE ( 'NONE', #7156, #3715, #12322, .T. ) ;
#1400 = EDGE_CURVE ( 'NONE', #529, #729, #12023, .T. ) ;
#1401 = VECTOR ( 'NONE', #5859, 1000.000000000000000 ) ;
#1402 = MECHANICAL_DESIGN_GEOMETRIC_PRESENTATION_REPRESENTATION (  '', ( #11998 ), #2070 ) ;
#1403 = CARTESIAN_POINT ( 'NONE',  ( -1.090000000000000100, 3.099999999999999600, 0.2000000000000018700 ) ) ;
#1404 = ORIENTED_EDGE ( 'NONE', *, *, #7118, .T. ) ;
#1405 = DIRECTION ( 'NONE',  ( 0.0000000000000000000, 0.7071067811865460200, 0.7071067811865490200 ) ) ;
#1406 = ORIENTED_EDGE ( 'NONE', *, *, #8891, .T. ) ;
#1407 = DIRECTION ( 'NONE',  ( 0.0000000000000000000, 1.495451272393799300E-016, -1.000000000000000000 ) ) ;
#1408 = VERTEX_POINT ( 'NONE', #5308 ) ;
#1409 = LINE ( 'NONE', #698, #7966 ) ;
#1410 = FILL_AREA_STYLE_COLOUR ( '', #11673 ) ;
#1411 = DIRECTION ( 'NONE',  ( 0.0000000000000000000, -1.000000000000000000, 0.0000000000000000000 ) ) ;
#1412 =( GEOMETRIC_REPRESENTATION_CONTEXT ( 3 ) GLOBAL_UNCERTAINTY_ASSIGNED_CONTEXT ( ( #5850 ) ) GLOBAL_UNIT_ASSIGNED_CONTEXT ( ( #11127, #5430, #12100 ) ) REPRESENTATION_CONTEXT ( 'NONE', 'WORKASPACE' ) );
#1413 = DIRECTION ( 'NONE',  ( 0.0000000000000000000, -1.000000000000000000, -3.738628180984498200E-017 ) ) ;
#1414 = CARTESIAN_POINT ( 'NONE',  ( 2.660000000000000100, 2.649999999999999500, 1.225000000000001900 ) ) ;
#1415 = EDGE_LOOP ( 'NONE', ( #2756, #3210, #9185, #8299 ) ) ;
#1416 = ORIENTED_EDGE ( 'NONE', *, *, #9533, .F. ) ;
#1417 = DIRECTION ( 'NONE',  ( -2.710505431213763100E-016, -1.000000000000000000, 8.271997283564249000E-032 ) ) ;
#1418 = DIRECTION ( 'NONE',  ( -0.7071067811865463500, 0.0000000000000000000, -0.7071067811865487900 ) ) ;
#1419 = AXIS2_PLACEMENT_3D ( 'NONE', #589, #608, #633 ) ;
#1420 =( LENGTH_UNIT ( ) NAMED_UNIT ( * ) SI_UNIT ( .MILLI., .METRE. ) );
#1421 = UNCERTAINTY_MEASURE_WITH_UNIT (LENGTH_MEASURE( 1.000000000000000100E-005 ), #2846, 'distance_accuracy_value', 'NONE');
#1422 = CARTESIAN_POINT ( 'NONE',  ( -1.090000000000000100, 0.8500000000000000900, 0.9499999999999998400 ) ) ;
#1423 = LINE ( 'NONE', #584, #1107 ) ;
#1424 = FACE_OUTER_BOUND ( 'NONE', #1321, .T. ) ;
#1425 = STYLED_ITEM ( 'NONE', ( #3697 ), #8031 ) ;
#1426 = ORIENTED_EDGE ( 'NONE', *, *, #9630, .T. ) ;
#1427 = PLANE ( 'NONE',  #12084 ) ;
#1428 = ORIENTED_EDGE ( 'NONE', *, *, #12542, .F. ) ;
#1429 = DIRECTION ( 'NONE',  ( 1.000000000000000000, 0.0000000000000000000, 0.0000000000000000000 ) ) ;
#1430 = DIRECTION ( 'NONE',  ( 0.0000000000000000000, -1.000000000000000000, 0.0000000000000000000 ) ) ;
#1431 = PRESENTATION_STYLE_ASSIGNMENT (( #4872 ) ) ;
#1432 = CARTESIAN_POINT ( 'NONE',  ( -4.995000000000002800, 0.8999999999999991300, 1.229999999999997500 ) ) ;
#1433 = ADVANCED_FACE ( 'NONE', ( #6952 ), #6235, .F. ) ;
#1434 = CARTESIAN_POINT ( 'NONE',  ( 1.325000000000000000, 0.4999999999999990600, 0.5999999999999967600 ) ) ;
#1435 = CARTESIAN_POINT ( 'NONE',  ( -1.090000000000000100, 1.500000000000000000, 0.8750000000000017800 ) ) ;
#1436 = VECTOR ( 'NONE', #969, 1000.000000000000000 ) ;
#1437 = CARTESIAN_POINT ( 'NONE',  ( 0.9999999999999986700, 2.100000000000000100, 3.399999999999997700 ) ) ;
#1438 = EDGE_CURVE ( 'NONE', #9352, #2265, #11717, .T. ) ;
#1439 = ORIENTED_EDGE ( 'NONE', *, *, #2978, .F. ) ;
#1440 = ORIENTED_EDGE ( 'NONE', *, *, #7862, .F. ) ;
#1441 = ORIENTED_EDGE ( 'NONE', *, *, #7197, .T. ) ;
#1442 = VECTOR ( 'NONE', #1115, 1000.000000000000000 ) ;
#1443 = DIRECTION ( 'NONE',  ( 0.0000000000000000000, -1.000000000000000000, 0.0000000000000000000 ) ) ;
#1444 = CARTESIAN_POINT ( 'NONE',  ( 3.700000000000002000, 0.8500000000000000900, 2.299999999999996300 ) ) ;
#1445 =( GEOMETRIC_REPRESENTATION_CONTEXT ( 3 ) GLOBAL_UNCERTAINTY_ASSIGNED_CONTEXT ( ( #9898 ) ) GLOBAL_UNIT_ASSIGNED_CONTEXT ( ( #9660, #3907, #10619 ) ) REPRESENTATION_CONTEXT ( 'NONE', 'WORKASPACE' ) );
#1446 = ADVANCED_FACE ( 'NONE', ( #9203 ), #34, .F. ) ;
#1447 = LINE ( 'NONE', #8483, #6375 ) ;
#1448 = CARTESIAN_POINT ( 'NONE',  ( 1.409999999999999700, 2.299999999999999400, 0.6750000000000020400 ) ) ;
#1449 = PLANE ( 'NONE',  #3426 ) ;
#1450 = VERTEX_POINT ( 'NONE', #1373 ) ;
#1451 = FILL_AREA_STYLE_COLOUR ( '', #9238 ) ;
#1452 = EDGE_CURVE ( 'NONE', #5883, #11607, #6665, .T. ) ;
#1453 = CARTESIAN_POINT ( 'NONE',  ( -2.024999999999999900, -0.6500000000000003600, 3.423118842698616300 ) ) ;
#1454 = COLOUR_RGB ( '',0.8000000000000000400, 0.8078431372549019800, 0.8000000000000000400 ) ;
#1455 = DIRECTION ( 'NONE',  ( 0.0000000000000000000, 0.0000000000000000000, -1.000000000000000000 ) ) ;
#1456 = CARTESIAN_POINT ( 'NONE',  ( -4.000000000000001800, 1.099999999999999600, 2.699999999999999700 ) ) ;
#1457 = CARTESIAN_POINT ( 'NONE',  ( -1.409999999999999900, 1.500000000000000000, 0.8750000000000017800 ) ) ;
#1458 = CARTESIAN_POINT ( 'NONE',  ( -4.475000000000001400, -1.100000000000000500, 1.155000000000000000 ) ) ;
#1459 = VECTOR ( 'NONE', #3281, 1000.000000000000000 ) ;
#1460 = CARTESIAN_POINT ( 'NONE',  ( -2.339999999999999900, 2.900000000000000400, 1.788933584601082300E-015 ) ) ;
#1461 = ORIENTED_EDGE ( 'NONE', *, *, #2326, .F. ) ;
#1462 = EDGE_CURVE ( 'NONE', #4370, #9171, #4386, .T. ) ;
#1463 = EDGE_LOOP ( 'NONE', ( #313, #6576, #11269, #9157 ) ) ;
#1464 = VECTOR ( 'NONE', #8120, 1000.000000000000000 ) ;
#1465 = ORIENTED_EDGE ( 'NONE', *, *, #3542, .T. ) ;
#1466 = DIRECTION ( 'NONE',  ( 0.0000000000000000000, 0.0000000000000000000, -1.000000000000000000 ) ) ;
#1467 = CARTESIAN_POINT ( 'NONE',  ( 1.089999999999999900, 0.8500000000000000900, 1.700000000000000000 ) ) ;
#1468 = CARTESIAN_POINT ( 'NONE',  ( 4.598333333333331800, 0.9666666666666651200, 0.3666666666666653600 ) ) ;
#1469 = EDGE_CURVE ( 'NONE', #2904, #9220, #11417, .T. ) ;
#1470 = LINE ( 'NONE', #630, #11743 ) ;
#1471 = EDGE_CURVE ( 'NONE', #10652, #3285, #8904, .T. ) ;
#1472 = DIRECTION ( 'NONE',  ( 0.0000000000000000000, 1.000000000000000000, 0.0000000000000000000 ) ) ;
#1473 = ORIENTED_EDGE ( 'NONE', *, *, #7183, .T. ) ;
#1474 = DIRECTION ( 'NONE',  ( 0.0000000000000000000, -0.0000000000000000000, 1.000000000000000000 ) ) ;
#1475 = DIRECTION ( 'NONE',  ( 0.0000000000000000000, 0.0000000000000000000, 1.000000000000000000 ) ) ;
#1476 = ORIENTED_EDGE ( 'NONE', *, *, #4518, .T. ) ;
#1477 = DIRECTION ( 'NONE',  ( 0.0000000000000000000, 0.0000000000000000000, 1.000000000000000000 ) ) ;
#1478 = FILL_AREA_STYLE_COLOUR ( '', #438 ) ;
#1479 = VECTOR ( 'NONE', #4139, 1000.000000000000000 ) ;
#1480 = PRESENTATION_STYLE_ASSIGNMENT (( #831 ) ) ;
#1481 =( GEOMETRIC_REPRESENTATION_CONTEXT ( 3 ) GLOBAL_UNCERTAINTY_ASSIGNED_CONTEXT ( ( #1810 ) ) GLOBAL_UNIT_ASSIGNED_CONTEXT ( ( #10453, #10401, #6974 ) ) REPRESENTATION_CONTEXT ( 'NONE', 'WORKASPACE' ) );
#1482 = EDGE_CURVE ( 'NONE', #11624, #9873, #4086, .T. ) ;
#1483 = ORIENTED_EDGE ( 'NONE', *, *, #227, .T. ) ;
#1484 = FACE_OUTER_BOUND ( 'NONE', #10982, .T. ) ;
#1485 = STYLED_ITEM ( 'NONE', ( #10694 ), #9459 ) ;
#1487 = ORIENTED_EDGE ( 'NONE', *, *, #3321, .T. ) ;
#1486 =( LENGTH_UNIT ( ) NAMED_UNIT ( * ) SI_UNIT ( .MILLI., .METRE. ) );
#1488 = VERTEX_POINT ( 'NONE', #1836 ) ;
#1489 = ORIENTED_EDGE ( 'NONE', *, *, #8572, .T. ) ;
#1490 = EDGE_CURVE ( 'NONE', #2372, #4384, #3477, .T. ) ;
#1491 = CYLINDRICAL_SURFACE ( 'NONE', #10304, 0.1999999999999998700 ) ;
#1492 = DIRECTION ( 'NONE',  ( 0.0000000000000000000, -0.0000000000000000000, -1.000000000000000000 ) ) ;
#1493 = VECTOR ( 'NONE', #9532, 1000.000000000000000 ) ;
#1494 = DIRECTION ( 'NONE',  ( -1.000000000000000000, 0.0000000000000000000, 0.0000000000000000000 ) ) ;
#1495 = VECTOR ( 'NONE', #9207, 999.9999999999998900 ) ;
#1496 = ADVANCED_FACE ( 'NONE', ( #6055 ), #8909, .T. ) ;
#1497 = PLANE ( 'NONE',  #9609 ) ;
#1498 = DIRECTION ( 'NONE',  ( -0.0000000000000000000, -1.000000000000000000, -0.0000000000000000000 ) ) ;
#1499 =( GEOMETRIC_REPRESENTATION_CONTEXT ( 3 ) GLOBAL_UNCERTAINTY_ASSIGNED_CONTEXT ( ( #1346 ) ) GLOBAL_UNIT_ASSIGNED_CONTEXT ( ( #6065, #173, #7029 ) ) REPRESENTATION_CONTEXT ( 'NONE', 'WORKASPACE' ) );
#1500 = ORIENTED_EDGE ( 'NONE', *, *, #2977, .T. ) ;
#1501 = ORIENTED_EDGE ( 'NONE', *, *, #1469, .F. ) ;
#1502 = VERTEX_POINT ( 'NONE', #2710 ) ;
#1503 = CARTESIAN_POINT ( 'NONE',  ( 5.500000000000001800, -1.100000000000000500, 0.4499999999999999600 ) ) ;
#1504 = CARTESIAN_POINT ( 'NONE',  ( -5.700000000000001100, -0.8999999999999991300, 0.2500000000000001100 ) ) ;
#1505 = AXIS2_PLACEMENT_3D ( 'NONE', #2780, #10513, #4780 ) ;
#1506 = UNCERTAINTY_MEASURE_WITH_UNIT (LENGTH_MEASURE( 1.000000000000000100E-005 ), #5166, 'distance_accuracy_value', 'NONE');
#1507 = PRESENTATION_STYLE_ASSIGNMENT (( #12284 ) ) ;
#1508 = DIRECTION ( 'NONE',  ( -0.7071067811865443500, 0.7071067811865506800, 1.121922012207343200E-016 ) ) ;
#1509 = VECTOR ( 'NONE', #354, 1000.000000000000000 ) ;
#1510 = ORIENTED_EDGE ( 'NONE', *, *, #10662, .F. ) ;
#1511 = UNCERTAINTY_MEASURE_WITH_UNIT (LENGTH_MEASURE( 1.000000000000000100E-005 ), #11978, 'distance_accuracy_value', 'NONE');
#1512 = EDGE_LOOP ( 'NONE', ( #6640, #1566, #4663, #7960 ) ) ;
#1513 = ORIENTED_EDGE ( 'NONE', *, *, #7285, .T. ) ;
#1514 = PRESENTATION_STYLE_ASSIGNMENT (( #4187 ) ) ;
#1515 = ADVANCED_FACE ( 'NONE', ( #8316 ), #2839, .F. ) ;
#1516 =( NAMED_UNIT ( * ) SI_UNIT ( $, .STERADIAN. ) SOLID_ANGLE_UNIT ( ) );
#1517 = EDGE_CURVE ( 'NONE', #11645, #755, #5754, .T. ) ;
#1518 = ORIENTED_EDGE ( 'NONE', *, *, #11186, .T. ) ;
#1519 = CARTESIAN_POINT ( 'NONE',  ( -4.000000000000001800, -1.700000000000000400, 2.699999999999999700 ) ) ;
#1520 = SURFACE_STYLE_USAGE ( .BOTH. , #9297 ) ;
#1521 = PLANE ( 'NONE',  #1837 ) ;
#1522 = DIRECTION ( 'NONE',  ( 0.5773502691896222900, -0.5773502691896274000, -0.5773502691896275100 ) ) ;
#1523 = CARTESIAN_POINT ( 'NONE',  ( 2.749999999999999600, 2.100000000000000100, 3.399999999999997700 ) ) ;
#1524 = VECTOR ( 'NONE', #1212, 1000.000000000000000 ) ;
#1525 = FILL_AREA_STYLE ('',( #8310 ) ) ;
#1526 = VECTOR ( 'NONE', #3041, 1000.000000000000000 ) ;
#1527 =( NAMED_UNIT ( * ) SI_UNIT ( $, .STERADIAN. ) SOLID_ANGLE_UNIT ( ) );
#1528 = VERTEX_POINT ( 'NONE', #486 ) ;
#1529 = AXIS2_PLACEMENT_3D ( 'NONE', #2916, #5871, #12535 ) ;
#1530 = ORIENTED_EDGE ( 'NONE', *, *, #8348, .T. ) ;
#1531 = COLOUR_RGB ( '',0.8000000000000000400, 0.8078431372549019800, 0.8000000000000000400 ) ;
#1532 = EDGE_LOOP ( 'NONE', ( #7141, #1376, #8640, #6140 ) ) ;
#1533 = ORIENTED_EDGE ( 'NONE', *, *, #3064, .F. ) ;
#1534 = EDGE_CURVE ( 'NONE', #8765, #9754, #11123, .T. ) ;
#1535 = DIRECTION ( 'NONE',  ( 0.0000000000000000000, 0.0000000000000000000, -1.000000000000000000 ) ) ;
#1536 = ORIENTED_EDGE ( 'NONE', *, *, #8729, .F. ) ;
#1537 = VECTOR ( 'NONE', #5255, 1000.000000000000000 ) ;
#1538 =( NAMED_UNIT ( * ) PLANE_ANGLE_UNIT ( ) SI_UNIT ( $, .RADIAN. ) );
#1539 =( NAMED_UNIT ( * ) SI_UNIT ( $, .STERADIAN. ) SOLID_ANGLE_UNIT ( ) );
#1540 = ORIENTED_EDGE ( 'NONE', *, *, #8681, .F. ) ;
#1541 = ORIENTED_EDGE ( 'NONE', *, *, #9213, .T. ) ;
#1542 = CARTESIAN_POINT ( 'NONE',  ( -1.090000000000000100, 1.500000000000000000, 0.8750000000000017800 ) ) ;
#1543 = CARTESIAN_POINT ( 'NONE',  ( -1.090000000000000100, 3.099999999999999600, 0.5000000000000017800 ) ) ;
#1544 = DIRECTION ( 'NONE',  ( 0.0000000000000000000, 0.0000000000000000000, 1.000000000000000000 ) ) ;
#1545 = VECTOR ( 'NONE', #8552, 1000.000000000000000 ) ;
#1546 = CARTESIAN_POINT ( 'NONE',  ( 0.1599999999999999800, 1.500000000000000000, 1.775000000000001700 ) ) ;
#1547 = ORIENTED_EDGE ( 'NONE', *, *, #5122, .T. ) ;
#1548 = VECTOR ( 'NONE', #3120, 1000.000000000000000 ) ;
#1549 = CARTESIAN_POINT ( 'NONE',  ( 4.235000000000002100, -1.200000000000000400, 0.2999999999999975500 ) ) ;
#1550 = EDGE_CURVE ( 'NONE', #12400, #12249, #3152, .T. ) ;
#1551 = ORIENTED_EDGE ( 'NONE', *, *, #8303, .F. ) ;
#1552 = ORIENTED_EDGE ( 'NONE', *, *, #11102, .T. ) ;
#1553 = PRESENTATION_LAYER_ASSIGNMENT (  '', '', ( #218 ) ) ;
#1554 = VERTEX_POINT ( 'NONE', #7332 ) ;
#1555 =( NAMED_UNIT ( * ) PLANE_ANGLE_UNIT ( ) SI_UNIT ( $, .RADIAN. ) );
#1556 = VECTOR ( 'NONE', #3150, 1000.000000000000000 ) ;
#1557 = FACE_BOUND ( 'NONE', #2915, .T. ) ;
#1558 = FILL_AREA_STYLE ('',( #11068 ) ) ;
#1559 = CARTESIAN_POINT ( 'NONE',  ( -4.675000000000001600, -1.100000000000000500, 0.4499999999999999600 ) ) ;
#1561 = LINE ( 'NONE', #9550, #4515 ) ;
#1560 = CARTESIAN_POINT ( 'NONE',  ( -4.000000000000001800, 2.100000000000000100, 0.5000000000000013300 ) ) ;
#1562 = ADVANCED_FACE ( 'NONE', ( #5463 ), #5720, .T. ) ;
#1563 = EDGE_CURVE ( 'NONE', #1554, #8057, #202, .T. ) ;
#1564 = VERTEX_POINT ( 'NONE', #518 ) ;
#1565 = CARTESIAN_POINT ( 'NONE',  ( -1.090000000000000100, 2.499999999999999600, 1.734723475976807100E-015 ) ) ;
#1566 = ORIENTED_EDGE ( 'NONE', *, *, #7058, .F. ) ;
#1567 =( GEOMETRIC_REPRESENTATION_CONTEXT ( 3 ) GLOBAL_UNCERTAINTY_ASSIGNED_CONTEXT ( ( #11573 ) ) GLOBAL_UNIT_ASSIGNED_CONTEXT ( ( #11294, #5595, #12262 ) ) REPRESENTATION_CONTEXT ( 'NONE', 'WORKASPACE' ) );
#1568 = EDGE_CURVE ( 'NONE', #12074, #7403, #7710, .T. ) ;
#1569 = VECTOR ( 'NONE', #619, 1000.000000000000000 ) ;
#1570 = FACE_OUTER_BOUND ( 'NONE', #437, .T. ) ;
#1571 =( LENGTH_UNIT ( ) NAMED_UNIT ( * ) SI_UNIT ( .MILLI., .METRE. ) );
#1572 = EDGE_LOOP ( 'NONE', ( #5751, #9103, #11654, #4064 ) ) ;
#1573 = ADVANCED_FACE ( 'NONE', ( #10239 ), #10543, .F. ) ;
#1574 = CARTESIAN_POINT ( 'NONE',  ( -0.1599999999999999800, 1.500000000000000000, 1.774999999999999700 ) ) ;
#1575 = AXIS2_PLACEMENT_3D ( 'NONE', #1210, #2226, #9012 ) ;
#1576 = CARTESIAN_POINT ( 'NONE',  ( 0.9999999999999986700, 1.500000000000000400, 3.399999999999997700 ) ) ;
#1577 = SURFACE_STYLE_FILL_AREA ( #1317 ) ;
#1578 = DIRECTION ( 'NONE',  ( -1.000000000000000000, -0.0000000000000000000, -0.0000000000000000000 ) ) ;
#1579 = EDGE_LOOP ( 'NONE', ( #5159, #3236, #4965, #3685 ) ) ;
#1580 = DIRECTION ( 'NONE',  ( 0.0000000000000000000, 1.000000000000000000, 0.0000000000000000000 ) ) ;
#1581 = COLOUR_RGB ( '',0.8000000000000000400, 0.8078431372549019800, 0.8000000000000000400 ) ;
#1582 = LINE ( 'NONE', #2524, #9344 ) ;
#1583 = ORIENTED_EDGE ( 'NONE', *, *, #4634, .F. ) ;
#1584 = UNCERTAINTY_MEASURE_WITH_UNIT (LENGTH_MEASURE( 1.000000000000000100E-005 ), #9789, 'distance_accuracy_value', 'NONE');
#1585 = CARTESIAN_POINT ( 'NONE',  ( 1.724999999999999600, -0.6500000000000012400, 0.1999999999999982600 ) ) ;
#1586 = CARTESIAN_POINT ( 'NONE',  ( 3.400000000000002100, -1.800000000000000500, 2.999999999999996400 ) ) ;
#1587 = VECTOR ( 'NONE', #7676, 1000.000000000000100 ) ;
#1588 =( NAMED_UNIT ( * ) PLANE_ANGLE_UNIT ( ) SI_UNIT ( $, .RADIAN. ) );
#1589 = CARTESIAN_POINT ( 'NONE',  ( 2.749999999999999600, 2.100000000000000100, 2.899999999999997700 ) ) ;
#1590 = DIRECTION ( 'NONE',  ( 0.7071067811865468000, 0.7071067811865483500, -0.0000000000000000000 ) ) ;
#1591 = VERTEX_POINT ( 'NONE', #10574 ) ;
#1592 = CARTESIAN_POINT ( 'NONE',  ( 3.800000000000001600, -2.100000000000000100, -2.385244779468109800E-015 ) ) ;
#1593 = CARTESIAN_POINT ( 'NONE',  ( 2.660000000000000100, 2.000000000000000000, 1.775000000000001500 ) ) ;
#1594 = LINE ( 'NONE', #10285, #9353 ) ;
#1595 = CARTESIAN_POINT ( 'NONE',  ( 4.575000000000002000, 1.099999999999999600, 1.255000000000000100 ) ) ;
#1596 = SURFACE_SIDE_STYLE ('',( #1778 ) ) ;
#1597 =( LENGTH_UNIT ( ) NAMED_UNIT ( * ) SI_UNIT ( .MILLI., .METRE. ) );
#1598 = DIRECTION ( 'NONE',  ( -1.000000000000000000, -0.0000000000000000000, -0.0000000000000000000 ) ) ;
#1599 = ORIENTED_EDGE ( 'NONE', *, *, #9995, .F. ) ;
#1600 = DIRECTION ( 'NONE',  ( -1.000000000000000000, -8.673617379884042400E-016, 0.0000000000000000000 ) ) ;
#1601 = VECTOR ( 'NONE', #10348, 1000.000000000000000 ) ;
#1602 = LINE ( 'NONE', #9622, #11575 ) ;
#1603 = EDGE_CURVE ( 'NONE', #12266, #8804, #6795, .T. ) ;
#1604 = EDGE_CURVE ( 'NONE', #8368, #12031, #1594, .T. ) ;
#1605 = VERTEX_POINT ( 'NONE', #3823 ) ;
#1606 = SURFACE_STYLE_USAGE ( .BOTH. , #1596 ) ;
#1607 = VECTOR ( 'NONE', #5505, 1000.000000000000000 ) ;
#1608 = LINE ( 'NONE', #10233, #9069 ) ;
#1609 = DIRECTION ( 'NONE',  ( 0.0000000000000000000, -0.0000000000000000000, 1.000000000000000000 ) ) ;
#1610 = DIRECTION ( 'NONE',  ( -0.0000000000000000000, -0.0000000000000000000, 1.000000000000000000 ) ) ;
#1611 = CARTESIAN_POINT ( 'NONE',  ( -4.045000000000004400, -1.200000000000000400, 0.2999999999999975500 ) ) ;
#1612 = LINE ( 'NONE', #2103, #9071 ) ;
#1613 = CARTESIAN_POINT ( 'NONE',  ( 2.339999999999999900, 1.500000000000000000, 0.8750000000000017800 ) ) ;
#1614 = ADVANCED_FACE ( 'NONE', ( #3934 ), #2558, .F. ) ;
#1615 = EDGE_CURVE ( 'NONE', #7587, #10763, #1270, .T. ) ;
#1616 = CARTESIAN_POINT ( 'NONE',  ( -3.400000000000002100, -1.800000000000000500, 2.999999999999997300 ) ) ;
#1617 = ORIENTED_EDGE ( 'NONE', *, *, #4546, .T. ) ;
#1618 = FILL_AREA_STYLE_COLOUR ( '', #10700 ) ;
#1619 = DIRECTION ( 'NONE',  ( 0.0000000000000000000, 1.000000000000000000, 0.0000000000000000000 ) ) ;
#1620 = COLOUR_RGB ( '',0.8000000000000000400, 0.8078431372549019800, 0.8000000000000000400 ) ;
#1621 = SURFACE_SIDE_STYLE ('',( #8622 ) ) ;
#1622 = ORIENTED_EDGE ( 'NONE', *, *, #9810, .F. ) ;
#1623 =( NAMED_UNIT ( * ) SI_UNIT ( $, .STERADIAN. ) SOLID_ANGLE_UNIT ( ) );
#1624 = VECTOR ( 'NONE', #4660, 1000.000000000000000 ) ;
#1625 =( GEOMETRIC_REPRESENTATION_CONTEXT ( 3 ) GLOBAL_UNCERTAINTY_ASSIGNED_CONTEXT ( ( #7150 ) ) GLOBAL_UNIT_ASSIGNED_CONTEXT ( ( #7572, #3915, #2854 ) ) REPRESENTATION_CONTEXT ( 'NONE', 'WORKASPACE' ) );
#1626 = ORIENTED_EDGE ( 'NONE', *, *, #2389, .T. ) ;
#1627 = EDGE_CURVE ( 'NONE', #3989, #3604, #6504, .T. ) ;
#1628 = ADVANCED_FACE ( 'NONE', ( #11262 ), #4512, .F. ) ;
#1629 = ORIENTED_EDGE ( 'NONE', *, *, #11212, .T. ) ;
#1630 = LINE ( 'NONE', #6841, #11606 ) ;
#1631 = CARTESIAN_POINT ( 'NONE',  ( 4.000000000000001800, 2.000000000000000000, 0.4999999999999991700 ) ) ;
#1632 =( NAMED_UNIT ( * ) SI_UNIT ( $, .STERADIAN. ) SOLID_ANGLE_UNIT ( ) );
#1633 = VECTOR ( 'NONE', #472, 1000.000000000000000 ) ;
#1634 = DIRECTION ( 'NONE',  ( -1.000000000000000000, -0.0000000000000000000, 0.0000000000000000000 ) ) ;
#1635 = EDGE_CURVE ( 'NONE', #6801, #3821, #3622, .T. ) ;
#1636 = PRESENTATION_STYLE_ASSIGNMENT (( #5610 ) ) ;
#1637 = EDGE_CURVE ( 'NONE', #86, #3018, #9044, .T. ) ;
#1638 = VERTEX_POINT ( 'NONE', #9543 ) ;
#1639 = VECTOR ( 'NONE', #12139, 1000.000000000000000 ) ;
#1640 = DIRECTION ( 'NONE',  ( -1.000000000000000000, -0.0000000000000000000, -0.0000000000000000000 ) ) ;
#1641 = DIRECTION ( 'NONE',  ( 0.0000000000000000000, -1.000000000000000000, 0.0000000000000000000 ) ) ;
#1642 = VERTEX_POINT ( 'NONE', #9423 ) ;
#1643 = VERTEX_POINT ( 'NONE', #651 ) ;
#1644 = VECTOR ( 'NONE', #12319, 1000.000000000000000 ) ;
#1645 = EDGE_LOOP ( 'NONE', ( #296, #8793, #931, #8045 ) ) ;
#1646 =( GEOMETRIC_REPRESENTATION_CONTEXT ( 3 ) GLOBAL_UNCERTAINTY_ASSIGNED_CONTEXT ( ( #4924 ) ) GLOBAL_UNIT_ASSIGNED_CONTEXT ( ( #7690, #7595, #7557 ) ) REPRESENTATION_CONTEXT ( 'NONE', 'WORKASPACE' ) );
#1647 = CARTESIAN_POINT ( 'NONE',  ( 0.1599999999999999800, 2.499999999999999600, 1.734723475976807100E-015 ) ) ;
#1648 = UNCERTAINTY_MEASURE_WITH_UNIT (LENGTH_MEASURE( 1.000000000000000100E-005 ), #1486, 'distance_accuracy_value', 'NONE');
#1649 = ORIENTED_EDGE ( 'NONE', *, *, #335, .F. ) ;
#1650 = VECTOR ( 'NONE', #8371, 1000.000000000000000 ) ;
#1651 = LINE ( 'NONE', #6280, #6572 ) ;
#1652 = ORIENTED_EDGE ( 'NONE', *, *, #3321, .F. ) ;
#1653 = VECTOR ( 'NONE', #7943, 1000.000000000000000 ) ;
#1654 = DIRECTION ( 'NONE',  ( -0.0000000000000000000, -0.0000000000000000000, 1.000000000000000000 ) ) ;
#1655 = STYLED_ITEM ( 'NONE', ( #7003 ), #347 ) ;
#1656 = CARTESIAN_POINT ( 'NONE',  ( 1.409999999999999700, 2.649999999999999500, 1.225000000000001900 ) ) ;
#1657 = LINE ( 'NONE', #11821, #4006 ) ;
#1658 = VERTEX_POINT ( 'NONE', #11357 ) ;
#1659 = CARTESIAN_POINT ( 'NONE',  ( -3.400000000000002100, 0.8500000000000000900, 2.999999999999997300 ) ) ;
#1660 = PLANE ( 'NONE',  #6028 ) ;
#1661 = LINE ( 'NONE', #2017, #9125 ) ;
#1662 = UNCERTAINTY_MEASURE_WITH_UNIT (LENGTH_MEASURE( 1.000000000000000100E-005 ), #11966, 'distance_accuracy_value', 'NONE');
#1663 = EDGE_LOOP ( 'NONE', ( #1840, #8275, #7714, #3192 ) ) ;
#1664 = AXIS2_PLACEMENT_3D ( 'NONE', #7771, #1926, #8733 ) ;
#1665 = DIRECTION ( 'NONE',  ( 0.0000000000000000000, -1.000000000000000000, -1.355252715606878800E-016 ) ) ;
#1666 = DIRECTION ( 'NONE',  ( 0.0000000000000000000, 1.000000000000000000, 1.355252715606878600E-016 ) ) ;
#1667 = ORIENTED_EDGE ( 'NONE', *, *, #2283, .T. ) ;
#1668 = DIRECTION ( 'NONE',  ( 1.000000000000000000, 0.0000000000000000000, 1.626303258728256700E-016 ) ) ;
#1669 = CARTESIAN_POINT ( 'NONE',  ( -2.660000000000000100, 1.500000000000000000, 0.9499999999999982900 ) ) ;
#1670 =( NAMED_UNIT ( * ) SI_UNIT ( $, .STERADIAN. ) SOLID_ANGLE_UNIT ( ) );
#1671 = EDGE_LOOP ( 'NONE', ( #4052, #2677, #2778, #7380, #9369, #1473, #1518, #10281 ) ) ;
#1672 = DIRECTION ( 'NONE',  ( 3.051828337366604500E-016, -0.0000000000000000000, 1.000000000000000000 ) ) ;
#1673 = ORIENTED_EDGE ( 'NONE', *, *, #10006, .F. ) ;
#1674 = LINE ( 'NONE', #4842, #9139 ) ;
#1675 = ORIENTED_EDGE ( 'NONE', *, *, #2856, .T. ) ;
#1676 = FACE_OUTER_BOUND ( 'NONE', #9047, .T. ) ;
#1677 = EDGE_CURVE ( 'NONE', #8152, #2372, #970, .T. ) ;
#1678 = CARTESIAN_POINT ( 'NONE',  ( 1.724999999999999900, -0.6500000000000012400, 0.5999999999999967600 ) ) ;
#1679 = CARTESIAN_POINT ( 'NONE',  ( -2.339999999999999900, 2.799999999999999400, 0.5000000000000017800 ) ) ;
#1680 = CARTESIAN_POINT ( 'NONE',  ( -3.901666666666675700, 0.3266666666666764900, 0.4666666666666660100 ) ) ;
#1681 = ADVANCED_FACE ( 'NONE', ( #669 ), #5905, .F. ) ;
#1682 = ORIENTED_EDGE ( 'NONE', *, *, #11996, .T. ) ;
#1683 = CARTESIAN_POINT ( 'NONE',  ( -4.500000000000002700, -1.700000000000000400, 2.199999999999997500 ) ) ;
#1684 = AXIS2_PLACEMENT_3D ( 'NONE', #611, #9377, #3613 ) ;
#1685 = LINE ( 'NONE', #10435, #4332 ) ;
#1686 = LINE ( 'NONE', #6446, #11663 ) ;
#1687 = VECTOR ( 'NONE', #10115, 1000.000000000000000 ) ;
#1688 = ORIENTED_EDGE ( 'NONE', *, *, #8944, .F. ) ;
#1689 = CARTESIAN_POINT ( 'NONE',  ( -2.339999999999999900, 2.649999999999999500, 1.225000000000001900 ) ) ;
#1690 = ORIENTED_EDGE ( 'NONE', *, *, #9128, .F. ) ;
#1691 = EDGE_CURVE ( 'NONE', #6889, #9754, #5898, .T. ) ;
#1692 = ADVANCED_FACE ( 'NONE', ( #8154 ), #6908, .T. ) ;
#1693 = CARTESIAN_POINT ( 'NONE',  ( 5.200000000000001100, 1.099999999999999600, 2.199999999999997500 ) ) ;
#1694 = CARTESIAN_POINT ( 'NONE',  ( -2.339999999999999900, 2.099999999999999600, 0.6750000000000020400 ) ) ;
#1695 = FACE_OUTER_BOUND ( 'NONE', #5520, .T. ) ;
#1696 = FACE_OUTER_BOUND ( 'NONE', #10611, .T. ) ;
#1697 = DIRECTION ( 'NONE',  ( 0.9766444667050906400, 0.2148617826751166900, 0.0000000000000000000 ) ) ;
#1698 = CARTESIAN_POINT ( 'NONE',  ( -4.995000000000001900, 1.099999999999999600, 1.255000000000000100 ) ) ;
#1699 = LINE ( 'NONE', #6813, #1401 ) ;
#1700 = ORIENTED_EDGE ( 'NONE', *, *, #5984, .T. ) ;
#1701 = PRESENTATION_LAYER_ASSIGNMENT (  '', '', ( #1039 ) ) ;
#1702 = CARTESIAN_POINT ( 'NONE',  ( -4.475000000000001400, -1.100000000000000500, 1.155000000000000000 ) ) ;
#1703 = EDGE_CURVE ( 'NONE', #5599, #10093, #4690, .T. ) ;
#1704 = ORIENTED_EDGE ( 'NONE', *, *, #11407, .T. ) ;
#1705 = PLANE ( 'NONE',  #11197 ) ;
#1706 =( NAMED_UNIT ( * ) SI_UNIT ( $, .STERADIAN. ) SOLID_ANGLE_UNIT ( ) );
#1707 = DIRECTION ( 'NONE',  ( -1.000000000000000000, -0.0000000000000000000, -0.0000000000000000000 ) ) ;
#1708 = LINE ( 'NONE', #3346, #9175 ) ;
#1709 = DIRECTION ( 'NONE',  ( -0.0000000000000000000, -0.0000000000000000000, 1.000000000000000000 ) ) ;
#1710 = EDGE_CURVE ( 'NONE', #4150, #3516, #7241, .T. ) ;
#1711 = EDGE_CURVE ( 'NONE', #7886, #4770, #12008, .T. ) ;
#1712 = AXIS2_PLACEMENT_3D ( 'NONE', #8083, #8070, #5401 ) ;
#1713 = ORIENTED_EDGE ( 'NONE', *, *, #1850, .T. ) ;
#1714 = CARTESIAN_POINT ( 'NONE',  ( -5.000000000000000900, 1.099999999999999600, 0.2999999999999975500 ) ) ;
#1715 = VERTEX_POINT ( 'NONE', #9126 ) ;
#1716 = CARTESIAN_POINT ( 'NONE',  ( 1.409999999999999700, 1.500000000000000000, 0.8749999999999998900 ) ) ;
#1717 = DIRECTION ( 'NONE',  ( -0.0000000000000000000, -1.000000000000000000, -0.0000000000000000000 ) ) ;
#1718 = DIRECTION ( 'NONE',  ( 1.000000000000000000, 0.0000000000000000000, 0.0000000000000000000 ) ) ;
#1719 = FILL_AREA_STYLE ('',( #5652 ) ) ;
#1720 = FILL_AREA_STYLE_COLOUR ( '', #5980 ) ;
#1721 = DIRECTION ( 'NONE',  ( -0.0000000000000000000, 0.7071067811865489100, 0.7071067811865462400 ) ) ;
#1722 = MECHANICAL_DESIGN_GEOMETRIC_PRESENTATION_REPRESENTATION (  '', ( #12317 ), #2406 ) ;
#1723 = PRESENTATION_STYLE_ASSIGNMENT (( #4638 ) ) ;
#1724 = CARTESIAN_POINT ( 'NONE',  ( 0.1599999999999999800, 2.649999999999999500, 1.375000000000002000 ) ) ;
#1725 = EDGE_CURVE ( 'NONE', #9714, #9649, #11707, .T. ) ;
#1726 = DIRECTION ( 'NONE',  ( -0.0000000000000000000, 1.000000000000000000, -0.0000000000000000000 ) ) ;
#1727 = PRESENTATION_LAYER_ASSIGNMENT (  '', '', ( #420 ) ) ;
#1728 = PLANE ( 'NONE',  #1505 ) ;
#1729 = LINE ( 'NONE', #7964, #9184 ) ;
#1730 = EDGE_LOOP ( 'NONE', ( #12413, #2159, #11075, #12049 ) ) ;
#1731 = EDGE_CURVE ( 'NONE', #4958, #1396, #1733, .T. ) ;
#1732 = VERTEX_POINT ( 'NONE', #6245 ) ;
#1733 = LINE ( 'NONE', #11981, #6940 ) ;
#1734 = DIRECTION ( 'NONE',  ( 0.0000000000000000000, 0.0000000000000000000, -1.000000000000000000 ) ) ;
#1735 = UNCERTAINTY_MEASURE_WITH_UNIT (LENGTH_MEASURE( 1.000000000000000100E-005 ), #12114, 'distance_accuracy_value', 'NONE');
#1736 = EDGE_LOOP ( 'NONE', ( #11152, #9852, #6566, #7618 ) ) ;
#1738 = LINE ( 'NONE', #509, #11409 ) ;
#1737 = CARTESIAN_POINT ( 'NONE',  ( 1.725000000000000300, -2.100000000000000100, 3.423118842698616800 ) ) ;
#1739 =( GEOMETRIC_REPRESENTATION_CONTEXT ( 3 ) GLOBAL_UNCERTAINTY_ASSIGNED_CONTEXT ( ( #4779 ) ) GLOBAL_UNIT_ASSIGNED_CONTEXT ( ( #2901, #9671, #3917 ) ) REPRESENTATION_CONTEXT ( 'NONE', 'WORKASPACE' ) );
#1740 = SURFACE_SIDE_STYLE ('',( #2109 ) ) ;
#1741 = CARTESIAN_POINT ( 'NONE',  ( 4.235000000000002100, 0.8999999999999991300, 1.529999999999997600 ) ) ;
#1742 = ORIENTED_EDGE ( 'NONE', *, *, #3621, .F. ) ;
#1743 = ADVANCED_FACE ( 'NONE', ( #4080 ), #7232, .F. ) ;
#1744 = VECTOR ( 'NONE', #4192, 1000.000000000000000 ) ;
#1745 = DIRECTION ( 'NONE',  ( 1.000000000000000000, 0.0000000000000000000, -0.0000000000000000000 ) ) ;
#1746 = CARTESIAN_POINT ( 'NONE',  ( 2.660000000000000100, 2.000000000000000000, 1.774999999999999700 ) ) ;
#1747 = LINE ( 'NONE', #8945, #4390 ) ;
#1748 = CARTESIAN_POINT ( 'NONE',  ( 4.675000000000001600, 1.099999999999999600, 0.4499999999999999600 ) ) ;
#1749 = PRESENTATION_STYLE_ASSIGNMENT (( #4541 ) ) ;
#1750 = CARTESIAN_POINT ( 'NONE',  ( 0.1599999999999999800, 1.500000000000000000, 1.775000000000001700 ) ) ;
#1751 = EDGE_CURVE ( 'NONE', #3713, #4926, #506, .T. ) ;
#1752 = DIRECTION ( 'NONE',  ( -1.000000000000000000, -0.0000000000000000000, -0.0000000000000000000 ) ) ;
#1753 = CARTESIAN_POINT ( 'NONE',  ( -2.660000000000000100, 2.299999999999999400, 0.6750000000000020400 ) ) ;
#1754 =( NAMED_UNIT ( * ) PLANE_ANGLE_UNIT ( ) SI_UNIT ( $, .RADIAN. ) );
#1755 = ORIENTED_EDGE ( 'NONE', *, *, #8247, .F. ) ;
#1756 = EDGE_LOOP ( 'NONE', ( #8054, #9441, #11669, #1222, #12085, #1800, #4951, #6948, #4885, #11242, #5931, #11921 ) ) ;
#1757 = ADVANCED_FACE ( 'NONE', ( #3137 ), #8632, .F. ) ;
#1758 = LINE ( 'NONE', #6561, #11429 ) ;
#1759 =( GEOMETRIC_REPRESENTATION_CONTEXT ( 3 ) GLOBAL_UNCERTAINTY_ASSIGNED_CONTEXT ( ( #12472 ) ) GLOBAL_UNIT_ASSIGNED_CONTEXT ( ( #3720, #10430, #4694 ) ) REPRESENTATION_CONTEXT ( 'NONE', 'WORKASPACE' ) );
#1760 = COLOUR_RGB ( '',0.8000000000000000400, 0.8078431372549019800, 0.8000000000000000400 ) ;
#1761 = DIRECTION ( 'NONE',  ( 3.833233541708421200E-017, 0.7071067811865506800, -0.7071067811865443500 ) ) ;
#1762 = CARTESIAN_POINT ( 'NONE',  ( -3.100000000000001400, -0.5000000000000003300, 2.999999999999997300 ) ) ;
#1763 = FACE_OUTER_BOUND ( 'NONE', #3847, .T. ) ;
#1764 = DIRECTION ( 'NONE',  ( 0.0000000000000000000, -0.7071067811865462400, 0.7071067811865489100 ) ) ;
#1765 = CARTESIAN_POINT ( 'NONE',  ( 2.024999999999999900, -1.800000000000000000, 0.5999999999999967600 ) ) ;
#1766 = DIRECTION ( 'NONE',  ( 0.0000000000000000000, 1.000000000000000000, 3.336006684570786100E-016 ) ) ;
#1767 = ORIENTED_EDGE ( 'NONE', *, *, #3656, .T. ) ;
#1768 = EDGE_CURVE ( 'NONE', #2790, #3703, #9642, .T. ) ;
#1769 = SURFACE_STYLE_FILL_AREA ( #3361 ) ;
#1770 = VECTOR ( 'NONE', #1236, 1000.000000000000000 ) ;
#1771 = EDGE_LOOP ( 'NONE', ( #906, #764, #3541, #8197 ) ) ;
#1772 = LINE ( 'NONE', #965, #4109 ) ;
#1773 = ORIENTED_EDGE ( 'NONE', *, *, #9926, .T. ) ;
#1774 = MECHANICAL_DESIGN_GEOMETRIC_PRESENTATION_REPRESENTATION (  '', ( #468 ), #2470 ) ;
#1775 = AXIS2_PLACEMENT_3D ( 'NONE', #933, #907, #971 ) ;
#1776 = VERTEX_POINT ( 'NONE', #8593 ) ;
#1777 = DIRECTION ( 'NONE',  ( 1.495451272393799800E-016, 1.000000000000000000, 0.0000000000000000000 ) ) ;
#1778 = SURFACE_STYLE_FILL_AREA ( #575 ) ;
#1779 = FILL_AREA_STYLE_COLOUR ( '', #7944 ) ;
#1780 = VECTOR ( 'NONE', #11799, 1000.000000000000000 ) ;
#1781 = DIRECTION ( 'NONE',  ( -3.051828337366604500E-016, 0.0000000000000000000, -1.000000000000000000 ) ) ;
#1782 = LINE ( 'NONE', #1762, #4429 ) ;
#1783 = ORIENTED_EDGE ( 'NONE', *, *, #7373, .F. ) ;
#1784 = EDGE_CURVE ( 'NONE', #6950, #11814, #1888, .T. ) ;
#1785 = LINE ( 'NONE', #8358, #9244 ) ;
#1786 = CARTESIAN_POINT ( 'NONE',  ( -1.090000000000000100, 1.500000000000000000, 0.9499999999999998400 ) ) ;
#1787 = ORIENTED_EDGE ( 'NONE', *, *, #11830, .F. ) ;
#1788 =( GEOMETRIC_REPRESENTATION_CONTEXT ( 3 ) GLOBAL_UNCERTAINTY_ASSIGNED_CONTEXT ( ( #2152 ) ) GLOBAL_UNIT_ASSIGNED_CONTEXT ( ( #5289, #5247, #5158 ) ) REPRESENTATION_CONTEXT ( 'NONE', 'WORKASPACE' ) );
#1789 = CARTESIAN_POINT ( 'NONE',  ( -1.090000000000000100, -0.8999999999999914700, 1.124999999999998900 ) ) ;
#1790 = CARTESIAN_POINT ( 'NONE',  ( -4.995000000000001900, -1.100000000000000500, 1.504999999999999900 ) ) ;
#1791 = VERTEX_POINT ( 'NONE', #4774 ) ;
#1792 = CARTESIAN_POINT ( 'NONE',  ( 0.1599999999999999800, 2.799999999999999800, 1.225000000000001900 ) ) ;
#1793 =( NAMED_UNIT ( * ) PLANE_ANGLE_UNIT ( ) SI_UNIT ( $, .RADIAN. ) );
#1794 = LINE ( 'NONE', #7607, #6705 ) ;
#1795 = DIRECTION ( 'NONE',  ( 1.000000000000000000, 0.0000000000000000000, 0.0000000000000000000 ) ) ;
#1796 = CIRCLE ( 'NONE', #9246, 0.1999999999999998700 ) ;
#1797 =( GEOMETRIC_REPRESENTATION_CONTEXT ( 3 ) GLOBAL_UNCERTAINTY_ASSIGNED_CONTEXT ( ( #7450 ) ) GLOBAL_UNIT_ASSIGNED_CONTEXT ( ( #4232, #7097, #9032 ) ) REPRESENTATION_CONTEXT ( 'NONE', 'WORKASPACE' ) );
#1798 = CARTESIAN_POINT ( 'NONE',  ( 2.660000000000000100, -0.8999999999999950300, 1.699999999999998400 ) ) ;
#1799 = VECTOR ( 'NONE', #11175, 1000.000000000000000 ) ;
#1800 = ORIENTED_EDGE ( 'NONE', *, *, #3752, .F. ) ;
#1801 = EDGE_CURVE ( 'NONE', #8344, #11437, #12163, .T. ) ;
#1802 = ORIENTED_EDGE ( 'NONE', *, *, #9738, .T. ) ;
#1803 = ORIENTED_EDGE ( 'NONE', *, *, #5648, .F. ) ;
#1804 = EDGE_LOOP ( 'NONE', ( #3777, #11757, #9137, #8685 ) ) ;
#1805 = VECTOR ( 'NONE', #1472, 1000.000000000000000 ) ;
#1806 = DIRECTION ( 'NONE',  ( 0.0000000000000000000, 1.000000000000000000, 0.0000000000000000000 ) ) ;
#1807 =( NAMED_UNIT ( * ) PLANE_ANGLE_UNIT ( ) SI_UNIT ( $, .RADIAN. ) );
#1808 = CARTESIAN_POINT ( 'NONE',  ( 2.339999999999999900, 1.500000000000000000, 1.700000000000000000 ) ) ;
#1809 = EDGE_CURVE ( 'NONE', #9933, #7601, #9343, .T. ) ;
#1810 = UNCERTAINTY_MEASURE_WITH_UNIT (LENGTH_MEASURE( 1.000000000000000100E-005 ), #10453, 'distance_accuracy_value', 'NONE');
#1811 = ADVANCED_FACE ( 'NONE', ( #4216 ), #1297, .F. ) ;
#1812 = STYLED_ITEM ( 'NONE', ( #11954 ), #5456 ) ;
#1813 = EDGE_LOOP ( 'NONE', ( #12318, #7295, #9335, #3955 ) ) ;
#1814 = LINE ( 'NONE', #12200, #12090 ) ;
#1815 = CARTESIAN_POINT ( 'NONE',  ( -1.324999999999999500, -0.6500000000000003600, 3.423118842698616300 ) ) ;
#1816 = LINE ( 'NONE', #194, #8676 ) ;
#1817 = ORIENTED_EDGE ( 'NONE', *, *, #8816, .F. ) ;
#1818 = VERTEX_POINT ( 'NONE', #10578 ) ;
#1819 = VECTOR ( 'NONE', #9028, 1000.000000000000000 ) ;
#1820 = STYLED_ITEM ( 'NONE', ( #6200 ), #6586 ) ;
#1821 = ORIENTED_EDGE ( 'NONE', *, *, #12450, .F. ) ;
#1822 =( GEOMETRIC_REPRESENTATION_CONTEXT ( 3 ) GLOBAL_UNCERTAINTY_ASSIGNED_CONTEXT ( ( #1976 ) ) GLOBAL_UNIT_ASSIGNED_CONTEXT ( ( #4742, #11411, #5715 ) ) REPRESENTATION_CONTEXT ( 'NONE', 'WORKASPACE' ) );
#1823 = FACE_OUTER_BOUND ( 'NONE', #10751, .T. ) ;
#1824 = EDGE_LOOP ( 'NONE', ( #12401, #452, #7955, #1622, #11487 ) ) ;
#1825 = ADVANCED_FACE ( 'NONE', ( #656 ), #10111, .F. ) ;
#1826 = LINE ( 'NONE', #3826, #1526 ) ;
#1827 = ORIENTED_EDGE ( 'NONE', *, *, #5267, .F. ) ;
#1828 = DIRECTION ( 'NONE',  ( 0.5773502691896245100, 0.5773502691896264000, 0.5773502691896264000 ) ) ;
#1829 = ORIENTED_EDGE ( 'NONE', *, *, #9446, .F. ) ;
#1830 = DIRECTION ( 'NONE',  ( 0.0000000000000000000, -1.000000000000000000, 0.0000000000000000000 ) ) ;
#1831 = PRESENTATION_STYLE_ASSIGNMENT (( #10724 ) ) ;
#1832 = DIRECTION ( 'NONE',  ( 1.000000000000000000, 0.0000000000000000000, -3.051828337366604500E-016 ) ) ;
#1833 = VERTEX_POINT ( 'NONE', #6067 ) ;
#1834 = CARTESIAN_POINT ( 'NONE',  ( -4.000000000000000000, 1.500000000000000400, 3.399999999999997700 ) ) ;
#1835 = CARTESIAN_POINT ( 'NONE',  ( -1.324999999999999300, 0.4999999999999995600, 3.423118842698616300 ) ) ;
#1836 = CARTESIAN_POINT ( 'NONE',  ( 1.089999999999999900, 1.500000000000000000, 0.8749999999999998900 ) ) ;
#1837 = AXIS2_PLACEMENT_3D ( 'NONE', #5452, #3523, #10243 ) ;
#1838 = SURFACE_STYLE_FILL_AREA ( #9646 ) ;
#1839 = CARTESIAN_POINT ( 'NONE',  ( 4.665000000000004500, -1.200000000000000400, 1.229999999999997800 ) ) ;
#1840 = ORIENTED_EDGE ( 'NONE', *, *, #6229, .T. ) ;
#1841 = EDGE_LOOP ( 'NONE', ( #11605, #11306, #10514, #10443 ) ) ;
#1842 = SURFACE_STYLE_FILL_AREA ( #4257 ) ;
#1843 = DIRECTION ( 'NONE',  ( 0.7071067811865475700, 0.0000000000000000000, -0.7071067811865475700 ) ) ;
#1844 = LINE ( 'NONE', #4542, #11813 ) ;
#1845 = DIRECTION ( 'NONE',  ( 0.0000000000000000000, 1.000000000000000000, 0.0000000000000000000 ) ) ;
#1846 = SURFACE_SIDE_STYLE ('',( #12363 ) ) ;
#1847 = VERTEX_POINT ( 'NONE', #7319 ) ;
#1848 = ORIENTED_EDGE ( 'NONE', *, *, #10502, .F. ) ;
#1849 = CARTESIAN_POINT ( 'NONE',  ( 1.304546929712187200, -1.379332137671877000, 1.532233751814841200 ) ) ;
#1850 = EDGE_CURVE ( 'NONE', #2597, #10472, #10670, .T. ) ;
#1851 = VECTOR ( 'NONE', #9237, 1000.000000000000000 ) ;
#1852 = DIRECTION ( 'NONE',  ( 0.0000000000000000000, 0.0000000000000000000, 1.000000000000000000 ) ) ;
#1853 = VERTEX_POINT ( 'NONE', #7992 ) ;
#1854 = EDGE_CURVE ( 'NONE', #869, #6205, #5888, .T. ) ;
#1855 =( NAMED_UNIT ( * ) PLANE_ANGLE_UNIT ( ) SI_UNIT ( $, .RADIAN. ) );
#1856 = ORIENTED_EDGE ( 'NONE', *, *, #8342, .T. ) ;
#1857 = ORIENTED_EDGE ( 'NONE', *, *, #1885, .T. ) ;
#1858 = STYLED_ITEM ( 'NONE', ( #3691 ), #12096 ) ;
#1859 = ORIENTED_EDGE ( 'NONE', *, *, #8738, .T. ) ;
#1860 = ORIENTED_EDGE ( 'NONE', *, *, #8496, .F. ) ;
#1861 = LINE ( 'NONE', #7939, #11826 ) ;
#1862 = FACE_OUTER_BOUND ( 'NONE', #2462, .T. ) ;
#1863 = DIRECTION ( 'NONE',  ( 0.0000000000000000000, 0.3303504247281046600, 0.9438583563660178900 ) ) ;
#1864 = CARTESIAN_POINT ( 'NONE',  ( -1.725000000000000500, -0.6500000000000003600, 0.1999999999999993200 ) ) ;
#1865 = VECTOR ( 'NONE', #1726, 1000.000000000000000 ) ;
#1866 = VERTEX_POINT ( 'NONE', #6580 ) ;
#1867 = EDGE_CURVE ( 'NONE', #1591, #10658, #8147, .T. ) ;
#1868 = VERTEX_POINT ( 'NONE', #11141 ) ;
#1869 = DIRECTION ( 'NONE',  ( 0.7071067811865474600, 0.0000000000000000000, -0.7071067811865474600 ) ) ;
#1870 = SURFACE_SIDE_STYLE ('',( #4929 ) ) ;
#1871 = CARTESIAN_POINT ( 'NONE',  ( -1.090000000000000100, 2.000000000000000000, 1.775000000000001500 ) ) ;
#1872 = PLANE ( 'NONE',  #11529 ) ;
#1873 = CARTESIAN_POINT ( 'NONE',  ( 1.409999999999999700, 1.500000000000000000, 0.8749999999999998900 ) ) ;
#1874 = SURFACE_STYLE_FILL_AREA ( #9648 ) ;
#1875 = VECTOR ( 'NONE', #1938, 1000.000000000000000 ) ;
#1876 = DIRECTION ( 'NONE',  ( 0.2033118901005200000, 0.9241449550023809200, 0.3234507342508306500 ) ) ;
#1877 = AXIS2_PLACEMENT_3D ( 'NONE', #8503, #2352, #1852 ) ;
#1878 = COLOUR_RGB ( '',0.8000000000000000400, 0.8078431372549019800, 0.8000000000000000400 ) ;
#1879 = EDGE_CURVE ( 'NONE', #5945, #8578, #10374, .T. ) ;
#1880 = CARTESIAN_POINT ( 'NONE',  ( -1.090000000000000100, 2.499999999999999600, 1.734723475976807100E-015 ) ) ;
#1881 = CLOSED_SHELL ( 'NONE', ( #4419, #8353, #7349, #1385, #9173, #4369, #6967, #9540, #7916, #7259, #7200, #3924, #11208, #10838, #6211, #3745, #2733, #10084, #532, #11316, #7663, #5084, #156, #2294 ) ) ;
#1882 = DIRECTION ( 'NONE',  ( -3.049318610115481200E-016, 0.0000000000000000000, -1.000000000000000000 ) ) ;
#1883 = LINE ( 'NONE', #3867, #9338 ) ;
#1884 = CARTESIAN_POINT ( 'NONE',  ( -5.500000000000001800, -1.700000000000000400, 1.899999999999997700 ) ) ;
#1885 = EDGE_CURVE ( 'NONE', #11121, #10597, #3299, .T. ) ;
#1886 = EDGE_CURVE ( 'NONE', #10174, #7973, #5292, .T. ) ;
#1887 = FILL_AREA_STYLE ('',( #7728 ) ) ;
#1888 = LINE ( 'NONE', #3620, #11849 ) ;
#1889 = VECTOR ( 'NONE', #1987, 1000.000000000000000 ) ;
#1890 = EDGE_LOOP ( 'NONE', ( #8875, #10314, #11083, #12305 ) ) ;
#1891 = ADVANCED_FACE ( 'NONE', ( #2364 ), #12034, .F. ) ;
#1892 = LINE ( 'NONE', #6818, #1587 ) ;
#1893 = PLANE ( 'NONE',  #5747 ) ;
#1894 = CARTESIAN_POINT ( 'NONE',  ( 4.475000000000001400, 0.8999999999999991300, 0.4899999999999967200 ) ) ;
#1895 = DIRECTION ( 'NONE',  ( 0.0000000000000000000, 0.0000000000000000000, 1.000000000000000000 ) ) ;
#1896 = DIRECTION ( 'NONE',  ( -1.000000000000000000, 0.0000000000000000000, 0.0000000000000000000 ) ) ;
#1897 = DIRECTION ( 'NONE',  ( -0.2033118901005206400, 0.9241449550023804700, -0.3234507342508316000 ) ) ;
#1898 = VERTEX_POINT ( 'NONE', #7529 ) ;
#1899 = SURFACE_SIDE_STYLE ('',( #7819 ) ) ;
#1900 = MECHANICAL_DESIGN_GEOMETRIC_PRESENTATION_REPRESENTATION (  '', ( #12477 ), #2573 ) ;
#1901 = UNCERTAINTY_MEASURE_WITH_UNIT (LENGTH_MEASURE( 1.000000000000000100E-005 ), #2770, 'distance_accuracy_value', 'NONE');
#1902 = ORIENTED_EDGE ( 'NONE', *, *, #2660, .T. ) ;
#1903 = FACE_OUTER_BOUND ( 'NONE', #9732, .T. ) ;
#1904 =( GEOMETRIC_REPRESENTATION_CONTEXT ( 3 ) GLOBAL_UNCERTAINTY_ASSIGNED_CONTEXT ( ( #10212 ) ) GLOBAL_UNIT_ASSIGNED_CONTEXT ( ( #4269, #9373, #4320 ) ) REPRESENTATION_CONTEXT ( 'NONE', 'WORKASPACE' ) );
#1905 = CARTESIAN_POINT ( 'NONE',  ( -4.475000000000001400, 0.8999999999999973600, 0.2999999999999975500 ) ) ;
#1906 = CARTESIAN_POINT ( 'NONE',  ( -1.090000000000000100, -0.8999999999999958000, 0.9499999999999981800 ) ) ;
#1907 = DIRECTION ( 'NONE',  ( 0.0000000000000000000, -1.000000000000000000, 4.336808689942018200E-016 ) ) ;
#1908 = ORIENTED_EDGE ( 'NONE', *, *, #10421, .T. ) ;
#1909 = CARTESIAN_POINT ( 'NONE',  ( -3.700000000000002000, -2.100000000000000100, 2.999999999999997300 ) ) ;
#1910 = VECTOR ( 'NONE', #12016, 1000.000000000000000 ) ;
#1911 = DIRECTION ( 'NONE',  ( 0.0000000000000000000, -1.000000000000000000, -1.495451272393799000E-016 ) ) ;
#1912 = AXIS2_PLACEMENT_3D ( 'NONE', #8370, #2552, #9329 ) ;
#1913 = LINE ( 'NONE', #5791, #9362 ) ;
#1914 = CARTESIAN_POINT ( 'NONE',  ( 1.409999999999999700, 2.799999999999999400, 0.5000000000000017800 ) ) ;
#1915 = DIRECTION ( 'NONE',  ( -0.0000000000000000000, -0.0000000000000000000, 1.000000000000000000 ) ) ;
#1916 = EDGE_LOOP ( 'NONE', ( #7101, #2734, #4074, #3178 ) ) ;
#1917 = DIRECTION ( 'NONE',  ( 0.0000000000000000000, 0.0000000000000000000, -1.000000000000000000 ) ) ;
#1918 = DIRECTION ( 'NONE',  ( 0.0000000000000000000, 1.000000000000000000, 1.355252715606878600E-016 ) ) ;
#1919 = CARTESIAN_POINT ( 'NONE',  ( 4.575000000000002000, -1.100000000000000500, 1.155000000000000000 ) ) ;
#1920 = ORIENTED_EDGE ( 'NONE', *, *, #3884, .T. ) ;
#1921 = FILL_AREA_STYLE ('',( #8731 ) ) ;
#1922 = DIRECTION ( 'NONE',  ( 0.0000000000000000000, 0.0000000000000000000, -1.000000000000000000 ) ) ;
#1923 = CARTESIAN_POINT ( 'NONE',  ( -1.500000000000001100, 2.100000000000000100, 3.399999999999997700 ) ) ;
#1924 = VECTOR ( 'NONE', #4991, 1000.000000000000000 ) ;
#1925 = LINE ( 'NONE', #8327, #4569 ) ;
#1926 = DIRECTION ( 'NONE',  ( 0.0000000000000000000, 1.000000000000000000, 0.0000000000000000000 ) ) ;
#1927 = EDGE_CURVE ( 'NONE', #4791, #7933, #27, .T. ) ;
#1928 = VECTOR ( 'NONE', #11133, 1000.000000000000000 ) ;
#1929 = SURFACE_SIDE_STYLE ('',( #1168 ) ) ;
#1930 = VERTEX_POINT ( 'NONE', #5839 ) ;
#1931 = ORIENTED_EDGE ( 'NONE', *, *, #2844, .F. ) ;
#1932 = PRESENTATION_LAYER_ASSIGNMENT (  '', '', ( #614 ) ) ;
#1933 = VECTOR ( 'NONE', #2695, 1000.000000000000000 ) ;
#1934 = DIRECTION ( 'NONE',  ( -6.195440985631453300E-016, 0.0000000000000000000, -1.000000000000000000 ) ) ;
#1935 = CARTESIAN_POINT ( 'NONE',  ( 2.660000000000000100, 1.500000000000000000, 1.774999999999999700 ) ) ;
#1936 = VECTOR ( 'NONE', #6849, 1000.000000000000000 ) ;
#1937 = ORIENTED_EDGE ( 'NONE', *, *, #5724, .F. ) ;
#1938 = DIRECTION ( 'NONE',  ( -1.000000000000000000, -0.0000000000000000000, -0.0000000000000000000 ) ) ;
#1939 = VECTOR ( 'NONE', #4699, 1000.000000000000000 ) ;
#1940 = ORIENTED_EDGE ( 'NONE', *, *, #423, .F. ) ;
#1941 = CARTESIAN_POINT ( 'NONE',  ( 4.000000000000001800, -1.700000000000000400, 2.699999999999999700 ) ) ;
#1942 = ORIENTED_EDGE ( 'NONE', *, *, #4068, .T. ) ;
#1943 = LINE ( 'NONE', #6887, #11305 ) ;
#1944 = ORIENTED_EDGE ( 'NONE', *, *, #6018, .F. ) ;
#1945 = COLOUR_RGB ( '',0.8000000000000000400, 0.8078431372549019800, 0.8000000000000000400 ) ;
#1946 = VECTOR ( 'NONE', #266, 1000.000000000000000 ) ;
#1947 =( NAMED_UNIT ( * ) SI_UNIT ( $, .STERADIAN. ) SOLID_ANGLE_UNIT ( ) );
#1948 = CARTESIAN_POINT ( 'NONE',  ( -3.800000000000001200, 1.099999999999999900, 0.1999999999999999600 ) ) ;
#1949 = DIRECTION ( 'NONE',  ( -3.051828337366604500E-016, -0.0000000000000000000, -1.000000000000000000 ) ) ;
#1950 = LINE ( 'NONE', #12339, #6844 ) ;
#1951 = AXIS2_PLACEMENT_3D ( 'NONE', #3344, #3155, #3443 ) ;
#1952 = ADVANCED_FACE ( 'NONE', ( #12295 ), #9690, .F. ) ;
#1953 = CARTESIAN_POINT ( 'NONE',  ( 3.800000000000001600, -2.100000000000000100, 0.1999999999999976200 ) ) ;
#1954 = EDGE_CURVE ( 'NONE', #2962, #9649, #6353, .T. ) ;
#1955 = CARTESIAN_POINT ( 'NONE',  ( -4.000000000000000000, 1.500000000000000400, 3.399999999999996800 ) ) ;
#1956 = PLANE ( 'NONE',  #2911 ) ;
#1957 = ORIENTED_EDGE ( 'NONE', *, *, #9777, .F. ) ;
#1958 = FACE_OUTER_BOUND ( 'NONE', #8203, .T. ) ;
#1959 = EDGE_LOOP ( 'NONE', ( #1536, #8971, #6742, #11832, #9430, #482, #6938, #12240 ) ) ;
#1960 = ORIENTED_EDGE ( 'NONE', *, *, #9830, .F. ) ;
#1961 = EDGE_CURVE ( 'NONE', #8668, #8100, #1423, .T. ) ;
#1962 = DIRECTION ( 'NONE',  ( -1.000000000000000000, -0.0000000000000000000, -0.0000000000000000000 ) ) ;
#1963 = VECTOR ( 'NONE', #6100, 1000.000000000000000 ) ;
#1964 = EDGE_LOOP ( 'NONE', ( #12021, #11969, #4085, #9552 ) ) ;
#1965 = STYLED_ITEM ( 'NONE', ( #11731 ), #4177 ) ;
#1966 = SURFACE_STYLE_USAGE ( .BOTH. , #7811 ) ;
#1967 = LINE ( 'NONE', #11840, #6856 ) ;
#1968 = CARTESIAN_POINT ( 'NONE',  ( 5.500000000000001800, -1.700000000000000400, 0.7999999999999954900 ) ) ;
#1969 = ADVANCED_FACE ( 'NONE', ( #8595 ), #12190, .F. ) ;
#1970 = VECTOR ( 'NONE', #5153, 1000.000000000000000 ) ;
#1971 = EDGE_LOOP ( 'NONE', ( #7328, #10877, #9445, #1483, #10822, #948, #2533, #10691 ) ) ;
#1972 = CARTESIAN_POINT ( 'NONE',  ( -1.090000000000000100, 2.649999999999999500, 1.375000000000001800 ) ) ;
#1973 = UNCERTAINTY_MEASURE_WITH_UNIT (LENGTH_MEASURE( 1.000000000000000100E-005 ), #5259, 'distance_accuracy_value', 'NONE');
#1974 = STYLED_ITEM ( 'NONE', ( #12111 ), #2669 ) ;
#1975 = DIRECTION ( 'NONE',  ( -1.000000000000000000, 0.0000000000000000000, 0.0000000000000000000 ) ) ;
#1976 = UNCERTAINTY_MEASURE_WITH_UNIT (LENGTH_MEASURE( 1.000000000000000100E-005 ), #4742, 'distance_accuracy_value', 'NONE');
#1977 = EDGE_CURVE ( 'NONE', #10706, #5975, #7687, .T. ) ;
#1978 = VECTOR ( 'NONE', #9181, 1000.000000000000000 ) ;
#1979 = VECTOR ( 'NONE', #2235, 1000.000000000000000 ) ;
#1980 = PRESENTATION_LAYER_ASSIGNMENT (  '', '', ( #661 ) ) ;
#1981 = VERTEX_POINT ( 'NONE', #7438 ) ;
#1982 = VERTEX_POINT ( 'NONE', #688 ) ;
#1983 = SURFACE_STYLE_FILL_AREA ( #2434 ) ;
#1984 = CARTESIAN_POINT ( 'NONE',  ( 2.660000000000000100, 2.299999999999999400, 0.6750000000000020400 ) ) ;
#1985 = DIRECTION ( 'NONE',  ( -0.0000000000000000000, -0.0000000000000000000, 1.000000000000000000 ) ) ;
#1986 = EDGE_CURVE ( 'NONE', #5148, #6052, #12441, .T. ) ;
#1987 = DIRECTION ( 'NONE',  ( 0.0000000000000000000, 0.0000000000000000000, -1.000000000000000000 ) ) ;
#1988 = AXIS2_PLACEMENT_3D ( 'NONE', #512, #229, #207 ) ;
#1989 = ORIENTED_EDGE ( 'NONE', *, *, #6810, .F. ) ;
#1990 =( LENGTH_UNIT ( ) NAMED_UNIT ( * ) SI_UNIT ( .MILLI., .METRE. ) );
#1991 = ORIENTED_EDGE ( 'NONE', *, *, #8515, .F. ) ;
#1992 = UNCERTAINTY_MEASURE_WITH_UNIT (LENGTH_MEASURE( 1.000000000000000100E-005 ), #9725, 'distance_accuracy_value', 'NONE');
#1993 = FACE_OUTER_BOUND ( 'NONE', #243, .T. ) ;
#1994 = VECTOR ( 'NONE', #4972, 1000.000000000000000 ) ;
#1995 = ORIENTED_EDGE ( 'NONE', *, *, #6470, .T. ) ;
#1996 = PLANE ( 'NONE',  #12553 ) ;
#1997 =( NAMED_UNIT ( * ) PLANE_ANGLE_UNIT ( ) SI_UNIT ( $, .RADIAN. ) );
#1998 = CARTESIAN_POINT ( 'NONE',  ( -4.000000000000000000, -2.100000000000000100, 2.999999999999997300 ) ) ;
#1999 = FACE_OUTER_BOUND ( 'NONE', #6297, .T. ) ;
#2000 = CARTESIAN_POINT ( 'NONE',  ( -1.409999999999999900, -0.8999999999999950300, 1.699999999999998400 ) ) ;
#2001 = ORIENTED_EDGE ( 'NONE', *, *, #9757, .T. ) ;
#2002 = FILL_AREA_STYLE ('',( #11 ) ) ;
#2003 = CARTESIAN_POINT ( 'NONE',  ( 2.660000000000000100, 2.799999999999999400, 0.5000000000000017800 ) ) ;
#2004 =( LENGTH_UNIT ( ) NAMED_UNIT ( * ) SI_UNIT ( .MILLI., .METRE. ) );
#2005 = CARTESIAN_POINT ( 'NONE',  ( 1.499999999999999100, 1.500000000000000400, 3.399999999999997700 ) ) ;
#2006 = DIRECTION ( 'NONE',  ( -0.2033118901005198900, -0.9241449550023804700, 0.3234507342508316500 ) ) ;
#2007 = VECTOR ( 'NONE', #7801, 1000.000000000000000 ) ;
#2008 = EDGE_CURVE ( 'NONE', #11150, #2575, #10221, .T. ) ;
#2009 = CYLINDRICAL_SURFACE ( 'NONE', #4156, 0.3500000000000002600 ) ;
#2010 = VERTEX_POINT ( 'NONE', #641 ) ;
#2011 = CARTESIAN_POINT ( 'NONE',  ( -4.995000000000001900, -1.200000000000000400, 1.529999999999997600 ) ) ;
#2012 = DIRECTION ( 'NONE',  ( -0.0000000000000000000, -1.000000000000000000, -0.0000000000000000000 ) ) ;
#2013 = VERTEX_POINT ( 'NONE', #5515 ) ;
#2014 = AXIS2_PLACEMENT_3D ( 'NONE', #2029, #8832, #3024 ) ;
#2016 = ORIENTED_EDGE ( 'NONE', *, *, #4265, .F. ) ;
#2015 = DIRECTION ( 'NONE',  ( 0.7071067811865474600, -0.7071067811865474600, -3.833233541708437800E-017 ) ) ;
#2017 = CARTESIAN_POINT ( 'NONE',  ( -4.235000000000002100, -1.200000000000000400, 0.2999999999999975500 ) ) ;
#2018 = VECTOR ( 'NONE', #3366, 1000.000000000000100 ) ;
#2019 = PLANE ( 'NONE',  #9487 ) ;
#2020 = CARTESIAN_POINT ( 'NONE',  ( -2.660000000000000100, 1.500000000000000000, 0.9499999999999998400 ) ) ;
#2021 = DIRECTION ( 'NONE',  ( 3.252606517456515800E-016, 1.410593220986745400E-031, 1.000000000000000000 ) ) ;
#2022 = VERTEX_POINT ( 'NONE', #11299 ) ;
#2023 = ADVANCED_FACE ( 'NONE', ( #5132 ), #9365, .T. ) ;
#2024 = CARTESIAN_POINT ( 'NONE',  ( 3.700000000000002000, -2.100000000000000100, 2.999999999999997300 ) ) ;
#2025 = ORIENTED_EDGE ( 'NONE', *, *, #6497, .T. ) ;
#2026 = DIRECTION ( 'NONE',  ( -1.000000000000000000, 0.0000000000000000000, 0.0000000000000000000 ) ) ;
#2027 = EDGE_CURVE ( 'NONE', #9200, #5099, #7384, .T. ) ;
#2028 = DIRECTION ( 'NONE',  ( -0.0000000000000000000, 1.000000000000000000, -0.0000000000000000000 ) ) ;
#2029 = CARTESIAN_POINT ( 'NONE',  ( 2.660000000000000100, 2.900000000000000400, 1.788933584601082300E-015 ) ) ;
#2030 = CARTESIAN_POINT ( 'NONE',  ( 4.995000000000002800, 0.8999999999999991300, 1.229999999999997300 ) ) ;
#2031 = LINE ( 'NONE', #3214, #6920 ) ;
#2032 = EDGE_CURVE ( 'NONE', #375, #10190, #2520, .T. ) ;
#2033 = FILL_AREA_STYLE ('',( #5943 ) ) ;
#2034 = SURFACE_STYLE_FILL_AREA ( #1525 ) ;
#2035 =( GEOMETRIC_REPRESENTATION_CONTEXT ( 3 ) GLOBAL_UNCERTAINTY_ASSIGNED_CONTEXT ( ( #11943 ) ) GLOBAL_UNIT_ASSIGNED_CONTEXT ( ( #2753, #9518, #3765 ) ) REPRESENTATION_CONTEXT ( 'NONE', 'WORKASPACE' ) );
#2036 = ORIENTED_EDGE ( 'NONE', *, *, #11173, .F. ) ;
#2037 = DIRECTION ( 'NONE',  ( 0.0000000000000000000, 0.0000000000000000000, 1.000000000000000000 ) ) ;
#2038 = ORIENTED_EDGE ( 'NONE', *, *, #8486, .T. ) ;
#2039 = ADVANCED_FACE ( 'NONE', ( #12151 ), #9412, .T. ) ;
#2040 = ORIENTED_EDGE ( 'NONE', *, *, #8088, .F. ) ;
#2041 = LINE ( 'NONE', #6031, #9485 ) ;
#2042 = DIRECTION ( 'NONE',  ( 0.0000000000000000000, -1.000000000000000000, 0.0000000000000000000 ) ) ;
#2043 = EDGE_CURVE ( 'NONE', #1018, #1638, #4520, .T. ) ;
#2045 = VECTOR ( 'NONE', #3091, 1000.000000000000000 ) ;
#2044 = SURFACE_SIDE_STYLE ('',( #4784 ) ) ;
#2046 = CARTESIAN_POINT ( 'NONE',  ( 2.660000000000000100, 1.500000000000000000, 0.9499999999999998400 ) ) ;
#2047 = ORIENTED_EDGE ( 'NONE', *, *, #10474, .F. ) ;
#2048 =( NAMED_UNIT ( * ) PLANE_ANGLE_UNIT ( ) SI_UNIT ( $, .RADIAN. ) );
#2049 = DIRECTION ( 'NONE',  ( 0.0000000000000000000, 3.336006684570786100E-016, -1.000000000000000000 ) ) ;
#2050 = UNCERTAINTY_MEASURE_WITH_UNIT (LENGTH_MEASURE( 1.000000000000000100E-005 ), #9756, 'distance_accuracy_value', 'NONE');
#2051 = CARTESIAN_POINT ( 'NONE',  ( -1.090000000000001000, -0.8999999999999956900, 0.9499999999999980700 ) ) ;
#2052 = ORIENTED_EDGE ( 'NONE', *, *, #4686, .T. ) ;
#2053 = CARTESIAN_POINT ( 'NONE',  ( -4.225000000000001400, -1.100000000000000500, 1.155000000000000000 ) ) ;
#2054 = PRESENTATION_LAYER_ASSIGNMENT (  '', '', ( #736 ) ) ;
#2055 = SURFACE_STYLE_FILL_AREA ( #904 ) ;
#2056 = CARTESIAN_POINT ( 'NONE',  ( 1.089999999999999900, 1.500000000000000000, 1.774999999999999700 ) ) ;
#2057 = EDGE_CURVE ( 'NONE', #1335, #1190, #2203, .T. ) ;
#2058 = VERTEX_POINT ( 'NONE', #8471 ) ;
#2059 = DIRECTION ( 'NONE',  ( 0.0000000000000000000, 1.000000000000000000, 0.0000000000000000000 ) ) ;
#2060 = DIRECTION ( 'NONE',  ( 0.7071067811865442400, 0.0000000000000000000, -0.7071067811865509000 ) ) ;
#2061 = ORIENTED_EDGE ( 'NONE', *, *, #7658, .T. ) ;
#2062 = VECTOR ( 'NONE', #2423, 1000.000000000000000 ) ;
#2063 = COLOUR_RGB ( '',0.8000000000000000400, 0.8078431372549019800, 0.8000000000000000400 ) ;
#2064 = PLANE ( 'NONE',  #772 ) ;
#2065 =( LENGTH_UNIT ( ) NAMED_UNIT ( * ) SI_UNIT ( .MILLI., .METRE. ) );
#2066 = EDGE_CURVE ( 'NONE', #4616, #4431, #4205, .T. ) ;
#2067 = EDGE_CURVE ( 'NONE', #4150, #4485, #6776, .T. ) ;
#2068 = SURFACE_SIDE_STYLE ('',( #8499 ) ) ;
#2069 = ORIENTED_EDGE ( 'NONE', *, *, #6082, .F. ) ;
#2070 =( GEOMETRIC_REPRESENTATION_CONTEXT ( 3 ) GLOBAL_UNCERTAINTY_ASSIGNED_CONTEXT ( ( #3335 ) ) GLOBAL_UNIT_ASSIGNED_CONTEXT ( ( #6739, #6722, #6695 ) ) REPRESENTATION_CONTEXT ( 'NONE', 'WORKASPACE' ) );
#2071 = VECTOR ( 'NONE', #10066, 1000.000000000000000 ) ;
#2072 = CARTESIAN_POINT ( 'NONE',  ( -3.100000000000001400, -0.5000000000000003300, 3.299999999999996700 ) ) ;
#2073 = DIRECTION ( 'NONE',  ( 1.000000000000000000, 0.0000000000000000000, 0.0000000000000000000 ) ) ;
#2074 = CARTESIAN_POINT ( 'NONE',  ( -4.517500000000004500, 0.6174999999999989400, 0.2999999999999975500 ) ) ;
#2075 = VECTOR ( 'NONE', #9575, 1000.000000000000000 ) ;
#2076 = VECTOR ( 'NONE', #5477, 1000.000000000000000 ) ;
#2077 = AXIS2_PLACEMENT_3D ( 'NONE', #2299, #2249, #2238 ) ;
#2078 = DIRECTION ( 'NONE',  ( 0.0000000000000000000, 0.0000000000000000000, -1.000000000000000000 ) ) ;
#2079 = DIRECTION ( 'NONE',  ( 0.0000000000000000000, 0.0000000000000000000, -1.000000000000000000 ) ) ;
#2080 = CARTESIAN_POINT ( 'NONE',  ( 2.660000000000000100, 1.500000000000000000, 1.774999999999999700 ) ) ;
#2081 = PLANE ( 'NONE',  #12109 ) ;
#2082 = ORIENTED_EDGE ( 'NONE', *, *, #4834, .T. ) ;
#2083 = LINE ( 'NONE', #6232, #6964 ) ;
#2084 = LINE ( 'NONE', #2632, #12040 ) ;
#2085 = PRESENTATION_LAYER_ASSIGNMENT (  '', '', ( #766 ) ) ;
#2086 = VECTOR ( 'NONE', #9249, 1000.000000000000000 ) ;
#2087 = DIRECTION ( 'NONE',  ( 1.734723475976807500E-015, -1.000000000000000000, -0.0000000000000000000 ) ) ;
#2088 = DIRECTION ( 'NONE',  ( 1.000000000000000000, 0.0000000000000000000, -0.0000000000000000000 ) ) ;
#2089 = CARTESIAN_POINT ( 'NONE',  ( -4.235000000000002100, 0.8999999999999991300, 1.529999999999997600 ) ) ;
#2090 = ADVANCED_FACE ( 'NONE', ( #11538 ), #11414, .F. ) ;
#2091 = ORIENTED_EDGE ( 'NONE', *, *, #373, .F. ) ;
#2092 = DIRECTION ( 'NONE',  ( 5.421010862427528100E-016, -0.0000000000000000000, 1.000000000000000000 ) ) ;
#2093 = PRESENTATION_LAYER_ASSIGNMENT (  '', '', ( #1425 ) ) ;
#2094 = CARTESIAN_POINT ( 'NONE',  ( 1.089999999999999900, 2.000000000000000000, 1.774999999999999700 ) ) ;
#2095 = VECTOR ( 'NONE', #3136, 1000.000000000000000 ) ;
#2096 = SURFACE_STYLE_USAGE ( .BOTH. , #7925 ) ;
#2097 = PLANE ( 'NONE',  #8575 ) ;
#2098 = VECTOR ( 'NONE', #8023, 999.9999999999998900 ) ;
#2099 = ORIENTED_EDGE ( 'NONE', *, *, #5762, .F. ) ;
#2100 = ORIENTED_EDGE ( 'NONE', *, *, #9548, .T. ) ;
#2101 = ORIENTED_EDGE ( 'NONE', *, *, #978, .F. ) ;
#2102 = LINE ( 'NONE', #1659, #6985 ) ;
#2103 = CARTESIAN_POINT ( 'NONE',  ( 0.1599999999999991200, -0.8999999999999956900, 0.9499999999999980700 ) ) ;
#2104 = CARTESIAN_POINT ( 'NONE',  ( -0.1599999999999999800, -0.8999999999999950300, 1.699999999999998400 ) ) ;
#2105 = ORIENTED_EDGE ( 'NONE', *, *, #3363, .T. ) ;
#2106 = ORIENTED_EDGE ( 'NONE', *, *, #4125, .T. ) ;
#2107 = CARTESIAN_POINT ( 'NONE',  ( -0.1599999999999995600, 2.000000000000000000, 0.8749999999999996700 ) ) ;
#2108 = EDGE_CURVE ( 'NONE', #9758, #11522, #5857, .T. ) ;
#2109 = SURFACE_STYLE_FILL_AREA ( #7588 ) ;
#2110 = ADVANCED_FACE ( 'NONE', ( #618 ), #4785, .F. ) ;
#2111 = LINE ( 'NONE', #11751, #1479 ) ;
#2112 = CARTESIAN_POINT ( 'NONE',  ( -4.235000000000002100, -1.200000000000000400, 0.4899999999999967200 ) ) ;
#2113 = CARTESIAN_POINT ( 'NONE',  ( 4.000000000000000000, -1.100000000000000300, 3.399999999999997700 ) ) ;
#2114 = VERTEX_POINT ( 'NONE', #1948 ) ;
#2115 = ORIENTED_EDGE ( 'NONE', *, *, #5358, .F. ) ;
#2116 = VECTOR ( 'NONE', #10003, 1000.000000000000000 ) ;
#2117 = ORIENTED_EDGE ( 'NONE', *, *, #7390, .T. ) ;
#2118 = DIRECTION ( 'NONE',  ( 0.0000000000000000000, -3.738628180984498200E-017, 1.000000000000000000 ) ) ;
#2119 = STYLED_ITEM ( 'NONE', ( #11163 ), #11963 ) ;
#2120 = DIRECTION ( 'NONE',  ( -1.000000000000000000, 0.0000000000000000000, 0.0000000000000000000 ) ) ;
#2121 = ORIENTED_EDGE ( 'NONE', *, *, #10335, .F. ) ;
#2122 = COLOUR_RGB ( '',0.8000000000000000400, 0.8078431372549019800, 0.8000000000000000400 ) ;
#2123 = ORIENTED_EDGE ( 'NONE', *, *, #7374, .F. ) ;
#2124 = CARTESIAN_POINT ( 'NONE',  ( 4.235000000000002100, -1.200000000000000400, 0.4899999999999984900 ) ) ;
#2125 = FACE_OUTER_BOUND ( 'NONE', #11091, .T. ) ;
#2126 = DIRECTION ( 'NONE',  ( -1.000000000000000000, -0.0000000000000000000, -0.0000000000000000000 ) ) ;
#2127 = LINE ( 'NONE', #734, #11766 ) ;
#2128 = LINE ( 'NONE', #9993, #12078 ) ;
#2129 = VECTOR ( 'NONE', #3933, 999.9999999999998900 ) ;
#2130 = EDGE_CURVE ( 'NONE', #2385, #9943, #12267, .T. ) ;
#2131 = PRESENTATION_STYLE_ASSIGNMENT (( #1019 ) ) ;
#2132 =( NAMED_UNIT ( * ) SI_UNIT ( $, .STERADIAN. ) SOLID_ANGLE_UNIT ( ) );
#2133 = ORIENTED_EDGE ( 'NONE', *, *, #4218, .F. ) ;
#2134 = FACE_OUTER_BOUND ( 'NONE', #11940, .T. ) ;
#2135 = ORIENTED_EDGE ( 'NONE', *, *, #10693, .T. ) ;
#2136 = CARTESIAN_POINT ( 'NONE',  ( -0.1599999999999999800, 0.0000000000000000000, 0.0000000000000000000 ) ) ;
#2137 = VECTOR ( 'NONE', #566, 1000.000000000000000 ) ;
#2138 = DIRECTION ( 'NONE',  ( 2.891205793294679400E-015, 0.0000000000000000000, -1.000000000000000000 ) ) ;
#2139 = VECTOR ( 'NONE', #559, 1000.000000000000000 ) ;
#2140 = ORIENTED_EDGE ( 'NONE', *, *, #1490, .T. ) ;
#2141 = EDGE_CURVE ( 'NONE', #10919, #11230, #4949, .T. ) ;
#2142 = ORIENTED_EDGE ( 'NONE', *, *, #8264, .T. ) ;
#2143 = VECTOR ( 'NONE', #8204, 1000.000000000000000 ) ;
#2144 = CARTESIAN_POINT ( 'NONE',  ( -4.000000000000000000, 2.100000000000000100, 3.399999999999996800 ) ) ;
#2145 = CARTESIAN_POINT ( 'NONE',  ( -4.000000000000000000, 2.100000000000000100, 3.399999999999996800 ) ) ;
#2146 = COLOUR_RGB ( '',0.8000000000000000400, 0.8078431372549019800, 0.8000000000000000400 ) ;
#2147 = EDGE_LOOP ( 'NONE', ( #3866, #2758, #9160, #1005 ) ) ;
#2148 = EDGE_CURVE ( 'NONE', #7601, #7918, #7191, .T. ) ;
#2149 = UNCERTAINTY_MEASURE_WITH_UNIT (LENGTH_MEASURE( 1.000000000000000100E-005 ), #12038, 'distance_accuracy_value', 'NONE');
#2150 = EDGE_CURVE ( 'NONE', #10053, #9572, #9748, .T. ) ;
#2151 = FILL_AREA_STYLE ('',( #2207 ) ) ;
#2152 = UNCERTAINTY_MEASURE_WITH_UNIT (LENGTH_MEASURE( 1.000000000000000100E-005 ), #5289, 'distance_accuracy_value', 'NONE');
#2153 = AXIS2_PLACEMENT_3D ( 'NONE', #8534, #9132, #6534 ) ;
#2154 = ORIENTED_EDGE ( 'NONE', *, *, #2066, .T. ) ;
#2155 = CARTESIAN_POINT ( 'NONE',  ( 3.800000000000001200, -1.099999999999999900, -2.385244779468109800E-015 ) ) ;
#2156 = FACE_OUTER_BOUND ( 'NONE', #4445, .T. ) ;
#2157 = PLANE ( 'NONE',  #7461 ) ;
#2158 = EDGE_LOOP ( 'NONE', ( #11841, #6538, #10078, #5252 ) ) ;
#2159 = ORIENTED_EDGE ( 'NONE', *, *, #2318, .F. ) ;
#2160 = VERTEX_POINT ( 'NONE', #4388 ) ;
#2161 = SURFACE_STYLE_FILL_AREA ( #3385 ) ;
#2162 =( NAMED_UNIT ( * ) SI_UNIT ( $, .STERADIAN. ) SOLID_ANGLE_UNIT ( ) );
#2163 = LINE ( 'NONE', #11631, #7038 ) ;
#2164 = SURFACE_SIDE_STYLE ('',( #7288 ) ) ;
#2165 = CARTESIAN_POINT ( 'NONE',  ( 3.700000000000002400, -2.100000000000000100, 2.299999999999996300 ) ) ;
#2166 = EDGE_CURVE ( 'NONE', #4691, #12523, #1686, .T. ) ;
#2167 = VERTEX_POINT ( 'NONE', #1444 ) ;
#2168 = ORIENTED_EDGE ( 'NONE', *, *, #2326, .T. ) ;
#2169 = AXIS2_PLACEMENT_3D ( 'NONE', #12019, #4364, #3436 ) ;
#2170 = DIRECTION ( 'NONE',  ( -1.000000000000000000, -0.0000000000000000000, -0.0000000000000000000 ) ) ;
#2171 = COLOUR_RGB ( '',0.8000000000000000400, 0.8078431372549019800, 0.8000000000000000400 ) ;
#2172 = DIRECTION ( 'NONE',  ( -0.0000000000000000000, 0.0000000000000000000, -1.000000000000000000 ) ) ;
#2173 = DIRECTION ( 'NONE',  ( -0.0000000000000000000, -0.0000000000000000000, -1.000000000000000000 ) ) ;
#2174 = DIRECTION ( 'NONE',  ( -1.000000000000000000, 0.0000000000000000000, 2.710505431213762600E-016 ) ) ;
#2175 = EDGE_LOOP ( 'NONE', ( #6131, #1200, #10523, #3634 ) ) ;
#2176 = VECTOR ( 'NONE', #5585, 1000.000000000000000 ) ;
#2177 = EDGE_CURVE ( 'NONE', #1392, #8064, #9452, .T. ) ;
#2178 = FACE_OUTER_BOUND ( 'NONE', #2604, .T. ) ;
#2179 = DIRECTION ( 'NONE',  ( 0.0000000000000000000, -1.000000000000000000, -1.495451272393799000E-016 ) ) ;
#2180 = EDGE_LOOP ( 'NONE', ( #8456, #1145, #2811, #5169 ) ) ;
#2181 = VERTEX_POINT ( 'NONE', #1037 ) ;
#2182 =( NAMED_UNIT ( * ) PLANE_ANGLE_UNIT ( ) SI_UNIT ( $, .RADIAN. ) );
#2183 = FACE_OUTER_BOUND ( 'NONE', #647, .T. ) ;
#2184 = ADVANCED_FACE ( 'NONE', ( #4333 ), #5953, .T. ) ;
#2185 = PRESENTATION_LAYER_ASSIGNMENT (  '', '', ( #846 ) ) ;
#2186 =( NAMED_UNIT ( * ) PLANE_ANGLE_UNIT ( ) SI_UNIT ( $, .RADIAN. ) );
#2187 = VERTEX_POINT ( 'NONE', #12416 ) ;
#2188 = CARTESIAN_POINT ( 'NONE',  ( 2.339999999999999900, 1.500000000000000000, 0.9499999999999982900 ) ) ;
#2189 = ORIENTED_EDGE ( 'NONE', *, *, #11897, .F. ) ;
#2190 = VERTEX_POINT ( 'NONE', #2497 ) ;
#2191 = CARTESIAN_POINT ( 'NONE',  ( 4.235000000000002100, -1.200000000000000400, 0.4899999999999984900 ) ) ;
#2192 = PLANE ( 'NONE',  #11934 ) ;
#2193 = CARTESIAN_POINT ( 'NONE',  ( 3.300000000000001600, -2.100000000000000100, -2.222614453595284100E-015 ) ) ;
#2194 = EDGE_CURVE ( 'NONE', #8860, #4942, #4036, .T. ) ;
#2195 = LINE ( 'NONE', #11732, #4510 ) ;
#2196 = LINE ( 'NONE', #1683, #12140 ) ;
#2197 = CARTESIAN_POINT ( 'NONE',  ( 2.660000000000000100, 2.799999999999999800, 1.225000000000001900 ) ) ;
#2198 = DIRECTION ( 'NONE',  ( -2.710505431213762600E-016, 0.0000000000000000000, -1.000000000000000000 ) ) ;
#2199 = ORIENTED_EDGE ( 'NONE', *, *, #815, .T. ) ;
#2200 = PRESENTATION_LAYER_ASSIGNMENT (  '', '', ( #861 ) ) ;
#2201 =( LENGTH_UNIT ( ) NAMED_UNIT ( * ) SI_UNIT ( .MILLI., .METRE. ) );
#2202 = CARTESIAN_POINT ( 'NONE',  ( -3.300000000000002500, -2.100000000000000100, -2.168404344971008900E-016 ) ) ;
#2203 = LINE ( 'NONE', #7460, #9330 ) ;
#2204 = CARTESIAN_POINT ( 'NONE',  ( -2.750000000000001300, 1.500000000000000400, 2.899999999999997700 ) ) ;
#2205 = LINE ( 'NONE', #8138, #9638 ) ;
#2206 = DIRECTION ( 'NONE',  ( 1.000000000000000000, 4.336808689942021200E-016, -0.0000000000000000000 ) ) ;
#2207 = FILL_AREA_STYLE_COLOUR ( '', #10270 ) ;
#2208 = ORIENTED_EDGE ( 'NONE', *, *, #10832, .T. ) ;
#2209 = EDGE_CURVE ( 'NONE', #1853, #4359, #1388, .T. ) ;
#2210 = DIRECTION ( 'NONE',  ( 0.0000000000000000000, -0.7071067811865475700, 0.7071067811865475700 ) ) ;
#2211 = CARTESIAN_POINT ( 'NONE',  ( 5.195000000000006500, 1.099999999999999600, 1.501981409616587800E-014 ) ) ;
#2212 = CARTESIAN_POINT ( 'NONE',  ( -3.800000000000001200, 1.099999999999999900, -5.421010862427522200E-017 ) ) ;
#2213 = CARTESIAN_POINT ( 'NONE',  ( -3.300000000000002500, -1.099999999999999900, -2.168404344971008900E-016 ) ) ;
#2214 = VECTOR ( 'NONE', #5307, 1000.000000000000000 ) ;
#2215 = DIRECTION ( 'NONE',  ( -1.000000000000000000, 0.0000000000000000000, 0.0000000000000000000 ) ) ;
#2216 = VECTOR ( 'NONE', #3948, 1000.000000000000000 ) ;
#2217 = STYLED_ITEM ( 'NONE', ( #3961 ), #659 ) ;
#2218 = ORIENTED_EDGE ( 'NONE', *, *, #3577, .T. ) ;
#2219 =( NAMED_UNIT ( * ) PLANE_ANGLE_UNIT ( ) SI_UNIT ( $, .RADIAN. ) );
#2220 = UNCERTAINTY_MEASURE_WITH_UNIT (LENGTH_MEASURE( 1.000000000000000100E-005 ), #11097, 'distance_accuracy_value', 'NONE');
#2221 = CARTESIAN_POINT ( 'NONE',  ( -0.1599999999999999800, 0.8500000000000000900, 0.9499999999999998400 ) ) ;
#2222 = PLANE ( 'NONE',  #6188 ) ;
#2223 = EDGE_CURVE ( 'NONE', #3458, #7614, #8857, .T. ) ;
#2224 = DIRECTION ( 'NONE',  ( -1.000000000000000000, 0.0000000000000000000, 0.0000000000000000000 ) ) ;
#2225 = MECHANICAL_DESIGN_GEOMETRIC_PRESENTATION_REPRESENTATION (  '', ( #218 ), #2876 ) ;
#2226 = DIRECTION ( 'NONE',  ( 1.000000000000000000, -0.0000000000000000000, 6.195440985631453300E-016 ) ) ;
#2227 = CARTESIAN_POINT ( 'NONE',  ( 4.995000000000001900, -1.200000000000000400, 1.529999999999997600 ) ) ;
#2228 = LINE ( 'NONE', #6332, #12175 ) ;
#2229 = VECTOR ( 'NONE', #1668, 1000.000000000000000 ) ;
#2230 = DIRECTION ( 'NONE',  ( -0.7071067811865475700, 0.7071067811865475700, 0.0000000000000000000 ) ) ;
#2231 = ORIENTED_EDGE ( 'NONE', *, *, #492, .T. ) ;
#2232 = PLANE ( 'NONE',  #2862 ) ;
#2233 = EDGE_CURVE ( 'NONE', #322, #5565, #6323, .T. ) ;
#2234 = DIRECTION ( 'NONE',  ( 0.0000000000000000000, 1.000000000000000000, 0.0000000000000000000 ) ) ;
#2235 = DIRECTION ( 'NONE',  ( 0.0000000000000000000, -1.000000000000000000, 0.0000000000000000000 ) ) ;
#2236 = LINE ( 'NONE', #11787, #9664 ) ;
#2237 = UNCERTAINTY_MEASURE_WITH_UNIT (LENGTH_MEASURE( 1.000000000000000100E-005 ), #8027, 'distance_accuracy_value', 'NONE');
#2238 = DIRECTION ( 'NONE',  ( 0.0000000000000000000, 0.0000000000000000000, 1.000000000000000000 ) ) ;
#2239 = LINE ( 'NONE', #8698, #6806 ) ;
#2240 = ADVANCED_FACE ( 'NONE', ( #6011 ), #9513, .F. ) ;
#2241 = PRESENTATION_STYLE_ASSIGNMENT (( #7267 ) ) ;
#2242 = EDGE_CURVE ( 'NONE', #574, #8157, #3421, .T. ) ;
#2243 = DIRECTION ( 'NONE',  ( -1.000000000000000000, 0.0000000000000000000, 0.0000000000000000000 ) ) ;
#2244 = CARTESIAN_POINT ( 'NONE',  ( -1.090000000000000100, 2.799999999999999400, 0.5000000000000017800 ) ) ;
#2245 = ORIENTED_EDGE ( 'NONE', *, *, #3957, .F. ) ;
#2246 = CARTESIAN_POINT ( 'NONE',  ( -1.090000000000000100, -1.400000000000000100, 0.9499999999999981800 ) ) ;
#2247 = EDGE_LOOP ( 'NONE', ( #10764, #12392, #7357, #2040, #11156, #8418, #5312, #8931, #7083, #11593, #6182, #5388 ) ) ;
#2248 =( NAMED_UNIT ( * ) SI_UNIT ( $, .STERADIAN. ) SOLID_ANGLE_UNIT ( ) );
#2249 = DIRECTION ( 'NONE',  ( -1.000000000000000000, -0.0000000000000000000, 0.0000000000000000000 ) ) ;
#2250 = LINE ( 'NONE', #4897, #4253 ) ;
#2251 = DIRECTION ( 'NONE',  ( 0.0000000000000000000, 0.0000000000000000000, 1.000000000000000000 ) ) ;
#2252 = DIRECTION ( 'NONE',  ( 0.0000000000000000000, -1.000000000000000000, 0.0000000000000000000 ) ) ;
#2253 = STYLED_ITEM ( 'NONE', ( #9334 ), #6890 ) ;
#2254 = CARTESIAN_POINT ( 'NONE',  ( 3.500000000000000400, 1.500000000000000200, 2.899999999999997700 ) ) ;
#2255 = CARTESIAN_POINT ( 'NONE',  ( 6.002498439450080900, 2.100000000000000100, 0.4999999999999986100 ) ) ;
#2256 = FACE_OUTER_BOUND ( 'NONE', #4338, .T. ) ;
#2257 = DIRECTION ( 'NONE',  ( 0.0000000000000000000, -0.0000000000000000000, -1.000000000000000000 ) ) ;
#2258 = STYLED_ITEM ( 'NONE', ( #601 ), #10144 ) ;
#2259 =( NAMED_UNIT ( * ) SI_UNIT ( $, .STERADIAN. ) SOLID_ANGLE_UNIT ( ) );
#2260 = ORIENTED_EDGE ( 'NONE', *, *, #6340, .T. ) ;
#2261 =( LENGTH_UNIT ( ) NAMED_UNIT ( * ) SI_UNIT ( .MILLI., .METRE. ) );
#2262 = LINE ( 'NONE', #3288, #12203 ) ;
#2263 = VECTOR ( 'NONE', #8741, 1000.000000000000000 ) ;
#2264 = SURFACE_SIDE_STYLE ('',( #2867 ) ) ;
#2265 = VERTEX_POINT ( 'NONE', #8798 ) ;
#2266 = CARTESIAN_POINT ( 'NONE',  ( -0.1599999999999999800, 3.099999999999999600, 0.5000000000000017800 ) ) ;
#2267 = CARTESIAN_POINT ( 'NONE',  ( 2.339999999999999900, 2.649999999999999500, 1.375000000000002000 ) ) ;
#2268 = ORIENTED_EDGE ( 'NONE', *, *, #2318, .T. ) ;
#2269 = STYLED_ITEM ( 'NONE', ( #1480 ), #8423 ) ;
#2270 = PLANE ( 'NONE',  #2907 ) ;
#2271 = CARTESIAN_POINT ( 'NONE',  ( 3.300000000000001600, -2.100000000000000100, -2.222614453595284100E-015 ) ) ;
#2272 = ORIENTED_EDGE ( 'NONE', *, *, #826, .T. ) ;
#2273 = ORIENTED_EDGE ( 'NONE', *, *, #11233, .T. ) ;
#2274 = VECTOR ( 'NONE', #3502, 1000.000000000000000 ) ;
#2275 = FACE_OUTER_BOUND ( 'NONE', #10263, .T. ) ;
#2276 = PRESENTATION_STYLE_ASSIGNMENT (( #12507 ) ) ;
#2277 = SURFACE_STYLE_USAGE ( .BOTH. , #2264 ) ;
#2278 = CARTESIAN_POINT ( 'NONE',  ( -0.1599999999999999800, 1.500000000000000000, 0.9499999999999982900 ) ) ;
#2279 = CARTESIAN_POINT ( 'NONE',  ( 4.000000000000001800, 1.099999999999999600, 2.699999999999999700 ) ) ;
#2280 = VECTOR ( 'NONE', #3174, 1000.000000000000000 ) ;
#2281 = DIRECTION ( 'NONE',  ( 0.9766444667050908600, -0.2148617826751159600, -0.0000000000000000000 ) ) ;
#2282 = DIRECTION ( 'NONE',  ( -1.000000000000000000, 0.0000000000000000000, 0.0000000000000000000 ) ) ;
#2283 = EDGE_CURVE ( 'NONE', #3040, #11185, #8562, .T. ) ;
#2284 =( NAMED_UNIT ( * ) PLANE_ANGLE_UNIT ( ) SI_UNIT ( $, .RADIAN. ) );
#2285 = ORIENTED_EDGE ( 'NONE', *, *, #687, .F. ) ;
#2286 = VECTOR ( 'NONE', #6535, 1000.000000000000000 ) ;
#2287 = CARTESIAN_POINT ( 'NONE',  ( 4.235000000000002100, -1.200000000000000400, 1.529999999999997600 ) ) ;
#2288 = DIRECTION ( 'NONE',  ( -1.000000000000000000, -0.0000000000000000000, -0.0000000000000000000 ) ) ;
#2289 = FACE_OUTER_BOUND ( 'NONE', #3388, .T. ) ;
#2290 = DIRECTION ( 'NONE',  ( 0.0000000000000000000, 1.000000000000000000, 0.0000000000000000000 ) ) ;
#2291 = EDGE_CURVE ( 'NONE', #11334, #4809, #1078, .T. ) ;
#2292 = LINE ( 'NONE', #5672, #1963 ) ;
#2293 = ORIENTED_EDGE ( 'NONE', *, *, #3226, .F. ) ;
#2294 = ADVANCED_FACE ( 'NONE', ( #8260 ), #6381, .T. ) ;
#2295 = CARTESIAN_POINT ( 'NONE',  ( 4.575000000000003700, 1.099999999999999600, 1.505000000000000300 ) ) ;
#2296 = AXIS2_PLACEMENT_3D ( 'NONE', #8239, #2414, #9188 ) ;
#2297 = ORIENTED_EDGE ( 'NONE', *, *, #9786, .F. ) ;
#2298 =( LENGTH_UNIT ( ) NAMED_UNIT ( * ) SI_UNIT ( .MILLI., .METRE. ) );
#2299 = CARTESIAN_POINT ( 'NONE',  ( 1.409999999999999700, 2.099999999999999600, 0.6750000000000020400 ) ) ;
#2300 =( NAMED_UNIT ( * ) PLANE_ANGLE_UNIT ( ) SI_UNIT ( $, .RADIAN. ) );
#2301 = VECTOR ( 'NONE', #9918, 1000.000000000000000 ) ;
#2302 = EDGE_LOOP ( 'NONE', ( #457, #8137, #12534, #4666 ) ) ;
#2303 = PLANE ( 'NONE',  #7398 ) ;
#2304 = PRESENTATION_STYLE_ASSIGNMENT (( #5375 ) ) ;
#2305 = EDGE_CURVE ( 'NONE', #3989, #3648, #462, .T. ) ;
#2306 = SURFACE_STYLE_USAGE ( .BOTH. , #2343 ) ;
#2307 = LINE ( 'NONE', #2527, #12243 ) ;
#2308 = ORIENTED_EDGE ( 'NONE', *, *, #8884, .F. ) ;
#2309 = EDGE_LOOP ( 'NONE', ( #1908, #8889, #5449, #7287 ) ) ;
#2310 = ADVANCED_FACE ( 'NONE', ( #776 ), #3881, .F. ) ;
#2311 = PLANE ( 'NONE',  #8735 ) ;
#2312 = CARTESIAN_POINT ( 'NONE',  ( 3.100000000000001000, -0.8000000000000006000, 2.999999999999997300 ) ) ;
#2313 = VECTOR ( 'NONE', #2828, 1000.000000000000000 ) ;
#2314 = ORIENTED_EDGE ( 'NONE', *, *, #10996, .F. ) ;
#2315 = ORIENTED_EDGE ( 'NONE', *, *, #10930, .T. ) ;
#2316 = CARTESIAN_POINT ( 'NONE',  ( -1.090000000000000100, 0.8500000000000000900, 0.9499999999999998400 ) ) ;
#2317 = DIRECTION ( 'NONE',  ( 0.0000000000000000000, 0.0000000000000000000, -1.000000000000000000 ) ) ;
#2318 = EDGE_CURVE ( 'NONE', #11259, #6982, #10498, .T. ) ;
#2319 = ORIENTED_EDGE ( 'NONE', *, *, #2194, .T. ) ;
#2320 = DIRECTION ( 'NONE',  ( -0.0000000000000000000, -0.0000000000000000000, 1.000000000000000000 ) ) ;
#2321 = DIRECTION ( 'NONE',  ( 0.7071067811865469100, 0.7071067811865482400, 0.0000000000000000000 ) ) ;
#2322 = VERTEX_POINT ( 'NONE', #1909 ) ;
#2323 = PLANE ( 'NONE',  #8172 ) ;
#2324 = FACE_OUTER_BOUND ( 'NONE', #8288, .T. ) ;
#2325 = EDGE_CURVE ( 'NONE', #2187, #7154, #10186, .T. ) ;
#2326 = EDGE_CURVE ( 'NONE', #7465, #6619, #2784, .T. ) ;
#2327 = VECTOR ( 'NONE', #10185, 1000.000000000000000 ) ;
#2329 = ORIENTED_EDGE ( 'NONE', *, *, #9765, .F. ) ;
#2328 = CARTESIAN_POINT ( 'NONE',  ( -2.339999999999999900, 3.099999999999999600, 0.5000000000000017800 ) ) ;
#2330 = COLOUR_RGB ( '',0.8000000000000000400, 0.8078431372549019800, 0.8000000000000000400 ) ;
#2331 =( NAMED_UNIT ( * ) PLANE_ANGLE_UNIT ( ) SI_UNIT ( $, .RADIAN. ) );
#2332 = VECTOR ( 'NONE', #3601, 1000.000000000000000 ) ;
#2333 = CARTESIAN_POINT ( 'NONE',  ( -3.400000000000002100, -0.8000000000000006000, 2.999999999999996400 ) ) ;
#2334 = FACE_OUTER_BOUND ( 'NONE', #885, .T. ) ;
#2335 = ORIENTED_EDGE ( 'NONE', *, *, #10946, .T. ) ;
#2336 = ORIENTED_EDGE ( 'NONE', *, *, #2872, .T. ) ;
#2337 = CARTESIAN_POINT ( 'NONE',  ( 3.400000000000002100, -1.800000000000000500, 0.5999999999999966500 ) ) ;
#2338 = CARTESIAN_POINT ( 'NONE',  ( 0.1600000000000000300, 1.500000000000000000, 1.774999999999999700 ) ) ;
#2339 = CARTESIAN_POINT ( 'NONE',  ( 0.1599999999999999800, 2.649999999999999500, 1.225000000000001900 ) ) ;
#2340 = CARTESIAN_POINT ( 'NONE',  ( -4.225000000000001400, -1.100000000000000500, 1.155000000000000000 ) ) ;
#2341 = PRESENTATION_LAYER_ASSIGNMENT (  '', '', ( #1655 ) ) ;
#2342 = CARTESIAN_POINT ( 'NONE',  ( 3.400000000000002100, -1.800000000000000500, 1.399999999999996800 ) ) ;
#2343 = SURFACE_SIDE_STYLE ('',( #1983 ) ) ;
#2344 = ORIENTED_EDGE ( 'NONE', *, *, #4719, .T. ) ;
#2345 = DIRECTION ( 'NONE',  ( -0.0000000000000000000, -0.0000000000000000000, 1.000000000000000000 ) ) ;
#2346 = AXIS2_PLACEMENT_3D ( 'NONE', #5796, #7726, #1882 ) ;
#2347 = VERTEX_POINT ( 'NONE', #449 ) ;
#2348 =( LENGTH_UNIT ( ) NAMED_UNIT ( * ) SI_UNIT ( .MILLI., .METRE. ) );
#2349 = CARTESIAN_POINT ( 'NONE',  ( -2.541319497822188500, -1.439456828080963200, 1.511190110171661200 ) ) ;
#2350 = VECTOR ( 'NONE', #4624, 1000.000000000000000 ) ;
#2351 =( NAMED_UNIT ( * ) SI_UNIT ( $, .STERADIAN. ) SOLID_ANGLE_UNIT ( ) );
#2352 = DIRECTION ( 'NONE',  ( -1.000000000000000000, 0.0000000000000000000, 0.0000000000000000000 ) ) ;
#2353 = DIRECTION ( 'NONE',  ( -0.0000000000000000000, -0.0000000000000000000, 1.000000000000000000 ) ) ;
#2354 = DIRECTION ( 'NONE',  ( -0.0000000000000000000, 1.000000000000000000, -0.0000000000000000000 ) ) ;
#2356 = FACE_OUTER_BOUND ( 'NONE', #8018, .T. ) ;
#2355 = DIRECTION ( 'NONE',  ( -0.0000000000000000000, -0.0000000000000000000, 1.000000000000000000 ) ) ;
#2357 = ADVANCED_FACE ( 'NONE', ( #5100 ), #11999, .T. ) ;
#2358 = VERTEX_POINT ( 'NONE', #10353 ) ;
#2359 = DIRECTION ( 'NONE',  ( 0.7071067811865506800, 0.7071067811865444600, 0.0000000000000000000 ) ) ;
#2360 = VERTEX_POINT ( 'NONE', #2409 ) ;
#2361 = CARTESIAN_POINT ( 'NONE',  ( -0.1599999999999999800, 2.000000000000000000, 1.375000000000001600 ) ) ;
#2362 = DIRECTION ( 'NONE',  ( 1.000000000000000000, 0.0000000000000000000, 0.0000000000000000000 ) ) ;
#2363 = EDGE_CURVE ( 'NONE', #10587, #2167, #12414, .T. ) ;
#2364 = FACE_OUTER_BOUND ( 'NONE', #10623, .T. ) ;
#2365 = CARTESIAN_POINT ( 'NONE',  ( 2.660000000000000100, -0.8999999999999914700, 1.225000000000001900 ) ) ;
#2366 = VECTOR ( 'NONE', #2963, 1000.000000000000000 ) ;
#2367 = CARTESIAN_POINT ( 'NONE',  ( 4.000000000000000000, 2.100000000000000100, 2.499999999999999100 ) ) ;
#2368 = EDGE_LOOP ( 'NONE', ( #2807, #2722, #2893, #7484 ) ) ;
#2369 = ADVANCED_FACE ( 'NONE', ( #7353 ), #11288, .F. ) ;
#2370 = DIRECTION ( 'NONE',  ( -1.885568995626964300E-016, -1.000000000000000000, 0.0000000000000000000 ) ) ;
#2371 = ORIENTED_EDGE ( 'NONE', *, *, #10159, .T. ) ;
#2372 = VERTEX_POINT ( 'NONE', #10984 ) ;
#2373 = DIRECTION ( 'NONE',  ( 1.000000000000000000, 0.0000000000000000000, -0.0000000000000000000 ) ) ;
#2374 = DIRECTION ( 'NONE',  ( 1.000000000000000000, 0.0000000000000000000, 0.0000000000000000000 ) ) ;
#2375 = VERTEX_POINT ( 'NONE', #9961 ) ;
#2376 = EDGE_CURVE ( 'NONE', #7933, #6076, #12120, .T. ) ;
#2377 = VECTOR ( 'NONE', #2874, 1000.000000000000000 ) ;
#2378 = DIRECTION ( 'NONE',  ( -0.2033118901005198900, -0.9241449550023804700, 0.3234507342508316500 ) ) ;
#2379 = LINE ( 'NONE', #2842, #4696 ) ;
#2380 = CARTESIAN_POINT ( 'NONE',  ( -4.500000000000002700, 1.099999999999999600, 2.199999999999997500 ) ) ;
#2381 = DIRECTION ( 'NONE',  ( 0.0000000000000000000, 0.0000000000000000000, -1.000000000000000000 ) ) ;
#2382 = PLANE ( 'NONE',  #10809 ) ;
#2383 = CARTESIAN_POINT ( 'NONE',  ( 2.660000000000000100, 2.649999999999999500, 1.375000000000001800 ) ) ;
#2384 = ORIENTED_EDGE ( 'NONE', *, *, #5468, .F. ) ;
#2385 = VERTEX_POINT ( 'NONE', #9183 ) ;
#2386 = EDGE_LOOP ( 'NONE', ( #1195, #9980, #2917, #8795 ) ) ;
#2387 =( LENGTH_UNIT ( ) NAMED_UNIT ( * ) SI_UNIT ( .MILLI., .METRE. ) );
#2388 = MECHANICAL_DESIGN_GEOMETRIC_PRESENTATION_REPRESENTATION (  '', ( #1039 ), #3043 ) ;
#2389 = EDGE_CURVE ( 'NONE', #7298, #7601, #9893, .T. ) ;
#2390 = FACE_OUTER_BOUND ( 'NONE', #9662, .T. ) ;
#2391 = FACE_OUTER_BOUND ( 'NONE', #9577, .T. ) ;
#2392 = CARTESIAN_POINT ( 'NONE',  ( 5.500000000000001800, -1.700000000000000400, 1.899999999999997700 ) ) ;
#2393 = VECTOR ( 'NONE', #9363, 1000.000000000000000 ) ;
#2394 = CARTESIAN_POINT ( 'NONE',  ( -2.660000000000000100, 2.099999999999999600, 0.6750000000000020400 ) ) ;
#2395 = EDGE_CURVE ( 'NONE', #2458, #5105, #7050, .T. ) ;
#2396 = EDGE_CURVE ( 'NONE', #12522, #8639, #2489, .T. ) ;
#2397 = ORIENTED_EDGE ( 'NONE', *, *, #7753, .T. ) ;
#2398 = CARTESIAN_POINT ( 'NONE',  ( 1.499999999999999100, 2.100000000000000100, 2.899999999999997700 ) ) ;
#2399 = PRESENTATION_LAYER_ASSIGNMENT (  '', '', ( #1056 ) ) ;
#2400 = CARTESIAN_POINT ( 'NONE',  ( 0.1600000000000000300, 2.000000000000000000, 1.774999999999999700 ) ) ;
#2401 = LINE ( 'NONE', #5954, #12331 ) ;
#2402 = PLANE ( 'NONE',  #9797 ) ;
#2403 = LINE ( 'NONE', #12299, #4717 ) ;
#2404 = COLOUR_RGB ( '',0.8000000000000000400, 0.8078431372549019800, 0.8000000000000000400 ) ;
#2405 = VECTOR ( 'NONE', #10077, 1000.000000000000000 ) ;
#2406 =( GEOMETRIC_REPRESENTATION_CONTEXT ( 3 ) GLOBAL_UNCERTAINTY_ASSIGNED_CONTEXT ( ( #11647 ) ) GLOBAL_UNIT_ASSIGNED_CONTEXT ( ( #2201, #2182, #2132 ) ) REPRESENTATION_CONTEXT ( 'NONE', 'WORKASPACE' ) );
#2407 = EDGE_CURVE ( 'NONE', #4078, #10763, #4486, .T. ) ;
#2408 = MECHANICAL_DESIGN_GEOMETRIC_PRESENTATION_REPRESENTATION (  '', ( #420 ), #3066 ) ;
#2409 = CARTESIAN_POINT ( 'NONE',  ( -3.400000000000002100, 0.8500000000000000900, 2.999999999999996400 ) ) ;
#2410 = ORIENTED_EDGE ( 'NONE', *, *, #4834, .F. ) ;
#2411 = DIRECTION ( 'NONE',  ( 0.0000000000000000000, 0.0000000000000000000, 1.000000000000000000 ) ) ;
#2412 = VECTOR ( 'NONE', #2173, 1000.000000000000000 ) ;
#2413 = EDGE_CURVE ( 'NONE', #2058, #10310, #9295, .T. ) ;
#2414 = DIRECTION ( 'NONE',  ( 1.000000000000000000, 0.0000000000000000000, 0.0000000000000000000 ) ) ;
#2415 = ORIENTED_EDGE ( 'NONE', *, *, #9023, .F. ) ;
#2416 = AXIS2_PLACEMENT_3D ( 'NONE', #32, #12543, #12457 ) ;
#2417 = EDGE_LOOP ( 'NONE', ( #11774, #10906, #287, #5417 ) ) ;
#2418 = LINE ( 'NONE', #2051, #10425 ) ;
#2419 = DIRECTION ( 'NONE',  ( -0.0000000000000000000, 0.0000000000000000000, 1.000000000000000000 ) ) ;
#2420 = SURFACE_SIDE_STYLE ('',( #4534 ) ) ;
#2421 = ORIENTED_EDGE ( 'NONE', *, *, #6941, .F. ) ;
#2422 = ADVANCED_FACE ( 'NONE', ( #4168 ), #4348, .T. ) ;
#2423 = DIRECTION ( 'NONE',  ( 0.7071067811865505700, 0.7071067811865444600, 3.833233541708455100E-017 ) ) ;
#2424 = ORIENTED_EDGE ( 'NONE', *, *, #6941, .T. ) ;
#2425 = PRESENTATION_STYLE_ASSIGNMENT (( #8939 ) ) ;
#2426 = DIRECTION ( 'NONE',  ( 0.0000000000000000000, 0.0000000000000000000, -1.000000000000000000 ) ) ;
#2427 = PRESENTATION_LAYER_ASSIGNMENT (  '', '', ( #3080 ) ) ;
#2428 = CARTESIAN_POINT ( 'NONE',  ( 4.000000000000000000, -1.100000000000000300, 2.999999999999997300 ) ) ;
#2429 = VECTOR ( 'NONE', #11377, 1000.000000000000000 ) ;
#2430 =( NAMED_UNIT ( * ) SI_UNIT ( $, .STERADIAN. ) SOLID_ANGLE_UNIT ( ) );
#2431 = CARTESIAN_POINT ( 'NONE',  ( 5.500000000000001800, 1.099999999999999600, 1.899999999999997700 ) ) ;
#2432 = AXIS2_PLACEMENT_3D ( 'NONE', #2529, #9308, #3530 ) ;
#2433 = LINE ( 'NONE', #9682, #12357 ) ;
#2434 = FILL_AREA_STYLE ('',( #3033 ) ) ;
#2435 = ORIENTED_EDGE ( 'NONE', *, *, #4769, .F. ) ;
#2436 = ADVANCED_FACE ( 'NONE', ( #606 ), #1262, .T. ) ;
#2437 = ORIENTED_EDGE ( 'NONE', *, *, #1886, .T. ) ;
#2438 = VECTOR ( 'NONE', #11467, 999.9999999999998900 ) ;
#2439 = EDGE_LOOP ( 'NONE', ( #9944, #805, #849, #857 ) ) ;
#2440 = EDGE_CURVE ( 'NONE', #4485, #11454, #3256, .T. ) ;
#2441 = SURFACE_STYLE_FILL_AREA ( #10488 ) ;
#2442 = DIRECTION ( 'NONE',  ( 1.000000000000000000, 0.0000000000000000000, 0.0000000000000000000 ) ) ;
#2443 = VERTEX_POINT ( 'NONE', #4571 ) ;
#2444 = FACE_OUTER_BOUND ( 'NONE', #7729, .T. ) ;
#2445 = CARTESIAN_POINT ( 'NONE',  ( -2.339999999999999900, 2.299999999999999400, 0.2000000000000025400 ) ) ;
#2446 = FILL_AREA_STYLE_COLOUR ( '', #4056 ) ;
#2447 = LINE ( 'NONE', #3213, #12367 ) ;
#2448 = LINE ( 'NONE', #12146, #7613 ) ;
#2449 = EDGE_LOOP ( 'NONE', ( #2514, #10010, #795, #7238 ) ) ;
#2450 = DIRECTION ( 'NONE',  ( -0.0000000000000000000, 1.000000000000000000, -0.0000000000000000000 ) ) ;
#2451 = FACE_OUTER_BOUND ( 'NONE', #9479, .T. ) ;
#2452 = DIRECTION ( 'NONE',  ( 0.0000000000000000000, 0.0000000000000000000, -1.000000000000000000 ) ) ;
#2453 = CARTESIAN_POINT ( 'NONE',  ( 2.660000000000000100, 3.099999999999999600, 0.5000000000000017800 ) ) ;
#2454 = DIRECTION ( 'NONE',  ( 1.000000000000000000, 0.0000000000000000000, -0.0000000000000000000 ) ) ;
#2455 = PRESENTATION_LAYER_ASSIGNMENT (  '', '', ( #3103 ) ) ;
#2456 = ORIENTED_EDGE ( 'NONE', *, *, #9670, .F. ) ;
#2457 = LINE ( 'NONE', #10124, #9864 ) ;
#2458 = VERTEX_POINT ( 'NONE', #340 ) ;
#2459 = ORIENTED_EDGE ( 'NONE', *, *, #3791, .F. ) ;
#2460 = FACE_OUTER_BOUND ( 'NONE', #730, .T. ) ;
#2461 = LINE ( 'NONE', #1059, #9870 ) ;
#2462 = EDGE_LOOP ( 'NONE', ( #1090, #10833, #3045, #11629 ) ) ;
#2463 = CARTESIAN_POINT ( 'NONE',  ( 0.1599999999999999800, 2.000000000000000000, 1.775000000000001500 ) ) ;
#2464 = ORIENTED_EDGE ( 'NONE', *, *, #9602, .T. ) ;
#2465 = EDGE_CURVE ( 'NONE', #3220, #700, #2934, .T. ) ;
#2466 = CARTESIAN_POINT ( 'NONE',  ( 4.475000000000001400, -1.200000000000000400, 0.4899999999999967200 ) ) ;
#2467 = DIRECTION ( 'NONE',  ( 1.000000000000000000, 0.0000000000000000000, 0.0000000000000000000 ) ) ;
#2468 = FILL_AREA_STYLE_COLOUR ( '', #473 ) ;
#2469 = ORIENTED_EDGE ( 'NONE', *, *, #4719, .F. ) ;
#2470 =( GEOMETRIC_REPRESENTATION_CONTEXT ( 3 ) GLOBAL_UNCERTAINTY_ASSIGNED_CONTEXT ( ( #4439 ) ) GLOBAL_UNIT_ASSIGNED_CONTEXT ( ( #7878, #2048, #8853 ) ) REPRESENTATION_CONTEXT ( 'NONE', 'WORKASPACE' ) );
#2471 = VECTOR ( 'NONE', #3134, 1000.000000000000000 ) ;
#2472 = PRESENTATION_LAYER_ASSIGNMENT (  '', '', ( #1121 ) ) ;
#2473 = CARTESIAN_POINT ( 'NONE',  ( -4.000000000000001800, 1.099999999999999600, 2.699999999999999700 ) ) ;
#2474 = ORIENTED_EDGE ( 'NONE', *, *, #721, .T. ) ;
#2475 = CARTESIAN_POINT ( 'NONE',  ( 1.409999999999999700, 0.8500000000000000900, 1.700000000000000000 ) ) ;
#2476 = DIRECTION ( 'NONE',  ( -0.0000000000000000000, -0.0000000000000000000, 1.000000000000000000 ) ) ;
#2477 = DIRECTION ( 'NONE',  ( -1.000000000000000000, -0.0000000000000000000, -0.0000000000000000000 ) ) ;
#2478 = EDGE_LOOP ( 'NONE', ( #2101, #5302, #6303, #2336 ) ) ;
#2479 = VECTOR ( 'NONE', #7832, 1000.000000000000000 ) ;
#2480 = PLANE ( 'NONE',  #7850 ) ;
#2481 = VECTOR ( 'NONE', #3938, 1000.000000000000000 ) ;
#2482 = FILL_AREA_STYLE ('',( #7321 ) ) ;
#2483 = PRESENTATION_STYLE_ASSIGNMENT (( #9482 ) ) ;
#2484 = ORIENTED_EDGE ( 'NONE', *, *, #4963, .T. ) ;
#2485 = VERTEX_POINT ( 'NONE', #286 ) ;
#2486 = EDGE_CURVE ( 'NONE', #3682, #3220, #7795, .T. ) ;
#2487 = SURFACE_STYLE_FILL_AREA ( #6195 ) ;
#2488 = DIRECTION ( 'NONE',  ( 0.0000000000000000000, 1.000000000000000000, 0.0000000000000000000 ) ) ;
#2489 = LINE ( 'NONE', #8232, #11811 ) ;
#2490 = DIRECTION ( 'NONE',  ( -0.0000000000000000000, -0.0000000000000000000, 1.000000000000000000 ) ) ;
#2491 = CARTESIAN_POINT ( 'NONE',  ( -2.339999999999999900, 2.299999999999999400, 0.2000000000000025400 ) ) ;
#2492 = PLANE ( 'NONE',  #11639 ) ;
#2493 = VERTEX_POINT ( 'NONE', #10035 ) ;
#2494 = ADVANCED_FACE ( 'NONE', ( #10634 ), #11651, .T. ) ;
#2495 = EDGE_CURVE ( 'NONE', #1868, #3580, #6882, .T. ) ;
#2496 = ORIENTED_EDGE ( 'NONE', *, *, #7120, .F. ) ;
#2497 = CARTESIAN_POINT ( 'NONE',  ( -2.025000000000000800, -0.6500000000000003600, 0.1999999999999994000 ) ) ;
#2498 = CARTESIAN_POINT ( 'NONE',  ( 1.409999999999999700, 2.799999999999999400, 0.5000000000000017800 ) ) ;
#2499 = DIRECTION ( 'NONE',  ( 1.000000000000000000, 0.0000000000000000000, 0.0000000000000000000 ) ) ;
#2500 = EDGE_CURVE ( 'NONE', #2160, #8713, #10330, .T. ) ;
#2501 = AXIS2_PLACEMENT_3D ( 'NONE', #5510, #5008, #4994 ) ;
#2502 = ORIENTED_EDGE ( 'NONE', *, *, #9630, .F. ) ;
#2503 = CARTESIAN_POINT ( 'NONE',  ( 1.409999999999999000, -0.8999999999999956900, 0.9499999999999980700 ) ) ;
#2504 = ORIENTED_EDGE ( 'NONE', *, *, #3139, .F. ) ;
#2505 = ADVANCED_FACE ( 'NONE', ( #1676 ), #2311, .F. ) ;
#2506 = FILL_AREA_STYLE_COLOUR ( '', #4642 ) ;
#2507 = AXIS2_PLACEMENT_3D ( 'NONE', #9641, #9558, #9511 ) ;
#2508 = CARTESIAN_POINT ( 'NONE',  ( -3.100000000000001400, -0.8000000000000006000, 2.999999999999997300 ) ) ;
#2509 = FACE_OUTER_BOUND ( 'NONE', #8352, .T. ) ;
#2510 = FILL_AREA_STYLE_COLOUR ( '', #7055 ) ;
#2511 = CARTESIAN_POINT ( 'NONE',  ( -1.090000000000000100, 1.500000000000000000, 1.700000000000000000 ) ) ;
#2512 = ORIENTED_EDGE ( 'NONE', *, *, #10061, .T. ) ;
#2513 = VECTOR ( 'NONE', #11317, 1000.000000000000000 ) ;
#2514 = ORIENTED_EDGE ( 'NONE', *, *, #10728, .T. ) ;
#2515 = ORIENTED_EDGE ( 'NONE', *, *, #6654, .F. ) ;
#2516 = ORIENTED_EDGE ( 'NONE', *, *, #2495, .T. ) ;
#2517 = CARTESIAN_POINT ( 'NONE',  ( -1.090000000000000100, 1.500000000000000000, 1.700000000000000000 ) ) ;
#2518 = DIRECTION ( 'NONE',  ( 0.0000000000000000000, 1.000000000000000000, 0.0000000000000000000 ) ) ;
#2519 = DIRECTION ( 'NONE',  ( 0.0000000000000000000, 1.000000000000000000, 0.0000000000000000000 ) ) ;
#2520 = LINE ( 'NONE', #11145, #9636 ) ;
#2521 = LINE ( 'NONE', #11861, #4829 ) ;
#2522 = STYLED_ITEM ( 'NONE', ( #7449 ), #8341 ) ;
#2523 = ORIENTED_EDGE ( 'NONE', *, *, #9289, .T. ) ;
#2524 = CARTESIAN_POINT ( 'NONE',  ( -0.1599999999999999800, 1.500000000000000000, 0.8750000000000017800 ) ) ;
#2525 = ORIENTED_EDGE ( 'NONE', *, *, #6258, .F. ) ;
#2526 = CARTESIAN_POINT ( 'NONE',  ( 4.235000000000002100, -1.200000000000000400, 1.529999999999997600 ) ) ;
#2527 = CARTESIAN_POINT ( 'NONE',  ( 3.100000000000001000, -0.5000000000000003300, 2.999999999999997300 ) ) ;
#2528 = SURFACE_STYLE_USAGE ( .BOTH. , #8343 ) ;
#2529 = CARTESIAN_POINT ( 'NONE',  ( 2.660000000000000100, 2.000000000000000000, 1.775000000000001500 ) ) ;
#2530 = CARTESIAN_POINT ( 'NONE',  ( 1.409999999999999700, 2.900000000000000400, 1.788933584601082300E-015 ) ) ;
#2531 = EDGE_CURVE ( 'NONE', #1502, #1354, #9143, .T. ) ;
#2532 = VERTEX_POINT ( 'NONE', #3207 ) ;
#2533 = ORIENTED_EDGE ( 'NONE', *, *, #12041, .F. ) ;
#2534 = EDGE_CURVE ( 'NONE', #7540, #9179, #11355, .T. ) ;
#2535 = COLOUR_RGB ( '',0.8000000000000000400, 0.8078431372549019800, 0.8000000000000000400 ) ;
#2536 = DIRECTION ( 'NONE',  ( -2.350988701644579200E-030, -1.000000000000000000, 4.336808689942025600E-015 ) ) ;
#2537 = AXIS2_PLACEMENT_3D ( 'NONE', #5131, #11800, #6093 ) ;
#2539 = FACE_OUTER_BOUND ( 'NONE', #860, .T. ) ;
#2538 = CARTESIAN_POINT ( 'NONE',  ( -1.000000000000000700, 2.100000000000000100, 2.899999999999997700 ) ) ;
#2540 = VECTOR ( 'NONE', #6519, 1000.000000000000000 ) ;
#2541 = CARTESIAN_POINT ( 'NONE',  ( 0.1599999999999999800, 1.500000000000000000, 1.699999999999998800 ) ) ;
#2542 = PLANE ( 'NONE',  #10862 ) ;
#2543 = ORIENTED_EDGE ( 'NONE', *, *, #1517, .F. ) ;
#2544 = ADVANCED_FACE ( 'NONE', ( #1377 ), #5704, .F. ) ;
#2545 = ORIENTED_EDGE ( 'NONE', *, *, #9301, .T. ) ;
#2546 = EDGE_CURVE ( 'NONE', #7707, #10908, #6312, .T. ) ;
#2547 = LINE ( 'NONE', #9854, #5162 ) ;
#2548 = CARTESIAN_POINT ( 'NONE',  ( -0.1599999999999999800, 0.8500000000000000900, 1.700000000000000000 ) ) ;
#2549 = DIRECTION ( 'NONE',  ( 0.0000000000000000000, -1.000000000000000000, 4.336808689942025600E-015 ) ) ;
#2550 = FILL_AREA_STYLE_COLOUR ( '', #12026 ) ;
#2551 = LINE ( 'NONE', #11030, #12471 ) ;
#2552 = DIRECTION ( 'NONE',  ( -1.000000000000000000, -0.0000000000000000000, 0.0000000000000000000 ) ) ;
#2553 = CARTESIAN_POINT ( 'NONE',  ( -3.800000000000001600, -2.100000000000000100, 0.1999999999999999600 ) ) ;
#2554 = VERTEX_POINT ( 'NONE', #10853 ) ;
#2555 = EDGE_CURVE ( 'NONE', #4691, #85, #5999, .T. ) ;
#2556 = ADVANCED_FACE ( 'NONE', ( #8549 ), #8682, .T. ) ;
#2557 = FACE_OUTER_BOUND ( 'NONE', #4315, .T. ) ;
#2558 = PLANE ( 'NONE',  #1877 ) ;
#2559 = DIRECTION ( 'NONE',  ( 2.710505431213762600E-016, 4.336808689942025600E-015, 1.000000000000000000 ) ) ;
#2560 = EDGE_CURVE ( 'NONE', #11000, #7869, #10765, .T. ) ;
#2561 = LINE ( 'NONE', #7910, #9957 ) ;
#2562 = EDGE_CURVE ( 'NONE', #433, #2372, #765, .T. ) ;
#2563 = DIRECTION ( 'NONE',  ( -0.0000000000000000000, -1.000000000000000000, -0.0000000000000000000 ) ) ;
#2564 = ORIENTED_EDGE ( 'NONE', *, *, #1217, .F. ) ;
#2565 = AXIS2_PLACEMENT_3D ( 'NONE', #11471, #11420, #11397 ) ;
#2566 = DIRECTION ( 'NONE',  ( 0.0000000000000000000, 5.981805089575195200E-016, 1.000000000000000000 ) ) ;
#2567 = ORIENTED_EDGE ( 'NONE', *, *, #2067, .T. ) ;
#2568 = VECTOR ( 'NONE', #6672, 1000.000000000000000 ) ;
#2569 = ORIENTED_EDGE ( 'NONE', *, *, #8559, .F. ) ;
#2570 = VECTOR ( 'NONE', #6184, 1000.000000000000200 ) ;
#2571 = CIRCLE ( 'NONE', #8136, 0.3500000000000004800 ) ;
#2572 = AXIS2_PLACEMENT_3D ( 'NONE', #10484, #9273, #8806 ) ;
#2573 =( GEOMETRIC_REPRESENTATION_CONTEXT ( 3 ) GLOBAL_UNCERTAINTY_ASSIGNED_CONTEXT ( ( #8383 ) ) GLOBAL_UNIT_ASSIGNED_CONTEXT ( ( #731, #7561, #1706 ) ) REPRESENTATION_CONTEXT ( 'NONE', 'WORKASPACE' ) );
#2574 = ORIENTED_EDGE ( 'NONE', *, *, #1635, .T. ) ;
#2575 = VERTEX_POINT ( 'NONE', #7634 ) ;
#2576 = VERTEX_POINT ( 'NONE', #7580 ) ;
#2577 = DIRECTION ( 'NONE',  ( -1.000000000000000000, 2.710505431213760100E-016, 2.710505431213760100E-016 ) ) ;
#2578 = LINE ( 'NONE', #12099, #12505 ) ;
#2579 = VECTOR ( 'NONE', #18, 1000.000000000000000 ) ;
#2580 = CARTESIAN_POINT ( 'NONE',  ( 4.000000000000001800, 1.099999999999999600, 0.2999999999999976000 ) ) ;
#2581 = VECTOR ( 'NONE', #1845, 1000.000000000000000 ) ;
#2582 = CARTESIAN_POINT ( 'NONE',  ( 0.1599999999999999800, 2.799999999999999400, 0.5000000000000017800 ) ) ;
#2583 = COLOUR_RGB ( '',0.8000000000000000400, 0.8078431372549019800, 0.8000000000000000400 ) ;
#2584 = DIRECTION ( 'NONE',  ( 0.0000000000000000000, 0.0000000000000000000, 1.000000000000000000 ) ) ;
#2585 = VECTOR ( 'NONE', #4617, 1000.000000000000000 ) ;
#2586 = DIRECTION ( 'NONE',  ( 0.0000000000000000000, 0.0000000000000000000, 1.000000000000000000 ) ) ;
#2587 = AXIS2_PLACEMENT_3D ( 'NONE', #3514, #4502, #11181 ) ;
#2588 = ORIENTED_EDGE ( 'NONE', *, *, #11394, .F. ) ;
#2589 = LINE ( 'NONE', #11272, #2286 ) ;
#2590 = EDGE_LOOP ( 'NONE', ( #2788, #4128, #5384, #9877 ) ) ;
#2591 = PLANE ( 'NONE',  #7151 ) ;
#2592 = DIRECTION ( 'NONE',  ( -1.000000000000000000, -0.0000000000000000000, -0.0000000000000000000 ) ) ;
#2593 = CARTESIAN_POINT ( 'NONE',  ( -2.339999999999999900, 2.000000000000000000, 1.774999999999999700 ) ) ;
#2594 = SURFACE_STYLE_FILL_AREA ( #3756 ) ;
#2595 = LINE ( 'NONE', #9066, #7463 ) ;
#2596 = ORIENTED_EDGE ( 'NONE', *, *, #12089, .F. ) ;
#2597 = VERTEX_POINT ( 'NONE', #4937 ) ;
#2598 = ORIENTED_EDGE ( 'NONE', *, *, #5697, .F. ) ;
#2599 = EDGE_LOOP ( 'NONE', ( #3539, #5932, #7858, #6263 ) ) ;
#2600 = DIRECTION ( 'NONE',  ( 1.000000000000000000, 0.0000000000000000000, 0.0000000000000000000 ) ) ;
#2601 = FILL_AREA_STYLE_COLOUR ( '', #1620 ) ;
#2602 = EDGE_LOOP ( 'NONE', ( #10998, #3857, #7788, #7486 ) ) ;
#2603 = EDGE_CURVE ( 'NONE', #7695, #2443, #454, .T. ) ;
#2604 = EDGE_LOOP ( 'NONE', ( #12205, #2189, #873, #5220 ) ) ;
#2605 = FILL_AREA_STYLE ('',( #2601 ) ) ;
#2606 =( NAMED_UNIT ( * ) SI_UNIT ( $, .STERADIAN. ) SOLID_ANGLE_UNIT ( ) );
#2607 = DIRECTION ( 'NONE',  ( -0.0000000000000000000, 0.0000000000000000000, -1.000000000000000000 ) ) ;
#2608 = PLANE ( 'NONE',  #1684 ) ;
#2609 = ADVANCED_FACE ( 'NONE', ( #8252 ), #1996, .F. ) ;
#2610 = VECTOR ( 'NONE', #6309, 1000.000000000000000 ) ;
#2611 = CARTESIAN_POINT ( 'NONE',  ( -1.090000000000000100, 1.500000000000000000, 0.8749999999999998900 ) ) ;
#2612 = VECTOR ( 'NONE', #2761, 1000.000000000000000 ) ;
#2613 = CARTESIAN_POINT ( 'NONE',  ( 1.409999999999999700, 0.8500000000000000900, 0.9499999999999998400 ) ) ;
#2614 = ORIENTED_EDGE ( 'NONE', *, *, #4650, .F. ) ;
#2615 = MECHANICAL_DESIGN_GEOMETRIC_PRESENTATION_REPRESENTATION (  '', ( #614 ), #3284 ) ;
#2616 = EDGE_LOOP ( 'NONE', ( #4608, #3761, #5718, #2135 ) ) ;
#2617 = VECTOR ( 'NONE', #1828, 1000.000000000000100 ) ;
#2618 = UNCERTAINTY_MEASURE_WITH_UNIT (LENGTH_MEASURE( 1.000000000000000100E-005 ), #4548, 'distance_accuracy_value', 'NONE');
#2619 = DIRECTION ( 'NONE',  ( -1.885568995626964300E-016, -1.000000000000000000, 0.0000000000000000000 ) ) ;
#2620 = ORIENTED_EDGE ( 'NONE', *, *, #2500, .F. ) ;
#2621 = ADVANCED_FACE ( 'NONE', ( #3082 ), #178, .F. ) ;
#2622 = EDGE_LOOP ( 'NONE', ( #10063, #10849, #10762, #7996 ) ) ;
#2623 = COLOUR_RGB ( '',0.8000000000000000400, 0.8078431372549019800, 0.8000000000000000400 ) ;
#2624 = VECTOR ( 'NONE', #12268, 1000.000000000000000 ) ;
#2625 = CARTESIAN_POINT ( 'NONE',  ( 1.499999999999999100, 2.100000000000000100, 3.399999999999997700 ) ) ;
#2626 = ORIENTED_EDGE ( 'NONE', *, *, #1751, .F. ) ;
#2627 = CARTESIAN_POINT ( 'NONE',  ( -4.675000000000005200, 1.099999999999999600, 1.029999999999995600 ) ) ;
#2628 = AXIS2_PLACEMENT_3D ( 'NONE', #3608, #3636, #3565 ) ;
#2629 = DIRECTION ( 'NONE',  ( 0.0000000000000000000, 0.0000000000000000000, -1.000000000000000000 ) ) ;
#2630 = UNCERTAINTY_MEASURE_WITH_UNIT (LENGTH_MEASURE( 1.000000000000000100E-005 ), #10081, 'distance_accuracy_value', 'NONE');
#2631 = EDGE_CURVE ( 'NONE', #8713, #5473, #7935, .T. ) ;
#2632 = CARTESIAN_POINT ( 'NONE',  ( -1.090000000000000100, 1.500000000000000000, 1.700000000000000000 ) ) ;
#2633 = FACE_OUTER_BOUND ( 'NONE', #6074, .T. ) ;
#2634 = DIRECTION ( 'NONE',  ( 1.000000000000000000, 0.0000000000000000000, -0.0000000000000000000 ) ) ;
#2635 = LINE ( 'NONE', #7865, #12560 ) ;
#2636 =( LENGTH_UNIT ( ) NAMED_UNIT ( * ) SI_UNIT ( .MILLI., .METRE. ) );
#2637 = ORIENTED_EDGE ( 'NONE', *, *, #1801, .F. ) ;
#2638 = DIRECTION ( 'NONE',  ( 0.0000000000000000000, 1.495451272393799300E-016, -1.000000000000000000 ) ) ;
#2639 = CARTESIAN_POINT ( 'NONE',  ( 4.475000000000001400, -1.200000000000000400, 1.229999999999997800 ) ) ;
#2640 = VECTOR ( 'NONE', #3158, 1000.000000000000000 ) ;
#2641 = CARTESIAN_POINT ( 'NONE',  ( 2.660000000000000100, 2.099999999999999600, 0.8750000000000017800 ) ) ;
#2642 = EDGE_CURVE ( 'NONE', #4603, #5944, #8841, .T. ) ;
#2643 = EDGE_CURVE ( 'NONE', #6701, #9248, #134, .T. ) ;
#2644 = VERTEX_POINT ( 'NONE', #5085 ) ;
#2645 = ORIENTED_EDGE ( 'NONE', *, *, #3032, .T. ) ;
#2646 = AXIS2_PLACEMENT_3D ( 'NONE', #8547, #9462, #10036 ) ;
#2647 = ORIENTED_EDGE ( 'NONE', *, *, #3939, .F. ) ;
#2648 = PLANE ( 'NONE',  #6785 ) ;
#2649 = COLOUR_RGB ( '',0.8000000000000000400, 0.8078431372549019800, 0.8000000000000000400 ) ;
#2650 = CARTESIAN_POINT ( 'NONE',  ( 3.700000000000002000, 0.8500000000000000900, 1.399999999999996800 ) ) ;
#2651 = PLANE ( 'NONE',  #7377 ) ;
#2652 = PRESENTATION_LAYER_ASSIGNMENT (  '', '', ( #1974 ) ) ;
#2654 = FACE_OUTER_BOUND ( 'NONE', #9324, .T. ) ;
#2653 = DIRECTION ( 'NONE',  ( 0.0000000000000000000, -1.000000000000000000, 0.0000000000000000000 ) ) ;
#2655 = EDGE_CURVE ( 'NONE', #10608, #2674, #7643, .T. ) ;
#2656 = VERTEX_POINT ( 'NONE', #3183 ) ;
#2657 = MECHANICAL_DESIGN_GEOMETRIC_PRESENTATION_REPRESENTATION (  '', ( #661 ), #3319 ) ;
#2658 = FILL_AREA_STYLE_COLOUR ( '', #11182 ) ;
#2659 = ORIENTED_EDGE ( 'NONE', *, *, #9186, .T. ) ;
#2660 = EDGE_CURVE ( 'NONE', #12234, #9089, #5082, .T. ) ;
#2661 = VECTOR ( 'NONE', #9994, 1000.000000000000100 ) ;
#2662 = PRESENTATION_LAYER_ASSIGNMENT (  '', '', ( #1313 ) ) ;
#2663 = VERTEX_POINT ( 'NONE', #6373 ) ;
#2664 = VERTEX_POINT ( 'NONE', #4561 ) ;
#2665 = DIRECTION ( 'NONE',  ( 0.0000000000000000000, 0.0000000000000000000, -1.000000000000000000 ) ) ;
#2666 = VECTOR ( 'NONE', #5662, 1000.000000000000000 ) ;
#2667 = CARTESIAN_POINT ( 'NONE',  ( 5.500000000000001800, -1.700000000000000400, 1.899999999999997700 ) ) ;
#2668 = VECTOR ( 'NONE', #8009, 1000.000000000000000 ) ;
#2669 = ADVANCED_FACE ( 'NONE', ( #2771 ), #4978, .F. ) ;
#2670 = CARTESIAN_POINT ( 'NONE',  ( 4.000000000000000000, -2.100000000000000100, 2.999999999999997300 ) ) ;
#2671 = CARTESIAN_POINT ( 'NONE',  ( 4.995000000000001900, -1.100000000000000500, 1.255000000000000100 ) ) ;
#2672 = FACE_OUTER_BOUND ( 'NONE', #8614, .T. ) ;
#2673 = CARTESIAN_POINT ( 'NONE',  ( 2.660000000000000100, 1.500000000000000000, 0.9499999999999982900 ) ) ;
#2674 = VERTEX_POINT ( 'NONE', #960 ) ;
#2675 = CARTESIAN_POINT ( 'NONE',  ( -5.500000000000001800, 1.099999999999999600, 0.2500000000000001100 ) ) ;
#2676 = EDGE_CURVE ( 'NONE', #8141, #10604, #6444, .T. ) ;
#2677 = ORIENTED_EDGE ( 'NONE', *, *, #4477, .T. ) ;
#2678 = CARTESIAN_POINT ( 'NONE',  ( -2.339999999999999900, 2.099999999999999600, 0.8750000000000017800 ) ) ;
#2679 = ORIENTED_EDGE ( 'NONE', *, *, #5613, .F. ) ;
#2680 = ADVANCED_FACE ( 'NONE', ( #12402 ), #11937, .F. ) ;
#2681 = FACE_OUTER_BOUND ( 'NONE', #8532, .T. ) ;
#2682 =( NAMED_UNIT ( * ) PLANE_ANGLE_UNIT ( ) SI_UNIT ( $, .RADIAN. ) );
#2683 = SURFACE_STYLE_USAGE ( .BOTH. , #2708 ) ;
#2684 = DIRECTION ( 'NONE',  ( 0.0000000000000000000, 0.0000000000000000000, -1.000000000000000000 ) ) ;
#2685 = DIRECTION ( 'NONE',  ( 0.0000000000000000000, -5.981805089575196200E-016, -1.000000000000000000 ) ) ;
#2686 = ORIENTED_EDGE ( 'NONE', *, *, #12438, .T. ) ;
#2687 = ORIENTED_EDGE ( 'NONE', *, *, #12054, .T. ) ;
#2688 = CARTESIAN_POINT ( 'NONE',  ( 5.700000000000001100, -0.8999999999999991300, 0.2500000000000001100 ) ) ;
#2689 = CARTESIAN_POINT ( 'NONE',  ( -3.700000000000002000, 0.8500000000000000900, 2.299999999999996300 ) ) ;
#2690 = DIRECTION ( 'NONE',  ( 0.0000000000000000000, -3.738628180984498200E-017, 1.000000000000000000 ) ) ;
#2691 = LINE ( 'NONE', #7852, #1285 ) ;
#2692 = EDGE_CURVE ( 'NONE', #4431, #2358, #9882, .T. ) ;
#2693 = EDGE_CURVE ( 'NONE', #7403, #10535, #1201, .T. ) ;
#2694 = ORIENTED_EDGE ( 'NONE', *, *, #1053, .T. ) ;
#2695 = DIRECTION ( 'NONE',  ( 0.0000000000000000000, 0.0000000000000000000, -1.000000000000000000 ) ) ;
#2696 = UNCERTAINTY_MEASURE_WITH_UNIT (LENGTH_MEASURE( 1.000000000000000100E-005 ), #894, 'distance_accuracy_value', 'NONE');
#2697 = ORIENTED_EDGE ( 'NONE', *, *, #11910, .F. ) ;
#2698 = VECTOR ( 'NONE', #5820, 1000.000000000000000 ) ;
#2699 = SURFACE_SIDE_STYLE ('',( #7646 ) ) ;
#2700 = DIRECTION ( 'NONE',  ( 1.000000000000000000, 0.0000000000000000000, -0.0000000000000000000 ) ) ;
#2701 = CARTESIAN_POINT ( 'NONE',  ( 2.660000000000000100, 3.099999999999999600, 0.2000000000000018700 ) ) ;
#2702 = SURFACE_STYLE_FILL_AREA ( #3231 ) ;
#2703 = LINE ( 'NONE', #9984, #5015 ) ;
#2704 = DIRECTION ( 'NONE',  ( 0.5773502691896257300, 0.5773502691896257300, 0.5773502691896257300 ) ) ;
#2705 = EDGE_CURVE ( 'NONE', #9594, #6668, #11202, .T. ) ;
#2706 = DIRECTION ( 'NONE',  ( -0.7071067811865475700, -0.7071067811865475700, -0.0000000000000000000 ) ) ;
#2707 = ORIENTED_EDGE ( 'NONE', *, *, #4469, .T. ) ;
#2708 = SURFACE_SIDE_STYLE ('',( #6542 ) ) ;
#2709 = AXIS2_PLACEMENT_3D ( 'NONE', #11118, #11026, #10978 ) ;
#2710 = CARTESIAN_POINT ( 'NONE',  ( 1.409999999999999700, 2.499999999999999600, 1.734723475976807100E-015 ) ) ;
#2711 = FILL_AREA_STYLE_COLOUR ( '', #1760 ) ;
#2712 = CARTESIAN_POINT ( 'NONE',  ( -2.339999999999999900, 1.500000000000000000, 1.699999999999998800 ) ) ;
#2713 = LINE ( 'NONE', #3420, #5025 ) ;
#2714 = LINE ( 'NONE', #11762, #79 ) ;
#2715 = ORIENTED_EDGE ( 'NONE', *, *, #2305, .T. ) ;
#2716 = DIRECTION ( 'NONE',  ( -2.891205793294679400E-015, 0.0000000000000000000, 1.000000000000000000 ) ) ;
#2717 = LINE ( 'NONE', #2868, #82 ) ;
#2718 = CARTESIAN_POINT ( 'NONE',  ( 4.000000000000000000, 1.500000000000000400, 3.399999999999997700 ) ) ;
#2719 = MECHANICAL_DESIGN_GEOMETRIC_PRESENTATION_REPRESENTATION (  '', ( #736 ), #3397 ) ;
#2720 = ORIENTED_EDGE ( 'NONE', *, *, #11589, .F. ) ;
#2721 = EDGE_CURVE ( 'NONE', #9673, #3302, #3555, .T. ) ;
#2722 = ORIENTED_EDGE ( 'NONE', *, *, #10879, .T. ) ;
#2723 = VERTEX_POINT ( 'NONE', #8792 ) ;
#2724 = CARTESIAN_POINT ( 'NONE',  ( 3.300000000000000700, -1.099999999999999900, 0.1999999999999977900 ) ) ;
#2725 =( NAMED_UNIT ( * ) PLANE_ANGLE_UNIT ( ) SI_UNIT ( $, .RADIAN. ) );
#2726 = LINE ( 'NONE', #5586, #5649 ) ;
#2727 = VECTOR ( 'NONE', #1806, 1000.000000000000000 ) ;
#2728 = DIRECTION ( 'NONE',  ( -0.0000000000000000000, -0.0000000000000000000, 1.000000000000000000 ) ) ;
#2729 = PLANE ( 'NONE',  #4881 ) ;
#2730 = EDGE_CURVE ( 'NONE', #9895, #3285, #3239, .T. ) ;
#2731 = FACE_OUTER_BOUND ( 'NONE', #9194, .T. ) ;
#2732 = EDGE_CURVE ( 'NONE', #5105, #4493, #5829, .T. ) ;
#2733 = ADVANCED_FACE ( 'NONE', ( #5536 ), #8297, .F. ) ;
#2734 = ORIENTED_EDGE ( 'NONE', *, *, #3478, .F. ) ;
#2735 = VECTOR ( 'NONE', #10644, 1000.000000000000000 ) ;
#2736 = CARTESIAN_POINT ( 'NONE',  ( 0.9999999999999986700, 1.500000000000000400, 2.899999999999997700 ) ) ;
#2737 = PLANE ( 'NONE',  #181 ) ;
#2738 = ORIENTED_EDGE ( 'NONE', *, *, #9956, .F. ) ;
#2739 = ORIENTED_EDGE ( 'NONE', *, *, #12406, .F. ) ;
#2740 = VECTOR ( 'NONE', #5728, 1000.000000000000000 ) ;
#2741 = EDGE_LOOP ( 'NONE', ( #7554, #5872, #2218, #6669, #11392, #4100, #6271, #3337 ) ) ;
#2742 = AXIS2_PLACEMENT_3D ( 'NONE', #3467, #2706, #2629 ) ;
#2743 = LINE ( 'NONE', #2202, #104 ) ;
#2744 = DIRECTION ( 'NONE',  ( -0.7071067811865507900, 0.0000000000000000000, -0.7071067811865442400 ) ) ;
#2745 = CIRCLE ( 'NONE', #355, 0.1999999999999996500 ) ;
#2746 = LINE ( 'NONE', #6117, #7610 ) ;
#2747 = STYLED_ITEM ( 'NONE', ( #7362 ), #9862 ) ;
#2748 =( NAMED_UNIT ( * ) SI_UNIT ( $, .STERADIAN. ) SOLID_ANGLE_UNIT ( ) );
#2749 = FACE_OUTER_BOUND ( 'NONE', #11032, .T. ) ;
#2750 = ADVANCED_FACE ( 'NONE', ( #4626 ), #6857, .T. ) ;
#2751 = CARTESIAN_POINT ( 'NONE',  ( -4.000000000000001800, 2.100000000000000100, 0.2000000000000000100 ) ) ;
#2752 = MECHANICAL_DESIGN_GEOMETRIC_PRESENTATION_REPRESENTATION (  '', ( #766 ), #3434 ) ;
#2753 =( LENGTH_UNIT ( ) NAMED_UNIT ( * ) SI_UNIT ( .MILLI., .METRE. ) );
#2754 = PLANE ( 'NONE',  #3842 ) ;
#2755 = VECTOR ( 'NONE', #369, 1000.000000000000000 ) ;
#2756 = ORIENTED_EDGE ( 'NONE', *, *, #1284, .F. ) ;
#2757 = DIRECTION ( 'NONE',  ( 1.000000000000000000, 0.0000000000000000000, 0.0000000000000000000 ) ) ;
#2758 = ORIENTED_EDGE ( 'NONE', *, *, #8508, .F. ) ;
#2759 = MECHANICAL_DESIGN_GEOMETRIC_PRESENTATION_REPRESENTATION (  '', ( #1425 ), #3440 ) ;
#2760 = CARTESIAN_POINT ( 'NONE',  ( -1.090000000000000100, 1.500000000000000000, 1.775000000000001700 ) ) ;
#2761 = DIRECTION ( 'NONE',  ( -1.000000000000000000, 0.0000000000000000000, 2.710505431213761600E-016 ) ) ;
#2762 = ORIENTED_EDGE ( 'NONE', *, *, #11019, .T. ) ;
#2763 = DIRECTION ( 'NONE',  ( -1.000000000000000000, 0.0000000000000000000, 0.0000000000000000000 ) ) ;
#2764 = DIRECTION ( 'NONE',  ( 0.0000000000000000000, -1.000000000000000000, 4.336808689942018200E-016 ) ) ;
#2765 = ORIENTED_EDGE ( 'NONE', *, *, #10560, .F. ) ;
#2766 = CARTESIAN_POINT ( 'NONE',  ( 1.409999999999999700, -0.8999999999999950300, 1.699999999999998400 ) ) ;
#2767 = ORIENTED_EDGE ( 'NONE', *, *, #5528, .T. ) ;
#2768 = ORIENTED_EDGE ( 'NONE', *, *, #8703, .T. ) ;
#2769 = VERTEX_POINT ( 'NONE', #6154 ) ;
#2770 =( LENGTH_UNIT ( ) NAMED_UNIT ( * ) SI_UNIT ( .MILLI., .METRE. ) );
#2771 = FACE_OUTER_BOUND ( 'NONE', #4625, .T. ) ;
#2772 = EDGE_CURVE ( 'NONE', #5998, #1182, #7176, .T. ) ;
#2773 = FACE_OUTER_BOUND ( 'NONE', #10732, .T. ) ;
#2774 = CARTESIAN_POINT ( 'NONE',  ( -1.325000000000000400, 0.4999999999999995600, 0.1999999999999992100 ) ) ;
#2775 = CARTESIAN_POINT ( 'NONE',  ( 3.700000000000002000, -2.100000000000000100, 1.399999999999996800 ) ) ;
#2776 = VECTOR ( 'NONE', #6550, 1000.000000000000000 ) ;
#2777 = ORIENTED_EDGE ( 'NONE', *, *, #3130, .T. ) ;
#2778 = ORIENTED_EDGE ( 'NONE', *, *, #10090, .T. ) ;
#2779 = CARTESIAN_POINT ( 'NONE',  ( -5.700000000000001100, -0.8999999999999991300, 0.2500000000000001100 ) ) ;
#2780 = CARTESIAN_POINT ( 'NONE',  ( 4.000000000000000000, 1.500000000000000400, 2.899999999999997700 ) ) ;
#2781 = PRESENTATION_LAYER_ASSIGNMENT (  '', '', ( #2119 ) ) ;
#2782 = FACE_OUTER_BOUND ( 'NONE', #7175, .T. ) ;
#2783 = VERTEX_POINT ( 'NONE', #4096 ) ;
#2784 = LINE ( 'NONE', #2453, #5411 ) ;
#2785 = DIRECTION ( 'NONE',  ( 0.0000000000000000000, 0.7071067811865462400, -0.7071067811865489100 ) ) ;
#2786 =( LENGTH_UNIT ( ) NAMED_UNIT ( * ) SI_UNIT ( .MILLI., .METRE. ) );
#2787 = CARTESIAN_POINT ( 'NONE',  ( 3.466666666666657500, -0.6333333333333381900, -1.233333333333338500 ) ) ;
#2788 = ORIENTED_EDGE ( 'NONE', *, *, #6562, .T. ) ;
#2789 = CARTESIAN_POINT ( 'NONE',  ( -0.05000000000000012800, -1.400000000000000100, 1.699999999999998400 ) ) ;
#2790 = VERTEX_POINT ( 'NONE', #4179 ) ;
#2791 = EDGE_CURVE ( 'NONE', #5406, #5793, #9723, .T. ) ;
#2792 = DIRECTION ( 'NONE',  ( -1.000000000000000000, 0.0000000000000000000, 0.0000000000000000000 ) ) ;
#2793 = CARTESIAN_POINT ( 'NONE',  ( 4.995000000000001900, -1.200000000000000400, 1.529999999999997600 ) ) ;
#2794 = PRESENTATION_STYLE_ASSIGNMENT (( #9580 ) ) ;
#2795 = DIRECTION ( 'NONE',  ( 0.0000000000000000000, 1.000000000000000000, 0.0000000000000000000 ) ) ;
#2796 = VECTOR ( 'NONE', #1031, 1000.000000000000000 ) ;
#2797 = ADVANCED_FACE ( 'NONE', ( #12247 ), #756, .T. ) ;
#2798 = ORIENTED_EDGE ( 'NONE', *, *, #706, .T. ) ;
#2799 = AXIS2_PLACEMENT_3D ( 'NONE', #5395, #4362, #7312 ) ;
#2800 = EDGE_LOOP ( 'NONE', ( #2121, #6162, #10179, #8555, #4377, #3475, #7822, #6503 ) ) ;
#2801 = EDGE_CURVE ( 'NONE', #9572, #1715, #3389, .T. ) ;
#2803 = ORIENTED_EDGE ( 'NONE', *, *, #3758, .T. ) ;
#2802 = SURFACE_SIDE_STYLE ('',( #10837 ) ) ;
#2804 = CARTESIAN_POINT ( 'NONE',  ( 4.235000000000002100, 0.8999999999999991300, 1.529999999999997600 ) ) ;
#2805 = VECTOR ( 'NONE', #12405, 1000.000000000000000 ) ;
#2806 = EDGE_CURVE ( 'NONE', #7542, #10317, #5983, .T. ) ;
#2807 = ORIENTED_EDGE ( 'NONE', *, *, #6480, .T. ) ;
#2808 = EDGE_CURVE ( 'NONE', #12132, #10310, #10752, .T. ) ;
#2809 = VECTOR ( 'NONE', #6536, 1000.000000000000000 ) ;
#2810 = EDGE_LOOP ( 'NONE', ( #939, #7064, #8870, #11982 ) ) ;
#2811 = ORIENTED_EDGE ( 'NONE', *, *, #6645, .F. ) ;
#2812 = ADVANCED_FACE ( 'NONE', ( #5679 ), #1305, .F. ) ;
#2813 = ORIENTED_EDGE ( 'NONE', *, *, #8317, .T. ) ;
#2814 = DIRECTION ( 'NONE',  ( 0.0000000000000000000, 0.0000000000000000000, -1.000000000000000000 ) ) ;
#2815 = AXIS2_PLACEMENT_3D ( 'NONE', #8905, #8828, #1271 ) ;
#2816 = VECTOR ( 'NONE', #2592, 1000.000000000000000 ) ;
#2817 = COLOUR_RGB ( '',0.8000000000000000400, 0.8078431372549019800, 0.8000000000000000400 ) ;
#2818 = EDGE_CURVE ( 'NONE', #6098, #2962, #12095, .T. ) ;
#2819 = DIRECTION ( 'NONE',  ( -3.051828337366604500E-016, -0.0000000000000000000, -1.000000000000000000 ) ) ;
#2820 = MECHANICAL_DESIGN_GEOMETRIC_PRESENTATION_REPRESENTATION (  '', ( #1485 ), #3496 ) ;
#2821 = VECTOR ( 'NONE', #275, 1000.000000000000000 ) ;
#2822 = VERTEX_POINT ( 'NONE', #1332 ) ;
#2823 = EDGE_CURVE ( 'NONE', #617, #5396, #9582, .T. ) ;
#2824 = CARTESIAN_POINT ( 'NONE',  ( -4.575000000000002000, -1.100000000000000500, 1.255000000000000100 ) ) ;
#2825 = VERTEX_POINT ( 'NONE', #9781 ) ;
#2826 = PLANE ( 'NONE',  #11488 ) ;
#2827 = ORIENTED_EDGE ( 'NONE', *, *, #11724, .F. ) ;
#2829 = PRESENTATION_STYLE_ASSIGNMENT (( #10701 ) ) ;
#2828 = DIRECTION ( 'NONE',  ( -0.0000000000000000000, 1.000000000000000000, -0.0000000000000000000 ) ) ;
#2830 = DIRECTION ( 'NONE',  ( 0.0000000000000000000, 1.000000000000000000, 3.738628180984497600E-017 ) ) ;
#2831 = CARTESIAN_POINT ( 'NONE',  ( -4.575000000000002000, 1.099999999999999600, 1.155000000000000000 ) ) ;
#2832 = ORIENTED_EDGE ( 'NONE', *, *, #8863, .F. ) ;
#2833 = MECHANICAL_DESIGN_GEOMETRIC_PRESENTATION_REPRESENTATION (  '', ( #846 ), #3515 ) ;
#2834 = ORIENTED_EDGE ( 'NONE', *, *, #67, .F. ) ;
#2835 = DIRECTION ( 'NONE',  ( 0.9766444667050906400, 0.2148617826751166900, 0.0000000000000000000 ) ) ;
#2836 = PLANE ( 'NONE',  #4728 ) ;
#2837 = SURFACE_STYLE_FILL_AREA ( #1558 ) ;
#2838 = CARTESIAN_POINT ( 'NONE',  ( -1.200000000000000000, -1.400000000000000100, 1.524999999999998100 ) ) ;
#2839 = PLANE ( 'NONE',  #7998 ) ;
#2840 = DIRECTION ( 'NONE',  ( 0.0000000000000000000, 1.000000000000000000, -4.336808689942017700E-016 ) ) ;
#2841 = CARTESIAN_POINT ( 'NONE',  ( -1.325000000000000600, -0.6500000000000003600, 0.1999999999999992100 ) ) ;
#2842 = CARTESIAN_POINT ( 'NONE',  ( -4.000000000000000000, 1.500000000000000400, 2.899999999999997700 ) ) ;
#2843 = CARTESIAN_POINT ( 'NONE',  ( -1.324999999999999500, -0.6500000000000003600, 0.5999999999999967600 ) ) ;
#2844 = EDGE_CURVE ( 'NONE', #8886, #700, #7023, .T. ) ;
#2845 = PLANE ( 'NONE',  #11854 ) ;
#2846 =( LENGTH_UNIT ( ) NAMED_UNIT ( * ) SI_UNIT ( .MILLI., .METRE. ) );
#2847 = ORIENTED_EDGE ( 'NONE', *, *, #2534, .F. ) ;
#2848 = FACE_OUTER_BOUND ( 'NONE', #771, .T. ) ;
#2849 = MECHANICAL_DESIGN_GEOMETRIC_PRESENTATION_REPRESENTATION (  '', ( #861 ), #3531 ) ;
#2850 = DIRECTION ( 'NONE',  ( 0.0000000000000000000, 0.0000000000000000000, -1.000000000000000000 ) ) ;
#2851 = PLANE ( 'NONE',  #10638 ) ;
#2852 = LINE ( 'NONE', #2278, #212 ) ;
#2853 = DIRECTION ( 'NONE',  ( 0.0000000000000000000, 0.0000000000000000000, -1.000000000000000000 ) ) ;
#2854 =( NAMED_UNIT ( * ) SI_UNIT ( $, .STERADIAN. ) SOLID_ANGLE_UNIT ( ) );
#2855 = ORIENTED_EDGE ( 'NONE', *, *, #9446, .T. ) ;
#2856 = EDGE_CURVE ( 'NONE', #4493, #4564, #11783, .T. ) ;
#2857 = VECTOR ( 'NONE', #3468, 1000.000000000000000 ) ;
#2858 = VECTOR ( 'NONE', #1455, 1000.000000000000000 ) ;
#2859 = SURFACE_STYLE_USAGE ( .BOTH. , #2909 ) ;
#2860 = VECTOR ( 'NONE', #12112, 1000.000000000000000 ) ;
#2861 = ORIENTED_EDGE ( 'NONE', *, *, #2043, .F. ) ;
#2862 = AXIS2_PLACEMENT_3D ( 'NONE', #2339, #2442, #2426 ) ;
#2863 = ADVANCED_FACE ( 'NONE', ( #4463 ), #5135, .F. ) ;
#2864 = ORIENTED_EDGE ( 'NONE', *, *, #11273, .T. ) ;
#2865 =( LENGTH_UNIT ( ) NAMED_UNIT ( * ) SI_UNIT ( .MILLI., .METRE. ) );
#2866 = DIRECTION ( 'NONE',  ( 0.0000000000000000000, -0.0000000000000000000, 1.000000000000000000 ) ) ;
#2867 = SURFACE_STYLE_FILL_AREA ( #2151 ) ;
#2868 = CARTESIAN_POINT ( 'NONE',  ( -3.400000000000002100, -1.800000000000000500, 0.5999999999999966500 ) ) ;
#2869 = LINE ( 'NONE', #11515, #7736 ) ;
#2870 = VERTEX_POINT ( 'NONE', #6189 ) ;
#2871 = FILL_AREA_STYLE_COLOUR ( '', #10417 ) ;
#2872 = EDGE_CURVE ( 'NONE', #1281, #11534, #5816, .T. ) ;
#2873 = PRESENTATION_STYLE_ASSIGNMENT (( #5376 ) ) ;
#2874 = DIRECTION ( 'NONE',  ( 0.0000000000000000000, 0.0000000000000000000, -1.000000000000000000 ) ) ;
#2875 = ORIENTED_EDGE ( 'NONE', *, *, #3147, .F. ) ;
#2876 =( GEOMETRIC_REPRESENTATION_CONTEXT ( 3 ) GLOBAL_UNCERTAINTY_ASSIGNED_CONTEXT ( ( #1511 ) ) GLOBAL_UNIT_ASSIGNED_CONTEXT ( ( #11978, #11930, #11890 ) ) REPRESENTATION_CONTEXT ( 'NONE', 'WORKASPACE' ) );
#2877 = SURFACE_STYLE_USAGE ( .BOTH. , #2926 ) ;
#2878 = CARTESIAN_POINT ( 'NONE',  ( 1.089999999999999900, 0.0000000000000000000, 0.0000000000000000000 ) ) ;
#2879 = ORIENTED_EDGE ( 'NONE', *, *, #8179, .T. ) ;
#2880 = ORIENTED_EDGE ( 'NONE', *, *, #5446, .F. ) ;
#2881 = SURFACE_SIDE_STYLE ('',( #12313 ) ) ;
#2882 = PLANE ( 'NONE',  #4331 ) ;
#2883 = VECTOR ( 'NONE', #3422, 1000.000000000000000 ) ;
#2884 = FILL_AREA_STYLE_COLOUR ( '', #4894 ) ;
#2885 = VECTOR ( 'NONE', #12463, 1000.000000000000000 ) ;
#2886 = LINE ( 'NONE', #558, #258 ) ;
#2887 = AXIS2_PLACEMENT_3D ( 'NONE', #2365, #2281, #1609 ) ;
#2888 = SURFACE_STYLE_USAGE ( .BOTH. , #8705 ) ;
#2889 = EDGE_CURVE ( 'NONE', #153, #1833, #3221, .T. ) ;
#2890 = VECTOR ( 'NONE', #5669, 1000.000000000000000 ) ;
#2891 = STYLED_ITEM ( 'NONE', ( #6965 ), #9039 ) ;
#2892 = ORIENTED_EDGE ( 'NONE', *, *, #10913, .F. ) ;
#2893 = ORIENTED_EDGE ( 'NONE', *, *, #12277, .T. ) ;
#2894 = LINE ( 'NONE', #563, #263 ) ;
#2895 = SURFACE_STYLE_USAGE ( .BOTH. , #2944 ) ;
#2896 = DIRECTION ( 'NONE',  ( -1.000000000000000000, -0.0000000000000000000, -0.0000000000000000000 ) ) ;
#2897 = CARTESIAN_POINT ( 'NONE',  ( 5.700000000000001100, 0.9000000000000003600, 1.084202172485504400E-016 ) ) ;
#2898 = EDGE_CURVE ( 'NONE', #4475, #10647, #8066, .T. ) ;
#2899 = AXIS2_PLACEMENT_3D ( 'NONE', #3596, #3511, #3269 ) ;
#2900 = LINE ( 'NONE', #4683, #5516 ) ;
#2901 =( LENGTH_UNIT ( ) NAMED_UNIT ( * ) SI_UNIT ( .MILLI., .METRE. ) );
#2902 = ORIENTED_EDGE ( 'NONE', *, *, #4788, .F. ) ;
#2903 = ORIENTED_EDGE ( 'NONE', *, *, #8559, .T. ) ;
#2904 = VERTEX_POINT ( 'NONE', #11680 ) ;
#2905 = ORIENTED_EDGE ( 'NONE', *, *, #7567, .T. ) ;
#2906 = COLOUR_RGB ( '',0.8000000000000000400, 0.8078431372549019800, 0.8000000000000000400 ) ;
#2907 = AXIS2_PLACEMENT_3D ( 'NONE', #6172, #3275, #10002 ) ;
#2908 = ORIENTED_EDGE ( 'NONE', *, *, #12068, .T. ) ;
#2909 = SURFACE_SIDE_STYLE ('',( #9350 ) ) ;
#2910 = VERTEX_POINT ( 'NONE', #11638 ) ;
#2911 = AXIS2_PLACEMENT_3D ( 'NONE', #5912, #14, #6869 ) ;
#2912 = LINE ( 'NONE', #11955, #10007 ) ;
#2913 = EDGE_LOOP ( 'NONE', ( #2864, #937, #6139, #1803 ) ) ;
#2914 = FACE_OUTER_BOUND ( 'NONE', #278, .T. ) ;
#2915 = EDGE_LOOP ( 'NONE', ( #4909, #5265, #11106, #2319 ) ) ;
#2916 = CARTESIAN_POINT ( 'NONE',  ( -2.024999999999999900, -2.100000000000000100, 3.423118842698616300 ) ) ;
#2917 = ORIENTED_EDGE ( 'NONE', *, *, #10502, .T. ) ;
#2918 = CARTESIAN_POINT ( 'NONE',  ( -1.300000000000000300, -1.400000000000000100, 1.699999999999998400 ) ) ;
#2919 = FILL_AREA_STYLE_COLOUR ( '', #6877 ) ;
#2920 = CARTESIAN_POINT ( 'NONE',  ( 1.724999999999999400, -2.100000000000000100, 0.1999999999999982600 ) ) ;
#2921 = LINE ( 'NONE', #9611, #2313 ) ;
#2922 = EDGE_LOOP ( 'NONE', ( #297, #5813, #6719, #6171 ) ) ;
#2923 = ORIENTED_EDGE ( 'NONE', *, *, #1400, .F. ) ;
#2924 = FILL_AREA_STYLE ('',( #2871 ) ) ;
#2925 = PLANE ( 'NONE',  #2742 ) ;
#2926 = SURFACE_SIDE_STYLE ('',( #4982 ) ) ;
#2927 = AXIS2_PLACEMENT_3D ( 'NONE', #6658, #787, #7622 ) ;
#2928 = DIRECTION ( 'NONE',  ( -0.0000000000000000000, 1.000000000000000000, -0.0000000000000000000 ) ) ;
#2929 = VECTOR ( 'NONE', #6826, 1000.000000000000100 ) ;
#2930 = CARTESIAN_POINT ( 'NONE',  ( 4.000000000000000000, 1.500000000000000400, 2.899999999999997700 ) ) ;
#2931 = EDGE_LOOP ( 'NONE', ( #4813, #4239, #11745, #8603 ) ) ;
#2932 = VECTOR ( 'NONE', #5351, 1000.000000000000000 ) ;
#2933 = ORIENTED_EDGE ( 'NONE', *, *, #3342, .F. ) ;
#2934 = LINE ( 'NONE', #1864, #5547 ) ;
#2935 = DIRECTION ( 'NONE',  ( 0.0000000000000000000, -1.000000000000000000, 0.0000000000000000000 ) ) ;
#2936 = FACE_OUTER_BOUND ( 'NONE', #8145, .T. ) ;
#2937 = CARTESIAN_POINT ( 'NONE',  ( 2.660000000000000100, 1.500000000000000000, 0.8750000000000017800 ) ) ;
#2938 =( LENGTH_UNIT ( ) NAMED_UNIT ( * ) SI_UNIT ( .MILLI., .METRE. ) );
#2939 = EDGE_LOOP ( 'NONE', ( #8724, #10546, #1583, #7221 ) ) ;
#2940 = UNCERTAINTY_MEASURE_WITH_UNIT (LENGTH_MEASURE( 1.000000000000000100E-005 ), #2261, 'distance_accuracy_value', 'NONE');
#2941 = ORIENTED_EDGE ( 'NONE', *, *, #12098, .T. ) ;
#2942 = ADVANCED_FACE ( 'NONE', ( #578 ), #11426, .F. ) ;
#2943 = LINE ( 'NONE', #11289, #7805 ) ;
#2944 = SURFACE_SIDE_STYLE ('',( #3022 ) ) ;
#2945 = EDGE_CURVE ( 'NONE', #7161, #10621, #11925, .T. ) ;
#2946 = VECTOR ( 'NONE', #7970, 1000.000000000000000 ) ;
#2947 = DIRECTION ( 'NONE',  ( 1.000000000000000000, 4.336808689942021200E-016, -0.0000000000000000000 ) ) ;
#2948 = CARTESIAN_POINT ( 'NONE',  ( 3.800000000000002000, 1.099999999999999900, 0.1999999999999976200 ) ) ;
#2949 = VECTOR ( 'NONE', #2179, 1000.000000000000000 ) ;
#2950 = EDGE_CURVE ( 'NONE', #1381, #10368, #1967, .T. ) ;
#2951 = ORIENTED_EDGE ( 'NONE', *, *, #660, .F. ) ;
#2952 = ORIENTED_EDGE ( 'NONE', *, *, #3399, .F. ) ;
#2953 = STYLED_ITEM ( 'NONE', ( #11907 ), #12259 ) ;
#2954 = ORIENTED_EDGE ( 'NONE', *, *, #6748, .F. ) ;
#2955 = DIRECTION ( 'NONE',  ( -1.000000000000000000, -0.0000000000000000000, -0.0000000000000000000 ) ) ;
#2956 = VECTOR ( 'NONE', #9061, 1000.000000000000000 ) ;
#2957 = VECTOR ( 'NONE', #10815, 1000.000000000000000 ) ;
#2958 = CARTESIAN_POINT ( 'NONE',  ( 1.409999999999999700, 0.8500000000000000900, 0.9499999999999998400 ) ) ;
#2959 =( LENGTH_UNIT ( ) NAMED_UNIT ( * ) SI_UNIT ( .MILLI., .METRE. ) );
#2960 = EDGE_CURVE ( 'NONE', #11259, #520, #7162, .T. ) ;
#2961 = ORIENTED_EDGE ( 'NONE', *, *, #1563, .F. ) ;
#2962 = VERTEX_POINT ( 'NONE', #9535 ) ;
#2963 = DIRECTION ( 'NONE',  ( -1.000000000000000000, -0.0000000000000000000, -0.0000000000000000000 ) ) ;
#2964 = SURFACE_STYLE_USAGE ( .BOTH. , #8763 ) ;
#2965 = PLANE ( 'NONE',  #12154 ) ;
#2966 = DIRECTION ( 'NONE',  ( 0.0000000000000000000, 0.0000000000000000000, -1.000000000000000000 ) ) ;
#2967 = LINE ( 'NONE', #11896, #344 ) ;
#2968 = STYLED_ITEM ( 'NONE', ( #11547 ), #1811 ) ;
#2969 = EDGE_CURVE ( 'NONE', #3570, #8647, #11628, .T. ) ;
#2970 =( NAMED_UNIT ( * ) PLANE_ANGLE_UNIT ( ) SI_UNIT ( $, .RADIAN. ) );
#2971 = DIRECTION ( 'NONE',  ( -3.051828337366604500E-016, 0.0000000000000000000, -1.000000000000000000 ) ) ;
#2972 = VERTEX_POINT ( 'NONE', #9113 ) ;
#2973 = ORIENTED_EDGE ( 'NONE', *, *, #400, .F. ) ;
#2974 = PLANE ( 'NONE',  #5633 ) ;
#2975 = CYLINDRICAL_SURFACE ( 'NONE', #9070, 0.1999999999999998700 ) ;
#2976 = CARTESIAN_POINT ( 'NONE',  ( 5.200000000000001100, 1.099999999999999600, 2.199999999999997500 ) ) ;
#2977 = EDGE_CURVE ( 'NONE', #6618, #8639, #4296, .T. ) ;
#2978 = EDGE_CURVE ( 'NONE', #1010, #5778, #6577, .T. ) ;
#2979 = CARTESIAN_POINT ( 'NONE',  ( 3.800000000000002000, 2.100000000000000100, -2.385244779468109800E-015 ) ) ;
#2980 = VECTOR ( 'NONE', #796, 1000.000000000000000 ) ;
#2981 = VECTOR ( 'NONE', #6413, 1000.000000000000000 ) ;
#2982 = AXIS2_PLACEMENT_3D ( 'NONE', #9465, #9449, #9425 ) ;
#2983 =( NAMED_UNIT ( * ) PLANE_ANGLE_UNIT ( ) SI_UNIT ( $, .RADIAN. ) );
#2984 =( NAMED_UNIT ( * ) PLANE_ANGLE_UNIT ( ) SI_UNIT ( $, .RADIAN. ) );
#2985 = ORIENTED_EDGE ( 'NONE', *, *, #6313, .F. ) ;
#2986 = DIRECTION ( 'NONE',  ( -3.252606517456521700E-016, 0.0000000000000000000, -1.000000000000000000 ) ) ;
#2987 = DIRECTION ( 'NONE',  ( 1.000000000000000000, -1.495451272393799800E-016, -3.051828337366604500E-016 ) ) ;
#2988 = VERTEX_POINT ( 'NONE', #7660 ) ;
#2989 = CARTESIAN_POINT ( 'NONE',  ( 0.0000000000000000000, 0.0000000000000000000, 2.899999999999997700 ) ) ;
#2990 = ORIENTED_EDGE ( 'NONE', *, *, #7190, .F. ) ;
#2991 =( NAMED_UNIT ( * ) SI_UNIT ( $, .STERADIAN. ) SOLID_ANGLE_UNIT ( ) );
#2992 = PRESENTATION_STYLE_ASSIGNMENT (( #2998 ) ) ;
#2993 = AXIS2_PLACEMENT_3D ( 'NONE', #2204, #8982, #3188 ) ;
#2994 = SURFACE_SIDE_STYLE ('',( #2161 ) ) ;
#2995 = LINE ( 'NONE', #3894, #372 ) ;
#2996 = ORIENTED_EDGE ( 'NONE', *, *, #2325, .T. ) ;
#2997 = MECHANICAL_DESIGN_GEOMETRIC_PRESENTATION_REPRESENTATION (  '', ( #1655 ), #3677 ) ;
#2998 = SURFACE_STYLE_USAGE ( .BOTH. , #8718 ) ;
#2999 = EDGE_LOOP ( 'NONE', ( #9011, #5598, #2061, #7207 ) ) ;
#3000 = ORIENTED_EDGE ( 'NONE', *, *, #9585, .T. ) ;
#3001 = DIRECTION ( 'NONE',  ( -0.0000000000000000000, 1.000000000000000000, 0.0000000000000000000 ) ) ;
#3002 = ADVANCED_FACE ( 'NONE', ( #11330 ), #8987, .F. ) ;
#3003 = SURFACE_STYLE_USAGE ( .BOTH. , #8801 ) ;
#3004 = CARTESIAN_POINT ( 'NONE',  ( -4.000000000000001800, -1.100000000000000500, 2.999999999999997300 ) ) ;
#3005 = DIRECTION ( 'NONE',  ( -1.000000000000000000, -0.0000000000000000000, 2.710505431213762600E-016 ) ) ;
#3006 =( NAMED_UNIT ( * ) SI_UNIT ( $, .STERADIAN. ) SOLID_ANGLE_UNIT ( ) );
#3007 = ORIENTED_EDGE ( 'NONE', *, *, #6886, .F. ) ;
#3008 = PLANE ( 'NONE',  #9712 ) ;
#3009 = CARTESIAN_POINT ( 'NONE',  ( 2.339999999999999900, 2.649999999999999500, 1.375000000000001800 ) ) ;
#3010 = CARTESIAN_POINT ( 'NONE',  ( -1.724999999999999600, -0.6500000000000003600, 3.423118842698616300 ) ) ;
#3011 = LINE ( 'NONE', #5745, #10407 ) ;
#3012 = CARTESIAN_POINT ( 'NONE',  ( 1.208680502177811300, -1.439456828080963200, 1.511190110171661200 ) ) ;
#3013 = EDGE_CURVE ( 'NONE', #2265, #7387, #8818, .T. ) ;
#3014 = ADVANCED_FACE ( 'NONE', ( #1034 ), #6891, .F. ) ;
#3015 = DIRECTION ( 'NONE',  ( 0.0000000000000000000, 5.981805089575195200E-016, 1.000000000000000000 ) ) ;
#3016 = CIRCLE ( 'NONE', #10649, 0.1999999999999998700 ) ;
#3017 = PLANE ( 'NONE',  #7348 ) ;
#3018 = VERTEX_POINT ( 'NONE', #7021 ) ;
#3019 = DIRECTION ( 'NONE',  ( 0.0000000000000000000, -1.000000000000000000, 0.0000000000000000000 ) ) ;
#3020 = AXIS2_PLACEMENT_3D ( 'NONE', #6585, #701, #7535 ) ;
#3021 = VECTOR ( 'NONE', #13, 1000.000000000000000 ) ;
#3022 = SURFACE_STYLE_FILL_AREA ( #2924 ) ;
#3023 = CARTESIAN_POINT ( 'NONE',  ( -0.05000000000000012800, -1.400000000000000100, 1.524999999999998100 ) ) ;
#3024 = DIRECTION ( 'NONE',  ( 0.0000000000000000000, -0.7071067811865459100, -0.7071067811865491300 ) ) ;
#3025 = ORIENTED_EDGE ( 'NONE', *, *, #3905, .F. ) ;
#3026 = VECTOR ( 'NONE', #2078, 1000.000000000000000 ) ;
#3027 = VERTEX_POINT ( 'NONE', #6099 ) ;
#3028 = CARTESIAN_POINT ( 'NONE',  ( -1.090000000000000100, -0.8999999999999958000, 0.9499999999999981800 ) ) ;
#3029 = ORIENTED_EDGE ( 'NONE', *, *, #2889, .T. ) ;
#3030 = SURFACE_STYLE_USAGE ( .BOTH. , #8838 ) ;
#3031 = ORIENTED_EDGE ( 'NONE', *, *, #4095, .T. ) ;
#3032 = EDGE_CURVE ( 'NONE', #2181, #2783, #11023, .T. ) ;
#3033 = FILL_AREA_STYLE_COLOUR ( '', #4309 ) ;
#3034 = ORIENTED_EDGE ( 'NONE', *, *, #6185, .F. ) ;
#3035 = ORIENTED_EDGE ( 'NONE', *, *, #7504, .T. ) ;
#3036 = VECTOR ( 'NONE', #4572, 1000.000000000000000 ) ;
#3037 = VECTOR ( 'NONE', #1075, 1000.000000000000000 ) ;
#3038 = PRESENTATION_STYLE_ASSIGNMENT (( #7893 ) ) ;
#3039 = LINE ( 'NONE', #11358, #10438 ) ;
#3040 = VERTEX_POINT ( 'NONE', #5727 ) ;
#3041 = DIRECTION ( 'NONE',  ( 0.0000000000000000000, -1.000000000000000000, -1.495451272393799000E-016 ) ) ;
#3042 = LINE ( 'NONE', #9892, #2116 ) ;
#3043 =( GEOMETRIC_REPRESENTATION_CONTEXT ( 3 ) GLOBAL_UNCERTAINTY_ASSIGNED_CONTEXT ( ( #8985 ) ) GLOBAL_UNIT_ASSIGNED_CONTEXT ( ( #7039, #7065, #7371 ) ) REPRESENTATION_CONTEXT ( 'NONE', 'WORKASPACE' ) );
#3044 =( LENGTH_UNIT ( ) NAMED_UNIT ( * ) SI_UNIT ( .MILLI., .METRE. ) );
#3045 = ORIENTED_EDGE ( 'NONE', *, *, #11844, .T. ) ;
#3046 = EDGE_CURVE ( 'NONE', #9489, #2010, #5971, .T. ) ;
#3047 = CARTESIAN_POINT ( 'NONE',  ( 1.409999999999999700, 0.8500000000000000900, 0.9499999999999998400 ) ) ;
#3048 = DIRECTION ( 'NONE',  ( 0.0000000000000000000, 0.0000000000000000000, 1.000000000000000000 ) ) ;
#3049 = VERTEX_POINT ( 'NONE', #5982 ) ;
#3050 = CARTESIAN_POINT ( 'NONE',  ( 3.400000000000002100, -1.800000000000000500, 0.5999999999999966500 ) ) ;
#3051 = LINE ( 'NONE', #8250, #733 ) ;
#3052 =( NAMED_UNIT ( * ) SI_UNIT ( $, .STERADIAN. ) SOLID_ANGLE_UNIT ( ) );
#3053 = EDGE_CURVE ( 'NONE', #12201, #2013, #3699, .T. ) ;
#3054 = ORIENTED_EDGE ( 'NONE', *, *, #8047, .F. ) ;
#3055 = EDGE_CURVE ( 'NONE', #9089, #9811, #6286, .T. ) ;
#3056 = MECHANICAL_DESIGN_GEOMETRIC_PRESENTATION_REPRESENTATION (  '', ( #1056 ), #3743 ) ;
#3057 = SURFACE_SIDE_STYLE ('',( #6221 ) ) ;
#3058 = VECTOR ( 'NONE', #4712, 1000.000000000000000 ) ;
#3059 = LINE ( 'NONE', #9084, #8230 ) ;
#3060 = ORIENTED_EDGE ( 'NONE', *, *, #1809, .F. ) ;
#3061 =( NAMED_UNIT ( * ) SI_UNIT ( $, .STERADIAN. ) SOLID_ANGLE_UNIT ( ) );
#3062 = PRESENTATION_LAYER_ASSIGNMENT (  '', '', ( #3749 ) ) ;
#3063 =( LENGTH_UNIT ( ) NAMED_UNIT ( * ) SI_UNIT ( .MILLI., .METRE. ) );
#3064 = EDGE_CURVE ( 'NONE', #3604, #9771, #8224, .T. ) ;
#3065 = ADVANCED_FACE ( 'NONE', ( #10456 ), #4358, .F. ) ;
#3066 =( GEOMETRIC_REPRESENTATION_CONTEXT ( 3 ) GLOBAL_UNCERTAINTY_ASSIGNED_CONTEXT ( ( #9755 ) ) GLOBAL_UNIT_ASSIGNED_CONTEXT ( ( #10909, #5202, #11867 ) ) REPRESENTATION_CONTEXT ( 'NONE', 'WORKASPACE' ) );
#3067 = ORIENTED_EDGE ( 'NONE', *, *, #11319, .T. ) ;
#3068 = VERTEX_POINT ( 'NONE', #4966 ) ;
#3069 = VECTOR ( 'NONE', #1383, 1000.000000000000000 ) ;
#3070 =( LENGTH_UNIT ( ) NAMED_UNIT ( * ) SI_UNIT ( .MILLI., .METRE. ) );
#3071 = CARTESIAN_POINT ( 'NONE',  ( -3.400000000000002100, -1.800000000000000500, 0.5999999999999966500 ) ) ;
#3072 = PLANE ( 'NONE',  #3578 ) ;
#3073 = EDGE_CURVE ( 'NONE', #7186, #9, #5664, .T. ) ;
#3074 = DIRECTION ( 'NONE',  ( -0.0000000000000000000, 0.0000000000000000000, 1.000000000000000000 ) ) ;
#3075 = PRESENTATION_STYLE_ASSIGNMENT (( #3003 ) ) ;
#3076 = EDGE_LOOP ( 'NONE', ( #11061, #7188, #4747, #8167 ) ) ;
#3077 = ORIENTED_EDGE ( 'NONE', *, *, #1338, .F. ) ;
#3078 = EDGE_LOOP ( 'NONE', ( #6471, #5907, #2115, #5447, #9678, #9472 ) ) ;
#3079 = EDGE_LOOP ( 'NONE', ( #5994, #3387, #9461, #11742 ) ) ;
#3080 = STYLED_ITEM ( 'NONE', ( #11081 ), #7259 ) ;
#3081 = ORIENTED_EDGE ( 'NONE', *, *, #7196, .T. ) ;
#3082 = FACE_OUTER_BOUND ( 'NONE', #3382, .T. ) ;
#3083 = ADVANCED_FACE ( 'NONE', ( #2749 ), #3246, .F. ) ;
#3084 = FACE_OUTER_BOUND ( 'NONE', #10464, .T. ) ;
#3085 = FACE_OUTER_BOUND ( 'NONE', #2602, .T. ) ;
#3086 = ORIENTED_EDGE ( 'NONE', *, *, #636, .F. ) ;
#3087 = ORIENTED_EDGE ( 'NONE', *, *, #11917, .T. ) ;
#3088 = CARTESIAN_POINT ( 'NONE',  ( 3.300000000000001600, -2.100000000000000100, 0.1999999999999977900 ) ) ;
#3089 = CARTESIAN_POINT ( 'NONE',  ( -3.400000000000001700, -0.8000000000000020400, 2.999999999999996400 ) ) ;
#3090 = LINE ( 'NONE', #11493, #7047 ) ;
#3091 = DIRECTION ( 'NONE',  ( -6.195440985631453300E-016, -0.0000000000000000000, 1.000000000000000000 ) ) ;
#3092 =( NAMED_UNIT ( * ) PLANE_ANGLE_UNIT ( ) SI_UNIT ( $, .RADIAN. ) );
#3093 = ORIENTED_EDGE ( 'NONE', *, *, #2898, .T. ) ;
#3094 = DIRECTION ( 'NONE',  ( 0.0000000000000000000, -1.000000000000000000, -1.355252715606878800E-016 ) ) ;
#3095 = VECTOR ( 'NONE', #7919, 1000.000000000000000 ) ;
#3096 = EDGE_CURVE ( 'NONE', #6801, #2790, #738, .T. ) ;
#3097 = PRESENTATION_STYLE_ASSIGNMENT (( #3474 ) ) ;
#3098 = CARTESIAN_POINT ( 'NONE',  ( -3.700000000000002000, 0.8500000000000000900, 1.399999999999996800 ) ) ;
#3099 = CARTESIAN_POINT ( 'NONE',  ( 0.1599999999999999800, 1.500000000000000000, 0.9499999999999982900 ) ) ;
#3101 = ORIENTED_EDGE ( 'NONE', *, *, #12152, .T. ) ;
#3100 = PLANE ( 'NONE',  #12323 ) ;
#3102 = DIRECTION ( 'NONE',  ( -0.7071067811865483500, 0.7071067811865468000, -1.121922012207349400E-016 ) ) ;
#3103 = STYLED_ITEM ( 'NONE', ( #3872 ), #11249 ) ;
#3104 = VECTOR ( 'NONE', #8283, 1000.000000000000000 ) ;
#3105 = CARTESIAN_POINT ( 'NONE',  ( 3.400000000000002100, -0.8000000000000003800, 2.999999999999996400 ) ) ;
#3106 = VECTOR ( 'NONE', #9799, 1000.000000000000000 ) ;
#3107 = DIRECTION ( 'NONE',  ( -0.0000000000000000000, -0.0000000000000000000, 1.000000000000000000 ) ) ;
#3108 = CARTESIAN_POINT ( 'NONE',  ( -1.090000000000000100, 2.649999999999999500, 1.375000000000002000 ) ) ;
#3109 = CARTESIAN_POINT ( 'NONE',  ( -2.750000000000001300, 2.100000000000000100, 2.899999999999997700 ) ) ;
#3110 = VERTEX_POINT ( 'NONE', #3696 ) ;
#3111 = DIRECTION ( 'NONE',  ( 2.891205793294679400E-015, 0.0000000000000000000, 1.000000000000000000 ) ) ;
#3112 = ORIENTED_EDGE ( 'NONE', *, *, #5674, .F. ) ;
#3113 = EDGE_CURVE ( 'NONE', #3049, #1396, #7617, .T. ) ;
#3114 = SURFACE_STYLE_USAGE ( .BOTH. , #3295 ) ;
#3115 = DIRECTION ( 'NONE',  ( 0.0000000000000000000, -0.0000000000000000000, 1.000000000000000000 ) ) ;
#3116 = CARTESIAN_POINT ( 'NONE',  ( -3.499999999999999600, 1.500000000000000400, 3.399999999999997700 ) ) ;
#3117 = DIRECTION ( 'NONE',  ( 0.0000000000000000000, -1.000000000000000000, 0.0000000000000000000 ) ) ;
#3118 = LINE ( 'NONE', #214, #5725 ) ;
#3119 = CARTESIAN_POINT ( 'NONE',  ( -0.1599999999999999800, -0.8999999999999932500, 1.225000000000001900 ) ) ;
#3120 = DIRECTION ( 'NONE',  ( 0.0000000000000000000, 1.000000000000000000, 3.738628180984497600E-017 ) ) ;
#3121 = LINE ( 'NONE', #4600, #8586 ) ;
#3122 = VERTEX_POINT ( 'NONE', #2295 ) ;
#3123 = ORIENTED_EDGE ( 'NONE', *, *, #1784, .F. ) ;
#3124 = MECHANICAL_DESIGN_GEOMETRIC_PRESENTATION_REPRESENTATION (  '', ( #1121 ), #3796 ) ;
#3125 = ORIENTED_EDGE ( 'NONE', *, *, #1079, .F. ) ;
#3126 = LINE ( 'NONE', #4197, #5442 ) ;
#3127 = CARTESIAN_POINT ( 'NONE',  ( -0.1599999999999999800, 1.500000000000000000, 1.774999999999999700 ) ) ;
#3128 = DIRECTION ( 'NONE',  ( -1.000000000000000000, -0.0000000000000000000, -0.0000000000000000000 ) ) ;
#3129 = CARTESIAN_POINT ( 'NONE',  ( -2.550000000000000300, -1.400000000000000100, 1.524999999999998100 ) ) ;
#3130 = EDGE_CURVE ( 'NONE', #2783, #10427, #428, .T. ) ;
#3132 = LINE ( 'NONE', #11825, #499 ) ;
#3131 = FILL_AREA_STYLE ('',( #6913 ) ) ;
#3133 = EDGE_LOOP ( 'NONE', ( #9291, #9900, #11864, #2268 ) ) ;
#3134 = DIRECTION ( 'NONE',  ( 0.0000000000000000000, 0.0000000000000000000, -1.000000000000000000 ) ) ;
#3135 = DIRECTION ( 'NONE',  ( 0.0000000000000000000, -1.355252715606878800E-016, 1.000000000000000000 ) ) ;
#3136 = DIRECTION ( 'NONE',  ( -1.000000000000000000, -0.0000000000000000000, -0.0000000000000000000 ) ) ;
#3137 = FACE_OUTER_BOUND ( 'NONE', #130, .T. ) ;
#3138 = DIRECTION ( 'NONE',  ( -0.0000000000000000000, -1.000000000000000000, -0.0000000000000000000 ) ) ;
#3139 = EDGE_CURVE ( 'NONE', #4011, #10627, #111, .T. ) ;
#3140 = DIRECTION ( 'NONE',  ( -0.0000000000000000000, 4.336808689942018200E-016, 1.000000000000000000 ) ) ;
#3141 = CARTESIAN_POINT ( 'NONE',  ( 2.339999999999999900, 2.000000000000000000, 1.375000000000001600 ) ) ;
#3142 = VERTEX_POINT ( 'NONE', #2024 ) ;
#3143 = CARTESIAN_POINT ( 'NONE',  ( -1.090000000000000100, 2.649999999999999500, 1.225000000000001900 ) ) ;
#3144 = ADVANCED_FACE ( 'NONE', ( #2451 ), #1369, .F. ) ;
#3145 = CARTESIAN_POINT ( 'NONE',  ( -4.475000000000001400, 0.8999999999999973600, 1.039999999999996900 ) ) ;
#3146 = ORIENTED_EDGE ( 'NONE', *, *, #9912, .F. ) ;
#3147 = EDGE_CURVE ( 'NONE', #3580, #1605, #6423, .T. ) ;
#3148 =( LENGTH_UNIT ( ) NAMED_UNIT ( * ) SI_UNIT ( .MILLI., .METRE. ) );
#3149 = ORIENTED_EDGE ( 'NONE', *, *, #8743, .F. ) ;
#3150 = DIRECTION ( 'NONE',  ( 6.195440985631453300E-016, 0.0000000000000000000, -1.000000000000000000 ) ) ;
#3151 = PRESENTATION_LAYER_ASSIGNMENT (  '', '', ( #1812 ) ) ;
#3152 = LINE ( 'NONE', #5451, #7999 ) ;
#3153 = DIRECTION ( 'NONE',  ( -0.7071067811865445800, -0.7071067811865504600, 2.044391222244491000E-015 ) ) ;
#3154 = CARTESIAN_POINT ( 'NONE',  ( 4.475000000000001400, -1.100000000000000500, 0.4499999999999999600 ) ) ;
#3155 = DIRECTION ( 'NONE',  ( -1.000000000000000000, -0.0000000000000000000, -0.0000000000000000000 ) ) ;
#3156 = PRESENTATION_LAYER_ASSIGNMENT (  '', '', ( #1820 ) ) ;
#3157 = DIRECTION ( 'NONE',  ( 0.0000000000000000000, 0.0000000000000000000, -1.000000000000000000 ) ) ;
#3158 = DIRECTION ( 'NONE',  ( -1.000000000000000000, 0.0000000000000000000, 1.586637325588544600E-016 ) ) ;
#3159 = STYLED_ITEM ( 'NONE', ( #459 ), #10033 ) ;
#3160 = EDGE_LOOP ( 'NONE', ( #7820, #1228, #11052, #7405 ) ) ;
#3161 = ORIENTED_EDGE ( 'NONE', *, *, #5293, .T. ) ;
#3162 = COLOUR_RGB ( '',0.8000000000000000400, 0.8078431372549019800, 0.8000000000000000400 ) ;
#3163 = CARTESIAN_POINT ( 'NONE',  ( -3.499999999999999600, 1.500000000000000400, 2.899999999999997700 ) ) ;
#3164 = CARTESIAN_POINT ( 'NONE',  ( -2.339999999999999900, 2.299999999999999400, 0.6750000000000020400 ) ) ;
#3165 = UNCERTAINTY_MEASURE_WITH_UNIT (LENGTH_MEASURE( 1.000000000000000100E-005 ), #825, 'distance_accuracy_value', 'NONE');
#3166 = CARTESIAN_POINT ( 'NONE',  ( -1.409999999999999900, 3.099999999999999600, 0.2000000000000018700 ) ) ;
#3167 = ORIENTED_EDGE ( 'NONE', *, *, #2643, .F. ) ;
#3168 = CARTESIAN_POINT ( 'NONE',  ( -2.660000000000000100, 2.000000000000000000, 1.774999999999999700 ) ) ;
#3169 = EDGE_LOOP ( 'NONE', ( #187, #7125, #1101, #5794, #3532, #11187, #12116 ) ) ;
#3170 = AXIS2_PLACEMENT_3D ( 'NONE', #11191, #9299, #6459 ) ;
#3171 = DIRECTION ( 'NONE',  ( 0.7071067811865507900, -0.0000000000000000000, 0.7071067811865441300 ) ) ;
#3172 = LINE ( 'NONE', #3483, #8334 ) ;
#3173 = FILL_AREA_STYLE_COLOUR ( '', #11486 ) ;
#3174 = DIRECTION ( 'NONE',  ( -1.000000000000000000, -0.0000000000000000000, -0.0000000000000000000 ) ) ;
#3175 = VECTOR ( 'NONE', #7224, 1000.000000000000000 ) ;
#3176 = ORIENTED_EDGE ( 'NONE', *, *, #11498, .T. ) ;
#3177 = CARTESIAN_POINT ( 'NONE',  ( -2.339999999999999900, 0.8500000000000000900, 1.700000000000000000 ) ) ;
#3178 = ORIENTED_EDGE ( 'NONE', *, *, #8681, .T. ) ;
#3179 = EDGE_LOOP ( 'NONE', ( #8901, #7581, #8139, #2707 ) ) ;
#3180 = VERTEX_POINT ( 'NONE', #246 ) ;
#3181 = EDGE_CURVE ( 'NONE', #10368, #9358, #11174, .T. ) ;
#3182 = LINE ( 'NONE', #1834, #5493 ) ;
#3183 = CARTESIAN_POINT ( 'NONE',  ( -3.400000000000002600, 0.8500000000000000900, 2.299999999999996300 ) ) ;
#3184 = SURFACE_SIDE_STYLE ('',( #11452 ) ) ;
#3185 = ORIENTED_EDGE ( 'NONE', *, *, #5454, .T. ) ;
#3186 = VECTOR ( 'NONE', #12439, 1000.000000000000000 ) ;
#3187 = PLANE ( 'NONE',  #6472 ) ;
#3188 = DIRECTION ( 'NONE',  ( 0.0000000000000000000, -0.0000000000000000000, -1.000000000000000000 ) ) ;
#3189 = ORIENTED_EDGE ( 'NONE', *, *, #8274, .T. ) ;
#3190 = EDGE_CURVE ( 'NONE', #9272, #770, #3843, .T. ) ;
#3191 = VECTOR ( 'NONE', #6439, 1000.000000000000000 ) ;
#3192 = ORIENTED_EDGE ( 'NONE', *, *, #11552, .T. ) ;
#3193 = CARTESIAN_POINT ( 'NONE',  ( 0.9999999999999986700, 2.100000000000000100, 2.899999999999997700 ) ) ;
#3194 = PRESENTATION_LAYER_ASSIGNMENT (  '', '', ( #1858 ) ) ;
#3195 = CARTESIAN_POINT ( 'NONE',  ( -4.665000000000000900, -1.200000000000000400, 1.229999999999997800 ) ) ;
#3196 = DIRECTION ( 'NONE',  ( -1.000000000000000000, 0.0000000000000000000, 0.0000000000000000000 ) ) ;
#3197 = ORIENTED_EDGE ( 'NONE', *, *, #8187, .T. ) ;
#3198 = CARTESIAN_POINT ( 'NONE',  ( 2.339999999999999900, 1.500000000000000000, 0.8750000000000017800 ) ) ;
#3199 = DIRECTION ( 'NONE',  ( -0.7071067811865477900, 0.7071067811865473500, -2.044391222244500000E-015 ) ) ;
#3200 = CARTESIAN_POINT ( 'NONE',  ( 6.187500000000000900, 0.4125000000000016400, 1.857687868709920000E-016 ) ) ;
#3201 = DIRECTION ( 'NONE',  ( 0.0000000000000000000, 0.0000000000000000000, 1.000000000000000000 ) ) ;
#3202 = FACE_OUTER_BOUND ( 'NONE', #4308, .T. ) ;
#3203 = CARTESIAN_POINT ( 'NONE',  ( -2.339999999999999900, 1.500000000000000000, 0.9499999999999998400 ) ) ;
#3204 = EDGE_CURVE ( 'NONE', #9833, #8034, #6111, .T. ) ;
#3205 = LINE ( 'NONE', #8004, #4766 ) ;
#3206 = ADVANCED_FACE ( 'NONE', ( #1177 ), #9260, .F. ) ;
#3207 = CARTESIAN_POINT ( 'NONE',  ( 1.324999999999999700, 0.4999999999999990600, 0.1999999999999983700 ) ) ;
#3208 = ORIENTED_EDGE ( 'NONE', *, *, #8944, .T. ) ;
#3209 = VECTOR ( 'NONE', #11195, 1000.000000000000000 ) ;
#3210 = ORIENTED_EDGE ( 'NONE', *, *, #6720, .F. ) ;
#3211 = CARTESIAN_POINT ( 'NONE',  ( -2.339999999999999900, 3.099999999999999600, 0.5000000000000017800 ) ) ;
#3212 = CARTESIAN_POINT ( 'NONE',  ( -1.725000000000000800, -2.100000000000000100, 0.1999999999999993200 ) ) ;
#3213 = CARTESIAN_POINT ( 'NONE',  ( -4.675000000000002500, -1.100000000000000500, -5.421010862427522200E-017 ) ) ;
#3214 = CARTESIAN_POINT ( 'NONE',  ( -3.300000000000002500, 2.100000000000000100, 0.1999999999999997900 ) ) ;
#3215 = AXIS2_PLACEMENT_3D ( 'NONE', #6458, #11144, #2684 ) ;
#3216 = VERTEX_POINT ( 'NONE', #8645 ) ;
#3217 = ORIENTED_EDGE ( 'NONE', *, *, #9698, .F. ) ;
#3218 = EDGE_LOOP ( 'NONE', ( #9606, #10617, #11164, #11508 ) ) ;
#3219 = EDGE_CURVE ( 'NONE', #8387, #10788, #877, .T. ) ;
#3220 = VERTEX_POINT ( 'NONE', #9182 ) ;
#3221 = LINE ( 'NONE', #11806, #8377 ) ;
#3222 = SURFACE_SIDE_STYLE ('',( #11790 ) ) ;
#3223 = VERTEX_POINT ( 'NONE', #8095 ) ;
#3224 = VECTOR ( 'NONE', #7961, 1000.000000000000000 ) ;
#3225 = ORIENTED_EDGE ( 'NONE', *, *, #2898, .F. ) ;
#3226 = EDGE_CURVE ( 'NONE', #5849, #6035, #8362, .T. ) ;
#3227 = EDGE_CURVE ( 'NONE', #5396, #12165, #3205, .T. ) ;
#3228 = DIRECTION ( 'NONE',  ( -0.7071067811865442400, 0.0000000000000000000, 0.7071067811865507900 ) ) ;
#3229 = STYLED_ITEM ( 'NONE', ( #10656 ), #4944 ) ;
#3230 = ORIENTED_EDGE ( 'NONE', *, *, #3204, .T. ) ;
#3231 = FILL_AREA_STYLE ('',( #9928 ) ) ;
#3232 = LINE ( 'NONE', #8043, #5821 ) ;
#3233 = CARTESIAN_POINT ( 'NONE',  ( -3.300000000000002500, 1.099999999999999900, -2.168404344971008900E-016 ) ) ;
#3234 = VECTOR ( 'NONE', #3254, 1000.000000000000000 ) ;
#3235 =( NAMED_UNIT ( * ) SI_UNIT ( $, .STERADIAN. ) SOLID_ANGLE_UNIT ( ) );
#3236 = ORIENTED_EDGE ( 'NONE', *, *, #5592, .F. ) ;
#3237 = ORIENTED_EDGE ( 'NONE', *, *, #6728, .T. ) ;
#3238 = DIRECTION ( 'NONE',  ( -0.0000000000000000000, -1.000000000000000000, -0.0000000000000000000 ) ) ;
#3239 = LINE ( 'NONE', #10073, #593 ) ;
#3240 = VECTOR ( 'NONE', #4065, 1000.000000000000000 ) ;
#3241 = CARTESIAN_POINT ( 'NONE',  ( -2.646772568110000700, -0.9601246904090819900, 0.9710436416431782500 ) ) ;
#3242 = CARTESIAN_POINT ( 'NONE',  ( -1.409999999999999900, 2.000000000000000000, 1.774999999999999700 ) ) ;
#3243 = DIRECTION ( 'NONE',  ( 0.0000000000000000000, 1.000000000000000000, 0.0000000000000000000 ) ) ;
#3244 = ORIENTED_EDGE ( 'NONE', *, *, #1691, .T. ) ;
#3245 = ORIENTED_EDGE ( 'NONE', *, *, #7841, .F. ) ;
#3246 = PLANE ( 'NONE',  #9311 ) ;
#3247 = LINE ( 'NONE', #9680, #8396 ) ;
#3248 = ORIENTED_EDGE ( 'NONE', *, *, #10335, .T. ) ;
#3249 = FILL_AREA_STYLE ('',( #3591 ) ) ;
#3250 = LINE ( 'NONE', #5525, #603 ) ;
#3251 = CARTESIAN_POINT ( 'NONE',  ( 1.409999999999999700, 3.099999999999999600, 0.5000000000000017800 ) ) ;
#3252 = UNCERTAINTY_MEASURE_WITH_UNIT (LENGTH_MEASURE( 1.000000000000000100E-005 ), #3148, 'distance_accuracy_value', 'NONE');
#3253 = PLANE ( 'NONE',  #8542 ) ;
#3254 = DIRECTION ( 'NONE',  ( -1.000000000000000000, 0.0000000000000000000, 3.252606517456521700E-016 ) ) ;
#3255 = ORIENTED_EDGE ( 'NONE', *, *, #8229, .F. ) ;
#3256 = LINE ( 'NONE', #626, #8096 ) ;
#3257 = EDGE_LOOP ( 'NONE', ( #7160, #4424, #6272, #7642 ) ) ;
#3258 = ORIENTED_EDGE ( 'NONE', *, *, #2209, .F. ) ;
#3259 = DIRECTION ( 'NONE',  ( -0.0000000000000000000, -0.0000000000000000000, 1.000000000000000000 ) ) ;
#3260 = STYLED_ITEM ( 'NONE', ( #6456 ), #7648 ) ;
#3261 = LINE ( 'NONE', #3631, #8106 ) ;
#3262 = FACE_OUTER_BOUND ( 'NONE', #10121, .T. ) ;
#3263 = CARTESIAN_POINT ( 'NONE',  ( 2.710505431213764200E-017, 1.099999999999999600, 0.5000000000000001100 ) ) ;
#3264 = CARTESIAN_POINT ( 'NONE',  ( -2.750000000000001300, 2.100000000000000100, 2.899999999999997700 ) ) ;
#3265 = SURFACE_STYLE_FILL_AREA ( #4893 ) ;
#3266 = AXIS2_PLACEMENT_3D ( 'NONE', #2937, #9696, #3940 ) ;
#3267 = DIRECTION ( 'NONE',  ( 1.000000000000000000, -0.0000000000000000000, -3.252606517456521700E-016 ) ) ;
#3268 = DIRECTION ( 'NONE',  ( 0.0000000000000000000, 0.0000000000000000000, -1.000000000000000000 ) ) ;
#3269 = DIRECTION ( 'NONE',  ( 0.0000000000000000000, 0.0000000000000000000, 1.000000000000000000 ) ) ;
#3270 = ORIENTED_EDGE ( 'NONE', *, *, #478, .F. ) ;
#3271 = DIRECTION ( 'NONE',  ( -2.157968512369192800E-016, -0.7071067811865474600, -0.7071067811865474600 ) ) ;
#3272 = EDGE_LOOP ( 'NONE', ( #9523, #6574, #3861, #422 ) ) ;
#3273 = UNCERTAINTY_MEASURE_WITH_UNIT (LENGTH_MEASURE( 1.000000000000000100E-005 ), #10496, 'distance_accuracy_value', 'NONE');
#3274 = ORIENTED_EDGE ( 'NONE', *, *, #6377, .T. ) ;
#3275 = DIRECTION ( 'NONE',  ( 0.0000000000000000000, -1.000000000000000000, 0.0000000000000000000 ) ) ;
#3276 = DIRECTION ( 'NONE',  ( 3.051828337366604500E-016, -0.0000000000000000000, 1.000000000000000000 ) ) ;
#3277 = VECTOR ( 'NONE', #7132, 1000.000000000000000 ) ;
#3278 =( NAMED_UNIT ( * ) SI_UNIT ( $, .STERADIAN. ) SOLID_ANGLE_UNIT ( ) );
#3279 = EDGE_CURVE ( 'NONE', #5834, #4632, #10872, .T. ) ;
#3280 = LINE ( 'NONE', #10911, #2957 ) ;
#3281 = DIRECTION ( 'NONE',  ( 0.0000000000000000000, 5.981805089575195200E-016, 1.000000000000000000 ) ) ;
#3282 = ORIENTED_EDGE ( 'NONE', *, *, #1885, .F. ) ;
#3283 =( NAMED_UNIT ( * ) PLANE_ANGLE_UNIT ( ) SI_UNIT ( $, .RADIAN. ) );
#3284 =( GEOMETRIC_REPRESENTATION_CONTEXT ( 3 ) GLOBAL_UNCERTAINTY_ASSIGNED_CONTEXT ( ( #8913 ) ) GLOBAL_UNIT_ASSIGNED_CONTEXT ( ( #11899, #6210, #324 ) ) REPRESENTATION_CONTEXT ( 'NONE', 'WORKASPACE' ) );
#3285 = VERTEX_POINT ( 'NONE', #6604 ) ;
#3286 = CARTESIAN_POINT ( 'NONE',  ( 4.575000000000002000, -1.100000000000000500, 1.155000000000000000 ) ) ;
#3287 = ADVANCED_FACE ( 'NONE', ( #260 ), #6352, .F. ) ;
#3288 = CARTESIAN_POINT ( 'NONE',  ( -0.1599999999999999800, 3.099999999999999600, 0.2000000000000018700 ) ) ;
#3289 = FACE_OUTER_BOUND ( 'NONE', #8158, .T. ) ;
#3290 = SURFACE_STYLE_FILL_AREA ( #8269 ) ;
#3291 = CARTESIAN_POINT ( 'NONE',  ( -4.995000000000002800, 0.8999999999999991300, 1.229999999999997500 ) ) ;
#3292 = FILL_AREA_STYLE_COLOUR ( '', #9223 ) ;
#3293 = ORIENTED_EDGE ( 'NONE', *, *, #7699, .F. ) ;
#3294 = ORIENTED_EDGE ( 'NONE', *, *, #11407, .F. ) ;
#3295 = SURFACE_SIDE_STYLE ('',( #9415 ) ) ;
#3296 = CARTESIAN_POINT ( 'NONE',  ( -3.800000000000001600, -1.099999999999999900, -5.421010862427522200E-017 ) ) ;
#3297 = CARTESIAN_POINT ( 'NONE',  ( -3.100000000000001400, -1.100000000000000500, 3.399999999999997700 ) ) ;
#3298 = CARTESIAN_POINT ( 'NONE',  ( 3.400000000000002100, 0.8500000000000000900, 1.399999999999996800 ) ) ;
#3299 = LINE ( 'NONE', #5566, #2980 ) ;
#3300 = PRESENTATION_STYLE_ASSIGNMENT (( #6454 ) ) ;
#3301 = EDGE_CURVE ( 'NONE', #9568, #7971, #8051, .T. ) ;
#3302 = VERTEX_POINT ( 'NONE', #5327 ) ;
#3303 = ORIENTED_EDGE ( 'NONE', *, *, #1710, .T. ) ;
#3304 = PLANE ( 'NONE',  #8617 ) ;
#3305 = EDGE_CURVE ( 'NONE', #6066, #9833, #5204, .T. ) ;
#3306 = EDGE_CURVE ( 'NONE', #7869, #2187, #10593, .T. ) ;
#3307 = VECTOR ( 'NONE', #12530, 1000.000000000000100 ) ;
#3308 = CARTESIAN_POINT ( 'NONE',  ( 1.499999999999999100, 2.100000000000000100, 2.899999999999997700 ) ) ;
#3309 = PRESENTATION_LAYER_ASSIGNMENT (  '', '', ( #1965 ) ) ;
#3310 = DIRECTION ( 'NONE',  ( 0.2033118901005200000, 0.9241449550023809200, 0.3234507342508306500 ) ) ;
#3311 = EDGE_LOOP ( 'NONE', ( #3973, #8482, #11748, #3025, #6871 ) ) ;
#3312 = LINE ( 'NONE', #4398, #5604 ) ;
#3313 = FACE_OUTER_BOUND ( 'NONE', #5730, .T. ) ;
#3314 =( NAMED_UNIT ( * ) PLANE_ANGLE_UNIT ( ) SI_UNIT ( $, .RADIAN. ) );
#3315 = MECHANICAL_DESIGN_GEOMETRIC_PRESENTATION_REPRESENTATION (  '', ( #1974 ), #3983 ) ;
#3316 = ORIENTED_EDGE ( 'NONE', *, *, #10168, .T. ) ;
#3317 = EDGE_CURVE ( 'NONE', #10658, #3122, #7754, .T. ) ;
#3318 = VECTOR ( 'NONE', #9276, 1000.000000000000000 ) ;
#3319 =( GEOMETRIC_REPRESENTATION_CONTEXT ( 3 ) GLOBAL_UNCERTAINTY_ASSIGNED_CONTEXT ( ( #12258 ) ) GLOBAL_UNIT_ASSIGNED_CONTEXT ( ( #8767, #2970, #9733 ) ) REPRESENTATION_CONTEXT ( 'NONE', 'WORKASPACE' ) );
#3320 = VECTOR ( 'NONE', #6370, 1000.000000000000000 ) ;
#3321 = EDGE_CURVE ( 'NONE', #9263, #5849, #9987, .T. ) ;
#3322 = CARTESIAN_POINT ( 'NONE',  ( 5.238333333333336000, 0.3266666666666669400, 1.803333333333329500 ) ) ;
#3323 = MECHANICAL_DESIGN_GEOMETRIC_PRESENTATION_REPRESENTATION (  '', ( #1313 ), #3998 ) ;
#3324 = ORIENTED_EDGE ( 'NONE', *, *, #6547, .T. ) ;
#3325 = ADVANCED_FACE ( 'NONE', ( #12511 ), #2323, .T. ) ;
#3326 =( NAMED_UNIT ( * ) SI_UNIT ( $, .STERADIAN. ) SOLID_ANGLE_UNIT ( ) );
#3327 = VECTOR ( 'NONE', #5670, 1000.000000000000000 ) ;
#3328 = AXIS2_PLACEMENT_3D ( 'NONE', #11200, #5488, #12167 ) ;
#3329 =( NAMED_UNIT ( * ) SI_UNIT ( $, .STERADIAN. ) SOLID_ANGLE_UNIT ( ) );
#3330 = VECTOR ( 'NONE', #637, 999.9999999999998900 ) ;
#3331 = DIRECTION ( 'NONE',  ( -1.000000000000000000, 0.0000000000000000000, -0.0000000000000000000 ) ) ;
#3332 = LINE ( 'NONE', #4287, #3657 ) ;
#3333 = CARTESIAN_POINT ( 'NONE',  ( 3.800000000000002000, 2.100000000000000100, 0.1999999999999976200 ) ) ;
#3334 = AXIS2_PLACEMENT_3D ( 'NONE', #6173, #276, #7115 ) ;
#3335 = UNCERTAINTY_MEASURE_WITH_UNIT (LENGTH_MEASURE( 1.000000000000000100E-005 ), #6739, 'distance_accuracy_value', 'NONE');
#3336 = VERTEX_POINT ( 'NONE', #3890 ) ;
#3337 = ORIENTED_EDGE ( 'NONE', *, *, #10324, .T. ) ;
#3338 = VECTOR ( 'NONE', #8762, 1000.000000000000000 ) ;
#3339 = ADVANCED_FACE ( 'NONE', ( #4898 ), #427, .F. ) ;
#3340 = SURFACE_STYLE_USAGE ( .BOTH. , #3378 ) ;
#3341 = LINE ( 'NONE', #10737, #10714 ) ;
#3342 = EDGE_CURVE ( 'NONE', #3986, #3216, #4599, .T. ) ;
#3343 = ORIENTED_EDGE ( 'NONE', *, *, #6083, .F. ) ;
#3344 = CARTESIAN_POINT ( 'NONE',  ( 0.1599999999999999800, 2.099999999999999600, 0.6750000000000020400 ) ) ;
#3345 = ORIENTED_EDGE ( 'NONE', *, *, #460, .F. ) ;
#3346 = CARTESIAN_POINT ( 'NONE',  ( -1.090000000000000100, 1.500000000000000000, 0.9499999999999982900 ) ) ;
#3347 = ORIENTED_EDGE ( 'NONE', *, *, #10858, .F. ) ;
#3348 = AXIS2_PLACEMENT_3D ( 'NONE', #3071, #1116, #7947 ) ;
#3349 = SURFACE_STYLE_USAGE ( .BOTH. , #9138 ) ;
#3350 = DIRECTION ( 'NONE',  ( -1.000000000000000000, -0.0000000000000000000, -0.0000000000000000000 ) ) ;
#3351 = ORIENTED_EDGE ( 'NONE', *, *, #2693, .F. ) ;
#3352 = AXIS2_PLACEMENT_3D ( 'NONE', #7253, #1407, #8238 ) ;
#3353 =( LENGTH_UNIT ( ) NAMED_UNIT ( * ) SI_UNIT ( .MILLI., .METRE. ) );
#3354 = LINE ( 'NONE', #11213, #8207 ) ;
#3355 = VECTOR ( 'NONE', #8821, 1000.000000000000000 ) ;
#3356 = ORIENTED_EDGE ( 'NONE', *, *, #562, .F. ) ;
#3357 = DIRECTION ( 'NONE',  ( -0.0000000000000000000, 0.0000000000000000000, 1.000000000000000000 ) ) ;
#3358 = ORIENTED_EDGE ( 'NONE', *, *, #8638, .F. ) ;
#3359 = LINE ( 'NONE', #11453, #5656 ) ;
#3360 =( LENGTH_UNIT ( ) NAMED_UNIT ( * ) SI_UNIT ( .MILLI., .METRE. ) );
#3362 = EDGE_LOOP ( 'NONE', ( #3438, #5472, #5046, #1439 ) ) ;
#3361 = FILL_AREA_STYLE ('',( #3292 ) ) ;
#3363 = EDGE_CURVE ( 'NONE', #4471, #5184, #7149, .T. ) ;
#3364 = ORIENTED_EDGE ( 'NONE', *, *, #2465, .F. ) ;
#3365 = VECTOR ( 'NONE', #7823, 1000.000000000000000 ) ;
#3366 = DIRECTION ( 'NONE',  ( -0.5773502691896255100, 0.5773502691896260600, -0.5773502691896255100 ) ) ;
#3367 = CARTESIAN_POINT ( 'NONE',  ( 4.995000000000001900, -1.100000000000000500, 1.255000000000000100 ) ) ;
#3368 = FACE_OUTER_BOUND ( 'NONE', #1813, .T. ) ;
#3369 = EDGE_CURVE ( 'NONE', #11490, #9714, #1950, .T. ) ;
#3370 = FACE_OUTER_BOUND ( 'NONE', #11872, .T. ) ;
#3371 = STYLED_ITEM ( 'NONE', ( #8642 ), #12418 ) ;
#3372 = VECTOR ( 'NONE', #5346, 1000.000000000000000 ) ;
#3373 = CARTESIAN_POINT ( 'NONE',  ( 3.400000000000002600, 0.8500000000000000900, 2.299999999999996300 ) ) ;
#3374 = FILL_AREA_STYLE ('',( #8118 ) ) ;
#3375 = SURFACE_SIDE_STYLE ('',( #1769 ) ) ;
#3376 = CARTESIAN_POINT ( 'NONE',  ( 4.500000000000002700, 1.099999999999999600, 2.199999999999997500 ) ) ;
#3377 =( NAMED_UNIT ( * ) PLANE_ANGLE_UNIT ( ) SI_UNIT ( $, .RADIAN. ) );
#3378 = SURFACE_SIDE_STYLE ('',( #8295 ) ) ;
#3379 = EDGE_LOOP ( 'NONE', ( #11649, #1626, #6594, #2637 ) ) ;
#3380 = DIRECTION ( 'NONE',  ( 0.7071067811865444600, -0.7071067811865505700, 0.0000000000000000000 ) ) ;
#3381 = CARTESIAN_POINT ( 'NONE',  ( 0.1600000000000000300, 1.500000000000000000, 0.9499999999999998400 ) ) ;
#3382 = EDGE_LOOP ( 'NONE', ( #8242, #6455, #2903, #1690, #1150 ) ) ;
#3383 = VECTOR ( 'NONE', #1475, 1000.000000000000000 ) ;
#3384 = EDGE_CURVE ( 'NONE', #4185, #7465, #9702, .T. ) ;
#3385 = FILL_AREA_STYLE ('',( #158 ) ) ;
#3386 = PRESENTATION_STYLE_ASSIGNMENT (( #1238 ) ) ;
#3387 = ORIENTED_EDGE ( 'NONE', *, *, #1731, .F. ) ;
#3388 = EDGE_LOOP ( 'NONE', ( #7921, #4041, #3404, #7963 ) ) ;
#3389 = LINE ( 'NONE', #1941, #8535 ) ;
#3390 = FILL_AREA_STYLE ('',( #10928 ) ) ;
#3391 = LINE ( 'NONE', #5909, #8241 ) ;
#3392 = SURFACE_STYLE_USAGE ( .BOTH. , #3375 ) ;
#3393 = DIRECTION ( 'NONE',  ( -1.000000000000000000, -0.0000000000000000000, -0.0000000000000000000 ) ) ;
#3394 = ORIENTED_EDGE ( 'NONE', *, *, #5032, .T. ) ;
#3395 = DIRECTION ( 'NONE',  ( 0.0000000000000000000, 0.0000000000000000000, 1.000000000000000000 ) ) ;
#3396 =( LENGTH_UNIT ( ) NAMED_UNIT ( * ) SI_UNIT ( .MILLI., .METRE. ) );
#3397 =( GEOMETRIC_REPRESENTATION_CONTEXT ( 3 ) GLOBAL_UNCERTAINTY_ASSIGNED_CONTEXT ( ( #7537 ) ) GLOBAL_UNIT_ASSIGNED_CONTEXT ( ( #9453, #10320, #1670 ) ) REPRESENTATION_CONTEXT ( 'NONE', 'WORKASPACE' ) );
#3398 = ADVANCED_FACE ( 'NONE', ( #4281 ), #12130, .F. ) ;
#3399 = EDGE_CURVE ( 'NONE', #6854, #200, #10731, .T. ) ;
#3400 = SURFACE_STYLE_FILL_AREA ( #1093 ) ;
#3401 = DIRECTION ( 'NONE',  ( 0.0000000000000000000, 0.0000000000000000000, -1.000000000000000000 ) ) ;
#3402 = DIRECTION ( 'NONE',  ( 0.0000000000000000000, 1.000000000000000000, 0.0000000000000000000 ) ) ;
#3403 = FILL_AREA_STYLE_COLOUR ( '', #11935 ) ;
#3404 = ORIENTED_EDGE ( 'NONE', *, *, #4518, .F. ) ;
#3405 = ORIENTED_EDGE ( 'NONE', *, *, #665, .T. ) ;
#3406 = SURFACE_STYLE_USAGE ( .BOTH. , #3425 ) ;
#3407 = VECTOR ( 'NONE', #9510, 1000.000000000000000 ) ;
#3408 = LINE ( 'NONE', #2843, #455 ) ;
#3409 = EDGE_CURVE ( 'NONE', #9962, #1833, #3359, .T. ) ;
#3410 = EDGE_CURVE ( 'NONE', #8958, #7942, #722, .T. ) ;
#3411 = VECTOR ( 'NONE', #9317, 1000.000000000000000 ) ;
#3412 = AXIS2_PLACEMENT_3D ( 'NONE', #6237, #8176, #6208 ) ;
#3413 = ORIENTED_EDGE ( 'NONE', *, *, #9319, .F. ) ;
#3414 = ORIENTED_EDGE ( 'NONE', *, *, #9926, .F. ) ;
#3415 = SURFACE_STYLE_USAGE ( .BOTH. , #3629 ) ;
#3416 =( LENGTH_UNIT ( ) NAMED_UNIT ( * ) SI_UNIT ( .MILLI., .METRE. ) );
#3417 = CARTESIAN_POINT ( 'NONE',  ( 3.400000000000002600, -1.800000000000000300, 2.299999999999996300 ) ) ;
#3418 = ADVANCED_FACE ( 'NONE', ( #10441 ), #11537, .F. ) ;
#3419 = PRESENTATION_STYLE_ASSIGNMENT (( #6764 ) ) ;
#3420 = CARTESIAN_POINT ( 'NONE',  ( -2.339999999999999900, 2.499999999999999600, 1.734723475976807100E-015 ) ) ;
#3421 = LINE ( 'NONE', #12036, #2007 ) ;
#3422 = DIRECTION ( 'NONE',  ( 0.5773502691896275100, 0.5773502691896222900, 0.5773502691896275100 ) ) ;
#3423 = SURFACE_SIDE_STYLE ('',( #1398 ) ) ;
#3424 = FACE_OUTER_BOUND ( 'NONE', #3379, .T. ) ;
#3425 = SURFACE_SIDE_STYLE ('',( #6832 ) ) ;
#3426 = AXIS2_PLACEMENT_3D ( 'NONE', #504, #7354, #1492 ) ;
#3427 = ORIENTED_EDGE ( 'NONE', *, *, #11193, .F. ) ;
#3428 =( NAMED_UNIT ( * ) PLANE_ANGLE_UNIT ( ) SI_UNIT ( $, .RADIAN. ) );
#3429 = VERTEX_POINT ( 'NONE', #11080 ) ;
#3430 =( NAMED_UNIT ( * ) PLANE_ANGLE_UNIT ( ) SI_UNIT ( $, .RADIAN. ) );
#3431 = DIRECTION ( 'NONE',  ( -1.000000000000000000, -0.0000000000000000000, -0.0000000000000000000 ) ) ;
#3432 = CARTESIAN_POINT ( 'NONE',  ( 2.660000000000000100, 2.099999999999999600, 0.6750000000000020400 ) ) ;
#3433 = SURFACE_STYLE_USAGE ( .BOTH. , #3470 ) ;
#3434 =( GEOMETRIC_REPRESENTATION_CONTEXT ( 3 ) GLOBAL_UNCERTAINTY_ASSIGNED_CONTEXT ( ( #9219 ) ) GLOBAL_UNIT_ASSIGNED_CONTEXT ( ( #847, #829, #850 ) ) REPRESENTATION_CONTEXT ( 'NONE', 'WORKASPACE' ) );
#3435 = FILL_AREA_STYLE ('',( #3606 ) ) ;
#3436 = DIRECTION ( 'NONE',  ( 0.0000000000000000000, 0.0000000000000000000, 1.000000000000000000 ) ) ;
#3437 = CARTESIAN_POINT ( 'NONE',  ( 5.200000000000001100, 1.099999999999999600, 2.199999999999997500 ) ) ;
#3438 = ORIENTED_EDGE ( 'NONE', *, *, #8661, .T. ) ;
#3439 = UNCERTAINTY_MEASURE_WITH_UNIT (LENGTH_MEASURE( 1.000000000000000100E-005 ), #9546, 'distance_accuracy_value', 'NONE');
#3440 =( GEOMETRIC_REPRESENTATION_CONTEXT ( 3 ) GLOBAL_UNCERTAINTY_ASSIGNED_CONTEXT ( ( #7615 ) ) GLOBAL_UNIT_ASSIGNED_CONTEXT ( ( #7997, #2186, #8960 ) ) REPRESENTATION_CONTEXT ( 'NONE', 'WORKASPACE' ) );
#3441 = VERTEX_POINT ( 'NONE', #10756 ) ;
#3442 =( NAMED_UNIT ( * ) SI_UNIT ( $, .STERADIAN. ) SOLID_ANGLE_UNIT ( ) );
#3443 = DIRECTION ( 'NONE',  ( 0.0000000000000000000, 0.0000000000000000000, 1.000000000000000000 ) ) ;
#3444 = DIRECTION ( 'NONE',  ( -0.0000000000000000000, 0.7071067811865489100, 0.7071067811865462400 ) ) ;
#3445 = DIRECTION ( 'NONE',  ( -0.2033118901005206400, 0.9241449550023804700, -0.3234507342508316000 ) ) ;
#3446 = LINE ( 'NONE', #11274, #2809 ) ;
#3447 = VERTEX_POINT ( 'NONE', #11215 ) ;
#3448 = SURFACE_SIDE_STYLE ('',( #3290 ) ) ;
#3449 = ORIENTED_EDGE ( 'NONE', *, *, #5318, .F. ) ;
#3450 = DIRECTION ( 'NONE',  ( -3.051828337366604500E-016, 0.0000000000000000000, -1.000000000000000000 ) ) ;
#3451 = PLANE ( 'NONE',  #11059 ) ;
#3452 = FILL_AREA_STYLE ('',( #4441 ) ) ;
#3453 = EDGE_CURVE ( 'NONE', #11640, #5546, #7898, .T. ) ;
#3454 = LINE ( 'NONE', #5226, #10806 ) ;
#3455 = VECTOR ( 'NONE', #3171, 1000.000000000000100 ) ;
#3456 =( NAMED_UNIT ( * ) SI_UNIT ( $, .STERADIAN. ) SOLID_ANGLE_UNIT ( ) );
#3457 = MECHANICAL_DESIGN_GEOMETRIC_PRESENTATION_REPRESENTATION (  '', ( #2119 ), #4101 ) ;
#3458 = VERTEX_POINT ( 'NONE', #10944 ) ;
#3459 = CARTESIAN_POINT ( 'NONE',  ( -1.409999999999999900, 3.099999999999999600, 0.5000000000000017800 ) ) ;
#3460 = ORIENTED_EDGE ( 'NONE', *, *, #3905, .T. ) ;
#3461 = VECTOR ( 'NONE', #4595, 1000.000000000000000 ) ;
#3462 = FILL_AREA_STYLE ('',( #2468 ) ) ;
#3463 = CARTESIAN_POINT ( 'NONE',  ( -1.090000000000000100, 2.299999999999999400, 0.2000000000000025400 ) ) ;
#3464 = ADVANCED_FACE ( 'NONE', ( #8213 ), #10526, .F. ) ;
#3465 = DIRECTION ( 'NONE',  ( 0.0000000000000000000, 0.0000000000000000000, 1.000000000000000000 ) ) ;
#3466 = EDGE_CURVE ( 'NONE', #1982, #3772, #10133, .T. ) ;
#3467 = CARTESIAN_POINT ( 'NONE',  ( 3.400000000000002100, -1.800000000000000500, 1.399999999999996800 ) ) ;
#3468 = DIRECTION ( 'NONE',  ( 0.0000000000000000000, 0.0000000000000000000, -1.000000000000000000 ) ) ;
#3469 = SURFACE_SIDE_STYLE ('',( #5483 ) ) ;
#3470 = SURFACE_SIDE_STYLE ('',( #7033 ) ) ;
#3471 =( NAMED_UNIT ( * ) PLANE_ANGLE_UNIT ( ) SI_UNIT ( $, .RADIAN. ) );
#3472 = DIRECTION ( 'NONE',  ( -0.0000000000000000000, 1.000000000000000000, 0.0000000000000000000 ) ) ;
#3473 = FILL_AREA_STYLE_COLOUR ( '', #685 ) ;
#3474 = SURFACE_STYLE_USAGE ( .BOTH. , #9243 ) ;
#3475 = ORIENTED_EDGE ( 'NONE', *, *, #4551, .F. ) ;
#3476 = ORIENTED_EDGE ( 'NONE', *, *, #2562, .F. ) ;
#3477 = LINE ( 'NONE', #1789, #836 ) ;
#3478 = EDGE_CURVE ( 'NONE', #713, #9131, #96, .T. ) ;
#3479 = ADVANCED_FACE ( 'NONE', ( #7593 ), #7294, .T. ) ;
#3480 = PRESENTATION_STYLE_ASSIGNMENT (( #7765 ) ) ;
#3481 =( LENGTH_UNIT ( ) NAMED_UNIT ( * ) SI_UNIT ( .MILLI., .METRE. ) );
#3482 = FACE_OUTER_BOUND ( 'NONE', #9019, .T. ) ;
#3483 = CARTESIAN_POINT ( 'NONE',  ( -3.300000000000002500, 2.100000000000000100, -2.168404344971008900E-016 ) ) ;
#3484 = FILL_AREA_STYLE ('',( #3524 ) ) ;
#3485 = EDGE_CURVE ( 'NONE', #9631, #8942, #2433, .T. ) ;
#3486 = EDGE_CURVE ( 'NONE', #7180, #7186, #3042, .T. ) ;
#3487 = ORIENTED_EDGE ( 'NONE', *, *, #2305, .F. ) ;
#3488 = SURFACE_SIDE_STYLE ('',( #7317 ) ) ;
#3489 = AXIS2_PLACEMENT_3D ( 'NONE', #12388, #12185, #11222 ) ;
#3490 = CARTESIAN_POINT ( 'NONE',  ( -5.500000000000001800, -1.700000000000000400, 0.7999999999999954900 ) ) ;
#3491 = DIRECTION ( 'NONE',  ( 1.000000000000000000, 0.0000000000000000000, -3.051828337366604500E-016 ) ) ;
#3492 = LINE ( 'NONE', #4754, #6070 ) ;
#3493 = VECTOR ( 'NONE', #10065, 1000.000000000000000 ) ;
#3494 = AXIS2_PLACEMENT_3D ( 'NONE', #10103, #10062, #10019 ) ;
#3495 = EDGE_CURVE ( 'NONE', #7632, #9772, #9843, .T. ) ;
#3496 =( GEOMETRIC_REPRESENTATION_CONTEXT ( 3 ) GLOBAL_UNCERTAINTY_ASSIGNED_CONTEXT ( ( #1735 ) ) GLOBAL_UNIT_ASSIGNED_CONTEXT ( ( #12114, #6402, #513 ) ) REPRESENTATION_CONTEXT ( 'NONE', 'WORKASPACE' ) );
#3497 = ORIENTED_EDGE ( 'NONE', *, *, #11863, .F. ) ;
#3498 = CARTESIAN_POINT ( 'NONE',  ( -4.500000000000002700, -1.700000000000000400, 2.199999999999997500 ) ) ;
#3499 = FILL_AREA_STYLE ('',( #2506 ) ) ;
#3500 = FACE_OUTER_BOUND ( 'NONE', #5239, .T. ) ;
#3501 = EDGE_CURVE ( 'NONE', #12094, #10604, #4750, .T. ) ;
#3502 = DIRECTION ( 'NONE',  ( -0.0000000000000000000, -0.0000000000000000000, 1.000000000000000000 ) ) ;
#3503 = VERTEX_POINT ( 'NONE', #9142 ) ;
#3504 = UNCERTAINTY_MEASURE_WITH_UNIT (LENGTH_MEASURE( 1.000000000000000100E-005 ), #7400, 'distance_accuracy_value', 'NONE');
#3505 = CARTESIAN_POINT ( 'NONE',  ( -2.660000000000000100, 2.900000000000000400, 1.788933584601082300E-015 ) ) ;
#3506 = CARTESIAN_POINT ( 'NONE',  ( 2.449999999999999700, -1.400000000000000100, 1.699999999999998400 ) ) ;
#3507 = ORIENTED_EDGE ( 'NONE', *, *, #9023, .T. ) ;
#3508 = CARTESIAN_POINT ( 'NONE',  ( -2.660000000000000100, 3.099999999999999600, 0.2000000000000018700 ) ) ;
#3509 = AXIS2_PLACEMENT_3D ( 'NONE', #6032, #9878, #7990 ) ;
#3510 = DIRECTION ( 'NONE',  ( -1.000000000000000000, -0.0000000000000000000, -0.0000000000000000000 ) ) ;
#3511 = DIRECTION ( 'NONE',  ( -1.000000000000000000, -0.0000000000000000000, -0.0000000000000000000 ) ) ;
#3512 = VECTOR ( 'NONE', #5666, 1000.000000000000000 ) ;
#3513 = DIRECTION ( 'NONE',  ( 0.0000000000000000000, -0.0000000000000000000, 1.000000000000000000 ) ) ;
#3514 = CARTESIAN_POINT ( 'NONE',  ( 1.409999999999999700, 1.500000000000000000, 0.9499999999999998400 ) ) ;
#3515 =( GEOMETRIC_REPRESENTATION_CONTEXT ( 3 ) GLOBAL_UNCERTAINTY_ASSIGNED_CONTEXT ( ( #11630 ) ) GLOBAL_UNIT_ASSIGNED_CONTEXT ( ( #643, #7485, #1623 ) ) REPRESENTATION_CONTEXT ( 'NONE', 'WORKASPACE' ) );
#3516 = VERTEX_POINT ( 'NONE', #9092 ) ;
#3517 = LINE ( 'NONE', #6384, #10582 ) ;
#3518 = ORIENTED_EDGE ( 'NONE', *, *, #12054, .F. ) ;
#3519 = ORIENTED_EDGE ( 'NONE', *, *, #6708, .F. ) ;
#3520 = EDGE_LOOP ( 'NONE', ( #11847, #5061, #10040, #12022, #8037, #3919, #1001, #11621 ) ) ;
#3521 = PLANE ( 'NONE',  #9539 ) ;
#3522 = EDGE_CURVE ( 'NONE', #11681, #3027, #6996, .T. ) ;
#3523 = DIRECTION ( 'NONE',  ( -1.000000000000000000, 0.0000000000000000000, -0.0000000000000000000 ) ) ;
#3524 = FILL_AREA_STYLE_COLOUR ( '', #11489 ) ;
#3525 = VECTOR ( 'NONE', #6378, 1000.000000000000000 ) ;
#3526 = CARTESIAN_POINT ( 'NONE',  ( 2.660000000000000100, 1.500000000000000000, 1.700000000000000000 ) ) ;
#3527 = ADVANCED_FACE ( 'NONE', ( #6699 ), #8970, .F. ) ;
#3528 = VECTOR ( 'NONE', #10089, 1000.000000000000000 ) ;
#3529 =( NAMED_UNIT ( * ) PLANE_ANGLE_UNIT ( ) SI_UNIT ( $, .RADIAN. ) );
#3530 = DIRECTION ( 'NONE',  ( 0.0000000000000000000, -0.0000000000000000000, 1.000000000000000000 ) ) ;
#3531 =( GEOMETRIC_REPRESENTATION_CONTEXT ( 3 ) GLOBAL_UNCERTAINTY_ASSIGNED_CONTEXT ( ( #2050 ) ) GLOBAL_UNIT_ASSIGNED_CONTEXT ( ( #9756, #4010, #10707 ) ) REPRESENTATION_CONTEXT ( 'NONE', 'WORKASPACE' ) );
#3532 = ORIENTED_EDGE ( 'NONE', *, *, #3466, .F. ) ;
#3533 = ORIENTED_EDGE ( 'NONE', *, *, #3658, .F. ) ;
#3534 = LINE ( 'NONE', #12164, #8056 ) ;
#3535 = VERTEX_POINT ( 'NONE', #8445 ) ;
#3536 = EDGE_LOOP ( 'NONE', ( #11491, #1827, #6016, #7737, #6451 ) ) ;
#3537 = LINE ( 'NONE', #78, #889 ) ;
#3538 = VERTEX_POINT ( 'NONE', #8400 ) ;
#3539 = ORIENTED_EDGE ( 'NONE', *, *, #11461, .F. ) ;
#3540 = PLANE ( 'NONE',  #2628 ) ;
#3541 = ORIENTED_EDGE ( 'NONE', *, *, #7087, .F. ) ;
#3542 = EDGE_CURVE ( 'NONE', #6034, #2769, #1785, .T. ) ;
#3543 = ADVANCED_FACE ( 'NONE', ( #11455 ), #8856, .F. ) ;
#3544 = CARTESIAN_POINT ( 'NONE',  ( 1.409999999999999700, 2.000000000000000000, 1.775000000000001500 ) ) ;
#3545 = DIRECTION ( 'NONE',  ( -0.0000000000000000000, 1.000000000000000000, 0.0000000000000000000 ) ) ;
#3546 = DIRECTION ( 'NONE',  ( 0.0000000000000000000, 1.000000000000000000, 1.495451272393799300E-016 ) ) ;
#3547 = VECTOR ( 'NONE', #9845, 1000.000000000000000 ) ;
#3548 = EDGE_LOOP ( 'NONE', ( #5050, #9990, #7923, #11470, #5552, #7896, #12170, #1688 ) ) ;
#3549 = PRESENTATION_LAYER_ASSIGNMENT (  '', '', ( #2217 ) ) ;
#3550 = DIRECTION ( 'NONE',  ( 0.0000000000000000000, 0.0000000000000000000, -1.000000000000000000 ) ) ;
#3551 = VERTEX_POINT ( 'NONE', #8613 ) ;
#3552 = CARTESIAN_POINT ( 'NONE',  ( -4.675000000000002500, -1.100000000000000500, -5.421010862427522200E-017 ) ) ;
#3553 = CARTESIAN_POINT ( 'NONE',  ( 3.400000000000002600, 0.8500000000000000900, 2.299999999999996300 ) ) ;
#3554 = ORIENTED_EDGE ( 'NONE', *, *, #8981, .F. ) ;
#3555 = LINE ( 'NONE', #9073, #8388 ) ;
#3556 = FILL_AREA_STYLE ('',( #2550 ) ) ;
#3557 = CARTESIAN_POINT ( 'NONE',  ( 1.409999999999999700, 1.500000000000000000, 0.8750000000000017800 ) ) ;
#3558 = DIRECTION ( 'NONE',  ( 0.5773502691896258400, 0.5773502691896258400, -0.5773502691896257300 ) ) ;
#3559 = ORIENTED_EDGE ( 'NONE', *, *, #8962, .F. ) ;
#3560 = EDGE_CURVE ( 'NONE', #10788, #2910, #4121, .T. ) ;
#3561 = EDGE_LOOP ( 'NONE', ( #7705, #8463, #10963, #11413 ) ) ;
#3562 = VECTOR ( 'NONE', #5692, 1000.000000000000000 ) ;
#3563 = CARTESIAN_POINT ( 'NONE',  ( 1.089999999999999900, 2.299999999999999400, 0.6750000000000020400 ) ) ;
#3564 = ORIENTED_EDGE ( 'NONE', *, *, #8587, .T. ) ;
#3565 = DIRECTION ( 'NONE',  ( 0.7071067811865463500, 0.0000000000000000000, 0.7071067811865487900 ) ) ;
#3566 = CARTESIAN_POINT ( 'NONE',  ( 1.409999999999999700, 2.299999999999999400, 0.2000000000000025400 ) ) ;
#3567 = STYLED_ITEM ( 'NONE', ( #12549 ), #2494 ) ;
#3568 = DIRECTION ( 'NONE',  ( 1.000000000000000000, 0.0000000000000000000, 0.0000000000000000000 ) ) ;
#3569 = EDGE_CURVE ( 'NONE', #1715, #1982, #8941, .T. ) ;
#3570 = VERTEX_POINT ( 'NONE', #7762 ) ;
#3571 = CARTESIAN_POINT ( 'NONE',  ( 5.500000000000001800, 1.099999999999999600, 0.7999999999999954900 ) ) ;
#3572 = AXIS2_PLACEMENT_3D ( 'NONE', #683, #7515, #1665 ) ;
#3573 = DIRECTION ( 'NONE',  ( -0.0000000000000000000, 0.0000000000000000000, 1.000000000000000000 ) ) ;
#3574 = VECTOR ( 'NONE', #6477, 1000.000000000000000 ) ;
#3575 = VECTOR ( 'NONE', #8364, 1000.000000000000000 ) ;
#3576 = ORIENTED_EDGE ( 'NONE', *, *, #3046, .F. ) ;
#3577 = EDGE_CURVE ( 'NONE', #1408, #6649, #11159, .T. ) ;
#3578 = AXIS2_PLACEMENT_3D ( 'NONE', #3010, #2987, #2971 ) ;
#3579 = ORIENTED_EDGE ( 'NONE', *, *, #11084, .T. ) ;
#3580 = VERTEX_POINT ( 'NONE', #7510 ) ;
#3581 = CARTESIAN_POINT ( 'NONE',  ( 2.425000000000001200, -0.6500000000000012400, 3.423118842698616300 ) ) ;
#3582 = PRESENTATION_LAYER_ASSIGNMENT (  '', '', ( #2253 ) ) ;
#3583 = FACE_OUTER_BOUND ( 'NONE', #11190, .T. ) ;
#3584 = FACE_BOUND ( 'NONE', #4700, .T. ) ;
#3585 = CARTESIAN_POINT ( 'NONE',  ( 2.449999999999999700, -1.400000000000000100, 1.124999999999998900 ) ) ;
#3586 = PRESENTATION_LAYER_ASSIGNMENT (  '', '', ( #2258 ) ) ;
#3587 = SURFACE_STYLE_FILL_AREA ( #12442 ) ;
#3588 = ADVANCED_FACE ( 'NONE', ( #6096 ), #2097, .F. ) ;
#3589 = CARTESIAN_POINT ( 'NONE',  ( -2.339999999999999900, 1.500000000000000000, 0.8749999999999998900 ) ) ;
#3590 = ORIENTED_EDGE ( 'NONE', *, *, #8892, .T. ) ;
#3591 = FILL_AREA_STYLE_COLOUR ( '', #4607 ) ;
#3592 = UNCERTAINTY_MEASURE_WITH_UNIT (LENGTH_MEASURE( 1.000000000000000100E-005 ), #11313, 'distance_accuracy_value', 'NONE');
#3593 = CARTESIAN_POINT ( 'NONE',  ( 0.0000000000000000000, 0.0000000000000000000, 2.999999999999997300 ) ) ;
#3595 = ORIENTED_EDGE ( 'NONE', *, *, #7359, .T. ) ;
#3594 = CARTESIAN_POINT ( 'NONE',  ( 2.749999999999999600, 1.500000000000000400, 2.899999999999997700 ) ) ;
#3596 = CARTESIAN_POINT ( 'NONE',  ( 2.660000000000000100, 2.099999999999999600, 0.6750000000000020400 ) ) ;
#3597 = CARTESIAN_POINT ( 'NONE',  ( -4.995000000000001900, -1.100000000000000500, 1.504999999999999900 ) ) ;
#3598 = CARTESIAN_POINT ( 'NONE',  ( 1.089999999999999900, 2.900000000000000400, 1.788933584601082300E-015 ) ) ;
#3599 = LINE ( 'NONE', #556, #5876 ) ;
#3600 = FILL_AREA_STYLE_COLOUR ( '', #11014 ) ;
#3601 = DIRECTION ( 'NONE',  ( 0.0000000000000000000, 0.0000000000000000000, -1.000000000000000000 ) ) ;
#3602 = FACE_OUTER_BOUND ( 'NONE', #11225, .T. ) ;
#3603 = PRESENTATION_LAYER_ASSIGNMENT (  '', '', ( #2269 ) ) ;
#3604 = VERTEX_POINT ( 'NONE', #7306 ) ;
#3605 = ADVANCED_FACE ( 'NONE', ( #1484 ), #7686, .F. ) ;
#3606 = FILL_AREA_STYLE_COLOUR ( '', #2817 ) ;
#3607 = DIRECTION ( 'NONE',  ( 0.0000000000000000000, 1.000000000000000000, 0.0000000000000000000 ) ) ;
#3608 = CARTESIAN_POINT ( 'NONE',  ( -4.000000000000001800, 1.099999999999999600, 2.699999999999999700 ) ) ;
#3609 = CARTESIAN_POINT ( 'NONE',  ( -1.090000000000000100, 1.500000000000000000, 1.699999999999998800 ) ) ;
#3610 = CARTESIAN_POINT ( 'NONE',  ( -0.1467725681100007500, -0.9601246904090819900, 0.9710436416431782500 ) ) ;
#3611 = ORIENTED_EDGE ( 'NONE', *, *, #8101, .T. ) ;
#3612 = VECTOR ( 'NONE', #7235, 1000.000000000000000 ) ;
#3613 = DIRECTION ( 'NONE',  ( -3.051828337366604500E-016, 0.0000000000000000000, -1.000000000000000000 ) ) ;
#3614 = DIRECTION ( 'NONE',  ( 0.0000000000000000000, 0.0000000000000000000, -1.000000000000000000 ) ) ;
#3615 = CARTESIAN_POINT ( 'NONE',  ( 1.409999999999999700, 1.500000000000000000, 1.774999999999999700 ) ) ;
#3616 = EDGE_CURVE ( 'NONE', #12201, #7030, #1163, .T. ) ;
#3617 = ORIENTED_EDGE ( 'NONE', *, *, #8001, .F. ) ;
#3618 = ORIENTED_EDGE ( 'NONE', *, *, #1691, .F. ) ;
#3619 = EDGE_LOOP ( 'NONE', ( #12316, #7734, #10686, #4482 ) ) ;
#3620 = CARTESIAN_POINT ( 'NONE',  ( 1.325000000000000000, 0.4999999999999990600, 0.5999999999999967600 ) ) ;
#3621 = EDGE_CURVE ( 'NONE', #9325, #600, #6407, .T. ) ;
#3622 = LINE ( 'NONE', #9340, #6209 ) ;
#3623 = EDGE_LOOP ( 'NONE', ( #3067, #2140, #11107, #2052, #10824, #6661, #9798, #2687, #680, #8464, #9052, #12181, #12467, #6379, #9512, #11282, #7271, #393 ) ) ;
#3624 = AXIS2_PLACEMENT_3D ( 'NONE', #7301, #8282, #2467 ) ;
#3626 = LINE ( 'NONE', #4953, #974 ) ;
#3625 = CARTESIAN_POINT ( 'NONE',  ( -0.1599999999999999800, 2.900000000000000400, 1.788933584601082300E-015 ) ) ;
#3627 = PRODUCT ( '532610571', '532610571', '', ( #10754 ) ) ;
#3628 = LINE ( 'NONE', #4758, #674 ) ;
#3629 = SURFACE_SIDE_STYLE ('',( #1842 ) ) ;
#3630 = DIRECTION ( 'NONE',  ( 1.000000000000000000, 0.0000000000000000000, 0.0000000000000000000 ) ) ;
#3631 = CARTESIAN_POINT ( 'NONE',  ( -4.500000000000002700, 1.099999999999999600, 2.199999999999997500 ) ) ;
#3632 = PLANE ( 'NONE',  #8966 ) ;
#3633 = VERTEX_POINT ( 'NONE', #2582 ) ;
#3634 = ORIENTED_EDGE ( 'NONE', *, *, #1977, .F. ) ;
#3635 = VERTEX_POINT ( 'NONE', #6714 ) ;
#3636 = DIRECTION ( 'NONE',  ( -0.7071067811865487900, 0.0000000000000000000, 0.7071067811865463500 ) ) ;
#3637 = EDGE_CURVE ( 'NONE', #4227, #9743, #5786, .T. ) ;
#3638 = DIRECTION ( 'NONE',  ( 1.000000000000000000, -0.0000000000000000000, 0.0000000000000000000 ) ) ;
#3639 = LINE ( 'NONE', #9339, #984 ) ;
#3640 = FILL_AREA_STYLE ('',( #1618 ) ) ;
#3641 = COLOUR_RGB ( '',0.8000000000000000400, 0.8078431372549019800, 0.8000000000000000400 ) ;
#3642 =( NAMED_UNIT ( * ) SI_UNIT ( $, .STERADIAN. ) SOLID_ANGLE_UNIT ( ) );
#3643 = LINE ( 'NONE', #5403, #8764 ) ;
#3644 = CARTESIAN_POINT ( 'NONE',  ( -2.339999999999999900, 0.8500000000000000900, 0.9499999999999998400 ) ) ;
#3645 = DIRECTION ( 'NONE',  ( 0.0000000000000000000, 0.0000000000000000000, 1.000000000000000000 ) ) ;
#3646 = DIRECTION ( 'NONE',  ( -1.000000000000000000, 0.0000000000000000000, 2.891205793294679400E-015 ) ) ;
#3647 = AXIS2_PLACEMENT_3D ( 'NONE', #7623, #1721, #1764 ) ;
#3648 = VERTEX_POINT ( 'NONE', #6478 ) ;
#3649 = EDGE_CURVE ( 'NONE', #5612, #7555, #3517, .T. ) ;
#3650 = LINE ( 'NONE', #6104, #1607 ) ;
#3651 = CARTESIAN_POINT ( 'NONE',  ( -4.235000000000002100, 0.8999999999999991300, 1.529999999999997600 ) ) ;
#3652 = SURFACE_STYLE_FILL_AREA ( #3640 ) ;
#3653 = PRESENTATION_STYLE_ASSIGNMENT (( #6046 ) ) ;
#3654 = CARTESIAN_POINT ( 'NONE',  ( -2.025000000000000800, -0.6500000000000003600, 0.5999999999999967600 ) ) ;
#3655 = DIRECTION ( 'NONE',  ( 0.0000000000000000000, 0.0000000000000000000, 1.000000000000000000 ) ) ;
#3656 = EDGE_CURVE ( 'NONE', #5777, #10706, #868, .T. ) ;
#3657 = VECTOR ( 'NONE', #4450, 1000.000000000000000 ) ;
#3658 = EDGE_CURVE ( 'NONE', #3715, #3986, #8040, .T. ) ;
#3659 = CARTESIAN_POINT ( 'NONE',  ( 0.1599999999999999800, 3.099999999999999600, 0.5000000000000017800 ) ) ;
#3660 = ADVANCED_FACE ( 'NONE', ( #551 ), #5962, .T. ) ;
#3661 = AXIS2_PLACEMENT_3D ( 'NONE', #8653, #8631, #1276 ) ;
#3662 = DIRECTION ( 'NONE',  ( 0.7071067811865474600, 0.0000000000000000000, 0.7071067811865474600 ) ) ;
#3663 = ORIENTED_EDGE ( 'NONE', *, *, #9525, .T. ) ;
#3664 = EDGE_LOOP ( 'NONE', ( #9303, #12409, #7525, #11339 ) ) ;
#3665 = LINE ( 'NONE', #5873, #3338 ) ;
#3666 = AXIS2_PLACEMENT_3D ( 'NONE', #7428, #7396, #7311 ) ;
#3667 = COLOUR_RGB ( '',0.8000000000000000400, 0.8078431372549019800, 0.8000000000000000400 ) ;
#3668 = DIRECTION ( 'NONE',  ( 1.000000000000000000, 0.0000000000000000000, 0.0000000000000000000 ) ) ;
#3669 = EDGE_LOOP ( 'NONE', ( #12525, #1817, #781, #8492 ) ) ;
#3671 = ORIENTED_EDGE ( 'NONE', *, *, #7699, .T. ) ;
#3670 = CARTESIAN_POINT ( 'NONE',  ( -4.995000000000001900, 1.099999999999999600, 1.504999999999999900 ) ) ;
#3672 = UNCERTAINTY_MEASURE_WITH_UNIT (LENGTH_MEASURE( 1.000000000000000100E-005 ), #6133, 'distance_accuracy_value', 'NONE');
#3673 = ADVANCED_FACE ( 'NONE', ( #5498 ), #5420, .F. ) ;
#3674 = ORIENTED_EDGE ( 'NONE', *, *, #7213, .T. ) ;
#3675 = LINE ( 'NONE', #6929, #1320 ) ;
#3676 = CARTESIAN_POINT ( 'NONE',  ( -4.675000000000002500, -1.100000000000000500, 0.2499999999999999400 ) ) ;
#3677 =( GEOMETRIC_REPRESENTATION_CONTEXT ( 3 ) GLOBAL_UNCERTAINTY_ASSIGNED_CONTEXT ( ( #8541 ) ) GLOBAL_UNIT_ASSIGNED_CONTEXT ( ( #10520, #10573, #10718 ) ) REPRESENTATION_CONTEXT ( 'NONE', 'WORKASPACE' ) );
#3678 = DIRECTION ( 'NONE',  ( -1.000000000000000000, 0.0000000000000000000, -0.0000000000000000000 ) ) ;
#3679 = VECTOR ( 'NONE', #2577, 1000.000000000000000 ) ;
#3680 = CARTESIAN_POINT ( 'NONE',  ( -2.339999999999999900, 1.500000000000000000, 1.775000000000001700 ) ) ;
#3681 = LINE ( 'NONE', #5925, #11004 ) ;
#3682 = VERTEX_POINT ( 'NONE', #5875 ) ;
#3683 = DIRECTION ( 'NONE',  ( -1.000000000000000000, 0.0000000000000000000, 0.0000000000000000000 ) ) ;
#3684 = DIRECTION ( 'NONE',  ( 1.000000000000000000, 0.0000000000000000000, 1.586637325588544600E-016 ) ) ;
#3685 = ORIENTED_EDGE ( 'NONE', *, *, #687, .T. ) ;
#3686 = CARTESIAN_POINT ( 'NONE',  ( -3.800000000000001200, 2.100000000000000100, 0.1999999999999999600 ) ) ;
#3687 = CARTESIAN_POINT ( 'NONE',  ( 0.1599999999999999800, 1.500000000000000000, 0.9499999999999982900 ) ) ;
#3688 = ORIENTED_EDGE ( 'NONE', *, *, #3560, .F. ) ;
#3689 = SURFACE_STYLE_FILL_AREA ( #11434 ) ;
#3690 = FILL_AREA_STYLE_COLOUR ( '', #11101 ) ;
#3691 = PRESENTATION_STYLE_ASSIGNMENT (( #10880 ) ) ;
#3692 = VECTOR ( 'NONE', #7621, 1000.000000000000000 ) ;
#3693 = DIRECTION ( 'NONE',  ( -0.5773502691896274000, -0.5773502691896224000, -0.5773502691896274000 ) ) ;
#3694 = EDGE_LOOP ( 'NONE', ( #9473, #2335, #1551, #5731 ) ) ;
#3695 = LINE ( 'NONE', #6491, #8519 ) ;
#3696 = CARTESIAN_POINT ( 'NONE',  ( -4.000000000000001800, -1.100000000000000500, 3.399999999999997700 ) ) ;
#3697 = PRESENTATION_STYLE_ASSIGNMENT (( #1162 ) ) ;
#3698 = VECTOR ( 'NONE', #2170, 1000.000000000000000 ) ;
#3699 = LINE ( 'NONE', #5306, #10745 ) ;
#3700 = DIRECTION ( 'NONE',  ( -1.000000000000000000, -0.0000000000000000000, 0.0000000000000000000 ) ) ;
#3701 = CARTESIAN_POINT ( 'NONE',  ( 2.660000000000000100, 2.649999999999999500, 1.375000000000002000 ) ) ;
#3702 = EDGE_CURVE ( 'NONE', #8644, #12522, #11898, .T. ) ;
#3703 = VERTEX_POINT ( 'NONE', #4856 ) ;
#3704 = CARTESIAN_POINT ( 'NONE',  ( -4.665000000000000900, -1.200000000000000400, 1.229999999999997800 ) ) ;
#3705 = DIRECTION ( 'NONE',  ( -0.0000000000000000000, -1.000000000000000000, -0.0000000000000000000 ) ) ;
#3706 = DIRECTION ( 'NONE',  ( -1.000000000000000000, 0.0000000000000000000, 0.0000000000000000000 ) ) ;
#3707 = DIRECTION ( 'NONE',  ( -0.5773502691896257300, 0.5773502691896207400, 0.5773502691896309500 ) ) ;
#3708 = EDGE_LOOP ( 'NONE', ( #3932, #4090, #10802, #10841 ) ) ;
#3709 = FACE_OUTER_BOUND ( 'NONE', #4182, .T. ) ;
#3710 = CARTESIAN_POINT ( 'NONE',  ( -4.000000000000001800, -1.100000000000000500, 3.299999999999996700 ) ) ;
#3711 = FACE_OUTER_BOUND ( 'NONE', #1099, .T. ) ;
#3712 = CARTESIAN_POINT ( 'NONE',  ( -2.660000000000000100, 0.8500000000000000900, 0.9499999999999998400 ) ) ;
#3713 = VERTEX_POINT ( 'NONE', #4575 ) ;
#3714 = STYLED_ITEM ( 'NONE', ( #8514 ), #11887 ) ;
#3715 = VERTEX_POINT ( 'NONE', #4533 ) ;
#3716 = VECTOR ( 'NONE', #961, 1000.000000000000000 ) ;
#3717 = ORIENTED_EDGE ( 'NONE', *, *, #11019, .F. ) ;
#3718 = ORIENTED_EDGE ( 'NONE', *, *, #10092, .T. ) ;
#3719 = EDGE_CURVE ( 'NONE', #11121, #704, #4266, .T. ) ;
#3720 =( LENGTH_UNIT ( ) NAMED_UNIT ( * ) SI_UNIT ( .MILLI., .METRE. ) );
#3721 = ORIENTED_EDGE ( 'NONE', *, *, #9618, .T. ) ;
#3722 = VECTOR ( 'NONE', #6159, 1000.000000000000000 ) ;
#3723 = DIRECTION ( 'NONE',  ( 0.0000000000000000000, 0.0000000000000000000, 1.000000000000000000 ) ) ;
#3724 = DIRECTION ( 'NONE',  ( 1.000000000000000000, 0.0000000000000000000, 0.0000000000000000000 ) ) ;
#3725 = LINE ( 'NONE', #12391, #11057 ) ;
#3726 = DIRECTION ( 'NONE',  ( 0.0000000000000000000, 0.0000000000000000000, 1.000000000000000000 ) ) ;
#3727 = LINE ( 'NONE', #8476, #2776 ) ;
#3728 = ADVANCED_FACE ( 'NONE', ( #4587 ), #4394, .F. ) ;
#3729 = ORIENTED_EDGE ( 'NONE', *, *, #10013, .T. ) ;
#3730 = CARTESIAN_POINT ( 'NONE',  ( -5.500000000000001800, 1.099999999999999600, 7.668747073677960000E-017 ) ) ;
#3731 = EDGE_CURVE ( 'NONE', #12427, #10970, #11602, .T. ) ;
#3732 = FILL_AREA_STYLE ('',( #2711 ) ) ;
#3733 = PLANE ( 'NONE',  #11520 ) ;
#3734 = VECTOR ( 'NONE', #6460, 1000.000000000000000 ) ;
#3735 = DIRECTION ( 'NONE',  ( 0.0000000000000000000, 1.000000000000000000, 1.495451272393799300E-016 ) ) ;
#3736 = EDGE_LOOP ( 'NONE', ( #6620, #12437, #5336, #6750 ) ) ;
#3737 = VECTOR ( 'NONE', #10786, 1000.000000000000000 ) ;
#3738 = CARTESIAN_POINT ( 'NONE',  ( -4.995000000000001900, -1.100000000000000500, 1.255000000000000100 ) ) ;
#3739 = LINE ( 'NONE', #2383, #6012 ) ;
#3740 = DIRECTION ( 'NONE',  ( -0.0000000000000000000, -1.000000000000000000, -0.0000000000000000000 ) ) ;
#3741 = EDGE_CURVE ( 'NONE', #11178, #4227, #9083, .T. ) ;
#3742 = EDGE_CURVE ( 'NONE', #12529, #8386, #6546, .T. ) ;
#3743 =( GEOMETRIC_REPRESENTATION_CONTEXT ( 3 ) GLOBAL_UNCERTAINTY_ASSIGNED_CONTEXT ( ( #2618 ) ) GLOBAL_UNIT_ASSIGNED_CONTEXT ( ( #4548, #4499, #4464 ) ) REPRESENTATION_CONTEXT ( 'NONE', 'WORKASPACE' ) );
#3744 = ORIENTED_EDGE ( 'NONE', *, *, #10843, .F. ) ;
#3745 = ADVANCED_FACE ( 'NONE', ( #1315 ), #3632, .F. ) ;
#3746 = CARTESIAN_POINT ( 'NONE',  ( -1.409999999999999900, 2.099999999999999600, 0.6750000000000020400 ) ) ;
#3747 = SURFACE_STYLE_USAGE ( .BOTH. , #9500 ) ;
#3748 = DIRECTION ( 'NONE',  ( -1.000000000000000000, -0.0000000000000000000, -0.0000000000000000000 ) ) ;
#3749 = STYLED_ITEM ( 'NONE', ( #10469 ), #2812 ) ;
#3751 = VECTOR ( 'NONE', #11603, 1000.000000000000000 ) ;
#3750 = DIRECTION ( 'NONE',  ( 4.336808689942016700E-016, 2.168404344971008400E-016, 1.000000000000000000 ) ) ;
#3752 = EDGE_CURVE ( 'NONE', #6982, #7457, #7887, .T. ) ;
#3753 = DIRECTION ( 'NONE',  ( 0.0000000000000000000, -0.0000000000000000000, -1.000000000000000000 ) ) ;
#3754 = VERTEX_POINT ( 'NONE', #2920 ) ;
#3755 = PRESENTATION_LAYER_ASSIGNMENT (  '', '', ( #4387 ) ) ;
#3756 = FILL_AREA_STYLE ('',( #9506 ) ) ;
#3757 = ORIENTED_EDGE ( 'NONE', *, *, #6345, .T. ) ;
#3758 = EDGE_CURVE ( 'NONE', #12529, #10472, #2717, .T. ) ;
#3759 = AXIS2_PLACEMENT_3D ( 'NONE', #11540, #10997, #10923 ) ;
#3760 = CARTESIAN_POINT ( 'NONE',  ( 1.409999999999999700, 2.499999999999999600, 1.734723475976807100E-015 ) ) ;
#3761 = ORIENTED_EDGE ( 'NONE', *, *, #815, .F. ) ;
#3762 = VERTEX_POINT ( 'NONE', #2625 ) ;
#3763 = DIRECTION ( 'NONE',  ( -1.000000000000000000, -0.0000000000000000000, 3.049318610115479700E-016 ) ) ;
#3764 = AXIS2_PLACEMENT_3D ( 'NONE', #12476, #6778, #4884 ) ;
#3765 =( NAMED_UNIT ( * ) SI_UNIT ( $, .STERADIAN. ) SOLID_ANGLE_UNIT ( ) );
#3766 = SURFACE_SIDE_STYLE ('',( #1384 ) ) ;
#3767 = PRESENTATION_STYLE_ASSIGNMENT (( #11258 ) ) ;
#3768 = AXIS2_PLACEMENT_3D ( 'NONE', #10251, #3573, #10294 ) ;
#3769 = CARTESIAN_POINT ( 'NONE',  ( 3.700000000000002000, 0.8500000000000000900, 2.299999999999996300 ) ) ;
#3770 = LINE ( 'NONE', #2191, #3455 ) ;
#3771 = FILL_AREA_STYLE_COLOUR ( '', #3162 ) ;
#3772 = VERTEX_POINT ( 'NONE', #2667 ) ;
#3773 = CARTESIAN_POINT ( 'NONE',  ( -0.1599999999999999800, 1.500000000000000000, 0.9499999999999982900 ) ) ;
#3774 = ORIENTED_EDGE ( 'NONE', *, *, #10187, .T. ) ;
#3775 = CARTESIAN_POINT ( 'NONE',  ( -3.300000000000002500, 2.100000000000000100, -2.168404344971008900E-016 ) ) ;
#3776 = EDGE_CURVE ( 'NONE', #7180, #1161, #5344, .T. ) ;
#3777 = ORIENTED_EDGE ( 'NONE', *, *, #9777, .T. ) ;
#3778 = DIRECTION ( 'NONE',  ( -1.000000000000000000, -0.0000000000000000000, -0.0000000000000000000 ) ) ;
#3779 = CARTESIAN_POINT ( 'NONE',  ( 2.025000000000000800, -0.6500000000000012400, 3.423118842698616800 ) ) ;
#3780 = DIRECTION ( 'NONE',  ( -0.0000000000000000000, 0.7071067811865489100, 0.7071067811865462400 ) ) ;
#3781 = ORIENTED_EDGE ( 'NONE', *, *, #1751, .T. ) ;
#3782 = VECTOR ( 'NONE', #75, 1000.000000000000000 ) ;
#3783 = AXIS2_PLACEMENT_3D ( 'NONE', #1694, #715, #5665 ) ;
#3784 = SURFACE_STYLE_USAGE ( .BOTH. , #4058 ) ;
#3785 = CARTESIAN_POINT ( 'NONE',  ( 2.660000000000000100, 2.649999999999999500, 1.225000000000001900 ) ) ;
#3786 = ORIENTED_EDGE ( 'NONE', *, *, #6497, .F. ) ;
#3787 = FILL_AREA_STYLE_COLOUR ( '', #6273 ) ;
#3788 = ADVANCED_FACE ( 'NONE', ( #5031 ), #2542, .F. ) ;
#3789 = DIRECTION ( 'NONE',  ( 1.000000000000000000, -0.0000000000000000000, -0.0000000000000000000 ) ) ;
#3790 = VECTOR ( 'NONE', #6415, 1000.000000000000000 ) ;
#3791 = EDGE_CURVE ( 'NONE', #4384, #2674, #2418, .T. ) ;
#3792 = FACE_OUTER_BOUND ( 'NONE', #5339, .T. ) ;
#3793 = FILL_AREA_STYLE ('',( #3838 ) ) ;
#3794 = ORIENTED_EDGE ( 'NONE', *, *, #10542, .F. ) ;
#3795 = FILL_AREA_STYLE_COLOUR ( '', #9034 ) ;
#3796 =( GEOMETRIC_REPRESENTATION_CONTEXT ( 3 ) GLOBAL_UNCERTAINTY_ASSIGNED_CONTEXT ( ( #6759 ) ) GLOBAL_UNIT_ASSIGNED_CONTEXT ( ( #1204, #1160, #1218 ) ) REPRESENTATION_CONTEXT ( 'NONE', 'WORKASPACE' ) );
#3797 = ADVANCED_FACE ( 'NONE', ( #10123 ), #2965, .F. ) ;
#3798 = CARTESIAN_POINT ( 'NONE',  ( 5.700000000000001100, -0.8999999999999991300, 0.2500000000000001100 ) ) ;
#3799 = SURFACE_SIDE_STYLE ('',( #6089 ) ) ;
#3800 = DIRECTION ( 'NONE',  ( 0.0000000000000000000, -1.000000000000000000, 0.0000000000000000000 ) ) ;
#3801 = VECTOR ( 'NONE', #2234, 1000.000000000000000 ) ;
#3802 = DIRECTION ( 'NONE',  ( 1.000000000000000000, 0.0000000000000000000, -5.421010862427526500E-017 ) ) ;
#3803 = EDGE_CURVE ( 'NONE', #704, #6701, #7281, .T. ) ;
#3804 = PLANE ( 'NONE',  #758 ) ;
#3805 = VERTEX_POINT ( 'NONE', #1698 ) ;
#3806 = AXIS2_PLACEMENT_3D ( 'NONE', #5026, #4989, #4948 ) ;
#3807 =( LENGTH_UNIT ( ) NAMED_UNIT ( * ) SI_UNIT ( .MILLI., .METRE. ) );
#3808 = CARTESIAN_POINT ( 'NONE',  ( -3.400000000000002100, 0.8500000000000000900, 0.5999999999999966500 ) ) ;
#3809 = SURFACE_STYLE_USAGE ( .BOTH. , #9583 ) ;
#3810 = ORIENTED_EDGE ( 'NONE', *, *, #8088, .T. ) ;
#3811 = VECTOR ( 'NONE', #6236, 1000.000000000000000 ) ;
#3812 = CARTESIAN_POINT ( 'NONE',  ( 0.1599999999999999800, 2.299999999999999400, 0.2000000000000025400 ) ) ;
#3813 = EDGE_LOOP ( 'NONE', ( #12487, #7316, #2620, #10921 ) ) ;
#3814 = DIRECTION ( 'NONE',  ( 1.586637325588544600E-016, 0.0000000000000000000, -1.000000000000000000 ) ) ;
#3815 = SURFACE_STYLE_FILL_AREA ( #54 ) ;
#3816 = DIRECTION ( 'NONE',  ( -1.000000000000000000, 0.0000000000000000000, -0.0000000000000000000 ) ) ;
#3817 = AXIS2_PLACEMENT_3D ( 'NONE', #3251, #204, #8020 ) ;
#3818 = CARTESIAN_POINT ( 'NONE',  ( -1.090000000000000100, 2.799999999999999400, 0.5000000000000017800 ) ) ;
#3819 = EDGE_CURVE ( 'NONE', #6592, #5581, #12349, .T. ) ;
#3820 = ORIENTED_EDGE ( 'NONE', *, *, #4927, .T. ) ;
#3821 = VERTEX_POINT ( 'NONE', #1437 ) ;
#3822 = CARTESIAN_POINT ( 'NONE',  ( -1.090000000000000100, 1.500000000000000000, 1.699999999999998800 ) ) ;
#3823 = CARTESIAN_POINT ( 'NONE',  ( -4.000000000000000000, 1.500000000000000400, 2.899999999999997700 ) ) ;
#3824 = VECTOR ( 'NONE', #1183, 1000.000000000000000 ) ;
#3825 = CARTESIAN_POINT ( 'NONE',  ( -2.660000000000000100, 2.799999999999999400, 0.5000000000000017800 ) ) ;
#3826 = CARTESIAN_POINT ( 'NONE',  ( 1.089999999999999900, 1.500000000000000000, 1.699999999999998800 ) ) ;
#3827 = EDGE_CURVE ( 'NONE', #6034, #6433, #2102, .T. ) ;
#3828 = MECHANICAL_DESIGN_GEOMETRIC_PRESENTATION_REPRESENTATION (  '', ( #1812 ), #4479 ) ;
#3829 = ORIENTED_EDGE ( 'NONE', *, *, #2655, .F. ) ;
#3830 = VECTOR ( 'NONE', #7844, 1000.000000000000000 ) ;
#3831 = ORIENTED_EDGE ( 'NONE', *, *, #3226, .T. ) ;
#3832 = UNCERTAINTY_MEASURE_WITH_UNIT (LENGTH_MEASURE( 1.000000000000000100E-005 ), #5242, 'distance_accuracy_value', 'NONE');
#3833 = ORIENTED_EDGE ( 'NONE', *, *, #8405, .T. ) ;
#3834 = LINE ( 'NONE', #901, #248 ) ;
#3835 = ORIENTED_EDGE ( 'NONE', *, *, #4879, .F. ) ;
#3836 = MECHANICAL_DESIGN_GEOMETRIC_PRESENTATION_REPRESENTATION (  '', ( #1820 ), #4484 ) ;
#3837 = VECTOR ( 'NONE', #10057, 1000.000000000000000 ) ;
#3838 = FILL_AREA_STYLE_COLOUR ( '', #1263 ) ;
#3839 = PRESENTATION_STYLE_ASSIGNMENT (( #823 ) ) ;
#3841 = ORIENTED_EDGE ( 'NONE', *, *, #4218, .T. ) ;
#3840 = LINE ( 'NONE', #2445, #1495 ) ;
#3842 = AXIS2_PLACEMENT_3D ( 'NONE', #6673, #809, #7644 ) ;
#3843 = CIRCLE ( 'NONE', #12474, 0.1500000000000001900 ) ;
#3844 = DIRECTION ( 'NONE',  ( -1.000000000000000000, -0.0000000000000000000, -0.0000000000000000000 ) ) ;
#3845 = FILL_AREA_STYLE_COLOUR ( '', #7434 ) ;
#3846 = ORIENTED_EDGE ( 'NONE', *, *, #5122, .F. ) ;
#3847 = EDGE_LOOP ( 'NONE', ( #5254, #4284, #4757, #3185 ) ) ;
#3848 = ORIENTED_EDGE ( 'NONE', *, *, #7931, .T. ) ;
#3849 = CARTESIAN_POINT ( 'NONE',  ( -3.700000000000002000, -2.100000000000000100, 1.399999999999996800 ) ) ;
#3850 =( LENGTH_UNIT ( ) NAMED_UNIT ( * ) SI_UNIT ( .MILLI., .METRE. ) );
#3851 = FACE_OUTER_BOUND ( 'NONE', #9735, .T. ) ;
#3852 = CARTESIAN_POINT ( 'NONE',  ( 0.05000000000000012800, -1.400000000000000100, 1.124999999999998900 ) ) ;
#3853 = VECTOR ( 'NONE', #126, 1000.000000000000000 ) ;
#3854 = ORIENTED_EDGE ( 'NONE', *, *, #3013, .T. ) ;
#3855 = PRESENTATION_LAYER_ASSIGNMENT (  '', '', ( #2522 ) ) ;
#3856 = CARTESIAN_POINT ( 'NONE',  ( -2.425000000000000700, -0.6500000000000002400, 0.1999999999999995100 ) ) ;
#3857 = ORIENTED_EDGE ( 'NONE', *, *, #1255, .T. ) ;
#3858 = DIRECTION ( 'NONE',  ( 0.0000000000000000000, 1.000000000000000000, 3.738628180984497600E-017 ) ) ;
#3859 = CARTESIAN_POINT ( 'NONE',  ( -0.1599999999999999800, 3.099999999999999600, 0.2000000000000018700 ) ) ;
#3860 = VECTOR ( 'NONE', #2092, 1000.000000000000000 ) ;
#3861 = ORIENTED_EDGE ( 'NONE', *, *, #3577, .F. ) ;
#3862 = DIRECTION ( 'NONE',  ( -0.0000000000000000000, 0.0000000000000000000, -1.000000000000000000 ) ) ;
#3863 =( NAMED_UNIT ( * ) SI_UNIT ( $, .STERADIAN. ) SOLID_ANGLE_UNIT ( ) );
#3864 = ADVANCED_FACE ( 'NONE', ( #4416 ), #1254, .F. ) ;
#3865 = EDGE_LOOP ( 'NONE', ( #8422, #3617, #10540, #4347 ) ) ;
#3866 = ORIENTED_EDGE ( 'NONE', *, *, #2376, .T. ) ;
#3867 = CARTESIAN_POINT ( 'NONE',  ( 0.1599999999999999800, 1.500000000000000000, 1.699999999999998800 ) ) ;
#3868 = VECTOR ( 'NONE', #10965, 1000.000000000000000 ) ;
#3869 = EDGE_CURVE ( 'NONE', #1981, #6762, #9831, .T. ) ;
#3870 =( LENGTH_UNIT ( ) NAMED_UNIT ( * ) SI_UNIT ( .MILLI., .METRE. ) );
#3871 = CARTESIAN_POINT ( 'NONE',  ( 0.1600000000000000300, 1.500000000000000000, 1.774999999999999700 ) ) ;
#3872 = PRESENTATION_STYLE_ASSIGNMENT (( #12373 ) ) ;
#3873 = ORIENTED_EDGE ( 'NONE', *, *, #4610, .F. ) ;
#3874 = EDGE_CURVE ( 'NONE', #8393, #2532, #9534, .T. ) ;
#3875 = DIRECTION ( 'NONE',  ( -0.0000000000000000000, 1.000000000000000000, 0.0000000000000000000 ) ) ;
#3876 = MECHANICAL_DESIGN_GEOMETRIC_PRESENTATION_REPRESENTATION (  '', ( #1858 ), #4527 ) ;
#3877 = ORIENTED_EDGE ( 'NONE', *, *, #11863, .T. ) ;
#3878 = LINE ( 'NONE', #6304, #1211 ) ;
#3879 = EDGE_LOOP ( 'NONE', ( #742, #5976, #1268, #1125 ) ) ;
#3880 = LINE ( 'NONE', #12189, #1215 ) ;
#3881 = PLANE ( 'NONE',  #8972 ) ;
#3882 = EDGE_LOOP ( 'NONE', ( #12491, #934, #10389, #2117 ) ) ;
#3883 = ORIENTED_EDGE ( 'NONE', *, *, #11830, .T. ) ;
#3884 = EDGE_CURVE ( 'NONE', #4370, #10932, #1772, .T. ) ;
#3885 =( NAMED_UNIT ( * ) SI_UNIT ( $, .STERADIAN. ) SOLID_ANGLE_UNIT ( ) );
#3886 = CARTESIAN_POINT ( 'NONE',  ( -2.660000000000000100, 0.8500000000000000900, 1.700000000000000000 ) ) ;
#3887 = CIRCLE ( 'NONE', #3661, 0.1999999999999998700 ) ;
#3888 = SURFACE_SIDE_STYLE ('',( #1838 ) ) ;
#3889 = ORIENTED_EDGE ( 'NONE', *, *, #3219, .F. ) ;
#3890 = CARTESIAN_POINT ( 'NONE',  ( -4.570000000000002900, 0.9949999999999981100, 0.3949999999999972400 ) ) ;
#3891 = SURFACE_STYLE_FILL_AREA ( #10819 ) ;
#3892 = VERTEX_POINT ( 'NONE', #539 ) ;
#3893 = STYLED_ITEM ( 'NONE', ( #2992 ), #1692 ) ;
#3894 = CARTESIAN_POINT ( 'NONE',  ( -2.660000000000000100, 1.500000000000000000, 0.8750000000000017800 ) ) ;
#3895 = ORIENTED_EDGE ( 'NONE', *, *, #5845, .T. ) ;
#3896 = EDGE_CURVE ( 'NONE', #4586, #573, #11444, .T. ) ;
#3898 = ORIENTED_EDGE ( 'NONE', *, *, #5810, .T. ) ;
#3897 = CARTESIAN_POINT ( 'NONE',  ( -3.100000000000001400, -0.8000000000000006000, 2.999999999999996400 ) ) ;
#3899 = CARTESIAN_POINT ( 'NONE',  ( 1.724999999999999600, -0.6500000000000012400, 0.1999999999999982600 ) ) ;
#3900 =( LENGTH_UNIT ( ) NAMED_UNIT ( * ) SI_UNIT ( .MILLI., .METRE. ) );
#3901 = LINE ( 'NONE', #10881, #6475 ) ;
#3902 = CARTESIAN_POINT ( 'NONE',  ( 1.409999999999999700, 2.900000000000000400, 1.788933584601082300E-015 ) ) ;
#3903 = FACE_BOUND ( 'NONE', #12454, .T. ) ;
#3904 = DIRECTION ( 'NONE',  ( -1.000000000000000000, -0.0000000000000000000, 3.049318610115479700E-016 ) ) ;
#3905 = EDGE_CURVE ( 'NONE', #5675, #2375, #1470, .T. ) ;
#3906 = EDGE_CURVE ( 'NONE', #1528, #3538, #6391, .T. ) ;
#3907 =( NAMED_UNIT ( * ) PLANE_ANGLE_UNIT ( ) SI_UNIT ( $, .RADIAN. ) );
#3908 = VECTOR ( 'NONE', #7670, 1000.000000000000000 ) ;
#3909 = UNCERTAINTY_MEASURE_WITH_UNIT (LENGTH_MEASURE( 1.000000000000000100E-005 ), #681, 'distance_accuracy_value', 'NONE');
#3910 = AXIS2_PLACEMENT_3D ( 'NONE', #11132, #10974, #10960 ) ;
#3911 = ORIENTED_EDGE ( 'NONE', *, *, #1069, .T. ) ;
#3912 =( LENGTH_UNIT ( ) NAMED_UNIT ( * ) SI_UNIT ( .MILLI., .METRE. ) );
#3913 = VERTEX_POINT ( 'NONE', #190 ) ;
#3914 = DIRECTION ( 'NONE',  ( 0.0000000000000000000, 0.0000000000000000000, -1.000000000000000000 ) ) ;
#3915 =( NAMED_UNIT ( * ) PLANE_ANGLE_UNIT ( ) SI_UNIT ( $, .RADIAN. ) );
#3916 = VECTOR ( 'NONE', #1387, 1000.000000000000000 ) ;
#3917 =( NAMED_UNIT ( * ) SI_UNIT ( $, .STERADIAN. ) SOLID_ANGLE_UNIT ( ) );
#3918 = AXIS2_PLACEMENT_3D ( 'NONE', #1748, #8580, #2763 ) ;
#3919 = ORIENTED_EDGE ( 'NONE', *, *, #7120, .T. ) ;
#3920 = AXIS2_PLACEMENT_3D ( 'NONE', #8361, #4413, #4400 ) ;
#3921 =( NAMED_UNIT ( * ) SI_UNIT ( $, .STERADIAN. ) SOLID_ANGLE_UNIT ( ) );
#3922 = CARTESIAN_POINT ( 'NONE',  ( -1.195453070287812600, -1.379332137671877000, 1.532233751814841200 ) ) ;
#3923 = LINE ( 'NONE', #3119, #11248 ) ;
#3924 = ADVANCED_FACE ( 'NONE', ( #11148 ), #465, .F. ) ;
#3926 = VECTOR ( 'NONE', #6781, 1000.000000000000000 ) ;
#3925 = CARTESIAN_POINT ( 'NONE',  ( 1.409999999999999700, 3.099999999999999600, 0.2000000000000018700 ) ) ;
#3927 = PRESENTATION_LAYER_ASSIGNMENT (  '', '', ( #3260 ) ) ;
#3928 = CARTESIAN_POINT ( 'NONE',  ( -1.090000000000000100, 0.8500000000000000900, 0.9499999999999998400 ) ) ;
#3929 = DIRECTION ( 'NONE',  ( -1.000000000000000000, -0.0000000000000000000, -0.0000000000000000000 ) ) ;
#3930 = DIRECTION ( 'NONE',  ( 1.000000000000000000, 0.0000000000000000000, 0.0000000000000000000 ) ) ;
#3931 = STYLED_ITEM ( 'NONE', ( #3038 ), #10838 ) ;
#3932 = ORIENTED_EDGE ( 'NONE', *, *, #298, .F. ) ;
#3933 = DIRECTION ( 'NONE',  ( 0.7071067811865483500, -0.7071067811865468000, 1.121922012207349400E-016 ) ) ;
#3934 = FACE_OUTER_BOUND ( 'NONE', #6545, .T. ) ;
#3935 = VERTEX_POINT ( 'NONE', #147 ) ;
#3936 = PLANE ( 'NONE',  #1301 ) ;
#3937 = CARTESIAN_POINT ( 'NONE',  ( -2.660000000000000100, 3.099999999999999600, 0.5000000000000017800 ) ) ;
#3938 = DIRECTION ( 'NONE',  ( -0.0000000000000000000, -0.0000000000000000000, 1.000000000000000000 ) ) ;
#3939 = EDGE_CURVE ( 'NONE', #12102, #10223, #222, .T. ) ;
#3940 = DIRECTION ( 'NONE',  ( 1.000000000000000000, 0.0000000000000000000, -0.0000000000000000000 ) ) ;
#3941 =( NAMED_UNIT ( * ) SI_UNIT ( $, .STERADIAN. ) SOLID_ANGLE_UNIT ( ) );
#3942 = VERTEX_POINT ( 'NONE', #8873 ) ;
#3943 = EDGE_LOOP ( 'NONE', ( #2260, #189, #5833, #6426 ) ) ;
#3944 = LINE ( 'NONE', #7875, #9360 ) ;
#3945 = VECTOR ( 'NONE', #4862, 1000.000000000000100 ) ;
#3946 = FILL_AREA_STYLE_COLOUR ( '', #6828 ) ;
#3947 = DIRECTION ( 'NONE',  ( -1.000000000000000000, -0.0000000000000000000, -0.0000000000000000000 ) ) ;
#3948 = DIRECTION ( 'NONE',  ( 1.000000000000000000, 0.0000000000000000000, 0.0000000000000000000 ) ) ;
#3949 = ORIENTED_EDGE ( 'NONE', *, *, #5130, .F. ) ;
#3950 = VECTOR ( 'NONE', #5200, 1000.000000000000000 ) ;
#3951 = VECTOR ( 'NONE', #2476, 1000.000000000000000 ) ;
#3952 = CYLINDRICAL_SURFACE ( 'NONE', #9149, 0.4499999999999998400 ) ;
#3953 = CARTESIAN_POINT ( 'NONE',  ( -2.660000000000000100, 2.000000000000000000, 0.8749999999999998900 ) ) ;
#3954 = AXIS2_PLACEMENT_3D ( 'NONE', #3593, #4654, #4705 ) ;
#3955 = ORIENTED_EDGE ( 'NONE', *, *, #289, .T. ) ;
#3956 = FILL_AREA_STYLE ('',( #1043 ) ) ;
#3957 = EDGE_CURVE ( 'NONE', #1143, #1335, #7727, .T. ) ;
#3958 = CARTESIAN_POINT ( 'NONE',  ( 3.100000000000001000, -0.5000000000000003300, 2.999999999999997300 ) ) ;
#3959 = CARTESIAN_POINT ( 'NONE',  ( 2.249999999999999100, 2.100000000000000100, 2.899999999999997700 ) ) ;
#3960 = LINE ( 'NONE', #11535, #11295 ) ;
#3961 = PRESENTATION_STYLE_ASSIGNMENT (( #2683 ) ) ;
#3962 =( NAMED_UNIT ( * ) PLANE_ANGLE_UNIT ( ) SI_UNIT ( $, .RADIAN. ) );
#3963 = FACE_OUTER_BOUND ( 'NONE', #577, .T. ) ;
#3964 = ORIENTED_EDGE ( 'NONE', *, *, #824, .F. ) ;
#3965 =( NAMED_UNIT ( * ) SI_UNIT ( $, .STERADIAN. ) SOLID_ANGLE_UNIT ( ) );
#3966 = EDGE_LOOP ( 'NONE', ( #5997, #6687, #2069, #3000 ) ) ;
#3967 = UNCERTAINTY_MEASURE_WITH_UNIT (LENGTH_MEASURE( 1.000000000000000100E-005 ), #1223, 'distance_accuracy_value', 'NONE');
#3968 = EDGE_CURVE ( 'NONE', #11502, #9962, #2561, .T. ) ;
#3969 = VECTOR ( 'NONE', #3930, 1000.000000000000000 ) ;
#3970 = EDGE_CURVE ( 'NONE', #11054, #11000, #12482, .T. ) ;
#3971 = DIRECTION ( 'NONE',  ( 0.0000000000000000000, 1.000000000000000000, 0.0000000000000000000 ) ) ;
#3972 = PLANE ( 'NONE',  #3920 ) ;
#3973 = ORIENTED_EDGE ( 'NONE', *, *, #9810, .T. ) ;
#3974 = MECHANICAL_DESIGN_GEOMETRIC_PRESENTATION_REPRESENTATION (  '', ( #1965 ), #4635 ) ;
#3975 = CARTESIAN_POINT ( 'NONE',  ( 2.249999999999999100, 2.100000000000000100, 2.899999999999997700 ) ) ;
#3976 = ORIENTED_EDGE ( 'NONE', *, *, #11327, .F. ) ;
#3977 = VECTOR ( 'NONE', #946, 1000.000000000000000 ) ;
#3978 = ORIENTED_EDGE ( 'NONE', *, *, #3113, .F. ) ;
#3979 = COLOUR_RGB ( '',0.8000000000000000400, 0.8078431372549019800, 0.8000000000000000400 ) ;
#3980 = CARTESIAN_POINT ( 'NONE',  ( 4.995000000000001900, -1.100000000000000500, 1.255000000000000100 ) ) ;
#3981 = LINE ( 'NONE', #8772, #1327 ) ;
#3982 = LINE ( 'NONE', #652, #1328 ) ;
#3983 =( GEOMETRIC_REPRESENTATION_CONTEXT ( 3 ) GLOBAL_UNCERTAINTY_ASSIGNED_CONTEXT ( ( #7767 ) ) GLOBAL_UNIT_ASSIGNED_CONTEXT ( ( #2387, #2284, #2259 ) ) REPRESENTATION_CONTEXT ( 'NONE', 'WORKASPACE' ) );
#3984 = DIRECTION ( 'NONE',  ( 3.051828337366604500E-016, -0.0000000000000000000, 1.000000000000000000 ) ) ;
#3985 = EDGE_CURVE ( 'NONE', #760, #9041, #10261, .T. ) ;
#3986 = VERTEX_POINT ( 'NONE', #11688 ) ;
#3987 = ADVANCED_FACE ( 'NONE', ( #2256 ), #11556, .F. ) ;
#3988 = UNCERTAINTY_MEASURE_WITH_UNIT (LENGTH_MEASURE( 1.000000000000000100E-005 ), #10148, 'distance_accuracy_value', 'NONE');
#3989 = VERTEX_POINT ( 'NONE', #11600 ) ;
#3990 = DIRECTION ( 'NONE',  ( 3.051828337366604500E-016, 0.0000000000000000000, 1.000000000000000000 ) ) ;
#3991 = ORIENTED_EDGE ( 'NONE', *, *, #1284, .T. ) ;
#3992 = VECTOR ( 'NONE', #9503, 1000.000000000000000 ) ;
#3993 = EDGE_LOOP ( 'NONE', ( #7429, #9009, #5961, #1500 ) ) ;
#3994 = PLANE ( 'NONE',  #2014 ) ;
#3995 = CARTESIAN_POINT ( 'NONE',  ( 0.1600000000000000300, 1.500000000000000000, 1.774999999999999700 ) ) ;
#3996 = EDGE_CURVE ( 'NONE', #4359, #2322, #7119, .T. ) ;
#3997 = SURFACE_STYLE_FILL_AREA ( #9932 ) ;
#3998 =( GEOMETRIC_REPRESENTATION_CONTEXT ( 3 ) GLOBAL_UNCERTAINTY_ASSIGNED_CONTEXT ( ( #3988 ) ) GLOBAL_UNIT_ASSIGNED_CONTEXT ( ( #10148, #10104, #9766 ) ) REPRESENTATION_CONTEXT ( 'NONE', 'WORKASPACE' ) );
#3999 = LINE ( 'NONE', #1549, #1650 ) ;
#4001 = EDGE_LOOP ( 'NONE', ( #955, #8191, #1649, #4772, #6846, #7770 ) ) ;
#4000 = LINE ( 'NONE', #11047, #8811 ) ;
#4002 = CARTESIAN_POINT ( 'NONE',  ( -2.339999999999999900, -1.400000000000000100, 0.9499999999999981800 ) ) ;
#4003 = VECTOR ( 'NONE', #8019, 1000.000000000000000 ) ;
#4004 = ADVANCED_FACE ( 'NONE', ( #9676 ), #1277, .F. ) ;
#4005 = VERTEX_POINT ( 'NONE', #740 ) ;
#4006 = VECTOR ( 'NONE', #9045, 1000.000000000000000 ) ;
#4007 = DIRECTION ( 'NONE',  ( 0.0000000000000000000, 0.0000000000000000000, -1.000000000000000000 ) ) ;
#4008 = DIRECTION ( 'NONE',  ( -1.000000000000000000, -0.0000000000000000000, -0.0000000000000000000 ) ) ;
#4009 = LINE ( 'NONE', #1880, #1356 ) ;
#4010 =( NAMED_UNIT ( * ) PLANE_ANGLE_UNIT ( ) SI_UNIT ( $, .RADIAN. ) );
#4011 = VERTEX_POINT ( 'NONE', #6527 ) ;
#4012 = DIRECTION ( 'NONE',  ( -1.000000000000000000, -0.0000000000000000000, -0.0000000000000000000 ) ) ;
#4013 =( NAMED_UNIT ( * ) SI_UNIT ( $, .STERADIAN. ) SOLID_ANGLE_UNIT ( ) );
#4014 = CARTESIAN_POINT ( 'NONE',  ( -2.339999999999999900, 2.499999999999999600, 1.734723475976807100E-015 ) ) ;
#4015 = EDGE_CURVE ( 'NONE', #9227, #10583, #999, .T. ) ;
#4016 = LINE ( 'NONE', #1953, #3716 ) ;
#4017 = EDGE_LOOP ( 'NONE', ( #905, #5709, #4412, #3841 ) ) ;
#4018 = ORIENTED_EDGE ( 'NONE', *, *, #7731, .T. ) ;
#4019 = DIRECTION ( 'NONE',  ( -1.000000000000000000, 0.0000000000000000000, 3.051828337366604500E-016 ) ) ;
#4020 = EDGE_LOOP ( 'NONE', ( #10515, #9189, #11351, #3590 ) ) ;
#4021 = VECTOR ( 'NONE', #4831, 1000.000000000000000 ) ;
#4022 = STYLED_ITEM ( 'NONE', ( #7187 ), #11085 ) ;
#4023 = VERTEX_POINT ( 'NONE', #2312 ) ;
#4024 = VECTOR ( 'NONE', #4283, 1000.000000000000000 ) ;
#4025 = SURFACE_SIDE_STYLE ('',( #4476 ) ) ;
#4026 = LINE ( 'NONE', #9530, #1379 ) ;
#4027 = FILL_AREA_STYLE_COLOUR ( '', #5651 ) ;
#4028 = DIRECTION ( 'NONE',  ( 0.0000000000000000000, -0.0000000000000000000, -1.000000000000000000 ) ) ;
#4029 = ORIENTED_EDGE ( 'NONE', *, *, #5886, .F. ) ;
#4030 = DIRECTION ( 'NONE',  ( 0.0000000000000000000, 0.0000000000000000000, -1.000000000000000000 ) ) ;
#4031 = VECTOR ( 'NONE', #6643, 1000.000000000000000 ) ;
#4032 = EDGE_CURVE ( 'NONE', #4384, #5899, #8480, .T. ) ;
#4033 = PLANE ( 'NONE',  #12003 ) ;
#4034 = LINE ( 'NONE', #7653, #6611 ) ;
#4035 = CARTESIAN_POINT ( 'NONE',  ( -5.364999999999996700, 0.2000000000000022600, 1.929999999999999900 ) ) ;
#4036 = LINE ( 'NONE', #3953, #11370 ) ;
#4037 = CARTESIAN_POINT ( 'NONE',  ( 2.660000000000000100, 2.299999999999999400, 0.2000000000000025400 ) ) ;
#4038 = VECTOR ( 'NONE', #11933, 1000.000000000000000 ) ;
#4039 = EDGE_CURVE ( 'NONE', #4832, #9229, #3332, .T. ) ;
#4040 =( NAMED_UNIT ( * ) PLANE_ANGLE_UNIT ( ) SI_UNIT ( $, .RADIAN. ) );
#4041 = ORIENTED_EDGE ( 'NONE', *, *, #7205, .F. ) ;
#4042 = AXIS2_PLACEMENT_3D ( 'NONE', #4740, #11410, #5713 ) ;
#4043 = ORIENTED_EDGE ( 'NONE', *, *, #2555, .F. ) ;
#4044 = PRESENTATION_STYLE_ASSIGNMENT (( #4437 ) ) ;
#4045 = LINE ( 'NONE', #8748, #8867 ) ;
#4046 = DIRECTION ( 'NONE',  ( 0.0000000000000000000, -0.0000000000000000000, -1.000000000000000000 ) ) ;
#4047 = EDGE_CURVE ( 'NONE', #8707, #240, #10981, .T. ) ;
#4048 = ORIENTED_EDGE ( 'NONE', *, *, #3970, .T. ) ;
#4049 = ADVANCED_FACE ( 'NONE', ( #10702 ), #12562, .F. ) ;
#4050 =( NAMED_UNIT ( * ) SI_UNIT ( $, .STERADIAN. ) SOLID_ANGLE_UNIT ( ) );
#4051 = AXIS2_PLACEMENT_3D ( 'NONE', #10713, #10437, #10387 ) ;
#4052 = ORIENTED_EDGE ( 'NONE', *, *, #8638, .T. ) ;
#4053 = DIRECTION ( 'NONE',  ( 1.000000000000000000, 0.0000000000000000000, 0.0000000000000000000 ) ) ;
#4054 = DIRECTION ( 'NONE',  ( 0.0000000000000000000, -1.000000000000000000, 0.0000000000000000000 ) ) ;
#4055 = CARTESIAN_POINT ( 'NONE',  ( -2.750000000000001300, 1.500000000000000400, 2.899999999999997700 ) ) ;
#4056 = COLOUR_RGB ( '',0.8000000000000000400, 0.8078431372549019800, 0.8000000000000000400 ) ;
#4057 = DIRECTION ( 'NONE',  ( -1.000000000000000000, -0.0000000000000000000, -0.0000000000000000000 ) ) ;
#4058 = SURFACE_SIDE_STYLE ('',( #8304 ) ) ;
#4059 = UNCERTAINTY_MEASURE_WITH_UNIT (LENGTH_MEASURE( 1.000000000000000100E-005 ), #3070, 'distance_accuracy_value', 'NONE');
#4060 = EDGE_CURVE ( 'NONE', #4564, #2576, #3016, .T. ) ;
#4061 =( LENGTH_UNIT ( ) NAMED_UNIT ( * ) SI_UNIT ( .MILLI., .METRE. ) );
#4062 = DIRECTION ( 'NONE',  ( 0.0000000000000000000, -1.000000000000000000, 0.0000000000000000000 ) ) ;
#4063 = ORIENTED_EDGE ( 'NONE', *, *, #7911, .T. ) ;
#4064 = ORIENTED_EDGE ( 'NONE', *, *, #8460, .T. ) ;
#4065 = DIRECTION ( 'NONE',  ( 0.2033118901005207000, -0.9241449550023807000, -0.3234507342508306000 ) ) ;
#4066 = ADVANCED_FACE ( 'NONE', ( #5628 ), #4108, .F. ) ;
#4067 = CARTESIAN_POINT ( 'NONE',  ( -2.339999999999999900, 2.299999999999999400, 0.6750000000000020400 ) ) ;
#4068 = EDGE_CURVE ( 'NONE', #9608, #7336, #10411, .T. ) ;
#4069 = EDGE_CURVE ( 'NONE', #8215, #1244, #7873, .T. ) ;
#4070 =( NAMED_UNIT ( * ) SI_UNIT ( $, .STERADIAN. ) SOLID_ANGLE_UNIT ( ) );
#4071 = AXIS2_PLACEMENT_3D ( 'NONE', #6627, #6610, #6584 ) ;
#4072 = LINE ( 'NONE', #11737, #8883 ) ;
#4073 = DIRECTION ( 'NONE',  ( -3.049318610115481200E-016, -0.0000000000000000000, -1.000000000000000000 ) ) ;
#4074 = ORIENTED_EDGE ( 'NONE', *, *, #9460, .F. ) ;
#4075 = DIRECTION ( 'NONE',  ( -0.0000000000000000000, 1.000000000000000000, -0.0000000000000000000 ) ) ;
#4076 = CARTESIAN_POINT ( 'NONE',  ( 0.1599999999999999800, 1.500000000000000000, 1.699999999999998800 ) ) ;
#4077 = DIRECTION ( 'NONE',  ( -1.000000000000000000, -0.0000000000000000000, -0.0000000000000000000 ) ) ;
#4078 = VERTEX_POINT ( 'NONE', #8995 ) ;
#4079 = CARTESIAN_POINT ( 'NONE',  ( 0.1599999999999999800, 2.649999999999999500, 1.375000000000002000 ) ) ;
#4080 = FACE_OUTER_BOUND ( 'NONE', #11941, .T. ) ;
#4081 = PRESENTATION_LAYER_ASSIGNMENT (  '', '', ( #2747 ) ) ;
#4082 = DIRECTION ( 'NONE',  ( 0.7071067811865463500, 0.0000000000000000000, -0.7071067811865487900 ) ) ;
#4083 = LINE ( 'NONE', #471, #4695 ) ;
#4084 = VERTEX_POINT ( 'NONE', #9040 ) ;
#4085 = ORIENTED_EDGE ( 'NONE', *, *, #10869, .T. ) ;
#4086 = LINE ( 'NONE', #8576, #8616 ) ;
#4087 = DIRECTION ( 'NONE',  ( -1.000000000000000000, -2.409338161078900700E-016, 0.0000000000000000000 ) ) ;
#4088 = FACE_OUTER_BOUND ( 'NONE', #9245, .T. ) ;
#4089 = ORIENTED_EDGE ( 'NONE', *, *, #3495, .F. ) ;
#4090 = ORIENTED_EDGE ( 'NONE', *, *, #9186, .F. ) ;
#4091 = FILL_AREA_STYLE ('',( #109 ) ) ;
#4092 =( NAMED_UNIT ( * ) SI_UNIT ( $, .STERADIAN. ) SOLID_ANGLE_UNIT ( ) );
#4093 = VECTOR ( 'NONE', #6557, 1000.000000000000000 ) ;
#4094 = DIRECTION ( 'NONE',  ( 0.0000000000000000000, 1.000000000000000000, -4.336808689942017700E-016 ) ) ;
#4095 = EDGE_CURVE ( 'NONE', #9041, #208, #390, .T. ) ;
#4096 = CARTESIAN_POINT ( 'NONE',  ( -3.100000000000001400, -0.5000000000000003300, 3.299999999999996700 ) ) ;
#4097 = DIRECTION ( 'NONE',  ( 0.0000000000000000000, 0.0000000000000000000, 1.000000000000000000 ) ) ;
#4098 = LINE ( 'NONE', #7122, #3801 ) ;
#4099 = DIRECTION ( 'NONE',  ( 1.000000000000000000, 0.0000000000000000000, 0.0000000000000000000 ) ) ;
#4100 = ORIENTED_EDGE ( 'NONE', *, *, #11665, .T. ) ;
#4101 =( GEOMETRIC_REPRESENTATION_CONTEXT ( 3 ) GLOBAL_UNCERTAINTY_ASSIGNED_CONTEXT ( ( #8142 ) ) GLOBAL_UNIT_ASSIGNED_CONTEXT ( ( #2938, #9699, #3941 ) ) REPRESENTATION_CONTEXT ( 'NONE', 'WORKASPACE' ) );
#4102 = DIRECTION ( 'NONE',  ( 0.2033118901005207000, -0.9241449550023807000, -0.3234507342508306000 ) ) ;
#4103 = PRESENTATION_STYLE_ASSIGNMENT (( #3392 ) ) ;
#4104 = DIRECTION ( 'NONE',  ( 0.0000000000000000000, -0.7071067811865505700, 0.7071067811865444600 ) ) ;
#4105 =( NAMED_UNIT ( * ) PLANE_ANGLE_UNIT ( ) SI_UNIT ( $, .RADIAN. ) );
#4106 = LINE ( 'NONE', #3297, #8927 ) ;
#4107 = EDGE_LOOP ( 'NONE', ( #8784, #6044, #37, #1357 ) ) ;
#4108 = PLANE ( 'NONE',  #646 ) ;
#4109 = VECTOR ( 'NONE', #1411, 1000.000000000000000 ) ;
#4110 = EDGE_CURVE ( 'NONE', #9408, #5416, #699, .T. ) ;
#4111 = ORIENTED_EDGE ( 'NONE', *, *, #4702, .T. ) ;
#4112 = ORIENTED_EDGE ( 'NONE', *, *, #6243, .F. ) ;
#4113 = ADVANCED_FACE ( 'NONE', ( #10114 ), #9749, .F. ) ;
#4114 = PRESENTATION_STYLE_ASSIGNMENT (( #1606 ) ) ;
#4115 = FACE_OUTER_BOUND ( 'NONE', #10419, .T. ) ;
#4116 = COLOUR_RGB ( '',0.8000000000000000400, 0.8078431372549019800, 0.8000000000000000400 ) ;
#4117 = UNCERTAINTY_MEASURE_WITH_UNIT (LENGTH_MEASURE( 1.000000000000000100E-005 ), #3396, 'distance_accuracy_value', 'NONE');
#4118 = ORIENTED_EDGE ( 'NONE', *, *, #4432, .T. ) ;
#4119 = CARTESIAN_POINT ( 'NONE',  ( 3.100000000000001000, -1.100000000000000500, 3.299999999999996700 ) ) ;
#4120 =( LENGTH_UNIT ( ) NAMED_UNIT ( * ) SI_UNIT ( .MILLI., .METRE. ) );
#4121 = LINE ( 'NONE', #8046, #12064 ) ;
#4122 = AXIS2_PLACEMENT_3D ( 'NONE', #2338, #2252, #10736 ) ;
#4123 = SURFACE_STYLE_USAGE ( .BOTH. , #9888 ) ;
#4124 = ORIENTED_EDGE ( 'NONE', *, *, #2407, .T. ) ;
#4125 = EDGE_CURVE ( 'NONE', #3535, #11158, #2703, .T. ) ;
#4126 = DIRECTION ( 'NONE',  ( 1.000000000000000000, 0.0000000000000000000, -5.421010862427528100E-016 ) ) ;
#4127 = DIRECTION ( 'NONE',  ( 0.0000000000000000000, 0.0000000000000000000, -1.000000000000000000 ) ) ;
#4128 = ORIENTED_EDGE ( 'NONE', *, *, #952, .F. ) ;
#4129 = ORIENTED_EDGE ( 'NONE', *, *, #8149, .T. ) ;
#4130 = LINE ( 'NONE', #11965, #3837 ) ;
#4131 = FACE_OUTER_BOUND ( 'NONE', #11569, .T. ) ;
#4132 = EDGE_CURVE ( 'NONE', #6762, #4815, #12338, .T. ) ;
#4133 = FACE_OUTER_BOUND ( 'NONE', #6735, .T. ) ;
#4134 = EDGE_CURVE ( 'NONE', #12093, #5487, #9820, .T. ) ;
#4135 = CARTESIAN_POINT ( 'NONE',  ( -4.575000000000003700, -1.100000000000000500, 1.505000000000000300 ) ) ;
#4136 = CARTESIAN_POINT ( 'NONE',  ( 6.002498439450081800, 2.100000000000000100, 2.499999999999998700 ) ) ;
#4137 = VERTEX_POINT ( 'NONE', #10241 ) ;
#4138 = ORIENTED_EDGE ( 'NONE', *, *, #9337, .T. ) ;
#4139 = DIRECTION ( 'NONE',  ( -1.000000000000000000, 0.0000000000000000000, 0.0000000000000000000 ) ) ;
#4140 =( NAMED_UNIT ( * ) SI_UNIT ( $, .STERADIAN. ) SOLID_ANGLE_UNIT ( ) );
#4141 = VECTOR ( 'NONE', #11239, 1000.000000000000000 ) ;
#4142 = FACE_OUTER_BOUND ( 'NONE', #2368, .T. ) ;
#4143 = ORIENTED_EDGE ( 'NONE', *, *, #9753, .T. ) ;
#4144 =( LENGTH_UNIT ( ) NAMED_UNIT ( * ) SI_UNIT ( .MILLI., .METRE. ) );
#4145 = ORIENTED_EDGE ( 'NONE', *, *, #12542, .T. ) ;
#4146 = COLOUR_RGB ( '',0.8000000000000000400, 0.8078431372549019800, 0.8000000000000000400 ) ;
#4147 = DIRECTION ( 'NONE',  ( -0.0000000000000000000, 1.000000000000000000, -0.0000000000000000000 ) ) ;
#4148 = DIRECTION ( 'NONE',  ( 1.000000000000000000, 0.0000000000000000000, 0.0000000000000000000 ) ) ;
#4149 = EDGE_CURVE ( 'NONE', #6052, #5534, #4720, .T. ) ;
#4150 = VERTEX_POINT ( 'NONE', #9336 ) ;
#4151 = CARTESIAN_POINT ( 'NONE',  ( 1.103227431889999100, -0.9601246904090819900, 0.9710436416431782500 ) ) ;
#4152 = VERTEX_POINT ( 'NONE', #9875 ) ;
#4153 = PRESENTATION_STYLE_ASSIGNMENT (( #9954 ) ) ;
#4154 = PRESENTATION_STYLE_ASSIGNMENT (( #3433 ) ) ;
#4155 = ORIENTED_EDGE ( 'NONE', *, *, #6729, .F. ) ;
#4156 = AXIS2_PLACEMENT_3D ( 'NONE', #5143, #5175, #9942 ) ;
#4157 = LINE ( 'NONE', #1737, #11494 ) ;
#4158 = EDGE_LOOP ( 'NONE', ( #8251, #10735, #4029, #9651 ) ) ;
#4159 = ORIENTED_EDGE ( 'NONE', *, *, #298, .T. ) ;
#4160 = DIRECTION ( 'NONE',  ( 0.0000000000000000000, 3.336006684570786100E-016, -1.000000000000000000 ) ) ;
#4161 = ORIENTED_EDGE ( 'NONE', *, *, #9556, .F. ) ;
#4162 = SURFACE_STYLE_USAGE ( .BOTH. , #4175 ) ;
#4163 = CARTESIAN_POINT ( 'NONE',  ( 1.499999999999999100, 2.100000000000000100, 2.899999999999997700 ) ) ;
#4164 = COLOUR_RGB ( '',0.8000000000000000400, 0.8078431372549019800, 0.8000000000000000400 ) ;
#4165 = CARTESIAN_POINT ( 'NONE',  ( 4.475000000000001400, -1.200000000000000400, 1.229999999999997800 ) ) ;
#4166 = PLANE ( 'NONE',  #3334 ) ;
#4167 = EDGE_LOOP ( 'NONE', ( #9782, #8934, #11464, #6713 ) ) ;
#4168 = FACE_OUTER_BOUND ( 'NONE', #8678, .T. ) ;
#4169 = EDGE_CURVE ( 'NONE', #7161, #10570, #6969, .T. ) ;
#4170 = LINE ( 'NONE', #6487, #11504 ) ;
#4171 = FILL_AREA_STYLE ('',( #4246 ) ) ;
#4172 = ORIENTED_EDGE ( 'NONE', *, *, #7533, .T. ) ;
#4174 = ORIENTED_EDGE ( 'NONE', *, *, #9995, .T. ) ;
#4173 = DIRECTION ( 'NONE',  ( -0.0000000000000000000, 0.0000000000000000000, 1.000000000000000000 ) ) ;
#4175 = SURFACE_SIDE_STYLE ('',( #7932 ) ) ;
#4176 = PRESENTATION_LAYER_ASSIGNMENT (  '', '', ( #4840 ) ) ;
#4177 = ADVANCED_FACE ( 'NONE', ( #1763 ), #10110, .F. ) ;
#4178 = LINE ( 'NONE', #9005, #11514 ) ;
#4179 = CARTESIAN_POINT ( 'NONE',  ( 0.9999999999999986700, 1.500000000000000400, 2.899999999999997700 ) ) ;
#4180 = CARTESIAN_POINT ( 'NONE',  ( 1.199999999999999700, -1.400000000000000100, 1.699999999999998400 ) ) ;
#4181 =( LENGTH_UNIT ( ) NAMED_UNIT ( * ) SI_UNIT ( .MILLI., .METRE. ) );
#4182 = EDGE_LOOP ( 'NONE', ( #6973, #9722, #11706, #2199 ) ) ;
#4183 = SURFACE_SIDE_STYLE ('',( #3997 ) ) ;
#4184 = LINE ( 'NONE', #42, #11519 ) ;
#4185 = VERTEX_POINT ( 'NONE', #10817 ) ;
#4186 = ORIENTED_EDGE ( 'NONE', *, *, #5285, .F. ) ;
#4187 = SURFACE_STYLE_USAGE ( .BOTH. , #4319 ) ;
#4188 = ORIENTED_EDGE ( 'NONE', *, *, #3073, .T. ) ;
#4189 = CARTESIAN_POINT ( 'NONE',  ( 2.024999999999999900, -0.6500000000000012400, 0.1999999999999981800 ) ) ;
#4190 = CARTESIAN_POINT ( 'NONE',  ( 3.800000000000002000, 2.100000000000000100, -2.385244779468109800E-015 ) ) ;
#4191 = PLANE ( 'NONE',  #3954 ) ;
#4192 = DIRECTION ( 'NONE',  ( -0.0000000000000000000, -0.0000000000000000000, 1.000000000000000000 ) ) ;
#4193 = PLANE ( 'NONE',  #7243 ) ;
#4194 = VECTOR ( 'NONE', #7017, 1000.000000000000000 ) ;
#4195 = PLANE ( 'NONE',  #10254 ) ;
#4196 = FACE_BOUND ( 'NONE', #6135, .T. ) ;
#4197 = CARTESIAN_POINT ( 'NONE',  ( 3.100000000000001000, -0.5000000000000003300, 3.399999999999997700 ) ) ;
#4198 = DIRECTION ( 'NONE',  ( -1.000000000000000000, -0.0000000000000000000, -0.0000000000000000000 ) ) ;
#4199 = LINE ( 'NONE', #1815, #11530 ) ;
#4200 = ORIENTED_EDGE ( 'NONE', *, *, #5822, .F. ) ;
#4201 = ORIENTED_EDGE ( 'NONE', *, *, #12298, .F. ) ;
#4202 = MECHANICAL_DESIGN_GEOMETRIC_PRESENTATION_REPRESENTATION (  '', ( #2217 ), #4851 ) ;
#4203 = DIRECTION ( 'NONE',  ( -1.000000000000000000, 8.673617379884027600E-016, -0.0000000000000000000 ) ) ;
#4204 = DIRECTION ( 'NONE',  ( -0.0000000000000000000, 1.000000000000000000, -0.0000000000000000000 ) ) ;
#4205 = LINE ( 'NONE', #11281, #1569 ) ;
#4206 = FACE_OUTER_BOUND ( 'NONE', #1671, .T. ) ;
#4207 = CARTESIAN_POINT ( 'NONE',  ( 1.409999999999999700, 2.299999999999999400, 0.6750000000000020400 ) ) ;
#4208 = EDGE_CURVE ( 'NONE', #3772, #7886, #4535, .T. ) ;
#4209 = DIRECTION ( 'NONE',  ( -1.000000000000000000, 0.0000000000000000000, 1.586637325588544600E-016 ) ) ;
#4210 = DIRECTION ( 'NONE',  ( 0.0000000000000000000, 0.7071067811865460200, 0.7071067811865490200 ) ) ;
#4211 = ORIENTED_EDGE ( 'NONE', *, *, #11350, .F. ) ;
#4212 =( LENGTH_UNIT ( ) NAMED_UNIT ( * ) SI_UNIT ( .MILLI., .METRE. ) );
#4213 = CARTESIAN_POINT ( 'NONE',  ( 4.995000000000001900, -1.200000000000000400, 1.529999999999997600 ) ) ;
#4214 = VECTOR ( 'NONE', #301, 1000.000000000000000 ) ;
#4215 = AXIS2_PLACEMENT_3D ( 'NONE', #4222, #5548, #677 ) ;
#4216 = FACE_OUTER_BOUND ( 'NONE', #122, .T. ) ;
#4217 = VECTOR ( 'NONE', #10235, 1000.000000000000000 ) ;
#4218 = EDGE_CURVE ( 'NONE', #713, #10305, #6784, .T. ) ;
#4219 = SURFACE_STYLE_USAGE ( .BOTH. , #9960 ) ;
#4220 = FILL_AREA_STYLE_COLOUR ( '', #5394 ) ;
#4221 = PRESENTATION_LAYER_ASSIGNMENT (  '', '', ( #2891 ) ) ;
#4222 = CARTESIAN_POINT ( 'NONE',  ( 3.750000000000000000, 0.0000000000000000000, 2.899999999999997700 ) ) ;
#4223 = LINE ( 'NONE', #8753, #9038 ) ;
#4224 = CARTESIAN_POINT ( 'NONE',  ( 1.409999999999999700, -0.8999999999999958000, 0.9499999999999981800 ) ) ;
#4225 = EDGE_CURVE ( 'NONE', #9631, #5546, #11850, .T. ) ;
#4226 = CARTESIAN_POINT ( 'NONE',  ( 0.9999999999999986700, 1.500000000000000400, 2.899999999999997700 ) ) ;
#4227 = VERTEX_POINT ( 'NONE', #12275 ) ;
#4228 = CARTESIAN_POINT ( 'NONE',  ( 2.339999999999999900, 2.799999999999999800, 1.225000000000001900 ) ) ;
#4229 = VECTOR ( 'NONE', #7413, 1000.000000000000100 ) ;
#4230 = ORIENTED_EDGE ( 'NONE', *, *, #2177, .T. ) ;
#4231 = CARTESIAN_POINT ( 'NONE',  ( -2.339999999999999900, 2.000000000000000000, 1.775000000000001500 ) ) ;
#4232 =( LENGTH_UNIT ( ) NAMED_UNIT ( * ) SI_UNIT ( .MILLI., .METRE. ) );
#4233 = MECHANICAL_DESIGN_GEOMETRIC_PRESENTATION_REPRESENTATION (  '', ( #2253 ), #4888 ) ;
#4234 = DIRECTION ( 'NONE',  ( -0.0000000000000000000, -0.0000000000000000000, -1.000000000000000000 ) ) ;
#4235 = CARTESIAN_POINT ( 'NONE',  ( 4.475000000000001400, -1.100000000000000500, 1.155000000000000000 ) ) ;
#4236 = CARTESIAN_POINT ( 'NONE',  ( 2.339999999999999900, 0.8500000000000000900, 1.700000000000000000 ) ) ;
#4237 = CARTESIAN_POINT ( 'NONE',  ( -2.660000000000000100, 2.299999999999999400, 0.2000000000000025400 ) ) ;
#4238 = MECHANICAL_DESIGN_GEOMETRIC_PRESENTATION_REPRESENTATION (  '', ( #2258 ), #4896 ) ;
#4239 = ORIENTED_EDGE ( 'NONE', *, *, #10657, .F. ) ;
#4240 = LINE ( 'NONE', #10557, #1601 ) ;
#4241 = LINE ( 'NONE', #3897, #3945 ) ;
#4242 = ADVANCED_FACE ( 'NONE', ( #9036 ), #2480, .T. ) ;
#4243 = CARTESIAN_POINT ( 'NONE',  ( -4.000000000000000000, 2.100000000000000100, 2.899999999999997700 ) ) ;
#4244 = EDGE_LOOP ( 'NONE', ( #1675, #7035, #5081, #11027 ) ) ;
#4245 = CARTESIAN_POINT ( 'NONE',  ( -1.090000000000000100, -0.8999999999999958000, 0.9499999999999981800 ) ) ;
#4246 = FILL_AREA_STYLE_COLOUR ( '', #10818 ) ;
#4247 = CARTESIAN_POINT ( 'NONE',  ( -2.660000000000000100, 2.799999999999999800, 1.225000000000001900 ) ) ;
#4248 = DIRECTION ( 'NONE',  ( -1.000000000000000000, 0.0000000000000000000, -0.0000000000000000000 ) ) ;
#4249 = ORIENTED_EDGE ( 'NONE', *, *, #417, .T. ) ;
#4250 = FILL_AREA_STYLE ('',( #8089 ) ) ;
#4251 = MECHANICAL_DESIGN_GEOMETRIC_PRESENTATION_REPRESENTATION (  '', ( #2269 ), #4912 ) ;
#4252 = CARTESIAN_POINT ( 'NONE',  ( -4.000000000000000000, -2.100000000000000100, 3.399999999999996800 ) ) ;
#4253 = VECTOR ( 'NONE', #5051, 1000.000000000000000 ) ;
#4254 = DIRECTION ( 'NONE',  ( 0.0000000000000000000, -0.0000000000000000000, 1.000000000000000000 ) ) ;
#4255 = VECTOR ( 'NONE', #5475, 1000.000000000000000 ) ;
#4256 = FILL_AREA_STYLE_COLOUR ( '', #11430 ) ;
#4257 = FILL_AREA_STYLE ('',( #5330 ) ) ;
#4258 = ORIENTED_EDGE ( 'NONE', *, *, #11583, .F. ) ;
#4259 = EDGE_CURVE ( 'NONE', #4271, #1776, #1582, .T. ) ;
#4260 = VECTOR ( 'NONE', #2536, 1000.000000000000000 ) ;
#4261 = PRESENTATION_STYLE_ASSIGNMENT (( #5936 ) ) ;
#4262 = SURFACE_SIDE_STYLE ('',( #10451 ) ) ;
#4263 = PLANE ( 'NONE',  #5620 ) ;
#4264 = ORIENTED_EDGE ( 'NONE', *, *, #2660, .F. ) ;
#4265 = EDGE_CURVE ( 'NONE', #1564, #4691, #3923, .T. ) ;
#4266 = LINE ( 'NONE', #4489, #9391 ) ;
#4267 = CARTESIAN_POINT ( 'NONE',  ( 0.1600000000000000300, 1.500000000000000000, 0.8749999999999998900 ) ) ;
#4268 = PRESENTATION_LAYER_ASSIGNMENT (  '', '', ( #2953 ) ) ;
#4269 =( LENGTH_UNIT ( ) NAMED_UNIT ( * ) SI_UNIT ( .MILLI., .METRE. ) );
#4270 = DIRECTION ( 'NONE',  ( -6.195440985631453300E-016, 0.0000000000000000000, 1.000000000000000000 ) ) ;
#4271 = VERTEX_POINT ( 'NONE', #6983 ) ;
#4272 = LINE ( 'NONE', #2979, #9393 ) ;
#4273 = ORIENTED_EDGE ( 'NONE', *, *, #746, .T. ) ;
#4274 = DIRECTION ( 'NONE',  ( -0.0000000000000000000, -1.000000000000000000, -0.0000000000000000000 ) ) ;
#4275 = DIRECTION ( 'NONE',  ( 0.0000000000000000000, 0.0000000000000000000, -1.000000000000000000 ) ) ;
#4276 = LINE ( 'NONE', #320, #1633 ) ;
#4277 = DIRECTION ( 'NONE',  ( 0.0000000000000000000, 1.000000000000000000, 3.738628180984497600E-017 ) ) ;
#4278 = DIRECTION ( 'NONE',  ( 0.0000000000000000000, -1.000000000000000000, -1.495451272393799000E-016 ) ) ;
#4279 = UNCERTAINTY_MEASURE_WITH_UNIT (LENGTH_MEASURE( 1.000000000000000100E-005 ), #4120, 'distance_accuracy_value', 'NONE');
#4280 = EDGE_CURVE ( 'NONE', #8520, #1006, #6499, .T. ) ;
#4281 = FACE_OUTER_BOUND ( 'NONE', #6123, .T. ) ;
#4282 = ORIENTED_EDGE ( 'NONE', *, *, #10381, .T. ) ;
#4283 = DIRECTION ( 'NONE',  ( 0.0000000000000000000, 1.000000000000000000, 1.355252715606878600E-016 ) ) ;
#4284 = ORIENTED_EDGE ( 'NONE', *, *, #4392, .F. ) ;
#4285 = LINE ( 'NONE', #10412, #1644 ) ;
#4286 = ORIENTED_EDGE ( 'NONE', *, *, #7920, .F. ) ;
#4287 = CARTESIAN_POINT ( 'NONE',  ( 0.1599999999999999800, 1.500000000000000000, 0.8750000000000017800 ) ) ;
#4288 = ORIENTED_EDGE ( 'NONE', *, *, #8738, .F. ) ;
#4289 = CARTESIAN_POINT ( 'NONE',  ( 4.570000000000000300, 0.9949999999999976600, 0.3949999999999974600 ) ) ;
#4290 = CARTESIAN_POINT ( 'NONE',  ( -2.250000000000000900, 2.100000000000000100, 2.899999999999997700 ) ) ;
#4291 = CIRCLE ( 'NONE', #97, 0.4499999999999999000 ) ;
#4292 = PRESENTATION_LAYER_ASSIGNMENT (  '', '', ( #2968 ) ) ;
#4293 = CARTESIAN_POINT ( 'NONE',  ( -3.400000000000002100, -0.8000000000000006000, 2.999999999999996400 ) ) ;
#4294 = ADVANCED_FACE ( 'NONE', ( #958 ), #7147, .F. ) ;
#4295 = EDGE_CURVE ( 'NONE', #10715, #11892, #10947, .T. ) ;
#4296 = LINE ( 'NONE', #8625, #4003 ) ;
#4297 = FILL_AREA_STYLE_COLOUR ( '', #1878 ) ;
#4298 = EDGE_LOOP ( 'NONE', ( #479, #2543, #4867, #7234 ) ) ;
#4299 = CARTESIAN_POINT ( 'NONE',  ( -3.400000000000002100, -1.800000000000000700, 2.999999999999997300 ) ) ;
#4300 = CARTESIAN_POINT ( 'NONE',  ( 5.000000000000000900, 0.8999999999999973600, 0.2999999999999975500 ) ) ;
#4301 = VECTOR ( 'NONE', #4209, 1000.000000000000000 ) ;
#4302 = ORIENTED_EDGE ( 'NONE', *, *, #12382, .T. ) ;
#4303 = EDGE_CURVE ( 'NONE', #8878, #12529, #1257, .T. ) ;
#4304 = EDGE_CURVE ( 'NONE', #3635, #2358, #8446, .T. ) ;
#4305 = AXIS2_PLACEMENT_3D ( 'NONE', #9376, #9282, #9255 ) ;
#4306 = CARTESIAN_POINT ( 'NONE',  ( -1.090000000000000100, 0.8500000000000000900, 1.700000000000000000 ) ) ;
#4307 = VECTOR ( 'NONE', #2138, 1000.000000000000000 ) ;
#4308 = EDGE_LOOP ( 'NONE', ( #12417, #12419, #1860, #12370 ) ) ;
#4309 = COLOUR_RGB ( '',0.8000000000000000400, 0.8078431372549019800, 0.8000000000000000400 ) ;
#4310 = ADVANCED_FACE ( 'NONE', ( #6198 ), #5989, .F. ) ;
#4311 = DIRECTION ( 'NONE',  ( 0.0000000000000000000, 0.3303504247281037800, -0.9438583563660183400 ) ) ;
#4312 = STYLED_ITEM ( 'NONE', ( #11862 ), #6285 ) ;
#4313 = PLANE ( 'NONE',  #10920 ) ;
#4314 = FILL_AREA_STYLE ('',( #1312 ) ) ;
#4315 = EDGE_LOOP ( 'NONE', ( #10776, #12503, #2496, #9492 ) ) ;
#4316 = DIRECTION ( 'NONE',  ( 0.0000000000000000000, 0.0000000000000000000, -1.000000000000000000 ) ) ;
#4317 = CLOSED_SHELL ( 'NONE', ( #6474, #6410, #10784, #406, #1825, #10264, #858, #7528, #6709, #290, #997, #10896, #11773, #2039, #467, #5146, #7511, #6024, #739, #7856, #11571, #6157, #1614, #11196, #3464, #10594, #11834, #9158, #1681, #4113, #5409, #6655, #10726, #2023, #10659, #10280, #1179, #3660, #4555, #5643, #24, #1304, #2621, #7780, #11072, #2556, #12320, #8667, #2184, #3325, #2505, #9400, #8608, #3083, #7899, #421, #1562, #2680, #8474, #6773, #8919, #6358, #12330, #4310, #10350, #5504, #3002, #10213, #12379, #4869, #790, #1891, #4618, #6036, #8237, #6597, #11635, #10949, #6393, #7467, #8598, #926, #2240, #8223, #12156, #4682, #4824, #5630, #10541, #5263, #4433, #2609, #1063, #9778, #2369, #4637, #9717, #4242, #8286, #6644, #211, #1368, #4507, #11447, #7138, #2436, #3588, #3014, #9102, #9274, #8173, #1628, #6820, #1247, #6347, #3728, #6090, #2357, #1515, #3797, #11698, #12024, #9346, #8796, #2310, #1496, #11266, #8722, #12011, #3543, #8527, #4294, #806, #4066, #2544, #3987, #3287, #7334, #12210, #3206, #9468, #5763, #8300, #5013, #1040, #6298, #3527, #983, #9354, #10463, #7584, #3339, #4492, #5583, #6697, #1433, #3864, #9914, #8465, #3065, #3418, #585, #10406, #6223, #3788, #12512, #7407, #7036, #8155, #11139, #5571, #4767, #11713, #4049, #5333, #6463, #11331, #9739, #7838, #7152, #11129, #3605, #4746, #5824 ) ) ;
#4318 = AXIS2_PLACEMENT_3D ( 'NONE', #11838, #241, #7091 ) ;
#4319 = SURFACE_SIDE_STYLE ('',( #9269 ) ) ;
#4320 =( NAMED_UNIT ( * ) SI_UNIT ( $, .STERADIAN. ) SOLID_ANGLE_UNIT ( ) );
#4321 = EDGE_LOOP ( 'NONE', ( #4504, #10790, #9370, #2647 ) ) ;
#4322 = VECTOR ( 'NONE', #5078, 1000.000000000000000 ) ;
#4323 = SURFACE_SIDE_STYLE ('',( #10692 ) ) ;
#4324 = CARTESIAN_POINT ( 'NONE',  ( -3.300000000000002500, 1.099999999999999900, -2.168404344971008900E-016 ) ) ;
#4325 = CARTESIAN_POINT ( 'NONE',  ( 2.660000000000000100, 3.099999999999999600, 0.5000000000000017800 ) ) ;
#4326 = ORIENTED_EDGE ( 'NONE', *, *, #4552, .F. ) ;
#4327 = VECTOR ( 'NONE', #4203, 1000.000000000000000 ) ;
#4328 = CARTESIAN_POINT ( 'NONE',  ( -2.750000000000001300, 1.500000000000000400, 2.899999999999997700 ) ) ;
#4329 = CARTESIAN_POINT ( 'NONE',  ( -5.200000000000001100, 1.099999999999999600, 2.199999999999997500 ) ) ;
#4330 = ORIENTED_EDGE ( 'NONE', *, *, #2233, .T. ) ;
#4331 = AXIS2_PLACEMENT_3D ( 'NONE', #943, #2935, #9693 ) ;
#4332 = VECTOR ( 'NONE', #3724, 1000.000000000000000 ) ;
#4333 = FACE_OUTER_BOUND ( 'NONE', #1824, .T. ) ;
#4334 = VECTOR ( 'NONE', #6197, 1000.000000000000000 ) ;
#4335 = DIRECTION ( 'NONE',  ( -0.0000000000000000000, 0.0000000000000000000, 1.000000000000000000 ) ) ;
#4336 = DIRECTION ( 'NONE',  ( -0.0000000000000000000, -1.000000000000000000, -0.0000000000000000000 ) ) ;
#4337 = VERTEX_POINT ( 'NONE', #6334 ) ;
#4338 = EDGE_LOOP ( 'NONE', ( #3208, #11477, #11786, #9000 ) ) ;
#4339 = ORIENTED_EDGE ( 'NONE', *, *, #3453, .F. ) ;
#4340 =( NAMED_UNIT ( * ) PLANE_ANGLE_UNIT ( ) SI_UNIT ( $, .RADIAN. ) );
#4341 = DIRECTION ( 'NONE',  ( -0.0000000000000000000, 1.000000000000000000, -0.0000000000000000000 ) ) ;
#4342 = LINE ( 'NONE', #9109, #6624 ) ;
#4343 = DIRECTION ( 'NONE',  ( 0.0000000000000000000, 1.000000000000000000, 0.0000000000000000000 ) ) ;
#4344 = EDGE_CURVE ( 'NONE', #979, #2870, #10671, .T. ) ;
#4345 = SURFACE_STYLE_FILL_AREA ( #10234 ) ;
#4346 = LINE ( 'NONE', #953, #11677 ) ;
#4347 = ORIENTED_EDGE ( 'NONE', *, *, #9378, .T. ) ;
#4348 = PLANE ( 'NONE',  #2887 ) ;
#4349 = AXIS2_PLACEMENT_3D ( 'NONE', #8553, #12356, #6662 ) ;
#4350 = ORIENTED_EDGE ( 'NONE', *, *, #1604, .F. ) ;
#4351 = SURFACE_SIDE_STYLE ('',( #9081 ) ) ;
#4352 = CARTESIAN_POINT ( 'NONE',  ( -4.475000000000001400, -1.100000000000000500, 0.4499999999999999600 ) ) ;
#4353 = FACE_OUTER_BOUND ( 'NONE', #5079, .T. ) ;
#4354 = CARTESIAN_POINT ( 'NONE',  ( 1.300000000000000000, -1.400000000000000100, 1.124999999999998900 ) ) ;
#4355 = DIRECTION ( 'NONE',  ( 0.0000000000000000000, 1.000000000000000000, 0.0000000000000000000 ) ) ;
#4356 = FILL_AREA_STYLE ('',( #12498 ) ) ;
#4357 = ADVANCED_FACE ( 'NONE', ( #359 ), #6239, .F. ) ;
#4358 = PLANE ( 'NONE',  #8015 ) ;
#4359 = VERTEX_POINT ( 'NONE', #6376 ) ;
#4360 = EDGE_CURVE ( 'NONE', #1450, #4337, #2041, .T. ) ;
#4361 = ORIENTED_EDGE ( 'NONE', *, *, #886, .T. ) ;
#4362 = DIRECTION ( 'NONE',  ( 0.0000000000000000000, 3.336006684570786100E-016, -1.000000000000000000 ) ) ;
#4363 = DIRECTION ( 'NONE',  ( 1.000000000000000000, -0.0000000000000000000, -0.0000000000000000000 ) ) ;
#4364 = DIRECTION ( 'NONE',  ( 0.0000000000000000000, 1.000000000000000000, 0.0000000000000000000 ) ) ;
#4365 = COLOUR_RGB ( '',0.8000000000000000400, 0.8078431372549019800, 0.8000000000000000400 ) ;
#4366 = VECTOR ( 'NONE', #5022, 1000.000000000000000 ) ;
#4367 = EDGE_CURVE ( 'NONE', #5362, #1070, #4680, .T. ) ;
#4368 = EDGE_LOOP ( 'NONE', ( #3820, #7304, #6702, #114 ) ) ;
#4369 = ADVANCED_FACE ( 'NONE', ( #11997 ), #5173, .T. ) ;
#4370 = VERTEX_POINT ( 'NONE', #5448 ) ;
#4371 = CARTESIAN_POINT ( 'NONE',  ( 4.664999999999999100, 1.099999999999999600, 0.2999999999999975500 ) ) ;
#4372 = DIRECTION ( 'NONE',  ( -0.0000000000000000000, -0.0000000000000000000, 1.000000000000000000 ) ) ;
#4373 =( NAMED_UNIT ( * ) SI_UNIT ( $, .STERADIAN. ) SOLID_ANGLE_UNIT ( ) );
#4374 = EDGE_CURVE ( 'NONE', #3142, #654, #3454, .T. ) ;
#4375 = EDGE_CURVE ( 'NONE', #8720, #3180, #812, .T. ) ;
#4376 = VECTOR ( 'NONE', #5315, 1000.000000000000100 ) ;
#4377 = ORIENTED_EDGE ( 'NONE', *, *, #7937, .F. ) ;
#4378 = CARTESIAN_POINT ( 'NONE',  ( 1.089999999999999900, -1.400000000000000100, 0.9499999999999981800 ) ) ;
#4379 = ORIENTED_EDGE ( 'NONE', *, *, #3384, .T. ) ;
#4380 = FILL_AREA_STYLE ('',( #3403 ) ) ;
#4381 = LINE ( 'NONE', #1020, #9196 ) ;
#4382 = VERTEX_POINT ( 'NONE', #4236 ) ;
#4383 = AXIS2_PLACEMENT_3D ( 'NONE', #5313, #2955, #2037 ) ;
#4384 = VERTEX_POINT ( 'NONE', #4245 ) ;
#4385 = EDGE_CURVE ( 'NONE', #11178, #8783, #498, .T. ) ;
#4386 = LINE ( 'NONE', #6676, #1744 ) ;
#4387 = STYLED_ITEM ( 'NONE', ( #8629 ), #9304 ) ;
#4388 = CARTESIAN_POINT ( 'NONE',  ( -2.339999999999999900, 3.099999999999999600, 0.2000000000000018700 ) ) ;
#4390 = VECTOR ( 'NONE', #8907, 1000.000000000000000 ) ;
#4389 = CARTESIAN_POINT ( 'NONE',  ( 3.400000000000002100, -1.100000000000000500, 2.999999999999997300 ) ) ;
#4391 = SURFACE_STYLE_FILL_AREA ( #3556 ) ;
#4392 = EDGE_CURVE ( 'NONE', #39, #7695, #6037, .T. ) ;
#4393 =( LENGTH_UNIT ( ) NAMED_UNIT ( * ) SI_UNIT ( .MILLI., .METRE. ) );
#4394 = PLANE ( 'NONE',  #5115 ) ;
#4395 = ORIENTED_EDGE ( 'NONE', *, *, #11552, .F. ) ;
#4396 = FILL_AREA_STYLE ('',( #7609 ) ) ;
#4397 = CARTESIAN_POINT ( 'NONE',  ( 4.675000000000002500, 1.099999999999999600, -5.421010862427522200E-017 ) ) ;
#4398 = CARTESIAN_POINT ( 'NONE',  ( 3.400000000000002100, -1.800000000000000500, 2.999999999999997300 ) ) ;
#4399 = SURFACE_STYLE_FILL_AREA ( #6910 ) ;
#4400 = DIRECTION ( 'NONE',  ( 0.0000000000000000000, -5.981805089575196200E-016, -1.000000000000000000 ) ) ;
#4401 = MECHANICAL_DESIGN_GEOMETRIC_PRESENTATION_REPRESENTATION (  '', ( #3080 ), #5063 ) ;
#4402 = DIRECTION ( 'NONE',  ( 0.0000000000000000000, 0.0000000000000000000, 1.000000000000000000 ) ) ;
#4403 =( NAMED_UNIT ( * ) PLANE_ANGLE_UNIT ( ) SI_UNIT ( $, .RADIAN. ) );
#4404 = VECTOR ( 'NONE', #11341, 1000.000000000000000 ) ;
#4405 = SURFACE_STYLE_FILL_AREA ( #3390 ) ;
#4406 = STYLED_ITEM ( 'NONE', ( #1507 ), #10477 ) ;
#4407 = DIRECTION ( 'NONE',  ( -0.0000000000000000000, -1.000000000000000000, -0.0000000000000000000 ) ) ;
#4408 = ORIENTED_EDGE ( 'NONE', *, *, #2950, .F. ) ;
#4409 = VECTOR ( 'NONE', #3138, 1000.000000000000000 ) ;
#4410 = LINE ( 'NONE', #1324, #3811 ) ;
#4411 = EDGE_CURVE ( 'NONE', #5360, #3447, #3126, .T. ) ;
#4412 = ORIENTED_EDGE ( 'NONE', *, *, #9460, .T. ) ;
#4413 = DIRECTION ( 'NONE',  ( 0.0000000000000000000, -1.000000000000000000, 5.981805089575196200E-016 ) ) ;
#4414 = EDGE_LOOP ( 'NONE', ( #2923, #2598, #6864, #11231 ) ) ;
#4415 = DIRECTION ( 'NONE',  ( -0.0000000000000000000, 1.000000000000000000, 0.0000000000000000000 ) ) ;
#4416 = FACE_OUTER_BOUND ( 'NONE', #1203, .T. ) ;
#4417 = DIRECTION ( 'NONE',  ( -2.409338161078900700E-016, 1.000000000000000000, 0.0000000000000000000 ) ) ;
#4418 = ORIENTED_EDGE ( 'NONE', *, *, #11088, .T. ) ;
#4419 = ADVANCED_FACE ( 'NONE', ( #7979 ), #3521, .F. ) ;
#4420 =( LENGTH_UNIT ( ) NAMED_UNIT ( * ) SI_UNIT ( .MILLI., .METRE. ) );
#4421 = DIRECTION ( 'NONE',  ( -1.000000000000000000, 0.0000000000000000000, 4.170008355713468300E-016 ) ) ;
#4422 = CARTESIAN_POINT ( 'NONE',  ( 2.749999999999999600, 2.100000000000000100, 2.899999999999997700 ) ) ;
#4423 = VERTEX_POINT ( 'NONE', #3563 ) ;
#4424 = ORIENTED_EDGE ( 'NONE', *, *, #4469, .F. ) ;
#4425 = MECHANICAL_DESIGN_GEOMETRIC_PRESENTATION_REPRESENTATION (  '', ( #3103 ), #5080 ) ;
#4426 = DIRECTION ( 'NONE',  ( -1.000000000000000000, -0.0000000000000000000, -0.0000000000000000000 ) ) ;
#4427 = FACE_OUTER_BOUND ( 'NONE', #7527, .T. ) ;
#4428 = LINE ( 'NONE', #10804, #11752 ) ;
#4429 = VECTOR ( 'NONE', #2728, 1000.000000000000000 ) ;
#4430 = VECTOR ( 'NONE', #9216, 1000.000000000000000 ) ;
#4431 = VERTEX_POINT ( 'NONE', #2948 ) ;
#4432 = EDGE_CURVE ( 'NONE', #10001, #8566, #7078, .T. ) ;
#4433 = ADVANCED_FACE ( 'NONE', ( #11837 ), #9941, .T. ) ;
#4434 = ORIENTED_EDGE ( 'NONE', *, *, #8389, .F. ) ;
#4435 = CARTESIAN_POINT ( 'NONE',  ( -4.045000000000004400, 1.099999999999999600, 0.2999999999999976000 ) ) ;
#4436 = DIRECTION ( 'NONE',  ( -0.0000000000000000000, 1.000000000000000000, 0.0000000000000000000 ) ) ;
#4437 = SURFACE_STYLE_USAGE ( .BOTH. , #10188 ) ;
#4438 = VERTEX_POINT ( 'NONE', #2724 ) ;
#4439 = UNCERTAINTY_MEASURE_WITH_UNIT (LENGTH_MEASURE( 1.000000000000000100E-005 ), #7878, 'distance_accuracy_value', 'NONE');
#4440 = LINE ( 'NONE', #5682, #8950 ) ;
#4441 = FILL_AREA_STYLE_COLOUR ( '', #8788 ) ;
#4442 = LINE ( 'NONE', #5319, #9256 ) ;
#4443 = ADVANCED_BREP_SHAPE_REPRESENTATION ( '532610571', ( #9834, #5314, #12033, #10592, #9304, #11961, #12418, #9459, #4446 ), #11090 ) ;
#4444 = FACE_OUTER_BOUND ( 'NONE', #6392, .T. ) ;
#4445 = EDGE_LOOP ( 'NONE', ( #4921, #6772, #3949, #10856 ) ) ;
#4447 = ORIENTED_EDGE ( 'NONE', *, *, #12217, .F. ) ;
#4446 = AXIS2_PLACEMENT_3D ( 'NONE', #7843, #9805, #4053 ) ;
#4448 =( LENGTH_UNIT ( ) NAMED_UNIT ( * ) SI_UNIT ( .MILLI., .METRE. ) );
#4449 = SURFACE_STYLE_USAGE ( .BOTH. , #4467 ) ;
#4450 = DIRECTION ( 'NONE',  ( 0.0000000000000000000, 1.000000000000000000, 0.0000000000000000000 ) ) ;
#4451 = ORIENTED_EDGE ( 'NONE', *, *, #6530, .F. ) ;
#4452 = ORIENTED_EDGE ( 'NONE', *, *, #10490, .T. ) ;
#4453 = FACE_OUTER_BOUND ( 'NONE', #2599, .T. ) ;
#4454 = ORIENTED_EDGE ( 'NONE', *, *, #9697, .T. ) ;
#4455 = FILL_AREA_STYLE ('',( #3473 ) ) ;
#4456 =( NAMED_UNIT ( * ) PLANE_ANGLE_UNIT ( ) SI_UNIT ( $, .RADIAN. ) );
#4457 = LINE ( 'NONE', #7456, #4141 ) ;
#4458 = EDGE_CURVE ( 'NONE', #9743, #1084, #4521, .T. ) ;
#4459 = LINE ( 'NONE', #591, #2139 ) ;
#4460 = EDGE_LOOP ( 'NONE', ( #4089, #3358, #12432, #7889 ) ) ;
#4461 = STYLED_ITEM ( 'NONE', ( #6255 ), #3745 ) ;
#4462 = ORIENTED_EDGE ( 'NONE', *, *, #394, .F. ) ;
#4463 = FACE_OUTER_BOUND ( 'NONE', #7094, .T. ) ;
#4464 =( NAMED_UNIT ( * ) SI_UNIT ( $, .STERADIAN. ) SOLID_ANGLE_UNIT ( ) );
#4465 = ORIENTED_EDGE ( 'NONE', *, *, #5845, .F. ) ;
#4466 = CARTESIAN_POINT ( 'NONE',  ( 0.1600000000000000300, 1.500000000000000000, 0.9499999999999998400 ) ) ;
#4467 = SURFACE_SIDE_STYLE ('',( #1372 ) ) ;
#4468 =( LENGTH_UNIT ( ) NAMED_UNIT ( * ) SI_UNIT ( .MILLI., .METRE. ) );
#4469 = EDGE_CURVE ( 'NONE', #22, #5362, #6777, .T. ) ;
#4470 = LINE ( 'NONE', #1166, #9275 ) ;
#4471 = VERTEX_POINT ( 'NONE', #1631 ) ;
#4472 = LINE ( 'NONE', #3975, #9591 ) ;
#4473 = CARTESIAN_POINT ( 'NONE',  ( -2.660000000000000100, 1.500000000000000000, 1.699999999999998800 ) ) ;
#4474 = ORIENTED_EDGE ( 'NONE', *, *, #10402, .T. ) ;
#4475 = VERTEX_POINT ( 'NONE', #1595 ) ;
#4476 = SURFACE_STYLE_FILL_AREA ( #9773 ) ;
#4477 = EDGE_CURVE ( 'NONE', #7632, #8116, #6490, .T. ) ;
#4478 = ORIENTED_EDGE ( 'NONE', *, *, #12152, .F. ) ;
#4479 =( GEOMETRIC_REPRESENTATION_CONTEXT ( 3 ) GLOBAL_UNCERTAINTY_ASSIGNED_CONTEXT ( ( #3592 ) ) GLOBAL_UNIT_ASSIGNED_CONTEXT ( ( #11313, #4403, #4373 ) ) REPRESENTATION_CONTEXT ( 'NONE', 'WORKASPACE' ) );
#4480 = ORIENTED_EDGE ( 'NONE', *, *, #10400, .F. ) ;
#4481 = VECTOR ( 'NONE', #4827, 1000.000000000000000 ) ;
#4482 = ORIENTED_EDGE ( 'NONE', *, *, #478, .T. ) ;
#4483 = SURFACE_STYLE_USAGE ( .BOTH. , #10226 ) ;
#4484 =( GEOMETRIC_REPRESENTATION_CONTEXT ( 3 ) GLOBAL_UNCERTAINTY_ASSIGNED_CONTEXT ( ( #5462 ) ) GLOBAL_UNIT_ASSIGNED_CONTEXT ( ( #2786, #1997, #1947 ) ) REPRESENTATION_CONTEXT ( 'NONE', 'WORKASPACE' ) );
#4485 = VERTEX_POINT ( 'NONE', #1378 ) ;
#4486 = LINE ( 'NONE', #7209, #6747 ) ;
#4487 = DIRECTION ( 'NONE',  ( -1.000000000000000000, 0.0000000000000000000, 4.170008355713468300E-016 ) ) ;
#4488 = VECTOR ( 'NONE', #9286, 1000.000000000000000 ) ;
#4489 = CARTESIAN_POINT ( 'NONE',  ( 2.660000000000000100, 1.500000000000000000, 0.8750000000000017800 ) ) ;
#4490 = PRESENTATION_LAYER_ASSIGNMENT (  '', '', ( #3159 ) ) ;
#4491 = EDGE_LOOP ( 'NONE', ( #6578, #612, #7028, #12408 ) ) ;
#4492 = ADVANCED_FACE ( 'NONE', ( #4206 ), #1427, .F. ) ;
#4493 = VERTEX_POINT ( 'NONE', #1457 ) ;
#4494 = DIRECTION ( 'NONE',  ( 0.0000000000000000000, 0.0000000000000000000, 1.000000000000000000 ) ) ;
#4495 = DIRECTION ( 'NONE',  ( 0.0000000000000000000, 0.0000000000000000000, 1.000000000000000000 ) ) ;
#4496 = CARTESIAN_POINT ( 'NONE',  ( -2.025000000000000800, -2.099999999999999600, 0.2999999999999979300 ) ) ;
#4497 = PLANE ( 'NONE',  #6086 ) ;
#4498 = LINE ( 'NONE', #9119, #1851 ) ;
#4499 =( NAMED_UNIT ( * ) PLANE_ANGLE_UNIT ( ) SI_UNIT ( $, .RADIAN. ) );
#4500 = CARTESIAN_POINT ( 'NONE',  ( 5.000000000000000900, -1.700000000000000400, 0.2999999999999975500 ) ) ;
#4501 = ORIENTED_EDGE ( 'NONE', *, *, #3776, .T. ) ;
#4502 = DIRECTION ( 'NONE',  ( 0.0000000000000000000, -1.000000000000000000, 0.0000000000000000000 ) ) ;
#4503 = ORIENTED_EDGE ( 'NONE', *, *, #385, .F. ) ;
#4504 = ORIENTED_EDGE ( 'NONE', *, *, #1013, .F. ) ;
#4505 = MECHANICAL_DESIGN_GEOMETRIC_PRESENTATION_REPRESENTATION (  '', ( #2522 ), #5154 ) ;
#4506 = VERTEX_POINT ( 'NONE', #1241 ) ;
#4507 = ADVANCED_FACE ( 'NONE', ( #1570 ), #990, .F. ) ;
#4508 = CARTESIAN_POINT ( 'NONE',  ( 4.000000000000001800, 1.099999999999999600, 2.699999999999999700 ) ) ;
#4509 = CIRCLE ( 'NONE', #12251, 0.1500000000000001900 ) ;
#4510 = VECTOR ( 'NONE', #11655, 999.9999999999998900 ) ;
#4511 = PLANE ( 'NONE',  #5225 ) ;
#4512 = PLANE ( 'NONE',  #3215 ) ;
#4513 = DIRECTION ( 'NONE',  ( 1.000000000000000000, 0.0000000000000000000, 0.0000000000000000000 ) ) ;
#4514 = FILL_AREA_STYLE ('',( #4550 ) ) ;
#4515 = VECTOR ( 'NONE', #3789, 1000.000000000000000 ) ;
#4516 = ORIENTED_EDGE ( 'NONE', *, *, #10054, .F. ) ;
#4517 = VERTEX_POINT ( 'NONE', #1026 ) ;
#4518 = EDGE_CURVE ( 'NONE', #11454, #8746, #11241, .T. ) ;
#4519 = UNCERTAINTY_MEASURE_WITH_UNIT (LENGTH_MEASURE( 1.000000000000000100E-005 ), #7391, 'distance_accuracy_value', 'NONE');
#4520 = LINE ( 'NONE', #10405, #7077 ) ;
#4521 = LINE ( 'NONE', #3264, #1875 ) ;
#4522 = UNCERTAINTY_MEASURE_WITH_UNIT (LENGTH_MEASURE( 1.000000000000000100E-005 ), #2959, 'distance_accuracy_value', 'NONE');
#4523 = DIRECTION ( 'NONE',  ( -1.000000000000000000, 0.0000000000000000000, -5.421010862427526500E-017 ) ) ;
#4524 = EDGE_CURVE ( 'NONE', #5778, #9923, #8728, .T. ) ;
#4525 = VECTOR ( 'NONE', #7202, 1000.000000000000000 ) ;
#4526 = CARTESIAN_POINT ( 'NONE',  ( 2.660000000000000100, 1.500000000000000000, 1.774999999999999700 ) ) ;
#4527 =( GEOMETRIC_REPRESENTATION_CONTEXT ( 3 ) GLOBAL_UNCERTAINTY_ASSIGNED_CONTEXT ( ( #1506 ) ) GLOBAL_UNIT_ASSIGNED_CONTEXT ( ( #5166, #11835, #6138 ) ) REPRESENTATION_CONTEXT ( 'NONE', 'WORKASPACE' ) );
#4528 = ORIENTED_EDGE ( 'NONE', *, *, #2148, .F. ) ;
#4529 = CARTESIAN_POINT ( 'NONE',  ( 2.249999999999999100, 2.100000000000000100, 3.399999999999997700 ) ) ;
#4530 = DIRECTION ( 'NONE',  ( 0.0000000000000000000, 1.000000000000000000, 0.0000000000000000000 ) ) ;
#4531 = VECTOR ( 'NONE', #5222, 1000.000000000000000 ) ;
#4532 = CARTESIAN_POINT ( 'NONE',  ( -3.800000000000001600, -2.100000000000000100, 0.1999999999999999600 ) ) ;
#4533 = CARTESIAN_POINT ( 'NONE',  ( 1.089999999999999900, 2.799999999999999800, 1.225000000000001900 ) ) ;
#4534 = SURFACE_STYLE_FILL_AREA ( #4356 ) ;
#4535 = LINE ( 'NONE', #2392, #1889 ) ;
#4536 = EDGE_CURVE ( 'NONE', #3441, #11972, #1249, .T. ) ;
#4537 = PLANE ( 'NONE',  #3666 ) ;
#4538 = DIRECTION ( 'NONE',  ( -0.7071067811865507900, -0.0000000000000000000, -0.7071067811865443500 ) ) ;
#4539 = CARTESIAN_POINT ( 'NONE',  ( -2.339999999999999900, 2.299999999999999400, 0.6750000000000020400 ) ) ;
#4540 = FILL_AREA_STYLE ('',( #4220 ) ) ;
#4541 = SURFACE_STYLE_USAGE ( .BOTH. , #10271 ) ;
#4542 = CARTESIAN_POINT ( 'NONE',  ( -4.000000000000000000, 2.100000000000000100, 3.399999999999996800 ) ) ;
#4543 = ORIENTED_EDGE ( 'NONE', *, *, #2067, .F. ) ;
#4544 = CARTESIAN_POINT ( 'NONE',  ( -2.660000000000000100, 1.500000000000000000, 0.8750000000000017800 ) ) ;
#4545 = AXIS2_PLACEMENT_3D ( 'NONE', #7800, #4007, #4895 ) ;
#4546 = EDGE_CURVE ( 'NONE', #6224, #7942, #3599, .T. ) ;
#4547 = VECTOR ( 'NONE', #1962, 1000.000000000000000 ) ;
#4548 =( LENGTH_UNIT ( ) NAMED_UNIT ( * ) SI_UNIT ( .MILLI., .METRE. ) );
#4549 = PRESENTATION_STYLE_ASSIGNMENT (( #6612 ) ) ;
#4550 = FILL_AREA_STYLE_COLOUR ( '', #8840 ) ;
#4551 = EDGE_CURVE ( 'NONE', #8820, #3538, #950, .T. ) ;
#4552 = EDGE_CURVE ( 'NONE', #10571, #1281, #8437, .T. ) ;
#4553 = ORIENTED_EDGE ( 'NONE', *, *, #12238, .T. ) ;
#4554 = CARTESIAN_POINT ( 'NONE',  ( -2.339999999999999900, 2.799999999999999400, 0.5000000000000017800 ) ) ;
#4555 = ADVANCED_FACE ( 'NONE', ( #3289 ), #10508, .T. ) ;
#4556 = PRESENTATION_LAYER_ASSIGNMENT (  '', '', ( #3229 ) ) ;
#4557 = CARTESIAN_POINT ( 'NONE',  ( 4.000000000000000000, 2.100000000000000100, 2.899999999999997700 ) ) ;
#4558 = VECTOR ( 'NONE', #10834, 1000.000000000000100 ) ;
#4559 = CARTESIAN_POINT ( 'NONE',  ( 2.339999999999999900, 2.799999999999999400, 0.5000000000000017800 ) ) ;
#4560 = VECTOR ( 'NONE', #2840, 1000.000000000000000 ) ;
#4561 = CARTESIAN_POINT ( 'NONE',  ( 2.249999999999999100, 2.100000000000000100, 2.899999999999997700 ) ) ;
#4562 = FACE_OUTER_BOUND ( 'NONE', #11951, .T. ) ;
#4563 = AXIS2_PLACEMENT_3D ( 'NONE', #2712, #9490, #3735 ) ;
#4564 = VERTEX_POINT ( 'NONE', #81 ) ;
#4565 = DIRECTION ( 'NONE',  ( 0.0000000000000000000, 0.7071067811865460200, 0.7071067811865490200 ) ) ;
#4566 = ADVANCED_FACE ( 'NONE', ( #10364 ), #12148, .F. ) ;
#4567 = LINE ( 'NONE', #5028, #9371 ) ;
#4568 = DIRECTION ( 'NONE',  ( -3.049318610115481200E-016, 0.0000000000000000000, -1.000000000000000000 ) ) ;
#4569 = VECTOR ( 'NONE', #3510, 1000.000000000000000 ) ;
#4570 = STYLED_ITEM ( 'NONE', ( #6495 ), #71 ) ;
#4571 = CARTESIAN_POINT ( 'NONE',  ( 2.339999999999999900, 2.499999999999999600, 1.734723475976807100E-015 ) ) ;
#4572 = DIRECTION ( 'NONE',  ( 0.0000000000000000000, 0.0000000000000000000, -1.000000000000000000 ) ) ;
#4573 = DIRECTION ( 'NONE',  ( 0.0000000000000000000, 0.0000000000000000000, -1.000000000000000000 ) ) ;
#4574 = SURFACE_STYLE_FILL_AREA ( #8500 ) ;
#4575 = CARTESIAN_POINT ( 'NONE',  ( -4.675000000000005200, 1.099999999999999600, 0.4999999999999998900 ) ) ;
#4576 = DIRECTION ( 'NONE',  ( -1.000000000000000000, -0.0000000000000000000, 0.0000000000000000000 ) ) ;
#4577 = ORIENTED_EDGE ( 'NONE', *, *, #5724, .T. ) ;
#4578 = ORIENTED_EDGE ( 'NONE', *, *, #7633, .F. ) ;
#4579 = MECHANICAL_DESIGN_GEOMETRIC_PRESENTATION_REPRESENTATION (  '', ( #3260 ), #5234 ) ;
#4580 = PLANE ( 'NONE',  #6429 ) ;
#4581 = FILL_AREA_STYLE_COLOUR ( '', #10830 ) ;
#4582 = VECTOR ( 'NONE', #1934, 1000.000000000000000 ) ;
#4583 = FILL_AREA_STYLE_COLOUR ( '', #9605 ) ;
#4584 = AXIS2_PLACEMENT_3D ( 'NONE', #12552, #977, #7817 ) ;
#4585 = DIRECTION ( 'NONE',  ( -1.000000000000000000, -0.0000000000000000000, -0.0000000000000000000 ) ) ;
#4586 = VERTEX_POINT ( 'NONE', #11868 ) ;
#4587 = FACE_OUTER_BOUND ( 'NONE', #7356, .T. ) ;
#4588 = ORIENTED_EDGE ( 'NONE', *, *, #6972, .T. ) ;
#4589 = ORIENTED_EDGE ( 'NONE', *, *, #11261, .T. ) ;
#4590 = UNCERTAINTY_MEASURE_WITH_UNIT (LENGTH_MEASURE( 1.000000000000000100E-005 ), #2004, 'distance_accuracy_value', 'NONE');
#4591 = DIRECTION ( 'NONE',  ( 0.0000000000000000000, -1.000000000000000000, 0.0000000000000000000 ) ) ;
#4592 = EDGE_CURVE ( 'NONE', #6042, #8633, #2967, .T. ) ;
#4593 = SURFACE_STYLE_FILL_AREA ( #12136 ) ;
#4594 = LINE ( 'NONE', #306, #1946 ) ;
#4595 = DIRECTION ( 'NONE',  ( 0.0000000000000000000, 1.000000000000000000, 3.738628180984497600E-017 ) ) ;
#4596 = DIRECTION ( 'NONE',  ( 0.0000000000000000000, 1.000000000000000000, 1.495451272393799300E-016 ) ) ;
#4597 = CARTESIAN_POINT ( 'NONE',  ( -3.300000000000002500, 1.099999999999999900, -2.168404344971008900E-016 ) ) ;
#4598 = ORIENTED_EDGE ( 'NONE', *, *, #4110, .F. ) ;
#4599 = LINE ( 'NONE', #12422, #12218 ) ;
#4600 = CARTESIAN_POINT ( 'NONE',  ( -5.400000000000003900, 1.299999999999996500, 0.6999999999999985100 ) ) ;
#4601 = ORIENTED_EDGE ( 'NONE', *, *, #9027, .F. ) ;
#4602 = VECTOR ( 'NONE', #9426, 1000.000000000000000 ) ;
#4603 = VERTEX_POINT ( 'NONE', #10775 ) ;
#4604 = FILL_AREA_STYLE_COLOUR ( '', #9024 ) ;
#4605 = VERTEX_POINT ( 'NONE', #12547 ) ;
#4606 = EDGE_LOOP ( 'NONE', ( #6792, #4850, #11092, #11138 ) ) ;
#4607 = COLOUR_RGB ( '',0.8000000000000000400, 0.8078431372549019800, 0.8000000000000000400 ) ;
#4608 = ORIENTED_EDGE ( 'NONE', *, *, #9191, .T. ) ;
#4609 = CARTESIAN_POINT ( 'NONE',  ( -2.660000000000000100, -1.400000000000000100, 0.9499999999999981800 ) ) ;
#4610 = EDGE_CURVE ( 'NONE', #1143, #4185, #7827, .T. ) ;
#4611 = VECTOR ( 'NONE', #9588, 1000.000000000000000 ) ;
#4612 = CARTESIAN_POINT ( 'NONE',  ( 1.409999999999999700, 1.500000000000000000, 1.774999999999999700 ) ) ;
#4613 = DIRECTION ( 'NONE',  ( -1.000000000000000000, -0.0000000000000000000, -0.0000000000000000000 ) ) ;
#4614 = DIRECTION ( 'NONE',  ( -1.000000000000000000, 0.0000000000000000000, 0.0000000000000000000 ) ) ;
#4615 = LINE ( 'NONE', #9007, #12233 ) ;
#4616 = VERTEX_POINT ( 'NONE', #11685 ) ;
#4617 = DIRECTION ( 'NONE',  ( -1.000000000000000000, -0.0000000000000000000, -0.0000000000000000000 ) ) ;
#4618 = ADVANCED_FACE ( 'NONE', ( #10663 ), #10288, .F. ) ;
#4619 = LINE ( 'NONE', #8227, #1978 ) ;
#4620 = CARTESIAN_POINT ( 'NONE',  ( 1.089999999999999900, 2.099999999999999600, 0.6750000000000020400 ) ) ;
#4621 = LINE ( 'NONE', #2030, #4307 ) ;
#4622 = EDGE_CURVE ( 'NONE', #4752, #5860, #10058, .T. ) ;
#4623 = SURFACE_STYLE_USAGE ( .BOTH. , #10360 ) ;
#4624 = DIRECTION ( 'NONE',  ( 1.000000000000000000, -0.0000000000000000000, -3.252606517456518700E-016 ) ) ;
#4625 = EDGE_LOOP ( 'NONE', ( #3579, #175, #3245, #9456 ) ) ;
#4626 = FACE_OUTER_BOUND ( 'NONE', #8556, .T. ) ;
#4627 = CARTESIAN_POINT ( 'NONE',  ( -1.090000000000000100, 2.499999999999999600, 1.734723475976807100E-015 ) ) ;
#4628 = CARTESIAN_POINT ( 'NONE',  ( -1.090000000000000100, 2.000000000000000000, 1.375000000000001600 ) ) ;
#4629 = DIRECTION ( 'NONE',  ( -0.0000000000000000000, -1.000000000000000000, -0.0000000000000000000 ) ) ;
#4630 = ORIENTED_EDGE ( 'NONE', *, *, #11648, .F. ) ;
#4631 = CARTESIAN_POINT ( 'NONE',  ( -1.300000000000000300, -1.400000000000000100, 1.124999999999998900 ) ) ;
#4632 = VERTEX_POINT ( 'NONE', #6486 ) ;
#4633 = EDGE_CURVE ( 'NONE', #9131, #7681, #4973, .T. ) ;
#4634 = EDGE_CURVE ( 'NONE', #6649, #1528, #5281, .T. ) ;
#4635 =( GEOMETRIC_REPRESENTATION_CONTEXT ( 3 ) GLOBAL_UNCERTAINTY_ASSIGNED_CONTEXT ( ( #2220 ) ) GLOBAL_UNIT_ASSIGNED_CONTEXT ( ( #11097, #2682, #11267 ) ) REPRESENTATION_CONTEXT ( 'NONE', 'WORKASPACE' ) );
#4636 = LINE ( 'NONE', #11615, #9439 ) ;
#4637 = ADVANCED_FACE ( 'NONE', ( #7214 ), #4497, .F. ) ;
#4638 = SURFACE_STYLE_USAGE ( .BOTH. , #4677 ) ;
#4639 = EDGE_LOOP ( 'NONE', ( #6464, #12155, #11771, #12548 ) ) ;
#4640 = DIRECTION ( 'NONE',  ( 0.0000000000000000000, 0.0000000000000000000, -1.000000000000000000 ) ) ;
#4641 = FILL_AREA_STYLE ('',( #12236 ) ) ;
#4642 = COLOUR_RGB ( '',0.8000000000000000400, 0.8078431372549019800, 0.8000000000000000400 ) ;
#4643 = EDGE_CURVE ( 'NONE', #6925, #1564, #4671, .T. ) ;
#4644 = ORIENTED_EDGE ( 'NONE', *, *, #1094, .F. ) ;
#4645 = CARTESIAN_POINT ( 'NONE',  ( -4.675000000000002500, -1.100000000000000500, -5.421010862427522200E-017 ) ) ;
#4646 = STYLED_ITEM ( 'NONE', ( #12324 ), #9212 ) ;
#4647 = PLANE ( 'NONE',  #8921 ) ;
#4648 = ORIENTED_EDGE ( 'NONE', *, *, #12217, .T. ) ;
#4649 = VECTOR ( 'NONE', #10276, 1000.000000000000000 ) ;
#4650 = EDGE_CURVE ( 'NONE', #3180, #9581, #9762, .T. ) ;
#4651 = VECTOR ( 'NONE', #4278, 1000.000000000000000 ) ;
#4652 = ORIENTED_EDGE ( 'NONE', *, *, #2141, .F. ) ;
#4653 =( NAMED_UNIT ( * ) PLANE_ANGLE_UNIT ( ) SI_UNIT ( $, .RADIAN. ) );
#4654 = DIRECTION ( 'NONE',  ( 0.0000000000000000000, 0.0000000000000000000, -1.000000000000000000 ) ) ;
#4655 = ORIENTED_EDGE ( 'NONE', *, *, #7002, .F. ) ;
#4656 = DIRECTION ( 'NONE',  ( 0.0000000000000000000, 1.000000000000000000, 0.0000000000000000000 ) ) ;
#4657 = AXIS2_PLACEMENT_3D ( 'NONE', #2611, #3614, #10340 ) ;
#4658 = DIRECTION ( 'NONE',  ( -2.891205793294679400E-015, 0.0000000000000000000, -1.000000000000000000 ) ) ;
#4659 = SURFACE_SIDE_STYLE ('',( #10342 ) ) ;
#4660 = DIRECTION ( 'NONE',  ( -1.000000000000000000, 0.0000000000000000000, 0.0000000000000000000 ) ) ;
#4661 = AXIS2_PLACEMENT_3D ( 'NONE', #9048, #7163, #1293 ) ;
#4662 = CARTESIAN_POINT ( 'NONE',  ( 4.995000000000001900, 0.8999999999999991300, 1.529999999999997600 ) ) ;
#4663 = ORIENTED_EDGE ( 'NONE', *, *, #9764, .F. ) ;
#4664 = CARTESIAN_POINT ( 'NONE',  ( -5.700000000000001100, -1.100000000000000500, 0.2500000000000001100 ) ) ;
#4665 = CARTESIAN_POINT ( 'NONE',  ( 2.024999999999999900, -0.6500000000000012400, 0.1999999999999981800 ) ) ;
#4666 = ORIENTED_EDGE ( 'NONE', *, *, #1452, .T. ) ;
#4667 = DIRECTION ( 'NONE',  ( -1.000000000000000000, -0.0000000000000000000, -0.0000000000000000000 ) ) ;
#4668 = CARTESIAN_POINT ( 'NONE',  ( -3.300000000000002500, -1.099999999999999900, 0.1999999999999997900 ) ) ;
#4669 = EDGE_CURVE ( 'NONE', #3068, #5262, #2031, .T. ) ;
#4670 = DIRECTION ( 'NONE',  ( 0.0000000000000000000, -0.7071067811865491300, 0.7071067811865459100 ) ) ;
#4671 = LINE ( 'NONE', #3610, #12286 ) ;
#4672 = CARTESIAN_POINT ( 'NONE',  ( -4.000000000000001800, 2.100000000000000100, 0.2000000000000000100 ) ) ;
#4673 = VECTOR ( 'NONE', #11151, 1000.000000000000000 ) ;
#4674 = AXIS2_PLACEMENT_3D ( 'NONE', #8910, #4104, #10814 ) ;
#4675 = ORIENTED_EDGE ( 'NONE', *, *, #11102, .F. ) ;
#4676 = VERTEX_POINT ( 'NONE', #2775 ) ;
#4677 = SURFACE_SIDE_STYLE ('',( #6930 ) ) ;
#4678 = AXIS2_PLACEMENT_3D ( 'NONE', #4435, #5427, #12097 ) ;
#4679 = CARTESIAN_POINT ( 'NONE',  ( 0.2499999999999993600, 1.500000000000000400, 2.899999999999997700 ) ) ;
#4680 = LINE ( 'NONE', #5057, #7230 ) ;
#4681 = DIRECTION ( 'NONE',  ( 0.0000000000000000000, -1.000000000000000000, 0.0000000000000000000 ) ) ;
#4682 = ADVANCED_FACE ( 'NONE', ( #4353 ), #2651, .F. ) ;
#4683 = CARTESIAN_POINT ( 'NONE',  ( 1.409999999999999700, 3.099999999999999600, 0.5000000000000017800 ) ) ;
#4684 = LINE ( 'NONE', #7877, #4366 ) ;
#4685 = VERTEX_POINT ( 'NONE', #2897 ) ;
#4686 = EDGE_CURVE ( 'NONE', #2458, #6631, #1708, .T. ) ;
#4687 = DIRECTION ( 'NONE',  ( 0.0000000000000000000, -0.0000000000000000000, -1.000000000000000000 ) ) ;
#4688 = ORIENTED_EDGE ( 'NONE', *, *, #12504, .F. ) ;
#4689 = EDGE_CURVE ( 'NONE', #11645, #7719, #7521, .T. ) ;
#4690 = LINE ( 'NONE', #5951, #9790 ) ;
#4691 = VERTEX_POINT ( 'NONE', #2104 ) ;
#4692 = PRESENTATION_LAYER_ASSIGNMENT (  '', '', ( #3371 ) ) ;
#4693 = ADVANCED_FACE ( 'NONE', ( #11687 ), #1705, .F. ) ;
#4695 = VECTOR ( 'NONE', #12105, 1000.000000000000000 ) ;
#4694 =( NAMED_UNIT ( * ) SI_UNIT ( $, .STERADIAN. ) SOLID_ANGLE_UNIT ( ) );
#4696 = VECTOR ( 'NONE', #8657, 1000.000000000000000 ) ;
#4697 = CARTESIAN_POINT ( 'NONE',  ( 0.2499999999999993600, 2.100000000000000100, 3.399999999999997700 ) ) ;
#4698 = DIRECTION ( 'NONE',  ( -0.0000000000000000000, -1.000000000000000000, -0.0000000000000000000 ) ) ;
#4699 = DIRECTION ( 'NONE',  ( -0.0000000000000000000, -0.0000000000000000000, 1.000000000000000000 ) ) ;
#4700 = EDGE_LOOP ( 'NONE', ( #8509, #543, #6548, #2142 ) ) ;
#4701 = ORIENTED_EDGE ( 'NONE', *, *, #8876, .T. ) ;
#4702 = EDGE_CURVE ( 'NONE', #8868, #10975, #3118, .T. ) ;
#4703 = CARTESIAN_POINT ( 'NONE',  ( 2.458680502177811500, -1.439456828080963200, 1.511190110171661200 ) ) ;
#4704 = VECTOR ( 'NONE', #7598, 1000.000000000000000 ) ;
#4705 = DIRECTION ( 'NONE',  ( -1.000000000000000000, 0.0000000000000000000, -0.0000000000000000000 ) ) ;
#4706 = SURFACE_STYLE_USAGE ( .BOTH. , #10444 ) ;
#4707 = COLOUR_RGB ( '',0.8000000000000000400, 0.8078431372549019800, 0.8000000000000000400 ) ;
#4708 = LINE ( 'NONE', #9731, #12325 ) ;
#4709 = FACE_OUTER_BOUND ( 'NONE', #4020, .T. ) ;
#4710 = FILL_AREA_STYLE ('',( #732 ) ) ;
#4711 = CARTESIAN_POINT ( 'NONE',  ( 0.05000000000000012800, -1.400000000000000100, 1.524999999999998100 ) ) ;
#4712 = DIRECTION ( 'NONE',  ( 0.0000000000000000000, 0.0000000000000000000, -1.000000000000000000 ) ) ;
#4713 = ORIENTED_EDGE ( 'NONE', *, *, #7252, .F. ) ;
#4714 = EDGE_CURVE ( 'NONE', #5581, #5341, #1409, .T. ) ;
#4715 = LINE ( 'NONE', #6206, #10105 ) ;
#4716 = CARTESIAN_POINT ( 'NONE',  ( -2.339999999999999900, 1.500000000000000000, 1.700000000000000000 ) ) ;
#4717 = VECTOR ( 'NONE', #727, 1000.000000000000000 ) ;
#4718 =( NAMED_UNIT ( * ) PLANE_ANGLE_UNIT ( ) SI_UNIT ( $, .RADIAN. ) );
#4719 = EDGE_CURVE ( 'NONE', #7186, #1930, #10517, .T. ) ;
#4720 = LINE ( 'NONE', #9908, #9520 ) ;
#4721 = EDGE_CURVE ( 'NONE', #10303, #3110, #5429, .T. ) ;
#4722 = DIRECTION ( 'NONE',  ( -0.0000000000000000000, 1.000000000000000000, -0.0000000000000000000 ) ) ;
#4723 = STYLED_ITEM ( 'NONE', ( #4801 ), #5314 ) ;
#4724 = CARTESIAN_POINT ( 'NONE',  ( 2.025000000000000800, -0.6500000000000012400, 3.423118842698616800 ) ) ;
#4725 = SURFACE_STYLE_USAGE ( .BOTH. , #10465 ) ;
#4726 = ORIENTED_EDGE ( 'NONE', *, *, #402, .T. ) ;
#4727 = PRESENTATION_STYLE_ASSIGNMENT (( #1047 ) ) ;
#4728 = AXIS2_PLACEMENT_3D ( 'NONE', #2337, #2210, #2120 ) ;
#4729 = LINE ( 'NONE', #307, #1464 ) ;
#4730 = CARTESIAN_POINT ( 'NONE',  ( -3.400000000000002100, -2.100000000000000100, 0.2999999999999967700 ) ) ;
#4731 = ORIENTED_EDGE ( 'NONE', *, *, #1079, .T. ) ;
#4732 = VECTOR ( 'NONE', #1494, 1000.000000000000000 ) ;
#4733 = MECHANICAL_DESIGN_GEOMETRIC_PRESENTATION_REPRESENTATION (  '', ( #2747 ), #5391 ) ;
#4735 = ORIENTED_EDGE ( 'NONE', *, *, #6637, .F. ) ;
#4734 = DIRECTION ( 'NONE',  ( 1.000000000000000000, -0.0000000000000000000, 0.0000000000000000000 ) ) ;
#4736 = ORIENTED_EDGE ( 'NONE', *, *, #11746, .T. ) ;
#4737 = COLOUR_RGB ( '',0.8000000000000000400, 0.8078431372549019800, 0.8000000000000000400 ) ;
#4738 = VERTEX_POINT ( 'NONE', #12440 ) ;
#4739 = CARTESIAN_POINT ( 'NONE',  ( -4.575000000000002000, -1.100000000000000500, 1.255000000000000100 ) ) ;
#4740 = CARTESIAN_POINT ( 'NONE',  ( 0.1599999999999999800, -0.8999999999999914700, 1.225000000000001900 ) ) ;
#4741 = LINE ( 'NONE', #4697, #2429 ) ;
#4742 =( LENGTH_UNIT ( ) NAMED_UNIT ( * ) SI_UNIT ( .MILLI., .METRE. ) );
#4743 = LINE ( 'NONE', #11714, #9839 ) ;
#4744 = CARTESIAN_POINT ( 'NONE',  ( 3.800000000000002000, 1.099999999999999900, -2.385244779468109800E-015 ) ) ;
#4745 =( NAMED_UNIT ( * ) PLANE_ANGLE_UNIT ( ) SI_UNIT ( $, .RADIAN. ) );
#4746 = ADVANCED_FACE ( 'NONE', ( #171 ), #12428, .F. ) ;
#4747 = ORIENTED_EDGE ( 'NONE', *, *, #11665, .F. ) ;
#4749 = ORIENTED_EDGE ( 'NONE', *, *, #6360, .F. ) ;
#4748 = CARTESIAN_POINT ( 'NONE',  ( -0.1599999999999999800, 1.500000000000000000, 0.9499999999999998400 ) ) ;
#4750 = LINE ( 'NONE', #9726, #4430 ) ;
#4751 = DIRECTION ( 'NONE',  ( 0.0000000000000000000, 1.000000000000000000, 0.0000000000000000000 ) ) ;
#4752 = VERTEX_POINT ( 'NONE', #12030 ) ;
#4753 = AXIS2_PLACEMENT_3D ( 'NONE', #5185, #11857, #6164 ) ;
#4754 = CARTESIAN_POINT ( 'NONE',  ( 2.249999999999999100, 1.500000000000000400, 2.899999999999997700 ) ) ;
#4755 = ORIENTED_EDGE ( 'NONE', *, *, #10180, .F. ) ;
#4756 = FACE_OUTER_BOUND ( 'NONE', #6310, .T. ) ;
#4757 = ORIENTED_EDGE ( 'NONE', *, *, #8537, .F. ) ;
#4758 = CARTESIAN_POINT ( 'NONE',  ( -2.339999999999999900, 2.900000000000000400, 1.788933584601082300E-015 ) ) ;
#4759 = DIRECTION ( 'NONE',  ( 0.0000000000000000000, 1.000000000000000000, -4.336808689942017700E-016 ) ) ;
#4760 = LINE ( 'NONE', #9903, #12073 ) ;
#4761 = LINE ( 'NONE', #9366, #9559 ) ;
#4762 = FACE_OUTER_BOUND ( 'NONE', #10986, .T. ) ;
#4763 = CARTESIAN_POINT ( 'NONE',  ( 1.409999999999999700, 1.500000000000000000, 0.9499999999999998400 ) ) ;
#4764 = LINE ( 'NONE', #12013, #2129 ) ;
#4765 = ORIENTED_EDGE ( 'NONE', *, *, #4069, .T. ) ;
#4766 = VECTOR ( 'NONE', #7289, 1000.000000000000000 ) ;
#4767 = ADVANCED_FACE ( 'NONE', ( #2509 ), #12263, .F. ) ;
#4768 = PLANE ( 'NONE',  #5276 ) ;
#4769 = EDGE_CURVE ( 'NONE', #8670, #2554, #12430, .T. ) ;
#4770 = VERTEX_POINT ( 'NONE', #11929 ) ;
#4771 = VECTOR ( 'NONE', #6346, 1000.000000000000000 ) ;
#4772 = ORIENTED_EDGE ( 'NONE', *, *, #10187, .F. ) ;
#4773 = CARTESIAN_POINT ( 'NONE',  ( 1.089999999999999900, 1.500000000000000000, 0.9499999999999998400 ) ) ;
#4774 = CARTESIAN_POINT ( 'NONE',  ( -4.665000000000000900, 0.8999999999999991300, 1.229999999999997800 ) ) ;
#4775 = CARTESIAN_POINT ( 'NONE',  ( -4.000000000000001800, -1.700000000000000400, 0.2999999999999976000 ) ) ;
#4776 = LINE ( 'NONE', #7418, #9573 ) ;
#4777 = CARTESIAN_POINT ( 'NONE',  ( 1.409999999999999700, 1.500000000000000000, 1.700000000000000000 ) ) ;
#4778 = VECTOR ( 'NONE', #989, 1000.000000000000000 ) ;
#4779 = UNCERTAINTY_MEASURE_WITH_UNIT (LENGTH_MEASURE( 1.000000000000000100E-005 ), #2901, 'distance_accuracy_value', 'NONE');
#4780 = DIRECTION ( 'NONE',  ( 1.000000000000000000, 4.336808689942021700E-016, 0.0000000000000000000 ) ) ;
#4781 = ORIENTED_EDGE ( 'NONE', *, *, #1703, .T. ) ;
#4782 = ORIENTED_EDGE ( 'NONE', *, *, #8743, .T. ) ;
#4783 = VECTOR ( 'NONE', #1508, 1000.000000000000100 ) ;
#4784 = SURFACE_STYLE_FILL_AREA ( #3956 ) ;
#4785 = PLANE ( 'NONE',  #3817 ) ;
#4786 = VERTEX_POINT ( 'NONE', #11948 ) ;
#4787 = VECTOR ( 'NONE', #4054, 1000.000000000000000 ) ;
#4788 = EDGE_CURVE ( 'NONE', #5777, #10027, #7675, .T. ) ;
#4789 = ORIENTED_EDGE ( 'NONE', *, *, #8392, .T. ) ;
#4790 = CARTESIAN_POINT ( 'NONE',  ( -2.339999999999999900, 0.8500000000000000900, 1.700000000000000000 ) ) ;
#4791 = VERTEX_POINT ( 'NONE', #11763 ) ;
#4792 = COLOUR_RGB ( '',0.8000000000000000400, 0.8078431372549019800, 0.8000000000000000400 ) ;
#4793 =( LENGTH_UNIT ( ) NAMED_UNIT ( * ) SI_UNIT ( .MILLI., .METRE. ) );
#4794 = SURFACE_STYLE_USAGE ( .BOTH. , #10525 ) ;
#4795 = VECTOR ( 'NONE', #6838, 1000.000000000000000 ) ;
#4796 = CARTESIAN_POINT ( 'NONE',  ( -2.660000000000000100, 0.8500000000000000900, 1.700000000000000000 ) ) ;
#4797 = ORIENTED_EDGE ( 'NONE', *, *, #5318, .T. ) ;
#4798 = DIRECTION ( 'NONE',  ( -0.0000000000000000000, -0.0000000000000000000, 1.000000000000000000 ) ) ;
#4799 = EDGE_CURVE ( 'NONE', #7720, #11406, #9907, .T. ) ;
#4800 =( NAMED_UNIT ( * ) SI_UNIT ( $, .STERADIAN. ) SOLID_ANGLE_UNIT ( ) );
#4801 = PRESENTATION_STYLE_ASSIGNMENT (( #6147 ) ) ;
#4802 =( NAMED_UNIT ( * ) PLANE_ANGLE_UNIT ( ) SI_UNIT ( $, .RADIAN. ) );
#4803 = VECTOR ( 'NONE', #11244, 1000.000000000000000 ) ;
#4804 = CARTESIAN_POINT ( 'NONE',  ( 1.409999999999999700, 2.900000000000000400, 1.788933584601082300E-015 ) ) ;
#4805 = EDGE_CURVE ( 'NONE', #9788, #4685, #7370, .T. ) ;
#4806 = EDGE_CURVE ( 'NONE', #10427, #5137, #2195, .T. ) ;
#4807 = CARTESIAN_POINT ( 'NONE',  ( -1.090000000000000100, 3.099999999999999600, 0.2000000000000018700 ) ) ;
#4808 = AXIS2_PLACEMENT_3D ( 'NONE', #6075, #5970, #7314 ) ;
#4809 = VERTEX_POINT ( 'NONE', #11697 ) ;
#4810 = LINE ( 'NONE', #8321, #9612 ) ;
#4811 = DIRECTION ( 'NONE',  ( -0.0000000000000000000, 0.0000000000000000000, 1.000000000000000000 ) ) ;
#4812 = DIRECTION ( 'NONE',  ( -1.000000000000000000, -0.0000000000000000000, -0.0000000000000000000 ) ) ;
#4813 = ORIENTED_EDGE ( 'NONE', *, *, #4714, .T. ) ;
#4814 = STYLED_ITEM ( 'NONE', ( #1749 ), #9481 ) ;
#4815 = VERTEX_POINT ( 'NONE', #11627 ) ;
#4816 = EDGE_CURVE ( 'NONE', #10571, #9922, #11828, .T. ) ;
#4817 = VECTOR ( 'NONE', #11791, 1000.000000000000000 ) ;
#4818 = CARTESIAN_POINT ( 'NONE',  ( 2.339999999999999900, 2.649999999999999500, 1.225000000000001900 ) ) ;
#4819 = DIRECTION ( 'NONE',  ( 2.948641185929559600E-016, 0.7071067811865473500, 0.7071067811865477900 ) ) ;
#4820 = VECTOR ( 'NONE', #702, 1000.000000000000000 ) ;
#4821 = CARTESIAN_POINT ( 'NONE',  ( 3.800000000000002000, 2.100000000000000100, -2.385244779468109800E-015 ) ) ;
#4822 = ORIENTED_EDGE ( 'NONE', *, *, #3906, .T. ) ;
#4823 = VERTEX_POINT ( 'NONE', #11516 ) ;
#4824 = ADVANCED_FACE ( 'NONE', ( #9626, #6769, #7068, #4196, #1557, #1862 ), #11432, .F. ) ;
#4825 = AXIS2_PLACEMENT_3D ( 'NONE', #11848, #8072, #2257 ) ;
#4826 = FILL_AREA_STYLE ('',( #3845 ) ) ;
#4827 = DIRECTION ( 'NONE',  ( -0.0000000000000000000, -0.0000000000000000000, 1.000000000000000000 ) ) ;
#4828 = VECTOR ( 'NONE', #12311, 1000.000000000000000 ) ;
#4829 = VECTOR ( 'NONE', #9087, 1000.000000000000000 ) ;
#4830 = DIRECTION ( 'NONE',  ( 0.0000000000000000000, -0.0000000000000000000, -1.000000000000000000 ) ) ;
#4831 = DIRECTION ( 'NONE',  ( -0.0000000000000000000, -0.0000000000000000000, 1.000000000000000000 ) ) ;
#4832 = VERTEX_POINT ( 'NONE', #11543 ) ;
#4833 = DIRECTION ( 'NONE',  ( -1.000000000000000000, -0.0000000000000000000, -0.0000000000000000000 ) ) ;
#4834 = EDGE_CURVE ( 'NONE', #2360, #2656, #6476, .T. ) ;
#4835 = FACE_OUTER_BOUND ( 'NONE', #44, .T. ) ;
#4836 = CARTESIAN_POINT ( 'NONE',  ( -4.000000000000001800, -2.100000000000000100, 0.2000000000000000100 ) ) ;
#4837 = CARTESIAN_POINT ( 'NONE',  ( 2.339999999999999900, 1.500000000000000000, 1.699999999999998800 ) ) ;
#4838 = ORIENTED_EDGE ( 'NONE', *, *, #2950, .T. ) ;
#4839 = UNCERTAINTY_MEASURE_WITH_UNIT (LENGTH_MEASURE( 1.000000000000000100E-005 ), #7709, 'distance_accuracy_value', 'NONE');
#4840 = STYLED_ITEM ( 'NONE', ( #7330 ), #11393 ) ;
#4841 = DIRECTION ( 'NONE',  ( 0.0000000000000000000, -0.0000000000000000000, -1.000000000000000000 ) ) ;
#4842 = CARTESIAN_POINT ( 'NONE',  ( 4.000000000000001800, 2.100000000000000100, 0.1999999999999975700 ) ) ;
#4843 = ORIENTED_EDGE ( 'NONE', *, *, #886, .F. ) ;
#4844 = ORIENTED_EDGE ( 'NONE', *, *, #12290, .F. ) ;
#4845 = CARTESIAN_POINT ( 'NONE',  ( 0.1599999999999999800, 3.099999999999999600, 0.5000000000000017800 ) ) ;
#4846 = VECTOR ( 'NONE', #6441, 1000.000000000000000 ) ;
#4847 = LINE ( 'NONE', #9450, #9658 ) ;
#4848 = ORIENTED_EDGE ( 'NONE', *, *, #3985, .T. ) ;
#4849 = DIRECTION ( 'NONE',  ( 1.000000000000000000, 0.0000000000000000000, 0.0000000000000000000 ) ) ;
#4850 = ORIENTED_EDGE ( 'NONE', *, *, #10013, .F. ) ;
#4851 =( GEOMETRIC_REPRESENTATION_CONTEXT ( 3 ) GLOBAL_UNCERTAINTY_ASSIGNED_CONTEXT ( ( #1901 ) ) GLOBAL_UNIT_ASSIGNED_CONTEXT ( ( #2770, #2725, #2748 ) ) REPRESENTATION_CONTEXT ( 'NONE', 'WORKASPACE' ) );
#4852 = VECTOR ( 'NONE', #11625, 1000.000000000000000 ) ;
#4853 = CARTESIAN_POINT ( 'NONE',  ( -2.660000000000000100, 2.649999999999999500, 1.225000000000001900 ) ) ;
#4854 =( LENGTH_UNIT ( ) NAMED_UNIT ( * ) SI_UNIT ( .MILLI., .METRE. ) );
#4855 = LINE ( 'NONE', #1403, #12188 ) ;
#4856 = CARTESIAN_POINT ( 'NONE',  ( 1.499999999999999100, 1.500000000000000400, 2.899999999999997700 ) ) ;
#4857 = DIRECTION ( 'NONE',  ( 0.0000000000000000000, 0.0000000000000000000, -1.000000000000000000 ) ) ;
#4858 = EDGE_CURVE ( 'NONE', #8639, #9201, #9016, .T. ) ;
#4859 = ORIENTED_EDGE ( 'NONE', *, *, #7847, .F. ) ;
#4860 = AXIS2_PLACEMENT_3D ( 'NONE', #11723, #7444, #7488 ) ;
#4861 = CARTESIAN_POINT ( 'NONE',  ( -1.090000000000000100, 2.000000000000000000, 0.8749999999999998900 ) ) ;
#4862 = DIRECTION ( 'NONE',  ( -0.0000000000000000000, 0.7071067811865474600, -0.7071067811865474600 ) ) ;
#4863 = LINE ( 'NONE', #4875, #7114 ) ;
#4864 =( NAMED_UNIT ( * ) SI_UNIT ( $, .STERADIAN. ) SOLID_ANGLE_UNIT ( ) );
#4865 = VECTOR ( 'NONE', #11765, 1000.000000000000100 ) ;
#4866 = PRESENTATION_LAYER_ASSIGNMENT (  '', '', ( #3567 ) ) ;
#4867 = ORIENTED_EDGE ( 'NONE', *, *, #9499, .T. ) ;
#4868 = EDGE_CURVE ( 'NONE', #4605, #6411, #11234, .T. ) ;
#4869 = ADVANCED_FACE ( 'NONE', ( #8717, #3903, #3584, #944, #10927, #8426 ), #11016, .F. ) ;
#4870 = MECHANICAL_DESIGN_GEOMETRIC_PRESENTATION_REPRESENTATION (  '', ( #2891 ), #5532 ) ;
#4871 = ORIENTED_EDGE ( 'NONE', *, *, #4385, .T. ) ;
#4872 = SURFACE_STYLE_USAGE ( .BOTH. , #11550 ) ;
#4873 = EDGE_LOOP ( 'NONE', ( #6727, #2767, #12131, #2474 ) ) ;
#4874 = FACE_OUTER_BOUND ( 'NONE', #3619, .T. ) ;
#4875 = CARTESIAN_POINT ( 'NONE',  ( -4.225000000000001400, 1.099999999999999600, 1.155000000000000000 ) ) ;
#4876 = COLOUR_RGB ( '',0.8000000000000000400, 0.8078431372549019800, 0.8000000000000000400 ) ;
#4877 = CARTESIAN_POINT ( 'NONE',  ( 2.660000000000000100, 2.099999999999999600, 0.8750000000000017800 ) ) ;
#4878 = LINE ( 'NONE', #1984, #1936 ) ;
#4879 = EDGE_CURVE ( 'NONE', #3429, #1502, #628, .T. ) ;
#4880 = VERTEX_POINT ( 'NONE', #11096 ) ;
#4881 = AXIS2_PLACEMENT_3D ( 'NONE', #2878, #2634, #2607 ) ;
#4882 = ORIENTED_EDGE ( 'NONE', *, *, #11583, .T. ) ;
#4883 = ORIENTED_EDGE ( 'NONE', *, *, #8153, .F. ) ;
#4884 = DIRECTION ( 'NONE',  ( 0.0000000000000000000, 0.0000000000000000000, 1.000000000000000000 ) ) ;
#4885 = ORIENTED_EDGE ( 'NONE', *, *, #9940, .T. ) ;
#4886 = ORIENTED_EDGE ( 'NONE', *, *, #11944, .T. ) ;
#4887 = EDGE_LOOP ( 'NONE', ( #2208, #6821, #2985, #5551 ) ) ;
#4888 =( GEOMETRIC_REPRESENTATION_CONTEXT ( 3 ) GLOBAL_UNCERTAINTY_ASSIGNED_CONTEXT ( ( #11418 ) ) GLOBAL_UNIT_ASSIGNED_CONTEXT ( ( #10086, #4340, #11024 ) ) REPRESENTATION_CONTEXT ( 'NONE', 'WORKASPACE' ) );
#4889 = VECTOR ( 'NONE', #11126, 1000.000000000000000 ) ;
#4890 = DIRECTION ( 'NONE',  ( 0.0000000000000000000, -1.000000000000000000, 0.0000000000000000000 ) ) ;
#4891 = VECTOR ( 'NONE', #74, 1000.000000000000100 ) ;
#4892 = DIRECTION ( 'NONE',  ( 0.0000000000000000000, -1.000000000000000000, 0.0000000000000000000 ) ) ;
#4893 = FILL_AREA_STYLE ('',( #6829 ) ) ;
#4894 = COLOUR_RGB ( '',0.8000000000000000400, 0.8078431372549019800, 0.8000000000000000400 ) ;
#4895 = DIRECTION ( 'NONE',  ( -1.000000000000000000, 0.0000000000000000000, -0.0000000000000000000 ) ) ;
#4896 =( GEOMETRIC_REPRESENTATION_CONTEXT ( 3 ) GLOBAL_UNCERTAINTY_ASSIGNED_CONTEXT ( ( #8002 ) ) GLOBAL_UNIT_ASSIGNED_CONTEXT ( ( #5959, #53, #6918 ) ) REPRESENTATION_CONTEXT ( 'NONE', 'WORKASPACE' ) );
#4897 = CARTESIAN_POINT ( 'NONE',  ( -3.100000000000001400, -0.5000000000000003300, 3.399999999999997700 ) ) ;
#4898 = FACE_OUTER_BOUND ( 'NONE', #3664, .T. ) ;
#4899 = DIRECTION ( 'NONE',  ( 1.000000000000000000, 0.0000000000000000000, 0.0000000000000000000 ) ) ;
#4900 = DIRECTION ( 'NONE',  ( 0.0000000000000000000, 0.0000000000000000000, -1.000000000000000000 ) ) ;
#4901 = ORIENTED_EDGE ( 'NONE', *, *, #12290, .T. ) ;
#4902 = ORIENTED_EDGE ( 'NONE', *, *, #2872, .F. ) ;
#4903 = LINE ( 'NONE', #3659, #9704 ) ;
#4904 = ORIENTED_EDGE ( 'NONE', *, *, #9666, .F. ) ;
#4905 = CARTESIAN_POINT ( 'NONE',  ( 4.675000000000002500, 1.099999999999999600, 0.0000000000000000000 ) ) ;
#4906 = UNCERTAINTY_MEASURE_WITH_UNIT (LENGTH_MEASURE( 1.000000000000000100E-005 ), #6704, 'distance_accuracy_value', 'NONE');
#4907 = CIRCLE ( 'NONE', #6595, 0.1500000000000001900 ) ;
#4908 = EDGE_LOOP ( 'NONE', ( #1017, #10369, #5678, #9736 ) ) ;
#4909 = ORIENTED_EDGE ( 'NONE', *, *, #1140, .F. ) ;
#4910 = CARTESIAN_POINT ( 'NONE',  ( 1.409999999999999700, 2.799999999999999400, 0.5000000000000017800 ) ) ;
#4911 = DIRECTION ( 'NONE',  ( -1.000000000000000000, -0.0000000000000000000, -0.0000000000000000000 ) ) ;
#4912 =( GEOMETRIC_REPRESENTATION_CONTEXT ( 3 ) GLOBAL_UNCERTAINTY_ASSIGNED_CONTEXT ( ( #226 ) ) GLOBAL_UNIT_ASSIGNED_CONTEXT ( ( #7667, #1807, #8630 ) ) REPRESENTATION_CONTEXT ( 'NONE', 'WORKASPACE' ) );
#4913 = DIRECTION ( 'NONE',  ( -0.7071067811865463500, 0.0000000000000000000, 0.7071067811865487900 ) ) ;
#4914 = DIRECTION ( 'NONE',  ( -0.0000000000000000000, -1.000000000000000000, -0.0000000000000000000 ) ) ;
#4915 = EDGE_LOOP ( 'NONE', ( #2464, #11345, #7954, #8646 ) ) ;
#4916 = CARTESIAN_POINT ( 'NONE',  ( 4.664999999999999100, 0.8999999999999973600, 0.2999999999999975500 ) ) ;
#4917 = LINE ( 'NONE', #8000, #1970 ) ;
#4918 = ORIENTED_EDGE ( 'NONE', *, *, #6331, .T. ) ;
#4919 = DIRECTION ( 'NONE',  ( 3.051828337366604500E-016, -0.0000000000000000000, 1.000000000000000000 ) ) ;
#4920 = CARTESIAN_POINT ( 'NONE',  ( -1.090000000000000100, 2.799999999999999400, 0.5000000000000017800 ) ) ;
#4921 = ORIENTED_EDGE ( 'NONE', *, *, #8430, .T. ) ;
#4922 = LINE ( 'NONE', #9140, #12531 ) ;
#4923 = LINE ( 'NONE', #2340, #10008 ) ;
#4924 = UNCERTAINTY_MEASURE_WITH_UNIT (LENGTH_MEASURE( 1.000000000000000100E-005 ), #7690, 'distance_accuracy_value', 'NONE');
#4925 = ORIENTED_EDGE ( 'NONE', *, *, #2945, .T. ) ;
#4926 = VERTEX_POINT ( 'NONE', #10871 ) ;
#4927 = EDGE_CURVE ( 'NONE', #755, #3805, #3280, .T. ) ;
#4928 = CARTESIAN_POINT ( 'NONE',  ( 4.000000000000001800, -2.100000000000000100, 0.1999999999999975700 ) ) ;
#4929 = SURFACE_STYLE_FILL_AREA ( #7717 ) ;
#4930 = ORIENTED_EDGE ( 'NONE', *, *, #3369, .F. ) ;
#4931 = ORIENTED_EDGE ( 'NONE', *, *, #7862, .T. ) ;
#4932 = EDGE_CURVE ( 'NONE', #1156, #5981, #8123, .T. ) ;
#4933 = ORIENTED_EDGE ( 'NONE', *, *, #9525, .F. ) ;
#4934 = MECHANICAL_DESIGN_GEOMETRIC_PRESENTATION_REPRESENTATION (  '', ( #2953 ), #5580 ) ;
#4935 = ORIENTED_EDGE ( 'NONE', *, *, #1954, .T. ) ;
#4936 = ORIENTED_EDGE ( 'NONE', *, *, #10413, .T. ) ;
#4937 = CARTESIAN_POINT ( 'NONE',  ( -3.400000000000002100, 0.8500000000000000900, 0.5999999999999966500 ) ) ;
#4938 = PLANE ( 'NONE',  #6434 ) ;
#4939 = VECTOR ( 'NONE', #7562, 1000.000000000000000 ) ;
#4940 = LINE ( 'NONE', #3459, #2327 ) ;
#4941 = CARTESIAN_POINT ( 'NONE',  ( 2.660000000000000100, 2.000000000000000000, 1.375000000000001600 ) ) ;
#4942 = VERTEX_POINT ( 'NONE', #10836 ) ;
#4943 = EDGE_CURVE ( 'NONE', #9171, #9835, #7816, .T. ) ;
#4944 = ADVANCED_FACE ( 'NONE', ( #10355 ), #10761, .F. ) ;
#4945 = DIRECTION ( 'NONE',  ( 0.0000000000000000000, 0.0000000000000000000, -1.000000000000000000 ) ) ;
#4946 = DIRECTION ( 'NONE',  ( -0.0000000000000000000, 1.000000000000000000, -0.0000000000000000000 ) ) ;
#4947 = VECTOR ( 'NONE', #7559, 1000.000000000000000 ) ;
#4948 = DIRECTION ( 'NONE',  ( 0.0000000000000000000, -0.0000000000000000000, 1.000000000000000000 ) ) ;
#4949 = LINE ( 'NONE', #9367, #4649 ) ;
#4950 = VECTOR ( 'NONE', #2215, 1000.000000000000000 ) ;
#4951 = ORIENTED_EDGE ( 'NONE', *, *, #8257, .F. ) ;
#4952 = MECHANICAL_DESIGN_GEOMETRIC_PRESENTATION_REPRESENTATION (  '', ( #2968 ), #5601 ) ;
#4953 = CARTESIAN_POINT ( 'NONE',  ( -2.339999999999999900, 1.500000000000000000, 0.9499999999999998400 ) ) ;
#4954 = DIRECTION ( 'NONE',  ( -1.000000000000000000, -0.0000000000000000000, -0.0000000000000000000 ) ) ;
#4955 = ORIENTED_EDGE ( 'NONE', *, *, #5163, .T. ) ;
#4956 = EDGE_CURVE ( 'NONE', #10975, #10535, #6907, .T. ) ;
#4958 = VERTEX_POINT ( 'NONE', #10268 ) ;
#4957 = CARTESIAN_POINT ( 'NONE',  ( -2.339999999999999900, 2.000000000000000000, 1.775000000000001500 ) ) ;
#4959 = CARTESIAN_POINT ( 'NONE',  ( -3.300000000000002500, -2.100000000000000100, -2.168404344971008900E-016 ) ) ;
#4960 = DIRECTION ( 'NONE',  ( -1.000000000000000000, 0.0000000000000000000, -4.170008355713468300E-016 ) ) ;
#4961 = ADVANCED_FACE ( 'NONE', ( #1696 ), #10244, .F. ) ;
#4962 = EDGE_CURVE ( 'NONE', #85, #6925, #8272, .T. ) ;
#4963 = EDGE_CURVE ( 'NONE', #11531, #10652, #10785, .T. ) ;
#4964 = CARTESIAN_POINT ( 'NONE',  ( -3.300000000000002500, -1.099999999999999900, -2.168404344971008900E-016 ) ) ;
#4965 = ORIENTED_EDGE ( 'NONE', *, *, #8911, .F. ) ;
#4966 = CARTESIAN_POINT ( 'NONE',  ( -3.300000000000002500, 2.100000000000000100, 0.1999999999999997900 ) ) ;
#4967 = ORIENTED_EDGE ( 'NONE', *, *, #1534, .T. ) ;
#4968 = DIRECTION ( 'NONE',  ( -1.000000000000000000, -0.0000000000000000000, -0.0000000000000000000 ) ) ;
#4969 = DIRECTION ( 'NONE',  ( -0.0000000000000000000, -0.0000000000000000000, 1.000000000000000000 ) ) ;
#4970 = AXIS2_PLACEMENT_3D ( 'NONE', #7025, #6934, #6921 ) ;
#4971 = FILL_AREA_STYLE ('',( #3946 ) ) ;
#4972 = DIRECTION ( 'NONE',  ( -0.0000000000000000000, -1.000000000000000000, -0.0000000000000000000 ) ) ;
#4973 = LINE ( 'NONE', #9669, #2350 ) ;
#4974 = DIRECTION ( 'NONE',  ( -1.000000000000000000, 0.0000000000000000000, 0.0000000000000000000 ) ) ;
#4975 = DIRECTION ( 'NONE',  ( 0.0000000000000000000, -1.000000000000000000, -3.738628180984498200E-017 ) ) ;
#4976 = STYLED_ITEM ( 'NONE', ( #8121 ), #9795 ) ;
#4977 = EDGE_LOOP ( 'NONE', ( #7366, #11912, #3829, #5208 ) ) ;
#4978 = PLANE ( 'NONE',  #5927 ) ;
#4979 = ORIENTED_EDGE ( 'NONE', *, *, #4411, .F. ) ;
#4980 = STYLED_ITEM ( 'NONE', ( #1171 ), #362 ) ;
#4981 = FILL_AREA_STYLE ('',( #786 ) ) ;
#4982 = SURFACE_STYLE_FILL_AREA ( #1921 ) ;
#4983 = CARTESIAN_POINT ( 'NONE',  ( 3.300000000000001600, -1.099999999999999900, -2.222614453595284100E-015 ) ) ;
#4984 = LINE ( 'NONE', #7842, #9780 ) ;
#4985 = STYLED_ITEM ( 'NONE', ( #1831 ), #7916 ) ;
#4986 = ORIENTED_EDGE ( 'NONE', *, *, #6166, .F. ) ;
#4987 = APPLICATION_PROTOCOL_DEFINITION ( 'draft international standard', 'automotive_design', 1998, #5958 ) ;
#4988 = SURFACE_SIDE_STYLE ('',( #11953 ) ) ;
#4989 = DIRECTION ( 'NONE',  ( -0.0000000000000000000, 1.000000000000000000, 0.0000000000000000000 ) ) ;
#4990 = ORIENTED_EDGE ( 'NONE', *, *, #11944, .F. ) ;
#4991 = DIRECTION ( 'NONE',  ( 0.0000000000000000000, -1.000000000000000000, 0.0000000000000000000 ) ) ;
#4992 = CARTESIAN_POINT ( 'NONE',  ( -1.409999999999999900, 2.799999999999999800, 1.225000000000001900 ) ) ;
#4993 = CARTESIAN_POINT ( 'NONE',  ( 3.300000000000001600, -2.100000000000000100, -2.222614453595284100E-015 ) ) ;
#4994 = DIRECTION ( 'NONE',  ( -0.0000000000000000000, 0.0000000000000000000, 1.000000000000000000 ) ) ;
#4995 = LINE ( 'NONE', #3506, #2377 ) ;
#4996 =( LENGTH_UNIT ( ) NAMED_UNIT ( * ) SI_UNIT ( .MILLI., .METRE. ) );
#4997 = EDGE_CURVE ( 'NONE', #1847, #10846, #784, .T. ) ;
#4998 = CARTESIAN_POINT ( 'NONE',  ( 3.500000000000000400, 2.100000000000000100, 3.399999999999997700 ) ) ;
#4999 = EDGE_LOOP ( 'NONE', ( #1205, #4516, #8679, #5116 ) ) ;
#5000 = CARTESIAN_POINT ( 'NONE',  ( 4.015563601797857300E-018, 2.821186441973475200E-032, -1.138412281109779700E-015 ) ) ;
#5001 = VERTEX_POINT ( 'NONE', #9874 ) ;
#5002 = ADVANCED_FACE ( 'NONE', ( #475 ), #9734, .F. ) ;
#5003 = PRESENTATION_LAYER_ASSIGNMENT (  '', '', ( #3714 ) ) ;
#5004 = DIRECTION ( 'NONE',  ( -0.0000000000000000000, 0.0000000000000000000, -1.000000000000000000 ) ) ;
#5005 = DIRECTION ( 'NONE',  ( 0.0000000000000000000, 1.000000000000000000, 0.0000000000000000000 ) ) ;
#5006 = LINE ( 'NONE', #1503, #7255 ) ;
#5007 = CARTESIAN_POINT ( 'NONE',  ( 4.995000000000001900, 1.099999999999999600, 1.504999999999999900 ) ) ;
#5008 = DIRECTION ( 'NONE',  ( -1.000000000000000000, 0.0000000000000000000, -0.0000000000000000000 ) ) ;
#5009 = DIRECTION ( 'NONE',  ( 0.7071067811865463500, 0.0000000000000000000, -0.7071067811865487900 ) ) ;
#5010 = ORIENTED_EDGE ( 'NONE', *, *, #5285, .T. ) ;
#5011 = EDGE_CURVE ( 'NONE', #2375, #8633, #7056, .T. ) ;
#5012 = LINE ( 'NONE', #6192, #12037 ) ;
#5013 = ADVANCED_FACE ( 'NONE', ( #5422 ), #9300, .F. ) ;
#5014 = VECTOR ( 'NONE', #6132, 1000.000000000000000 ) ;
#5015 = VECTOR ( 'NONE', #10028, 1000.000000000000000 ) ;
#5016 = CARTESIAN_POINT ( 'NONE',  ( -3.800000000000001200, 2.100000000000000100, -5.421010862427522200E-017 ) ) ;
#5017 = PLANE ( 'NONE',  #2501 ) ;
#5018 = AXIS2_PLACEMENT_3D ( 'NONE', #7666, #7701, #7752 ) ;
#5019 = VERTEX_POINT ( 'NONE', #10800 ) ;
#5020 = CARTESIAN_POINT ( 'NONE',  ( 2.660000000000000100, 1.500000000000000000, 1.699999999999998800 ) ) ;
#5021 = EDGE_CURVE ( 'NONE', #12266, #7631, #11817, .T. ) ;
#5022 = DIRECTION ( 'NONE',  ( -1.000000000000000000, 9.856383386231858800E-017, 0.0000000000000000000 ) ) ;
#5023 = APPLICATION_CONTEXT ( 'automotive_design' ) ;
#5024 = DIRECTION ( 'NONE',  ( 0.0000000000000000000, -1.000000000000000000, 0.0000000000000000000 ) ) ;
#5025 = VECTOR ( 'NONE', #8196, 1000.000000000000000 ) ;
#5026 = CARTESIAN_POINT ( 'NONE',  ( -1.090000000000000100, 2.299999999999999400, 0.6750000000000020400 ) ) ;
#5027 = LINE ( 'NONE', #8948, #12345 ) ;
#5029 = ORIENTED_EDGE ( 'NONE', *, *, #6874, .T. ) ;
#5028 = CARTESIAN_POINT ( 'NONE',  ( 3.300000000000001600, -2.100000000000000100, 0.1999999999999977900 ) ) ;
#5030 = EDGE_CURVE ( 'NONE', #8783, #8007, #4498, .T. ) ;
#5031 = FACE_OUTER_BOUND ( 'NONE', #714, .T. ) ;
#5032 = EDGE_CURVE ( 'NONE', #11824, #1018, #4178, .T. ) ;
#5033 = CARTESIAN_POINT ( 'NONE',  ( 0.1599999999999999800, 1.500000000000000000, 0.8750000000000017800 ) ) ;
#5034 = STYLED_ITEM ( 'NONE', ( #180 ), #4419 ) ;
#5035 =( NAMED_UNIT ( * ) SI_UNIT ( $, .STERADIAN. ) SOLID_ANGLE_UNIT ( ) );
#5036 = ORIENTED_EDGE ( 'NONE', *, *, #3731, .F. ) ;
#5037 = VECTOR ( 'NONE', #5042, 1000.000000000000000 ) ;
#5038 = CARTESIAN_POINT ( 'NONE',  ( 2.339999999999999900, 0.8500000000000000900, 1.700000000000000000 ) ) ;
#5039 = LINE ( 'NONE', #10432, #12059 ) ;
#5040 = DIRECTION ( 'NONE',  ( 0.0000000000000000000, -0.0000000000000000000, 1.000000000000000000 ) ) ;
#5041 = MECHANICAL_DESIGN_GEOMETRIC_PRESENTATION_REPRESENTATION (  '', ( #3749 ), #5693 ) ;
#5042 = DIRECTION ( 'NONE',  ( -0.0000000000000000000, 1.000000000000000000, -0.0000000000000000000 ) ) ;
#5043 = EDGE_CURVE ( 'NONE', #10583, #9200, #9309, .T. ) ;
#5044 = VECTOR ( 'NONE', #10262, 1000.000000000000000 ) ;
#5045 = AXIS2_PLACEMENT_3D ( 'NONE', #5160, #9018, #281 ) ;
#5046 = ORIENTED_EDGE ( 'NONE', *, *, #12080, .T. ) ;
#5047 = DIRECTION ( 'NONE',  ( 1.000000000000000000, 0.0000000000000000000, 0.0000000000000000000 ) ) ;
#5048 = VERTEX_POINT ( 'NONE', #8933 ) ;
#5049 = VECTOR ( 'NONE', #827, 1000.000000000000000 ) ;
#5050 = ORIENTED_EDGE ( 'NONE', *, *, #2194, .F. ) ;
#5051 = DIRECTION ( 'NONE',  ( -1.000000000000000000, -0.0000000000000000000, -0.0000000000000000000 ) ) ;
#5052 = CARTESIAN_POINT ( 'NONE',  ( -0.2500000000000011100, 2.100000000000000100, 2.899999999999997700 ) ) ;
#5053 = SURFACE_SIDE_STYLE ('',( #8308 ) ) ;
#5054 = EDGE_CURVE ( 'NONE', #10032, #10758, #1225, .T. ) ;
#5055 = COLOUR_RGB ( '',0.8000000000000000400, 0.8078431372549019800, 0.8000000000000000400 ) ;
#5056 = VECTOR ( 'NONE', #10020, 1000.000000000000000 ) ;
#5057 = CARTESIAN_POINT ( 'NONE',  ( 2.339999999999999900, 2.000000000000000000, 1.774999999999999700 ) ) ;
#5058 = AXIS2_PLACEMENT_3D ( 'NONE', #11668, #10603, #10491 ) ;
#5059 = VECTOR ( 'NONE', #11895, 1000.000000000000100 ) ;
#5060 = LINE ( 'NONE', #11809, #9857 ) ;
#5061 = ORIENTED_EDGE ( 'NONE', *, *, #710, .T. ) ;
#5062 = VECTOR ( 'NONE', #2206, 1000.000000000000000 ) ;
#5063 =( GEOMETRIC_REPRESENTATION_CONTEXT ( 3 ) GLOBAL_UNCERTAINTY_ASSIGNED_CONTEXT ( ( #1016 ) ) GLOBAL_UNIT_ASSIGNED_CONTEXT ( ( #1990, #8789, #2991 ) ) REPRESENTATION_CONTEXT ( 'NONE', 'WORKASPACE' ) );
#5064 = ORIENTED_EDGE ( 'NONE', *, *, #10474, .T. ) ;
#5065 = LINE ( 'NONE', #8222, #7619 ) ;
#5066 = VERTEX_POINT ( 'NONE', #8833 ) ;
#5067 = AXIS2_PLACEMENT_3D ( 'NONE', #2613, #11277, #5573 ) ;
#5068 = CARTESIAN_POINT ( 'NONE',  ( 0.1600000000000000300, 1.500000000000000000, 1.700000000000000000 ) ) ;
#5069 = CARTESIAN_POINT ( 'NONE',  ( -2.339999999999999900, 2.000000000000000000, 1.774999999999999700 ) ) ;
#5070 = LINE ( 'NONE', #1024, #12091 ) ;
#5071 = ORIENTED_EDGE ( 'NONE', *, *, #9319, .T. ) ;
#5072 = ORIENTED_EDGE ( 'NONE', *, *, #6547, .F. ) ;
#5073 = CARTESIAN_POINT ( 'NONE',  ( 0.1600000000000000300, 2.000000000000000000, 1.774999999999999700 ) ) ;
#5074 = DIRECTION ( 'NONE',  ( 0.0000000000000000000, 0.0000000000000000000, -1.000000000000000000 ) ) ;
#5075 = EDGE_CURVE ( 'NONE', #10621, #3551, #3887, .T. ) ;
#5076 = EDGE_LOOP ( 'NONE', ( #11374, #10422, #11792, #5112 ) ) ;
#5077 = CARTESIAN_POINT ( 'NONE',  ( 2.339999999999999900, 2.299999999999999400, 0.6750000000000020400 ) ) ;
#5078 = DIRECTION ( 'NONE',  ( 3.051828337366604500E-016, -0.0000000000000000000, 1.000000000000000000 ) ) ;
#5079 = EDGE_LOOP ( 'NONE', ( #720, #137, #3674, #3576 ) ) ;
#5080 =( GEOMETRIC_REPRESENTATION_CONTEXT ( 3 ) GLOBAL_UNCERTAINTY_ASSIGNED_CONTEXT ( ( #1189 ) ) GLOBAL_UNIT_ASSIGNED_CONTEXT ( ( #6671, #807, #7640 ) ) REPRESENTATION_CONTEXT ( 'NONE', 'WORKASPACE' ) );
#5081 = ORIENTED_EDGE ( 'NONE', *, *, #1197, .F. ) ;
#5082 = LINE ( 'NONE', #4180, #7343 ) ;
#5083 = CARTESIAN_POINT ( 'NONE',  ( -2.250000000000000900, 2.100000000000000100, 3.399999999999997700 ) ) ;
#5084 = ADVANCED_FACE ( 'NONE', ( #8710 ), #8847, .F. ) ;
#5085 = CARTESIAN_POINT ( 'NONE',  ( -1.409999999999999900, 1.500000000000000000, 1.774999999999999700 ) ) ;
#5086 = LINE ( 'NONE', #10655, #2481 ) ;
#5087 = DIRECTION ( 'NONE',  ( -3.051828337366604500E-016, -0.0000000000000000000, -1.000000000000000000 ) ) ;
#5088 = CARTESIAN_POINT ( 'NONE',  ( 5.195000000000004700, 1.099999999999999600, 1.029999999999997100 ) ) ;
#5089 = VECTOR ( 'NONE', #4656, 1000.000000000000000 ) ;
#5090 = ORIENTED_EDGE ( 'NONE', *, *, #11590, .T. ) ;
#5091 = ORIENTED_EDGE ( 'NONE', *, *, #2889, .F. ) ;
#5092 = DIRECTION ( 'NONE',  ( 0.0000000000000000000, 1.000000000000000000, 0.0000000000000000000 ) ) ;
#5093 = EDGE_CURVE ( 'NONE', #303, #9179, #9002, .T. ) ;
#5094 = CARTESIAN_POINT ( 'NONE',  ( -1.325000000000000600, -0.6500000000000003600, 0.1999999999999992100 ) ) ;
#5095 = LINE ( 'NONE', #10122, #3734 ) ;
#5096 = DIRECTION ( 'NONE',  ( 5.421010862427526500E-017, 0.0000000000000000000, 1.000000000000000000 ) ) ;
#5097 = DIRECTION ( 'NONE',  ( -3.049318610115481200E-016, -0.0000000000000000000, -1.000000000000000000 ) ) ;
#5098 = DIRECTION ( 'NONE',  ( 0.0000000000000000000, -0.0000000000000000000, 1.000000000000000000 ) ) ;
#5099 = VERTEX_POINT ( 'NONE', #8450 ) ;
#5100 = FACE_OUTER_BOUND ( 'NONE', #6301, .T. ) ;
#5101 = CARTESIAN_POINT ( 'NONE',  ( -4.995000000000002800, -1.200000000000000400, 1.229999999999997500 ) ) ;
#5102 = SURFACE_SIDE_STYLE ('',( #3891 ) ) ;
#5103 = ORIENTED_EDGE ( 'NONE', *, *, #6406, .F. ) ;
#5104 = PRODUCT_DEFINITION ( 'UNKNOWN', '', #5746, #11564 ) ;
#5105 = VERTEX_POINT ( 'NONE', #8428 ) ;
#5106 = STYLED_ITEM ( 'NONE', ( #4114 ), #532 ) ;
#5107 = CARTESIAN_POINT ( 'NONE',  ( -1.409999999999999900, 2.799999999999999400, 0.5000000000000017800 ) ) ;
#5108 = PRESENTATION_STYLE_ASSIGNMENT (( #3030 ) ) ;
#5109 = DIRECTION ( 'NONE',  ( 0.0000000000000000000, 1.000000000000000000, 3.738628180984497600E-017 ) ) ;
#5110 = DIRECTION ( 'NONE',  ( -0.0000000000000000000, 1.000000000000000000, 0.0000000000000000000 ) ) ;
#5111 = EDGE_CURVE ( 'NONE', #574, #11054, #10914, .T. ) ;
#5112 = ORIENTED_EDGE ( 'NONE', *, *, #11979, .T. ) ;
#5113 =( NAMED_UNIT ( * ) PLANE_ANGLE_UNIT ( ) SI_UNIT ( $, .RADIAN. ) );
#5114 = ORIENTED_EDGE ( 'NONE', *, *, #3522, .F. ) ;
#5115 = AXIS2_PLACEMENT_3D ( 'NONE', #4744, #4343, #4254 ) ;
#5116 = ORIENTED_EDGE ( 'NONE', *, *, #8565, .T. ) ;
#5117 = DIRECTION ( 'NONE',  ( 1.000000000000000000, 0.0000000000000000000, 1.626303258728256700E-016 ) ) ;
#5118 = CARTESIAN_POINT ( 'NONE',  ( 4.995000000000001900, 1.099999999999999600, 1.504999999999999900 ) ) ;
#5119 = VECTOR ( 'NONE', #11843, 1000.000000000000000 ) ;
#5120 = AXIS2_PLACEMENT_3D ( 'NONE', #11993, #4819, #4421 ) ;
#5121 = VECTOR ( 'NONE', #9428, 1000.000000000000000 ) ;
#5122 = EDGE_CURVE ( 'NONE', #5473, #8453, #929, .T. ) ;
#5123 = CARTESIAN_POINT ( 'NONE',  ( 3.400000000000002600, 0.02499999999999995600, 2.174999999999996300 ) ) ;
#5124 = CARTESIAN_POINT ( 'NONE',  ( -3.800000000000001600, -2.100000000000000100, -5.421010862427522200E-017 ) ) ;
#5125 = ORIENTED_EDGE ( 'NONE', *, *, #1094, .T. ) ;
#5126 = ORIENTED_EDGE ( 'NONE', *, *, #4411, .T. ) ;
#5127 = EDGE_LOOP ( 'NONE', ( #10135, #1673, #3873, #9599 ) ) ;
#5128 = CARTESIAN_POINT ( 'NONE',  ( -2.339999999999999900, 3.099999999999999600, 0.5000000000000017800 ) ) ;
#5129 = CARTESIAN_POINT ( 'NONE',  ( -2.660000000000000100, 2.499999999999999600, 1.734723475976807100E-015 ) ) ;
#5130 = EDGE_CURVE ( 'NONE', #7110, #86, #5853, .T. ) ;
#5131 = CARTESIAN_POINT ( 'NONE',  ( 0.1599999999999999800, 3.099999999999999600, 0.2000000000000018700 ) ) ;
#5132 = FACE_OUTER_BOUND ( 'NONE', #9123, .T. ) ;
#5133 = PLANE ( 'NONE',  #2993 ) ;
#5134 = LINE ( 'NONE', #8092, #12443 ) ;
#5135 = PLANE ( 'NONE',  #11433 ) ;
#5136 = CARTESIAN_POINT ( 'NONE',  ( 5.000000000000000900, 1.099999999999999600, 0.2999999999999975500 ) ) ;
#5137 = VERTEX_POINT ( 'NONE', #8220 ) ;
#5138 = DIRECTION ( 'NONE',  ( 1.000000000000000000, 0.0000000000000000000, 0.0000000000000000000 ) ) ;
#5139 = DIRECTION ( 'NONE',  ( 0.0000000000000000000, 1.000000000000000000, 1.355252715606878600E-016 ) ) ;
#5140 = CARTESIAN_POINT ( 'NONE',  ( 0.1599999999999999800, 2.000000000000000000, 1.775000000000001500 ) ) ;
#5141 = ORIENTED_EDGE ( 'NONE', *, *, #6069, .T. ) ;
#5142 = FILL_AREA_STYLE ('',( #5272 ) ) ;
#5143 = CARTESIAN_POINT ( 'NONE',  ( -4.575000000000002000, -1.100000000000000500, 1.155000000000000000 ) ) ;
#5144 = MECHANICAL_DESIGN_GEOMETRIC_PRESENTATION_REPRESENTATION (  '', ( #3159 ), #5774 ) ;
#5145 = CARTESIAN_POINT ( 'NONE',  ( -0.2500000000000011100, 2.100000000000000100, 2.899999999999997700 ) ) ;
#5146 = ADVANCED_FACE ( 'NONE', ( #3262 ), #8122, .T. ) ;
#5147 = ORIENTED_EDGE ( 'NONE', *, *, #6885, .F. ) ;
#5148 = VERTEX_POINT ( 'NONE', #8133 ) ;
#5149 = PLANE ( 'NONE',  #6559 ) ;
#5150 = CARTESIAN_POINT ( 'NONE',  ( -4.475000000000001400, -1.200000000000000400, 1.039999999999996900 ) ) ;
#5151 = CARTESIAN_POINT ( 'NONE',  ( 2.660000000000000100, 2.299999999999999400, 0.6750000000000020400 ) ) ;
#5152 = VECTOR ( 'NONE', #8671, 1000.000000000000000 ) ;
#5153 = DIRECTION ( 'NONE',  ( -1.000000000000000000, -0.0000000000000000000, -0.0000000000000000000 ) ) ;
#5154 =( GEOMETRIC_REPRESENTATION_CONTEXT ( 3 ) GLOBAL_UNCERTAINTY_ASSIGNED_CONTEXT ( ( #405 ) ) GLOBAL_UNIT_ASSIGNED_CONTEXT ( ( #1597, #8427, #2606 ) ) REPRESENTATION_CONTEXT ( 'NONE', 'WORKASPACE' ) );
#5155 = CARTESIAN_POINT ( 'NONE',  ( -5.195000000000003800, 1.099999999999999600, 1.729999999999999800 ) ) ;
#5156 = DIRECTION ( 'NONE',  ( 0.0000000000000000000, 0.0000000000000000000, 1.000000000000000000 ) ) ;
#5157 = VECTOR ( 'NONE', #6482, 1000.000000000000000 ) ;
#5158 =( NAMED_UNIT ( * ) SI_UNIT ( $, .STERADIAN. ) SOLID_ANGLE_UNIT ( ) );
#5159 = ORIENTED_EDGE ( 'NONE', *, *, #3139, .T. ) ;
#5160 = CARTESIAN_POINT ( 'NONE',  ( 4.575000000000002000, -1.100000000000000500, 1.155000000000000000 ) ) ;
#5161 = CARTESIAN_POINT ( 'NONE',  ( -1.090000000000000100, 1.500000000000000000, 1.774999999999999700 ) ) ;
#5162 = VECTOR ( 'NONE', #9812, 1000.000000000000000 ) ;
#5163 = EDGE_CURVE ( 'NONE', #3703, #10125, #8109, .T. ) ;
#5164 =( NAMED_UNIT ( * ) SI_UNIT ( $, .STERADIAN. ) SOLID_ANGLE_UNIT ( ) );
#5165 = VECTOR ( 'NONE', #5294, 1000.000000000000000 ) ;
#5166 =( LENGTH_UNIT ( ) NAMED_UNIT ( * ) SI_UNIT ( .MILLI., .METRE. ) );
#5167 = CARTESIAN_POINT ( 'NONE',  ( -2.250000000000000900, 2.100000000000000100, 2.899999999999997700 ) ) ;
#5168 = EDGE_CURVE ( 'NONE', #6411, #11158, #5558, .T. ) ;
#5169 = ORIENTED_EDGE ( 'NONE', *, *, #11897, .T. ) ;
#5170 = PLANE ( 'NONE',  #10099 ) ;
#5171 = LINE ( 'NONE', #4748, #9953 ) ;
#5172 = CARTESIAN_POINT ( 'NONE',  ( 1.409999999999999700, 2.649999999999999500, 1.375000000000002000 ) ) ;
#5173 = PLANE ( 'NONE',  #5687 ) ;
#5174 = VECTOR ( 'NONE', #8424, 1000.000000000000000 ) ;
#5175 = DIRECTION ( 'NONE',  ( 0.0000000000000000000, 1.000000000000000000, 0.0000000000000000000 ) ) ;
#5176 = ORIENTED_EDGE ( 'NONE', *, *, #215, .F. ) ;
#5177 = EDGE_CURVE ( 'NONE', #3821, #1100, #6158, .T. ) ;
#5178 = ORIENTED_EDGE ( 'NONE', *, *, #6050, .F. ) ;
#5179 = LINE ( 'NONE', #6711, #2568 ) ;
#5180 = FILL_AREA_STYLE ('',( #9989 ) ) ;
#5181 = ORIENTED_EDGE ( 'NONE', *, *, #8911, .T. ) ;
#5182 = PRESENTATION_STYLE_ASSIGNMENT (( #1306 ) ) ;
#5183 = LINE ( 'NONE', #9668, #9683 ) ;
#5184 = VERTEX_POINT ( 'NONE', #7826 ) ;
#5185 = CARTESIAN_POINT ( 'NONE',  ( -4.675000000000001600, -1.100000000000000500, 0.4499999999999999600 ) ) ;
#5186 =( NAMED_UNIT ( * ) SI_UNIT ( $, .STERADIAN. ) SOLID_ANGLE_UNIT ( ) );
#5187 = PRESENTATION_LAYER_ASSIGNMENT (  '', '', ( #3893 ) ) ;
#5188 = ORIENTED_EDGE ( 'NONE', *, *, #1053, .F. ) ;
#5189 = EDGE_CURVE ( 'NONE', #8128, #8589, #2635, .T. ) ;
#5190 = CARTESIAN_POINT ( 'NONE',  ( 3.800000000000002000, 2.100000000000000100, -2.385244779468109800E-015 ) ) ;
#5191 =( NAMED_UNIT ( * ) SI_UNIT ( $, .STERADIAN. ) SOLID_ANGLE_UNIT ( ) );
#5192 = ORIENTED_EDGE ( 'NONE', *, *, #10253, .T. ) ;
#5193 = ORIENTED_EDGE ( 'NONE', *, *, #6179, .F. ) ;
#5194 = VECTOR ( 'NONE', #5386, 1000.000000000000000 ) ;
#5195 = CIRCLE ( 'NONE', #8842, 0.1500000000000001900 ) ;
#5196 = FACE_OUTER_BOUND ( 'NONE', #568, .T. ) ;
#5197 = EDGE_CURVE ( 'NONE', #11640, #8942, #5258, .T. ) ;
#5198 = VECTOR ( 'NONE', #7414, 1000.000000000000000 ) ;
#5199 = EDGE_CURVE ( 'NONE', #11549, #3762, #10343, .T. ) ;
#5200 = DIRECTION ( 'NONE',  ( -0.0000000000000000000, -1.000000000000000000, -0.0000000000000000000 ) ) ;
#5201 = MECHANICAL_DESIGN_GEOMETRIC_PRESENTATION_REPRESENTATION (  '', ( #3229 ), #5848 ) ;
#5202 =( NAMED_UNIT ( * ) PLANE_ANGLE_UNIT ( ) SI_UNIT ( $, .RADIAN. ) );
#5203 =( NAMED_UNIT ( * ) PLANE_ANGLE_UNIT ( ) SI_UNIT ( $, .RADIAN. ) );
#5204 = LINE ( 'NONE', #5502, #2585 ) ;
#5205 = DIRECTION ( 'NONE',  ( 1.000000000000000000, 0.0000000000000000000, 1.586637325588544600E-016 ) ) ;
#5206 = ADVANCED_FACE ( 'NONE', ( #12264 ), #7570, .F. ) ;
#5207 = ORIENTED_EDGE ( 'NONE', *, *, #11066, .F. ) ;
#5208 = ORIENTED_EDGE ( 'NONE', *, *, #6852, .T. ) ;
#5209 = VECTOR ( 'NONE', #7495, 1000.000000000000000 ) ;
#5210 = ORIENTED_EDGE ( 'NONE', *, *, #10913, .T. ) ;
#5211 = CARTESIAN_POINT ( 'NONE',  ( 2.659999999999999300, -0.8999999999999956900, 0.9499999999999980700 ) ) ;
#5212 = CARTESIAN_POINT ( 'NONE',  ( 0.1599999999999999800, 2.099999999999999600, 0.8750000000000017800 ) ) ;
#5213 = DIRECTION ( 'NONE',  ( 0.2033118901005200000, 0.9241449550023809200, 0.3234507342508306500 ) ) ;
#5214 = VECTOR ( 'NONE', #5657, 1000.000000000000000 ) ;
#5215 = LINE ( 'NONE', #6794, #7159 ) ;
#5216 = STYLED_ITEM ( 'NONE', ( #8161 ), #9610 ) ;
#5217 = EDGE_LOOP ( 'NONE', ( #1117, #5230, #7514, #12329 ) ) ;
#5218 = ORIENTED_EDGE ( 'NONE', *, *, #394, .T. ) ;
#5219 = CARTESIAN_POINT ( 'NONE',  ( -0.1599999999999999800, 2.299999999999999400, 0.6750000000000020400 ) ) ;
#5220 = ORIENTED_EDGE ( 'NONE', *, *, #9536, .T. ) ;
#5221 = DIRECTION ( 'NONE',  ( 1.586637325588544600E-016, 0.0000000000000000000, -1.000000000000000000 ) ) ;
#5222 = DIRECTION ( 'NONE',  ( 1.000000000000000000, 0.0000000000000000000, 0.0000000000000000000 ) ) ;
#5223 = DIRECTION ( 'NONE',  ( 1.000000000000000000, 0.0000000000000000000, -3.051828337366604500E-016 ) ) ;
#5224 = DIRECTION ( 'NONE',  ( 2.990902544787601500E-016, 1.000000000000000000, -0.0000000000000000000 ) ) ;
#5225 = AXIS2_PLACEMENT_3D ( 'NONE', #4371, #4538, #4591 ) ;
#5226 = CARTESIAN_POINT ( 'NONE',  ( 4.000000000000000000, -2.100000000000000100, 2.999999999999997300 ) ) ;
#5227 = ORIENTED_EDGE ( 'NONE', *, *, #41, .T. ) ;
#5228 = CARTESIAN_POINT ( 'NONE',  ( 0.05000000000000012800, -1.400000000000000100, 1.524999999999998100 ) ) ;
#5229 = UNCERTAINTY_MEASURE_WITH_UNIT (LENGTH_MEASURE( 1.000000000000000100E-005 ), #5554, 'distance_accuracy_value', 'NONE');
#5230 = ORIENTED_EDGE ( 'NONE', *, *, #7112, .F. ) ;
#5231 = FACE_OUTER_BOUND ( 'NONE', #11198, .T. ) ;
#5232 = LINE ( 'NONE', #1935, #7171 ) ;
#5233 = ORIENTED_EDGE ( 'NONE', *, *, #7911, .F. ) ;
#5234 =( GEOMETRIC_REPRESENTATION_CONTEXT ( 3 ) GLOBAL_UNCERTAINTY_ASSIGNED_CONTEXT ( ( #1251 ) ) GLOBAL_UNIT_ASSIGNED_CONTEXT ( ( #6520, #640, #7481 ) ) REPRESENTATION_CONTEXT ( 'NONE', 'WORKASPACE' ) );
#5235 = ORIENTED_EDGE ( 'NONE', *, *, #1462, .T. ) ;
#5236 = COLOUR_RGB ( '',0.8000000000000000400, 0.8078431372549019800, 0.8000000000000000400 ) ;
#5237 = PRESENTATION_LAYER_ASSIGNMENT (  '', '', ( #3931 ) ) ;
#5238 = VECTOR ( 'NONE', #12332, 1000.000000000000000 ) ;
#5239 = EDGE_LOOP ( 'NONE', ( #4731, #9347, #5644, #6581 ) ) ;
#5240 = ORIENTED_EDGE ( 'NONE', *, *, #7197, .F. ) ;
#5241 = CARTESIAN_POINT ( 'NONE',  ( 2.024999999999999900, -1.800000000000000300, 0.5999999999999968700 ) ) ;
#5242 =( LENGTH_UNIT ( ) NAMED_UNIT ( * ) SI_UNIT ( .MILLI., .METRE. ) );
#5243 = SURFACE_STYLE_USAGE ( .BOTH. , #10937 ) ;
#5244 = ORIENTED_EDGE ( 'NONE', *, *, #9757, .F. ) ;
#5245 = ORIENTED_EDGE ( 'NONE', *, *, #11029, .F. ) ;
#5246 = ORIENTED_EDGE ( 'NONE', *, *, #10470, .F. ) ;
#5247 =( NAMED_UNIT ( * ) PLANE_ANGLE_UNIT ( ) SI_UNIT ( $, .RADIAN. ) );
#5248 = VECTOR ( 'NONE', #10969, 1000.000000000000000 ) ;
#5249 = EDGE_CURVE ( 'NONE', #10647, #1256, #4034, .T. ) ;
#5250 = LINE ( 'NONE', #12304, #4939 ) ;
#5251 = DIRECTION ( 'NONE',  ( 1.000000000000000000, 0.0000000000000000000, -5.421010862427526500E-017 ) ) ;
#5252 = ORIENTED_EDGE ( 'NONE', *, *, #3869, .F. ) ;
#5254 = ORIENTED_EDGE ( 'NONE', *, *, #239, .T. ) ;
#5253 = FILL_AREA_STYLE ('',( #4256 ) ) ;
#5255 = DIRECTION ( 'NONE',  ( 0.0000000000000000000, 0.0000000000000000000, -1.000000000000000000 ) ) ;
#5256 = AXIS2_PLACEMENT_3D ( 'NONE', #1290, #8134, #2317 ) ;
#5257 = COLOUR_RGB ( '',0.8000000000000000400, 0.8078431372549019800, 0.8000000000000000400 ) ;
#5258 = LINE ( 'NONE', #7907, #317 ) ;
#5259 =( LENGTH_UNIT ( ) NAMED_UNIT ( * ) SI_UNIT ( .MILLI., .METRE. ) );
#5260 = CARTESIAN_POINT ( 'NONE',  ( 5.700000000000001100, 0.9000000000000003600, 0.2500000000000001100 ) ) ;
#5261 = LINE ( 'NONE', #4151, #10037 ) ;
#5262 = VERTEX_POINT ( 'NONE', #7079 ) ;
#5263 = ADVANCED_FACE ( 'NONE', ( #8854 ), #7109, .F. ) ;
#5264 = CARTESIAN_POINT ( 'NONE',  ( 1.409999999999999700, -1.400000000000000100, 1.124999999999998900 ) ) ;
#5265 = ORIENTED_EDGE ( 'NONE', *, *, #5939, .F. ) ;
#5266 = CARTESIAN_POINT ( 'NONE',  ( 3.500000000000000400, 1.500000000000000200, 2.899999999999997700 ) ) ;
#5267 = EDGE_CURVE ( 'NONE', #5341, #10032, #6321, .T. ) ;
#5268 = CARTESIAN_POINT ( 'NONE',  ( 4.675000000000002500, -1.100000000000000500, 0.2499999999999999400 ) ) ;
#5269 = CARTESIAN_POINT ( 'NONE',  ( -4.995000000000001900, -1.100000000000000500, 1.504999999999999900 ) ) ;
#5270 = SURFACE_STYLE_USAGE ( .BOTH. , #5283 ) ;
#5271 = VECTOR ( 'NONE', #10661, 1000.000000000000000 ) ;
#5272 = FILL_AREA_STYLE_COLOUR ( '', #4365 ) ;
#5273 = CARTESIAN_POINT ( 'NONE',  ( 2.660000000000000100, 3.099999999999999600, 0.5000000000000017800 ) ) ;
#5274 = LINE ( 'NONE', #4845, #10356 ) ;
#5275 = ORIENTED_EDGE ( 'NONE', *, *, #8473, .T. ) ;
#5276 = AXIS2_PLACEMENT_3D ( 'NONE', #4716, #4811, #4849 ) ;
#5277 = EDGE_CURVE ( 'NONE', #3336, #7707, #1386, .T. ) ;
#5278 = VERTEX_POINT ( 'NONE', #6911 ) ;
#5279 = ADVANCED_FACE ( 'NONE', ( #6009 ), #6808, .T. ) ;
#5280 = CARTESIAN_POINT ( 'NONE',  ( -2.339999999999999900, 3.099999999999999600, 0.2000000000000018700 ) ) ;
#5281 = LINE ( 'NONE', #7027, #17 ) ;
#5282 = DIRECTION ( 'NONE',  ( 1.000000000000000000, 0.0000000000000000000, -0.0000000000000000000 ) ) ;
#5283 = SURFACE_SIDE_STYLE ('',( #10326 ) ) ;
#5284 = EDGE_CURVE ( 'NONE', #5981, #8799, #5095, .T. ) ;
#5285 = EDGE_CURVE ( 'NONE', #8102, #3429, #7654, .T. ) ;
#5286 = ORIENTED_EDGE ( 'NONE', *, *, #10797, .F. ) ;
#5287 = CARTESIAN_POINT ( 'NONE',  ( 1.725000000000000800, -0.6500000000000012400, 0.5999999999999967600 ) ) ;
#5288 = ORIENTED_EDGE ( 'NONE', *, *, #2732, .F. ) ;
#5289 =( LENGTH_UNIT ( ) NAMED_UNIT ( * ) SI_UNIT ( .MILLI., .METRE. ) );
#5290 = LINE ( 'NONE', #5764, #10069 ) ;
#5291 = AXIS2_PLACEMENT_3D ( 'NONE', #11772, #11692, #11478 ) ;
#5292 = LINE ( 'NONE', #5123, #7534 ) ;
#5293 = EDGE_CURVE ( 'NONE', #1156, #8387, #10184, .T. ) ;
#5294 = DIRECTION ( 'NONE',  ( 0.0000000000000000000, -1.000000000000000000, 0.0000000000000000000 ) ) ;
#5295 = AXIS2_PLACEMENT_3D ( 'NONE', #4957, #11626, #5921 ) ;
#5296 = LINE ( 'NONE', #6823, #10376 ) ;
#5297 = PLANE ( 'NONE',  #3352 ) ;
#5298 = ORIENTED_EDGE ( 'NONE', *, *, #8429, .F. ) ;
#5299 = ORIENTED_EDGE ( 'NONE', *, *, #1255, .F. ) ;
#5300 = EDGE_CURVE ( 'NONE', #9247, #11824, #9891, .T. ) ;
#5301 = DIRECTION ( 'NONE',  ( -1.000000000000000000, -0.0000000000000000000, 0.0000000000000000000 ) ) ;
#5302 = ORIENTED_EDGE ( 'NONE', *, *, #402, .F. ) ;
#5303 = SURFACE_STYLE_USAGE ( .BOTH. , #10992 ) ;
#5304 = AXIS2_PLACEMENT_3D ( 'NONE', #7262, #7127, #7096 ) ;
#5305 = EDGE_LOOP ( 'NONE', ( #11207, #9619, #1599, #6095 ) ) ;
#5306 = CARTESIAN_POINT ( 'NONE',  ( -4.475000000000001400, -1.100000000000000500, 0.4499999999999999600 ) ) ;
#5307 = DIRECTION ( 'NONE',  ( -1.000000000000000000, -0.0000000000000000000, 2.710505431213760100E-016 ) ) ;
#5308 = CARTESIAN_POINT ( 'NONE',  ( 2.660000000000000100, 1.500000000000000000, 0.8749999999999998900 ) ) ;
#5309 = LINE ( 'NONE', #3373, #10088 ) ;
#5310 = ORIENTED_EDGE ( 'NONE', *, *, #1867, .F. ) ;
#5311 = STYLED_ITEM ( 'NONE', ( #2304 ), #10338 ) ;
#5312 = ORIENTED_EDGE ( 'NONE', *, *, #9499, .F. ) ;
#5313 = CARTESIAN_POINT ( 'NONE',  ( -1.090000000000000100, 2.649999999999999500, 1.225000000000001900 ) ) ;
#5314 = MANIFOLD_SOLID_BREP ( 'P2', #664 ) ;
#5315 = DIRECTION ( 'NONE',  ( -0.7071067811865492400, 0.0000000000000000000, -0.7071067811865458000 ) ) ;
#5316 = VECTOR ( 'NONE', #8817, 1000.000000000000000 ) ;
#5317 = CARTESIAN_POINT ( 'NONE',  ( -2.339999999999999900, 2.000000000000000000, 1.774999999999999700 ) ) ;
#5318 = EDGE_CURVE ( 'NONE', #5599, #9685, #3878, .T. ) ;
#5319 = CARTESIAN_POINT ( 'NONE',  ( -1.500000000000001100, 2.100000000000000100, 2.899999999999997700 ) ) ;
#5320 = FILL_AREA_STYLE_COLOUR ( '', #6453 ) ;
#5321 = ORIENTED_EDGE ( 'NONE', *, *, #2027, .F. ) ;
#5322 = CARTESIAN_POINT ( 'NONE',  ( 3.300000000000001600, 2.100000000000000100, -2.222614453595284100E-015 ) ) ;
#5323 = ADVANCED_FACE ( 'NONE', ( #8991 ), #6030, .F. ) ;
#5324 = LINE ( 'NONE', #5647, #2698 ) ;
#5325 = PLANE ( 'NONE',  #2432 ) ;
#5326 = PRESENTATION_LAYER_ASSIGNMENT (  '', '', ( #4022 ) ) ;
#5327 = CARTESIAN_POINT ( 'NONE',  ( 5.195000000000002100, 1.099999999999999600, 1.729999999999998000 ) ) ;
#5328 = FACE_OUTER_BOUND ( 'NONE', #8401, .T. ) ;
#5329 = VECTOR ( 'NONE', #5605, 1000.000000000000000 ) ;
#5330 = FILL_AREA_STYLE_COLOUR ( '', #11503 ) ;
#5331 = ORIENTED_EDGE ( 'NONE', *, *, #6593, .F. ) ;
#5332 = EDGE_CURVE ( 'NONE', #9480, #4506, #8700, .T. ) ;
#5333 = ADVANCED_FACE ( 'NONE', ( #919 ), #5882, .F. ) ;
#5334 =( LENGTH_UNIT ( ) NAMED_UNIT ( * ) SI_UNIT ( .MILLI., .METRE. ) );
#5335 = LINE ( 'NONE', #4389, #10119 ) ;
#5336 = ORIENTED_EDGE ( 'NONE', *, *, #3656, .F. ) ;
#5337 = VECTOR ( 'NONE', #6029, 1000.000000000000000 ) ;
#5338 = SURFACE_SIDE_STYLE ('',( #1170 ) ) ;
#5339 = EDGE_LOOP ( 'NONE', ( #8494, #5245, #3255, #5847 ) ) ;
#5340 = CARTESIAN_POINT ( 'NONE',  ( 1.409999999999999700, 2.000000000000000000, 1.774999999999999700 ) ) ;
#5341 = VERTEX_POINT ( 'NONE', #5937 ) ;
#5342 = ORIENTED_EDGE ( 'NONE', *, *, #3317, .F. ) ;
#5343 = EDGE_CURVE ( 'NONE', #4738, #8715, #6145, .T. ) ;
#5344 = LINE ( 'NONE', #3050, #7582 ) ;
#5345 = ORIENTED_EDGE ( 'NONE', *, *, #6729, .T. ) ;
#5346 = DIRECTION ( 'NONE',  ( -1.000000000000000000, -0.0000000000000000000, 2.710505431213762600E-016 ) ) ;
#5347 = MECHANICAL_DESIGN_GEOMETRIC_PRESENTATION_REPRESENTATION (  '', ( #3371 ), #5995 ) ;
#5348 = PLANE ( 'NONE',  #11046 ) ;
#5349 = EDGE_LOOP ( 'NONE', ( #6283, #3744, #469, #8391 ) ) ;
#5350 = CARTESIAN_POINT ( 'NONE',  ( -4.821666666666668100, 0.7266666666666655700, 1.403333333333332700 ) ) ;
#5351 = DIRECTION ( 'NONE',  ( -1.000000000000000000, 0.0000000000000000000, 0.0000000000000000000 ) ) ;
#5352 = CIRCLE ( 'NONE', #6855, 0.1500000000000001900 ) ;
#5353 = LINE ( 'NONE', #1052, #2727 ) ;
#5354 = FILL_AREA_STYLE_COLOUR ( '', #9667 ) ;
#5355 = VECTOR ( 'NONE', #3705, 1000.000000000000000 ) ;
#5356 = CARTESIAN_POINT ( 'NONE',  ( -2.660000000000000100, 2.649999999999999500, 1.375000000000001800 ) ) ;
#5357 = ORIENTED_EDGE ( 'NONE', *, *, #6127, .T. ) ;
#5358 = EDGE_CURVE ( 'NONE', #8157, #4752, #10904, .T. ) ;
#5359 = VECTOR ( 'NONE', #10189, 1000.000000000000100 ) ;
#5360 = VERTEX_POINT ( 'NONE', #5596 ) ;
#5361 = AXIS2_PLACEMENT_3D ( 'NONE', #10601, #9955, #10175 ) ;
#5362 = VERTEX_POINT ( 'NONE', #5557 ) ;
#5363 = DIRECTION ( 'NONE',  ( -0.0000000000000000000, 1.000000000000000000, -0.0000000000000000000 ) ) ;
#5364 = LINE ( 'NONE', #5212, #7605 ) ;
#5365 = VECTOR ( 'NONE', #8394, 1000.000000000000000 ) ;
#5366 = CARTESIAN_POINT ( 'NONE',  ( -5.000000000000000900, 0.8999999999999991300, 0.2999999999999975500 ) ) ;
#5367 = FILL_AREA_STYLE ('',( #5320 ) ) ;
#5369 = ORIENTED_EDGE ( 'NONE', *, *, #4702, .F. ) ;
#5368 = CIRCLE ( 'NONE', #4753, 0.4499999999999999000 ) ;
#5370 = AXIS2_PLACEMENT_3D ( 'NONE', #6488, #4670, #7520 ) ;
#5371 = CARTESIAN_POINT ( 'NONE',  ( -2.339999999999999900, -0.8999999999999914700, 1.124999999999998900 ) ) ;
#5372 = EDGE_CURVE ( 'NONE', #7322, #7563, #5843, .T. ) ;
#5373 = VECTOR ( 'NONE', #4073, 1000.000000000000000 ) ;
#5374 = DIRECTION ( 'NONE',  ( 1.000000000000000000, 0.0000000000000000000, 5.421010862427526500E-017 ) ) ;
#5375 = SURFACE_STYLE_USAGE ( .BOTH. , #11078 ) ;
#5376 = SURFACE_STYLE_USAGE ( .BOTH. , #5390 ) ;
#5377 = LINE ( 'NONE', #8178, #432 ) ;
#5378 = ORIENTED_EDGE ( 'NONE', *, *, #191, .F. ) ;
#5379 = EDGE_CURVE ( 'NONE', #1154, #4586, #3250, .T. ) ;
#5380 = EDGE_CURVE ( 'NONE', #10377, #7430, #8093, .T. ) ;
#5381 = PRESENTATION_LAYER_ASSIGNMENT (  '', '', ( #4723 ) ) ;
#5382 = ORIENTED_EDGE ( 'NONE', *, *, #10381, .F. ) ;
#5383 = DIRECTION ( 'NONE',  ( -0.0000000000000000000, -0.0000000000000000000, 1.000000000000000000 ) ) ;
#5384 = ORIENTED_EDGE ( 'NONE', *, *, #11186, .F. ) ;
#5385 = DIRECTION ( 'NONE',  ( 6.195440985631453300E-016, 1.492691239139413700E-031, -1.000000000000000000 ) ) ;
#5386 = DIRECTION ( 'NONE',  ( 0.0000000000000000000, 0.0000000000000000000, 1.000000000000000000 ) ) ;
#5387 =( NAMED_UNIT ( * ) SI_UNIT ( $, .STERADIAN. ) SOLID_ANGLE_UNIT ( ) );
#5388 = ORIENTED_EDGE ( 'NONE', *, *, #3616, .T. ) ;
#5389 = VERTEX_POINT ( 'NONE', #6165 ) ;
#5390 = SURFACE_SIDE_STYLE ('',( #245 ) ) ;
#5391 =( GEOMETRIC_REPRESENTATION_CONTEXT ( 3 ) GLOBAL_UNCERTAINTY_ASSIGNED_CONTEXT ( ( #6002 ) ) GLOBAL_UNIT_ASSIGNED_CONTEXT ( ( #538, #7393, #1539 ) ) REPRESENTATION_CONTEXT ( 'NONE', 'WORKASPACE' ) );
#5392 = ADVANCED_FACE ( 'NONE', ( #5544 ), #5570, .T. ) ;
#5393 =( NAMED_UNIT ( * ) SI_UNIT ( $, .STERADIAN. ) SOLID_ANGLE_UNIT ( ) );
#5394 = COLOUR_RGB ( '',0.8000000000000000400, 0.8078431372549019800, 0.8000000000000000400 ) ;
#5395 = CARTESIAN_POINT ( 'NONE',  ( -2.339999999999999900, 2.649999999999999500, 1.375000000000001800 ) ) ;
#5396 = VERTEX_POINT ( 'NONE', #5161 ) ;
#5397 = DIRECTION ( 'NONE',  ( 1.000000000000000000, 0.0000000000000000000, -0.0000000000000000000 ) ) ;
#5398 = CARTESIAN_POINT ( 'NONE',  ( -2.339999999999999900, -0.8999999999999958000, 0.9499999999999981800 ) ) ;
#5399 = ORIENTED_EDGE ( 'NONE', *, *, #9114, .T. ) ;
#5400 = VECTOR ( 'NONE', #234, 1000.000000000000000 ) ;
#5401 = DIRECTION ( 'NONE',  ( 0.0000000000000000000, -0.7071067811865459100, -0.7071067811865491300 ) ) ;
#5402 = LINE ( 'NONE', #8702, #7645 ) ;
#5403 = CARTESIAN_POINT ( 'NONE',  ( 3.400000000000002100, -1.800000000000000500, 2.999999999999997300 ) ) ;
#5404 = CARTESIAN_POINT ( 'NONE',  ( 5.500000000000001800, 1.099999999999999600, 0.2500000000000000600 ) ) ;
#5405 = VECTOR ( 'NONE', #5584, 1000.000000000000000 ) ;
#5406 = VERTEX_POINT ( 'NONE', #5052 ) ;
#5407 = AXIS2_PLACEMENT_3D ( 'NONE', #9916, #4160, #10857 ) ;
#5408 = LINE ( 'NONE', #845, #9290 ) ;
#5409 = ADVANCED_FACE ( 'NONE', ( #6880 ), #5017, .F. ) ;
#5410 = DIRECTION ( 'NONE',  ( 1.000000000000000000, 0.0000000000000000000, 1.626303258728256700E-016 ) ) ;
#5411 = VECTOR ( 'NONE', #12213, 1000.000000000000000 ) ;
#5412 = COLOUR_RGB ( '',0.8000000000000000400, 0.8078431372549019800, 0.8000000000000000400 ) ;
#5413 = CARTESIAN_POINT ( 'NONE',  ( 0.1600000000000000300, 0.8500000000000000900, 0.9499999999999998400 ) ) ;
#5414 = DIRECTION ( 'NONE',  ( -1.000000000000000000, -0.0000000000000000000, -0.0000000000000000000 ) ) ;
#5415 = DIRECTION ( 'NONE',  ( 0.0000000000000000000, 0.0000000000000000000, -1.000000000000000000 ) ) ;
#5416 = VERTEX_POINT ( 'NONE', #5069 ) ;
#5417 = ORIENTED_EDGE ( 'NONE', *, *, #10072, .T. ) ;
#5418 =( NAMED_UNIT ( * ) SI_UNIT ( $, .STERADIAN. ) SOLID_ANGLE_UNIT ( ) );
#5419 = CARTESIAN_POINT ( 'NONE',  ( -2.339999999999999900, -0.8999999999999958000, 0.9499999999999981800 ) ) ;
#5420 = PLANE ( 'NONE',  #3806 ) ;
#5421 = EDGE_CURVE ( 'NONE', #5099, #4438, #305, .T. ) ;
#5422 = FACE_OUTER_BOUND ( 'NONE', #4158, .T. ) ;
#5423 = SURFACE_STYLE_FILL_AREA ( #2033 ) ;
#5424 = ORIENTED_EDGE ( 'NONE', *, *, #12206, .T. ) ;
#5425 = DIRECTION ( 'NONE',  ( -0.0000000000000000000, -1.000000000000000000, -0.0000000000000000000 ) ) ;
#5426 = EDGE_LOOP ( 'NONE', ( #6872, #2285, #6834, #5621 ) ) ;
#5427 = DIRECTION ( 'NONE',  ( -0.7071067811865506800, -0.0000000000000000000, -0.7071067811865443500 ) ) ;
#5428 = CARTESIAN_POINT ( 'NONE',  ( -4.000000000000000000, 1.500000000000000400, 2.899999999999997700 ) ) ;
#5429 = LINE ( 'NONE', #12315, #10206 ) ;
#5430 =( NAMED_UNIT ( * ) PLANE_ANGLE_UNIT ( ) SI_UNIT ( $, .RADIAN. ) );
#5431 = LINE ( 'NONE', #12242, #5121 ) ;
#5432 = CARTESIAN_POINT ( 'NONE',  ( 3.400000000000002600, 0.8500000000000000900, 2.299999999999996300 ) ) ;
#5433 = EDGE_LOOP ( 'NONE', ( #12291, #350, #947, #12445 ) ) ;
#5434 = EDGE_CURVE ( 'NONE', #10305, #10440, #9440, .T. ) ;
#5435 = ORIENTED_EDGE ( 'NONE', *, *, #11989, .F. ) ;
#5436 =( NAMED_UNIT ( * ) PLANE_ANGLE_UNIT ( ) SI_UNIT ( $, .RADIAN. ) );
#5437 = ORIENTED_EDGE ( 'NONE', *, *, #2823, .T. ) ;
#5438 = DIRECTION ( 'NONE',  ( 0.0000000000000000000, -1.000000000000000000, 0.0000000000000000000 ) ) ;
#5439 =( NAMED_UNIT ( * ) SI_UNIT ( $, .STERADIAN. ) SOLID_ANGLE_UNIT ( ) );
#5440 = CARTESIAN_POINT ( 'NONE',  ( -3.400000000000002100, -2.100000000000000100, 0.2999999999999967700 ) ) ;
#5441 = SURFACE_STYLE_USAGE ( .BOTH. , #11134 ) ;
#5442 = VECTOR ( 'NONE', #4204, 1000.000000000000000 ) ;
#5443 = CARTESIAN_POINT ( 'NONE',  ( 2.425000000000000300, -0.6500000000000012400, 0.1999999999999980700 ) ) ;
#5444 = AXIS2_PLACEMENT_3D ( 'NONE', #8408, #5508, #5138 ) ;
#5445 = VECTOR ( 'NONE', #4210, 1000.000000000000100 ) ;
#5446 = EDGE_CURVE ( 'NONE', #7022, #8520, #1674, .T. ) ;
#5447 = ORIENTED_EDGE ( 'NONE', *, *, #2242, .F. ) ;
#5448 = CARTESIAN_POINT ( 'NONE',  ( -1.500000000000001100, 2.100000000000000100, 2.899999999999997700 ) ) ;
#5449 = ORIENTED_EDGE ( 'NONE', *, *, #6768, .F. ) ;
#5450 = CARTESIAN_POINT ( 'NONE',  ( 2.660000000000000100, 2.299999999999999400, 0.2000000000000025400 ) ) ;
#5451 = CARTESIAN_POINT ( 'NONE',  ( 0.1600000000000000300, 1.500000000000000000, 0.8749999999999998900 ) ) ;
#5452 = CARTESIAN_POINT ( 'NONE',  ( 2.249999999999999100, 2.100000000000000100, 2.899999999999997700 ) ) ;
#5453 = EDGE_CURVE ( 'NONE', #1488, #6987, #11650, .T. ) ;
#5454 = EDGE_CURVE ( 'NONE', #6045, #9248, #6598, .T. ) ;
#5455 =( NAMED_UNIT ( * ) SI_UNIT ( $, .STERADIAN. ) SOLID_ANGLE_UNIT ( ) );
#5456 = ADVANCED_FACE ( 'NONE', ( #6308 ), #4580, .F. ) ;
#5457 = CARTESIAN_POINT ( 'NONE',  ( -1.090000000000000100, 2.799999999999999400, 0.5000000000000017800 ) ) ;
#5458 = FILL_AREA_STYLE ('',( #9259 ) ) ;
#5459 = ORIENTED_EDGE ( 'NONE', *, *, #855, .F. ) ;
#5460 = AXIS2_PLACEMENT_3D ( 'NONE', #7182, #7139, #7093 ) ;
#5461 = ORIENTED_EDGE ( 'NONE', *, *, #11719, .F. ) ;
#5462 = UNCERTAINTY_MEASURE_WITH_UNIT (LENGTH_MEASURE( 1.000000000000000100E-005 ), #2786, 'distance_accuracy_value', 'NONE');
#5463 = FACE_OUTER_BOUND ( 'NONE', #918, .T. ) ;
#5464 = AXIS2_PLACEMENT_3D ( 'NONE', #12149, #546, #7401 ) ;
#5465 = DIRECTION ( 'NONE',  ( -0.7071067811865477900, -0.7071067811865473500, -4.380838333381069900E-016 ) ) ;
#5466 = ADVANCED_FACE ( 'NONE', ( #10478 ), #4195, .T. ) ;
#5467 =( NAMED_UNIT ( * ) PLANE_ANGLE_UNIT ( ) SI_UNIT ( $, .RADIAN. ) );
#5468 = EDGE_CURVE ( 'NONE', #10357, #2664, #4472, .T. ) ;
#5469 = FILL_AREA_STYLE_COLOUR ( '', #1945 ) ;
#5470 = FILL_AREA_STYLE ('',( #2510 ) ) ;
#5471 = FILL_AREA_STYLE_COLOUR ( '', #10278 ) ;
#5472 = ORIENTED_EDGE ( 'NONE', *, *, #745, .T. ) ;
#5473 = VERTEX_POINT ( 'NONE', #3937 ) ;
#5474 = LINE ( 'NONE', #6873, #210 ) ;
#5475 = DIRECTION ( 'NONE',  ( 0.0000000000000000000, 1.000000000000000000, 0.0000000000000000000 ) ) ;
#5476 = DIRECTION ( 'NONE',  ( -3.051828337366604500E-016, -0.0000000000000000000, -1.000000000000000000 ) ) ;
#5477 = DIRECTION ( 'NONE',  ( -1.000000000000000000, 0.0000000000000000000, 5.421010862427526500E-017 ) ) ;
#5478 = CARTESIAN_POINT ( 'NONE',  ( -2.339999999999999900, 2.649999999999999500, 1.375000000000001800 ) ) ;
#5479 = AXIS2_PLACEMENT_3D ( 'NONE', #11260, #3646, #10366 ) ;
#5480 = DIRECTION ( 'NONE',  ( -0.0000000000000000000, 0.0000000000000000000, 1.000000000000000000 ) ) ;
#5481 = VERTEX_POINT ( 'NONE', #4235 ) ;
#5482 = VECTOR ( 'NONE', #3607, 1000.000000000000000 ) ;
#5483 = SURFACE_STYLE_FILL_AREA ( #9236 ) ;
#5484 = EDGE_CURVE ( 'NONE', #5511, #11128, #9278, .T. ) ;
#5485 = CARTESIAN_POINT ( 'NONE',  ( 4.000000000000001800, 1.099999999999999600, 0.2999999999999976000 ) ) ;
#5486 = DIRECTION ( 'NONE',  ( 1.000000000000000000, 0.0000000000000000000, 1.586637325588544600E-016 ) ) ;
#5487 = VERTEX_POINT ( 'NONE', #3856 ) ;
#5488 = DIRECTION ( 'NONE',  ( 0.0000000000000000000, -1.000000000000000000, 0.0000000000000000000 ) ) ;
#5489 = CARTESIAN_POINT ( 'NONE',  ( -0.2500000000000011100, 2.100000000000000100, 2.899999999999997700 ) ) ;
#5490 = ORIENTED_EDGE ( 'NONE', *, *, #8047, .T. ) ;
#5491 = AXIS2_PLACEMENT_3D ( 'NONE', #7839, #6822, #11657 ) ;
#5492 = ORIENTED_EDGE ( 'NONE', *, *, #1044, .T. ) ;
#5493 = VECTOR ( 'NONE', #2073, 1000.000000000000000 ) ;
#5494 = LINE ( 'NONE', #8058, #7735 ) ;
#5495 = VECTOR ( 'NONE', #865, 1000.000000000000000 ) ;
#5496 = ORIENTED_EDGE ( 'NONE', *, *, #11479, .T. ) ;
#5497 = ORIENTED_EDGE ( 'NONE', *, *, #10816, .T. ) ;
#5498 = FACE_OUTER_BOUND ( 'NONE', #670, .T. ) ;
#5499 = ORIENTED_EDGE ( 'NONE', *, *, #7270, .T. ) ;
#5500 = DIRECTION ( 'NONE',  ( 0.0000000000000000000, 0.0000000000000000000, 1.000000000000000000 ) ) ;
#5501 = VECTOR ( 'NONE', #7696, 1000.000000000000000 ) ;
#5502 = CARTESIAN_POINT ( 'NONE',  ( 1.409999999999999700, 3.099999999999999600, 0.5000000000000017800 ) ) ;
#5503 = VECTOR ( 'NONE', #8337, 1000.000000000000000 ) ;
#5504 = ADVANCED_FACE ( 'NONE', ( #12106 ), #3733, .F. ) ;
#5505 = DIRECTION ( 'NONE',  ( -1.000000000000000000, -0.0000000000000000000, -0.0000000000000000000 ) ) ;
#5506 = VECTOR ( 'NONE', #6827, 1000.000000000000000 ) ;
#5507 = DIRECTION ( 'NONE',  ( -0.0000000000000000000, -0.0000000000000000000, 1.000000000000000000 ) ) ;
#5508 = DIRECTION ( 'NONE',  ( -0.0000000000000000000, 1.000000000000000000, 0.0000000000000000000 ) ) ;
#5509 = DIRECTION ( 'NONE',  ( 0.0000000000000000000, 0.0000000000000000000, -1.000000000000000000 ) ) ;
#5510 = CARTESIAN_POINT ( 'NONE',  ( 5.500000000000001800, 1.099999999999999600, 1.899999999999997700 ) ) ;
#5511 = VERTEX_POINT ( 'NONE', #3871 ) ;
#5512 = FACE_OUTER_BOUND ( 'NONE', #1890, .T. ) ;
#5513 =( NAMED_UNIT ( * ) PLANE_ANGLE_UNIT ( ) SI_UNIT ( $, .RADIAN. ) );
#5514 = DIRECTION ( 'NONE',  ( -0.0000000000000000000, -1.000000000000000000, -0.0000000000000000000 ) ) ;
#5515 = CARTESIAN_POINT ( 'NONE',  ( -4.475000000000001400, 1.099999999999999600, 0.4499999999999999600 ) ) ;
#5516 = VECTOR ( 'NONE', #1641, 1000.000000000000000 ) ;
#5517 = EDGE_CURVE ( 'NONE', #10027, #1643, #1826, .T. ) ;
#5518 = ORIENTED_EDGE ( 'NONE', *, *, #12361, .T. ) ;
#5519 = STYLED_ITEM ( 'NONE', ( #7424 ), #4004 ) ;
#5520 = EDGE_LOOP ( 'NONE', ( #6246, #7876, #7575, #12043 ) ) ;
#5521 = SURFACE_STYLE_FILL_AREA ( #10772 ) ;
#5522 = ADVANCED_FACE ( 'NONE', ( #11793 ), #8077, .F. ) ;
#5523 = ORIENTED_EDGE ( 'NONE', *, *, #3985, .F. ) ;
#5524 = ORIENTED_EDGE ( 'NONE', *, *, #7459, .F. ) ;
#5525 = CARTESIAN_POINT ( 'NONE',  ( -2.424999999999999800, 0.4999999999999996700, 3.423118842698616800 ) ) ;
#5526 = MECHANICAL_DESIGN_GEOMETRIC_PRESENTATION_REPRESENTATION (  '', ( #3567 ), #6177 ) ;
#5527 = DIRECTION ( 'NONE',  ( 0.0000000000000000000, -1.000000000000000000, 0.0000000000000000000 ) ) ;
#5528 = EDGE_CURVE ( 'NONE', #11406, #5639, #587, .T. ) ;
#5529 = VECTOR ( 'NONE', #3276, 1000.000000000000000 ) ;
#5530 = CARTESIAN_POINT ( 'NONE',  ( -1.090000000000000100, 1.500000000000000000, 1.700000000000000000 ) ) ;
#5531 = VECTOR ( 'NONE', #2947, 1000.000000000000000 ) ;
#5532 =( GEOMETRIC_REPRESENTATION_CONTEXT ( 3 ) GLOBAL_UNCERTAINTY_ASSIGNED_CONTEXT ( ( #6228 ) ) GLOBAL_UNIT_ASSIGNED_CONTEXT ( ( #11385, #5676, #12343 ) ) REPRESENTATION_CONTEXT ( 'NONE', 'WORKASPACE' ) );
#5533 = CARTESIAN_POINT ( 'NONE',  ( -3.300000000000002500, -2.100000000000000100, -2.168404344971008900E-016 ) ) ;
#5534 = VERTEX_POINT ( 'NONE', #3177 ) ;
#5535 = ORIENTED_EDGE ( 'NONE', *, *, #7768, .F. ) ;
#5536 = FACE_OUTER_BOUND ( 'NONE', #3966, .T. ) ;
#5537 = VECTOR ( 'NONE', #1103, 1000.000000000000000 ) ;
#5538 = EDGE_CURVE ( 'NONE', #4685, #1165, #5825, .T. ) ;
#5539 = EDGE_LOOP ( 'NONE', ( #5540, #803, #7020, #3898 ) ) ;
#5540 = ORIENTED_EDGE ( 'NONE', *, *, #4015, .T. ) ;
#5541 = EDGE_LOOP ( 'NONE', ( #7544, #6651, #10951, #12245 ) ) ;
#5542 = UNCERTAINTY_MEASURE_WITH_UNIT (LENGTH_MEASURE( 1.000000000000000100E-005 ), #3807, 'distance_accuracy_value', 'NONE');
#5543 = FACE_OUTER_BOUND ( 'NONE', #8073, .T. ) ;
#5544 = FACE_OUTER_BOUND ( 'NONE', #5433, .T. ) ;
#5545 = CARTESIAN_POINT ( 'NONE',  ( -1.090000000000000100, 3.099999999999999600, 0.5000000000000017800 ) ) ;
#5546 = VERTEX_POINT ( 'NONE', #3129 ) ;
#5547 = VECTOR ( 'NONE', #11889, 1000.000000000000000 ) ;
#5548 = DIRECTION ( 'NONE',  ( -0.0000000000000000000, 0.0000000000000000000, 1.000000000000000000 ) ) ;
#5549 = CARTESIAN_POINT ( 'NONE',  ( 0.0000000000000000000, 1.099999999999999600, 1.729999999999998000 ) ) ;
#5550 = LINE ( 'NONE', #3644, #10331 ) ;
#5551 = ORIENTED_EDGE ( 'NONE', *, *, #949, .T. ) ;
#5552 = ORIENTED_EDGE ( 'NONE', *, *, #3702, .F. ) ;
#5553 = DIRECTION ( 'NONE',  ( -1.000000000000000000, -0.0000000000000000000, -0.0000000000000000000 ) ) ;
#5554 =( LENGTH_UNIT ( ) NAMED_UNIT ( * ) SI_UNIT ( .MILLI., .METRE. ) );
#5555 = CARTESIAN_POINT ( 'NONE',  ( -4.995000000000001900, -1.100000000000000500, 1.255000000000000100 ) ) ;
#5556 = VECTOR ( 'NONE', #9399, 1000.000000000000000 ) ;
#5557 = CARTESIAN_POINT ( 'NONE',  ( 2.339999999999999900, 1.500000000000000000, 1.774999999999999700 ) ) ;
#5558 = LINE ( 'NONE', #8024, #10642 ) ;
#5559 = FILL_AREA_STYLE_COLOUR ( '', #7099 ) ;
#5560 = SURFACE_SIDE_STYLE ('',( #8996 ) ) ;
#5561 = LINE ( 'NONE', #9909, #2640 ) ;
#5562 = FILL_AREA_STYLE ('',( #3600 ) ) ;
#5563 = ORIENTED_EDGE ( 'NONE', *, *, #6748, .T. ) ;
#5564 = VERTEX_POINT ( 'NONE', #3166 ) ;
#5565 = VERTEX_POINT ( 'NONE', #3141 ) ;
#5566 = CARTESIAN_POINT ( 'NONE',  ( 2.660000000000000100, 1.500000000000000000, 0.8750000000000017800 ) ) ;
#5567 = LINE ( 'NONE', #1269, #2956 ) ;
#5568 = DIRECTION ( 'NONE',  ( 6.195440985631453300E-016, 0.0000000000000000000, -1.000000000000000000 ) ) ;
#5569 = VECTOR ( 'NONE', #10787, 1000.000000000000000 ) ;
#5570 = PLANE ( 'NONE',  #1142 ) ;
#5571 = ADVANCED_FACE ( 'NONE', ( #2914 ), #3072, .F. ) ;
#5572 = ORIENTED_EDGE ( 'NONE', *, *, #8331, .F. ) ;
#5573 = DIRECTION ( 'NONE',  ( -1.000000000000000000, 0.0000000000000000000, -0.0000000000000000000 ) ) ;
#5574 = ORIENTED_EDGE ( 'NONE', *, *, #10006, .T. ) ;
#5575 = EDGE_CURVE ( 'NONE', #8715, #4958, #10622, .T. ) ;
#5576 = DIRECTION ( 'NONE',  ( 0.0000000000000000000, 0.7071067811865460200, 0.7071067811865490200 ) ) ;
#5577 = VECTOR ( 'NONE', #8619, 1000.000000000000000 ) ;
#5578 = EDGE_CURVE ( 'NONE', #6341, #3220, #10313, .T. ) ;
#5579 = CARTESIAN_POINT ( 'NONE',  ( 1.409999999999999700, 1.500000000000000000, 1.774999999999999700 ) ) ;
#5580 =( GEOMETRIC_REPRESENTATION_CONTEXT ( 3 ) GLOBAL_UNCERTAINTY_ASSIGNED_CONTEXT ( ( #4519 ) ) GLOBAL_UNIT_ASSIGNED_CONTEXT ( ( #7391, #1538, #8357 ) ) REPRESENTATION_CONTEXT ( 'NONE', 'WORKASPACE' ) );
#5581 = VERTEX_POINT ( 'NONE', #2804 ) ;
#5582 = ORIENTED_EDGE ( 'NONE', *, *, #4932, .F. ) ;
#5583 = ADVANCED_FACE ( 'NONE', ( #12533 ), #2729, .T. ) ;
#5584 = DIRECTION ( 'NONE',  ( 0.0000000000000000000, 1.000000000000000000, 0.0000000000000000000 ) ) ;
#5585 = DIRECTION ( 'NONE',  ( -1.000000000000000000, 0.0000000000000000000, 0.0000000000000000000 ) ) ;
#5586 = CARTESIAN_POINT ( 'NONE',  ( 2.339999999999999900, 1.500000000000000000, 1.774999999999999700 ) ) ;
#5587 = LINE ( 'NONE', #3127, #8144 ) ;
#5588 = CARTESIAN_POINT ( 'NONE',  ( 2.660000000000000100, 2.000000000000000000, 1.375000000000001600 ) ) ;
#5589 = CARTESIAN_POINT ( 'NONE',  ( 0.1600000000000000300, 2.000000000000000000, 0.8749999999999998900 ) ) ;
#5590 = VECTOR ( 'NONE', #1717, 1000.000000000000000 ) ;
#5591 = SURFACE_STYLE_FILL_AREA ( #6622 ) ;
#5592 = EDGE_CURVE ( 'NONE', #10716, #10627, #7476, .T. ) ;
#5593 = SURFACE_STYLE_USAGE ( .BOTH. , #5631 ) ;
#5594 = DIRECTION ( 'NONE',  ( -1.000000000000000000, 0.0000000000000000000, 0.0000000000000000000 ) ) ;
#5595 =( NAMED_UNIT ( * ) PLANE_ANGLE_UNIT ( ) SI_UNIT ( $, .RADIAN. ) );
#5596 = CARTESIAN_POINT ( 'NONE',  ( 3.100000000000001000, -1.100000000000000500, 3.399999999999997700 ) ) ;
#5597 = DIRECTION ( 'NONE',  ( 0.0000000000000000000, -1.000000000000000000, -1.355252715606878800E-016 ) ) ;
#5598 = ORIENTED_EDGE ( 'NONE', *, *, #4149, .F. ) ;
#5599 = VERTEX_POINT ( 'NONE', #2428 ) ;
#5600 = CARTESIAN_POINT ( 'NONE',  ( 4.665000000000004500, 0.8999999999999991300, 1.229999999999997800 ) ) ;
#5601 =( GEOMETRIC_REPRESENTATION_CONTEXT ( 3 ) GLOBAL_UNCERTAINTY_ASSIGNED_CONTEXT ( ( #6632 ) ) GLOBAL_UNIT_ASSIGNED_CONTEXT ( ( #11171, #6440, #11909 ) ) REPRESENTATION_CONTEXT ( 'NONE', 'WORKASPACE' ) );
#5602 = COLOUR_RGB ( '',0.8000000000000000400, 0.8078431372549019800, 0.8000000000000000400 ) ;
#5603 = EDGE_CURVE ( 'NONE', #4023, #5137, #2307, .T. ) ;
#5604 = VECTOR ( 'NONE', #4270, 1000.000000000000000 ) ;
#5605 = DIRECTION ( 'NONE',  ( -1.000000000000000000, 0.0000000000000000000, 0.0000000000000000000 ) ) ;
#5606 = CARTESIAN_POINT ( 'NONE',  ( 4.995000000000001900, -1.100000000000000500, 1.504999999999999900 ) ) ;
#5607 = ORIENTED_EDGE ( 'NONE', *, *, #8229, .T. ) ;
#5608 = CARTESIAN_POINT ( 'NONE',  ( -3.400000000000002100, -0.8000000000000006000, 2.999999999999996400 ) ) ;
#5609 = DIRECTION ( 'NONE',  ( -1.000000000000000000, -0.0000000000000000000, -0.0000000000000000000 ) ) ;
#5610 = SURFACE_STYLE_USAGE ( .BOTH. , #11312 ) ;
#5611 = EDGE_CURVE ( 'NONE', #11824, #12541, #4923, .T. ) ;
#5612 = VERTEX_POINT ( 'NONE', #3088 ) ;
#5613 = EDGE_CURVE ( 'NONE', #8707, #9572, #9718, .T. ) ;
#5614 = ORIENTED_EDGE ( 'NONE', *, *, #7775, .F. ) ;
#5615 = UNCERTAINTY_MEASURE_WITH_UNIT (LENGTH_MEASURE( 1.000000000000000100E-005 ), #1420, 'distance_accuracy_value', 'NONE');
#5616 = DIRECTION ( 'NONE',  ( -1.586637325588544600E-016, 0.0000000000000000000, -1.000000000000000000 ) ) ;
#5617 = COLOUR_RGB ( '',0.8000000000000000400, 0.8078431372549019800, 0.8000000000000000400 ) ;
#5618 = SURFACE_SIDE_STYLE ('',( #8959 ) ) ;
#5619 = PRESENTATION_LAYER_ASSIGNMENT (  '', '', ( #4312 ) ) ;
#5620 = AXIS2_PLACEMENT_3D ( 'NONE', #10954, #6227, #345 ) ;
#5621 = ORIENTED_EDGE ( 'NONE', *, *, #10843, .T. ) ;
#5622 = ORIENTED_EDGE ( 'NONE', *, *, #6466, .T. ) ;
#5623 = VECTOR ( 'NONE', #5766, 1000.000000000000000 ) ;
#5624 = FILL_AREA_STYLE ('',( #672 ) ) ;
#5625 = AXIS2_PLACEMENT_3D ( 'NONE', #10922, #11001, #11445 ) ;
#5626 = FILL_AREA_STYLE_COLOUR ( '', #9542 ) ;
#5627 =( LENGTH_UNIT ( ) NAMED_UNIT ( * ) SI_UNIT ( .MILLI., .METRE. ) );
#5628 = FACE_OUTER_BOUND ( 'NONE', #3882, .T. ) ;
#5629 = DIRECTION ( 'NONE',  ( 0.0000000000000000000, 0.0000000000000000000, 1.000000000000000000 ) ) ;
#5630 = ADVANCED_FACE ( 'NONE', ( #11938 ), #2222, .F. ) ;
#5631 = SURFACE_SIDE_STYLE ('',( #9656 ) ) ;
#5632 = ORIENTED_EDGE ( 'NONE', *, *, #10766, .T. ) ;
#5633 = AXIS2_PLACEMENT_3D ( 'NONE', #9737, #10685, #4960 ) ;
#5634 = DIRECTION ( 'NONE',  ( -0.0000000000000000000, 1.000000000000000000, -0.0000000000000000000 ) ) ;
#5635 = LINE ( 'NONE', #3508, #6825 ) ;
#5636 = FILL_AREA_STYLE ('',( #5559 ) ) ;
#5637 = LINE ( 'NONE', #1076, #10420 ) ;
#5638 = DIRECTION ( 'NONE',  ( 0.0000000000000000000, 0.0000000000000000000, 1.000000000000000000 ) ) ;
#5639 = VERTEX_POINT ( 'NONE', #2212 ) ;
#5640 = CARTESIAN_POINT ( 'NONE',  ( 4.995000000000001900, 1.099999999999999600, 1.504999999999999900 ) ) ;
#5641 = ORIENTED_EDGE ( 'NONE', *, *, #6635, .F. ) ;
#5642 = ORIENTED_EDGE ( 'NONE', *, *, #1604, .T. ) ;
#5643 = ADVANCED_FACE ( 'NONE', ( #9429 ), #2157, .T. ) ;
#5644 = ORIENTED_EDGE ( 'NONE', *, *, #5528, .F. ) ;
#5645 = VERTEX_POINT ( 'NONE', #2089 ) ;
#5646 = DIRECTION ( 'NONE',  ( -0.0000000000000000000, -0.0000000000000000000, 1.000000000000000000 ) ) ;
#5647 = CARTESIAN_POINT ( 'NONE',  ( 1.089999999999999900, 1.500000000000000000, 0.8749999999999998900 ) ) ;
#5648 = EDGE_CURVE ( 'NONE', #9828, #5771, #4621, .T. ) ;
#5649 = VECTOR ( 'NONE', #12254, 1000.000000000000000 ) ;
#5650 = FACE_OUTER_BOUND ( 'NONE', #12515, .T. ) ;
#5651 = COLOUR_RGB ( '',0.8000000000000000400, 0.8078431372549019800, 0.8000000000000000400 ) ;
#5652 = FILL_AREA_STYLE_COLOUR ( '', #415 ) ;
#5653 = CARTESIAN_POINT ( 'NONE',  ( 4.675000000000002500, 1.099999999999999600, 0.2499999999999999400 ) ) ;
#5654 = SURFACE_STYLE_FILL_AREA ( #1719 ) ;
#5655 = ORIENTED_EDGE ( 'NONE', *, *, #5992, .T. ) ;
#5656 = VECTOR ( 'NONE', #12103, 1000.000000000000000 ) ;
#5657 = DIRECTION ( 'NONE',  ( 0.0000000000000000000, 1.000000000000000000, 0.0000000000000000000 ) ) ;
#5658 = ORIENTED_EDGE ( 'NONE', *, *, #8153, .T. ) ;
#5659 = MECHANICAL_DESIGN_GEOMETRIC_PRESENTATION_REPRESENTATION (  '', ( #3714 ), #6320 ) ;
#5660 = ORIENTED_EDGE ( 'NONE', *, *, #4265, .T. ) ;
#5661 = LINE ( 'NONE', #8193, #10452 ) ;
#5662 = DIRECTION ( 'NONE',  ( -1.000000000000000000, -0.0000000000000000000, -0.0000000000000000000 ) ) ;
#5663 = EDGE_CURVE ( 'NONE', #6129, #22, #5232, .T. ) ;
#5664 = LINE ( 'NONE', #3779, #5373 ) ;
#5665 = DIRECTION ( 'NONE',  ( 0.0000000000000000000, 0.0000000000000000000, 1.000000000000000000 ) ) ;
#5666 = DIRECTION ( 'NONE',  ( 0.0000000000000000000, 1.000000000000000000, 3.738628180984497600E-017 ) ) ;
#5667 = CARTESIAN_POINT ( 'NONE',  ( 3.400000000000002100, 0.8500000000000000900, 1.399999999999996800 ) ) ;
#5668 = LINE ( 'NONE', #11021, #10458 ) ;
#5669 = DIRECTION ( 'NONE',  ( -1.000000000000000000, -0.0000000000000000000, -0.0000000000000000000 ) ) ;
#5670 = DIRECTION ( 'NONE',  ( 0.0000000000000000000, -1.000000000000000000, 0.0000000000000000000 ) ) ;
#5671 = ORIENTED_EDGE ( 'NONE', *, *, #5093, .F. ) ;
#5672 = CARTESIAN_POINT ( 'NONE',  ( -2.339999999999999900, 2.000000000000000000, 0.8749999999999998900 ) ) ;
#5673 = ORIENTED_EDGE ( 'NONE', *, *, #11017, .T. ) ;
#5674 = EDGE_CURVE ( 'NONE', #9923, #10190, #1661, .T. ) ;
#5675 = VERTEX_POINT ( 'NONE', #1839 ) ;
#5676 =( NAMED_UNIT ( * ) PLANE_ANGLE_UNIT ( ) SI_UNIT ( $, .RADIAN. ) );
#5677 = DIRECTION ( 'NONE',  ( -0.0000000000000000000, -1.000000000000000000, -0.0000000000000000000 ) ) ;
#5678 = ORIENTED_EDGE ( 'NONE', *, *, #2844, .T. ) ;
#5679 = FACE_OUTER_BOUND ( 'NONE', #3218, .T. ) ;
#5680 = SURFACE_STYLE_USAGE ( .BOTH. , #11388 ) ;
#5681 = FACE_OUTER_BOUND ( 'NONE', #3708, .T. ) ;
#5682 = CARTESIAN_POINT ( 'NONE',  ( -2.339999999999999900, 1.500000000000000000, 1.774999999999999700 ) ) ;
#5683 = VERTEX_POINT ( 'NONE', #1808 ) ;
#5684 = EDGE_CURVE ( 'NONE', #1235, #10076, #4009, .T. ) ;
#5685 = CARTESIAN_POINT ( 'NONE',  ( 6.002498439450081800, 2.100000000000000100, 2.499999999999998700 ) ) ;
#5686 = EDGE_CURVE ( 'NONE', #3935, #1070, #6863, .T. ) ;
#5687 = AXIS2_PLACEMENT_3D ( 'NONE', #5941, #5895, #5858 ) ;
#5688 = ORIENTED_EDGE ( 'NONE', *, *, #9388, .F. ) ;
#5689 = EDGE_LOOP ( 'NONE', ( #4286, #10163, #1783, #4264 ) ) ;
#5690 = VECTOR ( 'NONE', #6946, 1000.000000000000000 ) ;
#5691 = LINE ( 'NONE', #4804, #10483 ) ;
#5692 = DIRECTION ( 'NONE',  ( 0.5773502691896257300, 0.5773502691896257300, 0.5773502691896259500 ) ) ;
#5693 =( GEOMETRIC_REPRESENTATION_CONTEXT ( 3 ) GLOBAL_UNCERTAINTY_ASSIGNED_CONTEXT ( ( #11866 ) ) GLOBAL_UNIT_ASSIGNED_CONTEXT ( ( #1035, #757, #663 ) ) REPRESENTATION_CONTEXT ( 'NONE', 'WORKASPACE' ) );
#5694 = LINE ( 'NONE', #7468, #10485 ) ;
#5695 = ORIENTED_EDGE ( 'NONE', *, *, #8663, .T. ) ;
#5696 = ADVANCED_FACE ( 'NONE', ( #8826 ), #1041, .F. ) ;
#5697 = EDGE_CURVE ( 'NONE', #6405, #529, #11338, .T. ) ;
#5698 = ORIENTED_EDGE ( 'NONE', *, *, #5284, .T. ) ;
#5699 = MECHANICAL_DESIGN_GEOMETRIC_PRESENTATION_REPRESENTATION (  '', ( #4387 ), #6355 ) ;
#5700 =( NAMED_UNIT ( * ) PLANE_ANGLE_UNIT ( ) SI_UNIT ( $, .RADIAN. ) );
#5701 = ORIENTED_EDGE ( 'NONE', *, *, #7608, .F. ) ;
#5702 = VECTOR ( 'NONE', #6909, 1000.000000000000000 ) ;
#5703 = EDGE_CURVE ( 'NONE', #8157, #7869, #6589, .T. ) ;
#5704 = PLANE ( 'NONE',  #10005 ) ;
#5705 = VECTOR ( 'NONE', #10155, 1000.000000000000000 ) ;
#5706 = CARTESIAN_POINT ( 'NONE',  ( 0.1599999999999999800, 2.299999999999999400, 0.6750000000000020400 ) ) ;
#5707 = ORIENTED_EDGE ( 'NONE', *, *, #5267, .T. ) ;
#5708 = CARTESIAN_POINT ( 'NONE',  ( -5.500000000000001800, 1.099999999999999600, 0.7999999999999954900 ) ) ;
#5709 = ORIENTED_EDGE ( 'NONE', *, *, #12121, .T. ) ;
#5710 = ADVANCED_FACE ( 'NONE', ( #3711 ), #1343, .F. ) ;
#5711 = SURFACE_SIDE_STYLE ('',( #8983 ) ) ;
#5712 = LINE ( 'NONE', #6362, #3104 ) ;
#5713 = DIRECTION ( 'NONE',  ( 0.0000000000000000000, -0.0000000000000000000, 1.000000000000000000 ) ) ;
#5714 = SURFACE_STYLE_FILL_AREA ( #9706 ) ;
#5715 =( NAMED_UNIT ( * ) SI_UNIT ( $, .STERADIAN. ) SOLID_ANGLE_UNIT ( ) );
#5716 = DIRECTION ( 'NONE',  ( -1.000000000000000000, 0.0000000000000000000, 0.0000000000000000000 ) ) ;
#5717 = PRESENTATION_LAYER_ASSIGNMENT (  '', '', ( #4406 ) ) ;
#5718 = ORIENTED_EDGE ( 'NONE', *, *, #7524, .F. ) ;
#5719 = ORIENTED_EDGE ( 'NONE', *, *, #835, .F. ) ;
#5720 = PLANE ( 'NONE',  #9288 ) ;
#5721 = ORIENTED_EDGE ( 'NONE', *, *, #4304, .F. ) ;
#5722 = CARTESIAN_POINT ( 'NONE',  ( -2.660000000000000100, -0.8999999999999950300, 1.699999999999998400 ) ) ;
#5723 = DIRECTION ( 'NONE',  ( 0.2033118901005207000, -0.9241449550023807000, -0.3234507342508306000 ) ) ;
#5724 = EDGE_CURVE ( 'NONE', #5899, #433, #7629, .T. ) ;
#5725 = VECTOR ( 'NONE', #1126, 1000.000000000000000 ) ;
#5726 = PLANE ( 'NONE',  #10602 ) ;
#5727 = CARTESIAN_POINT ( 'NONE',  ( -5.000000000000000900, 0.8999999999999991300, 0.2999999999999975500 ) ) ;
#5728 = DIRECTION ( 'NONE',  ( 1.000000000000000000, 0.0000000000000000000, 1.586637325588544600E-016 ) ) ;
#5729 = VECTOR ( 'NONE', #12199, 1000.000000000000000 ) ;
#5730 = EDGE_LOOP ( 'NONE', ( #8546, #7034, #5688, #4474 ) ) ;
#5731 = ORIENTED_EDGE ( 'NONE', *, *, #1809, .T. ) ;
#5732 = CARTESIAN_POINT ( 'NONE',  ( -5.500000000000001800, -1.100000000000000500, 0.2500000000000000600 ) ) ;
#5733 = DIRECTION ( 'NONE',  ( -1.000000000000000000, -0.0000000000000000000, -0.0000000000000000000 ) ) ;
#5734 = CARTESIAN_POINT ( 'NONE',  ( 3.500000000000000400, 1.500000000000000200, 2.899999999999997700 ) ) ;
#5735 = VECTOR ( 'NONE', #4077, 1000.000000000000000 ) ;
#5736 = SURFACE_SIDE_STYLE ('',( #3689 ) ) ;
#5737 = DIRECTION ( 'NONE',  ( -0.0000000000000000000, 1.000000000000000000, -0.0000000000000000000 ) ) ;
#5738 = DIRECTION ( 'NONE',  ( 0.0000000000000000000, 1.000000000000000000, 0.0000000000000000000 ) ) ;
#5739 = LINE ( 'NONE', #6124, #10530 ) ;
#5740 = ORIENTED_EDGE ( 'NONE', *, *, #10704, .T. ) ;
#5741 = EDGE_CURVE ( 'NONE', #6034, #1853, #2461, .T. ) ;
#5742 = PRESENTATION_STYLE_ASSIGNMENT (( #3784 ) ) ;
#5743 = VECTOR ( 'NONE', #4523, 1000.000000000000000 ) ;
#5744 = DIRECTION ( 'NONE',  ( 0.0000000000000000000, -0.0000000000000000000, 1.000000000000000000 ) ) ;
#5745 = CARTESIAN_POINT ( 'NONE',  ( 2.339999999999999900, 1.500000000000000000, 1.699999999999998800 ) ) ;
#5746 = PRODUCT_DEFINITION_FORMATION_WITH_SPECIFIED_SOURCE ( 'ANY', '', #3627, .NOT_KNOWN. ) ;
#5747 = AXIS2_PLACEMENT_3D ( 'NONE', #1414, #1429, #1466 ) ;
#5748 =( NAMED_UNIT ( * ) SI_UNIT ( $, .STERADIAN. ) SOLID_ANGLE_UNIT ( ) );
#5749 =( NAMED_UNIT ( * ) PLANE_ANGLE_UNIT ( ) SI_UNIT ( $, .RADIAN. ) );
#5750 = DIRECTION ( 'NONE',  ( 0.0000000000000000000, 0.0000000000000000000, -1.000000000000000000 ) ) ;
#5751 = ORIENTED_EDGE ( 'NONE', *, *, #7866, .T. ) ;
#5752 = EDGE_CURVE ( 'NONE', #4382, #5683, #12384, .T. ) ;
#5753 = FILL_AREA_STYLE ('',( #5879 ) ) ;
#5754 = LINE ( 'NONE', #7239, #3790 ) ;
#5755 = PRESENTATION_LAYER_ASSIGNMENT (  '', '', ( #4461 ) ) ;
#5756 = CARTESIAN_POINT ( 'NONE',  ( 0.1599999999999999800, 2.299999999999999400, 0.6750000000000020400 ) ) ;
#5757 = CARTESIAN_POINT ( 'NONE',  ( 1.300000000000000000, -1.400000000000000100, 1.524999999999998100 ) ) ;
#5758 = CARTESIAN_POINT ( 'NONE',  ( -2.339999999999999900, 2.299999999999999400, 0.2000000000000025400 ) ) ;
#5759 = CARTESIAN_POINT ( 'NONE',  ( -3.400000000000002600, -1.800000000000000500, 2.299999999999996300 ) ) ;
#5760 = ORIENTED_EDGE ( 'NONE', *, *, #4721, .T. ) ;
#5761 = UNCERTAINTY_MEASURE_WITH_UNIT (LENGTH_MEASURE( 1.000000000000000100E-005 ), #12108, 'distance_accuracy_value', 'NONE');
#5762 = EDGE_CURVE ( 'NONE', #1366, #5048, #5070, .T. ) ;
#5763 = ADVANCED_FACE ( 'NONE', ( #7325 ), #788, .F. ) ;
#5764 = CARTESIAN_POINT ( 'NONE',  ( 0.1599999999999999800, -1.400000000000000100, 1.524999999999998100 ) ) ;
#5765 = LINE ( 'NONE', #12387, #527 ) ;
#5766 = DIRECTION ( 'NONE',  ( 0.0000000000000000000, 0.0000000000000000000, -1.000000000000000000 ) ) ;
#5767 = CARTESIAN_POINT ( 'NONE',  ( -4.475000000000001400, -1.100000000000000500, 1.155000000000000000 ) ) ;
#5768 = EDGE_CURVE ( 'NONE', #7465, #10852, #4459, .T. ) ;
#5769 = STYLED_ITEM ( 'NONE', ( #450 ), #5466 ) ;
#5770 = PLANE ( 'NONE',  #12333 ) ;
#5771 = VERTEX_POINT ( 'NONE', #610 ) ;
#5772 = FACE_OUTER_BOUND ( 'NONE', #4414, .T. ) ;
#5773 = LINE ( 'NONE', #3376, #3175 ) ;
#5774 =( GEOMETRIC_REPRESENTATION_CONTEXT ( 3 ) GLOBAL_UNCERTAINTY_ASSIGNED_CONTEXT ( ( #7072 ) ) GLOBAL_UNIT_ASSIGNED_CONTEXT ( ( #11451, #5749, #12421 ) ) REPRESENTATION_CONTEXT ( 'NONE', 'WORKASPACE' ) );
#5776 = ORIENTED_EDGE ( 'NONE', *, *, #10945, .T. ) ;
#5775 = DIRECTION ( 'NONE',  ( 0.0000000000000000000, 1.000000000000000000, 3.738628180984497600E-017 ) ) ;
#5777 = VERTEX_POINT ( 'NONE', #832 ) ;
#5778 = VERTEX_POINT ( 'NONE', #519 ) ;
#5779 = PLANE ( 'NONE',  #12128 ) ;
#5780 = SURFACE_STYLE_USAGE ( .BOTH. , #11492 ) ;
#5781 = LINE ( 'NONE', #1849, #6692 ) ;
#5782 = DIRECTION ( 'NONE',  ( 1.000000000000000000, 0.0000000000000000000, 0.0000000000000000000 ) ) ;
#5783 = FACE_OUTER_BOUND ( 'NONE', #1645, .T. ) ;
#5784 = ORIENTED_EDGE ( 'NONE', *, *, #335, .T. ) ;
#5785 = ORIENTED_EDGE ( 'NONE', *, *, #10085, .F. ) ;
#5786 = LINE ( 'NONE', #7355, #3191 ) ;
#5787 = EDGE_LOOP ( 'NONE', ( #8323, #2861, #3810, #12056 ) ) ;
#5788 = CARTESIAN_POINT ( 'NONE',  ( 2.339999999999999900, 0.0000000000000000000, 0.0000000000000000000 ) ) ;
#5789 = PLANE ( 'NONE',  #9124 ) ;
#5790 = ORIENTED_EDGE ( 'NONE', *, *, #9337, .F. ) ;
#5791 = CARTESIAN_POINT ( 'NONE',  ( 4.995000000000001900, -1.100000000000000500, 1.504999999999999900 ) ) ;
#5792 = DIRECTION ( 'NONE',  ( 3.051828337366604500E-016, 0.0000000000000000000, 1.000000000000000000 ) ) ;
#5793 = VERTEX_POINT ( 'NONE', #544 ) ;
#5794 = ORIENTED_EDGE ( 'NONE', *, *, #4208, .F. ) ;
#5795 = PLANE ( 'NONE',  #346 ) ;
#5796 = CARTESIAN_POINT ( 'NONE',  ( 2.025000000000000800, -2.100000000000000100, 3.423118842698616800 ) ) ;
#5797 = CARTESIAN_POINT ( 'NONE',  ( -3.700000000000002000, 0.8500000000000000900, 1.399999999999996800 ) ) ;
#5798 = VECTOR ( 'NONE', #11146, 1000.000000000000100 ) ;
#5799 = DIRECTION ( 'NONE',  ( 0.0000000000000000000, -3.738628180984498200E-017, 1.000000000000000000 ) ) ;
#5800 = VECTOR ( 'NONE', #8481, 1000.000000000000000 ) ;
#5801 = DIRECTION ( 'NONE',  ( 0.0000000000000000000, 0.0000000000000000000, 1.000000000000000000 ) ) ;
#5802 = EDGE_CURVE ( 'NONE', #3754, #547, #11778, .T. ) ;
#5803 = ORIENTED_EDGE ( 'NONE', *, *, #10248, .F. ) ;
#5804 = EDGE_LOOP ( 'NONE', ( #8688, #6361, #4713, #382 ) ) ;
#5805 = VECTOR ( 'NONE', #6461, 1000.000000000000000 ) ;
#5806 = ORIENTED_EDGE ( 'NONE', *, *, #4536, .T. ) ;
#5807 = CARTESIAN_POINT ( 'NONE',  ( 1.724999999999999600, -2.100000000000000100, 0.2999999999999973200 ) ) ;
#5808 = DIRECTION ( 'NONE',  ( -1.000000000000000000, 0.0000000000000000000, 3.051828337366604500E-016 ) ) ;
#5809 = DIRECTION ( 'NONE',  ( -1.000000000000000000, -0.0000000000000000000, -0.0000000000000000000 ) ) ;
#5810 = EDGE_CURVE ( 'NONE', #5099, #9227, #7019, .T. ) ;
#5811 = ORIENTED_EDGE ( 'NONE', *, *, #12041, .T. ) ;
#5812 = ORIENTED_EDGE ( 'NONE', *, *, #2363, .T. ) ;
#5813 = ORIENTED_EDGE ( 'NONE', *, *, #1550, .F. ) ;
#5814 = STYLED_ITEM ( 'NONE', ( #10139 ), #12141 ) ;
#5815 = ORIENTED_EDGE ( 'NONE', *, *, #6019, .F. ) ;
#5816 = LINE ( 'NONE', #348, #10612 ) ;
#5817 = CARTESIAN_POINT ( 'NONE',  ( -4.500000000000002700, 1.099999999999999600, 2.199999999999997500 ) ) ;
#5818 = SURFACE_STYLE_FILL_AREA ( #3131 ) ;
#5819 = ORIENTED_EDGE ( 'NONE', *, *, #2325, .F. ) ;
#5820 = DIRECTION ( 'NONE',  ( -0.0000000000000000000, -1.000000000000000000, -0.0000000000000000000 ) ) ;
#5821 = VECTOR ( 'NONE', #8094, 1000.000000000000000 ) ;
#5822 = EDGE_CURVE ( 'NONE', #9608, #8169, #6718, .T. ) ;
#5823 = EDGE_LOOP ( 'NONE', ( #10041, #8256, #370, #1440 ) ) ;
#5824 = ADVANCED_FACE ( 'NONE', ( #4142 ), #283, .F. ) ;
#5825 = LINE ( 'NONE', #3200, #285 ) ;
#5826 = ORIENTED_EDGE ( 'NONE', *, *, #8628, .T. ) ;
#5827 = DIRECTION ( 'NONE',  ( 0.0000000000000000000, 0.0000000000000000000, -1.000000000000000000 ) ) ;
#5828 = ORIENTED_EDGE ( 'NONE', *, *, #6360, .T. ) ;
#5829 = LINE ( 'NONE', #8372, #8689 ) ;
#5830 =( NAMED_UNIT ( * ) SI_UNIT ( $, .STERADIAN. ) SOLID_ANGLE_UNIT ( ) );
#5831 = FACE_OUTER_BOUND ( 'NONE', #3623, .T. ) ;
#5832 = CARTESIAN_POINT ( 'NONE',  ( 1.089999999999999900, 2.649999999999999500, 1.225000000000001900 ) ) ;
#5833 = ORIENTED_EDGE ( 'NONE', *, *, #1954, .F. ) ;
#5834 = VERTEX_POINT ( 'NONE', #308 ) ;
#5835 = CARTESIAN_POINT ( 'NONE',  ( 2.550000000000000300, -1.400000000000000100, 1.124999999999998900 ) ) ;
#5836 = ORIENTED_EDGE ( 'NONE', *, *, #113, .F. ) ;
#5837 = MECHANICAL_DESIGN_GEOMETRIC_PRESENTATION_REPRESENTATION (  '', ( #3893 ), #6492 ) ;
#5838 = EDGE_CURVE ( 'NONE', #5066, #1161, #11475, .T. ) ;
#5839 = CARTESIAN_POINT ( 'NONE',  ( 2.425000000000000300, -0.6500000000000012400, 0.5999999999999967600 ) ) ;
#5840 = DIRECTION ( 'NONE',  ( -0.0000000000000000000, -0.0000000000000000000, 1.000000000000000000 ) ) ;
#5841 = LINE ( 'NONE', #11577, #2929 ) ;
#5842 = CARTESIAN_POINT ( 'NONE',  ( 4.508333333333335500, 0.9333333333333330200, 0.3333333333333332000 ) ) ;
#5843 = LINE ( 'NONE', #5653, #10632 ) ;
#5844 = SURFACE_SIDE_STYLE ('',( #12508 ) ) ;
#5845 = EDGE_CURVE ( 'NONE', #3429, #5389, #8963, .T. ) ;
#5846 = EDGE_CURVE ( 'NONE', #8605, #8868, #1816, .T. ) ;
#5847 = ORIENTED_EDGE ( 'NONE', *, *, #5592, .T. ) ;
#5848 =( GEOMETRIC_REPRESENTATION_CONTEXT ( 3 ) GLOBAL_UNCERTAINTY_ASSIGNED_CONTEXT ( ( #3273 ) ) GLOBAL_UNIT_ASSIGNED_CONTEXT ( ( #10496, #10461, #10445 ) ) REPRESENTATION_CONTEXT ( 'NONE', 'WORKASPACE' ) );
#5849 = VERTEX_POINT ( 'NONE', #20 ) ;
#5850 = UNCERTAINTY_MEASURE_WITH_UNIT (LENGTH_MEASURE( 1.000000000000000100E-005 ), #11127, 'distance_accuracy_value', 'NONE');
#5851 = LINE ( 'NONE', #12216, #5556 ) ;
#5852 = CARTESIAN_POINT ( 'NONE',  ( 1.409999999999999700, 1.500000000000000000, 1.774999999999999700 ) ) ;
#5853 = LINE ( 'NONE', #8381, #616 ) ;
#5854 = DIRECTION ( 'NONE',  ( 0.0000000000000000000, -0.0000000000000000000, -1.000000000000000000 ) ) ;
#5855 = CARTESIAN_POINT ( 'NONE',  ( 4.575000000000002000, 1.099999999999999600, 1.155000000000000000 ) ) ;
#5856 = CARTESIAN_POINT ( 'NONE',  ( -2.424999999999999800, -0.6500000000000002400, 3.423118842698616800 ) ) ;
#5857 = CIRCLE ( 'NONE', #11110, 0.1500000000000001900 ) ;
#5858 = DIRECTION ( 'NONE',  ( 0.0000000000000000000, -1.000000000000000000, 4.336808689942018200E-016 ) ) ;
#5859 = DIRECTION ( 'NONE',  ( -3.049318610115481200E-016, -0.0000000000000000000, -1.000000000000000000 ) ) ;
#5860 = VERTEX_POINT ( 'NONE', #36 ) ;
#5861 = PRESENTATION_LAYER_ASSIGNMENT (  '', '', ( #5216 ) ) ;
#5862 = EDGE_LOOP ( 'NONE', ( #570, #1629, #1060, #8355, #3244 ) ) ;
#5863 = ORIENTED_EDGE ( 'NONE', *, *, #11962, .T. ) ;
#5864 = LINE ( 'NONE', #11874, #10925 ) ;
#5865 = PRESENTATION_LAYER_ASSIGNMENT (  '', '', ( #4570 ) ) ;
#5866 = VECTOR ( 'NONE', #11053, 999.9999999999998900 ) ;
#5867 =( NAMED_UNIT ( * ) PLANE_ANGLE_UNIT ( ) SI_UNIT ( $, .RADIAN. ) );
#5868 = DIRECTION ( 'NONE',  ( 0.9766444667050908600, -0.2148617826751159600, -0.0000000000000000000 ) ) ;
#5869 = DIRECTION ( 'NONE',  ( 0.0000000000000000000, -1.000000000000000000, 0.0000000000000000000 ) ) ;
#5870 = ORIENTED_EDGE ( 'NONE', *, *, #9368, .T. ) ;
#5871 = DIRECTION ( 'NONE',  ( -1.000000000000000000, 0.0000000000000000000, 3.051828337366604500E-016 ) ) ;
#5872 = ORIENTED_EDGE ( 'NONE', *, *, #5886, .T. ) ;
#5873 = CARTESIAN_POINT ( 'NONE',  ( -4.000000000000001800, 2.100000000000000100, 0.2000000000000000100 ) ) ;
#5874 = FILL_AREA_STYLE_COLOUR ( '', #300 ) ;
#5875 = CARTESIAN_POINT ( 'NONE',  ( -1.725000000000000500, -0.6500000000000003600, 0.5999999999999967600 ) ) ;
#5876 = VECTOR ( 'NONE', #265, 1000.000000000000000 ) ;
#5877 = MECHANICAL_DESIGN_GEOMETRIC_PRESENTATION_REPRESENTATION (  '', ( #3931 ), #6522 ) ;
#5878 = DIRECTION ( 'NONE',  ( -1.000000000000000000, 0.0000000000000000000, -5.421010862427522200E-016 ) ) ;
#5879 = FILL_AREA_STYLE_COLOUR ( '', #7098 ) ;
#5880 = VECTOR ( 'NONE', #12035, 1000.000000000000000 ) ;
#5881 = FILL_AREA_STYLE_COLOUR ( '', #3641 ) ;
#5882 = PLANE ( 'NONE',  #9868 ) ;
#5883 = VERTEX_POINT ( 'NONE', #6895 ) ;
#5884 = ORIENTED_EDGE ( 'NONE', *, *, #10146, .T. ) ;
#5885 = CARTESIAN_POINT ( 'NONE',  ( -2.339999999999999900, -1.400000000000000100, 1.124999999999998900 ) ) ;
#5886 = EDGE_CURVE ( 'NONE', #2904, #1408, #3537, .T. ) ;
#5887 = DIRECTION ( 'NONE',  ( 0.0000000000000000000, -5.981805089575196200E-016, -1.000000000000000000 ) ) ;
#5888 = LINE ( 'NONE', #12276, #358 ) ;
#5889 = VECTOR ( 'NONE', #7226, 1000.000000000000000 ) ;
#5890 = ADVANCED_FACE ( 'NONE', ( #1187 ), #10773, .F. ) ;
#5891 = PLANE ( 'NONE',  #7837 ) ;
#5892 = PLANE ( 'NONE',  #10391 ) ;
#5893 = CARTESIAN_POINT ( 'NONE',  ( -2.339999999999999900, 2.000000000000000000, 1.774999999999999700 ) ) ;
#5894 = CARTESIAN_POINT ( 'NONE',  ( 2.353227431889999300, -0.9601246904090819900, 0.9710436416431782500 ) ) ;
#5895 = DIRECTION ( 'NONE',  ( -0.0000000000000000000, 4.336808689942018200E-016, 1.000000000000000000 ) ) ;
#5896 = ORIENTED_EDGE ( 'NONE', *, *, #4805, .F. ) ;
#5897 = PLANE ( 'NONE',  #10821 ) ;
#5898 = LINE ( 'NONE', #1678, #10955 ) ;
#5899 = VERTEX_POINT ( 'NONE', #9965 ) ;
#5900 = EDGE_CURVE ( 'NONE', #5771, #9673, #2595, .T. ) ;
#5901 = DIRECTION ( 'NONE',  ( 0.0000000000000000000, 0.0000000000000000000, -1.000000000000000000 ) ) ;
#5902 = LINE ( 'NONE', #4664, #673 ) ;
#5903 = LINE ( 'NONE', #7518, #8459 ) ;
#5904 = CARTESIAN_POINT ( 'NONE',  ( 2.425000000000001200, 0.4999999999999989500, 0.5999999999999967600 ) ) ;
#5905 = PLANE ( 'NONE',  #4545 ) ;
#5906 = EDGE_LOOP ( 'NONE', ( #10044, #1465, #6134, #8573, #5760, #4735 ) ) ;
#5907 = ORIENTED_EDGE ( 'NONE', *, *, #4622, .F. ) ;
#5908 = LINE ( 'NONE', #7928, #3318 ) ;
#5909 = CARTESIAN_POINT ( 'NONE',  ( 2.339999999999999900, 1.500000000000000000, 0.9499999999999998400 ) ) ;
#5910 = EDGE_CURVE ( 'NONE', #6387, #9020, #12521, .T. ) ;
#5911 = CARTESIAN_POINT ( 'NONE',  ( -1.090000000000000100, 1.500000000000000000, 0.8750000000000017800 ) ) ;
#5912 = CARTESIAN_POINT ( 'NONE',  ( 0.1599999999999999800, 2.499999999999999600, 1.734723475976807100E-015 ) ) ;
#5913 = ORIENTED_EDGE ( 'NONE', *, *, #9859, .F. ) ;
#5914 = SURFACE_STYLE_FILL_AREA ( #4455 ) ;
#5915 = DIRECTION ( 'NONE',  ( -0.0000000000000000000, 0.0000000000000000000, -1.000000000000000000 ) ) ;
#5916 = CARTESIAN_POINT ( 'NONE',  ( 3.800000000000001200, -2.100000000000000100, 0.1999999999999976200 ) ) ;
#5917 = EDGE_CURVE ( 'NONE', #8169, #12132, #4907, .T. ) ;
#5918 = EDGE_CURVE ( 'NONE', #1732, #6253, #9996, .T. ) ;
#5919 = CARTESIAN_POINT ( 'NONE',  ( 0.1599999999999999800, 2.000000000000000000, 1.375000000000001600 ) ) ;
#5920 = ORIENTED_EDGE ( 'NONE', *, *, #11154, .T. ) ;
#5921 = DIRECTION ( 'NONE',  ( 0.0000000000000000000, -0.0000000000000000000, 1.000000000000000000 ) ) ;
#5922 = LINE ( 'NONE', #5579, #691 ) ;
#5923 = VECTOR ( 'NONE', #6516, 1000.000000000000000 ) ;
#5924 = DIRECTION ( 'NONE',  ( -0.0000000000000000000, 1.000000000000000000, -0.0000000000000000000 ) ) ;
#5925 = CARTESIAN_POINT ( 'NONE',  ( -3.400000000000002100, -1.800000000000000500, 1.399999999999996800 ) ) ;
#5926 = VECTOR ( 'NONE', #1080, 1000.000000000000000 ) ;
#5927 = AXIS2_PLACEMENT_3D ( 'NONE', #2530, #534, #157 ) ;
#5928 = CARTESIAN_POINT ( 'NONE',  ( -2.339999999999999900, 1.500000000000000000, 1.699999999999998800 ) ) ;
#5929 = EDGE_CURVE ( 'NONE', #2190, #5487, #5215, .T. ) ;
#5930 = PRESENTATION_LAYER_ASSIGNMENT (  '', '', ( #4646 ) ) ;
#5931 = ORIENTED_EDGE ( 'NONE', *, *, #824, .T. ) ;
#5932 = ORIENTED_EDGE ( 'NONE', *, *, #644, .T. ) ;
#5933 = DIRECTION ( 'NONE',  ( -0.0000000000000000000, -0.7071067811865473500, 0.7071067811865477900 ) ) ;
#5934 = CARTESIAN_POINT ( 'NONE',  ( 4.000000000000000000, 2.100000000000000100, 3.399999999999998100 ) ) ;
#5935 = LINE ( 'NONE', #10641, #10710 ) ;
#5936 = SURFACE_STYLE_USAGE ( .BOTH. , #11643 ) ;
#5937 = CARTESIAN_POINT ( 'NONE',  ( 4.035000000000001000, 1.099999999999999600, 1.729999999999998000 ) ) ;
#5938 = LINE ( 'NONE', #7026, #2412 ) ;
#5939 = EDGE_CURVE ( 'NONE', #5416, #365, #2292, .T. ) ;
#5940 = ORIENTED_EDGE ( 'NONE', *, *, #5380, .F. ) ;
#5941 = CARTESIAN_POINT ( 'NONE',  ( -2.339999999999999900, 1.500000000000000000, 1.775000000000001700 ) ) ;
#5942 = AXIS2_PLACEMENT_3D ( 'NONE', #9404, #9620, #9326 ) ;
#5943 = FILL_AREA_STYLE_COLOUR ( '', #7669 ) ;
#5944 = VERTEX_POINT ( 'NONE', #4992 ) ;
#5945 = VERTEX_POINT ( 'NONE', #4231 ) ;
#5946 = PRESENTATION_STYLE_ASSIGNMENT (( #8866 ) ) ;
#5947 = ORIENTED_EDGE ( 'NONE', *, *, #3741, .T. ) ;
#5948 = AXIS2_PLACEMENT_3D ( 'NONE', #4645, #5616, #12282 ) ;
#5949 = CYLINDRICAL_SURFACE ( 'NONE', #8791, 0.1000000000000000500 ) ;
#5950 = VECTOR ( 'NONE', #3015, 1000.000000000000000 ) ;
#5951 = CARTESIAN_POINT ( 'NONE',  ( 3.100000000000001000, -1.100000000000000500, 2.999999999999997300 ) ) ;
#5952 = AXIS2_PLACEMENT_3D ( 'NONE', #2227, #6213, #10046 ) ;
#5953 = PLANE ( 'NONE',  #5120 ) ;
#5954 = CARTESIAN_POINT ( 'NONE',  ( -2.339999999999999900, -1.400000000000000100, 0.9499999999999981800 ) ) ;
#5955 = CARTESIAN_POINT ( 'NONE',  ( 0.1599999999999999800, 1.500000000000000000, 1.775000000000001700 ) ) ;
#5956 = ADVANCED_FACE ( 'NONE', ( #11922 ), #5348, .F. ) ;
#5957 = PLANE ( 'NONE',  #8992 ) ;
#5958 = APPLICATION_CONTEXT ( 'automotive_design' ) ;
#5959 =( LENGTH_UNIT ( ) NAMED_UNIT ( * ) SI_UNIT ( .MILLI., .METRE. ) );
#5960 = ORIENTED_EDGE ( 'NONE', *, *, #1677, .T. ) ;
#5961 = ORIENTED_EDGE ( 'NONE', *, *, #10796, .F. ) ;
#5962 = PLANE ( 'NONE',  #12386 ) ;
#5963 = EDGE_CURVE ( 'NONE', #6631, #4493, #1032, .T. ) ;
#5964 = FACE_OUTER_BOUND ( 'NONE', #10889, .T. ) ;
#5965 = LINE ( 'NONE', #2593, #735 ) ;
#5966 = COLOUR_RGB ( '',0.8000000000000000400, 0.8078431372549019800, 0.8000000000000000400 ) ;
#5967 = DIRECTION ( 'NONE',  ( -5.421010862427522200E-016, 0.0000000000000000000, 1.000000000000000000 ) ) ;
#5968 = AXIS2_PLACEMENT_3D ( 'NONE', #2211, #3199, #9938 ) ;
#5969 = CARTESIAN_POINT ( 'NONE',  ( -2.660000000000000100, 1.500000000000000000, 1.774999999999999700 ) ) ;
#5970 = DIRECTION ( 'NONE',  ( -0.0000000000000000000, 1.000000000000000000, 0.0000000000000000000 ) ) ;
#5971 = LINE ( 'NONE', #5685, #3372 ) ;
#5972 = MECHANICAL_DESIGN_GEOMETRIC_PRESENTATION_REPRESENTATION (  '', ( #4022 ), #6623 ) ;
#5973 =( NAMED_UNIT ( * ) SI_UNIT ( $, .STERADIAN. ) SOLID_ANGLE_UNIT ( ) );
#5974 = ADVANCED_FACE ( 'NONE', ( #3370 ), #1265, .T. ) ;
#5975 = VERTEX_POINT ( 'NONE', #4224 ) ;
#5976 = ORIENTED_EDGE ( 'NONE', *, *, #7815, .F. ) ;
#5977 = DIRECTION ( 'NONE',  ( -1.000000000000000000, -0.0000000000000000000, -0.0000000000000000000 ) ) ;
#5978 = PLANE ( 'NONE',  #8634 ) ;
#5979 = SURFACE_STYLE_FILL_AREA ( #5458 ) ;
#5980 = COLOUR_RGB ( '',0.8000000000000000400, 0.8078431372549019800, 0.8000000000000000400 ) ;
#5981 = VERTEX_POINT ( 'NONE', #12341 ) ;
#5982 = CARTESIAN_POINT ( 'NONE',  ( 3.500000000000000400, 1.500000000000000200, 3.399999999999997700 ) ) ;
#5983 = LINE ( 'NONE', #1693, #8236 ) ;
#5984 = EDGE_CURVE ( 'NONE', #11814, #8393, #10143, .T. ) ;
#5985 = PLANE ( 'NONE',  #8831 ) ;
#5986 = CARTESIAN_POINT ( 'NONE',  ( -5.500000000000001800, -1.100000000000000500, 0.4499999999999999600 ) ) ;
#5987 = CARTESIAN_POINT ( 'NONE',  ( 3.400000000000002100, -1.800000000000000500, 1.399999999999996800 ) ) ;
#5988 = DIRECTION ( 'NONE',  ( -1.000000000000000000, 0.0000000000000000000, 1.586637325588544600E-016 ) ) ;
#5989 = PLANE ( 'NONE',  #10404 ) ;
#5990 = LINE ( 'NONE', #9720, #759 ) ;
#5991 = ORIENTED_EDGE ( 'NONE', *, *, #10129, .F. ) ;
#5992 = EDGE_CURVE ( 'NONE', #8886, #8765, #2448, .T. ) ;
#5993 = DIRECTION ( 'NONE',  ( 0.0000000000000000000, 1.000000000000000000, 0.0000000000000000000 ) ) ;
#5994 = ORIENTED_EDGE ( 'NONE', *, *, #3113, .T. ) ;
#5995 =( GEOMETRIC_REPRESENTATION_CONTEXT ( 3 ) GLOBAL_UNCERTAINTY_ASSIGNED_CONTEXT ( ( #9062 ) ) GLOBAL_UNIT_ASSIGNED_CONTEXT ( ( #4793, #11450, #5748 ) ) REPRESENTATION_CONTEXT ( 'NONE', 'WORKASPACE' ) );
#5996 = LINE ( 'NONE', #10755, #11051 ) ;
#5997 = ORIENTED_EDGE ( 'NONE', *, *, #783, .T. ) ;
#5998 = VERTEX_POINT ( 'NONE', #11926 ) ;
#5999 = LINE ( 'NONE', #12527, #3407 ) ;
#6000 = VECTOR ( 'NONE', #8623, 1000.000000000000000 ) ;
#6001 = LINE ( 'NONE', #12174, #10769 ) ;
#6002 = UNCERTAINTY_MEASURE_WITH_UNIT (LENGTH_MEASURE( 1.000000000000000100E-005 ), #538, 'distance_accuracy_value', 'NONE');
#6003 = ORIENTED_EDGE ( 'NONE', *, *, #5249, .F. ) ;
#6004 = DIRECTION ( 'NONE',  ( -1.586637325588544600E-016, 0.0000000000000000000, -1.000000000000000000 ) ) ;
#6005 = EDGE_CURVE ( 'NONE', #7563, #9788, #4764, .T. ) ;
#6006 = DIRECTION ( 'NONE',  ( 0.0000000000000000000, -0.0000000000000000000, -1.000000000000000000 ) ) ;
#6007 = AXIS2_PLACEMENT_3D ( 'NONE', #8888, #8727, #8692 ) ;
#6008 = DIRECTION ( 'NONE',  ( 5.421010862427521200E-016, 0.0000000000000000000, -1.000000000000000000 ) ) ;
#6009 = FACE_OUTER_BOUND ( 'NONE', #2175, .T. ) ;
#6010 = CARTESIAN_POINT ( 'NONE',  ( 1.089999999999999900, -0.8999999999999958000, 0.9499999999999981800 ) ) ;
#6011 = FACE_OUTER_BOUND ( 'NONE', #7326, .T. ) ;
#6012 = VECTOR ( 'NONE', #8211, 1000.000000000000000 ) ;
#6013 = CARTESIAN_POINT ( 'NONE',  ( -4.235000000000002100, -1.200000000000000400, 1.529999999999997600 ) ) ;
#6014 = EDGE_CURVE ( 'NONE', #5001, #1658, #5060, .T. ) ;
#6016 = ORIENTED_EDGE ( 'NONE', *, *, #4714, .F. ) ;
#6015 = DIRECTION ( 'NONE',  ( 0.0000000000000000000, 0.0000000000000000000, 1.000000000000000000 ) ) ;
#6017 = DIRECTION ( 'NONE',  ( -3.049318610115481200E-016, -0.0000000000000000000, -1.000000000000000000 ) ) ;
#6018 = EDGE_CURVE ( 'NONE', #8055, #5360, #7308, .T. ) ;
#6019 = EDGE_CURVE ( 'NONE', #5564, #2575, #12081, .T. ) ;
#6020 = DIRECTION ( 'NONE',  ( 0.0000000000000000000, 0.7071067811865462400, -0.7071067811865489100 ) ) ;
#6021 = CARTESIAN_POINT ( 'NONE',  ( 1.409999999999999700, 2.649999999999999500, 1.375000000000001800 ) ) ;
#6022 = MECHANICAL_DESIGN_GEOMETRIC_PRESENTATION_REPRESENTATION (  '', ( #4723 ), #6663 ) ;
#6023 = ORIENTED_EDGE ( 'NONE', *, *, #3970, .F. ) ;
#6024 = ADVANCED_FACE ( 'NONE', ( #4444 ), #11130, .T. ) ;
#6025 = DIRECTION ( 'NONE',  ( 0.0000000000000000000, 1.000000000000000000, 0.0000000000000000000 ) ) ;
#6026 = ORIENTED_EDGE ( 'NONE', *, *, #5768, .F. ) ;
#6027 = DIRECTION ( 'NONE',  ( -1.000000000000000000, 2.710505431213763100E-016, 2.710505431213763100E-016 ) ) ;
#6028 = AXIS2_PLACEMENT_3D ( 'NONE', #1453, #1417, #1318 ) ;
#6029 = DIRECTION ( 'NONE',  ( 0.0000000000000000000, -1.000000000000000000, -1.495451272393799000E-016 ) ) ;
#6030 = PLANE ( 'NONE',  #8599 ) ;
#6031 = CARTESIAN_POINT ( 'NONE',  ( -4.000000000000000000, 2.100000000000000100, 3.399999999999996800 ) ) ;
#6032 = CARTESIAN_POINT ( 'NONE',  ( -2.339999999999999900, 2.649999999999999500, 1.225000000000001900 ) ) ;
#6033 = LINE ( 'NONE', #1565, #11089 ) ;
#6034 = VERTEX_POINT ( 'NONE', #11219 ) ;
#6035 = VERTEX_POINT ( 'NONE', #10733 ) ;
#6036 = ADVANCED_FACE ( 'NONE', ( #2391 ), #10679, .F. ) ;
#6037 = LINE ( 'NONE', #4037, #5735 ) ;
#6038 = CARTESIAN_POINT ( 'NONE',  ( -0.1599999999999999800, 2.799999999999999400, 0.5000000000000017800 ) ) ;
#6039 = DIRECTION ( 'NONE',  ( -1.000000000000000000, -0.0000000000000000000, -0.0000000000000000000 ) ) ;
#6040 = LINE ( 'NONE', #5190, #2821 ) ;
#6041 = DIRECTION ( 'NONE',  ( -0.0000000000000000000, 0.0000000000000000000, 1.000000000000000000 ) ) ;
#6042 = VERTEX_POINT ( 'NONE', #10813 ) ;
#6043 = CARTESIAN_POINT ( 'NONE',  ( 5.500000000000001800, 1.099999999999999600, 0.7999999999999954900 ) ) ;
#6044 = ORIENTED_EDGE ( 'NONE', *, *, #11996, .F. ) ;
#6045 = VERTEX_POINT ( 'NONE', #10265 ) ;
#6046 = SURFACE_STYLE_USAGE ( .BOTH. , #11747 ) ;
#6047 = DIRECTION ( 'NONE',  ( -0.0000000000000000000, -0.0000000000000000000, 1.000000000000000000 ) ) ;
#6048 = EDGE_LOOP ( 'NONE', ( #2697, #176, #9950, #4749, #2123, #10865, #5399, #9235, #9885, #5125, #10893, #11386 ) ) ;
#6049 = FILL_AREA_STYLE ('',( #10803 ) ) ;
#6050 = EDGE_CURVE ( 'NONE', #2358, #9873, #6072, .T. ) ;
#6051 = PLANE ( 'NONE',  #9727 ) ;
#6052 = VERTEX_POINT ( 'NONE', #10231 ) ;
#6053 = PLANE ( 'NONE',  #2537 ) ;
#6054 = ORIENTED_EDGE ( 'NONE', *, *, #3827, .T. ) ;
#6055 = FACE_OUTER_BOUND ( 'NONE', #4873, .T. ) ;
#6056 = CARTESIAN_POINT ( 'NONE',  ( -3.100000000000001400, -0.6500000000000008000, 3.449999999999997100 ) ) ;
#6057 = AXIS2_PLACEMENT_3D ( 'NONE', #4920, #11591, #5887 ) ;
#6058 = CARTESIAN_POINT ( 'NONE',  ( 2.660000000000000100, 0.0000000000000000000, 0.0000000000000000000 ) ) ;
#6059 = DIRECTION ( 'NONE',  ( 1.000000000000000000, 0.0000000000000000000, -0.0000000000000000000 ) ) ;
#6060 = SURFACE_STYLE_FILL_AREA ( #7849 ) ;
#6061 = LINE ( 'NONE', #1458, #838 ) ;
#6062 = CARTESIAN_POINT ( 'NONE',  ( 4.475000000000001400, 0.8999999999999991300, 1.039999999999995200 ) ) ;
#6063 = CARTESIAN_POINT ( 'NONE',  ( -4.675000000000002500, -1.100000000000000500, 0.2499999999999999400 ) ) ;
#6064 = DIRECTION ( 'NONE',  ( 3.051828337366604500E-016, -0.0000000000000000000, 1.000000000000000000 ) ) ;
#6065 =( LENGTH_UNIT ( ) NAMED_UNIT ( * ) SI_UNIT ( .MILLI., .METRE. ) );
#6066 = VERTEX_POINT ( 'NONE', #10192 ) ;
#6067 = CARTESIAN_POINT ( 'NONE',  ( -1.000000000000000700, 2.100000000000000100, 3.399999999999997700 ) ) ;
#6068 = EDGE_LOOP ( 'NONE', ( #7904, #7501, #10636, #11364 ) ) ;
#6069 = EDGE_CURVE ( 'NONE', #9, #7555, #9562, .T. ) ;
#6070 = VECTOR ( 'NONE', #8577, 1000.000000000000000 ) ;
#6071 = CARTESIAN_POINT ( 'NONE',  ( 2.339999999999999900, 2.299999999999999400, 0.2000000000000025400 ) ) ;
#6072 = LINE ( 'NONE', #10392, #3493 ) ;
#6073 = CARTESIAN_POINT ( 'NONE',  ( -4.225000000000001400, -1.100000000000000500, 0.4499999999999999600 ) ) ;
#6074 = EDGE_LOOP ( 'NONE', ( #8732, #4528, #3060, #9122 ) ) ;
#6075 = CARTESIAN_POINT ( 'NONE',  ( -4.000000000000001800, -1.100000000000000500, 2.999999999999997300 ) ) ;
#6076 = VERTEX_POINT ( 'NONE', #9935 ) ;
#6077 = EDGE_CURVE ( 'NONE', #5184, #11681, #9807, .T. ) ;
#6078 = DIRECTION ( 'NONE',  ( -0.0000000000000000000, -0.0000000000000000000, -1.000000000000000000 ) ) ;
#6079 = CARTESIAN_POINT ( 'NONE',  ( -4.665000000000002700, -1.200000000000000400, 0.2999999999999975500 ) ) ;
#6080 = VECTOR ( 'NONE', #11002, 1000.000000000000000 ) ;
#6081 = DIRECTION ( 'NONE',  ( 0.0000000000000000000, 5.981805089575195200E-016, 1.000000000000000000 ) ) ;
#6082 = EDGE_CURVE ( 'NONE', #7579, #2160, #4708, .T. ) ;
#6083 = EDGE_CURVE ( 'NONE', #2187, #4770, #12025, .T. ) ;
#6084 = CARTESIAN_POINT ( 'NONE',  ( 3.400000000000002100, -1.800000000000000500, 2.999999999999996400 ) ) ;
#6085 = ORIENTED_EDGE ( 'NONE', *, *, #3190, .T. ) ;
#6086 = AXIS2_PLACEMENT_3D ( 'NONE', #4290, #4148, #3914 ) ;
#6087 = ORIENTED_EDGE ( 'NONE', *, *, #2978, .T. ) ;
#6088 = EDGE_LOOP ( 'NONE', ( #11604, #4986, #11448, #7004 ) ) ;
#6089 = SURFACE_STYLE_FILL_AREA ( #9565 ) ;
#6090 = ADVANCED_FACE ( 'NONE', ( #9508 ), #9195, .F. ) ;
#6091 = CARTESIAN_POINT ( 'NONE',  ( -1.500000000000001100, 1.500000000000000400, 2.899999999999997700 ) ) ;
#6092 = ORIENTED_EDGE ( 'NONE', *, *, #7532, .T. ) ;
#6093 = DIRECTION ( 'NONE',  ( 0.0000000000000000000, -0.0000000000000000000, -1.000000000000000000 ) ) ;
#6094 = CARTESIAN_POINT ( 'NONE',  ( -5.700000000000001100, 0.9000000000000003600, 0.2500000000000001100 ) ) ;
#6095 = ORIENTED_EDGE ( 'NONE', *, *, #8816, .T. ) ;
#6096 = FACE_OUTER_BOUND ( 'NONE', #588, .T. ) ;
#6097 = PRESENTATION_LAYER_ASSIGNMENT (  '', '', ( #4814 ) ) ;
#6098 = VERTEX_POINT ( 'NONE', #8990 ) ;
#6099 = CARTESIAN_POINT ( 'NONE',  ( -4.000000000000001800, 2.000000000000000000, 0.5000000000000013300 ) ) ;
#6100 = DIRECTION ( 'NONE',  ( -0.0000000000000000000, -0.0000000000000000000, -1.000000000000000000 ) ) ;
#6101 = ORIENTED_EDGE ( 'NONE', *, *, #3884, .F. ) ;
#6102 = PRESENTATION_STYLE_ASSIGNMENT (( #2888 ) ) ;
#6103 = ORIENTED_EDGE ( 'NONE', *, *, #10808, .T. ) ;
#6104 = CARTESIAN_POINT ( 'NONE',  ( -2.339999999999999900, 1.500000000000000000, 0.8749999999999998900 ) ) ;
#6105 =( NAMED_UNIT ( * ) SI_UNIT ( $, .STERADIAN. ) SOLID_ANGLE_UNIT ( ) );
#6106 = EDGE_CURVE ( 'NONE', #12001, #8942, #1747, .T. ) ;
#6107 = COLOUR_RGB ( '',0.8000000000000000400, 0.8078431372549019800, 0.8000000000000000400 ) ;
#6108 = FILL_AREA_STYLE_COLOUR ( '', #8148 ) ;
#6109 = LINE ( 'NONE', #1467, #10867 ) ;
#6110 = DIRECTION ( 'NONE',  ( -0.2033118901005206400, 0.9241449550023804700, -0.3234507342508316000 ) ) ;
#6111 = LINE ( 'NONE', #10049, #3528 ) ;
#6112 = AXIS2_PLACEMENT_3D ( 'NONE', #11884, #1279, #8124 ) ;
#6113 = ORIENTED_EDGE ( 'NONE', *, *, #11008, .F. ) ;
#6114 = VECTOR ( 'NONE', #6380, 1000.000000000000000 ) ;
#6115 = STYLED_ITEM ( 'NONE', ( #3839 ), #10705 ) ;
#6116 = DIRECTION ( 'NONE',  ( -0.7071067811865474600, 0.0000000000000000000, -0.7071067811865474600 ) ) ;
#6117 = CARTESIAN_POINT ( 'NONE',  ( -1.409999999999999900, 1.500000000000000000, 1.699999999999998800 ) ) ;
#6118 =( NAMED_UNIT ( * ) PLANE_ANGLE_UNIT ( ) SI_UNIT ( $, .RADIAN. ) );
#6119 = PRESENTATION_STYLE_ASSIGNMENT (( #10358 ) ) ;
#6120 = ORIENTED_EDGE ( 'NONE', *, *, #5168, .T. ) ;
#6121 = ORIENTED_EDGE ( 'NONE', *, *, #9670, .T. ) ;
#6122 = PLANE ( 'NONE',  #1264 ) ;
#6123 = EDGE_LOOP ( 'NONE', ( #271, #10667, #6639, #1902 ) ) ;
#6124 = CARTESIAN_POINT ( 'NONE',  ( -1.409999999999999900, 1.500000000000000000, 1.699999999999998800 ) ) ;
#6125 = CARTESIAN_POINT ( 'NONE',  ( -4.665000000000002700, 0.8999999999999991300, 0.2999999999999975500 ) ) ;
#6126 = DIRECTION ( 'NONE',  ( 0.0000000000000000000, -1.000000000000000000, -1.495451272393799000E-016 ) ) ;
#6127 = EDGE_CURVE ( 'NONE', #2656, #7110, #11720, .T. ) ;
#6128 = LINE ( 'NONE', #6953, #3547 ) ;
#6129 = VERTEX_POINT ( 'NONE', #8871 ) ;
#6130 = PLANE ( 'NONE',  #11656 ) ;
#6131 = ORIENTED_EDGE ( 'NONE', *, *, #540, .F. ) ;
#6132 = DIRECTION ( 'NONE',  ( 1.000000000000000000, 0.0000000000000000000, -4.170008355713468300E-016 ) ) ;
#6133 =( LENGTH_UNIT ( ) NAMED_UNIT ( * ) SI_UNIT ( .MILLI., .METRE. ) );
#6134 = ORIENTED_EDGE ( 'NONE', *, *, #7112, .T. ) ;
#6135 = EDGE_LOOP ( 'NONE', ( #1501, #7603, #9436, #3248 ) ) ;
#6136 = MECHANICAL_DESIGN_GEOMETRIC_PRESENTATION_REPRESENTATION (  '', ( #4840 ), #6774 ) ;
#6137 = VECTOR ( 'NONE', #9945, 1000.000000000000000 ) ;
#6138 =( NAMED_UNIT ( * ) SI_UNIT ( $, .STERADIAN. ) SOLID_ANGLE_UNIT ( ) );
#6139 = ORIENTED_EDGE ( 'NONE', *, *, #5900, .F. ) ;
#6140 = ORIENTED_EDGE ( 'NONE', *, *, #1854, .T. ) ;
#6141 = ORIENTED_EDGE ( 'NONE', *, *, #5111, .T. ) ;
#6142 = ORIENTED_EDGE ( 'NONE', *, *, #9689, .F. ) ;
#6143 = DIRECTION ( 'NONE',  ( -0.0000000000000000000, 0.0000000000000000000, -1.000000000000000000 ) ) ;
#6144 = DIRECTION ( 'NONE',  ( -0.0000000000000000000, -1.000000000000000000, -0.0000000000000000000 ) ) ;
#6145 = LINE ( 'NONE', #5734, #8397 ) ;
#6146 = CARTESIAN_POINT ( 'NONE',  ( 0.1599999999999999800, -0.8999999999999958000, 0.9499999999999981800 ) ) ;
#6147 = SURFACE_STYLE_USAGE ( .BOTH. , #6180 ) ;
#6148 = ORIENTED_EDGE ( 'NONE', *, *, #7257, .F. ) ;
#6149 = DIRECTION ( 'NONE',  ( -1.000000000000000000, 0.0000000000000000000, -0.0000000000000000000 ) ) ;
#6150 = CARTESIAN_POINT ( 'NONE',  ( -1.409999999999999900, 2.649999999999999500, 1.375000000000002000 ) ) ;
#6151 = VERTEX_POINT ( 'NONE', #8530 ) ;
#6152 = UNCERTAINTY_MEASURE_WITH_UNIT (LENGTH_MEASURE( 1.000000000000000100E-005 ), #11224, 'distance_accuracy_value', 'NONE');
#6153 = ORIENTED_EDGE ( 'NONE', *, *, #11154, .F. ) ;
#6154 = CARTESIAN_POINT ( 'NONE',  ( -3.400000000000002100, -1.100000000000000500, 3.299999999999996700 ) ) ;
#6155 = STYLED_ITEM ( 'NONE', ( #7879 ), #671 ) ;
#6156 = VECTOR ( 'NONE', #7471, 999.9999999999998900 ) ;
#6157 = ADVANCED_FACE ( 'NONE', ( #4088 ), #8814, .F. ) ;
#6158 = LINE ( 'NONE', #8164, #7807 ) ;
#6159 = DIRECTION ( 'NONE',  ( -1.000000000000000000, -0.0000000000000000000, -0.0000000000000000000 ) ) ;
#6160 = DIRECTION ( 'NONE',  ( 0.0000000000000000000, 0.0000000000000000000, 1.000000000000000000 ) ) ;
#6161 = DIRECTION ( 'NONE',  ( 0.0000000000000000000, 0.0000000000000000000, -1.000000000000000000 ) ) ;
#6162 = ORIENTED_EDGE ( 'NONE', *, *, #4367, .F. ) ;
#6163 = DIRECTION ( 'NONE',  ( 1.000000000000000000, 0.0000000000000000000, -0.0000000000000000000 ) ) ;
#6164 = DIRECTION ( 'NONE',  ( 1.000000000000000000, 0.0000000000000000000, 0.0000000000000000000 ) ) ;
#6165 = CARTESIAN_POINT ( 'NONE',  ( 1.089999999999999900, 2.299999999999999400, 0.2000000000000025400 ) ) ;
#6166 = EDGE_CURVE ( 'NONE', #9110, #11531, #9205, .T. ) ;
#6167 = ORIENTED_EDGE ( 'NONE', *, *, #7902, .T. ) ;
#6168 = CARTESIAN_POINT ( 'NONE',  ( 4.000000000000000000, -2.100000000000000100, 3.399999999999998100 ) ) ;
#6169 = EDGE_LOOP ( 'NONE', ( #7381, #6327, #2133, #11517 ) ) ;
#6170 = AXIS2_PLACEMENT_3D ( 'NONE', #11354, #11064, #10933 ) ;
#6171 = ORIENTED_EDGE ( 'NONE', *, *, #3301, .T. ) ;
#6172 = CARTESIAN_POINT ( 'NONE',  ( -1.500000000000001100, 1.500000000000000400, 2.899999999999997700 ) ) ;
#6173 = CARTESIAN_POINT ( 'NONE',  ( 0.1599999999999999800, -0.8999999999999958000, 0.9499999999999981800 ) ) ;
#6174 = FACE_OUTER_BOUND ( 'NONE', #5862, .T. ) ;
#6175 = DIRECTION ( 'NONE',  ( 1.000000000000000000, 0.0000000000000000000, -0.0000000000000000000 ) ) ;
#6176 = VECTOR ( 'NONE', #11177, 1000.000000000000000 ) ;
#6177 =( GEOMETRIC_REPRESENTATION_CONTEXT ( 3 ) GLOBAL_UNCERTAINTY_ASSIGNED_CONTEXT ( ( #8078 ) ) GLOBAL_UNIT_ASSIGNED_CONTEXT ( ( #2348, #8129, #8081 ) ) REPRESENTATION_CONTEXT ( 'NONE', 'WORKASPACE' ) );
#6178 = COLOUR_RGB ( '',0.8000000000000000400, 0.8078431372549019800, 0.8000000000000000400 ) ;
#6179 = EDGE_CURVE ( 'NONE', #4438, #1866, #1447, .T. ) ;
#6180 = SURFACE_SIDE_STYLE ('',( #2487 ) ) ;
#6181 = ORIENTED_EDGE ( 'NONE', *, *, #9027, .T. ) ;
#6182 = ORIENTED_EDGE ( 'NONE', *, *, #8429, .T. ) ;
#6183 = ORIENTED_EDGE ( 'NONE', *, *, #9738, .F. ) ;
#6184 = DIRECTION ( 'NONE',  ( -0.2033118901005198900, -0.9241449550023804700, 0.3234507342508316500 ) ) ;
#6185 = EDGE_CURVE ( 'NONE', #6405, #8812, #8908, .T. ) ;
#6186 = VECTOR ( 'NONE', #1193, 1000.000000000000000 ) ;
#6187 = CARTESIAN_POINT ( 'NONE',  ( -0.1599999999999999800, 2.299999999999999400, 0.2000000000000025400 ) ) ;
#6188 = AXIS2_PLACEMENT_3D ( 'NONE', #2255, #2198, #2174 ) ;
#6189 = CARTESIAN_POINT ( 'NONE',  ( 2.550000000000000300, -1.400000000000000100, 1.524999999999998100 ) ) ;
#6190 = ORIENTED_EDGE ( 'NONE', *, *, #6960, .F. ) ;
#6191 = DIRECTION ( 'NONE',  ( 0.0000000000000000000, 0.0000000000000000000, -1.000000000000000000 ) ) ;
#6192 = CARTESIAN_POINT ( 'NONE',  ( -5.200000000000001100, 1.099999999999999600, 2.199999999999997500 ) ) ;
#6193 = PRODUCT_DEFINITION_SHAPE ( 'NONE', 'NONE',  #5104 ) ;
#6194 = CARTESIAN_POINT ( 'NONE',  ( 1.089999999999999900, 2.000000000000000000, 0.8749999999999998900 ) ) ;
#6195 = FILL_AREA_STYLE ('',( #6254 ) ) ;
#6196 = DIRECTION ( 'NONE',  ( -0.7071067811865506800, 0.7071067811865444600, 0.0000000000000000000 ) ) ;
#6197 = DIRECTION ( 'NONE',  ( 0.0000000000000000000, 0.0000000000000000000, 1.000000000000000000 ) ) ;
#6198 = FACE_OUTER_BOUND ( 'NONE', #5823, .T. ) ;
#6199 = STYLED_ITEM ( 'NONE', ( #8245 ), #10162 ) ;
#6200 = PRESENTATION_STYLE_ASSIGNMENT (( #2859 ) ) ;
#6201 = DIRECTION ( 'NONE',  ( 0.0000000000000000000, 0.0000000000000000000, 1.000000000000000000 ) ) ;
#6202 = DIRECTION ( 'NONE',  ( 1.000000000000000000, -0.0000000000000000000, 0.0000000000000000000 ) ) ;
#6203 = VERTEX_POINT ( 'NONE', #7903 ) ;
#6204 = EDGE_LOOP ( 'NONE', ( #2344, #7258, #12500, #116 ) ) ;
#6205 = VERTEX_POINT ( 'NONE', #7945 ) ;
#6206 = CARTESIAN_POINT ( 'NONE',  ( -1.090000000000000100, 1.500000000000000000, 0.9499999999999998400 ) ) ;
#6207 = CARTESIAN_POINT ( 'NONE',  ( -1.200000000000000000, -1.400000000000000100, 1.524999999999998100 ) ) ;
#6208 = DIRECTION ( 'NONE',  ( 1.000000000000000000, 0.0000000000000000000, 0.0000000000000000000 ) ) ;
#6209 = VECTOR ( 'NONE', #4372, 1000.000000000000000 ) ;
#6210 =( NAMED_UNIT ( * ) PLANE_ANGLE_UNIT ( ) SI_UNIT ( $, .RADIAN. ) );
#6211 = ADVANCED_FACE ( 'NONE', ( #3792 ), #4537, .F. ) ;
#6212 = ORIENTED_EDGE ( 'NONE', *, *, #6862, .T. ) ;
#6213 = DIRECTION ( 'NONE',  ( -0.0000000000000000000, 0.0000000000000000000, -1.000000000000000000 ) ) ;
#6214 = FACE_OUTER_BOUND ( 'NONE', #10309, .T. ) ;
#6215 = LINE ( 'NONE', #10448, #11268 ) ;
#6216 = ORIENTED_EDGE ( 'NONE', *, *, #10791, .F. ) ;
#6217 = ORIENTED_EDGE ( 'NONE', *, *, #5030, .T. ) ;
#6218 = SURFACE_STYLE_USAGE ( .BOTH. , #11911 ) ;
#6219 = VECTOR ( 'NONE', #7596, 1000.000000000000000 ) ;
#6220 = CARTESIAN_POINT ( 'NONE',  ( 3.700000000000002000, 0.8500000000000000900, 2.299999999999996300 ) ) ;
#6221 = SURFACE_STYLE_FILL_AREA ( #8859 ) ;
#6222 = EDGE_CURVE ( 'NONE', #9754, #8484, #11124, .T. ) ;
#6223 = ADVANCED_FACE ( 'NONE', ( #2539 ), #8021, .F. ) ;
#6224 = VERTEX_POINT ( 'NONE', #7140 ) ;
#6225 = LINE ( 'NONE', #10154, #10971 ) ;
#6226 =( NAMED_UNIT ( * ) SI_UNIT ( $, .STERADIAN. ) SOLID_ANGLE_UNIT ( ) );
#6227 = DIRECTION ( 'NONE',  ( 0.0000000000000000000, 0.0000000000000000000, -1.000000000000000000 ) ) ;
#6228 = UNCERTAINTY_MEASURE_WITH_UNIT (LENGTH_MEASURE( 1.000000000000000100E-005 ), #11385, 'distance_accuracy_value', 'NONE');
#6229 = EDGE_CURVE ( 'NONE', #10846, #3049, #7711, .T. ) ;
#6230 = ORIENTED_EDGE ( 'NONE', *, *, #1482, .F. ) ;
#6231 = DIRECTION ( 'NONE',  ( -1.000000000000000000, -0.0000000000000000000, -0.0000000000000000000 ) ) ;
#6232 = CARTESIAN_POINT ( 'NONE',  ( 0.9999999999999986700, 2.100000000000000100, 2.899999999999997700 ) ) ;
#6233 = DIRECTION ( 'NONE',  ( 1.000000000000000000, 0.0000000000000000000, 0.0000000000000000000 ) ) ;
#6234 = VECTOR ( 'NONE', #5425, 1000.000000000000000 ) ;
#6235 = PLANE ( 'NONE',  #4122 ) ;
#6236 = DIRECTION ( 'NONE',  ( -0.0000000000000000000, -0.0000000000000000000, 1.000000000000000000 ) ) ;
#6237 = CARTESIAN_POINT ( 'NONE',  ( -4.575000000000002000, -1.100000000000000500, 1.155000000000000000 ) ) ;
#6238 = LINE ( 'NONE', #1589, #8770 ) ;
#6239 = PLANE ( 'NONE',  #1712 ) ;
#6240 = VECTOR ( 'NONE', #8011, 1000.000000000000000 ) ;
#6241 = VECTOR ( 'NONE', #4974, 1000.000000000000000 ) ;
#6242 = CARTESIAN_POINT ( 'NONE',  ( -2.339999999999999900, 1.500000000000000000, 0.9499999999999982900 ) ) ;
#6243 = EDGE_CURVE ( 'NONE', #6035, #1818, #11421, .T. ) ;
#6244 = UNCERTAINTY_MEASURE_WITH_UNIT (LENGTH_MEASURE( 1.000000000000000100E-005 ), #152, 'distance_accuracy_value', 'NONE');
#6245 = CARTESIAN_POINT ( 'NONE',  ( 4.675000000000002500, -1.100000000000000500, -5.421010862427522200E-017 ) ) ;
#6246 = ORIENTED_EDGE ( 'NONE', *, *, #12458, .T. ) ;
#6247 = ORIENTED_EDGE ( 'NONE', *, *, #9514, .T. ) ;
#6248 = VECTOR ( 'NONE', #7756, 1000.000000000000000 ) ;
#6249 = CARTESIAN_POINT ( 'NONE',  ( -1.724999999999999600, -0.6500000000000003600, 3.423118842698616300 ) ) ;
#6250 = VECTOR ( 'NONE', #2370, 1000.000000000000000 ) ;
#6251 = ORIENTED_EDGE ( 'NONE', *, *, #6082, .T. ) ;
#6252 =( NAMED_UNIT ( * ) PLANE_ANGLE_UNIT ( ) SI_UNIT ( $, .RADIAN. ) );
#6253 = VERTEX_POINT ( 'NONE', #6560 ) ;
#6254 = FILL_AREA_STYLE_COLOUR ( '', #2171 ) ;
#6255 = PRESENTATION_STYLE_ASSIGNMENT (( #3406 ) ) ;
#6256 = CARTESIAN_POINT ( 'NONE',  ( 2.339999999999999900, 1.500000000000000000, 1.775000000000001700 ) ) ;
#6257 = ORIENTED_EDGE ( 'NONE', *, *, #6422, .F. ) ;
#6258 = EDGE_CURVE ( 'NONE', #2493, #8057, #2228, .T. ) ;
#6259 = CARTESIAN_POINT ( 'NONE',  ( -2.024999999999999900, -0.6500000000000003600, 3.423118842698616300 ) ) ;
#6260 = CARTESIAN_POINT ( 'NONE',  ( -1.090000000000000100, 2.099999999999999600, 0.8750000000000017800 ) ) ;
#6261 = ORIENTED_EDGE ( 'NONE', *, *, #3204, .F. ) ;
#6262 = FACE_OUTER_BOUND ( 'NONE', #5539, .T. ) ;
#6263 = ORIENTED_EDGE ( 'NONE', *, *, #7373, .T. ) ;
#6264 = FILL_AREA_STYLE ('',( #5471 ) ) ;
#6265 = LINE ( 'NONE', #8399, #3679 ) ;
#6266 = VECTOR ( 'NONE', #6840, 1000.000000000000000 ) ;
#6267 = EDGE_CURVE ( 'NONE', #3935, #2904, #12460, .T. ) ;
#6268 = EDGE_CURVE ( 'NONE', #10209, #10310, #7408, .T. ) ;
#6269 = AXIS2_PLACEMENT_3D ( 'NONE', #8699, #8592, #8579 ) ;
#6270 = CARTESIAN_POINT ( 'NONE',  ( 2.660000000000000100, -0.8999999999999914700, 1.124999999999998900 ) ) ;
#6271 = ORIENTED_EDGE ( 'NONE', *, *, #5663, .T. ) ;
#6272 = ORIENTED_EDGE ( 'NONE', *, *, #5663, .F. ) ;
#6273 = COLOUR_RGB ( '',0.8000000000000000400, 0.8078431372549019800, 0.8000000000000000400 ) ;
#6274 = CARTESIAN_POINT ( 'NONE',  ( -1.325000000000000400, 0.4999999999999995600, 0.1999999999999992100 ) ) ;
#6275 = MECHANICAL_DESIGN_GEOMETRIC_PRESENTATION_REPRESENTATION (  '', ( #4312 ), #6893 ) ;
#6276 = DIRECTION ( 'NONE',  ( -1.000000000000000000, -0.0000000000000000000, -0.0000000000000000000 ) ) ;
#6277 = FACE_OUTER_BOUND ( 'NONE', #7220, .T. ) ;
#6278 = LINE ( 'NONE', #7530, #3692 ) ;
#6279 =( NAMED_UNIT ( * ) PLANE_ANGLE_UNIT ( ) SI_UNIT ( $, .RADIAN. ) );
#6280 = CARTESIAN_POINT ( 'NONE',  ( 0.1600000000000000300, 2.000000000000000000, 0.8749999999999998900 ) ) ;
#6281 = VECTOR ( 'NONE', #5738, 1000.000000000000000 ) ;
#6283 = ORIENTED_EDGE ( 'NONE', *, *, #6354, .T. ) ;
#6282 = SURFACE_STYLE_FILL_AREA ( #183 ) ;
#6284 = PRESENTATION_LAYER_ASSIGNMENT (  '', '', ( #4976 ) ) ;
#6285 = ADVANCED_FACE ( 'NONE', ( #1903 ), #5985, .F. ) ;
#6286 = LINE ( 'NONE', #5264, #8523 ) ;
#6287 = CARTESIAN_POINT ( 'NONE',  ( 4.000000000000000000, 1.500000000000000400, 3.399999999999997700 ) ) ;
#6288 = PLANE ( 'NONE',  #391 ) ;
#6289 = DIRECTION ( 'NONE',  ( 0.0000000000000000000, 1.000000000000000000, 0.0000000000000000000 ) ) ;
#6290 = PRESENTATION_LAYER_ASSIGNMENT (  '', '', ( #4980 ) ) ;
#6291 = ORIENTED_EDGE ( 'NONE', *, *, #289, .F. ) ;
#6292 = ORIENTED_EDGE ( 'NONE', *, *, #10334, .T. ) ;
#6293 = PLANE ( 'NONE',  #8687 ) ;
#6294 = VECTOR ( 'NONE', #1430, 1000.000000000000000 ) ;
#6295 = ORIENTED_EDGE ( 'NONE', *, *, #5075, .T. ) ;
#6296 = PRESENTATION_LAYER_ASSIGNMENT (  '', '', ( #4985 ) ) ;
#6297 = EDGE_LOOP ( 'NONE', ( #1767, #8922, #8332, #7421, #4249, #689, #5010, #9210, #920, #8259, #1513, #4452, #6736, #8413, #9283, #6867, #9129, #11038 ) ) ;
#6298 = ADVANCED_FACE ( 'NONE', ( #10957 ), #5170, .T. ) ;
#6299 = CARTESIAN_POINT ( 'NONE',  ( 5.500000000000001800, -1.100000000000000500, 0.4499999999999999600 ) ) ;
#6300 = FACE_OUTER_BOUND ( 'NONE', #8744, .T. ) ;
#6301 = EDGE_LOOP ( 'NONE', ( #2272, #1530, #8684, #11205 ) ) ;
#6302 = DIRECTION ( 'NONE',  ( -1.000000000000000000, -0.0000000000000000000, -0.0000000000000000000 ) ) ;
#6303 = ORIENTED_EDGE ( 'NONE', *, *, #4552, .T. ) ;
#6304 = CARTESIAN_POINT ( 'NONE',  ( 4.000000000000000000, -1.100000000000000300, 2.999999999999997300 ) ) ;
#6305 = DIRECTION ( 'NONE',  ( 0.0000000000000000000, 1.000000000000000000, 0.0000000000000000000 ) ) ;
#6306 = ORIENTED_EDGE ( 'NONE', *, *, #6422, .T. ) ;
#6307 = CARTESIAN_POINT ( 'NONE',  ( 1.199999999999999700, -1.400000000000000100, 1.699999999999998400 ) ) ;
#6308 = FACE_OUTER_BOUND ( 'NONE', #1045, .T. ) ;
#6309 = DIRECTION ( 'NONE',  ( 0.0000000000000000000, -1.000000000000000000, 0.0000000000000000000 ) ) ;
#6310 = EDGE_LOOP ( 'NONE', ( #6412, #8289, #11012, #7620 ) ) ;
#6311 = DIRECTION ( 'NONE',  ( -1.000000000000000000, -0.0000000000000000000, 3.049318610115479700E-016 ) ) ;
#6312 = LINE ( 'NONE', #1905, #1061 ) ;
#6313 = EDGE_CURVE ( 'NONE', #2822, #5148, #3626, .T. ) ;
#6314 = VECTOR ( 'NONE', #4759, 1000.000000000000000 ) ;
#6315 = VECTOR ( 'NONE', #10257, 1000.000000000000000 ) ;
#6317 = EDGE_LOOP ( 'NONE', ( #12229, #11495, #4904, #1859 ) ) ;
#6316 = DIRECTION ( 'NONE',  ( 0.0000000000000000000, 0.0000000000000000000, -1.000000000000000000 ) ) ;
#6318 = CARTESIAN_POINT ( 'NONE',  ( -0.1599999999999999800, 2.000000000000000000, 1.775000000000001500 ) ) ;
#6319 = CARTESIAN_POINT ( 'NONE',  ( -4.000000000000000000, 1.500000000000000400, 2.899999999999997700 ) ) ;
#6320 =( GEOMETRIC_REPRESENTATION_CONTEXT ( 3 ) GLOBAL_UNCERTAINTY_ASSIGNED_CONTEXT ( ( #9049 ) ) GLOBAL_UNIT_ASSIGNED_CONTEXT ( ( #7612, #1754, #8585 ) ) REPRESENTATION_CONTEXT ( 'NONE', 'WORKASPACE' ) );
#6321 = LINE ( 'NONE', #6995, #11368 ) ;
#6322 =( NAMED_UNIT ( * ) SI_UNIT ( $, .STERADIAN. ) SOLID_ANGLE_UNIT ( ) );
#6323 = LINE ( 'NONE', #10217, #11065 ) ;
#6324 =( LENGTH_UNIT ( ) NAMED_UNIT ( * ) SI_UNIT ( .MILLI., .METRE. ) );
#6325 = DIRECTION ( 'NONE',  ( -0.0000000000000000000, 1.000000000000000000, -0.0000000000000000000 ) ) ;
#6326 = VECTOR ( 'NONE', #11006, 1000.000000000000100 ) ;
#6327 = ORIENTED_EDGE ( 'NONE', *, *, #11979, .F. ) ;
#6328 = UNCERTAINTY_MEASURE_WITH_UNIT (LENGTH_MEASURE( 1.000000000000000100E-005 ), #3912, 'distance_accuracy_value', 'NONE');
#6329 = DIRECTION ( 'NONE',  ( 0.0000000000000000000, 0.0000000000000000000, -1.000000000000000000 ) ) ;
#6330 = ORIENTED_EDGE ( 'NONE', *, *, #2969, .T. ) ;
#6331 = EDGE_CURVE ( 'NONE', #5048, #4423, #8458, .T. ) ;
#6332 = CARTESIAN_POINT ( 'NONE',  ( -0.1599999999999999800, 0.8500000000000000900, 0.9499999999999998400 ) ) ;
#6333 = CARTESIAN_POINT ( 'NONE',  ( 0.1599999999999999800, 1.500000000000000000, 0.9499999999999982900 ) ) ;
#6334 = CARTESIAN_POINT ( 'NONE',  ( -2.750000000000001300, 2.100000000000000100, 3.399999999999997700 ) ) ;
#6335 = FILL_AREA_STYLE ('',( #5354 ) ) ;
#6336 = DIRECTION ( 'NONE',  ( 0.0000000000000000000, -1.000000000000000000, -0.0000000000000000000 ) ) ;
#6337 = SURFACE_STYLE_FILL_AREA ( #6853 ) ;
#6338 = ORIENTED_EDGE ( 'NONE', *, *, #5917, .T. ) ;
#6339 = AXIS2_PLACEMENT_3D ( 'NONE', #10107, #10459, #10492 ) ;
#6340 = EDGE_CURVE ( 'NONE', #7198, #9714, #5902, .T. ) ;
#6341 = VERTEX_POINT ( 'NONE', #5094 ) ;
#6342 = DIRECTION ( 'NONE',  ( -1.000000000000000000, -0.0000000000000000000, -0.0000000000000000000 ) ) ;
#6343 = DIRECTION ( 'NONE',  ( 0.0000000000000000000, 0.7071067811865477900, 0.7071067811865473500 ) ) ;
#6344 = EDGE_CURVE ( 'NONE', #8064, #6468, #3312, .T. ) ;
#6345 = EDGE_CURVE ( 'NONE', #7918, #8205, #10683, .T. ) ;
#6346 = DIRECTION ( 'NONE',  ( 0.0000000000000000000, 0.0000000000000000000, -1.000000000000000000 ) ) ;
#6347 = ADVANCED_FACE ( 'NONE', ( #6214 ), #4033, .F. ) ;
#6348 = PRESENTATION_LAYER_ASSIGNMENT (  '', '', ( #5034 ) ) ;
#6349 = ORIENTED_EDGE ( 'NONE', *, *, #7847, .T. ) ;
#6350 = ORIENTED_EDGE ( 'NONE', *, *, #6268, .F. ) ;
#6351 =( NAMED_UNIT ( * ) PLANE_ANGLE_UNIT ( ) SI_UNIT ( $, .RADIAN. ) );
#6352 = PLANE ( 'NONE',  #6866 ) ;
#6353 = LINE ( 'NONE', #12010, #11398 ) ;
#6354 = EDGE_CURVE ( 'NONE', #10570, #374, #2995, .T. ) ;
#6355 =( GEOMETRIC_REPRESENTATION_CONTEXT ( 3 ) GLOBAL_UNCERTAINTY_ASSIGNED_CONTEXT ( ( #6688 ) ) GLOBAL_UNIT_ASSIGNED_CONTEXT ( ( #337, #7168, #1300 ) ) REPRESENTATION_CONTEXT ( 'NONE', 'WORKASPACE' ) );
#6356 = FACE_OUTER_BOUND ( 'NONE', #8062, .T. ) ;
#6357 = VERTEX_POINT ( 'NONE', #3852 ) ;
#6358 = ADVANCED_FACE ( 'NONE', ( #7854 ), #3804, .F. ) ;
#6359 = CARTESIAN_POINT ( 'NONE',  ( -3.700000000000002000, -2.100000000000000100, 2.299999999999996300 ) ) ;
#6360 = EDGE_CURVE ( 'NONE', #3503, #5481, #10383, .T. ) ;
#6361 = ORIENTED_EDGE ( 'NONE', *, *, #9897, .F. ) ;
#6362 = CARTESIAN_POINT ( 'NONE',  ( -4.475000000000001400, -1.200000000000000400, 1.039999999999996900 ) ) ;
#6363 = AXIS2_PLACEMENT_3D ( 'NONE', #9687, #9116, #9056 ) ;
#6364 = CARTESIAN_POINT ( 'NONE',  ( 4.475000000000001400, -1.200000000000000400, 0.2999999999999975500 ) ) ;
#6365 = CARTESIAN_POINT ( 'NONE',  ( 2.339999999999999900, 2.000000000000000000, 1.774999999999999700 ) ) ;
#6366 = CARTESIAN_POINT ( 'NONE',  ( 1.409999999999999700, 2.000000000000000000, 1.775000000000001500 ) ) ;
#6367 = CARTESIAN_POINT ( 'NONE',  ( 0.1600000000000000300, 2.000000000000000000, 1.774999999999999700 ) ) ;
#6368 = LINE ( 'NONE', #304, #3782 ) ;
#6369 = STYLED_ITEM ( 'NONE', ( #5108 ), #7274 ) ;
#6370 = DIRECTION ( 'NONE',  ( -1.000000000000000000, -0.0000000000000000000, -0.0000000000000000000 ) ) ;
#6371 = MECHANICAL_DESIGN_GEOMETRIC_PRESENTATION_REPRESENTATION (  '', ( #4406 ), #6993 ) ;
#6372 = ORIENTED_EDGE ( 'NONE', *, *, #1054, .T. ) ;
#6373 = CARTESIAN_POINT ( 'NONE',  ( 4.995000000000002800, -1.200000000000000400, 1.229999999999997500 ) ) ;
#6374 = VECTOR ( 'NONE', #251, 1000.000000000000000 ) ;
#6375 = VECTOR ( 'NONE', #8248, 1000.000000000000000 ) ;
#6376 = CARTESIAN_POINT ( 'NONE',  ( -4.000000000000000000, -2.100000000000000100, 2.999999999999997300 ) ) ;
#6377 = EDGE_CURVE ( 'NONE', #2167, #2988, #5309, .T. ) ;
#6378 = DIRECTION ( 'NONE',  ( 1.000000000000000000, 0.0000000000000000000, 0.0000000000000000000 ) ) ;
#6379 = ORIENTED_EDGE ( 'NONE', *, *, #385, .T. ) ;
#6380 = DIRECTION ( 'NONE',  ( -0.0000000000000000000, 1.000000000000000000, -0.0000000000000000000 ) ) ;
#6381 = PLANE ( 'NONE',  #7697 ) ;
#6382 = PRESENTATION_STYLE_ASSIGNMENT (( #6923 ) ) ;
#6383 = CARTESIAN_POINT ( 'NONE',  ( -4.034999999999999300, 1.099999999999999600, 0.0000000000000000000 ) ) ;
#6384 = CARTESIAN_POINT ( 'NONE',  ( -4.000000000000001800, -2.100000000000000100, 0.2000000000000000100 ) ) ;
#6385 = FACE_OUTER_BOUND ( 'NONE', #2302, .T. ) ;
#6386 = UNCERTAINTY_MEASURE_WITH_UNIT (LENGTH_MEASURE( 1.000000000000000100E-005 ), #12452, 'distance_accuracy_value', 'NONE');
#6387 = VERTEX_POINT ( 'NONE', #3154 ) ;
#6388 = EDGE_CURVE ( 'NONE', #8205, #9933, #4995, .T. ) ;
#6389 = LINE ( 'NONE', #8163, #6080 ) ;
#6390 = CARTESIAN_POINT ( 'NONE',  ( 1.199999999999999700, -1.400000000000000100, 1.524999999999998100 ) ) ;
#6391 = LINE ( 'NONE', #810, #1152 ) ;
#6392 = EDGE_LOOP ( 'NONE', ( #410, #11304, #12252, #8071 ) ) ;
#6393 = ADVANCED_FACE ( 'NONE', ( #2681 ), #2925, .T. ) ;
#6394 = PRODUCT_RELATED_PRODUCT_CATEGORY ( 'part', '', ( #3627 ) ) ;
#6395 = DIRECTION ( 'NONE',  ( 0.0000000000000000000, -1.000000000000000000, 0.0000000000000000000 ) ) ;
#6396 = PRESENTATION_LAYER_ASSIGNMENT (  '', '', ( #5106 ) ) ;
#6397 = CARTESIAN_POINT ( 'NONE',  ( 2.660000000000000100, 2.000000000000000000, 0.8749999999999998900 ) ) ;
#6398 = ORIENTED_EDGE ( 'NONE', *, *, #5768, .T. ) ;
#6399 = ORIENTED_EDGE ( 'NONE', *, *, #1013, .T. ) ;
#6400 = DIRECTION ( 'NONE',  ( 0.0000000000000000000, -0.0000000000000000000, -1.000000000000000000 ) ) ;
#6401 = CARTESIAN_POINT ( 'NONE',  ( -1.090000000000000100, -0.8999999999999914700, 1.225000000000001900 ) ) ;
#6402 =( NAMED_UNIT ( * ) PLANE_ANGLE_UNIT ( ) SI_UNIT ( $, .RADIAN. ) );
#6403 = LINE ( 'NONE', #7015, #3824 ) ;
#6404 = DIRECTION ( 'NONE',  ( 0.0000000000000000000, -3.738628180984498200E-017, 1.000000000000000000 ) ) ;
#6405 = VERTEX_POINT ( 'NONE', #2473 ) ;
#6406 = EDGE_CURVE ( 'NONE', #1366, #8102, #45, .T. ) ;
#6407 = LINE ( 'NONE', #6958, #10859 ) ;
#6408 = ORIENTED_EDGE ( 'NONE', *, *, #8179, .F. ) ;
#6409 = MECHANICAL_DESIGN_GEOMETRIC_PRESENTATION_REPRESENTATION (  '', ( #4461 ), #7046 ) ;
#6410 = ADVANCED_FACE ( 'NONE', ( #9792 ), #2836, .T. ) ;
#6411 = VERTEX_POINT ( 'NONE', #6366 ) ;
#6412 = ORIENTED_EDGE ( 'NONE', *, *, #8026, .F. ) ;
#6413 = DIRECTION ( 'NONE',  ( 0.0000000000000000000, 0.0000000000000000000, 1.000000000000000000 ) ) ;
#6414 = PRESENTATION_STYLE_ASSIGNMENT (( #12004 ) ) ;
#6415 = DIRECTION ( 'NONE',  ( 0.0000000000000000000, 1.000000000000000000, 0.0000000000000000000 ) ) ;
#6416 = COLOUR_RGB ( '',0.8000000000000000400, 0.8078431372549019800, 0.8000000000000000400 ) ;
#6417 = CARTESIAN_POINT ( 'NONE',  ( -2.339999999999999900, 2.499999999999999600, 1.734723475976807100E-015 ) ) ;
#6418 = DIRECTION ( 'NONE',  ( 0.0000000000000000000, 0.0000000000000000000, -1.000000000000000000 ) ) ;
#6419 = LINE ( 'NONE', #4466, #561 ) ;
#6420 = AXIS2_PLACEMENT_3D ( 'NONE', #9180, #8311, #8226 ) ;
#6421 = CARTESIAN_POINT ( 'NONE',  ( 1.409999999999999700, -0.8999999999999958000, 0.9499999999999981800 ) ) ;
#6422 = EDGE_CURVE ( 'NONE', #11914, #4786, #7549, .T. ) ;
#6423 = LINE ( 'NONE', #196, #8953 ) ;
#6424 = DIRECTION ( 'NONE',  ( -1.000000000000000000, -0.0000000000000000000, -0.0000000000000000000 ) ) ;
#6425 = SURFACE_STYLE_USAGE ( .BOTH. , #12127 ) ;
#6426 = ORIENTED_EDGE ( 'NONE', *, *, #7583, .T. ) ;
#6427 = ORIENTED_EDGE ( 'NONE', *, *, #9128, .T. ) ;
#6428 = EDGE_CURVE ( 'NONE', #208, #4815, #7245, .T. ) ;
#6429 = AXIS2_PLACEMENT_3D ( 'NONE', #4325, #4275, #4248 ) ;
#6430 = VECTOR ( 'NONE', #9382, 1000.000000000000000 ) ;
#6431 = VECTOR ( 'NONE', #110, 1000.000000000000000 ) ;
#6432 = CARTESIAN_POINT ( 'NONE',  ( -5.000000000000000900, 1.099999999999999600, 0.2999999999999975500 ) ) ;
#6433 = VERTEX_POINT ( 'NONE', #1616 ) ;
#6434 = AXIS2_PLACEMENT_3D ( 'NONE', #998, #956, #798 ) ;
#6435 = SURFACE_SIDE_STYLE ('',( #4593 ) ) ;
#6436 = SURFACE_STYLE_USAGE ( .BOTH. , #12138 ) ;
#6437 = LINE ( 'NONE', #11735, #8378 ) ;
#6438 = ORIENTED_EDGE ( 'NONE', *, *, #3649, .T. ) ;
#6439 = DIRECTION ( 'NONE',  ( -0.0000000000000000000, 1.000000000000000000, -0.0000000000000000000 ) ) ;
#6440 =( NAMED_UNIT ( * ) PLANE_ANGLE_UNIT ( ) SI_UNIT ( $, .RADIAN. ) );
#6441 = DIRECTION ( 'NONE',  ( -0.0000000000000000000, -0.0000000000000000000, -1.000000000000000000 ) ) ;
#6442 = CARTESIAN_POINT ( 'NONE',  ( 2.660000000000000100, 1.500000000000000000, 1.775000000000001700 ) ) ;
#6443 = ORIENTED_EDGE ( 'NONE', *, *, #4997, .F. ) ;
#6444 = CIRCLE ( 'NONE', #5291, 0.1500000000000001900 ) ;
#6445 = CARTESIAN_POINT ( 'NONE',  ( -0.1599999999999999800, 2.000000000000000000, 1.774999999999999700 ) ) ;
#6446 = CARTESIAN_POINT ( 'NONE',  ( 0.1599999999999999800, -0.8999999999999950300, 1.699999999999998400 ) ) ;
#6447 = CYLINDRICAL_SURFACE ( 'NONE', #3783, 0.1999999999999998700 ) ;
#6448 = ORIENTED_EDGE ( 'NONE', *, *, #7190, .T. ) ;
#6449 = ORIENTED_EDGE ( 'NONE', *, *, #12298, .T. ) ;
#6450 = AXIS2_PLACEMENT_3D ( 'NONE', #7493, #1634, #8462 ) ;
#6451 = ORIENTED_EDGE ( 'NONE', *, *, #10092, .F. ) ;
#6452 = ORIENTED_EDGE ( 'NONE', *, *, #2655, .T. ) ;
#6453 = COLOUR_RGB ( '',0.8000000000000000400, 0.8078431372549019800, 0.8000000000000000400 ) ;
#6454 = SURFACE_STYLE_USAGE ( .BOTH. , #6579 ) ;
#6455 = ORIENTED_EDGE ( 'NONE', *, *, #11796, .T. ) ;
#6456 = PRESENTATION_STYLE_ASSIGNMENT (( #12224 ) ) ;
#6457 = CARTESIAN_POINT ( 'NONE',  ( -3.300000000000002500, 1.099999999999999900, 0.1999999999999997900 ) ) ;
#6458 = CARTESIAN_POINT ( 'NONE',  ( -1.000000000000000700, 2.100000000000000100, 2.899999999999997700 ) ) ;
#6459 = DIRECTION ( 'NONE',  ( 0.0000000000000000000, -0.0000000000000000000, -1.000000000000000000 ) ) ;
#6460 = DIRECTION ( 'NONE',  ( 1.000000000000000000, 0.0000000000000000000, 0.0000000000000000000 ) ) ;
#6461 = DIRECTION ( 'NONE',  ( -0.0000000000000000000, 1.000000000000000000, -0.0000000000000000000 ) ) ;
#6462 = ORIENTED_EDGE ( 'NONE', *, *, #3227, .T. ) ;
#6463 = ADVANCED_FACE ( 'NONE', ( #12015 ), #1660, .F. ) ;
#6464 = ORIENTED_EDGE ( 'NONE', *, *, #11120, .F. ) ;
#6465 = CARTESIAN_POINT ( 'NONE',  ( 2.660000000000000100, 1.500000000000000000, 0.8749999999999998900 ) ) ;
#6466 = EDGE_CURVE ( 'NONE', #1396, #9685, #6944, .T. ) ;
#6467 = VECTOR ( 'NONE', #8961, 1000.000000000000000 ) ;
#6468 = VERTEX_POINT ( 'NONE', #1586 ) ;
#6469 = LINE ( 'NONE', #7952, #1548 ) ;
#6470 = EDGE_CURVE ( 'NONE', #7479, #4431, #4381, .T. ) ;
#6471 = ORIENTED_EDGE ( 'NONE', *, *, #10552, .T. ) ;
#6472 = AXIS2_PLACEMENT_3D ( 'NONE', #1229, #8059, #2243 ) ;
#6473 = ORIENTED_EDGE ( 'NONE', *, *, #8185, .F. ) ;
#6474 = ADVANCED_FACE ( 'NONE', ( #6656 ), #848, .T. ) ;
#6475 = VECTOR ( 'NONE', #8017, 1000.000000000000000 ) ;
#6476 = LINE ( 'NONE', #11555, #1240 ) ;
#6477 = DIRECTION ( 'NONE',  ( 0.0000000000000000000, 0.0000000000000000000, 1.000000000000000000 ) ) ;
#6478 = CARTESIAN_POINT ( 'NONE',  ( 0.1599999999999999800, 2.299999999999999400, 0.2000000000000025400 ) ) ;
#6479 = FACE_OUTER_BOUND ( 'NONE', #4491, .T. ) ;
#6480 = EDGE_CURVE ( 'NONE', #11814, #6889, #4083, .T. ) ;
#6481 = ORIENTED_EDGE ( 'NONE', *, *, #6050, .T. ) ;
#6482 = DIRECTION ( 'NONE',  ( 0.0000000000000000000, 1.000000000000000000, 1.355252715606878600E-016 ) ) ;
#6483 = CARTESIAN_POINT ( 'NONE',  ( 2.660000000000000100, 2.000000000000000000, 0.8749999999999998900 ) ) ;
#6485 = ORIENTED_EDGE ( 'NONE', *, *, #2856, .F. ) ;
#6484 = PLANE ( 'NONE',  #12168 ) ;
#6486 = CARTESIAN_POINT ( 'NONE',  ( 4.044999999999999000, -1.200000000000000400, 0.2999999999999975500 ) ) ;
#6487 = CARTESIAN_POINT ( 'NONE',  ( -3.100000000000001400, -1.100000000000000500, 2.999999999999997300 ) ) ;
#6488 = CARTESIAN_POINT ( 'NONE',  ( 0.1599999999999999800, 2.900000000000000400, 1.788933584601082300E-015 ) ) ;
#6489 = PRESENTATION_STYLE_ASSIGNMENT (( #12495 ) ) ;
#6490 = LINE ( 'NONE', #1716, #3916 ) ;
#6491 = CARTESIAN_POINT ( 'NONE',  ( 0.1599999999999999800, 2.900000000000000400, 1.788933584601082300E-015 ) ) ;
#6492 =( GEOMETRIC_REPRESENTATION_CONTEXT ( 3 ) GLOBAL_UNCERTAINTY_ASSIGNED_CONTEXT ( ( #6997 ) ) GLOBAL_UNIT_ASSIGNED_CONTEXT ( ( #12483, #11653, #6 ) ) REPRESENTATION_CONTEXT ( 'NONE', 'WORKASPACE' ) );
#6493 = EDGE_CURVE ( 'NONE', #6076, #303, #1738, .T. ) ;
#6494 = VERTEX_POINT ( 'NONE', #288 ) ;
#6495 = PRESENTATION_STYLE_ASSIGNMENT (( #1322 ) ) ;
#6496 = FILL_AREA_STYLE ('',( #11235 ) ) ;
#6497 = EDGE_CURVE ( 'NONE', #4152, #4685, #6368, .T. ) ;
#6498 = EDGE_CURVE ( 'NONE', #2663, #5771, #8894, .T. ) ;
#6499 = LINE ( 'NONE', #6897, #3612 ) ;
#6500 = CARTESIAN_POINT ( 'NONE',  ( 2.339999999999999900, 1.500000000000000000, 0.8749999999999998900 ) ) ;
#6501 = DIRECTION ( 'NONE',  ( -0.0000000000000000000, -0.0000000000000000000, 1.000000000000000000 ) ) ;
#6502 = LINE ( 'NONE', #5817, #11254 ) ;
#6503 = ORIENTED_EDGE ( 'NONE', *, *, #11705, .F. ) ;
#6504 = LINE ( 'NONE', #863, #8749 ) ;
#6505 = MECHANICAL_DESIGN_GEOMETRIC_PRESENTATION_REPRESENTATION (  '', ( #5216 ), #7136 ) ;
#6506 = DIRECTION ( 'NONE',  ( 0.0000000000000000000, 0.0000000000000000000, 1.000000000000000000 ) ) ;
#6507 = MECHANICAL_DESIGN_GEOMETRIC_PRESENTATION_REPRESENTATION (  '', ( #4570 ), #7144 ) ;
#6508 = CARTESIAN_POINT ( 'NONE',  ( 2.660000000000000100, -0.8999999999999950300, 1.699999999999998400 ) ) ;
#6509 = CARTESIAN_POINT ( 'NONE',  ( 1.409999999999999700, 1.500000000000000000, 1.699999999999998800 ) ) ;
#6510 = ORIENTED_EDGE ( 'NONE', *, *, #9217, .F. ) ;
#6511 = ORIENTED_EDGE ( 'NONE', *, *, #1710, .F. ) ;
#6512 = ADVANCED_FACE ( 'NONE', ( #11117 ), #168, .F. ) ;
#6513 = ORIENTED_EDGE ( 'NONE', *, *, #12536, .T. ) ;
#6514 = DIRECTION ( 'NONE',  ( -0.0000000000000000000, -1.000000000000000000, -0.0000000000000000000 ) ) ;
#6515 = LINE ( 'NONE', #7360, #6219 ) ;
#6516 = DIRECTION ( 'NONE',  ( 1.000000000000000000, 0.0000000000000000000, 0.0000000000000000000 ) ) ;
#6517 = CARTESIAN_POINT ( 'NONE',  ( -0.2500000000000011100, 1.500000000000000400, 2.899999999999997700 ) ) ;
#6518 = FACE_OUTER_BOUND ( 'NONE', #3669, .T. ) ;
#6519 = DIRECTION ( 'NONE',  ( -3.049318610115481200E-016, -0.0000000000000000000, -1.000000000000000000 ) ) ;
#6520 =( LENGTH_UNIT ( ) NAMED_UNIT ( * ) SI_UNIT ( .MILLI., .METRE. ) );
#6521 = SURFACE_STYLE_USAGE ( .BOTH. , #666 ) ;
#6522 =( GEOMETRIC_REPRESENTATION_CONTEXT ( 3 ) GLOBAL_UNCERTAINTY_ASSIGNED_CONTEXT ( ( #11482 ) ) GLOBAL_UNIT_ASSIGNED_CONTEXT ( ( #2065, #8865, #3061 ) ) REPRESENTATION_CONTEXT ( 'NONE', 'WORKASPACE' ) );
#6523 = SURFACE_STYLE_USAGE ( .BOTH. , #12226 ) ;
#6524 = ORIENTED_EDGE ( 'NONE', *, *, #10301, .T. ) ;
#6525 = ADVANCED_FACE ( 'NONE', ( #195 ), #11609, .F. ) ;
#6526 = LINE ( 'NONE', #5432, #3950 ) ;
#6527 = CARTESIAN_POINT ( 'NONE',  ( -2.660000000000000100, 2.299999999999999400, 0.6750000000000020400 ) ) ;
#6528 = CARTESIAN_POINT ( 'NONE',  ( -3.400000000000002100, 0.8500000000000000900, 0.5999999999999966500 ) ) ;
#6529 = FACE_OUTER_BOUND ( 'NONE', #9858, .T. ) ;
#6530 = EDGE_CURVE ( 'NONE', #8453, #8141, #6787, .T. ) ;
#6531 = DIRECTION ( 'NONE',  ( 1.000000000000000000, 0.0000000000000000000, 5.421010862427526500E-017 ) ) ;
#6532 = LINE ( 'NONE', #1057, #11290 ) ;
#6533 = CARTESIAN_POINT ( 'NONE',  ( 2.660000000000000100, 1.500000000000000000, 0.9499999999999982900 ) ) ;
#6534 = DIRECTION ( 'NONE',  ( 0.0000000000000000000, 0.0000000000000000000, 1.000000000000000000 ) ) ;
#6535 = DIRECTION ( 'NONE',  ( -0.0000000000000000000, -1.000000000000000000, -0.0000000000000000000 ) ) ;
#6536 = DIRECTION ( 'NONE',  ( -1.000000000000000000, 0.0000000000000000000, 1.586637325588544600E-016 ) ) ;
#6537 = CARTESIAN_POINT ( 'NONE',  ( -4.475000000000001400, -1.200000000000000400, 0.4899999999999984900 ) ) ;
#6538 = ORIENTED_EDGE ( 'NONE', *, *, #11686, .F. ) ;
#6539 = ORIENTED_EDGE ( 'NONE', *, *, #5674, .T. ) ;
#6540 = AXIS2_PLACEMENT_3D ( 'NONE', #10083, #7242, #1394 ) ;
#6541 = LINE ( 'NONE', #9645, #11595 ) ;
#6542 = SURFACE_STYLE_FILL_AREA ( #2605 ) ;
#6543 = VECTOR ( 'NONE', #7212, 1000.000000000000000 ) ;
#6544 = ORIENTED_EDGE ( 'NONE', *, *, #5703, .T. ) ;
#6545 = EDGE_LOOP ( 'NONE', ( #4143, #9752, #709, #11936 ) ) ;
#6546 = LINE ( 'NONE', #3849, #11302 ) ;
#6547 = EDGE_CURVE ( 'NONE', #11782, #9710, #1892, .T. ) ;
#6548 = ORIENTED_EDGE ( 'NONE', *, *, #2223, .T. ) ;
#6549 = FACE_OUTER_BOUND ( 'NONE', #6169, .T. ) ;
#6550 = DIRECTION ( 'NONE',  ( 0.0000000000000000000, -1.000000000000000000, 0.0000000000000000000 ) ) ;
#6551 = DIRECTION ( 'NONE',  ( -0.0000000000000000000, 1.000000000000000000, -0.0000000000000000000 ) ) ;
#6552 = CARTESIAN_POINT ( 'NONE',  ( -5.195000000000008300, 1.099999999999999600, 1.501981409616588400E-014 ) ) ;
#6553 = LINE ( 'NONE', #694, #11608 ) ;
#6554 = DIRECTION ( 'NONE',  ( 1.000000000000000000, 0.0000000000000000000, 0.0000000000000000000 ) ) ;
#6555 = LINE ( 'NONE', #1972, #6266 ) ;
#6556 = SURFACE_STYLE_FILL_AREA ( #4641 ) ;
#6558 = ORIENTED_EDGE ( 'NONE', *, *, #10248, .T. ) ;
#6557 = DIRECTION ( 'NONE',  ( -1.000000000000000000, 0.0000000000000000000, 3.252606517456521700E-016 ) ) ;
#6559 = AXIS2_PLACEMENT_3D ( 'NONE', #5136, #5096, #5251 ) ;
#6560 = CARTESIAN_POINT ( 'NONE',  ( 5.500000000000001800, -1.100000000000000500, 7.668747073677960000E-017 ) ) ;
#6561 = CARTESIAN_POINT ( 'NONE',  ( 0.1599999999999999800, -0.8999999999999914700, 1.124999999999998900 ) ) ;
#6562 = EDGE_CURVE ( 'NONE', #1658, #583, #4223, .T. ) ;
#6563 = DIRECTION ( 'NONE',  ( 1.000000000000000000, 0.0000000000000000000, 0.0000000000000000000 ) ) ;
#6564 = ORIENTED_EDGE ( 'NONE', *, *, #5030, .F. ) ;
#6565 = VECTOR ( 'NONE', #4722, 1000.000000000000000 ) ;
#6566 = ORIENTED_EDGE ( 'NONE', *, *, #12230, .F. ) ;
#6567 = CARTESIAN_POINT ( 'NONE',  ( -4.000000000000000000, 2.100000000000000100, 3.399999999999996800 ) ) ;
#6568 = PLANE ( 'NONE',  #8449 ) ;
#6569 = LINE ( 'NONE', #7059, #9108 ) ;
#6570 = LINE ( 'NONE', #7406, #11326 ) ;
#6571 = EDGE_CURVE ( 'NONE', #12172, #6950, #11551, .T. ) ;
#6572 = VECTOR ( 'NONE', #7217, 1000.000000000000000 ) ;
#6573 = EDGE_CURVE ( 'NONE', #8812, #729, #6502, .T. ) ;
#6574 = ORIENTED_EDGE ( 'NONE', *, *, #8006, .F. ) ;
#6575 = AXIS2_PLACEMENT_3D ( 'NONE', #11188, #6811, #6850 ) ;
#6576 = ORIENTED_EDGE ( 'NONE', *, *, #7583, .F. ) ;
#6577 = LINE ( 'NONE', #8156, #1653 ) ;
#6578 = ORIENTED_EDGE ( 'NONE', *, *, #7673, .T. ) ;
#6579 = SURFACE_SIDE_STYLE ('',( #5591 ) ) ;
#6580 = CARTESIAN_POINT ( 'NONE',  ( 3.800000000000001200, -1.099999999999999900, 0.1999999999999976200 ) ) ;
#6581 = ORIENTED_EDGE ( 'NONE', *, *, #11724, .T. ) ;
#6582 = FACE_OUTER_BOUND ( 'NONE', #140, .T. ) ;
#6583 =( NAMED_UNIT ( * ) PLANE_ANGLE_UNIT ( ) SI_UNIT ( $, .RADIAN. ) );
#6584 = DIRECTION ( 'NONE',  ( 0.0000000000000000000, -0.0000000000000000000, 1.000000000000000000 ) ) ;
#6585 = CARTESIAN_POINT ( 'NONE',  ( 0.0000000000000000000, -2.100000000000000100, 0.0000000000000000000 ) ) ;
#6586 = ADVANCED_FACE ( 'NONE', ( #8740 ), #4938, .F. ) ;
#6587 = EDGE_CURVE ( 'NONE', #10125, #3762, #5296, .T. ) ;
#6588 = CARTESIAN_POINT ( 'NONE',  ( 4.000000000000000000, 2.000000000000000400, 2.499999999999997800 ) ) ;
#6589 = LINE ( 'NONE', #1468, #8531 ) ;
#6590 = MECHANICAL_DESIGN_GEOMETRIC_PRESENTATION_REPRESENTATION (  '', ( #4646 ), #7208 ) ;
#6591 =( LENGTH_UNIT ( ) NAMED_UNIT ( * ) SI_UNIT ( .MILLI., .METRE. ) );
#6592 = VERTEX_POINT ( 'NONE', #123 ) ;
#6593 = EDGE_CURVE ( 'NONE', #8484, #8886, #7840, .T. ) ;
#6594 = ORIENTED_EDGE ( 'NONE', *, *, #7768, .T. ) ;
#6595 = AXIS2_PLACEMENT_3D ( 'NONE', #6607, #6233, #6191 ) ;
#6596 = ORIENTED_EDGE ( 'NONE', *, *, #4374, .T. ) ;
#6597 = ADVANCED_FACE ( 'NONE', ( #2672 ), #7806, .F. ) ;
#6598 = LINE ( 'NONE', #5151, #11353 ) ;
#6599 = DIRECTION ( 'NONE',  ( 0.0000000000000000000, 0.0000000000000000000, -1.000000000000000000 ) ) ;
#6600 = VERTEX_POINT ( 'NONE', #1955 ) ;
#6601 = VECTOR ( 'NONE', #6160, 1000.000000000000000 ) ;
#6602 = CARTESIAN_POINT ( 'NONE',  ( -3.700000000000002000, 0.8500000000000000900, 2.299999999999996300 ) ) ;
#6603 =( NAMED_UNIT ( * ) SI_UNIT ( $, .STERADIAN. ) SOLID_ANGLE_UNIT ( ) );
#6604 = CARTESIAN_POINT ( 'NONE',  ( -4.000000000000001800, -2.100000000000000100, 0.2000000000000000100 ) ) ;
#6605 = PRESENTATION_LAYER_ASSIGNMENT (  '', '', ( #5311 ) ) ;
#6606 = ORIENTED_EDGE ( 'NONE', *, *, #4546, .F. ) ;
#6607 = CARTESIAN_POINT ( 'NONE',  ( -0.1599999999999999800, 2.649999999999999500, 1.225000000000001900 ) ) ;
#6608 = CARTESIAN_POINT ( 'NONE',  ( -4.995000000000002800, -1.200000000000000400, 1.229999999999997500 ) ) ;
#6609 = LINE ( 'NONE', #2701, #4031 ) ;
#6610 = DIRECTION ( 'NONE',  ( 0.9766444667050908600, -0.2148617826751159600, -0.0000000000000000000 ) ) ;
#6611 = VECTOR ( 'NONE', #7158, 1000.000000000000000 ) ;
#6612 = SURFACE_STYLE_USAGE ( .BOTH. , #12302 ) ;
#6613 = VECTOR ( 'NONE', #11115, 999.9999999999998900 ) ;
#6614 = CARTESIAN_POINT ( 'NONE',  ( 1.409999999999999700, 2.649999999999999500, 1.375000000000002000 ) ) ;
#6615 = EDGE_CURVE ( 'NONE', #4084, #2058, #361, .T. ) ;
#6616 = LINE ( 'NONE', #6242, #9155 ) ;
#6617 = DIRECTION ( 'NONE',  ( -1.000000000000000000, 0.0000000000000000000, 0.0000000000000000000 ) ) ;
#6618 = VERTEX_POINT ( 'NONE', #1003 ) ;
#6619 = VERTEX_POINT ( 'NONE', #2003 ) ;
#6620 = ORIENTED_EDGE ( 'NONE', *, *, #5517, .T. ) ;
#6621 = ORIENTED_EDGE ( 'NONE', *, *, #9666, .T. ) ;
#6622 = FILL_AREA_STYLE ('',( #6108 ) ) ;
#6623 =( GEOMETRIC_REPRESENTATION_CONTEXT ( 3 ) GLOBAL_UNCERTAINTY_ASSIGNED_CONTEXT ( ( #8980 ) ) GLOBAL_UNIT_ASSIGNED_CONTEXT ( ( #11165, #5467, #12135 ) ) REPRESENTATION_CONTEXT ( 'NONE', 'WORKASPACE' ) );
#6624 = VECTOR ( 'NONE', #8240, 1000.000000000000000 ) ;
#6625 = PRESENTATION_STYLE_ASSIGNMENT (( #10109 ) ) ;
#6626 = DIRECTION ( 'NONE',  ( 0.7071067811865483500, 0.7071067811865468000, -1.121922012207349400E-016 ) ) ;
#6627 = CARTESIAN_POINT ( 'NONE',  ( 1.409999999999999700, -0.8999999999999914700, 1.225000000000001900 ) ) ;
#6629 = CYLINDRICAL_SURFACE ( 'NONE', #3764, 0.1500000000000001900 ) ;
#6628 = CARTESIAN_POINT ( 'NONE',  ( -4.225000000000001400, -1.100000000000000500, 1.155000000000000000 ) ) ;
#6630 = DIRECTION ( 'NONE',  ( -1.000000000000000000, 0.0000000000000000000, 0.0000000000000000000 ) ) ;
#6631 = VERTEX_POINT ( 'NONE', #5911 ) ;
#6632 = UNCERTAINTY_MEASURE_WITH_UNIT (LENGTH_MEASURE( 1.000000000000000100E-005 ), #11171, 'distance_accuracy_value', 'NONE');
#6633 = CARTESIAN_POINT ( 'NONE',  ( -2.660000000000000100, 1.500000000000000000, 0.9499999999999998400 ) ) ;
#6634 = ORIENTED_EDGE ( 'NONE', *, *, #3742, .T. ) ;
#6635 = EDGE_CURVE ( 'NONE', #12165, #12119, #4984, .T. ) ;
#6636 = SURFACE_STYLE_FILL_AREA ( #1325 ) ;
#6637 = EDGE_CURVE ( 'NONE', #1853, #3110, #7539, .T. ) ;
#6638 = STYLED_ITEM ( 'NONE', ( #12490 ), #12451 ) ;
#6639 = ORIENTED_EDGE ( 'NONE', *, *, #11120, .T. ) ;
#6640 = ORIENTED_EDGE ( 'NONE', *, *, #2642, .T. ) ;
#6641 = FILL_AREA_STYLE_COLOUR ( '', #1531 ) ;
#6642 = PLANE ( 'NONE',  #4042 ) ;
#6643 = DIRECTION ( 'NONE',  ( -1.000000000000000000, -0.0000000000000000000, -0.0000000000000000000 ) ) ;
#6644 = ADVANCED_FACE ( 'NONE', ( #7233 ), #5957, .F. ) ;
#6645 = EDGE_CURVE ( 'NONE', #2825, #3458, #12000, .T. ) ;
#6646 = VECTOR ( 'NONE', #6008, 1000.000000000000000 ) ;
#6647 = FILL_AREA_STYLE_COLOUR ( '', #1454 ) ;
#6648 = DIRECTION ( 'NONE',  ( -1.000000000000000000, -4.336808689942016300E-016, 3.051828337366604500E-016 ) ) ;
#6649 = VERTEX_POINT ( 'NONE', #2046 ) ;
#6650 =( NAMED_UNIT ( * ) PLANE_ANGLE_UNIT ( ) SI_UNIT ( $, .RADIAN. ) );
#6651 = ORIENTED_EDGE ( 'NONE', *, *, #11442, .F. ) ;
#6652 = AXIS2_PLACEMENT_3D ( 'NONE', #2639, #10398, #597 ) ;
#6653 = COLOUR_RGB ( '',0.8000000000000000400, 0.8078431372549019800, 0.8000000000000000400 ) ;
#6654 = EDGE_CURVE ( 'NONE', #10723, #1154, #4684, .T. ) ;
#6655 = ADVANCED_FACE ( 'NONE', ( #6931 ), #10753, .F. ) ;
#6656 = FACE_OUTER_BOUND ( 'NONE', #4908, .T. ) ;
#6657 = CARTESIAN_POINT ( 'NONE',  ( -2.750000000000001300, 2.100000000000000100, 2.899999999999997700 ) ) ;
#6658 = CARTESIAN_POINT ( 'NONE',  ( 4.675000000000001600, 1.099999999999999600, 0.4499999999999999600 ) ) ;
#6659 = EDGE_LOOP ( 'NONE', ( #8206, #10628, #4822, #7340 ) ) ;
#6660 = EDGE_CURVE ( 'NONE', #2988, #4517, #11700, .T. ) ;
#6661 = ORIENTED_EDGE ( 'NONE', *, *, #3399, .T. ) ;
#6662 = DIRECTION ( 'NONE',  ( 0.0000000000000000000, 0.0000000000000000000, 1.000000000000000000 ) ) ;
#6663 =( GEOMETRIC_REPRESENTATION_CONTEXT ( 3 ) GLOBAL_UNCERTAINTY_ASSIGNED_CONTEXT ( ( #3672 ) ) GLOBAL_UNIT_ASSIGNED_CONTEXT ( ( #6133, #6118, #6105 ) ) REPRESENTATION_CONTEXT ( 'NONE', 'WORKASPACE' ) );
#6664 = DIRECTION ( 'NONE',  ( 0.0000000000000000000, -0.0000000000000000000, -1.000000000000000000 ) ) ;
#6665 = LINE ( 'NONE', #2475, #1442 ) ;
#6666 = VECTOR ( 'NONE', #9031, 1000.000000000000000 ) ;
#6667 = STYLED_ITEM ( 'NONE', ( #8610 ), #6512 ) ;
#6668 = VERTEX_POINT ( 'NONE', #2094 ) ;
#6669 = ORIENTED_EDGE ( 'NONE', *, *, #4634, .T. ) ;
#6670 = LINE ( 'NONE', #6457, #4093 ) ;
#6671 =( LENGTH_UNIT ( ) NAMED_UNIT ( * ) SI_UNIT ( .MILLI., .METRE. ) );
#6672 = DIRECTION ( 'NONE',  ( 0.0000000000000000000, 0.0000000000000000000, -1.000000000000000000 ) ) ;
#6673 = CARTESIAN_POINT ( 'NONE',  ( 2.660000000000000100, 1.500000000000000000, 1.775000000000001700 ) ) ;
#6674 = LINE ( 'NONE', #9054, #1459 ) ;
#6675 = ORIENTED_EDGE ( 'NONE', *, *, #12382, .F. ) ;
#6676 = CARTESIAN_POINT ( 'NONE',  ( -1.500000000000001100, 2.100000000000000100, 2.899999999999997700 ) ) ;
#6677 = CARTESIAN_POINT ( 'NONE',  ( 1.199999999999999700, -1.400000000000000100, 1.124999999999998900 ) ) ;
#6678 = FACE_OUTER_BOUND ( 'NONE', #2810, .T. ) ;
#6679 = CARTESIAN_POINT ( 'NONE',  ( 1.409999999999999700, 2.000000000000000000, 1.774999999999999700 ) ) ;
#6680 = FACE_OUTER_BOUND ( 'NONE', #1916, .T. ) ;
#6681 = DIRECTION ( 'NONE',  ( -1.000000000000000000, -0.0000000000000000000, -0.0000000000000000000 ) ) ;
#6682 = ORIENTED_EDGE ( 'NONE', *, *, #4095, .F. ) ;
#6683 = SURFACE_SIDE_STYLE ('',( #11465 ) ) ;
#6684 = COLOUR_RGB ( '',0.8000000000000000400, 0.8078431372549019800, 0.8000000000000000400 ) ;
#6685 = CARTESIAN_POINT ( 'NONE',  ( 0.2499999999999993600, 2.100000000000000100, 2.899999999999997700 ) ) ;
#6686 = CARTESIAN_POINT ( 'NONE',  ( 4.675000000000002500, -1.100000000000000500, 0.2499999999999999400 ) ) ;
#6687 = ORIENTED_EDGE ( 'NONE', *, *, #12347, .F. ) ;
#6688 = UNCERTAINTY_MEASURE_WITH_UNIT (LENGTH_MEASURE( 1.000000000000000100E-005 ), #337, 'distance_accuracy_value', 'NONE');
#6689 = ORIENTED_EDGE ( 'NONE', *, *, #6493, .T. ) ;
#6690 = EDGE_LOOP ( 'NONE', ( #11820, #11271, #4598, #5740 ) ) ;
#6691 = EDGE_CURVE ( 'NONE', #5184, #7022, #9486, .T. ) ;
#6692 = VECTOR ( 'NONE', #1876, 1000.000000000000100 ) ;
#6693 = LINE ( 'NONE', #10840, #1780 ) ;
#6694 = SURFACE_SIDE_STYLE ('',( #11753 ) ) ;
#6695 =( NAMED_UNIT ( * ) SI_UNIT ( $, .STERADIAN. ) SOLID_ANGLE_UNIT ( ) );
#6696 = VECTOR ( 'NONE', #12355, 1000.000000000000000 ) ;
#6697 = ADVANCED_FACE ( 'NONE', ( #1424 ), #10793, .F. ) ;
#6698 = ORIENTED_EDGE ( 'NONE', *, *, #1359, .F. ) ;
#6699 = FACE_OUTER_BOUND ( 'NONE', #2439, .T. ) ;
#6700 = FILL_AREA_STYLE_COLOUR ( '', #6178 ) ;
#6701 = VERTEX_POINT ( 'NONE', #7924 ) ;
#6702 = ORIENTED_EDGE ( 'NONE', *, *, #4689, .F. ) ;
#6703 = LINE ( 'NONE', #8151, #9250 ) ;
#6704 =( LENGTH_UNIT ( ) NAMED_UNIT ( * ) SI_UNIT ( .MILLI., .METRE. ) );
#6705 = VECTOR ( 'NONE', #1752, 1000.000000000000000 ) ;
#6707 = ORIENTED_EDGE ( 'NONE', *, *, #3637, .F. ) ;
#6706 = LINE ( 'NONE', #8219, #11466 ) ;
#6708 = EDGE_CURVE ( 'NONE', #7720, #3068, #1729, .T. ) ;
#6709 = ADVANCED_FACE ( 'NONE', ( #6356, #11402 ), #9890, .F. ) ;
#6710 = PLANE ( 'NONE',  #8313 ) ;
#6711 = CARTESIAN_POINT ( 'NONE',  ( 4.475000000000001400, -1.100000000000000500, 1.155000000000000000 ) ) ;
#6712 = ORIENTED_EDGE ( 'NONE', *, *, #5917, .F. ) ;
#6713 = ORIENTED_EDGE ( 'NONE', *, *, #5575, .T. ) ;
#6714 = CARTESIAN_POINT ( 'NONE',  ( 3.300000000000001600, 1.099999999999999900, -2.222614453595284100E-015 ) ) ;
#6715 = FACE_OUTER_BOUND ( 'NONE', #2180, .T. ) ;
#6716 = AXIS2_PLACEMENT_3D ( 'NONE', #10023, #2986, #8162 ) ;
#6717 = CARTESIAN_POINT ( 'NONE',  ( -1.409999999999999900, 2.499999999999999600, 1.734723475976807100E-015 ) ) ;
#6718 = LINE ( 'NONE', #389, #1509 ) ;
#6719 = ORIENTED_EDGE ( 'NONE', *, *, #12237, .F. ) ;
#6720 = EDGE_CURVE ( 'NONE', #9431, #441, #4072, .T. ) ;
#6721 = DIRECTION ( 'NONE',  ( 0.0000000000000000000, -0.0000000000000000000, 1.000000000000000000 ) ) ;
#6722 =( NAMED_UNIT ( * ) PLANE_ANGLE_UNIT ( ) SI_UNIT ( $, .RADIAN. ) );
#6723 = ORIENTED_EDGE ( 'NONE', *, *, #2395, .T. ) ;
#6724 = VECTOR ( 'NONE', #6025, 1000.000000000000000 ) ;
#6725 = CARTESIAN_POINT ( 'NONE',  ( -1.090000000000000100, 3.099999999999999600, 0.2000000000000018700 ) ) ;
#6726 = DIRECTION ( 'NONE',  ( 0.0000000000000000000, 0.0000000000000000000, 1.000000000000000000 ) ) ;
#6727 = ORIENTED_EDGE ( 'NONE', *, *, #4799, .T. ) ;
#6728 = EDGE_CURVE ( 'NONE', #3018, #2597, #1110, .T. ) ;
#6729 = EDGE_CURVE ( 'NONE', #4632, #10380, #3770, .T. ) ;
#6730 = FILL_AREA_STYLE ('',( #7661 ) ) ;
#6731 = STYLED_ITEM ( 'NONE', ( #11389 ), #4693 ) ;
#6732 = LINE ( 'NONE', #6125, #1524 ) ;
#6733 = ORIENTED_EDGE ( 'NONE', *, *, #11017, .F. ) ;
#6734 = VECTOR ( 'NONE', #4008, 1000.000000000000000 ) ;
#6735 = EDGE_LOOP ( 'NONE', ( #10898, #21, #7639, #9316 ) ) ;
#6736 = ORIENTED_EDGE ( 'NONE', *, *, #150, .T. ) ;
#6737 = FACE_OUTER_BOUND ( 'NONE', #1572, .T. ) ;
#6738 = DIRECTION ( 'NONE',  ( 1.000000000000000000, 0.0000000000000000000, 0.0000000000000000000 ) ) ;
#6739 =( LENGTH_UNIT ( ) NAMED_UNIT ( * ) SI_UNIT ( .MILLI., .METRE. ) );
#6740 = AXIS2_PLACEMENT_3D ( 'NONE', #6685, #9872, #6329 ) ;
#6741 = ORIENTED_EDGE ( 'NONE', *, *, #7499, .T. ) ;
#6742 = ORIENTED_EDGE ( 'NONE', *, *, #6562, .F. ) ;
#6743 = SURFACE_SIDE_STYLE ('',( #3587 ) ) ;
#6744 = MECHANICAL_DESIGN_GEOMETRIC_PRESENTATION_REPRESENTATION (  '', ( #4814 ), #7385 ) ;
#6745 = FACE_OUTER_BOUND ( 'NONE', #3813, .T. ) ;
#6746 = EDGE_LOOP ( 'NONE', ( #4882, #2099, #11300, #11405 ) ) ;
#6747 = VECTOR ( 'NONE', #8105, 1000.000000000000000 ) ;
#6748 = EDGE_CURVE ( 'NONE', #5675, #2663, #11104, .T. ) ;
#6749 = VECTOR ( 'NONE', #10275, 1000.000000000000000 ) ;
#6750 = ORIENTED_EDGE ( 'NONE', *, *, #4788, .T. ) ;
#6751 = ORIENTED_EDGE ( 'NONE', *, *, #5446, .T. ) ;
#6752 =( NAMED_UNIT ( * ) PLANE_ANGLE_UNIT ( ) SI_UNIT ( $, .RADIAN. ) );
#6753 = VECTOR ( 'NONE', #368, 1000.000000000000000 ) ;
#6754 = EDGE_LOOP ( 'NONE', ( #8846, #2001, #12260, #10339 ) ) ;
#6755 = DIRECTION ( 'NONE',  ( 1.000000000000000000, 0.0000000000000000000, 0.0000000000000000000 ) ) ;
#6756 = DIRECTION ( 'NONE',  ( -1.000000000000000000, 0.0000000000000000000, 0.0000000000000000000 ) ) ;
#6757 = AXIS2_PLACEMENT_3D ( 'NONE', #11346, #8539, #2716 ) ;
#6758 = FACE_OUTER_BOUND ( 'NONE', #6317, .T. ) ;
#6759 = UNCERTAINTY_MEASURE_WITH_UNIT (LENGTH_MEASURE( 1.000000000000000100E-005 ), #1204, 'distance_accuracy_value', 'NONE');
#6760 = ORIENTED_EDGE ( 'NONE', *, *, #6340, .F. ) ;
#6761 = CARTESIAN_POINT ( 'NONE',  ( 0.9999999999999983300, 1.500000000000000400, 3.399999999999997700 ) ) ;
#6762 = VERTEX_POINT ( 'NONE', #5155 ) ;
#6763 = VERTEX_POINT ( 'NONE', #9921 ) ;
#6764 = SURFACE_STYLE_USAGE ( .BOTH. , #6798 ) ;
#6765 = DIRECTION ( 'NONE',  ( 0.0000000000000000000, 1.000000000000000000, 0.0000000000000000000 ) ) ;
#6766 = LINE ( 'NONE', #3109, #4194 ) ;
#6767 = DIRECTION ( 'NONE',  ( -0.0000000000000000000, -0.0000000000000000000, 1.000000000000000000 ) ) ;
#6768 = EDGE_CURVE ( 'NONE', #6619, #9272, #3132, .T. ) ;
#6769 = FACE_BOUND ( 'NONE', #3865, .T. ) ;
#6770 = LINE ( 'NONE', #11438, #3908 ) ;
#6771 = EDGE_LOOP ( 'NONE', ( #3831, #9390, #3518, #1487 ) ) ;
#6772 = ORIENTED_EDGE ( 'NONE', *, *, #10728, .F. ) ;
#6773 = ADVANCED_FACE ( 'NONE', ( #814 ), #8042, .F. ) ;
#6774 =( GEOMETRIC_REPRESENTATION_CONTEXT ( 3 ) GLOBAL_UNCERTAINTY_ASSIGNED_CONTEXT ( ( #7989 ) ) GLOBAL_UNIT_ASSIGNED_CONTEXT ( ( #3044, #9802, #4050 ) ) REPRESENTATION_CONTEXT ( 'NONE', 'WORKASPACE' ) );
#6775 = PLANE ( 'NONE',  #8766 ) ;
#6776 = LINE ( 'NONE', #1647, #11836 ) ;
#6777 = LINE ( 'NONE', #2080, #11539 ) ;
#6778 = DIRECTION ( 'NONE',  ( -1.000000000000000000, -0.0000000000000000000, -0.0000000000000000000 ) ) ;
#6779 = ORIENTED_EDGE ( 'NONE', *, *, #11066, .T. ) ;
#6780 = FACE_OUTER_BOUND ( 'NONE', #11578, .T. ) ;
#6781 = DIRECTION ( 'NONE',  ( -1.000000000000000000, 9.856383386231857600E-017, 0.0000000000000000000 ) ) ;
#6782 = CARTESIAN_POINT ( 'NONE',  ( 1.409999999999999700, 1.500000000000000000, 1.775000000000001700 ) ) ;
#6783 = VECTOR ( 'NONE', #5809, 1000.000000000000000 ) ;
#6784 = LINE ( 'NONE', #2213, #4217 ) ;
#6785 = AXIS2_PLACEMENT_3D ( 'NONE', #2789, #2835, #2850 ) ;
#6787 = LINE ( 'NONE', #7635, #11852 ) ;
#6786 = PLANE ( 'NONE',  #1529 ) ;
#6788 = CARTESIAN_POINT ( 'NONE',  ( 3.700000000000002000, -2.100000000000000100, 0.5999999999999966500 ) ) ;
#6789 = CARTESIAN_POINT ( 'NONE',  ( -2.339999999999999900, 3.099999999999999600, 0.2000000000000018700 ) ) ;
#6790 = ORIENTED_EDGE ( 'NONE', *, *, #10180, .T. ) ;
#6791 = DIRECTION ( 'NONE',  ( 0.0000000000000000000, 1.000000000000000000, 0.0000000000000000000 ) ) ;
#6792 = ORIENTED_EDGE ( 'NONE', *, *, #9134, .T. ) ;
#6793 = EDGE_CURVE ( 'NONE', #4005, #433, #5739, .T. ) ;
#6794 = CARTESIAN_POINT ( 'NONE',  ( -2.025000000000000800, -0.6500000000000003600, 0.1999999999999994000 ) ) ;
#6795 = LINE ( 'NONE', #8305, #11560 ) ;
#6796 = PRESENTATION_LAYER_ASSIGNMENT (  '', '', ( #5519 ) ) ;
#6797 = CARTESIAN_POINT ( 'NONE',  ( 0.1600000000000000300, 0.8500000000000000900, 1.700000000000000000 ) ) ;
#6798 = SURFACE_SIDE_STYLE ('',( #1074 ) ) ;
#6799 =( LENGTH_UNIT ( ) NAMED_UNIT ( * ) SI_UNIT ( .MILLI., .METRE. ) );
#6800 = FILL_AREA_STYLE_COLOUR ( '', #10282 ) ;
#6801 = VERTEX_POINT ( 'NONE', #10903 ) ;
#6802 = EDGE_CURVE ( 'NONE', #11624, #1642, #6040, .T. ) ;
#6803 = ORIENTED_EDGE ( 'NONE', *, *, #5177, .F. ) ;
#6804 = VECTOR ( 'NONE', #7397, 1000.000000000000000 ) ;
#6805 = STYLED_ITEM ( 'NONE', ( #8013 ), #9086 ) ;
#6806 = VECTOR ( 'NONE', #5840, 1000.000000000000000 ) ;
#6807 = DIRECTION ( 'NONE',  ( -1.000000000000000000, 0.0000000000000000000, 0.0000000000000000000 ) ) ;
#6808 = PLANE ( 'NONE',  #4071 ) ;
#6809 = SURFACE_STYLE_USAGE ( .BOTH. , #5053 ) ;
#6810 = EDGE_CURVE ( 'NONE', #11172, #7810, #8298, .T. ) ;
#6811 = DIRECTION ( 'NONE',  ( -0.0000000000000000000, 1.000000000000000000, 0.0000000000000000000 ) ) ;
#6812 = PRESENTATION_LAYER_ASSIGNMENT (  '', '', ( #8114 ) ) ;
#6813 = CARTESIAN_POINT ( 'NONE',  ( 2.425000000000001200, -0.6500000000000012400, 3.423118842698616300 ) ) ;
#6814 = ORIENTED_EDGE ( 'NONE', *, *, #8486, .F. ) ;
#6815 = FACE_OUTER_BOUND ( 'NONE', #725, .T. ) ;
#6816 = AXIS2_PLACEMENT_3D ( 'NONE', #6307, #407, #7244 ) ;
#6817 = LINE ( 'NONE', #9281, #4255 ) ;
#6818 = CARTESIAN_POINT ( 'NONE',  ( 5.500000000000001800, -1.100000000000000500, 0.2500000000000001100 ) ) ;
#6819 = AXIS2_PLACEMENT_3D ( 'NONE', #7880, #2049, #8855 ) ;
#6820 = ADVANCED_FACE ( 'NONE', ( #185 ), #2270, .F. ) ;
#6821 = ORIENTED_EDGE ( 'NONE', *, *, #7390, .F. ) ;
#6822 = DIRECTION ( 'NONE',  ( 0.0000000000000000000, 1.000000000000000000, 0.0000000000000000000 ) ) ;
#6823 = CARTESIAN_POINT ( 'NONE',  ( 1.499999999999999100, 2.100000000000000100, 3.399999999999997700 ) ) ;
#6824 = CARTESIAN_POINT ( 'NONE',  ( 0.1599999999999999800, -0.8999999999999950300, 1.699999999999998400 ) ) ;
#6825 = VECTOR ( 'NONE', #3465, 1000.000000000000000 ) ;
#6826 = DIRECTION ( 'NONE',  ( 0.5773502691896275100, -0.5773502691896275100, 0.5773502691896220700 ) ) ;
#6827 = DIRECTION ( 'NONE',  ( 0.0000000000000000000, -1.000000000000000000, 0.0000000000000000000 ) ) ;
#6828 = COLOUR_RGB ( '',0.8000000000000000400, 0.8078431372549019800, 0.8000000000000000400 ) ;
#6829 = FILL_AREA_STYLE_COLOUR ( '', #8414 ) ;
#6830 = ORIENTED_EDGE ( 'NONE', *, *, #1635, .F. ) ;
#6831 = ORIENTED_EDGE ( 'NONE', *, *, #8787, .F. ) ;
#6832 = SURFACE_STYLE_FILL_AREA ( #3452 ) ;
#6833 = AXIS2_PLACEMENT_3D ( 'NONE', #3785, #5733, #9597 ) ;
#6834 = ORIENTED_EDGE ( 'NONE', *, *, #5075, .F. ) ;
#6835 = LINE ( 'NONE', #7818, #11904 ) ;
#6836 = ORIENTED_EDGE ( 'NONE', *, *, #492, .F. ) ;
#6837 = AXIS2_PLACEMENT_3D ( 'NONE', #235, #7089, #1227 ) ;
#6838 = DIRECTION ( 'NONE',  ( 1.000000000000000000, 0.0000000000000000000, 0.0000000000000000000 ) ) ;
#6839 = SURFACE_STYLE_FILL_AREA ( #785 ) ;
#6840 = DIRECTION ( 'NONE',  ( 0.0000000000000000000, -1.000000000000000000, -3.336006684570785100E-016 ) ) ;
#6841 = CARTESIAN_POINT ( 'NONE',  ( -3.300000000000002500, -1.099999999999999900, -2.168404344971008900E-016 ) ) ;
#6842 = ORIENTED_EDGE ( 'NONE', *, *, #5762, .T. ) ;
#6843 = EDGE_LOOP ( 'NONE', ( #3343, #2996, #1231, #3316, #7135 ) ) ;
#6844 = VECTOR ( 'NONE', #12453, 999.9999999999998900 ) ;
#6845 = EDGE_CURVE ( 'NONE', #3285, #4359, #7981, .T. ) ;
#6846 = ORIENTED_EDGE ( 'NONE', *, *, #8265, .T. ) ;
#6847 = LINE ( 'NONE', #8507, #7458 ) ;
#6848 = EDGE_LOOP ( 'NONE', ( #9911, #8374, #9902, #7389 ) ) ;
#6849 = DIRECTION ( 'NONE',  ( 0.0000000000000000000, 0.0000000000000000000, -1.000000000000000000 ) ) ;
#6850 = DIRECTION ( 'NONE',  ( 0.0000000000000000000, -0.0000000000000000000, 1.000000000000000000 ) ) ;
#6851 = ORIENTED_EDGE ( 'NONE', *, *, #4068, .F. ) ;
#6852 = EDGE_CURVE ( 'NONE', #10608, #5899, #5134, .T. ) ;
#6853 = FILL_AREA_STYLE ('',( #9707 ) ) ;
#6854 = VERTEX_POINT ( 'NONE', #328 ) ;
#6855 = AXIS2_PLACEMENT_3D ( 'NONE', #1656, #8478, #2665 ) ;
#6856 = VECTOR ( 'NONE', #9159, 1000.000000000000000 ) ;
#6857 = PLANE ( 'NONE',  #416 ) ;
#6858 = DIRECTION ( 'NONE',  ( 0.0000000000000000000, 5.981805089575195200E-016, 1.000000000000000000 ) ) ;
#6859 = PRESENTATION_STYLE_ASSIGNMENT (( #5243 ) ) ;
#6860 = ORIENTED_EDGE ( 'NONE', *, *, #8661, .F. ) ;
#6861 = CARTESIAN_POINT ( 'NONE',  ( 0.1599999999999999800, 2.499999999999999600, 1.734723475976807100E-015 ) ) ;
#6862 = EDGE_CURVE ( 'NONE', #4517, #2360, #2521, .T. ) ;
#6863 = LINE ( 'NONE', #1746, #11636 ) ;
#6864 = ORIENTED_EDGE ( 'NONE', *, *, #6185, .T. ) ;
#6865 = DIRECTION ( 'NONE',  ( -0.0000000000000000000, -0.0000000000000000000, 1.000000000000000000 ) ) ;
#6866 = AXIS2_PLACEMENT_3D ( 'NONE', #8322, #6175, #5915 ) ;
#6867 = ORIENTED_EDGE ( 'NONE', *, *, #11088, .F. ) ;
#6868 = VECTOR ( 'NONE', #3259, 1000.000000000000000 ) ;
#6869 = DIRECTION ( 'NONE',  ( 0.0000000000000000000, -1.000000000000000000, -1.355252715606878800E-016 ) ) ;
#6870 = CARTESIAN_POINT ( 'NONE',  ( -4.675000000000001600, -1.100000000000000500, 0.4499999999999999600 ) ) ;
#6871 = ORIENTED_EDGE ( 'NONE', *, *, #1309, .F. ) ;
#6872 = ORIENTED_EDGE ( 'NONE', *, *, #8185, .T. ) ;
#6873 = CARTESIAN_POINT ( 'NONE',  ( -3.100000000000001400, -1.100000000000000500, 2.999999999999997300 ) ) ;
#6874 = EDGE_CURVE ( 'NONE', #1554, #9148, #9919, .T. ) ;
#6875 = EDGE_LOOP ( 'NONE', ( #8010, #8877, #11440, #871 ) ) ;
#6876 = CARTESIAN_POINT ( 'NONE',  ( 4.475000000000001400, -1.100000000000000500, 0.4499999999999999600 ) ) ;
#6877 = COLOUR_RGB ( '',0.8000000000000000400, 0.8078431372549019800, 0.8000000000000000400 ) ;
#6878 = CARTESIAN_POINT ( 'NONE',  ( 1.409999999999999700, 2.299999999999999400, 0.6750000000000020400 ) ) ;
#6879 = ORIENTED_EDGE ( 'NONE', *, *, #9213, .F. ) ;
#6880 = FACE_OUTER_BOUND ( 'NONE', #2417, .T. ) ;
#6881 = ORIENTED_EDGE ( 'NONE', *, *, #3363, .F. ) ;
#6882 = LINE ( 'NONE', #4243, #4327 ) ;
#6883 = CARTESIAN_POINT ( 'NONE',  ( 2.339999999999999900, -0.8999999999999950300, 1.699999999999998400 ) ) ;
#6884 = DIRECTION ( 'NONE',  ( 0.7071067811865474600, 0.7071067811865474600, 0.0000000000000000000 ) ) ;
#6885 = EDGE_CURVE ( 'NONE', #2870, #9922, #2205, .T. ) ;
#6886 = EDGE_CURVE ( 'NONE', #8368, #2190, #7691, .T. ) ;
#6887 = CARTESIAN_POINT ( 'NONE',  ( -2.660000000000000100, -0.8999999999999932500, 1.225000000000001900 ) ) ;
#6888 = STYLED_ITEM ( 'NONE', ( #10034 ), #5206 ) ;
#6889 = VERTEX_POINT ( 'NONE', #5287 ) ;
#6890 = ADVANCED_FACE ( 'NONE', ( #12153 ), #371, .F. ) ;
#6891 = PLANE ( 'NONE',  #6740 ) ;
#6892 = VECTOR ( 'NONE', #4698, 1000.000000000000000 ) ;
#6893 =( GEOMETRIC_REPRESENTATION_CONTEXT ( 3 ) GLOBAL_UNCERTAINTY_ASSIGNED_CONTEXT ( ( #5229 ) ) GLOBAL_UNIT_ASSIGNED_CONTEXT ( ( #5554, #5436, #5393 ) ) REPRESENTATION_CONTEXT ( 'NONE', 'WORKASPACE' ) );
#6894 =( NAMED_UNIT ( * ) PLANE_ANGLE_UNIT ( ) SI_UNIT ( $, .RADIAN. ) );
#6895 = CARTESIAN_POINT ( 'NONE',  ( 1.409999999999999700, 0.8500000000000000900, 1.700000000000000000 ) ) ;
#6896 = VECTOR ( 'NONE', #9221, 1000.000000000000000 ) ;
#6897 = CARTESIAN_POINT ( 'NONE',  ( -4.000000000000001800, -2.100000000000000100, 0.2000000000000000100 ) ) ;
#6898 = LINE ( 'NONE', #5228, #4334 ) ;
#6899 = CARTESIAN_POINT ( 'NONE',  ( -3.400000000000002100, 0.8500000000000000900, 1.399999999999996800 ) ) ;
#6900 = ORIENTED_EDGE ( 'NONE', *, *, #4280, .F. ) ;
#6901 = MECHANICAL_DESIGN_GEOMETRIC_PRESENTATION_REPRESENTATION (  '', ( #4976 ), #7546 ) ;
#6902 = ORIENTED_EDGE ( 'NONE', *, *, #5611, .F. ) ;
#6903 = ORIENTED_EDGE ( 'NONE', *, *, #497, .F. ) ;
#6904 = VECTOR ( 'NONE', #6325, 1000.000000000000000 ) ;
#6905 = MECHANICAL_DESIGN_GEOMETRIC_PRESENTATION_REPRESENTATION (  '', ( #4980 ), #7550 ) ;
#6906 = ADVANCED_FACE ( 'NONE', ( #10938 ), #1397, .F. ) ;
#6907 = LINE ( 'NONE', #9747, #9464 ) ;
#6908 = PLANE ( 'NONE',  #8419 ) ;
#6909 = DIRECTION ( 'NONE',  ( -1.000000000000000000, -0.0000000000000000000, -0.0000000000000000000 ) ) ;
#6910 = FILL_AREA_STYLE ('',( #6647 ) ) ;
#6911 = CARTESIAN_POINT ( 'NONE',  ( 2.249999999999999100, 1.500000000000000400, 2.899999999999997700 ) ) ;
#6912 = ORIENTED_EDGE ( 'NONE', *, *, #7513, .T. ) ;
#6913 = FILL_AREA_STYLE_COLOUR ( '', #582 ) ;
#6914 = MECHANICAL_DESIGN_GEOMETRIC_PRESENTATION_REPRESENTATION (  '', ( #4985 ), #7558 ) ;
#6915 = ORIENTED_EDGE ( 'NONE', *, *, #5603, .F. ) ;
#6916 = DIRECTION ( 'NONE',  ( 1.000000000000000000, 0.0000000000000000000, 0.0000000000000000000 ) ) ;
#6917 = SURFACE_SIDE_STYLE ('',( #7273 ) ) ;
#6918 =( NAMED_UNIT ( * ) SI_UNIT ( $, .STERADIAN. ) SOLID_ANGLE_UNIT ( ) );
#6919 = DIRECTION ( 'NONE',  ( 1.000000000000000000, 0.0000000000000000000, 4.170008355713468300E-016 ) ) ;
#6920 = VECTOR ( 'NONE', #3117, 1000.000000000000000 ) ;
#6921 = DIRECTION ( 'NONE',  ( 0.0000000000000000000, -0.0000000000000000000, -1.000000000000000000 ) ) ;
#6922 = PRESENTATION_STYLE_ASSIGNMENT (( #2528 ) ) ;
#6923 = SURFACE_STYLE_USAGE ( .BOTH. , #6932 ) ;
#6924 = EDGE_LOOP ( 'NONE', ( #648, #6350, #10860, #9632 ) ) ;
#6925 = VERTEX_POINT ( 'NONE', #11077 ) ;
#6926 = CARTESIAN_POINT ( 'NONE',  ( -2.339999999999999900, -1.400000000000000100, 1.699999999999998400 ) ) ;
#6927 = EDGE_CURVE ( 'NONE', #10165, #8804, #954, .T. ) ;
#6928 = FILL_AREA_STYLE ('',( #4027 ) ) ;
#6929 = CARTESIAN_POINT ( 'NONE',  ( -3.400000000000002100, 0.8500000000000000900, 2.999999999999996400 ) ) ;
#6930 = SURFACE_STYLE_FILL_AREA ( #5142 ) ;
#6931 = FACE_OUTER_BOUND ( 'NONE', #6843, .T. ) ;
#6932 = SURFACE_SIDE_STYLE ('',( #4399 ) ) ;
#6933 = ORIENTED_EDGE ( 'NONE', *, *, #1338, .T. ) ;
#6934 = DIRECTION ( 'NONE',  ( 0.0000000000000000000, -1.000000000000000000, 0.0000000000000000000 ) ) ;
#6935 = CARTESIAN_POINT ( 'NONE',  ( -4.000000000000001800, 2.100000000000000100, 0.2000000000000000100 ) ) ;
#6936 = DIRECTION ( 'NONE',  ( 0.5773502691896274000, -0.5773502691896224000, 0.5773502691896274000 ) ) ;
#6937 = CARTESIAN_POINT ( 'NONE',  ( 3.800000000000001600, -2.100000000000000100, -2.385244779468109800E-015 ) ) ;
#6938 = ORIENTED_EDGE ( 'NONE', *, *, #5453, .F. ) ;
#6939 = DIRECTION ( 'NONE',  ( 0.0000000000000000000, 0.0000000000000000000, 1.000000000000000000 ) ) ;
#6940 = VECTOR ( 'NONE', #2345, 1000.000000000000000 ) ;
#6941 = EDGE_CURVE ( 'NONE', #11185, #11892, #8439, .T. ) ;
#6942 = DIRECTION ( 'NONE',  ( 0.0000000000000000000, -0.7071067811865459100, -0.7071067811865491300 ) ) ;
#6943 = VERTEX_POINT ( 'NONE', #2400 ) ;
#6944 = LINE ( 'NONE', #1274, #9497 ) ;
#6945 = FACE_OUTER_BOUND ( 'NONE', #11211, .T. ) ;
#6946 = DIRECTION ( 'NONE',  ( 1.000000000000000000, 0.0000000000000000000, 0.0000000000000000000 ) ) ;
#6947 = ORIENTED_EDGE ( 'NONE', *, *, #9277, .F. ) ;
#6948 = ORIENTED_EDGE ( 'NONE', *, *, #4927, .F. ) ;
#6949 = FILL_AREA_STYLE_COLOUR ( '', #8560 ) ;
#6950 = VERTEX_POINT ( 'NONE', #1434 ) ;
#6951 = ADVANCED_FACE ( 'NONE', ( #3602 ), #448, .T. ) ;
#6952 = FACE_OUTER_BOUND ( 'NONE', #1532, .T. ) ;
#6953 = CARTESIAN_POINT ( 'NONE',  ( -1.500000000000001100, 1.500000000000000400, 3.399999999999997700 ) ) ;
#6954 = EDGE_CURVE ( 'NONE', #6151, #11185, #9767, .T. ) ;
#6955 = DIRECTION ( 'NONE',  ( 0.7071067811865492400, 0.0000000000000000000, 0.7071067811865458000 ) ) ;
#6956 = VECTOR ( 'NONE', #9233, 1000.000000000000000 ) ;
#6957 = LINE ( 'NONE', #3597, #2393 ) ;
#6958 = CARTESIAN_POINT ( 'NONE',  ( -4.295108606384862100E-016, 1.099999999999999600, 1.029999999999997600 ) ) ;
#6959 = EDGE_CURVE ( 'NONE', #7971, #12249, #12287, .T. ) ;
#6960 = EDGE_CURVE ( 'NONE', #11923, #4603, #7218, .T. ) ;
#6961 = ORIENTED_EDGE ( 'NONE', *, *, #6708, .T. ) ;
#6962 = MECHANICAL_DESIGN_GEOMETRIC_PRESENTATION_REPRESENTATION (  '', ( #5034 ), #7616 ) ;
#6963 = CARTESIAN_POINT ( 'NONE',  ( 2.339999999999999900, 2.000000000000000000, 0.8749999999999996700 ) ) ;
#6964 = VECTOR ( 'NONE', #6342, 1000.000000000000000 ) ;
#6965 = PRESENTATION_STYLE_ASSIGNMENT (( #4706 ) ) ;
#6966 = CARTESIAN_POINT ( 'NONE',  ( 2.749999999999999600, 1.500000000000000400, 3.399999999999997700 ) ) ;
#6967 = ADVANCED_FACE ( 'NONE', ( #2356 ), #7379, .T. ) ;
#6968 = CARTESIAN_POINT ( 'NONE',  ( -2.250000000000000900, 1.500000000000000400, 2.899999999999997700 ) ) ;
#6969 = LINE ( 'NONE', #10068, #2405 ) ;
#6970 = STYLED_ITEM ( 'NONE', ( #1514 ), #2863 ) ;
#6971 = DIRECTION ( 'NONE',  ( 0.0000000000000000000, 1.000000000000000000, 3.336006684570786100E-016 ) ) ;
#6972 = EDGE_CURVE ( 'NONE', #1235, #6035, #6033, .T. ) ;
#6973 = ORIENTED_EDGE ( 'NONE', *, *, #2233, .F. ) ;
#6974 =( NAMED_UNIT ( * ) SI_UNIT ( $, .STERADIAN. ) SOLID_ANGLE_UNIT ( ) );
#6975 = CARTESIAN_POINT ( 'NONE',  ( 3.500000000000000400, 1.500000000000000200, 3.399999999999997700 ) ) ;
#6976 = LINE ( 'NONE', #3589, #4409 ) ;
#6977 = PLANE ( 'NONE',  #4674 ) ;
#6978 = CARTESIAN_POINT ( 'NONE',  ( -3.775000000000003900, 0.2000000000000063700, 1.189999999999995700 ) ) ;
#6979 = FILL_AREA_STYLE ('',( #9435 ) ) ;
#6980 = LINE ( 'NONE', #11842, #7276 ) ;
#6981 = EDGE_CURVE ( 'NONE', #1408, #9458, #1096, .T. ) ;
#6982 = VERTEX_POINT ( 'NONE', #9348 ) ;
#6983 = CARTESIAN_POINT ( 'NONE',  ( -0.1599999999999999800, 1.500000000000000000, 0.8750000000000017800 ) ) ;
#6984 = STYLED_ITEM ( 'NONE', ( #3480 ), #6211 ) ;
#6985 = VECTOR ( 'NONE', #1351, 1000.000000000000000 ) ;
#6986 = DIRECTION ( 'NONE',  ( -0.0000000000000000000, 0.0000000000000000000, -1.000000000000000000 ) ) ;
#6987 = VERTEX_POINT ( 'NONE', #10292 ) ;
#6988 = DIRECTION ( 'NONE',  ( 0.0000000000000000000, -0.7071067811865491300, 0.7071067811865459100 ) ) ;
#6989 = EDGE_LOOP ( 'NONE', ( #916, #6831, #711, #8615 ) ) ;
#6990 = AXIS2_PLACEMENT_3D ( 'NONE', #4002, #10697, #4975 ) ;
#6991 = PRESENTATION_STYLE_ASSIGNMENT (( #8570 ) ) ;
#6992 = VECTOR ( 'NONE', #3107, 1000.000000000000000 ) ;
#6993 =( GEOMETRIC_REPRESENTATION_CONTEXT ( 3 ) GLOBAL_UNCERTAINTY_ASSIGNED_CONTEXT ( ( #9144 ) ) GLOBAL_UNIT_ASSIGNED_CONTEXT ( ( #6591, #703, #7538 ) ) REPRESENTATION_CONTEXT ( 'NONE', 'WORKASPACE' ) );
#6994 = EDGE_LOOP ( 'NONE', ( #5940, #8929, #1311, #9684 ) ) ;
#6995 = CARTESIAN_POINT ( 'NONE',  ( 4.035000000000001000, 1.099999999999999600, 0.4899999999999984900 ) ) ;
#6996 = LINE ( 'NONE', #9015, #11758 ) ;
#6997 = UNCERTAINTY_MEASURE_WITH_UNIT (LENGTH_MEASURE( 1.000000000000000100E-005 ), #12483, 'distance_accuracy_value', 'NONE');
#6998 = CARTESIAN_POINT ( 'NONE',  ( 2.339999999999999900, 3.099999999999999600, 0.5000000000000017800 ) ) ;
#6999 = ORIENTED_EDGE ( 'NONE', *, *, #9368, .F. ) ;
#7000 = CARTESIAN_POINT ( 'NONE',  ( 3.400000000000002100, -1.100000000000000500, 3.299999999999996700 ) ) ;
#7001 = VERTEX_POINT ( 'NONE', #3571 ) ;
#7002 = EDGE_CURVE ( 'NONE', #617, #7387, #8285, .T. ) ;
#7003 = PRESENTATION_STYLE_ASSIGNMENT (( #10506 ) ) ;
#7004 = ORIENTED_EDGE ( 'NONE', *, *, #10720, .T. ) ;
#7005 = VECTOR ( 'NONE', #1709, 1000.000000000000000 ) ;
#7006 = VECTOR ( 'NONE', #10038, 1000.000000000000000 ) ;
#7007 = VECTOR ( 'NONE', #11877, 1000.000000000000000 ) ;
#7008 = ORIENTED_EDGE ( 'NONE', *, *, #4962, .F. ) ;
#7009 =( NAMED_UNIT ( * ) PLANE_ANGLE_UNIT ( ) SI_UNIT ( $, .RADIAN. ) );
#7010 = DIRECTION ( 'NONE',  ( 0.0000000000000000000, 0.0000000000000000000, 1.000000000000000000 ) ) ;
#7011 = AXIS2_PLACEMENT_3D ( 'NONE', #8609, #2792, #9564 ) ;
#7012 = SURFACE_STYLE_USAGE ( .BOTH. , #155 ) ;
#7013 = ORIENTED_EDGE ( 'NONE', *, *, #7848, .T. ) ;
#7014 = LINE ( 'NONE', #12082, #1805 ) ;
#7015 = CARTESIAN_POINT ( 'NONE',  ( 4.475000000000001400, 0.8999999999999991300, 0.4899999999999967200 ) ) ;
#7016 = FILL_AREA_STYLE_COLOUR ( '', #4737 ) ;
#7017 = DIRECTION ( 'NONE',  ( -0.0000000000000000000, -0.0000000000000000000, 1.000000000000000000 ) ) ;
#7018 = LINE ( 'NONE', #4559, #9264 ) ;
#7019 = LINE ( 'NONE', #474, #9576 ) ;
#7020 = ORIENTED_EDGE ( 'NONE', *, *, #2027, .T. ) ;
#7021 = CARTESIAN_POINT ( 'NONE',  ( -3.400000000000002100, 0.8500000000000000900, 1.399999999999996800 ) ) ;
#7022 = VERTEX_POINT ( 'NONE', #11237 ) ;
#7023 = LINE ( 'NONE', #9193, #2143 ) ;
#7024 = EDGE_CURVE ( 'NONE', #7972, #4738, #10798, .T. ) ;
#7025 = CARTESIAN_POINT ( 'NONE',  ( -1.090000000000000100, 1.500000000000000000, 1.774999999999999700 ) ) ;
#7026 = CARTESIAN_POINT ( 'NONE',  ( 1.409999999999999700, 2.000000000000000000, 0.8749999999999998900 ) ) ;
#7027 = CARTESIAN_POINT ( 'NONE',  ( 2.660000000000000100, 0.8500000000000000900, 0.9499999999999998400 ) ) ;
#7028 = ORIENTED_EDGE ( 'NONE', *, *, #7499, .F. ) ;
#7029 =( NAMED_UNIT ( * ) SI_UNIT ( $, .STERADIAN. ) SOLID_ANGLE_UNIT ( ) );
#7030 = VERTEX_POINT ( 'NONE', #565 ) ;
#7031 = VECTOR ( 'NONE', #5117, 1000.000000000000000 ) ;
#7032 = MECHANICAL_DESIGN_GEOMETRIC_PRESENTATION_REPRESENTATION (  '', ( #5106 ), #7682 ) ;
#7033 = SURFACE_STYLE_FILL_AREA ( #3484 ) ;
#7034 = ORIENTED_EDGE ( 'NONE', *, *, #2008, .F. ) ;
#7035 = ORIENTED_EDGE ( 'NONE', *, *, #10312, .F. ) ;
#7036 = ADVANCED_FACE ( 'NONE', ( #10519 ), #8433, .F. ) ;
#7037 = DIRECTION ( 'NONE',  ( 0.0000000000000000000, 0.0000000000000000000, 1.000000000000000000 ) ) ;
#7038 = VECTOR ( 'NONE', #12550, 1000.000000000000100 ) ;
#7039 =( LENGTH_UNIT ( ) NAMED_UNIT ( * ) SI_UNIT ( .MILLI., .METRE. ) );
#7040 = ORIENTED_EDGE ( 'NONE', *, *, #6728, .F. ) ;
#7041 = SURFACE_SIDE_STYLE ('',( #6282 ) ) ;
#7042 = DIRECTION ( 'NONE',  ( -1.000000000000000000, 0.0000000000000000000, 0.0000000000000000000 ) ) ;
#7043 = EDGE_CURVE ( 'NONE', #4926, #3040, #3121, .T. ) ;
#7044 = ORIENTED_EDGE ( 'NONE', *, *, #7002, .T. ) ;
#7045 = DIRECTION ( 'NONE',  ( 0.0000000000000000000, 0.3303504247281037800, -0.9438583563660183400 ) ) ;
#7046 =( GEOMETRIC_REPRESENTATION_CONTEXT ( 3 ) GLOBAL_UNCERTAINTY_ASSIGNED_CONTEXT ( ( #866 ) ) GLOBAL_UNIT_ASSIGNED_CONTEXT ( ( #3353, #3314, #3278 ) ) REPRESENTATION_CONTEXT ( 'NONE', 'WORKASPACE' ) );
#7047 = VECTOR ( 'NONE', #2830, 1000.000000000000000 ) ;
#7048 = CARTESIAN_POINT ( 'NONE',  ( -1.090000000000000100, 1.500000000000000000, 1.699999999999998800 ) ) ;
#7049 = CARTESIAN_POINT ( 'NONE',  ( 4.044999999999999000, -1.200000000000000400, 0.2999999999999976000 ) ) ;
#7050 = LINE ( 'NONE', #7470, #148 ) ;
#7051 = CIRCLE ( 'NONE', #1912, 0.1999999999999998700 ) ;
#7052 = EDGE_CURVE ( 'NONE', #7030, #957, #3446, .T. ) ;
#7054 = ORIENTED_EDGE ( 'NONE', *, *, #10917, .F. ) ;
#7053 = PLANE ( 'NONE',  #1071 ) ;
#7055 = COLOUR_RGB ( '',0.8000000000000000400, 0.8078431372549019800, 0.8000000000000000400 ) ;
#7056 = LINE ( 'NONE', #9407, #9614 ) ;
#7057 = FILL_AREA_STYLE_COLOUR ( '', #1159 ) ;
#7058 = EDGE_CURVE ( 'NONE', #2485, #5944, #7968, .T. ) ;
#7059 = CARTESIAN_POINT ( 'NONE',  ( 1.089999999999999900, 1.500000000000000000, 1.699999999999998800 ) ) ;
#7060 = DIRECTION ( 'NONE',  ( 0.0000000000000000000, 1.000000000000000000, 0.0000000000000000000 ) ) ;
#7061 = PRESENTATION_LAYER_ASSIGNMENT (  '', '', ( #5769 ) ) ;
#7062 = ORIENTED_EDGE ( 'NONE', *, *, #6493, .F. ) ;
#7063 = CARTESIAN_POINT ( 'NONE',  ( -1.409999999999999900, 1.500000000000000000, 1.700000000000000000 ) ) ;
#7064 = ORIENTED_EDGE ( 'NONE', *, *, #1627, .F. ) ;
#7065 =( NAMED_UNIT ( * ) PLANE_ANGLE_UNIT ( ) SI_UNIT ( $, .RADIAN. ) );
#7066 = CARTESIAN_POINT ( 'NONE',  ( 1.089999999999999900, 2.299999999999999400, 0.2000000000000025400 ) ) ;
#7067 = LINE ( 'NONE', #2165, #1556 ) ;
#7068 = FACE_BOUND ( 'NONE', #4460, .T. ) ;
#7069 = DIRECTION ( 'NONE',  ( 0.0000000000000000000, -0.0000000000000000000, 1.000000000000000000 ) ) ;
#7070 = STYLED_ITEM ( 'NONE', ( #11808 ), #10084 ) ;
#7071 = LINE ( 'NONE', #752, #1865 ) ;
#7072 = UNCERTAINTY_MEASURE_WITH_UNIT (LENGTH_MEASURE( 1.000000000000000100E-005 ), #11451, 'distance_accuracy_value', 'NONE');
#7073 = ORIENTED_EDGE ( 'NONE', *, *, #373, .T. ) ;
#7074 = SURFACE_STYLE_USAGE ( .BOTH. , #2994 ) ;
#7075 = ORIENTED_EDGE ( 'NONE', *, *, #7504, .F. ) ;
#7076 = DIRECTION ( 'NONE',  ( 0.0000000000000000000, 1.000000000000000000, 0.0000000000000000000 ) ) ;
#7077 = VECTOR ( 'NONE', #7502, 1000.000000000000000 ) ;
#7078 = LINE ( 'NONE', #3298, #9331 ) ;
#7079 = CARTESIAN_POINT ( 'NONE',  ( -3.300000000000002500, 1.099999999999999900, 0.1999999999999997900 ) ) ;
#7081 = SURFACE_STYLE_FILL_AREA ( #1348 ) ;
#7080 = DIRECTION ( 'NONE',  ( 0.0000000000000000000, 0.0000000000000000000, -1.000000000000000000 ) ) ;
#7082 = AXIS2_PLACEMENT_3D ( 'NONE', #3609, #10332, #4596 ) ;
#7083 = ORIENTED_EDGE ( 'NONE', *, *, #8974, .T. ) ;
#7084 = LINE ( 'NONE', #4662, #4531 ) ;
#7085 = VECTOR ( 'NONE', #1897, 1000.000000000000100 ) ;
#7086 = DIRECTION ( 'NONE',  ( 0.0000000000000000000, 0.0000000000000000000, 1.000000000000000000 ) ) ;
#7087 = EDGE_CURVE ( 'NONE', #8279, #7579, #5431, .T. ) ;
#7088 = ADVANCED_FACE ( 'NONE', ( #12434 ), #10375, .T. ) ;
#7089 = DIRECTION ( 'NONE',  ( 0.0000000000000000000, -1.355252715606878800E-016, 1.000000000000000000 ) ) ;
#7090 = ORIENTED_EDGE ( 'NONE', *, *, #8005, .T. ) ;
#7091 = DIRECTION ( 'NONE',  ( 3.049318610115481200E-016, 0.0000000000000000000, 1.000000000000000000 ) ) ;
#7092 = EDGE_CURVE ( 'NONE', #9570, #4471, #7678, .T. ) ;
#7093 = DIRECTION ( 'NONE',  ( -1.000000000000000000, 0.0000000000000000000, -0.0000000000000000000 ) ) ;
#7094 = EDGE_LOOP ( 'NONE', ( #11795, #10625, #3721, #10328 ) ) ;
#7095 = PRESENTATION_LAYER_ASSIGNMENT (  '', '', ( #5814 ) ) ;
#7096 = DIRECTION ( 'NONE',  ( -1.000000000000000000, 0.0000000000000000000, 0.0000000000000000000 ) ) ;
#7097 =( NAMED_UNIT ( * ) PLANE_ANGLE_UNIT ( ) SI_UNIT ( $, .RADIAN. ) );
#7098 = COLOUR_RGB ( '',0.8000000000000000400, 0.8078431372549019800, 0.8000000000000000400 ) ;
#7099 = COLOUR_RGB ( '',0.8000000000000000400, 0.8078431372549019800, 0.8000000000000000400 ) ;
#7100 = CARTESIAN_POINT ( 'NONE',  ( -4.995000000000002800, 0.8999999999999991300, 1.229999999999997500 ) ) ;
#7101 = ORIENTED_EDGE ( 'NONE', *, *, #10568, .T. ) ;
#7102 = EDGE_CURVE ( 'NONE', #4791, #4137, #174, .T. ) ;
#7103 = LINE ( 'NONE', #11580, #6804 ) ;
#7104 = FACE_OUTER_BOUND ( 'NONE', #9729, .T. ) ;
#7105 = DIRECTION ( 'NONE',  ( 0.0000000000000000000, 0.0000000000000000000, -1.000000000000000000 ) ) ;
#7106 = SURFACE_STYLE_FILL_AREA ( #6335 ) ;
#7107 = CARTESIAN_POINT ( 'NONE',  ( 0.1600000000000000300, 0.8500000000000000900, 1.700000000000000000 ) ) ;
#7108 = DIRECTION ( 'NONE',  ( -1.000000000000000000, 0.0000000000000000000, 1.586637325588544600E-016 ) ) ;
#7109 = PLANE ( 'NONE',  #70 ) ;
#7110 = VERTEX_POINT ( 'NONE', #2689 ) ;
#7111 = DIRECTION ( 'NONE',  ( 5.421010862427521200E-016, 0.0000000000000000000, -1.000000000000000000 ) ) ;
#7112 = EDGE_CURVE ( 'NONE', #2769, #7148, #9910, .T. ) ;
#7113 = CARTESIAN_POINT ( 'NONE',  ( -0.1599999999999999800, 2.900000000000000400, 1.788933584601082300E-015 ) ) ;
#7114 = VECTOR ( 'NONE', #4857, 1000.000000000000000 ) ;
#7115 = DIRECTION ( 'NONE',  ( -1.000000000000000000, 0.0000000000000000000, 0.0000000000000000000 ) ) ;
#7116 = DIRECTION ( 'NONE',  ( -1.000000000000000000, 9.856383386231857600E-017, 0.0000000000000000000 ) ) ;
#7117 = LINE ( 'NONE', #2548, #3951 ) ;
#7118 = EDGE_CURVE ( 'NONE', #729, #7587, #2196, .T. ) ;
#7119 = LINE ( 'NONE', #11056, #1928 ) ;
#7120 = EDGE_CURVE ( 'NONE', #5534, #6618, #7071, .T. ) ;
#7121 = STYLED_ITEM ( 'NONE', ( #6625 ), #4961 ) ;
#7122 = CARTESIAN_POINT ( 'NONE',  ( 4.675000000000002500, -1.100000000000000500, -5.421010862427522200E-017 ) ) ;
#7123 = CARTESIAN_POINT ( 'NONE',  ( 3.500000000000000400, 1.500000000000000200, 2.899999999999997700 ) ) ;
#7124 = DIRECTION ( 'NONE',  ( -1.000000000000000000, 0.0000000000000000000, 3.252606517456510300E-016 ) ) ;
#7125 = ORIENTED_EDGE ( 'NONE', *, *, #9467, .F. ) ;
#7126 = ORIENTED_EDGE ( 'NONE', *, *, #3522, .T. ) ;
#7127 = DIRECTION ( 'NONE',  ( -0.0000000000000000000, -1.000000000000000000, -0.0000000000000000000 ) ) ;
#7128 = CARTESIAN_POINT ( 'NONE',  ( -4.675000000000002500, -1.100000000000000500, -5.421010862427522200E-017 ) ) ;
#7129 = UNCERTAINTY_MEASURE_WITH_UNIT (LENGTH_MEASURE( 1.000000000000000100E-005 ), #6324, 'distance_accuracy_value', 'NONE');
#7130 = FACE_OUTER_BOUND ( 'NONE', #6690, .T. ) ;
#7131 = DIRECTION ( 'NONE',  ( -1.000000000000000000, -0.0000000000000000000, -0.0000000000000000000 ) ) ;
#7132 = DIRECTION ( 'NONE',  ( 0.0000000000000000000, 5.981805089575195200E-016, 1.000000000000000000 ) ) ;
#7133 = UNCERTAINTY_MEASURE_WITH_UNIT (LENGTH_MEASURE( 1.000000000000000100E-005 ), #10607, 'distance_accuracy_value', 'NONE');
#7134 = EDGE_LOOP ( 'NONE', ( #10201, #7365, #4503, #9006 ) ) ;
#7135 = ORIENTED_EDGE ( 'NONE', *, *, #1711, .T. ) ;
#7136 =( GEOMETRIC_REPRESENTATION_CONTEXT ( 3 ) GLOBAL_UNCERTAINTY_ASSIGNED_CONTEXT ( ( #1109 ) ) GLOBAL_UNIT_ASSIGNED_CONTEXT ( ( #10534, #4802, #11460 ) ) REPRESENTATION_CONTEXT ( 'NONE', 'WORKASPACE' ) );
#7137 = ORIENTED_EDGE ( 'NONE', *, *, #10402, .F. ) ;
#7138 = ADVANCED_FACE ( 'NONE', ( #11831 ), #10414, .F. ) ;
#7139 = DIRECTION ( 'NONE',  ( 0.0000000000000000000, 0.0000000000000000000, -1.000000000000000000 ) ) ;
#7140 = CARTESIAN_POINT ( 'NONE',  ( 2.249999999999998700, 1.500000000000000400, 3.399999999999997700 ) ) ;
#7141 = ORIENTED_EDGE ( 'NONE', *, *, #113, .T. ) ;
#7142 = ORIENTED_EDGE ( 'NONE', *, *, #4375, .T. ) ;
#7143 = DIRECTION ( 'NONE',  ( 0.0000000000000000000, 0.0000000000000000000, -1.000000000000000000 ) ) ;
#7144 =( GEOMETRIC_REPRESENTATION_CONTEXT ( 3 ) GLOBAL_UNCERTAINTY_ASSIGNED_CONTEXT ( ( #1648 ) ) GLOBAL_UNIT_ASSIGNED_CONTEXT ( ( #1486, #2219, #2248 ) ) REPRESENTATION_CONTEXT ( 'NONE', 'WORKASPACE' ) );
#7145 = VECTOR ( 'NONE', #8320, 1000.000000000000000 ) ;
#7146 = VECTOR ( 'NONE', #530, 1000.000000000000000 ) ;
#7147 = PLANE ( 'NONE',  #9136 ) ;
#7148 = VERTEX_POINT ( 'NONE', #11400 ) ;
#7149 = LINE ( 'NONE', #12493, #11913 ) ;
#7150 = UNCERTAINTY_MEASURE_WITH_UNIT (LENGTH_MEASURE( 1.000000000000000100E-005 ), #7572, 'distance_accuracy_value', 'NONE');
#7151 = AXIS2_PLACEMENT_3D ( 'NONE', #8452, #2638, #9411 ) ;
#7152 = ADVANCED_FACE ( 'NONE', ( #9323 ), #7574, .F. ) ;
#7153 = CARTESIAN_POINT ( 'NONE',  ( 1.409999999999999700, 2.649999999999999500, 1.225000000000001900 ) ) ;
#7154 = VERTEX_POINT ( 'NONE', #8557 ) ;
#7155 = LINE ( 'NONE', #1724, #3992 ) ;
#7156 = VERTEX_POINT ( 'NONE', #7628 ) ;
#7157 = CARTESIAN_POINT ( 'NONE',  ( -1.090000000000000100, 0.0000000000000000000, 0.0000000000000000000 ) ) ;
#7158 = DIRECTION ( 'NONE',  ( 0.0000000000000000000, 0.0000000000000000000, -1.000000000000000000 ) ) ;
#7159 = VECTOR ( 'NONE', #6027, 1000.000000000000000 ) ;
#7160 = ORIENTED_EDGE ( 'NONE', *, *, #12321, .T. ) ;
#7161 = VERTEX_POINT ( 'NONE', #8600 ) ;
#7162 = CIRCLE ( 'NONE', #2815, 0.1000000000000002600 ) ;
#7163 = DIRECTION ( 'NONE',  ( 0.0000000000000000000, -1.000000000000000000, 0.0000000000000000000 ) ) ;
#7164 = DIRECTION ( 'NONE',  ( 9.856383386231857600E-017, 1.000000000000000000, -3.005525328806984400E-032 ) ) ;
#7165 = EDGE_CURVE ( 'NONE', #2597, #5066, #1561, .T. ) ;
#7166 = FACE_OUTER_BOUND ( 'NONE', #9981, .T. ) ;
#7167 = ORIENTED_EDGE ( 'NONE', *, *, #7292, .F. ) ;
#7168 =( NAMED_UNIT ( * ) PLANE_ANGLE_UNIT ( ) SI_UNIT ( $, .RADIAN. ) );
#7169 = LINE ( 'NONE', #408, #2610 ) ;
#7170 = ORIENTED_EDGE ( 'NONE', *, *, #1462, .F. ) ;
#7171 = VECTOR ( 'NONE', #1985, 1000.000000000000000 ) ;
#7172 = DIRECTION ( 'NONE',  ( -3.252606517456510300E-016, 0.0000000000000000000, -1.000000000000000000 ) ) ;
#7173 = ORIENTED_EDGE ( 'NONE', *, *, #7205, .T. ) ;
#7174 = STYLED_ITEM ( 'NONE', ( #10152 ), #11652 ) ;
#7175 = EDGE_LOOP ( 'NONE', ( #2596, #2902, #7236, #11094 ) ) ;
#7176 = LINE ( 'NONE', #5443, #11942 ) ;
#7177 = SURFACE_SIDE_STYLE ('',( #12492 ) ) ;
#7178 = DIRECTION ( 'NONE',  ( 0.0000000000000000000, 0.0000000000000000000, 1.000000000000000000 ) ) ;
#7179 = CARTESIAN_POINT ( 'NONE',  ( -3.700000000000002000, 0.8500000000000000900, 2.299999999999996300 ) ) ;
#7180 = VERTEX_POINT ( 'NONE', #1765 ) ;
#7181 = ORIENTED_EDGE ( 'NONE', *, *, #9153, .F. ) ;
#7182 = CARTESIAN_POINT ( 'NONE',  ( -3.400000000000002100, 0.8500000000000000900, 1.399999999999996800 ) ) ;
#7183 = EDGE_CURVE ( 'NONE', #5883, #5001, #7376, .T. ) ;
#7184 = DIRECTION ( 'NONE',  ( -4.271081338498409400E-016, -0.7071067811865474600, -0.7071067811865474600 ) ) ;
#7185 = DIRECTION ( 'NONE',  ( 1.000000000000000000, 0.0000000000000000000, -0.0000000000000000000 ) ) ;
#7186 = VERTEX_POINT ( 'NONE', #10511 ) ;
#7187 = PRESENTATION_STYLE_ASSIGNMENT (( #4483 ) ) ;
#7188 = ORIENTED_EDGE ( 'NONE', *, *, #11570, .F. ) ;
#7189 = CARTESIAN_POINT ( 'NONE',  ( 5.500000000000001800, -1.700000000000000400, 0.7999999999999954900 ) ) ;
#7190 = EDGE_CURVE ( 'NONE', #12093, #8368, #6770, .T. ) ;
#7191 = LINE ( 'NONE', #9333, #11964 ) ;
#7192 = FACE_OUTER_BOUND ( 'NONE', #1756, .T. ) ;
#7193 = DIRECTION ( 'NONE',  ( 0.0000000000000000000, -0.0000000000000000000, -1.000000000000000000 ) ) ;
#7194 = CARTESIAN_POINT ( 'NONE',  ( -1.500000000000001100, 2.100000000000000100, 2.899999999999997700 ) ) ;
#7195 = DIRECTION ( 'NONE',  ( 0.0000000000000000000, 0.0000000000000000000, -1.000000000000000000 ) ) ;
#7196 = EDGE_CURVE ( 'NONE', #1898, #6341, #4199, .T. ) ;
#7197 = EDGE_CURVE ( 'NONE', #3516, #11172, #1243, .T. ) ;
#7198 = VERTEX_POINT ( 'NONE', #2779 ) ;
#7199 = ORIENTED_EDGE ( 'NONE', *, *, #1209, .T. ) ;
#7200 = ADVANCED_FACE ( 'NONE', ( #6479 ), #5770, .F. ) ;
#7201 = ORIENTED_EDGE ( 'NONE', *, *, #2495, .F. ) ;
#7202 = DIRECTION ( 'NONE',  ( -3.051828337366604500E-016, -0.0000000000000000000, -1.000000000000000000 ) ) ;
#7203 = CARTESIAN_POINT ( 'NONE',  ( -3.100000000000001400, -1.100000000000000500, 3.399999999999997700 ) ) ;
#7204 = STYLED_ITEM ( 'NONE', ( #10895 ), #2733 ) ;
#7205 = EDGE_CURVE ( 'NONE', #8746, #8128, #5274, .T. ) ;
#7206 = DIRECTION ( 'NONE',  ( 3.051828337366604500E-016, 0.0000000000000000000, 1.000000000000000000 ) ) ;
#7207 = ORIENTED_EDGE ( 'NONE', *, *, #3702, .T. ) ;
#7208 =( GEOMETRIC_REPRESENTATION_CONTEXT ( 3 ) GLOBAL_UNCERTAINTY_ASSIGNED_CONTEXT ( ( #9380 ) ) GLOBAL_UNIT_ASSIGNED_CONTEXT ( ( #4061, #10759, #5035 ) ) REPRESENTATION_CONTEXT ( 'NONE', 'WORKASPACE' ) );
#7209 = CARTESIAN_POINT ( 'NONE',  ( -5.500000000000001800, 1.099999999999999600, 1.899999999999997700 ) ) ;
#7210 = ORIENTED_EDGE ( 'NONE', *, *, #6077, .F. ) ;
#7211 = ADVANCED_FACE ( 'NONE', ( #2654 ), #6629, .T. ) ;
#7212 = DIRECTION ( 'NONE',  ( -0.0000000000000000000, -0.0000000000000000000, 1.000000000000000000 ) ) ;
#7213 = EDGE_CURVE ( 'NONE', #8235, #2010, #4346, .T. ) ;
#7214 = FACE_OUTER_BOUND ( 'NONE', #11071, .T. ) ;
#7215 = STYLED_ITEM ( 'NONE', ( #9708 ), #5956 ) ;
#7217 = DIRECTION ( 'NONE',  ( -0.0000000000000000000, -0.0000000000000000000, -1.000000000000000000 ) ) ;
#7216 = UNCERTAINTY_MEASURE_WITH_UNIT (LENGTH_MEASURE( 1.000000000000000100E-005 ), #10828, 'distance_accuracy_value', 'NONE');
#7218 = LINE ( 'NONE', #5457, #11988 ) ;
#7219 = DIRECTION ( 'NONE',  ( -0.0000000000000000000, 1.000000000000000000, -0.0000000000000000000 ) ) ;
#7220 = EDGE_LOOP ( 'NONE', ( #9822, #5960, #3476, #4018 ) ) ;
#7221 = ORIENTED_EDGE ( 'NONE', *, *, #8006, .T. ) ;
#7222 = PLANE ( 'NONE',  #2799 ) ;
#7223 = AXIS2_PLACEMENT_3D ( 'NONE', #2736, #9504, #3753 ) ;
#7224 = DIRECTION ( 'NONE',  ( 0.0000000000000000000, -1.000000000000000000, 0.0000000000000000000 ) ) ;
#7225 = DIRECTION ( 'NONE',  ( -1.000000000000000000, 0.0000000000000000000, 0.0000000000000000000 ) ) ;
#7226 = DIRECTION ( 'NONE',  ( -1.000000000000000000, 0.0000000000000000000, 0.0000000000000000000 ) ) ;
#7227 = CARTESIAN_POINT ( 'NONE',  ( -4.235000000000002100, 0.8999999999999991300, 1.529999999999997600 ) ) ;
#7228 = DIRECTION ( 'NONE',  ( -0.7071067811865475700, 0.0000000000000000000, 0.7071067811865475700 ) ) ;
#7229 = PRESENTATION_STYLE_ASSIGNMENT (( #2877 ) ) ;
#7230 = VECTOR ( 'NONE', #5363, 1000.000000000000000 ) ;
#7231 = MECHANICAL_DESIGN_GEOMETRIC_PRESENTATION_REPRESENTATION (  '', ( #5311 ), #7874 ) ;
#7232 = PLANE ( 'NONE',  #12227 ) ;
#7233 = FACE_OUTER_BOUND ( 'NONE', #10337, .T. ) ;
#7234 = ORIENTED_EDGE ( 'NONE', *, *, #497, .T. ) ;
#7235 = DIRECTION ( 'NONE',  ( -1.000000000000000000, -0.0000000000000000000, 3.049318610115479700E-016 ) ) ;
#7236 = ORIENTED_EDGE ( 'NONE', *, *, #11336, .T. ) ;
#7237 = EDGE_CURVE ( 'NONE', #1930, #1182, #1699, .T. ) ;
#7238 = ORIENTED_EDGE ( 'NONE', *, *, #1637, .F. ) ;
#7239 = CARTESIAN_POINT ( 'NONE',  ( -4.995000000000001900, -1.100000000000000500, 1.504999999999999900 ) ) ;
#7240 = CARTESIAN_POINT ( 'NONE',  ( 2.449999999999999700, -1.400000000000000100, 1.524999999999998100 ) ) ;
#7241 = LINE ( 'NONE', #6861, #9494 ) ;
#7242 = DIRECTION ( 'NONE',  ( 0.0000000000000000000, -1.000000000000000000, 0.0000000000000000000 ) ) ;
#7243 = AXIS2_PLACEMENT_3D ( 'NONE', #10924, #5223, #11879 ) ;
#7244 = DIRECTION ( 'NONE',  ( 0.0000000000000000000, 0.0000000000000000000, -1.000000000000000000 ) ) ;
#7245 = LINE ( 'NONE', #2011, #12312 ) ;
#7246 = LINE ( 'NONE', #10564, #9498 ) ;
#7247 = ORIENTED_EDGE ( 'NONE', *, *, #4633, .F. ) ;
#7248 = ORIENTED_EDGE ( 'NONE', *, *, #12238, .F. ) ;
#7249 = DIRECTION ( 'NONE',  ( 0.0000000000000000000, 0.0000000000000000000, 1.000000000000000000 ) ) ;
#7250 = LINE ( 'NONE', #6367, #2071 ) ;
#7251 = VECTOR ( 'NONE', #11584, 1000.000000000000000 ) ;
#7252 = EDGE_CURVE ( 'NONE', #39, #3942, #4045, .T. ) ;
#7254 = VECTOR ( 'NONE', #8574, 1000.000000000000000 ) ;
#7253 = CARTESIAN_POINT ( 'NONE',  ( 2.660000000000000100, 1.500000000000000000, 1.699999999999998800 ) ) ;
#7255 = VECTOR ( 'NONE', #9285, 1000.000000000000000 ) ;
#7256 =( NAMED_UNIT ( * ) SI_UNIT ( $, .STERADIAN. ) SOLID_ANGLE_UNIT ( ) );
#7257 = EDGE_CURVE ( 'NONE', #4517, #7973, #9169, .T. ) ;
#7258 = ORIENTED_EDGE ( 'NONE', *, *, #7237, .T. ) ;
#7259 = ADVANCED_FACE ( 'NONE', ( #11380 ), #1, .F. ) ;
#7260 = PRESENTATION_LAYER_ASSIGNMENT (  '', '', ( #6638 ) ) ;
#7261 = DIRECTION ( 'NONE',  ( 0.0000000000000000000, 5.981805089575195200E-016, 1.000000000000000000 ) ) ;
#7262 = CARTESIAN_POINT ( 'NONE',  ( 4.675000000000001600, -1.100000000000000500, 0.4499999999999999600 ) ) ;
#7263 = VECTOR ( 'NONE', #6531, 1000.000000000000000 ) ;
#7264 = DIRECTION ( 'NONE',  ( 0.5773502691896284000, -0.5773502691896219600, 0.5773502691896269500 ) ) ;
#7265 = CARTESIAN_POINT ( 'NONE',  ( 4.475000000000001400, -1.100000000000000500, 1.155000000000000000 ) ) ;
#7266 = LINE ( 'NONE', #3686, #12334 ) ;
#7267 = SURFACE_STYLE_USAGE ( .BOTH. , #434 ) ;
#7268 = VECTOR ( 'NONE', #10150, 1000.000000000000000 ) ;
#7269 = DIRECTION ( 'NONE',  ( 3.051828337366604500E-016, -0.0000000000000000000, 1.000000000000000000 ) ) ;
#7270 = EDGE_CURVE ( 'NONE', #3018, #11779, #10200, .T. ) ;
#7271 = ORIENTED_EDGE ( 'NONE', *, *, #9093, .F. ) ;
#7272 = AXIS2_PLACEMENT_3D ( 'NONE', #8271, #8228, #8183 ) ;
#7273 = SURFACE_STYLE_FILL_AREA ( #52 ) ;
#7274 = ADVANCED_FACE ( 'NONE', ( #162 ), #5897, .F. ) ;
#7275 = CARTESIAN_POINT ( 'NONE',  ( -2.339999999999999900, 1.500000000000000000, 1.774999999999999700 ) ) ;
#7276 = VECTOR ( 'NONE', #253, 1000.000000000000000 ) ;
#7277 = ORIENTED_EDGE ( 'NONE', *, *, #8565, .F. ) ;
#7278 = CARTESIAN_POINT ( 'NONE',  ( -1.000000000000000700, 2.100000000000000100, 2.899999999999997700 ) ) ;
#7279 = EDGE_LOOP ( 'NONE', ( #10454, #2798, #4848, #3031, #6933, #6087, #9253, #6539, #5064 ) ) ;
#7280 = CARTESIAN_POINT ( 'NONE',  ( -3.100000000000001400, -0.5000000000000003300, 2.999999999999997300 ) ) ;
#7281 = LINE ( 'NONE', #1613, #401 ) ;
#7282 = STYLED_ITEM ( 'NONE', ( #6489 ), #2090 ) ;
#7283 = PLANE ( 'NONE',  #7821 ) ;
#7284 = ORIENTED_EDGE ( 'NONE', *, *, #9466, .T. ) ;
#7285 = EDGE_CURVE ( 'NONE', #11334, #6066, #9312, .T. ) ;
#7286 = FILL_AREA_STYLE_COLOUR ( '', #10666 ) ;
#7287 = ORIENTED_EDGE ( 'NONE', *, *, #11360, .T. ) ;
#7288 = SURFACE_STYLE_FILL_AREA ( #7978 ) ;
#7289 = DIRECTION ( 'NONE',  ( -0.0000000000000000000, 1.000000000000000000, -0.0000000000000000000 ) ) ;
#7290 = FACE_OUTER_BOUND ( 'NONE', #11342, .T. ) ;
#7291 = LINE ( 'NONE', #6968, #6992 ) ;
#7292 = EDGE_CURVE ( 'NONE', #5396, #2644, #4184, .T. ) ;
#7293 = ORIENTED_EDGE ( 'NONE', *, *, #12464, .F. ) ;
#7294 = CYLINDRICAL_SURFACE ( 'NONE', #5361, 0.4499999999999998400 ) ;
#7295 = ORIENTED_EDGE ( 'NONE', *, *, #5648, .T. ) ;
#7296 = ORIENTED_EDGE ( 'NONE', *, *, #2642, .F. ) ;
#7297 = VECTOR ( 'NONE', #10538, 1000.000000000000000 ) ;
#7298 = VERTEX_POINT ( 'NONE', #7912 ) ;
#7299 = DIRECTION ( 'NONE',  ( 0.0000000000000000000, 0.0000000000000000000, -1.000000000000000000 ) ) ;
#7300 = AXIS2_PLACEMENT_3D ( 'NONE', #935, #723, #635 ) ;
#7301 = CARTESIAN_POINT ( 'NONE',  ( 2.660000000000000100, 2.000000000000000000, 1.774999999999999700 ) ) ;
#7302 = VECTOR ( 'NONE', #9978, 1000.000000000000100 ) ;
#7303 = CARTESIAN_POINT ( 'NONE',  ( 1.089999999999999900, 1.500000000000000000, 0.8750000000000017800 ) ) ;
#7304 = ORIENTED_EDGE ( 'NONE', *, *, #205, .F. ) ;
#7305 = LINE ( 'NONE', #7522, #12366 ) ;
#7306 = CARTESIAN_POINT ( 'NONE',  ( -0.1599999999999999800, 2.299999999999999400, 0.6750000000000020400 ) ) ;
#7307 = LINE ( 'NONE', #5241, #5059 ) ;
#7308 = LINE ( 'NONE', #11973, #7007 ) ;
#7309 = AXIS2_PLACEMENT_3D ( 'NONE', #2541, #9322, #3546 ) ;
#7310 = COLOUR_RGB ( '',0.8000000000000000400, 0.8078431372549019800, 0.8000000000000000400 ) ;
#7311 = DIRECTION ( 'NONE',  ( 0.0000000000000000000, -0.7071067811865462400, 0.7071067811865489100 ) ) ;
#7312 = DIRECTION ( 'NONE',  ( 0.0000000000000000000, 1.000000000000000000, 3.336006684570786100E-016 ) ) ;
#7313 = PLANE ( 'NONE',  #10873 ) ;
#7314 = DIRECTION ( 'NONE',  ( 0.0000000000000000000, -0.0000000000000000000, 1.000000000000000000 ) ) ;
#7315 = DIRECTION ( 'NONE',  ( 0.0000000000000000000, -1.000000000000000000, 0.0000000000000000000 ) ) ;
#7316 = ORIENTED_EDGE ( 'NONE', *, *, #2631, .F. ) ;
#7317 = SURFACE_STYLE_FILL_AREA ( #9258 ) ;
#7318 = VERTEX_POINT ( 'NONE', #10779 ) ;
#7319 = CARTESIAN_POINT ( 'NONE',  ( 2.749999999999999600, 2.100000000000000100, 3.399999999999997700 ) ) ;
#7320 = CARTESIAN_POINT ( 'NONE',  ( -0.2500000000000011100, 2.100000000000000100, 2.899999999999997700 ) ) ;
#7321 = FILL_AREA_STYLE_COLOUR ( '', #5412 ) ;
#7322 = VERTEX_POINT ( 'NONE', #9832 ) ;
#7323 = LINE ( 'NONE', #5489, #12380 ) ;
#7324 = CARTESIAN_POINT ( 'NONE',  ( -2.339999999999999900, 2.900000000000000400, 1.788933584601082300E-015 ) ) ;
#7325 = FACE_OUTER_BOUND ( 'NONE', #2939, .T. ) ;
#7326 = EDGE_LOOP ( 'NONE', ( #705, #9392, #12389, #8379 ) ) ;
#7327 = AXIS2_PLACEMENT_3D ( 'NONE', #10899, #9042, #3268 ) ;
#7328 = ORIENTED_EDGE ( 'NONE', *, *, #7257, .T. ) ;
#7329 = DIRECTION ( 'NONE',  ( 0.0000000000000000000, -0.0000000000000000000, -1.000000000000000000 ) ) ;
#7330 = PRESENTATION_STYLE_ASSIGNMENT (( #8850 ) ) ;
#7331 = ORIENTED_EDGE ( 'NONE', *, *, #3279, .F. ) ;
#7332 = CARTESIAN_POINT ( 'NONE',  ( 0.1600000000000000300, 0.8500000000000000900, 0.9499999999999998400 ) ) ;
#7333 = CARTESIAN_POINT ( 'NONE',  ( 4.225000000000001400, -1.100000000000000500, 0.4499999999999999600 ) ) ;
#7334 = ADVANCED_FACE ( 'NONE', ( #9004 ), #2081, .T. ) ;
#7335 = LINE ( 'NONE', #146, #2471 ) ;
#7336 = VERTEX_POINT ( 'NONE', #4079 ) ;
#7337 = CARTESIAN_POINT ( 'NONE',  ( 0.0000000000000000000, 0.0000000000000000000, 2.999999999999997300 ) ) ;
#7338 = DIRECTION ( 'NONE',  ( -0.0000000000000000000, 1.000000000000000000, 0.0000000000000000000 ) ) ;
#7339 = CARTESIAN_POINT ( 'NONE',  ( -2.339999999999999900, -0.8999999999999914700, 1.225000000000001900 ) ) ;
#7340 = ORIENTED_EDGE ( 'NONE', *, *, #7937, .T. ) ;
#7341 = ORIENTED_EDGE ( 'NONE', *, *, #170, .T. ) ;
#7342 = CARTESIAN_POINT ( 'NONE',  ( 2.425000000000001200, 0.4999999999999989500, 3.423118842698616300 ) ) ;
#7343 = VECTOR ( 'NONE', #5901, 1000.000000000000000 ) ;
#7344 = EDGE_CURVE ( 'NONE', #4384, #2458, #6469, .T. ) ;
#7345 = LINE ( 'NONE', #7814, #9883 ) ;
#7346 = ORIENTED_EDGE ( 'NONE', *, *, #8594, .T. ) ;
#7347 = ORIENTED_EDGE ( 'NONE', *, *, #7597, .F. ) ;
#7348 = AXIS2_PLACEMENT_3D ( 'NONE', #4964, #9775, #4028 ) ;
#7349 = ADVANCED_FACE ( 'NONE', ( #6758 ), #7808, .T. ) ;
#7350 = VECTOR ( 'NONE', #6563, 1000.000000000000000 ) ;
#7351 = CARTESIAN_POINT ( 'NONE',  ( 1.089999999999999900, 2.900000000000000400, 1.788933584601082300E-015 ) ) ;
#7352 = ORIENTED_EDGE ( 'NONE', *, *, #4686, .F. ) ;
#7353 = FACE_OUTER_BOUND ( 'NONE', #12071, .T. ) ;
#7354 = DIRECTION ( 'NONE',  ( 0.0000000000000000000, -1.000000000000000000, 0.0000000000000000000 ) ) ;
#7355 = CARTESIAN_POINT ( 'NONE',  ( -2.250000000000000900, 2.100000000000000100, 2.899999999999997700 ) ) ;
#7356 = EDGE_LOOP ( 'NONE', ( #9719, #5721, #12005, #2154 ) ) ;
#7357 = ORIENTED_EDGE ( 'NONE', *, *, #8101, .F. ) ;
#7358 = PLANE ( 'NONE',  #10961 ) ;
#7359 = EDGE_CURVE ( 'NONE', #9431, #12523, #319, .T. ) ;
#7360 = CARTESIAN_POINT ( 'NONE',  ( 1.089999999999999900, 2.000000000000000000, 1.775000000000001500 ) ) ;
#7361 = DIRECTION ( 'NONE',  ( 0.0000000000000000000, -0.0000000000000000000, 1.000000000000000000 ) ) ;
#7362 = PRESENTATION_STYLE_ASSIGNMENT (( #6436 ) ) ;
#7363 =( NAMED_UNIT ( * ) SI_UNIT ( $, .STERADIAN. ) SOLID_ANGLE_UNIT ( ) );
#7364 = CARTESIAN_POINT ( 'NONE',  ( -3.400000000000002100, -2.100000000000000100, 0.2999999999999967700 ) ) ;
#7365 = ORIENTED_EDGE ( 'NONE', *, *, #1568, .F. ) ;
#7366 = ORIENTED_EDGE ( 'NONE', *, *, #4032, .F. ) ;
#7367 = EDGE_CURVE ( 'NONE', #312, #754, #5561, .T. ) ;
#7368 = ORIENTED_EDGE ( 'NONE', *, *, #8247, .T. ) ;
#7369 = CARTESIAN_POINT ( 'NONE',  ( 3.400000000000002100, 0.8500000000000000900, 1.399999999999996800 ) ) ;
#7370 = LINE ( 'NONE', #11709, #485 ) ;
#7371 =( NAMED_UNIT ( * ) SI_UNIT ( $, .STERADIAN. ) SOLID_ANGLE_UNIT ( ) );
#7372 =( NAMED_UNIT ( * ) PLANE_ANGLE_UNIT ( ) SI_UNIT ( $, .RADIAN. ) );
#7373 = EDGE_CURVE ( 'NONE', #9089, #10165, #5261, .T. ) ;
#7374 = EDGE_CURVE ( 'NONE', #10801, #3503, #12563, .T. ) ;
#7376 = LINE ( 'NONE', #4777, #9017 ) ;
#7375 = DIRECTION ( 'NONE',  ( -1.000000000000000000, 0.0000000000000000000, 0.0000000000000000000 ) ) ;
#7377 = AXIS2_PLACEMENT_3D ( 'NONE', #4136, #2559, #2549 ) ;
#7378 = EDGE_LOOP ( 'NONE', ( #5776, #7137, #2564, #9881 ) ) ;
#7379 = PLANE ( 'NONE',  #3328 ) ;
#7380 = ORIENTED_EDGE ( 'NONE', *, *, #6645, .T. ) ;
#7381 = ORIENTED_EDGE ( 'NONE', *, *, #4633, .T. ) ;
#7382 =( NAMED_UNIT ( * ) PLANE_ANGLE_UNIT ( ) SI_UNIT ( $, .RADIAN. ) );
#7383 = DIRECTION ( 'NONE',  ( -0.0000000000000000000, 0.0000000000000000000, 1.000000000000000000 ) ) ;
#7384 = LINE ( 'NONE', #11939, #4828 ) ;
#7385 =( GEOMETRIC_REPRESENTATION_CONTEXT ( 3 ) GLOBAL_UNCERTAINTY_ASSIGNED_CONTEXT ( ( #6152 ) ) GLOBAL_UNIT_ASSIGNED_CONTEXT ( ( #11224, #5513, #12187 ) ) REPRESENTATION_CONTEXT ( 'NONE', 'WORKASPACE' ) );
#7386 = VECTOR ( 'NONE', #2320, 1000.000000000000000 ) ;
#7387 = VERTEX_POINT ( 'NONE', #8997 ) ;
#7388 = DIRECTION ( 'NONE',  ( 1.000000000000000000, 0.0000000000000000000, 0.0000000000000000000 ) ) ;
#7389 = ORIENTED_EDGE ( 'NONE', *, *, #10615, .T. ) ;
#7390 = EDGE_CURVE ( 'NONE', #5148, #10512, #12270, .T. ) ;
#7391 =( LENGTH_UNIT ( ) NAMED_UNIT ( * ) SI_UNIT ( .MILLI., .METRE. ) );
#7392 = LINE ( 'NONE', #4609, #3461 ) ;
#7393 =( NAMED_UNIT ( * ) PLANE_ANGLE_UNIT ( ) SI_UNIT ( $, .RADIAN. ) );
#7394 = DIRECTION ( 'NONE',  ( -1.000000000000000000, 0.0000000000000000000, -0.0000000000000000000 ) ) ;
#7395 = ADVANCED_FACE ( 'NONE', ( #7503 ), #2009, .T. ) ;
#7396 = DIRECTION ( 'NONE',  ( -0.0000000000000000000, 0.7071067811865489100, 0.7071067811865462400 ) ) ;
#7397 = DIRECTION ( 'NONE',  ( 0.0000000000000000000, 0.0000000000000000000, -1.000000000000000000 ) ) ;
#7398 = AXIS2_PLACEMENT_3D ( 'NONE', #10962, #1329, #8166 ) ;
#7399 = DIRECTION ( 'NONE',  ( 0.0000000000000000000, 1.000000000000000000, -4.336808689942017700E-016 ) ) ;
#7400 =( LENGTH_UNIT ( ) NAMED_UNIT ( * ) SI_UNIT ( .MILLI., .METRE. ) );
#7401 = DIRECTION ( 'NONE',  ( 1.000000000000000000, 0.0000000000000000000, 0.0000000000000000000 ) ) ;
#7402 = CARTESIAN_POINT ( 'NONE',  ( 2.339999999999999900, -0.8999999999999958000, 0.9499999999999981800 ) ) ;
#7403 = VERTEX_POINT ( 'NONE', #6150 ) ;
#7404 = PRESENTATION_LAYER_ASSIGNMENT (  '', '', ( #6115 ) ) ;
#7405 = ORIENTED_EDGE ( 'NONE', *, *, #12166, .T. ) ;
#7406 = CARTESIAN_POINT ( 'NONE',  ( 3.116666666666667100, -0.4583333333333350900, 2.588333333333332000 ) ) ;
#7407 = ADVANCED_FACE ( 'NONE', ( #2334 ), #1242, .F. ) ;
#7408 = LINE ( 'NONE', #5919, #4547 ) ;
#7409 = CARTESIAN_POINT ( 'NONE',  ( 2.550000000000000300, -1.400000000000000100, 1.524999999999998100 ) ) ;
#7410 = FACE_OUTER_BOUND ( 'NONE', #3160, .T. ) ;
#7411 = EDGE_CURVE ( 'NONE', #10627, #10919, #11967, .T. ) ;
#7412 = DIRECTION ( 'NONE',  ( 0.9766444667050906400, 0.2148617826751166900, 0.0000000000000000000 ) ) ;
#7413 = DIRECTION ( 'NONE',  ( -0.7071067811865474600, 0.0000000000000000000, -0.7071067811865474600 ) ) ;
#7414 = DIRECTION ( 'NONE',  ( -0.0000000000000000000, 1.000000000000000000, -0.0000000000000000000 ) ) ;
#7415 = SURFACE_STYLE_USAGE ( .BOTH. , #7433 ) ;
#7416 = ORIENTED_EDGE ( 'NONE', *, *, #5277, .T. ) ;
#7417 = LINE ( 'NONE', #10267, #12470 ) ;
#7418 = CARTESIAN_POINT ( 'NONE',  ( -1.090000000000000100, 3.099999999999999600, 0.2000000000000018700 ) ) ;
#7419 = VECTOR ( 'NONE', #6316, 1000.000000000000000 ) ;
#7420 = CARTESIAN_POINT ( 'NONE',  ( -5.000000000000000900, 1.099999999999999600, 0.4999999999999998900 ) ) ;
#7421 = ORIENTED_EDGE ( 'NONE', *, *, #5021, .T. ) ;
#7422 = VECTOR ( 'NONE', #4954, 1000.000000000000000 ) ;
#7423 = CARTESIAN_POINT ( 'NONE',  ( 2.660000000000000100, 1.500000000000000000, 0.8750000000000017800 ) ) ;
#7424 = PRESENTATION_STYLE_ASSIGNMENT (( #10848 ) ) ;
#7425 = DIRECTION ( 'NONE',  ( 0.0000000000000000000, 0.7071067811865462400, -0.7071067811865489100 ) ) ;
#7426 = ORIENTED_EDGE ( 'NONE', *, *, #5684, .F. ) ;
#7427 = PRESENTATION_LAYER_ASSIGNMENT (  '', '', ( #6155 ) ) ;
#7428 = CARTESIAN_POINT ( 'NONE',  ( -2.339999999999999900, 2.299999999999999400, 0.2000000000000025400 ) ) ;
#7429 = ORIENTED_EDGE ( 'NONE', *, *, #4858, .T. ) ;
#7430 = VERTEX_POINT ( 'NONE', #9035 ) ;
#7431 = DIRECTION ( 'NONE',  ( 0.0000000000000000000, 0.0000000000000000000, -1.000000000000000000 ) ) ;
#7432 = DIRECTION ( 'NONE',  ( 1.000000000000000000, 0.0000000000000000000, -0.0000000000000000000 ) ) ;
#7433 = SURFACE_SIDE_STYLE ('',( #7500 ) ) ;
#7434 = COLOUR_RGB ( '',0.8000000000000000400, 0.8078431372549019800, 0.8000000000000000400 ) ;
#7435 = CARTESIAN_POINT ( 'NONE',  ( 5.700000000000001100, 0.9000000000000003600, 0.2500000000000001100 ) ) ;
#7436 = VECTOR ( 'NONE', #11554, 1000.000000000000000 ) ;
#7437 = DIRECTION ( 'NONE',  ( -0.0000000000000000000, -1.000000000000000000, -0.0000000000000000000 ) ) ;
#7438 = CARTESIAN_POINT ( 'NONE',  ( -4.034999999999999300, 1.099999999999999600, 1.729999999999999800 ) ) ;
#7439 = DIRECTION ( 'NONE',  ( -1.000000000000000000, -0.0000000000000000000, -0.0000000000000000000 ) ) ;
#7440 = EDGE_CURVE ( 'NONE', #6357, #10688, #6898, .T. ) ;
#7441 = MECHANICAL_DESIGN_GEOMETRIC_PRESENTATION_REPRESENTATION (  '', ( #5519 ), #8090 ) ;
#7442 = ORIENTED_EDGE ( 'NONE', *, *, #8651, .F. ) ;
#7443 = ORIENTED_EDGE ( 'NONE', *, *, #9437, .T. ) ;
#7444 = DIRECTION ( 'NONE',  ( 0.0000000000000000000, 0.0000000000000000000, 1.000000000000000000 ) ) ;
#7445 = LINE ( 'NONE', #5428, #2274 ) ;
#7446 = LINE ( 'NONE', #108, #12215 ) ;
#7447 = VECTOR ( 'NONE', #3904, 1000.000000000000000 ) ;
#7448 = SURFACE_STYLE_USAGE ( .BOTH. , #609 ) ;
#7449 = PRESENTATION_STYLE_ASSIGNMENT (( #7448 ) ) ;
#7450 = UNCERTAINTY_MEASURE_WITH_UNIT (LENGTH_MEASURE( 1.000000000000000100E-005 ), #4232, 'distance_accuracy_value', 'NONE');
#7451 = ADVANCED_FACE ( 'NONE', ( #7192 ), #10890, .T. ) ;
#7452 = EDGE_CURVE ( 'NONE', #441, #4691, #11664, .T. ) ;
#7453 = VECTOR ( 'NONE', #3683, 1000.000000000000000 ) ;
#7454 = DIRECTION ( 'NONE',  ( 0.5773502691896295100, -0.5773502691896212900, -0.5773502691896264000 ) ) ;
#7455 = AXIS2_PLACEMENT_3D ( 'NONE', #773, #7599, #1745 ) ;
#7456 = CARTESIAN_POINT ( 'NONE',  ( 4.475000000000001400, -1.100000000000000500, 1.155000000000000000 ) ) ;
#7457 = VERTEX_POINT ( 'NONE', #9072 ) ;
#7458 = VECTOR ( 'NONE', #4681, 1000.000000000000000 ) ;
#7459 = EDGE_CURVE ( 'NONE', #5278, #8958, #9454, .T. ) ;
#7460 = CARTESIAN_POINT ( 'NONE',  ( 2.339999999999999900, 2.900000000000000400, 1.788933584601082300E-015 ) ) ;
#7461 = AXIS2_PLACEMENT_3D ( 'NONE', #2124, #2060, #2042 ) ;
#7462 = COLOUR_RGB ( '',0.8000000000000000400, 0.8078431372549019800, 0.8000000000000000400 ) ;
#7463 = VECTOR ( 'NONE', #11682, 1000.000000000000000 ) ;
#7464 = ORIENTED_EDGE ( 'NONE', *, *, #9302, .T. ) ;
#7465 = VERTEX_POINT ( 'NONE', #5273 ) ;
#7466 = ORIENTED_EDGE ( 'NONE', *, *, #6927, .F. ) ;
#7467 = ADVANCED_FACE ( 'NONE', ( #1389 ), #2303, .T. ) ;
#7468 = CARTESIAN_POINT ( 'NONE',  ( -2.339999999999999900, 1.500000000000000000, 1.699999999999998800 ) ) ;
#7469 = STYLED_ITEM ( 'NONE', ( #8135 ), #6951 ) ;
#7470 = CARTESIAN_POINT ( 'NONE',  ( -1.090000000000000100, 1.500000000000000000, 0.9499999999999982900 ) ) ;
#7471 = DIRECTION ( 'NONE',  ( 0.5773502691896257300, 0.5773502691896207400, -0.5773502691896308400 ) ) ;
#7472 = ORIENTED_EDGE ( 'NONE', *, *, #6083, .T. ) ;
#7473 = PRESENTATION_LAYER_ASSIGNMENT (  '', '', ( #6199 ) ) ;
#7474 = SURFACE_STYLE_FILL_AREA ( #4380 ) ;
#7475 = CARTESIAN_POINT ( 'NONE',  ( 1.724999999999999600, -1.800000000000000000, 0.5999999999999972000 ) ) ;
#7476 = LINE ( 'NONE', #2491, #7781 ) ;
#7477 = ORIENTED_EDGE ( 'NONE', *, *, #3486, .T. ) ;
#7478 = DIRECTION ( 'NONE',  ( 3.051828337366604500E-016, -0.0000000000000000000, 1.000000000000000000 ) ) ;
#7479 = VERTEX_POINT ( 'NONE', #3333 ) ;
#7480 = FILL_AREA_STYLE ('',( #4581 ) ) ;
#7481 =( NAMED_UNIT ( * ) SI_UNIT ( $, .STERADIAN. ) SOLID_ANGLE_UNIT ( ) );
#7482 = CARTESIAN_POINT ( 'NONE',  ( -2.339999999999999900, 0.8500000000000000900, 0.9499999999999998400 ) ) ;
#7483 = VECTOR ( 'NONE', #3844, 1000.000000000000000 ) ;
#7484 = ORIENTED_EDGE ( 'NONE', *, *, #5984, .F. ) ;
#7485 =( NAMED_UNIT ( * ) PLANE_ANGLE_UNIT ( ) SI_UNIT ( $, .RADIAN. ) );
#7486 = ORIENTED_EDGE ( 'NONE', *, *, #7237, .F. ) ;
#7487 = AXIS2_PLACEMENT_3D ( 'NONE', #10545, #10576, #4841 ) ;
#7488 = DIRECTION ( 'NONE',  ( 1.000000000000000000, 0.0000000000000000000, -0.0000000000000000000 ) ) ;
#7489 = STYLED_ITEM ( 'NONE', ( #5182 ), #10994 ) ;
#7490 = EDGE_LOOP ( 'NONE', ( #9495, #4465, #4186, #4648 ) ) ;
#7491 = LINE ( 'NONE', #6614, #12551 ) ;
#7492 = DIRECTION ( 'NONE',  ( -0.5773502691896257300, 0.5773502691896257300, 0.5773502691896257300 ) ) ;
#7493 = CARTESIAN_POINT ( 'NONE',  ( 0.1599999999999999800, 2.099999999999999600, 0.6750000000000020400 ) ) ;
#7494 = FILL_AREA_STYLE ('',( #7531 ) ) ;
#7495 = DIRECTION ( 'NONE',  ( 3.051828337366604500E-016, -0.0000000000000000000, 1.000000000000000000 ) ) ;
#7496 = LINE ( 'NONE', #7351, #10031 ) ;
#7497 = ORIENTED_EDGE ( 'NONE', *, *, #4816, .F. ) ;
#7498 = CARTESIAN_POINT ( 'NONE',  ( -1.090000000000000100, 1.500000000000000000, 0.8749999999999998900 ) ) ;
#7499 = EDGE_CURVE ( 'NONE', #12102, #7161, #6616, .T. ) ;
#7500 = SURFACE_STYLE_FILL_AREA ( #7494 ) ;
#7501 = ORIENTED_EDGE ( 'NONE', *, *, #7931, .F. ) ;
#7502 = DIRECTION ( 'NONE',  ( 0.0000000000000000000, 1.000000000000000000, 0.0000000000000000000 ) ) ;
#7503 = FACE_OUTER_BOUND ( 'NONE', #325, .T. ) ;
#7504 = EDGE_CURVE ( 'NONE', #8566, #4676, #11371, .T. ) ;
#7505 = ORIENTED_EDGE ( 'NONE', *, *, #12098, .F. ) ;
#7506 = AXIS2_PLACEMENT_3D ( 'NONE', #9320, #3545, #10259 ) ;
#7507 = ORIENTED_EDGE ( 'NONE', *, *, #7673, .F. ) ;
#7508 = CARTESIAN_POINT ( 'NONE',  ( 3.700000000000002000, 0.8500000000000000900, 1.399999999999996800 ) ) ;
#7509 = CARTESIAN_POINT ( 'NONE',  ( 1.409999999999999700, 2.000000000000000000, 1.375000000000001600 ) ) ;
#7510 = CARTESIAN_POINT ( 'NONE',  ( -4.000000000000000000, 2.100000000000000100, 2.899999999999997700 ) ) ;
#7511 = ADVANCED_FACE ( 'NONE', ( #8858 ), #6293, .T. ) ;
#7512 = CARTESIAN_POINT ( 'NONE',  ( 3.400000000000002100, -1.800000000000000500, 0.5999999999999966500 ) ) ;
#7513 = EDGE_CURVE ( 'NONE', #12400, #2347, #11067, .T. ) ;
#7514 = ORIENTED_EDGE ( 'NONE', *, *, #8149, .F. ) ;
#7516 = ORIENTED_EDGE ( 'NONE', *, *, #3384, .F. ) ;
#7515 = DIRECTION ( 'NONE',  ( 0.0000000000000000000, -1.355252715606878800E-016, 1.000000000000000000 ) ) ;
#7517 = FILL_AREA_STYLE ('',( #6949 ) ) ;
#7518 = CARTESIAN_POINT ( 'NONE',  ( 1.089999999999999900, 1.500000000000000000, 0.9499999999999982900 ) ) ;
#7519 = DIRECTION ( 'NONE',  ( -1.000000000000000000, 0.0000000000000000000, 0.0000000000000000000 ) ) ;
#7520 = DIRECTION ( 'NONE',  ( 0.0000000000000000000, -0.7071067811865459100, -0.7071067811865491300 ) ) ;
#7521 = LINE ( 'NONE', #1790, #9476 ) ;
#7522 = CARTESIAN_POINT ( 'NONE',  ( 3.800000000000001200, -1.099999999999999900, -2.385244779468109800E-015 ) ) ;
#7523 = AXIS2_PLACEMENT_3D ( 'NONE', #11098, #3472, #3513 ) ;
#7524 = EDGE_CURVE ( 'NONE', #770, #9943, #3739, .T. ) ;
#7525 = ORIENTED_EDGE ( 'NONE', *, *, #4477, .F. ) ;
#7526 = DIRECTION ( 'NONE',  ( -1.000000000000000000, 0.0000000000000000000, -5.421010862427526500E-017 ) ) ;
#7527 = EDGE_LOOP ( 'NONE', ( #232, #5090, #6399, #6741, #4925, #6295, #5181, #5607, #302, #6251, #8069, #4138, #5497, #6621, #8568, #12126, #9306, #6153 ) ) ;
#7528 = ADVANCED_FACE ( 'NONE', ( #8564 ), #12020, .F. ) ;
#7529 = CARTESIAN_POINT ( 'NONE',  ( -1.325000000000000400, -0.6500000000000005800, 0.5999999999999967600 ) ) ;
#7530 = CARTESIAN_POINT ( 'NONE',  ( -3.800000000000001200, 2.100000000000000100, -5.421010862427522200E-017 ) ) ;
#7531 = FILL_AREA_STYLE_COLOUR ( '', #2330 ) ;
#7532 = EDGE_CURVE ( 'NONE', #10317, #7001, #10778, .T. ) ;
#7533 = EDGE_CURVE ( 'NONE', #10604, #12423, #778, .T. ) ;
#7534 = VECTOR ( 'NONE', #11076, 1000.000000000000000 ) ;
#7535 = DIRECTION ( 'NONE',  ( 0.0000000000000000000, 0.0000000000000000000, -1.000000000000000000 ) ) ;
#7536 = AXIS2_PLACEMENT_3D ( 'NONE', #8263, #8103, #8087 ) ;
#7537 = UNCERTAINTY_MEASURE_WITH_UNIT (LENGTH_MEASURE( 1.000000000000000100E-005 ), #9453, 'distance_accuracy_value', 'NONE');
#7538 =( NAMED_UNIT ( * ) SI_UNIT ( $, .STERADIAN. ) SOLID_ANGLE_UNIT ( ) );
#7539 = LINE ( 'NONE', #3004, #12297 ) ;
#7540 = VERTEX_POINT ( 'NONE', #1422 ) ;
#7541 = ORIENTED_EDGE ( 'NONE', *, *, #4963, .F. ) ;
#7542 = VERTEX_POINT ( 'NONE', #3437 ) ;
#7543 = CARTESIAN_POINT ( 'NONE',  ( 4.664999999999999100, 1.099999999999999600, 0.2999999999999975500 ) ) ;
#7544 = ORIENTED_EDGE ( 'NONE', *, *, #6810, .T. ) ;
#7545 = ORIENTED_EDGE ( 'NONE', *, *, #9920, .F. ) ;
#7546 =( GEOMETRIC_REPRESENTATION_CONTEXT ( 3 ) GLOBAL_UNCERTAINTY_ASSIGNED_CONTEXT ( ( #1662 ) ) GLOBAL_UNIT_ASSIGNED_CONTEXT ( ( #11966, #6279, #380 ) ) REPRESENTATION_CONTEXT ( 'NONE', 'WORKASPACE' ) );
#7547 = ORIENTED_EDGE ( 'NONE', *, *, #978, .T. ) ;
#7549 = LINE ( 'NONE', #2074, #2062 ) ;
#7548 = CARTESIAN_POINT ( 'NONE',  ( -2.660000000000000100, 2.900000000000000400, 1.788933584601082300E-015 ) ) ;
#7550 =( GEOMETRIC_REPRESENTATION_CONTEXT ( 3 ) GLOBAL_UNCERTAINTY_ASSIGNED_CONTEXT ( ( #5761 ) ) GLOBAL_UNIT_ASSIGNED_CONTEXT ( ( #12108, #12159, #12207 ) ) REPRESENTATION_CONTEXT ( 'NONE', 'WORKASPACE' ) );
#7551 = PLANE ( 'NONE',  #43 ) ;
#7552 = CARTESIAN_POINT ( 'NONE',  ( 2.449999999999999700, -1.400000000000000100, 1.699999999999998400 ) ) ;
#7553 = DIRECTION ( 'NONE',  ( -0.0000000000000000000, -0.0000000000000000000, 1.000000000000000000 ) ) ;
#7554 = ORIENTED_EDGE ( 'NONE', *, *, #6267, .T. ) ;
#7555 = VERTEX_POINT ( 'NONE', #11100 ) ;
#7556 = DIRECTION ( 'NONE',  ( -1.000000000000000000, 0.0000000000000000000, 0.0000000000000000000 ) ) ;
#7557 =( NAMED_UNIT ( * ) SI_UNIT ( $, .STERADIAN. ) SOLID_ANGLE_UNIT ( ) );
#7558 =( GEOMETRIC_REPRESENTATION_CONTEXT ( 3 ) GLOBAL_UNCERTAINTY_ASSIGNED_CONTEXT ( ( #724 ) ) GLOBAL_UNIT_ASSIGNED_CONTEXT ( ( #4996, #11674, #5973 ) ) REPRESENTATION_CONTEXT ( 'NONE', 'WORKASPACE' ) );
#7559 = DIRECTION ( 'NONE',  ( -0.0000000000000000000, -0.0000000000000000000, 1.000000000000000000 ) ) ;
#7560 = VECTOR ( 'NONE', #9769, 1000.000000000000000 ) ;
#7561 =( NAMED_UNIT ( * ) PLANE_ANGLE_UNIT ( ) SI_UNIT ( $, .RADIAN. ) );
#7562 = DIRECTION ( 'NONE',  ( 0.0000000000000000000, 0.0000000000000000000, -1.000000000000000000 ) ) ;
#7563 = VERTEX_POINT ( 'NONE', #5404 ) ;
#7564 = VECTOR ( 'NONE', #6081, 1000.000000000000000 ) ;
#7565 = DIRECTION ( 'NONE',  ( -1.000000000000000000, -0.0000000000000000000, -0.0000000000000000000 ) ) ;
#7566 = CARTESIAN_POINT ( 'NONE',  ( -2.550000000000000300, -1.400000000000000100, 1.699999999999998400 ) ) ;
#7567 = EDGE_CURVE ( 'NONE', #10440, #11972, #10499, .T. ) ;
#7568 = FACE_OUTER_BOUND ( 'NONE', #12118, .T. ) ;
#7569 = PLANE ( 'NONE',  #2927 ) ;
#7570 = PLANE ( 'NONE',  #11363 ) ;
#7571 = VECTOR ( 'NONE', #10204, 1000.000000000000000 ) ;
#7572 =( LENGTH_UNIT ( ) NAMED_UNIT ( * ) SI_UNIT ( .MILLI., .METRE. ) );
#7573 = ADVANCED_FACE ( 'NONE', ( #3424 ), #477, .F. ) ;
#7574 = PLANE ( 'NONE',  #8524 ) ;
#7575 = ORIENTED_EDGE ( 'NONE', *, *, #7285, .F. ) ;
#7576 = STYLED_ITEM ( 'NONE', ( #9554 ), #11950 ) ;
#7577 = LINE ( 'NONE', #11086, #12554 ) ;
#7578 = LINE ( 'NONE', #9905, #9827 ) ;
#7579 = VERTEX_POINT ( 'NONE', #1460 ) ;
#7580 = CARTESIAN_POINT ( 'NONE',  ( -1.409999999999999900, 2.299999999999999400, 0.6750000000000020400 ) ) ;
#7581 = ORIENTED_EDGE ( 'NONE', *, *, #5686, .F. ) ;
#7582 = VECTOR ( 'NONE', #2499, 1000.000000000000000 ) ;
#7583 = EDGE_CURVE ( 'NONE', #2962, #7198, #12122, .T. ) ;
#7584 = ADVANCED_FACE ( 'NONE', ( #2178 ), #8294, .F. ) ;
#7585 = ORIENTED_EDGE ( 'NONE', *, *, #4956, .T. ) ;
#7586 = VECTOR ( 'NONE', #161, 1000.000000000000000 ) ;
#7587 = VERTEX_POINT ( 'NONE', #8330 ) ;
#7588 = FILL_AREA_STYLE ('',( #5626 ) ) ;
#7589 = LINE ( 'NONE', #10385, #10130 ) ;
#7590 = CARTESIAN_POINT ( 'NONE',  ( -0.2500000000000011100, 2.100000000000000100, 2.899999999999997700 ) ) ;
#7591 = ORIENTED_EDGE ( 'NONE', *, *, #12277, .F. ) ;
#7592 = ORIENTED_EDGE ( 'NONE', *, *, #7706, .T. ) ;
#7593 = FACE_OUTER_BOUND ( 'NONE', #5787, .T. ) ;
#7594 = AXIS2_PLACEMENT_3D ( 'NONE', #12381, #12456, #11456 ) ;
#7595 =( NAMED_UNIT ( * ) PLANE_ANGLE_UNIT ( ) SI_UNIT ( $, .RADIAN. ) );
#7596 = DIRECTION ( 'NONE',  ( 0.0000000000000000000, 0.0000000000000000000, -1.000000000000000000 ) ) ;
#7597 = EDGE_CURVE ( 'NONE', #1776, #3604, #7051, .T. ) ;
#7598 = DIRECTION ( 'NONE',  ( -1.000000000000000000, -0.0000000000000000000, -0.0000000000000000000 ) ) ;
#7599 = DIRECTION ( 'NONE',  ( 0.0000000000000000000, 0.0000000000000000000, 1.000000000000000000 ) ) ;
#7600 = CARTESIAN_POINT ( 'NONE',  ( 1.499999999999999100, 2.100000000000000100, 2.899999999999997700 ) ) ;
#7601 = VERTEX_POINT ( 'NONE', #7402 ) ;
#7602 = LINE ( 'NONE', #5759, #2438 ) ;
#7603 = ORIENTED_EDGE ( 'NONE', *, *, #6267, .F. ) ;
#7604 = CARTESIAN_POINT ( 'NONE',  ( 0.1600000000000000300, 2.000000000000000000, 0.8749999999999998900 ) ) ;
#7605 = VECTOR ( 'NONE', #2288, 1000.000000000000000 ) ;
#7606 = LINE ( 'NONE', #8845, #12365 ) ;
#7607 = CARTESIAN_POINT ( 'NONE',  ( 2.660000000000000100, 2.649999999999999500, 1.375000000000002000 ) ) ;
#7608 = EDGE_CURVE ( 'NONE', #12094, #8578, #9296, .T. ) ;
#7609 = FILL_AREA_STYLE_COLOUR ( '', #4146 ) ;
#7610 = VECTOR ( 'NONE', #1206, 1000.000000000000000 ) ;
#7611 = EDGE_CURVE ( 'NONE', #6600, #3110, #1844, .T. ) ;
#7612 =( LENGTH_UNIT ( ) NAMED_UNIT ( * ) SI_UNIT ( .MILLI., .METRE. ) );
#7613 = VECTOR ( 'NONE', #12383, 1000.000000000000100 ) ;
#7614 = VERTEX_POINT ( 'NONE', #11226 ) ;
#7615 = UNCERTAINTY_MEASURE_WITH_UNIT (LENGTH_MEASURE( 1.000000000000000100E-005 ), #7997, 'distance_accuracy_value', 'NONE');
#7616 =( GEOMETRIC_REPRESENTATION_CONTEXT ( 3 ) GLOBAL_UNCERTAINTY_ASSIGNED_CONTEXT ( ( #8849 ) ) GLOBAL_UNIT_ASSIGNED_CONTEXT ( ( #3481, #3471, #3442 ) ) REPRESENTATION_CONTEXT ( 'NONE', 'WORKASPACE' ) );
#7617 = LINE ( 'NONE', #2718, #5062 ) ;
#7618 = ORIENTED_EDGE ( 'NONE', *, *, #4524, .F. ) ;
#7619 = VECTOR ( 'NONE', #6305, 1000.000000000000000 ) ;
#7620 = ORIENTED_EDGE ( 'NONE', *, *, #1603, .F. ) ;
#7621 = DIRECTION ( 'NONE',  ( -0.0000000000000000000, 1.000000000000000000, -0.0000000000000000000 ) ) ;
#7622 = DIRECTION ( 'NONE',  ( -1.000000000000000000, 0.0000000000000000000, 0.0000000000000000000 ) ) ;
#7623 = CARTESIAN_POINT ( 'NONE',  ( 0.1599999999999999800, 2.299999999999999400, 0.2000000000000025400 ) ) ;
#7624 = AXIS2_PLACEMENT_3D ( 'NONE', #412, #360, #332 ) ;
#7625 = DIRECTION ( 'NONE',  ( -0.0000000000000000000, 1.000000000000000000, -0.0000000000000000000 ) ) ;
#7626 = EDGE_CURVE ( 'NONE', #2181, #12250, #4170, .T. ) ;
#7627 = ORIENTED_EDGE ( 'NONE', *, *, #6258, .T. ) ;
#7628 = CARTESIAN_POINT ( 'NONE',  ( 1.409999999999999700, 2.799999999999999800, 1.225000000000001900 ) ) ;
#7629 = LINE ( 'NONE', #1375, #10158 ) ;
#7630 = DIRECTION ( 'NONE',  ( 0.0000000000000000000, 3.336006684570786100E-016, -1.000000000000000000 ) ) ;
#7631 = VERTEX_POINT ( 'NONE', #3557 ) ;
#7632 = VERTEX_POINT ( 'NONE', #8415 ) ;
#7633 = EDGE_CURVE ( 'NONE', #10377, #495, #3880, .T. ) ;
#7634 = CARTESIAN_POINT ( 'NONE',  ( -1.409999999999999900, 3.099999999999999600, 0.5000000000000017800 ) ) ;
#7635 = CARTESIAN_POINT ( 'NONE',  ( -2.660000000000000100, 2.799999999999999400, 0.5000000000000017800 ) ) ;
#7636 = ORIENTED_EDGE ( 'NONE', *, *, #9378, .F. ) ;
#7637 = AXIS2_PLACEMENT_3D ( 'NONE', #8779, #8448, #8406 ) ;
#7638 = EDGE_LOOP ( 'NONE', ( #4361, #11734, #2720, #3717, #2437, #6148, #10447 ) ) ;
#7639 = ORIENTED_EDGE ( 'NONE', *, *, #3032, .F. ) ;
#7640 =( NAMED_UNIT ( * ) SI_UNIT ( $, .STERADIAN. ) SOLID_ANGLE_UNIT ( ) );
#7641 = PRESENTATION_LAYER_ASSIGNMENT (  '', '', ( #6369 ) ) ;
#7642 = ORIENTED_EDGE ( 'NONE', *, *, #11570, .T. ) ;
#7643 = LINE ( 'NONE', #8075, #2479 ) ;
#7644 = DIRECTION ( 'NONE',  ( 0.0000000000000000000, -1.000000000000000000, 4.336808689942018200E-016 ) ) ;
#7645 = VECTOR ( 'NONE', #6767, 1000.000000000000000 ) ;
#7646 = SURFACE_STYLE_FILL_AREA ( #5624 ) ;
#7647 = EDGE_LOOP ( 'NONE', ( #1920, #1773, #1552, #2879 ) ) ;
#7648 = ADVANCED_FACE ( 'NONE', ( #11214 ), #2591, .F. ) ;
#7649 = VERTEX_POINT ( 'NONE', #3598 ) ;
#7650 = CARTESIAN_POINT ( 'NONE',  ( -4.995000000000001900, -1.100000000000000500, 1.255000000000000100 ) ) ;
#7651 = CARTESIAN_POINT ( 'NONE',  ( 4.225000000000001400, -1.100000000000000500, 1.155000000000000000 ) ) ;
#7652 = PLANE ( 'NONE',  #11276 ) ;
#7653 = CARTESIAN_POINT ( 'NONE',  ( 4.475000000000001400, 1.099999999999999600, 1.155000000000000000 ) ) ;
#7654 = LINE ( 'NONE', #6878, #12411 ) ;
#7655 = DIRECTION ( 'NONE',  ( 0.0000000000000000000, 0.0000000000000000000, -1.000000000000000000 ) ) ;
#7656 = ORIENTED_EDGE ( 'NONE', *, *, #10334, .F. ) ;
#7657 = VECTOR ( 'NONE', #875, 1000.000000000000100 ) ;
#7658 = EDGE_CURVE ( 'NONE', #6052, #8644, #5550, .T. ) ;
#7659 =( LENGTH_UNIT ( ) NAMED_UNIT ( * ) SI_UNIT ( .MILLI., .METRE. ) );
#7660 = CARTESIAN_POINT ( 'NONE',  ( 3.400000000000002600, 0.8500000000000000900, 2.299999999999996300 ) ) ;
#7661 = FILL_AREA_STYLE_COLOUR ( '', #2122 ) ;
#7662 = ORIENTED_EDGE ( 'NONE', *, *, #1382, .F. ) ;
#7663 = ADVANCED_FACE ( 'NONE', ( #2936 ), #6568, .F. ) ;
#7664 = STYLED_ITEM ( 'NONE', ( #9728 ), #11316 ) ;
#7665 = CARTESIAN_POINT ( 'NONE',  ( 2.024999999999999900, -2.100000000000000100, 0.2999999999999986000 ) ) ;
#7666 = CARTESIAN_POINT ( 'NONE',  ( 4.995000000000001900, -1.100000000000000500, 1.504999999999999900 ) ) ;
#7667 =( LENGTH_UNIT ( ) NAMED_UNIT ( * ) SI_UNIT ( .MILLI., .METRE. ) );
#7668 = CARTESIAN_POINT ( 'NONE',  ( 4.675000000000002500, 1.099999999999999600, 1.039999999999995200 ) ) ;
#7669 = COLOUR_RGB ( '',0.8000000000000000400, 0.8078431372549019800, 0.8000000000000000400 ) ;
#7670 = DIRECTION ( 'NONE',  ( 1.000000000000000000, -2.710505431213763100E-016, 0.0000000000000000000 ) ) ;
#7671 = VERTEX_POINT ( 'NONE', #4628 ) ;
#7672 = ORIENTED_EDGE ( 'NONE', *, *, #3719, .T. ) ;
#7673 = EDGE_CURVE ( 'NONE', #10223, #10570, #310, .T. ) ;
#7674 = ORIENTED_EDGE ( 'NONE', *, *, #6793, .T. ) ;
#7675 = LINE ( 'NONE', #11880, #4817 ) ;
#7676 = DIRECTION ( 'NONE',  ( -0.7071067811865443500, -0.7071067811865506800, -1.121922012207343200E-016 ) ) ;
#7677 = DIRECTION ( 'NONE',  ( 0.0000000000000000000, -1.000000000000000000, 0.0000000000000000000 ) ) ;
#7678 = LINE ( 'NONE', #6588, #2513 ) ;
#7679 = CARTESIAN_POINT ( 'NONE',  ( 2.660000000000000100, 2.799999999999999800, 1.225000000000001900 ) ) ;
#7680 = ORIENTED_EDGE ( 'NONE', *, *, #8928, .T. ) ;
#7681 = VERTEX_POINT ( 'NONE', #4668 ) ;
#7682 =( GEOMETRIC_REPRESENTATION_CONTEXT ( 3 ) GLOBAL_UNCERTAINTY_ASSIGNED_CONTEXT ( ( #11112 ) ) GLOBAL_UNIT_ASSIGNED_CONTEXT ( ( #1571, #1588, #1632 ) ) REPRESENTATION_CONTEXT ( 'NONE', 'WORKASPACE' ) );
#7683 = DIRECTION ( 'NONE',  ( 3.051828337366604500E-016, 0.0000000000000000000, 1.000000000000000000 ) ) ;
#7684 = CARTESIAN_POINT ( 'NONE',  ( -1.725000000000000300, -0.6500000000000003600, 0.5999999999999967600 ) ) ;
#7685 = CARTESIAN_POINT ( 'NONE',  ( 1.409999999999999700, 1.500000000000000000, 1.699999999999998800 ) ) ;
#7686 = PLANE ( 'NONE',  #9846 ) ;
#7687 = LINE ( 'NONE', #12269, #179 ) ;
#7688 = UNCERTAINTY_MEASURE_WITH_UNIT (LENGTH_MEASURE( 1.000000000000000100E-005 ), #3850, 'distance_accuracy_value', 'NONE');
#7689 = EDGE_CURVE ( 'NONE', #754, #11490, #7798, .T. ) ;
#7690 =( LENGTH_UNIT ( ) NAMED_UNIT ( * ) SI_UNIT ( .MILLI., .METRE. ) );
#7691 = LINE ( 'NONE', #6259, #4525 ) ;
#7692 = CARTESIAN_POINT ( 'NONE',  ( -0.2500000000000011100, 1.500000000000000400, 2.899999999999997700 ) ) ;
#7693 = ORIENTED_EDGE ( 'NONE', *, *, #11590, .F. ) ;
#7694 = DIRECTION ( 'NONE',  ( 0.0000000000000000000, -0.0000000000000000000, -1.000000000000000000 ) ) ;
#7695 = VERTEX_POINT ( 'NONE', #10397 ) ;
#7696 = DIRECTION ( 'NONE',  ( 3.051828337366604500E-016, -0.0000000000000000000, 1.000000000000000000 ) ) ;
#7697 = AXIS2_PLACEMENT_3D ( 'NONE', #7339, #5868, #5744 ) ;
#7698 = PLANE ( 'NONE',  #6057 ) ;
#7699 = EDGE_CURVE ( 'NONE', #10763, #6151, #5250, .T. ) ;
#7700 = COLOUR_RGB ( '',0.8000000000000000400, 0.8078431372549019800, 0.8000000000000000400 ) ;
#7701 = DIRECTION ( 'NONE',  ( 0.0000000000000000000, 0.0000000000000000000, 1.000000000000000000 ) ) ;
#7702 = DIRECTION ( 'NONE',  ( 1.000000000000000000, -0.0000000000000000000, -0.0000000000000000000 ) ) ;
#7703 = ORIENTED_EDGE ( 'NONE', *, *, #11844, .F. ) ;
#7704 = CARTESIAN_POINT ( 'NONE',  ( -2.550000000000000300, -1.400000000000000100, 1.699999999999998400 ) ) ;
#7705 = ORIENTED_EDGE ( 'NONE', *, *, #4259, .T. ) ;
#7706 = EDGE_CURVE ( 'NONE', #8670, #3986, #7491, .T. ) ;
#7707 = VERTEX_POINT ( 'NONE', #8536 ) ;
#7708 = MECHANICAL_DESIGN_GEOMETRIC_PRESENTATION_REPRESENTATION (  '', ( #5769 ), #8349 ) ;
#7709 =( LENGTH_UNIT ( ) NAMED_UNIT ( * ) SI_UNIT ( .MILLI., .METRE. ) );
#7710 = LINE ( 'NONE', #557, #5152 ) ;
#7711 = LINE ( 'NONE', #6975, #9936 ) ;
#7712 = AXIS2_PLACEMENT_3D ( 'NONE', #3958, #10674, #4945 ) ;
#7713 = AXIS2_PLACEMENT_3D ( 'NONE', #7685, #1830, #8643 ) ;
#7714 = ORIENTED_EDGE ( 'NONE', *, *, #5343, .F. ) ;
#7715 = ADVANCED_FACE ( 'NONE', ( #2324 ), #10449, .T. ) ;
#7716 = VECTOR ( 'NONE', #8326, 1000.000000000000000 ) ;
#7717 = FILL_AREA_STYLE ('',( #879 ) ) ;
#7718 = FACE_OUTER_BOUND ( 'NONE', #9421, .T. ) ;
#7719 = VERTEX_POINT ( 'NONE', #3738 ) ;
#7720 = VERTEX_POINT ( 'NONE', #3775 ) ;
#7721 = STYLED_ITEM ( 'NONE', ( #1636 ), #8353 ) ;
#7722 = CARTESIAN_POINT ( 'NONE',  ( -4.665000000000000900, -1.200000000000000400, 1.229999999999997800 ) ) ;
#7723 = DIRECTION ( 'NONE',  ( 0.0000000000000000000, -1.000000000000000000, 0.0000000000000000000 ) ) ;
#7724 = VECTOR ( 'NONE', #3684, 1000.000000000000000 ) ;
#7725 = FILL_AREA_STYLE_COLOUR ( '', #2063 ) ;
#7726 = DIRECTION ( 'NONE',  ( 1.000000000000000000, 0.0000000000000000000, -3.049318610115481200E-016 ) ) ;
#7727 = LINE ( 'NONE', #7988, #2860 ) ;
#7728 = FILL_AREA_STYLE_COLOUR ( '', #12070 ) ;
#7729 = EDGE_LOOP ( 'NONE', ( #3564, #2768, #11671, #6682 ) ) ;
#7730 = ORIENTED_EDGE ( 'NONE', *, *, #6793, .F. ) ;
#7731 = EDGE_CURVE ( 'NONE', #433, #12211, #4026, .T. ) ;
#7732 = LINE ( 'NONE', #7684, #9966 ) ;
#7733 = PRESENTATION_STYLE_ASSIGNMENT (( #2277 ) ) ;
#7734 = ORIENTED_EDGE ( 'NONE', *, *, #11509, .F. ) ;
#7735 = VECTOR ( 'NONE', #8014, 1000.000000000000100 ) ;
#7736 = VECTOR ( 'NONE', #8672, 1000.000000000000000 ) ;
#7737 = ORIENTED_EDGE ( 'NONE', *, *, #3819, .F. ) ;
#7738 = ORIENTED_EDGE ( 'NONE', *, *, #10301, .F. ) ;
#7739 = EDGE_CURVE ( 'NONE', #9480, #4084, #8843, .T. ) ;
#7740 = FILL_AREA_STYLE ('',( #11474 ) ) ;
#7741 = EDGE_LOOP ( 'NONE', ( #914, #9692, #1667, #8656, #8695 ) ) ;
#7742 = MECHANICAL_DESIGN_GEOMETRIC_PRESENTATION_REPRESENTATION (  '', ( #5814 ), #8395 ) ;
#7743 = ORIENTED_EDGE ( 'NONE', *, *, #11995, .T. ) ;
#7744 = FACE_OUTER_BOUND ( 'NONE', #1512, .T. ) ;
#7745 = ORIENTED_EDGE ( 'NONE', *, *, #1069, .F. ) ;
#7746 = LINE ( 'NONE', #1448, #4889 ) ;
#7747 = LINE ( 'NONE', #29, #4891 ) ;
#7748 = SURFACE_STYLE_USAGE ( .BOTH. , #7797 ) ;
#7749 = LINE ( 'NONE', #5797, #2885 ) ;
#7750 = DIRECTION ( 'NONE',  ( -1.000000000000000000, -0.0000000000000000000, -0.0000000000000000000 ) ) ;
#7751 = LINE ( 'NONE', #8380, #12509 ) ;
#7752 = DIRECTION ( 'NONE',  ( -1.000000000000000000, 0.0000000000000000000, 0.0000000000000000000 ) ) ;
#7753 = EDGE_CURVE ( 'NONE', #11716, #8453, #3725, .T. ) ;
#7754 = LINE ( 'NONE', #5118, #7453 ) ;
#7755 = CARTESIAN_POINT ( 'NONE',  ( -1.090000000000000100, 1.500000000000000000, 1.699999999999998800 ) ) ;
#7756 = DIRECTION ( 'NONE',  ( 0.0000000000000000000, 0.0000000000000000000, -1.000000000000000000 ) ) ;
#7757 = DIRECTION ( 'NONE',  ( 0.0000000000000000000, -0.0000000000000000000, -1.000000000000000000 ) ) ;
#7758 = ORIENTED_EDGE ( 'NONE', *, *, #10205, .F. ) ;
#7759 = ORIENTED_EDGE ( 'NONE', *, *, #11298, .T. ) ;
#7760 = LINE ( 'NONE', #10336, #9991 ) ;
#7761 = ORIENTED_EDGE ( 'NONE', *, *, #5011, .T. ) ;
#7762 = CARTESIAN_POINT ( 'NONE',  ( -3.499999999999999600, 1.500000000000000400, 2.899999999999997700 ) ) ;
#7763 = PRESENTATION_STYLE_ASSIGNMENT (( #4725 ) ) ;
#7764 = STYLED_ITEM ( 'NONE', ( #1431 ), #1743 ) ;
#7765 = SURFACE_STYLE_USAGE ( .BOTH. , #7824 ) ;
#7766 = ORIENTED_EDGE ( 'NONE', *, *, #6466, .F. ) ;
#7767 = UNCERTAINTY_MEASURE_WITH_UNIT (LENGTH_MEASURE( 1.000000000000000100E-005 ), #2387, 'distance_accuracy_value', 'NONE');
#7768 = EDGE_CURVE ( 'NONE', #7601, #11437, #1064, .T. ) ;
#7769 = CARTESIAN_POINT ( 'NONE',  ( -0.1599999999999999800, 2.000000000000000000, 1.774999999999999700 ) ) ;
#7770 = ORIENTED_EDGE ( 'NONE', *, *, #11796, .F. ) ;
#7772 = ORIENTED_EDGE ( 'NONE', *, *, #9927, .F. ) ;
#7771 = CARTESIAN_POINT ( 'NONE',  ( -4.675000000000001600, 1.099999999999999600, 0.4499999999999999600 ) ) ;
#7773 = ORIENTED_EDGE ( 'NONE', *, *, #7165, .T. ) ;
#7774 =( NAMED_UNIT ( * ) SI_UNIT ( $, .STERADIAN. ) SOLID_ANGLE_UNIT ( ) );
#7775 = EDGE_CURVE ( 'NONE', #3648, #4150, #8550, .T. ) ;
#7776 = EDGE_CURVE ( 'NONE', #9811, #11322, #11356, .T. ) ;
#7777 = FILL_AREA_STYLE ('',( #6800 ) ) ;
#7778 = AXIS2_PLACEMENT_3D ( 'NONE', #10395, #10373, #10362 ) ;
#7779 = VECTOR ( 'NONE', #2321, 999.9999999999998900 ) ;
#7780 = ADVANCED_FACE ( 'NONE', ( #3084 ), #12429, .T. ) ;
#7781 = VECTOR ( 'NONE', #2477, 1000.000000000000000 ) ;
#7782 = EDGE_LOOP ( 'NONE', ( #10748, #10931, #8177, #8650 ) ) ;
#7783 = ORIENTED_EDGE ( 'NONE', *, *, #5163, .F. ) ;
#7784 = VECTOR ( 'NONE', #4094, 1000.000000000000000 ) ;
#7785 = CARTESIAN_POINT ( 'NONE',  ( 2.249999999999999100, 2.100000000000000100, 2.899999999999997700 ) ) ;
#7786 = CARTESIAN_POINT ( 'NONE',  ( -2.339999999999999900, 1.500000000000000000, 0.9499999999999982900 ) ) ;
#7787 = LINE ( 'NONE', #8641, #2617 ) ;
#7788 = ORIENTED_EDGE ( 'NONE', *, *, #2772, .T. ) ;
#7789 = ORIENTED_EDGE ( 'NONE', *, *, #12458, .F. ) ;
#7790 = DIRECTION ( 'NONE',  ( -0.0000000000000000000, 1.000000000000000000, -4.336808689942025600E-015 ) ) ;
#7791 = ORIENTED_EDGE ( 'NONE', *, *, #3369, .T. ) ;
#7792 =( NAMED_UNIT ( * ) PLANE_ANGLE_UNIT ( ) SI_UNIT ( $, .RADIAN. ) );
#7793 = PRESENTATION_STYLE_ASSIGNMENT (( #5270 ) ) ;
#7794 = ORIENTED_EDGE ( 'NONE', *, *, #5963, .F. ) ;
#7795 = LINE ( 'NONE', #6249, #5248 ) ;
#7796 = CARTESIAN_POINT ( 'NONE',  ( -1.090000000000000100, -0.8999999999999950300, 1.699999999999998400 ) ) ;
#7797 = SURFACE_SIDE_STYLE ('',( #11710 ) ) ;
#7798 = LINE ( 'NONE', #2675, #10029 ) ;
#7799 = DIRECTION ( 'NONE',  ( 1.000000000000000000, 0.0000000000000000000, 0.0000000000000000000 ) ) ;
#7800 = CARTESIAN_POINT ( 'NONE',  ( 4.500000000000002700, 1.099999999999999600, 2.199999999999997500 ) ) ;
#7801 = DIRECTION ( 'NONE',  ( 0.5773502691896239500, 0.5773502691896239500, -0.5773502691896292800 ) ) ;
#7802 = CARTESIAN_POINT ( 'NONE',  ( -2.449999999999999700, -1.400000000000000100, 1.524999999999998100 ) ) ;
#7803 = ORIENTED_EDGE ( 'NONE', *, *, #6885, .T. ) ;
#7804 = STYLED_ITEM ( 'NONE', ( #8097 ), #7715 ) ;
#7805 = VECTOR ( 'NONE', #6554, 1000.000000000000000 ) ;
#7806 = PLANE ( 'NONE',  #7712 ) ;
#7807 = VECTOR ( 'NONE', #7987, 1000.000000000000000 ) ;
#7808 = CYLINDRICAL_SURFACE ( 'NONE', #3509, 0.1500000000000001900 ) ;
#7809 = ORIENTED_EDGE ( 'NONE', *, *, #4039, .T. ) ;
#7810 = VERTEX_POINT ( 'NONE', #3859 ) ;
#7812 = ORIENTED_EDGE ( 'NONE', *, *, #4643, .F. ) ;
#7811 = SURFACE_SIDE_STYLE ('',( #11278 ) ) ;
#7813 = SURFACE_STYLE_FILL_AREA ( #4314 ) ;
#7814 = CARTESIAN_POINT ( 'NONE',  ( 6.002498439450081800, 2.000000000000000400, 2.499999999999999100 ) ) ;
#7815 = EDGE_CURVE ( 'NONE', #1354, #7649, #5691, .T. ) ;
#7816 = LINE ( 'NONE', #10703, #5271 ) ;
#7817 = DIRECTION ( 'NONE',  ( 0.0000000000000000000, 0.0000000000000000000, -1.000000000000000000 ) ) ;
#7818 = CARTESIAN_POINT ( 'NONE',  ( -1.090000000000000100, -1.400000000000000100, 1.524999999999998100 ) ) ;
#7819 = SURFACE_STYLE_FILL_AREA ( #7740 ) ;
#7820 = ORIENTED_EDGE ( 'NONE', *, *, #10400, .T. ) ;
#7821 = AXIS2_PLACEMENT_3D ( 'NONE', #9211, #4417, #11111 ) ;
#7822 = ORIENTED_EDGE ( 'NONE', *, *, #11361, .F. ) ;
#7823 = DIRECTION ( 'NONE',  ( 0.0000000000000000000, 0.0000000000000000000, 1.000000000000000000 ) ) ;
#7824 = SURFACE_SIDE_STYLE ('',( #6060 ) ) ;
#7825 = DIRECTION ( 'NONE',  ( 1.000000000000000000, 0.0000000000000000000, 0.0000000000000000000 ) ) ;
#7826 = CARTESIAN_POINT ( 'NONE',  ( 4.000000000000001800, 2.100000000000000100, 0.4999999999999987200 ) ) ;
#7827 = LINE ( 'NONE', #11256, #2661 ) ;
#7828 = DIRECTION ( 'NONE',  ( 0.2033118901005207000, -0.9241449550023807000, -0.3234507342508306000 ) ) ;
#7829 = SURFACE_STYLE_USAGE ( .BOTH. , #991 ) ;
#7830 = EDGE_LOOP ( 'NONE', ( #11391, #4200, #10137, #6449 ) ) ;
#7831 = EDGE_CURVE ( 'NONE', #3682, #1898, #3408, .T. ) ;
#7832 = DIRECTION ( 'NONE',  ( 1.000000000000000000, 0.0000000000000000000, 0.0000000000000000000 ) ) ;
#7833 = ORIENTED_EDGE ( 'NONE', *, *, #10677, .F. ) ;
#7834 = VECTOR ( 'NONE', #5594, 1000.000000000000000 ) ;
#7835 = VECTOR ( 'NONE', #11307, 1000.000000000000000 ) ;
#7836 = UNCERTAINTY_MEASURE_WITH_UNIT (LENGTH_MEASURE( 1.000000000000000100E-005 ), #9307, 'distance_accuracy_value', 'NONE');
#7837 = AXIS2_PLACEMENT_3D ( 'NONE', #6084, #5465, #5568 ) ;
#7838 = ADVANCED_FACE ( 'NONE', ( #7936 ), #896, .F. ) ;
#7840 = LINE ( 'NONE', #4730, #10074 ) ;
#7839 = CARTESIAN_POINT ( 'NONE',  ( 4.675000000000001600, -1.100000000000000500, 0.4499999999999999600 ) ) ;
#7841 = EDGE_CURVE ( 'NONE', #1354, #11334, #135, .T. ) ;
#7842 = CARTESIAN_POINT ( 'NONE',  ( -1.090000000000000100, 2.000000000000000000, 1.774999999999999700 ) ) ;
#7843 = CARTESIAN_POINT ( 'NONE',  ( 0.0000000000000000000, 0.0000000000000000000, 0.0000000000000000000 ) ) ;
#7844 = DIRECTION ( 'NONE',  ( 1.000000000000000000, 0.0000000000000000000, 0.0000000000000000000 ) ) ;
#7845 = CARTESIAN_POINT ( 'NONE',  ( 5.700000000000001100, -1.100000000000000500, 0.2500000000000001100 ) ) ;
#7846 = ORIENTED_EDGE ( 'NONE', *, *, #8430, .F. ) ;
#7847 = EDGE_CURVE ( 'NONE', #10427, #3447, #5402, .T. ) ;
#7848 = EDGE_CURVE ( 'NONE', #2013, #2723, #10177, .T. ) ;
#7849 = FILL_AREA_STYLE ('',( #7985 ) ) ;
#7850 = AXIS2_PLACEMENT_3D ( 'NONE', #2989, #3074, #2600 ) ;
#7851 = EDGE_LOOP ( 'NONE', ( #6452, #3405, #10161, #12110 ) ) ;
#7852 = CARTESIAN_POINT ( 'NONE',  ( 4.035000000000001000, 1.099999999999999600, 0.2999999999999976000 ) ) ;
#7853 = DIRECTION ( 'NONE',  ( 0.2033118901005200000, 0.9241449550023809200, 0.3234507342508306500 ) ) ;
#7854 = FACE_OUTER_BOUND ( 'NONE', #4606, .T. ) ;
#7855 = ORIENTED_EDGE ( 'NONE', *, *, #9830, .T. ) ;
#7856 = ADVANCED_FACE ( 'NONE', ( #2773 ), #2882, .F. ) ;
#7857 = CARTESIAN_POINT ( 'NONE',  ( -2.339999999999999900, 2.799999999999999400, 0.5000000000000017800 ) ) ;
#7858 = ORIENTED_EDGE ( 'NONE', *, *, #3055, .F. ) ;
#7859 = AXIS2_PLACEMENT_3D ( 'NONE', #12065, #11137, #11103 ) ;
#7860 = DIRECTION ( 'NONE',  ( 0.0000000000000000000, -0.0000000000000000000, 1.000000000000000000 ) ) ;
#7861 = ORIENTED_EDGE ( 'NONE', *, *, #8928, .F. ) ;
#7862 = EDGE_CURVE ( 'NONE', #5066, #10001, #5086, .T. ) ;
#7863 = PRESENTATION_LAYER_ASSIGNMENT (  '', '', ( #8510 ) ) ;
#7864 = CARTESIAN_POINT ( 'NONE',  ( -1.090000000000000100, 2.299999999999999400, 0.6750000000000020400 ) ) ;
#7865 = CARTESIAN_POINT ( 'NONE',  ( -0.1599999999999999800, 3.099999999999999600, 0.5000000000000017800 ) ) ;
#7866 = EDGE_CURVE ( 'NONE', #3913, #495, #12403, .T. ) ;
#7867 =( NAMED_UNIT ( * ) SI_UNIT ( $, .STERADIAN. ) SOLID_ANGLE_UNIT ( ) );
#7868 = PRESENTATION_LAYER_ASSIGNMENT (  '', '', ( #7215 ) ) ;
#7869 = VERTEX_POINT ( 'NONE', #4916 ) ;
#7870 = FACE_OUTER_BOUND ( 'NONE', #8786, .T. ) ;
#7871 = STYLED_ITEM ( 'NONE', ( #11236 ), #7200 ) ;
#7872 = LINE ( 'NONE', #1176, #6240 ) ;
#7873 = LINE ( 'NONE', #5440, #5329 ) ;
#7874 =( GEOMETRIC_REPRESENTATION_CONTEXT ( 3 ) GLOBAL_UNCERTAINTY_ASSIGNED_CONTEXT ( ( #2149 ) ) GLOBAL_UNIT_ASSIGNED_CONTEXT ( ( #12038, #6351, #451 ) ) REPRESENTATION_CONTEXT ( 'NONE', 'WORKASPACE' ) );
#7875 = CARTESIAN_POINT ( 'NONE',  ( -1.325000000000000200, 0.4999999999999995600, 0.5999999999999967600 ) ) ;
#7876 = ORIENTED_EDGE ( 'NONE', *, *, #3305, .F. ) ;
#7877 = CARTESIAN_POINT ( 'NONE',  ( -2.424999999999999800, 0.4999999999999996700, 0.5999999999999967600 ) ) ;
#7878 =( LENGTH_UNIT ( ) NAMED_UNIT ( * ) SI_UNIT ( .MILLI., .METRE. ) );
#7879 = PRESENTATION_STYLE_ASSIGNMENT (( #2895 ) ) ;
#7880 = CARTESIAN_POINT ( 'NONE',  ( -1.090000000000000100, 2.649999999999999500, 1.375000000000001800 ) ) ;
#7881 = LINE ( 'NONE', #9187, #10418 ) ;
#7882 = ORIENTED_EDGE ( 'NONE', *, *, #7626, .F. ) ;
#7883 = DIRECTION ( 'NONE',  ( -0.0000000000000000000, -0.0000000000000000000, 1.000000000000000000 ) ) ;
#7884 = FACE_OUTER_BOUND ( 'NONE', #2158, .T. ) ;
#7885 = EDGE_CURVE ( 'NONE', #9570, #8235, #7345, .T. ) ;
#7886 = VERTEX_POINT ( 'NONE', #1968 ) ;
#7887 = CIRCLE ( 'NONE', #8333, 0.1000000000000002600 ) ;
#7888 = FILL_AREA_STYLE_COLOUR ( '', #4707 ) ;
#7889 = ORIENTED_EDGE ( 'NONE', *, *, #8729, .T. ) ;
#7890 = DIRECTION ( 'NONE',  ( 0.0000000000000000000, -0.0000000000000000000, 1.000000000000000000 ) ) ;
#7891 = FACE_OUTER_BOUND ( 'NONE', #12150, .T. ) ;
#7892 = COLOUR_RGB ( '',0.8000000000000000400, 0.8078431372549019800, 0.8000000000000000400 ) ;
#7893 = SURFACE_STYLE_USAGE ( .BOTH. , #1065 ) ;
#7894 = LINE ( 'NONE', #2650, #5355 ) ;
#7895 = FILL_AREA_STYLE ('',( #1067 ) ) ;
#7896 = ORIENTED_EDGE ( 'NONE', *, *, #10509, .F. ) ;
#7897 = EDGE_LOOP ( 'NONE', ( #7591, #12306, #5632, #3364, #10296, #6113, #10910, #1848, #8115, #4630, #5806, #12223, #7247, #8898, #10272, #9402, #7541, #3554, #3125, #10690, #11293, #5178, #859, #11616, #882, #6751, #8440, #4211, #5193, #5719, #6438, #11970, #269, #1199, #11715, #10575 ) ) ;
#7898 = LINE ( 'NONE', #10795, #2735 ) ;
#7899 = ADVANCED_FACE ( 'NONE', ( #9595 ), #2974, .F. ) ;
#7900 = ORIENTED_EDGE ( 'NONE', *, *, #170, .F. ) ;
#7901 = CARTESIAN_POINT ( 'NONE',  ( -1.409999999999999900, 1.500000000000000000, 0.8750000000000017800 ) ) ;
#7902 = EDGE_CURVE ( 'NONE', #7001, #7154, #2163, .T. ) ;
#7903 = CARTESIAN_POINT ( 'NONE',  ( -3.400000000000002600, -1.800000000000000500, 2.299999999999996300 ) ) ;
#7904 = ORIENTED_EDGE ( 'NONE', *, *, #3317, .T. ) ;
#7905 = ORIENTED_EDGE ( 'NONE', *, *, #1927, .F. ) ;
#7906 = CARTESIAN_POINT ( 'NONE',  ( -2.339999999999999900, 2.000000000000000000, 1.375000000000001600 ) ) ;
#7907 = CARTESIAN_POINT ( 'NONE',  ( -2.445453070287812600, -1.379332137671877000, 1.532233751814841200 ) ) ;
#7908 = LINE ( 'NONE', #4226, #1339 ) ;
#7909 = FACE_OUTER_BOUND ( 'NONE', #11446, .T. ) ;
#7910 = CARTESIAN_POINT ( 'NONE',  ( -1.000000000000000700, 1.500000000000000400, 2.899999999999997700 ) ) ;
#7911 = EDGE_CURVE ( 'NONE', #4823, #6205, #12113, .T. ) ;
#7912 = CARTESIAN_POINT ( 'NONE',  ( 2.660000000000000100, -0.8999999999999958000, 0.9499999999999981800 ) ) ;
#7913 = MECHANICAL_DESIGN_GEOMETRIC_PRESENTATION_REPRESENTATION (  '', ( #6638 ), #8567 ) ;
#7914 = VECTOR ( 'NONE', #3019, 1000.000000000000000 ) ;
#7915 =( LENGTH_UNIT ( ) NAMED_UNIT ( * ) SI_UNIT ( .MILLI., .METRE. ) );
#7916 = ADVANCED_FACE ( 'NONE', ( #6737 ), #2019, .F. ) ;
#7917 = LINE ( 'NONE', #9135, #2755 ) ;
#7918 = VERTEX_POINT ( 'NONE', #6883 ) ;
#7919 = DIRECTION ( 'NONE',  ( 0.0000000000000000000, 0.0000000000000000000, -1.000000000000000000 ) ) ;
#7920 = EDGE_CURVE ( 'NONE', #1643, #12234, #8390, .T. ) ;
#7921 = ORIENTED_EDGE ( 'NONE', *, *, #10980, .T. ) ;
#7922 = CARTESIAN_POINT ( 'NONE',  ( -4.000000000000000000, 2.100000000000000100, 3.399999999999996800 ) ) ;
#7923 = ORIENTED_EDGE ( 'NONE', *, *, #4858, .F. ) ;
#7924 = CARTESIAN_POINT ( 'NONE',  ( 2.339999999999999900, 2.099999999999999600, 0.8750000000000017800 ) ) ;
#7925 = SURFACE_SIDE_STYLE ('',( #3400 ) ) ;
#7926 = EDGE_LOOP ( 'NONE', ( #12396, #8127, #5321, #6558 ) ) ;
#7927 = ORIENTED_EDGE ( 'NONE', *, *, #5189, .F. ) ;
#7928 = CARTESIAN_POINT ( 'NONE',  ( 1.409999999999999700, 1.500000000000000000, 0.8750000000000017800 ) ) ;
#7929 = AXIS2_PLACEMENT_3D ( 'NONE', #1714, #11352, #7526 ) ;
#7930 = CARTESIAN_POINT ( 'NONE',  ( -4.995000000000001900, -1.200000000000000400, 1.529999999999997600 ) ) ;
#7931 = EDGE_CURVE ( 'NONE', #11693, #3122, #10897, .T. ) ;
#7932 = SURFACE_STYLE_FILL_AREA ( #4540 ) ;
#7933 = VERTEX_POINT ( 'NONE', #11712 ) ;
#7934 = EDGE_LOOP ( 'NONE', ( #11007, #5785, #9976, #6120 ) ) ;
#7935 = LINE ( 'NONE', #5128, #5400 ) ;
#7936 = FACE_OUTER_BOUND ( 'NONE', #1050, .T. ) ;
#7937 = EDGE_CURVE ( 'NONE', #3538, #4382, #8082, .T. ) ;
#7938 = CARTESIAN_POINT ( 'NONE',  ( 0.1600000000000000300, 1.500000000000000000, 1.700000000000000000 ) ) ;
#7939 = CARTESIAN_POINT ( 'NONE',  ( -1.409999999999999900, 2.000000000000000000, 0.8749999999999998900 ) ) ;
#7940 = COLOUR_RGB ( '',0.8000000000000000400, 0.8078431372549019800, 0.8000000000000000400 ) ;
#7941 = ORIENTED_EDGE ( 'NONE', *, *, #4259, .F. ) ;
#7942 = VERTEX_POINT ( 'NONE', #6966 ) ;
#7943 = DIRECTION ( 'NONE',  ( 0.0000000000000000000, 0.0000000000000000000, -1.000000000000000000 ) ) ;
#7944 = COLOUR_RGB ( '',0.8000000000000000400, 0.8078431372549019800, 0.8000000000000000400 ) ;
#7945 = CARTESIAN_POINT ( 'NONE',  ( -0.1599999999999999800, 1.500000000000000000, 1.700000000000000000 ) ) ;
#7946 = PRESENTATION_LAYER_ASSIGNMENT (  '', '', ( #6667 ) ) ;
#7947 = DIRECTION ( 'NONE',  ( 0.0000000000000000000, 0.0000000000000000000, 1.000000000000000000 ) ) ;
#7948 = DIRECTION ( 'NONE',  ( -1.000000000000000000, -0.0000000000000000000, -0.0000000000000000000 ) ) ;
#7949 = VECTOR ( 'NONE', #3402, 1000.000000000000000 ) ;
#7950 =( NAMED_UNIT ( * ) PLANE_ANGLE_UNIT ( ) SI_UNIT ( $, .RADIAN. ) );
#7951 = VECTOR ( 'NONE', #7269, 1000.000000000000000 ) ;
#7952 = CARTESIAN_POINT ( 'NONE',  ( -1.090000000000000100, -1.400000000000000100, 0.9499999999999981800 ) ) ;
#7953 = STYLED_ITEM ( 'NONE', ( #12559 ), #9967 ) ;
#7954 = ORIENTED_EDGE ( 'NONE', *, *, #5021, .F. ) ;
#7955 = ORIENTED_EDGE ( 'NONE', *, *, #10552, .F. ) ;
#7956 = SURFACE_STYLE_USAGE ( .BOTH. , #7994 ) ;
#7957 = COLOUR_RGB ( '',0.8000000000000000400, 0.8078431372549019800, 0.8000000000000000400 ) ;
#7958 = CARTESIAN_POINT ( 'NONE',  ( 1.409999999999999700, 3.099999999999999600, 0.2000000000000018700 ) ) ;
#7959 = DIRECTION ( 'NONE',  ( 0.0000000000000000000, 1.000000000000000000, 0.0000000000000000000 ) ) ;
#7960 = ORIENTED_EDGE ( 'NONE', *, *, #6960, .T. ) ;
#7961 = DIRECTION ( 'NONE',  ( 0.0000000000000000000, -1.000000000000000000, 0.0000000000000000000 ) ) ;
#7962 = ORIENTED_EDGE ( 'NONE', *, *, #8663, .F. ) ;
#7963 = ORIENTED_EDGE ( 'NONE', *, *, #11442, .T. ) ;
#7964 = CARTESIAN_POINT ( 'NONE',  ( -3.300000000000002500, 2.100000000000000100, -2.168404344971008900E-016 ) ) ;
#7965 = CARTESIAN_POINT ( 'NONE',  ( 4.500000000000002700, -1.700000000000000400, 2.199999999999997500 ) ) ;
#7966 = VECTOR ( 'NONE', #141, 999.9999999999998900 ) ;
#7967 = CARTESIAN_POINT ( 'NONE',  ( 2.339999999999999900, 2.900000000000000400, 1.788933584601082300E-015 ) ) ;
#7968 = LINE ( 'NONE', #9379, #10211 ) ;
#7969 = CARTESIAN_POINT ( 'NONE',  ( 2.249999999999999100, 1.500000000000000400, 2.899999999999997700 ) ) ;
#7970 = DIRECTION ( 'NONE',  ( -0.0000000000000000000, -0.0000000000000000000, 1.000000000000000000 ) ) ;
#7971 = VERTEX_POINT ( 'NONE', #2107 ) ;
#7972 = VERTEX_POINT ( 'NONE', #8895 ) ;
#7973 = VERTEX_POINT ( 'NONE', #3105 ) ;
#7974 =( NAMED_UNIT ( * ) PLANE_ANGLE_UNIT ( ) SI_UNIT ( $, .RADIAN. ) );
#7975 = EDGE_CURVE ( 'NONE', #4506, #2058, #10318, .T. ) ;
#7976 = ADVANCED_FACE ( 'NONE', ( #5831 ), #2064, .T. ) ;
#7977 = DIRECTION ( 'NONE',  ( 0.0000000000000000000, 0.0000000000000000000, -1.000000000000000000 ) ) ;
#7978 = FILL_AREA_STYLE ('',( #7016 ) ) ;
#7979 = FACE_OUTER_BOUND ( 'NONE', #841, .T. ) ;
#7980 = CARTESIAN_POINT ( 'NONE',  ( 4.235000000000002100, 1.099999999999999600, 0.4899999999999984900 ) ) ;
#7981 = LINE ( 'NONE', #4252, #10222 ) ;
#7982 = STYLED_ITEM ( 'NONE', ( #5946 ), #12033 ) ;
#7983 = DIRECTION ( 'NONE',  ( -2.891205793294679400E-015, 0.0000000000000000000, 1.000000000000000000 ) ) ;
#7984 = VERTEX_POINT ( 'NONE', #5083 ) ;
#7985 = FILL_AREA_STYLE_COLOUR ( '', #8620 ) ;
#7986 = CARTESIAN_POINT ( 'NONE',  ( -2.660000000000000100, 0.8500000000000000900, 0.9499999999999998400 ) ) ;
#7987 = DIRECTION ( 'NONE',  ( 0.0000000000000000000, -1.000000000000000000, 0.0000000000000000000 ) ) ;
#7988 = CARTESIAN_POINT ( 'NONE',  ( 2.660000000000000100, 2.900000000000000400, 1.788933584601082300E-015 ) ) ;
#7990 = DIRECTION ( 'NONE',  ( 0.0000000000000000000, 0.0000000000000000000, 1.000000000000000000 ) ) ;
#7989 = UNCERTAINTY_MEASURE_WITH_UNIT (LENGTH_MEASURE( 1.000000000000000100E-005 ), #3044, 'distance_accuracy_value', 'NONE');
#7991 = PRESENTATION_STYLE_ASSIGNMENT (( #6809 ) ) ;
#7992 = CARTESIAN_POINT ( 'NONE',  ( -4.000000000000001800, -1.100000000000000500, 2.999999999999997300 ) ) ;
#7993 = EDGE_CURVE ( 'NONE', #1638, #312, #4291, .T. ) ;
#7994 = SURFACE_SIDE_STYLE ('',( #10626 ) ) ;
#7995 = ORIENTED_EDGE ( 'NONE', *, *, #3181, .T. ) ;
#7996 = ORIENTED_EDGE ( 'NONE', *, *, #16, .T. ) ;
#7997 =( LENGTH_UNIT ( ) NAMED_UNIT ( * ) SI_UNIT ( .MILLI., .METRE. ) );
#7998 = AXIS2_PLACEMENT_3D ( 'NONE', #816, #6648, #9405 ) ;
#7999 = VECTOR ( 'NONE', #5414, 1000.000000000000000 ) ;
#8000 = CARTESIAN_POINT ( 'NONE',  ( 0.1599999999999999800, 3.099999999999999600, 0.2000000000000018700 ) ) ;
#8001 = EDGE_CURVE ( 'NONE', #6943, #9568, #1651, .T. ) ;
#8002 = UNCERTAINTY_MEASURE_WITH_UNIT (LENGTH_MEASURE( 1.000000000000000100E-005 ), #5959, 'distance_accuracy_value', 'NONE');
#8003 = CARTESIAN_POINT ( 'NONE',  ( 0.1599999999999999800, 2.000000000000000000, 1.375000000000001600 ) ) ;
#8004 = CARTESIAN_POINT ( 'NONE',  ( -1.090000000000000100, 2.000000000000000000, 1.774999999999999700 ) ) ;
#8005 = EDGE_CURVE ( 'NONE', #10801, #4880, #9112, .T. ) ;
#8006 = EDGE_CURVE ( 'NONE', #6649, #8820, #4000, .T. ) ;
#8007 = VERTEX_POINT ( 'NONE', #10993 ) ;
#8008 = PRESENTATION_LAYER_ASSIGNMENT (  '', '', ( #6731 ) ) ;
#8009 = DIRECTION ( 'NONE',  ( 0.0000000000000000000, 0.0000000000000000000, -1.000000000000000000 ) ) ;
#8010 = ORIENTED_EDGE ( 'NONE', *, *, #11995, .F. ) ;
#8011 = DIRECTION ( 'NONE',  ( -0.0000000000000000000, -0.0000000000000000000, -1.000000000000000000 ) ) ;
#8012 = LINE ( 'NONE', #8131, #7716 ) ;
#8013 = PRESENTATION_STYLE_ASSIGNMENT (( #9579 ) ) ;
#8014 = DIRECTION ( 'NONE',  ( 0.0000000000000000000, 0.7071067811865460200, 0.7071067811865490200 ) ) ;
#8015 = AXIS2_PLACEMENT_3D ( 'NONE', #4267, #4030, #3816 ) ;
#8016 = CARTESIAN_POINT ( 'NONE',  ( -2.339999999999999900, 2.649999999999999500, 1.375000000000002000 ) ) ;
#8017 = DIRECTION ( 'NONE',  ( 0.0000000000000000000, 1.000000000000000000, 0.0000000000000000000 ) ) ;
#8018 = EDGE_LOOP ( 'NONE', ( #12478, #11594, #5920, #6181 ) ) ;
#8019 = DIRECTION ( 'NONE',  ( -1.000000000000000000, -0.0000000000000000000, -0.0000000000000000000 ) ) ;
#8020 = DIRECTION ( 'NONE',  ( -1.000000000000000000, 0.0000000000000000000, -0.0000000000000000000 ) ) ;
#8021 = PLANE ( 'NONE',  #4970 ) ;
#8022 = LINE ( 'NONE', #3651, #2857 ) ;
#8023 = DIRECTION ( 'NONE',  ( 0.0000000000000000000, 0.7071067811865462400, -0.7071067811865489100 ) ) ;
#8024 = CARTESIAN_POINT ( 'NONE',  ( 1.409999999999999700, 2.000000000000000000, 1.775000000000001500 ) ) ;
#8025 = LINE ( 'NONE', #6333, #2858 ) ;
#8026 = EDGE_CURVE ( 'NONE', #5975, #12266, #11623, .T. ) ;
#8027 =( LENGTH_UNIT ( ) NAMED_UNIT ( * ) SI_UNIT ( .MILLI., .METRE. ) );
#8028 = ORIENTED_EDGE ( 'NONE', *, *, #12171, .T. ) ;
#8029 = ORIENTED_EDGE ( 'NONE', *, *, #3053, .F. ) ;
#8030 = EDGE_LOOP ( 'NONE', ( #466, #1319, #1358, #8084 ) ) ;
#8031 = ADVANCED_FACE ( 'NONE', ( #11328 ), #11777, .F. ) ;
#8032 = LINE ( 'NONE', #2367, #4260 ) ;
#8033 = LINE ( 'NONE', #4877, #7436 ) ;
#8034 = VERTEX_POINT ( 'NONE', #10825 ) ;
#8035 = MECHANICAL_DESIGN_GEOMETRIC_PRESENTATION_REPRESENTATION (  '', ( #6115 ), #8693 ) ;
#8036 = PLANE ( 'NONE',  #12253 ) ;
#8037 = ORIENTED_EDGE ( 'NONE', *, *, #4149, .T. ) ;
#8038 = CARTESIAN_POINT ( 'NONE',  ( 3.400000000000002600, -1.800000000000000500, 2.299999999999996300 ) ) ;
#8039 = CARTESIAN_POINT ( 'NONE',  ( 1.499999999999999100, 1.500000000000000400, 2.899999999999997700 ) ) ;
#8040 = CIRCLE ( 'NONE', #10493, 0.1500000000000001900 ) ;
#8041 = ORIENTED_EDGE ( 'NONE', *, *, #11298, .F. ) ;
#8042 = PLANE ( 'NONE',  #1575 ) ;
#8043 = CARTESIAN_POINT ( 'NONE',  ( -4.475000000000001400, 1.099999999999999600, 1.155000000000000000 ) ) ;
#8044 = VERTEX_POINT ( 'NONE', #213 ) ;
#8045 = ORIENTED_EDGE ( 'NONE', *, *, #1550, .T. ) ;
#8046 = CARTESIAN_POINT ( 'NONE',  ( 0.2499999999999993600, 2.100000000000000100, 2.899999999999997700 ) ) ;
#8047 = EDGE_CURVE ( 'NONE', #4005, #8868, #2746, .T. ) ;
#8048 = LINE ( 'NONE', #10567, #2581 ) ;
#8049 = LINE ( 'NONE', #12124, #5503 ) ;
#8050 = DIRECTION ( 'NONE',  ( 0.0000000000000000000, 5.981805089575195200E-016, 1.000000000000000000 ) ) ;
#8051 = LINE ( 'NONE', #5589, #2890 ) ;
#8052 = STYLED_ITEM ( 'NONE', ( #10616 ), #11435 ) ;
#8053 = FILL_AREA_STYLE ('',( #8214 ) ) ;
#8054 = ORIENTED_EDGE ( 'NONE', *, *, #7367, .T. ) ;
#8055 = VERTEX_POINT ( 'NONE', #4119 ) ;
#8056 = VECTOR ( 'NONE', #10247, 1000.000000000000000 ) ;
#8057 = VERTEX_POINT ( 'NONE', #2221 ) ;
#8058 = CARTESIAN_POINT ( 'NONE',  ( -1.409999999999999900, 2.900000000000000400, 1.788933584601082300E-015 ) ) ;
#8059 = DIRECTION ( 'NONE',  ( 0.0000000000000000000, 0.3303504247281037800, -0.9438583563660183400 ) ) ;
#8060 = CARTESIAN_POINT ( 'NONE',  ( -4.475000000000001400, 1.099999999999999600, 0.4899999999999984900 ) ) ;
#8061 = UNCERTAINTY_MEASURE_WITH_UNIT (LENGTH_MEASURE( 1.000000000000000100E-005 ), #3360, 'distance_accuracy_value', 'NONE');
#8062 = EDGE_LOOP ( 'NONE', ( #10346, #7248, #2875, #11544, #8776, #7703, #5114, #2588, #8376, #11523, #3258, #9563 ) ) ;
#8063 = ORIENTED_EDGE ( 'NONE', *, *, #12308, .F. ) ;
#8064 = VERTEX_POINT ( 'NONE', #8038 ) ;
#8065 = ORIENTED_EDGE ( 'NONE', *, *, #3776, .F. ) ;
#8066 = CIRCLE ( 'NONE', #10805, 0.1000000000000002600 ) ;
#8067 = CARTESIAN_POINT ( 'NONE',  ( -4.000000000000001800, 1.099999999999999600, 2.699999999999999700 ) ) ;
#8068 = CARTESIAN_POINT ( 'NONE',  ( 4.000000000000001800, 1.099999999999999600, 2.699999999999999700 ) ) ;
#8069 = ORIENTED_EDGE ( 'NONE', *, *, #2500, .T. ) ;
#8070 = DIRECTION ( 'NONE',  ( 0.0000000000000000000, -0.7071067811865491300, 0.7071067811865459100 ) ) ;
#8071 = ORIENTED_EDGE ( 'NONE', *, *, #8331, .T. ) ;
#8072 = DIRECTION ( 'NONE',  ( 0.0000000000000000000, -1.000000000000000000, 0.0000000000000000000 ) ) ;
#8073 = EDGE_LOOP ( 'NONE', ( #1441, #515, #4543, #3303 ) ) ;
#8074 = LINE ( 'NONE', #10943, #282 ) ;
#8075 = CARTESIAN_POINT ( 'NONE',  ( -1.090000000000000100, -1.400000000000000100, 1.124999999999998900 ) ) ;
#8076 = MECHANICAL_DESIGN_GEOMETRIC_PRESENTATION_REPRESENTATION (  '', ( #6155 ), #8721 ) ;
#8077 = CYLINDRICAL_SURFACE ( 'NONE', #2899, 0.1999999999999998700 ) ;
#8078 = UNCERTAINTY_MEASURE_WITH_UNIT (LENGTH_MEASURE( 1.000000000000000100E-005 ), #2348, 'distance_accuracy_value', 'NONE');
#8079 = EDGE_LOOP ( 'NONE', ( #5286, #9266, #2803, #1428 ) ) ;
#8080 = COLOUR_RGB ( '',0.8000000000000000400, 0.8078431372549019800, 0.8000000000000000400 ) ;
#8081 =( NAMED_UNIT ( * ) SI_UNIT ( $, .STERADIAN. ) SOLID_ANGLE_UNIT ( ) );
#8082 = LINE ( 'NONE', #5038, #5537 ) ;
#8083 = CARTESIAN_POINT ( 'NONE',  ( -1.090000000000000100, 2.900000000000000400, 1.788933584601082300E-015 ) ) ;
#8084 = ORIENTED_EDGE ( 'NONE', *, *, #5421, .T. ) ;
#8085 = CARTESIAN_POINT ( 'NONE',  ( 0.1599999999999999800, 2.799999999999999400, 0.5000000000000017800 ) ) ;
#8086 = ORIENTED_EDGE ( 'NONE', *, *, #12202, .T. ) ;
#8087 = DIRECTION ( 'NONE',  ( -0.0000000000000000000, 0.0000000000000000000, 1.000000000000000000 ) ) ;
#8088 = EDGE_CURVE ( 'NONE', #1018, #10964, #5368, .T. ) ;
#8089 = FILL_AREA_STYLE_COLOUR ( '', #1353 ) ;
#8090 =( GEOMETRIC_REPRESENTATION_CONTEXT ( 3 ) GLOBAL_UNCERTAINTY_ASSIGNED_CONTEXT ( ( #2940 ) ) GLOBAL_UNIT_ASSIGNED_CONTEXT ( ( #2261, #1555, #1516 ) ) REPRESENTATION_CONTEXT ( 'NONE', 'WORKASPACE' ) );
#8091 = SURFACE_STYLE_FILL_AREA ( #964 ) ;
#8092 = CARTESIAN_POINT ( 'NONE',  ( -1.396772568110000700, -0.9601246904090819900, 0.9710436416431782500 ) ) ;
#8093 = LINE ( 'NONE', #5398, #2932 ) ;
#8094 = DIRECTION ( 'NONE',  ( 0.0000000000000000000, 0.0000000000000000000, -1.000000000000000000 ) ) ;
#8095 = CARTESIAN_POINT ( 'NONE',  ( -2.339999999999999900, 2.799999999999999800, 1.225000000000001900 ) ) ;
#8096 = VECTOR ( 'NONE', #1405, 1000.000000000000100 ) ;
#8097 = PRESENTATION_STYLE_ASSIGNMENT (( #5680 ) ) ;
#8098 = AXIS2_PLACEMENT_3D ( 'NONE', #7153, #318, #6201 ) ;
#8099 = DIRECTION ( 'NONE',  ( 0.0000000000000000000, -1.000000000000000000, 0.0000000000000000000 ) ) ;
#8100 = VERTEX_POINT ( 'NONE', #5150 ) ;
#8101 = EDGE_CURVE ( 'NONE', #10964, #6098, #2447, .T. ) ;
#8102 = VERTEX_POINT ( 'NONE', #4207 ) ;
#8103 = DIRECTION ( 'NONE',  ( -1.000000000000000000, 0.0000000000000000000, -0.0000000000000000000 ) ) ;
#8104 = PRESENTATION_LAYER_ASSIGNMENT (  '', '', ( #6805 ) ) ;
#8105 = DIRECTION ( 'NONE',  ( 0.0000000000000000000, -1.000000000000000000, 0.0000000000000000000 ) ) ;
#8106 = VECTOR ( 'NONE', #4614, 1000.000000000000000 ) ;
#8107 = DIRECTION ( 'NONE',  ( -0.7071067811865463500, 0.0000000000000000000, -0.7071067811865487900 ) ) ;
#8108 = ADVANCED_FACE ( 'NONE', ( #107 ), #268, .F. ) ;
#8109 = LINE ( 'NONE', #8039, #2946 ) ;
#8110 = DIRECTION ( 'NONE',  ( 6.195440985631453300E-016, 0.0000000000000000000, 1.000000000000000000 ) ) ;
#8111 = EDGE_CURVE ( 'NONE', #1244, #7180, #7307, .T. ) ;
#8112 = CARTESIAN_POINT ( 'NONE',  ( 1.409999999999999700, 2.099999999999999600, 0.6750000000000020400 ) ) ;
#8113 = CARTESIAN_POINT ( 'NONE',  ( 1.089999999999999900, 2.000000000000000000, 0.8749999999999996700 ) ) ;
#8114 = STYLED_ITEM ( 'NONE', ( #3386 ), #5710 ) ;
#8115 = ORIENTED_EDGE ( 'NONE', *, *, #5929, .F. ) ;
#8116 = VERTEX_POINT ( 'NONE', #10935 ) ;
#8117 = DIRECTION ( 'NONE',  ( -1.000000000000000000, 0.0000000000000000000, 0.0000000000000000000 ) ) ;
#8118 = FILL_AREA_STYLE_COLOUR ( '', #5617 ) ;
#8119 = AXIS2_PLACEMENT_3D ( 'NONE', #11991, #2359, #3401 ) ;
#8120 = DIRECTION ( 'NONE',  ( -1.000000000000000000, -0.0000000000000000000, -0.0000000000000000000 ) ) ;
#8121 = PRESENTATION_STYLE_ASSIGNMENT (( #5303 ) ) ;
#8122 = PLANE ( 'NONE',  #7536 ) ;
#8123 = LINE ( 'NONE', #10826, #5569 ) ;
#8124 = DIRECTION ( 'NONE',  ( 1.000000000000000000, 0.0000000000000000000, 0.0000000000000000000 ) ) ;
#8125 = MECHANICAL_DESIGN_GEOMETRIC_PRESENTATION_REPRESENTATION (  '', ( #6199 ), #8755 ) ;
#8126 = DIRECTION ( 'NONE',  ( -0.7071067811865468000, 0.7071067811865483500, -0.0000000000000000000 ) ) ;
#8127 = ORIENTED_EDGE ( 'NONE', *, *, #5421, .F. ) ;
#8128 = VERTEX_POINT ( 'NONE', #2266 ) ;
#8129 =( NAMED_UNIT ( * ) PLANE_ANGLE_UNIT ( ) SI_UNIT ( $, .RADIAN. ) );
#8130 = VECTOR ( 'NONE', #38, 1000.000000000000000 ) ;
#8131 = CARTESIAN_POINT ( 'NONE',  ( -2.339999999999999900, 2.000000000000000000, 0.8749999999999998900 ) ) ;
#8132 = DIRECTION ( 'NONE',  ( 4.380838333381068400E-016, -0.7071067811865474600, 0.7071067811865474600 ) ) ;
#8133 = CARTESIAN_POINT ( 'NONE',  ( -2.339999999999999900, 1.500000000000000000, 0.9499999999999998400 ) ) ;
#8135 = PRESENTATION_STYLE_ASSIGNMENT (( #10172 ) ) ;
#8134 = DIRECTION ( 'NONE',  ( -1.000000000000000000, 0.0000000000000000000, 0.0000000000000000000 ) ) ;
#8136 = AXIS2_PLACEMENT_3D ( 'NONE', #5855, #12518, #6807 ) ;
#8137 = ORIENTED_EDGE ( 'NONE', *, *, #6014, .F. ) ;
#8138 = CARTESIAN_POINT ( 'NONE',  ( 2.554546929712187400, -1.379332137671877000, 1.532233751814841200 ) ) ;
#8139 = ORIENTED_EDGE ( 'NONE', *, *, #10324, .F. ) ;
#8140 = PLANE ( 'NONE',  #5952 ) ;
#8141 = VERTEX_POINT ( 'NONE', #4247 ) ;
#8142 = UNCERTAINTY_MEASURE_WITH_UNIT (LENGTH_MEASURE( 1.000000000000000100E-005 ), #2938, 'distance_accuracy_value', 'NONE');
#8143 = AXIS2_PLACEMENT_3D ( 'NONE', #293, #1266, #8110 ) ;
#8144 = VECTOR ( 'NONE', #4798, 1000.000000000000000 ) ;
#8145 = EDGE_LOOP ( 'NONE', ( #4339, #9959, #9813, #8200 ) ) ;
#8146 = ORIENTED_EDGE ( 'NONE', *, *, #2969, .F. ) ;
#8147 = LINE ( 'NONE', #5606, #7835 ) ;
#8148 = COLOUR_RGB ( '',0.8000000000000000400, 0.8078431372549019800, 0.8000000000000000400 ) ;
#8149 = EDGE_CURVE ( 'NONE', #11524, #2769, #2128, .T. ) ;
#8150 =( LENGTH_UNIT ( ) NAMED_UNIT ( * ) SI_UNIT ( .MILLI., .METRE. ) );
#8151 = CARTESIAN_POINT ( 'NONE',  ( -2.250000000000000900, 2.100000000000000100, 3.399999999999997700 ) ) ;
#8152 = VERTEX_POINT ( 'NONE', #6207 ) ;
#8153 = EDGE_CURVE ( 'NONE', #550, #7540, #9855, .T. ) ;
#8154 = FACE_OUTER_BOUND ( 'NONE', #7934, .T. ) ;
#8155 = ADVANCED_FACE ( 'NONE', ( #10142 ), #3304, .F. ) ;
#8156 = CARTESIAN_POINT ( 'NONE',  ( -4.235000000000002100, -1.200000000000000400, 1.529999999999997600 ) ) ;
#8157 = VERTEX_POINT ( 'NONE', #4289 ) ;
#8158 = EDGE_LOOP ( 'NONE', ( #2954, #3460, #6733, #4048, #3794, #5345, #10436, #5036, #6291 ) ) ;
#8159 = DIRECTION ( 'NONE',  ( -1.000000000000000000, -0.0000000000000000000, -0.0000000000000000000 ) ) ;
#8160 = VECTOR ( 'NONE', #4102, 1000.000000000000000 ) ;
#8161 = PRESENTATION_STYLE_ASSIGNMENT (( #3809 ) ) ;
#8162 = DIRECTION ( 'NONE',  ( -1.000000000000000000, 0.0000000000000000000, 3.252606517456521700E-016 ) ) ;
#8163 = CARTESIAN_POINT ( 'NONE',  ( -2.339999999999999900, 2.000000000000000000, 1.775000000000001500 ) ) ;
#8164 = CARTESIAN_POINT ( 'NONE',  ( 0.9999999999999986700, 2.100000000000000100, 3.399999999999997700 ) ) ;
#8165 = EDGE_LOOP ( 'NONE', ( #1083, #4886, #2297, #8706 ) ) ;
#8166 = DIRECTION ( 'NONE',  ( -1.000000000000000000, 0.0000000000000000000, 0.0000000000000000000 ) ) ;
#8167 = ORIENTED_EDGE ( 'NONE', *, *, #334, .T. ) ;
#8168 = ORIENTED_EDGE ( 'NONE', *, *, #10917, .T. ) ;
#8169 = VERTEX_POINT ( 'NONE', #1342 ) ;
#8170 = EDGE_CURVE ( 'NONE', #3458, #5883, #9560, .T. ) ;
#8171 = VECTOR ( 'NONE', #8696, 1000.000000000000000 ) ;
#8172 = AXIS2_PLACEMENT_3D ( 'NONE', #4905, #2230, #1917 ) ;
#8173 = ADVANCED_FACE ( 'NONE', ( #4762 ), #10973, .F. ) ;
#8174 = ORIENTED_EDGE ( 'NONE', *, *, #8572, .F. ) ;
#8175 = CARTESIAN_POINT ( 'NONE',  ( 3.300000000000001600, 1.099999999999999900, -2.222614453595284100E-015 ) ) ;
#8176 = DIRECTION ( 'NONE',  ( 0.0000000000000000000, 1.000000000000000000, 0.0000000000000000000 ) ) ;
#8177 = ORIENTED_EDGE ( 'NONE', *, *, #9437, .F. ) ;
#8178 = CARTESIAN_POINT ( 'NONE',  ( 3.500000000000000400, 2.100000000000000100, 2.899999999999997700 ) ) ;
#8179 = EDGE_CURVE ( 'NONE', #153, #4370, #4442, .T. ) ;
#8180 = CARTESIAN_POINT ( 'NONE',  ( -5.000000000000000900, 1.099999999999999600, 0.2999999999999975500 ) ) ;
#8181 = LINE ( 'NONE', #5986, #5623 ) ;
#8182 = CARTESIAN_POINT ( 'NONE',  ( -3.300000000000002500, -1.099999999999999900, -2.168404344971008900E-016 ) ) ;
#8183 = DIRECTION ( 'NONE',  ( 1.000000000000000000, 0.0000000000000000000, -3.252606517456518700E-016 ) ) ;
#8184 = PRESENTATION_STYLE_ASSIGNMENT (( #4623 ) ) ;
#8185 = EDGE_CURVE ( 'NONE', #374, #4011, #1796, .T. ) ;
#8186 = VECTOR ( 'NONE', #5009, 1000.000000000000000 ) ;
#8187 = EDGE_CURVE ( 'NONE', #8055, #10174, #6706, .T. ) ;
#8188 = PRESENTATION_LAYER_ASSIGNMENT (  '', '', ( #6888 ) ) ;
#8189 = CARTESIAN_POINT ( 'NONE',  ( 4.225000000000001400, 1.099999999999999600, 0.4499999999999999600 ) ) ;
#8190 = CARTESIAN_POINT ( 'NONE',  ( 4.015563601797748700E-018, 0.0000000000000000000, -1.138412281109779700E-015 ) ) ;
#8191 = ORIENTED_EDGE ( 'NONE', *, *, #5277, .F. ) ;
#8192 = ORIENTED_EDGE ( 'NONE', *, *, #11746, .F. ) ;
#8193 = CARTESIAN_POINT ( 'NONE',  ( -3.400000000000002100, -0.2000000000000005100, 2.999999999999996400 ) ) ;
#8194 = LINE ( 'NONE', #3959, #3021 ) ;
#8195 = FACE_OUTER_BOUND ( 'NONE', #11049, .T. ) ;
#8196 = DIRECTION ( 'NONE',  ( -1.000000000000000000, -0.0000000000000000000, -0.0000000000000000000 ) ) ;
#8197 = ORIENTED_EDGE ( 'NONE', *, *, #11029, .T. ) ;
#8198 = LINE ( 'NONE', #10774, #5337 ) ;
#8199 = CARTESIAN_POINT ( 'NONE',  ( -1.090000000000000100, 2.299999999999999400, 0.6750000000000020400 ) ) ;
#8200 = ORIENTED_EDGE ( 'NONE', *, *, #4225, .T. ) ;
#8201 = DIRECTION ( 'NONE',  ( 0.0000000000000000000, 0.0000000000000000000, 1.000000000000000000 ) ) ;
#8202 = DIRECTION ( 'NONE',  ( 0.0000000000000000000, 1.000000000000000000, 0.0000000000000000000 ) ) ;
#8203 = EDGE_LOOP ( 'NONE', ( #493, #11476, #6634, #7846, #9886, #9913, #11875, #10581, #1540, #247, #2905, #8984 ) ) ;
#8204 = DIRECTION ( 'NONE',  ( -3.051828337366604500E-016, -0.0000000000000000000, -1.000000000000000000 ) ) ;
#8205 = VERTEX_POINT ( 'NONE', #7240 ) ;
#8206 = ORIENTED_EDGE ( 'NONE', *, *, #334, .F. ) ;
#8207 = VECTOR ( 'NONE', #9356, 1000.000000000000000 ) ;
#8208 = DIRECTION ( 'NONE',  ( -1.000000000000000000, 0.0000000000000000000, -4.170008355713467800E-016 ) ) ;
#8209 = CARTESIAN_POINT ( 'NONE',  ( -2.339999999999999900, 1.500000000000000000, 1.774999999999999700 ) ) ;
#8210 = VECTOR ( 'NONE', #26, 1000.000000000000000 ) ;
#8211 = DIRECTION ( 'NONE',  ( 0.0000000000000000000, -1.000000000000000000, -3.336006684570785100E-016 ) ) ;
#8212 = ORIENTED_EDGE ( 'NONE', *, *, #6768, .T. ) ;
#8213 = FACE_OUTER_BOUND ( 'NONE', #9098, .T. ) ;
#8214 = FILL_AREA_STYLE_COLOUR ( '', #8080 ) ;
#8215 = VERTEX_POINT ( 'NONE', #11069 ) ;
#8216 = ORIENTED_EDGE ( 'NONE', *, *, #6229, .F. ) ;
#8217 = VECTOR ( 'NONE', #7959, 1000.000000000000000 ) ;
#8218 = PRESENTATION_STYLE_ASSIGNMENT (( #6523 ) ) ;
#8219 = CARTESIAN_POINT ( 'NONE',  ( 3.100000000000001000, -1.100000000000000500, 3.299999999999996700 ) ) ;
#8220 = CARTESIAN_POINT ( 'NONE',  ( 3.100000000000001000, -0.2000000000000005100, 2.999999999999997300 ) ) ;
#8221 = EDGE_LOOP ( 'NONE', ( #6054, #11894, #7833, #2410, #5811, #4129, #8513 ) ) ;
#8222 = CARTESIAN_POINT ( 'NONE',  ( 1.089999999999999900, 1.500000000000000000, 0.8750000000000017800 ) ) ;
#8223 = ADVANCED_FACE ( 'NONE', ( #4133 ), #12029, .F. ) ;
#8224 = LINE ( 'NONE', #5219, #3058 ) ;
#8225 = CARTESIAN_POINT ( 'NONE',  ( -5.000000000000000900, -1.700000000000000400, 0.2999999999999975500 ) ) ;
#8226 = DIRECTION ( 'NONE',  ( -1.000000000000000000, -2.409338161078900700E-016, 0.0000000000000000000 ) ) ;
#8227 = CARTESIAN_POINT ( 'NONE',  ( 2.339999999999999900, 2.000000000000000000, 0.8749999999999998900 ) ) ;
#8228 = DIRECTION ( 'NONE',  ( 3.252606517456518700E-016, -0.0000000000000000000, 1.000000000000000000 ) ) ;
#8229 = EDGE_CURVE ( 'NONE', #10716, #8279, #3840, .T. ) ;
#8230 = VECTOR ( 'NONE', #3271, 1000.000000000000100 ) ;
#8231 = COLOUR_RGB ( '',0.8000000000000000400, 0.8078431372549019800, 0.8000000000000000400 ) ;
#8232 = CARTESIAN_POINT ( 'NONE',  ( -2.660000000000000100, 1.500000000000000000, 1.700000000000000000 ) ) ;
#8233 = ORIENTED_EDGE ( 'NONE', *, *, #1854, .F. ) ;
#8234 = AXIS2_PLACEMENT_3D ( 'NONE', #9537, #3780, #10501 ) ;
#8235 = VERTEX_POINT ( 'NONE', #8262 ) ;
#8236 = VECTOR ( 'NONE', #1869, 1000.000000000000100 ) ;
#8237 = ADVANCED_FACE ( 'NONE', ( #11170 ), #10166, .F. ) ;
#8238 = DIRECTION ( 'NONE',  ( 0.0000000000000000000, 1.000000000000000000, 1.495451272393799300E-016 ) ) ;
#8239 = CARTESIAN_POINT ( 'NONE',  ( 1.089999999999999900, 2.649999999999999500, 1.225000000000001900 ) ) ;
#8240 = DIRECTION ( 'NONE',  ( 1.000000000000000000, 0.0000000000000000000, 1.626303258728256700E-016 ) ) ;
#8241 = VECTOR ( 'NONE', #6865, 1000.000000000000000 ) ;
#8242 = ORIENTED_EDGE ( 'NONE', *, *, #9842, .F. ) ;
#8243 = CARTESIAN_POINT ( 'NONE',  ( 2.660000000000000100, 1.500000000000000000, 0.9499999999999998400 ) ) ;
#8244 = ORIENTED_EDGE ( 'NONE', *, *, #6654, .T. ) ;
#8245 = PRESENTATION_STYLE_ASSIGNMENT (( #2096 ) ) ;
#8246 = CARTESIAN_POINT ( 'NONE',  ( -0.2500000000000011100, 1.500000000000000400, 2.899999999999997700 ) ) ;
#8247 = EDGE_CURVE ( 'NONE', #4078, #10091, #8951, .T. ) ;
#8248 = DIRECTION ( 'NONE',  ( 1.000000000000000000, -0.0000000000000000000, -3.252606517456515800E-016 ) ) ;
#8249 = ORIENTED_EDGE ( 'NONE', *, *, #2407, .F. ) ;
#8250 = CARTESIAN_POINT ( 'NONE',  ( -1.090000000000000100, 2.900000000000000400, 1.788933584601082300E-015 ) ) ;
#8251 = ORIENTED_EDGE ( 'NONE', *, *, #11705, .T. ) ;
#8252 = FACE_OUTER_BOUND ( 'NONE', #132, .T. ) ;
#8253 = VECTOR ( 'NONE', #6726, 1000.000000000000000 ) ;
#8254 =( NAMED_UNIT ( * ) PLANE_ANGLE_UNIT ( ) SI_UNIT ( $, .RADIAN. ) );
#8255 = FACE_OUTER_BOUND ( 'NONE', #127, .T. ) ;
#8256 = ORIENTED_EDGE ( 'NONE', *, *, #12395, .T. ) ;
#8257 = EDGE_CURVE ( 'NONE', #3805, #6982, #8662, .T. ) ;
#8258 = DIRECTION ( 'NONE',  ( 0.0000000000000000000, -1.000000000000000000, 0.0000000000000000000 ) ) ;
#8259 = ORIENTED_EDGE ( 'NONE', *, *, #7841, .T. ) ;
#8260 = FACE_OUTER_BOUND ( 'NONE', #10455, .T. ) ;
#8261 = SURFACE_STYLE_FILL_AREA ( #2482 ) ;
#8262 = CARTESIAN_POINT ( 'NONE',  ( -4.000000000000000900, 2.000000000000000400, 2.500000000000001800 ) ) ;
#8263 = CARTESIAN_POINT ( 'NONE',  ( -5.500000000000001800, 1.099999999999999600, 1.899999999999997700 ) ) ;
#8264 = EDGE_CURVE ( 'NONE', #7614, #11607, #6109, .T. ) ;
#8265 = EDGE_CURVE ( 'NONE', #600, #11561, #874, .T. ) ;
#8266 = CARTESIAN_POINT ( 'NONE',  ( -2.449999999999999700, -1.400000000000000100, 1.524999999999998100 ) ) ;
#8267 = ORIENTED_EDGE ( 'NONE', *, *, #3803, .T. ) ;
#8268 = ORIENTED_EDGE ( 'NONE', *, *, #4643, .T. ) ;
#8269 = FILL_AREA_STYLE ('',( #7286 ) ) ;
#8270 = DIRECTION ( 'NONE',  ( 0.0000000000000000000, 0.0000000000000000000, 1.000000000000000000 ) ) ;
#8271 = CARTESIAN_POINT ( 'NONE',  ( 4.015563601797857300E-018, 0.0000000000000000000, -1.301042606982605300E-015 ) ) ;
#8272 = LINE ( 'NONE', #9841, #9166 ) ;
#8273 = PRESENTATION_LAYER_ASSIGNMENT (  '', '', ( #6970 ) ) ;
#8274 = EDGE_CURVE ( 'NONE', #2347, #2493, #6419, .T. ) ;
#8275 = ORIENTED_EDGE ( 'NONE', *, *, #872, .F. ) ;
#8276 = AXIS2_PLACEMENT_3D ( 'NONE', #11959, #376, #7206 ) ;
#8277 = EDGE_LOOP ( 'NONE', ( #9384, #5091, #4675, #11637 ) ) ;
#8278 = DIRECTION ( 'NONE',  ( -1.000000000000000000, -0.0000000000000000000, -0.0000000000000000000 ) ) ;
#8279 = VERTEX_POINT ( 'NONE', #6417 ) ;
#8280 = PLANE ( 'NONE',  #4678 ) ;
#8281 = EDGE_CURVE ( 'NONE', #10322, #7649, #8049, .T. ) ;
#8282 = DIRECTION ( 'NONE',  ( -0.0000000000000000000, 0.0000000000000000000, 1.000000000000000000 ) ) ;
#8283 = DIRECTION ( 'NONE',  ( 0.0000000000000000000, -1.000000000000000000, 0.0000000000000000000 ) ) ;
#8284 = DIRECTION ( 'NONE',  ( 6.195440985631453300E-016, 0.0000000000000000000, 1.000000000000000000 ) ) ;
#8285 = LINE ( 'NONE', #5530, #5729 ) ;
#8286 = ADVANCED_FACE ( 'NONE', ( #3202 ), #1521, .F. ) ;
#8287 = DIRECTION ( 'NONE',  ( -0.0000000000000000000, -0.0000000000000000000, 1.000000000000000000 ) ) ;
#8288 = EDGE_LOOP ( 'NONE', ( #11927, #9030, #249, #30 ) ) ;
#8289 = ORIENTED_EDGE ( 'NONE', *, *, #11461, .T. ) ;
#8290 = MECHANICAL_DESIGN_GEOMETRIC_PRESENTATION_REPRESENTATION (  '', ( #6369 ), #8918 ) ;
#8291 = CARTESIAN_POINT ( 'NONE',  ( -1.409999999999999900, 1.500000000000000000, 1.775000000000001700 ) ) ;
#8292 = DIRECTION ( 'NONE',  ( -0.0000000000000000000, -0.0000000000000000000, -1.000000000000000000 ) ) ;
#8293 = CARTESIAN_POINT ( 'NONE',  ( 0.1599999999999999800, -1.400000000000000100, 0.9499999999999981800 ) ) ;
#8294 = PLANE ( 'NONE',  #2587 ) ;
#8295 = SURFACE_STYLE_FILL_AREA ( #3435 ) ;
#8296 = STYLED_ITEM ( 'NONE', ( #7763 ), #10528 ) ;
#8297 = PLANE ( 'NONE',  #11676 ) ;
#8298 = LINE ( 'NONE', #7113, #5445 ) ;
#8299 = ORIENTED_EDGE ( 'NONE', *, *, #5332, .T. ) ;
#8300 = ADVANCED_FACE ( 'NONE', ( #8359 ), #12160, .F. ) ;
#8301 = CARTESIAN_POINT ( 'NONE',  ( -4.000000000000001800, 1.099999999999999600, 0.2999999999999976000 ) ) ;
#8302 = ORIENTED_EDGE ( 'NONE', *, *, #4997, .T. ) ;
#8303 = EDGE_CURVE ( 'NONE', #9933, #979, #2886, .T. ) ;
#8304 = SURFACE_STYLE_FILL_AREA ( #4171 ) ;
#8305 = CARTESIAN_POINT ( 'NONE',  ( 1.409999999999999700, 1.500000000000000000, 0.9499999999999982900 ) ) ;
#8306 = DIRECTION ( 'NONE',  ( 0.0000000000000000000, -0.0000000000000000000, 1.000000000000000000 ) ) ;
#8307 = DIRECTION ( 'NONE',  ( -1.000000000000000000, -0.0000000000000000000, -0.0000000000000000000 ) ) ;
#8308 = SURFACE_STYLE_FILL_AREA ( #6979 ) ;
#8309 = FILL_AREA_STYLE_COLOUR ( '', #11775 ) ;
#8310 = FILL_AREA_STYLE_COLOUR ( '', #9478 ) ;
#8311 = DIRECTION ( 'NONE',  ( -1.703659351870416900E-016, 0.7071067811865474600, 0.7071067811865475700 ) ) ;
#8312 = CARTESIAN_POINT ( 'NONE',  ( 4.235000000000002100, -1.200000000000000400, 0.4899999999999984900 ) ) ;
#8313 = AXIS2_PLACEMENT_3D ( 'NONE', #12420, #842, #7683 ) ;
#8314 = ORIENTED_EDGE ( 'NONE', *, *, #7611, .T. ) ;
#8315 = ORIENTED_EDGE ( 'NONE', *, *, #8303, .T. ) ;
#8316 = FACE_OUTER_BOUND ( 'NONE', #6848, .T. ) ;
#8317 = EDGE_CURVE ( 'NONE', #10970, #5581, #10591, .T. ) ;
#8318 = PLANE ( 'NONE',  #8548 ) ;
#8319 = PRESENTATION_STYLE_ASSIGNMENT (( #8451 ) ) ;
#8320 = DIRECTION ( 'NONE',  ( -0.0000000000000000000, -1.000000000000000000, -0.0000000000000000000 ) ) ;
#8321 = CARTESIAN_POINT ( 'NONE',  ( 0.2499999999999993600, 1.500000000000000400, 2.899999999999997700 ) ) ;
#8322 = CARTESIAN_POINT ( 'NONE',  ( -2.339999999999999900, 0.0000000000000000000, 0.0000000000000000000 ) ) ;
#8323 = ORIENTED_EDGE ( 'NONE', *, *, #7993, .F. ) ;
#8324 = CARTESIAN_POINT ( 'NONE',  ( -2.425000000000000700, 0.4999999999999998900, 0.5999999999999967600 ) ) ;
#8325 = CARTESIAN_POINT ( 'NONE',  ( -3.800000000000001200, 2.100000000000000100, -5.421010862427522200E-017 ) ) ;
#8326 = DIRECTION ( 'NONE',  ( -1.000000000000000000, -0.0000000000000000000, -0.0000000000000000000 ) ) ;
#8327 = CARTESIAN_POINT ( 'NONE',  ( 0.1599999999999999800, 2.299999999999999400, 0.2000000000000025400 ) ) ;
#8328 = DIRECTION ( 'NONE',  ( 0.0000000000000000000, -1.000000000000000000, 0.0000000000000000000 ) ) ;
#8329 = VECTOR ( 'NONE', #10494, 1000.000000000000000 ) ;
#8330 = CARTESIAN_POINT ( 'NONE',  ( -5.200000000000001100, -1.700000000000000400, 2.199999999999997500 ) ) ;
#8331 = EDGE_CURVE ( 'NONE', #9567, #7587, #7751, .T. ) ;
#8332 = ORIENTED_EDGE ( 'NONE', *, *, #8026, .T. ) ;
#8333 = AXIS2_PLACEMENT_3D ( 'NONE', #2831, #2795, #2757 ) ;
#8334 = VECTOR ( 'NONE', #3267, 1000.000000000000000 ) ;
#8335 = SURFACE_SIDE_STYLE ('',( #4574 ) ) ;
#8336 = LINE ( 'NONE', #5350, #1149 ) ;
#8337 = DIRECTION ( 'NONE',  ( 0.0000000000000000000, 1.000000000000000000, 1.355252715606878600E-016 ) ) ;
#8338 = CARTESIAN_POINT ( 'NONE',  ( -2.660000000000000100, 3.099999999999999600, 0.5000000000000017800 ) ) ;
#8339 = CARTESIAN_POINT ( 'NONE',  ( -1.409999999999999900, 2.000000000000000000, 1.774999999999999700 ) ) ;
#8340 = ORIENTED_EDGE ( 'NONE', *, *, #8822, .T. ) ;
#8341 = ADVANCED_FACE ( 'NONE', ( #9986 ), #9341, .F. ) ;
#8342 = EDGE_CURVE ( 'NONE', #9229, #3989, #9096, .T. ) ;
#8343 = SURFACE_SIDE_STYLE ('',( #2034 ) ) ;
#8344 = VERTEX_POINT ( 'NONE', #6533 ) ;
#8345 = CIRCLE ( 'NONE', #8955, 0.3500000000000004800 ) ;
#8346 = ORIENTED_EDGE ( 'NONE', *, *, #1309, .T. ) ;
#8347 = LINE ( 'NONE', #5767, #3186 ) ;
#8348 = EDGE_CURVE ( 'NONE', #4616, #3635, #3982, .T. ) ;
#8349 =( GEOMETRIC_REPRESENTATION_CONTEXT ( 3 ) GLOBAL_UNCERTAINTY_ASSIGNED_CONTEXT ( ( #4279 ) ) GLOBAL_UNIT_ASSIGNED_CONTEXT ( ( #4120, #4105, #4092 ) ) REPRESENTATION_CONTEXT ( 'NONE', 'WORKASPACE' ) );
#8350 = ORIENTED_EDGE ( 'NONE', *, *, #3658, .T. ) ;
#8351 = VECTOR ( 'NONE', #6126, 1000.000000000000000 ) ;
#8352 = EDGE_LOOP ( 'NONE', ( #554, #3081, #9075, #12117 ) ) ;
#8353 = ADVANCED_FACE ( 'NONE', ( #11611 ), #10372, .F. ) ;
#8354 = ORIENTED_EDGE ( 'NONE', *, *, #607, .F. ) ;
#8355 = ORIENTED_EDGE ( 'NONE', *, *, #10879, .F. ) ;
#8356 = DIRECTION ( 'NONE',  ( -0.0000000000000000000, 1.000000000000000000, -0.0000000000000000000 ) ) ;
#8357 =( NAMED_UNIT ( * ) SI_UNIT ( $, .STERADIAN. ) SOLID_ANGLE_UNIT ( ) );
#8358 = CARTESIAN_POINT ( 'NONE',  ( -3.400000000000002100, -1.100000000000000500, 2.999999999999996900 ) ) ;
#8359 = FACE_OUTER_BOUND ( 'NONE', #3272, .T. ) ;
#8360 = PRESENTATION_LAYER_ASSIGNMENT (  '', '', ( #7070 ) ) ;
#8361 = CARTESIAN_POINT ( 'NONE',  ( 2.660000000000000100, 2.799999999999999400, 0.5000000000000017800 ) ) ;
#8362 = LINE ( 'NONE', #9357, #564 ) ;
#8363 = DIRECTION ( 'NONE',  ( 1.000000000000000000, 0.0000000000000000000, 1.586637325588544600E-016 ) ) ;
#8364 = DIRECTION ( 'NONE',  ( 0.0000000000000000000, -1.000000000000000000, 0.0000000000000000000 ) ) ;
#8365 = DIRECTION ( 'NONE',  ( -1.000000000000000000, 0.0000000000000000000, -0.0000000000000000000 ) ) ;
#8366 = ORIENTED_EDGE ( 'NONE', *, *, #2808, .F. ) ;
#8367 = LINE ( 'NONE', #8339, #5805 ) ;
#8368 = VERTEX_POINT ( 'NONE', #3654 ) ;
#8369 = PLANE ( 'NONE',  #9314 ) ;
#8370 = CARTESIAN_POINT ( 'NONE',  ( -0.1599999999999999800, 2.099999999999999600, 0.6750000000000020400 ) ) ;
#8371 = DIRECTION ( 'NONE',  ( 1.000000000000000000, 0.0000000000000000000, 0.0000000000000000000 ) ) ;
#8372 = CARTESIAN_POINT ( 'NONE',  ( -1.409999999999999900, 1.500000000000000000, 0.9499999999999982900 ) ) ;
#8373 = ORIENTED_EDGE ( 'NONE', *, *, #8111, .F. ) ;
#8374 = ORIENTED_EDGE ( 'NONE', *, *, #10783, .F. ) ;
#8375 = PRESENTATION_LAYER_ASSIGNMENT (  '', '', ( #7721 ) ) ;
#8376 = ORIENTED_EDGE ( 'NONE', *, *, #1471, .T. ) ;
#8377 = VECTOR ( 'NONE', #11924, 1000.000000000000000 ) ;
#8378 = VECTOR ( 'NONE', #143, 1000.000000000000000 ) ;
#8379 = ORIENTED_EDGE ( 'NONE', *, *, #11419, .F. ) ;
#8380 = CARTESIAN_POINT ( 'NONE',  ( -5.200000000000001100, 1.099999999999999600, 2.199999999999997500 ) ) ;
#8381 = CARTESIAN_POINT ( 'NONE',  ( -3.700000000000002000, 0.8500000000000000900, 1.399999999999996800 ) ) ;
#8382 = CARTESIAN_POINT ( 'NONE',  ( 4.575000000000003700, -1.100000000000000500, 1.505000000000000300 ) ) ;
#8383 = UNCERTAINTY_MEASURE_WITH_UNIT (LENGTH_MEASURE( 1.000000000000000100E-005 ), #731, 'distance_accuracy_value', 'NONE');
#8384 = DIRECTION ( 'NONE',  ( -1.000000000000000000, -0.0000000000000000000, -0.0000000000000000000 ) ) ;
#8385 = DIRECTION ( 'NONE',  ( -1.000000000000000000, -0.0000000000000000000, -0.0000000000000000000 ) ) ;
#8386 = VERTEX_POINT ( 'NONE', #10410 ) ;
#8387 = VERTEX_POINT ( 'NONE', #4679 ) ;
#8388 = VECTOR ( 'NONE', #9170, 1000.000000000000000 ) ;
#8389 = EDGE_CURVE ( 'NONE', #10587, #4676, #7894, .T. ) ;
#8390 = LINE ( 'NONE', #3012, #3240 ) ;
#8391 = ORIENTED_EDGE ( 'NONE', *, *, #4169, .T. ) ;
#8392 = EDGE_CURVE ( 'NONE', #9649, #754, #3039, .T. ) ;
#8393 = VERTEX_POINT ( 'NONE', #743 ) ;
#8394 = DIRECTION ( 'NONE',  ( 0.0000000000000000000, 0.0000000000000000000, -1.000000000000000000 ) ) ;
#8395 =( GEOMETRIC_REPRESENTATION_CONTEXT ( 3 ) GLOBAL_UNCERTAINTY_ASSIGNED_CONTEXT ( ( #1973 ) ) GLOBAL_UNIT_ASSIGNED_CONTEXT ( ( #5259, #11918, #6226 ) ) REPRESENTATION_CONTEXT ( 'NONE', 'WORKASPACE' ) );
#8396 = VECTOR ( 'NONE', #3929, 1000.000000000000000 ) ;
#8397 = VECTOR ( 'NONE', #5677, 1000.000000000000000 ) ;
#8398 = DIRECTION ( 'NONE',  ( 1.000000000000000000, 0.0000000000000000000, -0.0000000000000000000 ) ) ;
#8399 = CARTESIAN_POINT ( 'NONE',  ( 1.324999999999999500, -0.6500000000000011300, 0.1999999999999983700 ) ) ;
#8400 = CARTESIAN_POINT ( 'NONE',  ( 2.339999999999999900, 0.8500000000000000900, 0.9499999999999998400 ) ) ;
#8401 = EDGE_LOOP ( 'NONE', ( #967, #3161, #10522, #2855 ) ) ;
#8402 = ADVANCED_FACE ( 'NONE', ( #2731 ), #7569, .T. ) ;
#8403 = ORIENTED_EDGE ( 'NONE', *, *, #31, .F. ) ;
#8404 = CARTESIAN_POINT ( 'NONE',  ( 2.339999999999999900, 2.299999999999999400, 0.6750000000000020400 ) ) ;
#8405 = EDGE_CURVE ( 'NONE', #2783, #5019, #1782, .T. ) ;
#8406 = DIRECTION ( 'NONE',  ( -1.000000000000000000, 0.0000000000000000000, -4.170008355713468300E-016 ) ) ;
#8407 = CARTESIAN_POINT ( 'NONE',  ( 4.995000000000002800, -1.200000000000000400, 1.229999999999997500 ) ) ;
#8408 = CARTESIAN_POINT ( 'NONE',  ( -4.675000000000001600, -1.100000000000000500, 0.4499999999999999600 ) ) ;
#8409 = CARTESIAN_POINT ( 'NONE',  ( -2.339999999999999900, -0.8999999999999950300, 1.699999999999998400 ) ) ;
#8410 = FACE_OUTER_BOUND ( 'NONE', #1157, .T. ) ;
#8411 = VECTOR ( 'NONE', #8328, 1000.000000000000000 ) ;
#8412 = DIRECTION ( 'NONE',  ( 0.0000000000000000000, 0.0000000000000000000, 1.000000000000000000 ) ) ;
#8413 = ORIENTED_EDGE ( 'NONE', *, *, #12327, .T. ) ;
#8414 = COLOUR_RGB ( '',0.8000000000000000400, 0.8078431372549019800, 0.8000000000000000400 ) ;
#8415 = CARTESIAN_POINT ( 'NONE',  ( 1.409999999999999700, 2.000000000000000000, 0.8749999999999998900 ) ) ;
#8416 = CARTESIAN_POINT ( 'NONE',  ( -1.090000000000000100, 3.099999999999999600, 0.5000000000000017800 ) ) ;
#8417 = DIRECTION ( 'NONE',  ( 0.0000000000000000000, -0.0000000000000000000, 1.000000000000000000 ) ) ;
#8418 = ORIENTED_EDGE ( 'NONE', *, *, #5300, .F. ) ;
#8419 = AXIS2_PLACEMENT_3D ( 'NONE', #6782, #1036, #1907 ) ;
#8420 = ORIENTED_EDGE ( 'NONE', *, *, #1113, .T. ) ;
#8421 = EDGE_CURVE ( 'NONE', #2010, #3580, #93, .T. ) ;
#8422 = ORIENTED_EDGE ( 'NONE', *, *, #3301, .F. ) ;
#8423 = ADVANCED_FACE ( 'NONE', ( #9242 ), #10579, .T. ) ;
#8424 = DIRECTION ( 'NONE',  ( -1.000000000000000000, -0.0000000000000000000, -0.0000000000000000000 ) ) ;
#8425 = VECTOR ( 'NONE', #5213, 1000.000000000000100 ) ;
#8426 = FACE_OUTER_BOUND ( 'NONE', #198, .T. ) ;
#8427 =( NAMED_UNIT ( * ) PLANE_ANGLE_UNIT ( ) SI_UNIT ( $, .RADIAN. ) );
#8428 = CARTESIAN_POINT ( 'NONE',  ( -1.409999999999999900, 1.500000000000000000, 0.9499999999999982900 ) ) ;
#8429 = EDGE_CURVE ( 'NONE', #520, #12201, #8347, .T. ) ;
#8430 = EDGE_CURVE ( 'NONE', #11073, #8386, #548, .T. ) ;
#8431 = DIRECTION ( 'NONE',  ( 0.0000000000000000000, 0.0000000000000000000, -1.000000000000000000 ) ) ;
#8432 = PRESENTATION_LAYER_ASSIGNMENT (  '', '', ( #7121 ) ) ;
#8433 = PLANE ( 'NONE',  #4657 ) ;
#8434 = ORIENTED_EDGE ( 'NONE', *, *, #11648, .T. ) ;
#8435 = CARTESIAN_POINT ( 'NONE',  ( 3.100000000000001000, -0.5000000000000003300, 3.299999999999996700 ) ) ;
#8436 = ORIENTED_EDGE ( 'NONE', *, *, #6587, .F. ) ;
#8437 = LINE ( 'NONE', #356, #8130 ) ;
#8438 = STYLED_ITEM ( 'NONE', ( #12017 ), #9663 ) ;
#8439 = LINE ( 'NONE', #8225, #11839 ) ;
#8440 = ORIENTED_EDGE ( 'NONE', *, *, #4280, .T. ) ;
#8441 = CARTESIAN_POINT ( 'NONE',  ( 5.700000000000001100, -1.100000000000000500, 0.2500000000000001100 ) ) ;
#8442 = CARTESIAN_POINT ( 'NONE',  ( 2.660000000000000100, -0.8999999999999958000, 0.9499999999999981800 ) ) ;
#8443 = PLANE ( 'NONE',  #9438 ) ;
#8444 = FILL_AREA_STYLE_COLOUR ( '', #5257 ) ;
#8445 = CARTESIAN_POINT ( 'NONE',  ( 1.089999999999999900, 1.500000000000000000, 1.775000000000001700 ) ) ;
#8446 = LINE ( 'NONE', #8175, #657 ) ;
#8447 = CARTESIAN_POINT ( 'NONE',  ( 4.500000000000002700, 1.099999999999999600, 2.199999999999997500 ) ) ;
#8448 = DIRECTION ( 'NONE',  ( 4.170008355713468300E-016, 0.0000000000000000000, -1.000000000000000000 ) ) ;
#8449 = AXIS2_PLACEMENT_3D ( 'NONE', #10363, #686, #7519 ) ;
#8450 = CARTESIAN_POINT ( 'NONE',  ( 3.300000000000001600, -1.099999999999999900, -2.222614453595284100E-015 ) ) ;
#8451 = SURFACE_STYLE_USAGE ( .BOTH. , #1621 ) ;
#8452 = CARTESIAN_POINT ( 'NONE',  ( 1.409999999999999700, 1.500000000000000000, 1.699999999999998800 ) ) ;
#8453 = VERTEX_POINT ( 'NONE', #3825 ) ;
#8454 = DIRECTION ( 'NONE',  ( 0.0000000000000000000, 0.0000000000000000000, -1.000000000000000000 ) ) ;
#8455 = AXIS2_PLACEMENT_3D ( 'NONE', #4067, #10768, #5040 ) ;
#8456 = ORIENTED_EDGE ( 'NONE', *, *, #11816, .T. ) ;
#8457 = VECTOR ( 'NONE', #7702, 1000.000000000000000 ) ;
#8458 = CIRCLE ( 'NONE', #9475, 0.1999999999999998700 ) ;
#8459 = VECTOR ( 'NONE', #7655, 1000.000000000000000 ) ;
#8460 = EDGE_CURVE ( 'NONE', #5546, #3913, #238, .T. ) ;
#8461 = CARTESIAN_POINT ( 'NONE',  ( 2.660000000000000100, 2.900000000000000400, 1.788933584601082300E-015 ) ) ;
#8462 = DIRECTION ( 'NONE',  ( 0.0000000000000000000, 0.0000000000000000000, 1.000000000000000000 ) ) ;
#8463 = ORIENTED_EDGE ( 'NONE', *, *, #12134, .F. ) ;
#8464 = ORIENTED_EDGE ( 'NONE', *, *, #1217, .T. ) ;
#8465 = ADVANCED_FACE ( 'NONE', ( #5783 ), #9633, .F. ) ;
#8466 = FACE_OUTER_BOUND ( 'NONE', #10004, .T. ) ;
#8467 = UNCERTAINTY_MEASURE_WITH_UNIT (LENGTH_MEASURE( 1.000000000000000100E-005 ), #5627, 'distance_accuracy_value', 'NONE');
#8468 = PRESENTATION_LAYER_ASSIGNMENT (  '', '', ( #7174 ) ) ;
#8469 = EDGE_LOOP ( 'NONE', ( #7674, #9268, #349, #10606 ) ) ;
#8470 = LINE ( 'NONE', #7320, #3320 ) ;
#8471 = CARTESIAN_POINT ( 'NONE',  ( -0.1599999999999999800, 2.000000000000000000, 1.775000000000001500 ) ) ;
#8472 = ORIENTED_EDGE ( 'NONE', *, *, #1395, .F. ) ;
#8473 = EDGE_CURVE ( 'NONE', #10165, #1643, #2869, .T. ) ;
#8474 = ADVANCED_FACE ( 'NONE', ( #12494 ), #6775, .F. ) ;
#8475 = LINE ( 'NONE', #6038, #7564 ) ;
#8476 = CARTESIAN_POINT ( 'NONE',  ( -0.2500000000000011100, 2.100000000000000100, 3.399999999999997700 ) ) ;
#8477 = VECTOR ( 'NONE', #11255, 1000.000000000000000 ) ;
#8478 = DIRECTION ( 'NONE',  ( 1.000000000000000000, 0.0000000000000000000, 0.0000000000000000000 ) ) ;
#8479 = DIRECTION ( 'NONE',  ( -1.000000000000000000, -0.0000000000000000000, -0.0000000000000000000 ) ) ;
#8480 = LINE ( 'NONE', #3028, #6241 ) ;
#8481 = DIRECTION ( 'NONE',  ( -0.0000000000000000000, 1.000000000000000000, -0.0000000000000000000 ) ) ;
#8482 = ORIENTED_EDGE ( 'NONE', *, *, #4592, .T. ) ;
#8483 = CARTESIAN_POINT ( 'NONE',  ( 3.800000000000001200, -1.099999999999999900, 0.1999999999999976200 ) ) ;
#8484 = VERTEX_POINT ( 'NONE', #5807 ) ;
#8485 = CLOSED_SHELL ( 'NONE', ( #10705, #9212, #11511, #9292, #1123, #11249, #5956, #9418, #5206, #11381, #6285, #2090, #7274, #8402, #9481, #4004 ) ) ;
#8486 = EDGE_CURVE ( 'NONE', #3122, #10368, #2571, .T. ) ;
#8487 = CARTESIAN_POINT ( 'NONE',  ( 4.675000000000002500, -1.100000000000000500, 0.2499999999999999400 ) ) ;
#8488 = CARTESIAN_POINT ( 'NONE',  ( -1.409999999999999900, 0.8500000000000000900, 0.9499999999999998400 ) ) ;
#8489 = FACE_OUTER_BOUND ( 'NONE', #480, .T. ) ;
#8490 = LINE ( 'NONE', #4035, #10990 ) ;
#8491 = FILL_AREA_STYLE ('',( #3690 ) ) ;
#8492 = ORIENTED_EDGE ( 'NONE', *, *, #5613, .T. ) ;
#8493 = CARTESIAN_POINT ( 'NONE',  ( -2.660000000000000100, 2.299999999999999400, 0.2000000000000025400 ) ) ;
#8494 = ORIENTED_EDGE ( 'NONE', *, *, #7411, .T. ) ;
#8495 = EDGE_CURVE ( 'NONE', #10597, #6701, #8033, .T. ) ;
#8496 = EDGE_CURVE ( 'NONE', #2664, #5278, #9971, .T. ) ;
#8497 = ORIENTED_EDGE ( 'NONE', *, *, #7524, .T. ) ;
#8498 = ORIENTED_EDGE ( 'NONE', *, *, #1637, .T. ) ;
#8499 = SURFACE_STYLE_FILL_AREA ( #7895 ) ;
#8500 = FILL_AREA_STYLE ('',( #1151 ) ) ;
#8501 = LINE ( 'NONE', #627, #10433 ) ;
#8502 = CARTESIAN_POINT ( 'NONE',  ( 0.1599999999999999800, -1.400000000000000100, 1.124999999999998900 ) ) ;
#8503 = CARTESIAN_POINT ( 'NONE',  ( -4.475000000000001400, -1.200000000000000400, 0.2999999999999975500 ) ) ;
#8504 = LINE ( 'NONE', #7857, #5950 ) ;
#8505 = DIRECTION ( 'NONE',  ( 0.0000000000000000000, -1.000000000000000000, 5.981805089575196200E-016 ) ) ;
#8506 = PRESENTATION_LAYER_ASSIGNMENT (  '', '', ( #7204 ) ) ;
#8507 = CARTESIAN_POINT ( 'NONE',  ( -2.425000000000000700, -0.6500000000000002400, 0.5999999999999967600 ) ) ;
#8508 = EDGE_CURVE ( 'NONE', #4137, #6076, #5183, .T. ) ;
#8509 = ORIENTED_EDGE ( 'NONE', *, *, #1452, .F. ) ;
#8510 = STYLED_ITEM ( 'NONE', ( #3653 ), #9222 ) ;
#8511 = CARTESIAN_POINT ( 'NONE',  ( 0.1599999999999999800, -1.400000000000000100, 0.9499999999999981800 ) ) ;
#8512 = EDGE_LOOP ( 'NONE', ( #10299, #11062, #2679, #3146 ) ) ;
#8513 = ORIENTED_EDGE ( 'NONE', *, *, #3542, .F. ) ;
#8514 = PRESENTATION_STYLE_ASSIGNMENT (( #780 ) ) ;
#8515 = EDGE_CURVE ( 'NONE', #6433, #6203, #12204, .T. ) ;
#8516 = DIRECTION ( 'NONE',  ( -0.0000000000000000000, 0.0000000000000000000, 1.000000000000000000 ) ) ;
#8517 = VECTOR ( 'NONE', #7492, 999.9999999999998900 ) ;
#8518 = MECHANICAL_DESIGN_GEOMETRIC_PRESENTATION_REPRESENTATION (  '', ( #7215 ), #9156 ) ;
#8519 = VECTOR ( 'NONE', #7439, 1000.000000000000000 ) ;
#8520 = VERTEX_POINT ( 'NONE', #4928 ) ;
#8521 = PRESENTATION_STYLE_ASSIGNMENT (( #1007 ) ) ;
#8522 = CARTESIAN_POINT ( 'NONE',  ( -4.000000000000000000, 2.100000000000000100, 3.399999999999996800 ) ) ;
#8523 = VECTOR ( 'NONE', #5047, 1000.000000000000000 ) ;
#8524 = AXIS2_PLACEMENT_3D ( 'NONE', #4724, #12358, #6664 ) ;
#8525 = DIRECTION ( 'NONE',  ( 0.0000000000000000000, 0.0000000000000000000, 1.000000000000000000 ) ) ;
#8526 = DIRECTION ( 'NONE',  ( 0.0000000000000000000, 0.0000000000000000000, -1.000000000000000000 ) ) ;
#8527 = ADVANCED_FACE ( 'NONE', ( #7130 ), #11598, .F. ) ;
#8528 = ORIENTED_EDGE ( 'NONE', *, *, #6874, .F. ) ;
#8529 = FACE_OUTER_BOUND ( 'NONE', #10855, .T. ) ;
#8530 = CARTESIAN_POINT ( 'NONE',  ( -5.500000000000001800, -1.700000000000000400, 0.7999999999999954900 ) ) ;
#8531 = VECTOR ( 'NONE', #1522, 1000.000000000000100 ) ;
#8532 = EDGE_LOOP ( 'NONE', ( #7075, #11582, #7900, #1219 ) ) ;
#8533 = PLANE ( 'NONE',  #7455 ) ;
#8534 = CARTESIAN_POINT ( 'NONE',  ( 0.0000000000000000000, -1.200000000000000400, 0.0000000000000000000 ) ) ;
#8535 = VECTOR ( 'NONE', #4082, 1000.000000000000000 ) ;
#8536 = CARTESIAN_POINT ( 'NONE',  ( -4.475000000000001400, 0.8999999999999973600, 0.4899999999999984900 ) ) ;
#8537 = EDGE_CURVE ( 'NONE', #6045, #39, #4878, .T. ) ;
#8538 = VECTOR ( 'NONE', #8759, 1000.000000000000000 ) ;
#8539 = DIRECTION ( 'NONE',  ( -1.000000000000000000, 0.0000000000000000000, -2.891205793294679400E-015 ) ) ;
#8540 = ORIENTED_EDGE ( 'NONE', *, *, #10980, .F. ) ;
#8541 = UNCERTAINTY_MEASURE_WITH_UNIT (LENGTH_MEASURE( 1.000000000000000100E-005 ), #10520, 'distance_accuracy_value', 'NONE');
#8542 = AXIS2_PLACEMENT_3D ( 'NONE', #5269, #353, #7185 ) ;
#8543 = FACE_OUTER_BOUND ( 'NONE', #338, .T. ) ;
#8544 = ORIENTED_EDGE ( 'NONE', *, *, #1113, .F. ) ;
#8545 = ADVANCED_FACE ( 'NONE', ( #9387 ), #3994, .F. ) ;
#8546 = ORIENTED_EDGE ( 'NONE', *, *, #6019, .T. ) ;
#8547 = CARTESIAN_POINT ( 'NONE',  ( 5.200000000000001100, 1.099999999999999600, 2.199999999999997500 ) ) ;
#8548 = AXIS2_PLACEMENT_3D ( 'NONE', #535, #7388, #1535 ) ;
#8549 = FACE_OUTER_BOUND ( 'NONE', #3536, .T. ) ;
#8550 = LINE ( 'NONE', #3812, #768 ) ;
#8551 = CARTESIAN_POINT ( 'NONE',  ( -1.409999999999999900, 1.500000000000000000, 0.9499999999999998400 ) ) ;
#8552 = DIRECTION ( 'NONE',  ( -0.0000000000000000000, -1.000000000000000000, -0.0000000000000000000 ) ) ;
#8553 = CARTESIAN_POINT ( 'NONE',  ( 0.0000000000000000000, -1.200000000000000400, 0.0000000000000000000 ) ) ;
#8554 = VECTOR ( 'NONE', #8356, 1000.000000000000000 ) ;
#8555 = ORIENTED_EDGE ( 'NONE', *, *, #5752, .F. ) ;
#8556 = EDGE_LOOP ( 'NONE', ( #4930, #12221, #9310, #11373 ) ) ;
#8557 = CARTESIAN_POINT ( 'NONE',  ( 5.200000000000003700, 1.099999999999999600, 0.4999999999999997800 ) ) ;
#8558 = CARTESIAN_POINT ( 'NONE',  ( -1.409999999999999900, 2.000000000000000000, 1.375000000000001600 ) ) ;
#8559 = EDGE_CURVE ( 'NONE', #11561, #1791, #8490, .T. ) ;
#8560 = COLOUR_RGB ( '',0.8000000000000000400, 0.8078431372549019800, 0.8000000000000000400 ) ;
#8561 = ORIENTED_EDGE ( 'NONE', *, *, #2148, .T. ) ;
#8562 = LINE ( 'NONE', #8180, #10777 ) ;
#8563 = FILL_AREA_STYLE ('',( #12481 ) ) ;
#8564 = FACE_OUTER_BOUND ( 'NONE', #10781, .T. ) ;
#8565 = EDGE_CURVE ( 'NONE', #9179, #2265, #3341, .T. ) ;
#8566 = VERTEX_POINT ( 'NONE', #5987 ) ;
#8567 =( GEOMETRIC_REPRESENTATION_CONTEXT ( 3 ) GLOBAL_UNCERTAINTY_ASSIGNED_CONTEXT ( ( #6386 ) ) GLOBAL_UNIT_ASSIGNED_CONTEXT ( ( #12452, #6752, #880 ) ) REPRESENTATION_CONTEXT ( 'NONE', 'WORKASPACE' ) );
#8568 = ORIENTED_EDGE ( 'NONE', *, *, #7608, .T. ) ;
#8569 = DIRECTION ( 'NONE',  ( -3.049318610115481200E-016, -0.0000000000000000000, -1.000000000000000000 ) ) ;
#8570 = SURFACE_STYLE_USAGE ( .BOTH. , #1740 ) ;
#8571 = FILL_AREA_STYLE ('',( #1779 ) ) ;
#8572 = EDGE_CURVE ( 'NONE', #10658, #4880, #708, .T. ) ;
#8573 = ORIENTED_EDGE ( 'NONE', *, *, #1134, .T. ) ;
#8574 = DIRECTION ( 'NONE',  ( 3.051828337366604500E-016, -0.0000000000000000000, 1.000000000000000000 ) ) ;
#8575 = AXIS2_PLACEMENT_3D ( 'NONE', #7590, #7394, #7383 ) ;
#8576 = CARTESIAN_POINT ( 'NONE',  ( 3.300000000000001600, 2.100000000000000100, -2.222614453595284100E-015 ) ) ;
#8578 = VERTEX_POINT ( 'NONE', #7906 ) ;
#8577 = DIRECTION ( 'NONE',  ( -0.0000000000000000000, -0.0000000000000000000, 1.000000000000000000 ) ) ;
#8579 = DIRECTION ( 'NONE',  ( -1.000000000000000000, 0.0000000000000000000, 0.0000000000000000000 ) ) ;
#8580 = DIRECTION ( 'NONE',  ( -0.0000000000000000000, -1.000000000000000000, -0.0000000000000000000 ) ) ;
#8581 = DIRECTION ( 'NONE',  ( -0.0000000000000000000, 4.336808689942018200E-016, 1.000000000000000000 ) ) ;
#8582 = CARTESIAN_POINT ( 'NONE',  ( 4.000000000000000000, 2.100000000000000100, 3.399999999999998100 ) ) ;
#8583 = DIRECTION ( 'NONE',  ( -0.0000000000000000000, -0.0000000000000000000, 1.000000000000000000 ) ) ;
#8584 = PRESENTATION_LAYER_ASSIGNMENT (  '', '', ( #7282 ) ) ;
#8585 =( NAMED_UNIT ( * ) SI_UNIT ( $, .STERADIAN. ) SOLID_ANGLE_UNIT ( ) );
#8586 = VECTOR ( 'NONE', #7454, 1000.000000000000100 ) ;
#8587 = EDGE_CURVE ( 'NONE', #9041, #11634, #5637, .T. ) ;
#8588 = EDGE_LOOP ( 'NONE', ( #10792, #4201, #8192, #7173 ) ) ;
#8589 = VERTEX_POINT ( 'NONE', #9825 ) ;
#8590 = CARTESIAN_POINT ( 'NONE',  ( 5.500000000000001800, 1.099999999999999600, 7.668747073677960000E-017 ) ) ;
#8591 = PLANE ( 'NONE',  #996 ) ;
#8592 = DIRECTION ( 'NONE',  ( 0.0000000000000000000, 0.3303504247281046600, 0.9438583563660178900 ) ) ;
#8593 = CARTESIAN_POINT ( 'NONE',  ( -0.1599999999999999800, 2.099999999999999600, 0.8750000000000017800 ) ) ;
#8594 = EDGE_CURVE ( 'NONE', #11960, #7918, #8198, .T. ) ;
#8595 = FACE_OUTER_BOUND ( 'NONE', #5541, .T. ) ;
#8596 = VECTOR ( 'NONE', #4277, 1000.000000000000000 ) ;
#8597 = PLANE ( 'NONE',  #8234 ) ;
#8598 = ADVANCED_FACE ( 'NONE', ( #398 ), #11721, .T. ) ;
#8599 = AXIS2_PLACEMENT_3D ( 'NONE', #6063, #6004, #5988 ) ;
#8600 = CARTESIAN_POINT ( 'NONE',  ( -2.339999999999999900, 1.500000000000000000, 0.8750000000000017800 ) ) ;
#8601 = CARTESIAN_POINT ( 'NONE',  ( 4.675000000000002500, -1.100000000000000500, 0.2499999999999999400 ) ) ;
#8602 = VECTOR ( 'NONE', #6078, 1000.000000000000000 ) ;
#8603 = ORIENTED_EDGE ( 'NONE', *, *, #41, .F. ) ;
#8604 = MECHANICAL_DESIGN_GEOMETRIC_PRESENTATION_REPRESENTATION (  '', ( #6667 ), #9224 ) ;
#8605 = VERTEX_POINT ( 'NONE', #125 ) ;
#8606 = ORIENTED_EDGE ( 'NONE', *, *, #5468, .T. ) ;
#8607 = AXIS2_PLACEMENT_3D ( 'NONE', #12178, #4573, #11246 ) ;
#8608 = ADVANCED_FACE ( 'NONE', ( #7884 ), #6977, .F. ) ;
#8610 = PRESENTATION_STYLE_ASSIGNMENT (( #7748 ) ) ;
#8609 = CARTESIAN_POINT ( 'NONE',  ( 4.995000000000001900, -1.100000000000000500, 1.504999999999999900 ) ) ;
#8611 = CARTESIAN_POINT ( 'NONE',  ( -2.660000000000000100, 2.000000000000000000, 1.375000000000001600 ) ) ;
#8612 = CARTESIAN_POINT ( 'NONE',  ( 4.035000000000001000, 1.099999999999999600, 0.2999999999999976000 ) ) ;
#8613 = CARTESIAN_POINT ( 'NONE',  ( -2.339999999999999900, 2.299999999999999400, 0.6750000000000020400 ) ) ;
#8614 = EDGE_LOOP ( 'NONE', ( #6915, #10678, #12410, #5126, #4859, #9100 ) ) ;
#8615 = ORIENTED_EDGE ( 'NONE', *, *, #460, .T. ) ;
#8616 = VECTOR ( 'NONE', #7478, 1000.000000000000000 ) ;
#8617 = AXIS2_PLACEMENT_3D ( 'NONE', #7157, #5282, #11947 ) ;
#8618 = FILL_AREA_STYLE ('',( #3771 ) ) ;
#8619 = DIRECTION ( 'NONE',  ( 0.0000000000000000000, 0.0000000000000000000, 1.000000000000000000 ) ) ;
#8620 = COLOUR_RGB ( '',0.8000000000000000400, 0.8078431372549019800, 0.8000000000000000400 ) ;
#8621 = FILL_AREA_STYLE_COLOUR ( '', #10684 ) ;
#8622 = SURFACE_STYLE_FILL_AREA ( #7480 ) ;
#8623 = DIRECTION ( 'NONE',  ( 0.0000000000000000000, 1.000000000000000000, 3.738628180984497600E-017 ) ) ;
#8624 =( NAMED_UNIT ( * ) SI_UNIT ( $, .STERADIAN. ) SOLID_ANGLE_UNIT ( ) );
#8625 = CARTESIAN_POINT ( 'NONE',  ( -2.339999999999999900, 1.500000000000000000, 1.700000000000000000 ) ) ;
#8626 = CARTESIAN_POINT ( 'NONE',  ( -4.045000000000004400, 1.089999999999995000, 0.2999999999999976000 ) ) ;
#8627 = ORIENTED_EDGE ( 'NONE', *, *, #11666, .T. ) ;
#8628 = EDGE_CURVE ( 'NONE', #6950, #2532, #2714, .T. ) ;
#8629 = PRESENTATION_STYLE_ASSIGNMENT (( #6218 ) ) ;
#8630 =( NAMED_UNIT ( * ) SI_UNIT ( $, .STERADIAN. ) SOLID_ANGLE_UNIT ( ) );
#8631 = DIRECTION ( 'NONE',  ( -1.000000000000000000, -0.0000000000000000000, 0.0000000000000000000 ) ) ;
#8632 = PLANE ( 'NONE',  #3647 ) ;
#8633 = VERTEX_POINT ( 'NONE', #6062 ) ;
#8634 = AXIS2_PLACEMENT_3D ( 'NONE', #5000, #2021, #68 ) ;
#8635 = LINE ( 'NONE', #9118, #10847 ) ;
#8636 = DIRECTION ( 'NONE',  ( 0.7071067811865475700, 0.7071067811865475700, 0.0000000000000000000 ) ) ;
#8637 = PRESENTATION_STYLE_ASSIGNMENT (( #12060 ) ) ;
#8638 = EDGE_CURVE ( 'NONE', #9594, #7632, #5938, .T. ) ;
#8639 = VERTEX_POINT ( 'NONE', #1146 ) ;
#8640 = ORIENTED_EDGE ( 'NONE', *, *, #8778, .F. ) ;
#8641 = CARTESIAN_POINT ( 'NONE',  ( 4.618333333333342900, 0.5233333333333388700, 1.153333333333337500 ) ) ;
#8642 = PRESENTATION_STYLE_ASSIGNMENT (( #10524 ) ) ;
#8643 = DIRECTION ( 'NONE',  ( 0.0000000000000000000, -0.0000000000000000000, -1.000000000000000000 ) ) ;
#8644 = VERTEX_POINT ( 'NONE', #7986 ) ;
#8645 = CARTESIAN_POINT ( 'NONE',  ( 1.089999999999999900, 2.000000000000000000, 1.375000000000001600 ) ) ;
#8646 = ORIENTED_EDGE ( 'NONE', *, *, #1603, .T. ) ;
#8647 = VERTEX_POINT ( 'NONE', #3116 ) ;
#8648 = VECTOR ( 'NONE', #7553, 1000.000000000000000 ) ;
#8649 = STYLED_ITEM ( 'NONE', ( #10548 ), #1573 ) ;
#8650 = ORIENTED_EDGE ( 'NONE', *, *, #6344, .F. ) ;
#8651 = EDGE_CURVE ( 'NONE', #3942, #1143, #7578, .T. ) ;
#8652 = DIRECTION ( 'NONE',  ( 0.0000000000000000000, 1.000000000000000000, 0.0000000000000000000 ) ) ;
#8653 = CARTESIAN_POINT ( 'NONE',  ( -2.339999999999999900, 2.099999999999999600, 0.6750000000000020400 ) ) ;
#8654 = ORIENTED_EDGE ( 'NONE', *, *, #8421, .T. ) ;
#8655 = SURFACE_STYLE_FILL_AREA ( #1887 ) ;
#8656 = ORIENTED_EDGE ( 'NONE', *, *, #6954, .F. ) ;
#8657 = DIRECTION ( 'NONE',  ( 1.000000000000000000, 0.0000000000000000000, 0.0000000000000000000 ) ) ;
#8658 = DIRECTION ( 'NONE',  ( 0.0000000000000000000, -1.000000000000000000, 0.0000000000000000000 ) ) ;
#8659 = COLOUR_RGB ( '',0.8000000000000000400, 0.8078431372549019800, 0.8000000000000000400 ) ;
#8660 = SURFACE_STYLE_FILL_AREA ( #10022 ) ;
#8661 = EDGE_CURVE ( 'NONE', #1010, #5645, #5027, .T. ) ;
#8662 = LINE ( 'NONE', #487, #3525 ) ;
#8663 = EDGE_CURVE ( 'NONE', #5389, #10322, #10120, .T. ) ;
#8664 = SURFACE_STYLE_USAGE ( .BOTH. , #1846 ) ;
#8665 = MECHANICAL_DESIGN_GEOMETRIC_PRESENTATION_REPRESENTATION (  '', ( #6731 ), #9305 ) ;
#8666 = VECTOR ( 'NONE', #10831, 1000.000000000000000 ) ;
#8667 = ADVANCED_FACE ( 'NONE', ( #9529 ), #1191, .T. ) ;
#8668 = VERTEX_POINT ( 'NONE', #10845 ) ;
#8669 = ORIENTED_EDGE ( 'NONE', *, *, #4060, .T. ) ;
#8670 = VERTEX_POINT ( 'NONE', #5172 ) ;
#8671 = DIRECTION ( 'NONE',  ( -1.000000000000000000, -0.0000000000000000000, -0.0000000000000000000 ) ) ;
#8672 = DIRECTION ( 'NONE',  ( 0.0000000000000000000, -0.0000000000000000000, 1.000000000000000000 ) ) ;
#8673 = DIRECTION ( 'NONE',  ( 0.9766444667050906400, 0.2148617826751166900, 0.0000000000000000000 ) ) ;
#8674 = STYLED_ITEM ( 'NONE', ( #2131 ), #3144 ) ;
#8675 =( NAMED_UNIT ( * ) SI_UNIT ( $, .STERADIAN. ) SOLID_ANGLE_UNIT ( ) );
#8676 = VECTOR ( 'NONE', #61, 1000.000000000000000 ) ;
#8677 = STYLED_ITEM ( 'NONE', ( #8319 ), #9521 ) ;
#8678 = EDGE_LOOP ( 'NONE', ( #5147, #236, #384, #6999 ) ) ;
#8679 = ORIENTED_EDGE ( 'NONE', *, *, #2534, .T. ) ;
#8680 = ORIENTED_EDGE ( 'NONE', *, *, #9556, .T. ) ;
#8681 = EDGE_CURVE ( 'NONE', #9257, #9895, #6980, .T. ) ;
#8682 = PLANE ( 'NONE',  #11270 ) ;
#8683 = LINE ( 'NONE', #3089, #1194 ) ;
#8684 = ORIENTED_EDGE ( 'NONE', *, *, #423, .T. ) ;
#8685 = ORIENTED_EDGE ( 'NONE', *, *, #1801, .T. ) ;
#8686 = SURFACE_STYLE_USAGE ( .BOTH. , #1870 ) ;
#8687 = AXIS2_PLACEMENT_3D ( 'NONE', #4329, #7228, #1380 ) ;
#8688 = ORIENTED_EDGE ( 'NONE', *, *, #2603, .T. ) ;
#8689 = VECTOR ( 'NONE', #8954, 1000.000000000000000 ) ;
#8690 = DIRECTION ( 'NONE',  ( -0.0000000000000000000, 1.000000000000000000, 0.0000000000000000000 ) ) ;
#8691 = FILL_AREA_STYLE_COLOUR ( '', #4164 ) ;
#8692 = DIRECTION ( 'NONE',  ( 1.000000000000000000, 0.0000000000000000000, 0.0000000000000000000 ) ) ;
#8693 =( GEOMETRIC_REPRESENTATION_CONTEXT ( 3 ) GLOBAL_UNCERTAINTY_ASSIGNED_CONTEXT ( ( #11553 ) ) GLOBAL_UNIT_ASSIGNED_CONTEXT ( ( #7659, #1793, #8624 ) ) REPRESENTATION_CONTEXT ( 'NONE', 'WORKASPACE' ) );
#8694 = FACE_OUTER_BOUND ( 'NONE', #10170, .T. ) ;
#8695 = ORIENTED_EDGE ( 'NONE', *, *, #972, .F. ) ;
#8696 = DIRECTION ( 'NONE',  ( 1.000000000000000000, 0.0000000000000000000, 0.0000000000000000000 ) ) ;
#8697 = CARTESIAN_POINT ( 'NONE',  ( 4.675000000000002500, -1.100000000000000500, -5.421010862427522200E-017 ) ) ;
#8698 = CARTESIAN_POINT ( 'NONE',  ( 3.700000000000002000, -2.100000000000000100, 2.299999999999996300 ) ) ;
#8699 = CARTESIAN_POINT ( 'NONE',  ( -2.339999999999999900, -0.8999999999999958000, 0.9499999999999981800 ) ) ;
#8700 = LINE ( 'NONE', #5955, #11209 ) ;
#8701 = FILL_AREA_STYLE ('',( #7725 ) ) ;
#8702 = CARTESIAN_POINT ( 'NONE',  ( 3.100000000000001000, -0.5000000000000003300, 2.999999999999997300 ) ) ;
#8703 = EDGE_CURVE ( 'NONE', #11634, #4815, #12047, .T. ) ;
#8704 = CARTESIAN_POINT ( 'NONE',  ( -1.090000000000000100, 2.000000000000000000, 1.775000000000001500 ) ) ;
#8705 = SURFACE_SIDE_STYLE ('',( #8655 ) ) ;
#8706 = ORIENTED_EDGE ( 'NONE', *, *, #6127, .F. ) ;
#8707 = VERTEX_POINT ( 'NONE', #8068 ) ;
#8708 = AXIS2_PLACEMENT_3D ( 'NONE', #5020, #11699, #6006 ) ;
#8709 = LINE ( 'NONE', #10260, #1224 ) ;
#8710 = FACE_OUTER_BOUND ( 'NONE', #6994, .T. ) ;
#8711 = DIRECTION ( 'NONE',  ( 1.000000000000000000, 0.0000000000000000000, -0.0000000000000000000 ) ) ;
#8712 = SURFACE_STYLE_USAGE ( .BOTH. , #1899 ) ;
#8713 = VERTEX_POINT ( 'NONE', #9033 ) ;
#8714 = ORIENTED_EDGE ( 'NONE', *, *, #8823, .T. ) ;
#8715 = VERTEX_POINT ( 'NONE', #2254 ) ;
#8716 = LINE ( 'NONE', #9973, #8425 ) ;
#8717 = FACE_BOUND ( 'NONE', #4999, .T. ) ;
#8718 = SURFACE_SIDE_STYLE ('',( #10680 ) ) ;
#8719 = VECTOR ( 'NONE', #10547, 1000.000000000000000 ) ;
#8720 = VERTEX_POINT ( 'NONE', #6146 ) ;
#8721 =( GEOMETRIC_REPRESENTATION_CONTEXT ( 3 ) GLOBAL_UNCERTAINTY_ASSIGNED_CONTEXT ( ( #4522 ) ) GLOBAL_UNIT_ASSIGNED_CONTEXT ( ( #2959, #2983, #3052 ) ) REPRESENTATION_CONTEXT ( 'NONE', 'WORKASPACE' ) );
#8722 = ADVANCED_FACE ( 'NONE', ( #6680 ), #4193, .F. ) ;
#8723 = CARTESIAN_POINT ( 'NONE',  ( 1.409999999999999700, 1.500000000000000000, 1.699999999999998800 ) ) ;
#8724 = ORIENTED_EDGE ( 'NONE', *, *, #4551, .T. ) ;
#8725 = DIRECTION ( 'NONE',  ( 0.0000000000000000000, 0.0000000000000000000, -1.000000000000000000 ) ) ;
#8726 = CARTESIAN_POINT ( 'NONE',  ( 1.409999999999999700, 1.500000000000000000, 0.9499999999999998400 ) ) ;
#8727 = DIRECTION ( 'NONE',  ( -0.0000000000000000000, 0.0000000000000000000, 1.000000000000000000 ) ) ;
#8728 = LINE ( 'NONE', #604, #9025 ) ;
#8729 = EDGE_CURVE ( 'NONE', #6668, #9772, #11741, .T. ) ;
#8730 = DIRECTION ( 'NONE',  ( 1.626303258728256700E-016, 0.0000000000000000000, -1.000000000000000000 ) ) ;
#8731 = FILL_AREA_STYLE_COLOUR ( '', #9776 ) ;
#8732 = ORIENTED_EDGE ( 'NONE', *, *, #6345, .F. ) ;
#8733 = DIRECTION ( 'NONE',  ( 1.000000000000000000, 0.0000000000000000000, 0.0000000000000000000 ) ) ;
#8734 = CARTESIAN_POINT ( 'NONE',  ( 3.800000000000001600, -2.100000000000000100, -2.385244779468109800E-015 ) ) ;
#8735 = AXIS2_PLACEMENT_3D ( 'NONE', #3263, #1334, #1286 ) ;
#8736 = SURFACE_STYLE_USAGE ( .BOTH. , #1929 ) ;
#8737 = VECTOR ( 'NONE', #8258, 1000.000000000000000 ) ;
#8738 = EDGE_CURVE ( 'NONE', #3223, #8141, #4729, .T. ) ;
#8739 = MECHANICAL_DESIGN_GEOMETRIC_PRESENTATION_REPRESENTATION (  '', ( #6805 ), #9381 ) ;
#8740 = FACE_OUTER_BOUND ( 'NONE', #5804, .T. ) ;
#8741 = DIRECTION ( 'NONE',  ( 0.0000000000000000000, -1.000000000000000000, 0.0000000000000000000 ) ) ;
#8742 = CLOSED_SHELL ( 'NONE', ( #2110, #4961, #2494, #9663, #6951, #1692, #10033, #7648, #3398, #11950, #483, #9795, #12141, #5890, #1573, #8978, #2669, #9844, #11085, #12198, #4693, #11652, #6890, #5279 ) ) ;
#8743 = EDGE_CURVE ( 'NONE', #5019, #10303, #4106, .T. ) ;
#8744 = EDGE_LOOP ( 'NONE', ( #8890, #10892, #8434, #3007, #5642 ) ) ;
#8745 = DIRECTION ( 'NONE',  ( 2.891205793294679400E-015, 0.0000000000000000000, 1.000000000000000000 ) ) ;
#8746 = VERTEX_POINT ( 'NONE', #1275 ) ;
#8747 = AXIS2_PLACEMENT_3D ( 'NONE', #1559, #1619, #8880 ) ;
#8748 = CARTESIAN_POINT ( 'NONE',  ( 2.660000000000000100, 2.299999999999999400, 0.2000000000000025400 ) ) ;
#8749 = VECTOR ( 'NONE', #5609, 1000.000000000000000 ) ;
#8750 = CARTESIAN_POINT ( 'NONE',  ( -5.700000000000001100, 0.9000000000000003600, 0.2500000000000001100 ) ) ;
#8751 = CIRCLE ( 'NONE', #3918, 0.4499999999999999000 ) ;
#8752 = PRESENTATION_LAYER_ASSIGNMENT (  '', '', ( #7469 ) ) ;
#8753 = CARTESIAN_POINT ( 'NONE',  ( 1.089999999999999900, 1.500000000000000000, 1.774999999999999700 ) ) ;
#8754 = ORIENTED_EDGE ( 'NONE', *, *, #1568, .T. ) ;
#8755 =( GEOMETRIC_REPRESENTATION_CONTEXT ( 3 ) GLOBAL_UNCERTAINTY_ASSIGNED_CONTEXT ( ( #9675 ) ) GLOBAL_UNIT_ASSIGNED_CONTEXT ( ( #8887, #3092, #9847 ) ) REPRESENTATION_CONTEXT ( 'NONE', 'WORKASPACE' ) );
#8756 = ORIENTED_EDGE ( 'NONE', *, *, #6331, .F. ) ;
#8757 = UNCERTAINTY_MEASURE_WITH_UNIT (LENGTH_MEASURE( 1.000000000000000100E-005 ), #4393, 'distance_accuracy_value', 'NONE');
#8758 = PRESENTATION_STYLE_ASSIGNMENT (( #11093 ) ) ;
#8759 = DIRECTION ( 'NONE',  ( 0.0000000000000000000, 0.0000000000000000000, 1.000000000000000000 ) ) ;
#8760 = VECTOR ( 'NONE', #2928, 1000.000000000000000 ) ;
#8761 = DIRECTION ( 'NONE',  ( -1.000000000000000000, 0.0000000000000000000, 0.0000000000000000000 ) ) ;
#8762 = DIRECTION ( 'NONE',  ( -1.000000000000000000, -0.0000000000000000000, 3.049318610115479700E-016 ) ) ;
#8763 = SURFACE_SIDE_STYLE ('',( #8091 ) ) ;
#8764 = VECTOR ( 'NONE', #476, 999.9999999999998900 ) ;
#8765 = VERTEX_POINT ( 'NONE', #10959 ) ;
#8766 = AXIS2_PLACEMENT_3D ( 'NONE', #910, #1895, #8711 ) ;
#8767 =( LENGTH_UNIT ( ) NAMED_UNIT ( * ) SI_UNIT ( .MILLI., .METRE. ) );
#8768 = LINE ( 'NONE', #5485, #994 ) ;
#8769 = PRESENTATION_LAYER_ASSIGNMENT (  '', '', ( #7489 ) ) ;
#8770 = VECTOR ( 'NONE', #12184, 1000.000000000000000 ) ;
#8771 = DIRECTION ( 'NONE',  ( -1.000000000000000000, -0.0000000000000000000, 2.710505431213762600E-016 ) ) ;
#8772 = CARTESIAN_POINT ( 'NONE',  ( -2.339999999999999900, 1.500000000000000000, 1.774999999999999700 ) ) ;
#8773 = COLOUR_RGB ( '',0.8000000000000000400, 0.8078431372549019800, 0.8000000000000000400 ) ;
#8774 = CARTESIAN_POINT ( 'NONE',  ( -3.300000000000002500, -2.100000000000000100, 0.1999999999999997900 ) ) ;
#8775 = ADVANCED_FACE ( 'NONE', ( #11441 ), #3253, .T. ) ;
#8776 = ORIENTED_EDGE ( 'NONE', *, *, #7213, .F. ) ;
#8777 = DIRECTION ( 'NONE',  ( 0.7071067811865475700, -0.0000000000000000000, -0.7071067811865475700 ) ) ;
#8778 = EDGE_CURVE ( 'NONE', #869, #5511, #4410, .T. ) ;
#8779 = CARTESIAN_POINT ( 'NONE',  ( -4.475000000000001400, -1.200000000000000400, 1.229999999999997800 ) ) ;
#8780 = VECTOR ( 'NONE', #4946, 1000.000000000000000 ) ;
#8781 = DIRECTION ( 'NONE',  ( 0.0000000000000000000, 1.000000000000000000, -0.0000000000000000000 ) ) ;
#8782 = LINE ( 'NONE', #6274, #6250 ) ;
#8783 = VERTEX_POINT ( 'NONE', #10025 ) ;
#8784 = ORIENTED_EDGE ( 'NONE', *, *, #4225, .F. ) ;
#8785 = DIRECTION ( 'NONE',  ( 0.0000000000000000000, 0.0000000000000000000, -1.000000000000000000 ) ) ;
#8786 = EDGE_LOOP ( 'NONE', ( #10361, #11557, #5622, #3449, #3497, #3176, #2880, #11760, #6881, #9963, #3086, #9178 ) ) ;
#8787 = EDGE_CURVE ( 'NONE', #5945, #9172, #6389, .T. ) ;
#8788 = COLOUR_RGB ( '',0.8000000000000000400, 0.8078431372549019800, 0.8000000000000000400 ) ;
#8789 =( NAMED_UNIT ( * ) PLANE_ANGLE_UNIT ( ) SI_UNIT ( $, .RADIAN. ) );
#8790 = ORIENTED_EDGE ( 'NONE', *, *, #5284, .F. ) ;
#8791 = AXIS2_PLACEMENT_3D ( 'NONE', #12177, #4530, #5500 ) ;
#8792 = CARTESIAN_POINT ( 'NONE',  ( -4.675000000000002500, 1.099999999999999600, 0.2499999999999999400 ) ) ;
#8793 = ORIENTED_EDGE ( 'NONE', *, *, #8274, .F. ) ;
#8794 = LINE ( 'NONE', #2112, #7586 ) ;
#8795 = ORIENTED_EDGE ( 'NONE', *, *, #5379, .F. ) ;
#8796 = ADVANCED_FACE ( 'NONE', ( #3500 ), #10067, .F. ) ;
#8797 = LINE ( 'NONE', #2976, #3355 ) ;
#8798 = CARTESIAN_POINT ( 'NONE',  ( -1.409999999999999900, 0.8500000000000000900, 1.700000000000000000 ) ) ;
#8799 = VERTEX_POINT ( 'NONE', #11975 ) ;
#8800 = EDGE_CURVE ( 'NONE', #11534, #322, #8635, .T. ) ;
#8801 = SURFACE_SIDE_STYLE ('',( #11044 ) ) ;
#8802 = STYLED_ITEM ( 'NONE', ( #9099 ), #3398 ) ;
#8803 = FILL_AREA_STYLE_COLOUR ( '', #10987 ) ;
#8804 = VERTEX_POINT ( 'NONE', #1374 ) ;
#8805 = LINE ( 'NONE', #789, #11321 ) ;
#8806 = DIRECTION ( 'NONE',  ( 0.0000000000000000000, -0.0000000000000000000, -1.000000000000000000 ) ) ;
#8807 = FACE_OUTER_BOUND ( 'NONE', #9294, .T. ) ;
#8808 = FACE_OUTER_BOUND ( 'NONE', #4107, .T. ) ;
#8809 = EDGE_LOOP ( 'NONE', ( #3663, #11320, #5803, #10637, #11510, #6900, #2, #10668, #4454, #11481, #11822, #4765 ) ) ;
#8810 = SURFACE_STYLE_FILL_AREA ( #5562 ) ;
#8812 = VERTEX_POINT ( 'NONE', #2380 ) ;
#8811 = VECTOR ( 'NONE', #3128, 1000.000000000000000 ) ;
#8813 = AXIS2_PLACEMENT_3D ( 'NONE', #9167, #10196, #11882 ) ;
#8814 = PLANE ( 'NONE',  #7637 ) ;
#8815 = DIRECTION ( 'NONE',  ( -1.000000000000000000, 0.0000000000000000000, -1.626303258728256700E-016 ) ) ;
#8816 = EDGE_CURVE ( 'NONE', #240, #1715, #5773, .T. ) ;
#8817 = DIRECTION ( 'NONE',  ( 0.0000000000000000000, -1.000000000000000000, -3.336006684570785100E-016 ) ) ;
#8818 = LINE ( 'NONE', #7063, #9417 ) ;
#8819 = FILL_AREA_STYLE_COLOUR ( '', #9284 ) ;
#8820 = VERTEX_POINT ( 'NONE', #10108 ) ;
#8821 = DIRECTION ( 'NONE',  ( 0.0000000000000000000, -1.000000000000000000, 0.0000000000000000000 ) ) ;
#8822 = EDGE_CURVE ( 'NONE', #9325, #11634, #8336, .T. ) ;
#8823 = EDGE_CURVE ( 'NONE', #10597, #6045, #853, .T. ) ;
#8824 = CARTESIAN_POINT ( 'NONE',  ( -2.025000000000000800, -1.800000000000000500, 0.5999999999999966500 ) ) ;
#8825 = MECHANICAL_DESIGN_GEOMETRIC_PRESENTATION_REPRESENTATION (  '', ( #6888 ), #9469 ) ;
#8826 = FACE_OUTER_BOUND ( 'NONE', #1112, .T. ) ;
#8827 = ORIENTED_EDGE ( 'NONE', *, *, #7252, .T. ) ;
#8828 = DIRECTION ( 'NONE',  ( 0.0000000000000000000, 1.000000000000000000, 0.0000000000000000000 ) ) ;
#8829 = ORIENTED_EDGE ( 'NONE', *, *, #2603, .F. ) ;
#8830 = UNCERTAINTY_MEASURE_WITH_UNIT (LENGTH_MEASURE( 1.000000000000000100E-005 ), #4468, 'distance_accuracy_value', 'NONE');
#8831 = AXIS2_PLACEMENT_3D ( 'NONE', #5268, #5221, #5205 ) ;
#8832 = DIRECTION ( 'NONE',  ( 0.0000000000000000000, -0.7071067811865491300, 0.7071067811865459100 ) ) ;
#8833 = CARTESIAN_POINT ( 'NONE',  ( 3.400000000000002100, 0.8500000000000000900, 0.5999999999999966500 ) ) ;
#8834 = DIRECTION ( 'NONE',  ( 1.000000000000000000, 0.0000000000000000000, 0.0000000000000000000 ) ) ;
#8835 = LINE ( 'NONE', #7755, #1363 ) ;
#8836 = ORIENTED_EDGE ( 'NONE', *, *, #3758, .F. ) ;
#8837 = ORIENTED_EDGE ( 'NONE', *, *, #9433, .T. ) ;
#8838 = SURFACE_SIDE_STYLE ('',( #5423 ) ) ;
#8839 = STYLED_ITEM ( 'NONE', ( #11375 ), #9834 ) ;
#8840 = COLOUR_RGB ( '',0.8000000000000000400, 0.8078431372549019800, 0.8000000000000000400 ) ;
#8841 = LINE ( 'NONE', #5107, #10176 ) ;
#8842 = AXIS2_PLACEMENT_3D ( 'NONE', #55, #76, #106 ) ;
#8843 = LINE ( 'NONE', #11423, #6314 ) ;
#8844 = LINE ( 'NONE', #2538, #8554 ) ;
#8845 = CARTESIAN_POINT ( 'NONE',  ( -5.500000000000001800, 1.099999999999999600, 0.7999999999999954900 ) ) ;
#8846 = ORIENTED_EDGE ( 'NONE', *, *, #149, .F. ) ;
#8847 = PLANE ( 'NONE',  #6269 ) ;
#8848 = ADVANCED_FACE ( 'NONE', ( #11142 ), #12018, .F. ) ;
#8849 = UNCERTAINTY_MEASURE_WITH_UNIT (LENGTH_MEASURE( 1.000000000000000100E-005 ), #3481, 'distance_accuracy_value', 'NONE');
#8850 = SURFACE_STYLE_USAGE ( .BOTH. , #2044 ) ;
#8851 = STYLED_ITEM ( 'NONE', ( #594 ), #7976 ) ;
#8852 = PRESENTATION_STYLE_ASSIGNMENT (( #10482 ) ) ;
#8853 =( NAMED_UNIT ( * ) SI_UNIT ( $, .STERADIAN. ) SOLID_ANGLE_UNIT ( ) );
#8854 = FACE_OUTER_BOUND ( 'NONE', #1663, .T. ) ;
#8855 = DIRECTION ( 'NONE',  ( 0.0000000000000000000, 1.000000000000000000, 3.336006684570786100E-016 ) ) ;
#8856 = PLANE ( 'NONE',  #7272 ) ;
#8857 = LINE ( 'NONE', #2958, #3737 ) ;
#8858 = FACE_OUTER_BOUND ( 'NONE', #12208, .T. ) ;
#8860 = VERTEX_POINT ( 'NONE', #9197 ) ;
#8859 = FILL_AREA_STYLE ('',( #7888 ) ) ;
#8861 = DIRECTION ( 'NONE',  ( -1.000000000000000000, 0.0000000000000000000, 5.421010862427526500E-017 ) ) ;
#8862 = DIRECTION ( 'NONE',  ( 0.0000000000000000000, 1.000000000000000000, 0.0000000000000000000 ) ) ;
#8863 = EDGE_CURVE ( 'NONE', #3180, #4832, #8025, .T. ) ;
#8864 = ADVANCED_FACE ( 'NONE', ( #10565 ), #7313, .T. ) ;
#8865 =( NAMED_UNIT ( * ) PLANE_ANGLE_UNIT ( ) SI_UNIT ( $, .RADIAN. ) );
#8866 = SURFACE_STYLE_USAGE ( .BOTH. , #2068 ) ;
#8867 = VECTOR ( 'NONE', #11521, 999.9999999999998900 ) ;
#8868 = VERTEX_POINT ( 'NONE', #8291 ) ;
#8869 = PRESENTATION_LAYER_ASSIGNMENT (  '', '', ( #7576 ) ) ;
#8870 = ORIENTED_EDGE ( 'NONE', *, *, #8342, .F. ) ;
#8871 = CARTESIAN_POINT ( 'NONE',  ( 2.660000000000000100, 1.500000000000000000, 1.700000000000000000 ) ) ;
#8872 = CARTESIAN_POINT ( 'NONE',  ( 4.475000000000001400, -1.200000000000000400, 0.4899999999999967200 ) ) ;
#8873 = CARTESIAN_POINT ( 'NONE',  ( 2.660000000000000100, 2.499999999999999600, 1.734723475976807100E-015 ) ) ;
#8874 = DIRECTION ( 'NONE',  ( -1.000000000000000000, -0.0000000000000000000, -0.0000000000000000000 ) ) ;
#8875 = ORIENTED_EDGE ( 'NONE', *, *, #1299, .T. ) ;
#8876 = EDGE_CURVE ( 'NONE', #3648, #9771, #1925, .T. ) ;
#8877 = ORIENTED_EDGE ( 'NONE', *, *, #8005, .F. ) ;
#8878 = VERTEX_POINT ( 'NONE', #4496 ) ;
#8879 = SURFACE_STYLE_FILL_AREA ( #8491 ) ;
#8880 = DIRECTION ( 'NONE',  ( 0.0000000000000000000, 0.0000000000000000000, 1.000000000000000000 ) ) ;
#8881 = AXIS2_PLACEMENT_3D ( 'NONE', #11395, #10315, #11684 ) ;
#8883 = VECTOR ( 'NONE', #11784, 1000.000000000000000 ) ;
#8882 = CARTESIAN_POINT ( 'NONE',  ( -3.300000000000002500, 1.099999999999999900, -2.168404344971008900E-016 ) ) ;
#8884 = EDGE_CURVE ( 'NONE', #3570, #1868, #6817, .T. ) ;
#8885 = CARTESIAN_POINT ( 'NONE',  ( 3.400000000000002100, 0.8500000000000000900, 2.999999999999996400 ) ) ;
#8886 = VERTEX_POINT ( 'NONE', #11176 ) ;
#8887 =( LENGTH_UNIT ( ) NAMED_UNIT ( * ) SI_UNIT ( .MILLI., .METRE. ) );
#8888 = CARTESIAN_POINT ( 'NONE',  ( 1.409999999999999700, 2.000000000000000000, 1.774999999999999700 ) ) ;
#8889 = ORIENTED_EDGE ( 'NONE', *, *, #16, .F. ) ;
#8890 = ORIENTED_EDGE ( 'NONE', *, *, #11518, .T. ) ;
#8891 = EDGE_CURVE ( 'NONE', #1281, #2385, #11881, .T. ) ;
#8892 = EDGE_CURVE ( 'NONE', #1165, #7563, #1608, .T. ) ;
#8893 = DIRECTION ( 'NONE',  ( -0.2033118901005198900, -0.9241449550023804700, 0.3234507342508316500 ) ) ;
#8894 = LINE ( 'NONE', #56, #1436 ) ;
#8895 = CARTESIAN_POINT ( 'NONE',  ( 4.000000000000000000, 2.100000000000000100, 2.899999999999997700 ) ) ;
#8896 = ORIENTED_EDGE ( 'NONE', *, *, #4344, .T. ) ;
#8897 = EDGE_LOOP ( 'NONE', ( #11265, #1700, #11428, #9688 ) ) ;
#8898 = ORIENTED_EDGE ( 'NONE', *, *, #10568, .F. ) ;
#8899 = MECHANICAL_DESIGN_GEOMETRIC_PRESENTATION_REPRESENTATION (  '', ( #6970 ), #9547 ) ;
#8900 = CARTESIAN_POINT ( 'NONE',  ( -2.024999999999999900, -2.100000000000000100, 3.423118842698616300 ) ) ;
#8901 = ORIENTED_EDGE ( 'NONE', *, *, #4367, .T. ) ;
#8902 = EDGE_CURVE ( 'NONE', #8057, #4823, #7117, .T. ) ;
#8903 = EDGE_LOOP ( 'NONE', ( #8244, #11833, #9064, #244 ) ) ;
#8904 = LINE ( 'NONE', #6935, #1128 ) ;
#8905 = CARTESIAN_POINT ( 'NONE',  ( -4.575000000000002000, -1.100000000000000500, 1.155000000000000000 ) ) ;
#8906 = CARTESIAN_POINT ( 'NONE',  ( 4.665000000000004500, -1.200000000000000400, 1.229999999999997800 ) ) ;
#8907 = DIRECTION ( 'NONE',  ( 0.0000000000000000000, -1.000000000000000000, -1.495451272393799000E-016 ) ) ;
#8908 = LINE ( 'NONE', #8067, #1130 ) ;
#8909 = PLANE ( 'NONE',  #6716 ) ;
#8910 = CARTESIAN_POINT ( 'NONE',  ( -4.995000000000001900, 0.8999999999999991300, 1.529999999999997600 ) ) ;
#8911 = EDGE_CURVE ( 'NONE', #3551, #10716, #11586, .T. ) ;
#8912 = CARTESIAN_POINT ( 'NONE',  ( 0.1599999999999999800, 2.649999999999999500, 1.225000000000001900 ) ) ;
#8913 = UNCERTAINTY_MEASURE_WITH_UNIT (LENGTH_MEASURE( 1.000000000000000100E-005 ), #11899, 'distance_accuracy_value', 'NONE');
#8914 = FILL_AREA_STYLE_COLOUR ( '', #1230 ) ;
#8915 = ORIENTED_EDGE ( 'NONE', *, *, #10295, .T. ) ;
#8916 = UNCERTAINTY_MEASURE_WITH_UNIT (LENGTH_MEASURE( 1.000000000000000100E-005 ), #2298, 'distance_accuracy_value', 'NONE');
#8917 = FACE_OUTER_BOUND ( 'NONE', #6068, .T. ) ;
#8918 =( GEOMETRIC_REPRESENTATION_CONTEXT ( 3 ) GLOBAL_UNCERTAINTY_ASSIGNED_CONTEXT ( ( #1584 ) ) GLOBAL_UNIT_ASSIGNED_CONTEXT ( ( #9789, #4040, #10742 ) ) REPRESENTATION_CONTEXT ( 'NONE', 'WORKASPACE' ) );
#8919 = ADVANCED_FACE ( 'NONE', ( #6529 ), #6484, .F. ) ;
#8920 = CYLINDRICAL_SURFACE ( 'NONE', #5045, 0.3500000000000002600 ) ;
#8921 = AXIS2_PLACEMENT_3D ( 'NONE', #8511, #2690, #9471 ) ;
#8922 = ORIENTED_EDGE ( 'NONE', *, *, #1977, .T. ) ;
#8923 = PLANE ( 'NONE',  #12513 ) ;
#8924 = DIRECTION ( 'NONE',  ( 3.051828337366604500E-016, -0.0000000000000000000, 1.000000000000000000 ) ) ;
#8925 = CARTESIAN_POINT ( 'NONE',  ( -4.675000000000005200, 1.099999999999999600, 0.0000000000000000000 ) ) ;
#8926 = DIRECTION ( 'NONE',  ( 0.0000000000000000000, -1.000000000000000000, 0.0000000000000000000 ) ) ;
#8927 = VECTOR ( 'NONE', #4274, 1000.000000000000000 ) ;
#8928 = EDGE_CURVE ( 'NONE', #10357, #1847, #6238, .T. ) ;
#8929 = ORIENTED_EDGE ( 'NONE', *, *, #7633, .T. ) ;
#8930 = VECTOR ( 'NONE', #505, 1000.000000000000000 ) ;
#8931 = ORIENTED_EDGE ( 'NONE', *, *, #4689, .T. ) ;
#8932 = CARTESIAN_POINT ( 'NONE',  ( -1.090000000000000100, 1.500000000000000000, 1.775000000000001700 ) ) ;
#8933 = CARTESIAN_POINT ( 'NONE',  ( 1.089999999999999900, 2.099999999999999600, 0.8750000000000017800 ) ) ;
#8934 = ORIENTED_EDGE ( 'NONE', *, *, #7024, .T. ) ;
#8935 = ORIENTED_EDGE ( 'NONE', *, *, #7359, .F. ) ;
#8936 = PRESENTATION_LAYER_ASSIGNMENT (  '', '', ( #7664 ) ) ;
#8937 = CARTESIAN_POINT ( 'NONE',  ( -0.1599999999999999800, 2.649999999999999500, 1.375000000000001800 ) ) ;
#8938 = VECTOR ( 'NONE', #9968, 1000.000000000000100 ) ;
#8939 = SURFACE_STYLE_USAGE ( .BOTH. , #2164 ) ;
#8940 = DIRECTION ( 'NONE',  ( 0.0000000000000000000, 1.000000000000000000, 0.0000000000000000000 ) ) ;
#8941 = LINE ( 'NONE', #7965, #3830 ) ;
#8942 = VERTEX_POINT ( 'NONE', #8409 ) ;
#8943 = CARTESIAN_POINT ( 'NONE',  ( -3.499999999999999600, 1.500000000000000400, 2.899999999999997700 ) ) ;
#8944 = EDGE_CURVE ( 'NONE', #4942, #11532, #10979, .T. ) ;
#8945 = CARTESIAN_POINT ( 'NONE',  ( -2.339999999999999900, 1.500000000000000000, 1.699999999999998800 ) ) ;
#8946 = ORIENTED_EDGE ( 'NONE', *, *, #7739, .F. ) ;
#8947 = ORIENTED_EDGE ( 'NONE', *, *, #5249, .T. ) ;
#8948 = CARTESIAN_POINT ( 'NONE',  ( -4.235000000000002100, -1.200000000000000400, 1.529999999999997600 ) ) ;
#8949 = LINE ( 'NONE', #8199, #11462 ) ;
#8950 = VECTOR ( 'NONE', #3778, 1000.000000000000000 ) ;
#8951 = LINE ( 'NONE', #12076, #1173 ) ;
#8952 = CARTESIAN_POINT ( 'NONE',  ( 0.1599999999999999800, 1.500000000000000000, 1.699999999999998800 ) ) ;
#8953 = VECTOR ( 'NONE', #11785, 1000.000000000000000 ) ;
#8954 = DIRECTION ( 'NONE',  ( 0.0000000000000000000, 0.0000000000000000000, -1.000000000000000000 ) ) ;
#8955 = AXIS2_PLACEMENT_3D ( 'NONE', #1919, #2012, #2026 ) ;
#8956 = CARTESIAN_POINT ( 'NONE',  ( 4.035000000000001000, 1.099999999999999600, 0.0000000000000000000 ) ) ;
#8957 = ORIENTED_EDGE ( 'NONE', *, *, #3637, .T. ) ;
#8958 = VERTEX_POINT ( 'NONE', #3594 ) ;
#8959 = SURFACE_STYLE_FILL_AREA ( #11318 ) ;
#8960 =( NAMED_UNIT ( * ) SI_UNIT ( $, .STERADIAN. ) SOLID_ANGLE_UNIT ( ) );
#8961 = DIRECTION ( 'NONE',  ( -1.000000000000000000, 8.673617379884035500E-016, 3.252606517456513300E-016 ) ) ;
#8962 = EDGE_CURVE ( 'NONE', #9771, #3516, #995, .T. ) ;
#8963 = LINE ( 'NONE', #154, #6431 ) ;
#8964 = ORIENTED_EDGE ( 'NONE', *, *, #5929, .T. ) ;
#8965 = CARTESIAN_POINT ( 'NONE',  ( 0.1599999999999999800, 3.099999999999999600, 0.2000000000000018700 ) ) ;
#8966 = AXIS2_PLACEMENT_3D ( 'NONE', #4014, #3135, #3094 ) ;
#8967 = ORIENTED_EDGE ( 'NONE', *, *, #8496, .T. ) ;
#8968 = DIRECTION ( 'NONE',  ( 1.000000000000000000, 0.0000000000000000000, -4.170008355713467800E-016 ) ) ;
#8969 = DIRECTION ( 'NONE',  ( -0.0000000000000000000, 1.000000000000000000, -0.0000000000000000000 ) ) ;
#8970 = PLANE ( 'NONE',  #6007 ) ;
#8971 = ORIENTED_EDGE ( 'NONE', *, *, #1178, .F. ) ;
#8972 = AXIS2_PLACEMENT_3D ( 'NONE', #5016, #3491, #3450 ) ;
#8973 = CARTESIAN_POINT ( 'NONE',  ( 3.400000000000002100, -1.800000000000000500, 0.5999999999999966500 ) ) ;
#8974 = EDGE_CURVE ( 'NONE', #7719, #11259, #1295, .T. ) ;
#8975 = CARTESIAN_POINT ( 'NONE',  ( 2.500000000000000000, 0.0000000000000000000, 2.899999999999997700 ) ) ;
#8976 = DIRECTION ( 'NONE',  ( 0.0000000000000000000, 0.0000000000000000000, -1.000000000000000000 ) ) ;
#8977 = ORIENTED_EDGE ( 'NONE', *, *, #9433, .F. ) ;
#8978 = ADVANCED_FACE ( 'NONE', ( #695 ), #9406, .F. ) ;
#8979 = PLANE ( 'NONE',  #6837 ) ;
#8980 = UNCERTAINTY_MEASURE_WITH_UNIT (LENGTH_MEASURE( 1.000000000000000100E-005 ), #11165, 'distance_accuracy_value', 'NONE');
#8981 = EDGE_CURVE ( 'NONE', #2114, #11531, #7266, .T. ) ;
#8982 = DIRECTION ( 'NONE',  ( 0.0000000000000000000, -1.000000000000000000, 0.0000000000000000000 ) ) ;
#8983 = SURFACE_STYLE_FILL_AREA ( #11408 ) ;
#8984 = ORIENTED_EDGE ( 'NONE', *, *, #4536, .F. ) ;
#8985 = UNCERTAINTY_MEASURE_WITH_UNIT (LENGTH_MEASURE( 1.000000000000000100E-005 ), #7039, 'distance_accuracy_value', 'NONE');
#8986 = ORIENTED_EDGE ( 'NONE', *, *, #4303, .F. ) ;
#8987 = PLANE ( 'NONE',  #5460 ) ;
#8988 = DIRECTION ( 'NONE',  ( 1.885568995626964300E-016, 1.000000000000000000, 0.0000000000000000000 ) ) ;
#8989 = EDGE_LOOP ( 'NONE', ( #7466, #5275, #12231, #1364, #2106, #895, #2933, #3533, #10102, #6261, #7789, #9623, #279, #7962, #8063, #8756, #4258, #11469 ) ) ;
#8990 = CARTESIAN_POINT ( 'NONE',  ( -5.500000000000001800, -1.100000000000000500, 7.668747073677960000E-017 ) ) ;
#8991 = FACE_OUTER_BOUND ( 'NONE', #11283, .T. ) ;
#8992 = AXIS2_PLACEMENT_3D ( 'NONE', #9759, #6916, #1046 ) ;
#8993 = CARTESIAN_POINT ( 'NONE',  ( 5.000000000000000900, 1.099999999999999600, 0.2999999999999975500 ) ) ;
#8994 = PRESENTATION_STYLE_ASSIGNMENT (( #3415 ) ) ;
#8995 = CARTESIAN_POINT ( 'NONE',  ( -5.500000000000001800, 1.099999999999999600, 1.899999999999997700 ) ) ;
#8996 = SURFACE_STYLE_FILL_AREA ( #11257 ) ;
#8997 = CARTESIAN_POINT ( 'NONE',  ( -1.409999999999999900, 1.500000000000000000, 1.700000000000000000 ) ) ;
#8998 = MECHANICAL_DESIGN_GEOMETRIC_PRESENTATION_REPRESENTATION (  '', ( #7070 ), #9643 ) ;
#8999 = ORIENTED_EDGE ( 'NONE', *, *, #2066, .F. ) ;
#9000 = ORIENTED_EDGE ( 'NONE', *, *, #1140, .T. ) ;
#9001 =( NAMED_UNIT ( * ) SI_UNIT ( $, .STERADIAN. ) SOLID_ANGLE_UNIT ( ) );
#9002 = LINE ( 'NONE', #8488, #1545 ) ;
#9003 = SURFACE_STYLE_USAGE ( .BOTH. , #9079 ) ;
#9004 = FACE_OUTER_BOUND ( 'NONE', #3548, .T. ) ;
#9005 = CARTESIAN_POINT ( 'NONE',  ( -4.225000000000001400, -1.100000000000000500, 1.155000000000000000 ) ) ;
#9006 = ORIENTED_EDGE ( 'NONE', *, *, #7058, .T. ) ;
#9007 = CARTESIAN_POINT ( 'NONE',  ( 1.409999999999999700, -0.8999999999999958000, 0.9499999999999981800 ) ) ;
#9008 = ORIENTED_EDGE ( 'NONE', *, *, #1850, .F. ) ;
#9009 = ORIENTED_EDGE ( 'NONE', *, *, #10704, .F. ) ;
#9010 = MECHANICAL_DESIGN_GEOMETRIC_PRESENTATION_REPRESENTATION (  '', ( #7721 ), #9653 ) ;
#9011 = ORIENTED_EDGE ( 'NONE', *, *, #11280, .F. ) ;
#9012 = DIRECTION ( 'NONE',  ( 6.195440985631453300E-016, 0.0000000000000000000, -1.000000000000000000 ) ) ;
#9013 = FILL_AREA_STYLE ('',( #3173 ) ) ;
#9014 = CIRCLE ( 'NONE', #992, 0.3500000000000004800 ) ;
#9015 = CARTESIAN_POINT ( 'NONE',  ( -4.000000000000001800, 2.100000000000000100, 0.5000000000000013300 ) ) ;
#9016 = LINE ( 'NONE', #11387, #11527 ) ;
#9017 = VECTOR ( 'NONE', #5737, 1000.000000000000000 ) ;
#9018 = DIRECTION ( 'NONE',  ( 0.0000000000000000000, 1.000000000000000000, 0.0000000000000000000 ) ) ;
#9019 = EDGE_LOOP ( 'NONE', ( #9701, #5176, #7426, #4588 ) ) ;
#9020 = VERTEX_POINT ( 'NONE', #8487 ) ;
#9021 = ORIENTED_EDGE ( 'NONE', *, *, #10224, .F. ) ;
#9022 = CARTESIAN_POINT ( 'NONE',  ( -3.700000000000002000, 0.8500000000000000900, 2.299999999999996300 ) ) ;
#9023 = EDGE_CURVE ( 'NONE', #9352, #617, #2084, .T. ) ;
#9024 = COLOUR_RGB ( '',0.8000000000000000400, 0.8078431372549019800, 0.8000000000000000400 ) ;
#9025 = VECTOR ( 'NONE', #431, 1000.000000000000100 ) ;
#9026 = CARTESIAN_POINT ( 'NONE',  ( 1.724999999999999600, -1.800000000000000500, 0.5999999999999967600 ) ) ;
#9027 = EDGE_CURVE ( 'NONE', #9974, #6763, #2403, .T. ) ;
#9028 = DIRECTION ( 'NONE',  ( -0.0000000000000000000, -0.0000000000000000000, 1.000000000000000000 ) ) ;
#9029 = STYLED_ITEM ( 'NONE', ( #6414 ), #12198 ) ;
#9030 = ORIENTED_EDGE ( 'NONE', *, *, #5332, .F. ) ;
#9031 = DIRECTION ( 'NONE',  ( -1.000000000000000000, -0.0000000000000000000, -0.0000000000000000000 ) ) ;
#9032 =( NAMED_UNIT ( * ) SI_UNIT ( $, .STERADIAN. ) SOLID_ANGLE_UNIT ( ) );
#9033 = CARTESIAN_POINT ( 'NONE',  ( -2.339999999999999900, 3.099999999999999600, 0.5000000000000017800 ) ) ;
#9034 = COLOUR_RGB ( '',0.8000000000000000400, 0.8078431372549019800, 0.8000000000000000400 ) ;
#9035 = CARTESIAN_POINT ( 'NONE',  ( -2.660000000000000100, -0.8999999999999958000, 0.9499999999999981800 ) ) ;
#9036 = FACE_OUTER_BOUND ( 'NONE', #10429, .T. ) ;
#9037 = EDGE_CURVE ( 'NONE', #8344, #11121, #9818, .T. ) ;
#9038 = VECTOR ( 'NONE', #12528, 1000.000000000000000 ) ;
#9039 = ADVANCED_FACE ( 'NONE', ( #11730 ), #8533, .F. ) ;
#9040 = CARTESIAN_POINT ( 'NONE',  ( 0.1599999999999999800, 2.000000000000000000, 1.775000000000001500 ) ) ;
#9041 = VERTEX_POINT ( 'NONE', #6608 ) ;
#9042 = DIRECTION ( 'NONE',  ( 1.000000000000000000, -0.0000000000000000000, 0.0000000000000000000 ) ) ;
#9043 = PRESENTATION_LAYER_ASSIGNMENT (  '', '', ( #7764 ) ) ;
#9044 = LINE ( 'NONE', #12195, #8457 ) ;
#9045 = DIRECTION ( 'NONE',  ( -1.000000000000000000, -0.0000000000000000000, -0.0000000000000000000 ) ) ;
#9046 = EDGE_CURVE ( 'NONE', #2576, #5849, #844, .T. ) ;
#9047 = EDGE_LOOP ( 'NONE', ( #5819, #1181, #10633, #12364, #7054 ) ) ;
#9048 = CARTESIAN_POINT ( 'NONE',  ( 0.0000000000000000000, 2.100000000000000100, 0.0000000000000000000 ) ) ;
#9049 = UNCERTAINTY_MEASURE_WITH_UNIT (LENGTH_MEASURE( 1.000000000000000100E-005 ), #7612, 'distance_accuracy_value', 'NONE');
#9050 = EDGE_CURVE ( 'NONE', #5278, #6224, #3492, .T. ) ;
#9051 = EDGE_CURVE ( 'NONE', #8720, #1564, #5765, .T. ) ;
#9052 = ORIENTED_EDGE ( 'NONE', *, *, #9388, .T. ) ;
#9053 = MECHANICAL_DESIGN_GEOMETRIC_PRESENTATION_REPRESENTATION (  '', ( #7121 ), #9700 ) ;
#9054 = CARTESIAN_POINT ( 'NONE',  ( 1.089999999999999900, 2.799999999999999400, 0.5000000000000017800 ) ) ;
#9055 = FACE_OUTER_BOUND ( 'NONE', #3311, .T. ) ;
#9056 = DIRECTION ( 'NONE',  ( -3.051828337366604500E-016, 0.0000000000000000000, -1.000000000000000000 ) ) ;
#9057 = LINE ( 'NONE', #7769, #8760 ) ;
#9058 = ORIENTED_EDGE ( 'NONE', *, *, #9217, .T. ) ;
#9059 = FILL_AREA_STYLE_COLOUR ( '', #4876 ) ;
#9060 = FILL_AREA_STYLE_COLOUR ( '', #5055 ) ;
#9061 = DIRECTION ( 'NONE',  ( 0.0000000000000000000, 0.0000000000000000000, -1.000000000000000000 ) ) ;
#9062 = UNCERTAINTY_MEASURE_WITH_UNIT (LENGTH_MEASURE( 1.000000000000000100E-005 ), #4793, 'distance_accuracy_value', 'NONE');
#9063 = AXIS2_PLACEMENT_3D ( 'NONE', #6725, #852, #7694 ) ;
#9064 = ORIENTED_EDGE ( 'NONE', *, *, #3896, .T. ) ;
#9065 = EDGE_LOOP ( 'NONE', ( #819, #231, #1278, #6103 ) ) ;
#9066 = CARTESIAN_POINT ( 'NONE',  ( 3.463333333333330300, -0.6316666666666708200, 2.761666666666667600 ) ) ;
#9067 = LINE ( 'NONE', #5266, #1292 ) ;
#9068 = PLANE ( 'NONE',  #11416 ) ;
#9069 = VECTOR ( 'NONE', #1544, 1000.000000000000000 ) ;
#9070 = AXIS2_PLACEMENT_3D ( 'NONE', #470, #1258, #2251 ) ;
#9071 = VECTOR ( 'NONE', #8893, 1000.000000000000200 ) ;
#9072 = CARTESIAN_POINT ( 'NONE',  ( -4.475000000000001400, 1.099999999999999600, 1.155000000000000000 ) ) ;
#9073 = CARTESIAN_POINT ( 'NONE',  ( 5.195000000000002900, 1.099999999999999600, 1.529999999999998000 ) ) ;
#9074 = ORIENTED_EDGE ( 'NONE', *, *, #3803, .F. ) ;
#9075 = ORIENTED_EDGE ( 'NONE', *, *, #5578, .T. ) ;
#9076 = PRESENTATION_LAYER_ASSIGNMENT (  '', '', ( #7804 ) ) ;
#9077 = LINE ( 'NONE', #2918, #1004 ) ;
#9078 = FACE_OUTER_BOUND ( 'NONE', #10468, .T. ) ;
#9079 = SURFACE_SIDE_STYLE ('',( #309 ) ) ;
#9080 = CARTESIAN_POINT ( 'NONE',  ( -2.339999999999999900, 2.000000000000000000, 1.775000000000001500 ) ) ;
#9081 = SURFACE_STYLE_FILL_AREA ( #10098 ) ;
#9082 = STYLED_ITEM ( 'NONE', ( #11157 ), #10939 ) ;
#9083 = LINE ( 'NONE', #4055, #3969 ) ;
#9084 = CARTESIAN_POINT ( 'NONE',  ( -2.025000000000000800, -1.799999999999999600, 0.5999999999999975400 ) ) ;
#9085 = ORIENTED_EDGE ( 'NONE', *, *, #1482, .T. ) ;
#9086 = ADVANCED_FACE ( 'NONE', ( #10554 ), #7652, .F. ) ;
#9087 = DIRECTION ( 'NONE',  ( -1.000000000000000000, -0.0000000000000000000, -0.0000000000000000000 ) ) ;
#9088 = DIRECTION ( 'NONE',  ( 0.0000000000000000000, 1.000000000000000000, 1.355252715606878600E-016 ) ) ;
#9089 = VERTEX_POINT ( 'NONE', #6677 ) ;
#9090 = LINE ( 'NONE', #10689, #3977 ) ;
#9091 = EDGE_LOOP ( 'NONE', ( #1704, #10379, #3414, #12436 ) ) ;
#9092 = CARTESIAN_POINT ( 'NONE',  ( -0.1599999999999999800, 2.499999999999999600, 1.734723475976807100E-015 ) ) ;
#9093 = EDGE_CURVE ( 'NONE', #8605, #10770, #9665, .T. ) ;
#9094 = FACE_OUTER_BOUND ( 'NONE', #7741, .T. ) ;
#9095 = VECTOR ( 'NONE', #4919, 1000.000000000000000 ) ;
#9096 = CIRCLE ( 'NONE', #6450, 0.1999999999999998700 ) ;
#9097 = CARTESIAN_POINT ( 'NONE',  ( -5.195000000000005600, 1.099999999999999600, 1.029999999999995400 ) ) ;
#9098 = EDGE_LOOP ( 'NONE', ( #9234, #10989, #6860, #3077 ) ) ;
#9099 = PRESENTATION_STYLE_ASSIGNMENT (( #12007 ) ) ;
#9100 = ORIENTED_EDGE ( 'NONE', *, *, #4806, .T. ) ;
#9101 = MECHANICAL_DESIGN_GEOMETRIC_PRESENTATION_REPRESENTATION (  '', ( #7174 ), #9744 ) ;
#9102 = ADVANCED_FACE ( 'NONE', ( #7104 ), #851, .F. ) ;
#9103 = ORIENTED_EDGE ( 'NONE', *, *, #191, .T. ) ;
#9104 = LINE ( 'NONE', #747, #6565 ) ;
#9105 = ORIENTED_EDGE ( 'NONE', *, *, #1703, .F. ) ;
#9106 =( NAMED_UNIT ( * ) SI_UNIT ( $, .STERADIAN. ) SOLID_ANGLE_UNIT ( ) );
#9107 = CARTESIAN_POINT ( 'NONE',  ( -1.090000000000000100, 2.000000000000000000, 1.774999999999999700 ) ) ;
#9108 = VECTOR ( 'NONE', #199, 1000.000000000000000 ) ;
#9109 = CARTESIAN_POINT ( 'NONE',  ( -4.000000000000000000, 2.100000000000000100, 3.399999999999996800 ) ) ;
#9110 = VERTEX_POINT ( 'NONE', #12459 ) ;
#9111 = FACE_OUTER_BOUND ( 'NONE', #3079, .T. ) ;
#9112 = LINE ( 'NONE', #3367, #1344 ) ;
#9113 = CARTESIAN_POINT ( 'NONE',  ( -2.660000000000000100, 1.500000000000000000, 1.699999999999998800 ) ) ;
#9114 = EDGE_CURVE ( 'NONE', #1591, #11693, #1913, .T. ) ;
#9115 = VECTOR ( 'NONE', #8583, 1000.000000000000000 ) ;
#9116 = DIRECTION ( 'NONE',  ( 1.000000000000000000, 0.0000000000000000000, -3.051828337366604500E-016 ) ) ;
#9117 = CARTESIAN_POINT ( 'NONE',  ( 3.700000000000002000, -2.100000000000000100, 2.299999999999996300 ) ) ;
#9118 = CARTESIAN_POINT ( 'NONE',  ( 2.339999999999999900, 1.500000000000000000, 1.775000000000001700 ) ) ;
#9119 = CARTESIAN_POINT ( 'NONE',  ( -2.750000000000001300, 1.500000000000000400, 3.399999999999997700 ) ) ;
#9120 = CARTESIAN_POINT ( 'NONE',  ( -2.339999999999999900, 0.8500000000000000900, 0.9499999999999998400 ) ) ;
#9121 = VECTOR ( 'NONE', #7111, 1000.000000000000000 ) ;
#9122 = ORIENTED_EDGE ( 'NONE', *, *, #6388, .F. ) ;
#9123 = EDGE_LOOP ( 'NONE', ( #11815, #25, #8346, #5563 ) ) ;
#9124 = AXIS2_PLACEMENT_3D ( 'NONE', #5852, #5869, #5854 ) ;
#9125 = VECTOR ( 'NONE', #1896, 1000.000000000000000 ) ;
#9126 = CARTESIAN_POINT ( 'NONE',  ( 4.500000000000002700, -1.700000000000000400, 2.199999999999997500 ) ) ;
#9127 = EDGE_LOOP ( 'NONE', ( #10479, #1091, #4990, #1991 ) ) ;
#9128 = EDGE_CURVE ( 'NONE', #760, #1791, #11870, .T. ) ;
#9129 = ORIENTED_EDGE ( 'NONE', *, *, #4868, .F. ) ;
#9130 = ORIENTED_EDGE ( 'NONE', *, *, #6720, .T. ) ;
#9131 = VERTEX_POINT ( 'NONE', #9654 ) ;
#9132 = DIRECTION ( 'NONE',  ( 0.0000000000000000000, 1.000000000000000000, 0.0000000000000000000 ) ) ;
#9133 = EDGE_CURVE ( 'NONE', #9743, #7984, #1602, .T. ) ;
#9134 = EDGE_CURVE ( 'NONE', #4676, #1392, #2239, .T. ) ;
#9135 = CARTESIAN_POINT ( 'NONE',  ( -1.090000000000000100, 2.000000000000000000, 1.775000000000001500 ) ) ;
#9136 = AXIS2_PLACEMENT_3D ( 'NONE', #7275, #7315, #7329 ) ;
#9137 = ORIENTED_EDGE ( 'NONE', *, *, #9037, .F. ) ;
#9138 = SURFACE_SIDE_STYLE ('',( #7081 ) ) ;
#9139 = VECTOR ( 'NONE', #4914, 1000.000000000000000 ) ;
#9140 = CARTESIAN_POINT ( 'NONE',  ( 2.660000000000000100, 2.000000000000000000, 1.774999999999999700 ) ) ;
#9141 = ORIENTED_EDGE ( 'NONE', *, *, #2732, .T. ) ;
#9142 = CARTESIAN_POINT ( 'NONE',  ( 4.575000000000002000, -1.100000000000000500, 1.255000000000000100 ) ) ;
#9143 = LINE ( 'NONE', #363, #4024 ) ;
#9144 = UNCERTAINTY_MEASURE_WITH_UNIT (LENGTH_MEASURE( 1.000000000000000100E-005 ), #6591, 'distance_accuracy_value', 'NONE');
#9145 = MECHANICAL_DESIGN_GEOMETRIC_PRESENTATION_REPRESENTATION (  '', ( #7204 ), #9774 ) ;
#9146 = EDGE_CURVE ( 'NONE', #7148, #12250, #4241, .T. ) ;
#9148 = VERTEX_POINT ( 'NONE', #6797 ) ;
#9147 = PLANE ( 'NONE',  #9551 ) ;
#9149 = AXIS2_PLACEMENT_3D ( 'NONE', #60, #2059, #6015 ) ;
#9150 = LINE ( 'NONE', #767, #6892 ) ;
#9151 = FILL_AREA_STYLE_COLOUR ( '', #3667 ) ;
#9152 = VECTOR ( 'NONE', #2087, 1000.000000000000000 ) ;
#9153 = EDGE_CURVE ( 'NONE', #11128, #9474, #9057, .T. ) ;
#9154 = FILL_AREA_STYLE_COLOUR ( '', #8659 ) ;
#9155 = VECTOR ( 'NONE', #10070, 1000.000000000000000 ) ;
#9156 =( GEOMETRIC_REPRESENTATION_CONTEXT ( 3 ) GLOBAL_UNCERTAINTY_ASSIGNED_CONTEXT ( ( #4059 ) ) GLOBAL_UNIT_ASSIGNED_CONTEXT ( ( #3070, #2984, #3006 ) ) REPRESENTATION_CONTEXT ( 'NONE', 'WORKASPACE' ) );
#9157 = ORIENTED_EDGE ( 'NONE', *, *, #959, .F. ) ;
#9158 = ADVANCED_FACE ( 'NONE', ( #6518 ), #3936, .F. ) ;
#9159 = DIRECTION ( 'NONE',  ( 0.0000000000000000000, 1.000000000000000000, 0.0000000000000000000 ) ) ;
#9160 = ORIENTED_EDGE ( 'NONE', *, *, #7102, .F. ) ;
#9161 = CARTESIAN_POINT ( 'NONE',  ( 1.409999999999999700, 2.799999999999999800, 1.225000000000001900 ) ) ;
#9162 = CARTESIAN_POINT ( 'NONE',  ( -4.675000000000002500, 1.099999999999999600, -5.421010862427522200E-017 ) ) ;
#9163 = PRESENTATION_LAYER_ASSIGNMENT (  '', '', ( #7871 ) ) ;
#9164 = DIRECTION ( 'NONE',  ( 0.0000000000000000000, 1.000000000000000000, -4.336808689942017700E-016 ) ) ;
#9165 = SURFACE_STYLE_FILL_AREA ( #3462 ) ;
#9166 = VECTOR ( 'NONE', #9826, 1000.000000000000000 ) ;
#9167 = CARTESIAN_POINT ( 'NONE',  ( -4.000000000000001800, 2.100000000000000100, 0.2000000000000000100 ) ) ;
#9168 = CARTESIAN_POINT ( 'NONE',  ( 0.0000000000000000000, 1.099999999999999600, 0.0000000000000000000 ) ) ;
#9169 = LINE ( 'NONE', #10665, #3751 ) ;
#9170 = DIRECTION ( 'NONE',  ( -2.891205793294679400E-015, 0.0000000000000000000, 1.000000000000000000 ) ) ;
#9171 = VERTEX_POINT ( 'NONE', #1923 ) ;
#9172 = VERTEX_POINT ( 'NONE', #12546 ) ;
#9173 = ADVANCED_FACE ( 'NONE', ( #985 ), #973, .T. ) ;
#9174 = EDGE_CURVE ( 'NONE', #10032, #5834, #2691, .T. ) ;
#9175 = VECTOR ( 'NONE', #2079, 1000.000000000000000 ) ;
#9176 = DIRECTION ( 'NONE',  ( -1.000000000000000000, -0.0000000000000000000, 0.0000000000000000000 ) ) ;
#9177 = AXIS2_PLACEMENT_3D ( 'NONE', #3432, #10149, #4402 ) ;
#9178 = ORIENTED_EDGE ( 'NONE', *, *, #10696, .F. ) ;
#9179 = VERTEX_POINT ( 'NONE', #1008 ) ;
#9180 = CARTESIAN_POINT ( 'NONE',  ( -3.400000000000001700, -0.8000000000000020400, 2.999999999999996400 ) ) ;
#9181 = DIRECTION ( 'NONE',  ( -0.0000000000000000000, -0.0000000000000000000, -1.000000000000000000 ) ) ;
#9182 = CARTESIAN_POINT ( 'NONE',  ( -1.725000000000000500, -0.6500000000000003600, 0.1999999999999993200 ) ) ;
#9183 = CARTESIAN_POINT ( 'NONE',  ( 2.660000000000000100, 2.000000000000000000, 1.775000000000001500 ) ) ;
#9184 = VECTOR ( 'NONE', #8924, 1000.000000000000000 ) ;
#9185 = ORIENTED_EDGE ( 'NONE', *, *, #59, .T. ) ;
#9186 = EDGE_CURVE ( 'NONE', #6387, #1256, #10096, .T. ) ;
#9187 = CARTESIAN_POINT ( 'NONE',  ( 4.475000000000001400, -1.200000000000000400, 0.2999999999999975500 ) ) ;
#9188 = DIRECTION ( 'NONE',  ( 0.0000000000000000000, 0.0000000000000000000, -1.000000000000000000 ) ) ;
#9189 = ORIENTED_EDGE ( 'NONE', *, *, #4805, .T. ) ;
#9190 = FILL_AREA_STYLE ('',( #1410 ) ) ;
#9191 = EDGE_CURVE ( 'NONE', #11522, #5565, #51, .T. ) ;
#9192 = VECTOR ( 'NONE', #1333, 1000.000000000000000 ) ;
#9193 = CARTESIAN_POINT ( 'NONE',  ( -1.724999999999999600, -2.100000000000000100, 3.423118842698616300 ) ) ;
#9194 = EDGE_LOOP ( 'NONE', ( #10079, #4161, #12144, #6814, #5342, #1489, #7743, #3093, #8947, #4159, #12143, #9279 ) ) ;
#9195 = PLANE ( 'NONE',  #6363 ) ;
#9196 = VECTOR ( 'NONE', #888, 1000.000000000000000 ) ;
#9197 = CARTESIAN_POINT ( 'NONE',  ( -2.660000000000000100, 2.000000000000000000, 1.774999999999999700 ) ) ;
#9198 = CARTESIAN_POINT ( 'NONE',  ( -2.424999999999999800, -0.6500000000000002400, 3.423118842698616800 ) ) ;
#9199 = DIRECTION ( 'NONE',  ( 0.0000000000000000000, 0.0000000000000000000, -1.000000000000000000 ) ) ;
#9200 = VERTEX_POINT ( 'NONE', #4993 ) ;
#9201 = VERTEX_POINT ( 'NONE', #5969 ) ;
#9202 = EDGE_CURVE ( 'NONE', #10203, #8605, #9803, .T. ) ;
#9203 = FACE_OUTER_BOUND ( 'NONE', #2247, .T. ) ;
#9204 = AXIS2_PLACEMENT_3D ( 'NONE', #6870, #6791, #6755 ) ;
#9205 = LINE ( 'NONE', #8325, #7254 ) ;
#9206 = CARTESIAN_POINT ( 'NONE',  ( 4.475000000000001400, 1.099999999999999600, 0.4499999999999999600 ) ) ;
#9207 = DIRECTION ( 'NONE',  ( 0.0000000000000000000, 0.7071067811865462400, -0.7071067811865489100 ) ) ;
#9208 = CARTESIAN_POINT ( 'NONE',  ( 3.800000000000001600, -2.100000000000000100, -2.385244779468109800E-015 ) ) ;
#9209 = MECHANICAL_DESIGN_GEOMETRIC_PRESENTATION_REPRESENTATION (  '', ( #7282 ), #9856 ) ;
#9210 = ORIENTED_EDGE ( 'NONE', *, *, #4879, .T. ) ;
#9211 = CARTESIAN_POINT ( 'NONE',  ( 3.100000000000001000, -1.100000000000000500, 2.999999999999997300 ) ) ;
#9212 = ADVANCED_FACE ( 'NONE', ( #2390 ), #3952, .T. ) ;
#9213 = EDGE_CURVE ( 'NONE', #8720, #6357, #1612, .T. ) ;
#9214 = CARTESIAN_POINT ( 'NONE',  ( -0.1599999999999999800, 1.500000000000000000, 0.8749999999999998900 ) ) ;
#9215 = CIRCLE ( 'NONE', #12296, 0.4499999999999999000 ) ;
#9216 = DIRECTION ( 'NONE',  ( -1.000000000000000000, -0.0000000000000000000, -0.0000000000000000000 ) ) ;
#9217 = EDGE_CURVE ( 'NONE', #3762, #6494, #6532, .T. ) ;
#9218 = STYLED_ITEM ( 'NONE', ( #7793 ), #5392 ) ;
#9219 = UNCERTAINTY_MEASURE_WITH_UNIT (LENGTH_MEASURE( 1.000000000000000100E-005 ), #847, 'distance_accuracy_value', 'NONE');
#9220 = VERTEX_POINT ( 'NONE', #6963 ) ;
#9221 = DIRECTION ( 'NONE',  ( 0.0000000000000000000, 0.0000000000000000000, 1.000000000000000000 ) ) ;
#9222 = ADVANCED_FACE ( 'NONE', ( #11588 ), #3100, .T. ) ;
#9223 = COLOUR_RGB ( '',0.8000000000000000400, 0.8078431372549019800, 0.8000000000000000400 ) ;
#9224 =( GEOMETRIC_REPRESENTATION_CONTEXT ( 3 ) GLOBAL_UNCERTAINTY_ASSIGNED_CONTEXT ( ( #4906 ) ) GLOBAL_UNIT_ASSIGNED_CONTEXT ( ( #6704, #5867, #3921 ) ) REPRESENTATION_CONTEXT ( 'NONE', 'WORKASPACE' ) );
#9225 = VECTOR ( 'NONE', #4234, 1000.000000000000000 ) ;
#9226 = CARTESIAN_POINT ( 'NONE',  ( 0.1600000000000000300, 1.500000000000000000, 0.8749999999999998900 ) ) ;
#9227 = VERTEX_POINT ( 'NONE', #2155 ) ;
#9228 = DIRECTION ( 'NONE',  ( -0.0000000000000000000, -0.0000000000000000000, 1.000000000000000000 ) ) ;
#9229 = VERTEX_POINT ( 'NONE', #10835 ) ;
#9230 = VECTOR ( 'NONE', #932, 1000.000000000000000 ) ;
#9231 = PRESENTATION_LAYER_ASSIGNMENT (  '', '', ( #7953 ) ) ;
#9232 = ORIENTED_EDGE ( 'NONE', *, *, #3147, .T. ) ;
#9233 = DIRECTION ( 'NONE',  ( 0.0000000000000000000, -1.000000000000000000, 0.0000000000000000000 ) ) ;
#9234 = ORIENTED_EDGE ( 'NONE', *, *, #6428, .T. ) ;
#9235 = ORIENTED_EDGE ( 'NONE', *, *, #553, .T. ) ;
#9236 = FILL_AREA_STYLE ('',( #12058 ) ) ;
#9237 = DIRECTION ( 'NONE',  ( 1.000000000000000000, 0.0000000000000000000, 0.0000000000000000000 ) ) ;
#9238 = COLOUR_RGB ( '',0.8000000000000000400, 0.8078431372549019800, 0.8000000000000000400 ) ;
#9239 = CARTESIAN_POINT ( 'NONE',  ( -4.895000000000001400, 0.7999999999999994900, 1.429999999999997100 ) ) ;
#9240 = CARTESIAN_POINT ( 'NONE',  ( -3.800000000000001600, -2.100000000000000100, -5.421010862427522200E-017 ) ) ;
#9241 = FACE_OUTER_BOUND ( 'NONE', #10279, .T. ) ;
#9242 = FACE_OUTER_BOUND ( 'NONE', #2622, .T. ) ;
#9243 = SURFACE_SIDE_STYLE ('',( #8261 ) ) ;
#9244 = VECTOR ( 'NONE', #8284, 1000.000000000000000 ) ;
#9245 = EDGE_LOOP ( 'NONE', ( #6427, #7199, #1051, #5523 ) ) ;
#9246 = AXIS2_PLACEMENT_3D ( 'NONE', #2394, #9176, #3395 ) ;
#9247 = VERTEX_POINT ( 'NONE', #4135 ) ;
#9248 = VERTEX_POINT ( 'NONE', #5077 ) ;
#9249 = DIRECTION ( 'NONE',  ( -3.051828337366604500E-016, -0.0000000000000000000, -1.000000000000000000 ) ) ;
#9250 = VECTOR ( 'NONE', #1310, 1000.000000000000000 ) ;
#9251 = DIRECTION ( 'NONE',  ( 0.0000000000000000000, 0.0000000000000000000, -1.000000000000000000 ) ) ;
#9252 = DIRECTION ( 'NONE',  ( -0.0000000000000000000, 1.000000000000000000, 0.0000000000000000000 ) ) ;
#9253 = ORIENTED_EDGE ( 'NONE', *, *, #4524, .T. ) ;
#9254 = LINE ( 'NONE', #8582, #1493 ) ;
#9255 = DIRECTION ( 'NONE',  ( -1.000000000000000000, 0.0000000000000000000, -0.0000000000000000000 ) ) ;
#9256 = VECTOR ( 'NONE', #11015, 1000.000000000000000 ) ;
#9257 = VERTEX_POINT ( 'NONE', #5124 ) ;
#9258 = FILL_AREA_STYLE ('',( #8309 ) ) ;
#9259 = FILL_AREA_STYLE_COLOUR ( '', #8231 ) ;
#9260 = PLANE ( 'NONE',  #2572 ) ;
#9261 = EDGE_CURVE ( 'NONE', #12165, #4791, #7872, .T. ) ;
#9262 = ORIENTED_EDGE ( 'NONE', *, *, #9467, .T. ) ;
#9263 = VERTEX_POINT ( 'NONE', #11789 ) ;
#9264 = VECTOR ( 'NONE', #2566, 1000.000000000000000 ) ;
#9265 = VECTOR ( 'NONE', #5224, 1000.000000000000000 ) ;
#9266 = ORIENTED_EDGE ( 'NONE', *, *, #3742, .F. ) ;
#9268 = ORIENTED_EDGE ( 'NONE', *, *, #2562, .T. ) ;
#9267 = PRESENTATION_LAYER_ASSIGNMENT (  '', '', ( #7982 ) ) ;
#9269 = SURFACE_STYLE_FILL_AREA ( #4396 ) ;
#9270 = PLANE ( 'NONE',  #7506 ) ;
#9271 = CARTESIAN_POINT ( 'NONE',  ( 3.300000000000001600, 2.100000000000000100, 0.1999999999999977900 ) ) ;
#9272 = VERTEX_POINT ( 'NONE', #2197 ) ;
#9273 = DIRECTION ( 'NONE',  ( 0.0000000000000000000, -1.000000000000000000, 0.0000000000000000000 ) ) ;
#9274 = ADVANCED_FACE ( 'NONE', ( #5328 ), #7053, .T. ) ;
#9275 = VECTOR ( 'NONE', #8969, 1000.000000000000000 ) ;
#9276 = DIRECTION ( 'NONE',  ( -1.000000000000000000, -0.0000000000000000000, -0.0000000000000000000 ) ) ;
#9277 = EDGE_CURVE ( 'NONE', #1190, #10852, #10113, .T. ) ;
#9278 = LINE ( 'NONE', #3995, #6734 ) ;
#9279 = ORIENTED_EDGE ( 'NONE', *, *, #8892, .F. ) ;
#9280 = CARTESIAN_POINT ( 'NONE',  ( 4.675000000000001600, 1.099999999999999600, 0.4499999999999999600 ) ) ;
#9281 = CARTESIAN_POINT ( 'NONE',  ( -3.499999999999999600, 1.500000000000000400, 2.899999999999997700 ) ) ;
#9282 = DIRECTION ( 'NONE',  ( 0.0000000000000000000, 0.0000000000000000000, -1.000000000000000000 ) ) ;
#9283 = ORIENTED_EDGE ( 'NONE', *, *, #4769, .T. ) ;
#9284 = COLOUR_RGB ( '',0.8000000000000000400, 0.8078431372549019800, 0.8000000000000000400 ) ;
#9285 = DIRECTION ( 'NONE',  ( 0.0000000000000000000, 0.0000000000000000000, -1.000000000000000000 ) ) ;
#9286 = DIRECTION ( 'NONE',  ( 0.0000000000000000000, 0.0000000000000000000, 1.000000000000000000 ) ) ;
#9287 = ORIENTED_EDGE ( 'NONE', *, *, #2283, .F. ) ;
#9288 = AXIS2_PLACEMENT_3D ( 'NONE', #5366, #1761, #11310 ) ;
#9289 = EDGE_CURVE ( 'NONE', #5860, #9673, #10409, .T. ) ;
#9290 = VECTOR ( 'NONE', #3800, 1000.000000000000000 ) ;
#9291 = ORIENTED_EDGE ( 'NONE', *, *, #3752, .T. ) ;
#9292 = ADVANCED_FACE ( 'NONE', ( #7568 ), #8920, .T. ) ;
#9293 = CARTESIAN_POINT ( 'NONE',  ( -2.424999999999999800, 0.4999999999999996700, 3.423118842698616800 ) ) ;
#9294 = EDGE_LOOP ( 'NONE', ( #4918, #4447, #5103, #6842 ) ) ;
#9295 = LINE ( 'NONE', #6318, #1537 ) ;
#9296 = LINE ( 'NONE', #5478, #6749 ) ;
#9297 = SURFACE_SIDE_STYLE ('',( #2837 ) ) ;
#9298 = UNCERTAINTY_MEASURE_WITH_UNIT (LENGTH_MEASURE( 1.000000000000000100E-005 ), #4212, 'distance_accuracy_value', 'NONE');
#9299 = DIRECTION ( 'NONE',  ( 0.0000000000000000000, -1.000000000000000000, 0.0000000000000000000 ) ) ;
#9300 = PLANE ( 'NONE',  #4305 ) ;
#9301 = EDGE_CURVE ( 'NONE', #8034, #3715, #6674, .T. ) ;
#9302 = EDGE_CURVE ( 'NONE', #1732, #10734, #4098, .T. ) ;
#9303 = ORIENTED_EDGE ( 'NONE', *, *, #980, .T. ) ;
#9304 = MANIFOLD_SOLID_BREP ( 'P5', #225 ) ;
#9305 =( GEOMETRIC_REPRESENTATION_CONTEXT ( 3 ) GLOBAL_UNCERTAINTY_ASSIGNED_CONTEXT ( ( #2696 ) ) GLOBAL_UNIT_ASSIGNED_CONTEXT ( ( #894, #818, #744 ) ) REPRESENTATION_CONTEXT ( 'NONE', 'WORKASPACE' ) );
#9306 = ORIENTED_EDGE ( 'NONE', *, *, #440, .F. ) ;
#9307 =( LENGTH_UNIT ( ) NAMED_UNIT ( * ) SI_UNIT ( .MILLI., .METRE. ) );
#9308 = DIRECTION ( 'NONE',  ( -0.0000000000000000000, 1.000000000000000000, 0.0000000000000000000 ) ) ;
#9309 = LINE ( 'NONE', #9208, #6467 ) ;
#9310 = ORIENTED_EDGE ( 'NONE', *, *, #8392, .F. ) ;
#9311 = AXIS2_PLACEMENT_3D ( 'NONE', #3291, #3153, #3111 ) ;
#9312 = LINE ( 'NONE', #1082, #11818 ) ;
#9313 = ORIENTED_EDGE ( 'NONE', *, *, #10858, .T. ) ;
#9314 = AXIS2_PLACEMENT_3D ( 'NONE', #7435, #1590, #8412 ) ;
#9315 = ORIENTED_EDGE ( 'NONE', *, *, #6166, .T. ) ;
#9316 = ORIENTED_EDGE ( 'NONE', *, *, #227, .F. ) ;
#9317 = DIRECTION ( 'NONE',  ( 0.0000000000000000000, -1.000000000000000000, 0.0000000000000000000 ) ) ;
#9318 = FACE_OUTER_BOUND ( 'NONE', #12057, .T. ) ;
#9319 = EDGE_CURVE ( 'NONE', #9581, #4271, #2852, .T. ) ;
#9320 = CARTESIAN_POINT ( 'NONE',  ( 2.660000000000000100, 1.500000000000000000, 0.9499999999999982900 ) ) ;
#9321 = VECTOR ( 'NONE', #11500, 1000.000000000000000 ) ;
#9322 = DIRECTION ( 'NONE',  ( 0.0000000000000000000, 1.495451272393799300E-016, -1.000000000000000000 ) ) ;
#9323 = FACE_OUTER_BOUND ( 'NONE', #6204, .T. ) ;
#9324 = EDGE_LOOP ( 'NONE', ( #6338, #10367, #6851, #11992 ) ) ;
#9325 = VERTEX_POINT ( 'NONE', #9097 ) ;
#9326 = DIRECTION ( 'NONE',  ( 0.0000000000000000000, -0.0000000000000000000, 1.000000000000000000 ) ) ;
#9327 = STYLED_ITEM ( 'NONE', ( #3097 ), #7573 ) ;
#9328 = CARTESIAN_POINT ( 'NONE',  ( -0.1599999999999999800, 2.299999999999999400, 0.2000000000000025400 ) ) ;
#9329 = DIRECTION ( 'NONE',  ( 0.0000000000000000000, 0.0000000000000000000, 1.000000000000000000 ) ) ;
#9330 = VECTOR ( 'NONE', #5576, 1000.000000000000100 ) ;
#9331 = VECTOR ( 'NONE', #9372, 1000.000000000000000 ) ;
#9332 = CARTESIAN_POINT ( 'NONE',  ( 3.700000000000002000, 0.8500000000000000900, 1.399999999999996800 ) ) ;
#9333 = CARTESIAN_POINT ( 'NONE',  ( 2.339999999999999900, -0.8999999999999932500, 1.225000000000001900 ) ) ;
#9334 = PRESENTATION_STYLE_ASSIGNMENT (( #3349 ) ) ;
#9335 = ORIENTED_EDGE ( 'NONE', *, *, #6498, .F. ) ;
#9336 = CARTESIAN_POINT ( 'NONE',  ( 0.1599999999999999800, 2.499999999999999600, 1.734723475976807100E-015 ) ) ;
#9337 = EDGE_CURVE ( 'NONE', #8713, #11716, #1139, .T. ) ;
#9338 = VECTOR ( 'NONE', #4495, 1000.000000000000000 ) ;
#9339 = CARTESIAN_POINT ( 'NONE',  ( -4.995000000000001900, -1.200000000000000400, 1.529999999999997600 ) ) ;
#9340 = CARTESIAN_POINT ( 'NONE',  ( 0.9999999999999986700, 2.100000000000000100, 2.899999999999997700 ) ) ;
#9341 = PLANE ( 'NONE',  #7082 ) ;
#9342 = CARTESIAN_POINT ( 'NONE',  ( 1.409999999999999700, 1.500000000000000000, 0.9499999999999982900 ) ) ;
#9343 = LINE ( 'NONE', #5894, #7085 ) ;
#9344 = VECTOR ( 'NONE', #2488, 1000.000000000000000 ) ;
#9345 = CARTESIAN_POINT ( 'NONE',  ( 3.800000000000001200, -1.099999999999999900, -2.385244779468109800E-015 ) ) ;
#9346 = ADVANCED_FACE ( 'NONE', ( #7718 ), #10983, .F. ) ;
#9347 = ORIENTED_EDGE ( 'NONE', *, *, #10720, .F. ) ;
#9348 = CARTESIAN_POINT ( 'NONE',  ( -4.575000000000002000, 1.099999999999999600, 1.255000000000000100 ) ) ;
#9349 = PLANE ( 'NONE',  #3768 ) ;
#9350 = SURFACE_STYLE_FILL_AREA ( #3793 ) ;
#9351 = PRESENTATION_LAYER_ASSIGNMENT (  '', '', ( #8052 ) ) ;
#9352 = VERTEX_POINT ( 'NONE', #4306 ) ;
#9353 = VECTOR ( 'NONE', #443, 1000.000000000000000 ) ;
#9354 = ADVANCED_FACE ( 'NONE', ( #6385 ), #9147, .F. ) ;
#9355 = PLANE ( 'NONE',  #9817 ) ;
#9356 = DIRECTION ( 'NONE',  ( -1.000000000000000000, -0.0000000000000000000, -0.0000000000000000000 ) ) ;
#9357 = CARTESIAN_POINT ( 'NONE',  ( -1.409999999999999900, 2.299999999999999400, 0.2000000000000025400 ) ) ;
#9358 = VERTEX_POINT ( 'NONE', #8189 ) ;
#9359 = CARTESIAN_POINT ( 'NONE',  ( 5.000000000000000900, 1.099999999999999600, 0.2999999999999975500 ) ) ;
#9360 = VECTOR ( 'NONE', #8988, 1000.000000000000000 ) ;
#9361 = CARTESIAN_POINT ( 'NONE',  ( 1.409999999999999700, 2.099999999999999600, 0.8750000000000017800 ) ) ;
#9362 = VECTOR ( 'NONE', #893, 1000.000000000000000 ) ;
#9363 = DIRECTION ( 'NONE',  ( 1.000000000000000000, 0.0000000000000000000, 0.0000000000000000000 ) ) ;
#9364 = DIRECTION ( 'NONE',  ( -1.000000000000000000, -0.0000000000000000000, -0.0000000000000000000 ) ) ;
#9365 = PLANE ( 'NONE',  #6652 ) ;
#9366 = CARTESIAN_POINT ( 'NONE',  ( 4.235000000000002100, 1.099999999999999600, 1.729999999999998000 ) ) ;
#9367 = CARTESIAN_POINT ( 'NONE',  ( -2.660000000000000100, 2.499999999999999600, 1.734723475976807100E-015 ) ) ;
#9368 = EDGE_CURVE ( 'NONE', #9922, #7298, #10252, .T. ) ;
#9369 = ORIENTED_EDGE ( 'NONE', *, *, #8170, .T. ) ;
#9370 = ORIENTED_EDGE ( 'NONE', *, *, #31, .T. ) ;
#9371 = VECTOR ( 'NONE', #5005, 1000.000000000000000 ) ;
#9372 = DIRECTION ( 'NONE',  ( -0.0000000000000000000, -1.000000000000000000, -0.0000000000000000000 ) ) ;
#9373 =( NAMED_UNIT ( * ) PLANE_ANGLE_UNIT ( ) SI_UNIT ( $, .RADIAN. ) );
#9374 = VECTOR ( 'NONE', #7399, 1000.000000000000000 ) ;
#9375 = DIRECTION ( 'NONE',  ( -0.0000000000000000000, -1.000000000000000000, -0.0000000000000000000 ) ) ;
#9376 = CARTESIAN_POINT ( 'NONE',  ( 2.660000000000000100, 1.500000000000000000, 0.8749999999999998900 ) ) ;
#9377 = DIRECTION ( 'NONE',  ( 1.000000000000000000, -1.885568995626964300E-016, -3.051828337366604500E-016 ) ) ;
#9378 = EDGE_CURVE ( 'NONE', #9474, #7971, #2551, .T. ) ;
#9379 = CARTESIAN_POINT ( 'NONE',  ( -1.090000000000000100, 2.799999999999999800, 1.225000000000001900 ) ) ;
#9380 = UNCERTAINTY_MEASURE_WITH_UNIT (LENGTH_MEASURE( 1.000000000000000100E-005 ), #4061, 'distance_accuracy_value', 'NONE');
#9381 =( GEOMETRIC_REPRESENTATION_CONTEXT ( 3 ) GLOBAL_UNCERTAINTY_ASSIGNED_CONTEXT ( ( #5542 ) ) GLOBAL_UNIT_ASSIGNED_CONTEXT ( ( #3807, #10531, #4800 ) ) REPRESENTATION_CONTEXT ( 'NONE', 'WORKASPACE' ) );
#9382 = DIRECTION ( 'NONE',  ( 1.000000000000000000, 0.0000000000000000000, 0.0000000000000000000 ) ) ;
#9383 = ORIENTED_EDGE ( 'NONE', *, *, #7775, .T. ) ;
#9384 = ORIENTED_EDGE ( 'NONE', *, *, #3409, .T. ) ;
#9385 = LINE ( 'NONE', #2503, #11596 ) ;
#9386 = ORIENTED_EDGE ( 'NONE', *, *, #6077, .T. ) ;
#9387 = FACE_OUTER_BOUND ( 'NONE', #5127, .T. ) ;
#9388 = EDGE_CURVE ( 'NONE', #11946, #11150, #4855, .T. ) ;
#9389 = MECHANICAL_DESIGN_GEOMETRIC_PRESENTATION_REPRESENTATION (  '', ( #8114 ), #10016 ) ;
#9390 = ORIENTED_EDGE ( 'NONE', *, *, #6972, .F. ) ;
#9391 = VECTOR ( 'NONE', #4426, 1000.000000000000000 ) ;
#9392 = ORIENTED_EDGE ( 'NONE', *, *, #8187, .F. ) ;
#9393 = VECTOR ( 'NONE', #3984, 1000.000000000000000 ) ;
#9394 = CARTESIAN_POINT ( 'NONE',  ( 1.089999999999999900, 2.000000000000000000, 1.775000000000001500 ) ) ;
#9395 = MECHANICAL_DESIGN_GEOMETRIC_PRESENTATION_REPRESENTATION (  '', ( #7469 ), #10024 ) ;
#9396 = DIRECTION ( 'NONE',  ( -1.000000000000000000, -0.0000000000000000000, -0.0000000000000000000 ) ) ;
#9397 = DIRECTION ( 'NONE',  ( 0.0000000000000000000, 0.7071067811865475700, -0.7071067811865475700 ) ) ;
#9398 = LINE ( 'NONE', #151, #7146 ) ;
#9399 = DIRECTION ( 'NONE',  ( 1.000000000000000000, 0.0000000000000000000, 0.0000000000000000000 ) ) ;
#9400 = ADVANCED_FACE ( 'NONE', ( #9949 ), #2382, .F. ) ;
#9402 = ORIENTED_EDGE ( 'NONE', *, *, #1471, .F. ) ;
#9401 = DIRECTION ( 'NONE',  ( -1.000000000000000000, 0.0000000000000000000, 0.0000000000000000000 ) ) ;
#9403 = SURFACE_STYLE_FILL_AREA ( #12052 ) ;
#9404 = CARTESIAN_POINT ( 'NONE',  ( 1.409999999999999700, 2.299999999999999400, 0.6750000000000020400 ) ) ;
#9405 = DIRECTION ( 'NONE',  ( 4.336808689942016300E-016, -1.000000000000000000, 0.0000000000000000000 ) ) ;
#9406 = PLANE ( 'NONE',  #3572 ) ;
#9407 = CARTESIAN_POINT ( 'NONE',  ( 4.475000000000001400, -1.200000000000000400, 1.039999999999995200 ) ) ;
#9408 = VERTEX_POINT ( 'NONE', #8209 ) ;
#9409 = LINE ( 'NONE', #1680, #11915 ) ;
#9410 =( NAMED_UNIT ( * ) PLANE_ANGLE_UNIT ( ) SI_UNIT ( $, .RADIAN. ) );
#9411 = DIRECTION ( 'NONE',  ( 0.0000000000000000000, 1.000000000000000000, 1.495451272393799300E-016 ) ) ;
#9412 = PLANE ( 'NONE',  #7929 ) ;
#9413 = PLANE ( 'NONE',  #5479 ) ;
#9414 = ORIENTED_EDGE ( 'NONE', *, *, #4069, .F. ) ;
#9415 = SURFACE_STYLE_FILL_AREA ( #3249 ) ;
#9416 = ORIENTED_EDGE ( 'NONE', *, *, #2791, .T. ) ;
#9417 = VECTOR ( 'NONE', #7219, 1000.000000000000000 ) ;
#9418 = ADVANCED_FACE ( 'NONE', ( #4562 ), #986, .F. ) ;
#9419 = MECHANICAL_DESIGN_GEOMETRIC_PRESENTATION_REPRESENTATION (  '', ( #7489 ), #10048 ) ;
#9420 = LINE ( 'NONE', #9951, #4301 ) ;
#9421 = EDGE_LOOP ( 'NONE', ( #12157, #2827, #11980, #6961 ) ) ;
#9422 = CARTESIAN_POINT ( 'NONE',  ( -5.500000000000001800, -1.100000000000000500, 0.2500000000000001100 ) ) ;
#9423 = CARTESIAN_POINT ( 'NONE',  ( 3.800000000000002000, 2.100000000000000100, -2.385244779468109800E-015 ) ) ;
#9424 = DIRECTION ( 'NONE',  ( -1.000000000000000000, 0.0000000000000000000, 3.252606517456510300E-016 ) ) ;
#9425 = DIRECTION ( 'NONE',  ( -1.000000000000000000, 0.0000000000000000000, -0.0000000000000000000 ) ) ;
#9426 = DIRECTION ( 'NONE',  ( 6.195440985631453300E-016, 0.0000000000000000000, 1.000000000000000000 ) ) ;
#9427 = FACE_OUTER_BOUND ( 'NONE', #4244, .T. ) ;
#9428 = DIRECTION ( 'NONE',  ( 0.0000000000000000000, 1.000000000000000000, 1.355252715606878600E-016 ) ) ;
#9429 = FACE_OUTER_BOUND ( 'NONE', #10551, .T. ) ;
#9430 = ORIENTED_EDGE ( 'NONE', *, *, #8264, .F. ) ;
#9431 = VERTEX_POINT ( 'NONE', #11099 ) ;
#9432 = PRESENTATION_STYLE_ASSIGNMENT (( #2306 ) ) ;
#9433 = EDGE_CURVE ( 'NONE', #6763, #9172, #6225, .T. ) ;
#9434 = EDGE_LOOP ( 'NONE', ( #4302, #3688, #3889, #11045 ) ) ;
#9435 = FILL_AREA_STYLE_COLOUR ( '', #10539 ) ;
#9436 = ORIENTED_EDGE ( 'NONE', *, *, #5686, .T. ) ;
#9437 = EDGE_CURVE ( 'NONE', #6468, #3142, #3643, .T. ) ;
#9438 = AXIS2_PLACEMENT_3D ( 'NONE', #5549, #9397, #3630 ) ;
#9439 = VECTOR ( 'NONE', #3005, 1000.000000000000000 ) ;
#9440 = LINE ( 'NONE', #4959, #1994 ) ;
#9441 = ORIENTED_EDGE ( 'NONE', *, *, #7689, .T. ) ;
#9442 = DIRECTION ( 'NONE',  ( 0.0000000000000000000, 0.0000000000000000000, -1.000000000000000000 ) ) ;
#9443 = CARTESIAN_POINT ( 'NONE',  ( -1.000000000000000700, 1.500000000000000400, 3.399999999999997700 ) ) ;
#9444 = DIRECTION ( 'NONE',  ( -1.000000000000000000, -0.0000000000000000000, -0.0000000000000000000 ) ) ;
#9445 = ORIENTED_EDGE ( 'NONE', *, *, #5603, .T. ) ;
#9446 = EDGE_CURVE ( 'NONE', #10788, #5406, #8470, .T. ) ;
#9447 = DIRECTION ( 'NONE',  ( 0.0000000000000000000, 0.7071067811865460200, 0.7071067811865490200 ) ) ;
#9448 = AXIS2_PLACEMENT_3D ( 'NONE', #1873, #277, #103 ) ;
#9449 = DIRECTION ( 'NONE',  ( 0.0000000000000000000, 0.0000000000000000000, -1.000000000000000000 ) ) ;
#9450 = CARTESIAN_POINT ( 'NONE',  ( 1.409999999999999700, 1.500000000000000000, 0.8749999999999998900 ) ) ;
#9451 = ORIENTED_EDGE ( 'NONE', *, *, #8703, .F. ) ;
#9452 = LINE ( 'NONE', #3417, #6613 ) ;
#9453 =( LENGTH_UNIT ( ) NAMED_UNIT ( * ) SI_UNIT ( .MILLI., .METRE. ) );
#9454 = LINE ( 'NONE', #311, #4038 ) ;
#9455 = CARTESIAN_POINT ( 'NONE',  ( -4.235000000000002100, 0.8999999999999991300, 1.529999999999997600 ) ) ;
#9456 = ORIENTED_EDGE ( 'NONE', *, *, #7815, .T. ) ;
#9457 = STYLED_ITEM ( 'NONE', ( #7229 ), #1952 ) ;
#9458 = VERTEX_POINT ( 'NONE', #10197 ) ;
#9459 = MANIFOLD_SOLID_BREP ( 'MP2', #8485 ) ;
#9460 = EDGE_CURVE ( 'NONE', #9257, #713, #11279, .T. ) ;
#9461 = ORIENTED_EDGE ( 'NONE', *, *, #5575, .F. ) ;
#9462 = DIRECTION ( 'NONE',  ( -0.7071067811865475700, 0.0000000000000000000, -0.7071067811865475700 ) ) ;
#9463 = LINE ( 'NONE', #5340, #6904 ) ;
#9464 = VECTOR ( 'NONE', #10333, 1000.000000000000000 ) ;
#9465 = CARTESIAN_POINT ( 'NONE',  ( 0.1599999999999999800, 3.099999999999999600, 0.5000000000000017800 ) ) ;
#9466 = EDGE_CURVE ( 'NONE', #9710, #6253, #5006, .T. ) ;
#9467 = EDGE_CURVE ( 'NONE', #4770, #10053, #9808, .T. ) ;
#9468 = ADVANCED_FACE ( 'NONE', ( #9509 ), #11180, .F. ) ;
#9469 =( GEOMETRIC_REPRESENTATION_CONTEXT ( 3 ) GLOBAL_UNCERTAINTY_ASSIGNED_CONTEXT ( ( #3504 ) ) GLOBAL_UNIT_ASSIGNED_CONTEXT ( ( #7400, #7372, #7363 ) ) REPRESENTATION_CONTEXT ( 'NONE', 'WORKASPACE' ) );
#9470 = ORIENTED_EDGE ( 'NONE', *, *, #314, .F. ) ;
#9471 = DIRECTION ( 'NONE',  ( 0.0000000000000000000, -1.000000000000000000, -3.738628180984498200E-017 ) ) ;
#9472 = ORIENTED_EDGE ( 'NONE', *, *, #4592, .F. ) ;
#9473 = ORIENTED_EDGE ( 'NONE', *, *, #2389, .F. ) ;
#9474 = VERTEX_POINT ( 'NONE', #6445 ) ;
#9475 = AXIS2_PLACEMENT_3D ( 'NONE', #4620, #4576, #4494 ) ;
#9476 = VECTOR ( 'NONE', #2814, 1000.000000000000000 ) ;
#9477 = AXIS2_PLACEMENT_3D ( 'NONE', #1362, #8201, #2373 ) ;
#9478 = COLOUR_RGB ( '',0.8000000000000000400, 0.8078431372549019800, 0.8000000000000000400 ) ;
#9479 = EDGE_LOOP ( 'NONE', ( #9141, #7794, #7352, #6723 ) ) ;
#9480 = VERTEX_POINT ( 'NONE', #1546 ) ;
#9481 = ADVANCED_FACE ( 'NONE', ( #4709 ), #8369, .T. ) ;
#9482 = SURFACE_STYLE_USAGE ( .BOTH. , #2699 ) ;
#9483 = AXIS2_PLACEMENT_3D ( 'NONE', #12288, #12314, #12449 ) ;
#9484 = DIRECTION ( 'NONE',  ( 0.0000000000000000000, 0.0000000000000000000, -1.000000000000000000 ) ) ;
#9485 = VECTOR ( 'NONE', #5410, 1000.000000000000000 ) ;
#9486 = LINE ( 'NONE', #1092, #6646 ) ;
#9487 = AXIS2_PLACEMENT_3D ( 'NONE', #6926, #1062, #7890 ) ;
#9488 = CARTESIAN_POINT ( 'NONE',  ( -1.409999999999999900, 2.299999999999999400, 0.6750000000000020400 ) ) ;
#9489 = VERTEX_POINT ( 'NONE', #595 ) ;
#9490 = DIRECTION ( 'NONE',  ( 0.0000000000000000000, 1.495451272393799300E-016, -1.000000000000000000 ) ) ;
#9491 = ORIENTED_EDGE ( 'NONE', *, *, #12230, .T. ) ;
#9492 = ORIENTED_EDGE ( 'NONE', *, *, #11280, .T. ) ;
#9493 = CARTESIAN_POINT ( 'NONE',  ( -1.409999999999999900, 1.500000000000000000, 1.774999999999999700 ) ) ;
#9494 = VECTOR ( 'NONE', #7750, 1000.000000000000000 ) ;
#9495 = ORIENTED_EDGE ( 'NONE', *, *, #12308, .T. ) ;
#9496 = CLOSED_SHELL ( 'NONE', ( #5002, #4944, #7211, #10528, #5392, #7715, #5466, #9862, #2812, #10477, #671, #9039, #719, #9086, #1757, #10097, #1969, #12083, #602, #1743, #10994, #10225, #659, #12399 ) ) ;
#9497 = VECTOR ( 'NONE', #1498, 1000.000000000000000 ) ;
#9498 = VECTOR ( 'NONE', #6765, 1000.000000000000000 ) ;
#9499 = EDGE_CURVE ( 'NONE', #11645, #9247, #6957, .T. ) ;
#9500 = SURFACE_SIDE_STYLE ('',( #5654 ) ) ;
#9501 =( NAMED_UNIT ( * ) SI_UNIT ( $, .STERADIAN. ) SOLID_ANGLE_UNIT ( ) );
#9502 = ORIENTED_EDGE ( 'NONE', *, *, #3096, .F. ) ;
#9503 = DIRECTION ( 'NONE',  ( -1.000000000000000000, -0.0000000000000000000, -0.0000000000000000000 ) ) ;
#9504 = DIRECTION ( 'NONE',  ( 0.0000000000000000000, -1.000000000000000000, 0.0000000000000000000 ) ) ;
#9505 = VECTOR ( 'NONE', #8159, 1000.000000000000000 ) ;
#9506 = FILL_AREA_STYLE_COLOUR ( '', #7462 ) ;
#9507 = MECHANICAL_DESIGN_GEOMETRIC_PRESENTATION_REPRESENTATION (  '', ( #7576 ), #10134 ) ;
#9508 = FACE_OUTER_BOUND ( 'NONE', #9837, .T. ) ;
#9509 = FACE_OUTER_BOUND ( 'NONE', #3076, .T. ) ;
#9510 = DIRECTION ( 'NONE',  ( 0.2033118901005207000, -0.9241449550023807000, -0.3234507342508306000 ) ) ;
#9511 = DIRECTION ( 'NONE',  ( 0.0000000000000000000, 0.0000000000000000000, -1.000000000000000000 ) ) ;
#9512 = ORIENTED_EDGE ( 'NONE', *, *, #10791, .T. ) ;
#9513 = PLANE ( 'NONE',  #6420 ) ;
#9514 = EDGE_CURVE ( 'NONE', #520, #7457, #6061, .T. ) ;
#9515 = FACE_OUTER_BOUND ( 'NONE', #12425, .T. ) ;
#9516 = PLANE ( 'NONE',  #7011 ) ;
#9517 = SURFACE_STYLE_FILL_AREA ( #3732 ) ;
#9518 =( NAMED_UNIT ( * ) PLANE_ANGLE_UNIT ( ) SI_UNIT ( $, .RADIAN. ) );
#9519 = FILL_AREA_STYLE ('',( #12336 ) ) ;
#9520 = VECTOR ( 'NONE', #9948, 1000.000000000000000 ) ;
#9521 = ADVANCED_FACE ( 'NONE', ( #3482 ), #639, .F. ) ;
#9522 = CARTESIAN_POINT ( 'NONE',  ( 2.339999999999999900, 2.000000000000000000, 1.775000000000001500 ) ) ;
#9523 = ORIENTED_EDGE ( 'NONE', *, *, #11361, .T. ) ;
#9524 = CARTESIAN_POINT ( 'NONE',  ( 2.425000000000000300, -0.6500000000000012400, 0.1999999999999980700 ) ) ;
#9525 = EDGE_CURVE ( 'NONE', #1244, #7555, #9937, .T. ) ;
#9526 =( NAMED_UNIT ( * ) PLANE_ANGLE_UNIT ( ) SI_UNIT ( $, .RADIAN. ) );
#9527 = LINE ( 'NONE', #3195, #11738 ) ;
#9528 = CARTESIAN_POINT ( 'NONE',  ( 4.000000000000000000, 2.000000000000000400, 2.500000000000001800 ) ) ;
#9529 = FACE_OUTER_BOUND ( 'NONE', #2913, .T. ) ;
#9530 = CARTESIAN_POINT ( 'NONE',  ( -1.291319497822188700, -1.439456828080963200, 1.511190110171661200 ) ) ;
#9531 = ORIENTED_EDGE ( 'NONE', *, *, #8800, .F. ) ;
#9532 = DIRECTION ( 'NONE',  ( 5.421010862427521200E-016, 0.0000000000000000000, -1.000000000000000000 ) ) ;
#9533 = EDGE_CURVE ( 'NONE', #2910, #3821, #12462, .T. ) ;
#9534 = LINE ( 'NONE', #1048, #9230 ) ;
#9535 = CARTESIAN_POINT ( 'NONE',  ( -5.700000000000001100, -0.8999999999999991300, 1.084202172485504400E-016 ) ) ;
#9536 = EDGE_CURVE ( 'NONE', #8116, #1488, #4847, .T. ) ;
#9537 = CARTESIAN_POINT ( 'NONE',  ( -1.090000000000000100, 2.299999999999999400, 0.2000000000000025400 ) ) ;
#9538 = ORIENTED_EDGE ( 'NONE', *, *, #12327, .F. ) ;
#9539 = AXIS2_PLACEMENT_3D ( 'NONE', #3211, #3157, #3331 ) ;
#9540 = ADVANCED_FACE ( 'NONE', ( #7410 ), #11343, .F. ) ;
#9541 = ORIENTED_EDGE ( 'NONE', *, *, #9146, .T. ) ;
#9542 = COLOUR_RGB ( '',0.8000000000000000400, 0.8078431372549019800, 0.8000000000000000400 ) ;
#9543 = CARTESIAN_POINT ( 'NONE',  ( -4.225000000000001400, 1.099999999999999600, 0.4499999999999999600 ) ) ;
#9544 = LINE ( 'NONE', #9865, #12061 ) ;
#9545 = CARTESIAN_POINT ( 'NONE',  ( -4.000000000000000000, 2.100000000000000100, 3.399999999999996800 ) ) ;
#9546 =( LENGTH_UNIT ( ) NAMED_UNIT ( * ) SI_UNIT ( .MILLI., .METRE. ) );
#9547 =( GEOMETRIC_REPRESENTATION_CONTEXT ( 3 ) GLOBAL_UNCERTAINTY_ASSIGNED_CONTEXT ( ( #10664 ) ) GLOBAL_UNIT_ASSIGNED_CONTEXT ( ( #4144, #3428, #3326 ) ) REPRESENTATION_CONTEXT ( 'NONE', 'WORKASPACE' ) );
#9548 = EDGE_CURVE ( 'NONE', #2385, #322, #6215, .T. ) ;
#9549 = VECTOR ( 'NONE', #9444, 1000.000000000000000 ) ;
#9550 = CARTESIAN_POINT ( 'NONE',  ( 3.400000000000002100, 0.8500000000000000900, 0.5999999999999966500 ) ) ;
#9551 = AXIS2_PLACEMENT_3D ( 'NONE', #1355, #3357, #10094 ) ;
#9552 = ORIENTED_EDGE ( 'NONE', *, *, #5697, .T. ) ;
#9553 = ORIENTED_EDGE ( 'NONE', *, *, #59, .F. ) ;
#9554 = PRESENTATION_STYLE_ASSIGNMENT (( #8664 ) ) ;
#9555 = ORIENTED_EDGE ( 'NONE', *, *, #5838, .F. ) ;
#9556 = EDGE_CURVE ( 'NONE', #9358, #10734, #8751, .T. ) ;
#9557 = COLOUR_RGB ( '',0.8000000000000000400, 0.8078431372549019800, 0.8000000000000000400 ) ;
#9558 = DIRECTION ( 'NONE',  ( 1.000000000000000000, 0.0000000000000000000, 0.0000000000000000000 ) ) ;
#9559 = VECTOR ( 'NONE', #6617, 1000.000000000000000 ) ;
#9561 = ORIENTED_EDGE ( 'NONE', *, *, #2032, .F. ) ;
#9560 = LINE ( 'NONE', #367, #11767 ) ;
#9562 = LINE ( 'NONE', #10021, #11769 ) ;
#9563 = ORIENTED_EDGE ( 'NONE', *, *, #6637, .T. ) ;
#9564 = DIRECTION ( 'NONE',  ( 0.0000000000000000000, 0.0000000000000000000, -1.000000000000000000 ) ) ;
#9565 = FILL_AREA_STYLE ('',( #808 ) ) ;
#9566 = PLANE ( 'NONE',  #7713 ) ;
#9567 = VERTEX_POINT ( 'NONE', #12344 ) ;
#9568 = VERTEX_POINT ( 'NONE', #7604 ) ;
#9569 = VECTOR ( 'NONE', #2450, 1000.000000000000000 ) ;
#9570 = VERTEX_POINT ( 'NONE', #9528 ) ;
#9571 = PRESENTATION_LAYER_ASSIGNMENT (  '', '', ( #8296 ) ) ;
#9572 = VERTEX_POINT ( 'NONE', #775 ) ;
#9573 = VECTOR ( 'NONE', #8385, 1000.000000000000000 ) ;
#9574 = DIRECTION ( 'NONE',  ( 0.7071067811865492400, 0.0000000000000000000, -0.7071067811865458000 ) ) ;
#9575 = DIRECTION ( 'NONE',  ( -1.000000000000000000, -0.0000000000000000000, 2.710505431213762600E-016 ) ) ;
#9576 = VECTOR ( 'NONE', #488, 1000.000000000000000 ) ;
#9577 = EDGE_LOOP ( 'NONE', ( #1148, #9541, #7882, #2645, #3833, #4782 ) ) ;
#9578 = CARTESIAN_POINT ( 'NONE',  ( -1.090000000000000100, 0.8500000000000000900, 1.700000000000000000 ) ) ;
#9579 = SURFACE_STYLE_USAGE ( .BOTH. , #2802 ) ;
#9580 = SURFACE_STYLE_USAGE ( .BOTH. , #9634 ) ;
#9581 = VERTEX_POINT ( 'NONE', #3773 ) ;
#9582 = LINE ( 'NONE', #10811, #1819 ) ;
#9583 = SURFACE_SIDE_STYLE ('',( #10958 ) ) ;
#9584 = CARTESIAN_POINT ( 'NONE',  ( 2.339999999999999900, -1.400000000000000100, 0.9499999999999981800 ) ) ;
#9585 = EDGE_CURVE ( 'NONE', #7579, #11230, #3628, .T. ) ;
#9586 = ORIENTED_EDGE ( 'NONE', *, *, #8405, .F. ) ;
#9587 = CARTESIAN_POINT ( 'NONE',  ( 4.675000000000002500, -1.100000000000000500, -5.421010862427522200E-017 ) ) ;
#9588 = DIRECTION ( 'NONE',  ( 0.0000000000000000000, 1.000000000000000000, 0.0000000000000000000 ) ) ;
#9589 = EDGE_LOOP ( 'NONE', ( #7761, #2315, #6141, #5673 ) ) ;
#9590 = VECTOR ( 'NONE', #4127, 1000.000000000000000 ) ;
#9591 = VECTOR ( 'NONE', #3947, 1000.000000000000000 ) ;
#9592 = ORIENTED_EDGE ( 'NONE', *, *, #2032, .T. ) ;
#9593 = MECHANICAL_DESIGN_GEOMETRIC_PRESENTATION_REPRESENTATION (  '', ( #7664 ), #10219 ) ;
#9594 = VERTEX_POINT ( 'NONE', #6679 ) ;
#9595 = FACE_OUTER_BOUND ( 'NONE', #10171, .T. ) ;
#9596 = PLANE ( 'NONE',  #6339 ) ;
#9597 = DIRECTION ( 'NONE',  ( 0.0000000000000000000, 0.0000000000000000000, 1.000000000000000000 ) ) ;
#9598 = EDGE_LOOP ( 'NONE', ( #10160, #11119, #11667, #6372 ) ) ;
#9599 = ORIENTED_EDGE ( 'NONE', *, *, #3957, .T. ) ;
#9600 = CARTESIAN_POINT ( 'NONE',  ( -0.1599999999999999800, 2.499999999999999600, 1.734723475976807100E-015 ) ) ;
#9601 = LINE ( 'NONE', #10556, #4481 ) ;
#9602 = EDGE_CURVE ( 'NONE', #8804, #9848, #5903, .T. ) ;
#9603 = ORIENTED_EDGE ( 'NONE', *, *, #10945, .F. ) ;
#9604 = VECTOR ( 'NONE', #10052, 1000.000000000000000 ) ;
#9605 = COLOUR_RGB ( '',0.8000000000000000400, 0.8078431372549019800, 0.8000000000000000400 ) ;
#9606 = ORIENTED_EDGE ( 'NONE', *, *, #1382, .T. ) ;
#9607 = ORIENTED_EDGE ( 'NONE', *, *, #12171, .F. ) ;
#9608 = VERTEX_POINT ( 'NONE', #1792 ) ;
#9609 = AXIS2_PLACEMENT_3D ( 'NONE', #1689, #1718, #1734 ) ;
#9610 = ADVANCED_FACE ( 'NONE', ( #3313 ), #820, .F. ) ;
#9611 = CARTESIAN_POINT ( 'NONE',  ( 0.1600000000000000300, 2.000000000000000000, 1.774999999999999700 ) ) ;
#9612 = VECTOR ( 'NONE', #9228, 1000.000000000000000 ) ;
#9613 = PLANE ( 'NONE',  #10476 ) ;
#9614 = VECTOR ( 'NONE', #9655, 1000.000000000000000 ) ;
#9615 = CARTESIAN_POINT ( 'NONE',  ( 4.000000000000001800, -1.700000000000000400, 0.2999999999999976000 ) ) ;
#9616 = EDGE_LOOP ( 'NONE', ( #5695, #2834, #3835, #3895 ) ) ;
#9617 = DIRECTION ( 'NONE',  ( 1.000000000000000000, 0.0000000000000000000, 0.0000000000000000000 ) ) ;
#9618 = EDGE_CURVE ( 'NONE', #5899, #5105, #9793, .T. ) ;
#9619 = ORIENTED_EDGE ( 'NONE', *, *, #10808, .F. ) ;
#9620 = DIRECTION ( 'NONE',  ( -0.0000000000000000000, 1.000000000000000000, 0.0000000000000000000 ) ) ;
#9621 = ORIENTED_EDGE ( 'NONE', *, *, #11173, .T. ) ;
#9623 = ORIENTED_EDGE ( 'NONE', *, *, #11084, .F. ) ;
#9622 = CARTESIAN_POINT ( 'NONE',  ( -2.250000000000000900, 2.100000000000000100, 2.899999999999997700 ) ) ;
#9624 = CARTESIAN_POINT ( 'NONE',  ( -1.409999999999999900, -1.400000000000000100, 0.9499999999999981800 ) ) ;
#9625 = LINE ( 'NONE', #7980, #11526 ) ;
#9626 = FACE_BOUND ( 'NONE', #11035, .T. ) ;
#9627 = DIRECTION ( 'NONE',  ( 0.0000000000000000000, -1.000000000000000000, -0.0000000000000000000 ) ) ;
#9628 =( NAMED_UNIT ( * ) PLANE_ANGLE_UNIT ( ) SI_UNIT ( $, .RADIAN. ) );
#9629 = VECTOR ( 'NONE', #11365, 1000.000000000000000 ) ;
#9630 = EDGE_CURVE ( 'NONE', #1605, #3570, #2379, .T. ) ;
#9631 = VERTEX_POINT ( 'NONE', #5722 ) ;
#9632 = ORIENTED_EDGE ( 'NONE', *, *, #11829, .T. ) ;
#9633 = PLANE ( 'NONE',  #7487 ) ;
#9634 = SURFACE_SIDE_STYLE ('',( #5714 ) ) ;
#9635 = EDGE_CURVE ( 'NONE', #4958, #7972, #7246, .T. ) ;
#9636 = VECTOR ( 'NONE', #690, 1000.000000000000000 ) ;
#9637 = CARTESIAN_POINT ( 'NONE',  ( -2.339999999999999900, 1.500000000000000000, 0.9499999999999982900 ) ) ;
#9638 = VECTOR ( 'NONE', #3310, 1000.000000000000100 ) ;
#9639 = ORIENTED_EDGE ( 'NONE', *, *, #3410, .T. ) ;
#9640 = LINE ( 'NONE', #4665, #2214 ) ;
#9641 = CARTESIAN_POINT ( 'NONE',  ( 2.339999999999999900, 2.649999999999999500, 1.225000000000001900 ) ) ;
#9642 = LINE ( 'NONE', #912, #2216 ) ;
#9643 =( GEOMETRIC_REPRESENTATION_CONTEXT ( 3 ) GLOBAL_UNCERTAINTY_ASSIGNED_CONTEXT ( ( #802 ) ) GLOBAL_UNIT_ASSIGNED_CONTEXT ( ( #4854, #11536, #5830 ) ) REPRESENTATION_CONTEXT ( 'NONE', 'WORKASPACE' ) );
#9644 =( NAMED_UNIT ( * ) PLANE_ANGLE_UNIT ( ) SI_UNIT ( $, .RADIAN. ) );
#9645 = CARTESIAN_POINT ( 'NONE',  ( 1.089999999999999900, 3.099999999999999600, 0.2000000000000018700 ) ) ;
#9646 = FILL_AREA_STYLE ('',( #8691 ) ) ;
#9647 = DIRECTION ( 'NONE',  ( 1.000000000000000000, 0.0000000000000000000, 0.0000000000000000000 ) ) ;
#9648 = FILL_AREA_STYLE ('',( #4604 ) ) ;
#9649 = VERTEX_POINT ( 'NONE', #12461 ) ;
#9650 =( NAMED_UNIT ( * ) SI_UNIT ( $, .STERADIAN. ) SOLID_ANGLE_UNIT ( ) );
#9651 = ORIENTED_EDGE ( 'NONE', *, *, #1469, .T. ) ;
#9652 = DIRECTION ( 'NONE',  ( 0.0000000000000000000, 1.000000000000000000, 0.0000000000000000000 ) ) ;
#9653 =( GEOMETRIC_REPRESENTATION_CONTEXT ( 3 ) GLOBAL_UNCERTAINTY_ASSIGNED_CONTEXT ( ( #339 ) ) GLOBAL_UNIT_ASSIGNED_CONTEXT ( ( #12279, #6583, #697 ) ) REPRESENTATION_CONTEXT ( 'NONE', 'WORKASPACE' ) );
#9654 = CARTESIAN_POINT ( 'NONE',  ( -3.800000000000001600, -1.099999999999999900, 0.1999999999999999600 ) ) ;
#9655 = DIRECTION ( 'NONE',  ( 0.0000000000000000000, 1.000000000000000000, 0.0000000000000000000 ) ) ;
#9656 = SURFACE_STYLE_FILL_AREA ( #5753 ) ;
#9657 = SURFACE_STYLE_USAGE ( .BOTH. , #2881 ) ;
#9658 = VECTOR ( 'NONE', #10396, 1000.000000000000000 ) ;
#9659 = PLANE ( 'NONE',  #3266 ) ;
#9660 =( LENGTH_UNIT ( ) NAMED_UNIT ( * ) SI_UNIT ( .MILLI., .METRE. ) );
#9661 = ORIENTED_EDGE ( 'NONE', *, *, #8962, .T. ) ;
#9662 = EDGE_LOOP ( 'NONE', ( #8680, #11028, #4644, #1802 ) ) ;
#9663 = ADVANCED_FACE ( 'NONE', ( #6945 ), #5795, .F. ) ;
#9664 = VECTOR ( 'NONE', #12012, 1000.000000000000000 ) ;
#9665 = LINE ( 'NONE', #2760, #4560 ) ;
#9666 = EDGE_CURVE ( 'NONE', #3223, #12094, #4509, .T. ) ;
#9667 = COLOUR_RGB ( '',0.8000000000000000400, 0.8078431372549019800, 0.8000000000000000400 ) ;
#9668 = CARTESIAN_POINT ( 'NONE',  ( -1.090000000000000100, 1.500000000000000000, 0.8749999999999998900 ) ) ;
#9669 = CARTESIAN_POINT ( 'NONE',  ( -3.300000000000002500, -1.099999999999999900, 0.1999999999999997900 ) ) ;
#9670 = EDGE_CURVE ( 'NONE', #12119, #7933, #1861, .T. ) ;
#9671 =( NAMED_UNIT ( * ) PLANE_ANGLE_UNIT ( ) SI_UNIT ( $, .RADIAN. ) );
#9672 = ORIENTED_EDGE ( 'NONE', *, *, #6852, .F. ) ;
#9673 = VERTEX_POINT ( 'NONE', #5088 ) ;
#9674 = LINE ( 'NONE', #4821, #1924 ) ;
#9675 = UNCERTAINTY_MEASURE_WITH_UNIT (LENGTH_MEASURE( 1.000000000000000100E-005 ), #8887, 'distance_accuracy_value', 'NONE');
#9676 = FACE_OUTER_BOUND ( 'NONE', #751, .T. ) ;
#9677 = EDGE_CURVE ( 'NONE', #1084, #4337, #6766, .T. ) ;
#9678 = ORIENTED_EDGE ( 'NONE', *, *, #10930, .F. ) ;
#9679 = PLANE ( 'NONE',  #11727 ) ;
#9680 = CARTESIAN_POINT ( 'NONE',  ( 1.409999999999999700, 1.500000000000000000, 1.775000000000001700 ) ) ;
#9681 = FACE_OUTER_BOUND ( 'NONE', #6754, .T. ) ;
#9682 = CARTESIAN_POINT ( 'NONE',  ( -2.339999999999999900, -0.8999999999999950300, 1.699999999999998400 ) ) ;
#9683 = VECTOR ( 'NONE', #2896, 1000.000000000000000 ) ;
#9684 = ORIENTED_EDGE ( 'NONE', *, *, #10940, .T. ) ;
#9685 = VERTEX_POINT ( 'NONE', #2113 ) ;
#9686 = MECHANICAL_DESIGN_GEOMETRIC_PRESENTATION_REPRESENTATION (  '', ( #7764 ), #10323 ) ;
#9687 = CARTESIAN_POINT ( 'NONE',  ( 3.300000000000001600, 2.100000000000000100, -2.222614453595284100E-015 ) ) ;
#9688 = ORIENTED_EDGE ( 'NONE', *, *, #8628, .F. ) ;
#9689 = EDGE_CURVE ( 'NONE', #10380, #6592, #9625, .T. ) ;
#9690 = PLANE ( 'NONE',  #1393 ) ;
#9691 = CARTESIAN_POINT ( 'NONE',  ( 4.000000000000001800, 1.099999999999999600, 2.699999999999999700 ) ) ;
#9692 = ORIENTED_EDGE ( 'NONE', *, *, #7043, .T. ) ;
#9693 = DIRECTION ( 'NONE',  ( 0.0000000000000000000, -0.0000000000000000000, -1.000000000000000000 ) ) ;
#9694 = LINE ( 'NONE', #9226, #7145 ) ;
#9695 = VECTOR ( 'NONE', #193, 1000.000000000000000 ) ;
#9696 = DIRECTION ( 'NONE',  ( 0.0000000000000000000, 0.0000000000000000000, 1.000000000000000000 ) ) ;
#9697 = EDGE_CURVE ( 'NONE', #3142, #1392, #7067, .T. ) ;
#9698 = EDGE_CURVE ( 'NONE', #3892, #12541, #9014, .T. ) ;
#9699 =( NAMED_UNIT ( * ) PLANE_ANGLE_UNIT ( ) SI_UNIT ( $, .RADIAN. ) );
#9700 =( GEOMETRIC_REPRESENTATION_CONTEXT ( 3 ) GLOBAL_UNCERTAINTY_ASSIGNED_CONTEXT ( ( #2630 ) ) GLOBAL_UNIT_ASSIGNED_CONTEXT ( ( #10081, #10039, #10026 ) ) REPRESENTATION_CONTEXT ( 'NONE', 'WORKASPACE' ) );
#9701 = ORIENTED_EDGE ( 'NONE', *, *, #6243, .T. ) ;
#9702 = LINE ( 'NONE', #12179, #1639 ) ;
#9703 = ORIENTED_EDGE ( 'NONE', *, *, #7975, .T. ) ;
#9704 = VECTOR ( 'NONE', #2653, 1000.000000000000000 ) ;
#9705 = CARTESIAN_POINT ( 'NONE',  ( -3.400000000000002600, -1.800000000000000500, 2.299999999999996300 ) ) ;
#9706 = FILL_AREA_STYLE ('',( #9887 ) ) ;
#9707 = FILL_AREA_STYLE_COLOUR ( '', #1087 ) ;
#9708 = PRESENTATION_STYLE_ASSIGNMENT (( #3114 ) ) ;
#9709 = PRESENTATION_LAYER_ASSIGNMENT (  '', '', ( #8438 ) ) ;
#9710 = VERTEX_POINT ( 'NONE', #1141 ) ;
#9711 = ORIENTED_EDGE ( 'NONE', *, *, #721, .F. ) ;
#9712 = AXIS2_PLACEMENT_3D ( 'NONE', #2053, #4734, #4640 ) ;
#9713 = LINE ( 'NONE', #3168, #2301 ) ;
#9714 = VERTEX_POINT ( 'NONE', #6094 ) ;
#9715 = DIRECTION ( 'NONE',  ( -2.990902544787601500E-016, -1.000000000000000000, 0.0000000000000000000 ) ) ;
#9716 = VECTOR ( 'NONE', #3350, 1000.000000000000000 ) ;
#9717 = ADVANCED_FACE ( 'NONE', ( #9318 ), #5133, .F. ) ;
#9718 = LINE ( 'NONE', #2279, #1979 ) ;
#9719 = ORIENTED_EDGE ( 'NONE', *, *, #2692, .T. ) ;
#9720 = CARTESIAN_POINT ( 'NONE',  ( 2.660000000000000100, 2.799999999999999400, 0.5000000000000017800 ) ) ;
#9721 = MECHANICAL_DESIGN_GEOMETRIC_PRESENTATION_REPRESENTATION (  '', ( #7804 ), #10359 ) ;
#9722 = ORIENTED_EDGE ( 'NONE', *, *, #9548, .F. ) ;
#9723 = LINE ( 'NONE', #5145, #6868 ) ;
#9724 = CARTESIAN_POINT ( 'NONE',  ( 1.089999999999999900, 1.500000000000000000, 1.700000000000000000 ) ) ;
#9725 =( LENGTH_UNIT ( ) NAMED_UNIT ( * ) SI_UNIT ( .MILLI., .METRE. ) );
#9726 = CARTESIAN_POINT ( 'NONE',  ( -2.339999999999999900, 2.649999999999999500, 1.375000000000002000 ) ) ;
#9727 = AXIS2_PLACEMENT_3D ( 'NONE', #159, #1138, #7977 ) ;
#9728 = PRESENTATION_STYLE_ASSIGNMENT (( #8686 ) ) ;
#9729 = EDGE_LOOP ( 'NONE', ( #5698, #5913, #1124, #12285 ) ) ;
#9730 = ORIENTED_EDGE ( 'NONE', *, *, #10370, .T. ) ;
#9731 = CARTESIAN_POINT ( 'NONE',  ( -2.339999999999999900, 2.900000000000000400, 1.788933584601082300E-015 ) ) ;
#9732 = EDGE_LOOP ( 'NONE', ( #10277, #2765, #11458, #5072, #9621, #10487 ) ) ;
#9733 =( NAMED_UNIT ( * ) SI_UNIT ( $, .STERADIAN. ) SOLID_ANGLE_UNIT ( ) );
#9734 = PLANE ( 'NONE',  #2982 ) ;
#9735 = EDGE_LOOP ( 'NONE', ( #11905, #12555, #1188, #2614 ) ) ;
#9736 = ORIENTED_EDGE ( 'NONE', *, *, #10766, .F. ) ;
#9737 = CARTESIAN_POINT ( 'NONE',  ( -4.475000000000001400, 0.8999999999999991300, 1.229999999999997800 ) ) ;
#9738 = EDGE_CURVE ( 'NONE', #11661, #9358, #3901, .T. ) ;
#9739 = ADVANCED_FACE ( 'NONE', ( #6174 ), #11801, .F. ) ;
#9740 = SURFACE_STYLE_FILL_AREA ( #4710 ) ;
#9741 = DIRECTION ( 'NONE',  ( 3.051828337366604500E-016, -0.0000000000000000000, 1.000000000000000000 ) ) ;
#9742 = FACE_OUTER_BOUND ( 'NONE', #1736, .T. ) ;
#9743 = VERTEX_POINT ( 'NONE', #5167 ) ;
#9744 =( GEOMETRIC_REPRESENTATION_CONTEXT ( 3 ) GLOBAL_UNCERTAINTY_ASSIGNED_CONTEXT ( ( #8830 ) ) GLOBAL_UNIT_ASSIGNED_CONTEXT ( ( #4468, #11149, #5455 ) ) REPRESENTATION_CONTEXT ( 'NONE', 'WORKASPACE' ) );
#9745 = DIRECTION ( 'NONE',  ( -0.0000000000000000000, -1.000000000000000000, -0.0000000000000000000 ) ) ;
#9746 = DIRECTION ( 'NONE',  ( -0.0000000000000000000, -0.0000000000000000000, 1.000000000000000000 ) ) ;
#9747 = CARTESIAN_POINT ( 'NONE',  ( -1.409999999999999900, 2.000000000000000000, 1.775000000000001500 ) ) ;
#9748 = LINE ( 'NONE', #549, #6896 ) ;
#9749 = PLANE ( 'NONE',  #2646 ) ;
#9750 = VECTOR ( 'NONE', #4198, 1000.000000000000000 ) ;
#9751 = ORIENTED_EDGE ( 'NONE', *, *, #8265, .F. ) ;
#9752 = ORIENTED_EDGE ( 'NONE', *, *, #2546, .T. ) ;
#9753 = EDGE_CURVE ( 'NONE', #8668, #7707, #11232, .T. ) ;
#9754 = VERTEX_POINT ( 'NONE', #9026 ) ;
#9755 = UNCERTAINTY_MEASURE_WITH_UNIT (LENGTH_MEASURE( 1.000000000000000100E-005 ), #10909, 'distance_accuracy_value', 'NONE');
#9756 =( LENGTH_UNIT ( ) NAMED_UNIT ( * ) SI_UNIT ( .MILLI., .METRE. ) );
#9757 = EDGE_CURVE ( 'NONE', #10688, #12523, #8716, .T. ) ;
#9758 = VERTEX_POINT ( 'NONE', #4228 ) ;
#9759 = CARTESIAN_POINT ( 'NONE',  ( 2.749999999999999600, 2.100000000000000100, 2.899999999999997700 ) ) ;
#9760 =( NAMED_UNIT ( * ) PLANE_ANGLE_UNIT ( ) SI_UNIT ( $, .RADIAN. ) );
#9761 = PLANE ( 'NONE',  #6819 ) ;
#9762 = LINE ( 'NONE', #3687, #11983 ) ;
#9763 = CARTESIAN_POINT ( 'NONE',  ( 2.660000000000000100, 0.8500000000000000900, 1.700000000000000000 ) ) ;
#9764 = EDGE_CURVE ( 'NONE', #11923, #2485, #942, .T. ) ;
#9765 = EDGE_CURVE ( 'NONE', #8647, #1450, #5864, .T. ) ;
#9766 =( NAMED_UNIT ( * ) SI_UNIT ( $, .STERADIAN. ) SOLID_ANGLE_UNIT ( ) );
#9767 = LINE ( 'NONE', #3490, #645 ) ;
#9768 = STYLED_ITEM ( 'NONE', ( #3300 ), #4357 ) ;
#9769 = DIRECTION ( 'NONE',  ( 0.0000000000000000000, 1.000000000000000000, 0.0000000000000000000 ) ) ;
#9770 = DIRECTION ( 'NONE',  ( 1.000000000000000000, 0.0000000000000000000, 1.626303258728256700E-016 ) ) ;
#9771 = VERTEX_POINT ( 'NONE', #6187 ) ;
#9772 = VERTEX_POINT ( 'NONE', #8113 ) ;
#9773 = FILL_AREA_STYLE ('',( #8819 ) ) ;
#9774 =( GEOMETRIC_REPRESENTATION_CONTEXT ( 3 ) GLOBAL_UNCERTAINTY_ASSIGNED_CONTEXT ( ( #11805 ) ) GLOBAL_UNIT_ASSIGNED_CONTEXT ( ( #7915, #7792, #9001 ) ) REPRESENTATION_CONTEXT ( 'NONE', 'WORKASPACE' ) );
#9775 = DIRECTION ( 'NONE',  ( 0.0000000000000000000, -1.000000000000000000, 0.0000000000000000000 ) ) ;
#9776 = COLOUR_RGB ( '',0.8000000000000000400, 0.8078431372549019800, 0.8000000000000000400 ) ;
#9777 = EDGE_CURVE ( 'NONE', #11437, #704, #5567, .T. ) ;
#9778 = ADVANCED_FACE ( 'NONE', ( #3583 ), #4263, .F. ) ;
#9779 = MECHANICAL_DESIGN_GEOMETRIC_PRESENTATION_REPRESENTATION (  '', ( #8510 ), #10415 ) ;
#9780 = VECTOR ( 'NONE', #4012, 1000.000000000000000 ) ;
#9781 = CARTESIAN_POINT ( 'NONE',  ( 1.409999999999999700, 1.500000000000000000, 0.9499999999999998400 ) ) ;
#9782 = ORIENTED_EDGE ( 'NONE', *, *, #9635, .T. ) ;
#9783 = DIRECTION ( 'NONE',  ( -0.0000000000000000000, -1.000000000000000000, -0.0000000000000000000 ) ) ;
#9784 = DIRECTION ( 'NONE',  ( -0.5773502691896238400, -0.5773502691896245100, 0.5773502691896290600 ) ) ;
#9785 = CARTESIAN_POINT ( 'NONE',  ( -4.000000000000000000, 2.100000000000000100, 3.399999999999996800 ) ) ;
#9786 = EDGE_CURVE ( 'NONE', #7110, #11073, #625, .T. ) ;
#9787 = CARTESIAN_POINT ( 'NONE',  ( 0.0000000000000000000, 0.0000000000000000000, 2.899999999999997700 ) ) ;
#9788 = VERTEX_POINT ( 'NONE', #5260 ) ;
#9789 =( LENGTH_UNIT ( ) NAMED_UNIT ( * ) SI_UNIT ( .MILLI., .METRE. ) );
#9790 = VECTOR ( 'NONE', #11566, 1000.000000000000000 ) ;
#9791 = ORIENTED_EDGE ( 'NONE', *, *, #150, .F. ) ;
#9792 = FACE_OUTER_BOUND ( 'NONE', #10884, .T. ) ;
#9793 = LINE ( 'NONE', #9624, #975 ) ;
#9794 = MECHANICAL_DESIGN_GEOMETRIC_PRESENTATION_REPRESENTATION (  '', ( #7871 ), #10431 ) ;
#9795 = ADVANCED_FACE ( 'NONE', ( #10654 ), #10059, .F. ) ;
#9796 = ORIENTED_EDGE ( 'NONE', *, *, #2057, .F. ) ;
#9797 = AXIS2_PLACEMENT_3D ( 'NONE', #1435, #8270, #2454 ) ;
#9798 = ORIENTED_EDGE ( 'NONE', *, *, #11041, .T. ) ;
#9799 = DIRECTION ( 'NONE',  ( -1.000000000000000000, -0.0000000000000000000, 3.049318610115479700E-016 ) ) ;
#9800 = ORIENTED_EDGE ( 'NONE', *, *, #5741, .T. ) ;
#9801 = VECTOR ( 'NONE', #1418, 1000.000000000000000 ) ;
#9802 =( NAMED_UNIT ( * ) PLANE_ANGLE_UNIT ( ) SI_UNIT ( $, .RADIAN. ) );
#9803 = LINE ( 'NONE', #10721, #7251 ) ;
#9804 = DIRECTION ( 'NONE',  ( -0.0000000000000000000, -1.000000000000000000, -0.0000000000000000000 ) ) ;
#9805 = DIRECTION ( 'NONE',  ( 0.0000000000000000000, 0.0000000000000000000, 1.000000000000000000 ) ) ;
#9806 = CARTESIAN_POINT ( 'NONE',  ( -4.000000000000001800, -1.700000000000000400, 0.2999999999999976000 ) ) ;
#9807 = LINE ( 'NONE', #9979, #2075 ) ;
#9808 = LINE ( 'NONE', #4500, #2076 ) ;
#9809 = CARTESIAN_POINT ( 'NONE',  ( 1.409999999999999700, 2.000000000000000000, 0.8749999999999998900 ) ) ;
#9810 = EDGE_CURVE ( 'NONE', #10600, #6042, #11976, .T. ) ;
#9811 = VERTEX_POINT ( 'NONE', #4354 ) ;
#9812 = DIRECTION ( 'NONE',  ( -0.0000000000000000000, 1.000000000000000000, -0.0000000000000000000 ) ) ;
#9813 = ORIENTED_EDGE ( 'NONE', *, *, #3485, .F. ) ;
#9814 = AXIS2_PLACEMENT_3D ( 'NONE', #4324, #6289, #388 ) ;
#9815 = SURFACE_STYLE_USAGE ( .BOTH. , #3057 ) ;
#9816 = FACE_OUTER_BOUND ( 'NONE', #2741, .T. ) ;
#9817 = AXIS2_PLACEMENT_3D ( 'NONE', #3581, #10306, #4568 ) ;
#9818 = LINE ( 'NONE', #2673, #4404 ) ;
#9819 = CARTESIAN_POINT ( 'NONE',  ( 4.575000000000003700, -1.100000000000000500, 1.505000000000000300 ) ) ;
#9820 = LINE ( 'NONE', #9198, #2086 ) ;
#9821 =( NAMED_UNIT ( * ) PLANE_ANGLE_UNIT ( ) SI_UNIT ( $, .RADIAN. ) );
#9822 = ORIENTED_EDGE ( 'NONE', *, *, #11968, .F. ) ;
#9823 = CARTESIAN_POINT ( 'NONE',  ( -2.339999999999999900, 1.500000000000000000, 0.8750000000000017800 ) ) ;
#9824 = EDGE_CURVE ( 'NONE', #10466, #9594, #9463, .T. ) ;
#9825 = CARTESIAN_POINT ( 'NONE',  ( -0.1599999999999999800, 2.799999999999999400, 0.5000000000000017800 ) ) ;
#9826 = DIRECTION ( 'NONE',  ( 0.0000000000000000000, 0.0000000000000000000, -1.000000000000000000 ) ) ;
#9827 = VECTOR ( 'NONE', #5139, 1000.000000000000000 ) ;
#9828 = VERTEX_POINT ( 'NONE', #12006 ) ;
#9829 = ORIENTED_EDGE ( 'NONE', *, *, #3827, .F. ) ;
#9830 = EDGE_CURVE ( 'NONE', #7984, #9171, #4342, .T. ) ;
#9831 = LINE ( 'NONE', #1131, #4732 ) ;
#9832 = CARTESIAN_POINT ( 'NONE',  ( 4.675000000000002500, 1.099999999999999600, 0.2499999999999999400 ) ) ;
#9833 = VERTEX_POINT ( 'NONE', #11043 ) ;
#9834 = MANIFOLD_SOLID_BREP ( 'P1', #1881 ) ;
#9835 = VERTEX_POINT ( 'NONE', #464 ) ;
#9836 = VECTOR ( 'NONE', #5087, 1000.000000000000000 ) ;
#9837 = EDGE_LOOP ( 'NONE', ( #6481, #6230, #1940, #936 ) ) ;
#9838 = FACE_OUTER_BOUND ( 'NONE', #8165, .T. ) ;
#9839 = VECTOR ( 'NONE', #5977, 1000.000000000000000 ) ;
#9840 = ORIENTED_EDGE ( 'NONE', *, *, #2465, .T. ) ;
#9841 = CARTESIAN_POINT ( 'NONE',  ( -0.05000000000000012800, -1.400000000000000100, 1.699999999999998400 ) ) ;
#9842 = EDGE_CURVE ( 'NONE', #10908, #8100, #5712, .T. ) ;
#9843 = LINE ( 'NONE', #9809, #9549 ) ;
#9844 = ADVANCED_FACE ( 'NONE', ( #1695 ), #1449, .F. ) ;
#9845 = DIRECTION ( 'NONE',  ( 1.000000000000000000, 0.0000000000000000000, 0.0000000000000000000 ) ) ;
#9846 = AXIS2_PLACEMENT_3D ( 'NONE', #7342, #7164, #7116 ) ;
#9847 =( NAMED_UNIT ( * ) SI_UNIT ( $, .STERADIAN. ) SOLID_ANGLE_UNIT ( ) );
#9848 = VERTEX_POINT ( 'NONE', #7303 ) ;
#9849 = LINE ( 'NONE', #1798, #7297 ) ;
#9850 = CARTESIAN_POINT ( 'NONE',  ( 2.660000000000000100, 2.649999999999999500, 1.225000000000001900 ) ) ;
#9851 = LINE ( 'NONE', #9763, #5056 ) ;
#9852 = ORIENTED_EDGE ( 'NONE', *, *, #9920, .T. ) ;
#9853 = VECTOR ( 'NONE', #3693, 1000.000000000000100 ) ;
#9854 = CARTESIAN_POINT ( 'NONE',  ( 1.089999999999999900, 2.000000000000000000, 1.774999999999999700 ) ) ;
#9855 = LINE ( 'NONE', #2316, #7006 ) ;
#9856 =( GEOMETRIC_REPRESENTATION_CONTEXT ( 3 ) GLOBAL_UNCERTAINTY_ASSIGNED_CONTEXT ( ( #7688 ) ) GLOBAL_UNIT_ASSIGNED_CONTEXT ( ( #3850, #4745, #3965 ) ) REPRESENTATION_CONTEXT ( 'NONE', 'WORKASPACE' ) );
#9857 = VECTOR ( 'NONE', #11641, 1000.000000000000000 ) ;
#9858 = EDGE_LOOP ( 'NONE', ( #3729, #4230, #4843, #341 ) ) ;
#9859 = EDGE_CURVE ( 'NONE', #8387, #8799, #4810, .T. ) ;
#9860 = DIRECTION ( 'NONE',  ( 1.000000000000000000, 0.0000000000000000000, 1.626303258728256700E-016 ) ) ;
#9861 = VECTOR ( 'NONE', #1316, 1000.000000000000000 ) ;
#9862 = ADVANCED_FACE ( 'NONE', ( #2183 ), #11169, .F. ) ;
#9863 = ORIENTED_EDGE ( 'NONE', *, *, #1033, .F. ) ;
#9864 = VECTOR ( 'NONE', #11070, 1000.000000000000000 ) ;
#9865 = CARTESIAN_POINT ( 'NONE',  ( -4.000000000000001800, 1.099999999999999600, 0.2999999999999976000 ) ) ;
#9866 = EDGE_CURVE ( 'NONE', #5771, #10600, #8709, .T. ) ;
#9867 = CARTESIAN_POINT ( 'NONE',  ( -2.339999999999999900, 2.649999999999999500, 1.225000000000001900 ) ) ;
#9868 = AXIS2_PLACEMENT_3D ( 'NONE', #5856, #5808, #5792 ) ;
#9869 = LINE ( 'NONE', #4473, #2137 ) ;
#9870 = VECTOR ( 'NONE', #1077, 1000.000000000000000 ) ;
#9871 = EDGE_LOOP ( 'NONE', ( #9586, #2777, #6349, #12107 ) ) ;
#9872 = DIRECTION ( 'NONE',  ( 1.000000000000000000, 0.0000000000000000000, 0.0000000000000000000 ) ) ;
#9873 = VERTEX_POINT ( 'NONE', #9271 ) ;
#9874 = CARTESIAN_POINT ( 'NONE',  ( 1.409999999999999700, 1.500000000000000000, 1.700000000000000000 ) ) ;
#9875 = CARTESIAN_POINT ( 'NONE',  ( 5.700000000000001100, -0.8999999999999991300, 1.084202172485504400E-016 ) ) ;
#9876 = FACE_OUTER_BOUND ( 'NONE', #2478, .T. ) ;
#9877 = ORIENTED_EDGE ( 'NONE', *, *, #6014, .T. ) ;
#9878 = DIRECTION ( 'NONE',  ( -1.000000000000000000, -0.0000000000000000000, -0.0000000000000000000 ) ) ;
#9879 = MECHANICAL_DESIGN_GEOMETRIC_PRESENTATION_REPRESENTATION (  '', ( #7953 ), #10518 ) ;
#9880 = LINE ( 'NONE', #2145, #7031 ) ;
#9881 = ORIENTED_EDGE ( 'NONE', *, *, #215, .T. ) ;
#9882 = LINE ( 'NONE', #10915, #3868 ) ;
#9883 = VECTOR ( 'NONE', #8771, 1000.000000000000000 ) ;
#9884 = FACE_OUTER_BOUND ( 'NONE', #5426, .T. ) ;
#9885 = ORIENTED_EDGE ( 'NONE', *, *, #11719, .T. ) ;
#9886 = ORIENTED_EDGE ( 'NONE', *, *, #11754, .T. ) ;
#9887 = FILL_AREA_STYLE_COLOUR ( '', #7957 ) ;
#9888 = SURFACE_SIDE_STYLE ('',( #5818 ) ) ;
#9889 = AXIS2_PLACEMENT_3D ( 'NONE', #7194, #10080, #4335 ) ;
#9890 = PLANE ( 'NONE',  #252 ) ;
#9891 = CIRCLE ( 'NONE', #3412, 0.3500000000000004800 ) ;
#9892 = CARTESIAN_POINT ( 'NONE',  ( 2.024999999999999900, -2.100000000000000100, 0.5999999999999967600 ) ) ;
#9893 = LINE ( 'NONE', #8442, #2176 ) ;
#9895 = VERTEX_POINT ( 'NONE', #4532 ) ;
#9894 = DIRECTION ( 'NONE',  ( 0.0000000000000000000, -1.000000000000000000, 4.336808689942018200E-016 ) ) ;
#9896 = DIRECTION ( 'NONE',  ( 0.0000000000000000000, -5.981805089575196200E-016, -1.000000000000000000 ) ) ;
#9897 = EDGE_CURVE ( 'NONE', #3942, #2443, #11221, .T. ) ;
#9898 = UNCERTAINTY_MEASURE_WITH_UNIT (LENGTH_MEASURE( 1.000000000000000100E-005 ), #9660, 'distance_accuracy_value', 'NONE');
#9899 =( NAMED_UNIT ( * ) PLANE_ANGLE_UNIT ( ) SI_UNIT ( $, .RADIAN. ) );
#9900 = ORIENTED_EDGE ( 'NONE', *, *, #9514, .F. ) ;
#9901 = MECHANICAL_DESIGN_GEOMETRIC_PRESENTATION_REPRESENTATION (  '', ( #7982 ), #10549 ) ;
#9902 = ORIENTED_EDGE ( 'NONE', *, *, #4015, .F. ) ;
#9903 = CARTESIAN_POINT ( 'NONE',  ( -4.650000000000003000, 1.074999999999997700, 0.4749999999999977600 ) ) ;
#9904 = PLANE ( 'NONE',  #5018 ) ;
#9905 = CARTESIAN_POINT ( 'NONE',  ( 2.660000000000000100, 2.499999999999999600, 1.734723475976807100E-015 ) ) ;
#9906 = DIRECTION ( 'NONE',  ( 0.0000000000000000000, -1.000000000000000000, 5.981805089575196200E-016 ) ) ;
#9907 = LINE ( 'NONE', #11810, #12137 ) ;
#9908 = CARTESIAN_POINT ( 'NONE',  ( -2.339999999999999900, 0.8500000000000000900, 1.700000000000000000 ) ) ;
#9909 = CARTESIAN_POINT ( 'NONE',  ( -4.675000000000002500, 1.099999999999999600, -5.421010862427522200E-017 ) ) ;
#9910 = LINE ( 'NONE', #3710, #9629 ) ;
#9911 = ORIENTED_EDGE ( 'NONE', *, *, #11350, .T. ) ;
#9912 = EDGE_CURVE ( 'NONE', #10758, #8707, #928, .T. ) ;
#9913 = ORIENTED_EDGE ( 'NONE', *, *, #3996, .F. ) ;
#9914 = ADVANCED_FACE ( 'NONE', ( #8410 ), #10308, .F. ) ;
#9915 = VECTOR ( 'NONE', #4629, 1000.000000000000000 ) ;
#9916 = CARTESIAN_POINT ( 'NONE',  ( 2.660000000000000100, 2.649999999999999500, 1.375000000000001800 ) ) ;
#9917 = PRESENTATION_LAYER_ASSIGNMENT (  '', '', ( #8649 ) ) ;
#9919 = LINE ( 'NONE', #10045, #7386 ) ;
#9918 = DIRECTION ( 'NONE',  ( -0.0000000000000000000, 1.000000000000000000, -0.0000000000000000000 ) ) ;
#9920 = EDGE_CURVE ( 'NONE', #8044, #11914, #615, .T. ) ;
#9921 = CARTESIAN_POINT ( 'NONE',  ( -2.660000000000000100, 1.500000000000000000, 1.775000000000001700 ) ) ;
#9922 = VERTEX_POINT ( 'NONE', #6508 ) ;
#9923 = VERTEX_POINT ( 'NONE', #1611 ) ;
#9924 = LINE ( 'NONE', #7679, #12447 ) ;
#9925 = ORIENTED_EDGE ( 'NONE', *, *, #3279, .T. ) ;
#9926 = EDGE_CURVE ( 'NONE', #10932, #11502, #5851, .T. ) ;
#9927 = EDGE_CURVE ( 'NONE', #8812, #9567, #3261, .T. ) ;
#9928 = FILL_AREA_STYLE_COLOUR ( '', #2404 ) ;
#9929 = DIRECTION ( 'NONE',  ( -0.5773502691896257300, -0.5773502691896257300, -0.5773502691896257300 ) ) ;
#9930 = SURFACE_STYLE_USAGE ( .BOTH. , #3184 ) ;
#9931 = PRESENTATION_LAYER_ASSIGNMENT (  '', '', ( #8674 ) ) ;
#9932 = FILL_AREA_STYLE ('',( #11755 ) ) ;
#9933 = VERTEX_POINT ( 'NONE', #3585 ) ;
#9934 = PRESENTATION_LAYER_ASSIGNMENT (  '', '', ( #8677 ) ) ;
#9935 = CARTESIAN_POINT ( 'NONE',  ( -1.409999999999999900, 1.500000000000000000, 0.8749999999999998900 ) ) ;
#9936 = VECTOR ( 'NONE', #6514, 1000.000000000000000 ) ;
#9937 = LINE ( 'NONE', #12265, #2540 ) ;
#9938 = DIRECTION ( 'NONE',  ( 2.891205793294679400E-015, 0.0000000000000000000, -1.000000000000000000 ) ) ;
#9939 = CARTESIAN_POINT ( 'NONE',  ( 1.409999999999999700, 2.799999999999999400, 0.5000000000000017800 ) ) ;
#9940 = EDGE_CURVE ( 'NONE', #755, #3892, #2943, .T. ) ;
#9941 = PLANE ( 'NONE',  #10799 ) ;
#9942 = DIRECTION ( 'NONE',  ( 0.0000000000000000000, 0.0000000000000000000, 1.000000000000000000 ) ) ;
#9943 = VERTEX_POINT ( 'NONE', #5588 ) ;
#9944 = ORIENTED_EDGE ( 'NONE', *, *, #1178, .T. ) ;
#9945 = DIRECTION ( 'NONE',  ( 0.0000000000000000000, -1.000000000000000000, -3.336006684570785100E-016 ) ) ;
#9946 = LINE ( 'NONE', #11513, #4558 ) ;
#9947 = AXIS2_PLACEMENT_3D ( 'NONE', #9168, #6336, #435 ) ;
#9948 = DIRECTION ( 'NONE',  ( -0.0000000000000000000, -0.0000000000000000000, 1.000000000000000000 ) ) ;
#9949 = FACE_OUTER_BOUND ( 'NONE', #12079, .T. ) ;
#9950 = ORIENTED_EDGE ( 'NONE', *, *, #12438, .F. ) ;
#9951 = CARTESIAN_POINT ( 'NONE',  ( -4.675000000000002500, 1.099999999999999600, 0.2499999999999999400 ) ) ;
#9952 = DIRECTION ( 'NONE',  ( 0.0000000000000000000, -1.000000000000000000, -1.495451272393799000E-016 ) ) ;
#9953 = VECTOR ( 'NONE', #5507, 1000.000000000000000 ) ;
#9954 = SURFACE_STYLE_USAGE ( .BOTH. , #3222 ) ;
#9955 = DIRECTION ( 'NONE',  ( 0.0000000000000000000, 1.000000000000000000, 0.0000000000000000000 ) ) ;
#9956 = EDGE_CURVE ( 'NONE', #2554, #3216, #316, .T. ) ;
#9957 = VECTOR ( 'NONE', #12072, 1000.000000000000000 ) ;
#9958 = DIRECTION ( 'NONE',  ( 1.000000000000000000, 0.0000000000000000000, 0.0000000000000000000 ) ) ;
#9959 = ORIENTED_EDGE ( 'NONE', *, *, #5197, .T. ) ;
#9960 = SURFACE_SIDE_STYLE ('',( #2702 ) ) ;
#9961 = CARTESIAN_POINT ( 'NONE',  ( 4.475000000000001400, -1.200000000000000400, 1.039999999999995200 ) ) ;
#9962 = VERTEX_POINT ( 'NONE', #9443 ) ;
#9963 = ORIENTED_EDGE ( 'NONE', *, *, #7092, .F. ) ;
#9964 = MECHANICAL_DESIGN_GEOMETRIC_PRESENTATION_REPRESENTATION (  '', ( #8052 ), #10624 ) ;
#9965 = CARTESIAN_POINT ( 'NONE',  ( -1.409999999999999900, -0.8999999999999958000, 0.9499999999999981800 ) ) ;
#9966 = VECTOR ( 'NONE', #1777, 1000.000000000000000 ) ;
#9967 = ADVANCED_FACE ( 'NONE', ( #2633 ), #12255, .F. ) ;
#9968 = DIRECTION ( 'NONE',  ( -0.2033118901005206400, 0.9241449550023804700, -0.3234507342508316000 ) ) ;
#9969 = ORIENTED_EDGE ( 'NONE', *, *, #745, .F. ) ;
#9970 = FACE_OUTER_BOUND ( 'NONE', #9127, .T. ) ;
#9971 = LINE ( 'NONE', #7785, #2263 ) ;
#9972 = CARTESIAN_POINT ( 'NONE',  ( -2.339999999999999900, 1.500000000000000000, 0.9499999999999982900 ) ) ;
#9973 = CARTESIAN_POINT ( 'NONE',  ( 0.05454692971218737900, -1.379332137671877000, 1.532233751814841200 ) ) ;
#9974 = VERTEX_POINT ( 'NONE', #3680 ) ;
#9975 = CLOSED_SHELL ( 'NONE', ( #7088, #3479, #91, #7395, #8775, #4566, #8848, #12274, #8108, #5696, #5323, #1291, #1446, #7451, #2750, #6906 ) ) ;
#9976 = ORIENTED_EDGE ( 'NONE', *, *, #4868, .T. ) ;
#9977 = UNCERTAINTY_MEASURE_WITH_UNIT (LENGTH_MEASURE( 1.000000000000000100E-005 ), #2636, 'distance_accuracy_value', 'NONE');
#9978 = DIRECTION ( 'NONE',  ( 0.7071067811865443500, -0.7071067811865506800, -1.121922012207343200E-016 ) ) ;
#9979 = CARTESIAN_POINT ( 'NONE',  ( 6.002498439450080900, 2.100000000000000100, 0.4999999999999986100 ) ) ;
#9980 = ORIENTED_EDGE ( 'NONE', *, *, #4134, .T. ) ;
#9981 = EDGE_LOOP ( 'NONE', ( #1253, #10985, #1027, #4955 ) ) ;
#9982 = FACE_OUTER_BOUND ( 'NONE', #3179, .T. ) ;
#9983 = VECTOR ( 'NONE', #94, 1000.000000000000000 ) ;
#9984 = CARTESIAN_POINT ( 'NONE',  ( 1.089999999999999900, 1.500000000000000000, 1.775000000000001700 ) ) ;
#9985 = LINE ( 'NONE', #4836, #7447 ) ;
#9986 = FACE_OUTER_BOUND ( 'NONE', #8469, .T. ) ;
#9987 = LINE ( 'NONE', #3463, #2280 ) ;
#9988 = STYLED_ITEM ( 'NONE', ( #4103 ), #719 ) ;
#9989 = FILL_AREA_STYLE_COLOUR ( '', #2623 ) ;
#9990 = ORIENTED_EDGE ( 'NONE', *, *, #11436, .F. ) ;
#9991 = VECTOR ( 'NONE', #8431, 1000.000000000000000 ) ;
#9992 = FACE_OUTER_BOUND ( 'NONE', #6924, .T. ) ;
#9993 = CARTESIAN_POINT ( 'NONE',  ( -3.400000000000003000, 0.3749999999999998300, 1.824999999999996400 ) ) ;
#9994 = DIRECTION ( 'NONE',  ( 0.0000000000000000000, 0.7071067811865460200, 0.7071067811865490200 ) ) ;
#9995 = EDGE_CURVE ( 'NONE', #240, #7542, #1685, .T. ) ;
#9996 = LINE ( 'NONE', #8697, #12228 ) ;
#9997 = ORIENTED_EDGE ( 'NONE', *, *, #1490, .F. ) ;
#9998 = PLANE ( 'NONE',  #5256 ) ;
#9999 = ORIENTED_EDGE ( 'NONE', *, *, #6635, .T. ) ;
#10000 = AXIS2_PLACEMENT_3D ( 'NONE', #6299, #6196, #7105 ) ;
#10001 = VERTEX_POINT ( 'NONE', #5667 ) ;
#10002 = DIRECTION ( 'NONE',  ( 0.0000000000000000000, -0.0000000000000000000, -1.000000000000000000 ) ) ;
#10003 = DIRECTION ( 'NONE',  ( 0.0000000000000000000, 1.000000000000000000, 0.0000000000000000000 ) ) ;
#10004 = EDGE_LOOP ( 'NONE', ( #8967, #11749, #3883, #8606 ) ) ;
#10005 = AXIS2_PLACEMENT_3D ( 'NONE', #11565, #4890, #4687 ) ;
#10006 = EDGE_CURVE ( 'NONE', #4185, #1190, #6609, .T. ) ;
#10007 = VECTOR ( 'NONE', #9088, 1000.000000000000000 ) ;
#10008 = VECTOR ( 'NONE', #2518, 1000.000000000000000 ) ;
#10009 = CARTESIAN_POINT ( 'NONE',  ( -1.409999999999999900, 1.500000000000000000, 0.8749999999999998900 ) ) ;
#10010 = ORIENTED_EDGE ( 'NONE', *, *, #10797, .T. ) ;
#10011 = EDGE_LOOP ( 'NONE', ( #3230, #5382, #11804, #11728 ) ) ;
#10012 = CARTESIAN_POINT ( 'NONE',  ( -1.409999999999999900, 2.000000000000000000, 1.775000000000001500 ) ) ;
#10013 = EDGE_CURVE ( 'NONE', #2167, #1392, #9150, .T. ) ;
#10014 = FILL_AREA_STYLE ('',( #9060 ) ) ;
#10015 = COLOUR_RGB ( '',0.8000000000000000400, 0.8078431372549019800, 0.8000000000000000400 ) ;
#10016 =( GEOMETRIC_REPRESENTATION_CONTEXT ( 3 ) GLOBAL_UNCERTAINTY_ASSIGNED_CONTEXT ( ( #3967 ) ) GLOBAL_UNIT_ASSIGNED_CONTEXT ( ( #1223, #1207, #10926 ) ) REPRESENTATION_CONTEXT ( 'NONE', 'WORKASPACE' ) );
#10017 = ORIENTED_EDGE ( 'NONE', *, *, #9261, .F. ) ;
#10018 = ADVANCED_FACE ( 'NONE', ( #11659 ), #2754, .T. ) ;
#10019 = DIRECTION ( 'NONE',  ( -1.000000000000000000, 0.0000000000000000000, 0.0000000000000000000 ) ) ;
#10020 = DIRECTION ( 'NONE',  ( -1.000000000000000000, -0.0000000000000000000, -0.0000000000000000000 ) ) ;
#10021 = CARTESIAN_POINT ( 'NONE',  ( 2.024999999999999900, -2.100000000000000100, 0.1999999999999981800 ) ) ;
#10022 = FILL_AREA_STYLE ('',( #11597 ) ) ;
#10023 = CARTESIAN_POINT ( 'NONE',  ( 4.015563601797917400E-018, 0.0000000000000000000, -1.301042606982605300E-015 ) ) ;
#10024 =( GEOMETRIC_REPRESENTATION_CONTEXT ( 3 ) GLOBAL_UNCERTAINTY_ASSIGNED_CONTEXT ( ( #11485 ) ) GLOBAL_UNIT_ASSIGNED_CONTEXT ( ( #4420, #11114, #5418 ) ) REPRESENTATION_CONTEXT ( 'NONE', 'WORKASPACE' ) );
#10025 = CARTESIAN_POINT ( 'NONE',  ( -2.750000000000001800, 1.500000000000000400, 3.399999999999996800 ) ) ;
#10026 =( NAMED_UNIT ( * ) SI_UNIT ( $, .STERADIAN. ) SOLID_ANGLE_UNIT ( ) );
#10027 = VERTEX_POINT ( 'NONE', #11378 ) ;
#10028 = DIRECTION ( 'NONE',  ( 0.0000000000000000000, 1.000000000000000000, -4.336808689942017700E-016 ) ) ;
#10029 = VECTOR ( 'NONE', #5638, 1000.000000000000000 ) ;
#10030 = CARTESIAN_POINT ( 'NONE',  ( -0.1599999999999999800, 1.500000000000000000, 1.699999999999998800 ) ) ;
#10031 = VECTOR ( 'NONE', #501, 1000.000000000000100 ) ;
#10032 = VERTEX_POINT ( 'NONE', #8612 ) ;
#10033 = ADVANCED_FACE ( 'NONE', ( #2782 ), #9566, .T. ) ;
#10034 = PRESENTATION_STYLE_ASSIGNMENT (( #7415 ) ) ;
#10035 = CARTESIAN_POINT ( 'NONE',  ( -0.1599999999999999800, 1.500000000000000000, 0.9499999999999998400 ) ) ;
#10036 = DIRECTION ( 'NONE',  ( -0.7071067811865474600, 0.0000000000000000000, 0.7071067811865474600 ) ) ;
#10037 = VECTOR ( 'NONE', #6110, 1000.000000000000100 ) ;
#10038 = DIRECTION ( 'NONE',  ( -0.0000000000000000000, -1.000000000000000000, -0.0000000000000000000 ) ) ;
#10039 =( NAMED_UNIT ( * ) PLANE_ANGLE_UNIT ( ) SI_UNIT ( $, .RADIAN. ) );
#10040 = ORIENTED_EDGE ( 'NONE', *, *, #6313, .T. ) ;
#10041 = ORIENTED_EDGE ( 'NONE', *, *, #5838, .T. ) ;
#10042 = EDGE_LOOP ( 'NONE', ( #139, #6026, #7516, #5574 ) ) ;
#10043 = STYLED_ITEM ( 'NONE', ( #4261 ), #8545 ) ;
#10044 = ORIENTED_EDGE ( 'NONE', *, *, #5741, .F. ) ;
#10045 = CARTESIAN_POINT ( 'NONE',  ( 0.1600000000000000300, 0.8500000000000000900, 1.700000000000000000 ) ) ;
#10046 = DIRECTION ( 'NONE',  ( -1.000000000000000000, 0.0000000000000000000, 0.0000000000000000000 ) ) ;
#10047 = ORIENTED_EDGE ( 'NONE', *, *, #2166, .T. ) ;
#10048 =( GEOMETRIC_REPRESENTATION_CONTEXT ( 3 ) GLOBAL_UNCERTAINTY_ASSIGNED_CONTEXT ( ( #799 ) ) GLOBAL_UNIT_ASSIGNED_CONTEXT ( ( #8150, #2331, #9106 ) ) REPRESENTATION_CONTEXT ( 'NONE', 'WORKASPACE' ) );
#10049 = CARTESIAN_POINT ( 'NONE',  ( 1.089999999999999900, 3.099999999999999600, 0.5000000000000017800 ) ) ;
#10050 = PRESENTATION_STYLE_ASSIGNMENT (( #8712 ) ) ;
#10051 = ORIENTED_EDGE ( 'NONE', *, *, #7753, .F. ) ;
#10052 = DIRECTION ( 'NONE',  ( -0.0000000000000000000, -1.000000000000000000, -0.0000000000000000000 ) ) ;
#10053 = VERTEX_POINT ( 'NONE', #9615 ) ;
#10054 = EDGE_CURVE ( 'NONE', #7540, #9352, #9601, .T. ) ;
#10055 = ORIENTED_EDGE ( 'NONE', *, *, #2806, .T. ) ;
#10056 = CARTESIAN_POINT ( 'NONE',  ( 0.1599999999999999800, -1.400000000000000100, 1.524999999999998100 ) ) ;
#10057 = DIRECTION ( 'NONE',  ( -1.000000000000000000, -0.0000000000000000000, -0.0000000000000000000 ) ) ;
#10058 = LINE ( 'NONE', #7668, #5577 ) ;
#10059 = PLANE ( 'NONE',  #9477 ) ;
#10060 = DIRECTION ( 'NONE',  ( 1.000000000000000000, 0.0000000000000000000, 0.0000000000000000000 ) ) ;
#10061 = EDGE_CURVE ( 'NONE', #7298, #8344, #3090, .T. ) ;
#10062 = DIRECTION ( 'NONE',  ( 0.0000000000000000000, 0.3303504247281046600, 0.9438583563660178900 ) ) ;
#10063 = ORIENTED_EDGE ( 'NONE', *, *, #2108, .T. ) ;
#10064 = ORIENTED_EDGE ( 'NONE', *, *, #2008, .T. ) ;
#10065 = DIRECTION ( 'NONE',  ( -0.0000000000000000000, 1.000000000000000000, -0.0000000000000000000 ) ) ;
#10066 = DIRECTION ( 'NONE',  ( -1.000000000000000000, -0.0000000000000000000, -0.0000000000000000000 ) ) ;
#10067 = PLANE ( 'NONE',  #9814 ) ;
#10068 = CARTESIAN_POINT ( 'NONE',  ( -2.339999999999999900, 1.500000000000000000, 0.8750000000000017800 ) ) ;
#10069 = VECTOR ( 'NONE', #7556, 1000.000000000000000 ) ;
#10070 = DIRECTION ( 'NONE',  ( 0.0000000000000000000, 0.0000000000000000000, -1.000000000000000000 ) ) ;
#10071 = VECTOR ( 'NONE', #4911, 1000.000000000000000 ) ;
#10072 = EDGE_CURVE ( 'NONE', #10317, #3772, #5408, .T. ) ;
#10073 = CARTESIAN_POINT ( 'NONE',  ( -4.000000000000001800, -2.100000000000000100, 0.2000000000000000100 ) ) ;
#10074 = VECTOR ( 'NONE', #8761, 1000.000000000000000 ) ;
#10075 = PRESENTATION_LAYER_ASSIGNMENT (  '', '', ( #8802 ) ) ;
#10076 = VERTEX_POINT ( 'NONE', #881 ) ;
#10077 = DIRECTION ( 'NONE',  ( -1.000000000000000000, -0.0000000000000000000, -0.0000000000000000000 ) ) ;
#10078 = ORIENTED_EDGE ( 'NONE', *, *, #4132, .F. ) ;
#10079 = ORIENTED_EDGE ( 'NONE', *, *, #746, .F. ) ;
#10080 = DIRECTION ( 'NONE',  ( -1.000000000000000000, 0.0000000000000000000, -0.0000000000000000000 ) ) ;
#10081 =( LENGTH_UNIT ( ) NAMED_UNIT ( * ) SI_UNIT ( .MILLI., .METRE. ) );
#10082 = AXIS2_PLACEMENT_3D ( 'NONE', #7337, #2452, #8365 ) ;
#10083 = CARTESIAN_POINT ( 'NONE',  ( 0.0000000000000000000, -1.700000000000000400, 0.0000000000000000000 ) ) ;
#10084 = ADVANCED_FACE ( 'NONE', ( #6745 ), #1872, .F. ) ;
#10085 = EDGE_CURVE ( 'NONE', #4605, #3535, #3247, .T. ) ;
#10086 =( LENGTH_UNIT ( ) NAMED_UNIT ( * ) SI_UNIT ( .MILLI., .METRE. ) );
#10087 = ORIENTED_EDGE ( 'NONE', *, *, #12237, .T. ) ;
#10088 = VECTOR ( 'NONE', #3431, 1000.000000000000000 ) ;
#10089 = DIRECTION ( 'NONE',  ( 0.0000000000000000000, -1.000000000000000000, 0.0000000000000000000 ) ) ;
#10090 = EDGE_CURVE ( 'NONE', #8116, #2825, #10902, .T. ) ;
#10091 = VERTEX_POINT ( 'NONE', #10643 ) ;
#10092 = EDGE_CURVE ( 'NONE', #5834, #6592, #5841, .T. ) ;
#10093 = VERTEX_POINT ( 'NONE', #12539 ) ;
#10094 = DIRECTION ( 'NONE',  ( 1.000000000000000000, 0.0000000000000000000, 0.0000000000000000000 ) ) ;
#10095 = DIRECTION ( 'NONE',  ( -0.0000000000000000000, 0.0000000000000000000, 1.000000000000000000 ) ) ;
#10096 = LINE ( 'NONE', #6876, #7560 ) ;
#10097 = ADVANCED_FACE ( 'NONE', ( #5543 ), #1956, .F. ) ;
#10098 = FILL_AREA_STYLE ('',( #9151 ) ) ;
#10099 = AXIS2_PLACEMENT_3D ( 'NONE', #5788, #6059, #5004 ) ;
#10100 = CARTESIAN_POINT ( 'NONE',  ( -2.660000000000000100, 1.500000000000000000, 1.699999999999998800 ) ) ;
#10101 = PRESENTATION_LAYER_ASSIGNMENT (  '', '', ( #8839 ) ) ;
#10102 = ORIENTED_EDGE ( 'NONE', *, *, #9301, .F. ) ;
#10103 = CARTESIAN_POINT ( 'NONE',  ( 2.660000000000000100, -0.8999999999999958000, 0.9499999999999981800 ) ) ;
#10104 =( NAMED_UNIT ( * ) PLANE_ANGLE_UNIT ( ) SI_UNIT ( $, .RADIAN. ) );
#10105 = VECTOR ( 'NONE', #6302, 1000.000000000000000 ) ;
#10106 = CARTESIAN_POINT ( 'NONE',  ( -4.000000000000001800, -1.700000000000000400, 2.699999999999999700 ) ) ;
#10107 = CARTESIAN_POINT ( 'NONE',  ( 4.235000000000002100, -1.200000000000000400, 1.529999999999997600 ) ) ;
#10108 = CARTESIAN_POINT ( 'NONE',  ( 2.339999999999999900, 1.500000000000000000, 0.9499999999999998400 ) ) ;
#10109 = SURFACE_STYLE_USAGE ( .BOTH. , #10167 ) ;
#10110 = PLANE ( 'NONE',  #6575 ) ;
#10111 = PLANE ( 'NONE',  #8813 ) ;
#10112 = DIRECTION ( 'NONE',  ( 0.0000000000000000000, 0.0000000000000000000, -1.000000000000000000 ) ) ;
#10113 = LINE ( 'NONE', #228, #64 ) ;
#10114 = FACE_OUTER_BOUND ( 'NONE', #9065, .T. ) ;
#10115 = DIRECTION ( 'NONE',  ( -0.0000000000000000000, -0.0000000000000000000, 1.000000000000000000 ) ) ;
#10116 = CARTESIAN_POINT ( 'NONE',  ( -1.409999999999999900, 2.649999999999999500, 1.375000000000001800 ) ) ;
#10117 = ORIENTED_EDGE ( 'NONE', *, *, #5918, .F. ) ;
#10118 = PRESENTATION_LAYER_ASSIGNMENT (  '', '', ( #8851 ) ) ;
#10119 = VECTOR ( 'NONE', #5385, 1000.000000000000000 ) ;
#10120 = LINE ( 'NONE', #7066, #2098 ) ;
#10121 = EDGE_LOOP ( 'NONE', ( #3293, #8249, #7368, #10378 ) ) ;
#10122 = CARTESIAN_POINT ( 'NONE',  ( -0.2500000000000011100, 1.500000000000000400, 3.399999999999997700 ) ) ;
#10123 = FACE_OUTER_BOUND ( 'NONE', #7926, .T. ) ;
#10124 = CARTESIAN_POINT ( 'NONE',  ( 3.400000000000002100, 0.8500000000000000900, 2.999999999999996400 ) ) ;
#10125 = VERTEX_POINT ( 'NONE', #2005 ) ;
#10126 = DIRECTION ( 'NONE',  ( 0.0000000000000000000, 0.0000000000000000000, -1.000000000000000000 ) ) ;
#10127 = ORIENTED_EDGE ( 'NONE', *, *, #2209, .T. ) ;
#10128 = VECTOR ( 'NONE', #6020, 999.9999999999998900 ) ;
#10129 = EDGE_CURVE ( 'NONE', #4471, #3027, #4636, .T. ) ;
#10130 = VECTOR ( 'NONE', #4613, 1000.000000000000000 ) ;
#10131 = PRESENTATION_STYLE_ASSIGNMENT (( #1174 ) ) ;
#10132 = PRESENTATION_STYLE_ASSIGNMENT (( #3747 ) ) ;
#10133 = LINE ( 'NONE', #10220, #5359 ) ;
#10134 =( GEOMETRIC_REPRESENTATION_CONTEXT ( 3 ) GLOBAL_UNCERTAINTY_ASSIGNED_CONTEXT ( ( #1421 ) ) GLOBAL_UNIT_ASSIGNED_CONTEXT ( ( #2846, #9628, #3863 ) ) REPRESENTATION_CONTEXT ( 'NONE', 'WORKASPACE' ) );
#10135 = ORIENTED_EDGE ( 'NONE', *, *, #2057, .T. ) ;
#10136 = LINE ( 'NONE', #6686, #2740 ) ;
#10137 = ORIENTED_EDGE ( 'NONE', *, *, #1127, .F. ) ;
#10138 = CARTESIAN_POINT ( 'NONE',  ( -1.300000000000000300, -1.400000000000000100, 1.524999999999998100 ) ) ;
#10139 = PRESENTATION_STYLE_ASSIGNMENT (( #10952 ) ) ;
#10140 = LINE ( 'NONE', #9422, #7302 ) ;
#10141 = SURFACE_STYLE_USAGE ( .BOTH. , #3423 ) ;
#10142 = FACE_OUTER_BOUND ( 'NONE', #11851, .T. ) ;
#10143 = LINE ( 'NONE', #12424, #12369 ) ;
#10144 = ADVANCED_FACE ( 'NONE', ( #1993 ), #9761, .F. ) ;
#10145 = CARTESIAN_POINT ( 'NONE',  ( 5.000000000000000000, 0.0000000000000000000, 2.899999999999997700 ) ) ;
#10146 = EDGE_CURVE ( 'NONE', #1084, #11178, #5996, .T. ) ;
#10147 = VECTOR ( 'NONE', #1795, 1000.000000000000000 ) ;
#10148 =( LENGTH_UNIT ( ) NAMED_UNIT ( * ) SI_UNIT ( .MILLI., .METRE. ) );
#10149 = DIRECTION ( 'NONE',  ( -1.000000000000000000, -0.0000000000000000000, 0.0000000000000000000 ) ) ;
#10150 = DIRECTION ( 'NONE',  ( 0.5773502691896261800, -0.5773502691896230700, -0.5773502691896280600 ) ) ;
#10151 = ORIENTED_EDGE ( 'NONE', *, *, #7533, .F. ) ;
#10152 = PRESENTATION_STYLE_ASSIGNMENT (( #10210 ) ) ;
#10153 = ORIENTED_EDGE ( 'NONE', *, *, #10450, .T. ) ;
#10154 = CARTESIAN_POINT ( 'NONE',  ( -2.660000000000000100, 1.500000000000000000, 1.775000000000001700 ) ) ;
#10155 = DIRECTION ( 'NONE',  ( 0.0000000000000000000, -1.000000000000000000, -3.336006684570785100E-016 ) ) ;
#10156 = DIRECTION ( 'NONE',  ( 0.0000000000000000000, 0.0000000000000000000, 1.000000000000000000 ) ) ;
#10157 = AXIS2_PLACEMENT_3D ( 'NONE', #10242, #8777, #8781 ) ;
#10158 = VECTOR ( 'NONE', #1098, 1000.000000000000000 ) ;
#10159 = EDGE_CURVE ( 'NONE', #11892, #529, #1058, .T. ) ;
#10160 = ORIENTED_EDGE ( 'NONE', *, *, #3096, .T. ) ;
#10161 = ORIENTED_EDGE ( 'NONE', *, *, #11968, .T. ) ;
#10162 = ADVANCED_FACE ( 'NONE', ( #8543 ), #99, .F. ) ;
#10163 = ORIENTED_EDGE ( 'NONE', *, *, #8473, .F. ) ;
#10164 = CARTESIAN_POINT ( 'NONE',  ( 3.400000000000002100, -1.800000000000000500, 0.5999999999999966500 ) ) ;
#10165 = VERTEX_POINT ( 'NONE', #6010 ) ;
#10166 = PLANE ( 'NONE',  #517 ) ;
#10167 = SURFACE_SIDE_STYLE ('',( #4345 ) ) ;
#10168 = EDGE_CURVE ( 'NONE', #7001, #7886, #12397, .T. ) ;
#10169 = EDGE_CURVE ( 'NONE', #9172, #12423, #7335, .T. ) ;
#10170 = EDGE_LOOP ( 'NONE', ( #8174, #5310, #638, #7090 ) ) ;
#10171 = EDGE_LOOP ( 'NONE', ( #12524, #2569, #9751, #1742, #8340 ) ) ;
#10172 = SURFACE_STYLE_USAGE ( .BOTH. , #3448 ) ;
#10173 = CARTESIAN_POINT ( 'NONE',  ( 3.400000000000002100, 0.8500000000000000900, 0.5999999999999966500 ) ) ;
#10174 = VERTEX_POINT ( 'NONE', #7000 ) ;
#10175 = DIRECTION ( 'NONE',  ( 0.0000000000000000000, 0.0000000000000000000, 1.000000000000000000 ) ) ;
#10176 = VECTOR ( 'NONE', #921, 1000.000000000000000 ) ;
#10177 = CIRCLE ( 'NONE', #1664, 0.1999999999999996500 ) ;
#10178 = LINE ( 'NONE', #3676, #5089 ) ;
#10179 = ORIENTED_EDGE ( 'NONE', *, *, #12321, .F. ) ;
#10180 = EDGE_CURVE ( 'NONE', #1833, #5793, #9880, .T. ) ;
#10181 = ORIENTED_EDGE ( 'NONE', *, *, #7165, .F. ) ;
#10182 = ORIENTED_EDGE ( 'NONE', *, *, #11823, .F. ) ;
#10183 = STYLED_ITEM ( 'NONE', ( #2241 ), #9418 ) ;
#10184 = LINE ( 'NONE', #6517, #7350 ) ;
#10185 = DIRECTION ( 'NONE',  ( 0.0000000000000000000, -1.000000000000000000, 0.0000000000000000000 ) ) ;
#10186 = LINE ( 'NONE', #2787, #7657 ) ;
#10187 = EDGE_CURVE ( 'NONE', #600, #3713, #12104, .T. ) ;
#10188 = SURFACE_SIDE_STYLE ('',( #9165 ) ) ;
#10189 = DIRECTION ( 'NONE',  ( 0.7071067811865474600, 0.0000000000000000000, -0.7071067811865474600 ) ) ;
#10190 = VERTEX_POINT ( 'NONE', #6079 ) ;
#10191 = ORIENTED_EDGE ( 'NONE', *, *, #9174, .T. ) ;
#10192 = CARTESIAN_POINT ( 'NONE',  ( 1.409999999999999700, 3.099999999999999600, 0.5000000000000017800 ) ) ;
#10193 = SURFACE_STYLE_USAGE ( .BOTH. , #3469 ) ;
#10194 = CARTESIAN_POINT ( 'NONE',  ( -4.000000000000001800, 2.100000000000000100, 0.2000000000000000100 ) ) ;
#10195 = DIRECTION ( 'NONE',  ( 0.0000000000000000000, -0.0000000000000000000, 1.000000000000000000 ) ) ;
#10196 = DIRECTION ( 'NONE',  ( 3.049318610115480200E-016, -0.0000000000000000000, 1.000000000000000000 ) ) ;
#10197 = CARTESIAN_POINT ( 'NONE',  ( 2.339999999999999900, 1.500000000000000000, 0.8749999999999998900 ) ) ;
#10198 =( LENGTH_UNIT ( ) NAMED_UNIT ( * ) SI_UNIT ( .MILLI., .METRE. ) );
#10199 = MECHANICAL_DESIGN_GEOMETRIC_PRESENTATION_REPRESENTATION (  '', ( #8296 ), #10823 ) ;
#10200 = LINE ( 'NONE', #6899, #2796 ) ;
#10201 = ORIENTED_EDGE ( 'NONE', *, *, #11327, .T. ) ;
#10202 = EDGE_LOOP ( 'NONE', ( #4901, #7783, #11459, #2941 ) ) ;
#10203 = VERTEX_POINT ( 'NONE', #7048 ) ;
#10204 = DIRECTION ( 'NONE',  ( -0.0000000000000000000, 1.000000000000000000, -0.0000000000000000000 ) ) ;
#10205 = EDGE_CURVE ( 'NONE', #12427, #9828, #4470, .T. ) ;
#10206 = VECTOR ( 'NONE', #12280, 1000.000000000000000 ) ;
#10207 = DIRECTION ( 'NONE',  ( -0.0000000000000000000, 0.0000000000000000000, 1.000000000000000000 ) ) ;
#10208 = CARTESIAN_POINT ( 'NONE',  ( -4.785000000000003700, 1.209999999999997100, 0.9199999999999970400 ) ) ;
#10209 = VERTEX_POINT ( 'NONE', #8003 ) ;
#10211 = VECTOR ( 'NONE', #1640, 1000.000000000000000 ) ;
#10210 = SURFACE_STYLE_USAGE ( .BOTH. , #3488 ) ;
#10212 = UNCERTAINTY_MEASURE_WITH_UNIT (LENGTH_MEASURE( 1.000000000000000100E-005 ), #4269, 'distance_accuracy_value', 'NONE');
#10213 = ADVANCED_FACE ( 'NONE', ( #2156 ), #2192, .F. ) ;
#10214 = ORIENTED_EDGE ( 'NONE', *, *, #6886, .T. ) ;
#10215 = DIRECTION ( 'NONE',  ( 0.7071067811865492400, 0.0000000000000000000, -0.7071067811865458000 ) ) ;
#10216 = ORIENTED_EDGE ( 'NONE', *, *, #7452, .T. ) ;
#10217 = CARTESIAN_POINT ( 'NONE',  ( 2.339999999999999900, 2.000000000000000000, 1.775000000000001500 ) ) ;
#10218 = DIRECTION ( 'NONE',  ( -1.000000000000000000, -0.0000000000000000000, -0.0000000000000000000 ) ) ;
#10219 =( GEOMETRIC_REPRESENTATION_CONTEXT ( 3 ) GLOBAL_UNCERTAINTY_ASSIGNED_CONTEXT ( ( #12485 ) ) GLOBAL_UNIT_ASSIGNED_CONTEXT ( ( #2865, #9644, #3885 ) ) REPRESENTATION_CONTEXT ( 'NONE', 'WORKASPACE' ) );
#10220 = CARTESIAN_POINT ( 'NONE',  ( 5.200000000000001100, -1.700000000000000400, 2.199999999999997500 ) ) ;
#10221 = LINE ( 'NONE', #8416, #2816 ) ;
#10222 = VECTOR ( 'NONE', #11901, 1000.000000000000000 ) ;
#10223 = VERTEX_POINT ( 'NONE', #220 ) ;
#10224 = EDGE_CURVE ( 'NONE', #3040, #375, #6732, .T. ) ;
#10225 = ADVANCED_FACE ( 'NONE', ( #1823 ), #4166, .F. ) ;
#10226 = SURFACE_SIDE_STYLE ('',( #12257 ) ) ;
#10227 = EDGE_LOOP ( 'NONE', ( #5535, #8561, #11990, #7547, #273, #4330, #12182, #12455, #12342, #12557, #6947, #9796, #7738, #8829, #10467, #3167, #9074, #1957 ) ) ;
#10228 = ORIENTED_EDGE ( 'NONE', *, *, #144, .T. ) ;
#10229 = CARTESIAN_POINT ( 'NONE',  ( -0.1599999999999999800, 1.500000000000000000, 0.8749999999999998900 ) ) ;
#10230 = CARTESIAN_POINT ( 'NONE',  ( -3.800000000000001600, -1.099999999999999900, -5.421010862427522200E-017 ) ) ;
#10231 = CARTESIAN_POINT ( 'NONE',  ( -2.339999999999999900, 0.8500000000000000900, 0.9499999999999998400 ) ) ;
#10232 = SURFACE_STYLE_FILL_AREA ( #11528 ) ;
#10233 = CARTESIAN_POINT ( 'NONE',  ( 5.500000000000001800, 1.099999999999999600, 0.2500000000000001100 ) ) ;
#10234 = FILL_AREA_STYLE ('',( #10653 ) ) ;
#10235 = DIRECTION ( 'NONE',  ( 1.000000000000000000, -0.0000000000000000000, -3.252606517456518700E-016 ) ) ;
#10236 = ORIENTED_EDGE ( 'NONE', *, *, #12206, .F. ) ;
#10237 = ORIENTED_EDGE ( 'NONE', *, *, #10816, .F. ) ;
#10238 = EDGE_CURVE ( 'NONE', #7457, #2013, #3232, .T. ) ;
#10239 = FACE_OUTER_BOUND ( 'NONE', #9616, .T. ) ;
#10240 = VECTOR ( 'NONE', #7184, 1000.000000000000100 ) ;
#10241 = CARTESIAN_POINT ( 'NONE',  ( -1.090000000000000100, 1.500000000000000000, 0.8749999999999998900 ) ) ;
#10242 = CARTESIAN_POINT ( 'NONE',  ( 4.475000000000001400, -1.200000000000000400, 1.039999999999995200 ) ) ;
#10243 = DIRECTION ( 'NONE',  ( -0.0000000000000000000, 0.0000000000000000000, 1.000000000000000000 ) ) ;
#10244 = PLANE ( 'NONE',  #11592 ) ;
#10245 = AXIS2_PLACEMENT_3D ( 'NONE', #8190, #7172, #7124 ) ;
#10246 = ORIENTED_EDGE ( 'NONE', *, *, #1627, .T. ) ;
#10247 = DIRECTION ( 'NONE',  ( 0.0000000000000000000, 0.0000000000000000000, -1.000000000000000000 ) ) ;
#10248 = EDGE_CURVE ( 'NONE', #9200, #5612, #10620, .T. ) ;
#10249 =( NAMED_UNIT ( * ) SI_UNIT ( $, .STERADIAN. ) SOLID_ANGLE_UNIT ( ) );
#10250 = LINE ( 'NONE', #11143, #4852 ) ;
#10251 = CARTESIAN_POINT ( 'NONE',  ( -1.090000000000000100, 2.000000000000000000, 1.774999999999999700 ) ) ;
#10252 = LINE ( 'NONE', #6270, #7419 ) ;
#10253 = EDGE_CURVE ( 'NONE', #7336, #10209, #8074, .T. ) ;
#10254 = AXIS2_PLACEMENT_3D ( 'NONE', #4076, #4062, #4046 ) ;
#10255 = ORIENTED_EDGE ( 'NONE', *, *, #6802, .F. ) ;
#10256 = LINE ( 'NONE', #3505, #12479 ) ;
#10257 = DIRECTION ( 'NONE',  ( 0.0000000000000000000, 0.0000000000000000000, -1.000000000000000000 ) ) ;
#10258 = AXIS2_PLACEMENT_3D ( 'NONE', #11701, #98, #6955 ) ;
#10259 = DIRECTION ( 'NONE',  ( 0.0000000000000000000, -0.0000000000000000000, 1.000000000000000000 ) ) ;
#10260 = CARTESIAN_POINT ( 'NONE',  ( 4.665000000000004500, 0.8999999999999991300, 1.229999999999997800 ) ) ;
#10261 = LINE ( 'NONE', #11812, #12196 ) ;
#10262 = DIRECTION ( 'NONE',  ( 3.051828337366604500E-016, -0.0000000000000000000, 1.000000000000000000 ) ) ;
#10263 = EDGE_LOOP ( 'NONE', ( #8373, #9414, #7341, #8065 ) ) ;
#10264 = ADVANCED_FACE ( 'NONE', ( #586 ), #329, .F. ) ;
#10265 = CARTESIAN_POINT ( 'NONE',  ( 2.660000000000000100, 2.299999999999999400, 0.6750000000000020400 ) ) ;
#10266 = ORIENTED_EDGE ( 'NONE', *, *, #2486, .T. ) ;
#10267 = CARTESIAN_POINT ( 'NONE',  ( -4.475000000000001400, 0.8999999999999991300, 1.229999999999997800 ) ) ;
#10268 = CARTESIAN_POINT ( 'NONE',  ( 4.000000000000000000, 1.500000000000000400, 2.899999999999997700 ) ) ;
#10269 = SURFACE_STYLE_FILL_AREA ( #4826 ) ;
#10270 = COLOUR_RGB ( '',0.8000000000000000400, 0.8078431372549019800, 0.8000000000000000400 ) ;
#10271 = SURFACE_SIDE_STYLE ('',( #4391 ) ) ;
#10272 = ORIENTED_EDGE ( 'NONE', *, *, #2730, .T. ) ;
#10273 = LINE ( 'NONE', #5211, #2570 ) ;
#10274 = VECTOR ( 'NONE', #2853, 1000.000000000000000 ) ;
#10275 = DIRECTION ( 'NONE',  ( 0.0000000000000000000, -1.000000000000000000, -3.336006684570785100E-016 ) ) ;
#10276 = DIRECTION ( 'NONE',  ( 0.0000000000000000000, 1.000000000000000000, 1.355252715606878600E-016 ) ) ;
#10277 = ORIENTED_EDGE ( 'NONE', *, *, #5372, .F. ) ;
#10278 = COLOUR_RGB ( '',0.8000000000000000400, 0.8078431372549019800, 0.8000000000000000400 ) ;
#10279 = EDGE_LOOP ( 'NONE', ( #1280, #7210, #10953, #6513, #5435, #10255, #9085, #2273, #3519, #9711, #9315, #2484 ) ) ;
#10280 = ADVANCED_FACE ( 'NONE', ( #5231 ), #8140, .T. ) ;
#10281 = ORIENTED_EDGE ( 'NONE', *, *, #9824, .T. ) ;
#10282 = COLOUR_RGB ( '',0.8000000000000000400, 0.8078431372549019800, 0.8000000000000000400 ) ;
#10283 = LINE ( 'NONE', #10100, #5194 ) ;
#10284 = LINE ( 'NONE', #12517, #2579 ) ;
#10285 = CARTESIAN_POINT ( 'NONE',  ( -2.025000000000000800, -2.100000000000000100, 0.5999999999999967600 ) ) ;
#10286 = FACE_OUTER_BOUND ( 'NONE', #3169, .T. ) ;
#10287 = DIRECTION ( 'NONE',  ( 0.0000000000000000000, -1.000000000000000000, 0.0000000000000000000 ) ) ;
#10288 = PLANE ( 'NONE',  #4808 ) ;
#10289 = SURFACE_STYLE_FILL_AREA ( #6496 ) ;
#10290 = PLANE ( 'NONE',  #377 ) ;
#10291 = VECTOR ( 'NONE', #3802, 1000.000000000000000 ) ;
#10292 = CARTESIAN_POINT ( 'NONE',  ( 1.089999999999999900, 1.500000000000000000, 0.9499999999999998400 ) ) ;
#10293 = UNCERTAINTY_MEASURE_WITH_UNIT (LENGTH_MEASURE( 1.000000000000000100E-005 ), #10635, 'distance_accuracy_value', 'NONE');
#10294 = DIRECTION ( 'NONE',  ( 1.000000000000000000, 0.0000000000000000000, 0.0000000000000000000 ) ) ;
#10295 = EDGE_CURVE ( 'NONE', #2322, #6433, #10311, .T. ) ;
#10296 = ORIENTED_EDGE ( 'NONE', *, *, #5578, .F. ) ;
#10297 = ORIENTED_EDGE ( 'NONE', *, *, #10662, .T. ) ;
#10298 = FACE_OUTER_BOUND ( 'NONE', #8030, .T. ) ;
#10299 = ORIENTED_EDGE ( 'NONE', *, *, #913, .T. ) ;
#10300 = LINE ( 'NONE', #11366, #5214 ) ;
#10301 = EDGE_CURVE ( 'NONE', #2443, #1335, #2912, .T. ) ;
#10302 = ORIENTED_EDGE ( 'NONE', *, *, #8651, .T. ) ;
#10303 = VERTEX_POINT ( 'NONE', #7203 ) ;
#10304 = AXIS2_PLACEMENT_3D ( 'NONE', #8112, #7131, #7178 ) ;
#10305 = VERTEX_POINT ( 'NONE', #8182 ) ;
#10306 = DIRECTION ( 'NONE',  ( 1.000000000000000000, 0.0000000000000000000, -3.049318610115481200E-016 ) ) ;
#10307 = DIRECTION ( 'NONE',  ( -1.000000000000000000, 0.0000000000000000000, -0.0000000000000000000 ) ) ;
#10308 = PLANE ( 'NONE',  #8607 ) ;
#10309 = EDGE_LOOP ( 'NONE', ( #1995, #8999, #11803, #12289 ) ) ;
#10310 = VERTEX_POINT ( 'NONE', #2361 ) ;
#10311 = LINE ( 'NONE', #4299, #7779 ) ;
#10312 = EDGE_CURVE ( 'NONE', #6854, #4564, #12241, .T. ) ;
#10313 = LINE ( 'NONE', #2841, #2612 ) ;
#10314 = ORIENTED_EDGE ( 'NONE', *, *, #560, .T. ) ;
#10315 = DIRECTION ( 'NONE',  ( 1.000000000000000000, -0.0000000000000000000, 0.0000000000000000000 ) ) ;
#10316 = CARTESIAN_POINT ( 'NONE',  ( -2.660000000000000100, 1.500000000000000000, 0.8749999999999998900 ) ) ;
#10317 = VERTEX_POINT ( 'NONE', #1349 ) ;
#10318 = LINE ( 'NONE', #112, #7784 ) ;
#10319 = DIRECTION ( 'NONE',  ( 0.0000000000000000000, 1.000000000000000000, 0.0000000000000000000 ) ) ;
#10320 =( NAMED_UNIT ( * ) PLANE_ANGLE_UNIT ( ) SI_UNIT ( $, .RADIAN. ) );
#10321 = FACE_OUTER_BOUND ( 'NONE', #5076, .T. ) ;
#10322 = VERTEX_POINT ( 'NONE', #11025 ) ;
#10323 =( GEOMETRIC_REPRESENTATION_CONTEXT ( 3 ) GLOBAL_UNCERTAINTY_ASSIGNED_CONTEXT ( ( #6328 ) ) GLOBAL_UNIT_ASSIGNED_CONTEXT ( ( #3912, #4653, #800 ) ) REPRESENTATION_CONTEXT ( 'NONE', 'WORKASPACE' ) );
#10324 = EDGE_CURVE ( 'NONE', #22, #3935, #4922, .T. ) ;
#10325 = PRESENTATION_STYLE_ASSIGNMENT (( #2964 ) ) ;
#10326 = SURFACE_STYLE_FILL_AREA ( #5367 ) ;
#10327 = SURFACE_SIDE_STYLE ('',( #4405 ) ) ;
#10328 = ORIENTED_EDGE ( 'NONE', *, *, #2395, .F. ) ;
#10329 = DIRECTION ( 'NONE',  ( 0.5773502691896272900, -0.5773502691896222900, -0.5773502691896275100 ) ) ;
#10330 = LINE ( 'NONE', #5280, #6601 ) ;
#10331 = VECTOR ( 'NONE', #9364, 1000.000000000000000 ) ;
#10332 = DIRECTION ( 'NONE',  ( 0.0000000000000000000, 1.495451272393799300E-016, -1.000000000000000000 ) ) ;
#10333 = DIRECTION ( 'NONE',  ( 0.0000000000000000000, 0.0000000000000000000, -1.000000000000000000 ) ) ;
#10334 = EDGE_CURVE ( 'NONE', #4337, #8783, #7169, .T. ) ;
#10335 = EDGE_CURVE ( 'NONE', #1070, #9220, #4619, .T. ) ;
#10336 = CARTESIAN_POINT ( 'NONE',  ( 4.225000000000001400, -1.100000000000000500, 1.155000000000000000 ) ) ;
#10337 = EDGE_LOOP ( 'NONE', ( #10918, #7861, #1787, #9639 ) ) ;
#10338 = ADVANCED_FACE ( 'NONE', ( #9427 ), #2402, .F. ) ;
#10339 = ORIENTED_EDGE ( 'NONE', *, *, #2555, .T. ) ;
#10340 = DIRECTION ( 'NONE',  ( -1.000000000000000000, 0.0000000000000000000, -0.0000000000000000000 ) ) ;
#10341 = PLANE ( 'NONE',  #5067 ) ;
#10342 = SURFACE_STYLE_FILL_AREA ( #10386 ) ;
#10343 = LINE ( 'NONE', #7600, #4947 ) ;
#10344 = ORIENTED_EDGE ( 'NONE', *, *, #2043, .T. ) ;
#10345 = VECTOR ( 'NONE', #10929, 999.9999999999998900 ) ;
#10346 = ORIENTED_EDGE ( 'NONE', *, *, #7611, .F. ) ;
#10347 = MECHANICAL_DESIGN_GEOMETRIC_PRESENTATION_REPRESENTATION (  '', ( #8438 ), #10956 ) ;
#10348 = DIRECTION ( 'NONE',  ( 0.0000000000000000000, 0.0000000000000000000, 1.000000000000000000 ) ) ;
#10349 = ORIENTED_EDGE ( 'NONE', *, *, #8902, .F. ) ;
#10350 = ADVANCED_FACE ( 'NONE', ( #8529 ), #3451, .F. ) ;
#10351 = CARTESIAN_POINT ( 'NONE',  ( -5.000000000000000900, -1.700000000000000400, 0.2999999999999975500 ) ) ;
#10352 = COLOUR_RGB ( '',0.8000000000000000400, 0.8078431372549019800, 0.8000000000000000400 ) ;
#10353 = CARTESIAN_POINT ( 'NONE',  ( 3.300000000000001600, 1.099999999999999900, 0.1999999999999977900 ) ) ;
#10354 = PLANE ( 'NONE',  #11329 ) ;
#10355 = FACE_OUTER_BOUND ( 'NONE', #7830, .T. ) ;
#10356 = VECTOR ( 'NONE', #4812, 1000.000000000000000 ) ;
#10357 = VERTEX_POINT ( 'NONE', #4422 ) ;
#10358 = SURFACE_STYLE_USAGE ( .BOTH. , #10529 ) ;
#10359 =( GEOMETRIC_REPRESENTATION_CONTEXT ( 3 ) GLOBAL_UNCERTAINTY_ASSIGNED_CONTEXT ( ( #1175 ) ) GLOBAL_UNIT_ASSIGNED_CONTEXT ( ( #12346, #6650, #777 ) ) REPRESENTATION_CONTEXT ( 'NONE', 'WORKASPACE' ) );
#10361 = ORIENTED_EDGE ( 'NONE', *, *, #9635, .F. ) ;
#10360 = SURFACE_SIDE_STYLE ('',( #3652 ) ) ;
#10362 = DIRECTION ( 'NONE',  ( 0.0000000000000000000, -5.981805089575196200E-016, -1.000000000000000000 ) ) ;
#10363 = CARTESIAN_POINT ( 'NONE',  ( -2.339999999999999900, -1.400000000000000100, 1.524999999999998100 ) ) ;
#10364 = FACE_OUTER_BOUND ( 'NONE', #4368, .T. ) ;
#10365 = PRESENTATION_LAYER_ASSIGNMENT (  '', '', ( #9082 ) ) ;
#10366 = DIRECTION ( 'NONE',  ( 2.891205793294679400E-015, 0.0000000000000000000, 1.000000000000000000 ) ) ;
#10367 = ORIENTED_EDGE ( 'NONE', *, *, #11829, .F. ) ;
#10368 = VERTEX_POINT ( 'NONE', #496 ) ;
#10369 = ORIENTED_EDGE ( 'NONE', *, *, #6593, .T. ) ;
#10370 = EDGE_CURVE ( 'NONE', #4786, #1981, #1038, .T. ) ;
#10371 = LINE ( 'NONE', #7107, #2666 ) ;
#10372 = PLANE ( 'NONE',  #11541 ) ;
#10373 = DIRECTION ( 'NONE',  ( 0.0000000000000000000, -1.000000000000000000, 5.981805089575196200E-016 ) ) ;
#10374 = LINE ( 'NONE', #9080, #2668 ) ;
#10375 = PLANE ( 'NONE',  #5948 ) ;
#10376 = VECTOR ( 'NONE', #962, 1000.000000000000000 ) ;
#10377 = VERTEX_POINT ( 'NONE', #5419 ) ;
#10378 = ORIENTED_EDGE ( 'NONE', *, *, #972, .T. ) ;
#10379 = ORIENTED_EDGE ( 'NONE', *, *, #3968, .F. ) ;
#10380 = VERTEX_POINT ( 'NONE', #8312 ) ;
#10381 = EDGE_CURVE ( 'NONE', #12484, #8034, #11031, .T. ) ;
#10383 = CIRCLE ( 'NONE', #77, 0.1000000000000002600 ) ;
#10382 = PLANE ( 'NONE',  #12353 ) ;
#10384 = ORIENTED_EDGE ( 'NONE', *, *, #8863, .T. ) ;
#10385 = CARTESIAN_POINT ( 'NONE',  ( -2.339999999999999900, 3.099999999999999600, 0.2000000000000018700 ) ) ;
#10386 = FILL_AREA_STYLE ('',( #8444 ) ) ;
#10387 = DIRECTION ( 'NONE',  ( 1.000000000000000000, 0.0000000000000000000, 0.0000000000000000000 ) ) ;
#10388 = EDGE_LOOP ( 'NONE', ( #5499, #4145, #9008, #7040 ) ) ;
#10389 = ORIENTED_EDGE ( 'NONE', *, *, #1986, .F. ) ;
#10390 = ADVANCED_FACE ( 'NONE', ( #3709 ), #5325, .T. ) ;
#10391 = AXIS2_PLACEMENT_3D ( 'NONE', #5934, #5878, #5967 ) ;
#10392 = CARTESIAN_POINT ( 'NONE',  ( 3.300000000000001600, 2.100000000000000100, 0.1999999999999977900 ) ) ;
#10393 = EDGE_CURVE ( 'NONE', #5406, #1156, #7323, .T. ) ;
#10394 = DIRECTION ( 'NONE',  ( -0.0000000000000000000, 1.000000000000000000, -0.0000000000000000000 ) ) ;
#10395 = CARTESIAN_POINT ( 'NONE',  ( 0.1599999999999999800, 2.799999999999999400, 0.5000000000000017800 ) ) ;
#10396 = DIRECTION ( 'NONE',  ( -1.000000000000000000, -0.0000000000000000000, -0.0000000000000000000 ) ) ;
#10397 = CARTESIAN_POINT ( 'NONE',  ( 2.339999999999999900, 2.299999999999999400, 0.2000000000000025400 ) ) ;
#10398 = DIRECTION ( 'NONE',  ( 4.170008355713468300E-016, 0.0000000000000000000, 1.000000000000000000 ) ) ;
#10399 = CARTESIAN_POINT ( 'NONE',  ( 4.475000000000001400, 1.099999999999999600, 1.155000000000000000 ) ) ;
#10400 = EDGE_CURVE ( 'NONE', #2972, #9631, #9869, .T. ) ;
#10401 =( NAMED_UNIT ( * ) PLANE_ANGLE_UNIT ( ) SI_UNIT ( $, .RADIAN. ) );
#10402 = EDGE_CURVE ( 'NONE', #11946, #5564, #4776, .T. ) ;
#10403 = ORIENTED_EDGE ( 'NONE', *, *, #8902, .T. ) ;
#10404 = AXIS2_PLACEMENT_3D ( 'NONE', #7369, #6202, #6161 ) ;
#10405 = CARTESIAN_POINT ( 'NONE',  ( -4.225000000000001400, -1.100000000000000500, 0.4499999999999999600 ) ) ;
#10406 = ADVANCED_FACE ( 'NONE', ( #2460 ), #9349, .F. ) ;
#10407 = VECTOR ( 'NONE', #5801, 1000.000000000000000 ) ;
#10408 = CARTESIAN_POINT ( 'NONE',  ( -2.339999999999999900, 2.000000000000000000, 0.8749999999999998900 ) ) ;
#10409 = LINE ( 'NONE', #1221, #5014 ) ;
#10410 = CARTESIAN_POINT ( 'NONE',  ( -3.700000000000002000, -2.100000000000000100, 1.399999999999996800 ) ) ;
#10411 = CIRCLE ( 'NONE', #12544, 0.1500000000000001900 ) ;
#10412 = CARTESIAN_POINT ( 'NONE',  ( 1.089999999999999900, 0.8500000000000000900, 0.9499999999999998400 ) ) ;
#10413 = EDGE_CURVE ( 'NONE', #1868, #1450, #1814, .T. ) ;
#10414 = PLANE ( 'NONE',  #7223 ) ;
#10415 =( GEOMETRIC_REPRESENTATION_CONTEXT ( 3 ) GLOBAL_UNCERTAINTY_ASSIGNED_CONTEXT ( ( #6244 ) ) GLOBAL_UNIT_ASSIGNED_CONTEXT ( ( #152, #7009, #1135 ) ) REPRESENTATION_CONTEXT ( 'NONE', 'WORKASPACE' ) );
#10416 = ORIENTED_EDGE ( 'NONE', *, *, #4943, .F. ) ;
#10417 = COLOUR_RGB ( '',0.8000000000000000400, 0.8078431372549019800, 0.8000000000000000400 ) ;
#10418 = VECTOR ( 'NONE', #2411, 1000.000000000000000 ) ;
#10419 = EDGE_LOOP ( 'NONE', ( #6524, #2245, #7442, #10586 ) ) ;
#10420 = VECTOR ( 'NONE', #4075, 1000.000000000000000 ) ;
#10421 = EDGE_CURVE ( 'NONE', #2022, #9758, #7018, .T. ) ;
#10422 = ORIENTED_EDGE ( 'NONE', *, *, #7567, .F. ) ;
#10423 = STYLED_ITEM ( 'NONE', ( #8521 ), #5974 ) ;
#10424 = EDGE_LOOP ( 'NONE', ( #2371, #12368, #1404, #1133, #3671, #718, #2424 ) ) ;
#10425 = VECTOR ( 'NONE', #2006, 1000.000000000000200 ) ;
#10427 = VERTEX_POINT ( 'NONE', #8435 ) ;
#10426 = PLANE ( 'NONE',  #8881 ) ;
#10428 = ORIENTED_EDGE ( 'NONE', *, *, #1127, .T. ) ;
#10429 = EDGE_LOOP ( 'NONE', ( #5884, #5947, #8957, #10480 ) ) ;
#10430 =( NAMED_UNIT ( * ) PLANE_ANGLE_UNIT ( ) SI_UNIT ( $, .RADIAN. ) );
#10431 =( GEOMETRIC_REPRESENTATION_CONTEXT ( 3 ) GLOBAL_UNCERTAINTY_ASSIGNED_CONTEXT ( ( #4839 ) ) GLOBAL_UNIT_ASSIGNED_CONTEXT ( ( #7709, #1855, #8675 ) ) REPRESENTATION_CONTEXT ( 'NONE', 'WORKASPACE' ) );
#10432 = CARTESIAN_POINT ( 'NONE',  ( 3.400000000000002100, -1.800000000000000500, 1.399999999999996800 ) ) ;
#10433 = VECTOR ( 'NONE', #1610, 1000.000000000000000 ) ;
#10434 = LINE ( 'NONE', #1072, #3037 ) ;
#10435 = CARTESIAN_POINT ( 'NONE',  ( 4.500000000000002700, 1.099999999999999600, 2.199999999999997500 ) ) ;
#10436 = ORIENTED_EDGE ( 'NONE', *, *, #11678, .F. ) ;
#10437 = DIRECTION ( 'NONE',  ( -0.0000000000000000000, 0.0000000000000000000, 1.000000000000000000 ) ) ;
#10438 = VECTOR ( 'NONE', #6626, 999.9999999999998900 ) ;
#10439 = STYLED_ITEM ( 'NONE', ( #750 ), #10390 ) ;
#10440 = VERTEX_POINT ( 'NONE', #5533 ) ;
#10441 = FACE_OUTER_BOUND ( 'NONE', #924, .T. ) ;
#10442 = PLANE ( 'NONE',  #5625 ) ;
#10443 = ORIENTED_EDGE ( 'NONE', *, *, #8495, .T. ) ;
#10444 = SURFACE_SIDE_STYLE ('',( #9517 ) ) ;
#10445 =( NAMED_UNIT ( * ) SI_UNIT ( $, .STERADIAN. ) SOLID_ANGLE_UNIT ( ) );
#10446 = ORIENTED_EDGE ( 'NONE', *, *, #1054, .F. ) ;
#10447 = ORIENTED_EDGE ( 'NONE', *, *, #6660, .F. ) ;
#10448 = CARTESIAN_POINT ( 'NONE',  ( 2.660000000000000100, 2.000000000000000000, 1.775000000000001500 ) ) ;
#10449 = PLANE ( 'NONE',  #12261 ) ;
#10450 = EDGE_CURVE ( 'NONE', #5481, #10647, #4457, .T. ) ;
#10451 = SURFACE_STYLE_FILL_AREA ( #10014 ) ;
#10452 = VECTOR ( 'NONE', #8117, 1000.000000000000000 ) ;
#10453 =( LENGTH_UNIT ( ) NAMED_UNIT ( * ) SI_UNIT ( .MILLI., .METRE. ) );
#10454 = ORIENTED_EDGE ( 'NONE', *, *, #1961, .T. ) ;
#10455 = EDGE_LOOP ( 'NONE', ( #12377, #5378, #4578, #7693 ) ) ;
#10456 = FACE_OUTER_BOUND ( 'NONE', #2922, .T. ) ;
#10457 = ORIENTED_EDGE ( 'NONE', *, *, #10869, .F. ) ;
#10458 = VECTOR ( 'NONE', #11987, 1000.000000000000000 ) ;
#10459 = DIRECTION ( 'NONE',  ( 1.000000000000000000, 0.0000000000000000000, 0.0000000000000000000 ) ) ;
#10460 =( LENGTH_UNIT ( ) NAMED_UNIT ( * ) SI_UNIT ( .MILLI., .METRE. ) );
#10461 =( NAMED_UNIT ( * ) PLANE_ANGLE_UNIT ( ) SI_UNIT ( $, .RADIAN. ) );
#10462 = CARTESIAN_POINT ( 'NONE',  ( 4.000000000000000000, -1.100000000000000300, 2.999999999999997300 ) ) ;
#10463 = ADVANCED_FACE ( 'NONE', ( #6715 ), #10341, .F. ) ;
#10464 = EDGE_LOOP ( 'NONE', ( #9561, #5424, #7416, #1331, #2047 ) ) ;
#10465 = SURFACE_SIDE_STYLE ('',( #2594 ) ) ;
#10466 = VERTEX_POINT ( 'NONE', #3615 ) ;
#10467 = ORIENTED_EDGE ( 'NONE', *, *, #239, .F. ) ;
#10468 = EDGE_LOOP ( 'NONE', ( #4043, #2016, #7812, #7008 ) ) ;
#10469 = PRESENTATION_STYLE_ASSIGNMENT (( #1155 ) ) ;
#10470 = EDGE_CURVE ( 'NONE', #10472, #12031, #11776, .T. ) ;
#10471 =( NAMED_UNIT ( * ) SI_UNIT ( $, .STERADIAN. ) SOLID_ANGLE_UNIT ( ) );
#10472 = VERTEX_POINT ( 'NONE', #662 ) ;
#10473 = ORIENTED_EDGE ( 'NONE', *, *, #10169, .T. ) ;
#10474 = EDGE_CURVE ( 'NONE', #10190, #8668, #11473, .T. ) ;
#10475 = ORIENTED_EDGE ( 'NONE', *, *, #65, .F. ) ;
#10476 = AXIS2_PLACEMENT_3D ( 'NONE', #1871, #8690, #2866 ) ;
#10477 = ADVANCED_FACE ( 'NONE', ( #3851 ), #4647, .F. ) ;
#10478 = FACE_OUTER_BOUND ( 'NONE', #1415, .T. ) ;
#10479 = ORIENTED_EDGE ( 'NONE', *, *, #10295, .F. ) ;
#10480 = ORIENTED_EDGE ( 'NONE', *, *, #4458, .T. ) ;
#10481 = VECTOR ( 'NONE', #2785, 999.9999999999998900 ) ;
#10482 = SURFACE_STYLE_USAGE ( .BOTH. , #3766 ) ;
#10483 = VECTOR ( 'NONE', #4833, 1000.000000000000000 ) ;
#10484 = CARTESIAN_POINT ( 'NONE',  ( 2.660000000000000100, 1.500000000000000000, 1.774999999999999700 ) ) ;
#10485 = VECTOR ( 'NONE', #6506, 1000.000000000000000 ) ;
#10486 = ORIENTED_EDGE ( 'NONE', *, *, #8537, .T. ) ;
#10487 = ORIENTED_EDGE ( 'NONE', *, *, #6005, .F. ) ;
#10488 = FILL_AREA_STYLE ('',( #876 ) ) ;
#10489 = EDGE_LOOP ( 'NONE', ( #9287, #12435, #9592, #3112, #9491, #6306, #3911, #993, #2421 ) ) ;
#10490 = EDGE_CURVE ( 'NONE', #6066, #12484, #2900, .T. ) ;
#10491 = DIRECTION ( 'NONE',  ( 0.0000000000000000000, 0.0000000000000000000, 1.000000000000000000 ) ) ;
#10492 = DIRECTION ( 'NONE',  ( 0.0000000000000000000, 0.0000000000000000000, -1.000000000000000000 ) ) ;
#10493 = AXIS2_PLACEMENT_3D ( 'NONE', #5832, #5782, #5750 ) ;
#10494 = DIRECTION ( 'NONE',  ( 0.0000000000000000000, 0.0000000000000000000, -1.000000000000000000 ) ) ;
#10495 = SURFACE_STYLE_FILL_AREA ( #8571 ) ;
#10496 =( LENGTH_UNIT ( ) NAMED_UNIT ( * ) SI_UNIT ( .MILLI., .METRE. ) );
#10497 = ORIENTED_EDGE ( 'NONE', *, *, #3409, .F. ) ;
#10498 = LINE ( 'NONE', #2824, #7949 ) ;
#10499 = LINE ( 'NONE', #12062, #7951 ) ;
#10500 = SURFACE_STYLE_USAGE ( .BOTH. , #10537 ) ;
#10501 = DIRECTION ( 'NONE',  ( 0.0000000000000000000, -0.7071067811865462400, 0.7071067811865489100 ) ) ;
#10502 = EDGE_CURVE ( 'NONE', #5487, #4586, #10300, .T. ) ;
#10503 = ORIENTED_EDGE ( 'NONE', *, *, #3053, .T. ) ;
#10504 = SURFACE_SIDE_STYLE ('',( #2441 ) ) ;
#10505 = VECTOR ( 'NONE', #9770, 1000.000000000000000 ) ;
#10506 = SURFACE_STYLE_USAGE ( .BOTH. , #10504 ) ;
#10507 = FILL_AREA_STYLE_COLOUR ( '', #4116 ) ;
#10508 = PLANE ( 'NONE',  #2153 ) ;
#10509 = EDGE_CURVE ( 'NONE', #10512, #8644, #267, .T. ) ;
#10510 = PRESENTATION_LAYER_ASSIGNMENT (  '', '', ( #9218 ) ) ;
#10511 = CARTESIAN_POINT ( 'NONE',  ( 2.024999999999999900, -0.6500000000000012400, 0.5999999999999967600 ) ) ;
#10512 = VERTEX_POINT ( 'NONE', #6633 ) ;
#10513 = DIRECTION ( 'NONE',  ( 4.336808689942021700E-016, -1.000000000000000000, 0.0000000000000000000 ) ) ;
#10514 = ORIENTED_EDGE ( 'NONE', *, *, #8823, .F. ) ;
#10515 = ORIENTED_EDGE ( 'NONE', *, *, #6005, .T. ) ;
#10516 = STYLED_ITEM ( 'NONE', ( #2829 ), #6525 ) ;
#10517 = LINE ( 'NONE', #12473, #2805 ) ;
#10518 =( GEOMETRIC_REPRESENTATION_CONTEXT ( 3 ) GLOBAL_UNCERTAINTY_ASSIGNED_CONTEXT ( ( #8467 ) ) GLOBAL_UNIT_ASSIGNED_CONTEXT ( ( #5627, #12294, #6603 ) ) REPRESENTATION_CONTEXT ( 'NONE', 'WORKASPACE' ) );
#10519 = FACE_OUTER_BOUND ( 'NONE', #2147, .T. ) ;
#10520 =( LENGTH_UNIT ( ) NAMED_UNIT ( * ) SI_UNIT ( .MILLI., .METRE. ) );
#10521 = EDGE_LOOP ( 'NONE', ( #1289, #95, #2459, #9997 ) ) ;
#10522 = ORIENTED_EDGE ( 'NONE', *, *, #3219, .T. ) ;
#10523 = ORIENTED_EDGE ( 'NONE', *, *, #644, .F. ) ;
#10524 = SURFACE_STYLE_USAGE ( .BOTH. , #3799 ) ;
#10525 = SURFACE_SIDE_STYLE ('',( #10495 ) ) ;
#10526 = PLANE ( 'NONE',  #4051 ) ;
#10527 = VECTOR ( 'NONE', #5646, 1000.000000000000000 ) ;
#10528 = ADVANCED_FACE ( 'NONE', ( #9992 ), #2737, .F. ) ;
#10529 = SURFACE_SIDE_STYLE ('',( #11184 ) ) ;
#10530 = VECTOR ( 'NONE', #9952, 1000.000000000000000 ) ;
#10531 =( NAMED_UNIT ( * ) PLANE_ANGLE_UNIT ( ) SI_UNIT ( $, .RADIAN. ) );
#10532 = SURFACE_STYLE_USAGE ( .BOTH. , #10562 ) ;
#10533 = ORIENTED_EDGE ( 'NONE', *, *, #11194, .T. ) ;
#10534 =( LENGTH_UNIT ( ) NAMED_UNIT ( * ) SI_UNIT ( .MILLI., .METRE. ) );
#10535 = VERTEX_POINT ( 'NONE', #8558 ) ;
#10536 = DIRECTION ( 'NONE',  ( 1.000000000000000000, 0.0000000000000000000, 1.586637325588544600E-016 ) ) ;
#10537 = SURFACE_SIDE_STYLE ('',( #5521 ) ) ;
#10538 = DIRECTION ( 'NONE',  ( 1.000000000000000000, 0.0000000000000000000, 0.0000000000000000000 ) ) ;
#10539 = COLOUR_RGB ( '',0.8000000000000000400, 0.8078431372549019800, 0.8000000000000000400 ) ;
#10540 = ORIENTED_EDGE ( 'NONE', *, *, #1395, .T. ) ;
#10541 = ADVANCED_FACE ( 'NONE', ( #9111 ), #1728, .F. ) ;
#10542 = EDGE_CURVE ( 'NONE', #4632, #11000, #3999, .T. ) ;
#10543 = PLANE ( 'NONE',  #552 ) ;
#10544 = ORIENTED_EDGE ( 'NONE', *, *, #3410, .F. ) ;
#10545 = CARTESIAN_POINT ( 'NONE',  ( 0.1600000000000000300, 1.500000000000000000, 0.9499999999999998400 ) ) ;
#10546 = ORIENTED_EDGE ( 'NONE', *, *, #3906, .F. ) ;
#10547 = DIRECTION ( 'NONE',  ( 0.0000000000000000000, 1.000000000000000000, 1.355252715606878600E-016 ) ) ;
#10548 = PRESENTATION_STYLE_ASSIGNMENT (( #1520 ) ) ;
#10549 =( GEOMETRIC_REPRESENTATION_CONTEXT ( 3 ) GLOBAL_UNCERTAINTY_ASSIGNED_CONTEXT ( ( #10609 ) ) GLOBAL_UNIT_ASSIGNED_CONTEXT ( ( #3063, #9821, #4070 ) ) REPRESENTATION_CONTEXT ( 'NONE', 'WORKASPACE' ) );
#10550 = ORIENTED_EDGE ( 'NONE', *, *, #5111, .F. ) ;
#10551 = EDGE_LOOP ( 'NONE', ( #7331, #3718, #6142, #4155 ) ) ;
#10552 = EDGE_CURVE ( 'NONE', #6042, #5860, #6570, .T. ) ;
#10553 = LINE ( 'NONE', #8085, #524 ) ;
#10554 = FACE_OUTER_BOUND ( 'NONE', #10900, .T. ) ;
#10555 = DIRECTION ( 'NONE',  ( 0.0000000000000000000, 0.0000000000000000000, 1.000000000000000000 ) ) ;
#10556 = CARTESIAN_POINT ( 'NONE',  ( -1.090000000000000100, 0.8500000000000000900, 1.700000000000000000 ) ) ;
#10557 = CARTESIAN_POINT ( 'NONE',  ( -0.1599999999999999800, 1.500000000000000000, 1.699999999999998800 ) ) ;
#10558 = MECHANICAL_DESIGN_GEOMETRIC_PRESENTATION_REPRESENTATION (  '', ( #8649 ), #11183 ) ;
#10559 = ORIENTED_EDGE ( 'NONE', *, *, #6571, .F. ) ;
#10560 = EDGE_CURVE ( 'NONE', #9020, #7322, #1341, .T. ) ;
#10561 = DIRECTION ( 'NONE',  ( 0.0000000000000000000, -1.000000000000000000, 0.0000000000000000000 ) ) ;
#10562 = SURFACE_SIDE_STYLE ('',( #333 ) ) ;
#10563 = LINE ( 'NONE', #4397, #7724 ) ;
#10564 = CARTESIAN_POINT ( 'NONE',  ( 4.000000000000000000, 1.500000000000000400, 2.899999999999997700 ) ) ;
#10565 = FACE_OUTER_BOUND ( 'NONE', #10521, .T. ) ;
#10566 = DIRECTION ( 'NONE',  ( 1.000000000000000000, 0.0000000000000000000, 0.0000000000000000000 ) ) ;
#10567 = CARTESIAN_POINT ( 'NONE',  ( 4.575000000000002000, -1.100000000000000500, 1.255000000000000100 ) ) ;
#10568 = EDGE_CURVE ( 'NONE', #9895, #9131, #11622, .T. ) ;
#10569 = EDGE_CURVE ( 'NONE', #4485, #11172, #3695, .T. ) ;
#10570 = VERTEX_POINT ( 'NONE', #4544 ) ;
#10571 = VERTEX_POINT ( 'NONE', #599 ) ;
#10572 = VECTOR ( 'NONE', #1949, 1000.000000000000000 ) ;
#10573 =( NAMED_UNIT ( * ) PLANE_ANGLE_UNIT ( ) SI_UNIT ( $, .RADIAN. ) );
#10574 = CARTESIAN_POINT ( 'NONE',  ( 4.995000000000001900, -1.100000000000000500, 1.504999999999999900 ) ) ;
#10575 = ORIENTED_EDGE ( 'NONE', *, *, #3874, .F. ) ;
#10576 = DIRECTION ( 'NONE',  ( 0.0000000000000000000, -1.000000000000000000, 0.0000000000000000000 ) ) ;
#10577 = FILL_AREA_STYLE ('',( #10738 ) ) ;
#10578 = CARTESIAN_POINT ( 'NONE',  ( -1.409999999999999900, 2.900000000000000400, 1.788933584601082300E-015 ) ) ;
#10579 = CYLINDRICAL_SURFACE ( 'NONE', #6833, 0.1500000000000001900 ) ;
#10580 = MECHANICAL_DESIGN_GEOMETRIC_PRESENTATION_REPRESENTATION (  '', ( #8674 ), #11203 ) ;
#10581 = ORIENTED_EDGE ( 'NONE', *, *, #2730, .F. ) ;
#10582 = VECTOR ( 'NONE', #6311, 1000.000000000000000 ) ;
#10583 = VERTEX_POINT ( 'NONE', #1592 ) ;
#10584 = DIRECTION ( 'NONE',  ( 0.0000000000000000000, -0.0000000000000000000, 1.000000000000000000 ) ) ;
#10585 = MECHANICAL_DESIGN_GEOMETRIC_PRESENTATION_REPRESENTATION (  '', ( #8677 ), #11206 ) ;
#10586 = ORIENTED_EDGE ( 'NONE', *, *, #9897, .T. ) ;
#10587 = VERTEX_POINT ( 'NONE', #9332 ) ;
#10588 = EDGE_CURVE ( 'NONE', #5416, #8860, #5965, .T. ) ;
#10589 =( NAMED_UNIT ( * ) PLANE_ANGLE_UNIT ( ) SI_UNIT ( $, .RADIAN. ) );
#10590 = LINE ( 'NONE', #8734, #9095 ) ;
#10591 = LINE ( 'NONE', #2526, #5198 ) ;
#10592 = MANIFOLD_SOLID_BREP ( 'P4', #8742 ) ;
#10593 = LINE ( 'NONE', #4300, #10291 ) ;
#10594 = ADVANCED_FACE ( 'NONE', ( #2444 ), #9413, .F. ) ;
#10595 = PRESENTATION_LAYER_ASSIGNMENT (  '', '', ( #9327 ) ) ;
#10596 = SURFACE_STYLE_USAGE ( .BOTH. , #3888 ) ;
#10597 = VERTEX_POINT ( 'NONE', #2641 ) ;
#10598 = ORIENTED_EDGE ( 'NONE', *, *, #11427, .T. ) ;
#10599 = LINE ( 'NONE', #6500, #569 ) ;
#10600 = VERTEX_POINT ( 'NONE', #5600 ) ;
#10601 = CARTESIAN_POINT ( 'NONE',  ( -4.675000000000001600, -1.100000000000000500, 0.4499999999999999600 ) ) ;
#10602 = AXIS2_PLACEMENT_3D ( 'NONE', #9587, #3814, #10536 ) ;
#10603 = DIRECTION ( 'NONE',  ( -1.000000000000000000, 0.0000000000000000000, 0.0000000000000000000 ) ) ;
#10604 = VERTEX_POINT ( 'NONE', #12271 ) ;
#10605 = EDGE_LOOP ( 'NONE', ( #12502, #5246, #8836, #8986 ) ) ;
#10606 = ORIENTED_EDGE ( 'NONE', *, *, #65, .T. ) ;
#10607 =( LENGTH_UNIT ( ) NAMED_UNIT ( * ) SI_UNIT ( .MILLI., .METRE. ) );
#10608 = VERTEX_POINT ( 'NONE', #4631 ) ;
#10609 = UNCERTAINTY_MEASURE_WITH_UNIT (LENGTH_MEASURE( 1.000000000000000100E-005 ), #3063, 'distance_accuracy_value', 'NONE');
#10610 = DIRECTION ( 'NONE',  ( -0.0000000000000000000, -0.0000000000000000000, 1.000000000000000000 ) ) ;
#10611 = EDGE_LOOP ( 'NONE', ( #2545, #12469, #9791, #4282 ) ) ;
#10612 = VECTOR ( 'NONE', #6231, 1000.000000000000000 ) ;
#10613 =( NAMED_UNIT ( * ) PLANE_ANGLE_UNIT ( ) SI_UNIT ( $, .RADIAN. ) );
#10614 = DIRECTION ( 'NONE',  ( 0.0000000000000000000, 0.7071067811865460200, 0.7071067811865490200 ) ) ;
#10615 = EDGE_CURVE ( 'NONE', #9227, #1866, #7305, .T. ) ;
#10616 = PRESENTATION_STYLE_ASSIGNMENT (( #4123 ) ) ;
#10617 = ORIENTED_EDGE ( 'NONE', *, *, #7440, .T. ) ;
#10618 = FILL_AREA_STYLE ('',( #2884 ) ) ;
#10619 =( NAMED_UNIT ( * ) SI_UNIT ( $, .STERADIAN. ) SOLID_ANGLE_UNIT ( ) );
#10620 = LINE ( 'NONE', #2271, #5529 ) ;
#10621 = VERTEX_POINT ( 'NONE', #2678 ) ;
#10622 = LINE ( 'NONE', #2930, #5531 ) ;
#10623 = EDGE_LOOP ( 'NONE', ( #883, #7443, #6596, #3877, #4781 ) ) ;
#10624 =( GEOMETRIC_REPRESENTATION_CONTEXT ( 3 ) GLOBAL_UNCERTAINTY_ASSIGNED_CONTEXT ( ( #7216 ) ) GLOBAL_UNIT_ASSIGNED_CONTEXT ( ( #10828, #5113, #11780 ) ) REPRESENTATION_CONTEXT ( 'NONE', 'WORKASPACE' ) );
#10625 = ORIENTED_EDGE ( 'NONE', *, *, #4032, .T. ) ;
#10626 = SURFACE_STYLE_FILL_AREA ( #8053 ) ;
#10627 = VERTEX_POINT ( 'NONE', #8493 ) ;
#10628 = ORIENTED_EDGE ( 'NONE', *, *, #12309, .F. ) ;
#10629 = VECTOR ( 'NONE', #1915, 1000.000000000000000 ) ;
#10630 = ORIENTED_EDGE ( 'NONE', *, *, #5846, .F. ) ;
#10631 = ORIENTED_EDGE ( 'NONE', *, *, #7731, .F. ) ;
#10632 = VECTOR ( 'NONE', #5486, 1000.000000000000000 ) ;
#10633 = ORIENTED_EDGE ( 'NONE', *, *, #5703, .F. ) ;
#10634 = FACE_OUTER_BOUND ( 'NONE', #11369, .T. ) ;
#10635 =( LENGTH_UNIT ( ) NAMED_UNIT ( * ) SI_UNIT ( .MILLI., .METRE. ) );
#10636 = ORIENTED_EDGE ( 'NONE', *, *, #9114, .F. ) ;
#10637 = ORIENTED_EDGE ( 'NONE', *, *, #5043, .F. ) ;
#10638 = AXIS2_PLACEMENT_3D ( 'NONE', #3099, #3001, #3115 ) ;
#10639 = CARTESIAN_POINT ( 'NONE',  ( -1.409999999999999900, 2.649999999999999500, 1.225000000000001900 ) ) ;
#10640 = VECTOR ( 'NONE', #8479, 1000.000000000000000 ) ;
#10641 = CARTESIAN_POINT ( 'NONE',  ( -3.400000000000002100, -1.800000000000000500, 0.5999999999999966500 ) ) ;
#10642 = VECTOR ( 'NONE', #7948, 1000.000000000000000 ) ;
#10643 = CARTESIAN_POINT ( 'NONE',  ( -5.500000000000001800, 1.099999999999999600, 0.7999999999999954900 ) ) ;
#10644 = DIRECTION ( 'NONE',  ( -1.000000000000000000, 0.0000000000000000000, 0.0000000000000000000 ) ) ;
#10645 = PRESENTATION_STYLE_ASSIGNMENT (( #6521 ) ) ;
#10646 = EDGE_CURVE ( 'NONE', #1981, #5645, #10740, .T. ) ;
#10647 = VERTEX_POINT ( 'NONE', #10399 ) ;
#10648 = ORIENTED_EDGE ( 'NONE', *, *, #5199, .T. ) ;
#10649 = AXIS2_PLACEMENT_3D ( 'NONE', #3746, #3700, #3201 ) ;
#10650 = CARTESIAN_POINT ( 'NONE',  ( -1.090000000000000100, -1.400000000000000100, 1.699999999999998400 ) ) ;
#10652 = VERTEX_POINT ( 'NONE', #4672 ) ;
#10651 = DIRECTION ( 'NONE',  ( -0.7071067811865487900, 0.0000000000000000000, -0.7071067811865463500 ) ) ;
#10653 = FILL_AREA_STYLE_COLOUR ( '', #11675 ) ;
#10654 = FACE_OUTER_BOUND ( 'NONE', #6746, .T. ) ;
#10655 = CARTESIAN_POINT ( 'NONE',  ( 3.400000000000002100, 0.8500000000000000900, 1.399999999999996800 ) ) ;
#10656 = PRESENTATION_STYLE_ASSIGNMENT (( #10532 ) ) ;
#10657 = EDGE_CURVE ( 'NONE', #3302, #5341, #4761, .T. ) ;
#10658 = VERTEX_POINT ( 'NONE', #5640 ) ;
#10659 = ADVANCED_FACE ( 'NONE', ( #3368 ), #12307, .T. ) ;
#10660 = ORIENTED_EDGE ( 'NONE', *, *, #8876, .F. ) ;
#10661 = DIRECTION ( 'NONE',  ( 0.0000000000000000000, -1.000000000000000000, 0.0000000000000000000 ) ) ;
#10662 = EDGE_CURVE ( 'NONE', #7387, #2644, #12075, .T. ) ;
#10663 = FACE_OUTER_BOUND ( 'NONE', #5906, .T. ) ;
#10664 = UNCERTAINTY_MEASURE_WITH_UNIT (LENGTH_MEASURE( 1.000000000000000100E-005 ), #4144, 'distance_accuracy_value', 'NONE');
#10665 = CARTESIAN_POINT ( 'NONE',  ( 3.400000000000002100, 0.8500000000000000900, 2.999999999999996400 ) ) ;
#10666 = COLOUR_RGB ( '',0.8000000000000000400, 0.8078431372549019800, 0.8000000000000000400 ) ;
#10667 = ORIENTED_EDGE ( 'NONE', *, *, #7776, .T. ) ;
#10668 = ORIENTED_EDGE ( 'NONE', *, *, #4374, .F. ) ;
#10669 = LINE ( 'NONE', #4910, #1340 ) ;
#10670 = LINE ( 'NONE', #6528, #5590 ) ;
#10671 = LINE ( 'NONE', #7409, #2981 ) ;
#10672 = AXIS2_PLACEMENT_3D ( 'NONE', #10794, #5074, #11739 ) ;
#10673 = DIRECTION ( 'NONE',  ( -1.000000000000000000, -0.0000000000000000000, -0.0000000000000000000 ) ) ;
#10674 = DIRECTION ( 'NONE',  ( 1.000000000000000000, 0.0000000000000000000, 0.0000000000000000000 ) ) ;
#10675 = DIRECTION ( 'NONE',  ( 0.0000000000000000000, 0.0000000000000000000, -1.000000000000000000 ) ) ;
#10676 =( NAMED_UNIT ( * ) SI_UNIT ( $, .STERADIAN. ) SOLID_ANGLE_UNIT ( ) );
#10677 = EDGE_CURVE ( 'NONE', #2656, #6203, #2127, .T. ) ;
#10678 = ORIENTED_EDGE ( 'NONE', *, *, #1216, .T. ) ;
#10679 = PLANE ( 'NONE',  #5058 ) ;
#10680 = SURFACE_STYLE_FILL_AREA ( #4981 ) ;
#10681 = ORIENTED_EDGE ( 'NONE', *, *, #11113, .F. ) ;
#10682 = AXIS2_PLACEMENT_3D ( 'NONE', #5893, #988, #7825 ) ;
#10683 = LINE ( 'NONE', #4703, #8160 ) ;
#10684 = COLOUR_RGB ( '',0.8000000000000000400, 0.8078431372549019800, 0.8000000000000000400 ) ;
#10686 = ORIENTED_EDGE ( 'NONE', *, *, #11559, .T. ) ;
#10685 = DIRECTION ( 'NONE',  ( 2.948641185929545800E-016, -0.7071067811865504600, -0.7071067811865445800 ) ) ;
#10687 = DIRECTION ( 'NONE',  ( -0.0000000000000000000, -0.0000000000000000000, 1.000000000000000000 ) ) ;
#10688 = VERTEX_POINT ( 'NONE', #4711 ) ;
#10689 = CARTESIAN_POINT ( 'NONE',  ( 4.995000000000001900, 1.099999999999999600, 1.255000000000000100 ) ) ;
#10690 = ORIENTED_EDGE ( 'NONE', *, *, #4669, .F. ) ;
#10691 = ORIENTED_EDGE ( 'NONE', *, *, #6862, .F. ) ;
#10692 = SURFACE_STYLE_FILL_AREA ( #3374 ) ;
#10693 = EDGE_CURVE ( 'NONE', #770, #11522, #1794, .T. ) ;
#10694 = PRESENTATION_STYLE_ASSIGNMENT (( #5441 ) ) ;
#10695 = DIRECTION ( 'NONE',  ( 1.000000000000000000, 0.0000000000000000000, -0.0000000000000000000 ) ) ;
#10696 = EDGE_CURVE ( 'NONE', #7972, #9489, #9254, .T. ) ;
#10697 = DIRECTION ( 'NONE',  ( 0.0000000000000000000, -3.738628180984498200E-017, 1.000000000000000000 ) ) ;
#10698 = ORIENTED_EDGE ( 'NONE', *, *, #440, .T. ) ;
#10699 = LINE ( 'NONE', #5708, #3327 ) ;
#10700 = COLOUR_RGB ( '',0.8000000000000000400, 0.8078431372549019800, 0.8000000000000000400 ) ;
#10701 = SURFACE_STYLE_USAGE ( .BOTH. , #11480 ) ;
#10702 = FACE_OUTER_BOUND ( 'NONE', #8903, .T. ) ;
#10703 = CARTESIAN_POINT ( 'NONE',  ( -1.500000000000001100, 2.100000000000000100, 3.399999999999997700 ) ) ;
#10704 = EDGE_CURVE ( 'NONE', #9408, #9201, #4440, .T. ) ;
#10705 = ADVANCED_FACE ( 'NONE', ( #4131 ), #5726, .T. ) ;
#10706 = VERTEX_POINT ( 'NONE', #2766 ) ;
#10707 =( NAMED_UNIT ( * ) SI_UNIT ( $, .STERADIAN. ) SOLID_ANGLE_UNIT ( ) );
#10708 = MECHANICAL_DESIGN_GEOMETRIC_PRESENTATION_REPRESENTATION (  '', ( #8802 ), #11340 ) ;
#10709 = DIRECTION ( 'NONE',  ( -0.0000000000000000000, -0.0000000000000000000, 1.000000000000000000 ) ) ;
#10710 = VECTOR ( 'NONE', #10675, 1000.000000000000000 ) ;
#10711 = LINE ( 'NONE', #2838, #396 ) ;
#10712 = FILL_AREA_STYLE ('',( #2919 ) ) ;
#10713 = CARTESIAN_POINT ( 'NONE',  ( -4.995000000000001900, -1.200000000000000400, 1.529999999999997600 ) ) ;
#10714 = VECTOR ( 'NONE', #9746, 1000.000000000000000 ) ;
#10715 = VERTEX_POINT ( 'NONE', #11463 ) ;
#10716 = VERTEX_POINT ( 'NONE', #5758 ) ;
#10717 = PRESENTATION_LAYER_ASSIGNMENT (  '', '', ( #9457 ) ) ;
#10718 =( NAMED_UNIT ( * ) SI_UNIT ( $, .STERADIAN. ) SOLID_ANGLE_UNIT ( ) );
#10719 = ORIENTED_EDGE ( 'NONE', *, *, #9956, .T. ) ;
#10720 = EDGE_CURVE ( 'NONE', #5639, #2114, #257, .T. ) ;
#10721 = CARTESIAN_POINT ( 'NONE',  ( -1.090000000000000100, 1.500000000000000000, 1.699999999999998800 ) ) ;
#10722 = ORIENTED_EDGE ( 'NONE', *, *, #8317, .F. ) ;
#10723 = VERTEX_POINT ( 'NONE', #11424 ) ;
#10724 = SURFACE_STYLE_USAGE ( .BOTH. , #4025 ) ;
#10725 = LINE ( 'NONE', #11245, #3036 ) ;
#10726 = ADVANCED_FACE ( 'NONE', ( #10286 ), #2845, .T. ) ;
#10727 = FACE_OUTER_BOUND ( 'NONE', #1579, .T. ) ;
#10728 = EDGE_CURVE ( 'NONE', #86, #8386, #7749, .T. ) ;
#10729 = EDGE_CURVE ( 'NONE', #3503, #4475, #8048, .T. ) ;
#10730 = ORIENTED_EDGE ( 'NONE', *, *, #11193, .T. ) ;
#10731 = CIRCLE ( 'NONE', #50, 0.1999999999999998700 ) ;
#10732 = EDGE_LOOP ( 'NONE', ( #3774, #3781, #9470, #1755, #5188, #7772, #3034, #10457, #7745, #9730, #917, #5518, #327 ) ) ;
#10733 = CARTESIAN_POINT ( 'NONE',  ( -1.409999999999999900, 2.499999999999999600, 1.734723475976807100E-015 ) ) ;
#10734 = VERTEX_POINT ( 'NONE', #899 ) ;
#10735 = ORIENTED_EDGE ( 'NONE', *, *, #6981, .F. ) ;
#10736 = DIRECTION ( 'NONE',  ( 0.0000000000000000000, -0.0000000000000000000, -1.000000000000000000 ) ) ;
#10737 = CARTESIAN_POINT ( 'NONE',  ( -1.409999999999999900, 0.8500000000000000900, 1.700000000000000000 ) ) ;
#10738 = FILL_AREA_STYLE_COLOUR ( '', #2649 ) ;
#10739 = LINE ( 'NONE', #7650, #8217 ) ;
#10740 = LINE ( 'NONE', #9455, #9853 ) ;
#10741 = ORIENTED_EDGE ( 'NONE', *, *, #9261, .T. ) ;
#10742 =( NAMED_UNIT ( * ) SI_UNIT ( $, .STERADIAN. ) SOLID_ANGLE_UNIT ( ) );
#10743 = MECHANICAL_DESIGN_GEOMETRIC_PRESENTATION_REPRESENTATION (  '', ( #8839 ), #11372 ) ;
#10744 = UNCERTAINTY_MEASURE_WITH_UNIT (LENGTH_MEASURE( 1.000000000000000100E-005 ), #35, 'distance_accuracy_value', 'NONE');
#10745 = VECTOR ( 'NONE', #5092, 1000.000000000000000 ) ;
#10746 = DIRECTION ( 'NONE',  ( 0.0000000000000000000, 0.0000000000000000000, -1.000000000000000000 ) ) ;
#10747 = DIRECTION ( 'NONE',  ( -1.000000000000000000, 0.0000000000000000000, -4.170008355713468300E-016 ) ) ;
#10748 = ORIENTED_EDGE ( 'NONE', *, *, #2177, .F. ) ;
#10749 = VECTOR ( 'NONE', #10218, 1000.000000000000000 ) ;
#10750 = MECHANICAL_DESIGN_GEOMETRIC_PRESENTATION_REPRESENTATION (  '', ( #8851 ), #11384 ) ;
#10751 = EDGE_LOOP ( 'NONE', ( #613, #1541, #7662, #8268 ) ) ;
#10752 = LINE ( 'NONE', #8937, #3069 ) ;
#10753 = PLANE ( 'NONE',  #10258 ) ;
#10754 = PRODUCT_CONTEXT ( 'NONE', #5958, 'mechanical' ) ;
#10755 = CARTESIAN_POINT ( 'NONE',  ( -2.750000000000001300, 2.100000000000000100, 2.899999999999997700 ) ) ;
#10756 = CARTESIAN_POINT ( 'NONE',  ( -2.025000000000000800, -2.100000000000000100, 0.1999999999999994000 ) ) ;
#10757 = COLOUR_RGB ( '',0.8000000000000000400, 0.8078431372549019800, 0.8000000000000000400 ) ;
#10758 = VERTEX_POINT ( 'NONE', #11505 ) ;
#10759 =( NAMED_UNIT ( * ) PLANE_ANGLE_UNIT ( ) SI_UNIT ( $, .RADIAN. ) );
#10760 = COLOUR_RGB ( '',0.8000000000000000400, 0.8078431372549019800, 0.8000000000000000400 ) ;
#10761 = PLANE ( 'NONE',  #7778 ) ;
#10762 = ORIENTED_EDGE ( 'NONE', *, *, #3190, .F. ) ;
#10763 = VERTEX_POINT ( 'NONE', #1884 ) ;
#10764 = ORIENTED_EDGE ( 'NONE', *, *, #7052, .T. ) ;
#10765 = LINE ( 'NONE', #7543, #11055 ) ;
#10766 = EDGE_CURVE ( 'NONE', #3754, #700, #9985, .T. ) ;
#10767 = VECTOR ( 'NONE', #10614, 1000.000000000000100 ) ;
#10768 = DIRECTION ( 'NONE',  ( -0.0000000000000000000, 1.000000000000000000, 0.0000000000000000000 ) ) ;
#10769 = VECTOR ( 'NONE', #11210, 1000.000000000000000 ) ;
#10770 = VERTEX_POINT ( 'NONE', #8704 ) ;
#10771 = ADVANCED_FACE ( 'NONE', ( #5196 ), #9659, .F. ) ;
#10772 = FILL_AREA_STYLE ('',( #10842 ) ) ;
#10773 = PLANE ( 'NONE',  #5942 ) ;
#10774 = CARTESIAN_POINT ( 'NONE',  ( 2.339999999999999900, 1.500000000000000000, 1.699999999999998800 ) ) ;
#10775 = CARTESIAN_POINT ( 'NONE',  ( -1.409999999999999900, 2.799999999999999400, 0.5000000000000017800 ) ) ;
#10776 = ORIENTED_EDGE ( 'NONE', *, *, #2396, .T. ) ;
#10777 = VECTOR ( 'NONE', #7677, 1000.000000000000000 ) ;
#10778 = LINE ( 'NONE', #2431, #1081 ) ;
#10779 = CARTESIAN_POINT ( 'NONE',  ( 2.660000000000000100, 0.8500000000000000900, 1.700000000000000000 ) ) ;
#10780 = ORIENTED_EDGE ( 'NONE', *, *, #11658, .F. ) ;
#10781 = EDGE_LOOP ( 'NONE', ( #6167, #8168, #11759, #2523, #11886, #1000, #5707, #10874, #12246, #11932, #4174, #10055, #6092 ) ) ;
#10782 = ORIENTED_EDGE ( 'NONE', *, *, #3013, .F. ) ;
#10783 = EDGE_CURVE ( 'NONE', #10583, #1006, #10590, .T. ) ;
#10784 = ADVANCED_FACE ( 'NONE', ( #11311 ), #11546, .T. ) ;
#10785 = LINE ( 'NONE', #10194, #3106 ) ;
#10786 = DIRECTION ( 'NONE',  ( -1.000000000000000000, -0.0000000000000000000, -0.0000000000000000000 ) ) ;
#10787 = DIRECTION ( 'NONE',  ( -0.0000000000000000000, -0.0000000000000000000, 1.000000000000000000 ) ) ;
#10788 = VERTEX_POINT ( 'NONE', #11587 ) ;
#10789 = STYLED_ITEM ( 'NONE', ( #8758 ), #1385 ) ;
#10790 = ORIENTED_EDGE ( 'NONE', *, *, #5380, .T. ) ;
#10791 = EDGE_CURVE ( 'NONE', #12074, #7671, #6555, .T. ) ;
#10792 = ORIENTED_EDGE ( 'NONE', *, *, #5189, .T. ) ;
#10793 = PLANE ( 'NONE',  #11525 ) ;
#10794 = CARTESIAN_POINT ( 'NONE',  ( -1.090000000000000100, 3.099999999999999600, 0.5000000000000017800 ) ) ;
#10795 = CARTESIAN_POINT ( 'NONE',  ( -2.339999999999999900, -1.400000000000000100, 1.524999999999998100 ) ) ;
#10796 = EDGE_CURVE ( 'NONE', #6618, #9408, #3981, .T. ) ;
#10797 = EDGE_CURVE ( 'NONE', #8386, #11779, #3681, .T. ) ;
#10798 = LINE ( 'NONE', #4557, #491 ) ;
#10799 = AXIS2_PLACEMENT_3D ( 'NONE', #9787, #10195, #10695 ) ;
#10800 = CARTESIAN_POINT ( 'NONE',  ( -3.100000000000001400, -0.5000000000000003300, 3.399999999999997700 ) ) ;
#10801 = VERTEX_POINT ( 'NONE', #3980 ) ;
#10802 = ORIENTED_EDGE ( 'NONE', *, *, #5910, .T. ) ;
#10803 = FILL_AREA_STYLE_COLOUR ( '', #5236 ) ;
#10804 = CARTESIAN_POINT ( 'NONE',  ( 1.725000000000000800, -0.6500000000000012400, 3.423118842698616800 ) ) ;
#10805 = AXIS2_PLACEMENT_3D ( 'NONE', #11348, #11050, #10995 ) ;
#10806 = VECTOR ( 'NONE', #4363, 1000.000000000000000 ) ;
#10807 = DIRECTION ( 'NONE',  ( 0.0000000000000000000, 0.0000000000000000000, -1.000000000000000000 ) ) ;
#10808 = EDGE_CURVE ( 'NONE', #7542, #1982, #8797, .T. ) ;
#10809 = AXIS2_PLACEMENT_3D ( 'NONE', #7227, #3380, #10112 ) ;
#10810 = VECTOR ( 'NONE', #8968, 1000.000000000000000 ) ;
#10811 = CARTESIAN_POINT ( 'NONE',  ( -1.090000000000000100, 1.500000000000000000, 1.774999999999999700 ) ) ;
#10812 = ORIENTED_EDGE ( 'NONE', *, *, #12450, .T. ) ;
#10813 = CARTESIAN_POINT ( 'NONE',  ( 4.570000000000002900, 0.9950000000000006600, 1.134999999999996200 ) ) ;
#10814 = DIRECTION ( 'NONE',  ( 1.000000000000000000, 0.0000000000000000000, 0.0000000000000000000 ) ) ;
#10815 = DIRECTION ( 'NONE',  ( 0.0000000000000000000, 0.0000000000000000000, -1.000000000000000000 ) ) ;
#10816 = EDGE_CURVE ( 'NONE', #11716, #3223, #8504, .T. ) ;
#10817 = CARTESIAN_POINT ( 'NONE',  ( 2.660000000000000100, 3.099999999999999600, 0.2000000000000018700 ) ) ;
#10818 = COLOUR_RGB ( '',0.8000000000000000400, 0.8078431372549019800, 0.8000000000000000400 ) ;
#10819 = FILL_AREA_STYLE ('',( #8914 ) ) ;
#10820 = CARTESIAN_POINT ( 'NONE',  ( 1.409999999999999700, 2.000000000000000000, 1.774999999999999700 ) ) ;
#10821 = AXIS2_PLACEMENT_3D ( 'NONE', #11690, #5993, #83 ) ;
#10822 = ORIENTED_EDGE ( 'NONE', *, *, #7626, .T. ) ;
#10823 =( GEOMETRIC_REPRESENTATION_CONTEXT ( 3 ) GLOBAL_UNCERTAINTY_ASSIGNED_CONTEXT ( ( #11646 ) ) GLOBAL_UNIT_ASSIGNED_CONTEXT ( ( #11401, #5700, #12359 ) ) REPRESENTATION_CONTEXT ( 'NONE', 'WORKASPACE' ) );
#10824 = ORIENTED_EDGE ( 'NONE', *, *, #1197, .T. ) ;
#10825 = CARTESIAN_POINT ( 'NONE',  ( 1.089999999999999900, 2.799999999999999400, 0.5000000000000017800 ) ) ;
#10826 = CARTESIAN_POINT ( 'NONE',  ( -0.2500000000000011100, 1.500000000000000400, 2.899999999999997700 ) ) ;
#10827 = VECTOR ( 'NONE', #12123, 1000.000000000000000 ) ;
#10828 =( LENGTH_UNIT ( ) NAMED_UNIT ( * ) SI_UNIT ( .MILLI., .METRE. ) );
#10829 = DIRECTION ( 'NONE',  ( -5.421010862427528100E-016, 0.0000000000000000000, -1.000000000000000000 ) ) ;
#10830 = COLOUR_RGB ( '',0.8000000000000000400, 0.8078431372549019800, 0.8000000000000000400 ) ;
#10831 = DIRECTION ( 'NONE',  ( 0.0000000000000000000, 0.0000000000000000000, -1.000000000000000000 ) ) ;
#10832 = EDGE_CURVE ( 'NONE', #11532, #10512, #1015, .T. ) ;
#10833 = ORIENTED_EDGE ( 'NONE', *, *, #10129, .T. ) ;
#10834 = DIRECTION ( 'NONE',  ( 0.0000000000000000000, 0.7071067811865460200, 0.7071067811865490200 ) ) ;
#10835 = CARTESIAN_POINT ( 'NONE',  ( 0.1599999999999999800, 2.099999999999999600, 0.8750000000000017800 ) ) ;
#10836 = CARTESIAN_POINT ( 'NONE',  ( -2.660000000000000100, 2.000000000000000000, 0.8749999999999996700 ) ) ;
#10837 = SURFACE_STYLE_FILL_AREA ( #8618 ) ;
#10838 = ADVANCED_FACE ( 'NONE', ( #10727 ), #63, .F. ) ;
#10839 = DIRECTION ( 'NONE',  ( -1.000000000000000000, -0.0000000000000000000, 0.0000000000000000000 ) ) ;
#10840 = CARTESIAN_POINT ( 'NONE',  ( 2.710505431213764200E-017, 1.099999999999999600, 0.5000000000000001100 ) ) ;
#10841 = ORIENTED_EDGE ( 'NONE', *, *, #10560, .T. ) ;
#10842 = FILL_AREA_STYLE_COLOUR ( '', #2906 ) ;
#10843 = EDGE_CURVE ( 'NONE', #10621, #374, #4743, .T. ) ;
#10844 = LINE ( 'NONE', #3552, #5482 ) ;
#10845 = CARTESIAN_POINT ( 'NONE',  ( -4.475000000000001400, -1.200000000000000400, 0.4899999999999984900 ) ) ;
#10846 = VERTEX_POINT ( 'NONE', #4998 ) ;
#10847 = VECTOR ( 'NONE', #9164, 1000.000000000000000 ) ;
#10848 = SURFACE_STYLE_USAGE ( .BOTH. , #8335 ) ;
#10849 = ORIENTED_EDGE ( 'NONE', *, *, #10693, .F. ) ;
#10850 = STYLED_ITEM ( 'NONE', ( #7733 ), #602 ) ;
#10851 = ORIENTED_EDGE ( 'NONE', *, *, #2440, .T. ) ;
#10852 = VERTEX_POINT ( 'NONE', #1105 ) ;
#10853 = CARTESIAN_POINT ( 'NONE',  ( 1.409999999999999700, 2.000000000000000000, 1.375000000000001600 ) ) ;
#10854 = LINE ( 'NONE', #1835, #10572 ) ;
#10855 = EDGE_LOOP ( 'NONE', ( #4967, #3618, #1282, #3123, #10559, #7293, #2469, #1167, #4501, #9555, #10181, #1713, #11794, #4350, #2990, #10182, #2515, #12192, #404, #1821 ) ) ;
#10856 = ORIENTED_EDGE ( 'NONE', *, *, #9786, .T. ) ;
#10857 = DIRECTION ( 'NONE',  ( 0.0000000000000000000, 1.000000000000000000, 3.336006684570786100E-016 ) ) ;
#10858 = EDGE_CURVE ( 'NONE', #4227, #8007, #7291, .T. ) ;
#10859 = VECTOR ( 'NONE', #6919, 1000.000000000000000 ) ;
#10860 = ORIENTED_EDGE ( 'NONE', *, *, #10253, .F. ) ;
#10861 = ORIENTED_EDGE ( 'NONE', *, *, #8787, .T. ) ;
#10862 = AXIS2_PLACEMENT_3D ( 'NONE', #2511, #2419, #2362 ) ;
#10863 = DIRECTION ( 'NONE',  ( 0.0000000000000000000, 5.981805089575195200E-016, 1.000000000000000000 ) ) ;
#10864 = DIRECTION ( 'NONE',  ( -1.000000000000000000, 0.0000000000000000000, 0.0000000000000000000 ) ) ;
#10865 = ORIENTED_EDGE ( 'NONE', *, *, #1288, .F. ) ;
#10866 = ORIENTED_EDGE ( 'NONE', *, *, #9046, .F. ) ;
#10867 = VECTOR ( 'NONE', #2490, 1000.000000000000000 ) ;
#10868 = STYLED_ITEM ( 'NONE', ( #8994 ), #2422 ) ;
#10869 = EDGE_CURVE ( 'NONE', #10715, #6405, #9544, .T. ) ;
#10870 = DIRECTION ( 'NONE',  ( 1.000000000000000000, 0.0000000000000000000, 0.0000000000000000000 ) ) ;
#10871 = CARTESIAN_POINT ( 'NONE',  ( -5.200000000000003700, 1.099999999999999600, 0.4999999999999997800 ) ) ;
#10872 = LINE ( 'NONE', #7049, #5506 ) ;
#10873 = AXIS2_PLACEMENT_3D ( 'NONE', #6401, #511, #7361 ) ;
#10874 = ORIENTED_EDGE ( 'NONE', *, *, #5054, .T. ) ;
#10875 = ORIENTED_EDGE ( 'NONE', *, *, #11678, .T. ) ;
#10876 = LINE ( 'NONE', #3526, #3209 ) ;
#10877 = ORIENTED_EDGE ( 'NONE', *, *, #11419, .T. ) ;
#10878 =( NAMED_UNIT ( * ) PLANE_ANGLE_UNIT ( ) SI_UNIT ( $, .RADIAN. ) );
#10879 = EDGE_CURVE ( 'NONE', #6889, #547, #4428, .T. ) ;
#10880 = SURFACE_STYLE_USAGE ( .BOTH. , #4183 ) ;
#10881 = CARTESIAN_POINT ( 'NONE',  ( 4.225000000000001400, -1.100000000000000500, 0.4499999999999999600 ) ) ;
#10882 = STYLED_ITEM ( 'NONE', ( #4154 ), #5522 ) ;
#10883 = COLOUR_RGB ( '',0.8000000000000000400, 0.8078431372549019800, 0.8000000000000000400 ) ;
#10884 = EDGE_LOOP ( 'NONE', ( #461, #12371, #11415, #5331 ) ) ;
#10885 = ORIENTED_EDGE ( 'NONE', *, *, #4650, .T. ) ;
#10886 = EDGE_LOOP ( 'NONE', ( #3595, #8420, #7142, #10384, #7809, #1856, #2715, #9383, #2567, #10851, #1476, #4736, #10428, #1942, #5192, #8354, #8946, #9553 ) ) ;
#10887 = ORIENTED_EDGE ( 'NONE', *, *, #2791, .F. ) ;
#10888 = LINE ( 'NONE', #6998, #3224 ) ;
#10889 = EDGE_LOOP ( 'NONE', ( #1617, #10544, #5524, #567 ) ) ;
#10890 = PLANE ( 'NONE',  #6112 ) ;
#10891 = STYLED_ITEM ( 'NONE', ( #10325 ), #10097 ) ;
#10892 = ORIENTED_EDGE ( 'NONE', *, *, #12077, .T. ) ;
#10893 = ORIENTED_EDGE ( 'NONE', *, *, #5918, .T. ) ;
#10894 = ORIENTED_EDGE ( 'NONE', *, *, #913, .F. ) ;
#10895 = PRESENTATION_STYLE_ASSIGNMENT (( #7956 ) ) ;
#10896 = ADVANCED_FACE ( 'NONE', ( #9241 ), #6051, .F. ) ;
#10897 = LINE ( 'NONE', #9819, #909 ) ;
#10898 = ORIENTED_EDGE ( 'NONE', *, *, #4806, .F. ) ;
#10899 = CARTESIAN_POINT ( 'NONE',  ( -4.475000000000001400, -1.100000000000000500, 1.155000000000000000 ) ) ;
#10900 = EDGE_LOOP ( 'NONE', ( #12, #10660, #3487, #10246 ) ) ;
#10901 = STYLED_ITEM ( 'NONE', ( #10132 ), #8402 ) ;
#10902 = LINE ( 'NONE', #8726, #10629 ) ;
#10903 = CARTESIAN_POINT ( 'NONE',  ( 0.9999999999999986700, 2.100000000000000100, 2.899999999999997700 ) ) ;
#10904 = LINE ( 'NONE', #5842, #3562 ) ;
#10905 =( NAMED_UNIT ( * ) PLANE_ANGLE_UNIT ( ) SI_UNIT ( $, .RADIAN. ) );
#10906 = ORIENTED_EDGE ( 'NONE', *, *, #10168, .F. ) ;
#10907 = DIRECTION ( 'NONE',  ( -1.000000000000000000, 0.0000000000000000000, 0.0000000000000000000 ) ) ;
#10908 = VERTEX_POINT ( 'NONE', #3145 ) ;
#10910 = ORIENTED_EDGE ( 'NONE', *, *, #3896, .F. ) ;
#10909 =( LENGTH_UNIT ( ) NAMED_UNIT ( * ) SI_UNIT ( .MILLI., .METRE. ) );
#10911 = CARTESIAN_POINT ( 'NONE',  ( -4.995000000000001900, 1.099999999999999600, 1.504999999999999900 ) ) ;
#10912 = VECTOR ( 'NONE', #1578, 1000.000000000000000 ) ;
#10913 = EDGE_CURVE ( 'NONE', #2870, #8205, #2111, .T. ) ;
#10914 = LINE ( 'NONE', #8872, #8411 ) ;
#10915 = CARTESIAN_POINT ( 'NONE',  ( 3.800000000000002000, 1.099999999999999900, 0.1999999999999976200 ) ) ;
#10916 = DIRECTION ( 'NONE',  ( -0.0000000000000000000, -0.0000000000000000000, 1.000000000000000000 ) ) ;
#10917 = EDGE_CURVE ( 'NONE', #7154, #4752, #6693, .T. ) ;
#10918 = ORIENTED_EDGE ( 'NONE', *, *, #11658, .T. ) ;
#10919 = VERTEX_POINT ( 'NONE', #5129 ) ;
#10920 = AXIS2_PLACEMENT_3D ( 'NONE', #2333, #10991, #5301 ) ;
#10921 = ORIENTED_EDGE ( 'NONE', *, *, #12347, .T. ) ;
#10922 = CARTESIAN_POINT ( 'NONE',  ( -1.409999999999999900, 2.649999999999999500, 1.225000000000001900 ) ) ;
#10923 = DIRECTION ( 'NONE',  ( 1.000000000000000000, 0.0000000000000000000, -0.0000000000000000000 ) ) ;
#10924 = CARTESIAN_POINT ( 'NONE',  ( -3.800000000000001600, -2.100000000000000100, -5.421010862427522200E-017 ) ) ;
#10925 = VECTOR ( 'NONE', #2290, 1000.000000000000000 ) ;
#10926 =( NAMED_UNIT ( * ) SI_UNIT ( $, .STERADIAN. ) SOLID_ANGLE_UNIT ( ) );
#10927 = FACE_BOUND ( 'NONE', #2999, .T. ) ;
#10928 = FILL_AREA_STYLE_COLOUR ( '', #12042 ) ;
#10929 = DIRECTION ( 'NONE',  ( 0.0000000000000000000, 0.7071067811865462400, -0.7071067811865489100 ) ) ;
#10930 = EDGE_CURVE ( 'NONE', #8633, #574, #6403, .T. ) ;
#10931 = ORIENTED_EDGE ( 'NONE', *, *, #9697, .F. ) ;
#10932 = VERTEX_POINT ( 'NONE', #6091 ) ;
#10933 = DIRECTION ( 'NONE',  ( -1.000000000000000000, 0.0000000000000000000, -0.0000000000000000000 ) ) ;
#10934 = VECTOR ( 'NONE', #397, 1000.000000000000000 ) ;
#10935 = CARTESIAN_POINT ( 'NONE',  ( 1.409999999999999700, 1.500000000000000000, 0.8749999999999998900 ) ) ;
#10936 = CARTESIAN_POINT ( 'NONE',  ( 1.409999999999999700, 2.299999999999999400, 0.2000000000000025400 ) ) ;
#10938 = FACE_OUTER_BOUND ( 'NONE', #1463, .T. ) ;
#10937 = SURFACE_SIDE_STYLE ('',( #11931 ) ) ;
#10939 = ADVANCED_FACE ( 'NONE', ( #4115 ), #8979, .F. ) ;
#10940 = EDGE_CURVE ( 'NONE', #3913, #7430, #237, .T. ) ;
#10941 = DIRECTION ( 'NONE',  ( -0.2033118901005206400, 0.9241449550023804700, -0.3234507342508316000 ) ) ;
#10942 = ORIENTED_EDGE ( 'NONE', *, *, #528, .F. ) ;
#10943 = CARTESIAN_POINT ( 'NONE',  ( 0.1599999999999999800, 2.649999999999999500, 1.375000000000001800 ) ) ;
#10944 = CARTESIAN_POINT ( 'NONE',  ( 1.409999999999999700, 0.8500000000000000900, 0.9499999999999998400 ) ) ;
#10945 = EDGE_CURVE ( 'NONE', #1818, #5564, #5494, .T. ) ;
#10946 = EDGE_CURVE ( 'NONE', #7298, #979, #10273, .T. ) ;
#10947 = LINE ( 'NONE', #8301, #8737 ) ;
#10948 = STYLED_ITEM ( 'NONE', ( #2794 ), #5002 ) ;
#10949 = ADVANCED_FACE ( 'NONE', ( #9970 ), #11873, .T. ) ;
#10950 = DIRECTION ( 'NONE',  ( 0.0000000000000000000, 0.0000000000000000000, 1.000000000000000000 ) ) ;
#10951 = ORIENTED_EDGE ( 'NONE', *, *, #2440, .F. ) ;
#10952 = SURFACE_STYLE_USAGE ( .BOTH. , #4262 ) ;
#10953 = ORIENTED_EDGE ( 'NONE', *, *, #6691, .T. ) ;
#10954 = CARTESIAN_POINT ( 'NONE',  ( 0.0000000000000000000, 0.0000000000000000000, 2.899999999999997700 ) ) ;
#10955 = VECTOR ( 'NONE', #9715, 1000.000000000000000 ) ;
#10956 =( GEOMETRIC_REPRESENTATION_CONTEXT ( 3 ) GLOBAL_UNCERTAINTY_ASSIGNED_CONTEXT ( ( #69 ) ) GLOBAL_UNIT_ASSIGNED_CONTEXT ( ( #3900, #10613, #4864 ) ) REPRESENTATION_CONTEXT ( 'NONE', 'WORKASPACE' ) );
#10957 = FACE_OUTER_BOUND ( 'NONE', #2800, .T. ) ;
#10958 = SURFACE_STYLE_FILL_AREA ( #12390 ) ;
#10959 = CARTESIAN_POINT ( 'NONE',  ( -1.725000000000000500, -1.800000000000000500, 0.5999999999999967600 ) ) ;
#10960 = DIRECTION ( 'NONE',  ( 0.0000000000000000000, -0.0000000000000000000, 1.000000000000000000 ) ) ;
#10961 = AXIS2_PLACEMENT_3D ( 'NONE', #7566, #7412, #7431 ) ;
#10962 = CARTESIAN_POINT ( 'NONE',  ( 3.400000000000002100, -1.800000000000000500, 0.5999999999999966500 ) ) ;
#10963 = ORIENTED_EDGE ( 'NONE', *, *, #4039, .F. ) ;
#10964 = VERTEX_POINT ( 'NONE', #7128 ) ;
#10965 = DIRECTION ( 'NONE',  ( -1.000000000000000000, 0.0000000000000000000, 3.252606517456510300E-016 ) ) ;
#10966 = LINE ( 'NONE', #8502, #8171 ) ;
#10967 = FILL_AREA_STYLE_COLOUR ( '', #6653 ) ;
#10968 = PRESENTATION_STYLE_ASSIGNMENT (( #1966 ) ) ;
#10969 = DIRECTION ( 'NONE',  ( -3.051828337366604500E-016, -0.0000000000000000000, -1.000000000000000000 ) ) ;
#10970 = VERTEX_POINT ( 'NONE', #2287 ) ;
#10971 = VECTOR ( 'NONE', #11058, 1000.000000000000000 ) ;
#10972 = MECHANICAL_DESIGN_GEOMETRIC_PRESENTATION_REPRESENTATION (  '', ( #9082 ), #11620 ) ;
#10973 = PLANE ( 'NONE',  #9889 ) ;
#10974 = DIRECTION ( 'NONE',  ( 0.0000000000000000000, 1.000000000000000000, 0.0000000000000000000 ) ) ;
#10975 = VERTEX_POINT ( 'NONE', #10012 ) ;
#10976 = CARTESIAN_POINT ( 'NONE',  ( -2.660000000000000100, 1.500000000000000000, 0.8749999999999998900 ) ) ;
#10977 = FACE_OUTER_BOUND ( 'NONE', #7782, .T. ) ;
#10978 = DIRECTION ( 'NONE',  ( -0.0000000000000000000, 0.0000000000000000000, -1.000000000000000000 ) ) ;
#10979 = LINE ( 'NONE', #10316, #8477 ) ;
#10980 = EDGE_CURVE ( 'NONE', #7810, #8128, #2262, .T. ) ;
#10981 = LINE ( 'NONE', #4508, #8186 ) ;
#10982 = EDGE_LOOP ( 'NONE', ( #576, #5826, #5863, #5299 ) ) ;
#10983 = PLANE ( 'NONE',  #8276 ) ;
#10984 = CARTESIAN_POINT ( 'NONE',  ( -1.090000000000000100, -0.8999999999999950300, 1.699999999999998400 ) ) ;
#10985 = ORIENTED_EDGE ( 'NONE', *, *, #5199, .F. ) ;
#10986 = EDGE_LOOP ( 'NONE', ( #12063, #2314, #6101, #5235 ) ) ;
#10987 = COLOUR_RGB ( '',0.7921568627450980000, 0.8196078431372548800, 0.9333333333333333500 ) ;
#10988 = DIRECTION ( 'NONE',  ( -1.000000000000000000, 0.0000000000000000000, 0.0000000000000000000 ) ) ;
#10989 = ORIENTED_EDGE ( 'NONE', *, *, #11686, .T. ) ;
#10990 = VECTOR ( 'NONE', #9784, 1000.000000000000100 ) ;
#10991 = DIRECTION ( 'NONE',  ( 0.0000000000000000000, 0.7071067811865475700, 0.7071067811865475700 ) ) ;
#10992 = SURFACE_SIDE_STYLE ('',( #7813 ) ) ;
#10993 = CARTESIAN_POINT ( 'NONE',  ( -2.250000000000000900, 1.500000000000000400, 3.399999999999997700 ) ) ;
#10994 = ADVANCED_FACE ( 'NONE', ( #9681 ), #11916, .F. ) ;
#10995 = DIRECTION ( 'NONE',  ( -1.000000000000000000, 0.0000000000000000000, 0.0000000000000000000 ) ) ;
#10996 = EDGE_CURVE ( 'NONE', #10932, #9835, #1307, .T. ) ;
#10997 = DIRECTION ( 'NONE',  ( 0.0000000000000000000, 0.0000000000000000000, 1.000000000000000000 ) ) ;
#10998 = ORIENTED_EDGE ( 'NONE', *, *, #12464, .T. ) ;
#10999 = COLOUR_RGB ( '',0.8000000000000000400, 0.8078431372549019800, 0.8000000000000000400 ) ;
#11000 = VERTEX_POINT ( 'NONE', #1360 ) ;
#11001 = DIRECTION ( 'NONE',  ( 1.000000000000000000, 0.0000000000000000000, 0.0000000000000000000 ) ) ;
#11002 = DIRECTION ( 'NONE',  ( -1.000000000000000000, -0.0000000000000000000, -0.0000000000000000000 ) ) ;
#11003 = FACE_OUTER_BOUND ( 'NONE', #3133, .T. ) ;
#11004 = VECTOR ( 'NONE', #6884, 1000.000000000000100 ) ;
#11005 = EDGE_LOOP ( 'NONE', ( #6448, #10214, #8964, #166 ) ) ;
#11006 = DIRECTION ( 'NONE',  ( 0.7071067811865474600, -0.7071067811865474600, 0.0000000000000000000 ) ) ;
#11007 = ORIENTED_EDGE ( 'NONE', *, *, #4125, .F. ) ;
#11008 = EDGE_CURVE ( 'NONE', #573, #6341, #8782, .T. ) ;
#11009 = ADVANCED_FACE ( 'NONE', ( #3963 ), #5297, .F. ) ;
#11010 = ORIENTED_EDGE ( 'NONE', *, *, #7452, .F. ) ;
#11011 = FACE_OUTER_BOUND ( 'NONE', #6771, .T. ) ;
#11012 = ORIENTED_EDGE ( 'NONE', *, *, #6927, .T. ) ;
#11013 = LINE ( 'NONE', #7512, #8517 ) ;
#11014 = COLOUR_RGB ( '',0.8000000000000000400, 0.8078431372549019800, 0.8000000000000000400 ) ;
#11015 = DIRECTION ( 'NONE',  ( -1.000000000000000000, -0.0000000000000000000, -0.0000000000000000000 ) ) ;
#11016 = PLANE ( 'NONE',  #3910 ) ;
#11017 = EDGE_CURVE ( 'NONE', #11054, #2375, #7881, .T. ) ;
#11018 = COLOUR_RGB ( '',0.8000000000000000400, 0.8078431372549019800, 0.8000000000000000400 ) ;
#11019 = EDGE_CURVE ( 'NONE', #10174, #10093, #5335, .T. ) ;
#11020 = SURFACE_STYLE_FILL_AREA ( #1114 ) ;
#11021 = CARTESIAN_POINT ( 'NONE',  ( 2.660000000000000100, 1.500000000000000000, 1.700000000000000000 ) ) ;
#11022 = PRESENTATION_LAYER_ASSIGNMENT (  '', '', ( #9768 ) ) ;
#11023 = LINE ( 'NONE', #6056, #1347 ) ;
#11024 =( NAMED_UNIT ( * ) SI_UNIT ( $, .STERADIAN. ) SOLID_ANGLE_UNIT ( ) );
#11025 = CARTESIAN_POINT ( 'NONE',  ( 1.089999999999999900, 2.499999999999999600, 1.734723475976807100E-015 ) ) ;
#11026 = DIRECTION ( 'NONE',  ( 1.000000000000000000, 0.0000000000000000000, -0.0000000000000000000 ) ) ;
#11027 = ORIENTED_EDGE ( 'NONE', *, *, #5963, .T. ) ;
#11028 = ORIENTED_EDGE ( 'NONE', *, *, #9302, .F. ) ;
#11029 = EDGE_CURVE ( 'NONE', #8279, #10919, #2713, .T. ) ;
#11030 = CARTESIAN_POINT ( 'NONE',  ( -0.1599999999999999800, 2.000000000000000000, 0.8749999999999998900 ) ) ;
#11031 = LINE ( 'NONE', #2498, #10749 ) ;
#11032 = EDGE_LOOP ( 'NONE', ( #262, #9451, #11644, #925 ) ) ;
#11033 = SURFACE_STYLE_FILL_AREA ( #1260 ) ;
#11034 = CARTESIAN_POINT ( 'NONE',  ( -2.750000000000001300, 2.100000000000000100, 2.899999999999997700 ) ) ;
#11035 = EDGE_LOOP ( 'NONE', ( #7905, #10017, #9999, #6121 ) ) ;
#11036 = DIRECTION ( 'NONE',  ( 0.0000000000000000000, -1.000000000000000000, 0.0000000000000000000 ) ) ;
#11037 = EDGE_LOOP ( 'NONE', ( #8403, #1682, #4480, #8086, #8837, #10473, #10151, #12375, #4451, #3846, #2951, #12272, #4652, #1246, #2504, #6473, #623, #7507 ) ) ;
#11038 = ORIENTED_EDGE ( 'NONE', *, *, #11336, .F. ) ;
#11039 = SURFACE_STYLE_FILL_AREA ( #1226 ) ;
#11040 = SURFACE_STYLE_USAGE ( .BOTH. , #4351 ) ;
#11041 = EDGE_CURVE ( 'NONE', #200, #9263, #7577, .T. ) ;
#11042 = FILL_AREA_STYLE ('',( #9154 ) ) ;
#11043 = CARTESIAN_POINT ( 'NONE',  ( 1.089999999999999900, 3.099999999999999600, 0.5000000000000017800 ) ) ;
#11044 = SURFACE_STYLE_FILL_AREA ( #2002 ) ;
#11045 = ORIENTED_EDGE ( 'NONE', *, *, #9859, .T. ) ;
#11046 = AXIS2_PLACEMENT_3D ( 'NONE', #2671, #2586, #2282 ) ;
#11047 = CARTESIAN_POINT ( 'NONE',  ( 2.660000000000000100, 1.500000000000000000, 0.9499999999999998400 ) ) ;
#11048 = ORIENTED_EDGE ( 'NONE', *, *, #2823, .F. ) ;
#11049 = EDGE_LOOP ( 'NONE', ( #5071, #5459, #2832, #10885 ) ) ;
#11050 = DIRECTION ( 'NONE',  ( -0.0000000000000000000, -1.000000000000000000, -0.0000000000000000000 ) ) ;
#11051 = VECTOR ( 'NONE', #5024, 1000.000000000000000 ) ;
#11052 = ORIENTED_EDGE ( 'NONE', *, *, #6106, .F. ) ;
#11053 = DIRECTION ( 'NONE',  ( 0.0000000000000000000, 0.7071067811865462400, -0.7071067811865489100 ) ) ;
#11054 = VERTEX_POINT ( 'NONE', #2466 ) ;
#11055 = VECTOR ( 'NONE', #7076, 1000.000000000000000 ) ;
#11056 = CARTESIAN_POINT ( 'NONE',  ( 4.000000000000000000, -2.100000000000000100, 2.999999999999997300 ) ) ;
#11057 = VECTOR ( 'NONE', #6681, 1000.000000000000000 ) ;
#11058 = DIRECTION ( 'NONE',  ( 0.0000000000000000000, 1.000000000000000000, -4.336808689942017700E-016 ) ) ;
#11059 = AXIS2_PLACEMENT_3D ( 'NONE', #10173, #10126, #11116 ) ;
#11060 = LINE ( 'NONE', #4529, #3411 ) ;
#11061 = ORIENTED_EDGE ( 'NONE', *, *, #5752, .T. ) ;
#11062 = ORIENTED_EDGE ( 'NONE', *, *, #2150, .T. ) ;
#11063 = VECTOR ( 'NONE', #6936, 1000.000000000000100 ) ;
#11064 = DIRECTION ( 'NONE',  ( 0.0000000000000000000, 0.0000000000000000000, -1.000000000000000000 ) ) ;
#11065 = VECTOR ( 'NONE', #10746, 1000.000000000000000 ) ;
#11066 = EDGE_CURVE ( 'NONE', #2575, #4603, #4940, .T. ) ;
#11067 = LINE ( 'NONE', #3381, #1687 ) ;
#11068 = FILL_AREA_STYLE_COLOUR ( '', #2535 ) ;
#11069 = CARTESIAN_POINT ( 'NONE',  ( 3.700000000000002000, -2.100000000000000100, 0.2999999999999967700 ) ) ;
#11070 = DIRECTION ( 'NONE',  ( -0.0000000000000000000, -1.000000000000000000, -0.0000000000000000000 ) ) ;
#11071 = EDGE_LOOP ( 'NONE', ( #3101, #11599, #6707, #9313 ) ) ;
#11072 = ADVANCED_FACE ( 'NONE', ( #9742 ), #8280, .T. ) ;
#11073 = VERTEX_POINT ( 'NONE', #6359 ) ;
#11074 = STYLED_ITEM ( 'NONE', ( #536 ), #8864 ) ;
#11075 = ORIENTED_EDGE ( 'NONE', *, *, #8974, .F. ) ;
#11076 = DIRECTION ( 'NONE',  ( 4.380838333381067400E-016, 0.7071067811865475700, -0.7071067811865474600 ) ) ;
#11077 = CARTESIAN_POINT ( 'NONE',  ( -0.05000000000000012800, -1.400000000000000100, 1.124999999999998900 ) ) ;
#11078 = SURFACE_SIDE_STYLE ('',( #7474 ) ) ;
#11079 = AXIS2_PLACEMENT_3D ( 'NONE', #11243, #8398, #624 ) ;
#11080 = CARTESIAN_POINT ( 'NONE',  ( 1.409999999999999700, 2.299999999999999400, 0.2000000000000025400 ) ) ;
#11081 = PRESENTATION_STYLE_ASSIGNMENT (( #7829 ) ) ;
#11082 = ORIENTED_EDGE ( 'NONE', *, *, #2818, .T. ) ;
#11083 = ORIENTED_EDGE ( 'NONE', *, *, #11008, .T. ) ;
#11084 = EDGE_CURVE ( 'NONE', #7649, #4809, #7496, .T. ) ;
#11085 = ADVANCED_FACE ( 'NONE', ( #1999 ), #8318, .T. ) ;
#11086 = CARTESIAN_POINT ( 'NONE',  ( -1.090000000000000100, 2.299999999999999400, 0.6750000000000020400 ) ) ;
#11087 =( NAMED_UNIT ( * ) PLANE_ANGLE_UNIT ( ) SI_UNIT ( $, .RADIAN. ) );
#11088 = EDGE_CURVE ( 'NONE', #6411, #2554, #1068, .T. ) ;
#11089 = VECTOR ( 'NONE', #8384, 1000.000000000000000 ) ;
#11090 =( GEOMETRIC_REPRESENTATION_CONTEXT ( 3 ) GLOBAL_UNCERTAINTY_ASSIGNED_CONTEXT ( ( #4590 ) ) GLOBAL_UNIT_ASSIGNED_CONTEXT ( ( #2004, #9760, #4013 ) ) REPRESENTATION_CONTEXT ( 'NONE', 'WORKASPACE' ) );
#11091 = EDGE_LOOP ( 'NONE', ( #1302, #4577, #7730, #5490, #4111, #7585, #3351, #3976, #7296, #5207, #5815, #9603, #4112, #2293, #10866, #12053, #6485, #5288 ) ) ;
#11092 = ORIENTED_EDGE ( 'NONE', *, *, #2363, .F. ) ;
#11093 = SURFACE_STYLE_USAGE ( .BOTH. , #4323 ) ;
#11094 = ORIENTED_EDGE ( 'NONE', *, *, #10085, .T. ) ;
#11095 = DIRECTION ( 'NONE',  ( 0.0000000000000000000, 0.0000000000000000000, 1.000000000000000000 ) ) ;
#11096 = CARTESIAN_POINT ( 'NONE',  ( 4.995000000000001900, 1.099999999999999600, 1.255000000000000100 ) ) ;
#11097 =( LENGTH_UNIT ( ) NAMED_UNIT ( * ) SI_UNIT ( .MILLI., .METRE. ) );
#11098 = CARTESIAN_POINT ( 'NONE',  ( 2.660000000000000100, -1.400000000000000100, 1.699999999999998400 ) ) ;
#11099 = CARTESIAN_POINT ( 'NONE',  ( 0.1599999999999999800, 1.500000000000000000, 1.699999999999998800 ) ) ;
#11100 = CARTESIAN_POINT ( 'NONE',  ( 2.024999999999999900, -2.100000000000000100, 0.1999999999999981800 ) ) ;
#11101 = COLOUR_RGB ( '',0.8000000000000000400, 0.8078431372549019800, 0.8000000000000000400 ) ;
#11102 = EDGE_CURVE ( 'NONE', #11502, #153, #8844, .T. ) ;
#11103 = DIRECTION ( 'NONE',  ( 6.195440985631453300E-016, 0.0000000000000000000, 1.000000000000000000 ) ) ;
#11104 = LINE ( 'NONE', #4165, #10810 ) ;
#11105 = EDGE_LOOP ( 'NONE', ( #11404, #8029, #5298, #6247 ) ) ;
#11106 = ORIENTED_EDGE ( 'NONE', *, *, #10588, .T. ) ;
#11107 = ORIENTED_EDGE ( 'NONE', *, *, #7344, .T. ) ;
#11108 = CARTESIAN_POINT ( 'NONE',  ( 0.1600000000000000300, 0.8500000000000000900, 0.9499999999999998400 ) ) ;
#11109 = DIRECTION ( 'NONE',  ( 0.0000000000000000000, -0.0000000000000000000, 1.000000000000000000 ) ) ;
#11110 = AXIS2_PLACEMENT_3D ( 'NONE', #4818, #7799, #11610 ) ;
#11111 = DIRECTION ( 'NONE',  ( -1.000000000000000000, -2.409338161078900700E-016, 0.0000000000000000000 ) ) ;
#11112 = UNCERTAINTY_MEASURE_WITH_UNIT (LENGTH_MEASURE( 1.000000000000000100E-005 ), #1571, 'distance_accuracy_value', 'NONE');
#11113 = EDGE_CURVE ( 'NONE', #6494, #6224, #11060, .T. ) ;
#11114 =( NAMED_UNIT ( * ) PLANE_ANGLE_UNIT ( ) SI_UNIT ( $, .RADIAN. ) );
#11115 = DIRECTION ( 'NONE',  ( -0.7071067811865473500, 0.7071067811865477900, 0.0000000000000000000 ) ) ;
#11116 = DIRECTION ( 'NONE',  ( -1.000000000000000000, 0.0000000000000000000, -0.0000000000000000000 ) ) ;
#11117 = FACE_OUTER_BOUND ( 'NONE', #4977, .T. ) ;
#11118 = CARTESIAN_POINT ( 'NONE',  ( 0.1600000000000000300, 0.0000000000000000000, 0.0000000000000000000 ) ) ;
#11119 = ORIENTED_EDGE ( 'NONE', *, *, #1768, .T. ) ;
#11120 = EDGE_CURVE ( 'NONE', #11322, #12234, #6001, .T. ) ;
#11121 = VERTEX_POINT ( 'NONE', #7423 ) ;
#11122 = MECHANICAL_DESIGN_GEOMETRIC_PRESENTATION_REPRESENTATION (  '', ( #9218 ), #11756 ) ;
#11123 = LINE ( 'NONE', #10164, #516 ) ;
#11124 = LINE ( 'NONE', #7475, #10240 ) ;
#11125 = AXIS2_PLACEMENT_3D ( 'NONE', #1906, #1863, #922 ) ;
#11126 = DIRECTION ( 'NONE',  ( -1.000000000000000000, -0.0000000000000000000, -0.0000000000000000000 ) ) ;
#11127 =( LENGTH_UNIT ( ) NAMED_UNIT ( * ) SI_UNIT ( .MILLI., .METRE. ) );
#11128 = VERTEX_POINT ( 'NONE', #1574 ) ;
#11129 = ADVANCED_FACE ( 'NONE', ( #3085 ), #9355, .F. ) ;
#11130 = PLANE ( 'NONE',  #3759 ) ;
#11131 =( NAMED_UNIT ( * ) PLANE_ANGLE_UNIT ( ) SI_UNIT ( $, .RADIAN. ) );
#11132 = CARTESIAN_POINT ( 'NONE',  ( 0.0000000000000000000, 0.8500000000000000900, 0.0000000000000000000 ) ) ;
#11133 = DIRECTION ( 'NONE',  ( 1.000000000000000000, -0.0000000000000000000, -0.0000000000000000000 ) ) ;
#11134 = SURFACE_SIDE_STYLE ('',( #5914 ) ) ;
#11135 = SURFACE_STYLE_FILL_AREA ( #5253 ) ;
#11136 =( NAMED_UNIT ( * ) SI_UNIT ( $, .STERADIAN. ) SOLID_ANGLE_UNIT ( ) );
#11137 = DIRECTION ( 'NONE',  ( -1.000000000000000000, 0.0000000000000000000, 6.195440985631453300E-016 ) ) ;
#11138 = ORIENTED_EDGE ( 'NONE', *, *, #8389, .T. ) ;
#11139 = ADVANCED_FACE ( 'NONE', ( #8255 ), #12212, .T. ) ;
#11140 = SURFACE_STYLE_USAGE ( .BOTH. , #10327 ) ;
#11141 = CARTESIAN_POINT ( 'NONE',  ( -3.499999999999999600, 2.100000000000000100, 2.899999999999997700 ) ) ;
#11142 = FACE_OUTER_BOUND ( 'NONE', #1730, .T. ) ;
#11143 = CARTESIAN_POINT ( 'NONE',  ( -1.090000000000000100, 1.500000000000000000, 0.8750000000000017800 ) ) ;
#11144 = DIRECTION ( 'NONE',  ( 1.000000000000000000, 0.0000000000000000000, 0.0000000000000000000 ) ) ;
#11145 = CARTESIAN_POINT ( 'NONE',  ( -4.665000000000002700, -1.200000000000000400, 0.2999999999999975500 ) ) ;
#11146 = DIRECTION ( 'NONE',  ( 0.5773502691896274000, -0.5773502691896222900, 0.5773502691896274000 ) ) ;
#11147 = DIRECTION ( 'NONE',  ( -0.0000000000000000000, -0.0000000000000000000, 1.000000000000000000 ) ) ;
#11148 = FACE_OUTER_BOUND ( 'NONE', #5349, .T. ) ;
#11149 =( NAMED_UNIT ( * ) PLANE_ANGLE_UNIT ( ) SI_UNIT ( $, .RADIAN. ) );
#11150 = VERTEX_POINT ( 'NONE', #5545 ) ;
#11151 = DIRECTION ( 'NONE',  ( -0.0000000000000000000, -1.000000000000000000, -0.0000000000000000000 ) ) ;
#11152 = ORIENTED_EDGE ( 'NONE', *, *, #12080, .F. ) ;
#11153 = DIRECTION ( 'NONE',  ( -0.0000000000000000000, -0.0000000000000000000, 1.000000000000000000 ) ) ;
#11154 = EDGE_CURVE ( 'NONE', #12001, #9974, #5694, .T. ) ;
#11155 = LINE ( 'NONE', #12374, #3512 ) ;
#11156 = ORIENTED_EDGE ( 'NONE', *, *, #5032, .F. ) ;
#11157 = PRESENTATION_STYLE_ASSIGNMENT (( #9930 ) ) ;
#11158 = VERTEX_POINT ( 'NONE', #9394 ) ;
#11159 = LINE ( 'NONE', #8243, #8648 ) ;
#11160 = EDGE_LOOP ( 'NONE', ( #7855, #7170, #6408, #3029, #6790, #10887, #1829, #11683, #40, #6830, #10446, #10648, #9058, #100, #2384, #7680, #8302, #4395, #12526, #11301, #264, #8654, #7201, #4936, #11347, #1314, #12360, #12362 ) ) ;
#11161 = STYLED_ITEM ( 'NONE', ( #2425 ), #12083 ) ;
#11162 = EDGE_LOOP ( 'NONE', ( #8977, #4601, #10698, #10861 ) ) ;
#11163 = PRESENTATION_STYLE_ASSIGNMENT (( #8736 ) ) ;
#11164 = ORIENTED_EDGE ( 'NONE', *, *, #149, .T. ) ;
#11165 =( LENGTH_UNIT ( ) NAMED_UNIT ( * ) SI_UNIT ( .MILLI., .METRE. ) );
#11166 = CARTESIAN_POINT ( 'NONE',  ( 1.409999999999999700, 1.500000000000000000, 0.9499999999999982900 ) ) ;
#11167 = FACE_OUTER_BOUND ( 'NONE', #8989, .T. ) ;
#11168 = FACE_OUTER_BOUND ( 'NONE', #10042, .T. ) ;
#11169 = PLANE ( 'NONE',  #7309 ) ;
#11170 = FACE_OUTER_BOUND ( 'NONE', #9871, .T. ) ;
#11171 =( LENGTH_UNIT ( ) NAMED_UNIT ( * ) SI_UNIT ( .MILLI., .METRE. ) );
#11172 = VERTEX_POINT ( 'NONE', #3625 ) ;
#11173 = EDGE_CURVE ( 'NONE', #11782, #9788, #769, .T. ) ;
#11174 = LINE ( 'NONE', #11379, #8666 ) ;
#11175 = DIRECTION ( 'NONE',  ( 0.0000000000000000000, 0.0000000000000000000, 1.000000000000000000 ) ) ;
#11176 = CARTESIAN_POINT ( 'NONE',  ( -1.725000000000000300, -2.100000000000000100, 0.2999999999999976600 ) ) ;
#11177 = DIRECTION ( 'NONE',  ( 0.0000000000000000000, 1.000000000000000000, -4.336808689942017700E-016 ) ) ;
#11178 = VERTEX_POINT ( 'NONE', #11285 ) ;
#11179 = ORIENTED_EDGE ( 'NONE', *, *, #4360, .F. ) ;
#11180 = PLANE ( 'NONE',  #5464 ) ;
#11181 = DIRECTION ( 'NONE',  ( 0.0000000000000000000, -0.0000000000000000000, -1.000000000000000000 ) ) ;
#11182 = COLOUR_RGB ( '',0.8000000000000000400, 0.8078431372549019800, 0.8000000000000000400 ) ;
#11183 =( GEOMETRIC_REPRESENTATION_CONTEXT ( 3 ) GLOBAL_UNCERTAINTY_ASSIGNED_CONTEXT ( ( #11945 ) ) GLOBAL_UNIT_ASSIGNED_CONTEXT ( ( #3870, #6252, #12235 ) ) REPRESENTATION_CONTEXT ( 'NONE', 'WORKASPACE' ) );
#11184 = SURFACE_STYLE_FILL_AREA ( #11383 ) ;
#11185 = VERTEX_POINT ( 'NONE', #10351 ) ;
#11186 = EDGE_CURVE ( 'NONE', #5001, #10466, #456, .T. ) ;
#11187 = ORIENTED_EDGE ( 'NONE', *, *, #3569, .F. ) ;
#11188 = CARTESIAN_POINT ( 'NONE',  ( 2.660000000000000100, 2.299999999999999400, 0.6750000000000020400 ) ) ;
#11189 = LINE ( 'NONE', #7922, #3860 ) ;
#11190 = EDGE_LOOP ( 'NONE', ( #9232, #1426, #542, #2516 ) ) ;
#11191 = CARTESIAN_POINT ( 'NONE',  ( 2.660000000000000100, 1.500000000000000000, 0.9499999999999998400 ) ) ;
#11192 = DIRECTION ( 'NONE',  ( -6.195440985631453300E-016, -0.0000000000000000000, -1.000000000000000000 ) ) ;
#11193 = EDGE_CURVE ( 'NONE', #5793, #5981, #3727, .T. ) ;
#11194 = EDGE_CURVE ( 'NONE', #7030, #2723, #10178, .T. ) ;
#11195 = DIRECTION ( 'NONE',  ( -0.0000000000000000000, 1.000000000000000000, -0.0000000000000000000 ) ) ;
#11196 = ADVANCED_FACE ( 'NONE', ( #12407 ), #10382, .F. ) ;
#11197 = AXIS2_PLACEMENT_3D ( 'NONE', #684, #653, #254 ) ;
#11198 = EDGE_LOOP ( 'NONE', ( #2813, #5227, #7758, #605 ) ) ;
#11199 = ORIENTED_EDGE ( 'NONE', *, *, #7440, .F. ) ;
#11200 = CARTESIAN_POINT ( 'NONE',  ( -2.339999999999999900, 1.500000000000000000, 1.699999999999998800 ) ) ;
#11201 = EDGE_LOOP ( 'NONE', ( #11679, #8915, #9829, #9800, #10127 ) ) ;
#11202 = LINE ( 'NONE', #10820, #908 ) ;
#11203 =( GEOMETRIC_REPRESENTATION_CONTEXT ( 3 ) GLOBAL_UNCERTAINTY_ASSIGNED_CONTEXT ( ( #3165 ) ) GLOBAL_UNIT_ASSIGNED_CONTEXT ( ( #825, #779, #383 ) ) REPRESENTATION_CONTEXT ( 'NONE', 'WORKASPACE' ) );
#11204 = VECTOR ( 'NONE', #3763, 1000.000000000000000 ) ;
#11205 = ORIENTED_EDGE ( 'NONE', *, *, #6802, .T. ) ;
#11206 =( GEOMETRIC_REPRESENTATION_CONTEXT ( 3 ) GLOBAL_UNCERTAINTY_ASSIGNED_CONTEXT ( ( #9977 ) ) GLOBAL_UNIT_ASSIGNED_CONTEXT ( ( #2636, #9410, #3642 ) ) REPRESENTATION_CONTEXT ( 'NONE', 'WORKASPACE' ) );
#11207 = ORIENTED_EDGE ( 'NONE', *, *, #3569, .T. ) ;
#11208 = ADVANCED_FACE ( 'NONE', ( #9884 ), #6447, .F. ) ;
#11209 = VECTOR ( 'NONE', #6039, 1000.000000000000000 ) ;
#11210 = DIRECTION ( 'NONE',  ( -1.000000000000000000, 0.0000000000000000000, 0.0000000000000000000 ) ) ;
#11211 = EDGE_LOOP ( 'NONE', ( #11612, #2738, #2435, #7592 ) ) ;
#11212 = EDGE_CURVE ( 'NONE', #8484, #3754, #4157, .T. ) ;
#11213 = CARTESIAN_POINT ( 'NONE',  ( 0.1599999999999999800, 2.799999999999999400, 0.5000000000000017800 ) ) ;
#11214 = FACE_OUTER_BOUND ( 'NONE', #3736, .T. ) ;
#11215 = CARTESIAN_POINT ( 'NONE',  ( 3.100000000000001000, -0.5000000000000003300, 3.399999999999997700 ) ) ;
#11216 = ORIENTED_EDGE ( 'NONE', *, *, #7043, .F. ) ;
#11217 = ORIENTED_EDGE ( 'NONE', *, *, #11917, .F. ) ;
#11218 = CARTESIAN_POINT ( 'NONE',  ( 2.339999999999999900, 3.099999999999999600, 0.2000000000000018700 ) ) ;
#11219 = CARTESIAN_POINT ( 'NONE',  ( -3.400000000000002100, -1.100000000000000500, 2.999999999999997300 ) ) ;
#11220 = MECHANICAL_DESIGN_GEOMETRIC_PRESENTATION_REPRESENTATION (  '', ( #9327 ), #11853 ) ;
#11221 = LINE ( 'NONE', #581, #10912 ) ;
#11222 = DIRECTION ( 'NONE',  ( 0.0000000000000000000, 0.0000000000000000000, -1.000000000000000000 ) ) ;
#11223 = VECTOR ( 'NONE', #8861, 1000.000000000000000 ) ;
#11224 =( LENGTH_UNIT ( ) NAMED_UNIT ( * ) SI_UNIT ( .MILLI., .METRE. ) );
#11225 = EDGE_LOOP ( 'NONE', ( #6698, #12067, #4418, #10719 ) ) ;
#11226 = CARTESIAN_POINT ( 'NONE',  ( 1.089999999999999900, 0.8500000000000000900, 0.9499999999999998400 ) ) ;
#11227 = STYLED_ITEM ( 'NONE', ( #2276 ), #10771 ) ;
#11228 = PRESENTATION_STYLE_ASSIGNMENT (( #11768 ) ) ;
#11229 = ORIENTED_EDGE ( 'NONE', *, *, #2693, .T. ) ;
#11230 = VERTEX_POINT ( 'NONE', #7548 ) ;
#11231 = ORIENTED_EDGE ( 'NONE', *, *, #6573, .T. ) ;
#11232 = LINE ( 'NONE', #8060, #1237 ) ;
#11233 = EDGE_CURVE ( 'NONE', #9873, #3068, #1202, .T. ) ;
#11234 = LINE ( 'NONE', #11359, #6176 ) ;
#11235 = FILL_AREA_STYLE_COLOUR ( '', #2583 ) ;
#11236 = PRESENTATION_STYLE_ASSIGNMENT (( #870 ) ) ;
#11237 = CARTESIAN_POINT ( 'NONE',  ( 4.000000000000001800, 2.100000000000000100, 0.1999999999999975700 ) ) ;
#11238 = ORIENTED_EDGE ( 'NONE', *, *, #9153, .T. ) ;
#11239 = DIRECTION ( 'NONE',  ( 0.0000000000000000000, 1.000000000000000000, 0.0000000000000000000 ) ) ;
#11240 = ORIENTED_EDGE ( 'NONE', *, *, #4721, .F. ) ;
#11241 = LINE ( 'NONE', #649, #6186 ) ;
#11242 = ORIENTED_EDGE ( 'NONE', *, *, #9698, .T. ) ;
#11243 = CARTESIAN_POINT ( 'NONE',  ( -1.409999999999999900, 0.0000000000000000000, 0.0000000000000000000 ) ) ;
#11244 = DIRECTION ( 'NONE',  ( -0.0000000000000000000, -0.0000000000000000000, 1.000000000000000000 ) ) ;
#11245 = CARTESIAN_POINT ( 'NONE',  ( 1.089999999999999900, 2.299999999999999400, 0.6750000000000020400 ) ) ;
#11246 = DIRECTION ( 'NONE',  ( -1.000000000000000000, 0.0000000000000000000, -0.0000000000000000000 ) ) ;
#11247 = DIRECTION ( 'NONE',  ( 0.0000000000000000000, 0.0000000000000000000, 1.000000000000000000 ) ) ;
#11248 = VECTOR ( 'NONE', #7069, 1000.000000000000000 ) ;
#11249 = ADVANCED_FACE ( 'NONE', ( #8694 ), #9516, .F. ) ;
#11250 = ORIENTED_EDGE ( 'NONE', *, *, #3819, .T. ) ;
#11251 = PLANE ( 'NONE',  #10157 ) ;
#11252 = PRESENTATION_LAYER_ASSIGNMENT (  '', '', ( #9988 ) ) ;
#11253 = DIRECTION ( 'NONE',  ( -0.0000000000000000000, -1.000000000000000000, -0.0000000000000000000 ) ) ;
#11254 = VECTOR ( 'NONE', #4892, 1000.000000000000000 ) ;
#11255 = DIRECTION ( 'NONE',  ( -0.0000000000000000000, -1.000000000000000000, -0.0000000000000000000 ) ) ;
#11256 = CARTESIAN_POINT ( 'NONE',  ( 2.660000000000000100, 2.900000000000000400, 1.788933584601082300E-015 ) ) ;
#11257 = FILL_AREA_STYLE ('',( #4583 ) ) ;
#11258 = SURFACE_STYLE_USAGE ( .BOTH. , #12225 ) ;
#11259 = VERTEX_POINT ( 'NONE', #4739 ) ;
#11260 = CARTESIAN_POINT ( 'NONE',  ( -4.995000000000002800, -1.200000000000000400, 1.229999999999997500 ) ) ;
#11261 = EDGE_CURVE ( 'NONE', #4152, #11782, #295, .T. ) ;
#11262 = FACE_OUTER_BOUND ( 'NONE', #8277, .T. ) ;
#11263 = UNCERTAINTY_MEASURE_WITH_UNIT (LENGTH_MEASURE( 1.000000000000000100E-005 ), #3416, 'distance_accuracy_value', 'NONE');
#11264 = AXIS2_PLACEMENT_3D ( 'NONE', #9293, #12519, #12232 ) ;
#11265 = ORIENTED_EDGE ( 'NONE', *, *, #1784, .T. ) ;
#11266 = ADVANCED_FACE ( 'NONE', ( #10321 ), #6710, .F. ) ;
#11267 =( NAMED_UNIT ( * ) SI_UNIT ( $, .STERADIAN. ) SOLID_ANGLE_UNIT ( ) );
#11268 = VECTOR ( 'NONE', #4667, 1000.000000000000000 ) ;
#11269 = ORIENTED_EDGE ( 'NONE', *, *, #2818, .F. ) ;
#11270 = AXIS2_PLACEMENT_3D ( 'NONE', #8956, #8636, #8516 ) ;
#11271 = ORIENTED_EDGE ( 'NONE', *, *, #10588, .F. ) ;
#11272 = CARTESIAN_POINT ( 'NONE',  ( -3.300000000000002500, -2.100000000000000100, 0.1999999999999997900 ) ) ;
#11273 = EDGE_CURVE ( 'NONE', #9828, #3302, #7787, .T. ) ;
#11274 = CARTESIAN_POINT ( 'NONE',  ( -4.675000000000002500, -1.100000000000000500, 0.2499999999999999400 ) ) ;
#11275 = LINE ( 'NONE', #8906, #1283 ) ;
#11276 = AXIS2_PLACEMENT_3D ( 'NONE', #5756, #12426, #6721 ) ;
#11277 = DIRECTION ( 'NONE',  ( 0.0000000000000000000, 0.0000000000000000000, -1.000000000000000000 ) ) ;
#11278 = SURFACE_STYLE_FILL_AREA ( #11542 ) ;
#11279 = LINE ( 'NONE', #9240, #12326 ) ;
#11280 = EDGE_CURVE ( 'NONE', #5534, #12522, #12540, .T. ) ;
#11281 = CARTESIAN_POINT ( 'NONE',  ( 3.800000000000002000, 1.099999999999999900, -2.385244779468109800E-015 ) ) ;
#11282 = ORIENTED_EDGE ( 'NONE', *, *, #11559, .F. ) ;
#11283 = EDGE_LOOP ( 'NONE', ( #5496, #7791, #6760, #981, #11900, #10533 ) ) ;
#11284 = LINE ( 'NONE', #5413, #6234 ) ;
#11285 = CARTESIAN_POINT ( 'NONE',  ( -2.750000000000001300, 1.500000000000000400, 2.899999999999997700 ) ) ;
#11286 = STYLED_ITEM ( 'NONE', ( #6922 ), #6967 ) ;
#11287 = VECTOR ( 'NONE', #5509, 1000.000000000000000 ) ;
#11288 = PLANE ( 'NONE',  #11506 ) ;
#11289 = CARTESIAN_POINT ( 'NONE',  ( -4.995000000000001900, 1.099999999999999600, 1.504999999999999900 ) ) ;
#11290 = VECTOR ( 'NONE', #9860, 1000.000000000000000 ) ;
#11291 = DIRECTION ( 'NONE',  ( -1.000000000000000000, -0.0000000000000000000, 0.0000000000000000000 ) ) ;
#11292 = STYLED_ITEM ( 'NONE', ( #4153 ), #10225 ) ;
#11293 = ORIENTED_EDGE ( 'NONE', *, *, #11233, .F. ) ;
#11294 =( LENGTH_UNIT ( ) NAMED_UNIT ( * ) SI_UNIT ( .MILLI., .METRE. ) );
#11295 = VECTOR ( 'NONE', #12489, 1000.000000000000000 ) ;
#11296 = DIRECTION ( 'NONE',  ( 0.0000000000000000000, -1.355252715606878800E-016, 1.000000000000000000 ) ) ;
#11297 = PRESENTATION_STYLE_ASSIGNMENT (( #11040 ) ) ;
#11298 = EDGE_CURVE ( 'NONE', #5511, #6943, #2921, .T. ) ;
#11299 = CARTESIAN_POINT ( 'NONE',  ( 2.339999999999999900, 2.799999999999999400, 0.5000000000000017800 ) ) ;
#11300 = ORIENTED_EDGE ( 'NONE', *, *, #417, .F. ) ;
#11301 = ORIENTED_EDGE ( 'NONE', *, *, #10696, .T. ) ;
#11302 = VECTOR ( 'NONE', #3726, 1000.000000000000000 ) ;
#11303 = PRESENTATION_LAYER_ASSIGNMENT (  '', '', ( #10043 ) ) ;
#11304 = ORIENTED_EDGE ( 'NONE', *, *, #6573, .F. ) ;
#11305 = VECTOR ( 'NONE', #7860, 1000.000000000000000 ) ;
#11306 = ORIENTED_EDGE ( 'NONE', *, *, #5454, .F. ) ;
#11307 = DIRECTION ( 'NONE',  ( 0.0000000000000000000, 1.000000000000000000, 0.0000000000000000000 ) ) ;
#11308 = STYLED_ITEM ( 'NONE', ( #11297 ), #11009 ) ;
#11309 = PRESENTATION_STYLE_ASSIGNMENT (( #830 ) ) ;
#11310 = DIRECTION ( 'NONE',  ( -1.000000000000000000, 0.0000000000000000000, -5.421010862427526500E-017 ) ) ;
#11311 = FACE_OUTER_BOUND ( 'NONE', #8809, .T. ) ;
#11312 = SURFACE_SIDE_STYLE ('',( #6556 ) ) ;
#11313 =( LENGTH_UNIT ( ) NAMED_UNIT ( * ) SI_UNIT ( .MILLI., .METRE. ) );
#11314 = COLOUR_RGB ( '',0.8000000000000000400, 0.8078431372549019800, 0.8000000000000000400 ) ;
#11315 = PLANE ( 'NONE',  #3020 ) ;
#11316 = ADVANCED_FACE ( 'NONE', ( #12248 ), #5779, .F. ) ;
#11317 = DIRECTION ( 'NONE',  ( 5.421010862427522200E-016, -2.168404344971008900E-016, -1.000000000000000000 ) ) ;
#11318 = FILL_AREA_STYLE ('',( #2658 ) ) ;
#11319 = EDGE_CURVE ( 'NONE', #10203, #2372, #8835, .T. ) ;
#11320 = ORIENTED_EDGE ( 'NONE', *, *, #3649, .F. ) ;
#11321 = VECTOR ( 'NONE', #3750, 1000.000000000000000 ) ;
#11322 = VERTEX_POINT ( 'NONE', #927 ) ;
#11323 = COLOUR_RGB ( '',0.8000000000000000400, 0.8078431372549019800, 0.8000000000000000400 ) ;
#11324 = LINE ( 'NONE', #8407, #105 ) ;
#11325 = ORIENTED_EDGE ( 'NONE', *, *, #9046, .T. ) ;
#11326 = VECTOR ( 'NONE', #3558, 1000.000000000000000 ) ;
#11327 = EDGE_CURVE ( 'NONE', #5944, #7403, #11344, .T. ) ;
#11328 = FACE_OUTER_BOUND ( 'NONE', #2616, .T. ) ;
#11329 = AXIS2_PLACEMENT_3D ( 'NONE', #7508, #9442, #3678 ) ;
#11330 = FACE_OUTER_BOUND ( 'NONE', #2449, .T. ) ;
#11331 = ADVANCED_FACE ( 'NONE', ( #6300 ), #6786, .F. ) ;
#11332 = CARTESIAN_POINT ( 'NONE',  ( -4.235000000000002100, -1.200000000000000400, 1.529999999999997600 ) ) ;
#11333 = SURFACE_STYLE_USAGE ( .BOTH. , #4659 ) ;
#11334 = VERTEX_POINT ( 'NONE', #3925 ) ;
#11335 = CARTESIAN_POINT ( 'NONE',  ( -1.090000000000000100, 2.099999999999999600, 0.6750000000000020400 ) ) ;
#11336 = EDGE_CURVE ( 'NONE', #5777, #4605, #1049, .T. ) ;
#11337 = CARTESIAN_POINT ( 'NONE',  ( -1.409999999999999900, 3.099999999999999600, 0.2000000000000018700 ) ) ;
#11338 = LINE ( 'NONE', #1456, #6294 ) ;
#11339 = ORIENTED_EDGE ( 'NONE', *, *, #3495, .T. ) ;
#11340 =( GEOMETRIC_REPRESENTATION_CONTEXT ( 3 ) GLOBAL_UNCERTAINTY_ASSIGNED_CONTEXT ( ( #12475 ) ) GLOBAL_UNIT_ASSIGNED_CONTEXT ( ( #11994, #11906, #11740 ) ) REPRESENTATION_CONTEXT ( 'NONE', 'WORKASPACE' ) );
#11341 = DIRECTION ( 'NONE',  ( 0.0000000000000000000, 0.0000000000000000000, -1.000000000000000000 ) ) ;
#11342 = EDGE_LOOP ( 'NONE', ( #5244, #11199, #6879, #8544 ) ) ;
#11343 = PLANE ( 'NONE',  #4563 ) ;
#11344 = CIRCLE ( 'NONE', #11468, 0.1500000000000001900 ) ;
#11345 = ORIENTED_EDGE ( 'NONE', *, *, #1367, .F. ) ;
#11346 = CARTESIAN_POINT ( 'NONE',  ( 4.995000000000002800, -1.200000000000000400, 1.229999999999997500 ) ) ;
#11347 = ORIENTED_EDGE ( 'NONE', *, *, #4360, .T. ) ;
#11348 = CARTESIAN_POINT ( 'NONE',  ( 4.575000000000002000, 1.099999999999999600, 1.155000000000000000 ) ) ;
#11349 = MECHANICAL_DESIGN_GEOMETRIC_PRESENTATION_REPRESENTATION (  '', ( #9457 ), #11986 ) ;
#11350 = EDGE_CURVE ( 'NONE', #1866, #1006, #4016, .T. ) ;
#11351 = ORIENTED_EDGE ( 'NONE', *, *, #5538, .T. ) ;
#11352 = DIRECTION ( 'NONE',  ( 5.421010862427526500E-017, 0.0000000000000000000, -1.000000000000000000 ) ) ;
#11353 = VECTOR ( 'NONE', #1192, 1000.000000000000000 ) ;
#11354 = CARTESIAN_POINT ( 'NONE',  ( -2.339999999999999900, 1.500000000000000000, 0.8749999999999998900 ) ) ;
#11355 = LINE ( 'NONE', #261, #3722 ) ;
#11356 = LINE ( 'NONE', #5757, #8253 ) ;
#11357 = CARTESIAN_POINT ( 'NONE',  ( 1.089999999999999900, 1.500000000000000000, 1.700000000000000000 ) ) ;
#11358 = CARTESIAN_POINT ( 'NONE',  ( -6.187500000000000900, 0.4125000000000016400, 1.857687868709920000E-016 ) ) ;
#11359 = CARTESIAN_POINT ( 'NONE',  ( 1.409999999999999700, 1.500000000000000000, 1.775000000000001700 ) ) ;
#11360 = EDGE_CURVE ( 'NONE', #6619, #2022, #5990, .T. ) ;
#11361 = EDGE_CURVE ( 'NONE', #9458, #8820, #3391, .T. ) ;
#11362 = CARTESIAN_POINT ( 'NONE',  ( 1.324999999999999700, -0.6500000000000013500, 0.5999999999999966500 ) ) ;
#11363 = AXIS2_PLACEMENT_3D ( 'NONE', #7265, #7225, #7195 ) ;
#11364 = ORIENTED_EDGE ( 'NONE', *, *, #1867, .T. ) ;
#11365 = DIRECTION ( 'NONE',  ( 1.000000000000000000, 0.0000000000000000000, 0.0000000000000000000 ) ) ;
#11366 = CARTESIAN_POINT ( 'NONE',  ( -2.425000000000000700, -0.6500000000000002400, 0.1999999999999995100 ) ) ;
#11367 = COLOUR_RGB ( '',0.8000000000000000400, 0.8078431372549019800, 0.8000000000000000400 ) ;
#11368 = VECTOR ( 'NONE', #7143, 1000.000000000000000 ) ;
#11369 = EDGE_LOOP ( 'NONE', ( #8350, #11457, #9538, #867 ) ) ;
#11370 = VECTOR ( 'NONE', #12448, 1000.000000000000000 ) ;
#11371 = LINE ( 'NONE', #2342, #6326 ) ;
#11372 =( GEOMETRIC_REPRESENTATION_CONTEXT ( 3 ) GLOBAL_UNCERTAINTY_ASSIGNED_CONTEXT ( ( #8757 ) ) GLOBAL_UNIT_ASSIGNED_CONTEXT ( ( #4393, #11087, #5387 ) ) REPRESENTATION_CONTEXT ( 'NONE', 'WORKASPACE' ) );
#11373 = ORIENTED_EDGE ( 'NONE', *, *, #1725, .F. ) ;
#11374 = ORIENTED_EDGE ( 'NONE', *, *, #11733, .T. ) ;
#11375 = PRESENTATION_STYLE_ASSIGNMENT (( #10141 ) ) ;
#11376 = AXIS2_PLACEMENT_3D ( 'NONE', #33, #124, #192 ) ;
#11377 = DIRECTION ( 'NONE',  ( -0.0000000000000000000, 1.000000000000000000, -0.0000000000000000000 ) ) ;
#11378 = CARTESIAN_POINT ( 'NONE',  ( 1.089999999999999900, 1.500000000000000000, 1.699999999999998800 ) ) ;
#11379 = CARTESIAN_POINT ( 'NONE',  ( 4.225000000000001400, 1.099999999999999600, 1.155000000000000000 ) ) ;
#11380 = FACE_OUTER_BOUND ( 'NONE', #4321, .T. ) ;
#11381 = ADVANCED_FACE ( 'NONE', ( #5681 ), #12101, .F. ) ;
#11382 = ORIENTED_EDGE ( 'NONE', *, *, #6959, .F. ) ;
#11383 = FILL_AREA_STYLE ('',( #12055 ) ) ;
#11384 =( GEOMETRIC_REPRESENTATION_CONTEXT ( 3 ) GLOBAL_UNCERTAINTY_ASSIGNED_CONTEXT ( ( #632 ) ) GLOBAL_UNIT_ASSIGNED_CONTEXT ( ( #1137, #7974, #2162 ) ) REPRESENTATION_CONTEXT ( 'NONE', 'WORKASPACE' ) );
#11386 = ORIENTED_EDGE ( 'NONE', *, *, #9466, .F. ) ;
#11385 =( LENGTH_UNIT ( ) NAMED_UNIT ( * ) SI_UNIT ( .MILLI., .METRE. ) );
#11387 = CARTESIAN_POINT ( 'NONE',  ( -2.660000000000000100, 1.500000000000000000, 1.774999999999999700 ) ) ;
#11388 = SURFACE_SIDE_STYLE ('',( #9740 ) ) ;
#11389 = PRESENTATION_STYLE_ASSIGNMENT (( #940 ) ) ;
#11390 = FILL_AREA_STYLE_COLOUR ( '', #7310 ) ;
#11391 = ORIENTED_EDGE ( 'NONE', *, *, #1033, .T. ) ;
#11392 = ORIENTED_EDGE ( 'NONE', *, *, #12309, .T. ) ;
#11393 = ADVANCED_FACE ( 'NONE', ( #9876 ), #49, .T. ) ;
#11394 = EDGE_CURVE ( 'NONE', #10652, #11681, #11189, .T. ) ;
#11395 = CARTESIAN_POINT ( 'NONE',  ( -5.700000000000001100, -1.100000000000000500, 0.2500000000000001100 ) ) ;
#11396 =( NAMED_UNIT ( * ) SI_UNIT ( $, .STERADIAN. ) SOLID_ANGLE_UNIT ( ) );
#11397 = DIRECTION ( 'NONE',  ( 0.0000000000000000000, -2.168404344971008900E-016, -1.000000000000000000 ) ) ;
#11398 = VECTOR ( 'NONE', #9652, 1000.000000000000000 ) ;
#11399 = PLANE ( 'NONE',  #4349 ) ;
#11400 = CARTESIAN_POINT ( 'NONE',  ( -3.100000000000001400, -1.100000000000000500, 3.299999999999996700 ) ) ;
#11401 =( LENGTH_UNIT ( ) NAMED_UNIT ( * ) SI_UNIT ( .MILLI., .METRE. ) );
#11402 = FACE_BOUND ( 'NONE', #1964, .T. ) ;
#11403 = STYLED_ITEM ( 'NONE', ( #6102 ), #11961 ) ;
#11404 = ORIENTED_EDGE ( 'NONE', *, *, #10238, .T. ) ;
#11405 = ORIENTED_EDGE ( 'NONE', *, *, #1367, .T. ) ;
#11406 = VERTEX_POINT ( 'NONE', #8882 ) ;
#11407 = EDGE_CURVE ( 'NONE', #9835, #9962, #6128, .T. ) ;
#11409 = VECTOR ( 'NONE', #541, 1000.000000000000000 ) ;
#11408 = FILL_AREA_STYLE ('',( #6641 ) ) ;
#11410 = DIRECTION ( 'NONE',  ( 0.9766444667050908600, -0.2148617826751159600, -0.0000000000000000000 ) ) ;
#11411 =( NAMED_UNIT ( * ) PLANE_ANGLE_UNIT ( ) SI_UNIT ( $, .RADIAN. ) );
#11412 = CARTESIAN_POINT ( 'NONE',  ( 2.749999999999999600, 1.500000000000000400, 2.899999999999997700 ) ) ;
#11413 = ORIENTED_EDGE ( 'NONE', *, *, #855, .T. ) ;
#11414 = PLANE ( 'NONE',  #11744 ) ;
#11415 = ORIENTED_EDGE ( 'NONE', *, *, #5992, .F. ) ;
#11416 = AXIS2_PLACEMENT_3D ( 'NONE', #10145, #10207, #11642 ) ;
#11417 = LINE ( 'NONE', #6483, #6374 ) ;
#11418 = UNCERTAINTY_MEASURE_WITH_UNIT (LENGTH_MEASURE( 1.000000000000000100E-005 ), #10086, 'distance_accuracy_value', 'NONE');
#11419 = EDGE_CURVE ( 'NONE', #7973, #4023, #8683, .T. ) ;
#11420 = DIRECTION ( 'NONE',  ( 5.877471754111439700E-032, -1.000000000000000000, 2.168404344971008900E-016 ) ) ;
#11421 = LINE ( 'NONE', #6717, #5157 ) ;
#11422 = DIRECTION ( 'NONE',  ( -1.000000000000000000, -0.0000000000000000000, -0.0000000000000000000 ) ) ;
#11423 = CARTESIAN_POINT ( 'NONE',  ( 0.1599999999999999800, 1.500000000000000000, 1.775000000000001700 ) ) ;
#11424 = CARTESIAN_POINT ( 'NONE',  ( -1.324999999999999300, 0.4999999999999995600, 0.5999999999999967600 ) ) ;
#11425 = EDGE_CURVE ( 'NONE', #1643, #10706, #6437, .T. ) ;
#11426 = PLANE ( 'NONE',  #3494 ) ;
#11427 = EDGE_CURVE ( 'NONE', #10852, #2022, #10888, .T. ) ;
#11428 = ORIENTED_EDGE ( 'NONE', *, *, #3874, .T. ) ;
#11429 = VECTOR ( 'NONE', #9251, 1000.000000000000000 ) ;
#11430 = COLOUR_RGB ( '',0.8000000000000000400, 0.8078431372549019800, 0.8000000000000000400 ) ;
#11431 = CARTESIAN_POINT ( 'NONE',  ( -3.700000000000002000, -2.100000000000000100, 1.399999999999996800 ) ) ;
#11432 = PLANE ( 'NONE',  #2565 ) ;
#11433 = AXIS2_PLACEMENT_3D ( 'NONE', #2246, #2118, #1413 ) ;
#11434 = FILL_AREA_STYLE ('',( #3787 ) ) ;
#11435 = ADVANCED_FACE ( 'NONE', ( #897 ), #8923, .F. ) ;
#11436 = EDGE_CURVE ( 'NONE', #9201, #8860, #9713, .T. ) ;
#11437 = VERTEX_POINT ( 'NONE', #2188 ) ;
#11438 = CARTESIAN_POINT ( 'NONE',  ( -2.024999999999999900, -0.6500000000000003600, 0.5999999999999967600 ) ) ;
#11439 = PRESENTATION_LAYER_ASSIGNMENT (  '', '', ( #10183 ) ) ;
#11440 = ORIENTED_EDGE ( 'NONE', *, *, #7374, .T. ) ;
#11441 = FACE_OUTER_BOUND ( 'NONE', #4298, .T. ) ;
#11442 = EDGE_CURVE ( 'NONE', #11454, #7810, #4917, .T. ) ;
#11443 = ORIENTED_EDGE ( 'NONE', *, *, #562, .T. ) ;
#11444 = LINE ( 'NONE', #678, #8930 ) ;
#11446 = EDGE_LOOP ( 'NONE', ( #3294, #10416, #1960, #4478, #6564, #7656, #11179, #2329, #3356, #8314, #11240, #3149, #12499, #4979, #2091, #7766, #3978, #8216, #6443, #10780, #6606, #10681, #6510, #8436, #4844, #6803, #1416, #6675, #8790, #3427, #4755, #10497 ) ) ;
#11445 = DIRECTION ( 'NONE',  ( 0.0000000000000000000, 0.0000000000000000000, -1.000000000000000000 ) ) ;
#11447 = ADVANCED_FACE ( 'NONE', ( #7166 ), #6122, .F. ) ;
#11448 = ORIENTED_EDGE ( 'NONE', *, *, #163, .F. ) ;
#11449 = STYLED_ITEM ( 'NONE', ( #11228 ), #7349 ) ;
#11450 =( NAMED_UNIT ( * ) PLANE_ANGLE_UNIT ( ) SI_UNIT ( $, .RADIAN. ) );
#11451 =( LENGTH_UNIT ( ) NAMED_UNIT ( * ) SI_UNIT ( .MILLI., .METRE. ) );
#11452 = SURFACE_STYLE_FILL_AREA ( #197 ) ;
#11453 = CARTESIAN_POINT ( 'NONE',  ( -1.000000000000000700, 2.100000000000000100, 3.399999999999997700 ) ) ;
#11454 = VERTEX_POINT ( 'NONE', #8965 ) ;
#11455 = FACE_OUTER_BOUND ( 'NONE', #4017, .T. ) ;
#11456 = DIRECTION ( 'NONE',  ( 1.000000000000000000, 0.0000000000000000000, 0.0000000000000000000 ) ) ;
#11457 = ORIENTED_EDGE ( 'NONE', *, *, #7706, .F. ) ;
#11458 = ORIENTED_EDGE ( 'NONE', *, *, #11910, .T. ) ;
#11459 = ORIENTED_EDGE ( 'NONE', *, *, #1768, .F. ) ;
#11460 =( NAMED_UNIT ( * ) SI_UNIT ( $, .STERADIAN. ) SOLID_ANGLE_UNIT ( ) );
#11461 = EDGE_CURVE ( 'NONE', #5975, #10165, #4615, .T. ) ;
#11462 = VECTOR ( 'NONE', #6276, 1000.000000000000000 ) ;
#11463 = CARTESIAN_POINT ( 'NONE',  ( -4.000000000000001800, 1.099999999999999600, 0.2999999999999976000 ) ) ;
#11464 = ORIENTED_EDGE ( 'NONE', *, *, #5343, .T. ) ;
#11465 = SURFACE_STYLE_FILL_AREA ( #12393 ) ;
#11466 = VECTOR ( 'NONE', #11984, 1000.000000000000000 ) ;
#11467 = DIRECTION ( 'NONE',  ( -0.7071067811865469100, -0.7071067811865482400, 0.0000000000000000000 ) ) ;
#11468 = AXIS2_PLACEMENT_3D ( 'NONE', #10639, #4899, #11574 ) ;
#11469 = ORIENTED_EDGE ( 'NONE', *, *, #9602, .F. ) ;
#11470 = ORIENTED_EDGE ( 'NONE', *, *, #2396, .F. ) ;
#11471 = CARTESIAN_POINT ( 'NONE',  ( 6.002498439450081800, 2.000000000000000400, 2.499999999999999100 ) ) ;
#11472 = CARTESIAN_POINT ( 'NONE',  ( 2.660000000000000100, 1.500000000000000000, 0.9499999999999982900 ) ) ;
#11473 = LINE ( 'NONE', #6537, #1186 ) ;
#11474 = FILL_AREA_STYLE_COLOUR ( '', #8 ) ;
#11475 = LINE ( 'NONE', #169, #3853 ) ;
#11476 = ORIENTED_EDGE ( 'NONE', *, *, #4303, .T. ) ;
#11477 = ORIENTED_EDGE ( 'NONE', *, *, #949, .F. ) ;
#11478 = DIRECTION ( 'NONE',  ( 0.0000000000000000000, 0.0000000000000000000, -1.000000000000000000 ) ) ;
#11479 = EDGE_CURVE ( 'NONE', #2723, #11490, #9420, .T. ) ;
#11480 = SURFACE_SIDE_STYLE ('',( #10232 ) ) ;
#11481 = ORIENTED_EDGE ( 'NONE', *, *, #9134, .F. ) ;
#11482 = UNCERTAINTY_MEASURE_WITH_UNIT (LENGTH_MEASURE( 1.000000000000000100E-005 ), #2065, 'distance_accuracy_value', 'NONE');
#11483 = UNCERTAINTY_MEASURE_WITH_UNIT (LENGTH_MEASURE( 1.000000000000000100E-005 ), #6799, 'distance_accuracy_value', 'NONE');
#11484 = CARTESIAN_POINT ( 'NONE',  ( -0.1599999999999999800, 2.649999999999999500, 1.225000000000001900 ) ) ;
#11485 = UNCERTAINTY_MEASURE_WITH_UNIT (LENGTH_MEASURE( 1.000000000000000100E-005 ), #4420, 'distance_accuracy_value', 'NONE');
#11486 = COLOUR_RGB ( '',0.8000000000000000400, 0.8078431372549019800, 0.8000000000000000400 ) ;
#11487 = ORIENTED_EDGE ( 'NONE', *, *, #9866, .F. ) ;
#11488 = AXIS2_PLACEMENT_3D ( 'NONE', #2136, #2088, #2172 ) ;
#11489 = COLOUR_RGB ( '',0.8000000000000000400, 0.8078431372549019800, 0.8000000000000000400 ) ;
#11490 = VERTEX_POINT ( 'NONE', #11859 ) ;
#11491 = ORIENTED_EDGE ( 'NONE', *, *, #9174, .F. ) ;
#11492 = SURFACE_SIDE_STYLE ('',( #10269 ) ) ;
#11493 = CARTESIAN_POINT ( 'NONE',  ( 2.660000000000000100, -1.400000000000000100, 0.9499999999999981800 ) ) ;
#11494 = VECTOR ( 'NONE', #8569, 1000.000000000000000 ) ;
#11495 = ORIENTED_EDGE ( 'NONE', *, *, #3501, .F. ) ;
#11496 = CARTESIAN_POINT ( 'NONE',  ( -2.660000000000000100, 2.099999999999999600, 0.8750000000000017800 ) ) ;
#11497 = VERTEX_POINT ( 'NONE', #1208 ) ;
#11498 = EDGE_CURVE ( 'NONE', #654, #8520, #11633, .T. ) ;
#11499 = UNCERTAINTY_MEASURE_WITH_UNIT (LENGTH_MEASURE( 1.000000000000000100E-005 ), #4181, 'distance_accuracy_value', 'NONE');
#11500 = DIRECTION ( 'NONE',  ( 0.0000000000000000000, -1.000000000000000000, -1.495451272393799000E-016 ) ) ;
#11501 = ORIENTED_EDGE ( 'NONE', *, *, #9093, .T. ) ;
#11502 = VERTEX_POINT ( 'NONE', #270 ) ;
#11503 = COLOUR_RGB ( '',0.8000000000000000400, 0.8078431372549019800, 0.8000000000000000400 ) ;
#11504 = VECTOR ( 'NONE', #7437, 1000.000000000000000 ) ;
#11505 = CARTESIAN_POINT ( 'NONE',  ( 4.000000000000001800, 1.099999999999999600, 0.2999999999999976000 ) ) ;
#11506 = AXIS2_PLACEMENT_3D ( 'NONE', #11034, #10307, #10095 ) ;
#11507 = CARTESIAN_POINT ( 'NONE',  ( 1.409999999999999700, -1.400000000000000100, 0.9499999999999981800 ) ) ;
#11508 = ORIENTED_EDGE ( 'NONE', *, *, #4962, .T. ) ;
#11509 = EDGE_CURVE ( 'NONE', #10770, #10975, #1657, .T. ) ;
#11510 = ORIENTED_EDGE ( 'NONE', *, *, #10783, .T. ) ;
#11511 = ADVANCED_FACE ( 'NONE', ( #6582 ), #9998, .T. ) ;
#11512 = STYLED_ITEM ( 'NONE', ( #8184 ), #8978 ) ;
#11513 = CARTESIAN_POINT ( 'NONE',  ( -1.090000000000000100, 2.900000000000000400, 1.788933584601082300E-015 ) ) ;
#11514 = VECTOR ( 'NONE', #8976, 1000.000000000000000 ) ;
#11515 = CARTESIAN_POINT ( 'NONE',  ( 1.089999999999999900, -0.8999999999999932500, 1.225000000000001900 ) ) ;
#11516 = CARTESIAN_POINT ( 'NONE',  ( -0.1599999999999999800, 0.8500000000000000900, 1.700000000000000000 ) ) ;
#11517 = ORIENTED_EDGE ( 'NONE', *, *, #3478, .T. ) ;
#11518 = EDGE_CURVE ( 'NONE', #12031, #8878, #3059, .T. ) ;
#11519 = VECTOR ( 'NONE', #8874, 1000.000000000000000 ) ;
#11520 = AXIS2_PLACEMENT_3D ( 'NONE', #3808, #3706, #3655 ) ;
#11521 = DIRECTION ( 'NONE',  ( 0.0000000000000000000, 0.7071067811865462400, -0.7071067811865489100 ) ) ;
#11522 = VERTEX_POINT ( 'NONE', #2267 ) ;
#11523 = ORIENTED_EDGE ( 'NONE', *, *, #6845, .T. ) ;
#11524 = VERTEX_POINT ( 'NONE', #4293 ) ;
#11525 = AXIS2_PLACEMENT_3D ( 'NONE', #5073, #6041, #145 ) ;
#11526 = VECTOR ( 'NONE', #8940, 1000.000000000000000 ) ;
#11527 = VECTOR ( 'NONE', #11147, 1000.000000000000000 ) ;
#11528 = FILL_AREA_STYLE ('',( #840 ) ) ;
#11529 = AXIS2_PLACEMENT_3D ( 'NONE', #6789, #930, #7757 ) ;
#11530 = VECTOR ( 'NONE', #2819, 1000.000000000000000 ) ;
#11531 = VERTEX_POINT ( 'NONE', #11949 ) ;
#11532 = VERTEX_POINT ( 'NONE', #10976 ) ;
#11533 = DIRECTION ( 'NONE',  ( 1.000000000000000000, 0.0000000000000000000, 0.0000000000000000000 ) ) ;
#11534 = VERTEX_POINT ( 'NONE', #6256 ) ;
#11535 = CARTESIAN_POINT ( 'NONE',  ( 2.425000000000000300, -0.6500000000000012400, 0.5999999999999967600 ) ) ;
#11536 =( NAMED_UNIT ( * ) PLANE_ANGLE_UNIT ( ) SI_UNIT ( $, .RADIAN. ) );
#11537 = PLANE ( 'NONE',  #2709 ) ;
#11538 = FACE_OUTER_BOUND ( 'NONE', #12545, .T. ) ;
#11539 = VECTOR ( 'NONE', #2126, 1000.000000000000000 ) ;
#11540 = CARTESIAN_POINT ( 'NONE',  ( -4.500000000000002700, 1.099999999999999600, 2.199999999999997500 ) ) ;
#11541 = AXIS2_PLACEMENT_3D ( 'NONE', #1679, #8505, #2685 ) ;
#11542 = FILL_AREA_STYLE ('',( #5881 ) ) ;
#11543 = CARTESIAN_POINT ( 'NONE',  ( 0.1599999999999999800, 1.500000000000000000, 0.8750000000000017800 ) ) ;
#11544 = ORIENTED_EDGE ( 'NONE', *, *, #8421, .F. ) ;
#11545 = VECTOR ( 'NONE', #508, 1000.000000000000000 ) ;
#11546 = PLANE ( 'NONE',  #4584 ) ;
#11547 = PRESENTATION_STYLE_ASSIGNMENT (( #12142 ) ) ;
#11548 = VECTOR ( 'NONE', #7828, 1000.000000000000000 ) ;
#11549 = VERTEX_POINT ( 'NONE', #3308 ) ;
#11550 = SURFACE_SIDE_STYLE ('',( #2055 ) ) ;
#11551 = LINE ( 'NONE', #5904, #3926 ) ;
#11552 = EDGE_CURVE ( 'NONE', #4738, #10846, #5377, .T. ) ;
#11553 = UNCERTAINTY_MEASURE_WITH_UNIT (LENGTH_MEASURE( 1.000000000000000100E-005 ), #7659, 'distance_accuracy_value', 'NONE');
#11554 = DIRECTION ( 'NONE',  ( -1.000000000000000000, -0.0000000000000000000, -0.0000000000000000000 ) ) ;
#11555 = CARTESIAN_POINT ( 'NONE',  ( -3.400000000000002600, 0.8500000000000000900, 2.299999999999996300 ) ) ;
#11556 = PLANE ( 'NONE',  #6170 ) ;
#11557 = ORIENTED_EDGE ( 'NONE', *, *, #1731, .T. ) ;
#11558 = UNCERTAINTY_MEASURE_WITH_UNIT (LENGTH_MEASURE( 1.000000000000000100E-005 ), #4448, 'distance_accuracy_value', 'NONE');
#11559 = EDGE_CURVE ( 'NONE', #10770, #7671, #7917, .T. ) ;
#11560 = VECTOR ( 'NONE', #3393, 1000.000000000000000 ) ;
#11561 = VERTEX_POINT ( 'NONE', #1345 ) ;
#11562 = PRESENTATION_LAYER_ASSIGNMENT (  '', '', ( #9029 ) ) ;
#11563 = ORIENTED_EDGE ( 'NONE', *, *, #4610, .T. ) ;
#11564 = PRODUCT_DEFINITION_CONTEXT ( 'detailed design', #5023, 'design' ) ;
#11565 = CARTESIAN_POINT ( 'NONE',  ( -2.339999999999999900, 1.500000000000000000, 0.9499999999999998400 ) ) ;
#11566 = DIRECTION ( 'NONE',  ( -1.000000000000000000, -2.409338161078900700E-016, -0.0000000000000000000 ) ) ;
#11567 = ORIENTED_EDGE ( 'NONE', *, *, #2376, .F. ) ;
#11568 = CARTESIAN_POINT ( 'NONE',  ( 2.425000000000001200, 0.4999999999999989500, 3.423118842698616300 ) ) ;
#11569 = EDGE_LOOP ( 'NONE', ( #3786, #2973, #10117, #7464, #4273, #1021 ) ) ;
#11570 = EDGE_CURVE ( 'NONE', #6129, #5683, #5668, .T. ) ;
#11571 = ADVANCED_FACE ( 'NONE', ( #115 ), #403, .T. ) ;
#11572 = FACE_OUTER_BOUND ( 'NONE', #3943, .T. ) ;
#11573 = UNCERTAINTY_MEASURE_WITH_UNIT (LENGTH_MEASURE( 1.000000000000000100E-005 ), #11294, 'distance_accuracy_value', 'NONE');
#11574 = DIRECTION ( 'NONE',  ( 0.0000000000000000000, 0.0000000000000000000, -1.000000000000000000 ) ) ;
#11575 = VECTOR ( 'NONE', #10610, 1000.000000000000000 ) ;
#11576 = DIRECTION ( 'NONE',  ( -1.000000000000000000, 0.0000000000000000000, -0.0000000000000000000 ) ) ;
#11577 = CARTESIAN_POINT ( 'NONE',  ( 4.935000000000005800, 0.1999999999999948800, 1.189999999999996200 ) ) ;
#11578 = EDGE_LOOP ( 'NONE', ( #8669, #9607, #2952, #502 ) ) ;
#11579 = DIRECTION ( 'NONE',  ( 0.0000000000000000000, -0.0000000000000000000, 1.000000000000000000 ) ) ;
#11580 = CARTESIAN_POINT ( 'NONE',  ( 4.995000000000001900, -1.100000000000000500, 1.504999999999999900 ) ) ;
#11581 = STYLED_ITEM ( 'NONE', ( #7991 ), #1757 ) ;
#11582 = ORIENTED_EDGE ( 'NONE', *, *, #12395, .F. ) ;
#11583 = EDGE_CURVE ( 'NONE', #9848, #5048, #5065, .T. ) ;
#11584 = DIRECTION ( 'NONE',  ( 0.0000000000000000000, 0.0000000000000000000, 1.000000000000000000 ) ) ;
#11585 = VECTOR ( 'NONE', #4968, 1000.000000000000000 ) ;
#11586 = LINE ( 'NONE', #4539, #11287 ) ;
#11587 = CARTESIAN_POINT ( 'NONE',  ( 0.2499999999999993600, 2.100000000000000100, 2.899999999999997700 ) ) ;
#11588 = FACE_OUTER_BOUND ( 'NONE', #11860, .T. ) ;
#11589 = EDGE_CURVE ( 'NONE', #10093, #6468, #2457, .T. ) ;
#11590 = EDGE_CURVE ( 'NONE', #8942, #10377, #12376, .T. ) ;
#11591 = DIRECTION ( 'NONE',  ( 0.0000000000000000000, -1.000000000000000000, 5.981805089575196200E-016 ) ) ;
#11592 = AXIS2_PLACEMENT_3D ( 'NONE', #9939, #9906, #9896 ) ;
#11593 = ORIENTED_EDGE ( 'NONE', *, *, #2960, .T. ) ;
#11594 = ORIENTED_EDGE ( 'NONE', *, *, #12166, .F. ) ;
#11595 = VECTOR ( 'NONE', #10555, 1000.000000000000000 ) ;
#11596 = VECTOR ( 'NONE', #2378, 1000.000000000000200 ) ;
#11597 = FILL_AREA_STYLE_COLOUR ( '', #6107 ) ;
#11598 = PLANE ( 'NONE',  #10682 ) ;
#11599 = ORIENTED_EDGE ( 'NONE', *, *, #9133, .F. ) ;
#11600 = CARTESIAN_POINT ( 'NONE',  ( 0.1599999999999999800, 2.299999999999999400, 0.6750000000000020400 ) ) ;
#11601 = ORIENTED_EDGE ( 'NONE', *, *, #2631, .T. ) ;
#11602 = LINE ( 'NONE', #4213, #1624 ) ;
#11603 = DIRECTION ( 'NONE',  ( -0.0000000000000000000, -1.000000000000000000, -0.0000000000000000000 ) ) ;
#11604 = ORIENTED_EDGE ( 'NONE', *, *, #8981, .T. ) ;
#11605 = ORIENTED_EDGE ( 'NONE', *, *, #2643, .T. ) ;
#11606 = VECTOR ( 'NONE', #9741, 1000.000000000000000 ) ;
#11607 = VERTEX_POINT ( 'NONE', #12032 ) ;
#11608 = VECTOR ( 'NONE', #366, 1000.000000000000000 ) ;
#11609 = PLANE ( 'NONE',  #2507 ) ;
#11610 = DIRECTION ( 'NONE',  ( 0.0000000000000000000, 0.0000000000000000000, -1.000000000000000000 ) ) ;
#11611 = FACE_OUTER_BOUND ( 'NONE', #834, .T. ) ;
#11612 = ORIENTED_EDGE ( 'NONE', *, *, #3342, .T. ) ;
#11613 = COLOUR_RGB ( '',0.8000000000000000400, 0.8078431372549019800, 0.8000000000000000400 ) ;
#11614 = CARTESIAN_POINT ( 'NONE',  ( 0.1599999999999999800, 2.000000000000000000, 1.775000000000001500 ) ) ;
#11615 = CARTESIAN_POINT ( 'NONE',  ( 6.002498439450080900, 2.000000000000000000, 0.4999999999999986100 ) ) ;
#11616 = ORIENTED_EDGE ( 'NONE', *, *, #6470, .F. ) ;
#11617 = LINE ( 'NONE', #10462, #1022 ) ;
#11618 = ORIENTED_EDGE ( 'NONE', *, *, #9689, .T. ) ;
#11619 = DIRECTION ( 'NONE',  ( -0.0000000000000000000, 1.000000000000000000, 0.0000000000000000000 ) ) ;
#11620 =( GEOMETRIC_REPRESENTATION_CONTEXT ( 3 ) GLOBAL_UNCERTAINTY_ASSIGNED_CONTEXT ( ( #11499 ) ) GLOBAL_UNIT_ASSIGNED_CONTEXT ( ( #4181, #10878, #5164 ) ) REPRESENTATION_CONTEXT ( 'NONE', 'WORKASPACE' ) );
#11621 = ORIENTED_EDGE ( 'NONE', *, *, #4110, .T. ) ;
#11622 = LINE ( 'NONE', #2553, #1028 ) ;
#11623 = LINE ( 'NONE', #381, #1029 ) ;
#11624 = VERTEX_POINT ( 'NONE', #5322 ) ;
#11625 = DIRECTION ( 'NONE',  ( 0.0000000000000000000, 1.000000000000000000, 0.0000000000000000000 ) ) ;
#11626 = DIRECTION ( 'NONE',  ( -0.0000000000000000000, 1.000000000000000000, 0.0000000000000000000 ) ) ;
#11627 = CARTESIAN_POINT ( 'NONE',  ( -4.995000000000001900, 0.8999999999999991300, 1.529999999999997600 ) ) ;
#11628 = LINE ( 'NONE', #8943, #9115 ) ;
#11629 = ORIENTED_EDGE ( 'NONE', *, *, #7885, .F. ) ;
#11630 = UNCERTAINTY_MEASURE_WITH_UNIT (LENGTH_MEASURE( 1.000000000000000100E-005 ), #643, 'distance_accuracy_value', 'NONE');
#11631 = CARTESIAN_POINT ( 'NONE',  ( 5.500000000000001800, 1.099999999999999600, 0.7999999999999954900 ) ) ;
#11632 = EDGE_CURVE ( 'NONE', #3703, #11549, #12087, .T. ) ;
#11633 = LINE ( 'NONE', #6168, #9121 ) ;
#11634 = VERTEX_POINT ( 'NONE', #1432 ) ;
#11635 = ADVANCED_FACE ( 'NONE', ( #2134 ), #7283, .F. ) ;
#11636 = VECTOR ( 'NONE', #1598, 1000.000000000000000 ) ;
#11637 = ORIENTED_EDGE ( 'NONE', *, *, #3968, .T. ) ;
#11638 = CARTESIAN_POINT ( 'NONE',  ( 0.2499999999999993600, 2.100000000000000100, 3.399999999999997700 ) ) ;
#11639 = AXIS2_PLACEMENT_3D ( 'NONE', #6421, #521, #7375 ) ;
#11640 = VERTEX_POINT ( 'NONE', #8266 ) ;
#11641 = DIRECTION ( 'NONE',  ( -1.000000000000000000, -0.0000000000000000000, -0.0000000000000000000 ) ) ;
#11642 = DIRECTION ( 'NONE',  ( 1.000000000000000000, 0.0000000000000000000, 0.0000000000000000000 ) ) ;
#11643 = SURFACE_SIDE_STYLE ('',( #11891 ) ) ;
#11644 = ORIENTED_EDGE ( 'NONE', *, *, #8822, .F. ) ;
#11645 = VERTEX_POINT ( 'NONE', #490 ) ;
#11646 = UNCERTAINTY_MEASURE_WITH_UNIT (LENGTH_MEASURE( 1.000000000000000100E-005 ), #11401, 'distance_accuracy_value', 'NONE');
#11647 = UNCERTAINTY_MEASURE_WITH_UNIT (LENGTH_MEASURE( 1.000000000000000100E-005 ), #2201, 'distance_accuracy_value', 'NONE');
#11648 = EDGE_CURVE ( 'NONE', #3441, #2190, #7014, .T. ) ;
#11649 = ORIENTED_EDGE ( 'NONE', *, *, #10061, .F. ) ;
#11650 = LINE ( 'NONE', #4773, #4021 ) ;
#11651 = CYLINDRICAL_SURFACE ( 'NONE', #8098, 0.1500000000000001900 ) ;
#11652 = ADVANCED_FACE ( 'NONE', ( #4453 ), #2492, .F. ) ;
#11653 =( NAMED_UNIT ( * ) PLANE_ANGLE_UNIT ( ) SI_UNIT ( $, .RADIAN. ) );
#11654 = ORIENTED_EDGE ( 'NONE', *, *, #3453, .T. ) ;
#11655 = DIRECTION ( 'NONE',  ( -0.0000000000000000000, 0.7071067811865473500, -0.7071067811865477900 ) ) ;
#11656 = AXIS2_PLACEMENT_3D ( 'NONE', #6058, #6163, #6143 ) ;
#11657 = DIRECTION ( 'NONE',  ( 0.0000000000000000000, 0.0000000000000000000, 1.000000000000000000 ) ) ;
#11658 = EDGE_CURVE ( 'NONE', #7942, #1847, #884, .T. ) ;
#11659 = FACE_OUTER_BOUND ( 'NONE', #1213, .T. ) ;
#11660 = SURFACE_STYLE_USAGE ( .BOTH. , #4988 ) ;
#11661 = VERTEX_POINT ( 'NONE', #7333 ) ;
#11662 = CARTESIAN_POINT ( 'NONE',  ( 1.409999999999999700, -1.400000000000000100, 1.699999999999998400 ) ) ;
#11663 = VECTOR ( 'NONE', #458, 1000.000000000000000 ) ;
#11664 = LINE ( 'NONE', #10030, #4651 ) ;
#11665 = EDGE_CURVE ( 'NONE', #7318, #6129, #10876, .T. ) ;
#11666 = EDGE_CURVE ( 'NONE', #2644, #12119, #8367, .T. ) ;
#11667 = ORIENTED_EDGE ( 'NONE', *, *, #11632, .T. ) ;
#11668 = CARTESIAN_POINT ( 'NONE',  ( -3.100000000000001400, -1.100000000000000500, 2.999999999999997300 ) ) ;
#11669 = ORIENTED_EDGE ( 'NONE', *, *, #11479, .F. ) ;
#11670 = MECHANICAL_DESIGN_GEOMETRIC_PRESENTATION_REPRESENTATION (  '', ( #9768 ), #12310 ) ;
#11671 = ORIENTED_EDGE ( 'NONE', *, *, #6428, .F. ) ;
#11672 = DIRECTION ( 'NONE',  ( 0.0000000000000000000, 0.0000000000000000000, -1.000000000000000000 ) ) ;
#11673 = COLOUR_RGB ( '',0.8000000000000000400, 0.8078431372549019800, 0.8000000000000000400 ) ;
#11674 =( NAMED_UNIT ( * ) PLANE_ANGLE_UNIT ( ) SI_UNIT ( $, .RADIAN. ) );
#11675 = COLOUR_RGB ( '',0.8000000000000000400, 0.8078431372549019800, 0.8000000000000000400 ) ;
#11676 = AXIS2_PLACEMENT_3D ( 'NONE', #7324, #6988, #6942 ) ;
#11677 = VECTOR ( 'NONE', #7790, 1000.000000000000000 ) ;
#11678 = EDGE_CURVE ( 'NONE', #10970, #10380, #3534, .T. ) ;
#11679 = ORIENTED_EDGE ( 'NONE', *, *, #3996, .T. ) ;
#11680 = CARTESIAN_POINT ( 'NONE',  ( 2.660000000000000100, 2.000000000000000000, 0.8749999999999998900 ) ) ;
#11681 = VERTEX_POINT ( 'NONE', #1560 ) ;
#11682 = DIRECTION ( 'NONE',  ( 0.5773502691896267300, 0.5773502691896252900, -0.5773502691896252900 ) ) ;
#11683 = ORIENTED_EDGE ( 'NONE', *, *, #3560, .T. ) ;
#11684 = DIRECTION ( 'NONE',  ( 0.0000000000000000000, 0.0000000000000000000, -1.000000000000000000 ) ) ;
#11685 = CARTESIAN_POINT ( 'NONE',  ( 3.800000000000002000, 1.099999999999999900, -2.385244779468109800E-015 ) ) ;
#11686 = EDGE_CURVE ( 'NONE', #4815, #5645, #2894, .T. ) ;
#11687 = FACE_OUTER_BOUND ( 'NONE', #4639, .T. ) ;
#11688 = CARTESIAN_POINT ( 'NONE',  ( 1.089999999999999900, 2.649999999999999500, 1.375000000000002000 ) ) ;
#11689 = PRESENTATION_LAYER_ASSIGNMENT (  '', '', ( #10423 ) ) ;
#11690 = CARTESIAN_POINT ( 'NONE',  ( 4.675000000000001600, -1.100000000000000500, 0.4499999999999999600 ) ) ;
#11691 = ORIENTED_EDGE ( 'NONE', *, *, #8111, .T. ) ;
#11692 = DIRECTION ( 'NONE',  ( 1.000000000000000000, 0.0000000000000000000, 0.0000000000000000000 ) ) ;
#11693 = VERTEX_POINT ( 'NONE', #8382 ) ;
#11694 = STYLED_ITEM ( 'NONE', ( #10050 ), #7211 ) ;
#11695 = ORIENTED_EDGE ( 'NONE', *, *, #5846, .T. ) ;
#11696 = PRESENTATION_LAYER_ASSIGNMENT (  '', '', ( #10439 ) ) ;
#11697 = CARTESIAN_POINT ( 'NONE',  ( 1.089999999999999900, 3.099999999999999600, 0.2000000000000018700 ) ) ;
#11698 = ADVANCED_FACE ( 'NONE', ( #10298 ), #10290, .F. ) ;
#11700 = LINE ( 'NONE', #8885, #2045 ) ;
#11699 = DIRECTION ( 'NONE',  ( 0.0000000000000000000, -1.000000000000000000, 0.0000000000000000000 ) ) ;
#11701 = CARTESIAN_POINT ( 'NONE',  ( 5.500000000000001800, 1.099999999999999600, 0.7999999999999954900 ) ) ;
#11702 = ORIENTED_EDGE ( 'NONE', *, *, #10054, .T. ) ;
#11703 = APPLICATION_PROTOCOL_DEFINITION ( 'draft international standard', 'automotive_design', 1998, #5023 ) ;
#11704 = FILL_AREA_STYLE_COLOUR ( '', #10760 ) ;
#11705 = EDGE_CURVE ( 'NONE', #9220, #9458, #10599, .T. ) ;
#11706 = ORIENTED_EDGE ( 'NONE', *, *, #2130, .T. ) ;
#11707 = LINE ( 'NONE', #392, #9192 ) ;
#11708 = AXIS2_PLACEMENT_3D ( 'NONE', #430, #11095, #5397 ) ;
#11709 = CARTESIAN_POINT ( 'NONE',  ( 5.700000000000001100, 0.9000000000000003600, 1.084202172485504400E-016 ) ) ;
#11710 = SURFACE_STYLE_FILL_AREA ( #8563 ) ;
#11711 = STYLED_ITEM ( 'NONE', ( #2483 ), #11208 ) ;
#11712 = CARTESIAN_POINT ( 'NONE',  ( -1.409999999999999700, 2.000000000000000000, 0.8749999999999996700 ) ) ;
#11713 = ADVANCED_FACE ( 'NONE', ( #5512 ), #2608, .F. ) ;
#11714 = CARTESIAN_POINT ( 'NONE',  ( -2.339999999999999900, 2.099999999999999600, 0.8750000000000017800 ) ) ;
#11715 = ORIENTED_EDGE ( 'NONE', *, *, #11962, .F. ) ;
#11716 = VERTEX_POINT ( 'NONE', #4554 ) ;
#11717 = LINE ( 'NONE', #9578, #4704 ) ;
#11718 = DIRECTION ( 'NONE',  ( -0.0000000000000000000, -1.000000000000000000, -0.0000000000000000000 ) ) ;
#11719 = EDGE_CURVE ( 'NONE', #1381, #11661, #7760, .T. ) ;
#11720 = LINE ( 'NONE', #9022, #6666 ) ;
#11721 = PLANE ( 'NONE',  #3348 ) ;
#11722 = DIRECTION ( 'NONE',  ( 0.0000000000000000000, -1.000000000000000000, 0.0000000000000000000 ) ) ;
#11723 = CARTESIAN_POINT ( 'NONE',  ( -2.339999999999999900, 1.500000000000000000, 0.8750000000000017800 ) ) ;
#11724 = EDGE_CURVE ( 'NONE', #11406, #5262, #12516, .T. ) ;
#11725 = CARTESIAN_POINT ( 'NONE',  ( -2.660000000000000100, 0.0000000000000000000, 0.0000000000000000000 ) ) ;
#11726 = ORIENTED_EDGE ( 'NONE', *, *, #902, .T. ) ;
#11727 = AXIS2_PLACEMENT_3D ( 'NONE', #3928, #4900, #11576 ) ;
#11728 = ORIENTED_EDGE ( 'NONE', *, *, #3305, .T. ) ;
#11729 = LINE ( 'NONE', #6432, #7263 ) ;
#11730 = FACE_OUTER_BOUND ( 'NONE', #3561, .T. ) ;
#11731 = PRESENTATION_STYLE_ASSIGNMENT (( #11140 ) ) ;
#11732 = CARTESIAN_POINT ( 'NONE',  ( 3.100000000000001000, -0.3500000000000008100, 3.149999999999996800 ) ) ;
#11733 = EDGE_CURVE ( 'NONE', #7681, #11972, #2589, .T. ) ;
#11734 = ORIENTED_EDGE ( 'NONE', *, *, #6344, .T. ) ;
#11735 = CARTESIAN_POINT ( 'NONE',  ( 1.409999999999999700, -0.8999999999999950300, 1.699999999999998400 ) ) ;
#11736 = STYLED_ITEM ( 'NONE', ( #2873 ), #3673 ) ;
#11737 = CARTESIAN_POINT ( 'NONE',  ( 0.1599999999999999800, 1.500000000000000000, 1.699999999999998800 ) ) ;
#11738 = VECTOR ( 'NONE', #3228, 1000.000000000000100 ) ;
#11739 = DIRECTION ( 'NONE',  ( -1.000000000000000000, 0.0000000000000000000, -0.0000000000000000000 ) ) ;
#11740 =( NAMED_UNIT ( * ) SI_UNIT ( $, .STERADIAN. ) SOLID_ANGLE_UNIT ( ) );
#11741 = LINE ( 'NONE', #6194, #9225 ) ;
#11742 = ORIENTED_EDGE ( 'NONE', *, *, #872, .T. ) ;
#11743 = VECTOR ( 'NONE', #526, 1000.000000000000100 ) ;
#11744 = AXIS2_PLACEMENT_3D ( 'NONE', #7845, #6756, #2966 ) ;
#11745 = ORIENTED_EDGE ( 'NONE', *, *, #11273, .F. ) ;
#11746 = EDGE_CURVE ( 'NONE', #8746, #3633, #4903, .T. ) ;
#11747 = SURFACE_SIDE_STYLE ('',( #1296 ) ) ;
#11748 = ORIENTED_EDGE ( 'NONE', *, *, #5011, .F. ) ;
#11749 = ORIENTED_EDGE ( 'NONE', *, *, #7459, .T. ) ;
#11750 = LINE ( 'NONE', #1543, #92 ) ;
#11751 = CARTESIAN_POINT ( 'NONE',  ( 2.660000000000000100, -1.400000000000000100, 1.524999999999998100 ) ) ;
#11752 = VECTOR ( 'NONE', #6017, 1000.000000000000000 ) ;
#11753 = SURFACE_STYLE_FILL_AREA ( #12404 ) ;
#11754 = EDGE_CURVE ( 'NONE', #11073, #2322, #12222, .T. ) ;
#11755 = FILL_AREA_STYLE_COLOUR ( '', #11323 ) ;
#11756 =( GEOMETRIC_REPRESENTATION_CONTEXT ( 3 ) GLOBAL_UNCERTAINTY_ASSIGNED_CONTEXT ( ( #3832 ) ) GLOBAL_UNIT_ASSIGNED_CONTEXT ( ( #5242, #5203, #5186 ) ) REPRESENTATION_CONTEXT ( 'NONE', 'WORKASPACE' ) );
#11757 = ORIENTED_EDGE ( 'NONE', *, *, #3719, .F. ) ;
#11758 = VECTOR ( 'NONE', #8926, 1000.000000000000000 ) ;
#11759 = ORIENTED_EDGE ( 'NONE', *, *, #4622, .T. ) ;
#11760 = ORIENTED_EDGE ( 'NONE', *, *, #6691, .F. ) ;
#11761 = PRESENTATION_LAYER_ASSIGNMENT (  '', '', ( #10516 ) ) ;
#11762 = CARTESIAN_POINT ( 'NONE',  ( 1.325000000000000800, 0.4999999999999990600, 3.423118842698616800 ) ) ;
#11763 = CARTESIAN_POINT ( 'NONE',  ( -1.090000000000000100, 2.000000000000000000, 0.8749999999999998900 ) ) ;
#11764 = FACE_OUTER_BOUND ( 'NONE', #5217, .T. ) ;
#11765 = DIRECTION ( 'NONE',  ( 0.7071067811865442400, 0.0000000000000000000, -0.7071067811865507900 ) ) ;
#11766 = VECTOR ( 'NONE', #3740, 1000.000000000000000 ) ;
#11767 = VECTOR ( 'NONE', #2353, 1000.000000000000000 ) ;
#11768 = SURFACE_STYLE_USAGE ( .BOTH. , #5102 ) ;
#11769 = VECTOR ( 'NONE', #9783, 1000.000000000000000 ) ;
#11770 = STYLED_ITEM ( 'NONE', ( #8852 ), #10018 ) ;
#11771 = ORIENTED_EDGE ( 'NONE', *, *, #11425, .F. ) ;
#11772 = CARTESIAN_POINT ( 'NONE',  ( -2.660000000000000100, 2.649999999999999500, 1.225000000000001900 ) ) ;
#11773 = ADVANCED_FACE ( 'NONE', ( #1958 ), #11315, .T. ) ;
#11774 = ORIENTED_EDGE ( 'NONE', *, *, #4208, .T. ) ;
#11775 = COLOUR_RGB ( '',0.8000000000000000400, 0.8078431372549019800, 0.8000000000000000400 ) ;
#11776 = LINE ( 'NONE', #12244, #6430 ) ;
#11777 = PLANE ( 'NONE',  #5407 ) ;
#11778 = LINE ( 'NONE', #3899, #9265 ) ;
#11779 = VERTEX_POINT ( 'NONE', #12281 ) ;
#11780 =( NAMED_UNIT ( * ) SI_UNIT ( $, .STERADIAN. ) SOLID_ANGLE_UNIT ( ) );
#11781 = AXIS2_PLACEMENT_3D ( 'NONE', #1390, #6343, #445 ) ;
#11782 = VERTEX_POINT ( 'NONE', #2688 ) ;
#11783 = LINE ( 'NONE', #7901, #6724 ) ;
#11784 = DIRECTION ( 'NONE',  ( -1.000000000000000000, -0.0000000000000000000, -0.0000000000000000000 ) ) ;
#11785 = DIRECTION ( 'NONE',  ( -0.0000000000000000000, -1.000000000000000000, -0.0000000000000000000 ) ) ;
#11786 = ORIENTED_EDGE ( 'NONE', *, *, #710, .F. ) ;
#11787 = CARTESIAN_POINT ( 'NONE',  ( 3.100000000000001000, -0.8000000000000013800, 2.999999999999997300 ) ) ;
#11788 = EDGE_LOOP ( 'NONE', ( #6003, #1272, #2686, #2659 ) ) ;
#11789 = CARTESIAN_POINT ( 'NONE',  ( -1.090000000000000100, 2.299999999999999400, 0.2000000000000025400 ) ) ;
#11790 = SURFACE_STYLE_FILL_AREA ( #9013 ) ;
#11791 = DIRECTION ( 'NONE',  ( -1.000000000000000000, -0.0000000000000000000, -0.0000000000000000000 ) ) ;
#11792 = ORIENTED_EDGE ( 'NONE', *, *, #5434, .F. ) ;
#11793 = FACE_OUTER_BOUND ( 'NONE', #1841, .T. ) ;
#11794 = ORIENTED_EDGE ( 'NONE', *, *, #10470, .T. ) ;
#11795 = ORIENTED_EDGE ( 'NONE', *, *, #7344, .F. ) ;
#11796 = EDGE_CURVE ( 'NONE', #10908, #11561, #9409, .T. ) ;
#11797 = DIRECTION ( 'NONE',  ( 0.0000000000000000000, 1.000000000000000000, 0.0000000000000000000 ) ) ;
#11798 = VECTOR ( 'NONE', #5924, 1000.000000000000000 ) ;
#11799 = DIRECTION ( 'NONE',  ( -1.000000000000000000, 0.0000000000000000000, 5.421010862427526500E-017 ) ) ;
#11800 = DIRECTION ( 'NONE',  ( 0.0000000000000000000, -1.000000000000000000, 0.0000000000000000000 ) ) ;
#11801 = PLANE ( 'NONE',  #4318 ) ;
#11802 = UNCERTAINTY_MEASURE_WITH_UNIT (LENGTH_MEASURE( 1.000000000000000100E-005 ), #5334, 'distance_accuracy_value', 'NONE');
#11803 = ORIENTED_EDGE ( 'NONE', *, *, #826, .F. ) ;
#11804 = ORIENTED_EDGE ( 'NONE', *, *, #10490, .F. ) ;
#11805 = UNCERTAINTY_MEASURE_WITH_UNIT (LENGTH_MEASURE( 1.000000000000000100E-005 ), #7915, 'distance_accuracy_value', 'NONE');
#11806 = CARTESIAN_POINT ( 'NONE',  ( -1.000000000000000700, 2.100000000000000100, 2.899999999999997700 ) ) ;
#11807 = PRESENTATION_LAYER_ASSIGNMENT (  '', '', ( #11161 ) ) ;
#11808 = PRESENTATION_STYLE_ASSIGNMENT (( #10596 ) ) ;
#11809 = CARTESIAN_POINT ( 'NONE',  ( 1.409999999999999700, 1.500000000000000000, 1.700000000000000000 ) ) ;
#11810 = CARTESIAN_POINT ( 'NONE',  ( -3.300000000000002500, 2.100000000000000100, -2.168404344971008900E-016 ) ) ;
#11811 = VECTOR ( 'NONE', #6551, 1000.000000000000000 ) ;
#11812 = CARTESIAN_POINT ( 'NONE',  ( -4.475000000000001400, -1.200000000000000400, 1.229999999999997800 ) ) ;
#11813 = VECTOR ( 'NONE', #5514, 1000.000000000000000 ) ;
#11814 = VERTEX_POINT ( 'NONE', #11362 ) ;
#11815 = ORIENTED_EDGE ( 'NONE', *, *, #6498, .T. ) ;
#11816 = EDGE_CURVE ( 'NONE', #6987, #7614, #4285, .T. ) ;
#11817 = LINE ( 'NONE', #9342, #6753 ) ;
#11818 = VECTOR ( 'NONE', #6939, 1000.000000000000000 ) ;
#11819 = CARTESIAN_POINT ( 'NONE',  ( 2.660000000000000100, 1.500000000000000000, 1.699999999999998800 ) ) ;
#11820 = ORIENTED_EDGE ( 'NONE', *, *, #11436, .T. ) ;
#11821 = CARTESIAN_POINT ( 'NONE',  ( -1.090000000000000100, 2.000000000000000000, 1.775000000000001500 ) ) ;
#11822 = ORIENTED_EDGE ( 'NONE', *, *, #12465, .T. ) ;
#11823 = EDGE_CURVE ( 'NONE', #1154, #12093, #6847, .T. ) ;
#11824 = VERTEX_POINT ( 'NONE', #6628 ) ;
#11825 = CARTESIAN_POINT ( 'NONE',  ( 2.660000000000000100, 2.799999999999999400, 0.5000000000000017800 ) ) ;
#11826 = VECTOR ( 'NONE', #1108, 1000.000000000000000 ) ;
#11827 = CARTESIAN_POINT ( 'NONE',  ( 0.2499999999999993600, 2.100000000000000100, 2.899999999999997700 ) ) ;
#11828 = LINE ( 'NONE', #11819, #9321 ) ;
#11829 = EDGE_CURVE ( 'NONE', #7336, #12132, #7155, .T. ) ;
#11830 = EDGE_CURVE ( 'NONE', #8958, #10357, #9104, .T. ) ;
#11831 = FACE_OUTER_BOUND ( 'NONE', #10202, .T. ) ;
#11832 = ORIENTED_EDGE ( 'NONE', *, *, #12556, .F. ) ;
#11833 = ORIENTED_EDGE ( 'NONE', *, *, #5379, .T. ) ;
#11834 = ADVANCED_FACE ( 'NONE', ( #1336 ), #11399, .T. ) ;
#11835 =( NAMED_UNIT ( * ) PLANE_ANGLE_UNIT ( ) SI_UNIT ( $, .RADIAN. ) );
#11836 = VECTOR ( 'NONE', #1918, 1000.000000000000000 ) ;
#11837 = FACE_OUTER_BOUND ( 'NONE', #4167, .T. ) ;
#11838 = CARTESIAN_POINT ( 'NONE',  ( 1.725000000000000800, -0.6500000000000012400, 3.423118842698616800 ) ) ;
#11839 = VECTOR ( 'NONE', #5374, 1000.000000000000000 ) ;
#11840 = CARTESIAN_POINT ( 'NONE',  ( 4.225000000000001400, -1.100000000000000500, 1.155000000000000000 ) ) ;
#11841 = ORIENTED_EDGE ( 'NONE', *, *, #10646, .T. ) ;
#11842 = CARTESIAN_POINT ( 'NONE',  ( -3.800000000000001600, -2.100000000000000100, -5.421010862427522200E-017 ) ) ;
#11843 = DIRECTION ( 'NONE',  ( 0.0000000000000000000, -1.000000000000000000, -3.336006684570785100E-016 ) ) ;
#11844 = EDGE_CURVE ( 'NONE', #3027, #8235, #8805, .T. ) ;
#11845 = CARTESIAN_POINT ( 'NONE',  ( 4.664999999999999100, -1.200000000000000400, 0.2999999999999975500 ) ) ;
#11846 = LINE ( 'NONE', #3822, #4214 ) ;
#11847 = ORIENTED_EDGE ( 'NONE', *, *, #5939, .T. ) ;
#11848 = CARTESIAN_POINT ( 'NONE',  ( -1.090000000000000100, 1.500000000000000000, 0.9499999999999998400 ) ) ;
#11849 = VECTOR ( 'NONE', #2619, 1000.000000000000000 ) ;
#11850 = LINE ( 'NONE', #2349, #11548 ) ;
#11851 = EDGE_LOOP ( 'NONE', ( #10741, #164, #2231, #5658, #11702, #3507, #5437, #6462 ) ) ;
#11852 = VECTOR ( 'NONE', #6858, 1000.000000000000000 ) ;
#11853 =( GEOMETRIC_REPRESENTATION_CONTEXT ( 3 ) GLOBAL_UNCERTAINTY_ASSIGNED_CONTEXT ( ( #1261 ) ) GLOBAL_UNIT_ASSIGNED_CONTEXT ( ( #10198, #4456, #11136 ) ) REPRESENTATION_CONTEXT ( 'NONE', 'WORKASPACE' ) );
#11854 = AXIS2_PLACEMENT_3D ( 'NONE', #12431, #9627, #3862 ) ;
#11855 = ORIENTED_EDGE ( 'NONE', *, *, #6530, .T. ) ;
#11856 = CARTESIAN_POINT ( 'NONE',  ( 4.675000000000001600, -1.100000000000000500, 0.4499999999999999600 ) ) ;
#11857 = DIRECTION ( 'NONE',  ( 0.0000000000000000000, 1.000000000000000000, 0.0000000000000000000 ) ) ;
#11858 = CARTESIAN_POINT ( 'NONE',  ( 1.409999999999999700, 2.649999999999999500, 1.375000000000001800 ) ) ;
#11859 = CARTESIAN_POINT ( 'NONE',  ( -5.500000000000001800, 1.099999999999999600, 0.2500000000000000600 ) ) ;
#11860 = EDGE_LOOP ( 'NONE', ( #5369, #10630, #11501, #887 ) ) ;
#11861 = CARTESIAN_POINT ( 'NONE',  ( -3.400000000000002100, 0.8500000000000000900, 2.999999999999996400 ) ) ;
#11862 = PRESENTATION_STYLE_ASSIGNMENT (( #5593 ) ) ;
#11863 = EDGE_CURVE ( 'NONE', #654, #5599, #11617, .T. ) ;
#11864 = ORIENTED_EDGE ( 'NONE', *, *, #2960, .F. ) ;
#11865 = PLANE ( 'NONE',  #9483 ) ;
#11866 = UNCERTAINTY_MEASURE_WITH_UNIT (LENGTH_MEASURE( 1.000000000000000100E-005 ), #1035, 'distance_accuracy_value', 'NONE');
#11867 =( NAMED_UNIT ( * ) SI_UNIT ( $, .STERADIAN. ) SOLID_ANGLE_UNIT ( ) );
#11868 = CARTESIAN_POINT ( 'NONE',  ( -2.425000000000000700, 0.4999999999999996700, 0.1999999999999995100 ) ) ;
#11869 = LINE ( 'NONE', #11568, #1910 ) ;
#11870 = LINE ( 'NONE', #7722, #12186 ) ;
#11871 = CARTESIAN_POINT ( 'NONE',  ( 2.339999999999999900, 2.099999999999999600, 0.6750000000000020400 ) ) ;
#11872 = EDGE_LOOP ( 'NONE', ( #3054, #10475, #941, #11695 ) ) ;
#11873 = PLANE ( 'NONE',  #8143 ) ;
#11874 = CARTESIAN_POINT ( 'NONE',  ( -3.499999999999999600, 1.500000000000000400, 3.399999999999997700 ) ) ;
#11875 = ORIENTED_EDGE ( 'NONE', *, *, #6845, .F. ) ;
#11876 = CARTESIAN_POINT ( 'NONE',  ( -1.090000000000000100, 2.499999999999999600, 1.734723475976807100E-015 ) ) ;
#11877 = DIRECTION ( 'NONE',  ( -0.0000000000000000000, -0.0000000000000000000, 1.000000000000000000 ) ) ;
#11878 = LINE ( 'NONE', #5033, #11585 ) ;
#11879 = DIRECTION ( 'NONE',  ( -3.051828337366604500E-016, 0.0000000000000000000, -1.000000000000000000 ) ) ;
#11880 = CARTESIAN_POINT ( 'NONE',  ( 1.409999999999999700, 1.500000000000000000, 1.699999999999998800 ) ) ;
#11881 = LINE ( 'NONE', #6442, #9374 ) ;
#11882 = DIRECTION ( 'NONE',  ( 1.000000000000000000, 0.0000000000000000000, -3.049318610115480200E-016 ) ) ;
#11883 = COLOUR_RGB ( '',0.8000000000000000400, 0.8078431372549019800, 0.8000000000000000400 ) ;
#11884 = CARTESIAN_POINT ( 'NONE',  ( -4.675000000000001600, 1.099999999999999600, 0.4499999999999999600 ) ) ;
#11885 = MECHANICAL_DESIGN_GEOMETRIC_PRESENTATION_REPRESENTATION (  '', ( #9988 ), #12532 ) ;
#11886 = ORIENTED_EDGE ( 'NONE', *, *, #2721, .T. ) ;
#11887 = ADVANCED_FACE ( 'NONE', ( #11011 ), #8597, .F. ) ;
#11888 = LINE ( 'NONE', #2463, #1933 ) ;
#11889 = DIRECTION ( 'NONE',  ( -1.495451272393799800E-016, -1.000000000000000000, 0.0000000000000000000 ) ) ;
#11890 =( NAMED_UNIT ( * ) SI_UNIT ( $, .STERADIAN. ) SOLID_ANGLE_UNIT ( ) );
#11891 = SURFACE_STYLE_FILL_AREA ( #4971 ) ;
#11892 = VERTEX_POINT ( 'NONE', #4775 ) ;
#11893 = CARTESIAN_POINT ( 'NONE',  ( 1.409999999999999700, 2.900000000000000400, 1.788933584601082300E-015 ) ) ;
#11894 = ORIENTED_EDGE ( 'NONE', *, *, #8515, .T. ) ;
#11895 = DIRECTION ( 'NONE',  ( 2.156193867210994800E-016, 0.7071067811865474600, 0.7071067811865474600 ) ) ;
#11896 = CARTESIAN_POINT ( 'NONE',  ( 3.775000000000001200, 0.1999999999999994300, 0.3399999999999952500 ) ) ;
#11897 = EDGE_CURVE ( 'NONE', #2825, #6987, #101, .T. ) ;
#11898 = LINE ( 'NONE', #4796, #1939 ) ;
#11899 =( LENGTH_UNIT ( ) NAMED_UNIT ( * ) SI_UNIT ( .MILLI., .METRE. ) );
#11900 = ORIENTED_EDGE ( 'NONE', *, *, #7052, .F. ) ;
#11901 = DIRECTION ( 'NONE',  ( 5.421010862427528100E-016, -0.0000000000000000000, 1.000000000000000000 ) ) ;
#11902 = DIRECTION ( 'NONE',  ( 0.0000000000000000000, -1.000000000000000000, -3.336006684570785100E-016 ) ) ;
#11903 = ORIENTED_EDGE ( 'NONE', *, *, #3501, .T. ) ;
#11904 = VECTOR ( 'NONE', #1975, 1000.000000000000000 ) ;
#11905 = ORIENTED_EDGE ( 'NONE', *, *, #4375, .F. ) ;
#11906 =( NAMED_UNIT ( * ) PLANE_ANGLE_UNIT ( ) SI_UNIT ( $, .RADIAN. ) );
#11907 = PRESENTATION_STYLE_ASSIGNMENT (( #537 ) ) ;
#11908 = FACE_OUTER_BOUND ( 'NONE', #4001, .T. ) ;
#11909 =( NAMED_UNIT ( * ) SI_UNIT ( $, .STERADIAN. ) SOLID_ANGLE_UNIT ( ) );
#11910 = EDGE_CURVE ( 'NONE', #9020, #9710, #10136, .T. ) ;
#11911 = SURFACE_SIDE_STYLE ('',( #11135 ) ) ;
#11912 = ORIENTED_EDGE ( 'NONE', *, *, #3791, .T. ) ;
#11913 = VECTOR ( 'NONE', #15, 1000.000000000000000 ) ;
#11914 = VERTEX_POINT ( 'NONE', #8626 ) ;
#11915 = VECTOR ( 'NONE', #3707, 1000.000000000000000 ) ;
#11916 = PLANE ( 'NONE',  #11956 ) ;
#11917 = EDGE_CURVE ( 'NONE', #7918, #9922, #9849, .T. ) ;
#11918 =( NAMED_UNIT ( * ) PLANE_ANGLE_UNIT ( ) SI_UNIT ( $, .RADIAN. ) );
#11919 = DIRECTION ( 'NONE',  ( -0.0000000000000000000, -1.000000000000000000, -0.0000000000000000000 ) ) ;
#11920 = AXIS2_PLACEMENT_3D ( 'NONE', #1147, #8673, #1136 ) ;
#11921 = ORIENTED_EDGE ( 'NONE', *, *, #7993, .T. ) ;
#11922 = FACE_OUTER_BOUND ( 'NONE', #6875, .T. ) ;
#11923 = VERTEX_POINT ( 'NONE', #3818 ) ;
#11924 = DIRECTION ( 'NONE',  ( -0.0000000000000000000, -0.0000000000000000000, 1.000000000000000000 ) ) ;
#11925 = LINE ( 'NONE', #9823, #4611 ) ;
#11926 = CARTESIAN_POINT ( 'NONE',  ( 2.425000000000000300, 0.4999999999999989500, 0.1999999999999980700 ) ) ;
#11927 = ORIENTED_EDGE ( 'NONE', *, *, #7975, .F. ) ;
#11928 = AXIS2_PLACEMENT_3D ( 'NONE', #494, #7338, #1474 ) ;
#11929 = CARTESIAN_POINT ( 'NONE',  ( 5.000000000000000900, -1.700000000000000400, 0.2999999999999975500 ) ) ;
#11930 =( NAMED_UNIT ( * ) PLANE_ANGLE_UNIT ( ) SI_UNIT ( $, .RADIAN. ) );
#11931 = SURFACE_STYLE_FILL_AREA ( #4250 ) ;
#11932 = ORIENTED_EDGE ( 'NONE', *, *, #4047, .T. ) ;
#11933 = DIRECTION ( 'NONE',  ( 1.000000000000000000, 0.0000000000000000000, 0.0000000000000000000 ) ) ;
#11934 = AXIS2_PLACEMENT_3D ( 'NONE', #188, #10864, #5156 ) ;
#11935 = COLOUR_RGB ( '',0.8000000000000000400, 0.8078431372549019800, 0.8000000000000000400 ) ;
#11936 = ORIENTED_EDGE ( 'NONE', *, *, #1961, .F. ) ;
#11937 = PLANE ( 'NONE',  #7859 ) ;
#11938 = FACE_OUTER_BOUND ( 'NONE', #1042, .T. ) ;
#11939 = CARTESIAN_POINT ( 'NONE',  ( 3.300000000000001600, -2.100000000000000100, -2.222614453595284100E-015 ) ) ;
#11940 = EDGE_LOOP ( 'NONE', ( #1944, #3197, #2762, #9105, #4797, #7073 ) ) ;
#11941 = EDGE_LOOP ( 'NONE', ( #2739, #5660, #11010, #3991, #9703, #12514, #8366, #6712, #9863, #7927, #8540, #1989, #5240, #3559, #1533, #7347, #7941, #3413 ) ) ;
#11942 = VECTOR ( 'NONE', #4407, 1000.000000000000000 ) ;
#11943 = UNCERTAINTY_MEASURE_WITH_UNIT (LENGTH_MEASURE( 1.000000000000000100E-005 ), #2753, 'distance_accuracy_value', 'NONE');
#11944 = EDGE_CURVE ( 'NONE', #6203, #11073, #7602, .T. ) ;
#11945 = UNCERTAINTY_MEASURE_WITH_UNIT (LENGTH_MEASURE( 1.000000000000000100E-005 ), #3870, 'distance_accuracy_value', 'NONE');
#11946 = VERTEX_POINT ( 'NONE', #4807 ) ;
#11947 = DIRECTION ( 'NONE',  ( -0.0000000000000000000, 0.0000000000000000000, -1.000000000000000000 ) ) ;
#11948 = CARTESIAN_POINT ( 'NONE',  ( -4.034999999999999300, 1.099999999999999600, 0.2999999999999976000 ) ) ;
#11949 = CARTESIAN_POINT ( 'NONE',  ( -3.800000000000001200, 2.100000000000000100, 0.1999999999999999600 ) ) ;
#11950 = ADVANCED_FACE ( 'NONE', ( #4756 ), #12433, .F. ) ;
#11951 = EDGE_LOOP ( 'NONE', ( #3225, #12069, #5828, #10153 ) ) ;
#11952 = MECHANICAL_DESIGN_GEOMETRIC_PRESENTATION_REPRESENTATION (  '', ( #10043 ), #19 ) ;
#11953 = SURFACE_STYLE_FILL_AREA ( #10712 ) ;
#11954 = PRESENTATION_STYLE_ASSIGNMENT (( #4449 ) ) ;
#11955 = CARTESIAN_POINT ( 'NONE',  ( 2.339999999999999900, 2.499999999999999600, 1.734723475976807100E-015 ) ) ;
#11956 = AXIS2_PLACEMENT_3D ( 'NONE', #10056, #4311, #10988 ) ;
#11957 = ORIENTED_EDGE ( 'NONE', *, *, #11194, .F. ) ;
#11958 = FILL_AREA_STYLE_COLOUR ( '', #11613 ) ;
#11960 = VERTEX_POINT ( 'NONE', #4837 ) ;
#11959 = CARTESIAN_POINT ( 'NONE',  ( -3.300000000000002500, 2.100000000000000100, -2.168404344971008900E-016 ) ) ;
#11961 = MANIFOLD_SOLID_BREP ( 'Case', #4317 ) ;
#11962 = EDGE_CURVE ( 'NONE', #2532, #5998, #3834, .T. ) ;
#11963 = ADVANCED_FACE ( 'NONE', ( #7744 ), #7698, .F. ) ;
#11964 = VECTOR ( 'NONE', #8417, 1000.000000000000000 ) ;
#11965 = CARTESIAN_POINT ( 'NONE',  ( -2.339999999999999900, 1.500000000000000000, 1.699999999999998800 ) ) ;
#11966 =( LENGTH_UNIT ( ) NAMED_UNIT ( * ) SI_UNIT ( .MILLI., .METRE. ) );
#11967 = LINE ( 'NONE', #4237, #10345 ) ;
#11968 = EDGE_CURVE ( 'NONE', #8152, #12211, #6835, .T. ) ;
#11969 = ORIENTED_EDGE ( 'NONE', *, *, #4295, .F. ) ;
#11970 = ORIENTED_EDGE ( 'NONE', *, *, #6069, .F. ) ;
#11971 = STYLED_ITEM ( 'NONE', ( #6991 ), #12399 ) ;
#11972 = VERTEX_POINT ( 'NONE', #8774 ) ;
#11973 = CARTESIAN_POINT ( 'NONE',  ( 3.100000000000001000, -1.100000000000000500, 2.999999999999997300 ) ) ;
#11974 =( NAMED_UNIT ( * ) SI_UNIT ( $, .STERADIAN. ) SOLID_ANGLE_UNIT ( ) );
#11975 = CARTESIAN_POINT ( 'NONE',  ( 0.2499999999999993600, 1.500000000000000400, 3.399999999999997700 ) ) ;
#11976 = LINE ( 'NONE', #3322, #2018 ) ;
#11977 = DIRECTION ( 'NONE',  ( 0.0000000000000000000, -0.0000000000000000000, -1.000000000000000000 ) ) ;
#11978 =( LENGTH_UNIT ( ) NAMED_UNIT ( * ) SI_UNIT ( .MILLI., .METRE. ) );
#11979 = EDGE_CURVE ( 'NONE', #10305, #7681, #1630, .T. ) ;
#11980 = ORIENTED_EDGE ( 'NONE', *, *, #4799, .F. ) ;
#11981 = CARTESIAN_POINT ( 'NONE',  ( 4.000000000000000000, 1.500000000000000400, 2.899999999999997700 ) ) ;
#11982 = ORIENTED_EDGE ( 'NONE', *, *, #12134, .T. ) ;
#11983 = VECTOR ( 'NONE', #3748, 1000.000000000000000 ) ;
#11984 = DIRECTION ( 'NONE',  ( 1.000000000000000000, 2.409338161078900700E-016, 0.0000000000000000000 ) ) ;
#11985 = DIRECTION ( 'NONE',  ( 0.0000000000000000000, -1.000000000000000000, 0.0000000000000000000 ) ) ;
#11986 =( GEOMETRIC_REPRESENTATION_CONTEXT ( 3 ) GLOBAL_UNCERTAINTY_ASSIGNED_CONTEXT ( ( #7133 ) ) GLOBAL_UNIT_ASSIGNED_CONTEXT ( ( #10607, #12501, #9650 ) ) REPRESENTATION_CONTEXT ( 'NONE', 'WORKASPACE' ) );
#11988 = VECTOR ( 'NONE', #6424, 1000.000000000000000 ) ;
#11987 = DIRECTION ( 'NONE',  ( -1.000000000000000000, -0.0000000000000000000, -0.0000000000000000000 ) ) ;
#11989 = EDGE_CURVE ( 'NONE', #1642, #7479, #4272, .T. ) ;
#11990 = ORIENTED_EDGE ( 'NONE', *, *, #8594, .F. ) ;
#11991 = CARTESIAN_POINT ( 'NONE',  ( -5.500000000000001800, -1.100000000000000500, 0.4499999999999999600 ) ) ;
#11992 = ORIENTED_EDGE ( 'NONE', *, *, #5822, .T. ) ;
#11993 = CARTESIAN_POINT ( 'NONE',  ( 4.295108606384869000E-016, 1.099999999999999600, 1.029999999999999100 ) ) ;
#11994 =( LENGTH_UNIT ( ) NAMED_UNIT ( * ) SI_UNIT ( .MILLI., .METRE. ) );
#11995 = EDGE_CURVE ( 'NONE', #4880, #4475, #9090, .T. ) ;
#11996 = EDGE_CURVE ( 'NONE', #7430, #9631, #1943, .T. ) ;
#11997 = FACE_OUTER_BOUND ( 'NONE', #11162, .T. ) ;
#11998 = STYLED_ITEM ( 'NONE', ( #3419 ), #5279 ) ;
#11999 = PLANE ( 'NONE',  #10245 ) ;
#12000 = LINE ( 'NONE', #3047, #28 ) ;
#12001 = VERTEX_POINT ( 'NONE', #5928 ) ;
#12002 =( NAMED_UNIT ( * ) PLANE_ANGLE_UNIT ( ) SI_UNIT ( $, .RADIAN. ) );
#12003 = AXIS2_PLACEMENT_3D ( 'NONE', #4190, #4019, #3990 ) ;
#12004 = SURFACE_STYLE_USAGE ( .BOTH. , #5338 ) ;
#12005 = ORIENTED_EDGE ( 'NONE', *, *, #8348, .F. ) ;
#12006 = CARTESIAN_POINT ( 'NONE',  ( 4.995000000000001900, 0.8999999999999991300, 1.529999999999997600 ) ) ;
#12007 = SURFACE_STYLE_USAGE ( .BOTH. , #12039 ) ;
#12008 = LINE ( 'NONE', #7189, #4376 ) ;
#12009 = STYLED_ITEM ( 'NONE', ( #4044 ), #9844 ) ;
#12010 = CARTESIAN_POINT ( 'NONE',  ( -5.700000000000001100, -1.100000000000000500, 1.084202172485504400E-016 ) ) ;
#12011 = ADVANCED_FACE ( 'NONE', ( #6549 ), #3017, .F. ) ;
#12012 = DIRECTION ( 'NONE',  ( -0.0000000000000000000, -0.7071067811865475700, 0.7071067811865474600 ) ) ;
#12013 = CARTESIAN_POINT ( 'NONE',  ( 5.700000000000001100, 0.9000000000000003600, 0.2500000000000001100 ) ) ;
#12014 =( LENGTH_UNIT ( ) NAMED_UNIT ( * ) SI_UNIT ( .MILLI., .METRE. ) );
#12015 = FACE_OUTER_BOUND ( 'NONE', #11005, .T. ) ;
#12016 = DIRECTION ( 'NONE',  ( -3.049318610115481200E-016, -0.0000000000000000000, -1.000000000000000000 ) ) ;
#12017 = PRESENTATION_STYLE_ASSIGNMENT (( #9657 ) ) ;
#12018 = PLANE ( 'NONE',  #11708 ) ;
#12019 = CARTESIAN_POINT ( 'NONE',  ( 4.575000000000002000, -1.100000000000000500, 1.155000000000000000 ) ) ;
#12020 = PLANE ( 'NONE',  #9947 ) ;
#12021 = ORIENTED_EDGE ( 'NONE', *, *, #10159, .F. ) ;
#12022 = ORIENTED_EDGE ( 'NONE', *, *, #1986, .T. ) ;
#12023 = LINE ( 'NONE', #10106, #9801 ) ;
#12024 = ADVANCED_FACE ( 'NONE', ( #6262 ), #5978, .F. ) ;
#12025 = LINE ( 'NONE', #9359, #6956 ) ;
#12026 = COLOUR_RGB ( '',0.8000000000000000400, 0.8078431372549019800, 0.8000000000000000400 ) ;
#12027 = SURFACE_SIDE_STYLE ('',( #8660 ) ) ;
#12028 = DIRECTION ( 'NONE',  ( 0.0000000000000000000, -0.7071067811865462400, 0.7071067811865489100 ) ) ;
#12029 = PLANE ( 'NONE',  #11781 ) ;
#12030 = CARTESIAN_POINT ( 'NONE',  ( 4.675000000000002500, 1.099999999999999600, 0.4999999999999998900 ) ) ;
#12031 = VERTEX_POINT ( 'NONE', #8824 ) ;
#12032 = CARTESIAN_POINT ( 'NONE',  ( 1.089999999999999900, 0.8500000000000000900, 1.700000000000000000 ) ) ;
#12033 = MANIFOLD_SOLID_BREP ( 'P3', #9496 ) ;
#12034 = PLANE ( 'NONE',  #10082 ) ;
#12035 = DIRECTION ( 'NONE',  ( 0.0000000000000000000, 1.000000000000000000, 3.738628180984497600E-017 ) ) ;
#12036 = CARTESIAN_POINT ( 'NONE',  ( 4.668333333333333000, 1.093333333333330800, 0.2966666666666631900 ) ) ;
#12037 = VECTOR ( 'NONE', #6116, 1000.000000000000100 ) ;
#12038 =( LENGTH_UNIT ( ) NAMED_UNIT ( * ) SI_UNIT ( .MILLI., .METRE. ) );
#12039 = SURFACE_SIDE_STYLE ('',( #9403 ) ) ;
#12040 = VECTOR ( 'NONE', #5634, 1000.000000000000000 ) ;
#12041 = EDGE_CURVE ( 'NONE', #2360, #11524, #3675, .T. ) ;
#12042 = COLOUR_RGB ( '',0.8000000000000000400, 0.8078431372549019800, 0.8000000000000000400 ) ;
#12043 = ORIENTED_EDGE ( 'NONE', *, *, #2291, .T. ) ;
#12044 = SURFACE_STYLE_USAGE ( .BOTH. , #12027 ) ;
#12045 = AXIS2_PLACEMENT_3D ( 'NONE', #11507, #5799, #12466 ) ;
#12046 = LINE ( 'NONE', #3164, #2095 ) ;
#12047 = LINE ( 'NONE', #7100, #1770 ) ;
#12048 = CARTESIAN_POINT ( 'NONE',  ( -5.238333333333331500, 0.3266666666666743200, -0.2733333333333319300 ) ) ;
#12049 = ORIENTED_EDGE ( 'NONE', *, *, #205, .T. ) ;
#12050 = ORIENTED_EDGE ( 'NONE', *, *, #11041, .F. ) ;
#12051 = VECTOR ( 'NONE', #1477, 1000.000000000000000 ) ;
#12052 = FILL_AREA_STYLE ('',( #11958 ) ) ;
#12053 = ORIENTED_EDGE ( 'NONE', *, *, #4060, .F. ) ;
#12054 = EDGE_CURVE ( 'NONE', #9263, #1235, #1011, .T. ) ;
#12055 = FILL_AREA_STYLE_COLOUR ( '', #10883 ) ;
#12056 = ORIENTED_EDGE ( 'NONE', *, *, #737, .T. ) ;
#12057 = EDGE_LOOP ( 'NONE', ( #6217, #3347, #500, #4871 ) ) ;
#12058 = FILL_AREA_STYLE_COLOUR ( '', #221 ) ;
#12059 = VECTOR ( 'NONE', #3723, 1000.000000000000000 ) ;
#12060 = SURFACE_STYLE_USAGE ( .BOTH. , #1144 ) ;
#12061 = VECTOR ( 'NONE', #4097, 1000.000000000000000 ) ;
#12062 = CARTESIAN_POINT ( 'NONE',  ( -3.300000000000002500, -2.100000000000000100, -2.168404344971008900E-016 ) ) ;
#12063 = ORIENTED_EDGE ( 'NONE', *, *, #4943, .T. ) ;
#12064 = VECTOR ( 'NONE', #7883, 1000.000000000000000 ) ;
#12065 = CARTESIAN_POINT ( 'NONE',  ( -3.400000000000002600, 0.8500000000000000900, 2.299999999999996300 ) ) ;
#12066 = PRESENTATION_LAYER_ASSIGNMENT (  '', '', ( #10789 ) ) ;
#12067 = ORIENTED_EDGE ( 'NONE', *, *, #5168, .F. ) ;
#12068 = EDGE_CURVE ( 'NONE', #9148, #869, #87, .T. ) ;
#12069 = ORIENTED_EDGE ( 'NONE', *, *, #10729, .F. ) ;
#12070 = COLOUR_RGB ( '',0.9803921568627450600, 0.9803921568627450600, 0.8235294117647058400 ) ;
#12071 = EDGE_LOOP ( 'NONE', ( #6292, #12086, #592, #891 ) ) ;
#12072 = DIRECTION ( 'NONE',  ( -0.0000000000000000000, -0.0000000000000000000, 1.000000000000000000 ) ) ;
#12073 = VECTOR ( 'NONE', #10329, 1000.000000000000100 ) ;
#12074 = VERTEX_POINT ( 'NONE', #3108 ) ;
#12075 = LINE ( 'NONE', #9493, #7005 ) ;
#12076 = CARTESIAN_POINT ( 'NONE',  ( -5.500000000000001800, 1.099999999999999600, 1.899999999999997700 ) ) ;
#12077 = EDGE_CURVE ( 'NONE', #8878, #3441, #12352, .T. ) ;
#12079 = EDGE_LOOP ( 'NONE', ( #7545, #9969, #621, #46, #6257 ) ) ;
#12078 = VECTOR ( 'NONE', #8132, 1000.000000000000100 ) ;
#12080 = EDGE_CURVE ( 'NONE', #8044, #5778, #8794, .T. ) ;
#12081 = LINE ( 'NONE', #11337, #1799 ) ;
#12082 = CARTESIAN_POINT ( 'NONE',  ( -2.025000000000000800, -2.100000000000000100, 0.1999999999999994000 ) ) ;
#12083 = ADVANCED_FACE ( 'NONE', ( #2289 ), #6053, .F. ) ;
#12084 = AXIS2_PLACEMENT_3D ( 'NONE', #1337, #1287, #1248 ) ;
#12085 = ORIENTED_EDGE ( 'NONE', *, *, #10238, .F. ) ;
#12086 = ORIENTED_EDGE ( 'NONE', *, *, #4385, .F. ) ;
#12087 = LINE ( 'NONE', #2398, #9569 ) ;
#12088 = STYLED_ITEM ( 'NONE', ( #274 ), #2942 ) ;
#12089 = EDGE_CURVE ( 'NONE', #10027, #3535, #6569, .T. ) ;
#12090 = VECTOR ( 'NONE', #6501, 1000.000000000000000 ) ;
#12091 = VECTOR ( 'NONE', #911, 1000.000000000000000 ) ;
#12092 = MECHANICAL_DESIGN_GEOMETRIC_PRESENTATION_REPRESENTATION (  '', ( #10183 ), #165 ) ;
#12093 = VERTEX_POINT ( 'NONE', #1184 ) ;
#12094 = VERTEX_POINT ( 'NONE', #8016 ) ;
#12095 = LINE ( 'NONE', #315, #4783 ) ;
#12096 = ADVANCED_FACE ( 'NONE', ( #6277 ), #3187, .F. ) ;
#12097 = DIRECTION ( 'NONE',  ( 0.0000000000000000000, -1.000000000000000000, 0.0000000000000000000 ) ) ;
#12098 = EDGE_CURVE ( 'NONE', #2790, #1100, #7908, .T. ) ;
#12099 = CARTESIAN_POINT ( 'NONE',  ( -4.045000000000004400, 1.099999999999999600, 0.2999999999999976000 ) ) ;
#12100 =( NAMED_UNIT ( * ) SI_UNIT ( $, .STERADIAN. ) SOLID_ANGLE_UNIT ( ) );
#12101 = CYLINDRICAL_SURFACE ( 'NONE', #5491, 0.1999999999999998200 ) ;
#12102 = VERTEX_POINT ( 'NONE', #9972 ) ;
#12103 = DIRECTION ( 'NONE',  ( -0.0000000000000000000, 1.000000000000000000, -0.0000000000000000000 ) ) ;
#12104 = LINE ( 'NONE', #8925, #9590 ) ;
#12105 = DIRECTION ( 'NONE',  ( 1.000000000000000000, -2.710505431213760100E-016, 0.0000000000000000000 ) ) ;
#12106 = FACE_OUTER_BOUND ( 'NONE', #10388, .T. ) ;
#12107 = ORIENTED_EDGE ( 'NONE', *, *, #839, .T. ) ;
#12108 =( LENGTH_UNIT ( ) NAMED_UNIT ( * ) SI_UNIT ( .MILLI., .METRE. ) );
#12109 = AXIS2_PLACEMENT_3D ( 'NONE', #11725, #129, #6986 ) ;
#12110 = ORIENTED_EDGE ( 'NONE', *, *, #12504, .T. ) ;
#12111 = PRESENTATION_STYLE_ASSIGNMENT (( #7074 ) ) ;
#12112 = DIRECTION ( 'NONE',  ( -1.000000000000000000, -0.0000000000000000000, -0.0000000000000000000 ) ) ;
#12113 = LINE ( 'NONE', #976, #11798 ) ;
#12114 =( LENGTH_UNIT ( ) NAMED_UNIT ( * ) SI_UNIT ( .MILLI., .METRE. ) );
#12115 = CARTESIAN_POINT ( 'NONE',  ( 2.660000000000000100, -1.400000000000000100, 0.9499999999999981800 ) ) ;
#12116 = ORIENTED_EDGE ( 'NONE', *, *, #2801, .F. ) ;
#12117 = ORIENTED_EDGE ( 'NONE', *, *, #2486, .F. ) ;
#12118 = EDGE_LOOP ( 'NONE', ( #2038, #4408, #890, #3848 ) ) ;
#12119 = VERTEX_POINT ( 'NONE', #3242 ) ;
#12120 = LINE ( 'NONE', #10009, #9604 ) ;
#12121 = EDGE_CURVE ( 'NONE', #10440, #9257, #2743, .T. ) ;
#12122 = LINE ( 'NONE', #1504, #4488 ) ;
#12123 = DIRECTION ( 'NONE',  ( -1.000000000000000000, -0.0000000000000000000, -0.0000000000000000000 ) ) ;
#12124 = CARTESIAN_POINT ( 'NONE',  ( 1.089999999999999900, 2.499999999999999600, 1.734723475976807100E-015 ) ) ;
#12125 = DIRECTION ( 'NONE',  ( 3.049318610115481200E-016, 0.0000000000000000000, 1.000000000000000000 ) ) ;
#12126 = ORIENTED_EDGE ( 'NONE', *, *, #1879, .F. ) ;
#12127 = SURFACE_SIDE_STYLE ('',( #5979 ) ) ;
#12128 = AXIS2_PLACEMENT_3D ( 'NONE', #4853, #11533, #5827 ) ;
#12129 = SURFACE_STYLE_FILL_AREA ( #5470 ) ;
#12130 = PLANE ( 'NONE',  #726 ) ;
#12131 = ORIENTED_EDGE ( 'NONE', *, *, #163, .T. ) ;
#12132 = VERTEX_POINT ( 'NONE', #1267 ) ;
#12133 = ORIENTED_EDGE ( 'NONE', *, *, #12068, .F. ) ;
#12134 = EDGE_CURVE ( 'NONE', #9229, #1776, #5364, .T. ) ;
#12135 =( NAMED_UNIT ( * ) SI_UNIT ( $, .STERADIAN. ) SOLID_ANGLE_UNIT ( ) );
#12136 = FILL_AREA_STYLE ('',( #5469 ) ) ;
#12137 = VECTOR ( 'NONE', #11722, 1000.000000000000000 ) ;
#12138 = SURFACE_SIDE_STYLE ('',( #12129 ) ) ;
#12139 = DIRECTION ( 'NONE',  ( 0.0000000000000000000, 0.0000000000000000000, 1.000000000000000000 ) ) ;
#12140 = VECTOR ( 'NONE', #6630, 1000.000000000000000 ) ;
#12141 = ADVANCED_FACE ( 'NONE', ( #8807 ), #1491, .F. ) ;
#12142 = SURFACE_STYLE_USAGE ( .BOTH. , #2420 ) ;
#12143 = ORIENTED_EDGE ( 'NONE', *, *, #5372, .T. ) ;
#12144 = ORIENTED_EDGE ( 'NONE', *, *, #3181, .F. ) ;
#12145 = PRESENTATION_LAYER_ASSIGNMENT (  '', '', ( #10850 ) ) ;
#12146 = CARTESIAN_POINT ( 'NONE',  ( -1.724999999999999900, -1.799999999999999400, 0.5999999999999978700 ) ) ;
#12147 = PLANE ( 'NONE',  #7594 ) ;
#12148 = PLANE ( 'NONE',  #3489 ) ;
#12149 = CARTESIAN_POINT ( 'NONE',  ( 2.660000000000000100, 1.500000000000000000, 1.700000000000000000 ) ) ;
#12150 = EDGE_LOOP ( 'NONE', ( #4118, #3035, #4434, #4462 ) ) ;
#12151 = FACE_OUTER_BOUND ( 'NONE', #10489, .T. ) ;
#12152 = EDGE_CURVE ( 'NONE', #8007, #7984, #6703, .T. ) ;
#12153 = FACE_OUTER_BOUND ( 'NONE', #5689, .T. ) ;
#12154 = AXIS2_PLACEMENT_3D ( 'NONE', #2193, #1832, #1781 ) ;
#12155 = ORIENTED_EDGE ( 'NONE', *, *, #540, .T. ) ;
#12156 = ADVANCED_FACE ( 'NONE', ( #11764 ), #4313, .F. ) ;
#12157 = ORIENTED_EDGE ( 'NONE', *, *, #4669, .T. ) ;
#12158 = LINE ( 'NONE', #3760, #11545 ) ;
#12159 =( NAMED_UNIT ( * ) PLANE_ANGLE_UNIT ( ) SI_UNIT ( $, .RADIAN. ) );
#12160 = PLANE ( 'NONE',  #3170 ) ;
#12161 = DIRECTION ( 'NONE',  ( -1.000000000000000000, 1.885568995626963800E-016, 3.049318610115481200E-016 ) ) ;
#12162 = PRESENTATION_LAYER_ASSIGNMENT (  '', '', ( #10868 ) ) ;
#12163 = LINE ( 'NONE', #11472, #6783 ) ;
#12164 = CARTESIAN_POINT ( 'NONE',  ( 4.235000000000002100, -1.200000000000000400, 1.529999999999997600 ) ) ;
#12165 = VERTEX_POINT ( 'NONE', #9107 ) ;
#12166 = EDGE_CURVE ( 'NONE', #12001, #2972, #4130, .T. ) ;
#12167 = DIRECTION ( 'NONE',  ( 0.0000000000000000000, -0.0000000000000000000, -1.000000000000000000 ) ) ;
#12168 = AXIS2_PLACEMENT_3D ( 'NONE', #3553, #590, #7432 ) ;
#12169 = DIRECTION ( 'NONE',  ( 0.0000000000000000000, -1.000000000000000000, 0.0000000000000000000 ) ) ;
#12170 = ORIENTED_EDGE ( 'NONE', *, *, #10832, .F. ) ;
#12171 = EDGE_CURVE ( 'NONE', #200, #2576, #8949, .T. ) ;
#12172 = VERTEX_POINT ( 'NONE', #1361 ) ;
#12173 = PRESENTATION_LAYER_ASSIGNMENT (  '', '', ( #10882 ) ) ;
#12175 = VECTOR ( 'NONE', #6144, 1000.000000000000000 ) ;
#12174 = CARTESIAN_POINT ( 'NONE',  ( 1.409999999999999700, -1.400000000000000100, 1.524999999999998100 ) ) ;
#12176 = SURFACE_STYLE_FILL_AREA ( #5636 ) ;
#12177 = CARTESIAN_POINT ( 'NONE',  ( -4.575000000000002000, -1.100000000000000500, 1.155000000000000000 ) ) ;
#12178 = CARTESIAN_POINT ( 'NONE',  ( 0.1600000000000000300, 0.8500000000000000900, 0.9499999999999998400 ) ) ;
#12179 = CARTESIAN_POINT ( 'NONE',  ( 2.660000000000000100, 3.099999999999999600, 0.2000000000000018700 ) ) ;
#12180 = PRESENTATION_LAYER_ASSIGNMENT (  '', '', ( #10891 ) ) ;
#12181 = ORIENTED_EDGE ( 'NONE', *, *, #528, .T. ) ;
#12182 = ORIENTED_EDGE ( 'NONE', *, *, #9191, .F. ) ;
#12183 = FACE_OUTER_BOUND ( 'NONE', #7647, .T. ) ;
#12184 = DIRECTION ( 'NONE',  ( -0.0000000000000000000, -0.0000000000000000000, 1.000000000000000000 ) ) ;
#12185 = DIRECTION ( 'NONE',  ( 1.000000000000000000, -0.0000000000000000000, 0.0000000000000000000 ) ) ;
#12186 = VECTOR ( 'NONE', #8652, 1000.000000000000000 ) ;
#12187 =( NAMED_UNIT ( * ) SI_UNIT ( $, .STERADIAN. ) SOLID_ANGLE_UNIT ( ) );
#12188 = VECTOR ( 'NONE', #7249, 1000.000000000000000 ) ;
#12189 = CARTESIAN_POINT ( 'NONE',  ( -2.340000000000000700, -0.8999999999999956900, 0.9499999999999980700 ) ) ;
#12190 = PLANE ( 'NONE',  #5370 ) ;
#12191 = DIRECTION ( 'NONE',  ( 0.0000000000000000000, 1.000000000000000000, 0.0000000000000000000 ) ) ;
#12192 = ORIENTED_EDGE ( 'NONE', *, *, #1299, .F. ) ;
#12193 = PRESENTATION_LAYER_ASSIGNMENT (  '', '', ( #10901 ) ) ;
#12194 = LINE ( 'NONE', #4941, #7422 ) ;
#12195 = CARTESIAN_POINT ( 'NONE',  ( -3.400000000000002100, 0.8500000000000000900, 1.399999999999996800 ) ) ;
#12196 = VECTOR ( 'NONE', #8208, 1000.000000000000000 ) ;
#12197 = DIRECTION ( 'NONE',  ( 0.0000000000000000000, -0.0000000000000000000, -1.000000000000000000 ) ) ;
#12198 = ADVANCED_FACE ( 'NONE', ( #11167 ), #379, .F. ) ;
#12199 = DIRECTION ( 'NONE',  ( -1.000000000000000000, -0.0000000000000000000, -0.0000000000000000000 ) ) ;
#12200 = CARTESIAN_POINT ( 'NONE',  ( -3.499999999999999600, 2.100000000000000100, 2.899999999999997700 ) ) ;
#12201 = VERTEX_POINT ( 'NONE', #4352 ) ;
#12202 = EDGE_CURVE ( 'NONE', #2972, #6763, #10283, .T. ) ;
#12203 = VECTOR ( 'NONE', #10950, 1000.000000000000000 ) ;
#12204 = LINE ( 'NONE', #9705, #4582 ) ;
#12205 = ORIENTED_EDGE ( 'NONE', *, *, #5453, .T. ) ;
#12206 = EDGE_CURVE ( 'NONE', #375, #3336, #255, .T. ) ;
#12208 = EDGE_LOOP ( 'NONE', ( #749, #5572, #2694, #4124 ) ) ;
#12207 =( NAMED_UNIT ( * ) SI_UNIT ( $, .STERADIAN. ) SOLID_ANGLE_UNIT ( ) );
#12209 = MECHANICAL_DESIGN_GEOMETRIC_PRESENTATION_REPRESENTATION (  '', ( #9029 ), #299 ) ;
#12210 = ADVANCED_FACE ( 'NONE', ( #9982 ), #463, .F. ) ;
#12211 = VERTEX_POINT ( 'NONE', #10138 ) ;
#12212 = PLANE ( 'NONE',  #11079 ) ;
#12213 = DIRECTION ( 'NONE',  ( 0.0000000000000000000, -1.000000000000000000, 0.0000000000000000000 ) ) ;
#12214 = FACE_OUTER_BOUND ( 'NONE', #1804, .T. ) ;
#12215 = VECTOR ( 'NONE', #138, 1000.000000000000000 ) ;
#12216 = CARTESIAN_POINT ( 'NONE',  ( -1.500000000000001100, 1.500000000000000400, 2.899999999999997700 ) ) ;
#12217 = EDGE_CURVE ( 'NONE', #8102, #4423, #7746, .T. ) ;
#12218 = VECTOR ( 'NONE', #12378, 1000.000000000000000 ) ;
#12219 = DIRECTION ( 'NONE',  ( -3.049318610115481200E-016, -0.0000000000000000000, -1.000000000000000000 ) ) ;
#12220 = CARTESIAN_POINT ( 'NONE',  ( 1.325000000000000800, 0.4999999999999990600, 3.423118842698616800 ) ) ;
#12221 = ORIENTED_EDGE ( 'NONE', *, *, #7689, .F. ) ;
#12222 = LINE ( 'NONE', #658, #4602 ) ;
#12223 = ORIENTED_EDGE ( 'NONE', *, *, #11733, .F. ) ;
#12224 = SURFACE_STYLE_USAGE ( .BOTH. , #5560 ) ;
#12225 = SURFACE_SIDE_STYLE ('',( #8879 ) ) ;
#12226 = SURFACE_SIDE_STYLE ('',( #8810 ) ) ;
#12227 = AXIS2_PLACEMENT_3D ( 'NONE', #11484, #3668, #620 ) ;
#12228 = VECTOR ( 'NONE', #8363, 1000.000000000000000 ) ;
#12229 = ORIENTED_EDGE ( 'NONE', *, *, #2676, .T. ) ;
#12230 = EDGE_CURVE ( 'NONE', #9923, #11914, #2578, .T. ) ;
#12231 = ORIENTED_EDGE ( 'NONE', *, *, #5517, .F. ) ;
#12232 = DIRECTION ( 'NONE',  ( -1.000000000000000000, 9.856383386231858800E-017, 0.0000000000000000000 ) ) ;
#12233 = VECTOR ( 'NONE', #2224, 1000.000000000000000 ) ;
#12234 = VERTEX_POINT ( 'NONE', #6390 ) ;
#12235 =( NAMED_UNIT ( * ) SI_UNIT ( $, .STERADIAN. ) SOLID_ANGLE_UNIT ( ) );
#12236 = FILL_AREA_STYLE_COLOUR ( '', #11314 ) ;
#12237 = EDGE_CURVE ( 'NONE', #9568, #12400, #9694, .T. ) ;
#12238 = EDGE_CURVE ( 'NONE', #1605, #6600, #7445, .T. ) ;
#12239 = PRESENTATION_LAYER_ASSIGNMENT (  '', '', ( #10948 ) ) ;
#12240 = ORIENTED_EDGE ( 'NONE', *, *, #980, .F. ) ;
#12241 = LINE ( 'NONE', #6260, #9716 ) ;
#12242 = CARTESIAN_POINT ( 'NONE',  ( -2.339999999999999900, 2.499999999999999600, 1.734723475976807100E-015 ) ) ;
#12243 = VECTOR ( 'NONE', #2354, 1000.000000000000000 ) ;
#12244 = CARTESIAN_POINT ( 'NONE',  ( 3.400000000000002100, -1.800000000000000500, 0.5999999999999966500 ) ) ;
#12245 = ORIENTED_EDGE ( 'NONE', *, *, #10569, .T. ) ;
#12246 = ORIENTED_EDGE ( 'NONE', *, *, #9912, .T. ) ;
#12247 = FACE_OUTER_BOUND ( 'NONE', #7134, .T. ) ;
#12248 = FACE_OUTER_BOUND ( 'NONE', #11037, .T. ) ;
#12249 = VERTEX_POINT ( 'NONE', #10229 ) ;
#12250 = VERTEX_POINT ( 'NONE', #2508 ) ;
#12251 = AXIS2_PLACEMENT_3D ( 'NONE', #9867, #4099, #10807 ) ;
#12252 = ORIENTED_EDGE ( 'NONE', *, *, #9927, .T. ) ;
#12253 = AXIS2_PLACEMENT_3D ( 'NONE', #7969, #8099, #7193 ) ;
#12254 = DIRECTION ( 'NONE',  ( -0.0000000000000000000, -0.0000000000000000000, 1.000000000000000000 ) ) ;
#12255 = PLANE ( 'NONE',  #12415 ) ;
#12256 = COLOUR_RGB ( '',0.8000000000000000400, 0.8078431372549019800, 0.8000000000000000400 ) ;
#12257 = SURFACE_STYLE_FILL_AREA ( #3499 ) ;
#12258 = UNCERTAINTY_MEASURE_WITH_UNIT (LENGTH_MEASURE( 1.000000000000000100E-005 ), #8767, 'distance_accuracy_value', 'NONE');
#12259 = ADVANCED_FACE ( 'NONE', ( #12214 ), #9270, .F. ) ;
#12260 = ORIENTED_EDGE ( 'NONE', *, *, #2166, .F. ) ;
#12261 = AXIS2_PLACEMENT_3D ( 'NONE', #1750, #8581, #2764 ) ;
#12262 =( NAMED_UNIT ( * ) SI_UNIT ( $, .STERADIAN. ) SOLID_ANGLE_UNIT ( ) );
#12263 = PLANE ( 'NONE',  #1220 ) ;
#12264 = FACE_OUTER_BOUND ( 'NONE', #11788, .T. ) ;
#12265 = CARTESIAN_POINT ( 'NONE',  ( 2.025000000000000800, -2.100000000000000100, 3.423118842698616800 ) ) ;
#12266 = VERTEX_POINT ( 'NONE', #11166 ) ;
#12267 = LINE ( 'NONE', #1593, #2332 ) ;
#12268 = DIRECTION ( 'NONE',  ( 0.0000000000000000000, 0.0000000000000000000, -1.000000000000000000 ) ) ;
#12269 = CARTESIAN_POINT ( 'NONE',  ( 1.409999999999999700, -0.8999999999999914700, 1.124999999999998900 ) ) ;
#12270 = LINE ( 'NONE', #3203, #9750 ) ;
#12271 = CARTESIAN_POINT ( 'NONE',  ( -2.660000000000000100, 2.649999999999999500, 1.375000000000002000 ) ) ;
#12272 = ORIENTED_EDGE ( 'NONE', *, *, #783, .F. ) ;
#12273 = ORIENTED_EDGE ( 'NONE', *, *, #2242, .T. ) ;
#12274 = ADVANCED_FACE ( 'NONE', ( #11003 ), #5949, .F. ) ;
#12275 = CARTESIAN_POINT ( 'NONE',  ( -2.250000000000000900, 1.500000000000000400, 2.899999999999997700 ) ) ;
#12276 = CARTESIAN_POINT ( 'NONE',  ( 0.1600000000000000300, 1.500000000000000000, 1.700000000000000000 ) ) ;
#12277 = EDGE_CURVE ( 'NONE', #547, #8393, #6265, .T. ) ;
#12278 = CARTESIAN_POINT ( 'NONE',  ( 2.660000000000000100, 1.500000000000000000, 1.775000000000001700 ) ) ;
#12279 =( LENGTH_UNIT ( ) NAMED_UNIT ( * ) SI_UNIT ( .MILLI., .METRE. ) );
#12280 = DIRECTION ( 'NONE',  ( -1.000000000000000000, -0.0000000000000000000, -0.0000000000000000000 ) ) ;
#12281 = CARTESIAN_POINT ( 'NONE',  ( -3.400000000000002100, -1.800000000000000500, 1.399999999999996800 ) ) ;
#12282 = DIRECTION ( 'NONE',  ( -1.000000000000000000, 0.0000000000000000000, 1.586637325588544600E-016 ) ) ;
#12283 = ORIENTED_EDGE ( 'NONE', *, *, #4816, .T. ) ;
#12284 = SURFACE_STYLE_USAGE ( .BOTH. , #5618 ) ;
#12285 = ORIENTED_EDGE ( 'NONE', *, *, #4932, .T. ) ;
#12286 = VECTOR ( 'NONE', #3445, 1000.000000000000100 ) ;
#12287 = LINE ( 'NONE', #9214, #4673 ) ;
#12288 = CARTESIAN_POINT ( 'NONE',  ( 2.660000000000000100, 3.099999999999999600, 0.2000000000000018700 ) ) ;
#12289 = ORIENTED_EDGE ( 'NONE', *, *, #11989, .T. ) ;
#12290 = EDGE_CURVE ( 'NONE', #1100, #10125, #1014, .T. ) ;
#12291 = ORIENTED_EDGE ( 'NONE', *, *, #2413, .F. ) ;
#12292 = DIRECTION ( 'NONE',  ( 1.000000000000000000, 0.0000000000000000000, 0.0000000000000000000 ) ) ;
#12293 = ORIENTED_EDGE ( 'NONE', *, *, #2130, .F. ) ;
#12294 =( NAMED_UNIT ( * ) PLANE_ANGLE_UNIT ( ) SI_UNIT ( $, .RADIAN. ) );
#12295 = FACE_OUTER_BOUND ( 'NONE', #7851, .T. ) ;
#12296 = AXIS2_PLACEMENT_3D ( 'NONE', #11856, #11718, #10907 ) ;
#12297 = VECTOR ( 'NONE', #10709, 1000.000000000000000 ) ;
#12298 = EDGE_CURVE ( 'NONE', #3633, #8589, #3354, .T. ) ;
#12299 = CARTESIAN_POINT ( 'NONE',  ( -2.339999999999999900, 1.500000000000000000, 1.775000000000001700 ) ) ;
#12300 = CARTESIAN_POINT ( 'NONE',  ( -1.324999999999999500, -0.6500000000000003600, 3.423118842698616300 ) ) ;
#12301 = EDGE_LOOP ( 'NONE', ( #4935, #4789, #3, #364, #3611, #11082 ) ) ;
#12302 = SURFACE_SIDE_STYLE ('',( #12176 ) ) ;
#12303 = ORIENTED_EDGE ( 'NONE', *, *, #8001, .T. ) ;
#12304 = CARTESIAN_POINT ( 'NONE',  ( -5.500000000000001800, -1.700000000000000400, 1.899999999999997700 ) ) ;
#12305 = ORIENTED_EDGE ( 'NONE', *, *, #7196, .F. ) ;
#12306 = ORIENTED_EDGE ( 'NONE', *, *, #5802, .F. ) ;
#12307 = PLANE ( 'NONE',  #6757 ) ;
#12308 = EDGE_CURVE ( 'NONE', #4423, #5389, #10725, .T. ) ;
#12309 = EDGE_CURVE ( 'NONE', #1528, #7318, #8501, .T. ) ;
#12310 =( GEOMETRIC_REPRESENTATION_CONTEXT ( 3 ) GLOBAL_UNCERTAINTY_ASSIGNED_CONTEXT ( ( #2237 ) ) GLOBAL_UNIT_ASSIGNED_CONTEXT ( ( #8027, #7950, #7867 ) ) REPRESENTATION_CONTEXT ( 'NONE', 'WORKASPACE' ) );
#12311 = DIRECTION ( 'NONE',  ( 0.0000000000000000000, 1.000000000000000000, 0.0000000000000000000 ) ) ;
#12312 = VECTOR ( 'NONE', #2028, 1000.000000000000000 ) ;
#12313 = SURFACE_STYLE_FILL_AREA ( #8701 ) ;
#12314 = DIRECTION ( 'NONE',  ( 0.0000000000000000000, -1.000000000000000000, 0.0000000000000000000 ) ) ;
#12315 = CARTESIAN_POINT ( 'NONE',  ( -4.000000000000001800, -1.100000000000000500, 3.399999999999997700 ) ) ;
#12316 = ORIENTED_EDGE ( 'NONE', *, *, #4956, .F. ) ;
#12317 = STYLED_ITEM ( 'NONE', ( #9432 ), #2797 ) ;
#12318 = ORIENTED_EDGE ( 'NONE', *, *, #10205, .T. ) ;
#12319 = DIRECTION ( 'NONE',  ( -0.0000000000000000000, -1.000000000000000000, -0.0000000000000000000 ) ) ;
#12320 = ADVANCED_FACE ( 'NONE', ( #413 ), #8443, .T. ) ;
#12321 = EDGE_CURVE ( 'NONE', #5683, #5362, #2726, .T. ) ;
#12322 = LINE ( 'NONE', #9161, #9505 ) ;
#12323 = AXIS2_PLACEMENT_3D ( 'NONE', #8932, #3140, #9894 ) ;
#12324 = PRESENTATION_STYLE_ASSIGNMENT (( #9815 ) ) ;
#12325 = VECTOR ( 'NONE', #9447, 1000.000000000000100 ) ;
#12326 = VECTOR ( 'NONE', #2519, 1000.000000000000000 ) ;
#12327 = EDGE_CURVE ( 'NONE', #7156, #8670, #5352, .T. ) ;
#12328 = MECHANICAL_DESIGN_GEOMETRIC_PRESENTATION_REPRESENTATION (  '', ( #10423 ), #426 ) ;
#12329 = ORIENTED_EDGE ( 'NONE', *, *, #131, .F. ) ;
#12330 = ADVANCED_FACE ( 'NONE', ( #7891 ), #10354, .F. ) ;
#12331 = VECTOR ( 'NONE', #5775, 1000.000000000000000 ) ;
#12332 = DIRECTION ( 'NONE',  ( 0.0000000000000000000, 0.0000000000000000000, 1.000000000000000000 ) ) ;
#12333 = AXIS2_PLACEMENT_3D ( 'NONE', #9637, #3875, #10584 ) ;
#12334 = VECTOR ( 'NONE', #10394, 1000.000000000000000 ) ;
#12335 = CARTESIAN_POINT ( 'NONE',  ( 0.1600000000000000300, 1.500000000000000000, 0.8749999999999998900 ) ) ;
#12336 = FILL_AREA_STYLE_COLOUR ( '', #11367 ) ;
#12337 = PRESENTATION_STYLE_ASSIGNMENT (( #4219 ) ) ;
#12338 = LINE ( 'NONE', #9239, #7268 ) ;
#12339 = CARTESIAN_POINT ( 'NONE',  ( -5.700000000000001100, 0.9000000000000003600, 0.2500000000000001100 ) ) ;
#12340 = MECHANICAL_DESIGN_GEOMETRIC_PRESENTATION_REPRESENTATION (  '', ( #10439 ), #436 ) ;
#12341 = CARTESIAN_POINT ( 'NONE',  ( -0.2500000000000011100, 1.500000000000000400, 3.399999999999997200 ) ) ;
#12342 = ORIENTED_EDGE ( 'NONE', *, *, #10421, .F. ) ;
#12343 =( NAMED_UNIT ( * ) SI_UNIT ( $, .STERADIAN. ) SOLID_ANGLE_UNIT ( ) );
#12344 = CARTESIAN_POINT ( 'NONE',  ( -5.200000000000001100, 1.099999999999999600, 2.199999999999997500 ) ) ;
#12345 = VECTOR ( 'NONE', #4147, 1000.000000000000000 ) ;
#12346 =( LENGTH_UNIT ( ) NAMED_UNIT ( * ) SI_UNIT ( .MILLI., .METRE. ) );
#12347 = EDGE_CURVE ( 'NONE', #2160, #11497, #7589, .T. ) ;
#12348 = FILL_AREA_STYLE_COLOUR ( '', #6416 ) ;
#12349 = LINE ( 'NONE', #1741, #12051 ) ;
#12350 = PRESENTATION_LAYER_ASSIGNMENT (  '', '', ( #11074 ) ) ;
#12351 = ORIENTED_EDGE ( 'NONE', *, *, #7292, .T. ) ;
#12352 = LINE ( 'NONE', #8900, #9836 ) ;
#12353 = AXIS2_PLACEMENT_3D ( 'NONE', #11332, #12292, #6599 ) ;
#12354 = VECTOR ( 'NONE', #4658, 1000.000000000000000 ) ;
#12355 = DIRECTION ( 'NONE',  ( 5.421010862427528100E-016, -0.0000000000000000000, 1.000000000000000000 ) ) ;
#12356 = DIRECTION ( 'NONE',  ( 0.0000000000000000000, 1.000000000000000000, -0.0000000000000000000 ) ) ;
#12357 = VECTOR ( 'NONE', #9647, 1000.000000000000000 ) ;
#12358 = DIRECTION ( 'NONE',  ( 0.0000000000000000000, -1.000000000000000000, 0.0000000000000000000 ) ) ;
#12359 =( NAMED_UNIT ( * ) SI_UNIT ( $, .STERADIAN. ) SOLID_ANGLE_UNIT ( ) );
#12360 = ORIENTED_EDGE ( 'NONE', *, *, #4458, .F. ) ;
#12361 = EDGE_CURVE ( 'NONE', #6762, #9325, #90, .T. ) ;
#12362 = ORIENTED_EDGE ( 'NONE', *, *, #9133, .T. ) ;
#12363 = SURFACE_STYLE_FILL_AREA ( #6730 ) ;
#12364 = ORIENTED_EDGE ( 'NONE', *, *, #5358, .T. ) ;
#12365 = VECTOR ( 'NONE', #9574, 1000.000000000000100 ) ;
#12366 = VECTOR ( 'NONE', #1672, 1000.000000000000000 ) ;
#12368 = ORIENTED_EDGE ( 'NONE', *, *, #1400, .T. ) ;
#12367 = VECTOR ( 'NONE', #7108, 1000.000000000000000 ) ;
#12369 = VECTOR ( 'NONE', #12219, 1000.000000000000000 ) ;
#12370 = ORIENTED_EDGE ( 'NONE', *, *, #12561, .T. ) ;
#12371 = ORIENTED_EDGE ( 'NONE', *, *, #1534, .F. ) ;
#12372 = SURFACE_STYLE_FILL_AREA ( #1233 ) ;
#12373 = SURFACE_STYLE_USAGE ( .BOTH. , #5711 ) ;
#12374 = CARTESIAN_POINT ( 'NONE',  ( -0.1599999999999999800, -1.400000000000000100, 0.9499999999999981800 ) ) ;
#12375 = ORIENTED_EDGE ( 'NONE', *, *, #2676, .F. ) ;
#12376 = LINE ( 'NONE', #5371, #4771 ) ;
#12377 = ORIENTED_EDGE ( 'NONE', *, *, #5197, .F. ) ;
#12378 = DIRECTION ( 'NONE',  ( 0.0000000000000000000, -1.000000000000000000, -3.336006684570785100E-016 ) ) ;
#12379 = ADVANCED_FACE ( 'NONE', ( #9838 ), #7551, .F. ) ;
#12380 = VECTOR ( 'NONE', #12169, 1000.000000000000000 ) ;
#12381 = CARTESIAN_POINT ( 'NONE',  ( 1.250000000000000000, 0.0000000000000000000, 2.899999999999997700 ) ) ;
#12382 = EDGE_CURVE ( 'NONE', #8799, #2910, #4741, .T. ) ;
#12383 = DIRECTION ( 'NONE',  ( 3.215412248012899000E-016, 0.7071067811865474600, 0.7071067811865474600 ) ) ;
#12384 = LINE ( 'NONE', #1391, #4778 ) ;
#12385 = ORIENTED_EDGE ( 'NONE', *, *, #11261, .F. ) ;
#12386 = AXIS2_PLACEMENT_3D ( 'NONE', #6364, #5716, #5629 ) ;
#12387 = CARTESIAN_POINT ( 'NONE',  ( 0.1599999999999999800, -0.8999999999999958000, 0.9499999999999981800 ) ) ;
#12388 = CARTESIAN_POINT ( 'NONE',  ( -4.995000000000001900, -1.100000000000000500, 1.504999999999999900 ) ) ;
#12389 = ORIENTED_EDGE ( 'NONE', *, *, #1216, .F. ) ;
#12390 = FILL_AREA_STYLE ('',( #8621 ) ) ;
#12391 = CARTESIAN_POINT ( 'NONE',  ( -2.339999999999999900, 2.799999999999999400, 0.5000000000000017800 ) ) ;
#12392 = ORIENTED_EDGE ( 'NONE', *, *, #959, .T. ) ;
#12393 = FILL_AREA_STYLE ('',( #12348 ) ) ;
#12394 = STYLED_ITEM ( 'NONE', ( #10645 ), #2110 ) ;
#12395 = EDGE_CURVE ( 'NONE', #1161, #8566, #5039, .T. ) ;
#12396 = ORIENTED_EDGE ( 'NONE', *, *, #835, .T. ) ;
#12397 = LINE ( 'NONE', #6043, #4787 ) ;
#12398 = ORIENTED_EDGE ( 'NONE', *, *, #2560, .F. ) ;
#12399 = ADVANCED_FACE ( 'NONE', ( #7290 ), #6642, .T. ) ;
#12400 = VERTEX_POINT ( 'NONE', #12335 ) ;
#12401 = ORIENTED_EDGE ( 'NONE', *, *, #5900, .T. ) ;
#12402 = FACE_OUTER_BOUND ( 'NONE', #8221, .T. ) ;
#12403 = LINE ( 'NONE', #5885, #4795 ) ;
#12404 = FILL_AREA_STYLE ('',( #10507 ) ) ;
#12405 = DIRECTION ( 'NONE',  ( 1.000000000000000000, 0.0000000000000000000, 0.0000000000000000000 ) ) ;
#12406 = EDGE_CURVE ( 'NONE', #1564, #9581, #11155, .T. ) ;
#12407 = FACE_OUTER_BOUND ( 'NONE', #3362, .T. ) ;
#12408 = ORIENTED_EDGE ( 'NONE', *, *, #3939, .T. ) ;
#12409 = ORIENTED_EDGE ( 'NONE', *, *, #9536, .F. ) ;
#12410 = ORIENTED_EDGE ( 'NONE', *, *, #6018, .T. ) ;
#12411 = VECTOR ( 'NONE', #6418, 1000.000000000000000 ) ;
#12412 = MECHANICAL_DESIGN_GEOMETRIC_PRESENTATION_REPRESENTATION (  '', ( #10516 ), #503 ) ;
#12413 = ORIENTED_EDGE ( 'NONE', *, *, #8257, .T. ) ;
#12414 = LINE ( 'NONE', #6220, #4803 ) ;
#12415 = AXIS2_PLACEMENT_3D ( 'NONE', #7552, #1697, #8526 ) ;
#12416 = CARTESIAN_POINT ( 'NONE',  ( 5.000000000000000900, 0.8999999999999973600, 0.2999999999999975500 ) ) ;
#12417 = ORIENTED_EDGE ( 'NONE', *, *, #11113, .T. ) ;
#12418 = MANIFOLD_SOLID_BREP ( 'MP1', #9975 ) ;
#12419 = ORIENTED_EDGE ( 'NONE', *, *, #9050, .F. ) ;
#12420 = CARTESIAN_POINT ( 'NONE',  ( -3.300000000000002500, -2.100000000000000100, -2.168404344971008900E-016 ) ) ;
#12421 =( NAMED_UNIT ( * ) SI_UNIT ( $, .STERADIAN. ) SOLID_ANGLE_UNIT ( ) );
#12422 = CARTESIAN_POINT ( 'NONE',  ( 1.089999999999999900, 2.649999999999999500, 1.375000000000001800 ) ) ;
#12423 = VERTEX_POINT ( 'NONE', #8611 ) ;
#12424 = CARTESIAN_POINT ( 'NONE',  ( 1.325000000000000600, -0.6500000000000011300, 3.423118842698616800 ) ) ;
#12425 = EDGE_LOOP ( 'NONE', ( #11443, #8146, #2502, #4553 ) ) ;
#12427 = VERTEX_POINT ( 'NONE', #2793 ) ;
#12426 = DIRECTION ( 'NONE',  ( -0.0000000000000000000, 1.000000000000000000, 0.0000000000000000000 ) ) ;
#12428 = PLANE ( 'NONE',  #12468 ) ;
#12429 = PLANE ( 'NONE',  #1002 ) ;
#12430 = LINE ( 'NONE', #11858, #5119 ) ;
#12431 = CARTESIAN_POINT ( 'NONE',  ( 0.0000000000000000000, -1.700000000000000400, 0.0000000000000000000 ) ) ;
#12432 = ORIENTED_EDGE ( 'NONE', *, *, #2705, .T. ) ;
#12433 = PLANE ( 'NONE',  #12045 ) ;
#12434 = FACE_OUTER_BOUND ( 'NONE', #12301, .T. ) ;
#12435 = ORIENTED_EDGE ( 'NONE', *, *, #10224, .T. ) ;
#12436 = ORIENTED_EDGE ( 'NONE', *, *, #10996, .T. ) ;
#12437 = ORIENTED_EDGE ( 'NONE', *, *, #11425, .T. ) ;
#12438 = EDGE_CURVE ( 'NONE', #5481, #6387, #5179, .T. ) ;
#12439 = DIRECTION ( 'NONE',  ( 0.0000000000000000000, 0.0000000000000000000, -1.000000000000000000 ) ) ;
#12440 = CARTESIAN_POINT ( 'NONE',  ( 3.500000000000000400, 2.100000000000000100, 2.899999999999997700 ) ) ;
#12441 = LINE ( 'NONE', #7482, #9915 ) ;
#12442 = FILL_AREA_STYLE ('',( #6700 ) ) ;
#12443 = VECTOR ( 'NONE', #10941, 1000.000000000000100 ) ;
#12444 = MECHANICAL_DESIGN_GEOMETRIC_PRESENTATION_REPRESENTATION (  '', ( #11161 ), #531 ) ;
#12445 = ORIENTED_EDGE ( 'NONE', *, *, #6268, .T. ) ;
#12446 = ORIENTED_EDGE ( 'NONE', *, *, #6660, .T. ) ;
#12447 = VECTOR ( 'NONE', #4057, 1000.000000000000000 ) ;
#12448 = DIRECTION ( 'NONE',  ( -0.0000000000000000000, -0.0000000000000000000, -1.000000000000000000 ) ) ;
#12449 = DIRECTION ( 'NONE',  ( 0.0000000000000000000, -0.0000000000000000000, -1.000000000000000000 ) ) ;
#12450 = EDGE_CURVE ( 'NONE', #8765, #3682, #7732, .T. ) ;
#12451 = ADVANCED_FACE ( 'NONE', ( #4874 ), #9613, .T. ) ;
#12452 =( LENGTH_UNIT ( ) NAMED_UNIT ( * ) SI_UNIT ( .MILLI., .METRE. ) );
#12453 = DIRECTION ( 'NONE',  ( -0.7071067811865483500, -0.7071067811865468000, 1.121922012207349400E-016 ) ) ;
#12454 = EDGE_LOOP ( 'NONE', ( #1119, #8528, #634, #10403 ) ) ;
#12455 = ORIENTED_EDGE ( 'NONE', *, *, #2108, .F. ) ;
#12456 = DIRECTION ( 'NONE',  ( -0.0000000000000000000, 0.0000000000000000000, 1.000000000000000000 ) ) ;
#12457 = DIRECTION ( 'NONE',  ( 0.0000000000000000000, -0.0000000000000000000, -1.000000000000000000 ) ) ;
#12458 = EDGE_CURVE ( 'NONE', #4809, #9833, #6541, .T. ) ;
#12459 = CARTESIAN_POINT ( 'NONE',  ( -3.800000000000001200, 2.100000000000000100, -5.421010862427522200E-017 ) ) ;
#12460 = LINE ( 'NONE', #6397, #4846 ) ;
#12461 = CARTESIAN_POINT ( 'NONE',  ( -5.700000000000001100, 0.9000000000000003600, 1.084202172485504400E-016 ) ) ;
#12462 = LINE ( 'NONE', #6567, #2229 ) ;
#12463 = DIRECTION ( 'NONE',  ( -0.0000000000000000000, -1.000000000000000000, -0.0000000000000000000 ) ) ;
#12464 = EDGE_CURVE ( 'NONE', #1930, #12172, #3960, .T. ) ;
#12465 = EDGE_CURVE ( 'NONE', #4676, #8215, #1303, .T. ) ;
#12466 = DIRECTION ( 'NONE',  ( 0.0000000000000000000, -1.000000000000000000, -3.738628180984498200E-017 ) ) ;
#12467 = ORIENTED_EDGE ( 'NONE', *, *, #9764, .T. ) ;
#12468 = AXIS2_PLACEMENT_3D ( 'NONE', #12220, #12161, #12125 ) ;
#12469 = ORIENTED_EDGE ( 'NONE', *, *, #1399, .F. ) ;
#12470 = VECTOR ( 'NONE', #10747, 1000.000000000000000 ) ;
#12471 = VECTOR ( 'NONE', #418, 1000.000000000000000 ) ;
#12472 = UNCERTAINTY_MEASURE_WITH_UNIT (LENGTH_MEASURE( 1.000000000000000100E-005 ), #3720, 'distance_accuracy_value', 'NONE');
#12473 = CARTESIAN_POINT ( 'NONE',  ( 2.025000000000000800, -0.6500000000000012400, 0.5999999999999967600 ) ) ;
#12474 = AXIS2_PLACEMENT_3D ( 'NONE', #9850, #9617, #9484 ) ;
#12475 = UNCERTAINTY_MEASURE_WITH_UNIT (LENGTH_MEASURE( 1.000000000000000100E-005 ), #11994, 'distance_accuracy_value', 'NONE');
#12476 = CARTESIAN_POINT ( 'NONE',  ( 0.1599999999999999800, 2.649999999999999500, 1.225000000000001900 ) ) ;
#12477 = STYLED_ITEM ( 'NONE', ( #4549 ), #9540 ) ;
#12478 = ORIENTED_EDGE ( 'NONE', *, *, #12202, .F. ) ;
#12479 = VECTOR ( 'NONE', #4565, 1000.000000000000100 ) ;
#12480 = STYLED_ITEM ( 'NONE', ( #5742 ), #10 ) ;
#12481 = FILL_AREA_STYLE_COLOUR ( '', #1122 ) ;
#12482 = LINE ( 'NONE', #11845, #4865 ) ;
#12483 =( LENGTH_UNIT ( ) NAMED_UNIT ( * ) SI_UNIT ( .MILLI., .METRE. ) );
#12484 = VERTEX_POINT ( 'NONE', #1914 ) ;
#12485 = UNCERTAINTY_MEASURE_WITH_UNIT (LENGTH_MEASURE( 1.000000000000000100E-005 ), #2865, 'distance_accuracy_value', 'NONE');
#12486 = UNCERTAINTY_MEASURE_WITH_UNIT (LENGTH_MEASURE( 1.000000000000000100E-005 ), #12014, 'distance_accuracy_value', 'NONE');
#12487 = ORIENTED_EDGE ( 'NONE', *, *, #660, .T. ) ;
#12488 = EDGE_LOOP ( 'NONE', ( #3964, #6902, #3394, #10344 ) ) ;
#12489 = DIRECTION ( 'NONE',  ( 0.0000000000000000000, 1.000000000000000000, 0.0000000000000000000 ) ) ;
#12490 = PRESENTATION_STYLE_ASSIGNMENT (( #5780 ) ) ;
#12491 = ORIENTED_EDGE ( 'NONE', *, *, #10509, .T. ) ;
#12492 = SURFACE_STYLE_FILL_AREA ( #342 ) ;
#12493 = CARTESIAN_POINT ( 'NONE',  ( 4.000000000000001800, 2.100000000000000100, 0.4999999999999991700 ) ) ;
#12494 = FACE_OUTER_BOUND ( 'NONE', #1971, .T. ) ;
#12495 = SURFACE_STYLE_USAGE ( .BOTH. , #811 ) ;
#12496 = ORIENTED_EDGE ( 'NONE', *, *, #6388, .T. ) ;
#12497 = PRESENTATION_LAYER_ASSIGNMENT (  '', '', ( #11227 ) ) ;
#12498 = FILL_AREA_STYLE_COLOUR ( '', #1581 ) ;
#12499 = ORIENTED_EDGE ( 'NONE', *, *, #839, .F. ) ;
#12500 = ORIENTED_EDGE ( 'NONE', *, *, #48, .T. ) ;
#12501 =( NAMED_UNIT ( * ) PLANE_ANGLE_UNIT ( ) SI_UNIT ( $, .RADIAN. ) );
#12502 = ORIENTED_EDGE ( 'NONE', *, *, #11518, .F. ) ;
#12503 = ORIENTED_EDGE ( 'NONE', *, *, #2977, .F. ) ;
#12504 = EDGE_CURVE ( 'NONE', #12211, #10608, #9077, .T. ) ;
#12505 = VECTOR ( 'NONE', #4436, 1000.000000000000000 ) ;
#12506 = LINE ( 'NONE', #58, #9983 ) ;
#12507 = SURFACE_STYLE_USAGE ( .BOTH. , #5844 ) ;
#12508 = SURFACE_STYLE_FILL_AREA ( #10618 ) ;
#12509 = VECTOR ( 'NONE', #10287, 1000.000000000000000 ) ;
#12510 = DIRECTION ( 'NONE',  ( 1.000000000000000000, -9.856383386231856400E-017, -2.956915015869556800E-016 ) ) ;
#12511 = FACE_OUTER_BOUND ( 'NONE', #3078, .T. ) ;
#12512 = ADVANCED_FACE ( 'NONE', ( #8489 ), #9679, .F. ) ;
#12513 = AXIS2_PLACEMENT_3D ( 'NONE', #184, #7045, #1164 ) ;
#12514 = ORIENTED_EDGE ( 'NONE', *, *, #2413, .T. ) ;
#12515 = EDGE_LOOP ( 'NONE', ( #12283, #5870, #2512, #102, #1857, #8714, #10486, #8827, #10302, #11563, #4379, #2168, #8212, #6085, #8497, #12293, #1352, #4326 ) ) ;
#12516 = LINE ( 'NONE', #4597, #5209 ) ;
#12517 = CARTESIAN_POINT ( 'NONE',  ( 3.100000000000001000, -1.100000000000000500, 3.399999999999997700 ) ) ;
#12518 = DIRECTION ( 'NONE',  ( -0.0000000000000000000, -1.000000000000000000, -0.0000000000000000000 ) ) ;
#12519 = DIRECTION ( 'NONE',  ( 9.856383386231858800E-017, 1.000000000000000000, -3.007999012205179200E-032 ) ) ;
#12520 = VECTOR ( 'NONE', #753, 1000.000000000000000 ) ;
#12521 = CIRCLE ( 'NONE', #5304, 0.1999999999999996500 ) ;
#12522 = VERTEX_POINT ( 'NONE', #3886 ) ;
#12523 = VERTEX_POINT ( 'NONE', #6824 ) ;
#12524 = ORIENTED_EDGE ( 'NONE', *, *, #1209, .F. ) ;
#12525 = ORIENTED_EDGE ( 'NONE', *, *, #2801, .T. ) ;
#12526 = ORIENTED_EDGE ( 'NONE', *, *, #7024, .F. ) ;
#12527 = CARTESIAN_POINT ( 'NONE',  ( -0.04131949782218858500, -1.439456828080963200, 1.511190110171661200 ) ) ;
#12528 = DIRECTION ( 'NONE',  ( -0.0000000000000000000, -0.0000000000000000000, 1.000000000000000000 ) ) ;
#12529 = VERTEX_POINT ( 'NONE', #12538 ) ;
#12530 = DIRECTION ( 'NONE',  ( 0.2033118901005200000, 0.9241449550023809200, 0.3234507342508306500 ) ) ;
#12531 = VECTOR ( 'NONE', #4341, 1000.000000000000000 ) ;
#12532 =( GEOMETRIC_REPRESENTATION_CONTEXT ( 3 ) GLOBAL_UNCERTAINTY_ASSIGNED_CONTEXT ( ( #11263 ) ) GLOBAL_UNIT_ASSIGNED_CONTEXT ( ( #3416, #3430, #3456 ) ) REPRESENTATION_CONTEXT ( 'NONE', 'WORKASPACE' ) );
#12533 = FACE_OUTER_BOUND ( 'NONE', #1959, .T. ) ;
#12534 = ORIENTED_EDGE ( 'NONE', *, *, #7183, .F. ) ;
#12535 = DIRECTION ( 'NONE',  ( 3.051828337366604500E-016, 0.0000000000000000000, 1.000000000000000000 ) ) ;
#12536 = EDGE_CURVE ( 'NONE', #7022, #7479, #3665, .T. ) ;
#12537 = ORIENTED_EDGE ( 'NONE', *, *, #11666, .F. ) ;
#12538 = CARTESIAN_POINT ( 'NONE',  ( -3.700000000000002000, -2.100000000000000100, 0.2999999999999967700 ) ) ;
#12539 = CARTESIAN_POINT ( 'NONE',  ( 3.400000000000002100, -1.100000000000000300, 2.999999999999996400 ) ) ;
#12540 = LINE ( 'NONE', #4790, #7483 ) ;
#12541 = VERTEX_POINT ( 'NONE', #963 ) ;
#12542 = EDGE_CURVE ( 'NONE', #11779, #10472, #5935, .T. ) ;
#12543 = DIRECTION ( 'NONE',  ( 0.0000000000000000000, -1.000000000000000000, 0.0000000000000000000 ) ) ;
#12544 = AXIS2_PLACEMENT_3D ( 'NONE', #8912, #8834, #8785 ) ;
#12545 = EDGE_LOOP ( 'NONE', ( #2036, #12385, #2025, #5896 ) ) ;
#12546 = CARTESIAN_POINT ( 'NONE',  ( -2.660000000000000100, 2.000000000000000000, 1.775000000000001500 ) ) ;
#12547 = CARTESIAN_POINT ( 'NONE',  ( 1.409999999999999700, 1.500000000000000000, 1.775000000000001700 ) ) ;
#12548 = ORIENTED_EDGE ( 'NONE', *, *, #7920, .T. ) ;
#12549 = PRESENTATION_STYLE_ASSIGNMENT (( #9003 ) ) ;
#12550 = DIRECTION ( 'NONE',  ( -0.7071067811865492400, 0.0000000000000000000, -0.7071067811865458000 ) ) ;
#12551 = VECTOR ( 'NONE', #1707, 1000.000000000000000 ) ;
#12552 = CARTESIAN_POINT ( 'NONE',  ( 0.0000000000000000000, -2.100000000000000100, 0.0000000000000000000 ) ) ;
#12553 = AXIS2_PLACEMENT_3D ( 'NONE', #3163, #1158, #1086 ) ;
#12554 = VECTOR ( 'NONE', #7299, 1000.000000000000000 ) ;
#12555 = ORIENTED_EDGE ( 'NONE', *, *, #9051, .T. ) ;
#12556 = EDGE_CURVE ( 'NONE', #11607, #1658, #707, .T. ) ;
#12557 = ORIENTED_EDGE ( 'NONE', *, *, #11427, .F. ) ;
#12558 = AXIS2_PLACEMENT_3D ( 'NONE', #7692, #10561, #4830 ) ;
#12559 = PRESENTATION_STYLE_ASSIGNMENT (( #11333 ) ) ;
#12560 = VECTOR ( 'NONE', #7723, 1000.000000000000000 ) ;
#12561 = EDGE_CURVE ( 'NONE', #2664, #6494, #8194, .T. ) ;
#12562 = PLANE ( 'NONE',  #11264 ) ;
#12563 = LINE ( 'NONE', #1196, #4950 ) ;
ENDSEC;
END-ISO-10303-21;
