ISO-10303-21;
HEADER;
FILE_DESCRIPTION (( 'STEP AP214' ),
    '1' );
FILE_NAME ('LoRa1262F30.STEP',
    '2021-04-29T22:53:38',
    ( '' ),
    ( '' ),
    'SwSTEP 2.0',
    'SolidWorks 2017',
    '' );
FILE_SCHEMA (( 'AUTOMOTIVE_DESIGN' ));
ENDSEC;

DATA;
#1 = LINE ( 'NONE', #1479, #3053 ) ;
#2 = ORIENTED_EDGE ( 'NONE', *, *, #6965, .F. ) ;
#3 = VECTOR ( 'NONE', #608, 1000.000000000000000 ) ;
#4 = AXIS2_PLACEMENT_3D ( 'NONE', #2630, #7098, #4297 ) ;
#5 = CARTESIAN_POINT ( 'NONE',  ( 6.599999999999994300, 0.0000000000000000000, -9.999999999999982200 ) ) ;
#6 = CARTESIAN_POINT ( 'NONE',  ( -18.00336989236338400, 3.816022770108155700, -9.201499999999997600 ) ) ;
#7 = ORIENTED_EDGE ( 'NONE', *, *, #4617, .F. ) ;
#8 = DIRECTION ( 'NONE',  ( -0.0000000000000000000, -1.000000000000000000, -0.0000000000000000000 ) ) ;
#9 = DIRECTION ( 'NONE',  ( 1.000000000000000000, 0.0000000000000000000, 0.0000000000000000000 ) ) ;
#10 = CARTESIAN_POINT ( 'NONE',  ( -14.60000000000000500, 1.000000000000000900, -10.00000000000000200 ) ) ;
#11 = LINE ( 'NONE', #48, #6235 ) ;
#12 = B_SPLINE_CURVE_WITH_KNOTS ( 'NONE', 3,
 ( #7086, #5341, #4821, #5885, #7105, #3664, #2635, #335, #3141, #4260, #7065, #961, #3703, #2565, #4304, #2544 ),
 .UNSPECIFIED., .F., .F.,
 ( 4, 3, 3, 3, 3, 4 ),
 ( 0.0000000000000000000, 3.919923792274329000E-005, 7.839866981027753200E-005, 0.0001175819989964614100, 0.0001567683997081114200, 0.0001687383463062320200 ),
 .UNSPECIFIED. ) ;
#13 = CARTESIAN_POINT ( 'NONE',  ( 10.59999999999999400, 1.000000000000000900, 9.999999999999978700 ) ) ;
#14 = CARTESIAN_POINT ( 'NONE',  ( -2.900000000000004800, 1.000000000000000000, 9.999999999999989300 ) ) ;
#15 = DIRECTION ( 'NONE',  ( -0.0000000000000000000, -1.000000000000000000, -0.0000000000000000000 ) ) ;
#16 = ORIENTED_EDGE ( 'NONE', *, *, #1066, .F. ) ;
#17 = EDGE_CURVE ( 'NONE', #4267, #4529, #5752, .T. ) ;
#18 = CARTESIAN_POINT ( 'NONE',  ( 13.09999999999999600, 1.000000000000000000, 10.00000000000000200 ) ) ;
#19 = CARTESIAN_POINT ( 'NONE',  ( 14.89999999999999500, 1.000000000000000900, -9.999999999999973400 ) ) ;
#20 = ADVANCED_FACE ( 'NONE', ( #165 ), #6967, .T. ) ;
#21 = FACE_OUTER_BOUND ( 'NONE', #265, .T. ) ;
#22 = PLANE ( 'NONE',  #3671 ) ;
#23 = DIRECTION ( 'NONE',  ( 0.0000000000000000000, 0.0000000000000000000, 1.000000000000000000 ) ) ;
#24 = VERTEX_POINT ( 'NONE', #3532 ) ;
#25 = EDGE_CURVE ( 'NONE', #1385, #1791, #2280, .T. ) ;
#26 = CARTESIAN_POINT ( 'NONE',  ( -1.100000000000005400, 1.000000000000000000, -8.600000000000003200 ) ) ;
#27 = EDGE_CURVE ( 'NONE', #275, #5942, #2777, .T. ) ;
#28 = ORIENTED_EDGE ( 'NONE', *, *, #4785, .T. ) ;
#29 = VERTEX_POINT ( 'NONE', #855 ) ;
#30 = VECTOR ( 'NONE', #6139, 1000.000000000000000 ) ;
#31 = DIRECTION ( 'NONE',  ( -1.000000000000000000, 3.491481338843133000E-015, 5.176137173774659800E-032 ) ) ;
#32 = ORIENTED_EDGE ( 'NONE', *, *, #5791, .T. ) ;
#33 = DIRECTION ( 'NONE',  ( 0.0000000000000000000, 1.000000000000000000, 0.0000000000000000000 ) ) ;
#34 = DIRECTION ( 'NONE',  ( -0.0000000000000000000, -1.000000000000000000, 0.0000000000000000000 ) ) ;
#35 = VERTEX_POINT ( 'NONE', #4119 ) ;
#36 = CARTESIAN_POINT ( 'NONE',  ( 10.89999999999999500, 1.000000000000000000, -8.600000000000003200 ) ) ;
#37 = EDGE_CURVE ( 'NONE', #3406, #5042, #1321, .T. ) ;
#38 = ORIENTED_EDGE ( 'NONE', *, *, #1807, .T. ) ;
#39 = PLANE ( 'NONE',  #5088 ) ;
#40 = CARTESIAN_POINT ( 'NONE',  ( -1.100000000000005400, 0.0000000000000000000, -8.600000000000003200 ) ) ;
#41 = CIRCLE ( 'NONE', #2488, 0.5999999999999998700 ) ;
#42 = LINE ( 'NONE', #352, #4070 ) ;
#43 = ORIENTED_EDGE ( 'NONE', *, *, #2058, .T. ) ;
#44 = FACE_OUTER_BOUND ( 'NONE', #762, .T. ) ;
#45 = EDGE_LOOP ( 'NONE', ( #6334, #2884, #372, #4588, #4971, #6086 ) ) ;
#46 = PLANE ( 'NONE',  #3913 ) ;
#47 = VECTOR ( 'NONE', #3230, 1000.000000000000000 ) ;
#48 = CARTESIAN_POINT ( 'NONE',  ( -6.900000000000004800, 1.000000000000000000, -8.600000000000003200 ) ) ;
#49 = LINE ( 'NONE', #6698, #2166 ) ;
#50 = AXIS2_PLACEMENT_3D ( 'NONE', #3206, #1527, #4278 ) ;
#51 = ORIENTED_EDGE ( 'NONE', *, *, #6837, .T. ) ;
#52 = LINE ( 'NONE', #5025, #1387 ) ;
#53 = LINE ( 'NONE', #2832, #5655 ) ;
#54 = VECTOR ( 'NONE', #6045, 1000.000000000000000 ) ;
#55 = ADVANCED_FACE ( 'NONE', ( #4521 ), #5879, .F. ) ;
#56 = ORIENTED_EDGE ( 'NONE', *, *, #4103, .T. ) ;
#57 = VERTEX_POINT ( 'NONE', #5809 ) ;
#58 = VECTOR ( 'NONE', #5888, 1000.000000000000000 ) ;
#59 = DIRECTION ( 'NONE',  ( 1.000000000000000000, 0.0000000000000000000, 0.0000000000000000000 ) ) ;
#60 = CARTESIAN_POINT ( 'NONE',  ( -14.90000000000000400, 3.280350850198276100, -8.600000000000001400 ) ) ;
#61 = CYLINDRICAL_SURFACE ( 'NONE', #2958, 0.5999999999999998700 ) ;
#62 = CARTESIAN_POINT ( 'NONE',  ( -18.03884229975917800, 3.795902568266946700, 8.994626062606538900 ) ) ;
#63 = DIRECTION ( 'NONE',  ( -1.000000000000000000, 0.0000000000000000000, 0.0000000000000000000 ) ) ;
#64 = EDGE_CURVE ( 'NONE', #3194, #521, #2184, .T. ) ;
#65 = CARTESIAN_POINT ( 'NONE',  ( 17.97135965850523200, 3.839222690360980300, 9.002198665876326400 ) ) ;
#66 = CARTESIAN_POINT ( 'NONE',  ( -17.95000000000000300, 3.849999999999998800, 8.950000000000002800 ) ) ;
#67 =( GEOMETRIC_REPRESENTATION_CONTEXT ( 3 ) GLOBAL_UNCERTAINTY_ASSIGNED_CONTEXT ( ( #1483 ) ) GLOBAL_UNIT_ASSIGNED_CONTEXT ( ( #925, #5435, #7101 ) ) REPRESENTATION_CONTEXT ( 'NONE', 'WORKASPACE' ) );
#68 = CARTESIAN_POINT ( 'NONE',  ( 6.899999999999995000, 0.0000000000000000000, 8.599999999999999600 ) ) ;
#69 = EDGE_LOOP ( 'NONE', ( #2491, #2955, #6878, #5269 ) ) ;
#70 = LINE ( 'NONE', #6460, #2359 ) ;
#71 = CARTESIAN_POINT ( 'NONE',  ( 9.999999999999994700, 0.0000000000000000000, 9.999999999999978700 ) ) ;
#72 = DIRECTION ( 'NONE',  ( -1.000000000000000000, 0.0000000000000000000, 0.0000000000000000000 ) ) ;
#73 = ORIENTED_EDGE ( 'NONE', *, *, #4327, .T. ) ;
#74 = EDGE_CURVE ( 'NONE', #4575, #3669, #713, .T. ) ;
#75 = ORIENTED_EDGE ( 'NONE', *, *, #4065, .T. ) ;
#76 = EDGE_LOOP ( 'NONE', ( #985, #32, #4375, #4006 ) ) ;
#77 = EDGE_CURVE ( 'NONE', #2101, #1791, #70, .T. ) ;
#78 = ORIENTED_EDGE ( 'NONE', *, *, #483, .T. ) ;
#79 = EDGE_LOOP ( 'NONE', ( #447, #6989, #2812, #1389 ) ) ;
#80 = DIRECTION ( 'NONE',  ( 1.000000000000000000, -0.0000000000000000000, -1.369518533665900300E-016 ) ) ;
#81 = CARTESIAN_POINT ( 'NONE',  ( -18.05000000000001500, 0.9999999999999965600, 9.014078975515724700 ) ) ;
#82 = AXIS2_PLACEMENT_3D ( 'NONE', #2878, #117, #145 ) ;
#83 = VECTOR ( 'NONE', #1252, 1000.000000000000000 ) ;
#84 = PLANE ( 'NONE',  #6770 ) ;
#85 = DIRECTION ( 'NONE',  ( 0.0000000000000000000, 0.0000000000000000000, -1.000000000000000000 ) ) ;
#86 = ORIENTED_EDGE ( 'NONE', *, *, #5920, .T. ) ;
#87 = ORIENTED_EDGE ( 'NONE', *, *, #5083, .T. ) ;
#88 = CARTESIAN_POINT ( 'NONE',  ( -9.100000000000005000, 1.000000000000000900, 9.999999999999998200 ) ) ;
#89 = EDGE_CURVE ( 'NONE', #3809, #1640, #2693, .T. ) ;
#90 = CARTESIAN_POINT ( 'NONE',  ( -18.20000000000000300, 3.750000000000000400, -9.014078975515722900 ) ) ;
#91 = VERTEX_POINT ( 'NONE', #4189 ) ;
#92 = LINE ( 'NONE', #1456, #2209 ) ;
#93 = DIRECTION ( 'NONE',  ( 1.239088197126290700E-015, 0.0000000000000000000, 1.000000000000000000 ) ) ;
#94 = CARTESIAN_POINT ( 'NONE',  ( 18.00455833738013200, 3.773225685253728000, 9.048014389072689000 ) ) ;
#95 = DIRECTION ( 'NONE',  ( -0.0000000000000000000, -0.0000000000000000000, 1.000000000000000000 ) ) ;
#96 = APPLICATION_CONTEXT ( 'automotive_design' ) ;
#97 = DIRECTION ( 'NONE',  ( -0.0000000000000000000, -1.000000000000000000, -0.0000000000000000000 ) ) ;
#98 = CARTESIAN_POINT ( 'NONE',  ( 1.099999999999996800, 0.0000000000000000000, -8.599999999999985400 ) ) ;
#99 = ADVANCED_FACE ( 'NONE', ( #1766 ), #255, .F. ) ;
#100 = EDGE_LOOP ( 'NONE', ( #6746, #1852, #3477, #3568, #3738, #6519 ) ) ;
#101 = AXIS2_PLACEMENT_3D ( 'NONE', #2195, #5471, #1624 ) ;
#102 = VERTEX_POINT ( 'NONE', #2509 ) ;
#103 = VECTOR ( 'NONE', #2311, 1000.000000000000000 ) ;
#104 = CARTESIAN_POINT ( 'NONE',  ( -1.400000000000005500, 1.000000000000000000, -9.999999999999989300 ) ) ;
#105 = DIRECTION ( 'NONE',  ( -1.000000000000000000, -0.0000000000000000000, -0.0000000000000000000 ) ) ;
#106 = DIRECTION ( 'NONE',  ( 0.0000000000000000000, -1.000000000000000000, 0.0000000000000000000 ) ) ;
#107 = DIRECTION ( 'NONE',  ( -0.0000000000000000000, -0.0000000000000000000, 1.000000000000000000 ) ) ;
#108 = CARTESIAN_POINT ( 'NONE',  ( -14.90000000000000600, 1.000000000000000000, 0.0000000000000000000 ) ) ;
#109 = LINE ( 'NONE', #3785, #198 ) ;
#110 =( GEOMETRIC_REPRESENTATION_CONTEXT ( 3 ) GLOBAL_UNCERTAINTY_ASSIGNED_CONTEXT ( ( #3604 ) ) GLOBAL_UNIT_ASSIGNED_CONTEXT ( ( #3250, #3771, #4837 ) ) REPRESENTATION_CONTEXT ( 'NONE', 'WORKASPACE' ) );
#111 = DIRECTION ( 'NONE',  ( -1.000000000000000000, -8.758115402030106700E-047, 1.429717150530335400E-016 ) ) ;
#112 = DIRECTION ( 'NONE',  ( 0.0000000000000000000, -1.000000000000000000, 0.0000000000000000000 ) ) ;
#113 = ORIENTED_EDGE ( 'NONE', *, *, #6090, .T. ) ;
#114 = VECTOR ( 'NONE', #5686, 1000.000000000000000 ) ;
#115 = CARTESIAN_POINT ( 'NONE',  ( -18.04439448253850000, 3.785156575059560200, 8.999557465268216200 ) ) ;
#116 = SURFACE_SIDE_STYLE ('',( #5019 ) ) ;
#117 = DIRECTION ( 'NONE',  ( 0.0000000000000000000, 1.000000000000000000, 0.0000000000000000000 ) ) ;
#118 = CARTESIAN_POINT ( 'NONE',  ( 0.0000000000000000000, 0.0000000000000000000, 0.0000000000000000000 ) ) ;
#119 = CARTESIAN_POINT ( 'NONE',  ( 18.05000000000000800, 0.9999999999999965600, -0.0000000000000000000 ) ) ;
#120 = EDGE_CURVE ( 'NONE', #3835, #589, #4777, .T. ) ;
#121 = AXIS2_PLACEMENT_3D ( 'NONE', #1424, #5873, #3044 ) ;
#122 = ORIENTED_EDGE ( 'NONE', *, *, #1205, .F. ) ;
#123 = VECTOR ( 'NONE', #7198, 1000.000000000000000 ) ;
#124 = CARTESIAN_POINT ( 'NONE',  ( 14.59999999999999400, 0.0000000000000000000, -9.999999999999973400 ) ) ;
#125 = VERTEX_POINT ( 'NONE', #6561 ) ;
#126 = EDGE_CURVE ( 'NONE', #857, #2168, #5926, .T. ) ;
#127 = ORIENTED_EDGE ( 'NONE', *, *, #4700, .F. ) ;
#128 = COLOUR_RGB ( '',0.9686274509803921600, 0.8784313725490196000, 0.5999999999999999800 ) ;
#129 = VERTEX_POINT ( 'NONE', #3754 ) ;
#130 = PLANE ( 'NONE',  #3424 ) ;
#131 = EDGE_CURVE ( 'NONE', #1756, #4871, #3478, .T. ) ;
#132 = ADVANCED_FACE ( 'NONE', ( #6021 ), #3658, .F. ) ;
#133 = DIRECTION ( 'NONE',  ( 1.000000000000000000, -0.0000000000000000000, 9.637352644315598700E-016 ) ) ;
#134 = ADVANCED_FACE ( 'NONE', ( #886 ), #1528, .T. ) ;
#135 = AXIS2_PLACEMENT_3D ( 'NONE', #2431, #206, #3639 ) ;
#136 = ORIENTED_EDGE ( 'NONE', *, *, #4315, .F. ) ;
#137 = PLANE ( 'NONE',  #1602 ) ;
#138 = ORIENTED_EDGE ( 'NONE', *, *, #1315, .F. ) ;
#139 = DIRECTION ( 'NONE',  ( 0.0000000000000000000, 0.0000000000000000000, -1.000000000000000000 ) ) ;
#140 = VECTOR ( 'NONE', #1270, 1000.000000000000000 ) ;
#141 = PLANE ( 'NONE',  #6856 ) ;
#142 = VECTOR ( 'NONE', #220, 1000.000000000000000 ) ;
#143 = ADVANCED_FACE ( 'NONE', ( #4246 ), #5939, .T. ) ;
#144 = CARTESIAN_POINT ( 'NONE',  ( 2.899999999999994600, 1.000000000000000000, -8.600000000000003200 ) ) ;
#145 = DIRECTION ( 'NONE',  ( 0.0000000000000000000, 0.0000000000000000000, -1.000000000000000000 ) ) ;
#146 = EDGE_CURVE ( 'NONE', #2439, #3891, #5490, .T. ) ;
#147 = ORIENTED_EDGE ( 'NONE', *, *, #2892, .T. ) ;
#148 = LINE ( 'NONE', #4586, #2940 ) ;
#149 = DIRECTION ( 'NONE',  ( 0.0000000000000000000, 0.0000000000000000000, -1.000000000000000000 ) ) ;
#150 = VERTEX_POINT ( 'NONE', #5975 ) ;
#151 = LINE ( 'NONE', #1701, #1571 ) ;
#152 = DIRECTION ( 'NONE',  ( -1.000000000000000000, 0.0000000000000000000, 0.0000000000000000000 ) ) ;
#153 = VECTOR ( 'NONE', #4049, 1000.000000000000000 ) ;
#154 = ORIENTED_EDGE ( 'NONE', *, *, #2750, .T. ) ;
#155 = EDGE_LOOP ( 'NONE', ( #5725, #5005, #6276, #1359 ) ) ;
#156 = FACE_OUTER_BOUND ( 'NONE', #6640, .T. ) ;
#157 = PLANE ( 'NONE',  #262 ) ;
#158 = DIRECTION ( 'NONE',  ( 0.0000000000000000000, 1.000000000000000000, 0.0000000000000000000 ) ) ;
#159 =( NAMED_UNIT ( * ) SI_UNIT ( $, .STERADIAN. ) SOLID_ANGLE_UNIT ( ) );
#160 = AXIS2_PLACEMENT_3D ( 'NONE', #3545, #6373, #3003 ) ;
#161 = VECTOR ( 'NONE', #233, 1000.000000000000000 ) ;
#162 = ORIENTED_EDGE ( 'NONE', *, *, #5176, .F. ) ;
#163 = DIRECTION ( 'NONE',  ( -1.000000000000000000, -0.0000000000000000000, 0.0000000000000000000 ) ) ;
#164 = ORIENTED_EDGE ( 'NONE', *, *, #3199, .F. ) ;
#165 = FACE_OUTER_BOUND ( 'NONE', #2069, .T. ) ;
#166 = LINE ( 'NONE', #524, #1158 ) ;
#167 = EDGE_LOOP ( 'NONE', ( #2066, #4139, #4214, #3004 ) ) ;
#168 = ORIENTED_EDGE ( 'NONE', *, *, #6684, .T. ) ;
#169 = ORIENTED_EDGE ( 'NONE', *, *, #4042, .F. ) ;
#170 = EDGE_CURVE ( 'NONE', #5229, #1728, #6111, .T. ) ;
#171 = EDGE_LOOP ( 'NONE', ( #345, #1337, #3744, #4076 ) ) ;
#172 = DIRECTION ( 'NONE',  ( 0.0000000000000000000, -1.000000000000000000, 0.0000000000000000000 ) ) ;
#173 = CARTESIAN_POINT ( 'NONE',  ( -18.01407897551572600, 3.750000000000000900, 9.049999999999997200 ) ) ;
#174 = UNCERTAINTY_MEASURE_WITH_UNIT (LENGTH_MEASURE( 1.000000000000000100E-005 ), #3765, 'distance_accuracy_value', 'NONE');
#175 = AXIS2_PLACEMENT_3D ( 'NONE', #4568, #158, #3420 ) ;
#176 = ORIENTED_EDGE ( 'NONE', *, *, #5522, .F. ) ;
#177 = CARTESIAN_POINT ( 'NONE',  ( 2.899999999999994600, 4.000000000000000000, 10.00000000000000200 ) ) ;
#178 = ADVANCED_FACE ( 'NONE', ( #5669 ), #4816, .T. ) ;
#179 = ORIENTED_EDGE ( 'NONE', *, *, #2169, .T. ) ;
#180 = EDGE_LOOP ( 'NONE', ( #1223, #2748, #5769, #4661 ) ) ;
#181 = CARTESIAN_POINT ( 'NONE',  ( -5.100000000000005900, 0.0000000000000000000, 8.599999999999999600 ) ) ;
#182 = EDGE_CURVE ( 'NONE', #4088, #732, #6730, .T. ) ;
#183 = EDGE_CURVE ( 'NONE', #2522, #5027, #6983, .T. ) ;
#184 = DIRECTION ( 'NONE',  ( -0.0000000000000000000, -1.000000000000000000, 0.0000000000000000000 ) ) ;
#185 = CARTESIAN_POINT ( 'NONE',  ( -13.40000000000000600, 1.000000000000000000, 10.00000000000000200 ) ) ;
#186 = ORIENTED_EDGE ( 'NONE', *, *, #2975, .F. ) ;
#187 = DIRECTION ( 'NONE',  ( -1.000000000000000000, 0.0000000000000000000, 9.130123557772669600E-017 ) ) ;
#188 = PRESENTATION_STYLE_ASSIGNMENT (( #3859 ) ) ;
#189 = CARTESIAN_POINT ( 'NONE',  ( 6.899999999999995000, 1.000000000000000000, -8.600000000000003200 ) ) ;
#190 = CARTESIAN_POINT ( 'NONE',  ( 18.99999999999999600, 0.0000000000000000000, 9.999999999999998200 ) ) ;
#191 = ORIENTED_EDGE ( 'NONE', *, *, #915, .T. ) ;
#192 = CARTESIAN_POINT ( 'NONE',  ( 9.099999999999996100, 1.000000000000000000, -10.00000000000000200 ) ) ;
#193 = EDGE_CURVE ( 'NONE', #6658, #6335, #3391, .T. ) ;
#194 = CARTESIAN_POINT ( 'NONE',  ( 1.099999999999995000, 1.000000000000000000, -10.00000000000000200 ) ) ;
#195 = CARTESIAN_POINT ( 'NONE',  ( -10.90000000000000600, 1.000000000000000000, 9.999999999999998200 ) ) ;
#196 = CARTESIAN_POINT ( 'NONE',  ( -2.900000000000003500, 1.000000000000000900, 8.599999999999989000 ) ) ;
#197 = CARTESIAN_POINT ( 'NONE',  ( 6.599999999999994300, 1.000000000000000900, 9.999999999999982200 ) ) ;
#198 = VECTOR ( 'NONE', #4339, 1000.000000000000000 ) ;
#199 = CARTESIAN_POINT ( 'NONE',  ( -18.20000000000000300, 3.750000000000000400, -9.014078975515722900 ) ) ;
#200 = MECHANICAL_DESIGN_GEOMETRIC_PRESENTATION_REPRESENTATION (  '', ( #2858 ), #6583 ) ;
#201 = CARTESIAN_POINT ( 'NONE',  ( 18.19999999999999600, 3.750000000000000400, 9.014078975515721100 ) ) ;
#202 = CARTESIAN_POINT ( 'NONE',  ( -6.900000000000004800, 0.0000000000000000000, 10.00000000000000200 ) ) ;
#203 = CARTESIAN_POINT ( 'NONE',  ( -17.97438395075383300, 3.833290527721166200, 9.006647766503485600 ) ) ;
#204 = FACE_OUTER_BOUND ( 'NONE', #4634, .T. ) ;
#205 = PRODUCT_DEFINITION_CONTEXT ( 'detailed design', #1225, 'design' ) ;
#206 = DIRECTION ( 'NONE',  ( 0.0000000000000000000, 0.0000000000000000000, 1.000000000000000000 ) ) ;
#207 = ADVANCED_FACE ( 'NONE', ( #4431 ), #4798, .F. ) ;
#208 = CARTESIAN_POINT ( 'NONE',  ( 5.099999999999997000, 1.000000000000000000, 8.599999999999981900 ) ) ;
#209 = EDGE_LOOP ( 'NONE', ( #6080, #4954, #1551, #4629 ) ) ;
#210 = LINE ( 'NONE', #6349, #2146 ) ;
#211 = DIRECTION ( 'NONE',  ( 1.000000000000000000, 0.0000000000000000000, 0.0000000000000000000 ) ) ;
#212 = CARTESIAN_POINT ( 'NONE',  ( 17.94999999999999600, 3.999999999999998200, 8.949999999999997500 ) ) ;
#213 = ADVANCED_FACE ( 'NONE', ( #3120 ), #531, .F. ) ;
#214 = PLANE ( 'NONE',  #1883 ) ;
#215 = DIRECTION ( 'NONE',  ( -1.000000000000000000, -0.0000000000000000000, -0.0000000000000000000 ) ) ;
#216 = ORIENTED_EDGE ( 'NONE', *, *, #3717, .T. ) ;
#217 = CIRCLE ( 'NONE', #953, 0.5999999999999998700 ) ;
#218 = CARTESIAN_POINT ( 'NONE',  ( 18.19999999999999600, 3.750000000000000900, 9.014078975515721100 ) ) ;
#219 = EDGE_CURVE ( 'NONE', #5807, #6397, #1068, .T. ) ;
#220 = DIRECTION ( 'NONE',  ( -1.000000000000000000, 0.0000000000000000000, 0.0000000000000000000 ) ) ;
#221 = LINE ( 'NONE', #5684, #3464 ) ;
#223 = EDGE_CURVE ( 'NONE', #2645, #150, #6204, .T. ) ;
#222 = DIRECTION ( 'NONE',  ( -1.000000000000000000, -0.0000000000000000000, 0.0000000000000000000 ) ) ;
#224 = CARTESIAN_POINT ( 'NONE',  ( -17.95000000000000300, 3.999999999999998200, -8.949999999999995700 ) ) ;
#225 = ORIENTED_EDGE ( 'NONE', *, *, #2127, .F. ) ;
#226 = MECHANICAL_DESIGN_GEOMETRIC_PRESENTATION_REPRESENTATION (  '', ( #3497 ), #4836 ) ;
#227 = LINE ( 'NONE', #2981, #3273 ) ;
#228 = DIRECTION ( 'NONE',  ( -1.369518533665900300E-016, 0.0000000000000000000, -1.000000000000000000 ) ) ;
#229 = VECTOR ( 'NONE', #3750, 1000.000000000000000 ) ;
#230 = VECTOR ( 'NONE', #5283, 1000.000000000000000 ) ;
#231 = DIRECTION ( 'NONE',  ( 1.000000000000000000, 0.0000000000000000000, 0.0000000000000000000 ) ) ;
#232 = SURFACE_STYLE_FILL_AREA ( #4633 ) ;
#233 = DIRECTION ( 'NONE',  ( 0.0000000000000000000, 0.0000000000000000000, -1.000000000000000000 ) ) ;
#234 = EDGE_CURVE ( 'NONE', #5353, #3699, #6642, .T. ) ;
#235 = VERTEX_POINT ( 'NONE', #4351 ) ;
#236 = CIRCLE ( 'NONE', #2387, 0.5999999999999998700 ) ;
#237 = PLANE ( 'NONE',  #1942 ) ;
#238 = DIRECTION ( 'NONE',  ( 9.637352644315598700E-016, 0.0000000000000000000, 1.000000000000000000 ) ) ;
#239 = LINE ( 'NONE', #428, #3546 ) ;
#240 = DIRECTION ( 'NONE',  ( -1.000000000000000000, -3.652049423109063300E-015, 0.0000000000000000000 ) ) ;
#241 = ORIENTED_EDGE ( 'NONE', *, *, #2747, .T. ) ;
#242 = VERTEX_POINT ( 'NONE', #1616 ) ;
#243 = VERTEX_POINT ( 'NONE', #7230 ) ;
#244 = LINE ( 'NONE', #463, #7234 ) ;
#245 = VECTOR ( 'NONE', #1433, 1000.000000000000000 ) ;
#246 = CARTESIAN_POINT ( 'NONE',  ( -6.000000000000005300, 3.280350850198276100, -9.999999999999994700 ) ) ;
#247 = CIRCLE ( 'NONE', #4866, 0.5999999999999998700 ) ;
#248 = DIRECTION ( 'NONE',  ( 0.0000000000000000000, 0.0000000000000000000, -1.000000000000000000 ) ) ;
#249 = CARTESIAN_POINT ( 'NONE',  ( -18.01407897551572600, 3.750000000000000900, 9.200000000000002800 ) ) ;
#250 = AXIS2_PLACEMENT_3D ( 'NONE', #353, #2480, #3113 ) ;
#251 = ORIENTED_EDGE ( 'NONE', *, *, #616, .T. ) ;
#252 = ORIENTED_EDGE ( 'NONE', *, *, #6355, .T. ) ;
#253 = LINE ( 'NONE', #3095, #4512 ) ;
#254 = CARTESIAN_POINT ( 'NONE',  ( 2.899999999999994600, 0.0000000000000000000, 8.599999999999999600 ) ) ;
#255 = PLANE ( 'NONE',  #5803 ) ;
#256 = LINE ( 'NONE', #2203, #350 ) ;
#257 = PLANE ( 'NONE',  #5226 ) ;
#258 = VERTEX_POINT ( 'NONE', #5491 ) ;
#259 = ORIENTED_EDGE ( 'NONE', *, *, #5895, .F. ) ;
#260 = SURFACE_SIDE_STYLE ('',( #6591 ) ) ;
#261 = AXIS2_PLACEMENT_3D ( 'NONE', #6516, #7071, #4787 ) ;
#262 = AXIS2_PLACEMENT_3D ( 'NONE', #1261, #5197, #745 ) ;
#263 = LINE ( 'NONE', #2642, #3650 ) ;
#264 = CARTESIAN_POINT ( 'NONE',  ( 18.01407897551571900, 3.850000000000000100, 9.049999999999997200 ) ) ;
#265 = EDGE_LOOP ( 'NONE', ( #75, #543, #6014, #3312 ) ) ;
#266 = ORIENTED_EDGE ( 'NONE', *, *, #5791, .F. ) ;
#267 = ORIENTED_EDGE ( 'NONE', *, *, #2498, .F. ) ;
#268 = ORIENTED_EDGE ( 'NONE', *, *, #438, .F. ) ;
#269 = ORIENTED_EDGE ( 'NONE', *, *, #1889, .F. ) ;
#270 = UNCERTAINTY_MEASURE_WITH_UNIT (LENGTH_MEASURE( 1.000000000000000100E-005 ), #848, 'distance_accuracy_value', 'NONE');
#271 = EDGE_CURVE ( 'NONE', #5498, #6098, #2516, .T. ) ;
#272 = LINE ( 'NONE', #5379, #5851 ) ;
#273 = DIRECTION ( 'NONE',  ( 1.000000000000000000, -0.0000000000000000000, 9.637352644315598700E-016 ) ) ;
#274 = ORIENTED_EDGE ( 'NONE', *, *, #3515, .T. ) ;
#275 = VERTEX_POINT ( 'NONE', #5531 ) ;
#276 = FACE_OUTER_BOUND ( 'NONE', #7172, .T. ) ;
#277 = FILL_AREA_STYLE ('',( #5829 ) ) ;
#278 = CARTESIAN_POINT ( 'NONE',  ( -6.900000000000004800, 1.000000000000000000, -9.999999999999994700 ) ) ;
#279 = AXIS2_PLACEMENT_3D ( 'NONE', #455, #4913, #1025 ) ;
#280 = DIRECTION ( 'NONE',  ( 0.0000000000000000000, 0.0000000000000000000, 1.000000000000000000 ) ) ;
#281 = CARTESIAN_POINT ( 'NONE',  ( -9.100000000000005000, 3.280350850198276100, -9.999999999999998200 ) ) ;
#282 = ORIENTED_EDGE ( 'NONE', *, *, #5965, .T. ) ;
#283 = VECTOR ( 'NONE', #2003, 1000.000000000000000 ) ;
#284 = EDGE_CURVE ( 'NONE', #2226, #5767, #4955, .T. ) ;
#285 = CARTESIAN_POINT ( 'NONE',  ( 2.899999999999994600, 1.000000000000000000, -8.600000000000003200 ) ) ;
#286 = EDGE_CURVE ( 'NONE', #3786, #6292, #5843, .T. ) ;
#287 = CARTESIAN_POINT ( 'NONE',  ( -5.100000000000005900, 4.000000000000000000, 8.599999999999999600 ) ) ;
#288 = CARTESIAN_POINT ( 'NONE',  ( -17.95000000000000300, 3.849999999999998800, 8.950000000000002800 ) ) ;
#289 = EDGE_LOOP ( 'NONE', ( #897, #1189, #1312, #357 ) ) ;
#290 = DIRECTION ( 'NONE',  ( 1.239088197126290700E-015, 0.0000000000000000000, -1.000000000000000000 ) ) ;
#291 = CARTESIAN_POINT ( 'NONE',  ( -5.100000000000005900, 1.000000000000000900, -9.999999999999994700 ) ) ;
#292 = EDGE_CURVE ( 'NONE', #4455, #6232, #1486, .T. ) ;
#293 = DIRECTION ( 'NONE',  ( -1.000000000000000000, 0.0000000000000000000, 1.369518533665900300E-016 ) ) ;
#294 = VECTOR ( 'NONE', #4550, 1000.000000000000000 ) ;
#295 = CARTESIAN_POINT ( 'NONE',  ( -2.000000000000005300, 0.0000000000000000000, 9.999999999999989300 ) ) ;
#296 = CARTESIAN_POINT ( 'NONE',  ( 14.89999999999999500, 1.000000000000000000, -8.600000000000003200 ) ) ;
#297 = DIRECTION ( 'NONE',  ( -0.0000000000000000000, -1.000000000000000000, -0.0000000000000000000 ) ) ;
#298 = CARTESIAN_POINT ( 'NONE',  ( 24.00000000000000000, 1.000000000000000000, -2.255140518769849200E-014 ) ) ;
#299 = CARTESIAN_POINT ( 'NONE',  ( 1.099999999999995000, 3.280350850198276100, 9.999999999999985800 ) ) ;
#300 = AXIS2_PLACEMENT_3D ( 'NONE', #2679, #3773, #6504 ) ;
#301 = ORIENTED_EDGE ( 'NONE', *, *, #3211, .F. ) ;
#302 = FACE_OUTER_BOUND ( 'NONE', #4583, .T. ) ;
#303 = CARTESIAN_POINT ( 'NONE',  ( 18.99999999999999600, 1.000000000000000000, 9.999999999999998200 ) ) ;
#304 = CARTESIAN_POINT ( 'NONE',  ( -1.400000000000005500, 0.0000000000000000000, 9.999999999999989300 ) ) ;
#305 = ORIENTED_EDGE ( 'NONE', *, *, #932, .T. ) ;
#306 = CARTESIAN_POINT ( 'NONE',  ( 2.899999999999994600, 3.280350850198276100, -9.999999999999985800 ) ) ;
#307 = VERTEX_POINT ( 'NONE', #2222 ) ;
#308 = VECTOR ( 'NONE', #6609, 1000.000000000000000 ) ;
#309 = DIRECTION ( 'NONE',  ( 0.0000000000000000000, 0.0000000000000000000, -1.000000000000000000 ) ) ;
#310 = EDGE_CURVE ( 'NONE', #6926, #5353, #5303, .T. ) ;
#311 = ORIENTED_EDGE ( 'NONE', *, *, #3817, .T. ) ;
#312 = EDGE_LOOP ( 'NONE', ( #4324, #3615, #2954, #5658, #2979, #6818 ) ) ;
#313 = LINE ( 'NONE', #1500, #6520 ) ;
#314 = DIRECTION ( 'NONE',  ( 0.0000000000000000000, 1.000000000000000000, -0.0000000000000000000 ) ) ;
#315 = LINE ( 'NONE', #6448, #4585 ) ;
#316 = DIRECTION ( 'NONE',  ( -0.0000000000000000000, -1.000000000000000000, 0.0000000000000000000 ) ) ;
#317 = DIRECTION ( 'NONE',  ( 9.130123557772669600E-017, -0.0000000000000000000, 1.000000000000000000 ) ) ;
#318 = DIRECTION ( 'NONE',  ( 0.0000000000000000000, 0.0000000000000000000, 1.000000000000000000 ) ) ;
#319 = EDGE_CURVE ( 'NONE', #622, #1648, #5131, .T. ) ;
#320 = ORIENTED_EDGE ( 'NONE', *, *, #3390, .F. ) ;
#321 = CARTESIAN_POINT ( 'NONE',  ( -14.90000000000000600, 0.0000000000000000000, -10.00000000000000200 ) ) ;
#322 = LINE ( 'NONE', #4635, #4222 ) ;
#324 = EDGE_CURVE ( 'NONE', #3350, #6130, #3197, .T. ) ;
#323 = CARTESIAN_POINT ( 'NONE',  ( -17.95000000000000300, 3.999999999999999100, -8.949999999999995700 ) ) ;
#325 = DIRECTION ( 'NONE',  ( -1.000000000000000000, 0.0000000000000000000, 9.637352644315598700E-016 ) ) ;
#326 = VECTOR ( 'NONE', #3503, 1000.000000000000000 ) ;
#327 = PRESENTATION_LAYER_ASSIGNMENT (  '', '', ( #7206 ) ) ;
#328 = VERTEX_POINT ( 'NONE', #1633 ) ;
#329 = ORIENTED_EDGE ( 'NONE', *, *, #4646, .T. ) ;
#330 = DIRECTION ( 'NONE',  ( 0.0000000000000000000, 0.0000000000000000000, 1.000000000000000000 ) ) ;
#331 = CARTESIAN_POINT ( 'NONE',  ( 1.099999999999995000, 0.0000000000000000000, 9.999999999999985800 ) ) ;
#332 = ORIENTED_EDGE ( 'NONE', *, *, #284, .T. ) ;
#333 = FACE_OUTER_BOUND ( 'NONE', #4264, .T. ) ;
#334 = CARTESIAN_POINT ( 'NONE',  ( 9.099999999999996100, 1.000000000000000000, 0.0000000000000000000 ) ) ;
#335 = CARTESIAN_POINT ( 'NONE',  ( 18.02565629483658700, 3.816500844680901200, -8.984688690123446600 ) ) ;
#336 = LINE ( 'NONE', #119, #874 ) ;
#337 =( NAMED_UNIT ( * ) SI_UNIT ( $, .STERADIAN. ) SOLID_ANGLE_UNIT ( ) );
#338 = EDGE_CURVE ( 'NONE', #580, #3799, #5222, .T. ) ;
#339 = ADVANCED_FACE ( 'NONE', ( #1930 ), #3876, .F. ) ;
#340 = ORIENTED_EDGE ( 'NONE', *, *, #5881, .T. ) ;
#341 = CYLINDRICAL_SURFACE ( 'NONE', #4637, 0.5999999999999998700 ) ;
#342 = CARTESIAN_POINT ( 'NONE',  ( -10.90000000000000600, 0.0000000000000000000, 8.600000000000003200 ) ) ;
#343 = AXIS2_PLACEMENT_3D ( 'NONE', #4439, #2782, #7262 ) ;
#344 = FACE_OUTER_BOUND ( 'NONE', #4720, .T. ) ;
#345 = ORIENTED_EDGE ( 'NONE', *, *, #6317, .F. ) ;
#346 = ORIENTED_EDGE ( 'NONE', *, *, #6610, .T. ) ;
#347 = CARTESIAN_POINT ( 'NONE',  ( -5.400000000000005700, 1.000000000000000900, 9.999999999999994700 ) ) ;
#348 = CARTESIAN_POINT ( 'NONE',  ( 0.0000000000000000000, 1.000000000000000000, 0.0000000000000000000 ) ) ;
#349 = DIRECTION ( 'NONE',  ( 0.0000000000000000000, 0.0000000000000000000, -1.000000000000000000 ) ) ;
#350 = VECTOR ( 'NONE', #4962, 1000.000000000000000 ) ;
#351 = CARTESIAN_POINT ( 'NONE',  ( 17.97584518250515700, 3.848484999999998800, 8.960705511048601600 ) ) ;
#352 = CARTESIAN_POINT ( 'NONE',  ( -13.10000000000000500, 1.000000000000000000, 10.00000000000000200 ) ) ;
#353 = CARTESIAN_POINT ( 'NONE',  ( -14.00000000000000500, 0.0000000000000000000, -10.00000000000000200 ) ) ;
#354 = ORIENTED_EDGE ( 'NONE', *, *, #4424, .F. ) ;
#355 = ORIENTED_EDGE ( 'NONE', *, *, #1355, .F. ) ;
#356 = CARTESIAN_POINT ( 'NONE',  ( 10.89999999999999500, 0.0000000000000000000, 8.599999999999999600 ) ) ;
#357 = ORIENTED_EDGE ( 'NONE', *, *, #4538, .T. ) ;
#358 = DIRECTION ( 'NONE',  ( 0.0000000000000000000, -1.000000000000000000, 0.0000000000000000000 ) ) ;
#359 = ORIENTED_EDGE ( 'NONE', *, *, #1037, .F. ) ;
#360 = ORIENTED_EDGE ( 'NONE', *, *, #5654, .F. ) ;
#361 = CARTESIAN_POINT ( 'NONE',  ( -18.01407897551572600, 0.9999999999999965600, -9.050000000000007800 ) ) ;
#362 = ORIENTED_EDGE ( 'NONE', *, *, #706, .T. ) ;
#363 = EDGE_LOOP ( 'NONE', ( #5533, #3923, #5995, #5539, #6569, #2104 ) ) ;
#364 = ORIENTED_EDGE ( 'NONE', *, *, #4461, .T. ) ;
#365 = FACE_OUTER_BOUND ( 'NONE', #6994, .T. ) ;
#366 = DIRECTION ( 'NONE',  ( 9.130123557772669600E-017, -0.0000000000000000000, 1.000000000000000000 ) ) ;
#367 = EDGE_CURVE ( 'NONE', #5623, #4027, #5574, .T. ) ;
#368 = DIRECTION ( 'NONE',  ( -1.000000000000000000, -0.0000000000000000000, 0.0000000000000000000 ) ) ;
#369 = EDGE_CURVE ( 'NONE', #307, #1004, #6904, .T. ) ;
#370 = ADVANCED_FACE ( 'NONE', ( #1232 ), #5459, .T. ) ;
#371 = CARTESIAN_POINT ( 'NONE',  ( 18.01407897551571900, 3.750000000000002700, -9.048484999999995900 ) ) ;
#372 = ORIENTED_EDGE ( 'NONE', *, *, #1154, .T. ) ;
#373 = AXIS2_PLACEMENT_3D ( 'NONE', #6681, #3258, #5436 ) ;
#374 = CARTESIAN_POINT ( 'NONE',  ( 5.099999999999997000, 0.0000000000000000000, -8.599999999999981900 ) ) ;
#375 = CARTESIAN_POINT ( 'NONE',  ( -18.03787096660201400, 3.801407856088301300, -8.992719317010479300 ) ) ;
#376 = CARTESIAN_POINT ( 'NONE',  ( 13.99999999999999500, 0.0000000000000000000, -9.999999999999973400 ) ) ;
#377 = CARTESIAN_POINT ( 'NONE',  ( 10.89999999999999500, 3.280350850198276100, -9.999999999999978700 ) ) ;
#378 = CARTESIAN_POINT ( 'NONE',  ( 18.04848499999999600, 3.775845182505165100, -9.003373464467117100 ) ) ;
#379 = EDGE_CURVE ( 'NONE', #5833, #3450, #3734, .T. ) ;
#380 = DIRECTION ( 'NONE',  ( 0.0000000000000000000, 1.000000000000000000, 0.0000000000000000000 ) ) ;
#381 = AXIS2_PLACEMENT_3D ( 'NONE', #2485, #4749, #888 ) ;
#382 = VECTOR ( 'NONE', #4755, 1000.000000000000000 ) ;
#383 = DIRECTION ( 'NONE',  ( -0.0000000000000000000, -1.000000000000000000, -0.0000000000000000000 ) ) ;
#384 = LINE ( 'NONE', #6483, #3519 ) ;
#385 = PLANE ( 'NONE',  #2788 ) ;
#386 = CARTESIAN_POINT ( 'NONE',  ( 17.96070554641596900, 3.849999999999997900, -8.976242980402227900 ) ) ;
#387 = ORIENTED_EDGE ( 'NONE', *, *, #466, .F. ) ;
#388 = FACE_OUTER_BOUND ( 'NONE', #6087, .T. ) ;
#389 = ADVANCED_FACE ( 'NONE', ( #6979 ), #1058, .T. ) ;
#390 = DIRECTION ( 'NONE',  ( 0.0000000000000000000, 0.0000000000000000000, 1.000000000000000000 ) ) ;
#391 = DIRECTION ( 'NONE',  ( 0.0000000000000000000, 1.000000000000000000, 0.0000000000000000000 ) ) ;
#392 = CARTESIAN_POINT ( 'NONE',  ( -17.97481569873566800, 3.832621394875236600, -9.007619950957225900 ) ) ;
#393 = ORIENTED_EDGE ( 'NONE', *, *, #3008, .T. ) ;
#394 = AXIS2_PLACEMENT_3D ( 'NONE', #7031, #835, #920 ) ;
#395 = UNCERTAINTY_MEASURE_WITH_UNIT (LENGTH_MEASURE( 1.000000000000000100E-005 ), #1449, 'distance_accuracy_value', 'NONE');
#396 = ORIENTED_EDGE ( 'NONE', *, *, #3452, .F. ) ;
#397 = FACE_OUTER_BOUND ( 'NONE', #1816, .T. ) ;
#398 = DIRECTION ( 'NONE',  ( 4.765723835101052200E-017, -1.000000000000000000, -3.652049423109063300E-015 ) ) ;
#399 = CARTESIAN_POINT ( 'NONE',  ( 18.04999999999999700, 3.776242980402224200, -9.003373429099754700 ) ) ;
#400 = DIRECTION ( 'NONE',  ( -0.0000000000000000000, -1.000000000000000000, 0.0000000000000000000 ) ) ;
#401 = ADVANCED_FACE ( 'NONE', ( #3380 ), #1781, .T. ) ;
#402 = CARTESIAN_POINT ( 'NONE',  ( 9.099999999999996100, 0.0000000000000000000, -9.999999999999978700 ) ) ;
#403 = ADVANCED_FACE ( 'NONE', ( #3915 ), #6678, .T. ) ;
#404 = ORIENTED_EDGE ( 'NONE', *, *, #4981, .F. ) ;
#405 = VECTOR ( 'NONE', #111, 1000.000000000000000 ) ;
#406 = EDGE_CURVE ( 'NONE', #775, #1593, #3471, .T. ) ;
#407 = FACE_OUTER_BOUND ( 'NONE', #2770, .T. ) ;
#408 = CARTESIAN_POINT ( 'NONE',  ( 10.89999999999999500, 1.000000000000000000, -8.600000000000003200 ) ) ;
#409 = CARTESIAN_POINT ( 'NONE',  ( -10.90000000000000400, 1.000000000000000900, 8.599999999999997900 ) ) ;
#410 = VECTOR ( 'NONE', #3680, 1000.000000000000000 ) ;
#411 = DIRECTION ( 'NONE',  ( 0.0000000000000000000, -1.000000000000000000, 0.0000000000000000000 ) ) ;
#412 = ORIENTED_EDGE ( 'NONE', *, *, #4468, .F. ) ;
#413 = VECTOR ( 'NONE', #884, 1000.000000000000000 ) ;
#414 = SURFACE_STYLE_USAGE ( .BOTH. , #6596 ) ;
#415 = LINE ( 'NONE', #2010, #6893 ) ;
#416 = FACE_OUTER_BOUND ( 'NONE', #550, .T. ) ;
#417 = CARTESIAN_POINT ( 'NONE',  ( 17.94999999999999600, 3.999999999999998200, -8.950000000000004600 ) ) ;
#418 = ORIENTED_EDGE ( 'NONE', *, *, #2984, .T. ) ;
#419 = EDGE_CURVE ( 'NONE', #4881, #1539, #5482, .T. ) ;
#420 = LINE ( 'NONE', #3911, #1570 ) ;
#421 = CARTESIAN_POINT ( 'NONE',  ( 2.899999999999994600, 1.000000000000000900, 8.599999999999985400 ) ) ;
#423 = EDGE_CURVE ( 'NONE', #3927, #553, #5835, .T. ) ;
#422 = CARTESIAN_POINT ( 'NONE',  ( 6.899999999999995000, 1.000000000000000000, -8.600000000000003200 ) ) ;
#424 = VECTOR ( 'NONE', #3442, 1000.000000000000000 ) ;
#425 = CARTESIAN_POINT ( 'NONE',  ( -17.98969502476189300, 3.806647766503490300, -9.033290527721163700 ) ) ;
#426 = FACE_OUTER_BOUND ( 'NONE', #4390, .T. ) ;
#427 =( GEOMETRIC_REPRESENTATION_CONTEXT ( 3 ) GLOBAL_UNCERTAINTY_ASSIGNED_CONTEXT ( ( #5682 ) ) GLOBAL_UNIT_ASSIGNED_CONTEXT ( ( #6340, #4628, #6919 ) ) REPRESENTATION_CONTEXT ( 'NONE', 'WORKASPACE' ) );
#428 = CARTESIAN_POINT ( 'NONE',  ( 13.09999999999999600, 1.000000000000000000, -8.600000000000003200 ) ) ;
#429 = CARTESIAN_POINT ( 'NONE',  ( 17.97624298040221900, 3.849999999999998800, -8.960705546415969300 ) ) ;
#430 = CARTESIAN_POINT ( 'NONE',  ( 10.89999999999999500, 0.0000000000000000000, 8.599999999999999600 ) ) ;
#431 = VERTEX_POINT ( 'NONE', #3928 ) ;
#432 = VECTOR ( 'NONE', #1026, 1000.000000000000000 ) ;
#433 = DIRECTION ( 'NONE',  ( 0.0000000000000000000, -1.000000000000000000, 0.0000000000000000000 ) ) ;
#434 = CARTESIAN_POINT ( 'NONE',  ( 2.899999999999994600, 3.280350850198276100, -9.999999999999985800 ) ) ;
#435 = CARTESIAN_POINT ( 'NONE',  ( -5.400000000000005700, 0.0000000000000000000, -9.999999999999994700 ) ) ;
#436 = LINE ( 'NONE', #1266, #4782 ) ;
#437 = ADVANCED_FACE ( 'NONE', ( #4688 ), #6754, .F. ) ;
#438 = EDGE_CURVE ( 'NONE', #6537, #2272, #2862, .T. ) ;
#439 = ORIENTED_EDGE ( 'NONE', *, *, #6790, .T. ) ;
#440 = ADVANCED_FACE ( 'NONE', ( #5043 ), #1178, .F. ) ;
#441 = ORIENTED_EDGE ( 'NONE', *, *, #1192, .T. ) ;
#442 = VECTOR ( 'NONE', #1480, 1000.000000000000000 ) ;
#443 = CARTESIAN_POINT ( 'NONE',  ( 18.00664776650348000, 3.833290527721164400, 8.974383950753830800 ) ) ;
#444 = ORIENTED_EDGE ( 'NONE', *, *, #6187, .T. ) ;
#445 = LINE ( 'NONE', #5927, #2361 ) ;
#446 = ORIENTED_EDGE ( 'NONE', *, *, #5347, .T. ) ;
#447 = ORIENTED_EDGE ( 'NONE', *, *, #2557, .F. ) ;
#448 = CARTESIAN_POINT ( 'NONE',  ( -1.100000000000005400, 1.000000000000000000, 10.00000000000000200 ) ) ;
#449 = ORIENTED_EDGE ( 'NONE', *, *, #183, .T. ) ;
#450 = ORIENTED_EDGE ( 'NONE', *, *, #5834, .F. ) ;
#451 = ADVANCED_FACE ( 'NONE', ( #2266 ), #3901, .F. ) ;
#452 = CARTESIAN_POINT ( 'NONE',  ( 17.94999999999999600, 3.849999999999998300, -8.950000000000001100 ) ) ;
#453 = CARTESIAN_POINT ( 'NONE',  ( 17.96077060816411800, 3.999999999999998200, -9.016006172872524300 ) ) ;
#454 = PRESENTATION_LAYER_ASSIGNMENT (  '', '', ( #5680 ) ) ;
#455 = CARTESIAN_POINT ( 'NONE',  ( -8.768931856586071100E-016, 3.412257689342990300E-014, -9.200000000000013500 ) ) ;
#456 = VECTOR ( 'NONE', #1759, 1000.000000000000000 ) ;
#457 = CARTESIAN_POINT ( 'NONE',  ( 6.599999999999994300, 0.0000000000000000000, 9.999999999999982200 ) ) ;
#458 = ORIENTED_EDGE ( 'NONE', *, *, #37, .F. ) ;
#459 = EDGE_LOOP ( 'NONE', ( #4790, #1124, #4452, #7228, #6612, #1777 ) ) ;
#460 = DIRECTION ( 'NONE',  ( 0.0000000000000000000, -0.0000000000000000000, 1.000000000000000000 ) ) ;
#461 = CARTESIAN_POINT ( 'NONE',  ( -13.10000000000000500, 4.000000000000000000, 8.599999999999999600 ) ) ;
#462 = SURFACE_SIDE_STYLE ('',( #2889 ) ) ;
#463 = CARTESIAN_POINT ( 'NONE',  ( -9.400000000000005700, 1.000000000000000000, -9.999999999999998200 ) ) ;
#464 = ORIENTED_EDGE ( 'NONE', *, *, #816, .T. ) ;
#465 = VECTOR ( 'NONE', #5322, 1000.000000000000000 ) ;
#466 = EDGE_CURVE ( 'NONE', #2522, #2546, #1062, .T. ) ;
#467 = CARTESIAN_POINT ( 'NONE',  ( 18.05000000000000800, 0.9999999999999965600, 9.014078975515721100 ) ) ;
#468 = ORIENTED_EDGE ( 'NONE', *, *, #3040, .F. ) ;
#469 = DIRECTION ( 'NONE',  ( -0.0000000000000000000, -1.000000000000000000, -0.0000000000000000000 ) ) ;
#470 = EDGE_CURVE ( 'NONE', #2829, #4190, #6370, .T. ) ;
#471 = CARTESIAN_POINT ( 'NONE',  ( -5.100000000000005900, 0.0000000000000000000, -8.599999999999994300 ) ) ;
#472 = EDGE_CURVE ( 'NONE', #5558, #6876, #4089, .T. ) ;
#473 = VECTOR ( 'NONE', #4906, 1000.000000000000000 ) ;
#474 = DIRECTION ( 'NONE',  ( -1.000000000000000000, -0.0000000000000000000, -0.0000000000000000000 ) ) ;
#475 = CARTESIAN_POINT ( 'NONE',  ( -5.400000000000005700, 1.000000000000000000, -9.999999999999994700 ) ) ;
#476 = AXIS2_PLACEMENT_3D ( 'NONE', #6382, #3082, #4132 ) ;
#477 = DIRECTION ( 'NONE',  ( 0.0000000000000000000, 0.0000000000000000000, 1.000000000000000000 ) ) ;
#478 = DIRECTION ( 'NONE',  ( 1.000000000000000000, 0.0000000000000000000, -0.0000000000000000000 ) ) ;
#479 = DIRECTION ( 'NONE',  ( -0.0000000000000000000, -1.000000000000000000, -0.0000000000000000000 ) ) ;
#480 = LINE ( 'NONE', #2295, #840 ) ;
#481 = CARTESIAN_POINT ( 'NONE',  ( -18.20000000000000300, 3.750000000000000900, 9.014078975515724700 ) ) ;
#482 = CARTESIAN_POINT ( 'NONE',  ( -18.20150000000000600, 3.816022770108154400, 9.003369892363382500 ) ) ;
#483 = EDGE_CURVE ( 'NONE', #2822, #5578, #3561, .T. ) ;
#484 = DIRECTION ( 'NONE',  ( -0.0000000000000000000, -1.000000000000000000, 0.0000000000000000000 ) ) ;
#485 = CARTESIAN_POINT ( 'NONE',  ( -18.01407897551572600, 3.750000000000001300, -9.049999999999997200 ) ) ;
#486 = ORIENTED_EDGE ( 'NONE', *, *, #6315, .T. ) ;
#487 = FACE_OUTER_BOUND ( 'NONE', #6841, .T. ) ;
#488 = CARTESIAN_POINT ( 'NONE',  ( 5.099999999999995200, 1.000000000000000000, -8.600000000000003200 ) ) ;
#489 = ORIENTED_EDGE ( 'NONE', *, *, #760, .T. ) ;
#490 = CARTESIAN_POINT ( 'NONE',  ( -13.10000000000000500, 0.0000000000000000000, -8.600000000000003200 ) ) ;
#491 = ORIENTED_EDGE ( 'NONE', *, *, #6805, .F. ) ;
#492 = ADVANCED_FACE ( 'NONE', ( #5385 ), #2778, .F. ) ;
#493 = CARTESIAN_POINT ( 'NONE',  ( -5.100000000000005900, 0.0000000000000000000, -9.999999999999994700 ) ) ;
#494 = CARTESIAN_POINT ( 'NONE',  ( -13.10000000000000500, 1.000000000000000000, 8.599999999999999600 ) ) ;
#495 = CARTESIAN_POINT ( 'NONE',  ( 10.89999999999999500, 1.000000000000000900, 9.999999999999978700 ) ) ;
#496 = VERTEX_POINT ( 'NONE', #10 ) ;
#497 = PLANE ( 'NONE',  #3610 ) ;
#498 = ORIENTED_EDGE ( 'NONE', *, *, #6805, .T. ) ;
#499 = FACE_OUTER_BOUND ( 'NONE', #4953, .T. ) ;
#500 = DIRECTION ( 'NONE',  ( -0.0000000000000000000, -1.000000000000000000, 0.0000000000000000000 ) ) ;
#501 = FACE_OUTER_BOUND ( 'NONE', #1075, .T. ) ;
#502 = FILL_AREA_STYLE_COLOUR ( '', #685 ) ;
#503 = ORIENTED_EDGE ( 'NONE', *, *, #6413, .F. ) ;
#504 = CARTESIAN_POINT ( 'NONE',  ( 5.099999999999997000, 3.280350850198276100, 8.599999999999981900 ) ) ;
#505 = CARTESIAN_POINT ( 'NONE',  ( 13.09999999999999600, 1.000000000000000000, -9.999999999999973400 ) ) ;
#506 =( LENGTH_UNIT ( ) NAMED_UNIT ( * ) SI_UNIT ( .MILLI., .METRE. ) );
#507 = ORIENTED_EDGE ( 'NONE', *, *, #3668, .T. ) ;
#508 = LINE ( 'NONE', #2475, #5106 ) ;
#509 = DIRECTION ( 'NONE',  ( 1.000000000000000000, 0.0000000000000000000, -1.239088197126290900E-015 ) ) ;
#510 = DIRECTION ( 'NONE',  ( 9.130123557772669600E-017, -0.0000000000000000000, 1.000000000000000000 ) ) ;
#511 = VECTOR ( 'NONE', #6858, 1000.000000000000000 ) ;
#512 = CARTESIAN_POINT ( 'NONE',  ( -18.01650084468091300, 3.825656294836589300, -8.979390285392279100 ) ) ;
#513 = VERTEX_POINT ( 'NONE', #4469 ) ;
#514 = LINE ( 'NONE', #177, #3990 ) ;
#515 = EDGE_CURVE ( 'NONE', #2536, #1691, #4857, .T. ) ;
#516 = CIRCLE ( 'NONE', #4133, 0.5999999999999998700 ) ;
#517 = DIRECTION ( 'NONE',  ( -1.000000000000000000, 0.0000000000000000000, 0.0000000000000000000 ) ) ;
#518 = EDGE_CURVE ( 'NONE', #1955, #4275, #1156, .T. ) ;
#519 = VECTOR ( 'NONE', #5733, 1000.000000000000000 ) ;
#520 = CARTESIAN_POINT ( 'NONE',  ( 1.999999999999994900, 0.0000000000000000000, 9.999999999999985800 ) ) ;
#521 = VERTEX_POINT ( 'NONE', #3483 ) ;
#522 = ORIENTED_EDGE ( 'NONE', *, *, #1496, .F. ) ;
#523 = VECTOR ( 'NONE', #1710, 1000.000000000000000 ) ;
#524 = CARTESIAN_POINT ( 'NONE',  ( -2.900000000000004800, 1.000000000000000000, -9.999999999999989300 ) ) ;
#525 = CARTESIAN_POINT ( 'NONE',  ( 18.99999999999999600, 1.000000000000000000, -10.00000000000000200 ) ) ;
#526 = LINE ( 'NONE', #4167, #4086 ) ;
#527 = EDGE_CURVE ( 'NONE', #3746, #611, #6810, .T. ) ;
#528 = EDGE_CURVE ( 'NONE', #803, #6942, #2095, .T. ) ;
#529 = ORIENTED_EDGE ( 'NONE', *, *, #1646, .T. ) ;
#530 = VECTOR ( 'NONE', #789, 1000.000000000000000 ) ;
#531 = PLANE ( 'NONE',  #6104 ) ;
#532 = DIRECTION ( 'NONE',  ( 3.652049423109063300E-015, -1.000000000000000000, 6.123233995736766000E-017 ) ) ;
#533 = PRESENTATION_LAYER_ASSIGNMENT (  '', '', ( #773 ) ) ;
#534 = ORIENTED_EDGE ( 'NONE', *, *, #4948, .T. ) ;
#535 = LINE ( 'NONE', #3819, #1849 ) ;
#536 = CARTESIAN_POINT ( 'NONE',  ( -18.08069627071464300, 3.972842177522287500, 8.971407421129052700 ) ) ;
#537 = ORIENTED_EDGE ( 'NONE', *, *, #4806, .F. ) ;
#538 = CARTESIAN_POINT ( 'NONE',  ( -1.400000000000005500, 0.0000000000000000000, -9.999999999999989300 ) ) ;
#539 = EDGE_LOOP ( 'NONE', ( #5191, #6390, #6956, #6670 ) ) ;
#540 = ORIENTED_EDGE ( 'NONE', *, *, #2303, .T. ) ;
#541 = ORIENTED_EDGE ( 'NONE', *, *, #5967, .F. ) ;
#542 = CARTESIAN_POINT ( 'NONE',  ( 18.01600617287251500, 3.999999999999998200, 8.960770608164111200 ) ) ;
#543 = ORIENTED_EDGE ( 'NONE', *, *, #6459, .T. ) ;
#544 = ORIENTED_EDGE ( 'NONE', *, *, #1549, .F. ) ;
#545 = ORIENTED_EDGE ( 'NONE', *, *, #770, .T. ) ;
#546 = CARTESIAN_POINT ( 'NONE',  ( 9.099999999999996100, 3.280350850198276100, 9.999999999999978700 ) ) ;
#547 = CARTESIAN_POINT ( 'NONE',  ( -18.00337346446712400, 3.775845182505162400, -9.048484999999995900 ) ) ;
#548 = CARTESIAN_POINT ( 'NONE',  ( -2.900000000000003500, 1.000000000000000000, -8.599999999999989000 ) ) ;
#549 = PRESENTATION_LAYER_ASSIGNMENT (  '', '', ( #3755 ) ) ;
#550 = EDGE_LOOP ( 'NONE', ( #241, #3461, #2200, #4108 ) ) ;
#551 = ORIENTED_EDGE ( 'NONE', *, *, #4657, .T. ) ;
#552 = DIRECTION ( 'NONE',  ( 0.0000000000000000000, -1.000000000000000000, 0.0000000000000000000 ) ) ;
#553 = VERTEX_POINT ( 'NONE', #1823 ) ;
#554 = ORIENTED_EDGE ( 'NONE', *, *, #5783, .F. ) ;
#555 = DIRECTION ( 'NONE',  ( 0.0000000000000000000, 1.000000000000000000, 0.0000000000000000000 ) ) ;
#556 = ORIENTED_EDGE ( 'NONE', *, *, #1401, .F. ) ;
#557 = CARTESIAN_POINT ( 'NONE',  ( 1.099999999999995000, 3.280350850198276100, 9.999999999999985800 ) ) ;
#558 =( NAMED_UNIT ( * ) SI_UNIT ( $, .STERADIAN. ) SOLID_ANGLE_UNIT ( ) );
#559 = PLANE ( 'NONE',  #1687 ) ;
#560 = EDGE_CURVE ( 'NONE', #5027, #29, #6197, .T. ) ;
#561 = ADVANCED_FACE ( 'NONE', ( #6016 ), #5706, .T. ) ;
#562 = DIRECTION ( 'NONE',  ( -1.000000000000000000, -0.0000000000000000000, 0.0000000000000000000 ) ) ;
#563 = CARTESIAN_POINT ( 'NONE',  ( -10.90000000000000600, 0.0000000000000000000, 9.999999999999998200 ) ) ;
#564 = DIRECTION ( 'NONE',  ( -0.0000000000000000000, -1.000000000000000000, 0.0000000000000000000 ) ) ;
#565 = VECTOR ( 'NONE', #9, 1000.000000000000000 ) ;
#566 = CARTESIAN_POINT ( 'NONE',  ( 10.59999999999999400, 0.0000000000000000000, 9.999999999999978700 ) ) ;
#567 = EDGE_CURVE ( 'NONE', #5014, #1688, #253, .T. ) ;
#568 = PLANE ( 'NONE',  #5811 ) ;
#569 = EDGE_CURVE ( 'NONE', #243, #2613, #3818, .T. ) ;
#570 = DIRECTION ( 'NONE',  ( 0.0000000000000000000, 0.0000000000000000000, -1.000000000000000000 ) ) ;
#571 = VECTOR ( 'NONE', #5930, 1000.000000000000000 ) ;
#572 = CARTESIAN_POINT ( 'NONE',  ( 2.899999999999994600, 4.000000000000000000, 8.599999999999999600 ) ) ;
#573 = FILL_AREA_STYLE ('',( #502 ) ) ;
#574 = EDGE_LOOP ( 'NONE', ( #6369, #5818, #7215, #1423 ) ) ;
#575 = FACE_OUTER_BOUND ( 'NONE', #3583, .T. ) ;
#576 = CARTESIAN_POINT ( 'NONE',  ( 18.01102237845778800, 3.757489732941508900, 9.049789318988406000 ) ) ;
#577 = CARTESIAN_POINT ( 'NONE',  ( -18.20000000000000300, 3.750000000000000900, 9.014078975515724700 ) ) ;
#578 = EDGE_CURVE ( 'NONE', #5479, #4057, #1578, .T. ) ;
#579 = DIRECTION ( 'NONE',  ( 1.429717150530335400E-016, 3.043374519257552500E-015, 1.000000000000000000 ) ) ;
#580 = VERTEX_POINT ( 'NONE', #4263 ) ;
#581 = CARTESIAN_POINT ( 'NONE',  ( 10.89999999999999500, 0.0000000000000000000, -8.600000000000003200 ) ) ;
#582 = ORIENTED_EDGE ( 'NONE', *, *, #4626, .T. ) ;
#583 = VERTEX_POINT ( 'NONE', #361 ) ;
#584 = LINE ( 'NONE', #4956, #6162 ) ;
#585 = VECTOR ( 'NONE', #7008, 1000.000000000000000 ) ;
#586 = DIRECTION ( 'NONE',  ( 1.000000000000000000, 0.0000000000000000000, 0.0000000000000000000 ) ) ;
#587 = AXIS2_PLACEMENT_3D ( 'NONE', #4893, #391, #5935 ) ;
#588 = MANIFOLD_SOLID_BREP ( 'LPattern2[4]', #5674 ) ;
#589 = VERTEX_POINT ( 'NONE', #435 ) ;
#590 = FACE_OUTER_BOUND ( 'NONE', #180, .T. ) ;
#591 = CARTESIAN_POINT ( 'NONE',  ( 17.94999999999999600, 3.999999999999998200, 8.949999999999997500 ) ) ;
#592 = VECTOR ( 'NONE', #869, 1000.000000000000000 ) ;
#593 = EDGE_LOOP ( 'NONE', ( #2370, #3558, #705, #3060, #6845, #5801 ) ) ;
#594 = LINE ( 'NONE', #6477, #6346 ) ;
#595 = PLANE ( 'NONE',  #6415 ) ;
#596 = ADVANCED_FACE ( 'NONE', ( #5211 ), #928, .T. ) ;
#597 = SURFACE_STYLE_FILL_AREA ( #3071 ) ;
#598 = DIRECTION ( 'NONE',  ( 0.0000000000000000000, 0.0000000000000000000, 1.000000000000000000 ) ) ;
#599 = VERTEX_POINT ( 'NONE', #2033 ) ;
#600 = LINE ( 'NONE', #2717, #6621 ) ;
#601 = LINE ( 'NONE', #6381, #5998 ) ;
#602 = B_SPLINE_CURVE_WITH_KNOTS ( 'NONE', 3,
 ( #665, #1815, #694, #1773, #4570, #725 ),
 .UNSPECIFIED., .F., .F.,
 ( 4, 2, 4 ),
 ( 0.0000000000000000000, 0.0001982799521481193400, 0.0003965599042962377100 ),
 .UNSPECIFIED. ) ;
#603 = FACE_OUTER_BOUND ( 'NONE', #1034, .T. ) ;
#604 = CARTESIAN_POINT ( 'NONE',  ( 13.09999999999999600, 1.000000000000000000, -8.600000000000003200 ) ) ;
#605 = CARTESIAN_POINT ( 'NONE',  ( -18.05000000000000400, 3.750000000000000000, 9.014078975515724700 ) ) ;
#606 = ORIENTED_EDGE ( 'NONE', *, *, #1840, .T. ) ;
#607 = VECTOR ( 'NONE', #2593, 1000.000000000000000 ) ;
#608 = DIRECTION ( 'NONE',  ( -0.0000000000000000000, -1.000000000000000000, -0.0000000000000000000 ) ) ;
#609 = FACE_OUTER_BOUND ( 'NONE', #2663, .T. ) ;
#610 = LINE ( 'NONE', #4848, #707 ) ;
#611 = VERTEX_POINT ( 'NONE', #6468 ) ;
#612 = ORIENTED_EDGE ( 'NONE', *, *, #6936, .F. ) ;
#613 = EDGE_CURVE ( 'NONE', #5976, #1893, #2506, .T. ) ;
#614 = VECTOR ( 'NONE', #500, 1000.000000000000000 ) ;
#615 = CARTESIAN_POINT ( 'NONE',  ( -18.20000000000001400, 0.9999999999999970000, -9.014078975515722900 ) ) ;
#616 = EDGE_CURVE ( 'NONE', #6809, #6294, #4608, .T. ) ;
#617 = B_SPLINE_SURFACE_WITH_KNOTS ( 'NONE', 1, 3, ( 
 ( #755, #4071, #1898, #779, #1857, #4649 ),
 ( #5785, #2392, #5709, #4097, #2925, #3513 ),
 ( #173, #4046, #4582, #3556, #5111, #4029 ),
 ( #808, #2375, #6309, #4116, #4612, #5762 ) ),
 .UNSPECIFIED., .F., .F., .F.,
 ( 2, 1, 1, 2 ),
 ( 4, 2, 4 ),
 ( -0.01000000000000000000, 0.0000000000000000000, 1.000000000000000000, 1.010100000000000000 ),
 ( 0.0000000000000000000, 0.5000000000000000000, 1.000000000000000000 ),
 .UNSPECIFIED. ) ;
#618 = CARTESIAN_POINT ( 'NONE',  ( 9.099999999999997900, 1.000000000000000900, -8.599999999999978300 ) ) ;
#619 = VECTOR ( 'NONE', #6690, 1000.000000000000000 ) ;
#620 = AXIS2_PLACEMENT_3D ( 'NONE', #1181, #2803, #4499 ) ;
#621 = CARTESIAN_POINT ( 'NONE',  ( 17.94999999999999600, 3.999999999999998200, -8.950000000000002800 ) ) ;
#622 = VERTEX_POINT ( 'NONE', #4284 ) ;
#623 = ORIENTED_EDGE ( 'NONE', *, *, #4938, .F. ) ;
#624 = VECTOR ( 'NONE', #1411, 1000.000000000000000 ) ;
#625 = CARTESIAN_POINT ( 'NONE',  ( -17.97140742112905100, 3.972842177522287500, -9.080696270714641500 ) ) ;
#626 = ORIENTED_EDGE ( 'NONE', *, *, #2920, .T. ) ;
#627 = VECTOR ( 'NONE', #3245, 1000.000000000000000 ) ;
#628 = EDGE_CURVE ( 'NONE', #2092, #4714, #2595, .T. ) ;
#629 = EDGE_LOOP ( 'NONE', ( #4172, #7073, #3502, #4701 ) ) ;
#630 = EDGE_LOOP ( 'NONE', ( #5508, #2608, #3611, #1161 ) ) ;
#631 = DIRECTION ( 'NONE',  ( 1.000000000000000000, 0.0000000000000000000, -9.130123557772669600E-017 ) ) ;
#632 = ORIENTED_EDGE ( 'NONE', *, *, #5965, .F. ) ;
#633 = ORIENTED_EDGE ( 'NONE', *, *, #2703, .F. ) ;
#634 = EDGE_LOOP ( 'NONE', ( #2406, #3229, #5840, #3593 ) ) ;
#635 = CARTESIAN_POINT ( 'NONE',  ( 18.01407897551571900, 0.9999999999999965600, 9.050000000000006000 ) ) ;
#636 = CARTESIAN_POINT ( 'NONE',  ( 18.01407897551571900, 3.750000000000000900, 9.048484999999995900 ) ) ;
#637 = CARTESIAN_POINT ( 'NONE',  ( -1.100000000000005400, 1.000000000000000000, 8.599999999999999600 ) ) ;
#638 = FACE_OUTER_BOUND ( 'NONE', #1070, .T. ) ;
#639 = DIRECTION ( 'NONE',  ( -0.0000000000000000000, -1.000000000000000000, 0.0000000000000000000 ) ) ;
#640 = ADVANCED_FACE ( 'NONE', ( #6898 ), #3159, .T. ) ;
#641 = VERTEX_POINT ( 'NONE', #4803 ) ;
#642 = ORIENTED_EDGE ( 'NONE', *, *, #4315, .T. ) ;
#643 = AXIS2_PLACEMENT_3D ( 'NONE', #6531, #6486, #3698 ) ;
#644 = CLOSED_SHELL ( 'NONE', ( #7141, #1848, #213, #6706, #671, #5180, #2347, #1436 ) ) ;
#645 = DIRECTION ( 'NONE',  ( 1.000000000000000000, 0.0000000000000000000, -1.239088197126290900E-015 ) ) ;
#646 = ORIENTED_EDGE ( 'NONE', *, *, #1797, .F. ) ;
#647 = COLOUR_RGB ( '',0.9686274509803921600, 0.8784313725490196000, 0.5999999999999999800 ) ;
#648 = CARTESIAN_POINT ( 'NONE',  ( 17.94999999999999600, 3.849999999999998300, -8.950000000000001100 ) ) ;
#649 = DIRECTION ( 'NONE',  ( -1.000000000000000000, 0.0000000000000000000, 0.0000000000000000000 ) ) ;
#650 = AXIS2_PLACEMENT_3D ( 'NONE', #4699, #5258, #2479 ) ;
#651 = ORIENTED_EDGE ( 'NONE', *, *, #2239, .F. ) ;
#652 = AXIS2_PLACEMENT_3D ( 'NONE', #4041, #5161, #733 ) ;
#653 = EDGE_LOOP ( 'NONE', ( #1862, #6015, #2580, #5621 ) ) ;
#654 = LINE ( 'NONE', #6145, #1272 ) ;
#655 = CARTESIAN_POINT ( 'NONE',  ( 5.099999999999995200, 0.0000000000000000000, 9.999999999999982200 ) ) ;
#656 = CARTESIAN_POINT ( 'NONE',  ( -18.05000000000000400, 3.750000000000000000, 9.014078975515724700 ) ) ;
#657 = DIRECTION ( 'NONE',  ( 1.000000000000000000, 0.0000000000000000000, 0.0000000000000000000 ) ) ;
#658 = CARTESIAN_POINT ( 'NONE',  ( -17.97584518250517100, 3.848484999999998800, 8.960705511048610500 ) ) ;
#659 = PLANE ( 'NONE',  #4394 ) ;
#660 = EDGE_CURVE ( 'NONE', #1865, #4871, #5824, .T. ) ;
#661 = VECTOR ( 'NONE', #3079, 1000.000000000000000 ) ;
#662 = AXIS2_PLACEMENT_3D ( 'NONE', #303, #228, #3537 ) ;
#663 = DIRECTION ( 'NONE',  ( 0.0000000000000000000, -1.000000000000000000, 0.0000000000000000000 ) ) ;
#664 = CARTESIAN_POINT ( 'NONE',  ( 2.899999999999994600, 1.000000000000000000, 0.0000000000000000000 ) ) ;
#665 = CARTESIAN_POINT ( 'NONE',  ( 17.94999999999999600, 3.999999999999998200, -8.950000000000002800 ) ) ;
#666 = LINE ( 'NONE', #3490, #2224 ) ;
#667 = VERTEX_POINT ( 'NONE', #5946 ) ;
#668 = EDGE_CURVE ( 'NONE', #5960, #6903, #6360, .T. ) ;
#669 = CARTESIAN_POINT ( 'NONE',  ( -13.10000000000000500, 4.000000000000000000, -8.600000000000003200 ) ) ;
#670 = EDGE_CURVE ( 'NONE', #1754, #2440, #3724, .T. ) ;
#671 = ADVANCED_FACE ( 'NONE', ( #1669 ), #341, .F. ) ;
#672 = AXIS2_PLACEMENT_3D ( 'NONE', #6812, #3940, #2268 ) ;
#673 = ORIENTED_EDGE ( 'NONE', *, *, #5145, .T. ) ;
#674 = FACE_OUTER_BOUND ( 'NONE', #993, .T. ) ;
#675 = CARTESIAN_POINT ( 'NONE',  ( -1.100000000000005400, 3.280350850198276100, -9.999999999999989300 ) ) ;
#676 = ORIENTED_EDGE ( 'NONE', *, *, #74, .F. ) ;
#677 = CARTESIAN_POINT ( 'NONE',  ( -18.05000000000000400, 3.753742562072955200, 9.012552236884191700 ) ) ;
#678 = CARTESIAN_POINT ( 'NONE',  ( 17.94999999999999600, 3.849999999999998800, 8.949999999999997500 ) ) ;
#679 = CARTESIAN_POINT ( 'NONE',  ( -2.900000000000004800, 3.280350850198276100, 9.999999999999989300 ) ) ;
#680 = EDGE_CURVE ( 'NONE', #4429, #1965, #6063, .T. ) ;
#681 = VECTOR ( 'NONE', #4859, 1000.000000000000000 ) ;
#682 = DIRECTION ( 'NONE',  ( -0.0000000000000000000, -0.0000000000000000000, 1.000000000000000000 ) ) ;
#683 = VERTEX_POINT ( 'NONE', #2720 ) ;
#684 = CARTESIAN_POINT ( 'NONE',  ( -9.100000000000005000, 1.000000000000000900, 8.599999999999997900 ) ) ;
#685 = COLOUR_RGB ( '',0.0000000000000000000, 0.0000000000000000000, 0.7529411764705882200 ) ;
#686 = DIRECTION ( 'NONE',  ( -0.0000000000000000000, -1.000000000000000000, 0.0000000000000000000 ) ) ;
#687 = VERTEX_POINT ( 'NONE', #5499 ) ;
#688 = FACE_OUTER_BOUND ( 'NONE', #5093, .T. ) ;
#689 = CARTESIAN_POINT ( 'NONE',  ( 14.59999999999999400, 3.280350850198276100, 9.999999999999973400 ) ) ;
#690 = EDGE_LOOP ( 'NONE', ( #4555, #3899, #5320, #554 ) ) ;
#691 = DIRECTION ( 'NONE',  ( 0.0000000000000000000, 1.000000000000000000, 0.0000000000000000000 ) ) ;
#692 = VECTOR ( 'NONE', #6245, 1000.000000000000000 ) ;
#693 = B_SPLINE_SURFACE_WITH_KNOTS ( 'NONE', 1, 3, ( 
 ( #5452, #5969, #3720, #941, #6581, #1475 ),
 ( #7077, #1580, #4292, #2039, #2674, #417 ),
 ( #2575, #6598, #3200, #976, #386, #452 ),
 ( #371, #4317, #7146, #5952, #3692, #1021 ) ),
 .UNSPECIFIED., .F., .F., .F.,
 ( 2, 1, 1, 2 ),
 ( 4, 2, 4 ),
 ( -0.01000000000000000000, 0.0000000000000000000, 1.000000000000000000, 1.010100000000000000 ),
 ( 0.0000000000000000000, 0.5000000000000000000, 1.000000000000000000 ),
 .UNSPECIFIED. ) ;
#694 = CARTESIAN_POINT ( 'NONE',  ( 18.08069627071463600, 3.972842177522287500, -8.971407421129054400 ) ) ;
#695 = CARTESIAN_POINT ( 'NONE',  ( -2.900000000000004800, 1.000000000000000000, -9.999999999999989300 ) ) ;
#696 = LINE ( 'NONE', #5188, #2340 ) ;
#697 = AXIS2_PLACEMENT_3D ( 'NONE', #5662, #5109, #4376 ) ;
#698 = VERTEX_POINT ( 'NONE', #3291 ) ;
#699 = ORIENTED_EDGE ( 'NONE', *, *, #1705, .T. ) ;
#700 = LINE ( 'NONE', #2808, #4761 ) ;
#701 = DIRECTION ( 'NONE',  ( 4.028596705594795600E-032, 3.491481338843133000E-015, -1.000000000000000000 ) ) ;
#702 = VECTOR ( 'NONE', #916, 1000.000000000000000 ) ;
#703 = LINE ( 'NONE', #7013, #6181 ) ;
#704 = ORIENTED_EDGE ( 'NONE', *, *, #1066, .T. ) ;
#705 = ORIENTED_EDGE ( 'NONE', *, *, #1951, .T. ) ;
#706 = EDGE_CURVE ( 'NONE', #4343, #4088, #3332, .T. ) ;
#707 = VECTOR ( 'NONE', #3121, 1000.000000000000000 ) ;
#708 = CARTESIAN_POINT ( 'NONE',  ( -1.100000000000005400, 3.280350850198276100, 9.999999999999989300 ) ) ;
#709 = CARTESIAN_POINT ( 'NONE',  ( 14.89999999999999500, 3.280350850198276100, -9.999999999999973400 ) ) ;
#710 = CARTESIAN_POINT ( 'NONE',  ( -14.60000000000000500, 0.0000000000000000000, 10.00000000000000200 ) ) ;
#711 = AXIS2_PLACEMENT_3D ( 'NONE', #5949, #934, #4270 ) ;
#712 = ORIENTED_EDGE ( 'NONE', *, *, #3118, .T. ) ;
#713 = LINE ( 'NONE', #5261, #4008 ) ;
#714 = DIRECTION ( 'NONE',  ( 0.0000000000000000000, 0.0000000000000000000, 1.000000000000000000 ) ) ;
#715 = ADVANCED_FACE ( 'NONE', ( #2678 ), #1224, .F. ) ;
#716 = ORIENTED_EDGE ( 'NONE', *, *, #6233, .F. ) ;
#717 = LINE ( 'NONE', #4884, #1944 ) ;
#718 = EDGE_CURVE ( 'NONE', #1965, #2101, #3373, .T. ) ;
#719 = ORIENTED_EDGE ( 'NONE', *, *, #3617, .F. ) ;
#720 = ORIENTED_EDGE ( 'NONE', *, *, #1324, .T. ) ;
#721 = CARTESIAN_POINT ( 'NONE',  ( 10.89999999999999500, 0.0000000000000000000, 8.599999999999999600 ) ) ;
#722 = EDGE_CURVE ( 'NONE', #5588, #3348, #7135, .T. ) ;
#723 = ORIENTED_EDGE ( 'NONE', *, *, #6273, .F. ) ;
#724 = EDGE_LOOP ( 'NONE', ( #1903, #3885, #16, #2006 ) ) ;
#725 = CARTESIAN_POINT ( 'NONE',  ( 18.19999999999999600, 3.750000000000000900, -9.014078975515722900 ) ) ;
#726 = DIRECTION ( 'NONE',  ( -3.491481338843133000E-015, -1.000000000000000000, 0.0000000000000000000 ) ) ;
#727 = ORIENTED_EDGE ( 'NONE', *, *, #6167, .T. ) ;
#728 = DIRECTION ( 'NONE',  ( -1.000000000000000000, 0.0000000000000000000, -0.0000000000000000000 ) ) ;
#729 = ORIENTED_EDGE ( 'NONE', *, *, #3507, .F. ) ;
#730 = CARTESIAN_POINT ( 'NONE',  ( 14.59999999999999400, 0.0000000000000000000, -9.999999999999973400 ) ) ;
#731 = ORIENTED_EDGE ( 'NONE', *, *, #909, .F. ) ;
#732 = VERTEX_POINT ( 'NONE', #485 ) ;
#733 = DIRECTION ( 'NONE',  ( -1.239088197126290900E-015, 0.0000000000000000000, 1.000000000000000000 ) ) ;
#734 = EDGE_CURVE ( 'NONE', #6211, #2440, #6971, .T. ) ;
#735 =( GEOMETRIC_REPRESENTATION_CONTEXT ( 3 ) GLOBAL_UNCERTAINTY_ASSIGNED_CONTEXT ( ( #4363 ) ) GLOBAL_UNIT_ASSIGNED_CONTEXT ( ( #6312, #5115, #1831 ) ) REPRESENTATION_CONTEXT ( 'NONE', 'WORKASPACE' ) );
#736 = ORIENTED_EDGE ( 'NONE', *, *, #2386, .T. ) ;
#737 = CARTESIAN_POINT ( 'NONE',  ( 10.89999999999999500, 4.000000000000000000, 10.00000000000000200 ) ) ;
#738 = DIRECTION ( 'NONE',  ( 0.0000000000000000000, 0.0000000000000000000, 1.000000000000000000 ) ) ;
#739 = CARTESIAN_POINT ( 'NONE',  ( -6.900000000000004800, 0.0000000000000000000, -8.600000000000003200 ) ) ;
#740 = CARTESIAN_POINT ( 'NONE',  ( 18.01562891080414300, 3.999999999999999100, 8.960709048135152300 ) ) ;
#741 = PLANE ( 'NONE',  #2622 ) ;
#742 = EDGE_LOOP ( 'NONE', ( #2085, #7162, #582, #4786, #6751, #3301 ) ) ;
#743 = AXIS2_PLACEMENT_3D ( 'NONE', #3512, #3009, #2949 ) ;
#744 = ORIENTED_EDGE ( 'NONE', *, *, #5163, .F. ) ;
#745 = DIRECTION ( 'NONE',  ( 0.0000000000000000000, 0.0000000000000000000, -1.000000000000000000 ) ) ;
#746 = PLANE ( 'NONE',  #4048 ) ;
#747 = CARTESIAN_POINT ( 'NONE',  ( -9.400000000000005700, 1.000000000000000900, -9.999999999999998200 ) ) ;
#748 = ADVANCED_FACE ( 'NONE', ( #1749 ), #7216, .F. ) ;
#749 = VECTOR ( 'NONE', #3544, 1000.000000000000000 ) ;
#750 = ORIENTED_EDGE ( 'NONE', *, *, #6020, .T. ) ;
#751 = DIRECTION ( 'NONE',  ( 1.239088197126290700E-015, 0.0000000000000000000, -1.000000000000000000 ) ) ;
#752 = CARTESIAN_POINT ( 'NONE',  ( 18.00330836735160400, 3.816006172872520100, 9.199999999999997500 ) ) ;
#753 = VECTOR ( 'NONE', #3307, 1000.000000000000000 ) ;
#754 = CARTESIAN_POINT ( 'NONE',  ( 10.59999999999999400, 0.0000000000000000000, -9.999999999999978700 ) ) ;
#755 = CARTESIAN_POINT ( 'NONE',  ( -18.01407897551572600, 3.750000000000000900, 9.201499999999997600 ) ) ;
#756 = CARTESIAN_POINT ( 'NONE',  ( -2.000000000000005300, 1.000000000000000000, 9.999999999999989300 ) ) ;
#757 = CARTESIAN_POINT ( 'NONE',  ( 18.08127964467895800, 3.974395066257867500, 8.971359658505237500 ) ) ;
#758 = EDGE_CURVE ( 'NONE', #1854, #698, #2259, .T. ) ;
#760 = EDGE_CURVE ( 'NONE', #1772, #937, #792, .T. ) ;
#759 = DIRECTION ( 'NONE',  ( 1.239088197126290900E-015, -0.0000000000000000000, 1.000000000000000000 ) ) ;
#761 = AXIS2_PLACEMENT_3D ( 'NONE', #5427, #2115, #1120 ) ;
#762 = EDGE_LOOP ( 'NONE', ( #2186, #1259, #5366, #2477 ) ) ;
#763 = LINE ( 'NONE', #296, #4654 ) ;
#764 = DIRECTION ( 'NONE',  ( 1.239088197126290700E-015, 0.0000000000000000000, 1.000000000000000000 ) ) ;
#765 = ORIENTED_EDGE ( 'NONE', *, *, #6924, .T. ) ;
#766 = DIRECTION ( 'NONE',  ( 3.652049423109063300E-015, 1.000000000000000000, 0.0000000000000000000 ) ) ;
#767 = ORIENTED_EDGE ( 'NONE', *, *, #900, .F. ) ;
#768 = EDGE_LOOP ( 'NONE', ( #138, #4443, #3672, #2518 ) ) ;
#769 = DIRECTION ( 'NONE',  ( 9.637352644315598700E-016, 0.0000000000000000000, -1.000000000000000000 ) ) ;
#770 = EDGE_CURVE ( 'NONE', #4057, #3938, #4423, .T. ) ;
#771 = VECTOR ( 'NONE', #31, 1000.000000000000000 ) ;
#772 = CARTESIAN_POINT ( 'NONE',  ( -10.90000000000000600, 1.000000000000000000, -9.999999999999998200 ) ) ;
#773 = STYLED_ITEM ( 'NONE', ( #1350 ), #6766 ) ;
#774 = CARTESIAN_POINT ( 'NONE',  ( 18.20000000000001000, 6.699102170141147000E-014, 0.0000000000000000000 ) ) ;
#775 = VERTEX_POINT ( 'NONE', #3319 ) ;
#776 = DIRECTION ( 'NONE',  ( 0.0000000000000000000, -0.0000000000000000000, 1.000000000000000000 ) ) ;
#777 = FACE_OUTER_BOUND ( 'NONE', #167, .T. ) ;
#778 = CARTESIAN_POINT ( 'NONE',  ( 18.99999999999999600, 0.0000000000000000000, 9.999999999999998200 ) ) ;
#779 = CARTESIAN_POINT ( 'NONE',  ( -17.97135965850524600, 3.974395066257865800, 9.081279644678966500 ) ) ;
#780 = CARTESIAN_POINT ( 'NONE',  ( -14.00000000000000500, 3.280350850198276100, -10.00000000000000200 ) ) ;
#781 = AXIS2_PLACEMENT_3D ( 'NONE', #1271, #6571, #4781 ) ;
#782 = EDGE_LOOP ( 'NONE', ( #1251, #6955, #2837, #4165 ) ) ;
#783 = VECTOR ( 'NONE', #5147, 1000.000000000000000 ) ;
#784 = CARTESIAN_POINT ( 'NONE',  ( 18.20149999999999900, 3.750000000000000900, 9.014078975515721100 ) ) ;
#785 = VERTEX_POINT ( 'NONE', #1673 ) ;
#786 = VECTOR ( 'NONE', #1978, 1000.000000000000000 ) ;
#787 = COLOUR_RGB ( '',0.9686274509803921600, 0.8784313725490196000, 0.5999999999999999800 ) ;
#788 = ADVANCED_FACE ( 'NONE', ( #156 ), #7168, .T. ) ;
#789 = DIRECTION ( 'NONE',  ( -1.000000000000000000, 0.0000000000000000000, 9.130123557772669600E-017 ) ) ;
#790 = LINE ( 'NONE', #4301, #3186 ) ;
#791 = VERTEX_POINT ( 'NONE', #1599 ) ;
#792 = LINE ( 'NONE', #7132, #2853 ) ;
#793 = VECTOR ( 'NONE', #4056, 1000.000000000000000 ) ;
#794 = CARTESIAN_POINT ( 'NONE',  ( -8.625960141533034400E-016, 0.9999999999999965600, -9.050000000000009600 ) ) ;
#795 = AXIS2_PLACEMENT_3D ( 'NONE', #5638, #3935, #1184 ) ;
#796 = VECTOR ( 'NONE', #7191, 1000.000000000000000 ) ;
#797 = CARTESIAN_POINT ( 'NONE',  ( 6.899999999999995000, 3.280350850198276100, 8.599999999999981900 ) ) ;
#798 = VERTEX_POINT ( 'NONE', #2688 ) ;
#799 = VECTOR ( 'NONE', #5067, 1000.000000000000000 ) ;
#800 = CARTESIAN_POINT ( 'NONE',  ( -6.000000000000005300, 1.000000000000000000, -9.999999999999994700 ) ) ;
#801 = FACE_OUTER_BOUND ( 'NONE', #3896, .T. ) ;
#802 = DIRECTION ( 'NONE',  ( -0.0000000000000000000, -1.000000000000000000, -0.0000000000000000000 ) ) ;
#803 = VERTEX_POINT ( 'NONE', #3236 ) ;
#804 = EDGE_CURVE ( 'NONE', #857, #6809, #244, .T. ) ;
#805 = ORIENTED_EDGE ( 'NONE', *, *, #4216, .F. ) ;
#806 = ORIENTED_EDGE ( 'NONE', *, *, #6960, .T. ) ;
#807 = PLANE ( 'NONE',  #4354 ) ;
#808 = CARTESIAN_POINT ( 'NONE',  ( -18.01407897551572600, 3.750000000000000900, 9.048484999999995900 ) ) ;
#809 = DIRECTION ( 'NONE',  ( -0.0000000000000000000, -1.000000000000000000, 0.0000000000000000000 ) ) ;
#810 = CARTESIAN_POINT ( 'NONE',  ( 18.17305672590244500, 3.880496664690821000, 8.992719317010479300 ) ) ;
#811 = EDGE_LOOP ( 'NONE', ( #5294, #6330, #6295, #4760 ) ) ;
#812 = EDGE_LOOP ( 'NONE', ( #1179, #1765, #3143, #355 ) ) ;
#813 = EDGE_LOOP ( 'NONE', ( #2055, #4168, #1366, #2109 ) ) ;
#814 = ORIENTED_EDGE ( 'NONE', *, *, #1292, .F. ) ;
#815 = CARTESIAN_POINT ( 'NONE',  ( 18.99999999999999600, 1.000000000000000000, 9.999999999999998200 ) ) ;
#816 = EDGE_CURVE ( 'NONE', #258, #4604, #6544, .T. ) ;
#817 = ORIENTED_EDGE ( 'NONE', *, *, #5129, .F. ) ;
#818 = DIRECTION ( 'NONE',  ( 9.130123557772669600E-017, -0.0000000000000000000, 1.000000000000000000 ) ) ;
#819 = EDGE_CURVE ( 'NONE', #5317, #4166, #1922, .T. ) ;
#820 = LINE ( 'NONE', #1552, #6037 ) ;
#821 = DIRECTION ( 'NONE',  ( 0.0000000000000000000, 0.0000000000000000000, 1.000000000000000000 ) ) ;
#822 = DIRECTION ( 'NONE',  ( 1.000000000000000000, -0.0000000000000000000, -1.369518533665900300E-016 ) ) ;
#823 = ORIENTED_EDGE ( 'NONE', *, *, #6413, .T. ) ;
#824 = CARTESIAN_POINT ( 'NONE',  ( 6.599999999999994300, 3.280350850198276100, -9.999999999999982200 ) ) ;
#825 = FACE_OUTER_BOUND ( 'NONE', #634, .T. ) ;
#826 = CARTESIAN_POINT ( 'NONE',  ( 13.09999999999999600, 0.0000000000000000000, -8.600000000000003200 ) ) ;
#827 = EDGE_LOOP ( 'NONE', ( #6796, #1410, #7125, #3535 ) ) ;
#828 = VECTOR ( 'NONE', #5844, 1000.000000000000000 ) ;
#829 = ADVANCED_BREP_SHAPE_REPRESENTATION ( 'LoRa1262F30', ( #6227, #3933, #7100, #1717, #4060, #1584, #588, #5227, #2539, #5346, #4808, #7208, #3293, #4902, #1187, #6766, #2982, #5583, #5238 ), #3317 ) ;
#830 = EDGE_CURVE ( 'NONE', #2149, #3492, #7056, .T. ) ;
#831 = CARTESIAN_POINT ( 'NONE',  ( -18.05000000000000400, 3.850000000000000100, -9.014078975515722900 ) ) ;
#832 = CARTESIAN_POINT ( 'NONE',  ( 18.20000000000000600, 0.9999999999999970000, -9.014078975515724700 ) ) ;
#833 = DIRECTION ( 'NONE',  ( -0.0000000000000000000, -1.000000000000000000, 0.0000000000000000000 ) ) ;
#834 = VERTEX_POINT ( 'NONE', #98 ) ;
#835 = DIRECTION ( 'NONE',  ( 0.0000000000000000000, 0.0000000000000000000, 1.000000000000000000 ) ) ;
#836 = ORIENTED_EDGE ( 'NONE', *, *, #3783, .F. ) ;
#837 = LINE ( 'NONE', #2909, #1623 ) ;
#838 = DIRECTION ( 'NONE',  ( 0.0000000000000000000, 0.0000000000000000000, 1.000000000000000000 ) ) ;
#839 = CARTESIAN_POINT ( 'NONE',  ( 10.89999999999999500, 3.280350850198276100, -8.599999999999978300 ) ) ;
#840 = VECTOR ( 'NONE', #4064, 1000.000000000000000 ) ;
#841 = DIRECTION ( 'NONE',  ( -0.0000000000000000000, -0.0000000000000000000, 1.000000000000000000 ) ) ;
#842 = DIRECTION ( 'NONE',  ( -0.0000000000000000000, -1.000000000000000000, -0.0000000000000000000 ) ) ;
#843 = ORIENTED_EDGE ( 'NONE', *, *, #7091, .T. ) ;
#844 = VECTOR ( 'NONE', #833, 1000.000000000000000 ) ;
#845 = AXIS2_PLACEMENT_3D ( 'NONE', #4974, #6184, #5516 ) ;
#846 = DIRECTION ( 'NONE',  ( 0.0000000000000000000, 0.0000000000000000000, 1.000000000000000000 ) ) ;
#847 = ORIENTED_EDGE ( 'NONE', *, *, #1177, .F. ) ;
#848 =( LENGTH_UNIT ( ) NAMED_UNIT ( * ) SI_UNIT ( .MILLI., .METRE. ) );
#849 = CARTESIAN_POINT ( 'NONE',  ( -14.90000000000000600, 3.280350850198276100, 10.00000000000000200 ) ) ;
#850 = ORIENTED_EDGE ( 'NONE', *, *, #2127, .T. ) ;
#851 = FACE_OUTER_BOUND ( 'NONE', #1293, .T. ) ;
#852 = EDGE_CURVE ( 'NONE', #4664, #4596, #3024, .T. ) ;
#854 = EDGE_CURVE ( 'NONE', #1915, #6098, #3908, .T. ) ;
#853 = CARTESIAN_POINT ( 'NONE',  ( -18.08127964467896500, 3.974395066257867500, -8.971359658505237500 ) ) ;
#855 = CARTESIAN_POINT ( 'NONE',  ( 1.099999999999995000, 0.0000000000000000000, 8.600000000000003200 ) ) ;
#856 = ORIENTED_EDGE ( 'NONE', *, *, #2934, .T. ) ;
#857 = VERTEX_POINT ( 'NONE', #3337 ) ;
#858 = VERTEX_POINT ( 'NONE', #6781 ) ;
#859 = LINE ( 'NONE', #3675, #5193 ) ;
#860 = DIRECTION ( 'NONE',  ( -1.000000000000000000, 0.0000000000000000000, 9.637352644315598700E-016 ) ) ;
#861 = DIRECTION ( 'NONE',  ( 0.0000000000000000000, 0.0000000000000000000, -1.000000000000000000 ) ) ;
#862 = LINE ( 'NONE', #1576, #5194 ) ;
#863 = EDGE_CURVE ( 'NONE', #3784, #431, #6107, .T. ) ;
#864 = VERTEX_POINT ( 'NONE', #581 ) ;
#865 = VECTOR ( 'NONE', #6802, 1000.000000000000000 ) ;
#866 = LINE ( 'NONE', #4592, #511 ) ;
#867 = AXIS2_PLACEMENT_3D ( 'NONE', #4457, #3360, #3953 ) ;
#868 = LINE ( 'NONE', #5156, #4939 ) ;
#869 = DIRECTION ( 'NONE',  ( -0.0000000000000000000, -1.000000000000000000, -0.0000000000000000000 ) ) ;
#870 = ORIENTED_EDGE ( 'NONE', *, *, #1788, .T. ) ;
#871 = VECTOR ( 'NONE', #4507, 1000.000000000000000 ) ;
#872 = LINE ( 'NONE', #5545, #1388 ) ;
#873 = CARTESIAN_POINT ( 'NONE',  ( 17.94999999999999600, 3.849999999999998800, -8.950000000000001100 ) ) ;
#874 = VECTOR ( 'NONE', #4032, 1000.000000000000000 ) ;
#875 = DIRECTION ( 'NONE',  ( 0.0000000000000000000, -0.0000000000000000000, 1.000000000000000000 ) ) ;
#876 = CARTESIAN_POINT ( 'NONE',  ( 14.89999999999999500, 0.0000000000000000000, -9.999999999999973400 ) ) ;
#877 = AXIS2_PLACEMENT_3D ( 'NONE', #2507, #2559, #6485 ) ;
#878 = ORIENTED_EDGE ( 'NONE', *, *, #7042, .F. ) ;
#879 = EDGE_LOOP ( 'NONE', ( #267, #5777, #1236, #2193, #6789, #3856 ) ) ;
#880 = CARTESIAN_POINT ( 'NONE',  ( -1.400000000000005500, 3.280350850198276100, 9.999999999999989300 ) ) ;
#881 = CARTESIAN_POINT ( 'NONE',  ( -18.01562891080415000, 3.999999999999999100, -8.960709048135150600 ) ) ;
#882 = VECTOR ( 'NONE', #3570, 1000.000000000000000 ) ;
#883 = ORIENTED_EDGE ( 'NONE', *, *, #5315, .F. ) ;
#884 = DIRECTION ( 'NONE',  ( 0.0000000000000000000, 0.0000000000000000000, -1.000000000000000000 ) ) ;
#885 = VERTEX_POINT ( 'NONE', #2330 ) ;
#886 = FACE_OUTER_BOUND ( 'NONE', #1835, .T. ) ;
#887 = B_SPLINE_SURFACE_WITH_KNOTS ( 'NONE', 1, 3, ( 
 ( #1396, #5296, #1981, #7003, #6, #3269 ),
 ( #1628, #3846, #4984, #6128, #6615, #5526 ),
 ( #3890, #5504, #6686, #7220, #3298, #3325 ),
 ( #6644, #4957, #1145, #3813, #547, #6103 ) ),
 .UNSPECIFIED., .F., .F., .F.,
 ( 2, 1, 1, 2 ),
 ( 4, 2, 4 ),
 ( -0.01000000000000000000, 0.0000000000000000000, 1.000000000000000000, 1.010100000000000000 ),
 ( 0.0000000000000000000, 0.5000000000000000000, 1.000000000000000000 ),
 .UNSPECIFIED. ) ;
#888 = DIRECTION ( 'NONE',  ( 0.0000000000000000000, -0.0000000000000000000, 1.000000000000000000 ) ) ;
#889 = CARTESIAN_POINT ( 'NONE',  ( -17.98432579959594700, 3.816639915919358000, 9.024559517207800100 ) ) ;
#890 = FACE_OUTER_BOUND ( 'NONE', #1211, .T. ) ;
#891 = ORIENTED_EDGE ( 'NONE', *, *, #6660, .F. ) ;
#892 = ORIENTED_EDGE ( 'NONE', *, *, #3689, .F. ) ;
#893 = PLANE ( 'NONE',  #1285 ) ;
#894 = EDGE_LOOP ( 'NONE', ( #2481, #5183, #651, #3659 ) ) ;
#895 = EDGE_LOOP ( 'NONE', ( #5683, #1946, #6493, #1871 ) ) ;
#896 = CARTESIAN_POINT ( 'NONE',  ( -18.05000000000001500, 0.9999999999999965600, -9.014078975515722900 ) ) ;
#897 = ORIENTED_EDGE ( 'NONE', *, *, #560, .F. ) ;
#898 = EDGE_CURVE ( 'NONE', #6070, #1313, #2086, .T. ) ;
#899 = LINE ( 'NONE', #6799, #456 ) ;
#900 = EDGE_CURVE ( 'NONE', #3492, #521, #1838, .T. ) ;
#901 = ORIENTED_EDGE ( 'NONE', *, *, #5224, .F. ) ;
#902 = VERTEX_POINT ( 'NONE', #6159 ) ;
#903 = CARTESIAN_POINT ( 'NONE',  ( -2.000000000000005300, 3.280350850198276100, 9.999999999999989300 ) ) ;
#904 = DIRECTION ( 'NONE',  ( 0.0000000000000000000, 0.0000000000000000000, -1.000000000000000000 ) ) ;
#905 = FILL_AREA_STYLE_COLOUR ( '', #6350 ) ;
#906 = CARTESIAN_POINT ( 'NONE',  ( -17.94999999999999900, 3.849999999999998300, -8.950000000000001100 ) ) ;
#907 = ORIENTED_EDGE ( 'NONE', *, *, #528, .F. ) ;
#908 = VECTOR ( 'NONE', #3686, 1000.000000000000000 ) ;
#909 = EDGE_CURVE ( 'NONE', #5732, #3345, #6189, .T. ) ;
#910 = DIRECTION ( 'NONE',  ( -1.000000000000000000, 0.0000000000000000000, 0.0000000000000000000 ) ) ;
#911 = EDGE_CURVE ( 'NONE', #4968, #57, #5919, .T. ) ;
#912 = AXIS2_PLACEMENT_3D ( 'NONE', #5702, #2400, #766 ) ;
#913 = ORIENTED_EDGE ( 'NONE', *, *, #1494, .F. ) ;
#914 = DIRECTION ( 'NONE',  ( 0.0000000000000000000, 0.0000000000000000000, -1.000000000000000000 ) ) ;
#915 = EDGE_CURVE ( 'NONE', #3238, #6825, #420, .T. ) ;
#916 = DIRECTION ( 'NONE',  ( 1.000000000000000000, 0.0000000000000000000, -9.637352644315598700E-016 ) ) ;
#917 = CARTESIAN_POINT ( 'NONE',  ( 24.00000000000000700, 1.000000000000000000, 8.599999999999989000 ) ) ;
#918 = VECTOR ( 'NONE', #3405, 1000.000000000000000 ) ;
#919 = DIRECTION ( 'NONE',  ( 1.000000000000000000, 0.0000000000000000000, 0.0000000000000000000 ) ) ;
#920 = DIRECTION ( 'NONE',  ( 1.000000000000000000, 0.0000000000000000000, -0.0000000000000000000 ) ) ;
#921 = CARTESIAN_POINT ( 'NONE',  ( -14.90000000000000600, 1.000000000000000000, 8.600000000000003200 ) ) ;
#922 = ADVANCED_FACE ( 'NONE', ( #4239 ), #3417, .F. ) ;
#923 = CARTESIAN_POINT ( 'NONE',  ( -18.00455833738014300, 3.773225685253732500, -9.048014389072689000 ) ) ;
#924 = CIRCLE ( 'NONE', #1240, 0.5999999999999998700 ) ;
#925 =( LENGTH_UNIT ( ) NAMED_UNIT ( * ) SI_UNIT ( .MILLI., .METRE. ) );
#926 = CARTESIAN_POINT ( 'NONE',  ( 1.099999999999995000, 0.0000000000000000000, 8.600000000000003200 ) ) ;
#927 = DIRECTION ( 'NONE',  ( 0.0000000000000000000, 0.0000000000000000000, -1.000000000000000000 ) ) ;
#928 = PLANE ( 'NONE',  #5478 ) ;
#929 = ORIENTED_EDGE ( 'NONE', *, *, #4279, .T. ) ;
#930 = VECTOR ( 'NONE', #3067, 1000.000000000000000 ) ;
#931 = ORIENTED_EDGE ( 'NONE', *, *, #1439, .T. ) ;
#932 = EDGE_CURVE ( 'NONE', #4968, #3331, #4155, .T. ) ;
#933 = ORIENTED_EDGE ( 'NONE', *, *, #1889, .T. ) ;
#934 = DIRECTION ( 'NONE',  ( 0.0000000000000000000, 1.000000000000000000, 0.0000000000000000000 ) ) ;
#935 = VERTEX_POINT ( 'NONE', #3364 ) ;
#936 = AXIS2_PLACEMENT_3D ( 'NONE', #3587, #3070, #1406 ) ;
#937 = VERTEX_POINT ( 'NONE', #19 ) ;
#938 = LINE ( 'NONE', #4908, #4397 ) ;
#939 = FILL_AREA_STYLE ('',( #5424 ) ) ;
#940 = LINE ( 'NONE', #5726, #5899 ) ;
#941 = CARTESIAN_POINT ( 'NONE',  ( 17.97135965850523900, 3.974395066257865800, -9.081279644678966500 ) ) ;
#942 = DIRECTION ( 'NONE',  ( 0.0000000000000000000, 0.0000000000000000000, -1.000000000000000000 ) ) ;
#943 = ORIENTED_EDGE ( 'NONE', *, *, #7201, .T. ) ;
#944 = PLANE ( 'NONE',  #2042 ) ;
#945 = EDGE_CURVE ( 'NONE', #7158, #258, #52, .T. ) ;
#946 = ORIENTED_EDGE ( 'NONE', *, *, #1937, .T. ) ;
#947 = FACE_OUTER_BOUND ( 'NONE', #3412, .T. ) ;
#949 = EDGE_CURVE ( 'NONE', #4261, #3389, #3712, .T. ) ;
#948 = CARTESIAN_POINT ( 'NONE',  ( -10.90000000000000600, 0.0000000000000000000, -9.999999999999998200 ) ) ;
#950 = FACE_OUTER_BOUND ( 'NONE', #171, .T. ) ;
#951 = DIRECTION ( 'NONE',  ( -0.0000000000000000000, -1.000000000000000000, -0.0000000000000000000 ) ) ;
#952 = VECTOR ( 'NONE', #6429, 1000.000000000000000 ) ;
#953 = AXIS2_PLACEMENT_3D ( 'NONE', #3179, #6065, #2187 ) ;
#954 = ORIENTED_EDGE ( 'NONE', *, *, #4505, .T. ) ;
#955 = LINE ( 'NONE', #2461, #6177 ) ;
#956 = FILL_AREA_STYLE ('',( #3684 ) ) ;
#957 = DIRECTION ( 'NONE',  ( 0.0000000000000000000, 0.0000000000000000000, -1.000000000000000000 ) ) ;
#958 = ORIENTED_EDGE ( 'NONE', *, *, #4845, .F. ) ;
#959 = LINE ( 'NONE', #6435, #6353 ) ;
#960 = DIRECTION ( 'NONE',  ( -0.0000000000000000000, -1.000000000000000000, 0.0000000000000000000 ) ) ;
#961 = CARTESIAN_POINT ( 'NONE',  ( 18.04801438907269400, 3.773225685253724000, -9.004558337380142800 ) ) ;
#962 = LINE ( 'NONE', #185, #6713 ) ;
#963 = LINE ( 'NONE', #5633, #5999 ) ;
#964 = FILL_AREA_STYLE_COLOUR ( '', #3036 ) ;
#965 = ADVANCED_FACE ( 'NONE', ( #6709 ), #5670, .T. ) ;
#966 = ORIENTED_EDGE ( 'NONE', *, *, #1368, .T. ) ;
#967 = EDGE_CURVE ( 'NONE', #6653, #2521, #700, .T. ) ;
#968 = VERTEX_POINT ( 'NONE', #197 ) ;
#969 = VECTOR ( 'NONE', #5642, 1000.000000000000000 ) ;
#970 = LINE ( 'NONE', #4207, #4240 ) ;
#971 = VERTEX_POINT ( 'NONE', #4033 ) ;
#972 = ORIENTED_EDGE ( 'NONE', *, *, #1235, .T. ) ;
#973 = ORIENTED_EDGE ( 'NONE', *, *, #3300, .T. ) ;
#974 = VECTOR ( 'NONE', #3455, 1000.000000000000000 ) ;
#975 = CARTESIAN_POINT ( 'NONE',  ( 18.99999999999999600, 0.0000000000000000000, -10.00000000000000200 ) ) ;
#976 = CARTESIAN_POINT ( 'NONE',  ( 17.97135965850523900, 3.839222690360979400, -9.002198665876328200 ) ) ;
#977 = CARTESIAN_POINT ( 'NONE',  ( 18.01407897551571900, 3.750000000000003600, -9.200000000000001100 ) ) ;
#978 = AXIS2_PLACEMENT_3D ( 'NONE', #3382, #5488, #2300 ) ;
#979 = LINE ( 'NONE', #6767, #6731 ) ;
#980 = DIRECTION ( 'NONE',  ( -1.000000000000000000, 0.0000000000000000000, 0.0000000000000000000 ) ) ;
#981 = DIRECTION ( 'NONE',  ( 1.000000000000000000, -0.0000000000000000000, -1.369518533665900300E-016 ) ) ;
#982 = ORIENTED_EDGE ( 'NONE', *, *, #3762, .T. ) ;
#983 = VERTEX_POINT ( 'NONE', #6192 ) ;
#984 = DIRECTION ( 'NONE',  ( 0.0000000000000000000, -0.0000000000000000000, 1.000000000000000000 ) ) ;
#985 = ORIENTED_EDGE ( 'NONE', *, *, #1011, .F. ) ;
#986 = LINE ( 'NONE', #4290, #6916 ) ;
#987 = DIRECTION ( 'NONE',  ( 0.0000000000000000000, 0.0000000000000000000, 1.000000000000000000 ) ) ;
#988 = VERTEX_POINT ( 'NONE', #6354 ) ;
#989 = CARTESIAN_POINT ( 'NONE',  ( 18.99999999999999600, 1.000000000000000000, -10.00000000000000200 ) ) ;
#990 = ORIENTED_EDGE ( 'NONE', *, *, #4704, .F. ) ;
#991 = ORIENTED_EDGE ( 'NONE', *, *, #1154, .F. ) ;
#992 = DIRECTION ( 'NONE',  ( 0.0000000000000000000, 0.0000000000000000000, -1.000000000000000000 ) ) ;
#993 = EDGE_LOOP ( 'NONE', ( #736, #4607, #5928, #847 ) ) ;
#994 = VECTOR ( 'NONE', #3697, 1000.000000000000000 ) ;
#995 = ORIENTED_EDGE ( 'NONE', *, *, #2890, .T. ) ;
#996 = DIRECTION ( 'NONE',  ( 0.0000000000000000000, 1.000000000000000000, -0.0000000000000000000 ) ) ;
#997 = VECTOR ( 'NONE', #5519, 1000.000000000000000 ) ;
#998 = CARTESIAN_POINT ( 'NONE',  ( 13.09999999999999600, 1.000000000000000000, -10.00000000000000200 ) ) ;
#999 = EDGE_CURVE ( 'NONE', #3204, #7030, #3898, .T. ) ;
#1000 = CARTESIAN_POINT ( 'NONE',  ( 18.20000000000001000, 6.754297484964280500E-014, 9.014078975515721100 ) ) ;
#1001 = EDGE_CURVE ( 'NONE', #4180, #6891, #6447, .T. ) ;
#1002 = DIRECTION ( 'NONE',  ( -0.0000000000000000000, -0.0000000000000000000, -1.000000000000000000 ) ) ;
#1003 = CARTESIAN_POINT ( 'NONE',  ( 14.59999999999999400, 1.000000000000000000, 9.999999999999973400 ) ) ;
#1004 = VERTEX_POINT ( 'NONE', #6328 ) ;
#1005 = VECTOR ( 'NONE', #1963, 1000.000000000000000 ) ;
#1006 = ADVANCED_FACE ( 'NONE', ( #4942 ), #6259, .T. ) ;
#1007 = PLANE ( 'NONE',  #5787 ) ;
#1008 = CARTESIAN_POINT ( 'NONE',  ( -17.99462606260653500, 3.795902568266962300, -9.038842299759160400 ) ) ;
#1009 = CARTESIAN_POINT ( 'NONE',  ( 13.09999999999999800, 0.0000000000000000000, 8.599999999999974800 ) ) ;
#1010 = DIRECTION ( 'NONE',  ( -0.0000000000000000000, -1.000000000000000000, -0.0000000000000000000 ) ) ;
#1011 = EDGE_CURVE ( 'NONE', #4709, #2120, #6534, .T. ) ;
#1012 = DIRECTION ( 'NONE',  ( -1.239088197126290900E-015, 0.0000000000000000000, -1.000000000000000000 ) ) ;
#1013 = DIRECTION ( 'NONE',  ( -0.0000000000000000000, -0.0000000000000000000, 1.000000000000000000 ) ) ;
#1014 = PRESENTATION_LAYER_ASSIGNMENT (  '', '', ( #2254 ) ) ;
#1015 = ORIENTED_EDGE ( 'NONE', *, *, #4716, .T. ) ;
#1016 = ADVANCED_FACE ( 'NONE', ( #4074 ), #1810, .F. ) ;
#1017 = SURFACE_STYLE_USAGE ( .BOTH. , #7024 ) ;
#1018 = ORIENTED_EDGE ( 'NONE', *, *, #2703, .T. ) ;
#1019 = DIRECTION ( 'NONE',  ( -0.0000000000000000000, -1.000000000000000000, 0.0000000000000000000 ) ) ;
#1020 = LINE ( 'NONE', #1890, #1802 ) ;
#1021 = CARTESIAN_POINT ( 'NONE',  ( 17.94999999999999600, 3.848484999999998400, -8.950000000000001100 ) ) ;
#1022 = CARTESIAN_POINT ( 'NONE',  ( 17.94999999999999600, 3.999999999999998200, -8.950000000000002800 ) ) ;
#1023 = ORIENTED_EDGE ( 'NONE', *, *, #3342, .T. ) ;
#1024 = LINE ( 'NONE', #3460, #2056 ) ;
#1025 = DIRECTION ( 'NONE',  ( 0.0000000000000000000, -1.000000000000000000, -3.652049423109063300E-015 ) ) ;
#1026 = DIRECTION ( 'NONE',  ( 1.000000000000000000, -0.0000000000000000000, 9.637352644315598700E-016 ) ) ;
#1027 = AXIS2_PLACEMENT_3D ( 'NONE', #5869, #996, #4268 ) ;
#1028 = ORIENTED_EDGE ( 'NONE', *, *, #2529, .F. ) ;
#1029 = FACE_OUTER_BOUND ( 'NONE', #4238, .T. ) ;
#1030 = CARTESIAN_POINT ( 'NONE',  ( 17.96070904813514700, 3.999999999999999100, 9.015628910804133900 ) ) ;
#1031 = DIRECTION ( 'NONE',  ( 1.000000000000000000, -0.0000000000000000000, -1.369518533665900300E-016 ) ) ;
#1032 =( NAMED_UNIT ( * ) SI_UNIT ( $, .STERADIAN. ) SOLID_ANGLE_UNIT ( ) );
#1033 = CARTESIAN_POINT ( 'NONE',  ( 1.099999999999995000, 1.000000000000000000, 9.999999999999985800 ) ) ;
#1034 = EDGE_LOOP ( 'NONE', ( #136, #4897, #2331, #1783 ) ) ;
#1035 = DIRECTION ( 'NONE',  ( 2.655529440325944800E-031, -6.123233995736766000E-017, -1.000000000000000000 ) ) ;
#1036 = ADVANCED_FACE ( 'NONE', ( #3281 ), #1296, .F. ) ;
#1037 = EDGE_CURVE ( 'NONE', #496, #5896, #2248, .T. ) ;
#1038 = ORIENTED_EDGE ( 'NONE', *, *, #2469, .F. ) ;
#1039 = SURFACE_STYLE_FILL_AREA ( #573 ) ;
#1040 = CARTESIAN_POINT ( 'NONE',  ( -2.900000000000003500, 3.280350850198276100, -8.599999999999989000 ) ) ;
#1041 = CARTESIAN_POINT ( 'NONE',  ( 10.89999999999999500, 3.280350850198276100, 8.599999999999978300 ) ) ;
#1042 = ORIENTED_EDGE ( 'NONE', *, *, #3762, .F. ) ;
#1043 = AXIS2_PLACEMENT_3D ( 'NONE', #3166, #469, #2150 ) ;
#1044 = ORIENTED_EDGE ( 'NONE', *, *, #1177, .T. ) ;
#1045 = VECTOR ( 'NONE', #4435, 1000.000000000000000 ) ;
#1046 =( NAMED_UNIT ( * ) PLANE_ANGLE_UNIT ( ) SI_UNIT ( $, .RADIAN. ) );
#1047 = FACE_OUTER_BOUND ( 'NONE', #1704, .T. ) ;
#1048 = FACE_OUTER_BOUND ( 'NONE', #363, .T. ) ;
#1049 = DIRECTION ( 'NONE',  ( 1.000000000000000000, 0.0000000000000000000, -1.239088197126290900E-015 ) ) ;
#1050 = ADVANCED_FACE ( 'NONE', ( #3463 ), #1905, .F. ) ;
#1051 = UNCERTAINTY_MEASURE_WITH_UNIT (LENGTH_MEASURE( 1.000000000000000100E-005 ), #2441, 'distance_accuracy_value', 'NONE');
#1052 = VERTEX_POINT ( 'NONE', #1879 ) ;
#1053 = ORIENTED_EDGE ( 'NONE', *, *, #7212, .F. ) ;
#1054 = EDGE_CURVE ( 'NONE', #1546, #6070, #148, .T. ) ;
#1055 = DIRECTION ( 'NONE',  ( 1.000000000000000000, 0.0000000000000000000, 0.0000000000000000000 ) ) ;
#1056 = EDGE_CURVE ( 'NONE', #2318, #2962, #6097, .T. ) ;
#1057 = LINE ( 'NONE', #3075, #245 ) ;
#1058 = PLANE ( 'NONE',  #4855 ) ;
#1059 = CIRCLE ( 'NONE', #6396, 0.5999999999999998700 ) ;
#1060 = CARTESIAN_POINT ( 'NONE',  ( -13.40000000000000600, 0.0000000000000000000, 10.00000000000000200 ) ) ;
#1061 = ORIENTED_EDGE ( 'NONE', *, *, #4054, .T. ) ;
#1062 = LINE ( 'NONE', #572, #6636 ) ;
#1063 = CARTESIAN_POINT ( 'NONE',  ( 18.01407897551571900, 3.850000000000000100, -9.050000000000000700 ) ) ;
#1064 = CARTESIAN_POINT ( 'NONE',  ( -18.02455951720781300, 3.816639915919355800, -8.984325799595943400 ) ) ;
#1065 = LINE ( 'NONE', #3260, #4774 ) ;
#1066 = EDGE_CURVE ( 'NONE', #3567, #3262, #6628, .T. ) ;
#1067 = ORIENTED_EDGE ( 'NONE', *, *, #4111, .F. ) ;
#1068 = LINE ( 'NONE', #6135, #2956 ) ;
#1069 = DIRECTION ( 'NONE',  ( 0.0000000000000000000, 0.0000000000000000000, -1.000000000000000000 ) ) ;
#1070 = EDGE_LOOP ( 'NONE', ( #3644, #2175, #4770, #1612 ) ) ;
#1071 = DIRECTION ( 'NONE',  ( -0.0000000000000000000, -1.000000000000000000, -0.0000000000000000000 ) ) ;
#1072 = PRESENTATION_STYLE_ASSIGNMENT (( #414 ) ) ;
#1073 = CARTESIAN_POINT ( 'NONE',  ( -10.90000000000000600, 1.000000000000000000, -10.00000000000000200 ) ) ;
#1074 = VERTEX_POINT ( 'NONE', #6853 ) ;
#1075 = EDGE_LOOP ( 'NONE', ( #5271, #6910, #4212, #6897 ) ) ;
#1076 = DIRECTION ( 'NONE',  ( 1.000000000000000000, -0.0000000000000000000, 9.637352644315598700E-016 ) ) ;
#1077 = EDGE_LOOP ( 'NONE', ( #6507, #464, #1098, #4673 ) ) ;
#1078 = ORIENTED_EDGE ( 'NONE', *, *, #2719, .F. ) ;
#1079 = DIRECTION ( 'NONE',  ( -1.000000000000000000, 0.0000000000000000000, -0.0000000000000000000 ) ) ;
#1080 = CARTESIAN_POINT ( 'NONE',  ( -2.900000000000004800, 0.0000000000000000000, -8.600000000000003200 ) ) ;
#1081 = CARTESIAN_POINT ( 'NONE',  ( 10.59999999999999400, 1.000000000000000900, -9.999999999999978700 ) ) ;
#1082 = ORIENTED_EDGE ( 'NONE', *, *, #1696, .T. ) ;
#1083 = ADVANCED_FACE ( 'NONE', ( #2765 ), #3493, .F. ) ;
#1084 = CARTESIAN_POINT ( 'NONE',  ( 14.89999999999999500, 0.0000000000000000000, -8.599999999999974800 ) ) ;
#1085 = LINE ( 'NONE', #5630, #5411 ) ;
#1086 = DIRECTION ( 'NONE',  ( -1.000000000000000000, -0.0000000000000000000, 0.0000000000000000000 ) ) ;
#1087 = ORIENTED_EDGE ( 'NONE', *, *, #1549, .T. ) ;
#1088 = EDGE_LOOP ( 'NONE', ( #5782, #4104, #712, #4695 ) ) ;
#1089 = CARTESIAN_POINT ( 'NONE',  ( 8.000000000000000000, 1.000000000000000000, 6.938893903907228400E-015 ) ) ;
#1090 = DIRECTION ( 'NONE',  ( 9.637352644315598700E-016, 0.0000000000000000000, 1.000000000000000000 ) ) ;
#1091 = CARTESIAN_POINT ( 'NONE',  ( -17.96077060816411500, 3.999999999999997300, 9.016006172872520700 ) ) ;
#1092 = EDGE_CURVE ( 'NONE', #4014, #4180, #514, .T. ) ;
#1093 = ADVANCED_FACE ( 'NONE', ( #5026 ), #741, .T. ) ;
#1094 = CARTESIAN_POINT ( 'NONE',  ( -17.94999999999999900, 3.849999999999998300, -8.950000000000001100 ) ) ;
#1095 = ORIENTED_EDGE ( 'NONE', *, *, #5464, .F. ) ;
#1096 = FACE_OUTER_BOUND ( 'NONE', #4548, .T. ) ;
#1097 = CARTESIAN_POINT ( 'NONE',  ( 18.20000000000000600, 0.9999999999999970000, -9.200000000000001100 ) ) ;
#1098 = ORIENTED_EDGE ( 'NONE', *, *, #4879, .F. ) ;
#1099 = DIRECTION ( 'NONE',  ( 1.000000000000000000, 0.0000000000000000000, -9.637352644315598700E-016 ) ) ;
#1100 = EDGE_CURVE ( 'NONE', #4275, #6168, #6807, .T. ) ;
#1101 = DIRECTION ( 'NONE',  ( 0.0000000000000000000, 0.0000000000000000000, -1.000000000000000000 ) ) ;
#1102 = EDGE_CURVE ( 'NONE', #732, #583, #6886, .T. ) ;
#1103 = ADVANCED_FACE ( 'NONE', ( #5289 ), #4796, .F. ) ;
#1104 = FACE_OUTER_BOUND ( 'NONE', #4146, .T. ) ;
#1105 = CARTESIAN_POINT ( 'NONE',  ( -9.100000000000005000, 1.000000000000000000, 8.599999999999999600 ) ) ;
#1106 = CARTESIAN_POINT ( 'NONE',  ( -1.400000000000005500, 1.000000000000000000, 9.999999999999989300 ) ) ;
#1107 = LINE ( 'NONE', #772, #3241 ) ;
#1108 = CARTESIAN_POINT ( 'NONE',  ( 17.94999999999999200, 4.001499999999998300, 8.949999999999994000 ) ) ;
#1109 = CARTESIAN_POINT ( 'NONE',  ( -10.90000000000000600, 3.280350850198276100, 9.999999999999998200 ) ) ;
#1110 = EDGE_CURVE ( 'NONE', #6923, #235, #5203, .T. ) ;
#1111 = DIRECTION ( 'NONE',  ( -1.000000000000000000, -0.0000000000000000000, -0.0000000000000000000 ) ) ;
#1112 = CARTESIAN_POINT ( 'NONE',  ( -17.95748973294151800, 3.849789318988409800, -8.953056597057923200 ) ) ;
#1113 = FACE_OUTER_BOUND ( 'NONE', #6920, .T. ) ;
#1114 = DIRECTION ( 'NONE',  ( 0.0000000000000000000, -1.000000000000000000, 0.0000000000000000000 ) ) ;
#1115 = DIRECTION ( 'NONE',  ( 1.000000000000000000, 0.0000000000000000000, 1.239088197126290900E-015 ) ) ;
#1116 = PLANE ( 'NONE',  #5133 ) ;
#1117 = EDGE_LOOP ( 'NONE', ( #2851, #6650, #4967, #7062, #5673, #6158 ) ) ;
#1118 = LINE ( 'NONE', #679, #2743 ) ;
#1119 = DIRECTION ( 'NONE',  ( 1.000000000000000000, 0.0000000000000000000, 0.0000000000000000000 ) ) ;
#1120 = DIRECTION ( 'NONE',  ( 1.000000000000000000, 0.0000000000000000000, -9.130123557772669600E-017 ) ) ;
#1121 = CARTESIAN_POINT ( 'NONE',  ( -6.900000000000004800, 3.280350850198276100, -9.999999999999994700 ) ) ;
#1122 = ORIENTED_EDGE ( 'NONE', *, *, #1278, .T. ) ;
#1123 = CARTESIAN_POINT ( 'NONE',  ( -13.40000000000000600, 3.280350850198276100, -10.00000000000000200 ) ) ;
#1124 = ORIENTED_EDGE ( 'NONE', *, *, #3403, .T. ) ;
#1125 = LINE ( 'NONE', #2502, #3886 ) ;
#1126 = CARTESIAN_POINT ( 'NONE',  ( -9.100000000000005000, 1.000000000000000000, -8.600000000000003200 ) ) ;
#1127 = LINE ( 'NONE', #5398, #3798 ) ;
#1128 = ORIENTED_EDGE ( 'NONE', *, *, #6977, .T. ) ;
#1129 = CARTESIAN_POINT ( 'NONE',  ( -17.97436077778566600, 3.847739216651306500, 8.959945713653958400 ) ) ;
#1130 = CARTESIAN_POINT ( 'NONE',  ( -6.000000000000005300, 0.0000000000000000000, -9.999999999999994700 ) ) ;
#1131 = DIRECTION ( 'NONE',  ( 0.0000000000000000000, -1.000000000000000000, 0.0000000000000000000 ) ) ;
#1132 = ORIENTED_EDGE ( 'NONE', *, *, #7136, .T. ) ;
#1133 = CARTESIAN_POINT ( 'NONE',  ( 0.0000000000000000000, 1.000000000000000000, 0.0000000000000000000 ) ) ;
#1134 = VECTOR ( 'NONE', #5800, 1000.000000000000000 ) ;
#1135 = VECTOR ( 'NONE', #3696, 1000.000000000000000 ) ;
#1136 = DIRECTION ( 'NONE',  ( -0.0000000000000000000, -0.0000000000000000000, -1.000000000000000000 ) ) ;
#1137 = ORIENTED_EDGE ( 'NONE', *, *, #660, .F. ) ;
#1138 = LINE ( 'NONE', #254, #2076 ) ;
#1139 = EDGE_CURVE ( 'NONE', #5568, #5896, #5911, .T. ) ;
#1140 = ORIENTED_EDGE ( 'NONE', *, *, #77, .T. ) ;
#1141 = VECTOR ( 'NONE', #957, 1000.000000000000000 ) ;
#1142 = DIRECTION ( 'NONE',  ( 0.0000000000000000000, 0.0000000000000000000, 1.000000000000000000 ) ) ;
#1143 = EDGE_CURVE ( 'NONE', #6335, #1250, #955, .T. ) ;
#1144 = VECTOR ( 'NONE', #1841, 1000.000000000000000 ) ;
#1145 = CARTESIAN_POINT ( 'NONE',  ( -17.97135965850523900, 3.837870966602011900, -9.001407856088299300 ) ) ;
#1146 = CARTESIAN_POINT ( 'NONE',  ( 18.99999999999999600, 1.000000000000000000, -10.00000000000000200 ) ) ;
#1147 = FACE_OUTER_BOUND ( 'NONE', #2287, .T. ) ;
#1148 = AXIS2_PLACEMENT_3D ( 'NONE', #7177, #517, #2103 ) ;
#1149 = ORIENTED_EDGE ( 'NONE', *, *, #518, .F. ) ;
#1150 = CARTESIAN_POINT ( 'NONE',  ( -14.90000000000000600, 1.000000000000000000, 0.0000000000000000000 ) ) ;
#1151 = LINE ( 'NONE', #1914, #5215 ) ;
#1152 = ORIENTED_EDGE ( 'NONE', *, *, #2549, .T. ) ;
#1153 = CARTESIAN_POINT ( 'NONE',  ( 6.899999999999995000, 1.000000000000000000, -8.600000000000003200 ) ) ;
#1154 = EDGE_CURVE ( 'NONE', #553, #2897, #2000, .T. ) ;
#1155 = EDGE_LOOP ( 'NONE', ( #4368, #6953, #3511, #5723, #5944, #259 ) ) ;
#1156 = LINE ( 'NONE', #6279, #2430 ) ;
#1157 = AXIS2_PLACEMENT_3D ( 'NONE', #4642, #184, #821 ) ;
#1158 = VECTOR ( 'NONE', #2839, 1000.000000000000000 ) ;
#1159 = CARTESIAN_POINT ( 'NONE',  ( 17.99955746526820400, 3.785156575059573000, 9.044394482538484300 ) ) ;
#1160 = DIRECTION ( 'NONE',  ( 1.239088197126290900E-015, 0.0000000000000000000, -1.000000000000000000 ) ) ;
#1161 = ORIENTED_EDGE ( 'NONE', *, *, #863, .F. ) ;
#1162 = ORIENTED_EDGE ( 'NONE', *, *, #1421, .F. ) ;
#1163 = CARTESIAN_POINT ( 'NONE',  ( 9.099999999999996100, 0.0000000000000000000, -9.999999999999978700 ) ) ;
#1164 = ADVANCED_FACE ( 'NONE', ( #5367 ), #2023, .T. ) ;
#1165 = VERTEX_POINT ( 'NONE', #4224 ) ;
#1166 = CARTESIAN_POINT ( 'NONE',  ( 1.999999999999994900, 0.0000000000000000000, -9.999999999999985800 ) ) ;
#1167 = ORIENTED_EDGE ( 'NONE', *, *, #4554, .T. ) ;
#1168 = ORIENTED_EDGE ( 'NONE', *, *, #5081, .F. ) ;
#1169 = DIRECTION ( 'NONE',  ( -1.000000000000000000, -3.652049423109063300E-015, -4.192941221567185900E-032 ) ) ;
#1170 = ORIENTED_EDGE ( 'NONE', *, *, #170, .T. ) ;
#1171 = ORIENTED_EDGE ( 'NONE', *, *, #6051, .T. ) ;
#1172 = COLOUR_RGB ( '',0.9686274509803921600, 0.8784313725490196000, 0.5999999999999999800 ) ;
#1173 = AXIS2_PLACEMENT_3D ( 'NONE', #189, #769, #1333 ) ;
#1174 = ORIENTED_EDGE ( 'NONE', *, *, #2038, .T. ) ;
#1175 = VECTOR ( 'NONE', #2658, 1000.000000000000000 ) ;
#1176 = DIRECTION ( 'NONE',  ( 1.000000000000000000, 0.0000000000000000000, 0.0000000000000000000 ) ) ;
#1177 = EDGE_CURVE ( 'NONE', #5636, #4622, #7045, .T. ) ;
#1178 = PLANE ( 'NONE',  #3980 ) ;
#1179 = ORIENTED_EDGE ( 'NONE', *, *, #5297, .T. ) ;
#1180 = VECTOR ( 'NONE', #2612, 1000.000000000000000 ) ;
#1181 = CARTESIAN_POINT ( 'NONE',  ( 18.99999999999999600, 1.000000000000000000, 9.999999999999998200 ) ) ;
#1182 = CARTESIAN_POINT ( 'NONE',  ( 14.89999999999999500, 0.0000000000000000000, -8.600000000000003200 ) ) ;
#1183 = DIRECTION ( 'NONE',  ( 0.0000000000000000000, 1.000000000000000000, 0.0000000000000000000 ) ) ;
#1184 = DIRECTION ( 'NONE',  ( 0.0000000000000000000, 0.0000000000000000000, 1.000000000000000000 ) ) ;
#1185 = EDGE_CURVE ( 'NONE', #3746, #4968, #3366, .T. ) ;
#1186 = DIRECTION ( 'NONE',  ( -0.0000000000000000000, -1.000000000000000000, 0.0000000000000000000 ) ) ;
#1187 = MANIFOLD_SOLID_BREP ( 'Mirror2[5]', #1683 ) ;
#1188 = CARTESIAN_POINT ( 'NONE',  ( 9.099999999999997900, 3.280350850198276100, 8.599999999999978300 ) ) ;
#1189 = ORIENTED_EDGE ( 'NONE', *, *, #3538, .T. ) ;
#1190 = VECTOR ( 'NONE', #4016, 1000.000000000000000 ) ;
#1191 = CARTESIAN_POINT ( 'NONE',  ( -10.90000000000000600, 1.000000000000000000, -9.999999999999998200 ) ) ;
#1192 = EDGE_CURVE ( 'NONE', #35, #4393, #1306, .T. ) ;
#1193 = DIRECTION ( 'NONE',  ( 0.0000000000000000000, 1.000000000000000000, -1.734723475976847800E-014 ) ) ;
#1194 = EDGE_LOOP ( 'NONE', ( #6738, #3495, #720, #3265 ) ) ;
#1195 = EDGE_CURVE ( 'NONE', #2546, #4180, #1138, .T. ) ;
#1196 = CARTESIAN_POINT ( 'NONE',  ( 13.09999999999999600, 0.0000000000000000000, 8.600000000000003200 ) ) ;
#1197 = ADVANCED_FACE ( 'NONE', ( #1741 ), #5304, .F. ) ;
#1198 = AXIS2_PLACEMENT_3D ( 'NONE', #2842, #6230, #1267 ) ;
#1199 = FACE_OUTER_BOUND ( 'NONE', #4675, .T. ) ;
#1200 = CARTESIAN_POINT ( 'NONE',  ( -18.05000000000001500, 0.9999999999999965600, -9.014078975515722900 ) ) ;
#1201 = ORIENTED_EDGE ( 'NONE', *, *, #6753, .T. ) ;
#1202 = DIRECTION ( 'NONE',  ( 0.0000000000000000000, 1.000000000000000000, 0.0000000000000000000 ) ) ;
#1203 = CARTESIAN_POINT ( 'NONE',  ( 17.98969502476188300, 3.806647766503488100, 9.033290527721163700 ) ) ;
#1204 = CARTESIAN_POINT ( 'NONE',  ( -17.95000000000000300, 3.848484999999998800, 8.950000000000002800 ) ) ;
#1205 = EDGE_CURVE ( 'NONE', #3492, #5384, #3013, .T. ) ;
#1206 = CARTESIAN_POINT ( 'NONE',  ( 5.099999999999995200, 3.280350850198276100, 9.999999999999982200 ) ) ;
#1207 = CARTESIAN_POINT ( 'NONE',  ( 10.89999999999999500, 1.000000000000000900, 8.599999999999978300 ) ) ;
#1208 = ORIENTED_EDGE ( 'NONE', *, *, #4793, .F. ) ;
#1209 = VECTOR ( 'NONE', #3335, 1000.000000000000000 ) ;
#1210 = DIRECTION ( 'NONE',  ( 3.652049423109063300E-015, 1.000000000000000000, 0.0000000000000000000 ) ) ;
#1211 = EDGE_LOOP ( 'NONE', ( #498, #2692, #1692, #6755 ) ) ;
#1212 = VERTEX_POINT ( 'NONE', #2138 ) ;
#1213 = CARTESIAN_POINT ( 'NONE',  ( -13.10000000000000500, 1.000000000000000900, -8.600000000000001400 ) ) ;
#1214 = VERTEX_POINT ( 'NONE', #948 ) ;
#1215 = LINE ( 'NONE', #1163, #3010 ) ;
#1216 = LINE ( 'NONE', #5231, #4483 ) ;
#1217 = DIRECTION ( 'NONE',  ( 1.000000000000000000, 0.0000000000000000000, -0.0000000000000000000 ) ) ;
#1218 = LINE ( 'NONE', #1280, #3184 ) ;
#1219 = FACE_OUTER_BOUND ( 'NONE', #2100, .T. ) ;
#1220 = CARTESIAN_POINT ( 'NONE',  ( -18.01663991591937700, 3.824559517207796000, 8.979753175919789500 ) ) ;
#1221 = CARTESIAN_POINT ( 'NONE',  ( -2.900000000000003500, 0.0000000000000000000, 8.599999999999989000 ) ) ;
#1222 = CARTESIAN_POINT ( 'NONE',  ( 17.99271931701047600, 3.801407856088301800, 9.037870966602010700 ) ) ;
#1223 = ORIENTED_EDGE ( 'NONE', *, *, #5932, .T. ) ;
#1224 = CYLINDRICAL_SURFACE ( 'NONE', #101, 0.5999999999999998700 ) ;
#1225 = APPLICATION_CONTEXT ( 'automotive_design' ) ;
#1226 = DIRECTION ( 'NONE',  ( 0.0000000000000000000, 0.0000000000000000000, -1.000000000000000000 ) ) ;
#1227 = ADVANCED_FACE ( 'NONE', ( #3178 ), #4815, .F. ) ;
#1228 = LINE ( 'NONE', #721, #2002 ) ;
#1229 = CARTESIAN_POINT ( 'NONE',  ( 4.000000000000008900, 1.000000000000000000, 8.599999999999989000 ) ) ;
#1230 = ORIENTED_EDGE ( 'NONE', *, *, #949, .T. ) ;
#1231 = EDGE_CURVE ( 'NONE', #3571, #6025, #820, .T. ) ;
#1232 = FACE_OUTER_BOUND ( 'NONE', #6821, .T. ) ;
#1233 = DIRECTION ( 'NONE',  ( -0.0000000000000000000, -1.000000000000000000, -0.0000000000000000000 ) ) ;
#1234 = DIRECTION ( 'NONE',  ( 0.0000000000000000000, 0.0000000000000000000, -1.000000000000000000 ) ) ;
#1235 = EDGE_CURVE ( 'NONE', #968, #5479, #3936, .T. ) ;
#1236 = ORIENTED_EDGE ( 'NONE', *, *, #4265, .F. ) ;
#1237 = CARTESIAN_POINT ( 'NONE',  ( 10.89999999999999500, 1.000000000000000000, -8.600000000000003200 ) ) ;
#1238 = CYLINDRICAL_SURFACE ( 'NONE', #1775, 0.5999999999999998700 ) ;
#1239 = ORIENTED_EDGE ( 'NONE', *, *, #6256, .F. ) ;
#1240 = AXIS2_PLACEMENT_3D ( 'NONE', #4834, #4274, #942 ) ;
#1241 = PLANE ( 'NONE',  #5195 ) ;
#1242 = EDGE_LOOP ( 'NONE', ( #1317, #2566, #3297, #6268 ) ) ;
#1243 = ORIENTED_EDGE ( 'NONE', *, *, #3116, .T. ) ;
#1244 = PLANE ( 'NONE',  #6794 ) ;
#1245 = ORIENTED_EDGE ( 'NONE', *, *, #4759, .T. ) ;
#1246 = CARTESIAN_POINT ( 'NONE',  ( 1.099999999999996800, 1.000000000000000900, 8.599999999999985400 ) ) ;
#1247 = EDGE_CURVE ( 'NONE', #2783, #2135, #1415, .T. ) ;
#1248 = ORIENTED_EDGE ( 'NONE', *, *, #6221, .F. ) ;
#1249 = ORIENTED_EDGE ( 'NONE', *, *, #915, .F. ) ;
#1250 = VERTEX_POINT ( 'NONE', #7057 ) ;
#1251 = ORIENTED_EDGE ( 'NONE', *, *, #5263, .F. ) ;
#1252 = DIRECTION ( 'NONE',  ( -1.000000000000000000, 0.0000000000000000000, 0.0000000000000000000 ) ) ;
#1253 = DIRECTION ( 'NONE',  ( 0.0000000000000000000, -1.000000000000000000, 0.0000000000000000000 ) ) ;
#1254 = CARTESIAN_POINT ( 'NONE',  ( 17.99271931701047600, 3.802198665876328000, 9.039222690360979600 ) ) ;
#1255 = DIRECTION ( 'NONE',  ( 0.0000000000000000000, 1.000000000000000000, 0.0000000000000000000 ) ) ;
#1256 = PLANE ( 'NONE',  #2730 ) ;
#1257 = VECTOR ( 'NONE', #6529, 1000.000000000000000 ) ;
#1258 = CARTESIAN_POINT ( 'NONE',  ( 2.899999999999994600, 3.280350850198276100, 9.999999999999985800 ) ) ;
#1259 = ORIENTED_EDGE ( 'NONE', *, *, #7153, .T. ) ;
#1260 = ORIENTED_EDGE ( 'NONE', *, *, #949, .F. ) ;
#1261 = CARTESIAN_POINT ( 'NONE',  ( 5.999999999999994700, 0.0000000000000000000, 9.999999999999982200 ) ) ;
#1262 = DIRECTION ( 'NONE',  ( 1.000000000000000000, 0.0000000000000000000, -0.0000000000000000000 ) ) ;
#1263 = CARTESIAN_POINT ( 'NONE',  ( 2.899999999999994600, 1.000000000000000900, -8.599999999999985400 ) ) ;
#1264 = PLANE ( 'NONE',  #5154 ) ;
#1265 = VERTEX_POINT ( 'NONE', #422 ) ;
#1266 = CARTESIAN_POINT ( 'NONE',  ( 13.09999999999999600, 0.0000000000000000000, 9.999999999999973400 ) ) ;
#1267 = DIRECTION ( 'NONE',  ( 0.0000000000000000000, 0.0000000000000000000, 1.000000000000000000 ) ) ;
#1268 = ORIENTED_EDGE ( 'NONE', *, *, #379, .T. ) ;
#1269 = ORIENTED_EDGE ( 'NONE', *, *, #819, .F. ) ;
#1270 = DIRECTION ( 'NONE',  ( 1.000000000000000000, -0.0000000000000000000, -1.369518533665900300E-016 ) ) ;
#1271 = CARTESIAN_POINT ( 'NONE',  ( -5.100000000000005900, 1.000000000000000000, -8.600000000000003200 ) ) ;
#1272 = VECTOR ( 'NONE', #4418, 1000.000000000000000 ) ;
#1273 = DIRECTION ( 'NONE',  ( -0.0000000000000000000, -1.000000000000000000, -0.0000000000000000000 ) ) ;
#1274 = DIRECTION ( 'NONE',  ( -1.000000000000000000, 0.0000000000000000000, 0.0000000000000000000 ) ) ;
#1275 = ADVANCED_FACE ( 'NONE', ( #638 ), #5352, .T. ) ;
#1276 = EDGE_CURVE ( 'NONE', #3699, #3262, #6576, .T. ) ;
#1278 = EDGE_CURVE ( 'NONE', #1861, #2978, #4880, .T. ) ;
#1277 = CARTESIAN_POINT ( 'NONE',  ( 18.99999999999999600, 1.000000000000000000, 9.999999999999998200 ) ) ;
#1279 = CARTESIAN_POINT ( 'NONE',  ( 13.09999999999999600, 0.0000000000000000000, -9.999999999999973400 ) ) ;
#1280 = CARTESIAN_POINT ( 'NONE',  ( 10.89999999999999500, 1.000000000000000000, 9.999999999999978700 ) ) ;
#1281 = LINE ( 'NONE', #4373, #7027 ) ;
#1282 = EDGE_CURVE ( 'NONE', #2273, #4343, #6393, .T. ) ;
#1283 = EDGE_CURVE ( 'NONE', #1409, #3193, #1, .T. ) ;
#1284 = DIRECTION ( 'NONE',  ( -1.369518533665900300E-016, 0.0000000000000000000, -1.000000000000000000 ) ) ;
#1285 = AXIS2_PLACEMENT_3D ( 'NONE', #2035, #4783, #2547 ) ;
#1286 = CARTESIAN_POINT ( 'NONE',  ( 1.099999999999995000, 3.280350850198276100, -9.999999999999985800 ) ) ;
#1287 = ORIENTED_EDGE ( 'NONE', *, *, #2169, .F. ) ;
#1288 = CARTESIAN_POINT ( 'NONE',  ( 1.399999999999995000, 0.0000000000000000000, 9.999999999999985800 ) ) ;
#1289 = ORIENTED_EDGE ( 'NONE', *, *, #4140, .T. ) ;
#1290 = DIRECTION ( 'NONE',  ( -0.0000000000000000000, -1.000000000000000000, -0.0000000000000000000 ) ) ;
#1291 = DIRECTION ( 'NONE',  ( 0.0000000000000000000, 0.0000000000000000000, -1.000000000000000000 ) ) ;
#1292 = EDGE_CURVE ( 'NONE', #2523, #2113, #272, .T. ) ;
#1293 = EDGE_LOOP ( 'NONE', ( #5395, #2570, #7080, #7088 ) ) ;
#1294 = LINE ( 'NONE', #4347, #6791 ) ;
#1295 = VECTOR ( 'NONE', #2641, 1000.000000000000000 ) ;
#1296 = PLANE ( 'NONE',  #5764 ) ;
#1297 = ADVANCED_FACE ( 'NONE', ( #5685 ), #5432, .T. ) ;
#1298 = ORIENTED_EDGE ( 'NONE', *, *, #4128, .F. ) ;
#1299 = FACE_OUTER_BOUND ( 'NONE', #2726, .T. ) ;
#1300 = CARTESIAN_POINT ( 'NONE',  ( -13.10000000000000500, 0.0000000000000000000, -10.00000000000000200 ) ) ;
#1301 = LINE ( 'NONE', #3451, #405 ) ;
#1302 = DIRECTION ( 'NONE',  ( 1.000000000000000000, 0.0000000000000000000, 0.0000000000000000000 ) ) ;
#1303 = LINE ( 'NONE', #4109, #326 ) ;
#1304 = ORIENTED_EDGE ( 'NONE', *, *, #6509, .F. ) ;
#1305 = EDGE_LOOP ( 'NONE', ( #6550, #3487, #4438, #3496 ) ) ;
#1306 = LINE ( 'NONE', #6945, #2586 ) ;
#1307 = DIRECTION ( 'NONE',  ( -0.0000000000000000000, 0.0000000000000000000, -1.000000000000000000 ) ) ;
#1308 = ORIENTED_EDGE ( 'NONE', *, *, #4646, .F. ) ;
#1309 = VECTOR ( 'NONE', #5792, 1000.000000000000000 ) ;
#1310 = LINE ( 'NONE', #5076, #6193 ) ;
#1311 = LINE ( 'NONE', #5300, #1736 ) ;
#1312 = ORIENTED_EDGE ( 'NONE', *, *, #406, .T. ) ;
#1313 = VERTEX_POINT ( 'NONE', #7152 ) ;
#1314 = VECTOR ( 'NONE', #6017, 1000.000000000000000 ) ;
#1315 = EDGE_CURVE ( 'NONE', #6019, #4706, #5060, .T. ) ;
#1316 = FACE_OUTER_BOUND ( 'NONE', #574, .T. ) ;
#1317 = ORIENTED_EDGE ( 'NONE', *, *, #4505, .F. ) ;
#1318 = PLANE ( 'NONE',  #3344 ) ;
#1319 = AXIS2_PLACEMENT_3D ( 'NONE', #2605, #4795, #2537 ) ;
#1320 = ORIENTED_EDGE ( 'NONE', *, *, #7243, .F. ) ;
#1321 = LINE ( 'NONE', #1996, #624 ) ;
#1322 = DIRECTION ( 'NONE',  ( 1.000000000000000000, 0.0000000000000000000, -0.0000000000000000000 ) ) ;
#1323 = VECTOR ( 'NONE', #3920, 1000.000000000000000 ) ;
#1324 = EDGE_CURVE ( 'NONE', #3137, #3780, #7083, .T. ) ;
#1325 = CARTESIAN_POINT ( 'NONE',  ( 9.399999999999995000, 0.0000000000000000000, 9.999999999999978700 ) ) ;
#1326 = DIRECTION ( 'NONE',  ( -0.0000000000000000000, -1.000000000000000000, -0.0000000000000000000 ) ) ;
#1327 = EDGE_CURVE ( 'NONE', #6825, #3127, #4540, .T. ) ;
#1328 = ORIENTED_EDGE ( 'NONE', *, *, #6873, .T. ) ;
#1329 = ORIENTED_EDGE ( 'NONE', *, *, #1339, .T. ) ;
#1330 = DIRECTION ( 'NONE',  ( 1.000000000000000000, 0.0000000000000000000, -1.239088197126290900E-015 ) ) ;
#1331 = AXIS2_PLACEMENT_3D ( 'NONE', #5494, #7161, #4975 ) ;
#1332 = VECTOR ( 'NONE', #273, 1000.000000000000000 ) ;
#1333 = DIRECTION ( 'NONE',  ( -1.000000000000000000, 0.0000000000000000000, -9.637352644315598700E-016 ) ) ;
#1334 = ORIENTED_EDGE ( 'NONE', *, *, #6744, .T. ) ;
#1335 = ADVANCED_FACE ( 'NONE', ( #2712 ), #5608, .F. ) ;
#1336 = EDGE_LOOP ( 'NONE', ( #6473, #3086, #2700, #3295 ) ) ;
#1337 = ORIENTED_EDGE ( 'NONE', *, *, #734, .T. ) ;
#1338 = CARTESIAN_POINT ( 'NONE',  ( -6.900000000000004800, 1.000000000000000000, -10.00000000000000200 ) ) ;
#1339 = EDGE_CURVE ( 'NONE', #328, #2210, #2286, .T. ) ;
#1340 = LINE ( 'NONE', #194, #5593 ) ;
#1341 = ORIENTED_EDGE ( 'NONE', *, *, #758, .T. ) ;
#1342 = DIRECTION ( 'NONE',  ( -0.0000000000000000000, -1.000000000000000000, -0.0000000000000000000 ) ) ;
#1343 = DIRECTION ( 'NONE',  ( -1.000000000000000000, 4.336808689942043800E-015, 0.0000000000000000000 ) ) ;
#1344 = AXIS2_PLACEMENT_3D ( 'NONE', #2157, #2354, #4557 ) ;
#1345 = ORIENTED_EDGE ( 'NONE', *, *, #470, .F. ) ;
#1346 = DIRECTION ( 'NONE',  ( 0.0000000000000000000, 1.000000000000000000, -0.0000000000000000000 ) ) ;
#1347 = CARTESIAN_POINT ( 'NONE',  ( -17.95952063813559000, 3.848014389072693200, 8.973225685253726900 ) ) ;
#1348 = CARTESIAN_POINT ( 'NONE',  ( 9.099999999999996100, 1.000000000000000000, 9.999999999999978700 ) ) ;
#1349 = DIRECTION ( 'NONE',  ( 0.0000000000000000000, 0.0000000000000000000, -1.000000000000000000 ) ) ;
#1350 = PRESENTATION_STYLE_ASSIGNMENT (( #6318 ) ) ;
#1351 = DIRECTION ( 'NONE',  ( -1.000000000000000000, 0.0000000000000000000, -0.0000000000000000000 ) ) ;
#1352 = VECTOR ( 'NONE', #349, 1000.000000000000000 ) ;
#1353 = CARTESIAN_POINT ( 'NONE',  ( 14.89999999999999500, 3.280350850198276100, 9.999999999999973400 ) ) ;
#1354 = DIRECTION ( 'NONE',  ( 0.0000000000000000000, 0.0000000000000000000, -1.000000000000000000 ) ) ;
#1355 = EDGE_CURVE ( 'NONE', #5497, #102, #899, .T. ) ;
#1357 = EDGE_CURVE ( 'NONE', #2965, #5140, #6661, .T. ) ;
#1356 = CARTESIAN_POINT ( 'NONE',  ( 16.00000000000000000, 1.000000000000000000, -1.561251128379126400E-014 ) ) ;
#1358 = AXIS2_PLACEMENT_3D ( 'NONE', #5693, #2990, #5217 ) ;
#1359 = ORIENTED_EDGE ( 'NONE', *, *, #4657, .F. ) ;
#1360 = LINE ( 'NONE', #849, #3346 ) ;
#1361 = DIRECTION ( 'NONE',  ( -1.000000000000000000, 0.0000000000000000000, 0.0000000000000000000 ) ) ;
#1362 = CARTESIAN_POINT ( 'NONE',  ( 18.19999999999999600, 3.750000000000000900, 9.049999999999997200 ) ) ;
#1363 = ORIENTED_EDGE ( 'NONE', *, *, #6546, .T. ) ;
#1364 = EDGE_LOOP ( 'NONE', ( #1587, #6827, #4768, #5917 ) ) ;
#1365 = LINE ( 'NONE', #4684, #5446 ) ;
#1366 = ORIENTED_EDGE ( 'NONE', *, *, #2600, .T. ) ;
#1367 = CARTESIAN_POINT ( 'NONE',  ( -6.900000000000004800, 4.000000000000000000, 8.600000000000003200 ) ) ;
#1368 = EDGE_CURVE ( 'NONE', #5479, #2270, #5321, .T. ) ;
#1369 = SURFACE_SIDE_STYLE ('',( #1627 ) ) ;
#1370 = AXIS2_PLACEMENT_3D ( 'NONE', #7190, #509, #1012 ) ;
#1371 = ORIENTED_EDGE ( 'NONE', *, *, #64, .T. ) ;
#1372 = VECTOR ( 'NONE', #316, 1000.000000000000000 ) ;
#1373 = LINE ( 'NONE', #3643, #6968 ) ;
#1374 = CARTESIAN_POINT ( 'NONE',  ( 17.99920080067365900, 3.785664759425728200, -9.043423899164546100 ) ) ;
#1375 = FACE_OUTER_BOUND ( 'NONE', #4713, .T. ) ;
#1376 = SURFACE_STYLE_USAGE ( .BOTH. , #5307 ) ;
#1377 = CARTESIAN_POINT ( 'NONE',  ( 10.89999999999999500, 3.280350850198276100, 9.999999999999978700 ) ) ;
#1378 =( GEOMETRIC_REPRESENTATION_CONTEXT ( 3 ) GLOBAL_UNCERTAINTY_ASSIGNED_CONTEXT ( ( #5894 ) ) GLOBAL_UNIT_ASSIGNED_CONTEXT ( ( #3759, #7038, #337 ) ) REPRESENTATION_CONTEXT ( 'NONE', 'WORKASPACE' ) );
#1379 = VERTEX_POINT ( 'NONE', #4579 ) ;
#1380 = LINE ( 'NONE', #3857, #5738 ) ;
#1381 = CARTESIAN_POINT ( 'NONE',  ( -18.01602277010816900, 4.001499999999999200, -8.960709083152343300 ) ) ;
#1382 = CIRCLE ( 'NONE', #160, 0.5999999999999998700 ) ;
#1383 = ORIENTED_EDGE ( 'NONE', *, *, #1037, .T. ) ;
#1384 = VECTOR ( 'NONE', #1558, 1000.000000000000000 ) ;
#1385 = VERTEX_POINT ( 'NONE', #90 ) ;
#1386 = VERTEX_POINT ( 'NONE', #1084 ) ;
#1387 = VECTOR ( 'NONE', #6740, 1000.000000000000000 ) ;
#1388 = VECTOR ( 'NONE', #4460, 1000.000000000000000 ) ;
#1389 = ORIENTED_EDGE ( 'NONE', *, *, #3515, .F. ) ;
#1390 = AXIS2_PLACEMENT_3D ( 'NONE', #546, #1115, #2811 ) ;
#1391 = FACE_OUTER_BOUND ( 'NONE', #5098, .T. ) ;
#1392 = AXIS2_PLACEMENT_3D ( 'NONE', #6801, #63, #3932 ) ;
#1393 = CARTESIAN_POINT ( 'NONE',  ( 17.94999999999999600, 3.749999999999999600, 9.014078975515721100 ) ) ;
#1394 = ORIENTED_EDGE ( 'NONE', *, *, #5846, .F. ) ;
#1395 = VECTOR ( 'NONE', #4877, 1000.000000000000000 ) ;
#1396 = CARTESIAN_POINT ( 'NONE',  ( -17.94999999999999900, 4.001499999999998300, -8.949999999999994000 ) ) ;
#1397 = ADVANCED_FACE ( 'NONE', ( #1603 ), #4001, .F. ) ;
#1398 = VECTOR ( 'NONE', #4573, 1000.000000000000000 ) ;
#1399 = CARTESIAN_POINT ( 'NONE',  ( 14.89999999999999500, 1.000000000000000900, 8.599999999999974800 ) ) ;
#1400 = ORIENTED_EDGE ( 'NONE', *, *, #4216, .T. ) ;
#1401 = EDGE_CURVE ( 'NONE', #1861, #1688, #6749, .T. ) ;
#1402 = VECTOR ( 'NONE', #4865, 1000.000000000000000 ) ;
#1403 = LINE ( 'NONE', #5871, #2105 ) ;
#1404 = CARTESIAN_POINT ( 'NONE',  ( 17.94999999999999600, 3.999999999999999100, 8.949999999999997500 ) ) ;
#1405 = ORIENTED_EDGE ( 'NONE', *, *, #3910, .F. ) ;
#1406 = DIRECTION ( 'NONE',  ( 0.0000000000000000000, 0.0000000000000000000, -1.000000000000000000 ) ) ;
#1407 = EDGE_LOOP ( 'NONE', ( #2291, #4789, #5090, #4073 ) ) ;
#1408 = CARTESIAN_POINT ( 'NONE',  ( -17.95000000000000300, 4.001499999999999200, -8.949999999999995700 ) ) ;
#1409 = VERTEX_POINT ( 'NONE', #6212 ) ;
#1410 = ORIENTED_EDGE ( 'NONE', *, *, #4188, .T. ) ;
#1411 = DIRECTION ( 'NONE',  ( -0.0000000000000000000, -1.000000000000000000, 0.0000000000000000000 ) ) ;
#1412 = ORIENTED_EDGE ( 'NONE', *, *, #3617, .T. ) ;
#1413 = EDGE_CURVE ( 'NONE', #3938, #7000, #2969, .T. ) ;
#1414 = EDGE_CURVE ( 'NONE', #5942, #3582, #4710, .T. ) ;
#1415 = LINE ( 'NONE', #3228, #3404 ) ;
#1416 = CARTESIAN_POINT ( 'NONE',  ( 5.099999999999997000, 0.0000000000000000000, 8.599999999999981900 ) ) ;
#1417 = ORIENTED_EDGE ( 'NONE', *, *, #4829, .T. ) ;
#1418 = EDGE_LOOP ( 'NONE', ( #3803, #2474, #2072, #3878 ) ) ;
#1419 = DIRECTION ( 'NONE',  ( 0.0000000000000000000, 0.0000000000000000000, -1.000000000000000000 ) ) ;
#1420 = ORIENTED_EDGE ( 'NONE', *, *, #5553, .F. ) ;
#1421 = EDGE_CURVE ( 'NONE', #3577, #5393, #3216, .T. ) ;
#1422 = DIRECTION ( 'NONE',  ( -1.000000000000000000, 0.0000000000000000000, 1.369518533665900300E-016 ) ) ;
#1423 = ORIENTED_EDGE ( 'NONE', *, *, #4188, .F. ) ;
#1424 = CARTESIAN_POINT ( 'NONE',  ( 14.59999999999999400, 3.280350850198276100, -9.999999999999973400 ) ) ;
#1425 = ORIENTED_EDGE ( 'NONE', *, *, #2060, .F. ) ;
#1426 = CARTESIAN_POINT ( 'NONE',  ( 18.04999999999999700, 3.750000000000000000, 9.014078975515721100 ) ) ;
#1427 = DIRECTION ( 'NONE',  ( -0.0000000000000000000, -1.000000000000000000, -0.0000000000000000000 ) ) ;
#1428 = DIRECTION ( 'NONE',  ( 9.637352644315598700E-016, 0.0000000000000000000, 1.000000000000000000 ) ) ;
#1429 = LINE ( 'NONE', #490, #7194 ) ;
#1430 = CARTESIAN_POINT ( 'NONE',  ( -18.01600617287251900, 3.999999999999998200, -8.960770608164111200 ) ) ;
#1431 = AXIS2_PLACEMENT_3D ( 'NONE', #1393, #5779, #2964 ) ;
#1432 = DIRECTION ( 'NONE',  ( -0.0000000000000000000, -0.0000000000000000000, -1.000000000000000000 ) ) ;
#1433 = DIRECTION ( 'NONE',  ( 0.0000000000000000000, 0.0000000000000000000, 1.000000000000000000 ) ) ;
#1434 = DIRECTION ( 'NONE',  ( 0.0000000000000000000, 0.0000000000000000000, 1.000000000000000000 ) ) ;
#1436 = ADVANCED_FACE ( 'NONE', ( #4450 ), #6182, .T. ) ;
#1435 = LINE ( 'NONE', #190, #749 ) ;
#1437 = CARTESIAN_POINT ( 'NONE',  ( 6.899999999999995000, 0.0000000000000000000, 8.599999999999981900 ) ) ;
#1438 = ORIENTED_EDGE ( 'NONE', *, *, #1646, .F. ) ;
#1439 = EDGE_CURVE ( 'NONE', #3577, #3064, #3580, .T. ) ;
#1440 = LINE ( 'NONE', #5038, #565 ) ;
#1441 =( GEOMETRIC_REPRESENTATION_CONTEXT ( 3 ) GLOBAL_UNCERTAINTY_ASSIGNED_CONTEXT ( ( #2323 ) ) GLOBAL_UNIT_ASSIGNED_CONTEXT ( ( #6545, #3162, #4213 ) ) REPRESENTATION_CONTEXT ( 'NONE', 'WORKASPACE' ) );
#1442 = DIRECTION ( 'NONE',  ( 0.0000000000000000000, 1.000000000000000000, 0.0000000000000000000 ) ) ;
#1443 = CARTESIAN_POINT ( 'NONE',  ( 10.89999999999999500, 0.0000000000000000000, -8.600000000000003200 ) ) ;
#1444 = CARTESIAN_POINT ( 'NONE',  ( 1.099999999999995000, 3.280350850198276100, 9.999999999999985800 ) ) ;
#1445 = ORIENTED_EDGE ( 'NONE', *, *, #5325, .T. ) ;
#1446 = EDGE_LOOP ( 'NONE', ( #6525, #251, #5196, #4481 ) ) ;
#1447 = EDGE_CURVE ( 'NONE', #6823, #2135, #4020, .T. ) ;
#1448 = CARTESIAN_POINT ( 'NONE',  ( -9.100000000000005000, 3.280350850198276100, 9.999999999999998200 ) ) ;
#1450 = EDGE_CURVE ( 'NONE', #5324, #6130, #5240, .T. ) ;
#1449 =( LENGTH_UNIT ( ) NAMED_UNIT ( * ) SI_UNIT ( .MILLI., .METRE. ) );
#1451 = ORIENTED_EDGE ( 'NONE', *, *, #3884, .F. ) ;
#1452 = AXIS2_PLACEMENT_3D ( 'NONE', #3895, #3329, #570 ) ;
#1453 = SURFACE_STYLE_FILL_AREA ( #2620 ) ;
#1454 = SURFACE_SIDE_STYLE ('',( #1997 ) ) ;
#1455 = CARTESIAN_POINT ( 'NONE',  ( 17.94999999999999600, 4.001499999999999200, -8.950000000000001100 ) ) ;
#1456 = CARTESIAN_POINT ( 'NONE',  ( 5.099999999999995200, 0.0000000000000000000, 8.600000000000003200 ) ) ;
#1457 = DIRECTION ( 'NONE',  ( 0.0000000000000000000, 1.000000000000000000, 0.0000000000000000000 ) ) ;
#1458 = PRESENTATION_STYLE_ASSIGNMENT (( #5016 ) ) ;
#1459 = ORIENTED_EDGE ( 'NONE', *, *, #5698, .T. ) ;
#1460 = CARTESIAN_POINT ( 'NONE',  ( 5.399999999999995000, 3.280350850198276100, -9.999999999999982200 ) ) ;
#1461 = EDGE_CURVE ( 'NONE', #4012, #150, #1085, .T. ) ;
#1462 = VERTEX_POINT ( 'NONE', #5068 ) ;
#1463 = VECTOR ( 'NONE', #6154, 1000.000000000000000 ) ;
#1464 = DIRECTION ( 'NONE',  ( -0.0000000000000000000, -1.000000000000000000, -0.0000000000000000000 ) ) ;
#1465 = VECTOR ( 'NONE', #5011, 1000.000000000000000 ) ;
#1466 = PRESENTATION_LAYER_ASSIGNMENT (  '', '', ( #3969 ) ) ;
#1467 = FACE_OUTER_BOUND ( 'NONE', #6467, .T. ) ;
#1468 = PLANE ( 'NONE',  #711 ) ;
#1469 = EDGE_LOOP ( 'NONE', ( #4552, #6118, #7173, #1269 ) ) ;
#1470 = ORIENTED_EDGE ( 'NONE', *, *, #1620, .T. ) ;
#1471 = VECTOR ( 'NONE', #6564, 1000.000000000000000 ) ;
#1472 = CARTESIAN_POINT ( 'NONE',  ( 5.099999999999995200, 1.000000000000000000, 9.999999999999982200 ) ) ;
#1473 = VECTOR ( 'NONE', #1111, 1000.000000000000000 ) ;
#1474 = ADVANCED_FACE ( 'NONE', ( #4178 ), #6756, .F. ) ;
#1475 = CARTESIAN_POINT ( 'NONE',  ( 17.94999999999999600, 4.001499999999998300, -8.950000000000004600 ) ) ;
#1476 = CARTESIAN_POINT ( 'NONE',  ( -13.40000000000000600, 1.000000000000000900, -10.00000000000000200 ) ) ;
#1477 = ORIENTED_EDGE ( 'NONE', *, *, #3494, .F. ) ;
#1478 = CARTESIAN_POINT ( 'NONE',  ( 14.89999999999999500, 1.000000000000000000, -8.600000000000003200 ) ) ;
#1479 = CARTESIAN_POINT ( 'NONE',  ( 18.99999999999999600, 0.0000000000000000000, 9.999999999999998200 ) ) ;
#1480 = DIRECTION ( 'NONE',  ( 0.0000000000000000000, 0.0000000000000000000, 1.000000000000000000 ) ) ;
#1481 = VECTOR ( 'NONE', #139, 1000.000000000000000 ) ;
#1482 = VERTEX_POINT ( 'NONE', #1288 ) ;
#1483 = UNCERTAINTY_MEASURE_WITH_UNIT (LENGTH_MEASURE( 1.000000000000000100E-005 ), #925, 'distance_accuracy_value', 'NONE');
#1484 = CARTESIAN_POINT ( 'NONE',  ( -2.600000000000005000, 0.0000000000000000000, 9.999999999999989300 ) ) ;
#1485 = EDGE_LOOP ( 'NONE', ( #6188, #6277, #2182, #2446 ) ) ;
#1486 = LINE ( 'NONE', #457, #3827 ) ;
#1487 = CARTESIAN_POINT ( 'NONE',  ( 9.099999999999996100, 1.000000000000000000, -8.600000000000003200 ) ) ;
#1488 = DIRECTION ( 'NONE',  ( -0.0000000000000000000, 3.491481338843133000E-015, 1.000000000000000000 ) ) ;
#1489 = FACE_OUTER_BOUND ( 'NONE', #7068, .T. ) ;
#1490 = ORIENTED_EDGE ( 'NONE', *, *, #5690, .T. ) ;
#1491 = ORIENTED_EDGE ( 'NONE', *, *, #6741, .T. ) ;
#1492 = VERTEX_POINT ( 'NONE', #3552 ) ;
#1493 = ORIENTED_EDGE ( 'NONE', *, *, #2648, .F. ) ;
#1494 = EDGE_CURVE ( 'NONE', #1482, #4622, #6833, .T. ) ;
#1495 = ORIENTED_EDGE ( 'NONE', *, *, #4797, .F. ) ;
#1496 = EDGE_CURVE ( 'NONE', #4343, #2829, #2619, .T. ) ;
#1497 = EDGE_LOOP ( 'NONE', ( #4227, #4366, #750, #1677 ) ) ;
#1498 = ORIENTED_EDGE ( 'NONE', *, *, #4173, .F. ) ;
#1499 = DIRECTION ( 'NONE',  ( 0.0000000000000000000, 0.0000000000000000000, 1.000000000000000000 ) ) ;
#1500 = CARTESIAN_POINT ( 'NONE',  ( -13.10000000000000500, 4.000000000000000000, 8.599999999999999600 ) ) ;
#1501 = AXIS2_PLACEMENT_3D ( 'NONE', #295, #6424, #3011 ) ;
#1502 = EDGE_LOOP ( 'NONE', ( #954, #1061, #5743, #3929, #3579, #3591 ) ) ;
#1503 = CARTESIAN_POINT ( 'NONE',  ( 13.09999999999999800, 3.280350850198276100, -8.599999999999974800 ) ) ;
#1504 = ADVANCED_FACE ( 'NONE', ( #4350 ), #5141, .F. ) ;
#1505 = CARTESIAN_POINT ( 'NONE',  ( 18.99999999999999600, 0.0000000000000000000, -10.00000000000000200 ) ) ;
#1506 = DIRECTION ( 'NONE',  ( 1.000000000000000000, -0.0000000000000000000, -1.369518533665900300E-016 ) ) ;
#1507 = VECTOR ( 'NONE', #981, 1000.000000000000000 ) ;
#1508 = CARTESIAN_POINT ( 'NONE',  ( -17.95994571365396200, 3.847739216651306900, -8.974360777785651800 ) ) ;
#1509 = EDGE_LOOP ( 'NONE', ( #2223, #7075, #1304, #1445 ) ) ;
#1510 = VERTEX_POINT ( 'NONE', #2970 ) ;
#1511 = PLANE ( 'NONE',  #3094 ) ;
#1512 = CARTESIAN_POINT ( 'NONE',  ( 9.099999999999996100, 1.000000000000000000, 8.600000000000003200 ) ) ;
#1513 = EDGE_CURVE ( 'NONE', #5498, #5012, #1340, .T. ) ;
#1514 = DIRECTION ( 'NONE',  ( -0.0000000000000000000, -1.000000000000000000, -0.0000000000000000000 ) ) ;
#1515 = DIRECTION ( 'NONE',  ( -0.0000000000000000000, -1.000000000000000000, -0.0000000000000000000 ) ) ;
#1516 = AXIS2_PLACEMENT_3D ( 'NONE', #3634, #4711, #927 ) ;
#1517 = CARTESIAN_POINT ( 'NONE',  ( -1.400000000000005500, 0.0000000000000000000, 9.999999999999989300 ) ) ;
#1518 = ORIENTED_EDGE ( 'NONE', *, *, #3403, .F. ) ;
#1519 = FILL_AREA_STYLE ('',( #5295 ) ) ;
#1520 = DIRECTION ( 'NONE',  ( 0.0000000000000000000, 3.469446951953659200E-015, -1.000000000000000000 ) ) ;
#1521 = DIRECTION ( 'NONE',  ( -0.0000000000000000000, -1.000000000000000000, -0.0000000000000000000 ) ) ;
#1522 = DIRECTION ( 'NONE',  ( 1.000000000000000000, 0.0000000000000000000, 0.0000000000000000000 ) ) ;
#1523 = ORIENTED_EDGE ( 'NONE', *, *, #4140, .F. ) ;
#1524 = FACE_OUTER_BOUND ( 'NONE', #3853, .T. ) ;
#1525 = CARTESIAN_POINT ( 'NONE',  ( 6.899999999999995000, 3.280350850198276100, 9.999999999999982200 ) ) ;
#1526 = DIRECTION ( 'NONE',  ( -1.000000000000000000, 0.0000000000000000000, 0.0000000000000000000 ) ) ;
#1527 = DIRECTION ( 'NONE',  ( -1.000000000000000000, 0.0000000000000000000, -0.0000000000000000000 ) ) ;
#1528 = PLANE ( 'NONE',  #643 ) ;
#1529 = AXIS2_PLACEMENT_3D ( 'NONE', #4075, #1904, #1858 ) ;
#1530 = LINE ( 'NONE', #5132, #114 ) ;
#1531 = EDGE_LOOP ( 'NONE', ( #7037, #2684, #1394, #958, #4094, #7039 ) ) ;
#1532 = CARTESIAN_POINT ( 'NONE',  ( -14.90000000000000600, 0.0000000000000000000, 8.600000000000003200 ) ) ;
#1533 = DIRECTION ( 'NONE',  ( 0.0000000000000000000, -0.0000000000000000000, 1.000000000000000000 ) ) ;
#1534 = CARTESIAN_POINT ( 'NONE',  ( -18.05000000000000400, 3.750000000000000000, -9.014078975515722900 ) ) ;
#1535 = ORIENTED_EDGE ( 'NONE', *, *, #6171, .F. ) ;
#1536 = LINE ( 'NONE', #6310, #6947 ) ;
#1537 = EDGE_CURVE ( 'NONE', #2429, #622, #2796, .T. ) ;
#1538 = CARTESIAN_POINT ( 'NONE',  ( 17.95374256207295700, 3.849999999999998800, 8.951526738631534000 ) ) ;
#1539 = VERTEX_POINT ( 'NONE', #6280 ) ;
#1540 = MECHANICAL_DESIGN_GEOMETRIC_PRESENTATION_REPRESENTATION (  '', ( #5924 ), #5644 ) ;
#1541 = ORIENTED_EDGE ( 'NONE', *, *, #131, .F. ) ;
#1542 = VECTOR ( 'NONE', #3414, 1000.000000000000000 ) ;
#1543 = PRESENTATION_STYLE_ASSIGNMENT (( #2618 ) ) ;
#1544 = ADVANCED_FACE ( 'NONE', ( #7170 ), #141, .T. ) ;
#1545 = PLANE ( 'NONE',  #3683 ) ;
#1546 = VERTEX_POINT ( 'NONE', #5214 ) ;
#1547 = ADVANCED_FACE ( 'NONE', ( #6819 ), #3042, .F. ) ;
#1548 = CARTESIAN_POINT ( 'NONE',  ( 13.09999999999999600, 1.000000000000000000, -10.00000000000000200 ) ) ;
#1549 = EDGE_CURVE ( 'NONE', #1379, #2766, #3841, .T. ) ;
#1550 = SURFACE_SIDE_STYLE ('',( #1566 ) ) ;
#1551 = ORIENTED_EDGE ( 'NONE', *, *, #6744, .F. ) ;
#1553 = EDGE_CURVE ( 'NONE', #902, #1698, #2415, .T. ) ;
#1552 = CARTESIAN_POINT ( 'NONE',  ( 18.01407897551571900, 3.750000000000002700, -9.050000000000000700 ) ) ;
#1554 = LINE ( 'NONE', #4567, #3539 ) ;
#1555 = ORIENTED_EDGE ( 'NONE', *, *, #7104, .T. ) ;
#1556 = CARTESIAN_POINT ( 'NONE',  ( -17.99955746526821100, 3.785156575059575700, -9.044394482538484300 ) ) ;
#1557 = VECTOR ( 'NONE', #97, 1000.000000000000000 ) ;
#1558 = DIRECTION ( 'NONE',  ( 1.000000000000000000, -0.0000000000000000000, 9.637352644315598700E-016 ) ) ;
#1559 = CARTESIAN_POINT ( 'NONE',  ( 18.20149999999999900, 3.750000000000000900, -9.014078975515722900 ) ) ;
#1560 = DIRECTION ( 'NONE',  ( -0.0000000000000000000, -1.000000000000000000, -0.0000000000000000000 ) ) ;
#1561 = EDGE_LOOP ( 'NONE', ( #5643, #1999, #7084, #2533 ) ) ;
#1562 = FACE_OUTER_BOUND ( 'NONE', #6419, .T. ) ;
#1563 = CARTESIAN_POINT ( 'NONE',  ( 5.099999999999997000, 1.000000000000000900, -8.599999999999981900 ) ) ;
#1564 = ORIENTED_EDGE ( 'NONE', *, *, #1976, .F. ) ;
#1565 = DIRECTION ( 'NONE',  ( -1.000000000000000000, -0.0000000000000000000, -0.0000000000000000000 ) ) ;
#1566 = SURFACE_STYLE_FILL_AREA ( #6601 ) ;
#1567 = FACE_OUTER_BOUND ( 'NONE', #312, .T. ) ;
#1568 = EDGE_CURVE ( 'NONE', #1965, #2489, #2821, .T. ) ;
#1569 = EDGE_LOOP ( 'NONE', ( #7233, #929, #154, #4174, #5551, #4087 ) ) ;
#1570 = VECTOR ( 'NONE', #5594, 1000.000000000000000 ) ;
#1571 = VECTOR ( 'NONE', #6198, 1000.000000000000000 ) ;
#1572 = CARTESIAN_POINT ( 'NONE',  ( 17.97322568525372000, 3.848014389072692300, 8.959520638135579400 ) ) ;
#1573 = FACE_OUTER_BOUND ( 'NONE', #4963, .T. ) ;
#1574 = DIRECTION ( 'NONE',  ( 0.0000000000000000000, 1.000000000000000000, -0.0000000000000000000 ) ) ;
#1575 = EDGE_LOOP ( 'NONE', ( #2325, #2040, #2422, #2012 ) ) ;
#1576 = CARTESIAN_POINT ( 'NONE',  ( -1.100000000000005400, 0.0000000000000000000, 9.999999999999989300 ) ) ;
#1577 = ORIENTED_EDGE ( 'NONE', *, *, #6368, .F. ) ;
#1578 = LINE ( 'NONE', #4822, #1395 ) ;
#1579 = DIRECTION ( 'NONE',  ( 3.652049423109063300E-015, -1.000000000000000000, 6.123233995736766000E-017 ) ) ;
#1580 = CARTESIAN_POINT ( 'NONE',  ( 18.00336992738056800, 3.815628910804139900, -9.199999999999995700 ) ) ;
#1581 = DIRECTION ( 'NONE',  ( 0.0000000000000000000, 0.0000000000000000000, 1.000000000000000000 ) ) ;
#1582 =( GEOMETRIC_REPRESENTATION_CONTEXT ( 3 ) GLOBAL_UNCERTAINTY_ASSIGNED_CONTEXT ( ( #3840 ) ) GLOBAL_UNIT_ASSIGNED_CONTEXT ( ( #3581, #1826, #3486 ) ) REPRESENTATION_CONTEXT ( 'NONE', 'WORKASPACE' ) );
#1583 = FACE_OUTER_BOUND ( 'NONE', #4101, .T. ) ;
#1584 = MANIFOLD_SOLID_BREP ( 'LPattern2[3]', #4528 ) ;
#1585 = DIRECTION ( 'NONE',  ( -0.0000000000000000000, -0.0000000000000000000, 1.000000000000000000 ) ) ;
#1586 = ORIENTED_EDGE ( 'NONE', *, *, #5511, .F. ) ;
#1587 = ORIENTED_EDGE ( 'NONE', *, *, #2285, .F. ) ;
#1588 = VECTOR ( 'NONE', #3310, 1000.000000000000000 ) ;
#1589 = CARTESIAN_POINT ( 'NONE',  ( -2.900000000000004800, 1.000000000000000000, -8.600000000000003200 ) ) ;
#1590 = EDGE_LOOP ( 'NONE', ( #2655, #1949, #5465, #1998 ) ) ;
#1591 = CARTESIAN_POINT ( 'NONE',  ( 17.99271931701047600, 3.880496664690821000, 9.173056725902450000 ) ) ;
#1592 = CARTESIAN_POINT ( 'NONE',  ( 9.099999999999996100, 1.000000000000000000, -10.00000000000000200 ) ) ;
#1593 = VERTEX_POINT ( 'NONE', #2410 ) ;
#1594 = ORIENTED_EDGE ( 'NONE', *, *, #770, .F. ) ;
#1595 = DIRECTION ( 'NONE',  ( 4.765723835101052200E-017, -1.000000000000000000, 0.0000000000000000000 ) ) ;
#1596 = PLANE ( 'NONE',  #2180 ) ;
#1597 = EDGE_LOOP ( 'NONE', ( #1053, #6635, #2835, #632, #5086, #7241 ) ) ;
#1598 = ORIENTED_EDGE ( 'NONE', *, *, #438, .T. ) ;
#1599 = CARTESIAN_POINT ( 'NONE',  ( 9.099999999999996100, 0.0000000000000000000, 10.00000000000000200 ) ) ;
#1600 = ADVANCED_FACE ( 'NONE', ( #5672 ), #2457, .T. ) ;
#1601 = DIRECTION ( 'NONE',  ( 1.000000000000000000, 0.0000000000000000000, 0.0000000000000000000 ) ) ;
#1602 = AXIS2_PLACEMENT_3D ( 'NONE', #1286, #3965, #4527 ) ;
#1603 = FACE_OUTER_BOUND ( 'NONE', #1844, .T. ) ;
#1604 = DIRECTION ( 'NONE',  ( -1.000000000000000000, 0.0000000000000000000, -0.0000000000000000000 ) ) ;
#1605 = ORIENTED_EDGE ( 'NONE', *, *, #3774, .F. ) ;
#1606 = ORIENTED_EDGE ( 'NONE', *, *, #3534, .T. ) ;
#1607 = DIRECTION ( 'NONE',  ( -0.0000000000000000000, -1.000000000000000000, 0.0000000000000000000 ) ) ;
#1608 = EDGE_CURVE ( 'NONE', #4166, #2585, #5135, .T. ) ;
#1609 = DIRECTION ( 'NONE',  ( 3.652049423109063300E-015, -1.000000000000000000, 6.123233995736766000E-017 ) ) ;
#1610 = EDGE_CURVE ( 'NONE', #1955, #3657, #1403, .T. ) ;
#1611 = CARTESIAN_POINT ( 'NONE',  ( 14.59999999999999400, 0.0000000000000000000, 9.999999999999973400 ) ) ;
#1612 = ORIENTED_EDGE ( 'NONE', *, *, #5837, .T. ) ;
#1613 = LINE ( 'NONE', #5268, #3854 ) ;
#1614 = DIRECTION ( 'NONE',  ( -1.000000000000000000, -3.652049423109063300E-015, 0.0000000000000000000 ) ) ;
#1615 = CARTESIAN_POINT ( 'NONE',  ( -13.10000000000000500, 1.000000000000000000, 0.0000000000000000000 ) ) ;
#1616 = CARTESIAN_POINT ( 'NONE',  ( -10.60000000000000500, 0.0000000000000000000, 9.999999999999998200 ) ) ;
#1617 = ORIENTED_EDGE ( 'NONE', *, *, #4981, .T. ) ;
#1618 = CARTESIAN_POINT ( 'NONE',  ( -18.01600617408528400, 4.000000000000000900, 8.960770608362013300 ) ) ;
#1619 = CARTESIAN_POINT ( 'NONE',  ( -18.08049666469082000, 3.973056725902452500, 8.971359658505242900 ) ) ;
#1620 = EDGE_CURVE ( 'NONE', #6433, #125, #6024, .T. ) ;
#1621 = DIRECTION ( 'NONE',  ( 1.239088197126290700E-015, 0.0000000000000000000, -1.000000000000000000 ) ) ;
#1622 = CARTESIAN_POINT ( 'NONE',  ( 1.099999999999995000, 0.0000000000000000000, -9.999999999999985800 ) ) ;
#1623 = VECTOR ( 'NONE', #1747, 1000.000000000000000 ) ;
#1624 = DIRECTION ( 'NONE',  ( 0.0000000000000000000, 0.0000000000000000000, -1.000000000000000000 ) ) ;
#1625 = ADVANCED_FACE ( 'NONE', ( #2443 ), #6479, .F. ) ;
#1626 = DIRECTION ( 'NONE',  ( 0.0000000000000000000, 1.000000000000000000, 0.0000000000000000000 ) ) ;
#1627 = SURFACE_STYLE_FILL_AREA ( #4112 ) ;
#1628 = CARTESIAN_POINT ( 'NONE',  ( -17.94999999999999900, 3.999999999999998200, -8.949999999999994000 ) ) ;
#1629 = CARTESIAN_POINT ( 'NONE',  ( -5.100000000000005900, 0.0000000000000000000, -9.999999999999994700 ) ) ;
#1630 = CARTESIAN_POINT ( 'NONE',  ( 1.999999999999994900, 3.280350850198276100, -9.999999999999985800 ) ) ;
#1631 = ADVANCED_FACE ( 'NONE', ( #2787 ), #7049, .F. ) ;
#1632 = VECTOR ( 'NONE', #7226, 1000.000000000000000 ) ;
#1633 = CARTESIAN_POINT ( 'NONE',  ( 6.899999999999995000, 1.000000000000000000, 10.00000000000000200 ) ) ;
#1634 = ORIENTED_EDGE ( 'NONE', *, *, #3957, .T. ) ;
#1635 = LINE ( 'NONE', #1636, #2830 ) ;
#1636 = CARTESIAN_POINT ( 'NONE',  ( 9.099999999999997900, 0.0000000000000000000, -8.599999999999978300 ) ) ;
#1637 = DIRECTION ( 'NONE',  ( 1.000000000000000000, -0.0000000000000000000, 9.637352644315598700E-016 ) ) ;
#1638 = DIRECTION ( 'NONE',  ( -1.000000000000000000, 0.0000000000000000000, 0.0000000000000000000 ) ) ;
#1639 = VERTEX_POINT ( 'NONE', #5305 ) ;
#1640 = VERTEX_POINT ( 'NONE', #3104 ) ;
#1641 = ORIENTED_EDGE ( 'NONE', *, *, #2378, .T. ) ;
#1642 = LINE ( 'NONE', #3500, #2314 ) ;
#1643 = EDGE_CURVE ( 'NONE', #6025, #235, #4401, .T. ) ;
#1644 = LINE ( 'NONE', #2134, #5279 ) ;
#1645 = CARTESIAN_POINT ( 'NONE',  ( 17.96120838201507700, 3.849369875579089500, 8.954584150007248100 ) ) ;
#1646 = EDGE_CURVE ( 'NONE', #5601, #4412, #5309, .T. ) ;
#1647 = EDGE_LOOP ( 'NONE', ( #534, #3270, #5149, #4641 ) ) ;
#1648 = VERTEX_POINT ( 'NONE', #4722 ) ;
#1649 = LINE ( 'NONE', #6138, #1733 ) ;
#1650 = FACE_OUTER_BOUND ( 'NONE', #4414, .T. ) ;
#1651 = PLANE ( 'NONE',  #5104 ) ;
#1652 = LINE ( 'NONE', #4100, #142 ) ;
#1653 = DIRECTION ( 'NONE',  ( -0.0000000000000000000, -0.0000000000000000000, 1.000000000000000000 ) ) ;
#1654 = EDGE_LOOP ( 'NONE', ( #5306, #3816, #3814, #4015 ) ) ;
#1655 = EDGE_LOOP ( 'NONE', ( #1518, #4445, #4985, #4780 ) ) ;
#1656 = EDGE_CURVE ( 'NONE', #5375, #864, #3045, .T. ) ;
#1657 = VECTOR ( 'NONE', #4652, 1000.000000000000000 ) ;
#1658 = EDGE_CURVE ( 'NONE', #6926, #4575, #2871, .T. ) ;
#1659 = VERTEX_POINT ( 'NONE', #347 ) ;
#1660 = FACE_OUTER_BOUND ( 'NONE', #5192, .T. ) ;
#1661 = DIRECTION ( 'NONE',  ( 4.028596705594795600E-032, 3.491481338843133000E-015, -1.000000000000000000 ) ) ;
#1662 = CARTESIAN_POINT ( 'NONE',  ( -6.900000000000003000, 0.0000000000000000000, 8.599999999999994300 ) ) ;
#1663 = FACE_OUTER_BOUND ( 'NONE', #1407, .T. ) ;
#1664 =( GEOMETRIC_REPRESENTATION_CONTEXT ( 3 ) GLOBAL_UNCERTAINTY_ASSIGNED_CONTEXT ( ( #6542 ) ) GLOBAL_UNIT_ASSIGNED_CONTEXT ( ( #5200, #6949, #159 ) ) REPRESENTATION_CONTEXT ( 'NONE', 'WORKASPACE' ) );
#1665 = VERTEX_POINT ( 'NONE', #7010 ) ;
#1666 = DIRECTION ( 'NONE',  ( 1.000000000000000000, -0.0000000000000000000, -1.369518533665900300E-016 ) ) ;
#1667 = EDGE_LOOP ( 'NONE', ( #5137, #1907, #1268, #5340 ) ) ;
#1668 = EDGE_LOOP ( 'NONE', ( #6179, #1896, #6969, #446 ) ) ;
#1669 = FACE_OUTER_BOUND ( 'NONE', #3576, .T. ) ;
#1670 = SURFACE_SIDE_STYLE ('',( #2800 ) ) ;
#1671 = DIRECTION ( 'NONE',  ( 1.239088197126290700E-015, 0.0000000000000000000, 1.000000000000000000 ) ) ;
#1672 = ADVANCED_FACE ( 'NONE', ( #6822 ), #6957, .T. ) ;
#1673 = CARTESIAN_POINT ( 'NONE',  ( -9.100000000000003200, 0.0000000000000000000, 10.00000000000000200 ) ) ;
#1674 = LINE ( 'NONE', #5982, #2091 ) ;
#1675 = ADVANCED_FACE ( 'NONE', ( #4011 ), #2016, .F. ) ;
#1676 = EDGE_CURVE ( 'NONE', #6029, #2939, #445, .T. ) ;
#1677 = ORIENTED_EDGE ( 'NONE', *, *, #5750, .T. ) ;
#1678 = VECTOR ( 'NONE', #7209, 1000.000000000000000 ) ;
#1679 = CARTESIAN_POINT ( 'NONE',  ( -1.400000000000005500, 1.000000000000000900, -9.999999999999989300 ) ) ;
#1680 = LINE ( 'NONE', #2727, #3299 ) ;
#1681 = ORIENTED_EDGE ( 'NONE', *, *, #6595, .F. ) ;
#1682 = DIRECTION ( 'NONE',  ( -1.000000000000000000, -0.0000000000000000000, -0.0000000000000000000 ) ) ;
#1683 = CLOSED_SHELL ( 'NONE', ( #4887, #4196, #7249, #1739, #2308, #2706, #2772, #5595 ) ) ;
#1684 = EDGE_LOOP ( 'NONE', ( #1869, #5496, #1140, #311 ) ) ;
#1685 = ORIENTED_EDGE ( 'NONE', *, *, #3440, .T. ) ;
#1686 = DIRECTION ( 'NONE',  ( -0.0000000000000000000, -1.000000000000000000, -0.0000000000000000000 ) ) ;
#1687 = AXIS2_PLACEMENT_3D ( 'NONE', #4440, #6156, #6216 ) ;
#1688 = VERTEX_POINT ( 'NONE', #2500 ) ;
#1689 = DIRECTION ( 'NONE',  ( 0.0000000000000000000, 0.0000000000000000000, 1.000000000000000000 ) ) ;
#1690 = ORIENTED_EDGE ( 'NONE', *, *, #7042, .T. ) ;
#1691 = VERTEX_POINT ( 'NONE', #4217 ) ;
#1692 = ORIENTED_EDGE ( 'NONE', *, *, #6122, .F. ) ;
#1693 = CARTESIAN_POINT ( 'NONE',  ( 17.96070551104859400, 3.848484999999998800, 8.975845182505152000 ) ) ;
#1694 = CARTESIAN_POINT ( 'NONE',  ( -10.00000000000000500, 0.0000000000000000000, -9.999999999999998200 ) ) ;
#1695 = DIRECTION ( 'NONE',  ( -0.0000000000000000000, -1.000000000000000000, -0.0000000000000000000 ) ) ;
#1696 = EDGE_CURVE ( 'NONE', #2965, #3389, #2609, .T. ) ;
#1697 = DIRECTION ( 'NONE',  ( -0.0000000000000000000, -1.000000000000000000, 0.0000000000000000000 ) ) ;
#1698 = VERTEX_POINT ( 'NONE', #471 ) ;
#1699 = LINE ( 'NONE', #6736, #3 ) ;
#1700 = AXIS2_PLACEMENT_3D ( 'NONE', #3244, #7142, #4289 ) ;
#1701 = CARTESIAN_POINT ( 'NONE',  ( -1.100000000000005400, 1.000000000000000000, -10.00000000000000200 ) ) ;
#1702 = CARTESIAN_POINT ( 'NONE',  ( 5.099999999999995200, 0.0000000000000000000, -9.999999999999982200 ) ) ;
#1703 = DIRECTION ( 'NONE',  ( 1.000000000000000000, 0.0000000000000000000, -9.130123557772669600E-017 ) ) ;
#1704 = EDGE_LOOP ( 'NONE', ( #676, #806, #2183, #1128 ) ) ;
#1705 = EDGE_CURVE ( 'NONE', #2270, #6996, #6207, .T. ) ;
#1706 = DIRECTION ( 'NONE',  ( 4.765723835101052200E-017, -1.000000000000000000, -3.652049423109063300E-015 ) ) ;
#1707 = EDGE_CURVE ( 'NONE', #3137, #5866, #7072, .T. ) ;
#1708 = CARTESIAN_POINT ( 'NONE',  ( -13.10000000000000500, 1.000000000000000900, -10.00000000000000200 ) ) ;
#1709 = DIRECTION ( 'NONE',  ( 1.000000000000000000, -0.0000000000000000000, 9.637352644315598700E-016 ) ) ;
#1710 = DIRECTION ( 'NONE',  ( -0.0000000000000000000, -1.000000000000000000, -0.0000000000000000000 ) ) ;
#1711 = VECTOR ( 'NONE', #1169, 1000.000000000000000 ) ;
#1712 = DIRECTION ( 'NONE',  ( 0.0000000000000000000, -1.000000000000000000, 0.0000000000000000000 ) ) ;
#1713 = CARTESIAN_POINT ( 'NONE',  ( -18.03922269036098300, 3.802198665876327600, 8.992719317010481100 ) ) ;
#1714 = EDGE_CURVE ( 'NONE', #5234, #1665, #3742, .T. ) ;
#1715 = CARTESIAN_POINT ( 'NONE',  ( -2.900000000000004800, 3.280350850198276100, -9.999999999999989300 ) ) ;
#1716 = VECTOR ( 'NONE', #4574, 1000.000000000000000 ) ;
#1717 = MANIFOLD_SOLID_BREP ( 'LPattern2[1]', #4353 ) ;
#1718 = AXIS2_PLACEMENT_3D ( 'NONE', #6828, #3411, #6629 ) ;
#1719 = ORIENTED_EDGE ( 'NONE', *, *, #5883, .F. ) ;
#1720 = LINE ( 'NONE', #6803, #5091 ) ;
#1721 = DIRECTION ( 'NONE',  ( 0.0000000000000000000, 4.336808689942119500E-015, 1.000000000000000000 ) ) ;
#1722 = CARTESIAN_POINT ( 'NONE',  ( 1.099999999999995000, 1.000000000000000000, -9.999999999999985800 ) ) ;
#1723 = ORIENTED_EDGE ( 'NONE', *, *, #4286, .T. ) ;
#1724 = LINE ( 'NONE', #2302, #30 ) ;
#1725 = CARTESIAN_POINT ( 'NONE',  ( 18.99999999999999600, 1.000000000000000000, -10.00000000000000200 ) ) ;
#1726 = VECTOR ( 'NONE', #532, 1000.000000000000000 ) ;
#1727 = CARTESIAN_POINT ( 'NONE',  ( -6.900000000000004800, 0.0000000000000000000, 8.600000000000003200 ) ) ;
#1728 = VERTEX_POINT ( 'NONE', #6028 ) ;
#1729 = PLANE ( 'NONE',  #1392 ) ;
#1730 = CARTESIAN_POINT ( 'NONE',  ( 17.94999999999999200, 3.848484999999998400, 8.949999999999997500 ) ) ;
#1731 = CARTESIAN_POINT ( 'NONE',  ( -18.20000000000000300, 0.9999999999999970000, -9.200000000000008200 ) ) ;
#1732 = ORIENTED_EDGE ( 'NONE', *, *, #4007, .F. ) ;
#1733 = VECTOR ( 'NONE', #7260, 1000.000000000000000 ) ;
#1734 = PLANE ( 'NONE',  #867 ) ;
#1735 = CARTESIAN_POINT ( 'NONE',  ( 2.899999999999994600, 0.0000000000000000000, 8.599999999999999600 ) ) ;
#1736 = VECTOR ( 'NONE', #6322, 1000.000000000000000 ) ;
#1737 = FACE_OUTER_BOUND ( 'NONE', #2510, .T. ) ;
#1738 = DIRECTION ( 'NONE',  ( 1.000000000000000000, 0.0000000000000000000, -1.239088197126290900E-015 ) ) ;
#1739 = ADVANCED_FACE ( 'NONE', ( #890 ), #5966, .F. ) ;
#1740 = CARTESIAN_POINT ( 'NONE',  ( -1.400000000000005500, 0.0000000000000000000, -9.999999999999989300 ) ) ;
#1741 = FACE_OUTER_BOUND ( 'NONE', #5922, .T. ) ;
#1742 = EDGE_CURVE ( 'NONE', #3627, #2613, #263, .T. ) ;
#1743 = LINE ( 'NONE', #6089, #3016 ) ;
#1744 = DIRECTION ( 'NONE',  ( -1.000000000000000000, 0.0000000000000000000, 0.0000000000000000000 ) ) ;
#1745 = EDGE_CURVE ( 'NONE', #1659, #6030, #986, .T. ) ;
#1746 = FACE_OUTER_BOUND ( 'NONE', #5009, .T. ) ;
#1747 = DIRECTION ( 'NONE',  ( 0.0000000000000000000, -1.000000000000000000, 0.0000000000000000000 ) ) ;
#1748 = ORIENTED_EDGE ( 'NONE', *, *, #5936, .T. ) ;
#1749 = FACE_OUTER_BOUND ( 'NONE', #5454, .T. ) ;
#1750 = CARTESIAN_POINT ( 'NONE',  ( 9.099999999999997900, 0.0000000000000000000, 8.599999999999978300 ) ) ;
#1751 = VECTOR ( 'NONE', #2484, 1000.000000000000000 ) ;
#1752 = DIRECTION ( 'NONE',  ( -1.000000000000000000, -0.0000000000000000000, 0.0000000000000000000 ) ) ;
#1753 = FACE_OUTER_BOUND ( 'NONE', #3280, .T. ) ;
#1754 = VERTEX_POINT ( 'NONE', #5400 ) ;
#1755 = EDGE_CURVE ( 'NONE', #3780, #3164, #3926, .T. ) ;
#1756 = VERTEX_POINT ( 'NONE', #2623 ) ;
#1757 = VECTOR ( 'NONE', #6587, 1000.000000000000000 ) ;
#1758 = PRODUCT_DEFINITION ( 'UNKNOWN', '', #5470, #205 ) ;
#1759 = DIRECTION ( 'NONE',  ( -0.0000000000000000000, -1.000000000000000000, 0.0000000000000000000 ) ) ;
#1760 = FACE_OUTER_BOUND ( 'NONE', #629, .T. ) ;
#1761 = CARTESIAN_POINT ( 'NONE',  ( 17.96070554641595900, 3.849999999999998800, 8.976242980402211900 ) ) ;
#1762 = CARTESIAN_POINT ( 'NONE',  ( -14.90000000000000600, 1.000000000000000000, 10.00000000000000200 ) ) ;
#1763 = DIRECTION ( 'NONE',  ( 1.000000000000000000, 0.0000000000000000000, 0.0000000000000000000 ) ) ;
#1764 = PLANE ( 'NONE',  #795 ) ;
#1765 = ORIENTED_EDGE ( 'NONE', *, *, #3390, .T. ) ;
#1766 = FACE_OUTER_BOUND ( 'NONE', #4743, .T. ) ;
#1767 = DIRECTION ( 'NONE',  ( -0.0000000000000000000, -1.000000000000000000, 0.0000000000000000000 ) ) ;
#1768 = ORIENTED_EDGE ( 'NONE', *, *, #4377, .F. ) ;
#1769 = ORIENTED_EDGE ( 'NONE', *, *, #6076, .T. ) ;
#1770 = CARTESIAN_POINT ( 'NONE',  ( -6.000000000000005300, 1.000000000000000000, 9.999999999999994700 ) ) ;
#1771 = ORIENTED_EDGE ( 'NONE', *, *, #4569, .F. ) ;
#1772 = VERTEX_POINT ( 'NONE', #3223 ) ;
#1773 = CARTESIAN_POINT ( 'NONE',  ( 18.17279976525512100, 3.880768558391736600, -8.992658319983377200 ) ) ;
#1774 = VECTOR ( 'NONE', #3948, 1000.000000000000000 ) ;
#1775 = AXIS2_PLACEMENT_3D ( 'NONE', #6568, #400, #2590 ) ;
#1776 = ADVANCED_FACE ( 'NONE', ( #6645 ), #5396, .F. ) ;
#1777 = ORIENTED_EDGE ( 'NONE', *, *, #6469, .T. ) ;
#1778 = EDGE_LOOP ( 'NONE', ( #7238, #6695, #4736, #6386 ) ) ;
#1779 = VECTOR ( 'NONE', #5570, 1000.000000000000000 ) ;
#1780 = STYLED_ITEM ( 'NONE', ( #2850 ), #3293 ) ;
#1781 = PLANE ( 'NONE',  #5615 ) ;
#1782 = DIRECTION ( 'NONE',  ( 0.0000000000000000000, 0.0000000000000000000, -1.000000000000000000 ) ) ;
#1783 = ORIENTED_EDGE ( 'NONE', *, *, #4554, .F. ) ;
#1784 = VECTOR ( 'NONE', #358, 1000.000000000000000 ) ;
#1785 = CARTESIAN_POINT ( 'NONE',  ( 10.89999999999999500, 1.000000000000000000, 0.0000000000000000000 ) ) ;
#1786 = CARTESIAN_POINT ( 'NONE',  ( 5.399999999999995000, 1.000000000000000900, 9.999999999999982200 ) ) ;
#1787 = CARTESIAN_POINT ( 'NONE',  ( -14.90000000000000400, 1.000000000000000900, -8.600000000000001400 ) ) ;
#1788 = EDGE_CURVE ( 'NONE', #1691, #3046, #717, .T. ) ;
#1789 = DIRECTION ( 'NONE',  ( -0.0000000000000000000, -1.000000000000000000, -0.0000000000000000000 ) ) ;
#1790 = EDGE_LOOP ( 'NONE', ( #164, #3714, #4580, #4551 ) ) ;
#1791 = VERTEX_POINT ( 'NONE', #6521 ) ;
#1792 = PRESENTATION_LAYER_ASSIGNMENT (  '', '', ( #5924 ) ) ;
#1793 = DIRECTION ( 'NONE',  ( 0.0000000000000000000, 0.0000000000000000000, -1.000000000000000000 ) ) ;
#1794 = CARTESIAN_POINT ( 'NONE',  ( 1.999999999999994900, 0.0000000000000000000, 9.999999999999985800 ) ) ;
#1795 = CYLINDRICAL_SURFACE ( 'NONE', #3877, 0.2500000000000002200 ) ;
#1796 = CARTESIAN_POINT ( 'NONE',  ( -1.100000000000005400, 1.000000000000000900, -8.599999999999989000 ) ) ;
#1797 = EDGE_CURVE ( 'NONE', #4429, #125, #7252, .T. ) ;
#1798 = CARTESIAN_POINT ( 'NONE',  ( 13.09999999999999800, 1.000000000000000900, -8.599999999999974800 ) ) ;
#1799 = EDGE_CURVE ( 'NONE', #935, #5288, #4434, .T. ) ;
#1800 = CARTESIAN_POINT ( 'NONE',  ( -9.100000000000005000, 3.280350850198276100, 9.999999999999998200 ) ) ;
#1801 = AXIS2_PLACEMENT_3D ( 'NONE', #1868, #4663, #1821 ) ;
#1802 = VECTOR ( 'NONE', #290, 1000.000000000000000 ) ;
#1803 = DIRECTION ( 'NONE',  ( 0.0000000000000000000, 0.0000000000000000000, 1.000000000000000000 ) ) ;
#1804 = VECTOR ( 'NONE', #2894, 1000.000000000000000 ) ;
#1805 = CARTESIAN_POINT ( 'NONE',  ( -2.900000000000004800, 0.0000000000000000000, -10.00000000000000200 ) ) ;
#1806 = CARTESIAN_POINT ( 'NONE',  ( -6.600000000000005000, 1.000000000000000900, 9.999999999999994700 ) ) ;
#1807 = EDGE_CURVE ( 'NONE', #3127, #6433, #5225, .T. ) ;
#1808 = CARTESIAN_POINT ( 'NONE',  ( -13.10000000000000500, 1.000000000000000000, -8.600000000000003200 ) ) ;
#1809 = VERTEX_POINT ( 'NONE', #448 ) ;
#1810 = PLANE ( 'NONE',  #1900 ) ;
#1811 = ADVANCED_FACE ( 'NONE', ( #2959 ), #5449, .F. ) ;
#1812 = ORIENTED_EDGE ( 'NONE', *, *, #6960, .F. ) ;
#1813 = LINE ( 'NONE', #3952, #6785 ) ;
#1814 = DIRECTION ( 'NONE',  ( 0.0000000000000000000, 1.000000000000000000, 0.0000000000000000000 ) ) ;
#1815 = CARTESIAN_POINT ( 'NONE',  ( 18.01600617408528000, 4.000000000000000000, -8.960770608362009800 ) ) ;
#1816 = EDGE_LOOP ( 'NONE', ( #4687, #6195, #7112, #1168 ) ) ;
#1817 = ORIENTED_EDGE ( 'NONE', *, *, #854, .T. ) ;
#1818 = LINE ( 'NONE', #7051, #3088 ) ;
#1819 = PLANE ( 'NONE',  #5429 ) ;
#1820 = FACE_OUTER_BOUND ( 'NONE', #5259, .T. ) ;
#1821 = DIRECTION ( 'NONE',  ( 0.0000000000000000000, 0.0000000000000000000, -1.000000000000000000 ) ) ;
#1822 = ORIENTED_EDGE ( 'NONE', *, *, #1421, .T. ) ;
#1823 = CARTESIAN_POINT ( 'NONE',  ( -5.100000000000005900, 0.0000000000000000000, 8.599999999999994300 ) ) ;
#1824 = FACE_OUTER_BOUND ( 'NONE', #1418, .T. ) ;
#1825 = EDGE_CURVE ( 'NONE', #258, #3111, #535, .T. ) ;
#1826 =( NAMED_UNIT ( * ) PLANE_ANGLE_UNIT ( ) SI_UNIT ( $, .RADIAN. ) );
#1827 = VECTOR ( 'NONE', #980, 1000.000000000000000 ) ;
#1828 = DIRECTION ( 'NONE',  ( 0.0000000000000000000, 0.0000000000000000000, -1.000000000000000000 ) ) ;
#1829 = VERTEX_POINT ( 'NONE', #2702 ) ;
#1830 = VECTOR ( 'NONE', #5905, 1000.000000000000000 ) ;
#1831 =( NAMED_UNIT ( * ) SI_UNIT ( $, .STERADIAN. ) SOLID_ANGLE_UNIT ( ) );
#1832 = CLOSED_SHELL ( 'NONE', ( #6677, #1474, #5182, #3019, #5592, #99, #6302, #4885 ) ) ;
#1833 = VECTOR ( 'NONE', #1885, 1000.000000000000000 ) ;
#1834 = COLOUR_RGB ( '',0.9686274509803921600, 0.8784313725490196000, 0.5999999999999999800 ) ;
#1835 = EDGE_LOOP ( 'NONE', ( #1334, #3438, #6304, #2495 ) ) ;
#1836 = ORIENTED_EDGE ( 'NONE', *, *, #5251, .T. ) ;
#1837 = EDGE_CURVE ( 'NONE', #4534, #1214, #256, .T. ) ;
#1838 = LINE ( 'NONE', #3955, #3112 ) ;
#1839 = CARTESIAN_POINT ( 'NONE',  ( 1.099999999999995000, 1.000000000000000000, -8.600000000000003200 ) ) ;
#1840 = EDGE_CURVE ( 'NONE', #2536, #988, #5931, .T. ) ;
#1841 = DIRECTION ( 'NONE',  ( 1.000000000000000000, -3.652049423109063300E-015, -4.192941221567185900E-032 ) ) ;
#1842 = LINE ( 'NONE', #1033, #796 ) ;
#1843 = MECHANICAL_DESIGN_GEOMETRIC_PRESENTATION_REPRESENTATION (  '', ( #4571 ), #5940 ) ;
#1844 = EDGE_LOOP ( 'NONE', ( #1023, #6082, #1577, #4466 ) ) ;
#1845 = ORIENTED_EDGE ( 'NONE', *, *, #4735, .T. ) ;
#1846 = ADVANCED_FACE ( 'NONE', ( #801 ), #6555, .F. ) ;
#1847 = DIRECTION ( 'NONE',  ( 0.0000000000000000000, -0.0000000000000000000, 1.000000000000000000 ) ) ;
#1848 = ADVANCED_FACE ( 'NONE', ( #3482 ), #568, .F. ) ;
#1849 = VECTOR ( 'NONE', #3716, 1000.000000000000000 ) ;
#1850 = ORIENTED_EDGE ( 'NONE', *, *, #2662, .F. ) ;
#1851 = EDGE_CURVE ( 'NONE', #3304, #4335, #6113, .T. ) ;
#1852 = ORIENTED_EDGE ( 'NONE', *, *, #6317, .T. ) ;
#1853 = ORIENTED_EDGE ( 'NONE', *, *, #2784, .F. ) ;
#1854 = VERTEX_POINT ( 'NONE', #5579 ) ;
#1855 = MECHANICAL_DESIGN_GEOMETRIC_PRESENTATION_REPRESENTATION (  '', ( #3969 ), #4331 ) ;
#1856 = DIRECTION ( 'NONE',  ( 1.000000000000000000, 0.0000000000000000000, 0.0000000000000000000 ) ) ;
#1857 = CARTESIAN_POINT ( 'NONE',  ( -17.96070908315234900, 4.001499999999997400, 9.016022770108156300 ) ) ;
#1858 = DIRECTION ( 'NONE',  ( 0.0000000000000000000, 0.0000000000000000000, -1.000000000000000000 ) ) ;
#1859 = CARTESIAN_POINT ( 'NONE',  ( 9.099999999999996100, 1.000000000000000000, -9.999999999999978700 ) ) ;
#1860 = ORIENTED_EDGE ( 'NONE', *, *, #1537, .F. ) ;
#1861 = VERTEX_POINT ( 'NONE', #2744 ) ;
#1862 = ORIENTED_EDGE ( 'NONE', *, *, #1951, .F. ) ;
#1863 = AXIS2_PLACEMENT_3D ( 'NONE', #3943, #1682, #1721 ) ;
#1864 = CARTESIAN_POINT ( 'NONE',  ( 13.99999999999999500, 0.0000000000000000000, 9.999999999999973400 ) ) ;
#1865 = VERTEX_POINT ( 'NONE', #2218 ) ;
#1866 = VECTOR ( 'NONE', #1514, 1000.000000000000000 ) ;
#1867 = ORIENTED_EDGE ( 'NONE', *, *, #4219, .F. ) ;
#1868 = CARTESIAN_POINT ( 'NONE',  ( 14.89999999999999500, 3.280350850198276100, 9.999999999999973400 ) ) ;
#1869 = ORIENTED_EDGE ( 'NONE', *, *, #4198, .T. ) ;
#1870 = VERTEX_POINT ( 'NONE', #5034 ) ;
#1871 = ORIENTED_EDGE ( 'NONE', *, *, #7028, .T. ) ;
#1872 = CARTESIAN_POINT ( 'NONE',  ( 6.899999999999995000, 4.000000000000000000, 8.599999999999999600 ) ) ;
#1873 = DIRECTION ( 'NONE',  ( -3.652049423109063300E-015, -1.000000000000000000, 6.123233995736766000E-017 ) ) ;
#1874 = DIRECTION ( 'NONE',  ( -1.000000000000000000, 0.0000000000000000000, 0.0000000000000000000 ) ) ;
#1875 = CARTESIAN_POINT ( 'NONE',  ( 13.09999999999999600, 1.000000000000000000, 0.0000000000000000000 ) ) ;
#1876 = DIRECTION ( 'NONE',  ( 1.000000000000000000, 0.0000000000000000000, -0.0000000000000000000 ) ) ;
#1877 = CARTESIAN_POINT ( 'NONE',  ( -9.100000000000005000, 4.000000000000000000, 8.599999999999999600 ) ) ;
#1878 = EDGE_CURVE ( 'NONE', #4486, #1593, #7148, .T. ) ;
#1880 = EDGE_CURVE ( 'NONE', #3701, #6303, #2864, .T. ) ;
#1879 = CARTESIAN_POINT ( 'NONE',  ( -13.10000000000000500, 0.0000000000000000000, -8.600000000000003200 ) ) ;
#1881 = ADVANCED_FACE ( 'NONE', ( #1489 ), #5577, .F. ) ;
#1882 = LINE ( 'NONE', #5753, #7199 ) ;
#1883 = AXIS2_PLACEMENT_3D ( 'NONE', #709, #1274, #6326 ) ;
#1884 = PLANE ( 'NONE',  #2371 ) ;
#1885 = DIRECTION ( 'NONE',  ( 1.000000000000000000, 4.765723835101118100E-017, -9.531447670202218900E-017 ) ) ;
#1886 = DIRECTION ( 'NONE',  ( -1.000000000000000000, 0.0000000000000000000, 0.0000000000000000000 ) ) ;
#1887 = VECTOR ( 'NONE', #3676, 1000.000000000000000 ) ;
#1888 = CARTESIAN_POINT ( 'NONE',  ( 13.09999999999999800, 0.0000000000000000000, 8.599999999999974800 ) ) ;
#1889 = EDGE_CURVE ( 'NONE', #6710, #7011, #6291, .T. ) ;
#1890 = CARTESIAN_POINT ( 'NONE',  ( -2.900000000000004800, 0.0000000000000000000, 9.999999999999989300 ) ) ;
#1891 = AXIS2_PLACEMENT_3D ( 'NONE', #3473, #5616, #4514 ) ;
#1892 = LINE ( 'NONE', #2442, #6420 ) ;
#1893 = VERTEX_POINT ( 'NONE', #2243 ) ;
#1894 = UNCERTAINTY_MEASURE_WITH_UNIT (LENGTH_MEASURE( 1.000000000000000100E-005 ), #2132, 'distance_accuracy_value', 'NONE');
#1895 = DIRECTION ( 'NONE',  ( 0.0000000000000000000, 0.0000000000000000000, -1.000000000000000000 ) ) ;
#1896 = ORIENTED_EDGE ( 'NONE', *, *, #3116, .F. ) ;
#1897 = CARTESIAN_POINT ( 'NONE',  ( -14.90000000000000600, 1.000000000000000000, -10.00000000000000200 ) ) ;
#1898 = CARTESIAN_POINT ( 'NONE',  ( -17.99271931701048600, 3.881279644678964600, 9.174395066257865500 ) ) ;
#1899 = DIRECTION ( 'NONE',  ( 0.0000000000000000000, 0.0000000000000000000, -1.000000000000000000 ) ) ;
#1900 = AXIS2_PLACEMENT_3D ( 'NONE', #3531, #2930, #2905 ) ;
#1901 = ORIENTED_EDGE ( 'NONE', *, *, #3315, .T. ) ;
#1902 = VECTOR ( 'NONE', #7189, 1000.000000000000000 ) ;
#1903 = ORIENTED_EDGE ( 'NONE', *, *, #2945, .T. ) ;
#1904 = DIRECTION ( 'NONE',  ( 0.0000000000000000000, 1.000000000000000000, 0.0000000000000000000 ) ) ;
#1905 = PLANE ( 'NONE',  #7111 ) ;
#1906 = DIRECTION ( 'NONE',  ( -1.000000000000000000, -0.0000000000000000000, -0.0000000000000000000 ) ) ;
#1907 = ORIENTED_EDGE ( 'NONE', *, *, #5513, .F. ) ;
#1908 = CARTESIAN_POINT ( 'NONE',  ( -10.90000000000000600, 0.0000000000000000000, -8.600000000000003200 ) ) ;
#1909 = FACE_OUTER_BOUND ( 'NONE', #2922, .T. ) ;
#1910 = CARTESIAN_POINT ( 'NONE',  ( 2.899999999999994600, 1.000000000000000000, -8.600000000000003200 ) ) ;
#1911 = LINE ( 'NONE', #1448, #6707 ) ;
#1912 = CARTESIAN_POINT ( 'NONE',  ( 18.99999999999999600, 1.000000000000000000, -10.00000000000000200 ) ) ;
#1913 = VECTOR ( 'NONE', #2377, 1000.000000000000000 ) ;
#1914 = CARTESIAN_POINT ( 'NONE',  ( 5.099999999999995200, 1.000000000000000000, 0.0000000000000000000 ) ) ;
#1915 = VERTEX_POINT ( 'NONE', #26 ) ;
#1916 = FACE_OUTER_BOUND ( 'NONE', #724, .T. ) ;
#1917 = DIRECTION ( 'NONE',  ( 0.0000000000000000000, 0.0000000000000000000, -1.000000000000000000 ) ) ;
#1918 = LINE ( 'NONE', #2339, #1144 ) ;
#1919 = LINE ( 'NONE', #5071, #2255 ) ;
#1920 = CARTESIAN_POINT ( 'NONE',  ( 1.315339778487908700E-015, 3.750000000000000900, 9.199999999999999300 ) ) ;
#1921 = ORIENTED_EDGE ( 'NONE', *, *, #515, .F. ) ;
#1922 = LINE ( 'NONE', #1258, #4320 ) ;
#1923 = EDGE_CURVE ( 'NONE', #5350, #6933, #2020, .T. ) ;
#1924 = FACE_OUTER_BOUND ( 'NONE', #1569, .T. ) ;
#1925 = DIRECTION ( 'NONE',  ( 1.000000000000000000, 0.0000000000000000000, -9.637352644315598700E-016 ) ) ;
#1926 = DIRECTION ( 'NONE',  ( 1.000000000000000000, 0.0000000000000000000, -9.130123557772669600E-017 ) ) ;
#1927 = AXIS2_PLACEMENT_3D ( 'NONE', #4933, #3815, #5480 ) ;
#1928 = DIRECTION ( 'NONE',  ( -0.0000000000000000000, -0.0000000000000000000, -1.000000000000000000 ) ) ;
#1929 = ORIENTED_EDGE ( 'NONE', *, *, #7150, .F. ) ;
#1930 = FACE_OUTER_BOUND ( 'NONE', #653, .T. ) ;
#1931 = SURFACE_STYLE_USAGE ( .BOTH. , #5245 ) ;
#1932 = CARTESIAN_POINT ( 'NONE',  ( -18.20000000000000600, 3.816006174085280200, -9.003308367153716000 ) ) ;
#1933 = LINE ( 'NONE', #6843, #1398 ) ;
#1934 = EDGE_CURVE ( 'NONE', #6025, #2032, #4248, .T. ) ;
#1935 = DIRECTION ( 'NONE',  ( 0.0000000000000000000, -1.000000000000000000, 0.0000000000000000000 ) ) ;
#1936 = ORIENTED_EDGE ( 'NONE', *, *, #2844, .T. ) ;
#1937 = EDGE_CURVE ( 'NONE', #1698, #3835, #5389, .T. ) ;
#1938 = ORIENTED_EDGE ( 'NONE', *, *, #7202, .F. ) ;
#1939 = VECTOR ( 'NONE', #325, 1000.000000000000000 ) ;
#1940 = CARTESIAN_POINT ( 'NONE',  ( -14.90000000000000600, 3.280350850198276100, 10.00000000000000200 ) ) ;
#1941 = CARTESIAN_POINT ( 'NONE',  ( -17.95305659705793400, 3.849789318988410300, 8.957489732941509100 ) ) ;
#1942 = AXIS2_PLACEMENT_3D ( 'NONE', #2368, #4601, #1847 ) ;
#1943 = DIRECTION ( 'NONE',  ( -0.0000000000000000000, -0.0000000000000000000, 1.000000000000000000 ) ) ;
#1944 = VECTOR ( 'NONE', #7175, 1000.000000000000000 ) ;
#1945 = DIRECTION ( 'NONE',  ( 1.000000000000000000, 0.0000000000000000000, 0.0000000000000000000 ) ) ;
#1946 = ORIENTED_EDGE ( 'NONE', *, *, #2155, .T. ) ;
#1947 = EDGE_LOOP ( 'NONE', ( #6039, #439, #3897, #269 ) ) ;
#1948 = ORIENTED_EDGE ( 'NONE', *, *, #1413, .F. ) ;
#1949 = ORIENTED_EDGE ( 'NONE', *, *, #3290, .F. ) ;
#1950 = ORIENTED_EDGE ( 'NONE', *, *, #4459, .F. ) ;
#1951 = EDGE_CURVE ( 'NONE', #2439, #902, #4515, .T. ) ;
#1952 = PLANE ( 'NONE',  #2503 ) ;
#1953 = VECTOR ( 'NONE', #4251, 1000.000000000000000 ) ;
#1954 = CARTESIAN_POINT ( 'NONE',  ( 17.98432579959594000, 3.816639915919359400, -9.024559517207798400 ) ) ;
#1955 = VERTEX_POINT ( 'NONE', #7246 ) ;
#1956 = ORIENTED_EDGE ( 'NONE', *, *, #4152, .F. ) ;
#1957 = SURFACE_STYLE_FILL_AREA ( #6286 ) ;
#1958 = CARTESIAN_POINT ( 'NONE',  ( 1.099999999999995000, 1.000000000000000000, 9.999999999999985800 ) ) ;
#1959 = DIRECTION ( 'NONE',  ( -0.0000000000000000000, -1.000000000000000000, -0.0000000000000000000 ) ) ;
#1960 = DIRECTION ( 'NONE',  ( 1.000000000000000000, 0.0000000000000000000, -0.0000000000000000000 ) ) ;
#1961 = ORIENTED_EDGE ( 'NONE', *, *, #2027, .F. ) ;
#1962 = LINE ( 'NONE', #2543, #7006 ) ;
#1963 = DIRECTION ( 'NONE',  ( 0.0000000000000000000, -1.000000000000000000, 0.0000000000000000000 ) ) ;
#1964 = CARTESIAN_POINT ( 'NONE',  ( -17.97939028539228800, 3.825656294836590600, 9.016500844680900100 ) ) ;
#1965 = VERTEX_POINT ( 'NONE', #591 ) ;
#1966 = CARTESIAN_POINT ( 'NONE',  ( -6.600000000000005000, 1.000000000000000900, -9.999999999999994700 ) ) ;
#1967 = LINE ( 'NONE', #1191, #103 ) ;
#1968 = CARTESIAN_POINT ( 'NONE',  ( -6.900000000000004800, 3.280350850198276100, -9.999999999999994700 ) ) ;
#1969 = CARTESIAN_POINT ( 'NONE',  ( -18.20000000000000300, 3.750000000000000400, 9.200000000000002800 ) ) ;
#1970 = DIRECTION ( 'NONE',  ( 0.0000000000000000000, -1.000000000000000000, 0.0000000000000000000 ) ) ;
#1971 = VECTOR ( 'NONE', #309, 1000.000000000000000 ) ;
#1972 = CARTESIAN_POINT ( 'NONE',  ( 1.099999999999996800, 1.000000000000000000, 8.599999999999985400 ) ) ;
#1973 = CARTESIAN_POINT ( 'NONE',  ( -19.00000000000000400, 0.0000000000000000000, -9.999999999999998200 ) ) ;
#1974 = EDGE_CURVE ( 'NONE', #1313, #2298, #1680, .T. ) ;
#1976 = EDGE_CURVE ( 'NONE', #5578, #5393, #5839, .T. ) ;
#1975 = CARTESIAN_POINT ( 'NONE',  ( -18.17439506625786500, 3.881279644678965500, -8.992719317010479300 ) ) ;
#1977 = LINE ( 'NONE', #5970, #5000 ) ;
#1978 = DIRECTION ( 'NONE',  ( 1.239088197126290700E-015, 0.0000000000000000000, -1.000000000000000000 ) ) ;
#1979 = ORIENTED_EDGE ( 'NONE', *, *, #2699, .F. ) ;
#1980 = EDGE_CURVE ( 'NONE', #5299, #4335, #2602, .T. ) ;
#1981 = CARTESIAN_POINT ( 'NONE',  ( -17.97135965850523900, 3.974395066257867500, -9.081279644678964800 ) ) ;
#1982 = AXIS2_PLACEMENT_3D ( 'NONE', #4922, #2143, #2686 ) ;
#1983 = CLOSED_SHELL ( 'NONE', ( #5390, #1036, #6194, #2084, #1881, #6652, #207, #2483 ) ) ;
#1984 = ORIENTED_EDGE ( 'NONE', *, *, #3128, .T. ) ;
#1985 = FACE_OUTER_BOUND ( 'NONE', #2471, .T. ) ;
#1986 = CARTESIAN_POINT ( 'NONE',  ( 18.99999999999999600, 1.000000000000000000, 9.999999999999998200 ) ) ;
#1987 = LINE ( 'NONE', #6178, #771 ) ;
#1988 = CARTESIAN_POINT ( 'NONE',  ( -6.900000000000003000, 0.0000000000000000000, -8.599999999999994300 ) ) ;
#1989 = DIRECTION ( 'NONE',  ( -1.000000000000000000, -4.765723835101118100E-017, 9.531447670202218900E-017 ) ) ;
#1990 = ORIENTED_EDGE ( 'NONE', *, *, #2336, .F. ) ;
#1991 = AXIS2_PLACEMENT_3D ( 'NONE', #1715, #1738, #5094 ) ;
#1992 = CARTESIAN_POINT ( 'NONE',  ( 17.94999999999999600, 3.848484999999998800, 8.949999999999997500 ) ) ;
#1993 = EDGE_LOOP ( 'NONE', ( #901, #2993, #3043, #5031 ) ) ;
#1994 = CARTESIAN_POINT ( 'NONE',  ( 6.899999999999995000, 1.000000000000000000, -8.600000000000003200 ) ) ;
#1995 = LINE ( 'NONE', #5776, #4756 ) ;
#1996 = CARTESIAN_POINT ( 'NONE',  ( -1.100000000000005400, 3.280350850198276100, 8.599999999999989000 ) ) ;
#1997 = SURFACE_STYLE_FILL_AREA ( #956 ) ;
#1998 = ORIENTED_EDGE ( 'NONE', *, *, #5267, .T. ) ;
#1999 = ORIENTED_EDGE ( 'NONE', *, *, #5081, .T. ) ;
#2000 = LINE ( 'NONE', #6409, #2497 ) ;
#2001 = CARTESIAN_POINT ( 'NONE',  ( 17.97584518250515700, 3.848484999999998800, -8.960705511048605100 ) ) ;
#2002 = VECTOR ( 'NONE', #4053, 1000.000000000000000 ) ;
#2003 = DIRECTION ( 'NONE',  ( 0.0000000000000000000, 0.0000000000000000000, 1.000000000000000000 ) ) ;
#2004 = VECTOR ( 'NONE', #5219, 1000.000000000000000 ) ;
#2005 = VERTEX_POINT ( 'NONE', #6651 ) ;
#2006 = ORIENTED_EDGE ( 'NONE', *, *, #5408, .F. ) ;
#2007 = VECTOR ( 'NONE', #59, 1000.000000000000000 ) ;
#2008 = CARTESIAN_POINT ( 'NONE',  ( -9.100000000000005000, 0.0000000000000000000, -8.600000000000003200 ) ) ;
#2009 = FACE_OUTER_BOUND ( 'NONE', #100, .T. ) ;
#2010 = CARTESIAN_POINT ( 'NONE',  ( 10.89999999999999500, 1.000000000000000000, -8.600000000000003200 ) ) ;
#2011 = CARTESIAN_POINT ( 'NONE',  ( 18.99999999999999600, 1.000000000000000000, -10.00000000000000200 ) ) ;
#2012 = ORIENTED_EDGE ( 'NONE', *, *, #3072, .F. ) ;
#2013 = ORIENTED_EDGE ( 'NONE', *, *, #2699, .T. ) ;
#2014 = EDGE_CURVE ( 'NONE', #3786, #5461, #166, .T. ) ;
#2015 = VECTOR ( 'NONE', #552, 1000.000000000000000 ) ;
#2016 = PLANE ( 'NONE',  #6432 ) ;
#2017 = EDGE_CURVE ( 'NONE', #599, #6891, #5755, .T. ) ;
#2018 = DIRECTION ( 'NONE',  ( 0.0000000000000000000, 1.000000000000000000, 0.0000000000000000000 ) ) ;
#2019 = CARTESIAN_POINT ( 'NONE',  ( -10.90000000000000600, 0.0000000000000000000, -9.999999999999998200 ) ) ;
#2020 = LINE ( 'NONE', #3869, #6200 ) ;
#2021 = AXIS2_PLACEMENT_3D ( 'NONE', #3789, #474, #6523 ) ;
#2022 = VERTEX_POINT ( 'NONE', #6817 ) ;
#2023 = PLANE ( 'NONE',  #3222 ) ;
#2024 = ORIENTED_EDGE ( 'NONE', *, *, #6875, .T. ) ;
#2025 = EDGE_LOOP ( 'NONE', ( #5069, #6438, #3608, #5760 ) ) ;
#2026 = DIRECTION ( 'NONE',  ( 0.0000000000000000000, 0.0000000000000000000, -1.000000000000000000 ) ) ;
#2027 = EDGE_CURVE ( 'NONE', #235, #2101, #6908, .T. ) ;
#2028 = CARTESIAN_POINT ( 'NONE',  ( 18.08049666469081300, 3.973056725902452500, -8.971359658505242900 ) ) ;
#2029 = EDGE_CURVE ( 'NONE', #667, #1074, #3384, .T. ) ;
#2030 = ORIENTED_EDGE ( 'NONE', *, *, #4879, .T. ) ;
#2031 = ORIENTED_EDGE ( 'NONE', *, *, #5347, .F. ) ;
#2032 = VERTEX_POINT ( 'NONE', #5157 ) ;
#2033 = CARTESIAN_POINT ( 'NONE',  ( 5.099999999999995200, 1.000000000000000000, 10.00000000000000200 ) ) ;
#2034 = VERTEX_POINT ( 'NONE', #6299 ) ;
#2035 = CARTESIAN_POINT ( 'NONE',  ( -18.01407897551572600, 3.850000000000000100, -9.049999999999997200 ) ) ;
#2036 = EDGE_LOOP ( 'NONE', ( #507, #5407, #2524, #4949 ) ) ;
#2037 = CARTESIAN_POINT ( 'NONE',  ( 18.01407897551571900, 3.750000000000000900, -8.949999999999999300 ) ) ;
#2038 = EDGE_CURVE ( 'NONE', #5988, #5497, #5045, .T. ) ;
#2039 = CARTESIAN_POINT ( 'NONE',  ( 17.97135965850523900, 3.973056725902451200, -9.080496664690819800 ) ) ;
#2040 = ORIENTED_EDGE ( 'NONE', *, *, #6167, .F. ) ;
#2041 = CARTESIAN_POINT ( 'NONE',  ( -18.04848500000000300, 3.750000000000000000, -9.014078975515722900 ) ) ;
#2042 = AXIS2_PLACEMENT_3D ( 'NONE', #1503, #2057, #2083 ) ;
#2043 = CARTESIAN_POINT ( 'NONE',  ( 1.099999999999995000, 1.000000000000000000, -9.999999999999985800 ) ) ;
#2044 = CARTESIAN_POINT ( 'NONE',  ( 5.099999999999997000, 1.000000000000000900, 8.599999999999981900 ) ) ;
#2045 = VECTOR ( 'NONE', #5656, 1000.000000000000000 ) ;
#2046 = CARTESIAN_POINT ( 'NONE',  ( 1.099999999999995000, 0.0000000000000000000, -9.999999999999985800 ) ) ;
#2047 = EDGE_CURVE ( 'NONE', #988, #4261, #2779, .T. ) ;
#2048 = DIRECTION ( 'NONE',  ( 1.000000000000000000, -0.0000000000000000000, 9.637352644315598700E-016 ) ) ;
#2049 = FACE_OUTER_BOUND ( 'NONE', #3096, .T. ) ;
#2050 = CARTESIAN_POINT ( 'NONE',  ( 6.899999999999995000, 1.000000000000000900, 9.999999999999982200 ) ) ;
#2051 = AXIS2_PLACEMENT_3D ( 'NONE', #3795, #2117, #477 ) ;
#2052 = DIRECTION ( 'NONE',  ( 0.0000000000000000000, 0.0000000000000000000, -1.000000000000000000 ) ) ;
#2053 = PLANE ( 'NONE',  #6129 ) ;
#2054 = DIRECTION ( 'NONE',  ( 0.0000000000000000000, -0.0000000000000000000, 1.000000000000000000 ) ) ;
#2055 = ORIENTED_EDGE ( 'NONE', *, *, #5145, .F. ) ;
#2056 = VECTOR ( 'NONE', #2953, 1000.000000000000000 ) ;
#2057 = DIRECTION ( 'NONE',  ( 0.0000000000000000000, 0.0000000000000000000, -1.000000000000000000 ) ) ;
#2058 = EDGE_CURVE ( 'NONE', #3582, #1052, #4860, .T. ) ;
#2059 = CARTESIAN_POINT ( 'NONE',  ( -13.10000000000000500, 1.000000000000000000, -10.00000000000000200 ) ) ;
#2060 = EDGE_CURVE ( 'NONE', #2429, #1409, #1933, .T. ) ;
#2061 = ORIENTED_EDGE ( 'NONE', *, *, #27, .T. ) ;
#2062 = AXIS2_PLACEMENT_3D ( 'NONE', #1040, #4904, #1604 ) ;
#2063 = ORIENTED_EDGE ( 'NONE', *, *, #6741, .F. ) ;
#2064 = ORIENTED_EDGE ( 'NONE', *, *, #4232, .T. ) ;
#2065 = LINE ( 'NONE', #4403, #308 ) ;
#2066 = ORIENTED_EDGE ( 'NONE', *, *, #369, .T. ) ;
#2067 = CARTESIAN_POINT ( 'NONE',  ( 18.19999999999999600, 3.815628910804137200, -9.003369927380569800 ) ) ;
#2068 = CARTESIAN_POINT ( 'NONE',  ( -18.01407897551572600, 3.750000000000002200, -9.199999999999995700 ) ) ;
#2069 = EDGE_LOOP ( 'NONE', ( #2999, #6978, #6993, #856 ) ) ;
#2070 = DIRECTION ( 'NONE',  ( -1.000000000000000000, -0.0000000000000000000, -0.0000000000000000000 ) ) ;
#2071 = EDGE_CURVE ( 'NONE', #5018, #4882, #436, .T. ) ;
#2072 = ORIENTED_EDGE ( 'NONE', *, *, #4364, .T. ) ;
#2073 = LINE ( 'NONE', #1988, #6263 ) ;
#2074 = LINE ( 'NONE', #778, #229 ) ;
#2075 = VECTOR ( 'NONE', #4250, 1000.000000000000000 ) ;
#2076 = VECTOR ( 'NONE', #280, 1000.000000000000000 ) ;
#2077 = VERTEX_POINT ( 'NONE', #2385 ) ;
#2078 = LINE ( 'NONE', #3661, #2334 ) ;
#2079 = LINE ( 'NONE', #6928, #6442 ) ;
#2080 = VECTOR ( 'NONE', #5951, 1000.000000000000000 ) ;
#2081 = CARTESIAN_POINT ( 'NONE',  ( -1.100000000000005400, 0.0000000000000000000, 8.599999999999999600 ) ) ;
#2082 = AXIS2_PLACEMENT_3D ( 'NONE', #1986, #6984, #293 ) ;
#2083 = DIRECTION ( 'NONE',  ( -1.000000000000000000, 0.0000000000000000000, -0.0000000000000000000 ) ) ;
#2084 = ADVANCED_FACE ( 'NONE', ( #1760 ), #6792, .F. ) ;
#2085 = ORIENTED_EDGE ( 'NONE', *, *, #6323, .T. ) ;
#2086 = LINE ( 'NONE', #1229, #4771 ) ;
#2087 = CARTESIAN_POINT ( 'NONE',  ( 14.59999999999999400, 1.000000000000000000, -9.999999999999973400 ) ) ;
#2088 = DIRECTION ( 'NONE',  ( 1.261083913074045700E-031, -6.982962677686265900E-015, 1.000000000000000000 ) ) ;
#2089 = FACE_OUTER_BOUND ( 'NONE', #1497, .T. ) ;
#2090 = DIRECTION ( 'NONE',  ( -1.000000000000000000, 0.0000000000000000000, -9.637352644315598700E-016 ) ) ;
#2091 = VECTOR ( 'NONE', #1565, 1000.000000000000000 ) ;
#2092 = VERTEX_POINT ( 'NONE', #6228 ) ;
#2093 = CARTESIAN_POINT ( 'NONE',  ( 2.599999999999994800, 3.280350850198276100, -9.999999999999985800 ) ) ;
#2094 = ORIENTED_EDGE ( 'NONE', *, *, #6270, .F. ) ;
#2095 = LINE ( 'NONE', #6824, #974 ) ;
#2096 = DIRECTION ( 'NONE',  ( -0.0000000000000000000, -1.000000000000000000, 0.0000000000000000000 ) ) ;
#2097 = ADVANCED_FACE ( 'NONE', ( #3038 ), #130, .T. ) ;
#2098 = CARTESIAN_POINT ( 'NONE',  ( 18.20000000000000300, 3.816006174085281100, 9.003308367153717700 ) ) ;
#2099 = VECTOR ( 'NONE', #2316, 1000.000000000000000 ) ;
#2100 = EDGE_LOOP ( 'NONE', ( #6982, #6872, #3379, #3674 ) ) ;
#2101 = VERTEX_POINT ( 'NONE', #621 ) ;
#2102 = ORIENTED_EDGE ( 'NONE', *, *, #1247, .F. ) ;
#2103 = DIRECTION ( 'NONE',  ( 0.0000000000000000000, 0.0000000000000000000, 1.000000000000000000 ) ) ;
#2104 = ORIENTED_EDGE ( 'NONE', *, *, #4625, .T. ) ;
#2105 = VECTOR ( 'NONE', #1970, 1000.000000000000000 ) ;
#2106 = ADVANCED_FACE ( 'NONE', ( #1583 ), #61, .F. ) ;
#2107 = CARTESIAN_POINT ( 'NONE',  ( -13.10000000000000500, 0.0000000000000000000, 8.599999999999999600 ) ) ;
#2108 = EDGE_CURVE ( 'NONE', #583, #2951, #979, .T. ) ;
#2109 = ORIENTED_EDGE ( 'NONE', *, *, #5464, .T. ) ;
#2110 = DIRECTION ( 'NONE',  ( -0.0000000000000000000, -1.000000000000000000, 0.0000000000000000000 ) ) ;
#2111 = EDGE_CURVE ( 'NONE', #3051, #1212, #6549, .T. ) ;
#2112 = ADVANCED_FACE ( 'NONE', ( #7060 ), #1241, .F. ) ;
#2113 = VERTEX_POINT ( 'NONE', #1213 ) ;
#2114 = EDGE_LOOP ( 'NONE', ( #282, #1328, #2448, #458 ) ) ;
#2115 = DIRECTION ( 'NONE',  ( 9.130123557772669600E-017, -0.0000000000000000000, 1.000000000000000000 ) ) ;
#2116 =( GEOMETRIC_REPRESENTATION_CONTEXT ( 3 ) GLOBAL_UNCERTAINTY_ASSIGNED_CONTEXT ( ( #1894 ) ) GLOBAL_UNIT_ASSIGNED_CONTEXT ( ( #2132, #2694, #5992 ) ) REPRESENTATION_CONTEXT ( 'NONE', 'WORKASPACE' ) );
#2117 = DIRECTION ( 'NONE',  ( -0.0000000000000000000, -1.000000000000000000, 0.0000000000000000000 ) ) ;
#2118 = VECTOR ( 'NONE', #1782, 1000.000000000000000 ) ;
#2119 = CARTESIAN_POINT ( 'NONE',  ( -18.00949482550847600, 3.761208382015084800, -9.049369875579087000 ) ) ;
#2120 = VERTEX_POINT ( 'NONE', #1798 ) ;
#2121 = ORIENTED_EDGE ( 'NONE', *, *, #628, .F. ) ;
#2122 = LINE ( 'NONE', #2260, #3322 ) ;
#2123 = DIRECTION ( 'NONE',  ( 0.0000000000000000000, -1.000000000000000000, 0.0000000000000000000 ) ) ;
#2124 = DIRECTION ( 'NONE',  ( 0.0000000000000000000, -1.000000000000000000, 0.0000000000000000000 ) ) ;
#2125 = CARTESIAN_POINT ( 'NONE',  ( 9.399999999999995000, 1.000000000000000900, -9.999999999999978700 ) ) ;
#2126 = FILL_AREA_STYLE ('',( #3830 ) ) ;
#2127 = EDGE_CURVE ( 'NONE', #7011, #6876, #4610, .T. ) ;
#2128 = CARTESIAN_POINT ( 'NONE',  ( 2.599999999999994800, 1.000000000000000000, 9.999999999999985800 ) ) ;
#2129 = ORIENTED_EDGE ( 'NONE', *, *, #1676, .T. ) ;
#2130 = CYLINDRICAL_SURFACE ( 'NONE', #3355, 0.5999999999999998700 ) ;
#2131 = ADVANCED_FACE ( 'NONE', ( #5126 ), #1819, .T. ) ;
#2132 =( LENGTH_UNIT ( ) NAMED_UNIT ( * ) SI_UNIT ( .MILLI., .METRE. ) );
#2133 = ORIENTED_EDGE ( 'NONE', *, *, #4516, .F. ) ;
#2134 = CARTESIAN_POINT ( 'NONE',  ( 5.099999999999997000, 0.0000000000000000000, -8.599999999999981900 ) ) ;
#2135 = VERTEX_POINT ( 'NONE', #2891 ) ;
#2136 = ADVANCED_FACE ( 'NONE', ( #6723 ), #5817, .F. ) ;
#2137 = DIRECTION ( 'NONE',  ( -0.0000000000000000000, -1.000000000000000000, -0.0000000000000000000 ) ) ;
#2138 = CARTESIAN_POINT ( 'NONE',  ( 1.099999999999996800, 0.0000000000000000000, 8.599999999999985400 ) ) ;
#2139 = VECTOR ( 'NONE', #2470, 1000.000000000000000 ) ;
#2140 = ADVANCED_FACE ( 'NONE', ( #2596 ), #3520, .T. ) ;
#2141 = CARTESIAN_POINT ( 'NONE',  ( 18.00336989236337700, 3.816022770108155300, 9.201499999999997600 ) ) ;
#2142 = CARTESIAN_POINT ( 'NONE',  ( 9.999999999999994700, 0.0000000000000000000, -9.999999999999978700 ) ) ;
#2143 = DIRECTION ( 'NONE',  ( 0.0000000000000000000, 1.000000000000000000, -0.0000000000000000000 ) ) ;
#2144 = ORIENTED_EDGE ( 'NONE', *, *, #2977, .T. ) ;
#2145 = DIRECTION ( 'NONE',  ( 0.0000000000000000000, 1.000000000000000000, -6.123233995736766000E-017 ) ) ;
#2146 = VECTOR ( 'NONE', #4767, 1000.000000000000000 ) ;
#2147 = EDGE_CURVE ( 'NONE', #858, #4335, #6900, .T. ) ;
#2148 = DIRECTION ( 'NONE',  ( 0.0000000000000000000, -1.000000000000000000, 0.0000000000000000000 ) ) ;
#2149 = VERTEX_POINT ( 'NONE', #4643 ) ;
#2150 = DIRECTION ( 'NONE',  ( 0.0000000000000000000, 0.0000000000000000000, 1.000000000000000000 ) ) ;
#2151 = DIRECTION ( 'NONE',  ( 0.0000000000000000000, 0.0000000000000000000, 1.000000000000000000 ) ) ;
#2152 = CARTESIAN_POINT ( 'NONE',  ( 14.89999999999999500, 0.0000000000000000000, 8.599999999999974800 ) ) ;
#2153 = CARTESIAN_POINT ( 'NONE',  ( 18.01407897551571900, 3.750000000000001300, -9.049999999999997200 ) ) ;
#2154 = EDGE_LOOP ( 'NONE', ( #3825, #4751, #990, #3407, #4732, #3665 ) ) ;
#2155 = EDGE_CURVE ( 'NONE', #1665, #599, #1151, .T. ) ;
#2156 = LINE ( 'NONE', #6624, #2482 ) ;
#2158 = EDGE_CURVE ( 'NONE', #2505, #125, #7237, .T. ) ;
#2157 = CARTESIAN_POINT ( 'NONE',  ( -2.900000000000004800, 3.280350850198276100, 9.999999999999989300 ) ) ;
#2159 = DIRECTION ( 'NONE',  ( -0.0000000000000000000, -0.0000000000000000000, -1.000000000000000000 ) ) ;
#2160 = VECTOR ( 'NONE', #1521, 1000.000000000000000 ) ;
#2161 = DIRECTION ( 'NONE',  ( 1.000000000000000000, 0.0000000000000000000, 1.239088197126290900E-015 ) ) ;
#2162 = ORIENTED_EDGE ( 'NONE', *, *, #515, .T. ) ;
#2163 = DIRECTION ( 'NONE',  ( 1.000000000000000000, 0.0000000000000000000, -0.0000000000000000000 ) ) ;
#2164 = DIRECTION ( 'NONE',  ( -0.0000000000000000000, -1.000000000000000000, -0.0000000000000000000 ) ) ;
#2165 = VECTOR ( 'NONE', #5110, 1000.000000000000000 ) ;
#2166 = VECTOR ( 'NONE', #93, 1000.000000000000000 ) ;
#2167 = ADVANCED_FACE ( 'NONE', ( #2774 ), #4952, .F. ) ;
#2168 = VERTEX_POINT ( 'NONE', #2454 ) ;
#2169 = EDGE_CURVE ( 'NONE', #328, #5234, #3115, .T. ) ;
#2170 = ORIENTED_EDGE ( 'NONE', *, *, #3144, .T. ) ;
#2171 = VECTOR ( 'NONE', #759, 1000.000000000000000 ) ;
#2172 = VECTOR ( 'NONE', #3397, 1000.000000000000000 ) ;
#2173 = DIRECTION ( 'NONE',  ( 0.0000000000000000000, -1.000000000000000000, 0.0000000000000000000 ) ) ;
#2174 = VECTOR ( 'NONE', #6408, 1000.000000000000000 ) ;
#2175 = ORIENTED_EDGE ( 'NONE', *, *, #518, .T. ) ;
#2176 = DIRECTION ( 'NONE',  ( 1.000000000000000000, 0.0000000000000000000, 0.0000000000000000000 ) ) ;
#2177 = ORIENTED_EDGE ( 'NONE', *, *, #7067, .T. ) ;
#2178 = PLANE ( 'NONE',  #6877 ) ;
#2179 = PLANE ( 'NONE',  #4191 ) ;
#2180 = AXIS2_PLACEMENT_3D ( 'NONE', #7213, #510, #3834 ) ;
#2181 = VECTOR ( 'NONE', #1601, 1000.000000000000000 ) ;
#2182 = ORIENTED_EDGE ( 'NONE', *, *, #3875, .T. ) ;
#2183 = ORIENTED_EDGE ( 'NONE', *, *, #4437, .T. ) ;
#2184 = LINE ( 'NONE', #6995, #4615 ) ;
#2185 = CARTESIAN_POINT ( 'NONE',  ( 18.99999999999999600, 0.0000000000000000000, -10.00000000000000200 ) ) ;
#2186 = ORIENTED_EDGE ( 'NONE', *, *, #3678, .F. ) ;
#2187 = DIRECTION ( 'NONE',  ( 0.0000000000000000000, 0.0000000000000000000, -1.000000000000000000 ) ) ;
#2188 = EDGE_LOOP ( 'NONE', ( #3480, #5441, #86, #1961 ) ) ;
#2189 =( LENGTH_UNIT ( ) NAMED_UNIT ( * ) SI_UNIT ( .MILLI., .METRE. ) );
#2190 = CARTESIAN_POINT ( 'NONE',  ( -6.900000000000003000, 1.000000000000000900, -8.599999999999994300 ) ) ;
#2191 = ORIENTED_EDGE ( 'NONE', *, *, #4577, .F. ) ;
#2192 = EDGE_CURVE ( 'NONE', #968, #6232, #4002, .T. ) ;
#2193 = ORIENTED_EDGE ( 'NONE', *, *, #170, .F. ) ;
#2194 = VERTEX_POINT ( 'NONE', #4145 ) ;
#2195 = CARTESIAN_POINT ( 'NONE',  ( -2.000000000000005300, 3.280350850198276100, -9.999999999999989300 ) ) ;
#2196 = VERTEX_POINT ( 'NONE', #4110 ) ;
#2197 = VERTEX_POINT ( 'NONE', #1966 ) ;
#2198 = CARTESIAN_POINT ( 'NONE',  ( 18.04999999999999700, 3.750000000000000000, 9.014078975515721100 ) ) ;
#2199 = ORIENTED_EDGE ( 'NONE', *, *, #7193, .F. ) ;
#2200 = ORIENTED_EDGE ( 'NONE', *, *, #5665, .F. ) ;
#2201 = DIRECTION ( 'NONE',  ( 0.0000000000000000000, 0.0000000000000000000, -1.000000000000000000 ) ) ;
#2202 = EDGE_CURVE ( 'NONE', #7167, #3746, #5381, .T. ) ;
#2203 = CARTESIAN_POINT ( 'NONE',  ( -10.90000000000000600, 3.280350850198276100, -9.999999999999998200 ) ) ;
#2204 = EDGE_CURVE ( 'NONE', #3119, #6398, #3912, .T. ) ;
#2205 = CARTESIAN_POINT ( 'NONE',  ( 17.94999999999999200, 3.849999999999998300, 8.950000000000001100 ) ) ;
#2206 = DIRECTION ( 'NONE',  ( 0.0000000000000000000, -0.0000000000000000000, 1.000000000000000000 ) ) ;
#2207 = ORIENTED_EDGE ( 'NONE', *, *, #5599, .T. ) ;
#2208 = AXIS2_PLACEMENT_3D ( 'NONE', #557, #5664, #4456 ) ;
#2209 = VECTOR ( 'NONE', #5292, 1000.000000000000000 ) ;
#2210 = VERTEX_POINT ( 'NONE', #4662 ) ;
#2211 = CARTESIAN_POINT ( 'NONE',  ( 28.00000000000000700, 1.000000000000000000, 8.599999999999989000 ) ) ;
#2212 = ORIENTED_EDGE ( 'NONE', *, *, #3352, .T. ) ;
#2213 = DIRECTION ( 'NONE',  ( 0.0000000000000000000, 0.0000000000000000000, 1.000000000000000000 ) ) ;
#2214 = CARTESIAN_POINT ( 'NONE',  ( -17.95000000000000300, 4.001499999999999200, 8.950000000000002800 ) ) ;
#2215 = EDGE_CURVE ( 'NONE', #935, #7033, #3474, .T. ) ;
#2216 = DIRECTION ( 'NONE',  ( 0.0000000000000000000, -0.0000000000000000000, 1.000000000000000000 ) ) ;
#2217 = DIRECTION ( 'NONE',  ( 0.0000000000000000000, -1.000000000000000000, 0.0000000000000000000 ) ) ;
#2218 = CARTESIAN_POINT ( 'NONE',  ( -18.01407897551572600, 0.9999999999999965600, 9.050000000000009600 ) ) ;
#2219 = PLANE ( 'NONE',  #1452 ) ;
#2220 = VECTOR ( 'NONE', #4909, 1000.000000000000000 ) ;
#2221 = CARTESIAN_POINT ( 'NONE',  ( 18.99999999999999600, 0.0000000000000000000, 9.999999999999998200 ) ) ;
#2222 = CARTESIAN_POINT ( 'NONE',  ( -1.100000000000005400, 1.000000000000000900, 9.999999999999989300 ) ) ;
#2223 = ORIENTED_EDGE ( 'NONE', *, *, #2108, .F. ) ;
#2224 = VECTOR ( 'NONE', #2356, 1000.000000000000000 ) ;
#2225 = CARTESIAN_POINT ( 'NONE',  ( -2.900000000000003500, 3.280350850198276100, 8.599999999999989000 ) ) ;
#2226 = VERTEX_POINT ( 'NONE', #6338 ) ;
#2227 = CARTESIAN_POINT ( 'NONE',  ( -14.90000000000000400, 0.0000000000000000000, -8.600000000000001400 ) ) ;
#2228 = CARTESIAN_POINT ( 'NONE',  ( -18.00140785608830600, 3.837870966602011400, 8.971359658505242900 ) ) ;
#2229 = CARTESIAN_POINT ( 'NONE',  ( -17.99267155438668600, 3.880696270714643500, 9.172842177522284100 ) ) ;
#2230 = CARTESIAN_POINT ( 'NONE',  ( 2.599999999999994800, 1.000000000000000900, -9.999999999999985800 ) ) ;
#2231 = ADVANCED_FACE ( 'NONE', ( #3553 ), #6887, .T. ) ;
#2232 = CARTESIAN_POINT ( 'NONE',  ( -2.600000000000005000, 3.280350850198276100, 9.999999999999989300 ) ) ;
#2233 = ADVANCED_FACE ( 'NONE', ( #3640 ), #6400, .T. ) ;
#2234 = ORIENTED_EDGE ( 'NONE', *, *, #3586, .F. ) ;
#2235 = VECTOR ( 'NONE', #7204, 1000.000000000000000 ) ;
#2236 = EDGE_CURVE ( 'NONE', #4114, #1214, #3728, .T. ) ;
#2237 = LINE ( 'NONE', #5162, #5015 ) ;
#2238 = CARTESIAN_POINT ( 'NONE',  ( 10.89999999999999500, 1.000000000000000000, -10.00000000000000200 ) ) ;
#2239 = EDGE_CURVE ( 'NONE', #4604, #5139, #5921, .T. ) ;
#2240 = CARTESIAN_POINT ( 'NONE',  ( 14.89999999999999500, 4.000000000000000000, 8.599999999999999600 ) ) ;
#2241 = AXIS2_PLACEMENT_3D ( 'NONE', #1089, #555, #460 ) ;
#2242 = ORIENTED_EDGE ( 'NONE', *, *, #367, .F. ) ;
#2243 = CARTESIAN_POINT ( 'NONE',  ( 5.399999999999995000, 0.0000000000000000000, -9.999999999999982200 ) ) ;
#2244 = FACE_OUTER_BOUND ( 'NONE', #1336, .T. ) ;
#2245 = LINE ( 'NONE', #321, #2584 ) ;
#2246 = DIRECTION ( 'NONE',  ( 0.0000000000000000000, 1.000000000000000000, 0.0000000000000000000 ) ) ;
#2247 = ORIENTED_EDGE ( 'NONE', *, *, #3594, .F. ) ;
#2248 = LINE ( 'NONE', #5712, #3541 ) ;
#2249 = EDGE_CURVE ( 'NONE', #3193, #971, #5663, .T. ) ;
#2250 = EDGE_LOOP ( 'NONE', ( #5925, #4252, #2212, #3528 ) ) ;
#2251 = LINE ( 'NONE', #285, #413 ) ;
#2252 = DIRECTION ( 'NONE',  ( 0.0000000000000000000, 0.0000000000000000000, 1.000000000000000000 ) ) ;
#2253 = LINE ( 'NONE', #6088, #3018 ) ;
#2254 = STYLED_ITEM ( 'NONE', ( #3504 ), #829 ) ;
#2255 = VECTOR ( 'NONE', #2374, 1000.000000000000000 ) ;
#2256 = CARTESIAN_POINT ( 'NONE',  ( 17.96487817484204900, 3.843423899164548600, 8.985664759425720400 ) ) ;
#2257 = PLANE ( 'NONE',  #5040 ) ;
#2258 = ORIENTED_EDGE ( 'NONE', *, *, #3008, .F. ) ;
#2259 = LINE ( 'NONE', #3838, #1314 ) ;
#2260 = CARTESIAN_POINT ( 'NONE',  ( 14.59999999999999400, 3.280350850198276100, 9.999999999999973400 ) ) ;
#2261 = CARTESIAN_POINT ( 'NONE',  ( 13.09999999999999800, 3.280350850198276100, -8.599999999999974800 ) ) ;
#2262 = CIRCLE ( 'NONE', #7046, 0.5999999999999998700 ) ;
#2263 = CARTESIAN_POINT ( 'NONE',  ( 6.899999999999995000, 3.280350850198276100, -9.999999999999982200 ) ) ;
#2264 = LINE ( 'NONE', #6414, #5571 ) ;
#2265 = ORIENTED_EDGE ( 'NONE', *, *, #6499, .T. ) ;
#2266 = FACE_OUTER_BOUND ( 'NONE', #7143, .T. ) ;
#2267 = DIRECTION ( 'NONE',  ( -1.000000000000000000, 0.0000000000000000000, 0.0000000000000000000 ) ) ;
#2268 = DIRECTION ( 'NONE',  ( 1.000000000000000000, 0.0000000000000000000, 0.0000000000000000000 ) ) ;
#2269 = VECTOR ( 'NONE', #6108, 1000.000000000000000 ) ;
#2270 = VERTEX_POINT ( 'NONE', #7195 ) ;
#2271 = DIRECTION ( 'NONE',  ( -1.000000000000000000, 0.0000000000000000000, 9.130123557772669600E-017 ) ) ;
#2272 = VERTEX_POINT ( 'NONE', #1740 ) ;
#2273 = VERTEX_POINT ( 'NONE', #2606 ) ;
#2274 = DIRECTION ( 'NONE',  ( -1.000000000000000000, 0.0000000000000000000, 0.0000000000000000000 ) ) ;
#2275 = ORIENTED_EDGE ( 'NONE', *, *, #2831, .F. ) ;
#2276 = ORIENTED_EDGE ( 'NONE', *, *, #89, .T. ) ;
#2277 = ORIENTED_EDGE ( 'NONE', *, *, #5297, .F. ) ;
#2278 = ORIENTED_EDGE ( 'NONE', *, *, #4748, .T. ) ;
#2279 = CARTESIAN_POINT ( 'NONE',  ( -5.100000000000005900, 4.000000000000000000, 10.00000000000000200 ) ) ;
#2280 = B_SPLINE_CURVE_WITH_KNOTS ( 'NONE', 3,
 ( #199, #1932, #3590, #3563, #1430, #224 ),
 .UNSPECIFIED., .F., .F.,
 ( 4, 2, 4 ),
 ( 4.336808689942017300E-019, 0.0001982799521481196700, 0.0003965599042962397700 ),
 .UNSPECIFIED. ) ;
#2281 = DIRECTION ( 'NONE',  ( -1.000000000000000000, 0.0000000000000000000, -9.637352644315598700E-016 ) ) ;
#2282 = ORIENTED_EDGE ( 'NONE', *, *, #578, .F. ) ;
#2283 = FILL_AREA_STYLE_COLOUR ( '', #2972 ) ;
#2284 = CARTESIAN_POINT ( 'NONE',  ( -6.900000000000004800, 1.000000000000000000, -8.600000000000003200 ) ) ;
#2285 = EDGE_CURVE ( 'NONE', #2032, #5495, #970, .T. ) ;
#2286 = LINE ( 'NONE', #3430, #6998 ) ;
#2287 = EDGE_LOOP ( 'NONE', ( #6123, #6570, #6688, #2860 ) ) ;
#2288 = ADVANCED_FACE ( 'NONE', ( #1316 ), #3055, .F. ) ;
#2289 = CARTESIAN_POINT ( 'NONE',  ( 2.899999999999994600, 0.0000000000000000000, 9.999999999999985800 ) ) ;
#2290 = DIRECTION ( 'NONE',  ( -1.239088197126290900E-015, 0.0000000000000000000, -1.000000000000000000 ) ) ;
#2291 = ORIENTED_EDGE ( 'NONE', *, *, #3078, .T. ) ;
#2292 = LINE ( 'NONE', #4193, #828 ) ;
#2293 = EDGE_CURVE ( 'NONE', #6397, #2022, #3383, .T. ) ;
#2294 = EDGE_CURVE ( 'NONE', #328, #129, #2264, .T. ) ;
#2295 = CARTESIAN_POINT ( 'NONE',  ( -13.10000000000000500, 1.000000000000000000, 0.0000000000000000000 ) ) ;
#2296 = STYLED_ITEM ( 'NONE', ( #6321 ), #6227 ) ;
#2297 = ORIENTED_EDGE ( 'NONE', *, *, #5837, .F. ) ;
#2298 = VERTEX_POINT ( 'NONE', #2997 ) ;
#2299 = VECTOR ( 'NONE', #2338, 1000.000000000000000 ) ;
#2300 = DIRECTION ( 'NONE',  ( 1.000000000000000000, 0.0000000000000000000, -0.0000000000000000000 ) ) ;
#2301 = CARTESIAN_POINT ( 'NONE',  ( -18.02565629483660800, 3.816500844680895000, 8.984688690123451900 ) ) ;
#2302 = CARTESIAN_POINT ( 'NONE',  ( -13.40000000000000600, 0.0000000000000000000, 10.00000000000000200 ) ) ;
#2303 = EDGE_CURVE ( 'NONE', #5502, #2005, #526, .T. ) ;
#2304 = SURFACE_SIDE_STYLE ('',( #1957 ) ) ;
#2305 = CARTESIAN_POINT ( 'NONE',  ( 1.293894021229955100E-015, 2.799904557716951900E-014, 9.050000000000011400 ) ) ;
#2306 = ADVANCED_FACE ( 'NONE', ( #2427 ), #6975, .F. ) ;
#2307 = DIRECTION ( 'NONE',  ( -1.000000000000000000, 0.0000000000000000000, 0.0000000000000000000 ) ) ;
#2308 = ADVANCED_FACE ( 'NONE', ( #6109 ), #1238, .F. ) ;
#2309 = CIRCLE ( 'NONE', #5754, 0.5999999999999998700 ) ;
#2310 = CARTESIAN_POINT ( 'NONE',  ( -1.100000000000005400, 1.000000000000000000, -8.600000000000003200 ) ) ;
#2311 = DIRECTION ( 'NONE',  ( 1.239088197126290900E-015, -0.0000000000000000000, 1.000000000000000000 ) ) ;
#2312 = STYLED_ITEM ( 'NONE', ( #1072 ), #1717 ) ;
#2313 = ORIENTED_EDGE ( 'NONE', *, *, #7028, .F. ) ;
#2315 = ADVANCED_FACE ( 'NONE', ( #2009 ), #6492, .T. ) ;
#2314 = VECTOR ( 'NONE', #5152, 1000.000000000000000 ) ;
#2316 = DIRECTION ( 'NONE',  ( 0.0000000000000000000, 0.0000000000000000000, -1.000000000000000000 ) ) ;
#2317 = CARTESIAN_POINT ( 'NONE',  ( 18.99999999999999600, 1.000000000000000000, 9.999999999999998200 ) ) ;
#2318 = VERTEX_POINT ( 'NONE', #4779 ) ;
#2319 = LINE ( 'NONE', #6634, #6251 ) ;
#2320 = DIRECTION ( 'NONE',  ( 0.0000000000000000000, -1.000000000000000000, 0.0000000000000000000 ) ) ;
#2321 = VERTEX_POINT ( 'NONE', #2068 ) ;
#2322 = CARTESIAN_POINT ( 'NONE',  ( 17.95493543665963500, 3.849999999999998300, 8.962098454623680200 ) ) ;
#2323 = UNCERTAINTY_MEASURE_WITH_UNIT (LENGTH_MEASURE( 1.000000000000000100E-005 ), #6545, 'distance_accuracy_value', 'NONE');
#2324 = CARTESIAN_POINT ( 'NONE',  ( 1.099999999999995000, 4.000000000000000000, 8.600000000000003200 ) ) ;
#2325 = ORIENTED_EDGE ( 'NONE', *, *, #1110, .F. ) ;
#2326 = FACE_OUTER_BOUND ( 'NONE', #4253, .T. ) ;
#2327 = ORIENTED_EDGE ( 'NONE', *, *, #1439, .F. ) ;
#2328 = DIRECTION ( 'NONE',  ( 0.0000000000000000000, 0.0000000000000000000, -1.000000000000000000 ) ) ;
#2329 = CYLINDRICAL_SURFACE ( 'NONE', #2416, 0.2499999999999967500 ) ;
#2330 = CARTESIAN_POINT ( 'NONE',  ( 5.099999999999995200, 1.000000000000000000, -10.00000000000000200 ) ) ;
#2331 = ORIENTED_EDGE ( 'NONE', *, *, #5357, .T. ) ;
#2332 = EDGE_CURVE ( 'NONE', #6292, #3305, #1674, .T. ) ;
#2333 = ORIENTED_EDGE ( 'NONE', *, *, #3151, .T. ) ;
#2334 = VECTOR ( 'NONE', #3231, 1000.000000000000000 ) ;
#2335 = CARTESIAN_POINT ( 'NONE',  ( 9.099999999999997900, 1.000000000000000000, -8.599999999999978300 ) ) ;
#2336 = EDGE_CURVE ( 'NONE', #235, #6825, #12, .T. ) ;
#2337 = LINE ( 'NONE', #5344, #3807 ) ;
#2338 = DIRECTION ( 'NONE',  ( -1.000000000000000000, -0.0000000000000000000, -0.0000000000000000000 ) ) ;
#2339 = CARTESIAN_POINT ( 'NONE',  ( -18.05000000000000800, 3.750000000000000000, 9.014078975515724700 ) ) ;
#2340 = VECTOR ( 'NONE', #4096, 1000.000000000000000 ) ;
#2341 =( GEOMETRIC_REPRESENTATION_CONTEXT ( 3 ) GLOBAL_UNCERTAINTY_ASSIGNED_CONTEXT ( ( #6348 ) ) GLOBAL_UNIT_ASSIGNED_CONTEXT ( ( #506, #4381, #3287 ) ) REPRESENTATION_CONTEXT ( 'NONE', 'WORKASPACE' ) );
#2342 = ORIENTED_EDGE ( 'NONE', *, *, #6457, .F. ) ;
#2343 = DIRECTION ( 'NONE',  ( 1.000000000000000000, 0.0000000000000000000, 0.0000000000000000000 ) ) ;
#2344 = LINE ( 'NONE', #6765, #2172 ) ;
#2345 = CARTESIAN_POINT ( 'NONE',  ( -17.95000000000000300, 3.849999999999998800, -9.014078975515722900 ) ) ;
#2346 = VECTOR ( 'NONE', #1226, 1000.000000000000000 ) ;
#2347 = ADVANCED_FACE ( 'NONE', ( #6281 ), #5387, .F. ) ;
#2348 = CARTESIAN_POINT ( 'NONE',  ( 18.01407897551571900, 3.849999999999998300, -8.950000000000001100 ) ) ;
#2349 = EDGE_CURVE ( 'NONE', #2429, #6196, #610, .T. ) ;
#2350 = ORIENTED_EDGE ( 'NONE', *, *, #2349, .F. ) ;
#2351 = VECTOR ( 'NONE', #6150, 1000.000000000000000 ) ;
#2352 = DIRECTION ( 'NONE',  ( -0.0000000000000000000, -1.000000000000000000, 0.0000000000000000000 ) ) ;
#2353 = AXIS2_PLACEMENT_3D ( 'NONE', #2734, #6117, #5590 ) ;
#2354 = DIRECTION ( 'NONE',  ( 1.000000000000000000, 0.0000000000000000000, 1.239088197126290900E-015 ) ) ;
#2355 = VECTOR ( 'NONE', #841, 1000.000000000000000 ) ;
#2356 = DIRECTION ( 'NONE',  ( -0.0000000000000000000, -0.0000000000000000000, 1.000000000000000000 ) ) ;
#2357 = ORIENTED_EDGE ( 'NONE', *, *, #1283, .F. ) ;
#2358 = ORIENTED_EDGE ( 'NONE', *, *, #4625, .F. ) ;
#2359 = VECTOR ( 'NONE', #5858, 1000.000000000000000 ) ;
#2360 = DIRECTION ( 'NONE',  ( -0.0000000000000000000, -1.000000000000000000, -0.0000000000000000000 ) ) ;
#2361 = VECTOR ( 'NONE', #2573, 1000.000000000000000 ) ;
#2362 = VERTEX_POINT ( 'NONE', #4282 ) ;
#2363 = EDGE_LOOP ( 'NONE', ( #1078, #4402, #5842, #5735 ) ) ;
#2364 = ORIENTED_EDGE ( 'NONE', *, *, #1056, .T. ) ;
#2365 = CARTESIAN_POINT ( 'NONE',  ( -18.05000000000001800, 6.646729950058502200E-014, 0.0000000000000000000 ) ) ;
#2366 = ORIENTED_EDGE ( 'NONE', *, *, #3921, .T. ) ;
#2367 = VECTOR ( 'NONE', #1803, 1000.000000000000000 ) ;
#2368 = CARTESIAN_POINT ( 'NONE',  ( -14.00000000000000500, 0.0000000000000000000, -10.00000000000000200 ) ) ;
#2369 = EDGE_LOOP ( 'NONE', ( #1771, #5080, #2938, #444 ) ) ;
#2370 = ORIENTED_EDGE ( 'NONE', *, *, #5740, .T. ) ;
#2371 = AXIS2_PLACEMENT_3D ( 'NONE', #5745, #2398, #2863 ) ;
#2372 = PLANE ( 'NONE',  #652 ) ;
#2373 = ORIENTED_EDGE ( 'NONE', *, *, #7067, .F. ) ;
#2374 = DIRECTION ( 'NONE',  ( -0.0000000000000000000, -1.000000000000000000, 0.0000000000000000000 ) ) ;
#2375 = CARTESIAN_POINT ( 'NONE',  ( -18.00337346446712100, 3.775845182505166400, 9.048484999999995900 ) ) ;
#2376 = EDGE_CURVE ( 'NONE', #275, #580, #4163, .T. ) ;
#2378 = EDGE_CURVE ( 'NONE', #937, #5713, #5484, .T. ) ;
#2377 = DIRECTION ( 'NONE',  ( 1.000000000000000000, -0.0000000000000000000, -1.369518533665900300E-016 ) ) ;
#2379 = ADVANCED_FACE ( 'NONE', ( #6815 ), #4236, .F. ) ;
#2380 = ORIENTED_EDGE ( 'NONE', *, *, #1276, .F. ) ;
#2381 = VECTOR ( 'NONE', #5177, 1000.000000000000000 ) ;
#2382 = CARTESIAN_POINT ( 'NONE',  ( -5.400000000000005700, 1.000000000000000000, 9.999999999999994700 ) ) ;
#2383 = CARTESIAN_POINT ( 'NONE',  ( -6.900000000000004800, 3.280350850198276100, 9.999999999999994700 ) ) ;
#2384 = EDGE_CURVE ( 'NONE', #3035, #4486, #1065, .T. ) ;
#2385 = CARTESIAN_POINT ( 'NONE',  ( -17.95000000000000300, 3.999999999999998200, 8.950000000000004600 ) ) ;
#2386 = EDGE_CURVE ( 'NONE', #5636, #3051, #1842, .T. ) ;
#2387 = AXIS2_PLACEMENT_3D ( 'NONE', #6394, #1346, #6882 ) ;
#2388 = LINE ( 'NONE', #5622, #294 ) ;
#2389 = CARTESIAN_POINT ( 'NONE',  ( 18.01407897551571900, 3.750000000000002200, 9.199999999999995700 ) ) ;
#2390 = LINE ( 'NONE', #5453, #1352 ) ;
#2391 = DIRECTION ( 'NONE',  ( 1.239088197126290700E-015, 0.0000000000000000000, -1.000000000000000000 ) ) ;
#2392 = CARTESIAN_POINT ( 'NONE',  ( -18.00336992738057200, 3.815628910804134600, 9.199999999999997500 ) ) ;
#2393 = PLANE ( 'NONE',  #6225 ) ;
#2394 = CARTESIAN_POINT ( 'NONE',  ( -10.60000000000000500, 0.0000000000000000000, -9.999999999999998200 ) ) ;
#2395 = CARTESIAN_POINT ( 'NONE',  ( -9.100000000000005000, 1.000000000000000000, -8.600000000000003200 ) ) ;
#2396 = ORIENTED_EDGE ( 'NONE', *, *, #1974, .T. ) ;
#2397 = VECTOR ( 'NONE', #6944, 1000.000000000000000 ) ;
#2398 = DIRECTION ( 'NONE',  ( 9.637352644315598700E-016, 0.0000000000000000000, 1.000000000000000000 ) ) ;
#2399 = PLANE ( 'NONE',  #5397 ) ;
#2400 = DIRECTION ( 'NONE',  ( 1.000000000000000000, -3.652049423109063300E-015, 0.0000000000000000000 ) ) ;
#2401 = AXIS2_PLACEMENT_3D ( 'NONE', #264, #2983, #1307 ) ;
#2402 = PLANE ( 'NONE',  #6632 ) ;
#2403 = DIRECTION ( 'NONE',  ( 1.000000000000000000, 0.0000000000000000000, -0.0000000000000000000 ) ) ;
#2404 = FACE_OUTER_BOUND ( 'NONE', #6575, .T. ) ;
#2405 = ADVANCED_FACE ( 'NONE', ( #344 ), #1596, .F. ) ;
#2406 = ORIENTED_EDGE ( 'NONE', *, *, #4031, .F. ) ;
#2407 = ORIENTED_EDGE ( 'NONE', *, *, #6668, .T. ) ;
#2408 = VECTOR ( 'NONE', #1712, 1000.000000000000000 ) ;
#2409 = EDGE_CURVE ( 'NONE', #988, #3046, #5298, .T. ) ;
#2410 = CARTESIAN_POINT ( 'NONE',  ( 1.099999999999995000, 0.0000000000000000000, 10.00000000000000200 ) ) ;
#2411 = VECTOR ( 'NONE', #3861, 1000.000000000000000 ) ;
#2412 = CARTESIAN_POINT ( 'NONE',  ( -18.01407897551572600, 0.9999999999999970000, 9.200000000000011700 ) ) ;
#2413 = CARTESIAN_POINT ( 'NONE',  ( 13.39999999999999500, 0.0000000000000000000, -9.999999999999973400 ) ) ;
#2414 = ORIENTED_EDGE ( 'NONE', *, *, #1878, .F. ) ;
#2415 = LINE ( 'NONE', #4069, #5994 ) ;
#2416 = AXIS2_PLACEMENT_3D ( 'NONE', #3764, #6056, #2698 ) ;
#2417 = ADVANCED_FACE ( 'NONE', ( #3292 ), #3779, .T. ) ;
#2418 = ORIENTED_EDGE ( 'NONE', *, *, #6935, .F. ) ;
#2419 = VECTOR ( 'NONE', #5416, 1000.000000000000000 ) ;
#2420 = LINE ( 'NONE', #4091, #7129 ) ;
#2421 = FACE_OUTER_BOUND ( 'NONE', #3418, .T. ) ;
#2422 = ORIENTED_EDGE ( 'NONE', *, *, #6076, .F. ) ;
#2423 = EDGE_CURVE ( 'NONE', #3348, #5042, #3285, .T. ) ;
#2424 = VECTOR ( 'NONE', #5360, 1000.000000000000000 ) ;
#2425 = DIRECTION ( 'NONE',  ( -1.000000000000000000, -0.0000000000000000000, -0.0000000000000000000 ) ) ;
#2426 = EDGE_CURVE ( 'NONE', #4861, #4702, #5657, .T. ) ;
#2427 = FACE_OUTER_BOUND ( 'NONE', #630, .T. ) ;
#2428 = AXIS2_PLACEMENT_3D ( 'NONE', #2142, #1010, #5537 ) ;
#2429 = VERTEX_POINT ( 'NONE', #4358 ) ;
#2430 = VECTOR ( 'NONE', #2919, 1000.000000000000000 ) ;
#2431 = CARTESIAN_POINT ( 'NONE',  ( 9.099999999999996100, 3.280350850198276100, -9.999999999999978700 ) ) ;
#2432 = VECTOR ( 'NONE', #2343, 1000.000000000000000 ) ;
#2433 = ORIENTED_EDGE ( 'NONE', *, *, #3523, .F. ) ;
#2434 = CARTESIAN_POINT ( 'NONE',  ( -6.900000000000004800, 4.000000000000000000, 10.00000000000000200 ) ) ;
#2435 = EDGE_CURVE ( 'NONE', #2197, #2627, #7050, .T. ) ;
#2436 = CARTESIAN_POINT ( 'NONE',  ( 1.099999999999995000, 1.000000000000000000, -8.600000000000003200 ) ) ;
#2437 = ORIENTED_EDGE ( 'NONE', *, *, #4617, .T. ) ;
#2438 = ORIENTED_EDGE ( 'NONE', *, *, #6846, .F. ) ;
#2439 = VERTEX_POINT ( 'NONE', #2190 ) ;
#2440 = VERTEX_POINT ( 'NONE', #1622 ) ;
#2441 =( LENGTH_UNIT ( ) NAMED_UNIT ( * ) SI_UNIT ( .MILLI., .METRE. ) );
#2442 = CARTESIAN_POINT ( 'NONE',  ( -18.20000000000000300, 3.750000000000001800, -9.199999999999997500 ) ) ;
#2443 = FACE_OUTER_BOUND ( 'NONE', #2369, .T. ) ;
#2444 = CARTESIAN_POINT ( 'NONE',  ( 9.099999999999996100, 0.0000000000000000000, -9.999999999999978700 ) ) ;
#2445 = CARTESIAN_POINT ( 'NONE',  ( -10.90000000000000600, 4.000000000000000000, 8.600000000000003200 ) ) ;
#2446 = ORIENTED_EDGE ( 'NONE', *, *, #527, .F. ) ;
#2447 = DIRECTION ( 'NONE',  ( 0.0000000000000000000, 0.0000000000000000000, -1.000000000000000000 ) ) ;
#2448 = ORIENTED_EDGE ( 'NONE', *, *, #3874, .F. ) ;
#2449 = ORIENTED_EDGE ( 'NONE', *, *, #2147, .F. ) ;
#2450 = DIRECTION ( 'NONE',  ( 0.0000000000000000000, 0.0000000000000000000, -1.000000000000000000 ) ) ;
#2451 = AXIS2_PLACEMENT_3D ( 'NONE', #4858, #2110, #6553 ) ;
#2452 = CARTESIAN_POINT ( 'NONE',  ( 18.99999999999999600, 1.000000000000000000, -10.00000000000000200 ) ) ;
#2453 = ORIENTED_EDGE ( 'NONE', *, *, #3770, .F. ) ;
#2454 = CARTESIAN_POINT ( 'NONE',  ( -9.100000000000005000, 0.0000000000000000000, -9.999999999999998200 ) ) ;
#2455 = CARTESIAN_POINT ( 'NONE',  ( 5.099999999999995200, 1.000000000000000000, -8.600000000000003200 ) ) ;
#2456 = ORIENTED_EDGE ( 'NONE', *, *, #6036, .F. ) ;
#2457 = PLANE ( 'NONE',  #2815 ) ;
#2458 = DIRECTION ( 'NONE',  ( -0.0000000000000000000, -1.000000000000000000, -0.0000000000000000000 ) ) ;
#2459 = CARTESIAN_POINT ( 'NONE',  ( 17.94999999999999600, 3.849999999999998800, 8.949999999999997500 ) ) ;
#2460 = EDGE_CURVE ( 'NONE', #6876, #2272, #5562, .T. ) ;
#2462 = EDGE_CURVE ( 'NONE', #3372, #5587, #5828, .T. ) ;
#2461 = CARTESIAN_POINT ( 'NONE',  ( -5.100000000000005900, 1.000000000000000000, 9.999999999999994700 ) ) ;
#2463 = DIRECTION ( 'NONE',  ( -1.000000000000000000, -0.0000000000000000000, 0.0000000000000000000 ) ) ;
#2464 = AXIS2_PLACEMENT_3D ( 'NONE', #903, #3584, #4696 ) ;
#2465 = CARTESIAN_POINT ( 'NONE',  ( -14.90000000000000600, 0.0000000000000000000, 8.600000000000003200 ) ) ;
#2466 = CARTESIAN_POINT ( 'NONE',  ( -14.60000000000000500, 3.280350850198276100, 10.00000000000000200 ) ) ;
#2467 = DIRECTION ( 'NONE',  ( 0.0000000000000000000, 0.0000000000000000000, -1.000000000000000000 ) ) ;
#2468 = FACE_OUTER_BOUND ( 'NONE', #5368, .T. ) ;
#2469 = EDGE_CURVE ( 'NONE', #4861, #6578, #247, .T. ) ;
#2470 = DIRECTION ( 'NONE',  ( -0.0000000000000000000, -1.000000000000000000, -0.0000000000000000000 ) ) ;
#2471 = EDGE_LOOP ( 'NONE', ( #6287, #5831, #6300, #3488 ) ) ;
#2472 = VECTOR ( 'NONE', #5830, 1000.000000000000000 ) ;
#2473 = DIRECTION ( 'NONE',  ( 0.0000000000000000000, 0.0000000000000000000, -1.000000000000000000 ) ) ;
#2474 = ORIENTED_EDGE ( 'NONE', *, *, #182, .T. ) ;
#2475 = CARTESIAN_POINT ( 'NONE',  ( 6.899999999999995000, 4.000000000000000000, 8.599999999999999600 ) ) ;
#2476 = CARTESIAN_POINT ( 'NONE',  ( 13.09999999999999600, 0.0000000000000000000, -9.999999999999973400 ) ) ;
#2477 = ORIENTED_EDGE ( 'NONE', *, *, #5023, .F. ) ;
#2478 = LINE ( 'NONE', #488, #4389 ) ;
#2479 = DIRECTION ( 'NONE',  ( 0.0000000000000000000, -1.000000000000000000, 3.043374519257552500E-015 ) ) ;
#2480 = DIRECTION ( 'NONE',  ( -0.0000000000000000000, -1.000000000000000000, -0.0000000000000000000 ) ) ;
#2481 = ORIENTED_EDGE ( 'NONE', *, *, #1825, .T. ) ;
#2483 = ADVANCED_FACE ( 'NONE', ( #5914 ), #559, .T. ) ;
#2482 = VECTOR ( 'NONE', #4940, 1000.000000000000000 ) ;
#2484 = DIRECTION ( 'NONE',  ( -0.0000000000000000000, -0.0000000000000000000, 1.000000000000000000 ) ) ;
#2485 = CARTESIAN_POINT ( 'NONE',  ( 1.999999999999994900, 0.0000000000000000000, -9.999999999999985800 ) ) ;
#2486 = CARTESIAN_POINT ( 'NONE',  ( -17.99426832242470900, 3.796968780165063300, 9.039108566751565400 ) ) ;
#2487 = VECTOR ( 'NONE', #231, 1000.000000000000000 ) ;
#2488 = AXIS2_PLACEMENT_3D ( 'NONE', #5714, #1233, #3498 ) ;
#2489 = VERTEX_POINT ( 'NONE', #6763 ) ;
#2490 = DIRECTION ( 'NONE',  ( 0.0000000000000000000, 0.0000000000000000000, 1.000000000000000000 ) ) ;
#2491 = ORIENTED_EDGE ( 'NONE', *, *, #6315, .F. ) ;
#2492 = FACE_OUTER_BOUND ( 'NONE', #5503, .T. ) ;
#2493 = LINE ( 'NONE', #1188, #5029 ) ;
#2494 = LINE ( 'NONE', #832, #2080 ) ;
#2495 = ORIENTED_EDGE ( 'NONE', *, *, #1414, .F. ) ;
#2496 = ORIENTED_EDGE ( 'NONE', *, *, #4385, .F. ) ;
#2497 = VECTOR ( 'NONE', #4137, 1000.000000000000000 ) ;
#2498 = EDGE_CURVE ( 'NONE', #2440, #834, #4323, .T. ) ;
#2499 = LINE ( 'NONE', #5198, #1833 ) ;
#2500 = CARTESIAN_POINT ( 'NONE',  ( -5.100000000000007600, 0.0000000000000000000, 10.00000000000000200 ) ) ;
#2501 = PRESENTATION_STYLE_ASSIGNMENT (( #2879 ) ) ;
#2502 = CARTESIAN_POINT ( 'NONE',  ( -10.90000000000000600, 1.000000000000000000, 9.999999999999998200 ) ) ;
#2503 = AXIS2_PLACEMENT_3D ( 'NONE', #2436, #211, #2948 ) ;
#2504 = CARTESIAN_POINT ( 'NONE',  ( 18.04848499999999600, 3.750000000000000000, 9.014078975515721100 ) ) ;
#2505 = VERTEX_POINT ( 'NONE', #6141 ) ;
#2506 = LINE ( 'NONE', #1460, #6719 ) ;
#2507 = CARTESIAN_POINT ( 'NONE',  ( 9.099999999999996100, 3.280350850198276100, -9.999999999999978700 ) ) ;
#2508 = ADVANCED_FACE ( 'NONE', ( #6451 ), #3361, .F. ) ;
#2509 = CARTESIAN_POINT ( 'NONE',  ( 10.59999999999999400, 0.0000000000000000000, 9.999999999999978700 ) ) ;
#2510 = EDGE_LOOP ( 'NONE', ( #699, #6091, #1948, #6788 ) ) ;
#2511 = VECTOR ( 'NONE', #1515, 1000.000000000000000 ) ;
#2512 = EDGE_CURVE ( 'NONE', #6537, #3786, #1059, .T. ) ;
#2513 = CARTESIAN_POINT ( 'NONE',  ( 6.899999999999995000, 1.000000000000000000, -8.600000000000003200 ) ) ;
#2514 = EDGE_CURVE ( 'NONE', #2120, #6337, #3466, .T. ) ;
#2515 = ORIENTED_EDGE ( 'NONE', *, *, #2029, .T. ) ;
#2516 = LINE ( 'NONE', #6084, #3208 ) ;
#2517 = CARTESIAN_POINT ( 'NONE',  ( -2.900000000000004800, 3.280350850198276100, -9.999999999999989300 ) ) ;
#2518 = ORIENTED_EDGE ( 'NONE', *, *, #6404, .F. ) ;
#2519 = COLOUR_RGB ( '',0.9686274509803921600, 0.8784313725490196000, 0.5999999999999999800 ) ;
#2520 = ORIENTED_EDGE ( 'NONE', *, *, #3641, .F. ) ;
#2521 = VERTEX_POINT ( 'NONE', #6238 ) ;
#2522 = VERTEX_POINT ( 'NONE', #3416 ) ;
#2523 = VERTEX_POINT ( 'NONE', #1787 ) ;
#2524 = ORIENTED_EDGE ( 'NONE', *, *, #3491, .F. ) ;
#2525 = ORIENTED_EDGE ( 'NONE', *, *, #2975, .T. ) ;
#2526 = CARTESIAN_POINT ( 'NONE',  ( 8.288123274111404700E-015, 1.000000000000000000, 8.599999999999989000 ) ) ;
#2527 = ORIENTED_EDGE ( 'NONE', *, *, #4374, .T. ) ;
#2528 = DIRECTION ( 'NONE',  ( -1.000000000000000000, 0.0000000000000000000, 0.0000000000000000000 ) ) ;
#2529 = EDGE_CURVE ( 'NONE', #4714, #2210, #4417, .T. ) ;
#2530 = VECTOR ( 'NONE', #2901, 1000.000000000000000 ) ;
#2531 = CARTESIAN_POINT ( 'NONE',  ( 18.00413326186176000, 3.774360777785659600, -9.047739216651304900 ) ) ;
#2532 = ORIENTED_EDGE ( 'NONE', *, *, #3263, .T. ) ;
#2533 = ORIENTED_EDGE ( 'NONE', *, *, #2204, .F. ) ;
#2534 = CARTESIAN_POINT ( 'NONE',  ( -9.400000000000005700, 1.000000000000000000, 9.999999999999998200 ) ) ;
#2535 = CARTESIAN_POINT ( 'NONE',  ( -13.10000000000000500, 4.000000000000000000, 8.599999999999999600 ) ) ;
#2536 = VERTEX_POINT ( 'NONE', #2284 ) ;
#2537 = DIRECTION ( 'NONE',  ( -1.239088197126290900E-015, 0.0000000000000000000, 1.000000000000000000 ) ) ;
#2538 = VERTEX_POINT ( 'NONE', #2230 ) ;
#2539 = MANIFOLD_SOLID_BREP ( 'LPattern2[6]', #4197 ) ;
#2540 = ORIENTED_EDGE ( 'NONE', *, *, #4374, .F. ) ;
#2541 = SURFACE_STYLE_USAGE ( .BOTH. , #1454 ) ;
#2542 = DIRECTION ( 'NONE',  ( 0.0000000000000000000, -0.0000000000000000000, 1.000000000000000000 ) ) ;
#2543 = CARTESIAN_POINT ( 'NONE',  ( 1.099999999999996800, 1.000000000000000000, -8.599999999999985400 ) ) ;
#2544 = CARTESIAN_POINT ( 'NONE',  ( 18.04999999999999700, 3.750000000000000000, -9.014078975515722900 ) ) ;
#2545 = DIRECTION ( 'NONE',  ( -0.0000000000000000000, -1.000000000000000000, -0.0000000000000000000 ) ) ;
#2546 = VERTEX_POINT ( 'NONE', #1735 ) ;
#2547 = DIRECTION ( 'NONE',  ( 4.765723835101052200E-017, -1.000000000000000000, 0.0000000000000000000 ) ) ;
#2548 = ADVANCED_FACE ( 'NONE', ( #426 ), #1764, .F. ) ;
#2549 = EDGE_CURVE ( 'NONE', #6646, #6514, #4508, .T. ) ;
#2550 = VECTOR ( 'NONE', #1607, 1000.000000000000000 ) ;
#2551 = DIRECTION ( 'NONE',  ( -0.0000000000000000000, -1.000000000000000000, -0.0000000000000000000 ) ) ;
#2552 = CARTESIAN_POINT ( 'NONE',  ( 17.96945291290918300, 3.838842299759163800, -8.995902568266954400 ) ) ;
#2553 = CIRCLE ( 'NONE', #5270, 0.5999999999999998700 ) ;
#2554 = DIRECTION ( 'NONE',  ( 0.0000000000000000000, -1.000000000000000000, 0.0000000000000000000 ) ) ;
#2555 = DIRECTION ( 'NONE',  ( 0.0000000000000000000, 1.000000000000000000, 0.0000000000000000000 ) ) ;
#2556 = ADVANCED_FACE ( 'NONE', ( #1663 ), #659, .F. ) ;
#2557 = EDGE_CURVE ( 'NONE', #6653, #4707, #1310, .T. ) ;
#2558 = PLANE ( 'NONE',  #6783 ) ;
#2560 = EDGE_CURVE ( 'NONE', #6110, #6737, #3812, .T. ) ;
#2559 = DIRECTION ( 'NONE',  ( 1.000000000000000000, 0.0000000000000000000, -1.239088197126290900E-015 ) ) ;
#2561 = CARTESIAN_POINT ( 'NONE',  ( -18.20000000000000300, 0.9999999999999970000, 9.200000000000011700 ) ) ;
#2562 = LINE ( 'NONE', #6625, #753 ) ;
#2563 = CARTESIAN_POINT ( 'NONE',  ( -10.90000000000000600, 4.000000000000000000, 10.00000000000000200 ) ) ;
#2564 = DIRECTION ( 'NONE',  ( 1.000000000000000000, -0.0000000000000000000, 9.637352644315598700E-016 ) ) ;
#2565 = CARTESIAN_POINT ( 'NONE',  ( 18.04978931898841300, 3.757489732941507100, -9.011022378457797200 ) ) ;
#2566 = ORIENTED_EDGE ( 'NONE', *, *, #613, .T. ) ;
#2567 = LINE ( 'NONE', #1377, #2472 ) ;
#2568 = EDGE_CURVE ( 'NONE', #5350, #5299, #7231, .T. ) ;
#2569 = CARTESIAN_POINT ( 'NONE',  ( -8.625960141533038400E-016, 3.359885469260343600E-014, -9.050000000000013100 ) ) ;
#2570 = ORIENTED_EDGE ( 'NONE', *, *, #4111, .T. ) ;
#2571 = EDGE_LOOP ( 'NONE', ( #5678, #3622, #87, #5122 ) ) ;
#2572 = VECTOR ( 'NONE', #7110, 1000.000000000000000 ) ;
#2573 = DIRECTION ( 'NONE',  ( -0.0000000000000000000, -1.000000000000000000, -0.0000000000000000000 ) ) ;
#2574 = FACE_OUTER_BOUND ( 'NONE', #2764, .T. ) ;
#2575 = CARTESIAN_POINT ( 'NONE',  ( 18.01407897551571900, 3.750000000000002700, -9.049999999999997200 ) ) ;
#2576 = CARTESIAN_POINT ( 'NONE',  ( -2.900000000000004800, 0.0000000000000000000, -9.999999999999989300 ) ) ;
#2577 = ORIENTED_EDGE ( 'NONE', *, *, #6469, .F. ) ;
#2578 = AXIS2_PLACEMENT_3D ( 'NONE', #6720, #4370, #6748 ) ;
#2579 = ADVANCED_FACE ( 'NONE', ( #4685 ), #3192, .F. ) ;
#2580 = ORIENTED_EDGE ( 'NONE', *, *, #4924, .T. ) ;
#2581 = DIRECTION ( 'NONE',  ( 0.0000000000000000000, 0.0000000000000000000, -1.000000000000000000 ) ) ;
#2582 = LINE ( 'NONE', #208, #6172 ) ;
#2583 = CARTESIAN_POINT ( 'NONE',  ( -6.900000000000003000, 3.280350850198276100, -8.599999999999994300 ) ) ;
#2584 = VECTOR ( 'NONE', #7032, 1000.000000000000000 ) ;
#2585 = VERTEX_POINT ( 'NONE', #6351 ) ;
#2586 = VECTOR ( 'NONE', #3588, 1000.000000000000000 ) ;
#2587 = DIRECTION ( 'NONE',  ( -0.0000000000000000000, -1.000000000000000000, 0.0000000000000000000 ) ) ;
#2588 = ORIENTED_EDGE ( 'NONE', *, *, #131, .T. ) ;
#2589 = VECTOR ( 'NONE', #5290, 1000.000000000000000 ) ;
#2590 = DIRECTION ( 'NONE',  ( 0.0000000000000000000, 0.0000000000000000000, 1.000000000000000000 ) ) ;
#2591 = FACE_OUTER_BOUND ( 'NONE', #6663, .T. ) ;
#2592 = ADVANCED_FACE ( 'NONE', ( #1391 ), #6832, .T. ) ;
#2593 = DIRECTION ( 'NONE',  ( 1.000000000000000000, 0.0000000000000000000, -9.637352644315598700E-016 ) ) ;
#2594 = ORIENTED_EDGE ( 'NONE', *, *, #5599, .F. ) ;
#2595 = LINE ( 'NONE', #6541, #607 ) ;
#2596 = FACE_OUTER_BOUND ( 'NONE', #5202, .T. ) ;
#2597 = EDGE_LOOP ( 'NONE', ( #931, #7134, #2520, #1162 ) ) ;
#2598 = EDGE_CURVE ( 'NONE', #1492, #6433, #336, .T. ) ;
#2599 = VECTOR ( 'NONE', #4432, 1000.000000000000000 ) ;
#2600 = EDGE_CURVE ( 'NONE', #6070, #3213, #6631, .T. ) ;
#2601 = DIRECTION ( 'NONE',  ( 1.239088197126290900E-015, 0.0000000000000000000, -1.000000000000000000 ) ) ;
#2602 = LINE ( 'NONE', #4987, #7244 ) ;
#2603 = AXIS2_PLACEMENT_3D ( 'NONE', #2452, #818, #6412 ) ;
#2604 = VERTEX_POINT ( 'NONE', #5171 ) ;
#2605 = CARTESIAN_POINT ( 'NONE',  ( 5.099999999999995200, 3.280350850198276100, 9.999999999999982200 ) ) ;
#2606 = CARTESIAN_POINT ( 'NONE',  ( -18.05000000000000400, 3.750000000000000000, 9.014078975515724700 ) ) ;
#2607 = ORIENTED_EDGE ( 'NONE', *, *, #1282, .T. ) ;
#2608 = ORIENTED_EDGE ( 'NONE', *, *, #819, .T. ) ;
#2609 = LINE ( 'NONE', #975, #627 ) ;
#2610 = EDGE_CURVE ( 'NONE', #1809, #5472, #3106, .T. ) ;
#2611 = ORIENTED_EDGE ( 'NONE', *, *, #3589, .F. ) ;
#2612 = DIRECTION ( 'NONE',  ( 0.0000000000000000000, -1.000000000000000000, 0.0000000000000000000 ) ) ;
#2613 = VERTEX_POINT ( 'NONE', #2444 ) ;
#2614 = ORIENTED_EDGE ( 'NONE', *, *, #4655, .F. ) ;
#2615 = FILL_AREA_STYLE ('',( #964 ) ) ;
#2616 = ADVANCED_FACE ( 'NONE', ( #5741 ), #3124, .F. ) ;
#2617 = ORIENTED_EDGE ( 'NONE', *, *, #4626, .F. ) ;
#2618 = SURFACE_STYLE_USAGE ( .BOTH. , #5963 ) ;
#2619 = LINE ( 'NONE', #831, #4266 ) ;
#2620 = FILL_AREA_STYLE ('',( #5523 ) ) ;
#2621 = EDGE_LOOP ( 'NONE', ( #3056, #6389, #3034, #3399 ) ) ;
#2622 = AXIS2_PLACEMENT_3D ( 'NONE', #2395, #4079, #5768 ) ;
#2623 = CARTESIAN_POINT ( 'NONE',  ( 18.01407897551571900, 0.9999999999999970000, 9.200000000000006400 ) ) ;
#2624 = ADVANCED_FACE ( 'NONE', ( #4237 ), #5120, .F. ) ;
#2625 = PLANE ( 'NONE',  #761 ) ;
#2626 = CARTESIAN_POINT ( 'NONE',  ( -1.100000000000005400, 1.000000000000000000, 9.999999999999989300 ) ) ;
#2627 = VERTEX_POINT ( 'NONE', #5310 ) ;
#2628 = VECTOR ( 'NONE', #6436, 1000.000000000000000 ) ;
#2629 = DIRECTION ( 'NONE',  ( 1.000000000000000000, -0.0000000000000000000, 0.0000000000000000000 ) ) ;
#2630 = CARTESIAN_POINT ( 'NONE',  ( -18.20000000000000300, 0.9999999999999970000, 9.200000000000011700 ) ) ;
#2631 = AXIS2_PLACEMENT_3D ( 'NONE', #4728, #3157, #914 ) ;
#2632 = CARTESIAN_POINT ( 'NONE',  ( -5.100000000000005900, 0.0000000000000000000, 9.999999999999994700 ) ) ;
#2633 = CARTESIAN_POINT ( 'NONE',  ( 17.94999999999999600, 3.849999999999998800, -8.950000000000001100 ) ) ;
#2634 = SURFACE_STYLE_USAGE ( .BOTH. , #462 ) ;
#2635 = CARTESIAN_POINT ( 'NONE',  ( 18.01663991591935200, 3.824559517207802600, -8.979753175919784200 ) ) ;
#2636 = CIRCLE ( 'NONE', #7258, 0.5999999999999998700 ) ;
#2637 = CARTESIAN_POINT ( 'NONE',  ( 2.899999999999994600, 1.000000000000000000, -8.600000000000003200 ) ) ;
#2638 = EDGE_CURVE ( 'NONE', #1639, #6290, #4602, .T. ) ;
#2639 = CARTESIAN_POINT ( 'NONE',  ( -13.10000000000000500, 3.280350850198276100, 10.00000000000000200 ) ) ;
#2640 = LINE ( 'NONE', #6031, #4044 ) ;
#2641 = DIRECTION ( 'NONE',  ( 0.0000000000000000000, -1.000000000000000000, 0.0000000000000000000 ) ) ;
#2642 = CARTESIAN_POINT ( 'NONE',  ( 9.099999999999996100, 3.280350850198276100, -9.999999999999978700 ) ) ;
#2643 = CARTESIAN_POINT ( 'NONE',  ( -5.100000000000005900, 0.0000000000000000000, 8.599999999999999600 ) ) ;
#2644 = CARTESIAN_POINT ( 'NONE',  ( 18.00330836715372100, 3.816006174085283800, -9.200000000000002800 ) ) ;
#2645 = VERTEX_POINT ( 'NONE', #6385 ) ;
#2646 = SURFACE_STYLE_FILL_AREA ( #5218 ) ;
#2647 = ADVANCED_FACE ( 'NONE', ( #1753 ), #4769, .F. ) ;
#2648 = EDGE_CURVE ( 'NONE', #3600, #2168, #3636, .T. ) ;
#2649 = PLANE ( 'NONE',  #279 ) ;
#2651 = EDGE_CURVE ( 'NONE', #611, #3331, #703, .T. ) ;
#2650 = CARTESIAN_POINT ( 'NONE',  ( -17.95000000000000300, 3.849999999999998800, -8.949999999999995700 ) ) ;
#2652 = CARTESIAN_POINT ( 'NONE',  ( -18.01255223688419000, 3.753742562072961000, -9.049999999999997200 ) ) ;
#2653 = ORIENTED_EDGE ( 'NONE', *, *, #1553, .T. ) ;
#2654 = AXIS2_PLACEMENT_3D ( 'NONE', #4148, #842, #4717 ) ;
#2655 = ORIENTED_EDGE ( 'NONE', *, *, #1656, .F. ) ;
#2656 = FACE_OUTER_BOUND ( 'NONE', #3083, .T. ) ;
#2657 = CARTESIAN_POINT ( 'NONE',  ( 17.96070908315233800, 4.001499999999999200, 9.016022770108152800 ) ) ;
#2658 = DIRECTION ( 'NONE',  ( -0.0000000000000000000, -0.0000000000000000000, -1.000000000000000000 ) ) ;
#2659 = ADVANCED_FACE ( 'NONE', ( #1573 ), #4135, .T. ) ;
#2660 = EDGE_LOOP ( 'NONE', ( #1260, #6053, #7179, #1082 ) ) ;
#2661 = ADVANCED_FACE ( 'NONE', ( #3902 ), #944, .F. ) ;
#2662 = EDGE_CURVE ( 'NONE', #2272, #6292, #1382, .T. ) ;
#2663 = EDGE_LOOP ( 'NONE', ( #5691, #5401, #3942, #56 ) ) ;
#2664 = LINE ( 'NONE', #4372, #7034 ) ;
#2665 = LINE ( 'NONE', #5954, #1827 ) ;
#2666 = CARTESIAN_POINT ( 'NONE',  ( 17.99590256826694900, 3.838842299759162000, 8.969452912909186900 ) ) ;
#2667 = ORIENTED_EDGE ( 'NONE', *, *, #2435, .T. ) ;
#2668 = ADVANCED_FACE ( 'NONE', ( #2591 ), #2985, .T. ) ;
#2669 = ORIENTED_EDGE ( 'NONE', *, *, #3919, .T. ) ;
#2670 = FACE_OUTER_BOUND ( 'NONE', #4752, .T. ) ;
#2671 = CARTESIAN_POINT ( 'NONE',  ( -5.400000000000005700, 3.280350850198276100, 9.999999999999994700 ) ) ;
#2672 = LINE ( 'NONE', #6643, #3624 ) ;
#2673 = LINE ( 'NONE', #3117, #4850 ) ;
#2674 = CARTESIAN_POINT ( 'NONE',  ( 17.96070904813515100, 3.999999999999997300, -9.015628910804142700 ) ) ;
#2675 = DIRECTION ( 'NONE',  ( -0.0000000000000000000, 1.000000000000000000, -3.043374519257552500E-015 ) ) ;
#2676 = AXIS2_PLACEMENT_3D ( 'NONE', #5278, #5331, #2473 ) ;
#2677 = EDGE_LOOP ( 'NONE', ( #1732, #2129, #7197, #2456 ) ) ;
#2678 = FACE_OUTER_BOUND ( 'NONE', #5155, .T. ) ;
#2679 = CARTESIAN_POINT ( 'NONE',  ( 5.999999999999994700, 1.000000000000000000, 9.999999999999982200 ) ) ;
#2680 = VECTOR ( 'NONE', #586, 1000.000000000000000 ) ;
#2681 = CARTESIAN_POINT ( 'NONE',  ( -2.600000000000005000, 3.280350850198276100, -9.999999999999989300 ) ) ;
#2682 = CARTESIAN_POINT ( 'NONE',  ( 18.99999999999999600, 1.000000000000000000, 9.999999999999998200 ) ) ;
#2683 = PLANE ( 'NONE',  #1331 ) ;
#2684 = ORIENTED_EDGE ( 'NONE', *, *, #6497, .F. ) ;
#2685 = PRESENTATION_STYLE_ASSIGNMENT (( #1017 ) ) ;
#2686 = DIRECTION ( 'NONE',  ( 0.0000000000000000000, 0.0000000000000000000, 1.000000000000000000 ) ) ;
#2687 = CARTESIAN_POINT ( 'NONE',  ( -13.40000000000000600, 3.280350850198276100, 10.00000000000000200 ) ) ;
#2688 = CARTESIAN_POINT ( 'NONE',  ( 1.099999999999996800, 1.000000000000000900, -8.599999999999985400 ) ) ;
#2689 = VECTOR ( 'NONE', #1013, 1000.000000000000000 ) ;
#2690 = VERTEX_POINT ( 'NONE', #1548 ) ;
#2691 = AXIS2_PLACEMENT_3D ( 'NONE', #6811, #3441, #5151 ) ;
#2692 = ORIENTED_EDGE ( 'NONE', *, *, #1745, .T. ) ;
#2693 = CIRCLE ( 'NONE', #4903, 0.5999999999999998700 ) ;
#2694 =( NAMED_UNIT ( * ) PLANE_ANGLE_UNIT ( ) SI_UNIT ( $, .RADIAN. ) );
#2695 = ORIENTED_EDGE ( 'NONE', *, *, #3040, .T. ) ;
#2696 = VECTOR ( 'NONE', #6498, 1000.000000000000000 ) ;
#2697 = ORIENTED_EDGE ( 'NONE', *, *, #1568, .F. ) ;
#2698 = DIRECTION ( 'NONE',  ( 0.0000000000000000000, 3.469446951953659200E-015, 1.000000000000000000 ) ) ;
#2699 = EDGE_CURVE ( 'NONE', #4088, #1791, #2420, .T. ) ;
#2700 = ORIENTED_EDGE ( 'NONE', *, *, #1923, .T. ) ;
#2701 = ORIENTED_EDGE ( 'NONE', *, *, #1282, .F. ) ;
#2702 = CARTESIAN_POINT ( 'NONE',  ( -9.100000000000005000, 0.0000000000000000000, -8.600000000000003200 ) ) ;
#2703 = EDGE_CURVE ( 'NONE', #3272, #4861, #962, .T. ) ;
#2704 = ORIENTED_EDGE ( 'NONE', *, *, #1327, .T. ) ;
#2705 = ORIENTED_EDGE ( 'NONE', *, *, #2426, .F. ) ;
#2706 = ADVANCED_FACE ( 'NONE', ( #4494 ), #1264, .F. ) ;
#2707 = DIRECTION ( 'NONE',  ( 1.000000000000000000, 0.0000000000000000000, 0.0000000000000000000 ) ) ;
#2708 = ORIENTED_EDGE ( 'NONE', *, *, #4704, .T. ) ;
#2709 = AXIS2_PLACEMENT_3D ( 'NONE', #2324, #3882, #4474 ) ;
#2710 = ORIENTED_EDGE ( 'NONE', *, *, #5174, .F. ) ;
#2711 = CARTESIAN_POINT ( 'NONE',  ( -9.100000000000005000, 1.000000000000000000, 9.999999999999998200 ) ) ;
#2712 = FACE_OUTER_BOUND ( 'NONE', #3131, .T. ) ;
#2713 = DIRECTION ( 'NONE',  ( -1.000000000000000000, 0.0000000000000000000, 9.130123557772669600E-017 ) ) ;
#2714 = ORIENTED_EDGE ( 'NONE', *, *, #7092, .T. ) ;
#2715 = EDGE_LOOP ( 'NONE', ( #2861, #6421, #3041, #3108 ) ) ;
#2716 = PLANE ( 'NONE',  #5249 ) ;
#2717 = CARTESIAN_POINT ( 'NONE',  ( -10.90000000000000400, 1.000000000000000000, -8.599999999999997900 ) ) ;
#2718 = CARTESIAN_POINT ( 'NONE',  ( -18.20150000000000600, 3.750000000000000900, 9.014078975515724700 ) ) ;
#2719 = EDGE_CURVE ( 'NONE', #2120, #1772, #6540, .T. ) ;
#2720 = CARTESIAN_POINT ( 'NONE',  ( -13.10000000000000500, 0.0000000000000000000, 8.600000000000001400 ) ) ;
#2721 = ORIENTED_EDGE ( 'NONE', *, *, #2549, .F. ) ;
#2722 = LINE ( 'NONE', #3805, #6403 ) ;
#2723 = EDGE_LOOP ( 'NONE', ( #4692, #2177, #6918, #7256 ) ) ;
#2724 = DIRECTION ( 'NONE',  ( -1.000000000000000000, -0.0000000000000000000, -0.0000000000000000000 ) ) ;
#2725 = VERTEX_POINT ( 'NONE', #81 ) ;
#2726 = EDGE_LOOP ( 'NONE', ( #486, #4010, #5185, #6912 ) ) ;
#2727 = CARTESIAN_POINT ( 'NONE',  ( -10.90000000000000600, 1.000000000000000000, 0.0000000000000000000 ) ) ;
#2728 = FACE_OUTER_BOUND ( 'NONE', #539, .T. ) ;
#2729 = CARTESIAN_POINT ( 'NONE',  ( 5.099999999999995200, 3.280350850198276100, -9.999999999999982200 ) ) ;
#2730 = AXIS2_PLACEMENT_3D ( 'NONE', #71, #3954, #5711 ) ;
#2731 = PLANE ( 'NONE',  #3062 ) ;
#2732 = CARTESIAN_POINT ( 'NONE',  ( 17.99271931701047600, 3.881279644678965500, 9.174395066257863700 ) ) ;
#2733 = DIRECTION ( 'NONE',  ( -1.239088197126290900E-015, 0.0000000000000000000, 1.000000000000000000 ) ) ;
#2734 = CARTESIAN_POINT ( 'NONE',  ( -5.100000000000005900, 3.280350850198276100, 9.999999999999994700 ) ) ;
#2735 = CARTESIAN_POINT ( 'NONE',  ( -5.100000000000005900, 1.000000000000000000, -8.600000000000003200 ) ) ;
#2736 = DIRECTION ( 'NONE',  ( -0.0000000000000000000, -1.000000000000000000, -0.0000000000000000000 ) ) ;
#2737 = VECTOR ( 'NONE', #3147, 1000.000000000000000 ) ;
#2738 = EDGE_CURVE ( 'NONE', #3204, #2273, #1918, .T. ) ;
#2739 = PLANE ( 'NONE',  #4271 ) ;
#2740 = EDGE_CURVE ( 'NONE', #5461, #5718, #6265, .T. ) ;
#2741 = AXIS2_PLACEMENT_3D ( 'NONE', #4965, #3870, #3246 ) ;
#2742 = VERTEX_POINT ( 'NONE', #1237 ) ;
#2743 = VECTOR ( 'NONE', #4030, 1000.000000000000000 ) ;
#2744 = CARTESIAN_POINT ( 'NONE',  ( -5.100000000000005900, 1.000000000000000000, 10.00000000000000200 ) ) ;
#2745 = CARTESIAN_POINT ( 'NONE',  ( -14.90000000000000600, 0.0000000000000000000, 10.00000000000000200 ) ) ;
#2746 = EDGE_LOOP ( 'NONE', ( #6033, #2827, #5489, #2364, #51, #2064 ) ) ;
#2747 = EDGE_CURVE ( 'NONE', #3572, #5988, #1218, .T. ) ;
#2748 = ORIENTED_EDGE ( 'NONE', *, *, #5553, .T. ) ;
#2749 = LINE ( 'NONE', #1353, #1372 ) ;
#2750 = EDGE_CURVE ( 'NONE', #431, #4166, #866, .T. ) ;
#2751 = CIRCLE ( 'NONE', #1043, 0.5999999999999998700 ) ;
#2752 = AXIS2_PLACEMENT_3D ( 'NONE', #4055, #1330, #6333 ) ;
#2753 = DIRECTION ( 'NONE',  ( -1.000000000000000000, 0.0000000000000000000, 0.0000000000000000000 ) ) ;
#2754 = CARTESIAN_POINT ( 'NONE',  ( 18.99999999999999600, 1.000000000000000000, 9.999999999999998200 ) ) ;
#2755 = CARTESIAN_POINT ( 'NONE',  ( -9.100000000000005000, 0.0000000000000000000, 8.599999999999999600 ) ) ;
#2756 = ORIENTED_EDGE ( 'NONE', *, *, #527, .T. ) ;
#2757 = LINE ( 'NONE', #2534, #7040 ) ;
#2758 = CARTESIAN_POINT ( 'NONE',  ( 18.99999999999999600, 1.000000000000000000, 9.999999999999998200 ) ) ;
#2759 = LINE ( 'NONE', #5934, #4489 ) ;
#2760 = CARTESIAN_POINT ( 'NONE',  ( -18.04773921665131600, 3.774360777785656500, -9.004133261861763800 ) ) ;
#2761 = UNCERTAINTY_MEASURE_WITH_UNIT (LENGTH_MEASURE( 1.000000000000000100E-005 ), #6729, 'distance_accuracy_value', 'NONE');
#2762 = ORIENTED_EDGE ( 'NONE', *, *, #6888, .F. ) ;
#2763 = EDGE_CURVE ( 'NONE', #5587, #5688, #1995, .T. ) ;
#2764 = EDGE_LOOP ( 'NONE', ( #3791, #1320, #5717, #2697 ) ) ;
#2765 = FACE_OUTER_BOUND ( 'NONE', #2036, .T. ) ;
#2766 = VERTEX_POINT ( 'NONE', #6395 ) ;
#2767 = LINE ( 'NONE', #5536, #5284 ) ;
#2768 = CARTESIAN_POINT ( 'NONE',  ( 18.04999999999999700, 3.750000000000000000, 9.014078975515721100 ) ) ;
#2769 = FACE_OUTER_BOUND ( 'NONE', #1077, .T. ) ;
#2770 = EDGE_LOOP ( 'NONE', ( #3218, #626, #354, #2944 ) ) ;
#2771 = VECTOR ( 'NONE', #3705, 1000.000000000000000 ) ;
#2772 = ADVANCED_FACE ( 'NONE', ( #4849 ), #5058, .F. ) ;
#2773 = AXIS2_PLACEMENT_3D ( 'NONE', #6932, #2991, #318 ) ;
#2774 = FACE_OUTER_BOUND ( 'NONE', #3264, .T. ) ;
#2775 = PLANE ( 'NONE',  #5442 ) ;
#2776 = VERTEX_POINT ( 'NONE', #4242 ) ;
#2777 = LINE ( 'NONE', #5790, #530 ) ;
#2778 = PLANE ( 'NONE',  #6383 ) ;
#2779 = LINE ( 'NONE', #6201, #2099 ) ;
#2780 = CARTESIAN_POINT ( 'NONE',  ( 18.00337342909975300, 3.776242980402219700, 9.049999999999997200 ) ) ;
#2781 = CARTESIAN_POINT ( 'NONE',  ( 18.01407897551571900, 0.9999999999999970000, -9.200000000000011700 ) ) ;
#2782 = DIRECTION ( 'NONE',  ( 1.000000000000000000, 0.0000000000000000000, 0.0000000000000000000 ) ) ;
#2783 = VERTEX_POINT ( 'NONE', #5423 ) ;
#2784 = EDGE_CURVE ( 'NONE', #6933, #2742, #415, .T. ) ;
#2785 = ORIENTED_EDGE ( 'NONE', *, *, #4748, .F. ) ;
#2786 = CARTESIAN_POINT ( 'NONE',  ( 9.099999999999996100, 1.000000000000000000, 9.999999999999978700 ) ) ;
#2787 = FACE_OUTER_BOUND ( 'NONE', #6474, .T. ) ;
#2788 = AXIS2_PLACEMENT_3D ( 'NONE', #2011, #366, #5275 ) ;
#2789 = ORIENTED_EDGE ( 'NONE', *, *, #2014, .T. ) ;
#2790 = EDGE_LOOP ( 'NONE', ( #1425, #2932, #843, #7012 ) ) ;
#2791 = EDGE_LOOP ( 'NONE', ( #3723, #1641, #1491, #6657 ) ) ;
#2792 = DIRECTION ( 'NONE',  ( 1.000000000000000000, 3.491481338843133000E-015, 0.0000000000000000000 ) ) ;
#2793 = EDGE_CURVE ( 'NONE', #57, #5976, #5286, .T. ) ;
#2794 = DIRECTION ( 'NONE',  ( -0.0000000000000000000, -0.0000000000000000000, 1.000000000000000000 ) ) ;
#2795 = EDGE_CURVE ( 'NONE', #6232, #4057, #6798, .T. ) ;
#2796 = LINE ( 'NONE', #2988, #4107 ) ;
#2797 = CARTESIAN_POINT ( 'NONE',  ( 1.999999999999994900, 1.000000000000000000, 9.999999999999985800 ) ) ;
#2798 = ORIENTED_EDGE ( 'NONE', *, *, #4311, .T. ) ;
#2799 = AXIS2_PLACEMENT_3D ( 'NONE', #5731, #4072, #4159 ) ;
#2800 = SURFACE_STYLE_FILL_AREA ( #7235 ) ;
#2801 = DIRECTION ( 'NONE',  ( -1.000000000000000000, 0.0000000000000000000, -9.637352644315598700E-016 ) ) ;
#2802 = ORIENTED_EDGE ( 'NONE', *, *, #3820, .F. ) ;
#2803 = DIRECTION ( 'NONE',  ( -1.369518533665900300E-016, 0.0000000000000000000, -1.000000000000000000 ) ) ;
#2804 = PLANE ( 'NONE',  #2208 ) ;
#2805 = EDGE_CURVE ( 'NONE', #3784, #5317, #2337, .T. ) ;
#2806 =( LENGTH_UNIT ( ) NAMED_UNIT ( * ) SI_UNIT ( .MILLI., .METRE. ) );
#2807 = FILL_AREA_STYLE_COLOUR ( '', #1834 ) ;
#2808 = CARTESIAN_POINT ( 'NONE',  ( 2.899999999999994600, 3.280350850198276100, -8.599999999999985400 ) ) ;
#2809 = ADVANCED_FACE ( 'NONE', ( #6356 ), #4677, .T. ) ;
#2810 = DIRECTION ( 'NONE',  ( 0.0000000000000000000, 0.0000000000000000000, 1.000000000000000000 ) ) ;
#2811 = DIRECTION ( 'NONE',  ( -1.239088197126290900E-015, 0.0000000000000000000, 1.000000000000000000 ) ) ;
#2812 = ORIENTED_EDGE ( 'NONE', *, *, #6689, .T. ) ;
#2813 = LINE ( 'NONE', #3059, #6940 ) ;
#2814 = DIRECTION ( 'NONE',  ( -0.0000000000000000000, -1.000000000000000000, -0.0000000000000000000 ) ) ;
#2815 = AXIS2_PLACEMENT_3D ( 'NONE', #1872, #5761, #4043 ) ;
#2816 = DIRECTION ( 'NONE',  ( 0.0000000000000000000, 0.0000000000000000000, 1.000000000000000000 ) ) ;
#2817 = FACE_OUTER_BOUND ( 'NONE', #5770, .T. ) ;
#2818 = CARTESIAN_POINT ( 'NONE',  ( 18.99999999999999600, 1.000000000000000000, 9.999999999999998200 ) ) ;
#2819 = CARTESIAN_POINT ( 'NONE',  ( -10.90000000000000600, 3.280350850198276100, 9.999999999999998200 ) ) ;
#2820 = DIRECTION ( 'NONE',  ( 0.0000000000000000000, 0.0000000000000000000, -1.000000000000000000 ) ) ;
#2821 = B_SPLINE_CURVE_WITH_KNOTS ( 'NONE', 3,
 ( #212, #5165, #5804, #6941, #752, #2389 ),
 .UNSPECIFIED., .F., .F.,
 ( 4, 2, 4 ),
 ( 3.576224061345498000E-018, 0.0001982799521481217000, 0.0003965599042962398300 ),
 .UNSPECIFIED. ) ;
#2822 = VERTEX_POINT ( 'NONE', #409 ) ;
#2823 = LINE ( 'NONE', #6406, #4471 ) ;
#2824 = DIRECTION ( 'NONE',  ( 0.0000000000000000000, -1.000000000000000000, 3.043374519257552500E-015 ) ) ;
#2825 = CARTESIAN_POINT ( 'NONE',  ( 18.00337346446711700, 3.775845182505160700, 9.048484999999995900 ) ) ;
#2826 = PLANE ( 'NONE',  #5328 ) ;
#2827 = ORIENTED_EDGE ( 'NONE', *, *, #1976, .T. ) ;
#2828 = CARTESIAN_POINT ( 'NONE',  ( 6.899999999999995000, 4.000000000000000000, 8.599999999999999600 ) ) ;
#2829 = VERTEX_POINT ( 'NONE', #896 ) ;
#2830 = VECTOR ( 'NONE', #5518, 1000.000000000000000 ) ;
#2831 = EDGE_CURVE ( 'NONE', #2585, #1482, #4149, .T. ) ;
#2832 = CARTESIAN_POINT ( 'NONE',  ( -10.90000000000000600, 1.000000000000000000, -8.600000000000003200 ) ) ;
#2833 = EDGE_CURVE ( 'NONE', #2168, #6294, #5371, .T. ) ;
#2834 = CARTESIAN_POINT ( 'NONE',  ( -6.900000000000003000, 1.000000000000000900, 8.599999999999994300 ) ) ;
#2835 = ORIENTED_EDGE ( 'NONE', *, *, #369, .F. ) ;
#2836 = PRESENTATION_LAYER_ASSIGNMENT (  '', '', ( #3497 ) ) ;
#2837 = ORIENTED_EDGE ( 'NONE', *, *, #680, .T. ) ;
#2838 = VECTOR ( 'NONE', #6502, 1000.000000000000000 ) ;
#2839 = DIRECTION ( 'NONE',  ( -1.000000000000000000, 0.0000000000000000000, 0.0000000000000000000 ) ) ;
#2840 = FACE_OUTER_BOUND ( 'NONE', #5756, .T. ) ;
#2841 = LINE ( 'NONE', #4997, #2936 ) ;
#2842 = CARTESIAN_POINT ( 'NONE',  ( -9.100000000000005000, 3.280350850198276100, -9.999999999999998200 ) ) ;
#2843 = ADVANCED_FACE ( 'NONE', ( #1746 ), #6102, .F. ) ;
#2844 = EDGE_CURVE ( 'NONE', #5384, #667, #2493, .T. ) ;
#2845 = ORIENTED_EDGE ( 'NONE', *, *, #5349, .T. ) ;
#2846 = LINE ( 'NONE', #4682, #5819 ) ;
#2847 = DIRECTION ( 'NONE',  ( 0.0000000000000000000, 0.0000000000000000000, -1.000000000000000000 ) ) ;
#2848 = STYLED_ITEM ( 'NONE', ( #188 ), #7208 ) ;
#2849 = DIRECTION ( 'NONE',  ( 0.0000000000000000000, -1.000000000000000000, 0.0000000000000000000 ) ) ;
#2850 = PRESENTATION_STYLE_ASSIGNMENT (( #2541 ) ) ;
#2851 = ORIENTED_EDGE ( 'NONE', *, *, #6597, .F. ) ;
#2852 = ORIENTED_EDGE ( 'NONE', *, *, #4461, .F. ) ;
#2853 = VECTOR ( 'NONE', #3883, 1000.000000000000000 ) ;
#2854 = DIRECTION ( 'NONE',  ( 0.0000000000000000000, 0.0000000000000000000, -1.000000000000000000 ) ) ;
#2855 = LINE ( 'NONE', #4754, #6808 ) ;
#2856 = CARTESIAN_POINT ( 'NONE',  ( -1.100000000000005400, 1.000000000000000000, -8.600000000000003200 ) ) ;
#2857 = VECTOR ( 'NONE', #5050, 1000.000000000000000 ) ;
#2858 = STYLED_ITEM ( 'NONE', ( #5473 ), #1187 ) ;
#2859 = EDGE_LOOP ( 'NONE', ( #723, #2496, #2024, #4532 ) ) ;
#2860 = ORIENTED_EDGE ( 'NONE', *, *, #722, .F. ) ;
#2861 = ORIENTED_EDGE ( 'NONE', *, *, #4890, .F. ) ;
#2862 = LINE ( 'NONE', #6728, #3999 ) ;
#2863 = DIRECTION ( 'NONE',  ( -1.000000000000000000, 0.0000000000000000000, 9.637352644315598700E-016 ) ) ;
#2864 = LINE ( 'NONE', #1150, #4333 ) ;
#2865 = DIRECTION ( 'NONE',  ( 0.0000000000000000000, -1.000000000000000000, 0.0000000000000000000 ) ) ;
#2866 = VERTEX_POINT ( 'NONE', #3324 ) ;
#2867 = EDGE_LOOP ( 'NONE', ( #2191, #28, #6627, #3524 ) ) ;
#2868 = DIRECTION ( 'NONE',  ( 1.000000000000000000, -0.0000000000000000000, 0.0000000000000000000 ) ) ;
#2869 = ORIENTED_EDGE ( 'NONE', *, *, #5538, .F. ) ;
#2870 = AXIS2_PLACEMENT_3D ( 'NONE', #774, #240, #5274 ) ;
#2871 = LINE ( 'NONE', #917, #2696 ) ;
#2872 = VERTEX_POINT ( 'NONE', #5546 ) ;
#2873 = DIRECTION ( 'NONE',  ( 1.000000000000000000, 0.0000000000000000000, 0.0000000000000000000 ) ) ;
#2874 = ORIENTED_EDGE ( 'NONE', *, *, #854, .F. ) ;
#2875 = ORIENTED_EDGE ( 'NONE', *, *, #1414, .T. ) ;
#2876 = ORIENTED_EDGE ( 'NONE', *, *, #379, .F. ) ;
#2877 = DIRECTION ( 'NONE',  ( 0.0000000000000000000, 0.0000000000000000000, -1.000000000000000000 ) ) ;
#2878 = CARTESIAN_POINT ( 'NONE',  ( 8.000000000000000000, 1.000000000000000000, -6.938893903907228400E-015 ) ) ;
#2879 = SURFACE_STYLE_USAGE ( .BOTH. , #3336 ) ;
#2880 = EDGE_CURVE ( 'NONE', #6996, #7000, #2672, .T. ) ;
#2881 = VECTOR ( 'NONE', #2820, 1000.000000000000000 ) ;
#2882 = ADVANCED_FACE ( 'NONE', ( #1047 ), #2716, .T. ) ;
#2883 = ORIENTED_EDGE ( 'NONE', *, *, #1461, .T. ) ;
#2884 = ORIENTED_EDGE ( 'NONE', *, *, #423, .T. ) ;
#2885 = SHAPE_DEFINITION_REPRESENTATION ( #6884, #829 ) ;
#2886 = DIRECTION ( 'NONE',  ( 1.000000000000000000, -0.0000000000000000000, 0.0000000000000000000 ) ) ;
#2887 = DIRECTION ( 'NONE',  ( 1.000000000000000000, 0.0000000000000000000, 0.0000000000000000000 ) ) ;
#2888 = EDGE_LOOP ( 'NONE', ( #4360, #4895, #2358, #6687 ) ) ;
#2889 = SURFACE_STYLE_FILL_AREA ( #4847 ) ;
#2890 = EDGE_CURVE ( 'NONE', #2627, #4739, #5108, .T. ) ;
#2891 = CARTESIAN_POINT ( 'NONE',  ( -6.900000000000004800, 0.0000000000000000000, 8.600000000000003200 ) ) ;
#2892 = EDGE_CURVE ( 'NONE', #7044, #7033, #239, .T. ) ;
#2893 = DIRECTION ( 'NONE',  ( 0.0000000000000000000, 0.0000000000000000000, -1.000000000000000000 ) ) ;
#2894 = DIRECTION ( 'NONE',  ( 1.000000000000000000, -0.0000000000000000000, 0.0000000000000000000 ) ) ;
#2895 = ORIENTED_EDGE ( 'NONE', *, *, #616, .F. ) ;
#2896 = AXIS2_PLACEMENT_3D ( 'NONE', #2569, #5326, #3667 ) ;
#2897 = VERTEX_POINT ( 'NONE', #2632 ) ;
#2898 = DIRECTION ( 'NONE',  ( 0.0000000000000000000, 0.0000000000000000000, -1.000000000000000000 ) ) ;
#2899 = CARTESIAN_POINT ( 'NONE',  ( 1.099999999999995000, 4.000000000000000000, 8.600000000000003200 ) ) ;
#2900 = LINE ( 'NONE', #104, #1190 ) ;
#2901 = DIRECTION ( 'NONE',  ( 0.0000000000000000000, 0.0000000000000000000, 1.000000000000000000 ) ) ;
#2902 = CARTESIAN_POINT ( 'NONE',  ( -17.99696878016507600, 3.839108566751564800, 8.969810653091025500 ) ) ;
#2903 = DIRECTION ( 'NONE',  ( 0.0000000000000000000, 1.000000000000000000, 0.0000000000000000000 ) ) ;
#2904 = EDGE_CURVE ( 'NONE', #2939, #5568, #3718, .T. ) ;
#2905 = DIRECTION ( 'NONE',  ( 1.000000000000000000, 0.0000000000000000000, -9.130123557772669600E-017 ) ) ;
#2906 = VECTOR ( 'NONE', #1752, 1000.000000000000000 ) ;
#2907 = DIRECTION ( 'NONE',  ( 1.000000000000000000, -0.0000000000000000000, -0.0000000000000000000 ) ) ;
#2908 = DIRECTION ( 'NONE',  ( 1.000000000000000000, 0.0000000000000000000, -0.0000000000000000000 ) ) ;
#2909 = CARTESIAN_POINT ( 'NONE',  ( -13.10000000000000500, 4.000000000000000000, -10.00000000000000200 ) ) ;
#2910 = MECHANICAL_DESIGN_GEOMETRIC_PRESENTATION_REPRESENTATION (  '', ( #3755 ), #6914 ) ;
#2911 = VECTOR ( 'NONE', #5582, 1000.000000000000000 ) ;
#2912 = CARTESIAN_POINT ( 'NONE',  ( -9.400000000000005700, 3.280350850198276100, 9.999999999999998200 ) ) ;
#2913 = DIRECTION ( 'NONE',  ( 1.000000000000000000, 0.0000000000000000000, 0.0000000000000000000 ) ) ;
#2914 = DIRECTION ( 'NONE',  ( -0.0000000000000000000, -1.000000000000000000, -0.0000000000000000000 ) ) ;
#2915 = ADVANCED_FACE ( 'NONE', ( #6966 ), #7159, .F. ) ;
#2916 = EDGE_LOOP ( 'NONE', ( #4666, #2798, #6588, #3925 ) ) ;
#2917 = PRESENTATION_STYLE_ASSIGNMENT (( #6013 ) ) ;
#2918 = ORIENTED_EDGE ( 'NONE', *, *, #7193, .T. ) ;
#2919 = DIRECTION ( 'NONE',  ( 0.0000000000000000000, 0.0000000000000000000, 1.000000000000000000 ) ) ;
#2920 = EDGE_CURVE ( 'NONE', #3571, #5495, #4080, .T. ) ;
#2921 = DIRECTION ( 'NONE',  ( -0.0000000000000000000, -1.000000000000000000, 0.0000000000000000000 ) ) ;
#2922 = EDGE_LOOP ( 'NONE', ( #4082, #4630, #4404, #7001 ) ) ;
#2923 = ADVANCED_FACE ( 'NONE', ( #3456 ), #3931, .F. ) ;
#2924 = PLANE ( 'NONE',  #3996 ) ;
#2925 = CARTESIAN_POINT ( 'NONE',  ( -17.96070904813515800, 3.999999999999997300, 9.015628910804135600 ) ) ;
#2926 = FACE_OUTER_BOUND ( 'NONE', #1242, .T. ) ;
#2927 = CARTESIAN_POINT ( 'NONE',  ( 18.08049666469081300, 3.973056725902452500, 8.971359658505237500 ) ) ;
#2928 = ADVANCED_FACE ( 'NONE', ( #3984 ), #5493, .T. ) ;
#2929 = VECTOR ( 'NONE', #2528, 1000.000000000000000 ) ;
#2930 = DIRECTION ( 'NONE',  ( 9.130123557772669600E-017, -0.0000000000000000000, 1.000000000000000000 ) ) ;
#2931 = EDGE_CURVE ( 'NONE', #2022, #2273, #4973, .T. ) ;
#2932 = ORIENTED_EDGE ( 'NONE', *, *, #1537, .T. ) ;
#2933 = LINE ( 'NONE', #4004, #3359 ) ;
#2934 = EDGE_CURVE ( 'NONE', #6921, #2005, #2253, .T. ) ;
#2935 = DIRECTION ( 'NONE',  ( -0.0000000000000000000, -1.000000000000000000, -0.0000000000000000000 ) ) ;
#2936 = VECTOR ( 'NONE', #4477, 1000.000000000000000 ) ;
#2937 = AXIS2_PLACEMENT_3D ( 'NONE', #461, #1090, #4921 ) ;
#2938 = ORIENTED_EDGE ( 'NONE', *, *, #5176, .T. ) ;
#2939 = VERTEX_POINT ( 'NONE', #3459 ) ;
#2940 = VECTOR ( 'NONE', #5223, 1000.000000000000000 ) ;
#2941 = EDGE_LOOP ( 'NONE', ( #3747, #6166, #5542, #2373 ) ) ;
#2942 = FACE_OUTER_BOUND ( 'NONE', #2916, .T. ) ;
#2943 = CARTESIAN_POINT ( 'NONE',  ( -2.600000000000005000, 0.0000000000000000000, -9.999999999999989300 ) ) ;
#2944 = ORIENTED_EDGE ( 'NONE', *, *, #5325, .F. ) ;
#2945 = EDGE_CURVE ( 'NONE', #5953, #3699, #6622, .T. ) ;
#2946 = ORIENTED_EDGE ( 'NONE', *, *, #3303, .F. ) ;
#2947 = VECTOR ( 'NONE', #72, 1000.000000000000000 ) ;
#2948 = DIRECTION ( 'NONE',  ( 0.0000000000000000000, 0.0000000000000000000, -1.000000000000000000 ) ) ;
#2949 = DIRECTION ( 'NONE',  ( -1.000000000000000000, 0.0000000000000000000, 0.0000000000000000000 ) ) ;
#2950 = VECTOR ( 'NONE', #5204, 1000.000000000000000 ) ;
#2951 = VERTEX_POINT ( 'NONE', #3880 ) ;
#2952 = CARTESIAN_POINT ( 'NONE',  ( -13.40000000000000600, 1.000000000000000900, 10.00000000000000200 ) ) ;
#2953 = DIRECTION ( 'NONE',  ( -0.0000000000000000000, -0.0000000000000000000, 1.000000000000000000 ) ) ;
#2954 = ORIENTED_EDGE ( 'NONE', *, *, #5410, .F. ) ;
#2955 = ORIENTED_EDGE ( 'NONE', *, *, #2610, .T. ) ;
#2956 = VECTOR ( 'NONE', #2159, 1000.000000000000000 ) ;
#2957 = DIRECTION ( 'NONE',  ( 0.0000000000000000000, 1.000000000000000000, 0.0000000000000000000 ) ) ;
#2958 = AXIS2_PLACEMENT_3D ( 'NONE', #4517, #5720, #3449 ) ;
#2959 = FACE_OUTER_BOUND ( 'NONE', #4245, .T. ) ;
#2960 = CARTESIAN_POINT ( 'NONE',  ( -14.90000000000000600, 0.0000000000000000000, 10.00000000000000200 ) ) ;
#2961 = ORIENTED_EDGE ( 'NONE', *, *, #2795, .T. ) ;
#2962 = VERTEX_POINT ( 'NONE', #6282 ) ;
#2963 = PLANE ( 'NONE',  #2752 ) ;
#2964 = DIRECTION ( 'NONE',  ( 1.000000000000000000, 4.336808689942043800E-015, 0.0000000000000000000 ) ) ;
#2965 = VERTEX_POINT ( 'NONE', #1805 ) ;
#2966 = ORIENTED_EDGE ( 'NONE', *, *, #4186, .F. ) ;
#2967 = VERTEX_POINT ( 'NONE', #4611 ) ;
#2968 = ORIENTED_EDGE ( 'NONE', *, *, #804, .F. ) ;
#2969 = LINE ( 'NONE', #655, #5501 ) ;
#2970 = CARTESIAN_POINT ( 'NONE',  ( -19.00000000000000400, 1.000000000000000000, 10.00000000000000200 ) ) ;
#2971 = ORIENTED_EDGE ( 'NONE', *, *, #5032, .F. ) ;
#2972 = COLOUR_RGB ( '',0.7921568627450980000, 0.8196078431372548800, 0.9333333333333333500 ) ;
#2973 =( NAMED_UNIT ( * ) PLANE_ANGLE_UNIT ( ) SI_UNIT ( $, .RADIAN. ) );
#2974 = CARTESIAN_POINT ( 'NONE',  ( -18.01407897551572600, 3.850000000000000100, 9.050000000000002500 ) ) ;
#2975 = EDGE_CURVE ( 'NONE', #6942, #1510, #2079, .T. ) ;
#2977 = EDGE_CURVE ( 'NONE', #2273, #2725, #601, .T. ) ;
#2976 = CARTESIAN_POINT ( 'NONE',  ( -10.90000000000000400, 3.280350850198276100, 8.599999999999997900 ) ) ;
#2978 = VERTEX_POINT ( 'NONE', #5377 ) ;
#2979 = ORIENTED_EDGE ( 'NONE', *, *, #5087, .F. ) ;
#2980 = DIRECTION ( 'NONE',  ( 0.0000000000000000000, 0.0000000000000000000, -1.000000000000000000 ) ) ;
#2981 = CARTESIAN_POINT ( 'NONE',  ( -2.900000000000003500, 3.280350850198276100, -8.599999999999989000 ) ) ;
#2982 = MANIFOLD_SOLID_BREP ( 'Mirror2[7]', #1983 ) ;
#2983 = DIRECTION ( 'NONE',  ( 1.000000000000000000, 0.0000000000000000000, -0.0000000000000000000 ) ) ;
#2984 = EDGE_CURVE ( 'NONE', #785, #6823, #2074, .T. ) ;
#2985 = PLANE ( 'NONE',  #5380 ) ;
#2986 = ADVANCED_FACE ( 'NONE', ( #7041 ), #497, .T. ) ;
#2987 = FACE_OUTER_BOUND ( 'NONE', #6946, .T. ) ;
#2988 = CARTESIAN_POINT ( 'NONE',  ( 14.89999999999999500, 1.000000000000000000, 0.0000000000000000000 ) ) ;
#2989 = LINE ( 'NONE', #5428, #4122 ) ;
#2990 = DIRECTION ( 'NONE',  ( -1.369518533665900300E-016, 0.0000000000000000000, -1.000000000000000000 ) ) ;
#2991 = DIRECTION ( 'NONE',  ( -0.0000000000000000000, -1.000000000000000000, 0.0000000000000000000 ) ) ;
#2992 = DIRECTION ( 'NONE',  ( -0.0000000000000000000, -1.000000000000000000, -0.0000000000000000000 ) ) ;
#2993 = ORIENTED_EDGE ( 'NONE', *, *, #1797, .T. ) ;
#2994 = FACE_OUTER_BOUND ( 'NONE', #6376, .T. ) ;
#2995 = CARTESIAN_POINT ( 'NONE',  ( 13.09999999999999600, 1.000000000000000000, -8.600000000000003200 ) ) ;
#2996 = DIRECTION ( 'NONE',  ( -0.0000000000000000000, -1.000000000000000000, 0.0000000000000000000 ) ) ;
#2997 = CARTESIAN_POINT ( 'NONE',  ( -10.90000000000000600, 1.000000000000000000, 10.00000000000000200 ) ) ;
#2998 = AXIS2_PLACEMENT_3D ( 'NONE', #520, #1574, #3845 ) ;
#2999 = ORIENTED_EDGE ( 'NONE', *, *, #2303, .F. ) ;
#3000 = COLOUR_RGB ( '',0.9686274509803921600, 0.8784313725490196000, 0.5999999999999999800 ) ;
#3001 = DIRECTION ( 'NONE',  ( -0.0000000000000000000, -1.000000000000000000, 0.0000000000000000000 ) ) ;
#3002 = SURFACE_STYLE_FILL_AREA ( #1519 ) ;
#3003 = DIRECTION ( 'NONE',  ( 0.0000000000000000000, 0.0000000000000000000, 1.000000000000000000 ) ) ;
#3004 = ORIENTED_EDGE ( 'NONE', *, *, #6873, .F. ) ;
#3005 = DIRECTION ( 'NONE',  ( 0.0000000000000000000, -1.000000000000000000, 0.0000000000000000000 ) ) ;
#3006 = ORIENTED_EDGE ( 'NONE', *, *, #3831, .F. ) ;
#3007 = LINE ( 'NONE', #1153, #3098 ) ;
#3008 = EDGE_CURVE ( 'NONE', #150, #6605, #5554, .T. ) ;
#3009 = DIRECTION ( 'NONE',  ( 0.0000000000000000000, 0.0000000000000000000, 1.000000000000000000 ) ) ;
#3010 = VECTOR ( 'NONE', #5591, 1000.000000000000000 ) ;
#3011 = DIRECTION ( 'NONE',  ( 0.0000000000000000000, 0.0000000000000000000, -1.000000000000000000 ) ) ;
#3012 = DIRECTION ( 'NONE',  ( 1.239088197126290700E-015, 0.0000000000000000000, 1.000000000000000000 ) ) ;
#3013 = LINE ( 'NONE', #7119, #4491 ) ;
#3014 = CARTESIAN_POINT ( 'NONE',  ( -9.100000000000005000, 0.0000000000000000000, -9.999999999999998200 ) ) ;
#3015 = ORIENTED_EDGE ( 'NONE', *, *, #4286, .F. ) ;
#3016 = VECTOR ( 'NONE', #6012, 1000.000000000000000 ) ;
#3017 = ORIENTED_EDGE ( 'NONE', *, *, #5522, .T. ) ;
#3018 = VECTOR ( 'NONE', #1253, 1000.000000000000000 ) ;
#3019 = ADVANCED_FACE ( 'NONE', ( #3893 ), #2775, .F. ) ;
#3020 = CARTESIAN_POINT ( 'NONE',  ( -10.00000000000000500, 1.000000000000000000, 9.999999999999998200 ) ) ;
#3021 = ORIENTED_EDGE ( 'NONE', *, *, #706, .F. ) ;
#3022 = EDGE_LOOP ( 'NONE', ( #4613, #2845, #6489, #1420 ) ) ;
#3023 = EDGE_CURVE ( 'NONE', #3262, #6203, #4488, .T. ) ;
#3024 = LINE ( 'NONE', #2232, #6278 ) ;
#3025 = CARTESIAN_POINT ( 'NONE',  ( -6.900000000000004800, 0.0000000000000000000, 9.999999999999994700 ) ) ;
#3026 = EDGE_CURVE ( 'NONE', #3462, #1265, #3007, .T. ) ;
#3027 = CYLINDRICAL_SURFACE ( 'NONE', #1157, 0.5999999999999998700 ) ;
#3028 = DIRECTION ( 'NONE',  ( -0.0000000000000000000, -1.000000000000000000, 0.0000000000000000000 ) ) ;
#3029 = VECTOR ( 'NONE', #682, 1000.000000000000000 ) ;
#3030 = VERTEX_POINT ( 'NONE', #5066 ) ;
#3031 = AXIS2_PLACEMENT_3D ( 'NONE', #1097, #6671, #2792 ) ;
#3032 = VERTEX_POINT ( 'NONE', #5625 ) ;
#3033 = CARTESIAN_POINT ( 'NONE',  ( 6.599999999999994300, 3.280350850198276100, 9.999999999999982200 ) ) ;
#3034 = ORIENTED_EDGE ( 'NONE', *, *, #5980, .T. ) ;
#3035 = VERTEX_POINT ( 'NONE', #4492 ) ;
#3036 = COLOUR_RGB ( '',0.9686274509803921600, 0.8784313725490196000, 0.5999999999999999800 ) ;
#3037 = CARTESIAN_POINT ( 'NONE',  ( -14.90000000000000600, 0.0000000000000000000, -8.600000000000003200 ) ) ;
#3038 = FACE_OUTER_BOUND ( 'NONE', #5971, .T. ) ;
#3039 = CARTESIAN_POINT ( 'NONE',  ( 9.099999999999996100, 1.000000000000000000, -9.999999999999978700 ) ) ;
#3040 = EDGE_CURVE ( 'NONE', #1861, #4275, #5727, .T. ) ;
#3041 = ORIENTED_EDGE ( 'NONE', *, *, #5947, .T. ) ;
#3042 = CYLINDRICAL_SURFACE ( 'NONE', #4910, 0.5999999999999998700 ) ;
#3043 = ORIENTED_EDGE ( 'NONE', *, *, #2158, .F. ) ;
#3044 = DIRECTION ( 'NONE',  ( 1.000000000000000000, 0.0000000000000000000, -0.0000000000000000000 ) ) ;
#3045 = LINE ( 'NONE', #1443, #1332 ) ;
#3046 = VERTEX_POINT ( 'NONE', #4605 ) ;
#3047 = EDGE_LOOP ( 'NONE', ( #814, #1748, #6543, #1938 ) ) ;
#3048 = CARTESIAN_POINT ( 'NONE',  ( 6.899999999999995000, 1.000000000000000000, -9.999999999999982200 ) ) ;
#3049 = CLOSED_SHELL ( 'NONE', ( #3084, #1504, #6257, #3476, #6779, #5148, #4285, #4341 ) ) ;
#3050 = ORIENTED_EDGE ( 'NONE', *, *, #2560, .T. ) ;
#3051 = VERTEX_POINT ( 'NONE', #1246 ) ;
#3052 = DIRECTION ( 'NONE',  ( 0.0000000000000000000, 0.0000000000000000000, 1.000000000000000000 ) ) ;
#3053 = VECTOR ( 'NONE', #1506, 1000.000000000000000 ) ;
#3054 = CARTESIAN_POINT ( 'NONE',  ( -10.90000000000000600, 3.280350850198276100, -9.999999999999998200 ) ) ;
#3055 = PLANE ( 'NONE',  #5529 ) ;
#3056 = ORIENTED_EDGE ( 'NONE', *, *, #3340, .T. ) ;
#3057 = ORIENTED_EDGE ( 'NONE', *, *, #5448, .T. ) ;
#3058 = CARTESIAN_POINT ( 'NONE',  ( 5.099999999999997000, 1.000000000000000000, -8.599999999999981900 ) ) ;
#3059 = CARTESIAN_POINT ( 'NONE',  ( 6.899999999999995000, 0.0000000000000000000, 9.999999999999982200 ) ) ;
#3060 = ORIENTED_EDGE ( 'NONE', *, *, #3770, .T. ) ;
#3061 = LINE ( 'NONE', #287, #1005 ) ;
#3062 = AXIS2_PLACEMENT_3D ( 'NONE', #3385, #1202, #3950 ) ;
#3063 = DIRECTION ( 'NONE',  ( 1.000000000000000000, 3.491481338843133000E-015, 5.176137173774659800E-032 ) ) ;
#3064 = VERTEX_POINT ( 'NONE', #88 ) ;
#3065 = ADVANCED_FACE ( 'NONE', ( #950 ), #137, .F. ) ;
#3066 = PLANE ( 'NONE',  #4986 ) ;
#3067 = DIRECTION ( 'NONE',  ( -1.000000000000000000, 0.0000000000000000000, 0.0000000000000000000 ) ) ;
#3068 = EDGE_LOOP ( 'NONE', ( #2721, #1523, #5399, #3914 ) ) ;
#3069 = EDGE_CURVE ( 'NONE', #496, #2604, #4068, .T. ) ;
#3070 = DIRECTION ( 'NONE',  ( 1.000000000000000000, 0.0000000000000000000, 0.0000000000000000000 ) ) ;
#3072 = EDGE_CURVE ( 'NONE', #235, #4088, #5563, .T. ) ;
#3071 = FILL_AREA_STYLE ('',( #905 ) ) ;
#3073 = LINE ( 'NONE', #4485, #4462 ) ;
#3074 = B_SPLINE_SURFACE_WITH_KNOTS ( 'NONE', 1, 3, ( 
 ( #1108, #2657, #3777, #2732, #2141, #6608 ),
 ( #4326, #1030, #4898, #1591, #3432, #3356 ),
 ( #6236, #1761, #65, #1254, #2780, #3386 ),
 ( #1730, #1693, #3973, #1222, #2825, #636 ) ),
 .UNSPECIFIED., .F., .F., .F.,
 ( 2, 1, 1, 2 ),
 ( 4, 2, 4 ),
 ( -0.01000000000000000000, 0.0000000000000000000, 1.000000000000000000, 1.010100000000000000 ),
 ( 0.0000000000000000000, 0.5000000000000000000, 1.000000000000000000 ),
 .UNSPECIFIED. ) ;
#3075 = CARTESIAN_POINT ( 'NONE',  ( -6.900000000000004800, 1.000000000000000000, 0.0000000000000000000 ) ) ;
#3076 = CARTESIAN_POINT ( 'NONE',  ( 13.09999999999999600, 0.0000000000000000000, -8.600000000000003200 ) ) ;
#3077 = VECTOR ( 'NONE', #6275, 1000.000000000000000 ) ;
#3078 = EDGE_CURVE ( 'NONE', #3345, #1865, #1301, .T. ) ;
#3079 = DIRECTION ( 'NONE',  ( -0.0000000000000000000, -0.0000000000000000000, 1.000000000000000000 ) ) ;
#3080 = LINE ( 'NONE', #108, #2911 ) ;
#3081 = CARTESIAN_POINT ( 'NONE',  ( 17.96452151024750400, 3.844394482538487700, -8.985156575059567900 ) ) ;
#3082 = DIRECTION ( 'NONE',  ( 1.000000000000000000, 0.0000000000000000000, 1.239088197126290900E-015 ) ) ;
#3083 = EDGE_LOOP ( 'NONE', ( #1617, #78, #4244, #3748 ) ) ;
#3084 = ADVANCED_FACE ( 'NONE', ( #2769 ), #2372, .F. ) ;
#3085 = CARTESIAN_POINT ( 'NONE',  ( -18.01407897551572600, 3.750000000000001300, -9.049999999999997200 ) ) ;
#3086 = ORIENTED_EDGE ( 'NONE', *, *, #3118, .F. ) ;
#3087 = ORIENTED_EDGE ( 'NONE', *, *, #1496, .T. ) ;
#3088 = VECTOR ( 'NONE', #6554, 1000.000000000000000 ) ;
#3089 = DIRECTION ( 'NONE',  ( 0.0000000000000000000, 0.0000000000000000000, -1.000000000000000000 ) ) ;
#3090 = DIRECTION ( 'NONE',  ( 1.000000000000000000, -0.0000000000000000000, 0.0000000000000000000 ) ) ;
#3091 = CARTESIAN_POINT ( 'NONE',  ( -10.90000000000000600, 1.000000000000000000, -8.600000000000003200 ) ) ;
#3092 = LINE ( 'NONE', #1073, #7218 ) ;
#3093 = ADVANCED_FACE ( 'NONE', ( #2840 ), #5724, .F. ) ;
#3094 = AXIS2_PLACEMENT_3D ( 'NONE', #377, #910, #330 ) ;
#3095 = CARTESIAN_POINT ( 'NONE',  ( -5.100000000000005900, 0.0000000000000000000, 8.599999999999999600 ) ) ;
#3096 = EDGE_LOOP ( 'NONE', ( #43, #5845, #1586, #2 ) ) ;
#3097 = VECTOR ( 'NONE', #5855, 1000.000000000000000 ) ;
#3098 = VECTOR ( 'NONE', #1709, 1000.000000000000000 ) ;
#3099 = LINE ( 'NONE', #306, #7225 ) ;
#3100 = ORIENTED_EDGE ( 'NONE', *, *, #3491, .T. ) ;
#3101 = EDGE_CURVE ( 'NONE', #513, #6823, #6344, .T. ) ;
#3102 = VERTEX_POINT ( 'NONE', #3997 ) ;
#3103 = VECTOR ( 'NONE', #3888, 1000.000000000000000 ) ;
#3104 = CARTESIAN_POINT ( 'NONE',  ( -10.60000000000000500, 1.000000000000000900, 9.999999999999998200 ) ) ;
#3105 = EDGE_CURVE ( 'NONE', #6996, #3119, #2582, .T. ) ;
#3106 = LINE ( 'NONE', #5765, #153 ) ;
#3107 = CARTESIAN_POINT ( 'NONE',  ( 24.00000000000000000, 1.000000000000000000, 2.255140518769849200E-014 ) ) ;
#3108 = ORIENTED_EDGE ( 'NONE', *, *, #628, .T. ) ;
#3109 = AXIS2_PLACEMENT_3D ( 'NONE', #3566, #1361, #3052 ) ;
#3110 = CARTESIAN_POINT ( 'NONE',  ( 18.03787096660200700, 3.801407856088301300, 8.992719317010479300 ) ) ;
#3111 = VERTEX_POINT ( 'NONE', #1399 ) ;
#3112 = VECTOR ( 'NONE', #639, 1000.000000000000000 ) ;
#3113 = DIRECTION ( 'NONE',  ( 0.0000000000000000000, 0.0000000000000000000, 1.000000000000000000 ) ) ;
#3114 = CARTESIAN_POINT ( 'NONE',  ( -17.98468869012344100, 3.816500844680903900, -9.025656294836590400 ) ) ;
#3115 = LINE ( 'NONE', #6320, #4426 ) ;
#3116 = EDGE_CURVE ( 'NONE', #5889, #971, #1311, .T. ) ;
#3117 = CARTESIAN_POINT ( 'NONE',  ( -13.10000000000000500, 0.0000000000000000000, -8.600000000000003200 ) ) ;
#3118 = EDGE_CURVE ( 'NONE', #5350, #3304, #3175, .T. ) ;
#3119 = VERTEX_POINT ( 'NONE', #6896 ) ;
#3120 = FACE_OUTER_BOUND ( 'NONE', #4745, .T. ) ;
#3121 = DIRECTION ( 'NONE',  ( 1.000000000000000000, -0.0000000000000000000, -1.369518533665900300E-016 ) ) ;
#3122 = ORIENTED_EDGE ( 'NONE', *, *, #3101, .F. ) ;
#3123 = VECTOR ( 'NONE', #8, 1000.000000000000000 ) ;
#3124 = B_SPLINE_SURFACE_WITH_KNOTS ( 'NONE', 1, 3, ( 
 ( #784, #5694, #5710, #757, #3559, #4650 ),
 ( #218, #4118, #810, #2927, #740, #1404 ),
 ( #1426, #6484, #3651, #6455, #5335, #2459 ),
 ( #2504, #5832, #3110, #4185, #351, #1992 ) ),
 .UNSPECIFIED., .F., .F., .F.,
 ( 2, 1, 1, 2 ),
 ( 4, 2, 4 ),
 ( -0.01000000000000000000, 0.0000000000000000000, 1.000000000000000000, 1.010100000000000000 ),
 ( 0.0000000000000000000, 0.5000000000000000000, 1.000000000000000000 ),
 .UNSPECIFIED. ) ;
#3125 = ORIENTED_EDGE ( 'NONE', *, *, #4422, .T. ) ;
#3126 = ORIENTED_EDGE ( 'NONE', *, *, #25, .T. ) ;
#3127 = VERTEX_POINT ( 'NONE', #5239 ) ;
#3128 = EDGE_CURVE ( 'NONE', #4706, #3627, #5990, .T. ) ;
#3129 = ORIENTED_EDGE ( 'NONE', *, *, #6701, .T. ) ;
#3130 = VERTEX_POINT ( 'NONE', #4690 ) ;
#3131 = EDGE_LOOP ( 'NONE', ( #5445, #4961, #5220, #268 ) ) ;
#3132 = PLANE ( 'NONE',  #2021 ) ;
#3133 = CARTESIAN_POINT ( 'NONE',  ( 6.599999999999994300, 0.0000000000000000000, -9.999999999999982200 ) ) ;
#3134 = CARTESIAN_POINT ( 'NONE',  ( 10.89999999999999500, 0.0000000000000000000, 9.999999999999978700 ) ) ;
#3135 = CARTESIAN_POINT ( 'NONE',  ( 2.599999999999994800, 0.0000000000000000000, -9.999999999999985800 ) ) ;
#3136 = AXIS2_PLACEMENT_3D ( 'NONE', #4874, #1457, #6511 ) ;
#3137 = VERTEX_POINT ( 'NONE', #1338 ) ;
#3138 = LINE ( 'NONE', #5417, #1175 ) ;
#3139 = CARTESIAN_POINT ( 'NONE',  ( 18.00219866587632500, 3.839222690360979900, -8.971359658505242900 ) ) ;
#3140 = CARTESIAN_POINT ( 'NONE',  ( 14.89999999999999500, 1.000000000000000000, -8.600000000000003200 ) ) ;
#3141 = CARTESIAN_POINT ( 'NONE',  ( 18.03329052772117100, 3.806647766503485500, -8.989695024761895000 ) ) ;
#3142 = ADVANCED_FACE ( 'NONE', ( #5906 ), #4151, .F. ) ;
#3143 = ORIENTED_EDGE ( 'NONE', *, *, #5793, .F. ) ;
#3144 = EDGE_CURVE ( 'NONE', #798, #834, #6881, .T. ) ;
#3145 = FACE_OUTER_BOUND ( 'NONE', #1655, .T. ) ;
#3146 = CARTESIAN_POINT ( 'NONE',  ( -18.05000000000000400, 3.850000000000000100, -9.014078975515722900 ) ) ;
#3147 = DIRECTION ( 'NONE',  ( -0.0000000000000000000, -1.000000000000000000, -0.0000000000000000000 ) ) ;
#3148 = EDGE_CURVE ( 'NONE', #2866, #4739, #4081, .T. ) ;
#3149 = CARTESIAN_POINT ( 'NONE',  ( -5.100000000000005900, 1.000000000000000000, -9.999999999999994700 ) ) ;
#3151 = EDGE_CURVE ( 'NONE', #2489, #5807, #3708, .T. ) ;
#3150 = DIRECTION ( 'NONE',  ( 0.0000000000000000000, 0.0000000000000000000, 1.000000000000000000 ) ) ;
#3152 = CARTESIAN_POINT ( 'NONE',  ( -17.96487817484206000, 3.843423899164549500, -8.985664759425720400 ) ) ;
#3153 = AXIS2_PLACEMENT_3D ( 'NONE', #36, #3314, #4436 ) ;
#3154 = LINE ( 'NONE', #548, #1804 ) ;
#3155 = CARTESIAN_POINT ( 'NONE',  ( -18.20000000000001700, 6.643906855318016100E-014, -9.014078975515722900 ) ) ;
#3156 = DIRECTION ( 'NONE',  ( 1.000000000000000000, 0.0000000000000000000, -0.0000000000000000000 ) ) ;
#3157 = DIRECTION ( 'NONE',  ( 0.0000000000000000000, 1.000000000000000000, 0.0000000000000000000 ) ) ;
#3158 = ADVANCED_FACE ( 'NONE', ( #2244 ), #6714, .T. ) ;
#3159 = PLANE ( 'NONE',  #4958 ) ;
#3160 = VERTEX_POINT ( 'NONE', #291 ) ;
#3161 = EDGE_CURVE ( 'NONE', #5012, #3396, #4225, .T. ) ;
#3162 =( NAMED_UNIT ( * ) PLANE_ANGLE_UNIT ( ) SI_UNIT ( $, .RADIAN. ) );
#3163 = CARTESIAN_POINT ( 'NONE',  ( 18.01650084468090500, 3.825656294836592000, 8.979390285392277300 ) ) ;
#3164 = VERTEX_POINT ( 'NONE', #6229 ) ;
#3165 = FACE_OUTER_BOUND ( 'NONE', #1778, .T. ) ;
#3166 = CARTESIAN_POINT ( 'NONE',  ( -10.00000000000000500, 1.000000000000000000, -9.999999999999998200 ) ) ;
#3167 = CARTESIAN_POINT ( 'NONE',  ( 18.99999999999999600, 0.0000000000000000000, -10.00000000000000200 ) ) ;
#3168 = LINE ( 'NONE', #1969, #585 ) ;
#3169 = ADVANCED_FACE ( 'NONE', ( #3274 ), #4522, .F. ) ;
#3170 = DIRECTION ( 'NONE',  ( -1.000000000000000000, 0.0000000000000000000, 0.0000000000000000000 ) ) ;
#3171 = ORIENTED_EDGE ( 'NONE', *, *, #3023, .T. ) ;
#3172 = ORIENTED_EDGE ( 'NONE', *, *, #2793, .F. ) ;
#3173 = CIRCLE ( 'NONE', #3722, 0.5999999999999998700 ) ;
#3174 = CARTESIAN_POINT ( 'NONE',  ( -17.95000000000000300, 3.848484999999998800, -8.949999999999995700 ) ) ;
#3175 = LINE ( 'NONE', #192, #6530 ) ;
#3176 = DIRECTION ( 'NONE',  ( -1.000000000000000000, -0.0000000000000000000, -0.0000000000000000000 ) ) ;
#3177 = CIRCLE ( 'NONE', #3481, 0.5999999999999998700 ) ;
#3178 = FACE_OUTER_BOUND ( 'NONE', #3247, .T. ) ;
#3179 = CARTESIAN_POINT ( 'NONE',  ( -6.000000000000005300, 0.0000000000000000000, 9.999999999999994700 ) ) ;
#3180 = ORIENTED_EDGE ( 'NONE', *, *, #1110, .T. ) ;
#3181 = VECTOR ( 'NONE', #2564, 1000.000000000000000 ) ;
#3182 = CARTESIAN_POINT ( 'NONE',  ( 13.99999999999999500, 3.280350850198276100, -9.999999999999973400 ) ) ;
#3183 = ORIENTED_EDGE ( 'NONE', *, *, #3884, .T. ) ;
#3184 = VECTOR ( 'NONE', #5153, 1000.000000000000000 ) ;
#3185 = CARTESIAN_POINT ( 'NONE',  ( 5.099999999999997000, 0.0000000000000000000, 8.599999999999981900 ) ) ;
#3186 = VECTOR ( 'NONE', #4869, 1000.000000000000000 ) ;
#3187 = DIRECTION ( 'NONE',  ( 0.0000000000000000000, 0.0000000000000000000, 1.000000000000000000 ) ) ;
#3188 = ADVANCED_FACE ( 'NONE', ( #6705 ), #84, .F. ) ;
#3189 = ORIENTED_EDGE ( 'NONE', *, *, #1980, .T. ) ;
#3190 = VECTOR ( 'NONE', #4433, 1000.000000000000000 ) ;
#3191 = CARTESIAN_POINT ( 'NONE',  ( 18.02455951720780500, 3.816639915919357100, 8.984325799595941600 ) ) ;
#3192 = CYLINDRICAL_SURFACE ( 'NONE', #6769, 0.09999999999999939500 ) ;
#3193 = VERTEX_POINT ( 'NONE', #3993 ) ;
#3194 = VERTEX_POINT ( 'NONE', #1325 ) ;
#3195 = EDGE_LOOP ( 'NONE', ( #1723, #3656, #4066, #489, #216, #3254 ) ) ;
#3196 = EDGE_CURVE ( 'NONE', #1639, #3372, #41, .T. ) ;
#3197 = LINE ( 'NONE', #7184, #1757 ) ;
#3198 = CARTESIAN_POINT ( 'NONE',  ( 18.99999999999999600, 0.0000000000000000000, -10.00000000000000200 ) ) ;
#3199 = EDGE_CURVE ( 'NONE', #3701, #4501, #5814, .T. ) ;
#3200 = CARTESIAN_POINT ( 'NONE',  ( 17.99271931701048300, 3.802198665876328000, -9.039222690360977800 ) ) ;
#3201 = CARTESIAN_POINT ( 'NONE',  ( -9.100000000000005000, 1.000000000000000000, -10.00000000000000200 ) ) ;
#3202 = VECTOR ( 'NONE', #1119, 1000.000000000000000 ) ;
#3203 = ADVANCED_FACE ( 'NONE', ( #1650 ), #157, .F. ) ;
#3204 = VERTEX_POINT ( 'NONE', #5772 ) ;
#3205 = CARTESIAN_POINT ( 'NONE',  ( -2.600000000000005000, 1.000000000000000900, -9.999999999999989300 ) ) ;
#3206 = CARTESIAN_POINT ( 'NONE',  ( -1.100000000000005400, 1.000000000000000000, -8.600000000000003200 ) ) ;
#3207 = ORIENTED_EDGE ( 'NONE', *, *, #6411, .T. ) ;
#3208 = VECTOR ( 'NONE', #4398, 1000.000000000000000 ) ;
#3209 = ORIENTED_EDGE ( 'NONE', *, *, #1799, .T. ) ;
#3210 = CARTESIAN_POINT ( 'NONE',  ( -6.900000000000004800, 0.0000000000000000000, -9.999999999999994700 ) ) ;
#3211 = EDGE_CURVE ( 'NONE', #2194, #857, #1554, .T. ) ;
#3212 = ORIENTED_EDGE ( 'NONE', *, *, #6659, .F. ) ;
#3213 = VERTEX_POINT ( 'NONE', #4620 ) ;
#3214 = ORIENTED_EDGE ( 'NONE', *, *, #25, .F. ) ;
#3215 = CARTESIAN_POINT ( 'NONE',  ( -18.04342389916455900, 3.785664759425724200, -8.999200800673662600 ) ) ;
#3216 = LINE ( 'NONE', #4533, #6217 ) ;
#3217 = CARTESIAN_POINT ( 'NONE',  ( 18.19999999999999600, 3.750000000000000400, -9.200000000000001100 ) ) ;
#3218 = ORIENTED_EDGE ( 'NONE', *, *, #5734, .F. ) ;
#3219 = CLOSED_SHELL ( 'NONE', ( #1397, #3349, #3427, #3749, #5002, #2136, #4092, #2417 ) ) ;
#3220 = VECTOR ( 'NONE', #5438, 1000.000000000000000 ) ;
#3221 = CARTESIAN_POINT ( 'NONE',  ( 13.99999999999999500, 0.0000000000000000000, 9.999999999999973400 ) ) ;
#3222 = AXIS2_PLACEMENT_3D ( 'NONE', #3655, #1428, #4703 ) ;
#3223 = CARTESIAN_POINT ( 'NONE',  ( 14.89999999999999500, 1.000000000000000900, -8.599999999999974800 ) ) ;
#3224 = CARTESIAN_POINT ( 'NONE',  ( -13.10000000000000500, 4.000000000000000000, -8.600000000000003200 ) ) ;
#3225 = EDGE_LOOP ( 'NONE', ( #2449, #836, #3183, #3189 ) ) ;
#3226 = VECTOR ( 'NONE', #6974, 1000.000000000000000 ) ;
#3227 = ADVANCED_FACE ( 'NONE', ( #1909 ), #1884, .T. ) ;
#3228 = CARTESIAN_POINT ( 'NONE',  ( -6.900000000000004800, 4.000000000000000000, 8.600000000000003200 ) ) ;
#3229 = ORIENTED_EDGE ( 'NONE', *, *, #2977, .F. ) ;
#3230 = DIRECTION ( 'NONE',  ( -1.000000000000000000, -0.0000000000000000000, -0.0000000000000000000 ) ) ;
#3231 = DIRECTION ( 'NONE',  ( -1.000000000000000000, -0.0000000000000000000, 0.0000000000000000000 ) ) ;
#3232 = CARTESIAN_POINT ( 'NONE',  ( -18.17439506625786500, 3.881279644678965500, 8.992719317010481100 ) ) ;
#3233 = CARTESIAN_POINT ( 'NONE',  ( 2.599999999999994800, 3.280350850198276100, 9.999999999999985800 ) ) ;
#3235 = ADVANCED_FACE ( 'NONE', ( #1824 ), #3371, .F. ) ;
#3234 = VECTOR ( 'NONE', #3343, 1000.000000000000000 ) ;
#3236 = CARTESIAN_POINT ( 'NONE',  ( -14.90000000000000600, 1.000000000000000000, -10.00000000000000200 ) ) ;
#3237 = ADVANCED_FACE ( 'NONE', ( #5022 ), #6243, .F. ) ;
#3238 = VERTEX_POINT ( 'NONE', #3419 ) ;
#3239 = EDGE_CURVE ( 'NONE', #2362, #2939, #6800, .T. ) ;
#3240 = PLANE ( 'NONE',  #2062 ) ;
#3241 = VECTOR ( 'NONE', #6301, 1000.000000000000000 ) ;
#3242 = CARTESIAN_POINT ( 'NONE',  ( -10.60000000000000500, 3.280350850198276100, 9.999999999999998200 ) ) ;
#3243 = AXIS2_PLACEMENT_3D ( 'NONE', #2754, #6664, #7160 ) ;
#3244 = CARTESIAN_POINT ( 'NONE',  ( -14.00000000000000500, 0.0000000000000000000, 10.00000000000000200 ) ) ;
#3245 = DIRECTION ( 'NONE',  ( -1.000000000000000000, 0.0000000000000000000, 9.130123557772669600E-017 ) ) ;
#3246 = DIRECTION ( 'NONE',  ( 1.000000000000000000, 0.0000000000000000000, 0.0000000000000000000 ) ) ;
#3247 = EDGE_LOOP ( 'NONE', ( #450, #4600, #1850, #6002, #225, #1605 ) ) ;
#3248 = VECTOR ( 'NONE', #5248, 1000.000000000000000 ) ;
#3249 = EDGE_CURVE ( 'NONE', #2725, #2829, #3808, .T. ) ;
#3250 =( LENGTH_UNIT ( ) NAMED_UNIT ( * ) SI_UNIT ( .MILLI., .METRE. ) );
#3251 = DIRECTION ( 'NONE',  ( 1.000000000000000000, 0.0000000000000000000, 0.0000000000000000000 ) ) ;
#3253 = EDGE_CURVE ( 'NONE', #6672, #1462, #790, .T. ) ;
#3252 = CARTESIAN_POINT ( 'NONE',  ( -5.100000000000005900, 3.280350850198276100, -9.999999999999994700 ) ) ;
#3254 = ORIENTED_EDGE ( 'NONE', *, *, #3196, .T. ) ;
#3255 = AXIS2_PLACEMENT_3D ( 'NONE', #2797, #2246, #85 ) ;
#3256 = ORIENTED_EDGE ( 'NONE', *, *, #2651, .T. ) ;
#3257 = VECTOR ( 'NONE', #2148, 1000.000000000000000 ) ;
#3258 = DIRECTION ( 'NONE',  ( 0.0000000000000000000, 0.0000000000000000000, 1.000000000000000000 ) ) ;
#3259 = CARTESIAN_POINT ( 'NONE',  ( -18.01562891080413600, 3.999999999999999100, 8.960709048135154100 ) ) ;
#3260 = CARTESIAN_POINT ( 'NONE',  ( -1.100000000000005400, 0.0000000000000000000, 8.599999999999999600 ) ) ;
#3261 = CARTESIAN_POINT ( 'NONE',  ( 10.89999999999999500, 0.0000000000000000000, -8.599999999999978300 ) ) ;
#3262 = VERTEX_POINT ( 'NONE', #3660 ) ;
#3263 = EDGE_CURVE ( 'NONE', #2298, #6605, #3719, .T. ) ;
#3264 = EDGE_LOOP ( 'NONE', ( #3180, #5600, #2704, #4518 ) ) ;
#3265 = ORIENTED_EDGE ( 'NONE', *, *, #1755, .T. ) ;
#3266 = LINE ( 'NONE', #4287, #2572 ) ;
#3267 = LINE ( 'NONE', #5549, #1726 ) ;
#3268 = DIRECTION ( 'NONE',  ( -0.0000000000000000000, -0.0000000000000000000, -1.000000000000000000 ) ) ;
#3269 = CARTESIAN_POINT ( 'NONE',  ( -18.01407897551572600, 3.750000000000000900, -9.201499999999997600 ) ) ;
#3270 = ORIENTED_EDGE ( 'NONE', *, *, #4744, .F. ) ;
#3271 = DIRECTION ( 'NONE',  ( 0.0000000000000000000, 0.0000000000000000000, -1.000000000000000000 ) ) ;
#3272 = VERTEX_POINT ( 'NONE', #4230 ) ;
#3273 = VECTOR ( 'NONE', #2935, 1000.000000000000000 ) ;
#3274 = FACE_OUTER_BOUND ( 'NONE', #6023, .T. ) ;
#3275 = ADVANCED_FACE ( 'NONE', ( #2421 ), #1511, .F. ) ;
#3276 = VECTOR ( 'NONE', #4256, 1000.000000000000000 ) ;
#3277 = DIRECTION ( 'NONE',  ( 1.000000000000000000, 0.0000000000000000000, -0.0000000000000000000 ) ) ;
#3278 = CARTESIAN_POINT ( 'NONE',  ( 9.099999999999996100, 0.0000000000000000000, -8.600000000000003200 ) ) ;
#3279 = AXIS2_PLACEMENT_3D ( 'NONE', #1206, #2328, #3975 ) ;
#3280 = EDGE_LOOP ( 'NONE', ( #6137, #2667, #995, #5748 ) ) ;
#3281 = FACE_OUTER_BOUND ( 'NONE', #4531, .T. ) ;
#3282 = ORIENTED_EDGE ( 'NONE', *, *, #1837, .T. ) ;
#3283 = LINE ( 'NONE', #5699, #424 ) ;
#3284 = CARTESIAN_POINT ( 'NONE',  ( 10.89999999999999500, 4.000000000000000000, 8.599999999999999600 ) ) ;
#3285 = LINE ( 'NONE', #3860, #54 ) ;
#3286 = ORIENTED_EDGE ( 'NONE', *, *, #7020, .F. ) ;
#3287 =( NAMED_UNIT ( * ) SI_UNIT ( $, .STERADIAN. ) SOLID_ANGLE_UNIT ( ) );
#3288 = ORIENTED_EDGE ( 'NONE', *, *, #4538, .F. ) ;
#3289 = VECTOR ( 'NONE', #1136, 1000.000000000000000 ) ;
#3290 = EDGE_CURVE ( 'NONE', #6933, #5375, #4150, .T. ) ;
#3291 = CARTESIAN_POINT ( 'NONE',  ( -6.900000000000004800, 0.0000000000000000000, 9.999999999999994700 ) ) ;
#3292 = FACE_OUTER_BOUND ( 'NONE', #1597, .T. ) ;
#3293 = MANIFOLD_SOLID_BREP ( 'Mirror2[3]', #5864 ) ;
#3294 = AXIS2_PLACEMENT_3D ( 'NONE', #5124, #4621, #5715 ) ;
#3295 = ORIENTED_EDGE ( 'NONE', *, *, #3290, .T. ) ;
#3296 = VECTOR ( 'NONE', #951, 1000.000000000000000 ) ;
#3297 = ORIENTED_EDGE ( 'NONE', *, *, #6032, .T. ) ;
#3298 = CARTESIAN_POINT ( 'NONE',  ( -18.00337342909976000, 3.776242980402221500, -9.049999999999997200 ) ) ;
#3299 = VECTOR ( 'NONE', #3347, 1000.000000000000000 ) ;
#3300 = EDGE_CURVE ( 'NONE', #7033, #5502, #6183, .T. ) ;
#3301 = ORIENTED_EDGE ( 'NONE', *, *, #3864, .T. ) ;
#3302 = VERTEX_POINT ( 'NONE', #6563 ) ;
#3303 = EDGE_CURVE ( 'NONE', #1385, #4190, #3986, .T. ) ;
#3304 = VERTEX_POINT ( 'NONE', #5517 ) ;
#3305 = VERTEX_POINT ( 'NONE', #6607 ) ;
#3306 = DIRECTION ( 'NONE',  ( -0.0000000000000000000, -1.000000000000000000, 0.0000000000000000000 ) ) ;
#3307 = DIRECTION ( 'NONE',  ( 0.0000000000000000000, 0.0000000000000000000, -1.000000000000000000 ) ) ;
#3308 = AXIS2_PLACEMENT_3D ( 'NONE', #780, #1342, #1899 ) ;
#3309 = ORIENTED_EDGE ( 'NONE', *, *, #5408, .T. ) ;
#3310 = DIRECTION ( 'NONE',  ( -1.000000000000000000, 0.0000000000000000000, 9.130123557772669600E-017 ) ) ;
#3311 = ORIENTED_EDGE ( 'NONE', *, *, #6404, .T. ) ;
#3312 = ORIENTED_EDGE ( 'NONE', *, *, #2844, .F. ) ;
#3313 = CARTESIAN_POINT ( 'NONE',  ( -17.95000000000000300, 3.999999999999998200, 8.950000000000004600 ) ) ;
#3314 = DIRECTION ( 'NONE',  ( 9.637352644315598700E-016, 0.0000000000000000000, -1.000000000000000000 ) ) ;
#3315 = EDGE_CURVE ( 'NONE', #6480, #1052, #2673, .T. ) ;
#3316 = CARTESIAN_POINT ( 'NONE',  ( -9.100000000000005000, 1.000000000000000000, -8.600000000000003200 ) ) ;
#3317 =( GEOMETRIC_REPRESENTATION_CONTEXT ( 3 ) GLOBAL_UNCERTAINTY_ASSIGNED_CONTEXT ( ( #3741 ) ) GLOBAL_UNIT_ASSIGNED_CONTEXT ( ( #2189, #3435, #5075 ) ) REPRESENTATION_CONTEXT ( 'NONE', 'WORKASPACE' ) );
#3318 = ADVANCED_FACE ( 'NONE', ( #416 ), #1729, .F. ) ;
#3319 = CARTESIAN_POINT ( 'NONE',  ( 1.099999999999995000, 1.000000000000000000, 10.00000000000000200 ) ) ;
#3320 = ADVANCED_FACE ( 'NONE', ( #1567 ), #2731, .F. ) ;
#3321 = ORIENTED_EDGE ( 'NONE', *, *, #89, .F. ) ;
#3322 = VECTOR ( 'NONE', #3934, 1000.000000000000000 ) ;
#3323 = PLANE ( 'NONE',  #3527 ) ;
#3324 = CARTESIAN_POINT ( 'NONE',  ( -6.900000000000004800, 1.000000000000000000, -9.999999999999994700 ) ) ;
#3325 = CARTESIAN_POINT ( 'NONE',  ( -18.01407897551572600, 3.750000000000000900, -9.049999999999997200 ) ) ;
#3326 = DIRECTION ( 'NONE',  ( 0.0000000000000000000, 1.000000000000000000, 0.0000000000000000000 ) ) ;
#3327 = EDGE_LOOP ( 'NONE', ( #6116, #5677, #4969, #3375, #4502, #1901, #4034, #7239, #5984, #2437, #823, #4872, #3017, #870, #1634, #5751, #4233, #5759, #3050, #5841, #5113, #6298, #3358, #1042, #1152, #765, #3836, #4863, #5052, #5687, #340, #7163, #7133, #973, #540, #2594, #7149, #2357, #2966, #4249, #3533, #2380, #7026, #5413, #4826, #2785, #1028, #2121, #2313, #6464, #3707, #3395, #3288, #2414, #7166, #5402, #2297, #6693, #4388, #4411, #5064, #5948, #1095, #4241, #3966, #2258, #5282, #6604 ) ) ;
#3328 = CARTESIAN_POINT ( 'NONE',  ( -6.900000000000003000, 1.000000000000000000, -8.599999999999994300 ) ) ;
#3329 = DIRECTION ( 'NONE',  ( 0.0000000000000000000, 1.000000000000000000, 0.0000000000000000000 ) ) ;
#3330 = DIRECTION ( 'NONE',  ( 9.130123557772669600E-017, -0.0000000000000000000, 1.000000000000000000 ) ) ;
#3331 = VERTEX_POINT ( 'NONE', #5609 ) ;
#3332 = B_SPLINE_CURVE_WITH_KNOTS ( 'NONE', 3,
 ( #1534, #4851, #2760, #3215, #5540, #3781, #1064, #512, #6067, #4383, #4926, #3863, #4901, #1112, #4978, #1094 ),
 .UNSPECIFIED., .F., .F.,
 ( 4, 3, 3, 3, 3, 4 ),
 ( 0.0000000000000000000, 3.919923792274047800E-005, 7.839866981027512000E-005, 0.0001175819989964562100, 0.0001567683997081110900, 0.0001687383463062378700 ),
 .UNSPECIFIED. ) ;
#3333 = DIRECTION ( 'NONE',  ( -1.000000000000000000, 0.0000000000000000000, 0.0000000000000000000 ) ) ;
#3334 = CARTESIAN_POINT ( 'NONE',  ( 18.01255223688418300, 3.753742562072959600, 9.049999999999997200 ) ) ;
#3335 = DIRECTION ( 'NONE',  ( 0.0000000000000000000, 0.0000000000000000000, 1.000000000000000000 ) ) ;
#3336 = SURFACE_SIDE_STYLE ('',( #3995 ) ) ;
#3337 = CARTESIAN_POINT ( 'NONE',  ( -9.100000000000005000, 1.000000000000000900, -9.999999999999998200 ) ) ;
#3338 = LINE ( 'NONE', #3278, #1632 ) ;
#3339 = ORIENTED_EDGE ( 'NONE', *, *, #2512, .T. ) ;
#3340 = EDGE_CURVE ( 'NONE', #6397, #1865, #963, .T. ) ;
#3341 = CARTESIAN_POINT ( 'NONE',  ( 14.89999999999999500, 4.000000000000000000, 8.599999999999999600 ) ) ;
#3342 = EDGE_CURVE ( 'NONE', #6649, #5588, #4757, .T. ) ;
#3343 = DIRECTION ( 'NONE',  ( 1.239088197126290700E-015, 0.0000000000000000000, 1.000000000000000000 ) ) ;
#3344 = AXIS2_PLACEMENT_3D ( 'NONE', #348, #2018, #875 ) ;
#3345 = VERTEX_POINT ( 'NONE', #635 ) ;
#3346 = VECTOR ( 'NONE', #809, 1000.000000000000000 ) ;
#3347 = DIRECTION ( 'NONE',  ( 0.0000000000000000000, 0.0000000000000000000, 1.000000000000000000 ) ) ;
#3348 = VERTEX_POINT ( 'NONE', #1221 ) ;
#3349 = ADVANCED_FACE ( 'NONE', ( #1147 ), #3972, .F. ) ;
#3350 = VERTEX_POINT ( 'NONE', #6153 ) ;
#3351 = CIRCLE ( 'NONE', #2428, 0.5999999999999998700 ) ;
#3352 = EDGE_CURVE ( 'NONE', #4739, #3891, #49, .T. ) ;
#3353 = CARTESIAN_POINT ( 'NONE',  ( 1.099999999999995000, 3.280350850198276100, -9.999999999999985800 ) ) ;
#3354 = FACE_OUTER_BOUND ( 'NONE', #3981, .T. ) ;
#3355 = AXIS2_PLACEMENT_3D ( 'NONE', #3182, #4330, #5467 ) ;
#3356 = CARTESIAN_POINT ( 'NONE',  ( 18.01407897551571900, 3.750000000000000900, 9.199999999999997500 ) ) ;
#3357 = PLANE ( 'NONE',  #5414 ) ;
#3358 = ORIENTED_EDGE ( 'NONE', *, *, #1450, .T. ) ;
#3359 = VECTOR ( 'NONE', #3905, 1000.000000000000000 ) ;
#3360 = DIRECTION ( 'NONE',  ( 2.655529440325944800E-031, 6.123233995736766000E-017, 1.000000000000000000 ) ) ;
#3361 = PLANE ( 'NONE',  #3279 ) ;
#3362 = VECTOR ( 'NONE', #6795, 1000.000000000000000 ) ;
#3363 = VECTOR ( 'NONE', #6557, 1000.000000000000000 ) ;
#3364 = CARTESIAN_POINT ( 'NONE',  ( 13.09999999999999600, 0.0000000000000000000, -10.00000000000000200 ) ) ;
#3365 = AXIS2_PLACEMENT_3D ( 'NONE', #2828, #6240, #6764 ) ;
#3366 = LINE ( 'NONE', #3048, #410 ) ;
#3367 = ORIENTED_EDGE ( 'NONE', *, *, #4806, .T. ) ;
#3368 = FACE_OUTER_BOUND ( 'NONE', #1647, .T. ) ;
#3369 = CARTESIAN_POINT ( 'NONE',  ( -10.90000000000000400, 1.000000000000000900, -8.599999999999997900 ) ) ;
#3370 = VECTOR ( 'NONE', #3423, 1000.000000000000000 ) ;
#3371 = CYLINDRICAL_SURFACE ( 'NONE', #6010, 0.09999999999999766000 ) ;
#3372 = VERTEX_POINT ( 'NONE', #3904 ) ;
#3373 = LINE ( 'NONE', #6095, #3289 ) ;
#3374 = LINE ( 'NONE', #2526, #793 ) ;
#3375 = ORIENTED_EDGE ( 'NONE', *, *, #284, .F. ) ;
#3376 = PLANE ( 'NONE',  #7023 ) ;
#3377 = VECTOR ( 'NONE', #1671, 1000.000000000000000 ) ;
#3378 = ORIENTED_EDGE ( 'NONE', *, *, #1610, .T. ) ;
#3379 = ORIENTED_EDGE ( 'NONE', *, *, #6223, .F. ) ;
#3380 = FACE_OUTER_BOUND ( 'NONE', #6106, .T. ) ;
#3381 = DIRECTION ( 'NONE',  ( -0.0000000000000000000, -1.000000000000000000, -0.0000000000000000000 ) ) ;
#3382 = CARTESIAN_POINT ( 'NONE',  ( -1.400000000000005500, 3.280350850198276100, -9.999999999999989300 ) ) ;
#3383 = B_SPLINE_CURVE_WITH_KNOTS ( 'NONE', 3,
 ( #6950, #5293, #5863, #3635, #2486, #4194, #889, #1964, #203, #4658, #4143, #1347, #4712, #1941, #6363, #288 ),
 .UNSPECIFIED., .F., .F.,
 ( 4, 3, 3, 3, 3, 4 ),
 ( 4.336808689942017300E-019, 3.919923792274241600E-005, 7.839866981027868400E-005, 0.0001175819989964543000, 0.0001567683997081076200, 0.0001687383463062276300 ),
 .UNSPECIFIED. ) ;
#3384 = LINE ( 'NONE', #1750, #2432 ) ;
#3385 = CARTESIAN_POINT ( 'NONE',  ( 9.999999999999994700, 0.0000000000000000000, -9.999999999999978700 ) ) ;
#3386 = CARTESIAN_POINT ( 'NONE',  ( 18.01407897551571900, 3.750000000000000900, 9.049999999999997200 ) ) ;
#3387 = CARTESIAN_POINT ( 'NONE',  ( -17.97142065553234500, 3.972799765255117200, 9.080768558391735500 ) ) ;
#3388 = CARTESIAN_POINT ( 'NONE',  ( -14.00000000000000500, 1.000000000000000000, 10.00000000000000200 ) ) ;
#3389 = VERTEX_POINT ( 'NONE', #7259 ) ;
#3390 = EDGE_CURVE ( 'NONE', #2149, #3194, #1919, .T. ) ;
#3391 = LINE ( 'NONE', #4773, #6465 ) ;
#3392 = CARTESIAN_POINT ( 'NONE',  ( 18.99999999999999600, 0.0000000000000000000, 9.999999999999998200 ) ) ;
#3393 = ADVANCED_FACE ( 'NONE', ( #4496 ), #3555, .F. ) ;
#3394 = VERTEX_POINT ( 'NONE', #4472 ) ;
#3395 = ORIENTED_EDGE ( 'NONE', *, *, #5116, .F. ) ;
#3396 = VERTEX_POINT ( 'NONE', #5729 ) ;
#3397 = DIRECTION ( 'NONE',  ( 0.0000000000000000000, 0.0000000000000000000, 1.000000000000000000 ) ) ;
#3398 = ORIENTED_EDGE ( 'NONE', *, *, #472, .F. ) ;
#3399 = ORIENTED_EDGE ( 'NONE', *, *, #219, .T. ) ;
#3400 = ADVANCED_FACE ( 'NONE', ( #5821 ), #2924, .F. ) ;
#3401 = EDGE_CURVE ( 'NONE', #7158, #4882, #696, .T. ) ;
#3402 = DIRECTION ( 'NONE',  ( -1.000000000000000000, 0.0000000000000000000, -0.0000000000000000000 ) ) ;
#3403 = EDGE_CURVE ( 'NONE', #2604, #2523, #5209, .T. ) ;
#3404 = VECTOR ( 'NONE', #4321, 1000.000000000000000 ) ;
#3405 = DIRECTION ( 'NONE',  ( 1.000000000000000000, -0.0000000000000000000, -1.369518533665900300E-016 ) ) ;
#3406 = VERTEX_POINT ( 'NONE', #4670 ) ;
#3407 = ORIENTED_EDGE ( 'NONE', *, *, #120, .F. ) ;
#3408 = AXIS2_PLACEMENT_3D ( 'NONE', #5057, #645, #2290 ) ;
#3409 = VECTOR ( 'NONE', #1637, 1000.000000000000000 ) ;
#3410 = CARTESIAN_POINT ( 'NONE',  ( 1.099999999999995000, 4.000000000000000000, 10.00000000000000200 ) ) ;
#3411 = DIRECTION ( 'NONE',  ( 0.0000000000000000000, 1.000000000000000000, 0.0000000000000000000 ) ) ;
#3412 = EDGE_LOOP ( 'NONE', ( #4932, #5697, #2031, #2350 ) ) ;
#3413 = LINE ( 'NONE', #6491, #3226 ) ;
#3414 = DIRECTION ( 'NONE',  ( -1.000000000000000000, 0.0000000000000000000, 0.0000000000000000000 ) ) ;
#3415 = EDGE_CURVE ( 'NONE', #3032, #5324, #7131, .T. ) ;
#3416 = CARTESIAN_POINT ( 'NONE',  ( 2.899999999999994600, 1.000000000000000000, 8.599999999999999600 ) ) ;
#3417 = PLANE ( 'NONE',  #1991 ) ;
#3418 = EDGE_LOOP ( 'NONE', ( #3930, #1167, #3766, #6620 ) ) ;
#3419 = CARTESIAN_POINT ( 'NONE',  ( 18.19999999999999600, 3.750000000000000900, -9.014078975515722900 ) ) ;
#3420 = DIRECTION ( 'NONE',  ( 0.0000000000000000000, 0.0000000000000000000, -1.000000000000000000 ) ) ;
#3421 = LINE ( 'NONE', #3242, #2550 ) ;
#3422 = CARTESIAN_POINT ( 'NONE',  ( 18.99999999999999600, 1.000000000000000000, 9.999999999999998200 ) ) ;
#3423 = DIRECTION ( 'NONE',  ( 1.000000000000000000, -0.0000000000000000000, 0.0000000000000000000 ) ) ;
#3424 = AXIS2_PLACEMENT_3D ( 'NONE', #3991, #728, #4549 ) ;
#3425 = CARTESIAN_POINT ( 'NONE',  ( 1.099999999999995000, 0.0000000000000000000, -8.600000000000003200 ) ) ;
#3426 = CARTESIAN_POINT ( 'NONE',  ( -18.00330836735161500, 3.816006172872520500, -9.199999999999997500 ) ) ;
#3427 = ADVANCED_FACE ( 'NONE', ( #5649 ), #807, .F. ) ;
#3428 = VECTOR ( 'NONE', #5343, 1000.000000000000000 ) ;
#3429 = DIRECTION ( 'NONE',  ( 1.000000000000000000, 0.0000000000000000000, -0.0000000000000000000 ) ) ;
#3430 = CARTESIAN_POINT ( 'NONE',  ( 6.899999999999995000, 4.000000000000000000, 10.00000000000000200 ) ) ;
#3431 = LINE ( 'NONE', #278, #930 ) ;
#3432 = CARTESIAN_POINT ( 'NONE',  ( 18.00336992738056800, 3.815628910804136400, 9.199999999999997500 ) ) ;
#3433 = CARTESIAN_POINT ( 'NONE',  ( -13.40000000000000600, 0.0000000000000000000, -10.00000000000000200 ) ) ;
#3434 = AXIS2_PLACEMENT_3D ( 'NONE', #6830, #3489, #6325 ) ;
#3435 =( NAMED_UNIT ( * ) PLANE_ANGLE_UNIT ( ) SI_UNIT ( $, .RADIAN. ) );
#3436 = DIRECTION ( 'NONE',  ( 0.0000000000000000000, 0.0000000000000000000, 1.000000000000000000 ) ) ;
#3437 = DIRECTION ( 'NONE',  ( -0.0000000000000000000, -1.000000000000000000, -0.0000000000000000000 ) ) ;
#3438 = ORIENTED_EDGE ( 'NONE', *, *, #6558, .F. ) ;
#3439 = VECTOR ( 'NONE', #95, 1000.000000000000000 ) ;
#3440 = EDGE_CURVE ( 'NONE', #521, #667, #6444, .T. ) ;
#3441 = DIRECTION ( 'NONE',  ( 0.0000000000000000000, 0.0000000000000000000, 1.000000000000000000 ) ) ;
#3442 = DIRECTION ( 'NONE',  ( 1.000000000000000000, 0.0000000000000000000, 0.0000000000000000000 ) ) ;
#3443 = EDGE_CURVE ( 'NONE', #3102, #4960, #6895, .T. ) ;
#3444 = DIRECTION ( 'NONE',  ( 1.000000000000000000, -3.652049423109063300E-015, 0.0000000000000000000 ) ) ;
#3445 = ORIENTED_EDGE ( 'NONE', *, *, #7136, .F. ) ;
#3446 = AXIS2_PLACEMENT_3D ( 'NONE', #7147, #6692, #2206 ) ;
#3447 = ORIENTED_EDGE ( 'NONE', *, *, #6556, .T. ) ;
#3448 = LINE ( 'NONE', #4425, #2235 ) ;
#3449 = DIRECTION ( 'NONE',  ( 0.0000000000000000000, 0.0000000000000000000, 1.000000000000000000 ) ) ;
#3450 = VERTEX_POINT ( 'NONE', #4907 ) ;
#3451 = CARTESIAN_POINT ( 'NONE',  ( 1.293894021229954900E-015, 0.9999999999999965600, 9.050000000000007800 ) ) ;
#3452 = EDGE_CURVE ( 'NONE', #1492, #2505, #2494, .T. ) ;
#3453 = ORIENTED_EDGE ( 'NONE', *, *, #4019, .T. ) ;
#3454 = COLOUR_RGB ( '',0.9686274509803921600, 0.8784313725490196000, 0.5999999999999999800 ) ;
#3455 = DIRECTION ( 'NONE',  ( -1.000000000000000000, 0.0000000000000000000, 9.130123557772669600E-017 ) ) ;
#3456 = FACE_OUTER_BOUND ( 'NONE', #4307, .T. ) ;
#3457 = AXIS2_PLACEMENT_3D ( 'NONE', #1063, #3833, #1595 ) ;
#3458 = VECTOR ( 'NONE', #2124, 1000.000000000000000 ) ;
#3459 = CARTESIAN_POINT ( 'NONE',  ( -13.10000000000000500, 0.0000000000000000000, -10.00000000000000200 ) ) ;
#3460 = CARTESIAN_POINT ( 'NONE',  ( -10.90000000000000600, 0.0000000000000000000, -8.600000000000003200 ) ) ;
#3461 = ORIENTED_EDGE ( 'NONE', *, *, #5654, .T. ) ;
#3462 = VERTEX_POINT ( 'NONE', #5404 ) ;
#3463 = FACE_OUTER_BOUND ( 'NONE', #6907, .T. ) ;
#3464 = VECTOR ( 'NONE', #6938, 1000.000000000000000 ) ;
#3465 = CARTESIAN_POINT ( 'NONE',  ( 13.09999999999999600, 4.000000000000000000, 10.00000000000000200 ) ) ;
#3466 = LINE ( 'NONE', #2261, #2857 ) ;
#3467 = ADVANCED_FACE ( 'NONE', ( #603 ), #4832, .F. ) ;
#3468 = MECHANICAL_DESIGN_GEOMETRIC_PRESENTATION_REPRESENTATION (  '', ( #4724 ), #1378 ) ;
#3469 = ORIENTED_EDGE ( 'NONE', *, *, #3713, .T. ) ;
#3470 = ORIENTED_EDGE ( 'NONE', *, *, #3128, .F. ) ;
#3471 = LINE ( 'NONE', #3410, #2351 ) ;
#3472 = CARTESIAN_POINT ( 'NONE',  ( 5.099999999999995200, 4.000000000000000000, 8.600000000000003200 ) ) ;
#3473 = CARTESIAN_POINT ( 'NONE',  ( 6.599999999999994300, 3.280350850198276100, -9.999999999999982200 ) ) ;
#3474 = LINE ( 'NONE', #826, #6637 ) ;
#3475 = CARTESIAN_POINT ( 'NONE',  ( 1.099999999999996800, 3.280350850198276100, 8.599999999999985400 ) ) ;
#3476 = ADVANCED_FACE ( 'NONE', ( #1219 ), #1651, .F. ) ;
#3477 = ORIENTED_EDGE ( 'NONE', *, *, #7018, .T. ) ;
#3478 = LINE ( 'NONE', #2561, #1402 ) ;
#3479 = PLANE ( 'NONE',  #4525 ) ;
#3480 = ORIENTED_EDGE ( 'NONE', *, *, #1643, .F. ) ;
#3481 = AXIS2_PLACEMENT_3D ( 'NONE', #5766, #1959, #6962 ) ;
#3482 = FACE_OUTER_BOUND ( 'NONE', #1485, .T. ) ;
#3483 = CARTESIAN_POINT ( 'NONE',  ( 9.099999999999996100, 0.0000000000000000000, 9.999999999999978700 ) ) ;
#3484 = ORIENTED_EDGE ( 'NONE', *, *, #2236, .F. ) ;
#3485 = EDGE_LOOP ( 'NONE', ( #4758, #3711, #6239, #6662 ) ) ;
#3486 =( NAMED_UNIT ( * ) SI_UNIT ( $, .STERADIAN. ) SOLID_ANGLE_UNIT ( ) );
#3487 = ORIENTED_EDGE ( 'NONE', *, *, #2638, .T. ) ;
#3488 = ORIENTED_EDGE ( 'NONE', *, *, #1676, .F. ) ;
#3489 = DIRECTION ( 'NONE',  ( 0.0000000000000000000, 0.0000000000000000000, 1.000000000000000000 ) ) ;
#3490 = CARTESIAN_POINT ( 'NONE',  ( -19.00000000000000400, 0.0000000000000000000, 10.00000000000000200 ) ) ;
#3491 = EDGE_CURVE ( 'NONE', #683, #6539, #868, .T. ) ;
#3492 = VERTEX_POINT ( 'NONE', #1348 ) ;
#3494 = EDGE_CURVE ( 'NONE', #2690, #4195, #3976, .T. ) ;
#3493 = PLANE ( 'NONE',  #4117 ) ;
#3495 = ORIENTED_EDGE ( 'NONE', *, *, #1707, .F. ) ;
#3496 = ORIENTED_EDGE ( 'NONE', *, *, #2462, .F. ) ;
#3497 = STYLED_ITEM ( 'NONE', ( #6439 ), #4808 ) ;
#3498 = DIRECTION ( 'NONE',  ( 0.0000000000000000000, 0.0000000000000000000, 1.000000000000000000 ) ) ;
#3499 = PLANE ( 'NONE',  #175 ) ;
#3500 = CARTESIAN_POINT ( 'NONE',  ( 1.099999999999995000, 0.0000000000000000000, 9.999999999999985800 ) ) ;
#3501 = DIRECTION ( 'NONE',  ( 0.0000000000000000000, 0.0000000000000000000, -1.000000000000000000 ) ) ;
#3502 = ORIENTED_EDGE ( 'NONE', *, *, #1056, .F. ) ;
#3503 = DIRECTION ( 'NONE',  ( 0.0000000000000000000, 0.0000000000000000000, -1.000000000000000000 ) ) ;
#3504 = PRESENTATION_STYLE_ASSIGNMENT (( #6215 ) ) ;
#3505 = EDGE_CURVE ( 'NONE', #834, #2521, #6532, .T. ) ;
#3506 = CARTESIAN_POINT ( 'NONE',  ( 10.59999999999999400, 1.000000000000000000, 9.999999999999978700 ) ) ;
#3507 = EDGE_CURVE ( 'NONE', #6710, #5558, #1303, .T. ) ;
#3508 = ADVANCED_FACE ( 'NONE', ( #5816 ), #2402, .T. ) ;
#3509 = ORIENTED_EDGE ( 'NONE', *, *, #1054, .F. ) ;
#3510 = MECHANICAL_DESIGN_GEOMETRIC_PRESENTATION_REPRESENTATION (  '', ( #773 ), #1664 ) ;
#3511 = ORIENTED_EDGE ( 'NONE', *, *, #1139, .F. ) ;
#3512 = CARTESIAN_POINT ( 'NONE',  ( 13.09999999999999800, 3.280350850198276100, 8.599999999999974800 ) ) ;
#3513 = CARTESIAN_POINT ( 'NONE',  ( -17.95000000000000300, 3.999999999999998200, 8.950000000000004600 ) ) ;
#3514 = FILL_AREA_STYLE_COLOUR ( '', #6600 ) ;
#3515 = EDGE_CURVE ( 'NONE', #4707, #5229, #3099, .T. ) ;
#3516 = COLOUR_RGB ( '',0.7921568627450980000, 0.8196078431372548800, 0.9333333333333333500 ) ;
#3517 = PLANE ( 'NONE',  #4883 ) ;
#3518 = DIRECTION ( 'NONE',  ( 0.0000000000000000000, 0.0000000000000000000, 1.000000000000000000 ) ) ;
#3519 = VECTOR ( 'NONE', #7178, 1000.000000000000000 ) ;
#3520 = PLANE ( 'NONE',  #2401 ) ;
#3521 = VERTEX_POINT ( 'NONE', #3261 ) ;
#3522 = CIRCLE ( 'NONE', #4660, 0.5999999999999998700 ) ;
#3523 = EDGE_CURVE ( 'NONE', #7000, #6398, #5728, .T. ) ;
#3524 = ORIENTED_EDGE ( 'NONE', *, *, #734, .F. ) ;
#3525 = DIRECTION ( 'NONE',  ( 1.239088197126290700E-015, 0.0000000000000000000, -1.000000000000000000 ) ) ;
#3526 = SURFACE_SIDE_STYLE ('',( #2646 ) ) ;
#3527 = AXIS2_PLACEMENT_3D ( 'NONE', #3341, #5082, #5575 ) ;
#3528 = ORIENTED_EDGE ( 'NONE', *, *, #146, .F. ) ;
#3529 = VECTOR ( 'NONE', #1560, 1000.000000000000000 ) ;
#3530 = VECTOR ( 'NONE', #751, 1000.000000000000000 ) ;
#3531 = CARTESIAN_POINT ( 'NONE',  ( 18.99999999999999600, 1.000000000000000000, -10.00000000000000200 ) ) ;
#3532 = CARTESIAN_POINT ( 'NONE',  ( 14.59999999999999400, 1.000000000000000900, 9.999999999999973400 ) ) ;
#3533 = ORIENTED_EDGE ( 'NONE', *, *, #3023, .F. ) ;
#3534 = EDGE_CURVE ( 'NONE', #2613, #1462, #1215, .T. ) ;
#3535 = ORIENTED_EDGE ( 'NONE', *, *, #6790, .F. ) ;
#3536 = VECTOR ( 'NONE', #6253, 1000.000000000000000 ) ;
#3537 = DIRECTION ( 'NONE',  ( -1.000000000000000000, 0.0000000000000000000, 1.369518533665900300E-016 ) ) ;
#3538 = EDGE_CURVE ( 'NONE', #5027, #775, #2841, .T. ) ;
#3539 = VECTOR ( 'NONE', #1793, 1000.000000000000000 ) ;
#3540 = LINE ( 'NONE', #3149, #7043 ) ;
#3541 = VECTOR ( 'NONE', #2360, 1000.000000000000000 ) ;
#3542 = ORIENTED_EDGE ( 'NONE', *, *, #6924, .F. ) ;
#3543 = FACE_OUTER_BOUND ( 'NONE', #1668, .T. ) ;
#3544 = DIRECTION ( 'NONE',  ( 1.000000000000000000, -0.0000000000000000000, -1.369518533665900300E-016 ) ) ;
#3545 = CARTESIAN_POINT ( 'NONE',  ( -2.000000000000005300, 0.0000000000000000000, -9.999999999999989300 ) ) ;
#3546 = VECTOR ( 'NONE', #2123, 1000.000000000000000 ) ;
#3547 = VECTOR ( 'NONE', #5242, 1000.000000000000000 ) ;
#3548 = EDGE_CURVE ( 'NONE', #57, #5916, #6094, .T. ) ;
#3549 = ORIENTED_EDGE ( 'NONE', *, *, #2945, .F. ) ;
#3550 = VECTOR ( 'NONE', #5962, 1000.000000000000000 ) ;
#3551 = LINE ( 'NONE', #2995, #1751 ) ;
#3552 = CARTESIAN_POINT ( 'NONE',  ( 18.05000000000000800, 0.9999999999999965600, -9.014078975515724700 ) ) ;
#3553 = FACE_OUTER_BOUND ( 'NONE', #6377, .T. ) ;
#3554 = DIRECTION ( 'NONE',  ( -0.0000000000000000000, -0.0000000000000000000, 1.000000000000000000 ) ) ;
#3555 = PLANE ( 'NONE',  #3434 ) ;
#3556 = CARTESIAN_POINT ( 'NONE',  ( -17.97135965850524600, 3.839222690360979400, 9.002198665876328200 ) ) ;
#3557 = DIRECTION ( 'NONE',  ( -1.000000000000000000, 3.469446951953611000E-015, 0.0000000000000000000 ) ) ;
#3558 = ORIENTED_EDGE ( 'NONE', *, *, #5700, .T. ) ;
#3559 = CARTESIAN_POINT ( 'NONE',  ( 18.01602277010816200, 4.001499999999999200, 8.960709083152345000 ) ) ;
#3560 = ORIENTED_EDGE ( 'NONE', *, *, #1235, .F. ) ;
#3561 = LINE ( 'NONE', #5689, #4950 ) ;
#3562 = DIRECTION ( 'NONE',  ( -1.000000000000000000, 0.0000000000000000000, 1.369518533665900300E-016 ) ) ;
#3563 = CARTESIAN_POINT ( 'NONE',  ( -18.08076855839175000, 3.972799765255123000, -8.971420655532348600 ) ) ;
#3564 = PRESENTATION_LAYER_ASSIGNMENT (  '', '', ( #2312 ) ) ;
#3565 = VECTOR ( 'NONE', #106, 1000.000000000000000 ) ;
#3566 = CARTESIAN_POINT ( 'NONE',  ( 18.99999999999999600, 1.000000000000000000, 9.999999999999998200 ) ) ;
#3567 = VERTEX_POINT ( 'NONE', #18 ) ;
#3568 = ORIENTED_EDGE ( 'NONE', *, *, #2557, .T. ) ;
#3569 = ORIENTED_EDGE ( 'NONE', *, *, #6134, .T. ) ;
#3570 = DIRECTION ( 'NONE',  ( -0.0000000000000000000, -1.000000000000000000, 0.0000000000000000000 ) ) ;
#3571 = VERTEX_POINT ( 'NONE', #4562 ) ;
#3572 = VERTEX_POINT ( 'NONE', #1207 ) ;
#3573 = CARTESIAN_POINT ( 'NONE',  ( 5.099999999999995200, 1.000000000000000000, -8.600000000000003200 ) ) ;
#3574 = CARTESIAN_POINT ( 'NONE',  ( 2.899999999999994600, 4.000000000000000000, 8.599999999999999600 ) ) ;
#3575 = ADVANCED_FACE ( 'NONE', ( #7121 ), #1256, .F. ) ;
#3576 = EDGE_LOOP ( 'NONE', ( #3172, #6745, #5853, #6639 ) ) ;
#3577 = VERTEX_POINT ( 'NONE', #684 ) ;
#3578 = DIRECTION ( 'NONE',  ( 1.000000000000000000, 0.0000000000000000000, 0.0000000000000000000 ) ) ;
#3579 = ORIENTED_EDGE ( 'NONE', *, *, #911, .T. ) ;
#3580 = LINE ( 'NONE', #2711, #1774 ) ;
#3581 =( LENGTH_UNIT ( ) NAMED_UNIT ( * ) SI_UNIT ( .MILLI., .METRE. ) );
#3582 = VERTEX_POINT ( 'NONE', #1808 ) ;
#3583 = EDGE_LOOP ( 'NONE', ( #38, #1470, #646, #346 ) ) ;
#3584 = DIRECTION ( 'NONE',  ( -0.0000000000000000000, -1.000000000000000000, 0.0000000000000000000 ) ) ;
#3585 = DIRECTION ( 'NONE',  ( 1.000000000000000000, -0.0000000000000000000, 9.637352644315598700E-016 ) ) ;
#3586 = EDGE_CURVE ( 'NONE', #6337, #1386, #5460, .T. ) ;
#3587 = CARTESIAN_POINT ( 'NONE',  ( -14.90000000000000600, 4.000000000000000000, -8.600000000000003200 ) ) ;
#3589 = EDGE_CURVE ( 'NONE', #3627, #6672, #4226, .T. ) ;
#3588 = DIRECTION ( 'NONE',  ( 0.0000000000000000000, 0.0000000000000000000, -1.000000000000000000 ) ) ;
#3590 = CARTESIAN_POINT ( 'NONE',  ( -18.17284217752230500, 3.880696270714643100, -8.992671554386676600 ) ) ;
#3591 = ORIENTED_EDGE ( 'NONE', *, *, #2793, .T. ) ;
#3592 = VECTOR ( 'NONE', #7164, 1000.000000000000000 ) ;
#3593 = ORIENTED_EDGE ( 'NONE', *, *, #999, .T. ) ;
#3594 = EDGE_CURVE ( 'NONE', #6290, #5587, #3177, .T. ) ;
#3595 = FACE_OUTER_BOUND ( 'NONE', #6445, .T. ) ;
#3596 = CARTESIAN_POINT ( 'NONE',  ( 17.97438395075382200, 3.833290527721167100, -9.006647766503483900 ) ) ;
#3597 = LINE ( 'NONE', #3924, #2045 ) ;
#3598 = PLANE ( 'NONE',  #121 ) ;
#3599 = DIRECTION ( 'NONE',  ( 1.239088197126290900E-015, -0.0000000000000000000, 1.000000000000000000 ) ) ;
#3600 = VERTEX_POINT ( 'NONE', #5736 ) ;
#3601 = ADVANCED_FACE ( 'NONE', ( #1467 ), #4077, .T. ) ;
#3602 = DIRECTION ( 'NONE',  ( -0.0000000000000000000, 0.0000000000000000000, 1.000000000000000000 ) ) ;
#3603 = CYLINDRICAL_SURFACE ( 'NONE', #3308, 0.5999999999999998700 ) ;
#3604 = UNCERTAINTY_MEASURE_WITH_UNIT (LENGTH_MEASURE( 1.000000000000000100E-005 ), #3250, 'distance_accuracy_value', 'NONE');
#3605 = CARTESIAN_POINT ( 'NONE',  ( -10.90000000000000600, 1.000000000000000000, -9.999999999999998200 ) ) ;
#3606 = DIRECTION ( 'NONE',  ( -0.0000000000000000000, 1.000000000000000000, -3.043374519257552500E-015 ) ) ;
#3607 = CARTESIAN_POINT ( 'NONE',  ( 2.899999999999994600, 3.280350850198276100, 9.999999999999985800 ) ) ;
#3608 = ORIENTED_EDGE ( 'NONE', *, *, #2920, .F. ) ;
#3609 = ADVANCED_FACE ( 'NONE', ( #5024 ), #4638, .T. ) ;
#3610 = AXIS2_PLACEMENT_3D ( 'NONE', #4891, #5456, #5604 ) ;
#3611 = ORIENTED_EDGE ( 'NONE', *, *, #2750, .F. ) ;
#3612 = LINE ( 'NONE', #3802, #1902 ) ;
#3613 = DIRECTION ( 'NONE',  ( 1.000000000000000000, 0.0000000000000000000, 0.0000000000000000000 ) ) ;
#3614 = DIRECTION ( 'NONE',  ( 0.0000000000000000000, 1.000000000000000000, -0.0000000000000000000 ) ) ;
#3615 = ORIENTED_EDGE ( 'NONE', *, *, #569, .F. ) ;
#3616 = LINE ( 'NONE', #1525, #2838 ) ;
#3617 = EDGE_CURVE ( 'NONE', #1640, #4881, #1652, .T. ) ;
#3618 = CARTESIAN_POINT ( 'NONE',  ( 18.01407897551571900, 3.750000000000001300, -9.049999999999997200 ) ) ;
#3619 = LINE ( 'NONE', #2107, #6085 ) ;
#3620 = CARTESIAN_POINT ( 'NONE',  ( -9.100000000000005000, 0.0000000000000000000, 8.599999999999999600 ) ) ;
#3621 = AXIS2_PLACEMENT_3D ( 'NONE', #4257, #5979, #2542 ) ;
#3622 = ORIENTED_EDGE ( 'NONE', *, *, #6233, .T. ) ;
#3623 = CARTESIAN_POINT ( 'NONE',  ( -6.900000000000004800, 0.0000000000000000000, 9.999999999999994700 ) ) ;
#3624 = VECTOR ( 'NONE', #564, 1000.000000000000000 ) ;
#3625 = CARTESIAN_POINT ( 'NONE',  ( -10.90000000000000400, 3.280350850198276100, -8.599999999999997900 ) ) ;
#3626 = VECTOR ( 'NONE', #2391, 1000.000000000000000 ) ;
#3627 = VERTEX_POINT ( 'NONE', #7014 ) ;
#3628 = VERTEX_POINT ( 'NONE', #374 ) ;
#3629 = EDGE_CURVE ( 'NONE', #1870, #4776, #6958, .T. ) ;
#3630 = VECTOR ( 'NONE', #4102, 1000.000000000000000 ) ;
#3631 = DIRECTION ( 'NONE',  ( -1.000000000000000000, 0.0000000000000000000, -0.0000000000000000000 ) ) ;
#3632 = EDGE_CURVE ( 'NONE', #2113, #6029, #4843, .T. ) ;
#3633 = LINE ( 'NONE', #1839, #4683 ) ;
#3634 = CARTESIAN_POINT ( 'NONE',  ( 9.999999999999994700, 3.280350850198276100, -9.999999999999978700 ) ) ;
#3635 = CARTESIAN_POINT ( 'NONE',  ( -17.99920080067366600, 3.785664759425725600, 9.043423899164546100 ) ) ;
#3636 = LINE ( 'NONE', #3014, #2174 ) ;
#3637 = AXIS2_PLACEMENT_3D ( 'NONE', #6418, #4731, #1419 ) ;
#3638 = ORIENTED_EDGE ( 'NONE', *, *, #2560, .F. ) ;
#3639 = DIRECTION ( 'NONE',  ( 1.000000000000000000, 0.0000000000000000000, -0.0000000000000000000 ) ) ;
#3640 = FACE_OUTER_BOUND ( 'NONE', #5903, .T. ) ;
#3641 = EDGE_CURVE ( 'NONE', #5393, #2318, #5555, .T. ) ;
#3642 = CARTESIAN_POINT ( 'NONE',  ( -2.000000000000005300, 0.0000000000000000000, 9.999999999999989300 ) ) ;
#3643 = CARTESIAN_POINT ( 'NONE',  ( 9.099999999999997900, 1.000000000000000000, 8.599999999999978300 ) ) ;
#3644 = ORIENTED_EDGE ( 'NONE', *, *, #1610, .F. ) ;
#3645 = VECTOR ( 'NONE', #2992, 1000.000000000000000 ) ;
#3646 = CARTESIAN_POINT ( 'NONE',  ( 17.95305659705792300, 3.849789318988409800, -8.957489732941505500 ) ) ;
#3647 = ORIENTED_EDGE ( 'NONE', *, *, #2293, .F. ) ;
#3648 = DIRECTION ( 'NONE',  ( 1.239088197126290900E-015, 0.0000000000000000000, -1.000000000000000000 ) ) ;
#3649 = PLANE ( 'NONE',  #476 ) ;
#3650 = VECTOR ( 'NONE', #7145, 1000.000000000000000 ) ;
#3651 = CARTESIAN_POINT ( 'NONE',  ( 18.03922269036097600, 3.802198665876327600, 8.992719317010479300 ) ) ;
#3652 = CARTESIAN_POINT ( 'NONE',  ( 10.89999999999999500, 0.0000000000000000000, 9.999999999999998200 ) ) ;
#3653 = ORIENTED_EDGE ( 'NONE', *, *, #1658, .T. ) ;
#3654 = ORIENTED_EDGE ( 'NONE', *, *, #1368, .F. ) ;
#3655 = CARTESIAN_POINT ( 'NONE',  ( -1.100000000000005400, 4.000000000000000000, 8.599999999999999600 ) ) ;
#3656 = ORIENTED_EDGE ( 'NONE', *, *, #1011, .T. ) ;
#3657 = VERTEX_POINT ( 'NONE', #7081 ) ;
#3658 = PLANE ( 'NONE',  #6574 ) ;
#3659 = ORIENTED_EDGE ( 'NONE', *, *, #816, .F. ) ;
#3660 = CARTESIAN_POINT ( 'NONE',  ( 13.09999999999999600, 0.0000000000000000000, 10.00000000000000200 ) ) ;
#3661 = CARTESIAN_POINT ( 'NONE',  ( -2.900000000000004800, 0.0000000000000000000, 9.999999999999989300 ) ) ;
#3662 = EDGE_LOOP ( 'NONE', ( #6757, #7187, #4126, #6206 ) ) ;
#3663 = DIRECTION ( 'NONE',  ( 1.000000000000000000, 0.0000000000000000000, -0.0000000000000000000 ) ) ;
#3664 = CARTESIAN_POINT ( 'NONE',  ( 18.00761995095721700, 3.832621394875233500, -8.974815698735671500 ) ) ;
#3665 = ORIENTED_EDGE ( 'NONE', *, *, #4924, .F. ) ;
#3666 = ORIENTED_EDGE ( 'NONE', *, *, #4566, .T. ) ;
#3667 = DIRECTION ( 'NONE',  ( 0.0000000000000000000, -1.000000000000000000, -3.652049423109063300E-015 ) ) ;
#3668 = EDGE_CURVE ( 'NONE', #2872, #3272, #42, .T. ) ;
#3669 = VERTEX_POINT ( 'NONE', #6990 ) ;
#3670 = PRESENTATION_STYLE_ASSIGNMENT (( #2634 ) ) ;
#3671 = AXIS2_PLACEMENT_3D ( 'NONE', #6124, #1142, #2267 ) ;
#3672 = ORIENTED_EDGE ( 'NONE', *, *, #5410, .T. ) ;
#3673 = CARTESIAN_POINT ( 'NONE',  ( 17.95458415000724600, 3.849369875579090400, -8.961208382015073000 ) ) ;
#3674 = ORIENTED_EDGE ( 'NONE', *, *, #4983, .F. ) ;
#3675 = CARTESIAN_POINT ( 'NONE',  ( 13.09999999999999600, 1.000000000000000000, 9.999999999999973400 ) ) ;
#3676 = DIRECTION ( 'NONE',  ( -0.0000000000000000000, -1.000000000000000000, -0.0000000000000000000 ) ) ;
#3677 = ORIENTED_EDGE ( 'NONE', *, *, #4566, .F. ) ;
#3678 = EDGE_CURVE ( 'NONE', #4393, #6019, #2665, .T. ) ;
#3679 = CARTESIAN_POINT ( 'NONE',  ( -9.100000000000005000, 0.0000000000000000000, 9.999999999999998200 ) ) ;
#3681 = EDGE_CURVE ( 'NONE', #3064, #2318, #1911, .T. ) ;
#3680 = DIRECTION ( 'NONE',  ( 0.0000000000000000000, 0.0000000000000000000, -1.000000000000000000 ) ) ;
#3682 = DIRECTION ( 'NONE',  ( 1.000000000000000000, 0.0000000000000000000, 0.0000000000000000000 ) ) ;
#3683 = AXIS2_PLACEMENT_3D ( 'NONE', #3107, #2555, #2054 ) ;
#3684 = FILL_AREA_STYLE_COLOUR ( '', #6357 ) ;
#3685 = CARTESIAN_POINT ( 'NONE',  ( 17.94999999999999600, 3.999999999999999100, -8.950000000000001100 ) ) ;
#3686 = DIRECTION ( 'NONE',  ( 0.0000000000000000000, 0.0000000000000000000, -1.000000000000000000 ) ) ;
#3687 = ADVANCED_FACE ( 'NONE', ( #1737 ), #5904, .F. ) ;
#3688 = CARTESIAN_POINT ( 'NONE',  ( -9.400000000000005700, 3.280350850198276100, -9.999999999999998200 ) ) ;
#3689 = EDGE_CURVE ( 'NONE', #4027, #698, #5201, .T. ) ;
#3690 = FACE_OUTER_BOUND ( 'NONE', #3195, .T. ) ;
#3691 = CARTESIAN_POINT ( 'NONE',  ( 18.99999999999999600, 1.000000000000000000, 9.999999999999998200 ) ) ;
#3692 = CARTESIAN_POINT ( 'NONE',  ( 17.96070551104860200, 3.848484999999997900, -8.975845182505167900 ) ) ;
#3693 = CARTESIAN_POINT ( 'NONE',  ( 18.99999999999999600, 1.000000000000000000, -10.00000000000000200 ) ) ;
#3694 = ORIENTED_EDGE ( 'NONE', *, *, #3253, .F. ) ;
#3695 = FACE_OUTER_BOUND ( 'NONE', #2571, .T. ) ;
#3696 = DIRECTION ( 'NONE',  ( 0.0000000000000000000, -1.000000000000000000, 0.0000000000000000000 ) ) ;
#3697 = DIRECTION ( 'NONE',  ( 0.0000000000000000000, 0.0000000000000000000, -1.000000000000000000 ) ) ;
#3698 = DIRECTION ( 'NONE',  ( -0.0000000000000000000, 0.0000000000000000000, 1.000000000000000000 ) ) ;
#3699 = VERTEX_POINT ( 'NONE', #3652 ) ;
#3700 = VERTEX_POINT ( 'NONE', #1478 ) ;
#3701 = VERTEX_POINT ( 'NONE', #921 ) ;
#3702 = CARTESIAN_POINT ( 'NONE',  ( 18.03787096660200700, 3.801407856088301300, -8.992719317010484700 ) ) ;
#3703 = CARTESIAN_POINT ( 'NONE',  ( 18.04936987557909200, 3.761208382015075900, -9.009494825508474100 ) ) ;
#3704 = FACE_OUTER_BOUND ( 'NONE', #2154, .T. ) ;
#3705 = DIRECTION ( 'NONE',  ( -1.000000000000000000, -0.0000000000000000000, -0.0000000000000000000 ) ) ;
#3706 = ADVANCED_FACE ( 'NONE', ( #6883 ), #2558, .T. ) ;
#3707 = ORIENTED_EDGE ( 'NONE', *, *, #1195, .F. ) ;
#3708 = LINE ( 'NONE', #1920, #1134 ) ;
#3709 = VECTOR ( 'NONE', #4814, 1000.000000000000000 ) ;
#3710 = DIRECTION ( 'NONE',  ( -1.000000000000000000, 0.0000000000000000000, 9.637352644315598700E-016 ) ) ;
#3711 = ORIENTED_EDGE ( 'NONE', *, *, #5920, .F. ) ;
#3712 = LINE ( 'NONE', #3977, #871 ) ;
#3713 = EDGE_CURVE ( 'NONE', #5896, #1870, #2245, .T. ) ;
#3714 = ORIENTED_EDGE ( 'NONE', *, *, #1880, .T. ) ;
#3715 = VECTOR ( 'NONE', #2587, 1000.000000000000000 ) ;
#3716 = DIRECTION ( 'NONE',  ( 1.000000000000000000, 0.0000000000000000000, 0.0000000000000000000 ) ) ;
#3717 = EDGE_CURVE ( 'NONE', #937, #1639, #5908, .T. ) ;
#3718 = LINE ( 'NONE', #5004, #47 ) ;
#3719 = LINE ( 'NONE', #2563, #3458 ) ;
#3720 = CARTESIAN_POINT ( 'NONE',  ( 17.99271931701048300, 3.881279644678965900, -9.174395066257861900 ) ) ;
#3721 = CARTESIAN_POINT ( 'NONE',  ( 10.89999999999999500, 1.000000000000000000, 10.00000000000000200 ) ) ;
#3722 = AXIS2_PLACEMENT_3D ( 'NONE', #6901, #1290, #5168 ) ;
#3723 = ORIENTED_EDGE ( 'NONE', *, *, #3717, .F. ) ;
#3724 = LINE ( 'NONE', #2046, #2771 ) ;
#3725 = CARTESIAN_POINT ( 'NONE',  ( 18.99999999999999600, 0.0000000000000000000, 9.999999999999998200 ) ) ;
#3726 = VECTOR ( 'NONE', #764, 1000.000000000000000 ) ;
#3727 = CARTESIAN_POINT ( 'NONE',  ( -17.96981065309101700, 3.839108566751567900, -8.996968780165060400 ) ) ;
#3728 = LINE ( 'NONE', #5749, #2950 ) ;
#3729 = ORIENTED_EDGE ( 'NONE', *, *, #1705, .F. ) ;
#3730 = DIRECTION ( 'NONE',  ( 0.0000000000000000000, 0.0000000000000000000, 1.000000000000000000 ) ) ;
#3731 = CARTESIAN_POINT ( 'NONE',  ( 18.01562891080412900, 3.999999999999999100, -8.960709048135152300 ) ) ;
#3732 = EDGE_CURVE ( 'NONE', #2776, #4114, #2759, .T. ) ;
#3733 = ORIENTED_EDGE ( 'NONE', *, *, #6020, .F. ) ;
#3734 = LINE ( 'NONE', #1589, #6552 ) ;
#3735 = PLANE ( 'NONE',  #1982 ) ;
#3736 = MECHANICAL_DESIGN_GEOMETRIC_PRESENTATION_REPRESENTATION (  '', ( #2848 ), #6848 ) ;
#3737 = VECTOR ( 'NONE', #1706, 1000.000000000000000 ) ;
#3738 = ORIENTED_EDGE ( 'NONE', *, *, #4099, .T. ) ;
#3739 = ORIENTED_EDGE ( 'NONE', *, *, #4128, .T. ) ;
#3740 = CARTESIAN_POINT ( 'NONE',  ( 18.04773921665130100, 3.774360777785655200, 9.004133261861760200 ) ) ;
#3741 = UNCERTAINTY_MEASURE_WITH_UNIT (LENGTH_MEASURE( 1.000000000000000100E-005 ), #2189, 'distance_accuracy_value', 'NONE');
#3742 = LINE ( 'NONE', #3745, #5584 ) ;
#3743 = ORIENTED_EDGE ( 'NONE', *, *, #5698, .F. ) ;
#3744 = ORIENTED_EDGE ( 'NONE', *, *, #2498, .T. ) ;
#3745 = CARTESIAN_POINT ( 'NONE',  ( 20.00000000000000700, 1.000000000000000000, 8.599999999999989000 ) ) ;
#3746 = VERTEX_POINT ( 'NONE', #5876 ) ;
#3747 = ORIENTED_EDGE ( 'NONE', *, *, #4991, .T. ) ;
#3748 = ORIENTED_EDGE ( 'NONE', *, *, #419, .F. ) ;
#3749 = ADVANCED_FACE ( 'NONE', ( #777 ), #4206, .F. ) ;
#3750 = DIRECTION ( 'NONE',  ( 1.000000000000000000, -0.0000000000000000000, -1.369518533665900300E-016 ) ) ;
#3751 = CARTESIAN_POINT ( 'NONE',  ( -17.95000000000000300, 3.999999999999998200, -9.014078975515722900 ) ) ;
#3752 = CARTESIAN_POINT ( 'NONE',  ( 18.04999999999999700, 3.750000000000000000, -9.200000000000001100 ) ) ;
#3753 = VECTOR ( 'NONE', #2921, 1000.000000000000000 ) ;
#3754 = CARTESIAN_POINT ( 'NONE',  ( 9.099999999999996100, 1.000000000000000000, 10.00000000000000200 ) ) ;
#3755 = STYLED_ITEM ( 'NONE', ( #2501 ), #2539 ) ;
#3756 = EDGE_LOOP ( 'NONE', ( #6219, #1044, #913, #3677 ) ) ;
#3757 = PLANE ( 'NONE',  #5703 ) ;
#3758 = CARTESIAN_POINT ( 'NONE',  ( 13.39999999999999500, 3.280350850198276100, 9.999999999999973400 ) ) ;
#3759 =( LENGTH_UNIT ( ) NAMED_UNIT ( * ) SI_UNIT ( .MILLI., .METRE. ) );
#3760 = VERTEX_POINT ( 'NONE', #3134 ) ;
#3761 = VECTOR ( 'NONE', #960, 1000.000000000000000 ) ;
#3762 = EDGE_CURVE ( 'NONE', #6646, #6130, #4593, .T. ) ;
#3763 = STYLED_ITEM ( 'NONE', ( #1543 ), #4060 ) ;
#3764 = CARTESIAN_POINT ( 'NONE',  ( -18.01407897551572600, 3.750000000000000900, 8.949999999999999300 ) ) ;
#3765 =( LENGTH_UNIT ( ) NAMED_UNIT ( * ) SI_UNIT ( .MILLI., .METRE. ) );
#3766 = ORIENTED_EDGE ( 'NONE', *, *, #5087, .T. ) ;
#3767 = LINE ( 'NONE', #1041, #473 ) ;
#3768 = CARTESIAN_POINT ( 'NONE',  ( 1.099999999999995000, 0.0000000000000000000, -10.00000000000000200 ) ) ;
#3769 = CARTESIAN_POINT ( 'NONE',  ( 17.97142065553233800, 3.972799765255117200, -9.080768558391731900 ) ) ;
#3770 = EDGE_CURVE ( 'NONE', #902, #3160, #3540, .T. ) ;
#3771 =( NAMED_UNIT ( * ) PLANE_ANGLE_UNIT ( ) SI_UNIT ( $, .RADIAN. ) );
#3772 = CARTESIAN_POINT ( 'NONE',  ( -2.900000000000003500, 0.0000000000000000000, -8.599999999999989000 ) ) ;
#3774 = EDGE_CURVE ( 'NONE', #3030, #7011, #5364, .T. ) ;
#3773 = DIRECTION ( 'NONE',  ( 0.0000000000000000000, 1.000000000000000000, 0.0000000000000000000 ) ) ;
#3775 = CARTESIAN_POINT ( 'NONE',  ( 6.899999999999995000, 3.280350850198276100, -9.999999999999982200 ) ) ;
#3776 = FACE_OUTER_BOUND ( 'NONE', #2597, .T. ) ;
#3777 = CARTESIAN_POINT ( 'NONE',  ( 17.97135965850523200, 3.974395066257867500, 9.081279644678964800 ) ) ;
#3778 = PLANE ( 'NONE',  #6512 ) ;
#3779 = PLANE ( 'NONE',  #6533 ) ;
#3780 = VERTEX_POINT ( 'NONE', #6034 ) ;
#3781 = CARTESIAN_POINT ( 'NONE',  ( -18.03262139487524600, 3.807619950957223100, -8.989263276780054200 ) ) ;
#3782 = VERTEX_POINT ( 'NONE', #5487 ) ;
#3783 = EDGE_CURVE ( 'NONE', #1265, #858, #6174, .T. ) ;
#3784 = VERTEX_POINT ( 'NONE', #421 ) ;
#3785 = CARTESIAN_POINT ( 'NONE',  ( 13.09999999999999600, 4.000000000000000000, 8.600000000000003200 ) ) ;
#3786 = VERTEX_POINT ( 'NONE', #3205 ) ;
#3787 = LINE ( 'NONE', #739, #3439 ) ;
#3788 = CARTESIAN_POINT ( 'NONE',  ( 18.04999999999999700, 3.850000000000000100, 9.014078975515721100 ) ) ;
#3789 = CARTESIAN_POINT ( 'NONE',  ( -5.100000000000005900, 4.000000000000000000, 8.599999999999999600 ) ) ;
#3790 = DIRECTION ( 'NONE',  ( 0.0000000000000000000, 0.0000000000000000000, 1.000000000000000000 ) ) ;
#3791 = ORIENTED_EDGE ( 'NONE', *, *, #4198, .F. ) ;
#3792 = AXIS2_PLACEMENT_3D ( 'NONE', #2912, #4018, #4039 ) ;
#3793 = ADVANCED_FACE ( 'NONE', ( #407 ), #2649, .F. ) ;
#3794 = ORIENTED_EDGE ( 'NONE', *, *, #5500, .F. ) ;
#3795 = CARTESIAN_POINT ( 'NONE',  ( 1.999999999999994900, 3.280350850198276100, 9.999999999999985800 ) ) ;
#3796 = VECTOR ( 'NONE', #4723, 1000.000000000000000 ) ;
#3797 = CARTESIAN_POINT ( 'NONE',  ( -17.97624298040223300, 3.849999999999998800, -8.960705546415967500 ) ) ;
#3798 = VECTOR ( 'NONE', #2713, 1000.000000000000000 ) ;
#3799 = VERTEX_POINT ( 'NONE', #7151 ) ;
#3800 = ADVANCED_FACE ( 'NONE', ( #1375 ), #1007, .T. ) ;
#3801 = CARTESIAN_POINT ( 'NONE',  ( 6.899999999999995000, 3.280350850198276100, 9.999999999999982200 ) ) ;
#3802 = CARTESIAN_POINT ( 'NONE',  ( -18.01407897551572600, 3.850000000000000500, -9.199999999999997500 ) ) ;
#3803 = ORIENTED_EDGE ( 'NONE', *, *, #3072, .T. ) ;
#3804 = LINE ( 'NONE', #5634, #865 ) ;
#3805 = CARTESIAN_POINT ( 'NONE',  ( -9.100000000000005000, 1.000000000000000000, -10.00000000000000200 ) ) ;
#3806 = DIRECTION ( 'NONE',  ( 0.0000000000000000000, 0.0000000000000000000, -1.000000000000000000 ) ) ;
#3807 = VECTOR ( 'NONE', #7005, 1000.000000000000000 ) ;
#3808 = LINE ( 'NONE', #5265, #4316 ) ;
#3809 = VERTEX_POINT ( 'NONE', #7181 ) ;
#3810 = MECHANICAL_DESIGN_GEOMETRIC_PRESENTATION_REPRESENTATION (  '', ( #6593 ), #110 ) ;
#3811 = VECTOR ( 'NONE', #6743, 1000.000000000000000 ) ;
#3812 = LINE ( 'NONE', #40, #2346 ) ;
#3813 = CARTESIAN_POINT ( 'NONE',  ( -17.99271931701048300, 3.801407856088301800, -9.037870966602010700 ) ) ;
#3814 = ORIENTED_EDGE ( 'NONE', *, *, #1102, .T. ) ;
#3815 = DIRECTION ( 'NONE',  ( 9.637352644315598700E-016, 0.0000000000000000000, 1.000000000000000000 ) ) ;
#3816 = ORIENTED_EDGE ( 'NONE', *, *, #4364, .F. ) ;
#3817 = EDGE_CURVE ( 'NONE', #1791, #2077, #4669, .T. ) ;
#3818 = LINE ( 'NONE', #402, #58 ) ;
#3819 = CARTESIAN_POINT ( 'NONE',  ( 13.09999999999999800, 1.000000000000000000, 8.599999999999974800 ) ) ;
#3820 = EDGE_CURVE ( 'NONE', #2604, #1870, #6163, .T. ) ;
#3821 = CARTESIAN_POINT ( 'NONE',  ( -14.90000000000000600, 0.0000000000000000000, -8.600000000000003200 ) ) ;
#3822 = DIRECTION ( 'NONE',  ( -1.000000000000000000, 0.0000000000000000000, -9.637352644315598700E-016 ) ) ;
#3823 = VECTOR ( 'NONE', #6683, 1000.000000000000000 ) ;
#3824 = ADVANCED_FACE ( 'NONE', ( #3354 ), #6258, .F. ) ;
#3825 = ORIENTED_EDGE ( 'NONE', *, *, #3352, .F. ) ;
#3826 = ORIENTED_EDGE ( 'NONE', *, *, #2409, .T. ) ;
#3827 = VECTOR ( 'NONE', #1086, 1000.000000000000000 ) ;
#3828 = DIRECTION ( 'NONE',  ( 0.0000000000000000000, 0.0000000000000000000, -1.000000000000000000 ) ) ;
#3829 = PLANE ( 'NONE',  #373 ) ;
#3830 = FILL_AREA_STYLE_COLOUR ( '', #3000 ) ;
#3831 = EDGE_CURVE ( 'NONE', #275, #6667, #3092, .T. ) ;
#3832 = ORIENTED_EDGE ( 'NONE', *, *, #1742, .F. ) ;
#3833 = DIRECTION ( 'NONE',  ( -1.000000000000000000, -4.765723835101052200E-017, -2.066803254193004800E-031 ) ) ;
#3834 = DIRECTION ( 'NONE',  ( 1.000000000000000000, 0.0000000000000000000, -9.130123557772669600E-017 ) ) ;
#3835 = VERTEX_POINT ( 'NONE', #493 ) ;
#3836 = ORIENTED_EDGE ( 'NONE', *, *, #2147, .T. ) ;
#3837 = ADVANCED_FACE ( 'NONE', ( #7036 ), #6580, .F. ) ;
#3838 = CARTESIAN_POINT ( 'NONE',  ( -6.900000000000004800, 3.280350850198276100, 9.999999999999994700 ) ) ;
#3839 = EDGE_LOOP ( 'NONE', ( #6431, #6708, #4964, #6694 ) ) ;
#3840 = UNCERTAINTY_MEASURE_WITH_UNIT (LENGTH_MEASURE( 1.000000000000000100E-005 ), #3581, 'distance_accuracy_value', 'NONE');
#3841 = LINE ( 'NONE', #4609, #3753 ) ;
#3842 = CARTESIAN_POINT ( 'NONE',  ( 6.899999999999995000, 1.000000000000000000, 8.599999999999999600 ) ) ;
#3843 = EDGE_LOOP ( 'NONE', ( #6126, #3653, #5617, #73 ) ) ;
#3844 = ORIENTED_EDGE ( 'NONE', *, *, #2111, .F. ) ;
#3845 = DIRECTION ( 'NONE',  ( 0.0000000000000000000, 0.0000000000000000000, -1.000000000000000000 ) ) ;
#3846 = CARTESIAN_POINT ( 'NONE',  ( -17.96070904813515400, 3.999999999999999100, -9.015628910804130300 ) ) ;
#3847 = AXIS2_PLACEMENT_3D ( 'NONE', #4332, #1035, #2145 ) ;
#3848 = ADVANCED_FACE ( 'NONE', ( #501 ), #4342, .T. ) ;
#3849 = CARTESIAN_POINT ( 'NONE',  ( -10.90000000000000400, 0.0000000000000000000, 8.599999999999997900 ) ) ;
#3850 = EDGE_LOOP ( 'NONE', ( #6151, #1867, #491, #6481, #6313, #6402 ) ) ;
#3851 = CARTESIAN_POINT ( 'NONE',  ( -13.10000000000000500, 3.280350850198276100, 8.600000000000001400 ) ) ;
#3852 = DIRECTION ( 'NONE',  ( 0.0000000000000000000, 0.0000000000000000000, -1.000000000000000000 ) ) ;
#3853 = EDGE_LOOP ( 'NONE', ( #6055, #305, #6269, #4784 ) ) ;
#3854 = VECTOR ( 'NONE', #3606, 1000.000000000000000 ) ;
#3855 = CARTESIAN_POINT ( 'NONE',  ( -10.90000000000000600, 1.000000000000000000, -8.600000000000003200 ) ) ;
#3856 = ORIENTED_EDGE ( 'NONE', *, *, #3505, .F. ) ;
#3857 = CARTESIAN_POINT ( 'NONE',  ( -10.90000000000000400, 1.000000000000000000, 8.599999999999997900 ) ) ;
#3858 = ORIENTED_EDGE ( 'NONE', *, *, #2409, .F. ) ;
#3859 = SURFACE_STYLE_USAGE ( .BOTH. , #1670 ) ;
#3860 = CARTESIAN_POINT ( 'NONE',  ( -2.900000000000003500, 0.0000000000000000000, 8.599999999999989000 ) ) ;
#3861 = DIRECTION ( 'NONE',  ( 1.000000000000000000, 0.0000000000000000000, 0.0000000000000000000 ) ) ;
#3862 = VECTOR ( 'NONE', #6857, 1000.000000000000000 ) ;
#3863 = CARTESIAN_POINT ( 'NONE',  ( -17.97322568525373400, 3.848014389072691900, -8.959520638135581200 ) ) ;
#3864 = EDGE_CURVE ( 'NONE', #6809, #2776, #2751, .T. ) ;
#3865 = CARTESIAN_POINT ( 'NONE',  ( -5.100000000000005900, 1.000000000000000000, -10.00000000000000200 ) ) ;
#3866 = EDGE_CURVE ( 'NONE', #4501, #2645, #3619, .T. ) ;
#3867 = LINE ( 'NONE', #2008, #1971 ) ;
#3868 = CARTESIAN_POINT ( 'NONE',  ( 5.099999999999995200, 0.0000000000000000000, -8.600000000000003200 ) ) ;
#3869 = CARTESIAN_POINT ( 'NONE',  ( 9.099999999999996100, 1.000000000000000000, -8.600000000000003200 ) ) ;
#3870 = DIRECTION ( 'NONE',  ( 0.0000000000000000000, 0.0000000000000000000, -1.000000000000000000 ) ) ;
#3871 = CARTESIAN_POINT ( 'NONE',  ( -18.01407897551572600, 3.850000000000000500, 9.200000000000002800 ) ) ;
#3872 = ADVANCED_FACE ( 'NONE', ( #2574 ), #2329, .T. ) ;
#3873 = VECTOR ( 'NONE', #2675, 1000.000000000000000 ) ;
#3874 = EDGE_CURVE ( 'NONE', #5042, #5960, #862, .T. ) ;
#3875 = EDGE_CURVE ( 'NONE', #3628, #611, #1644, .T. ) ;
#3876 = PLANE ( 'NONE',  #6242 ) ;
#3877 = AXIS2_PLACEMENT_3D ( 'NONE', #4624, #3518, #6913 ) ;
#3878 = ORIENTED_EDGE ( 'NONE', *, *, #1643, .T. ) ;
#3879 = VECTOR ( 'NONE', #2458, 1000.000000000000000 ) ;
#3880 = CARTESIAN_POINT ( 'NONE',  ( -18.01407897551572600, 0.9999999999999970000, -9.200000000000008200 ) ) ;
#3881 = CARTESIAN_POINT ( 'NONE',  ( -18.20000000000000300, 3.816006172872518300, 9.003308367351611000 ) ) ;
#3882 = DIRECTION ( 'NONE',  ( 1.000000000000000000, 0.0000000000000000000, -0.0000000000000000000 ) ) ;
#3883 = DIRECTION ( 'NONE',  ( 0.0000000000000000000, 0.0000000000000000000, -1.000000000000000000 ) ) ;
#3884 = EDGE_CURVE ( 'NONE', #1265, #5299, #6614, .T. ) ;
#3885 = ORIENTED_EDGE ( 'NONE', *, *, #1276, .T. ) ;
#3886 = VECTOR ( 'NONE', #3648, 1000.000000000000000 ) ;
#3887 = LINE ( 'NONE', #998, #1295 ) ;
#3888 = DIRECTION ( 'NONE',  ( -1.000000000000000000, -0.0000000000000000000, -0.0000000000000000000 ) ) ;
#3889 = DIRECTION ( 'NONE',  ( -0.0000000000000000000, -1.000000000000000000, 0.0000000000000000000 ) ) ;
#3890 = CARTESIAN_POINT ( 'NONE',  ( -17.94999999999999900, 3.849999999999998300, -8.949999999999997500 ) ) ;
#3891 = VERTEX_POINT ( 'NONE', #6648 ) ;
#3892 = LINE ( 'NONE', #5017, #2408 ) ;
#3893 = FACE_OUTER_BOUND ( 'NONE', #2677, .T. ) ;
#3894 = VECTOR ( 'NONE', #3251, 1000.000000000000000 ) ;
#3895 = CARTESIAN_POINT ( 'NONE',  ( 20.00000000000000000, 1.000000000000000000, -1.908195823574487800E-014 ) ) ;
#3896 = EDGE_LOOP ( 'NONE', ( #727, #4299, #5650, #6702 ) ) ;
#3897 = ORIENTED_EDGE ( 'NONE', *, *, #3774, .T. ) ;
#3898 = LINE ( 'NONE', #4676, #1657 ) ;
#3899 = ORIENTED_EDGE ( 'NONE', *, *, #852, .T. ) ;
#3900 = LINE ( 'NONE', #1532, #7229 ) ;
#3901 = PLANE ( 'NONE',  #6618 ) ;
#3902 = FACE_OUTER_BOUND ( 'NONE', #2363, .T. ) ;
#3903 = VECTOR ( 'NONE', #1432, 1000.000000000000000 ) ;
#3904 = CARTESIAN_POINT ( 'NONE',  ( 13.39999999999999500, 1.000000000000000900, -9.999999999999973400 ) ) ;
#3905 = DIRECTION ( 'NONE',  ( -0.0000000000000000000, -1.000000000000000000, -0.0000000000000000000 ) ) ;
#3906 = CARTESIAN_POINT ( 'NONE',  ( -14.90000000000000600, 1.000000000000000000, 10.00000000000000200 ) ) ;
#3907 = ORIENTED_EDGE ( 'NONE', *, *, #900, .T. ) ;
#3908 = LINE ( 'NONE', #2856, #969 ) ;
#3909 =( NAMED_UNIT ( * ) PLANE_ANGLE_UNIT ( ) SI_UNIT ( $, .RADIAN. ) );
#3910 = EDGE_CURVE ( 'NONE', #6825, #1492, #3267, .T. ) ;
#3911 = CARTESIAN_POINT ( 'NONE',  ( 18.05000000000000100, 3.750000000000000000, -9.014078975515724700 ) ) ;
#3912 = LINE ( 'NONE', #797, #882 ) ;
#3913 = AXIS2_PLACEMENT_3D ( 'NONE', #4484, #7242, #1744 ) ;
#3914 = ORIENTED_EDGE ( 'NONE', *, *, #5311, .T. ) ;
#3915 = FACE_OUTER_BOUND ( 'NONE', #6407, .T. ) ;
#3916 = DIRECTION ( 'NONE',  ( 9.637352644315598700E-016, 0.0000000000000000000, -1.000000000000000000 ) ) ;
#3917 = VECTOR ( 'NONE', #1193, 1000.000000000000000 ) ;
#3918 = ORIENTED_EDGE ( 'NONE', *, *, #6066, .F. ) ;
#3919 = EDGE_CURVE ( 'NONE', #2194, #3600, #6522, .T. ) ;
#3920 = DIRECTION ( 'NONE',  ( 1.000000000000000000, -0.0000000000000000000, -1.369518533665900300E-016 ) ) ;
#3921 = EDGE_CURVE ( 'NONE', #5833, #4261, #1127, .T. ) ;
#3922 = EDGE_LOOP ( 'NONE', ( #6252, #179, #4153, #5696 ) ) ;
#3923 = ORIENTED_EDGE ( 'NONE', *, *, #2423, .T. ) ;
#3924 = CARTESIAN_POINT ( 'NONE',  ( -9.400000000000005700, 3.280350850198276100, 9.999999999999998200 ) ) ;
#3925 = ORIENTED_EDGE ( 'NONE', *, *, #1195, .T. ) ;
#3926 = LINE ( 'NONE', #3198, #4868 ) ;
#3927 = VERTEX_POINT ( 'NONE', #1662 ) ;
#3928 = CARTESIAN_POINT ( 'NONE',  ( 2.899999999999994600, 0.0000000000000000000, 8.599999999999985400 ) ) ;
#3929 = ORIENTED_EDGE ( 'NONE', *, *, #1185, .T. ) ;
#3930 = ORIENTED_EDGE ( 'NONE', *, *, #1192, .F. ) ;
#3931 = PLANE ( 'NONE',  #6248 ) ;
#3932 = DIRECTION ( 'NONE',  ( 0.0000000000000000000, 0.0000000000000000000, -1.000000000000000000 ) ) ;
#3933 = MANIFOLD_SOLID_BREP ( 'Mirror1', #4312 ) ;
#3934 = DIRECTION ( 'NONE',  ( -0.0000000000000000000, -1.000000000000000000, 0.0000000000000000000 ) ) ;
#3935 = DIRECTION ( 'NONE',  ( -1.000000000000000000, 0.0000000000000000000, 0.0000000000000000000 ) ) ;
#3936 = CIRCLE ( 'NONE', #300, 0.5999999999999998700 ) ;
#3937 = CARTESIAN_POINT ( 'NONE',  ( 2.899999999999994600, 3.280350850198276100, 8.599999999999985400 ) ) ;
#3938 = VERTEX_POINT ( 'NONE', #4400 ) ;
#3939 = CARTESIAN_POINT ( 'NONE',  ( -2.900000000000004800, 3.280350850198276100, -9.999999999999989300 ) ) ;
#3940 = DIRECTION ( 'NONE',  ( 0.0000000000000000000, 0.0000000000000000000, -1.000000000000000000 ) ) ;
#3941 = MECHANICAL_DESIGN_GEOMETRIC_PRESENTATION_REPRESENTATION (  '', ( #2312 ), #6814 ) ;
#3942 = ORIENTED_EDGE ( 'NONE', *, *, #6457, .T. ) ;
#3943 = CARTESIAN_POINT ( 'NONE',  ( -18.01407897551572600, 3.750000000000000900, 8.949999999999999300 ) ) ;
#3944 = CARTESIAN_POINT ( 'NONE',  ( -18.01407897551572600, 3.750000000000002200, -9.199999999999995700 ) ) ;
#3945 = ADVANCED_FACE ( 'NONE', ( #1820 ), #1952, .T. ) ;
#3946 = CARTESIAN_POINT ( 'NONE',  ( 9.099999999999996100, 3.280350850198276100, 9.999999999999978700 ) ) ;
#3947 = EDGE_LOOP ( 'NONE', ( #1836, #1341, #892, #2242 ) ) ;
#3948 = DIRECTION ( 'NONE',  ( 0.0000000000000000000, 0.0000000000000000000, 1.000000000000000000 ) ) ;
#3949 = CARTESIAN_POINT ( 'NONE',  ( -18.00761995095724200, 3.832621394875231200, 8.974815698735675100 ) ) ;
#3950 = DIRECTION ( 'NONE',  ( 0.0000000000000000000, -0.0000000000000000000, 1.000000000000000000 ) ) ;
#3951 = CARTESIAN_POINT ( 'NONE',  ( 17.97975317591977200, 3.824559517207804800, 9.016639915919354200 ) ) ;
#3952 = CARTESIAN_POINT ( 'NONE',  ( -2.900000000000004800, 1.000000000000000000, -10.00000000000000200 ) ) ;
#3953 = DIRECTION ( 'NONE',  ( 0.0000000000000000000, -1.000000000000000000, 6.123233995736766000E-017 ) ) ;
#3954 = DIRECTION ( 'NONE',  ( 0.0000000000000000000, 1.000000000000000000, 0.0000000000000000000 ) ) ;
#3955 = CARTESIAN_POINT ( 'NONE',  ( 9.099999999999996100, 3.280350850198276100, 9.999999999999978700 ) ) ;
#3956 = LINE ( 'NONE', #2466, #6674 ) ;
#3957 = EDGE_CURVE ( 'NONE', #3046, #3389, #315, .T. ) ;
#3958 = EDGE_CURVE ( 'NONE', #3111, #5139, #940, .T. ) ;
#3959 = DIRECTION ( 'NONE',  ( 0.0000000000000000000, 0.0000000000000000000, -1.000000000000000000 ) ) ;
#3960 = ORIENTED_EDGE ( 'NONE', *, *, #3958, .F. ) ;
#3961 = LINE ( 'NONE', #5308, #6152 ) ;
#3962 = CARTESIAN_POINT ( 'NONE',  ( -10.90000000000000400, 3.280350850198276100, -8.599999999999997900 ) ) ;
#3963 = CARTESIAN_POINT ( 'NONE',  ( 9.099999999999997900, 3.280350850198276100, 8.599999999999978300 ) ) ;
#3964 = ORIENTED_EDGE ( 'NONE', *, *, #6223, .T. ) ;
#3965 = DIRECTION ( 'NONE',  ( 1.000000000000000000, 0.0000000000000000000, -1.239088197126290900E-015 ) ) ;
#3966 = ORIENTED_EDGE ( 'NONE', *, *, #6411, .F. ) ;
#3967 = VECTOR ( 'NONE', #1160, 1000.000000000000000 ) ;
#3968 = EDGE_CURVE ( 'NONE', #1385, #3204, #3168, .T. ) ;
#3969 = STYLED_ITEM ( 'NONE', ( #3670 ), #7100 ) ;
#3970 = EDGE_LOOP ( 'NONE', ( #5246, #6454, #4050, #6456, #623, #5210 ) ) ;
#3971 = CARTESIAN_POINT ( 'NONE',  ( -18.04936987557909200, 3.761208382015067900, 9.009494825508477700 ) ) ;
#3972 = PLANE ( 'NONE',  #4927 ) ;
#3973 = CARTESIAN_POINT ( 'NONE',  ( 17.97135965850523200, 3.837870966602011900, 9.001407856088299300 ) ) ;
#3974 = CARTESIAN_POINT ( 'NONE',  ( -18.04848500000000300, 3.750000000000000000, 9.014078975515724700 ) ) ;
#3975 = DIRECTION ( 'NONE',  ( 1.000000000000000000, 0.0000000000000000000, 0.0000000000000000000 ) ) ;
#3976 = LINE ( 'NONE', #1912, #4309 ) ;
#3977 = CARTESIAN_POINT ( 'NONE',  ( -5.100000000000005900, 1.000000000000000000, -10.00000000000000200 ) ) ;
#3978 = ADVANCED_FACE ( 'NONE', ( #4399 ), #385, .F. ) ;
#3979 = VERTEX_POINT ( 'NONE', #2050 ) ;
#3980 = AXIS2_PLACEMENT_3D ( 'NONE', #3353, #2252, #3429 ) ;
#3981 = EDGE_LOOP ( 'NONE', ( #3569, #3666, #2275, #4595 ) ) ;
#3982 = LINE ( 'NONE', #6332, #7126 ) ;
#3983 = PLANE ( 'NONE',  #4510 ) ;
#3984 = FACE_OUTER_BOUND ( 'NONE', #4509, .T. ) ;
#3985 = CARTESIAN_POINT ( 'NONE',  ( -10.90000000000000600, 0.0000000000000000000, -10.00000000000000200 ) ) ;
#3986 = LINE ( 'NONE', #3155, #5372 ) ;
#3987 = ADVANCED_FACE ( 'NONE', ( #3704 ), #1468, .F. ) ;
#3988 = ORIENTED_EDGE ( 'NONE', *, *, #6355, .F. ) ;
#3989 = ORIENTED_EDGE ( 'NONE', *, *, #3783, .T. ) ;
#3990 = VECTOR ( 'NONE', #6289, 1000.000000000000000 ) ;
#3991 = CARTESIAN_POINT ( 'NONE',  ( 2.899999999999994600, 1.000000000000000000, -8.600000000000003200 ) ) ;
#3992 = LINE ( 'NONE', #664, #6099 ) ;
#3993 = CARTESIAN_POINT ( 'NONE',  ( 18.99999999999999600, 0.0000000000000000000, 9.999999999999998200 ) ) ;
#3994 = FILL_AREA_STYLE_COLOUR ( '', #3516 ) ;
#3995 = SURFACE_STYLE_FILL_AREA ( #6704 ) ;
#3996 = AXIS2_PLACEMENT_3D ( 'NONE', #4581, #1828, #1856 ) ;
#3997 = CARTESIAN_POINT ( 'NONE',  ( 10.89999999999999500, 0.0000000000000000000, -9.999999999999978700 ) ) ;
#3998 = ORIENTED_EDGE ( 'NONE', *, *, #5349, .F. ) ;
#3999 = VECTOR ( 'NONE', #3381, 1000.000000000000000 ) ;
#4000 = CARTESIAN_POINT ( 'NONE',  ( 13.09999999999999600, 4.000000000000000000, 8.600000000000003200 ) ) ;
#4001 = PLANE ( 'NONE',  #1344 ) ;
#4002 = LINE ( 'NONE', #3033, #5747 ) ;
#4003 = CARTESIAN_POINT ( 'NONE',  ( -18.04978931898841000, 3.757489732941500900, 9.011022378457800700 ) ) ;
#4004 = CARTESIAN_POINT ( 'NONE',  ( 2.599999999999994800, 3.280350850198276100, -9.999999999999985800 ) ) ;
#4005 = APPLICATION_PROTOCOL_DEFINITION ( 'draft international standard', 'automotive_design', 1998, #1225 ) ;
#4006 = ORIENTED_EDGE ( 'NONE', *, *, #2514, .F. ) ;
#4007 = EDGE_CURVE ( 'NONE', #6029, #5945, #5359, .T. ) ;
#4008 = VECTOR ( 'NONE', #6391, 1000.000000000000000 ) ;
#4009 = CARTESIAN_POINT ( 'NONE',  ( 18.01407897551571900, 2.799904557716951200E-014, 9.050000000000009600 ) ) ;
#4010 = ORIENTED_EDGE ( 'NONE', *, *, #1878, .T. ) ;
#4011 = FACE_OUTER_BOUND ( 'NONE', #1575, .T. ) ;
#4012 = VERTEX_POINT ( 'NONE', #4201 ) ;
#4013 = CARTESIAN_POINT ( 'NONE',  ( -10.00000000000000500, 3.280350850198276100, -9.999999999999998200 ) ) ;
#4014 = VERTEX_POINT ( 'NONE', #5893 ) ;
#4015 = ORIENTED_EDGE ( 'NONE', *, *, #6826, .T. ) ;
#4016 = DIRECTION ( 'NONE',  ( -1.000000000000000000, 0.0000000000000000000, 0.0000000000000000000 ) ) ;
#4017 = EDGE_CURVE ( 'NONE', #5130, #5636, #6874, .T. ) ;
#4018 = DIRECTION ( 'NONE',  ( 0.0000000000000000000, 0.0000000000000000000, -1.000000000000000000 ) ) ;
#4019 = EDGE_CURVE ( 'NONE', #2690, #935, #3887, .T. ) ;
#4020 = LINE ( 'NONE', #1727, #2118 ) ;
#4021 = CARTESIAN_POINT ( 'NONE',  ( -17.95000000000000300, 3.999999999999998200, -8.949999999999995700 ) ) ;
#4022 = ADVANCED_FACE ( 'NONE', ( #6697 ), #4419, .F. ) ;
#4023 = ORIENTED_EDGE ( 'NONE', *, *, #310, .T. ) ;
#4024 = ORIENTED_EDGE ( 'NONE', *, *, #234, .T. ) ;
#4025 = DIRECTION ( 'NONE',  ( -0.0000000000000000000, -1.000000000000000000, -0.0000000000000000000 ) ) ;
#4026 = DIRECTION ( 'NONE',  ( -0.0000000000000000000, -0.0000000000000000000, 1.000000000000000000 ) ) ;
#4027 = VERTEX_POINT ( 'NONE', #6616 ) ;
#4028 = VECTOR ( 'NONE', #1621, 1000.000000000000000 ) ;
#4029 = CARTESIAN_POINT ( 'NONE',  ( -17.95000000000000300, 3.849999999999998300, 8.950000000000001100 ) ) ;
#4030 = DIRECTION ( 'NONE',  ( -0.0000000000000000000, -1.000000000000000000, 0.0000000000000000000 ) ) ;
#4031 = EDGE_CURVE ( 'NONE', #2725, #7030, #1987, .T. ) ;
#4032 = DIRECTION ( 'NONE',  ( 0.0000000000000000000, 0.0000000000000000000, 1.000000000000000000 ) ) ;
#4033 = CARTESIAN_POINT ( 'NONE',  ( 18.99999999999999600, 0.0000000000000000000, -10.00000000000000200 ) ) ;
#4034 = ORIENTED_EDGE ( 'NONE', *, *, #6558, .T. ) ;
#4035 = ORIENTED_EDGE ( 'NONE', *, *, #3538, .F. ) ;
#4036 = PLANE ( 'NONE',  #3294 ) ;
#4037 = CIRCLE ( 'NONE', #3637, 0.5999999999999998700 ) ;
#4038 = CARTESIAN_POINT ( 'NONE',  ( 10.89999999999999500, 1.000000000000000000, -8.600000000000003200 ) ) ;
#4039 = DIRECTION ( 'NONE',  ( 1.000000000000000000, 0.0000000000000000000, 0.0000000000000000000 ) ) ;
#4040 = DIRECTION ( 'NONE',  ( -1.000000000000000000, 0.0000000000000000000, 1.369518533665900300E-016 ) ) ;
#4041 = CARTESIAN_POINT ( 'NONE',  ( 13.09999999999999600, 3.280350850198276100, 9.999999999999973400 ) ) ;
#4042 = EDGE_CURVE ( 'NONE', #1546, #513, #2237, .T. ) ;
#4043 = DIRECTION ( 'NONE',  ( 0.0000000000000000000, 0.0000000000000000000, -1.000000000000000000 ) ) ;
#4044 = VECTOR ( 'NONE', #6656, 1000.000000000000000 ) ;
#4045 = DIRECTION ( 'NONE',  ( 0.0000000000000000000, 0.0000000000000000000, -1.000000000000000000 ) ) ;
#4046 = CARTESIAN_POINT ( 'NONE',  ( -18.00337342909975600, 3.776242980402225500, 9.049999999999997200 ) ) ;
#4047 = CARTESIAN_POINT ( 'NONE',  ( 10.89999999999999500, 0.0000000000000000000, 9.999999999999978700 ) ) ;
#4048 = AXIS2_PLACEMENT_3D ( 'NONE', #6316, #2908, #4590 ) ;
#4049 = DIRECTION ( 'NONE',  ( 0.0000000000000000000, 0.0000000000000000000, -1.000000000000000000 ) ) ;
#4050 = ORIENTED_EDGE ( 'NONE', *, *, #7169, .F. ) ;
#4051 = EDGE_CURVE ( 'NONE', #1539, #5578, #5721, .T. ) ;
#4052 = CARTESIAN_POINT ( 'NONE',  ( -14.90000000000000600, 4.000000000000000000, 8.600000000000003200 ) ) ;
#4053 = DIRECTION ( 'NONE',  ( 1.000000000000000000, 0.0000000000000000000, -9.637352644315598700E-016 ) ) ;
#4054 = EDGE_CURVE ( 'NONE', #3782, #7167, #4830, .T. ) ;
#4055 = CARTESIAN_POINT ( 'NONE',  ( 13.09999999999999600, 3.280350850198276100, -9.999999999999973400 ) ) ;
#4056 = DIRECTION ( 'NONE',  ( -1.000000000000000000, 0.0000000000000000000, 9.637352644315598700E-016 ) ) ;
#4057 = VERTEX_POINT ( 'NONE', #6371 ) ;
#4058 = AXIS2_PLACEMENT_3D ( 'NONE', #756, #2903, #6831 ) ;
#4059 = CARTESIAN_POINT ( 'NONE',  ( 1.099999999999996800, 0.0000000000000000000, -8.599999999999985400 ) ) ;
#4060 = MANIFOLD_SOLID_BREP ( 'LPattern2[2]', #6915 ) ;
#4061 = ORIENTED_EDGE ( 'NONE', *, *, #1324, .F. ) ;
#4062 = LINE ( 'NONE', #4273, #681 ) ;
#4063 = DIRECTION ( 'NONE',  ( 1.000000000000000000, -0.0000000000000000000, 0.0000000000000000000 ) ) ;
#4064 = DIRECTION ( 'NONE',  ( 0.0000000000000000000, 0.0000000000000000000, -1.000000000000000000 ) ) ;
#4065 = EDGE_CURVE ( 'NONE', #5384, #3572, #1373, .T. ) ;
#4066 = ORIENTED_EDGE ( 'NONE', *, *, #2719, .T. ) ;
#4067 = FACE_OUTER_BOUND ( 'NONE', #459, .T. ) ;
#4068 = LINE ( 'NONE', #4395, #3362 ) ;
#4069 = CARTESIAN_POINT ( 'NONE',  ( -5.100000000000005900, 3.280350850198276100, -8.599999999999994300 ) ) ;
#4070 = VECTOR ( 'NONE', #390, 1000.000000000000000 ) ;
#4071 = CARTESIAN_POINT ( 'NONE',  ( -18.00336989236338400, 3.816022770108153500, 9.201499999999997600 ) ) ;
#4072 = DIRECTION ( 'NONE',  ( 2.655529440325944800E-031, -6.123233995736766000E-017, -1.000000000000000000 ) ) ;
#4073 = ORIENTED_EDGE ( 'NONE', *, *, #909, .T. ) ;
#4074 = FACE_OUTER_BOUND ( 'NONE', #1088, .T. ) ;
#4075 = CARTESIAN_POINT ( 'NONE',  ( 0.0000000000000000000, 1.000000000000000000, 0.0000000000000000000 ) ) ;
#4076 = ORIENTED_EDGE ( 'NONE', *, *, #3144, .F. ) ;
#4077 = PLANE ( 'NONE',  #936 ) ;
#4078 = LINE ( 'NONE', #839, #2419 ) ;
#4079 = DIRECTION ( 'NONE',  ( -1.000000000000000000, 0.0000000000000000000, -0.0000000000000000000 ) ) ;
#4080 = LINE ( 'NONE', #5382, #5469 ) ;
#4081 = LINE ( 'NONE', #1968, #5639 ) ;
#4082 = ORIENTED_EDGE ( 'NONE', *, *, #2600, .F. ) ;
#4083 = VECTOR ( 'NONE', #2736, 1000.000000000000000 ) ;
#4084 = DIRECTION ( 'NONE',  ( 0.0000000000000000000, 0.0000000000000000000, -1.000000000000000000 ) ) ;
#4085 = CARTESIAN_POINT ( 'NONE',  ( -1.100000000000005400, 0.0000000000000000000, -9.999999999999989300 ) ) ;
#4086 = VECTOR ( 'NONE', #861, 1000.000000000000000 ) ;
#4087 = ORIENTED_EDGE ( 'NONE', *, *, #1494, .T. ) ;
#4088 = VERTEX_POINT ( 'NONE', #6267 ) ;
#4089 = LINE ( 'NONE', #675, #523 ) ;
#4090 = DIRECTION ( 'NONE',  ( 1.239088197126290900E-015, -0.0000000000000000000, 1.000000000000000000 ) ) ;
#4091 = CARTESIAN_POINT ( 'NONE',  ( -17.95000000000000300, 3.849999999999998800, -8.949999999999995700 ) ) ;
#4092 = ADVANCED_FACE ( 'NONE', ( #1048 ), #7203, .F. ) ;
#4093 = DIRECTION ( 'NONE',  ( -1.000000000000000000, 0.0000000000000000000, 0.0000000000000000000 ) ) ;
#4094 = ORIENTED_EDGE ( 'NONE', *, *, #1825, .F. ) ;
#4095 = ORIENTED_EDGE ( 'NONE', *, *, #2934, .F. ) ;
#4096 = DIRECTION ( 'NONE',  ( -0.0000000000000000000, -1.000000000000000000, 0.0000000000000000000 ) ) ;
#4097 = CARTESIAN_POINT ( 'NONE',  ( -17.97135965850524600, 3.973056725902451200, 9.080496664690819800 ) ) ;
#4098 =( NAMED_UNIT ( * ) PLANE_ANGLE_UNIT ( ) SI_UNIT ( $, .RADIAN. ) );
#4099 = EDGE_CURVE ( 'NONE', #4707, #2538, #594, .T. ) ;
#4100 = CARTESIAN_POINT ( 'NONE',  ( -10.90000000000000600, 1.000000000000000000, 9.999999999999998200 ) ) ;
#4101 = EDGE_LOOP ( 'NONE', ( #972, #6909, #5933, #4441 ) ) ;
#4103 = EDGE_CURVE ( 'NONE', #6203, #4606, #221, .T. ) ;
#4102 = DIRECTION ( 'NONE',  ( 0.0000000000000000000, -1.000000000000000000, 0.0000000000000000000 ) ) ;
#4104 = ORIENTED_EDGE ( 'NONE', *, *, #2568, .F. ) ;
#4105 = ORIENTED_EDGE ( 'NONE', *, *, #2376, .F. ) ;
#4106 = PLANE ( 'NONE',  #3109 ) ;
#4107 = VECTOR ( 'NONE', #5707, 1000.000000000000000 ) ;
#4108 = ORIENTED_EDGE ( 'NONE', *, *, #6459, .F. ) ;
#4109 = CARTESIAN_POINT ( 'NONE',  ( -1.100000000000005400, 1.000000000000000000, -9.999999999999989300 ) ) ;
#4110 = CARTESIAN_POINT ( 'NONE',  ( -19.00000000000000400, 0.0000000000000000000, 10.00000000000000200 ) ) ;
#4111 = EDGE_CURVE ( 'NONE', #5123, #3701, #3374, .T. ) ;
#4112 = FILL_AREA_STYLE ('',( #3994 ) ) ;
#4113 = MECHANICAL_DESIGN_GEOMETRIC_PRESENTATION_REPRESENTATION (  '', ( #2254 ), #735 ) ;
#4114 = VERTEX_POINT ( 'NONE', #2394 ) ;
#4115 = LINE ( 'NONE', #4357, #6488 ) ;
#4116 = CARTESIAN_POINT ( 'NONE',  ( -17.97135965850524600, 3.837870966602011000, 9.001407856088301100 ) ) ;
#4117 = AXIS2_PLACEMENT_3D ( 'NONE', #6834, #152, #5739 ) ;
#4118 = CARTESIAN_POINT ( 'NONE',  ( 18.19999999999999600, 3.815628910804136400, 9.003369927380568100 ) ) ;
#4119 = CARTESIAN_POINT ( 'NONE',  ( 10.89999999999999500, 1.000000000000000900, -8.599999999999978300 ) ) ;
#4120 = PLANE ( 'NONE',  #662 ) ;
#4121 = FILL_AREA_STYLE ('',( #6840 ) ) ;
#4122 = VECTOR ( 'NONE', #2601, 1000.000000000000000 ) ;
#4123 = CARTESIAN_POINT ( 'NONE',  ( 18.20000000000000600, 0.9999999999999970000, -9.200000000000001100 ) ) ;
#4124 = DIRECTION ( 'NONE',  ( 0.0000000000000000000, -1.000000000000000000, 0.0000000000000000000 ) ) ;
#4125 = DIRECTION ( 'NONE',  ( 0.0000000000000000000, -1.000000000000000000, 0.0000000000000000000 ) ) ;
#4126 = ORIENTED_EDGE ( 'NONE', *, *, #7150, .T. ) ;
#4127 = LINE ( 'NONE', #2019, #5184 ) ;
#4128 = EDGE_CURVE ( 'NONE', #3160, #3835, #4853, .T. ) ;
#4129 = CARTESIAN_POINT ( 'NONE',  ( 1.099999999999995000, 0.0000000000000000000, 9.999999999999985800 ) ) ;
#4130 = EDGE_LOOP ( 'NONE', ( #1769, #5095, #2607, #362 ) ) ;
#4131 = DIRECTION ( 'NONE',  ( 1.000000000000000000, 0.0000000000000000000, 0.0000000000000000000 ) ) ;
#4132 = DIRECTION ( 'NONE',  ( -1.239088197126290900E-015, 0.0000000000000000000, 1.000000000000000000 ) ) ;
#4133 = AXIS2_PLACEMENT_3D ( 'NONE', #1770, #6712, #5647 ) ;
#4134 = ORIENTED_EDGE ( 'NONE', *, *, #419, .T. ) ;
#4135 = PLANE ( 'NONE',  #650 ) ;
#4136 = EDGE_LOOP ( 'NONE', ( #2611, #7070, #1606, #3694 ) ) ;
#4137 = DIRECTION ( 'NONE',  ( -0.0000000000000000000, -0.0000000000000000000, 1.000000000000000000 ) ) ;
#4138 = CARTESIAN_POINT ( 'NONE',  ( -14.90000000000000600, 3.280350850198276100, -10.00000000000000200 ) ) ;
#4139 = ORIENTED_EDGE ( 'NONE', *, *, #5783, .T. ) ;
#4140 = EDGE_CURVE ( 'NONE', #885, #6646, #2855, .T. ) ;
#4141 = VECTOR ( 'NONE', #1653, 1000.000000000000000 ) ;
#4142 = EDGE_CURVE ( 'NONE', #2135, #5014, #6006, .T. ) ;
#4143 = CARTESIAN_POINT ( 'NONE',  ( -17.96452151024751500, 3.844394482538487300, 8.985156575059567900 ) ) ;
#4144 = VECTOR ( 'NONE', #1585, 1000.000000000000000 ) ;
#4145 = CARTESIAN_POINT ( 'NONE',  ( -9.100000000000005000, 1.000000000000000900, -8.599999999999997900 ) ) ;
#4146 = EDGE_LOOP ( 'NONE', ( #1412, #4134, #6784, #1681 ) ) ;
#4147 = LINE ( 'NONE', #3025, #786 ) ;
#4148 = CARTESIAN_POINT ( 'NONE',  ( -14.00000000000000500, 1.000000000000000000, -10.00000000000000200 ) ) ;
#4149 = CIRCLE ( 'NONE', #2998, 0.5999999999999998700 ) ;
#4150 = LINE ( 'NONE', #4775, #3276 ) ;
#4151 = PLANE ( 'NONE',  #2870 ) ;
#4152 = EDGE_CURVE ( 'NONE', #3450, #5140, #6274, .T. ) ;
#4153 = ORIENTED_EDGE ( 'NONE', *, *, #4890, .T. ) ;
#4154 = EDGE_LOOP ( 'NONE', ( #5444, #3214, #6518, #2614 ) ) ;
#4155 = LINE ( 'NONE', #2263, #5033 ) ;
#4156 = CYLINDRICAL_SURFACE ( 'NONE', #4788, 0.5999999999999998700 ) ;
#4157 = CARTESIAN_POINT ( 'NONE',  ( 0.0000000000000000000, 3.850000000000000100, 0.0000000000000000000 ) ) ;
#4158 = VECTOR ( 'NONE', #484, 1000.000000000000000 ) ;
#4159 = DIRECTION ( 'NONE',  ( 0.0000000000000000000, 1.000000000000000000, -6.123233995736766000E-017 ) ) ;
#4160 = ADVANCED_FACE ( 'NONE', ( #1660 ), #22, .F. ) ;
#4161 = ORIENTED_EDGE ( 'NONE', *, *, #1513, .T. ) ;
#4162 = CARTESIAN_POINT ( 'NONE',  ( -18.20150000000000600, 3.816022770108156200, -9.003369892363377100 ) ) ;
#4163 = LINE ( 'NONE', #3091, #2689 ) ;
#4164 = CARTESIAN_POINT ( 'NONE',  ( 6.599999999999994300, 1.000000000000000000, 9.999999999999982200 ) ) ;
#4165 = ORIENTED_EDGE ( 'NONE', *, *, #5233, .F. ) ;
#4166 = VERTEX_POINT ( 'NONE', #2289 ) ;
#4167 = CARTESIAN_POINT ( 'NONE',  ( 14.89999999999999500, 0.0000000000000000000, -8.600000000000003200 ) ) ;
#4168 = ORIENTED_EDGE ( 'NONE', *, *, #1054, .T. ) ;
#4169 = VECTOR ( 'NONE', #368, 1000.000000000000000 ) ;
#4170 = ORIENTED_EDGE ( 'NONE', *, *, #6701, .F. ) ;
#4171 = ORIENTED_EDGE ( 'NONE', *, *, #470, .T. ) ;
#4172 = ORIENTED_EDGE ( 'NONE', *, *, #4894, .T. ) ;
#4173 = EDGE_CURVE ( 'NONE', #6098, #6737, #151, .T. ) ;
#4174 = ORIENTED_EDGE ( 'NONE', *, *, #1608, .T. ) ;
#4175 = ORIENTED_EDGE ( 'NONE', *, *, #324, .T. ) ;
#4176 = DIRECTION ( 'NONE',  ( 0.0000000000000000000, 0.0000000000000000000, -1.000000000000000000 ) ) ;
#4177 = ADVANCED_FACE ( 'NONE', ( #609 ), #3323, .T. ) ;
#4178 = FACE_OUTER_BOUND ( 'NONE', #3047, .T. ) ;
#4179 = CARTESIAN_POINT ( 'NONE',  ( 17.95152673863153200, 3.849999999999998300, -8.953742562072958900 ) ) ;
#4180 = VERTEX_POINT ( 'NONE', #4513 ) ;
#4181 = CLOSED_SHELL ( 'NONE', ( #3687, #2923, #2915, #5403, #2106, #2508, #3203, #6001 ) ) ;
#4182 = COLOUR_RGB ( '',0.9686274509803921600, 0.8784313725490196000, 0.5999999999999999800 ) ;
#4183 = CARTESIAN_POINT ( 'NONE',  ( -6.900000000000004800, 3.280350850198276100, 9.999999999999994700 ) ) ;
#4184 = CARTESIAN_POINT ( 'NONE',  ( 14.89999999999999500, 3.280350850198276100, -8.599999999999974800 ) ) ;
#4185 = CARTESIAN_POINT ( 'NONE',  ( 18.00140785608829900, 3.837870966602011400, 8.971359658505237500 ) ) ;
#4186 = EDGE_CURVE ( 'NONE', #4606, #1409, #2344, .T. ) ;
#4188 = EDGE_CURVE ( 'NONE', #5461, #3305, #4763, .T. ) ;
#4187 = CARTESIAN_POINT ( 'NONE',  ( -18.17305672590245200, 3.880496664690821000, -8.992719317010479300 ) ) ;
#4189 = CARTESIAN_POINT ( 'NONE',  ( -13.10000000000000700, 0.0000000000000000000, -9.999999999999998200 ) ) ;
#4190 = VERTEX_POINT ( 'NONE', #615 ) ;
#4191 = AXIS2_PLACEMENT_3D ( 'NONE', #1121, #1049, #7250 ) ;
#4192 = DIRECTION ( 'NONE',  ( 1.000000000000000000, -0.0000000000000000000, -1.369518533665900300E-016 ) ) ;
#4193 = CARTESIAN_POINT ( 'NONE',  ( 9.099999999999996100, 0.0000000000000000000, 8.600000000000003200 ) ) ;
#4194 = CARTESIAN_POINT ( 'NONE',  ( -17.98926327678005800, 3.807619950957225300, 9.032621394875231900 ) ) ;
#4195 = VERTEX_POINT ( 'NONE', #2238 ) ;
#4196 = ADVANCED_FACE ( 'NONE', ( #4322 ), #46, .F. ) ;
#4197 = CLOSED_SHELL ( 'NONE', ( #1103, #3467, #3275, #4705, #7002, #6329, #3320, #5854 ) ) ;
#4198 = EDGE_CURVE ( 'NONE', #2077, #1965, #6630, .T. ) ;
#4199 = CARTESIAN_POINT ( 'NONE',  ( -18.01407897551572600, 3.750000000000001300, 9.049999999999997200 ) ) ;
#4200 = LINE ( 'NONE', #566, #5961 ) ;
#4201 = CARTESIAN_POINT ( 'NONE',  ( -13.10000000000000500, 1.000000000000000000, 10.00000000000000200 ) ) ;
#4202 = DIRECTION ( 'NONE',  ( -0.0000000000000000000, -1.000000000000000000, 0.0000000000000000000 ) ) ;
#4203 = LINE ( 'NONE', #2455, #3077 ) ;
#4204 = CARTESIAN_POINT ( 'NONE',  ( 6.899999999999995000, 1.000000000000000900, -9.999999999999982200 ) ) ;
#4205 = AXIS2_PLACEMENT_3D ( 'NONE', #5957, #5339, #2026 ) ;
#4206 = PLANE ( 'NONE',  #5541 ) ;
#4207 = CARTESIAN_POINT ( 'NONE',  ( 18.01407897551571900, 0.9999999999999965600, -9.050000000000011400 ) ) ;
#4208 = VECTOR ( 'NONE', #6524, 1000.000000000000000 ) ;
#4209 = CARTESIAN_POINT ( 'NONE',  ( -9.100000000000005000, 0.0000000000000000000, -8.600000000000003200 ) ) ;
#4210 = CARTESIAN_POINT ( 'NONE',  ( -1.100000000000005400, 4.000000000000000000, 8.599999999999999600 ) ) ;
#4211 = DIRECTION ( 'NONE',  ( 0.0000000000000000000, 0.0000000000000000000, -1.000000000000000000 ) ) ;
#4212 = ORIENTED_EDGE ( 'NONE', *, *, #1247, .T. ) ;
#4213 =( NAMED_UNIT ( * ) SI_UNIT ( $, .STERADIAN. ) SOLID_ANGLE_UNIT ( ) );
#4214 = ORIENTED_EDGE ( 'NONE', *, *, #668, .F. ) ;
#4215 = CYLINDRICAL_SURFACE ( 'NONE', #2464, 0.5999999999999998700 ) ;
#4216 = EDGE_CURVE ( 'NONE', #580, #4396, #53, .T. ) ;
#4217 = CARTESIAN_POINT ( 'NONE',  ( -6.900000000000004800, 0.0000000000000000000, -8.600000000000003200 ) ) ;
#4218 = VECTOR ( 'NONE', #5923, 1000.000000000000000 ) ;
#4219 = EDGE_CURVE ( 'NONE', #1659, #5623, #516, .T. ) ;
#4220 = CARTESIAN_POINT ( 'NONE',  ( -1.100000000000005400, 3.280350850198276100, -9.999999999999989300 ) ) ;
#4221 = EDGE_LOOP ( 'NONE', ( #4546, #2277, #5580, #5902, #6049, #122 ) ) ;
#4222 = VECTOR ( 'NONE', #3525, 1000.000000000000000 ) ;
#4223 = ORIENTED_EDGE ( 'NONE', *, *, #2047, .F. ) ;
#4224 = CARTESIAN_POINT ( 'NONE',  ( 5.099999999999995200, 0.0000000000000000000, -9.999999999999982200 ) ) ;
#4225 = LINE ( 'NONE', #3425, #5363 ) ;
#4226 = LINE ( 'NONE', #1859, #952 ) ;
#4227 = ORIENTED_EDGE ( 'NONE', *, *, #3300, .F. ) ;
#4228 = EDGE_CURVE ( 'NONE', #3331, #5916, #5826, .T. ) ;
#4229 = ADVANCED_FACE ( 'NONE', ( #2089 ), #2739, .T. ) ;
#4230 = CARTESIAN_POINT ( 'NONE',  ( -13.10000000000000500, 1.000000000000000900, 10.00000000000000200 ) ) ;
#4231 = DIRECTION ( 'NONE',  ( -1.000000000000000000, 0.0000000000000000000, 0.0000000000000000000 ) ) ;
#4232 = EDGE_CURVE ( 'NONE', #242, #1539, #4506, .T. ) ;
#4233 = ORIENTED_EDGE ( 'NONE', *, *, #1357, .T. ) ;
#4234 = FACE_OUTER_BOUND ( 'NONE', #593, .T. ) ;
#4235 = CARTESIAN_POINT ( 'NONE',  ( 8.288123274111404700E-015, 1.000000000000000000, -8.599999999999989000 ) ) ;
#4236 = PLANE ( 'NONE',  #4254 ) ;
#4237 = FACE_OUTER_BOUND ( 'NONE', #812, .T. ) ;
#4238 = EDGE_LOOP ( 'NONE', ( #6961, #1956, #6428, #2527 ) ) ;
#4239 = FACE_OUTER_BOUND ( 'NONE', #827, .T. ) ;
#4240 = VECTOR ( 'NONE', #1661, 1000.000000000000000 ) ;
#4241 = ORIENTED_EDGE ( 'NONE', *, *, #4989, .F. ) ;
#4242 = CARTESIAN_POINT ( 'NONE',  ( -10.60000000000000500, 1.000000000000000900, -9.999999999999998200 ) ) ;
#4243 = CARTESIAN_POINT ( 'NONE',  ( -13.40000000000000600, 1.000000000000000000, -10.00000000000000200 ) ) ;
#4244 = ORIENTED_EDGE ( 'NONE', *, *, #4051, .F. ) ;
#4245 = EDGE_LOOP ( 'NONE', ( #5557, #6342, #4653, #3844 ) ) ;
#4246 = FACE_OUTER_BOUND ( 'NONE', #7106, .T. ) ;
#4247 = DIRECTION ( 'NONE',  ( -1.369518533665900300E-016, 0.0000000000000000000, -1.000000000000000000 ) ) ;
#4248 = LINE ( 'NONE', #6170, #3737 ) ;
#4249 = ORIENTED_EDGE ( 'NONE', *, *, #4103, .F. ) ;
#4250 = DIRECTION ( 'NONE',  ( -1.000000000000000000, 0.0000000000000000000, 9.130123557772669600E-017 ) ) ;
#4251 = DIRECTION ( 'NONE',  ( 0.0000000000000000000, 0.0000000000000000000, -1.000000000000000000 ) ) ;
#4252 = ORIENTED_EDGE ( 'NONE', *, *, #3148, .T. ) ;
#4253 = EDGE_LOOP ( 'NONE', ( #3087, #4171, #2946, #1363 ) ) ;
#4254 = AXIS2_PLACEMENT_3D ( 'NONE', #434, #1638, #7128 ) ;
#4255 = DIRECTION ( 'NONE',  ( -1.000000000000000000, -0.0000000000000000000, -0.0000000000000000000 ) ) ;
#4256 = DIRECTION ( 'NONE',  ( 0.0000000000000000000, -1.000000000000000000, 0.0000000000000000000 ) ) ;
#4257 = CARTESIAN_POINT ( 'NONE',  ( 4.000000000000000000, 1.000000000000000000, 3.469446951953614200E-015 ) ) ;
#4258 = VERTEX_POINT ( 'NONE', #4982 ) ;
#4259 = CARTESIAN_POINT ( 'NONE',  ( 17.94999999999999600, 3.849999999999998800, 8.949999999999997500 ) ) ;
#4260 = CARTESIAN_POINT ( 'NONE',  ( 18.03884229975916800, 3.795902568266953800, -8.994626062606537100 ) ) ;
#4261 = VERTEX_POINT ( 'NONE', #3865 ) ;
#4262 = ORIENTED_EDGE ( 'NONE', *, *, #1205, .T. ) ;
#4263 = CARTESIAN_POINT ( 'NONE',  ( -10.90000000000000600, 1.000000000000000000, -8.600000000000003200 ) ) ;
#4264 = EDGE_LOOP ( 'NONE', ( #3212, #3282, #1490, #5312 ) ) ;
#4265 = EDGE_CURVE ( 'NONE', #1728, #1754, #2262, .T. ) ;
#4266 = VECTOR ( 'NONE', #6866, 1000.000000000000000 ) ;
#4267 = VERTEX_POINT ( 'NONE', #3369 ) ;
#4268 = DIRECTION ( 'NONE',  ( 0.0000000000000000000, 0.0000000000000000000, -1.000000000000000000 ) ) ;
#4269 = FACE_OUTER_BOUND ( 'NONE', #4876, .T. ) ;
#4270 = DIRECTION ( 'NONE',  ( 0.0000000000000000000, -0.0000000000000000000, 1.000000000000000000 ) ) ;
#4271 = AXIS2_PLACEMENT_3D ( 'NONE', #6669, #3916, #6143 ) ;
#4272 = DIRECTION ( 'NONE',  ( 1.239088197126290900E-015, 0.0000000000000000000, -1.000000000000000000 ) ) ;
#4273 = CARTESIAN_POINT ( 'NONE',  ( -9.100000000000005000, 1.000000000000000000, -8.600000000000003200 ) ) ;
#4274 = DIRECTION ( 'NONE',  ( 0.0000000000000000000, 1.000000000000000000, -0.0000000000000000000 ) ) ;
#4275 = VERTEX_POINT ( 'NONE', #4416 ) ;
#4276 = LINE ( 'NONE', #3758, #7089 ) ;
#4277 = EDGE_CURVE ( 'NONE', #6667, #91, #872, .T. ) ;
#4279 = EDGE_CURVE ( 'NONE', #1212, #431, #3283, .T. ) ;
#4278 = DIRECTION ( 'NONE',  ( -0.0000000000000000000, 0.0000000000000000000, 1.000000000000000000 ) ) ;
#4280 = CARTESIAN_POINT ( 'NONE',  ( 18.20149999999999900, 3.816022770108156200, -9.003369892363378900 ) ) ;
#4281 =( LENGTH_UNIT ( ) NAMED_UNIT ( * ) SI_UNIT ( .MILLI., .METRE. ) );
#4282 = CARTESIAN_POINT ( 'NONE',  ( -13.10000000000000500, 0.0000000000000000000, -8.600000000000001400 ) ) ;
#4283 = LINE ( 'NONE', #124, #2299 ) ;
#4284 = CARTESIAN_POINT ( 'NONE',  ( 14.89999999999999500, 1.000000000000000000, 8.599999999999999600 ) ) ;
#4285 = ADVANCED_FACE ( 'NONE', ( #5291 ), #3983, .F. ) ;
#4286 = EDGE_CURVE ( 'NONE', #3372, #4709, #5474, .T. ) ;
#4287 = CARTESIAN_POINT ( 'NONE',  ( 18.99999999999999600, 0.0000000000000000000, -10.00000000000000200 ) ) ;
#4288 = VECTOR ( 'NONE', #5483, 1000.000000000000000 ) ;
#4289 = DIRECTION ( 'NONE',  ( 0.0000000000000000000, 0.0000000000000000000, -1.000000000000000000 ) ) ;
#4290 = CARTESIAN_POINT ( 'NONE',  ( -5.400000000000005700, 3.280350850198276100, 9.999999999999994700 ) ) ;
#4291 = ADVANCED_FACE ( 'NONE', ( #1924 ), #2399, .F. ) ;
#4292 = CARTESIAN_POINT ( 'NONE',  ( 17.99271931701048300, 3.880496664690821400, -9.173056725902448200 ) ) ;
#4293 = CARTESIAN_POINT ( 'NONE',  ( -14.60000000000000500, 0.0000000000000000000, -10.00000000000000200 ) ) ;
#4294 = ADVANCED_FACE ( 'NONE', ( #5036 ), #3517, .T. ) ;
#4295 = ORIENTED_EDGE ( 'NONE', *, *, #5870, .T. ) ;
#4296 = CIRCLE ( 'NONE', #4058, 0.5999999999999998700 ) ;
#4297 = DIRECTION ( 'NONE',  ( 0.0000000000000000000, -3.491481338843133000E-015, -1.000000000000000000 ) ) ;
#4298 = ORIENTED_EDGE ( 'NONE', *, *, #2469, .T. ) ;
#4299 = ORIENTED_EDGE ( 'NONE', *, *, #4744, .T. ) ;
#4300 = ADVANCED_FACE ( 'NONE', ( #333 ), #4036, .F. ) ;
#4301 = CARTESIAN_POINT ( 'NONE',  ( 9.099999999999997900, 3.280350850198276100, -8.599999999999978300 ) ) ;
#4302 = CARTESIAN_POINT ( 'NONE',  ( 18.03922269036097600, 3.802198665876327600, -8.992719317010484700 ) ) ;
#4303 = DIRECTION ( 'NONE',  ( -0.0000000000000000000, -0.0000000000000000000, -1.000000000000000000 ) ) ;
#4304 = CARTESIAN_POINT ( 'NONE',  ( 18.04999999999999700, 3.753742562072957400, -9.012552236884189900 ) ) ;
#4305 = ORIENTED_EDGE ( 'NONE', *, *, #292, .T. ) ;
#4306 = CARTESIAN_POINT ( 'NONE',  ( 10.89999999999999500, 4.000000000000000000, 8.599999999999999600 ) ) ;
#4307 = EDGE_LOOP ( 'NONE', ( #6889, #5581, #2433, #6161 ) ) ;
#4308 = FACE_OUTER_BOUND ( 'NONE', #1947, .T. ) ;
#4309 = VECTOR ( 'NONE', #187, 1000.000000000000000 ) ;
#4310 = CARTESIAN_POINT ( 'NONE',  ( 17.95748973294150700, 3.849789318988409400, 8.953056597057925000 ) ) ;
#4311 = EDGE_CURVE ( 'NONE', #4014, #2522, #3992, .T. ) ;
#4312 = CLOSED_SHELL ( 'NONE', ( #7176, #437, #1625, #1050, #1631, #55, #4805, #6231, #4408, #4644, #4810, #492, #4022, #3978, #2405, #5103, #1016, #4479, #6069, #5737, #3169, #4449, #3601, #5956, #134, #4737, #4229, #20, #3158, #5510, #2928, #6260, #2233, #4535, #3945, #640, #2097, #2131, #5440, #1297, #7251, #143, #561, #370, #401, #1093, #403, #4177, #6572, #2882, #2986, #596, #4294, #965, #1600, #5439, #2668, #4524, #1275, #1164, #389, #2231, #3848, #5101, #3609, #3227, #1672, #4362, #5327, #5742 ) ) ;
#4313 = LINE ( 'NONE', #2043, #5913 ) ;
#4314 =( NAMED_UNIT ( * ) SI_UNIT ( $, .STERADIAN. ) SOLID_ANGLE_UNIT ( ) );
#4315 = EDGE_CURVE ( 'NONE', #6672, #35, #6721, .T. ) ;
#4316 = VECTOR ( 'NONE', #5958, 1000.000000000000000 ) ;
#4317 = CARTESIAN_POINT ( 'NONE',  ( 18.00337346446711700, 3.775845182505166000, -9.048484999999995900 ) ) ;
#4318 = PLANE ( 'NONE',  #5178 ) ;
#4319 = ORIENTED_EDGE ( 'NONE', *, *, #271, .T. ) ;
#4320 = VECTOR ( 'NONE', #4563, 1000.000000000000000 ) ;
#4321 = DIRECTION ( 'NONE',  ( 0.0000000000000000000, -1.000000000000000000, 0.0000000000000000000 ) ) ;
#4322 = FACE_OUTER_BOUND ( 'NONE', #3022, .T. ) ;
#4323 = LINE ( 'NONE', #4977, #3377 ) ;
#4324 = ORIENTED_EDGE ( 'NONE', *, *, #3534, .F. ) ;
#4325 = ORIENTED_EDGE ( 'NONE', *, *, #7092, .F. ) ;
#4326 = CARTESIAN_POINT ( 'NONE',  ( 17.94999999999999200, 3.999999999999998200, 8.949999999999994000 ) ) ;
#4327 = EDGE_CURVE ( 'NONE', #3669, #5353, #1228, .T. ) ;
#4328 = ORIENTED_EDGE ( 'NONE', *, *, #4042, .T. ) ;
#4329 = VECTOR ( 'NONE', #4578, 1000.000000000000000 ) ;
#4330 = DIRECTION ( 'NONE',  ( -0.0000000000000000000, -1.000000000000000000, -0.0000000000000000000 ) ) ;
#4331 =( GEOMETRIC_REPRESENTATION_CONTEXT ( 3 ) GLOBAL_UNCERTAINTY_ASSIGNED_CONTEXT ( ( #5041 ) ) GLOBAL_UNIT_ASSIGNED_CONTEXT ( ( #4281, #6044, #1032 ) ) REPRESENTATION_CONTEXT ( 'NONE', 'WORKASPACE' ) );
#4332 = CARTESIAN_POINT ( 'NONE',  ( 18.04999999999999700, 3.850000000000000100, -9.014078975515724700 ) ) ;
#4333 = VECTOR ( 'NONE', #2816, 1000.000000000000000 ) ;
#4334 = ADVANCED_FACE ( 'NONE', ( #6191 ), #4156, .F. ) ;
#4335 = VERTEX_POINT ( 'NONE', #6244 ) ;
#4336 = EDGE_LOOP ( 'NONE', ( #2762, #2714, #3378, #4295 ) ) ;
#4337 = VECTOR ( 'NONE', #479, 1000.000000000000000 ) ;
#4338 = CARTESIAN_POINT ( 'NONE',  ( -10.00000000000000500, 0.0000000000000000000, -9.999999999999998200 ) ) ;
#4339 = DIRECTION ( 'NONE',  ( 0.0000000000000000000, -1.000000000000000000, 0.0000000000000000000 ) ) ;
#4340 = PRESENTATION_LAYER_ASSIGNMENT (  '', '', ( #4724 ) ) ;
#4341 = ADVANCED_FACE ( 'NONE', ( #5213 ), #3499, .T. ) ;
#4342 = PLANE ( 'NONE',  #1927 ) ;
#4343 = VERTEX_POINT ( 'NONE', #6264 ) ;
#4344 = DIRECTION ( 'NONE',  ( -1.000000000000000000, 0.0000000000000000000, 9.130123557772669600E-017 ) ) ;
#4345 = EDGE_LOOP ( 'NONE', ( #1685, #2515, #6380, #3447, #6654, #1371 ) ) ;
#4346 = VERTEX_POINT ( 'NONE', #5746 ) ;
#4347 = CARTESIAN_POINT ( 'NONE',  ( 6.899999999999995000, 1.000000000000000000, 9.999999999999982200 ) ) ;
#4348 = CARTESIAN_POINT ( 'NONE',  ( 14.89999999999999500, 1.000000000000000000, -8.600000000000003200 ) ) ;
#4349 = ORIENTED_EDGE ( 'NONE', *, *, #5550, .T. ) ;
#4350 = FACE_OUTER_BOUND ( 'NONE', #894, .T. ) ;
#4351 = CARTESIAN_POINT ( 'NONE',  ( 17.94999999999999600, 3.849999999999998800, -8.950000000000001100 ) ) ;
#4352 = ORIENTED_EDGE ( 'NONE', *, *, #4793, .T. ) ;
#4353 = CLOSED_SHELL ( 'NONE', ( #4300, #2112, #6077, #7053, #4334, #6959, #7192, #4603 ) ) ;
#4354 = AXIS2_PLACEMENT_3D ( 'NONE', #708, #1874, #4045 ) ;
#4355 = CARTESIAN_POINT ( 'NONE',  ( -2.600000000000005000, 1.000000000000000900, 9.999999999999989300 ) ) ;
#4356 = CARTESIAN_POINT ( 'NONE',  ( -17.95000000000000300, 3.999999999999999100, 8.950000000000002800 ) ) ;
#4357 = CARTESIAN_POINT ( 'NONE',  ( -18.20000000000001400, 0.9999999999999970000, 9.200000000000002800 ) ) ;
#4358 = CARTESIAN_POINT ( 'NONE',  ( 14.89999999999999500, 1.000000000000000000, 10.00000000000000200 ) ) ;
#4359 = CARTESIAN_POINT ( 'NONE',  ( 1.099999999999995000, 3.280350850198276100, -9.999999999999985800 ) ) ;
#4360 = ORIENTED_EDGE ( 'NONE', *, *, #7212, .T. ) ;
#4361 = LINE ( 'NONE', #3233, #3761 ) ;
#4362 = ADVANCED_FACE ( 'NONE', ( #6973 ), #746, .T. ) ;
#4363 = UNCERTAINTY_MEASURE_WITH_UNIT (LENGTH_MEASURE( 1.000000000000000100E-005 ), #6312, 'distance_accuracy_value', 'NONE');
#4364 = EDGE_CURVE ( 'NONE', #732, #6025, #2499, .T. ) ;
#4365 = CARTESIAN_POINT ( 'NONE',  ( 9.999999999999994700, 1.000000000000000000, 9.999999999999978700 ) ) ;
#4366 = ORIENTED_EDGE ( 'NONE', *, *, #2892, .F. ) ;
#4367 = CARTESIAN_POINT ( 'NONE',  ( -2.900000000000004800, 1.000000000000000000, 9.999999999999989300 ) ) ;
#4368 = ORIENTED_EDGE ( 'NONE', *, *, #3629, .F. ) ;
#4369 = AXIS2_PLACEMENT_3D ( 'NONE', #2513, #3631, #7061 ) ;
#4370 = DIRECTION ( 'NONE',  ( -0.0000000000000000000, -1.000000000000000000, 0.0000000000000000000 ) ) ;
#4371 = FACE_OUTER_BOUND ( 'NONE', #2790, .T. ) ;
#4372 = CARTESIAN_POINT ( 'NONE',  ( 2.899999999999994600, 0.0000000000000000000, 8.599999999999999600 ) ) ;
#4373 = CARTESIAN_POINT ( 'NONE',  ( -10.90000000000000400, 0.0000000000000000000, -8.599999999999997900 ) ) ;
#4374 = EDGE_CURVE ( 'NONE', #1915, #6110, #7137, .T. ) ;
#4375 = ORIENTED_EDGE ( 'NONE', *, *, #4377, .T. ) ;
#4377 = EDGE_CURVE ( 'NONE', #5688, #6337, #6449, .T. ) ;
#4376 = DIRECTION ( 'NONE',  ( 0.0000000000000000000, 0.0000000000000000000, 1.000000000000000000 ) ) ;
#4378 = CARTESIAN_POINT ( 'NONE',  ( -6.900000000000003000, 3.280350850198276100, -8.599999999999994300 ) ) ;
#4379 = FACE_OUTER_BOUND ( 'NONE', #1509, .T. ) ;
#4380 = CARTESIAN_POINT ( 'NONE',  ( 6.899999999999995000, 0.0000000000000000000, 8.599999999999999600 ) ) ;
#4381 =( NAMED_UNIT ( * ) PLANE_ANGLE_UNIT ( ) SI_UNIT ( $, .RADIAN. ) );
#4382 = CARTESIAN_POINT ( 'NONE',  ( -1.100000000000005400, 0.0000000000000000000, -8.600000000000003200 ) ) ;
#4383 = CARTESIAN_POINT ( 'NONE',  ( -17.99590256826696300, 3.838842299759161100, -8.969452912909188700 ) ) ;
#4384 = FACE_OUTER_BOUND ( 'NONE', #2250, .T. ) ;
#4385 = EDGE_CURVE ( 'NONE', #983, #3396, #3633, .T. ) ;
#4386 = CARTESIAN_POINT ( 'NONE',  ( 6.899999999999995000, 1.000000000000000000, -10.00000000000000200 ) ) ;
#4387 = CARTESIAN_POINT ( 'NONE',  ( 14.89999999999999500, 1.000000000000000900, 9.999999999999973400 ) ) ;
#4388 = ORIENTED_EDGE ( 'NONE', *, *, #567, .F. ) ;
#4389 = VECTOR ( 'NONE', #2173, 1000.000000000000000 ) ;
#4390 = EDGE_LOOP ( 'NONE', ( #2453, #2653, #946, #1298 ) ) ;
#4391 = CARTESIAN_POINT ( 'NONE',  ( -5.100000000000005900, 1.000000000000000000, -8.600000000000003200 ) ) ;
#4392 = PLANE ( 'NONE',  #1148 ) ;
#4393 = VERTEX_POINT ( 'NONE', #4747 ) ;
#4394 = AXIS2_PLACEMENT_3D ( 'NONE', #2305, #579, #4539 ) ;
#4395 = CARTESIAN_POINT ( 'NONE',  ( -14.90000000000000600, 1.000000000000000000, -10.00000000000000200 ) ) ;
#4396 = VERTEX_POINT ( 'NONE', #1908 ) ;
#4397 = VECTOR ( 'NONE', #2707, 1000.000000000000000 ) ;
#4398 = DIRECTION ( 'NONE',  ( -1.000000000000000000, 0.0000000000000000000, 9.130123557772669600E-017 ) ) ;
#4399 = FACE_OUTER_BOUND ( 'NONE', #2660, .T. ) ;
#4400 = CARTESIAN_POINT ( 'NONE',  ( 5.099999999999995200, 0.0000000000000000000, 9.999999999999982200 ) ) ;
#4401 = B_SPLINE_CURVE_WITH_KNOTS ( 'NONE', 3,
 ( #3618, #5252, #2531, #1374, #5898, #7029, #1954, #4764, #3596, #2552, #3081, #6450, #3673, #3646, #4179, #873 ),
 .UNSPECIFIED., .F., .F.,
 ( 4, 3, 3, 3, 3, 4 ),
 ( 8.673617379884035500E-019, 3.919923792274319500E-005, 7.839866981027930700E-005, 0.0001175819989964559800, 0.0001567683997081126400, 0.0001687383463062282500 ),
 .UNSPECIFIED. ) ;
#4402 = ORIENTED_EDGE ( 'NONE', *, *, #2514, .T. ) ;
#4403 = CARTESIAN_POINT ( 'NONE',  ( -5.100000000000005900, 3.280350850198276100, 8.599999999999994300 ) ) ;
#4404 = ORIENTED_EDGE ( 'NONE', *, *, #4700, .T. ) ;
#4405 = SURFACE_STYLE_FILL_AREA ( #277 ) ;
#4406 = DIRECTION ( 'NONE',  ( -1.000000000000000000, 0.0000000000000000000, 0.0000000000000000000 ) ) ;
#4407 = EDGE_CURVE ( 'NONE', #2783, #513, #1057, .T. ) ;
#4408 = ADVANCED_FACE ( 'NONE', ( #2492 ), #4120, .F. ) ;
#4409 = VECTOR ( 'NONE', #5336, 1000.000000000000000 ) ;
#4410 = CARTESIAN_POINT ( 'NONE',  ( 1.099999999999996800, 3.280350850198276100, -8.599999999999985400 ) ) ;
#4411 = ORIENTED_EDGE ( 'NONE', *, *, #4142, .F. ) ;
#4412 = VERTEX_POINT ( 'NONE', #2960 ) ;
#4413 = VECTOR ( 'NONE', #5260, 1000.000000000000000 ) ;
#4414 = EDGE_LOOP ( 'NONE', ( #5681, #6100, #2265, #4305, #2961, #545 ) ) ;
#4415 = FACE_OUTER_BOUND ( 'NONE', #5329, .T. ) ;
#4416 = CARTESIAN_POINT ( 'NONE',  ( -2.900000000000004800, 1.000000000000000000, 10.00000000000000200 ) ) ;
#4417 = LINE ( 'NONE', #68, #6101 ) ;
#4418 = DIRECTION ( 'NONE',  ( 1.261083913074045700E-031, -6.982962677686265900E-015, 1.000000000000000000 ) ) ;
#4419 = PLANE ( 'NONE',  #6931 ) ;
#4420 = ORIENTED_EDGE ( 'NONE', *, *, #1807, .F. ) ;
#4421 = ORIENTED_EDGE ( 'NONE', *, *, #1327, .F. ) ;
#4422 = EDGE_CURVE ( 'NONE', #2690, #7044, #3551, .T. ) ;
#4423 = LINE ( 'NONE', #7236, #5376 ) ;
#4424 = EDGE_CURVE ( 'NONE', #2951, #5495, #959, .T. ) ;
#4425 = CARTESIAN_POINT ( 'NONE',  ( -9.100000000000005000, 4.000000000000000000, 10.00000000000000200 ) ) ;
#4426 = VECTOR ( 'NONE', #6367, 1000.000000000000000 ) ;
#4427 = ORIENTED_EDGE ( 'NONE', *, *, #2598, .T. ) ;
#4428 = AXIS2_PLACEMENT_3D ( 'NONE', #3224, #5008, #3822 ) ;
#4429 = VERTEX_POINT ( 'NONE', #201 ) ;
#4430 = ORIENTED_EDGE ( 'NONE', *, *, #4894, .F. ) ;
#4431 = FACE_OUTER_BOUND ( 'NONE', #2746, .T. ) ;
#4432 = DIRECTION ( 'NONE',  ( -1.000000000000000000, 0.0000000000000000000, 0.0000000000000000000 ) ) ;
#4433 = DIRECTION ( 'NONE',  ( -0.0000000000000000000, -1.000000000000000000, -0.0000000000000000000 ) ) ;
#4434 = LINE ( 'NONE', #3167, #6375 ) ;
#4435 = DIRECTION ( 'NONE',  ( -0.0000000000000000000, 1.000000000000000000, 1.734723475976847800E-014 ) ) ;
#4436 = DIRECTION ( 'NONE',  ( -1.000000000000000000, 0.0000000000000000000, -9.637352644315598700E-016 ) ) ;
#4437 = EDGE_CURVE ( 'NONE', #129, #791, #6538, .T. ) ;
#4438 = ORIENTED_EDGE ( 'NONE', *, *, #3594, .T. ) ;
#4439 = CARTESIAN_POINT ( 'NONE',  ( -6.900000000000004800, 1.000000000000000000, -8.600000000000003200 ) ) ;
#4440 = CARTESIAN_POINT ( 'NONE',  ( 4.000000000000000000, 1.000000000000000000, -3.469446951953614200E-015 ) ) ;
#4441 = ORIENTED_EDGE ( 'NONE', *, *, #2192, .F. ) ;
#4442 = ORIENTED_EDGE ( 'NONE', *, *, #2512, .F. ) ;
#4443 = ORIENTED_EDGE ( 'NONE', *, *, #5023, .T. ) ;
#4444 = ORIENTED_EDGE ( 'NONE', *, *, #5448, .F. ) ;
#4445 = ORIENTED_EDGE ( 'NONE', *, *, #3820, .T. ) ;
#4446 = ORIENTED_EDGE ( 'NONE', *, *, #5628, .F. ) ;
#4447 = DIRECTION ( 'NONE',  ( -1.000000000000000000, -0.0000000000000000000, -0.0000000000000000000 ) ) ;
#4448 = CARTESIAN_POINT ( 'NONE',  ( 5.099999999999997000, 3.280350850198276100, -8.599999999999981900 ) ) ;
#4449 = ADVANCED_FACE ( 'NONE', ( #3543 ), #4106, .F. ) ;
#4450 = FACE_OUTER_BOUND ( 'NONE', #1502, .T. ) ;
#4451 = DIRECTION ( 'NONE',  ( 1.000000000000000000, 0.0000000000000000000, 0.0000000000000000000 ) ) ;
#4452 = ORIENTED_EDGE ( 'NONE', *, *, #1292, .T. ) ;
#4453 = CARTESIAN_POINT ( 'NONE',  ( -1.100000000000005400, 4.000000000000000000, 8.599999999999999600 ) ) ;
#4454 = SURFACE_SIDE_STYLE ('',( #1039 ) ) ;
#4455 = VERTEX_POINT ( 'NONE', #6972 ) ;
#4456 = DIRECTION ( 'NONE',  ( -1.239088197126290900E-015, 0.0000000000000000000, 1.000000000000000000 ) ) ;
#4457 = CARTESIAN_POINT ( 'NONE',  ( -18.05000000000000400, 3.850000000000000100, 9.014078975515724700 ) ) ;
#4458 =( NAMED_UNIT ( * ) SI_UNIT ( $, .STERADIAN. ) SOLID_ANGLE_UNIT ( ) );
#4459 = EDGE_CURVE ( 'NONE', #4012, #2298, #3982, .T. ) ;
#4460 = DIRECTION ( 'NONE',  ( -1.000000000000000000, 0.0000000000000000000, 9.130123557772669600E-017 ) ) ;
#4461 = EDGE_CURVE ( 'NONE', #3032, #3350, #2251, .T. ) ;
#4462 = VECTOR ( 'NONE', #2814, 1000.000000000000000 ) ;
#4463 = CARTESIAN_POINT ( 'NONE',  ( 5.999999999999994700, 0.0000000000000000000, -9.999999999999982200 ) ) ;
#4464 = STYLED_ITEM ( 'NONE', ( #6343 ), #4902 ) ;
#4465 = CARTESIAN_POINT ( 'NONE',  ( 18.99999999999999600, 0.0000000000000000000, -10.00000000000000200 ) ) ;
#4466 = ORIENTED_EDGE ( 'NONE', *, *, #5567, .F. ) ;
#4467 = CYLINDRICAL_SURFACE ( 'NONE', #6319, 0.5999999999999998700 ) ;
#4468 = EDGE_CURVE ( 'NONE', #3979, #968, #6711, .T. ) ;
#4469 = CARTESIAN_POINT ( 'NONE',  ( -6.900000000000004800, 1.000000000000000000, 10.00000000000000200 ) ) ;
#4470 = ORIENTED_EDGE ( 'NONE', *, *, #1278, .F. ) ;
#4471 = VECTOR ( 'NONE', #3585, 1000.000000000000000 ) ;
#4472 = CARTESIAN_POINT ( 'NONE',  ( -10.90000000000000600, 0.0000000000000000000, 8.600000000000003200 ) ) ;
#4473 = CARTESIAN_POINT ( 'NONE',  ( 17.99462606260652800, 3.795902568266959200, 9.038842299759160400 ) ) ;
#4474 = DIRECTION ( 'NONE',  ( 0.0000000000000000000, 0.0000000000000000000, 1.000000000000000000 ) ) ;
#4475 =( NAMED_UNIT ( * ) PLANE_ANGLE_UNIT ( ) SI_UNIT ( $, .RADIAN. ) );
#4476 = DIRECTION ( 'NONE',  ( 0.0000000000000000000, 0.0000000000000000000, 1.000000000000000000 ) ) ;
#4477 = DIRECTION ( 'NONE',  ( 0.0000000000000000000, 0.0000000000000000000, 1.000000000000000000 ) ) ;
#4478 = ORIENTED_EDGE ( 'NONE', *, *, #2236, .T. ) ;
#4479 = ADVANCED_FACE ( 'NONE', ( #5206 ), #6997, .F. ) ;
#4480 = AXIS2_PLACEMENT_3D ( 'NONE', #3855, #4945, #4970 ) ;
#4481 = ORIENTED_EDGE ( 'NONE', *, *, #3732, .F. ) ;
#4482 = LINE ( 'NONE', #1762, #1542 ) ;
#4483 = VECTOR ( 'NONE', #2996, 1000.000000000000000 ) ;
#4484 = CARTESIAN_POINT ( 'NONE',  ( -6.900000000000003000, 3.280350850198276100, 8.599999999999994300 ) ) ;
#4485 = CARTESIAN_POINT ( 'NONE',  ( -19.00000000000000400, 1.000000000000000000, -9.999999999999998200 ) ) ;
#4486 = VERTEX_POINT ( 'NONE', #5813 ) ;
#4487 = ORIENTED_EDGE ( 'NONE', *, *, #4716, .F. ) ;
#4488 = LINE ( 'NONE', #5585, #7224 ) ;
#4489 = VECTOR ( 'NONE', #1427, 1000.000000000000000 ) ;
#4490 = CARTESIAN_POINT ( 'NONE',  ( 18.99999999999999600, 1.000000000000000000, 9.999999999999998200 ) ) ;
#4491 = VECTOR ( 'NONE', #6035, 1000.000000000000000 ) ;
#4492 = CARTESIAN_POINT ( 'NONE',  ( -1.100000000000005400, 0.0000000000000000000, 8.599999999999999600 ) ) ;
#4493 = VECTOR ( 'NONE', #2877, 1000.000000000000000 ) ;
#4494 = FACE_OUTER_BOUND ( 'NONE', #3947, .T. ) ;
#4495 = B_SPLINE_CURVE_WITH_KNOTS ( 'NONE', 3,
 ( #6762, #5612, #2229, #3387, #1091, #6140 ),
 .UNSPECIFIED., .F., .F.,
 ( 4, 2, 4 ),
 ( 4.336808689942017700E-019, 0.0001982799521481159800, 0.0003965599042962305600 ),
 .UNSPECIFIED. ) ;
#4496 = FACE_OUTER_BOUND ( 'NONE', #5302, .T. ) ;
#4497 = CARTESIAN_POINT ( 'NONE',  ( -18.04801438907269400, 3.773225685253715200, 9.004558337380146300 ) ) ;
#4498 = DIRECTION ( 'NONE',  ( 1.239088197126290900E-015, 0.0000000000000000000, -1.000000000000000000 ) ) ;
#4499 = DIRECTION ( 'NONE',  ( -1.000000000000000000, 0.0000000000000000000, 1.369518533665900300E-016 ) ) ;
#4500 = CARTESIAN_POINT ( 'NONE',  ( -17.97624298040223300, 3.849999999999998800, 8.960705546415974600 ) ) ;
#4501 = VERTEX_POINT ( 'NONE', #2465 ) ;
#4502 = ORIENTED_EDGE ( 'NONE', *, *, #5174, .T. ) ;
#4503 = VECTOR ( 'NONE', #5078, 1000.000000000000000 ) ;
#4504 = APPLICATION_PROTOCOL_DEFINITION ( 'draft international standard', 'automotive_design', 1998, #96 ) ;
#4505 = EDGE_CURVE ( 'NONE', #5976, #3782, #6180, .T. ) ;
#4506 = LINE ( 'NONE', #563, #3811 ) ;
#4507 = DIRECTION ( 'NONE',  ( 0.0000000000000000000, -1.000000000000000000, 0.0000000000000000000 ) ) ;
#4508 = LINE ( 'NONE', #5667, #3029 ) ;
#4509 = EDGE_LOOP ( 'NONE', ( #6132, #5514, #5848, #5143 ) ) ;
#4510 = AXIS2_PLACEMENT_3D ( 'NONE', #1864, #691, #6293 ) ;
#4511 = ORIENTED_EDGE ( 'NONE', *, *, #2239, .T. ) ;
#4512 = VECTOR ( 'NONE', #3187, 1000.000000000000000 ) ;
#4513 = CARTESIAN_POINT ( 'NONE',  ( 2.899999999999992800, 0.0000000000000000000, 9.999999999999998200 ) ) ;
#4514 = DIRECTION ( 'NONE',  ( 1.000000000000000000, 0.0000000000000000000, -0.0000000000000000000 ) ) ;
#4515 = LINE ( 'NONE', #3328, #2269 ) ;
#4516 = EDGE_CURVE ( 'NONE', #4195, #5288, #2846, .T. ) ;
#4517 = CARTESIAN_POINT ( 'NONE',  ( 5.999999999999994700, 3.280350850198276100, 9.999999999999982200 ) ) ;
#4518 = ORIENTED_EDGE ( 'NONE', *, *, #5263, .T. ) ;
#4519 = EDGE_CURVE ( 'NONE', #698, #3927, #4147, .T. ) ;
#4520 = ORIENTED_EDGE ( 'NONE', *, *, #3910, .T. ) ;
#4521 = FACE_OUTER_BOUND ( 'NONE', #7221, .T. ) ;
#4522 = PLANE ( 'NONE',  #5865 ) ;
#4523 = CARTESIAN_POINT ( 'NONE',  ( 2.899999999999992800, 0.0000000000000000000, -10.00000000000000200 ) ) ;
#4524 = ADVANCED_FACE ( 'NONE', ( #2942 ), #257, .T. ) ;
#4525 = AXIS2_PLACEMENT_3D ( 'NONE', #3573, #5235, #1917 ) ;
#4526 = VECTOR ( 'NONE', #1579, 1000.000000000000000 ) ;
#4527 = DIRECTION ( 'NONE',  ( -1.239088197126290900E-015, 0.0000000000000000000, -1.000000000000000000 ) ) ;
#4528 = CLOSED_SHELL ( 'NONE', ( #922, #5264, #5887, #1335, #715, #2288, #1227, #1544 ) ) ;
#4529 = VERTEX_POINT ( 'NONE', #6392 ) ;
#4530 = DIRECTION ( 'NONE',  ( 0.0000000000000000000, -1.000000000000000000, 0.0000000000000000000 ) ) ;
#4531 = EDGE_LOOP ( 'NONE', ( #329, #1822, #1564, #4979 ) ) ;
#4532 = ORIENTED_EDGE ( 'NONE', *, *, #3415, .T. ) ;
#4533 = CARTESIAN_POINT ( 'NONE',  ( -9.100000000000005000, 3.280350850198276100, 8.599999999999997900 ) ) ;
#4534 = VERTEX_POINT ( 'NONE', #3605 ) ;
#4535 = ADVANCED_FACE ( 'NONE', ( #6797 ), #5861, .T. ) ;
#4536 = CARTESIAN_POINT ( 'NONE',  ( 17.96981065309100600, 3.839108566751567900, 8.996968780165058600 ) ) ;
#4537 = CARTESIAN_POINT ( 'NONE',  ( 1.099999999999995000, 1.000000000000000000, -10.00000000000000200 ) ) ;
#4538 = EDGE_CURVE ( 'NONE', #1593, #29, #5646, .T. ) ;
#4539 = DIRECTION ( 'NONE',  ( 0.0000000000000000000, -1.000000000000000000, 3.043374519257552500E-015 ) ) ;
#4540 = LINE ( 'NONE', #3752, #2367 ) ;
#4541 = ORIENTED_EDGE ( 'NONE', *, *, #6691, .T. ) ;
#4542 = ORIENTED_EDGE ( 'NONE', *, *, #6157, .T. ) ;
#4543 = VECTOR ( 'NONE', #5020, 1000.000000000000000 ) ;
#4544 = DIRECTION ( 'NONE',  ( -0.0000000000000000000, -0.0000000000000000000, -1.000000000000000000 ) ) ;
#4545 = MECHANICAL_DESIGN_GEOMETRIC_PRESENTATION_REPRESENTATION (  '', ( #5680 ), #1582 ) ;
#4546 = ORIENTED_EDGE ( 'NONE', *, *, #830, .F. ) ;
#4547 = LINE ( 'NONE', #6611, #1180 ) ;
#4548 = EDGE_LOOP ( 'NONE', ( #5659, #6515, #4478, #6560 ) ) ;
#4549 = DIRECTION ( 'NONE',  ( -0.0000000000000000000, 0.0000000000000000000, 1.000000000000000000 ) ) ;
#4550 = DIRECTION ( 'NONE',  ( 0.0000000000000000000, 3.491481338843133000E-015, 1.000000000000000000 ) ) ;
#4551 = ORIENTED_EDGE ( 'NONE', *, *, #4614, .T. ) ;
#4552 = ORIENTED_EDGE ( 'NONE', *, *, #7169, .T. ) ;
#4553 = CARTESIAN_POINT ( 'NONE',  ( 0.0000000000000000000, 0.0000000000000000000, 0.0000000000000000000 ) ) ;
#4554 = EDGE_CURVE ( 'NONE', #35, #3521, #4078, .T. ) ;
#4555 = ORIENTED_EDGE ( 'NONE', *, *, #5598, .T. ) ;
#4556 = LINE ( 'NONE', #2768, #1711 ) ;
#4557 = DIRECTION ( 'NONE',  ( -1.239088197126290900E-015, 0.0000000000000000000, 1.000000000000000000 ) ) ;
#4558 = CARTESIAN_POINT ( 'NONE',  ( 18.01407897551571900, 3.750000000000001300, 9.049999999999997200 ) ) ;
#4559 = PLANE ( 'NONE',  #82 ) ;
#4560 = AXIS2_PLACEMENT_3D ( 'NONE', #5166, #1055, #2898 ) ;
#4561 = DIRECTION ( 'NONE',  ( 0.0000000000000000000, 0.0000000000000000000, -1.000000000000000000 ) ) ;
#4562 = CARTESIAN_POINT ( 'NONE',  ( 18.01407897551571900, 3.750000000000003600, -9.200000000000001100 ) ) ;
#4563 = DIRECTION ( 'NONE',  ( -0.0000000000000000000, -1.000000000000000000, 0.0000000000000000000 ) ) ;
#4564 = ADVANCED_FACE ( 'NONE', ( #4415 ), #5383, .F. ) ;
#4565 = FACE_OUTER_BOUND ( 'NONE', #1654, .T. ) ;
#4566 = EDGE_CURVE ( 'NONE', #5130, #1482, #7048, .T. ) ;
#4567 = CARTESIAN_POINT ( 'NONE',  ( -9.100000000000005000, 1.000000000000000000, -9.999999999999998200 ) ) ;
#4568 = CARTESIAN_POINT ( 'NONE',  ( 28.00000000000000000, 1.000000000000000000, -2.775557561562891400E-014 ) ) ;
#4569 = EDGE_CURVE ( 'NONE', #6303, #5134, #6890, .T. ) ;
#4570 = CARTESIAN_POINT ( 'NONE',  ( 18.19999999999999600, 3.816006172872519200, -9.003308367351611000 ) ) ;
#4571 = STYLED_ITEM ( 'NONE', ( #5802 ), #5583 ) ;
#4572 = LINE ( 'NONE', #2081, #4208 ) ;
#4573 = DIRECTION ( 'NONE',  ( 0.0000000000000000000, -1.000000000000000000, 0.0000000000000000000 ) ) ;
#4574 = DIRECTION ( 'NONE',  ( -0.0000000000000000000, -0.0000000000000000000, 1.000000000000000000 ) ) ;
#4575 = VERTEX_POINT ( 'NONE', #1512 ) ;
#4576 = LINE ( 'NONE', #2205, #123 ) ;
#4577 = EDGE_CURVE ( 'NONE', #641, #6211, #4313, .T. ) ;
#4578 = DIRECTION ( 'NONE',  ( 0.0000000000000000000, -1.000000000000000000, 0.0000000000000000000 ) ) ;
#4579 = CARTESIAN_POINT ( 'NONE',  ( -14.90000000000000400, 1.000000000000000900, 8.600000000000001400 ) ) ;
#4580 = ORIENTED_EDGE ( 'NONE', *, *, #4569, .T. ) ;
#4581 = CARTESIAN_POINT ( 'NONE',  ( 2.599999999999994800, 3.280350850198276100, 9.999999999999985800 ) ) ;
#4582 = CARTESIAN_POINT ( 'NONE',  ( -17.99271931701048600, 3.802198665876327200, 9.039222690360977800 ) ) ;
#4583 = EDGE_LOOP ( 'NONE', ( #729, #933, #850, #3398 ) ) ;
#4584 = VECTOR ( 'NONE', #1019, 1000.000000000000000 ) ;
#4585 = VECTOR ( 'NONE', #4762, 1000.000000000000000 ) ;
#4586 = CARTESIAN_POINT ( 'NONE',  ( -9.100000000000005000, 1.000000000000000000, 0.0000000000000000000 ) ) ;
#4587 = ORIENTED_EDGE ( 'NONE', *, *, #6846, .T. ) ;
#4588 = ORIENTED_EDGE ( 'NONE', *, *, #6122, .T. ) ;
#4589 = LINE ( 'NONE', #1972, #3097 ) ;
#4590 = DIRECTION ( 'NONE',  ( 0.0000000000000000000, 0.0000000000000000000, 1.000000000000000000 ) ) ;
#4591 = PLANE ( 'NONE',  #3408 ) ;
#4592 = CARTESIAN_POINT ( 'NONE',  ( 2.899999999999994600, 0.0000000000000000000, 9.999999999999985800 ) ) ;
#4593 = LINE ( 'NONE', #1505, #2075 ) ;
#4594 = UNCERTAINTY_MEASURE_WITH_UNIT (LENGTH_MEASURE( 1.000000000000000100E-005 ), #7263, 'distance_accuracy_value', 'NONE');
#4595 = ORIENTED_EDGE ( 'NONE', *, *, #7058, .F. ) ;
#4596 = VERTEX_POINT ( 'NONE', #1484 ) ;
#4597 = ORIENTED_EDGE ( 'NONE', *, *, #3026, .F. ) ;
#4598 = ADVANCED_FACE ( 'NONE', ( #2670 ), #5613, .F. ) ;
#4599 = VECTOR ( 'NONE', #2886, 1000.000000000000000 ) ;
#4600 = ORIENTED_EDGE ( 'NONE', *, *, #2332, .F. ) ;
#4601 = DIRECTION ( 'NONE',  ( 0.0000000000000000000, 1.000000000000000000, 0.0000000000000000000 ) ) ;
#4602 = LINE ( 'NONE', #6988, #6009 ) ;
#4603 = ADVANCED_FACE ( 'NONE', ( #4674 ), #5356, .T. ) ;
#4604 = VERTEX_POINT ( 'NONE', #1009 ) ;
#4605 = CARTESIAN_POINT ( 'NONE',  ( -5.100000000000005900, 0.0000000000000000000, -8.600000000000003200 ) ) ;
#4606 = VERTEX_POINT ( 'NONE', #7019 ) ;
#4607 = ORIENTED_EDGE ( 'NONE', *, *, #2111, .T. ) ;
#4608 = LINE ( 'NONE', #3688, #3550 ) ;
#4609 = CARTESIAN_POINT ( 'NONE',  ( -14.90000000000000400, 3.280350850198276100, 8.600000000000001400 ) ) ;
#4610 = LINE ( 'NONE', #6247, #6461 ) ;
#4611 = CARTESIAN_POINT ( 'NONE',  ( -5.400000000000005700, 1.000000000000000900, -9.999999999999994700 ) ) ;
#4612 = CARTESIAN_POINT ( 'NONE',  ( -17.96070551104860500, 3.848484999999997900, 8.975845182505160800 ) ) ;
#4613 = ORIENTED_EDGE ( 'NONE', *, *, #193, .T. ) ;
#4614 = EDGE_CURVE ( 'NONE', #5134, #4501, #3900, .T. ) ;
#4615 = VECTOR ( 'NONE', #2463, 1000.000000000000000 ) ;
#4617 = EDGE_CURVE ( 'NONE', #4396, #1829, #4846, .T. ) ;
#4616 = CARTESIAN_POINT ( 'NONE',  ( 13.09999999999999600, 1.000000000000000000, -9.999999999999973400 ) ) ;
#4618 = VECTOR ( 'NONE', #2271, 1000.000000000000000 ) ;
#4619 =( GEOMETRIC_REPRESENTATION_CONTEXT ( 3 ) GLOBAL_UNCERTAINTY_ASSIGNED_CONTEXT ( ( #270 ) ) GLOBAL_UNIT_ASSIGNED_CONTEXT ( ( #848, #4738, #5280 ) ) REPRESENTATION_CONTEXT ( 'NONE', 'WORKASPACE' ) );
#4620 = CARTESIAN_POINT ( 'NONE',  ( -9.100000000000005000, 0.0000000000000000000, 8.599999999999999600 ) ) ;
#4621 = DIRECTION ( 'NONE',  ( 1.000000000000000000, 0.0000000000000000000, -1.239088197126290900E-015 ) ) ;
#4622 = VERTEX_POINT ( 'NONE', #331 ) ;
#4623 = ORIENTED_EDGE ( 'NONE', *, *, #2610, .F. ) ;
#4624 = CARTESIAN_POINT ( 'NONE',  ( 17.94999999999999600, 3.749999999999999600, 9.014078975515721100 ) ) ;
#4625 = EDGE_CURVE ( 'NONE', #4596, #2034, #2078, .T. ) ;
#4626 = EDGE_CURVE ( 'NONE', #4267, #2194, #600, .T. ) ;
#4627 = EDGE_LOOP ( 'NONE', ( #2617, #4875, #7227, #6747 ) ) ;
#4628 =( NAMED_UNIT ( * ) PLANE_ANGLE_UNIT ( ) SI_UNIT ( $, .RADIAN. ) );
#4629 = ORIENTED_EDGE ( 'NONE', *, *, #27, .F. ) ;
#4630 = ORIENTED_EDGE ( 'NONE', *, *, #898, .T. ) ;
#4631 = AXIS2_PLACEMENT_3D ( 'NONE', #1940, #6297, #1302 ) ;
#4632 = ORIENTED_EDGE ( 'NONE', *, *, #5035, .T. ) ;
#4633 = FILL_AREA_STYLE ('',( #6306 ) ) ;
#4634 = EDGE_LOOP ( 'NONE', ( #3654, #3560, #412, #2971, #6806, #3729 ) ) ;
#4635 = CARTESIAN_POINT ( 'NONE',  ( 13.09999999999999600, 0.0000000000000000000, 9.999999999999973400 ) ) ;
#4636 = DIRECTION ( 'NONE',  ( -0.0000000000000000000, -0.0000000000000000000, 1.000000000000000000 ) ) ;
#4637 = AXIS2_PLACEMENT_3D ( 'NONE', #6513, #383, #992 ) ;
#4638 = PLANE ( 'NONE',  #5257 ) ;
#4639 = DIRECTION ( 'NONE',  ( -1.000000000000000000, 0.0000000000000000000, 0.0000000000000000000 ) ) ;
#4640 = ADVANCED_FACE ( 'NONE', ( #4234 ), #6490, .T. ) ;
#4641 = ORIENTED_EDGE ( 'NONE', *, *, #1568, .T. ) ;
#4642 = CARTESIAN_POINT ( 'NONE',  ( 13.99999999999999500, 3.280350850198276100, 9.999999999999973400 ) ) ;
#4643 = CARTESIAN_POINT ( 'NONE',  ( 9.399999999999995000, 1.000000000000000900, 9.999999999999978700 ) ) ;
#4644 = ADVANCED_FACE ( 'NONE', ( #1916 ), #4920, .F. ) ;
#4645 = VECTOR ( 'NONE', #3959, 1000.000000000000000 ) ;
#4646 = EDGE_CURVE ( 'NONE', #2822, #3577, #1380, .T. ) ;
#4647 = DIRECTION ( 'NONE',  ( -1.000000000000000000, -0.0000000000000000000, 0.0000000000000000000 ) ) ;
#4648 = VECTOR ( 'NONE', #5406, 1000.000000000000000 ) ;
#4649 = CARTESIAN_POINT ( 'NONE',  ( -17.95000000000000300, 4.001499999999998300, 8.950000000000004600 ) ) ;
#4650 = CARTESIAN_POINT ( 'NONE',  ( 17.94999999999999600, 4.001499999999999200, 8.949999999999997500 ) ) ;
#4651 = CARTESIAN_POINT ( 'NONE',  ( -14.90000000000000600, 0.0000000000000000000, -10.00000000000000200 ) ) ;
#4652 = DIRECTION ( 'NONE',  ( -3.652049423109063300E-015, -1.000000000000000000, 6.123233995736766000E-017 ) ) ;
#4653 = ORIENTED_EDGE ( 'NONE', *, *, #4279, .F. ) ;
#4654 = VECTOR ( 'NONE', #6986, 1000.000000000000000 ) ;
#4655 = EDGE_CURVE ( 'NONE', #2077, #3204, #5631, .T. ) ;
#4656 = DIRECTION ( 'NONE',  ( 1.000000000000000000, -0.0000000000000000000, -9.531447670202236200E-017 ) ) ;
#4657 = EDGE_CURVE ( 'NONE', #4014, #599, #5560, .T. ) ;
#4658 = CARTESIAN_POINT ( 'NONE',  ( -17.96945291290919400, 3.838842299759163400, 8.995902568266956200 ) ) ;
#4659 = ORIENTED_EDGE ( 'NONE', *, *, #2435, .F. ) ;
#4660 = AXIS2_PLACEMENT_3D ( 'NONE', #6327, #5763, #1291 ) ;
#4661 = ORIENTED_EDGE ( 'NONE', *, *, #758, .F. ) ;
#4662 = CARTESIAN_POINT ( 'NONE',  ( 6.899999999999995000, 0.0000000000000000000, 9.999999999999998200 ) ) ;
#4663 = DIRECTION ( 'NONE',  ( -1.000000000000000000, 0.0000000000000000000, 0.0000000000000000000 ) ) ;
#4664 = VERTEX_POINT ( 'NONE', #4355 ) ;
#4665 = EDGE_CURVE ( 'NONE', #2022, #2077, #5466, .T. ) ;
#4666 = ORIENTED_EDGE ( 'NONE', *, *, #1092, .F. ) ;
#4667 = LINE ( 'NONE', #1875, #6169 ) ;
#4668 = VECTOR ( 'NONE', #3005, 1000.000000000000000 ) ;
#4669 = LINE ( 'NONE', #3751, #4144 ) ;
#4670 = CARTESIAN_POINT ( 'NONE',  ( -1.100000000000005400, 1.000000000000000900, 8.599999999999989000 ) ) ;
#4671 = CARTESIAN_POINT ( 'NONE',  ( -5.400000000000005700, 3.280350850198276100, -9.999999999999994700 ) ) ;
#4672 = PRESENTATION_STYLE_ASSIGNMENT (( #6849 ) ) ;
#4673 = ORIENTED_EDGE ( 'NONE', *, *, #3401, .F. ) ;
#4674 = FACE_OUTER_BOUND ( 'NONE', #742, .T. ) ;
#4675 = EDGE_LOOP ( 'NONE', ( #6478, #6446, #4487, #3960 ) ) ;
#4676 = CARTESIAN_POINT ( 'NONE',  ( -18.20000000000000300, 3.850000000000000500, 9.014078975515724700 ) ) ;
#4677 = CYLINDRICAL_SURFACE ( 'NONE', #5010, 0.2499999999999967500 ) ;
#4678 = CARTESIAN_POINT ( 'NONE',  ( 14.89999999999999500, 1.000000000000000000, -8.600000000000003200 ) ) ;
#4679 = VECTOR ( 'NONE', #5167, 1000.000000000000000 ) ;
#4680 = EDGE_LOOP ( 'NONE', ( #127, #2396, #2532, #3207 ) ) ;
#4681 = VECTOR ( 'NONE', #1697, 1000.000000000000000 ) ;
#4682 = CARTESIAN_POINT ( 'NONE',  ( 10.89999999999999500, 1.000000000000000000, -10.00000000000000200 ) ) ;
#4683 = VECTOR ( 'NONE', #6222, 1000.000000000000000 ) ;
#4684 = CARTESIAN_POINT ( 'NONE',  ( -2.900000000000003500, 1.000000000000000000, 8.599999999999989000 ) ) ;
#4685 = FACE_OUTER_BOUND ( 'NONE', #4130, .T. ) ;
#4686 = DIRECTION ( 'NONE',  ( -0.0000000000000000000, -0.0000000000000000000, 1.000000000000000000 ) ) ;
#4687 = ORIENTED_EDGE ( 'NONE', *, *, #4468, .T. ) ;
#4688 = FACE_OUTER_BOUND ( 'NONE', #3327, .T. ) ;
#4689 = VECTOR ( 'NONE', #1609, 1000.000000000000000 ) ;
#4690 = CARTESIAN_POINT ( 'NONE',  ( 2.599999999999994800, 1.000000000000000900, 9.999999999999985800 ) ) ;
#4691 = ORIENTED_EDGE ( 'NONE', *, *, #5606, .T. ) ;
#4692 = ORIENTED_EDGE ( 'NONE', *, *, #6497, .T. ) ;
#4693 = VECTOR ( 'NONE', #1689, 1000.000000000000000 ) ;
#4694 = DIRECTION ( 'NONE',  ( -1.000000000000000000, -0.0000000000000000000, 0.0000000000000000000 ) ) ;
#4695 = ORIENTED_EDGE ( 'NONE', *, *, #1851, .T. ) ;
#4696 = DIRECTION ( 'NONE',  ( 0.0000000000000000000, 0.0000000000000000000, 1.000000000000000000 ) ) ;
#4697 = CARTESIAN_POINT ( 'NONE',  ( 13.09999999999999600, 3.280350850198276100, -9.999999999999973400 ) ) ;
#4698 = VECTOR ( 'NONE', #4344, 1000.000000000000000 ) ;
#4699 = CARTESIAN_POINT ( 'NONE',  ( 1.315339778487910100E-015, 2.852276777799598900E-014, 9.200000000000011700 ) ) ;
#4700 = EDGE_CURVE ( 'NONE', #1313, #3394, #2767, .T. ) ;
#4701 = ORIENTED_EDGE ( 'NONE', *, *, #3681, .F. ) ;
#4702 = VERTEX_POINT ( 'NONE', #1060 ) ;
#4704 = EDGE_CURVE ( 'NONE', #589, #2627, #5369, .T. ) ;
#4703 = DIRECTION ( 'NONE',  ( -1.000000000000000000, 0.0000000000000000000, 9.637352644315598700E-016 ) ) ;
#4705 = ADVANCED_FACE ( 'NONE', ( #44 ), #3829, .F. ) ;
#4706 = VERTEX_POINT ( 'NONE', #2125 ) ;
#4707 = VERTEX_POINT ( 'NONE', #5462 ) ;
#4708 = AXIS2_PLACEMENT_3D ( 'NONE', #2093, #987, #3156 ) ;
#4709 = VERTEX_POINT ( 'NONE', #505 ) ;
#4710 = LINE ( 'NONE', #1615, #2530 ) ;
#4711 = DIRECTION ( 'NONE',  ( -0.0000000000000000000, -1.000000000000000000, -0.0000000000000000000 ) ) ;
#4712 = CARTESIAN_POINT ( 'NONE',  ( -17.95458415000725700, 3.849369875579090400, 8.961208382015078300 ) ) ;
#4713 = EDGE_LOOP ( 'NONE', ( #4420, #4421, #4520, #4427 ) ) ;
#4714 = VERTEX_POINT ( 'NONE', #4380 ) ;
#4715 = CARTESIAN_POINT ( 'NONE',  ( -2.900000000000004800, 3.280350850198276100, 9.999999999999989300 ) ) ;
#4716 = EDGE_CURVE ( 'NONE', #5139, #4346, #1743, .T. ) ;
#4717 = DIRECTION ( 'NONE',  ( 0.0000000000000000000, 0.0000000000000000000, 1.000000000000000000 ) ) ;
#4718 = ORIENTED_EDGE ( 'NONE', *, *, #1513, .F. ) ;
#4719 = PRESENTATION_LAYER_ASSIGNMENT (  '', '', ( #2848 ) ) ;
#4720 = EDGE_LOOP ( 'NONE', ( #1498, #4946, #4161, #7047 ) ) ;
#4721 = FACE_OUTER_BOUND ( 'NONE', #879, .T. ) ;
#4722 = CARTESIAN_POINT ( 'NONE',  ( 13.09999999999999600, 1.000000000000000000, 8.600000000000003200 ) ) ;
#4723 = DIRECTION ( 'NONE',  ( 0.0000000000000000000, 0.0000000000000000000, -1.000000000000000000 ) ) ;
#4724 = STYLED_ITEM ( 'NONE', ( #2685 ), #588 ) ;
#4725 = EDGE_LOOP ( 'NONE', ( #1137, #5053, #5850, #2588 ) ) ;
#4726 = LINE ( 'NONE', #794, #3862 ) ;
#4727 = CARTESIAN_POINT ( 'NONE',  ( 10.89999999999999500, 1.000000000000000000, 8.599999999999999600 ) ) ;
#4728 = CARTESIAN_POINT ( 'NONE',  ( -6.000000000000005300, 0.0000000000000000000, 9.999999999999994700 ) ) ;
#4729 = LINE ( 'NONE', #5102, #2906 ) ;
#4730 = AXIS2_PLACEMENT_3D ( 'NONE', #5968, #5007, #1079 ) ;
#4731 = DIRECTION ( 'NONE',  ( 0.0000000000000000000, 1.000000000000000000, 0.0000000000000000000 ) ) ;
#4732 = ORIENTED_EDGE ( 'NONE', *, *, #1937, .F. ) ;
#4733 = ADVANCED_FACE ( 'NONE', ( #3368 ), #3074, .F. ) ;
#4734 = LINE ( 'NONE', #2382, #3248 ) ;
#4735 = EDGE_CURVE ( 'NONE', #5953, #6926, #5996, .T. ) ;
#4736 = ORIENTED_EDGE ( 'NONE', *, *, #4665, .T. ) ;
#4737 = ADVANCED_FACE ( 'NONE', ( #1562 ), #6761, .T. ) ;
#4738 =( NAMED_UNIT ( * ) PLANE_ANGLE_UNIT ( ) SI_UNIT ( $, .RADIAN. ) );
#4739 = VERTEX_POINT ( 'NONE', #3210 ) ;
#4740 = VECTOR ( 'NONE', #5169, 1000.000000000000000 ) ;
#4741 = CARTESIAN_POINT ( 'NONE',  ( -18.05000000000000400, 3.750000000000000000, -9.014078975515722900 ) ) ;
#4742 = DIRECTION ( 'NONE',  ( -1.369518533665900300E-016, 0.0000000000000000000, -1.000000000000000000 ) ) ;
#4743 = EDGE_LOOP ( 'NONE', ( #6040, #1383, #3469, #2802 ) ) ;
#4744 = EDGE_CURVE ( 'NONE', #6923, #5732, #5532, .T. ) ;
#4745 = EDGE_LOOP ( 'NONE', ( #6718, #2756, #3256, #5852 ) ) ;
#4746 = FACE_OUTER_BOUND ( 'NONE', #690, .T. ) ;
#4747 = CARTESIAN_POINT ( 'NONE',  ( 10.89999999999999500, 1.000000000000000900, -9.999999999999978700 ) ) ;
#4748 = EDGE_CURVE ( 'NONE', #2210, #791, #3804, .T. ) ;
#4749 = DIRECTION ( 'NONE',  ( 0.0000000000000000000, 1.000000000000000000, 0.0000000000000000000 ) ) ;
#4750 = VECTOR ( 'NONE', #3271, 1000.000000000000000 ) ;
#4751 = ORIENTED_EDGE ( 'NONE', *, *, #2890, .F. ) ;
#4752 = EDGE_LOOP ( 'NONE', ( #191, #1990, #5236, #2407 ) ) ;
#4753 = CIRCLE ( 'NONE', #1501, 0.5999999999999998700 ) ;
#4754 = CARTESIAN_POINT ( 'NONE',  ( 5.099999999999995200, 1.000000000000000000, -10.00000000000000200 ) ) ;
#4755 = DIRECTION ( 'NONE',  ( 1.000000000000000000, -3.652049423109063300E-015, -4.192941221567185900E-032 ) ) ;
#4756 = VECTOR ( 'NONE', #105, 1000.000000000000000 ) ;
#4757 = LINE ( 'NONE', #6732, #6716 ) ;
#4758 = ORIENTED_EDGE ( 'NONE', *, *, #77, .F. ) ;
#4759 = EDGE_CURVE ( 'NONE', #1250, #2897, #6528, .T. ) ;
#4760 = ORIENTED_EDGE ( 'NONE', *, *, #6668, .F. ) ;
#4761 = VECTOR ( 'NONE', #3437, 1000.000000000000000 ) ;
#4762 = DIRECTION ( 'NONE',  ( 0.0000000000000000000, 0.0000000000000000000, -1.000000000000000000 ) ) ;
#4763 = LINE ( 'NONE', #3939, #4944 ) ;
#4764 = CARTESIAN_POINT ( 'NONE',  ( 17.97939028539227700, 3.825656294836591500, -9.016500844680898300 ) ) ;
#4765 = VECTOR ( 'NONE', #2164, 1000.000000000000000 ) ;
#4766 = CARTESIAN_POINT ( 'NONE',  ( 10.59999999999999400, 0.0000000000000000000, -9.999999999999978700 ) ) ;
#4767 = DIRECTION ( 'NONE',  ( 1.000000000000000000, 0.0000000000000000000, 0.0000000000000000000 ) ) ;
#4768 = ORIENTED_EDGE ( 'NONE', *, *, #2108, .T. ) ;
#4769 = PLANE ( 'NONE',  #394 ) ;
#4770 = ORIENTED_EDGE ( 'NONE', *, *, #1100, .T. ) ;
#4771 = VECTOR ( 'NONE', #6218, 1000.000000000000000 ) ;
#4772 = CARTESIAN_POINT ( 'NONE',  ( -18.03922269036098300, 3.802198665876327600, -8.992719317010479300 ) ) ;
#4773 = CARTESIAN_POINT ( 'NONE',  ( -6.900000000000003000, 1.000000000000000000, 8.599999999999994300 ) ) ;
#4774 = VECTOR ( 'NONE', #7165, 1000.000000000000000 ) ;
#4775 = CARTESIAN_POINT ( 'NONE',  ( 9.099999999999996100, 1.000000000000000000, -8.600000000000003200 ) ) ;
#4776 = VERTEX_POINT ( 'NONE', #2227 ) ;
#4777 = LINE ( 'NONE', #5838, #4864 ) ;
#4778 = CARTESIAN_POINT ( 'NONE',  ( 8.000000000000008900, 1.000000000000000000, 8.599999999999989000 ) ) ;
#4779 = CARTESIAN_POINT ( 'NONE',  ( -9.100000000000005000, 0.0000000000000000000, 9.999999999999998200 ) ) ;
#4780 = ORIENTED_EDGE ( 'NONE', *, *, #5936, .F. ) ;
#4781 = DIRECTION ( 'NONE',  ( -0.0000000000000000000, 0.0000000000000000000, 1.000000000000000000 ) ) ;
#4782 = VECTOR ( 'NONE', #163, 1000.000000000000000 ) ;
#4783 = DIRECTION ( 'NONE',  ( -1.000000000000000000, -4.765723835101052200E-017, -2.066803254193004800E-031 ) ) ;
#4784 = ORIENTED_EDGE ( 'NONE', *, *, #3548, .F. ) ;
#4785 = EDGE_CURVE ( 'NONE', #641, #1754, #1649, .T. ) ;
#4786 = ORIENTED_EDGE ( 'NONE', *, *, #3211, .T. ) ;
#4787 = DIRECTION ( 'NONE',  ( 0.0000000000000000000, 0.0000000000000000000, 1.000000000000000000 ) ) ;
#4788 = AXIS2_PLACEMENT_3D ( 'NONE', #4013, #1326, #5096 ) ;
#4789 = ORIENTED_EDGE ( 'NONE', *, *, #3340, .F. ) ;
#4790 = ORIENTED_EDGE ( 'NONE', *, *, #3069, .T. ) ;
#4791 = ORIENTED_EDGE ( 'NONE', *, *, #2462, .T. ) ;
#4792 = CARTESIAN_POINT ( 'NONE',  ( -14.90000000000000400, 3.280350850198276100, -8.600000000000001400 ) ) ;
#4793 = EDGE_CURVE ( 'NONE', #2538, #1728, #2933, .T. ) ;
#4794 = FILL_AREA_STYLE_COLOUR ( '', #787 ) ;
#4795 = DIRECTION ( 'NONE',  ( 1.000000000000000000, 0.0000000000000000000, 1.239088197126290900E-015 ) ) ;
#4797 = EDGE_CURVE ( 'NONE', #803, #2226, #3892, .T. ) ;
#4796 = PLANE ( 'NONE',  #877 ) ;
#4798 = PLANE ( 'NONE',  #4205 ) ;
#4799 = ORIENTED_EDGE ( 'NONE', *, *, #2763, .T. ) ;
#4800 = LINE ( 'NONE', #2758, #4543 ) ;
#4801 = CARTESIAN_POINT ( 'NONE',  ( 18.17305672590244500, 3.880496664690821000, -8.992719317010484700 ) ) ;
#4802 = EDGE_LOOP ( 'NONE', ( #1018, #6739, #4835, #5361 ) ) ;
#4803 = CARTESIAN_POINT ( 'NONE',  ( 1.399999999999995000, 1.000000000000000900, -9.999999999999985800 ) ) ;
#4804 = ORIENTED_EDGE ( 'NONE', *, *, #6556, .F. ) ;
#4805 = ADVANCED_FACE ( 'NONE', ( #1299 ), #5589, .F. ) ;
#4806 = EDGE_CURVE ( 'NONE', #1648, #3567, #4667, .T. ) ;
#4807 = ADVANCED_FACE ( 'NONE', ( #688 ), #617, .F. ) ;
#4808 = MANIFOLD_SOLID_BREP ( 'Mirror2[1]', #4181 ) ;
#4809 = CARTESIAN_POINT ( 'NONE',  ( 1.099999999999996800, 3.280350850198276100, 8.599999999999985400 ) ) ;
#4810 = ADVANCED_FACE ( 'NONE', ( #947 ), #6283, .F. ) ;
#4811 = DIRECTION ( 'NONE',  ( 2.655529440325944800E-031, 6.123233995736766000E-017, 1.000000000000000000 ) ) ;
#4812 = DIRECTION ( 'NONE',  ( 1.239088197126290700E-015, 0.0000000000000000000, 1.000000000000000000 ) ) ;
#4813 = AXIS2_PLACEMENT_3D ( 'NONE', #60, #1895, #1351 ) ;
#4814 = DIRECTION ( 'NONE',  ( -1.000000000000000000, -0.0000000000000000000, 0.0000000000000000000 ) ) ;
#4815 = PLANE ( 'NONE',  #587 ) ;
#4816 = PLANE ( 'NONE',  #4 ) ;
#4817 = LINE ( 'NONE', #4988, #6506 ) ;
#4818 = CARTESIAN_POINT ( 'NONE',  ( 14.89999999999999500, 0.0000000000000000000, -8.600000000000003200 ) ) ;
#4819 = CARTESIAN_POINT ( 'NONE',  ( 1.399999999999995000, 3.280350850198276100, 9.999999999999985800 ) ) ;
#4820 = CARTESIAN_POINT ( 'NONE',  ( 13.09999999999999600, 1.000000000000000000, 9.999999999999973400 ) ) ;
#4821 = CARTESIAN_POINT ( 'NONE',  ( 17.97436077778565500, 3.847739216651304700, -8.959945713653962000 ) ) ;
#4822 = CARTESIAN_POINT ( 'NONE',  ( 5.399999999999995000, 3.280350850198276100, 9.999999999999982200 ) ) ;
#4823 = ORIENTED_EDGE ( 'NONE', *, *, #2833, .F. ) ;
#4824 = VECTOR ( 'NONE', #4636, 1000.000000000000000 ) ;
#4825 = ORIENTED_EDGE ( 'NONE', *, *, #6595, .T. ) ;
#4826 = ORIENTED_EDGE ( 'NONE', *, *, #6977, .F. ) ;
#4827 = ORIENTED_EDGE ( 'NONE', *, *, #286, .F. ) ;
#4828 = CIRCLE ( 'NONE', #6081, 0.5999999999999998700 ) ;
#4829 = EDGE_CURVE ( 'NONE', #2270, #3938, #4936, .T. ) ;
#4830 = LINE ( 'NONE', #6440, #5983 ) ;
#4831 = EDGE_CURVE ( 'NONE', #2538, #641, #3173, .T. ) ;
#4832 = PLANE ( 'NONE',  #4730 ) ;
#4833 = CARTESIAN_POINT ( 'NONE',  ( 1.099999999999995000, 1.000000000000000000, 8.600000000000003200 ) ) ;
#4834 = CARTESIAN_POINT ( 'NONE',  ( 9.999999999999994700, 0.0000000000000000000, 9.999999999999978700 ) ) ;
#4835 = ORIENTED_EDGE ( 'NONE', *, *, #5450, .F. ) ;
#4836 =( GEOMETRIC_REPRESENTATION_CONTEXT ( 3 ) GLOBAL_UNCERTAINTY_ASSIGNED_CONTEXT ( ( #1051 ) ) GLOBAL_UNIT_ASSIGNED_CONTEXT ( ( #2441, #2973, #6347 ) ) REPRESENTATION_CONTEXT ( 'NONE', 'WORKASPACE' ) );
#4837 =( NAMED_UNIT ( * ) SI_UNIT ( $, .STERADIAN. ) SOLID_ANGLE_UNIT ( ) );
#4838 = EDGE_LOOP ( 'NONE', ( #176, #4061, #3129, #2162 ) ) ;
#4839 = DIRECTION ( 'NONE',  ( -0.0000000000000000000, -1.000000000000000000, 0.0000000000000000000 ) ) ;
#4840 = CARTESIAN_POINT ( 'NONE',  ( -5.100000000000005900, 1.000000000000000000, 0.0000000000000000000 ) ) ;
#4841 = VECTOR ( 'NONE', #4093, 1000.000000000000000 ) ;
#4842 = CARTESIAN_POINT ( 'NONE',  ( -5.100000000000005900, 1.000000000000000000, -8.600000000000003200 ) ) ;
#4843 = LINE ( 'NONE', #2059, #3363 ) ;
#4844 = CARTESIAN_POINT ( 'NONE',  ( 18.04848499999999600, 3.750000000000000000, -9.014078975515722900 ) ) ;
#4845 = EDGE_CURVE ( 'NONE', #3111, #6617, #6092, .T. ) ;
#4846 = LINE ( 'NONE', #4209, #3181 ) ;
#4847 = FILL_AREA_STYLE ('',( #4873 ) ) ;
#4848 = CARTESIAN_POINT ( 'NONE',  ( 18.99999999999999600, 1.000000000000000000, 9.999999999999998200 ) ) ;
#4849 = FACE_OUTER_BOUND ( 'NONE', #45, .T. ) ;
#4850 = VECTOR ( 'NONE', #6011, 1000.000000000000000 ) ;
#4851 = CARTESIAN_POINT ( 'NONE',  ( -18.05000000000000400, 3.762098454623682600, -9.009143538856081400 ) ) ;
#4852 = EDGE_LOOP ( 'NONE', ( #2577, #6559, #7108, #359 ) ) ;
#4853 = LINE ( 'NONE', #3252, #3190 ) ;
#4854 = CARTESIAN_POINT ( 'NONE',  ( 17.98515657505956600, 3.844394482538484600, 8.964521510247509500 ) ) ;
#4855 = AXIS2_PLACEMENT_3D ( 'NONE', #4453, #6696, #2847 ) ;
#4856 = ORIENTED_EDGE ( 'NONE', *, *, #7018, .F. ) ;
#4857 = LINE ( 'NONE', #5629, #4329 ) ;
#4858 = CARTESIAN_POINT ( 'NONE',  ( -14.00000000000000500, 3.280350850198276100, 10.00000000000000200 ) ) ;
#4859 = DIRECTION ( 'NONE',  ( 0.0000000000000000000, 0.0000000000000000000, -1.000000000000000000 ) ) ;
#4860 = LINE ( 'NONE', #669, #4959 ) ;
#4861 = VERTEX_POINT ( 'NONE', #2952 ) ;
#4862 = CARTESIAN_POINT ( 'NONE',  ( -18.04848500000000300, 3.775845182505164200, -9.003373464467115300 ) ) ;
#4863 = ORIENTED_EDGE ( 'NONE', *, *, #1851, .F. ) ;
#4864 = VECTOR ( 'NONE', #1906, 1000.000000000000000 ) ;
#4865 = DIRECTION ( 'NONE',  ( -1.000000000000000000, -8.758115402030106700E-047, 1.429717150530335400E-016 ) ) ;
#4866 = AXIS2_PLACEMENT_3D ( 'NONE', #3388, #1255, #4561 ) ;
#4867 = B_SPLINE_CURVE_WITH_KNOTS ( 'NONE', 3,
 ( #2198, #4930, #3740, #6548, #6022, #6577, #3191, #3163, #443, #2666, #4854, #1572, #1645, #4310, #1538, #5422 ),
 .UNSPECIFIED., .F., .F.,
 ( 4, 3, 3, 3, 3, 4 ),
 ( 0.0000000000000000000, 3.919923792274112200E-005, 7.839866981027365600E-005, 0.0001175819989964590300, 0.0001567683997081089500, 0.0001687383463062315300 ),
 .UNSPECIFIED. ) ;
#4868 = VECTOR ( 'NONE', #5950, 1000.000000000000000 ) ;
#4869 = DIRECTION ( 'NONE',  ( -0.0000000000000000000, -1.000000000000000000, -0.0000000000000000000 ) ) ;
#4870 = CARTESIAN_POINT ( 'NONE',  ( 18.04999999999999700, 3.750000000000000000, -9.014078975515722900 ) ) ;
#4871 = VERTEX_POINT ( 'NONE', #2412 ) ;
#4872 = ORIENTED_EDGE ( 'NONE', *, *, #1755, .F. ) ;
#4873 = FILL_AREA_STYLE_COLOUR ( '', #647 ) ;
#4874 = CARTESIAN_POINT ( 'NONE',  ( 16.00000000000000000, 1.000000000000000000, 1.561251128379126400E-014 ) ) ;
#4875 = ORIENTED_EDGE ( 'NONE', *, *, #17, .T. ) ;
#4876 = EDGE_LOOP ( 'NONE', ( #6496, #1245, #991, #3998 ) ) ;
#4877 = DIRECTION ( 'NONE',  ( -0.0000000000000000000, -1.000000000000000000, 0.0000000000000000000 ) ) ;
#4878 = ADVANCED_FACE ( 'NONE', ( #5552 ), #214, .F. ) ;
#4879 = EDGE_CURVE ( 'NONE', #4882, #4604, #322, .T. ) ;
#4880 = LINE ( 'NONE', #4840, #994 ) ;
#4881 = VERTEX_POINT ( 'NONE', #195 ) ;
#4882 = VERTEX_POINT ( 'NONE', #6929 ) ;
#4883 = AXIS2_PLACEMENT_3D ( 'NONE', #3472, #1262, #5676 ) ;
#4884 = CARTESIAN_POINT ( 'NONE',  ( -5.100000000000005900, 0.0000000000000000000, -8.600000000000003200 ) ) ;
#4885 = ADVANCED_FACE ( 'NONE', ( #4067 ), #1318, .T. ) ;
#4886 = DIRECTION ( 'NONE',  ( 0.0000000000000000000, -1.000000000000000000, 0.0000000000000000000 ) ) ;
#4887 = ADVANCED_FACE ( 'NONE', ( #590 ), #5332, .F. ) ;
#4888 = ORIENTED_EDGE ( 'NONE', *, *, #3668, .F. ) ;
#4889 = FACE_OUTER_BOUND ( 'NONE', #2025, .T. ) ;
#4890 = EDGE_CURVE ( 'NONE', #5234, #4714, #508, .T. ) ;
#4891 = CARTESIAN_POINT ( 'NONE',  ( 10.89999999999999500, 4.000000000000000000, 8.599999999999999600 ) ) ;
#4892 = DIRECTION ( 'NONE',  ( 3.652049423109063300E-015, -1.000000000000000000, 0.0000000000000000000 ) ) ;
#4894 = EDGE_CURVE ( 'NONE', #3064, #3809, #2757, .T. ) ;
#4893 = CARTESIAN_POINT ( 'NONE',  ( -2.000000000000005300, 0.0000000000000000000, -9.999999999999989300 ) ) ;
#4895 = ORIENTED_EDGE ( 'NONE', *, *, #5567, .T. ) ;
#4896 = MECHANICAL_DESIGN_GEOMETRIC_PRESENTATION_REPRESENTATION (  '', ( #2296 ), #427 ) ;
#4897 = ORIENTED_EDGE ( 'NONE', *, *, #3253, .T. ) ;
#4898 = CARTESIAN_POINT ( 'NONE',  ( 17.97135965850523200, 3.973056725902452500, 9.080496664690818100 ) ) ;
#4899 = CARTESIAN_POINT ( 'NONE',  ( -18.01602277010815500, 4.001499999999999200, 8.960709083152346800 ) ) ;
#4900 = PLANE ( 'NONE',  #3457 ) ;
#4901 = CARTESIAN_POINT ( 'NONE',  ( -17.96120838201508700, 3.849369875579089500, -8.954584150007248100 ) ) ;
#4902 = MANIFOLD_SOLID_BREP ( 'Mirror2[4]', #3219 ) ;
#4903 = AXIS2_PLACEMENT_3D ( 'NONE', #3020, #6430, #2450 ) ;
#4904 = DIRECTION ( 'NONE',  ( 0.0000000000000000000, 0.0000000000000000000, -1.000000000000000000 ) ) ;
#4905 = VECTOR ( 'NONE', #1464, 1000.000000000000000 ) ;
#4906 = DIRECTION ( 'NONE',  ( -0.0000000000000000000, -1.000000000000000000, 0.0000000000000000000 ) ) ;
#4907 = CARTESIAN_POINT ( 'NONE',  ( -2.900000000000004800, 1.000000000000000000, -8.600000000000003200 ) ) ;
#4908 = CARTESIAN_POINT ( 'NONE',  ( -14.90000000000000400, 0.0000000000000000000, 8.600000000000001400 ) ) ;
#4909 = DIRECTION ( 'NONE',  ( 1.000000000000000000, -0.0000000000000000000, 9.637352644315598700E-016 ) ) ;
#4910 = AXIS2_PLACEMENT_3D ( 'NONE', #246, #1273, #5187 ) ;
#4911 = FACE_OUTER_BOUND ( 'NONE', #4852, .T. ) ;
#4912 = ADVANCED_FACE ( 'NONE', ( #6879 ), #3598, .F. ) ;
#4913 = DIRECTION ( 'NONE',  ( 9.531447670202236200E-017, -3.652049423109063300E-015, 1.000000000000000000 ) ) ;
#4914 = DIRECTION ( 'NONE',  ( 1.239088197126290700E-015, 0.0000000000000000000, -1.000000000000000000 ) ) ;
#4915 = DIRECTION ( 'NONE',  ( 0.0000000000000000000, 0.0000000000000000000, 1.000000000000000000 ) ) ;
#4916 = B_SPLINE_CURVE_WITH_KNOTS ( 'NONE', 3,
 ( #4021, #6722, #625, #6147, #3426, #3944 ),
 .UNSPECIFIED., .F., .F.,
 ( 4, 2, 4 ),
 ( 1.734723475976807100E-018, 0.0001982799521481211300, 0.0003965599042962405300 ),
 .UNSPECIFIED. ) ;
#4917 = ORIENTED_EDGE ( 'NONE', *, *, #3161, .F. ) ;
#4918 = LINE ( 'NONE', #2755, #1209 ) ;
#4919 = DIRECTION ( 'NONE',  ( -1.000000000000000000, 0.0000000000000000000, 0.0000000000000000000 ) ) ;
#4920 = PLANE ( 'NONE',  #3243 ) ;
#4921 = DIRECTION ( 'NONE',  ( -1.000000000000000000, 0.0000000000000000000, 9.637352644315598700E-016 ) ) ;
#4922 = CARTESIAN_POINT ( 'NONE',  ( 0.0000000000000000000, 4.000000000000000000, 0.0000000000000000000 ) ) ;
#4923 = CARTESIAN_POINT ( 'NONE',  ( -6.600000000000005000, 3.280350850198276100, -9.999999999999994700 ) ) ;
#4924 = EDGE_CURVE ( 'NONE', #3891, #1698, #2073, .T. ) ;
#4925 = ORIENTED_EDGE ( 'NONE', *, *, #4385, .T. ) ;
#4926 = CARTESIAN_POINT ( 'NONE',  ( -17.98515657505957700, 3.844394482538484600, -8.964521510247509500 ) ) ;
#4927 = AXIS2_PLACEMENT_3D ( 'NONE', #2225, #6760, #3333 ) ;
#4928 = ORIENTED_EDGE ( 'NONE', *, *, #4311, .F. ) ;
#4929 = FACE_OUTER_BOUND ( 'NONE', #5877, .T. ) ;
#4930 = CARTESIAN_POINT ( 'NONE',  ( 18.04999999999999700, 3.762098454623682600, 9.009143538856079700 ) ) ;
#4931 = CARTESIAN_POINT ( 'NONE',  ( -10.90000000000000600, 0.0000000000000000000, 10.00000000000000200 ) ) ;
#4932 = ORIENTED_EDGE ( 'NONE', *, *, #2060, .T. ) ;
#4933 = CARTESIAN_POINT ( 'NONE',  ( -5.100000000000005900, 4.000000000000000000, 8.599999999999999600 ) ) ;
#4934 = EDGE_CURVE ( 'NONE', #6903, #4596, #4753, .T. ) ;
#4935 = ORIENTED_EDGE ( 'NONE', *, *, #4031, .T. ) ;
#4936 = LINE ( 'NONE', #5730, #6703 ) ;
#4937 = DIRECTION ( 'NONE',  ( 0.0000000000000000000, -1.000000000000000000, 0.0000000000000000000 ) ) ;
#4938 = EDGE_CURVE ( 'NONE', #3051, #3784, #4589, .T. ) ;
#4939 = VECTOR ( 'NONE', #1943, 1000.000000000000000 ) ;
#4940 = DIRECTION ( 'NONE',  ( -0.0000000000000000000, -1.000000000000000000, -0.0000000000000000000 ) ) ;
#4941 = ORIENTED_EDGE ( 'NONE', *, *, #5705, .T. ) ;
#4942 = FACE_OUTER_BOUND ( 'NONE', #3970, .T. ) ;
#4943 = CARTESIAN_POINT ( 'NONE',  ( -2.900000000000004800, 0.0000000000000000000, -8.600000000000003200 ) ) ;
#4944 = VECTOR ( 'NONE', #5003, 1000.000000000000000 ) ;
#4945 = DIRECTION ( 'NONE',  ( 1.000000000000000000, 0.0000000000000000000, 0.0000000000000000000 ) ) ;
#4946 = ORIENTED_EDGE ( 'NONE', *, *, #271, .F. ) ;
#4947 = DIRECTION ( 'NONE',  ( -3.652049423109063300E-015, -1.000000000000000000, 6.123233995736766000E-017 ) ) ;
#4948 = EDGE_CURVE ( 'NONE', #2489, #5732, #5362, .T. ) ;
#4949 = ORIENTED_EDGE ( 'NONE', *, *, #5127, .F. ) ;
#4950 = VECTOR ( 'NONE', #2352, 1000.000000000000000 ) ;
#4951 = DIRECTION ( 'NONE',  ( 0.0000000000000000000, 1.000000000000000000, 0.0000000000000000000 ) ) ;
#4952 = CYLINDRICAL_SURFACE ( 'NONE', #1431, 0.09999999999999939500 ) ;
#4953 = EDGE_LOOP ( 'NONE', ( #7210, #3445, #1289, #982 ) ) ;
#4954 = ORIENTED_EDGE ( 'NONE', *, *, #4277, .T. ) ;
#4955 = LINE ( 'NONE', #2185, #1588 ) ;
#4956 = CARTESIAN_POINT ( 'NONE',  ( -6.900000000000004800, 1.000000000000000000, 9.999999999999994700 ) ) ;
#4957 = CARTESIAN_POINT ( 'NONE',  ( -17.96070551104860500, 3.848484999999998800, -8.975845182505166200 ) ) ;
#4958 = AXIS2_PLACEMENT_3D ( 'NONE', #2637, #5388, #6495 ) ;
#4959 = VECTOR ( 'NONE', #2865, 1000.000000000000000 ) ;
#4960 = VERTEX_POINT ( 'NONE', #4766 ) ;
#4961 = ORIENTED_EDGE ( 'NONE', *, *, #472, .T. ) ;
#4962 = DIRECTION ( 'NONE',  ( -0.0000000000000000000, -1.000000000000000000, -0.0000000000000000000 ) ) ;
#4963 = EDGE_LOOP ( 'NONE', ( #6250, #1541, #5938, #2333 ) ) ;
#4964 = ORIENTED_EDGE ( 'NONE', *, *, #5392, .F. ) ;
#4965 = CARTESIAN_POINT ( 'NONE',  ( 13.09999999999999600, 3.280350850198276100, 9.999999999999973400 ) ) ;
#4966 = DIRECTION ( 'NONE',  ( 9.130123557772669600E-017, -0.0000000000000000000, 1.000000000000000000 ) ) ;
#4967 = ORIENTED_EDGE ( 'NONE', *, *, #6641, .F. ) ;
#4968 = VERTEX_POINT ( 'NONE', #4204 ) ;
#4969 = ORIENTED_EDGE ( 'NONE', *, *, #5550, .F. ) ;
#4970 = DIRECTION ( 'NONE',  ( 0.0000000000000000000, 0.0000000000000000000, -1.000000000000000000 ) ) ;
#4971 = ORIENTED_EDGE ( 'NONE', *, *, #5392, .T. ) ;
#4972 = ORIENTED_EDGE ( 'NONE', *, *, #1707, .T. ) ;
#4973 = B_SPLINE_CURVE_WITH_KNOTS ( 'NONE', 3,
 ( #5535, #7232, #1129, #5564, #2902, #3949, #1220, #2301, #6775, #62, #115, #4497, #3971, #4003, #677, #656 ),
 .UNSPECIFIED., .F., .F.,
 ( 4, 3, 3, 3, 3, 4 ),
 ( 0.0000000000000000000, 3.919923792274879200E-005, 7.839866981029580100E-005, 0.0001175819989964697700, 0.0001567683997081204400, 0.0001687383463062337500 ),
 .UNSPECIFIED. ) ;
#4974 = CARTESIAN_POINT ( 'NONE',  ( 10.89999999999999500, 1.000000000000000000, -8.600000000000003200 ) ) ;
#4975 = DIRECTION ( 'NONE',  ( 1.000000000000000000, 0.0000000000000000000, 0.0000000000000000000 ) ) ;
#4976 = FILL_AREA_STYLE_COLOUR ( '', #4182 ) ;
#4977 = CARTESIAN_POINT ( 'NONE',  ( 1.099999999999995000, 0.0000000000000000000, -9.999999999999985800 ) ) ;
#4978 = CARTESIAN_POINT ( 'NONE',  ( -17.95374256207296400, 3.849999999999998800, -8.951526738631532300 ) ) ;
#4979 = ORIENTED_EDGE ( 'NONE', *, *, #483, .F. ) ;
#4980 = LINE ( 'NONE', #1910, #2628 ) ;
#4981 = EDGE_CURVE ( 'NONE', #4881, #2822, #1125, .T. ) ;
#4982 = CARTESIAN_POINT ( 'NONE',  ( -14.90000000000000600, 1.000000000000000000, 10.00000000000000200 ) ) ;
#4983 = EDGE_CURVE ( 'NONE', #6617, #4346, #2749, .T. ) ;
#4984 = CARTESIAN_POINT ( 'NONE',  ( -17.97135965850523900, 3.973056725902452500, -9.080496664690818100 ) ) ;
#4985 = ORIENTED_EDGE ( 'NONE', *, *, #3629, .T. ) ;
#4986 = AXIS2_PLACEMENT_3D ( 'NONE', #1444, #248, #4131 ) ;
#4987 = CARTESIAN_POINT ( 'NONE',  ( 6.899999999999995000, 1.000000000000000000, -10.00000000000000200 ) ) ;
#4988 = CARTESIAN_POINT ( 'NONE',  ( 5.099999999999995200, 0.0000000000000000000, -9.999999999999982200 ) ) ;
#4989 = EDGE_CURVE ( 'NONE', #3394, #3213, #5277, .T. ) ;
#4990 = DIRECTION ( 'NONE',  ( 1.000000000000000000, 0.0000000000000000000, -0.0000000000000000000 ) ) ;
#4991 = EDGE_CURVE ( 'NONE', #3302, #7158, #859, .T. ) ;
#4992 = VECTOR ( 'NONE', #6844, 1000.000000000000000 ) ;
#4993 = CARTESIAN_POINT ( 'NONE',  ( -18.17279976525511700, 3.880768558391735700, 8.992658319983377200 ) ) ;
#4994 = CARTESIAN_POINT ( 'NONE',  ( -18.03787096660201400, 3.801407856088301300, 8.992719317010481100 ) ) ;
#4995 = DIRECTION ( 'NONE',  ( 0.0000000000000000000, 1.000000000000000000, 0.0000000000000000000 ) ) ;
#4996 = CARTESIAN_POINT ( 'NONE',  ( 13.39999999999999500, 3.280350850198276100, -9.999999999999973400 ) ) ;
#4997 = CARTESIAN_POINT ( 'NONE',  ( 1.099999999999995000, 1.000000000000000000, 0.0000000000000000000 ) ) ;
#4998 = CARTESIAN_POINT ( 'NONE',  ( -2.900000000000003500, 3.280350850198276100, 8.599999999999989000 ) ) ;
#4999 = ADVANCED_FACE ( 'NONE', ( #5458 ), #3066, .F. ) ;
#5000 = VECTOR ( 'NONE', #919, 1000.000000000000000 ) ;
#5001 = AXIS2_PLACEMENT_3D ( 'NONE', #1356, #2957, #2447 ) ;
#5002 = ADVANCED_FACE ( 'NONE', ( #4746 ), #4215, .F. ) ;
#5003 = DIRECTION ( 'NONE',  ( -0.0000000000000000000, -1.000000000000000000, -0.0000000000000000000 ) ) ;
#5004 = CARTESIAN_POINT ( 'NONE',  ( -13.40000000000000600, 0.0000000000000000000, -10.00000000000000200 ) ) ;
#5005 = ORIENTED_EDGE ( 'NONE', *, *, #1001, .T. ) ;
#5006 = FACE_OUTER_BOUND ( 'NONE', #3850, .T. ) ;
#5007 = DIRECTION ( 'NONE',  ( 0.0000000000000000000, 0.0000000000000000000, -1.000000000000000000 ) ) ;
#5008 = DIRECTION ( 'NONE',  ( 9.637352644315598700E-016, 0.0000000000000000000, -1.000000000000000000 ) ) ;
#5009 = EDGE_LOOP ( 'NONE', ( #4262, #1936, #6885, #767 ) ) ;
#5010 = AXIS2_PLACEMENT_3D ( 'NONE', #2037, #5394, #1520 ) ;
#5011 = DIRECTION ( 'NONE',  ( 1.000000000000000000, -0.0000000000000000000, -1.369518533665900300E-016 ) ) ;
#5012 = VERTEX_POINT ( 'NONE', #3768 ) ;
#5013 = LINE ( 'NONE', #3821, #4141 ) ;
#5014 = VERTEX_POINT ( 'NONE', #2643 ) ;
#5015 = VECTOR ( 'NONE', #5605, 1000.000000000000000 ) ;
#5016 = SURFACE_STYLE_USAGE ( .BOTH. , #4454 ) ;
#5017 = CARTESIAN_POINT ( 'NONE',  ( -14.90000000000000600, 4.000000000000000000, -10.00000000000000200 ) ) ;
#5018 = VERTEX_POINT ( 'NONE', #5929 ) ;
#5019 = SURFACE_STYLE_FILL_AREA ( #6699 ) ;
#5020 = DIRECTION ( 'NONE',  ( 1.000000000000000000, -0.0000000000000000000, -1.369518533665900300E-016 ) ) ;
#5021 = CARTESIAN_POINT ( 'NONE',  ( 18.99999999999999600, 1.000000000000000000, -10.00000000000000200 ) ) ;
#5022 = FACE_OUTER_BOUND ( 'NONE', #6584, .T. ) ;
#5023 = EDGE_CURVE ( 'NONE', #6019, #4960, #6613, .T. ) ;
#5024 = FACE_OUTER_BOUND ( 'NONE', #4680, .T. ) ;
#5025 = CARTESIAN_POINT ( 'NONE',  ( 13.09999999999999600, 1.000000000000000000, 9.999999999999973400 ) ) ;
#5026 = FACE_OUTER_BOUND ( 'NONE', #6437, .T. ) ;
#5027 = VERTEX_POINT ( 'NONE', #4833 ) ;
#5028 = VECTOR ( 'NONE', #1935, 1000.000000000000000 ) ;
#5029 = VECTOR ( 'NONE', #3889, 1000.000000000000000 ) ;
#5030 = DIRECTION ( 'NONE',  ( 9.130123557772669600E-017, -0.0000000000000000000, 1.000000000000000000 ) ) ;
#5031 = ORIENTED_EDGE ( 'NONE', *, *, #6305, .F. ) ;
#5032 = EDGE_CURVE ( 'NONE', #3119, #3979, #1294, .T. ) ;
#5033 = VECTOR ( 'NONE', #1789, 1000.000000000000000 ) ;
#5034 = CARTESIAN_POINT ( 'NONE',  ( -14.90000000000000600, 0.0000000000000000000, -10.00000000000000200 ) ) ;
#5035 = EDGE_CURVE ( 'NONE', #5889, #6921, #1818, .T. ) ;
#5036 = FACE_OUTER_BOUND ( 'NONE', #895, .T. ) ;
#5037 = DIRECTION ( 'NONE',  ( 0.0000000000000000000, 0.0000000000000000000, -1.000000000000000000 ) ) ;
#5038 = CARTESIAN_POINT ( 'NONE',  ( -18.01407897551572600, 3.849999999999998300, 8.950000000000001100 ) ) ;
#5039 = VECTOR ( 'NONE', #4063, 1000.000000000000000 ) ;
#5040 = AXIS2_PLACEMENT_3D ( 'NONE', #5047, #6700, #2281 ) ;
#5041 = UNCERTAINTY_MEASURE_WITH_UNIT (LENGTH_MEASURE( 1.000000000000000100E-005 ), #4281, 'distance_accuracy_value', 'NONE');
#5042 = VERTEX_POINT ( 'NONE', #7115 ) ;
#5043 = FACE_OUTER_BOUND ( 'NONE', #2867, .T. ) ;
#5044 = DIRECTION ( 'NONE',  ( -0.0000000000000000000, -1.000000000000000000, 0.0000000000000000000 ) ) ;
#5045 = LINE ( 'NONE', #3506, #6018 ) ;
#5046 = ADVANCED_FACE ( 'NONE', ( #2326 ), #2053, .F. ) ;
#5047 = CARTESIAN_POINT ( 'NONE',  ( -1.100000000000005400, 1.000000000000000000, -8.600000000000003200 ) ) ;
#5048 = AXIS2_PLACEMENT_3D ( 'NONE', #4678, #5318, #3602 ) ;
#5049 = PLANE ( 'NONE',  #2353 ) ;
#5050 = DIRECTION ( 'NONE',  ( -0.0000000000000000000, -1.000000000000000000, -0.0000000000000000000 ) ) ;
#5051 = ORIENTED_EDGE ( 'NONE', *, *, #5606, .F. ) ;
#5052 = ORIENTED_EDGE ( 'NONE', *, *, #6075, .T. ) ;
#5053 = ORIENTED_EDGE ( 'NONE', *, *, #3078, .F. ) ;
#5054 = ORIENTED_EDGE ( 'NONE', *, *, #1880, .F. ) ;
#5055 = ORIENTED_EDGE ( 'NONE', *, *, #5129, .T. ) ;
#5056 = ORIENTED_EDGE ( 'NONE', *, *, #4019, .F. ) ;
#5057 = CARTESIAN_POINT ( 'NONE',  ( -14.90000000000000600, 3.280350850198276100, -10.00000000000000200 ) ) ;
#5058 = PLANE ( 'NONE',  #2631 ) ;
#5059 = AXIS2_PLACEMENT_3D ( 'NONE', #4809, #2151, #6057 ) ;
#5060 = CIRCLE ( 'NONE', #697, 0.5999999999999998700 ) ;
#5061 = CARTESIAN_POINT ( 'NONE',  ( -13.40000000000000600, 3.280350850198276100, 10.00000000000000200 ) ) ;
#5062 = CARTESIAN_POINT ( 'NONE',  ( -2.900000000000004800, 0.0000000000000000000, 10.00000000000000200 ) ) ;
#5063 = ORIENTED_EDGE ( 'NONE', *, *, #4735, .F. ) ;
#5064 = ORIENTED_EDGE ( 'NONE', *, *, #1447, .F. ) ;
#5065 = LINE ( 'NONE', #2128, #6927 ) ;
#5066 = CARTESIAN_POINT ( 'NONE',  ( -2.900000000000003500, 0.0000000000000000000, -8.599999999999989000 ) ) ;
#5067 = DIRECTION ( 'NONE',  ( -1.000000000000000000, 3.491481338843133000E-015, 5.176137173774659800E-032 ) ) ;
#5068 = CARTESIAN_POINT ( 'NONE',  ( 9.099999999999997900, 0.0000000000000000000, -8.599999999999978300 ) ) ;
#5069 = ORIENTED_EDGE ( 'NONE', *, *, #1934, .T. ) ;
#5070 = VECTOR ( 'NONE', #860, 1000.000000000000000 ) ;
#5071 = CARTESIAN_POINT ( 'NONE',  ( 9.399999999999995000, 3.280350850198276100, 9.999999999999978700 ) ) ;
#5072 = DIRECTION ( 'NONE',  ( 0.0000000000000000000, 0.0000000000000000000, -1.000000000000000000 ) ) ;
#5073 = PLANE ( 'NONE',  #2709 ) ;
#5074 = PRESENTATION_LAYER_ASSIGNMENT (  '', '', ( #6593 ) ) ;
#5075 =( NAMED_UNIT ( * ) SI_UNIT ( $, .STERADIAN. ) SOLID_ANGLE_UNIT ( ) );
#5076 = CARTESIAN_POINT ( 'NONE',  ( 2.899999999999994600, 1.000000000000000000, -9.999999999999985800 ) ) ;
#5077 = DIRECTION ( 'NONE',  ( 1.000000000000000000, 0.0000000000000000000, 0.0000000000000000000 ) ) ;
#5078 = DIRECTION ( 'NONE',  ( 0.0000000000000000000, -1.000000000000000000, 3.043374519257552500E-015 ) ) ;
#5079 = ADVANCED_FACE ( 'NONE', ( #5100 ), #693, .F. ) ;
#5080 = ORIENTED_EDGE ( 'NONE', *, *, #6753, .F. ) ;
#5081 = EDGE_CURVE ( 'NONE', #3979, #4455, #3616, .T. ) ;
#5082 = DIRECTION ( 'NONE',  ( 9.637352644315598700E-016, 0.0000000000000000000, 1.000000000000000000 ) ) ;
#5083 = EDGE_CURVE ( 'NONE', #5123, #2645, #313, .T. ) ;
#5084 = CARTESIAN_POINT ( 'NONE',  ( -1.100000000000003600, 0.0000000000000000000, -10.00000000000000200 ) ) ;
#5085 = CARTESIAN_POINT ( 'NONE',  ( 18.99999999999999600, 0.0000000000000000000, 9.999999999999998200 ) ) ;
#5086 = ORIENTED_EDGE ( 'NONE', *, *, #6793, .F. ) ;
#5087 = EDGE_CURVE ( 'NONE', #3521, #3102, #6434, .T. ) ;
#5088 = AXIS2_PLACEMENT_3D ( 'NONE', #1133, #4995, #2216 ) ;
#5089 = CARTESIAN_POINT ( 'NONE',  ( 5.099999999999995200, 1.000000000000000000, 9.999999999999982200 ) ) ;
#5090 = ORIENTED_EDGE ( 'NONE', *, *, #6778, .F. ) ;
#5091 = VECTOR ( 'NONE', #5112, 1000.000000000000000 ) ;
#5092 = CARTESIAN_POINT ( 'NONE',  ( -2.900000000000004800, 1.000000000000000000, -8.600000000000003200 ) ) ;
#5093 = EDGE_LOOP ( 'NONE', ( #3647, #7007, #7122, #5757 ) ) ;
#5094 = DIRECTION ( 'NONE',  ( -1.239088197126290900E-015, 0.0000000000000000000, -1.000000000000000000 ) ) ;
#5095 = ORIENTED_EDGE ( 'NONE', *, *, #2931, .T. ) ;
#5096 = DIRECTION ( 'NONE',  ( 0.0000000000000000000, 0.0000000000000000000, -1.000000000000000000 ) ) ;
#5097 = DIRECTION ( 'NONE',  ( -0.0000000000000000000, -0.0000000000000000000, 1.000000000000000000 ) ) ;
#5098 = EDGE_LOOP ( 'NONE', ( #4444, #1038, #633, #4888, #7185, #3794 ) ) ;
#5099 = ORIENTED_EDGE ( 'NONE', *, *, #1447, .T. ) ;
#5100 = FACE_OUTER_BOUND ( 'NONE', #2188, .T. ) ;
#5101 = ADVANCED_FACE ( 'NONE', ( #4929 ), #3132, .T. ) ;
#5102 = CARTESIAN_POINT ( 'NONE',  ( 14.59999999999999400, 0.0000000000000000000, 9.999999999999973400 ) ) ;
#5103 = ADVANCED_FACE ( 'NONE', ( #499 ), #2625, .F. ) ;
#5104 = AXIS2_PLACEMENT_3D ( 'NONE', #689, #6838, #6041 ) ;
#5105 = EDGE_LOOP ( 'NONE', ( #2133, #1477, #3453, #3209 ) ) ;
#5106 = VECTOR ( 'NONE', #2554, 1000.000000000000000 ) ;
#5107 = DIRECTION ( 'NONE',  ( 0.0000000000000000000, -0.0000000000000000000, 1.000000000000000000 ) ) ;
#5108 = LINE ( 'NONE', #6606, #5648 ) ;
#5109 = DIRECTION ( 'NONE',  ( -0.0000000000000000000, -1.000000000000000000, -0.0000000000000000000 ) ) ;
#5110 = DIRECTION ( 'NONE',  ( 0.0000000000000000000, -1.000000000000000000, 0.0000000000000000000 ) ) ;
#5111 = CARTESIAN_POINT ( 'NONE',  ( -17.96070554641597300, 3.849999999999997900, 8.976242980402222600 ) ) ;
#5112 = DIRECTION ( 'NONE',  ( -1.000000000000000000, 0.0000000000000000000, 9.130123557772669600E-017 ) ) ;
#5113 = ORIENTED_EDGE ( 'NONE', *, *, #3161, .T. ) ;
#5114 = VECTOR ( 'NONE', #222, 1000.000000000000000 ) ;
#5115 =( NAMED_UNIT ( * ) PLANE_ANGLE_UNIT ( ) SI_UNIT ( $, .RADIAN. ) );
#5116 = EDGE_CURVE ( 'NONE', #29, #2546, #2664, .T. ) ;
#5117 = CARTESIAN_POINT ( 'NONE',  ( 13.09999999999999800, 0.0000000000000000000, -8.599999999999974800 ) ) ;
#5118 = VECTOR ( 'NONE', #5175, 1000.000000000000000 ) ;
#5119 = CARTESIAN_POINT ( 'NONE',  ( 13.09999999999999800, 3.280350850198276100, 8.599999999999974800 ) ) ;
#5120 = CYLINDRICAL_SURFACE ( 'NONE', #2773, 0.5999999999999998700 ) ;
#5121 = AXIS2_PLACEMENT_3D ( 'NONE', #604, #657, #5072 ) ;
#5122 = ORIENTED_EDGE ( 'NONE', *, *, #223, .T. ) ;
#5123 = VERTEX_POINT ( 'NONE', #494 ) ;
#5124 = CARTESIAN_POINT ( 'NONE',  ( -10.90000000000000600, 3.280350850198276100, -9.999999999999998200 ) ) ;
#5125 = PLANE ( 'NONE',  #1891 ) ;
#5126 = FACE_OUTER_BOUND ( 'NONE', #1667, .T. ) ;
#5127 = EDGE_CURVE ( 'NONE', #2872, #683, #6871, .T. ) ;
#5128 = DIRECTION ( 'NONE',  ( -0.0000000000000000000, -0.0000000000000000000, -1.000000000000000000 ) ) ;
#5129 = EDGE_CURVE ( 'NONE', #3799, #5866, #4062, .T. ) ;
#5130 = VERTEX_POINT ( 'NONE', #6078 ) ;
#5131 = LINE ( 'NONE', #2211, #1678 ) ;
#5132 = CARTESIAN_POINT ( 'NONE',  ( -5.400000000000005700, 0.0000000000000000000, 9.999999999999994700 ) ) ;
#5133 = AXIS2_PLACEMENT_3D ( 'NONE', #2240, #4447, #2201 ) ;
#5134 = VERTEX_POINT ( 'NONE', #2745 ) ;
#5135 = LINE ( 'NONE', #5348, #4169 ) ;
#5136 = DIRECTION ( 'NONE',  ( -1.000000000000000000, 0.0000000000000000000, 0.0000000000000000000 ) ) ;
#5137 = ORIENTED_EDGE ( 'NONE', *, *, #1357, .F. ) ;
#5138 = ORIENTED_EDGE ( 'NONE', *, *, #3263, .F. ) ;
#5139 = VERTEX_POINT ( 'NONE', #2152 ) ;
#5140 = VERTEX_POINT ( 'NONE', #1080 ) ;
#5141 = PLANE ( 'NONE',  #743 ) ;
#5142 = VERTEX_POINT ( 'NONE', #1611 ) ;
#5143 = ORIENTED_EDGE ( 'NONE', *, *, #4516, .T. ) ;
#5144 = SURFACE_STYLE_USAGE ( .BOTH. , #116 ) ;
#5145 = EDGE_CURVE ( 'NONE', #1546, #785, #3448, .T. ) ;
#5146 = VECTOR ( 'NONE', #6061, 1000.000000000000000 ) ;
#5147 = DIRECTION ( 'NONE',  ( 0.0000000000000000000, -1.000000000000000000, 0.0000000000000000000 ) ) ;
#5148 = ADVANCED_FACE ( 'NONE', ( #5897 ), #5506, .F. ) ;
#5149 = ORIENTED_EDGE ( 'NONE', *, *, #5233, .T. ) ;
#5150 = ORIENTED_EDGE ( 'NONE', *, *, #6509, .T. ) ;
#5151 = DIRECTION ( 'NONE',  ( 1.000000000000000000, 0.0000000000000000000, -0.0000000000000000000 ) ) ;
#5152 = DIRECTION ( 'NONE',  ( 1.239088197126290700E-015, 0.0000000000000000000, -1.000000000000000000 ) ) ;
#5153 = DIRECTION ( 'NONE',  ( 0.0000000000000000000, 0.0000000000000000000, 1.000000000000000000 ) ) ;
#5154 = AXIS2_PLACEMENT_3D ( 'NONE', #2383, #3501, #2887 ) ;
#5155 = EDGE_LOOP ( 'NONE', ( #4442, #1598, #6224, #4827 ) ) ;
#5156 = CARTESIAN_POINT ( 'NONE',  ( -13.10000000000000500, 0.0000000000000000000, 10.00000000000000200 ) ) ;
#5157 = CARTESIAN_POINT ( 'NONE',  ( 18.01407897551571900, 0.9999999999999965600, -9.050000000000011400 ) ) ;
#5158 = DIRECTION ( 'NONE',  ( 0.0000000000000000000, -1.000000000000000000, 0.0000000000000000000 ) ) ;
#5159 = ORIENTED_EDGE ( 'NONE', *, *, #3957, .F. ) ;
#5160 = ORIENTED_EDGE ( 'NONE', *, *, #3589, .T. ) ;
#5161 = DIRECTION ( 'NONE',  ( 1.000000000000000000, 0.0000000000000000000, 1.239088197126290900E-015 ) ) ;
#5162 = CARTESIAN_POINT ( 'NONE',  ( 18.99999999999999600, 1.000000000000000000, 9.999999999999998200 ) ) ;
#5163 = EDGE_CURVE ( 'NONE', #2766, #683, #938, .T. ) ;
#5164 = FACE_OUTER_BOUND ( 'NONE', #2723, .T. ) ;
#5165 = CARTESIAN_POINT ( 'NONE',  ( 17.96077060836200400, 3.999999999999999100, 9.016006174085271500 ) ) ;
#5166 = CARTESIAN_POINT ( 'NONE',  ( 9.099999999999996100, 1.000000000000000000, -8.600000000000003200 ) ) ;
#5167 = DIRECTION ( 'NONE',  ( 0.0000000000000000000, -1.000000000000000000, 0.0000000000000000000 ) ) ;
#5168 = DIRECTION ( 'NONE',  ( 0.0000000000000000000, 0.0000000000000000000, 1.000000000000000000 ) ) ;
#5169 = DIRECTION ( 'NONE',  ( 0.0000000000000000000, -1.000000000000000000, 0.0000000000000000000 ) ) ;
#5170 = PRODUCT_CONTEXT ( 'NONE', #96, 'mechanical' ) ;
#5171 = CARTESIAN_POINT ( 'NONE',  ( -14.90000000000000600, 1.000000000000000000, -10.00000000000000200 ) ) ;
#5172 = DIRECTION ( 'NONE',  ( -1.369518533665900300E-016, 0.0000000000000000000, -1.000000000000000000 ) ) ;
#5173 = LINE ( 'NONE', #5085, #918 ) ;
#5174 = EDGE_CURVE ( 'NONE', #2226, #6480, #5013, .T. ) ;
#5175 = DIRECTION ( 'NONE',  ( -1.000000000000000000, 0.0000000000000000000, 0.0000000000000000000 ) ) ;
#5176 = EDGE_CURVE ( 'NONE', #1510, #2196, #2156, .T. ) ;
#5177 = DIRECTION ( 'NONE',  ( -1.000000000000000000, 0.0000000000000000000, 1.429717150530335400E-016 ) ) ;
#5178 = AXIS2_PLACEMENT_3D ( 'NONE', #4220, #3170, #1581 ) ;
#5179 = LINE ( 'NONE', #2626, #7099 ) ;
#5180 = ADVANCED_FACE ( 'NONE', ( #2926 ), #2178, .F. ) ;
#5181 = DIRECTION ( 'NONE',  ( 0.0000000000000000000, 0.0000000000000000000, 1.000000000000000000 ) ) ;
#5182 = ADVANCED_FACE ( 'NONE', ( #1985 ), #4392, .F. ) ;
#5183 = ORIENTED_EDGE ( 'NONE', *, *, #3958, .T. ) ;
#5184 = VECTOR ( 'NONE', #3012, 1000.000000000000000 ) ;
#5185 = ORIENTED_EDGE ( 'NONE', *, *, #406, .F. ) ;
#5186 = EDGE_CURVE ( 'NONE', #3272, #6539, #7118, .T. ) ;
#5187 = DIRECTION ( 'NONE',  ( 0.0000000000000000000, 0.0000000000000000000, -1.000000000000000000 ) ) ;
#5188 = CARTESIAN_POINT ( 'NONE',  ( 13.09999999999999600, 3.280350850198276100, 9.999999999999973400 ) ) ;
#5189 = DIRECTION ( 'NONE',  ( -0.0000000000000000000, -1.000000000000000000, 0.0000000000000000000 ) ) ;
#5190 = PLANE ( 'NONE',  #2799 ) ;
#5191 = ORIENTED_EDGE ( 'NONE', *, *, #1620, .F. ) ;
#5192 = EDGE_LOOP ( 'NONE', ( #5918, #5420, #744, #544 ) ) ;
#5193 = VECTOR ( 'NONE', #5806, 1000.000000000000000 ) ;
#5194 = VECTOR ( 'NONE', #5447, 1000.000000000000000 ) ;
#5195 = AXIS2_PLACEMENT_3D ( 'NONE', #3962, #6272, #3402 ) ;
#5196 = ORIENTED_EDGE ( 'NONE', *, *, #5315, .T. ) ;
#5197 = DIRECTION ( 'NONE',  ( 0.0000000000000000000, 1.000000000000000000, 0.0000000000000000000 ) ) ;
#5198 = CARTESIAN_POINT ( 'NONE',  ( -18.20000000000000300, 3.750000000000000900, -9.049999999999997200 ) ) ;
#5199 = VECTOR ( 'NONE', #663, 1000.000000000000000 ) ;
#5200 =( LENGTH_UNIT ( ) NAMED_UNIT ( * ) SI_UNIT ( .MILLI., .METRE. ) );
#5201 = LINE ( 'NONE', #3623, #3709 ) ;
#5202 = EDGE_LOOP ( 'NONE', ( #1248, #731, #5849, #612 ) ) ;
#5203 = LINE ( 'NONE', #5857, #1830 ) ;
#5204 = DIRECTION ( 'NONE',  ( -1.000000000000000000, -0.0000000000000000000, -0.0000000000000000000 ) ) ;
#5205 = EDGE_LOOP ( 'NONE', ( #7223, #6735, #6861, #1719 ) ) ;
#5206 = FACE_OUTER_BOUND ( 'NONE', #5105, .T. ) ;
#5207 = CARTESIAN_POINT ( 'NONE',  ( -14.90000000000000600, 1.000000000000000000, 10.00000000000000200 ) ) ;
#5208 = VECTOR ( 'NONE', #2724, 1000.000000000000000 ) ;
#5209 = LINE ( 'NONE', #1897, #3547 ) ;
#5210 = ORIENTED_EDGE ( 'NONE', *, *, #2386, .F. ) ;
#5211 = FACE_OUTER_BOUND ( 'NONE', #6864, .T. ) ;
#5212 =( NAMED_UNIT ( * ) SI_UNIT ( $, .STERADIAN. ) SOLID_ANGLE_UNIT ( ) );
#5213 = FACE_OUTER_BOUND ( 'NONE', #1531, .T. ) ;
#5214 = CARTESIAN_POINT ( 'NONE',  ( -9.100000000000005000, 1.000000000000000000, 10.00000000000000200 ) ) ;
#5215 = VECTOR ( 'NONE', #2490, 1000.000000000000000 ) ;
#5216 = CARTESIAN_POINT ( 'NONE',  ( 9.099999999999996100, 0.0000000000000000000, 9.999999999999978700 ) ) ;
#5217 = DIRECTION ( 'NONE',  ( -1.000000000000000000, 0.0000000000000000000, 1.369518533665900300E-016 ) ) ;
#5218 = FILL_AREA_STYLE ('',( #3514 ) ) ;
#5219 = DIRECTION ( 'NONE',  ( -1.000000000000000000, 0.0000000000000000000, 9.130123557772669600E-017 ) ) ;
#5220 = ORIENTED_EDGE ( 'NONE', *, *, #2460, .T. ) ;
#5221 = EDGE_CURVE ( 'NONE', #5012, #6737, #3266, .T. ) ;
#5222 = LINE ( 'NONE', #1126, #432 ) ;
#5224 = EDGE_CURVE ( 'NONE', #4429, #3238, #5355, .T. ) ;
#5223 = DIRECTION ( 'NONE',  ( 0.0000000000000000000, 0.0000000000000000000, -1.000000000000000000 ) ) ;
#5225 = LINE ( 'NONE', #3788, #4689 ) ;
#5226 = AXIS2_PLACEMENT_3D ( 'NONE', #5266, #2425, #2980 ) ;
#5227 = MANIFOLD_SOLID_BREP ( 'LPattern2[5]', #644 ) ;
#5228 = CARTESIAN_POINT ( 'NONE',  ( 9.099999999999996100, 4.000000000000000000, 10.00000000000000200 ) ) ;
#5229 = VERTEX_POINT ( 'NONE', #7090 ) ;
#5230 = EDGE_LOOP ( 'NONE', ( #5572, #6970, #6724, #5313 ) ) ;
#5231 = CARTESIAN_POINT ( 'NONE',  ( -1.100000000000005400, 3.280350850198276100, 9.999999999999989300 ) ) ;
#5232 = VECTOR ( 'NONE', #4272, 1000.000000000000000 ) ;
#5233 = EDGE_CURVE ( 'NONE', #6923, #1965, #4576, .T. ) ;
#5234 = VERTEX_POINT ( 'NONE', #3842 ) ;
#5235 = DIRECTION ( 'NONE',  ( 1.000000000000000000, 0.0000000000000000000, 0.0000000000000000000 ) ) ;
#5236 = ORIENTED_EDGE ( 'NONE', *, *, #2027, .T. ) ;
#5237 = ORIENTED_EDGE ( 'NONE', *, *, #5116, .T. ) ;
#5238 = AXIS2_PLACEMENT_3D ( 'NONE', #118, #5666, #1763 ) ;
#5239 = CARTESIAN_POINT ( 'NONE',  ( 18.04999999999999700, 3.750000000000000000, 9.014078975515721100 ) ) ;
#5240 = LINE ( 'NONE', #7183, #2881 ) ;
#5241 = ORIENTED_EDGE ( 'NONE', *, *, #528, .T. ) ;
#5242 = DIRECTION ( 'NONE',  ( 1.239088197126290900E-015, -0.0000000000000000000, 1.000000000000000000 ) ) ;
#5243 = PLANE ( 'NONE',  #6562 ) ;
#5244 = AXIS2_PLACEMENT_3D ( 'NONE', #4842, #5907, #2090 ) ;
#5245 = SURFACE_SIDE_STYLE ('',( #597 ) ) ;
#5246 = ORIENTED_EDGE ( 'NONE', *, *, #4017, .F. ) ;
#5247 = LINE ( 'NONE', #4778, #5070 ) ;
#5248 = DIRECTION ( 'NONE',  ( -1.000000000000000000, 0.0000000000000000000, 0.0000000000000000000 ) ) ;
#5249 = AXIS2_PLACEMENT_3D ( 'NONE', #6064, #7123, #3730 ) ;
#5250 = DIRECTION ( 'NONE',  ( 0.0000000000000000000, 0.0000000000000000000, 1.000000000000000000 ) ) ;
#5251 = EDGE_CURVE ( 'NONE', #5623, #1854, #584, .T. ) ;
#5252 = CARTESIAN_POINT ( 'NONE',  ( 18.00914353885608000, 3.762098454623686200, -9.049999999999997200 ) ) ;
#5253 = LINE ( 'NONE', #5867, #661 ) ;
#5254 = DIRECTION ( 'NONE',  ( -1.000000000000000000, -0.0000000000000000000, -0.0000000000000000000 ) ) ;
#5255 = CARTESIAN_POINT ( 'NONE',  ( 18.01407897551571900, 3.750000000000000900, 9.049999999999998900 ) ) ;
#5256 = DIRECTION ( 'NONE',  ( 0.0000000000000000000, 0.0000000000000000000, -1.000000000000000000 ) ) ;
#5257 = AXIS2_PLACEMENT_3D ( 'NONE', #2445, #1322, #6905 ) ;
#5258 = DIRECTION ( 'NONE',  ( 1.429717150530335400E-016, 3.043374519257552500E-015, 1.000000000000000000 ) ) ;
#5259 = EDGE_LOOP ( 'NONE', ( #4917, #4718, #252, #4925 ) ) ;
#5260 = DIRECTION ( 'NONE',  ( -0.0000000000000000000, -1.000000000000000000, 0.0000000000000000000 ) ) ;
#5261 = CARTESIAN_POINT ( 'NONE',  ( 9.099999999999996100, 4.000000000000000000, 8.600000000000003200 ) ) ;
#5262 = ORIENTED_EDGE ( 'NONE', *, *, #64, .F. ) ;
#5263 = EDGE_CURVE ( 'NONE', #3127, #6923, #4867, .T. ) ;
#5264 = ADVANCED_FACE ( 'NONE', ( #4308 ), #3240, .F. ) ;
#5265 = CARTESIAN_POINT ( 'NONE',  ( -18.05000000000001500, 0.9999999999999965600, 0.0000000000000000000 ) ) ;
#5266 = CARTESIAN_POINT ( 'NONE',  ( 2.899999999999994600, 4.000000000000000000, 8.599999999999999600 ) ) ;
#5267 = EDGE_CURVE ( 'NONE', #2742, #864, #6336, .T. ) ;
#5268 = CARTESIAN_POINT ( 'NONE',  ( 18.01407897551571900, 2.852276777799598200E-014, 9.200000000000009900 ) ) ;
#5269 = ORIENTED_EDGE ( 'NONE', *, *, #2384, .T. ) ;
#5270 = AXIS2_PLACEMENT_3D ( 'NONE', #800, #2914, #5181 ) ;
#5271 = ORIENTED_EDGE ( 'NONE', *, *, #7009, .F. ) ;
#5272 = FACE_OUTER_BOUND ( 'NONE', #1364, .T. ) ;
#5273 = CARTESIAN_POINT ( 'NONE',  ( -5.100000000000005900, 1.000000000000000900, 8.599999999999994300 ) ) ;
#5274 = DIRECTION ( 'NONE',  ( 3.652049423109063300E-015, -1.000000000000000000, 0.0000000000000000000 ) ) ;
#5275 = DIRECTION ( 'NONE',  ( 1.000000000000000000, 0.0000000000000000000, -9.130123557772669600E-017 ) ) ;
#5276 = AXIS2_PLACEMENT_3D ( 'NONE', #815, #4742, #5287 ) ;
#5277 = LINE ( 'NONE', #3620, #5719 ) ;
#5278 = CARTESIAN_POINT ( 'NONE',  ( -9.100000000000005000, 4.000000000000000000, 8.599999999999999600 ) ) ;
#5279 = VECTOR ( 'NONE', #2176, 1000.000000000000000 ) ;
#5280 =( NAMED_UNIT ( * ) SI_UNIT ( $, .STERADIAN. ) SOLID_ANGLE_UNIT ( ) );
#5281 = PLANE ( 'NONE',  #5455 ) ;
#5282 = ORIENTED_EDGE ( 'NONE', *, *, #223, .F. ) ;
#5283 = DIRECTION ( 'NONE',  ( 1.239088197126290700E-015, 0.0000000000000000000, 1.000000000000000000 ) ) ;
#5284 = VECTOR ( 'NONE', #6115, 1000.000000000000000 ) ;
#5285 = CARTESIAN_POINT ( 'NONE',  ( -18.20000000000000300, 3.750000000000000900, -9.014078975515722900 ) ) ;
#5286 = CIRCLE ( 'NONE', #261, 0.5999999999999998700 ) ;
#5287 = DIRECTION ( 'NONE',  ( -1.000000000000000000, 0.0000000000000000000, 1.369518533665900300E-016 ) ) ;
#5288 = VERTEX_POINT ( 'NONE', #7171 ) ;
#5289 = FACE_OUTER_BOUND ( 'NONE', #4136, .T. ) ;
#5290 = DIRECTION ( 'NONE',  ( -1.000000000000000000, 0.0000000000000000000, 0.0000000000000000000 ) ) ;
#5291 = FACE_OUTER_BOUND ( 'NONE', #5626, .T. ) ;
#5292 = DIRECTION ( 'NONE',  ( 0.0000000000000000000, 0.0000000000000000000, -1.000000000000000000 ) ) ;
#5293 = CARTESIAN_POINT ( 'NONE',  ( -18.00914353885608700, 3.762098454623684000, 9.049999999999997200 ) ) ;
#5294 = ORIENTED_EDGE ( 'NONE', *, *, #718, .F. ) ;
#5295 = FILL_AREA_STYLE_COLOUR ( '', #6339 ) ;
#5296 = CARTESIAN_POINT ( 'NONE',  ( -17.96070908315234500, 4.001499999999999200, -9.016022770108149200 ) ) ;
#5297 = EDGE_CURVE ( 'NONE', #5497, #2149, #5890, .T. ) ;
#5298 = LINE ( 'NONE', #2735, #3823 ) ;
#5299 = VERTEX_POINT ( 'NONE', #4386 ) ;
#5300 = CARTESIAN_POINT ( 'NONE',  ( 18.99999999999999600, 1.000000000000000000, -10.00000000000000200 ) ) ;
#5301 = AXIS2_PLACEMENT_3D ( 'NONE', #6863, #4176, #3578 ) ;
#5302 = EDGE_LOOP ( 'NONE', ( #3015, #4791, #4799, #266 ) ) ;
#5303 = LINE ( 'NONE', #3284, #2015 ) ;
#5304 = B_SPLINE_SURFACE_WITH_KNOTS ( 'NONE', 1, 3, ( 
 ( #6388, #4162, #1975, #853, #1381, #1408 ),
 ( #5285, #6992, #4187, #7015, #881, #323 ),
 ( #4741, #5314, #4772, #5974, #3797, #2650 ),
 ( #2041, #4862, #375, #6586, #7097, #3174 ) ),
 .UNSPECIFIED., .F., .F., .F.,
 ( 2, 1, 1, 2 ),
 ( 4, 2, 4 ),
 ( -0.01000000000000000000, 0.0000000000000000000, 1.000000000000000000, 1.010100000000000000 ),
 ( 0.0000000000000000000, 0.5000000000000000000, 1.000000000000000000 ),
 .UNSPECIFIED. ) ;
#5305 = CARTESIAN_POINT ( 'NONE',  ( 14.59999999999999400, 1.000000000000000900, -9.999999999999973400 ) ) ;
#5306 = ORIENTED_EDGE ( 'NONE', *, *, #1934, .F. ) ;
#5307 = SURFACE_SIDE_STYLE ('',( #4405 ) ) ;
#5308 = CARTESIAN_POINT ( 'NONE',  ( -6.900000000000004800, 1.000000000000000000, -9.999999999999994700 ) ) ;
#5309 = LINE ( 'NONE', #5827, #6987 ) ;
#5310 = CARTESIAN_POINT ( 'NONE',  ( -6.600000000000005000, 0.0000000000000000000, -9.999999999999994700 ) ) ;
#5311 = EDGE_CURVE ( 'NONE', #3462, #6514, #2478, .T. ) ;
#5312 = ORIENTED_EDGE ( 'NONE', *, *, #17, .F. ) ;
#5313 = ORIENTED_EDGE ( 'NONE', *, *, #999, .F. ) ;
#5315 = EDGE_CURVE ( 'NONE', #6294, #4114, #4828, .T. ) ;
#5314 = CARTESIAN_POINT ( 'NONE',  ( -18.05000000000000400, 3.776242980402223300, -9.003373429099752900 ) ) ;
#5316 = ORIENTED_EDGE ( 'NONE', *, *, #6875, .F. ) ;
#5317 = VERTEX_POINT ( 'NONE', #6052 ) ;
#5318 = DIRECTION ( 'NONE',  ( -1.000000000000000000, 0.0000000000000000000, -0.0000000000000000000 ) ) ;
#5319 = AXIS2_PLACEMENT_3D ( 'NONE', #525, #4966, #5528 ) ;
#5320 = ORIENTED_EDGE ( 'NONE', *, *, #4934, .F. ) ;
#5321 = LINE ( 'NONE', #5089, #83 ) ;
#5322 = DIRECTION ( 'NONE',  ( -1.000000000000000000, 0.0000000000000000000, -9.637352644315598700E-016 ) ) ;
#5323 = ORIENTED_EDGE ( 'NONE', *, *, #5035, .F. ) ;
#5324 = VERTEX_POINT ( 'NONE', #6868 ) ;
#5325 = EDGE_CURVE ( 'NONE', #2321, #2951, #3612, .T. ) ;
#5326 = DIRECTION ( 'NONE',  ( 9.531447670202236200E-017, -3.652049423109063300E-015, 1.000000000000000000 ) ) ;
#5327 = ADVANCED_FACE ( 'NONE', ( #851 ), #6589, .T. ) ;
#5328 = AXIS2_PLACEMENT_3D ( 'NONE', #1694, #1183, #6093 ) ;
#5329 = EDGE_LOOP ( 'NONE', ( #5892, #274, #1170, #1208 ) ) ;
#5330 = DIRECTION ( 'NONE',  ( 0.0000000000000000000, 0.0000000000000000000, -1.000000000000000000 ) ) ;
#5331 = DIRECTION ( 'NONE',  ( -1.000000000000000000, -0.0000000000000000000, -0.0000000000000000000 ) ) ;
#5332 = PLANE ( 'NONE',  #5875 ) ;
#5333 = AXIS2_PLACEMENT_3D ( 'NONE', #4000, #1217, #7255 ) ;
#5334 = ORIENTED_EDGE ( 'NONE', *, *, #1714, .F. ) ;
#5335 = CARTESIAN_POINT ( 'NONE',  ( 17.97624298040221900, 3.849999999999998800, 8.960705546415965700 ) ) ;
#5336 = DIRECTION ( 'NONE',  ( -1.000000000000000000, 0.0000000000000000000, 0.0000000000000000000 ) ) ;
#5337 = DIRECTION ( 'NONE',  ( 0.0000000000000000000, 0.0000000000000000000, 1.000000000000000000 ) ) ;
#5338 = FACE_OUTER_BOUND ( 'NONE', #76, .T. ) ;
#5339 = DIRECTION ( 'NONE',  ( 0.0000000000000000000, 1.000000000000000000, 0.0000000000000000000 ) ) ;
#5340 = ORIENTED_EDGE ( 'NONE', *, *, #4152, .T. ) ;
#5341 = CARTESIAN_POINT ( 'NONE',  ( 17.96209845462368200, 3.849999999999998800, -8.954935436659640800 ) ) ;
#5342 = LINE ( 'NONE', #6862, #5434 ) ;
#5343 = DIRECTION ( 'NONE',  ( 0.0000000000000000000, 0.0000000000000000000, -1.000000000000000000 ) ) ;
#5344 = CARTESIAN_POINT ( 'NONE',  ( 2.899999999999994600, 1.000000000000000000, 9.999999999999985800 ) ) ;
#5345 = LINE ( 'NONE', #2576, #5708 ) ;
#5346 = MANIFOLD_SOLID_BREP ( 'LPattern2[7]', #6387 ) ;
#5347 = EDGE_CURVE ( 'NONE', #6196, #3193, #6427, .T. ) ;
#5348 = CARTESIAN_POINT ( 'NONE',  ( 2.599999999999994800, 0.0000000000000000000, 9.999999999999985800 ) ) ;
#5349 = EDGE_CURVE ( 'NONE', #6335, #553, #2065, .T. ) ;
#5350 = VERTEX_POINT ( 'NONE', #1592 ) ;
#5351 = DIRECTION ( 'NONE',  ( 1.000000000000000000, 0.0000000000000000000, 0.0000000000000000000 ) ) ;
#5352 = PLANE ( 'NONE',  #7222 ) ;
#5353 = VERTEX_POINT ( 'NONE', #430 ) ;
#5354 = ORIENTED_EDGE ( 'NONE', *, *, #2833, .T. ) ;
#5355 = LINE ( 'NONE', #3217, #6083 ) ;
#5356 = PLANE ( 'NONE',  #3621 ) ;
#5357 = EDGE_CURVE ( 'NONE', #1462, #3521, #1635, .T. ) ;
#5358 = CARTESIAN_POINT ( 'NONE',  ( 5.099999999999995200, 0.0000000000000000000, 10.00000000000000200 ) ) ;
#5359 = LINE ( 'NONE', #4243, #2929 ) ;
#5360 = DIRECTION ( 'NONE',  ( -1.000000000000000000, -0.0000000000000000000, 0.0000000000000000000 ) ) ;
#5361 = ORIENTED_EDGE ( 'NONE', *, *, #5186, .F. ) ;
#5362 = LINE ( 'NONE', #5255, #3796 ) ;
#5363 = VECTOR ( 'NONE', #107, 1000.000000000000000 ) ;
#5364 = LINE ( 'NONE', #3772, #3894 ) ;
#5365 = EDGE_LOOP ( 'NONE', ( #1345, #6341, #4935, #7248 ) ) ;
#5366 = ORIENTED_EDGE ( 'NONE', *, *, #3443, .T. ) ;
#5367 = FACE_OUTER_BOUND ( 'NONE', #4336, .T. ) ;
#5368 = EDGE_LOOP ( 'NONE', ( #3470, #3311, #6105, #3832 ) ) ;
#5369 = CIRCLE ( 'NONE', #6647, 0.5999999999999998700 ) ;
#5370 = DIRECTION ( 'NONE',  ( -1.000000000000000000, 0.0000000000000000000, 9.637352644315598700E-016 ) ) ;
#5371 = LINE ( 'NONE', #5524, #5208 ) ;
#5372 = VECTOR ( 'NONE', #4947, 1000.000000000000000 ) ;
#5373 = DIRECTION ( 'NONE',  ( 0.0000000000000000000, 0.0000000000000000000, 1.000000000000000000 ) ) ;
#5374 = CARTESIAN_POINT ( 'NONE',  ( -13.10000000000000500, 1.000000000000000000, -10.00000000000000200 ) ) ;
#5375 = VERTEX_POINT ( 'NONE', #7124 ) ;
#5376 = VECTOR ( 'NONE', #562, 1000.000000000000000 ) ;
#5377 = CARTESIAN_POINT ( 'NONE',  ( -5.100000000000005900, 1.000000000000000000, 8.599999999999999600 ) ) ;
#5378 = DIRECTION ( 'NONE',  ( 0.0000000000000000000, 0.0000000000000000000, -1.000000000000000000 ) ) ;
#5379 = CARTESIAN_POINT ( 'NONE',  ( -14.90000000000000400, 1.000000000000000000, -8.600000000000001400 ) ) ;
#5380 = AXIS2_PLACEMENT_3D ( 'NONE', #3574, #238, #3710 ) ;
#5381 = LINE ( 'NONE', #3058, #5039 ) ;
#5382 = CARTESIAN_POINT ( 'NONE',  ( 18.01407897551571900, 3.498107814883998600E-014, -9.200000000000015300 ) ) ;
#5383 = PLANE ( 'NONE',  #4708 ) ;
#5384 = VERTEX_POINT ( 'NONE', #6565 ) ;
#5385 = FACE_OUTER_BOUND ( 'NONE', #209, .T. ) ;
#5386 = DIRECTION ( 'NONE',  ( 0.0000000000000000000, 0.0000000000000000000, 1.000000000000000000 ) ) ;
#5387 = PLANE ( 'NONE',  #5909 ) ;
#5388 = DIRECTION ( 'NONE',  ( 9.637352644315598700E-016, 0.0000000000000000000, -1.000000000000000000 ) ) ;
#5389 = LINE ( 'NONE', #1629, #619 ) ;
#5390 = ADVANCED_FACE ( 'NONE', ( #2656 ), #3757, .F. ) ;
#5391 = ORIENTED_EDGE ( 'NONE', *, *, #182, .F. ) ;
#5392 = EDGE_CURVE ( 'NONE', #6030, #4027, #217, .T. ) ;
#5393 = VERTEX_POINT ( 'NONE', #5437 ) ;
#5394 = DIRECTION ( 'NONE',  ( 1.000000000000000000, -0.0000000000000000000, -0.0000000000000000000 ) ) ;
#5395 = ORIENTED_EDGE ( 'NONE', *, *, #5083, .F. ) ;
#5396 = CYLINDRICAL_SURFACE ( 'NONE', #2451, 0.5999999999999998700 ) ;
#5397 = AXIS2_PLACEMENT_3D ( 'NONE', #1794, #1814, #4084 ) ;
#5398 = CARTESIAN_POINT ( 'NONE',  ( 18.99999999999999600, 1.000000000000000000, -10.00000000000000200 ) ) ;
#5399 = ORIENTED_EDGE ( 'NONE', *, *, #6270, .T. ) ;
#5400 = CARTESIAN_POINT ( 'NONE',  ( 1.399999999999995000, 0.0000000000000000000, -9.999999999999985800 ) ) ;
#5401 = ORIENTED_EDGE ( 'NONE', *, *, #319, .T. ) ;
#5402 = ORIENTED_EDGE ( 'NONE', *, *, #5870, .F. ) ;
#5403 = ADVANCED_FACE ( 'NONE', ( #397 ), #2683, .F. ) ;
#5404 = CARTESIAN_POINT ( 'NONE',  ( 5.099999999999995200, 1.000000000000000000, -8.600000000000003200 ) ) ;
#5405 = CARTESIAN_POINT ( 'NONE',  ( 10.59999999999999400, 3.280350850198276100, -9.999999999999978700 ) ) ;
#5406 = DIRECTION ( 'NONE',  ( 0.0000000000000000000, 0.0000000000000000000, -1.000000000000000000 ) ) ;
#5407 = ORIENTED_EDGE ( 'NONE', *, *, #5186, .T. ) ;
#5408 = EDGE_CURVE ( 'NONE', #5953, #3567, #2319, .T. ) ;
#5410 = EDGE_CURVE ( 'NONE', #4960, #243, #3351, .T. ) ;
#5409 = CARTESIAN_POINT ( 'NONE',  ( -18.05000000000000400, 3.750000000000000000, 9.200000000000002800 ) ) ;
#5411 = VECTOR ( 'NONE', #2849, 1000.000000000000000 ) ;
#5412 = CARTESIAN_POINT ( 'NONE',  ( -17.97975317591977900, 3.824559517207803500, -9.016639915919359500 ) ) ;
#5413 = ORIENTED_EDGE ( 'NONE', *, *, #4327, .F. ) ;
#5414 = AXIS2_PLACEMENT_3D ( 'NONE', #1731, #7261, #6186 ) ;
#5415 = FACE_OUTER_BOUND ( 'NONE', #4838, .T. ) ;
#5416 = DIRECTION ( 'NONE',  ( -0.0000000000000000000, -1.000000000000000000, -0.0000000000000000000 ) ) ;
#5417 = CARTESIAN_POINT ( 'NONE',  ( 14.89999999999999500, 0.0000000000000000000, -9.999999999999973400 ) ) ;
#5418 = CARTESIAN_POINT ( 'NONE',  ( 14.89999999999999500, 3.280350850198276100, -9.999999999999973400 ) ) ;
#5419 = CARTESIAN_POINT ( 'NONE',  ( 18.19999999999999600, 3.750000000000000400, 9.014078975515721100 ) ) ;
#5420 = ORIENTED_EDGE ( 'NONE', *, *, #5127, .T. ) ;
#5421 = FACE_OUTER_BOUND ( 'NONE', #1305, .T. ) ;
#5422 = CARTESIAN_POINT ( 'NONE',  ( 17.94999999999999600, 3.849999999999998800, 8.949999999999997500 ) ) ;
#5423 = CARTESIAN_POINT ( 'NONE',  ( -6.900000000000004800, 1.000000000000000000, 8.600000000000003200 ) ) ;
#5424 = FILL_AREA_STYLE_COLOUR ( '', #2519 ) ;
#5425 = CIRCLE ( 'NONE', #2654, 0.5999999999999998700 ) ;
#5426 = B_SPLINE_SURFACE_WITH_KNOTS ( 'NONE', 1, 3, ( 
 ( #2214, #4899, #5463, #3232, #482, #2718 ),
 ( #4356, #3259, #1619, #6777, #5611, #577 ),
 ( #66, #4500, #6155, #1713, #5635, #605 ),
 ( #1204, #658, #2228, #4994, #6214, #3974 ) ),
 .UNSPECIFIED., .F., .F., .F.,
 ( 2, 1, 1, 2 ),
 ( 4, 2, 4 ),
 ( -0.01000000000000000000, 0.0000000000000000000, 1.000000000000000000, 1.010100000000000000 ),
 ( 0.0000000000000000000, 0.5000000000000000000, 1.000000000000000000 ),
 .UNSPECIFIED. ) ;
#5427 = CARTESIAN_POINT ( 'NONE',  ( 18.99999999999999600, 1.000000000000000000, -10.00000000000000200 ) ) ;
#5428 = CARTESIAN_POINT ( 'NONE',  ( -6.900000000000004800, 1.000000000000000000, 9.999999999999994700 ) ) ;
#5429 = AXIS2_PLACEMENT_3D ( 'NONE', #5797, #1945, #1349 ) ;
#5430 = ADVANCED_FACE ( 'NONE', ( #3165 ), #5426, .F. ) ;
#5431 = CARTESIAN_POINT ( 'NONE',  ( -14.90000000000000600, 3.280350850198276100, -10.00000000000000200 ) ) ;
#5432 = PLANE ( 'NONE',  #50 ) ;
#5433 = DIRECTION ( 'NONE',  ( 0.0000000000000000000, 1.000000000000000000, 0.0000000000000000000 ) ) ;
#5434 = VECTOR ( 'NONE', #5158, 1000.000000000000000 ) ;
#5435 =( NAMED_UNIT ( * ) PLANE_ANGLE_UNIT ( ) SI_UNIT ( $, .RADIAN. ) );
#5436 = DIRECTION ( 'NONE',  ( 1.000000000000000000, 0.0000000000000000000, -0.0000000000000000000 ) ) ;
#5437 = CARTESIAN_POINT ( 'NONE',  ( -9.100000000000005000, 0.0000000000000000000, 8.599999999999997900 ) ) ;
#5438 = DIRECTION ( 'NONE',  ( -1.000000000000000000, 0.0000000000000000000, 9.130123557772669600E-017 ) ) ;
#5439 = ADVANCED_FACE ( 'NONE', ( #5978 ), #5073, .T. ) ;
#5440 = ADVANCED_FACE ( 'NONE', ( #1029 ), #2257, .T. ) ;
#5441 = ORIENTED_EDGE ( 'NONE', *, *, #1231, .F. ) ;
#5442 = AXIS2_PLACEMENT_3D ( 'NONE', #1123, #598, #4990 ) ;
#5443 = SURFACE_SIDE_STYLE ('',( #1453 ) ) ;
#5444 = ORIENTED_EDGE ( 'NONE', *, *, #3817, .F. ) ;
#5445 = ORIENTED_EDGE ( 'NONE', *, *, #6684, .F. ) ;
#5446 = VECTOR ( 'NONE', #5775, 1000.000000000000000 ) ;
#5447 = DIRECTION ( 'NONE',  ( -0.0000000000000000000, -0.0000000000000000000, 1.000000000000000000 ) ) ;
#5448 = EDGE_CURVE ( 'NONE', #6578, #4258, #4482, .T. ) ;
#5449 = PLANE ( 'NONE',  #5059 ) ;
#5450 = EDGE_CURVE ( 'NONE', #6539, #4702, #1724, .T. ) ;
#5451 = ADVANCED_FACE ( 'NONE', ( #674 ), #2804, .F. ) ;
#5452 = CARTESIAN_POINT ( 'NONE',  ( 18.01407897551571900, 3.750000000000004900, -9.201499999999997600 ) ) ;
#5453 = CARTESIAN_POINT ( 'NONE',  ( -2.900000000000004800, 0.0000000000000000000, 8.600000000000003200 ) ) ;
#5454 = EDGE_LOOP ( 'NONE', ( #4856, #2170, #5481, #6210 ) ) ;
#5455 = AXIS2_PLACEMENT_3D ( 'NONE', #2535, #215, #1354 ) ;
#5456 = DIRECTION ( 'NONE',  ( 9.637352644315598700E-016, 0.0000000000000000000, 1.000000000000000000 ) ) ;
#5457 = CARTESIAN_POINT ( 'NONE',  ( 18.05000000000001100, 6.646729950058499700E-014, 0.0000000000000000000 ) ) ;
#5458 = FACE_OUTER_BOUND ( 'NONE', #3756, .T. ) ;
#5459 = PLANE ( 'NONE',  #4480 ) ;
#5460 = LINE ( 'NONE', #5117, #5641 ) ;
#5461 = VERTEX_POINT ( 'NONE', #6734 ) ;
#5462 = CARTESIAN_POINT ( 'NONE',  ( 2.899999999999994600, 1.000000000000000900, -9.999999999999985800 ) ) ;
#5463 = CARTESIAN_POINT ( 'NONE',  ( -18.08127964467896500, 3.974395066257867500, 8.971359658505242900 ) ) ;
#5464 = EDGE_CURVE ( 'NONE', #3213, #785, #4918, .T. ) ;
#5465 = ORIENTED_EDGE ( 'NONE', *, *, #2784, .T. ) ;
#5466 = LINE ( 'NONE', #6633, #1045 ) ;
#5467 = DIRECTION ( 'NONE',  ( 0.0000000000000000000, 0.0000000000000000000, -1.000000000000000000 ) ) ;
#5468 = CARTESIAN_POINT ( 'NONE',  ( 12.00000000000000000, 1.000000000000000000, -1.214306433183765000E-014 ) ) ;
#5469 = VECTOR ( 'NONE', #398, 1000.000000000000000 ) ;
#5470 = PRODUCT_DEFINITION_FORMATION_WITH_SPECIFIED_SOURCE ( 'ANY', '', #7186, .NOT_KNOWN. ) ;
#5471 = DIRECTION ( 'NONE',  ( -0.0000000000000000000, -1.000000000000000000, -0.0000000000000000000 ) ) ;
#5472 = VERTEX_POINT ( 'NONE', #637 ) ;
#5473 = PRESENTATION_STYLE_ASSIGNMENT (( #1931 ) ) ;
#5474 = LINE ( 'NONE', #6787, #5118 ) ;
#5475 = DIRECTION ( 'NONE',  ( -1.000000000000000000, 0.0000000000000000000, 0.0000000000000000000 ) ) ;
#5476 = VECTOR ( 'NONE', #1695, 1000.000000000000000 ) ;
#5477 = PLANE ( 'NONE',  #3031 ) ;
#5478 = AXIS2_PLACEMENT_3D ( 'NONE', #4306, #2070, #4211 ) ;
#5479 = VERTEX_POINT ( 'NONE', #1786 ) ;
#5480 = DIRECTION ( 'NONE',  ( -1.000000000000000000, 0.0000000000000000000, 9.637352644315598700E-016 ) ) ;
#5481 = ORIENTED_EDGE ( 'NONE', *, *, #3505, .T. ) ;
#5482 = LINE ( 'NONE', #2819, #7063 ) ;
#5483 = DIRECTION ( 'NONE',  ( -1.000000000000000000, 0.0000000000000000000, 0.0000000000000000000 ) ) ;
#5484 = LINE ( 'NONE', #5418, #2511 ) ;
#5485 = ADVANCED_FACE ( 'NONE', ( #5272 ), #3357, .T. ) ;
#5486 = ORIENTED_EDGE ( 'NONE', *, *, #6125, .T. ) ;
#5487 = CARTESIAN_POINT ( 'NONE',  ( 5.099999999999995200, 1.000000000000000000, -9.999999999999982200 ) ) ;
#5488 = DIRECTION ( 'NONE',  ( 0.0000000000000000000, 0.0000000000000000000, 1.000000000000000000 ) ) ;
#5489 = ORIENTED_EDGE ( 'NONE', *, *, #3641, .T. ) ;
#5490 = LINE ( 'NONE', #2583, #3296 ) ;
#5491 = CARTESIAN_POINT ( 'NONE',  ( 13.09999999999999800, 1.000000000000000900, 8.599999999999974800 ) ) ;
#5492 = VECTOR ( 'NONE', #3063, 1000.000000000000000 ) ;
#5493 = PLANE ( 'NONE',  #845 ) ;
#5494 = CARTESIAN_POINT ( 'NONE',  ( 6.599999999999994300, 3.280350850198276100, 9.999999999999982200 ) ) ;
#5495 = VERTEX_POINT ( 'NONE', #2781 ) ;
#5496 = ORIENTED_EDGE ( 'NONE', *, *, #718, .T. ) ;
#5497 = VERTEX_POINT ( 'NONE', #13 ) ;
#5498 = VERTEX_POINT ( 'NONE', #4537 ) ;
#5499 = CARTESIAN_POINT ( 'NONE',  ( -14.90000000000000600, 1.000000000000000000, -8.600000000000003200 ) ) ;
#5500 = EDGE_CURVE ( 'NONE', #4258, #1379, #7113, .T. ) ;
#5501 = VECTOR ( 'NONE', #4914, 1000.000000000000000 ) ;
#5502 = VERTEX_POINT ( 'NONE', #1182 ) ;
#5503 = EDGE_LOOP ( 'NONE', ( #1329, #2278, #6471, #6314 ) ) ;
#5504 = CARTESIAN_POINT ( 'NONE',  ( -17.96070554641597300, 3.849999999999998800, -8.976242980402226100 ) ) ;
#5505 = PRESENTATION_LAYER_ASSIGNMENT (  '', '', ( #4464 ) ) ;
#5506 = PLANE ( 'NONE',  #2741 ) ;
#5507 = PLANE ( 'NONE',  #4428 ) ;
#5508 = ORIENTED_EDGE ( 'NONE', *, *, #2805, .T. ) ;
#5509 = FACE_OUTER_BOUND ( 'NONE', #1684, .T. ) ;
#5510 = ADVANCED_FACE ( 'NONE', ( #5808 ), #6682, .T. ) ;
#5511 = EDGE_CURVE ( 'NONE', #687, #6480, #6952, .T. ) ;
#5512 = ORIENTED_EDGE ( 'NONE', *, *, #567, .T. ) ;
#5513 = EDGE_CURVE ( 'NONE', #5833, #2965, #1813, .T. ) ;
#5514 = ORIENTED_EDGE ( 'NONE', *, *, #5267, .F. ) ;
#5515 = ORIENTED_EDGE ( 'NONE', *, *, #3249, .T. ) ;
#5516 = DIRECTION ( 'NONE',  ( -0.0000000000000000000, 0.0000000000000000000, 1.000000000000000000 ) ) ;
#5517 = CARTESIAN_POINT ( 'NONE',  ( 9.099999999999996100, 0.0000000000000000000, -10.00000000000000200 ) ) ;
#5518 = DIRECTION ( 'NONE',  ( 1.000000000000000000, 0.0000000000000000000, 0.0000000000000000000 ) ) ;
#5519 = DIRECTION ( 'NONE',  ( -1.000000000000000000, 0.0000000000000000000, 0.0000000000000000000 ) ) ;
#5520 = LINE ( 'NONE', #1702, #3234 ) ;
#5521 = CARTESIAN_POINT ( 'NONE',  ( 17.94999999999999600, 3.999999999999998200, 8.949999999999997500 ) ) ;
#5522 = EDGE_CURVE ( 'NONE', #3780, #1691, #3787, .T. ) ;
#5523 = FILL_AREA_STYLE_COLOUR ( '', #128 ) ;
#5524 = CARTESIAN_POINT ( 'NONE',  ( -9.400000000000005700, 0.0000000000000000000, -9.999999999999998200 ) ) ;
#5525 = FACE_OUTER_BOUND ( 'NONE', #155, .T. ) ;
#5526 = CARTESIAN_POINT ( 'NONE',  ( -18.01407897551572600, 3.750000000000000900, -9.199999999999997500 ) ) ;
#5527 = DIRECTION ( 'NONE',  ( -1.000000000000000000, 0.0000000000000000000, -0.0000000000000000000 ) ) ;
#5528 = DIRECTION ( 'NONE',  ( 1.000000000000000000, 0.0000000000000000000, -9.130123557772669600E-017 ) ) ;
#5529 = AXIS2_PLACEMENT_3D ( 'NONE', #2517, #5794, #5815 ) ;
#5530 = CIRCLE ( 'NONE', #3255, 0.5999999999999998700 ) ;
#5531 = CARTESIAN_POINT ( 'NONE',  ( -10.90000000000000600, 1.000000000000000000, -10.00000000000000200 ) ) ;
#5532 = B_SPLINE_CURVE_WITH_KNOTS ( 'NONE', 3,
 ( #678, #2322, #6185, #2256, #4536, #6733, #3951, #5610, #1203, #4473, #1159, #94, #5565, #576, #3334, #4558 ),
 .UNSPECIFIED., .F., .F.,
 ( 4, 3, 3, 3, 3, 4 ),
 ( 1.734723475976807100E-018, 3.919923792273805200E-005, 7.839866981027650200E-005, 0.0001175819989964534200, 0.0001567683997081080300, 0.0001687383463062331600 ),
 .UNSPECIFIED. ) ;
#5533 = ORIENTED_EDGE ( 'NONE', *, *, #6368, .T. ) ;
#5534 = LINE ( 'NONE', #4047, #4824 ) ;
#5535 = CARTESIAN_POINT ( 'NONE',  ( -17.95000000000000300, 3.849999999999998800, 8.950000000000002800 ) ) ;
#5536 = CARTESIAN_POINT ( 'NONE',  ( -10.90000000000000600, 4.000000000000000000, 8.600000000000003200 ) ) ;
#5537 = DIRECTION ( 'NONE',  ( 0.0000000000000000000, 0.0000000000000000000, 1.000000000000000000 ) ) ;
#5538 = EDGE_CURVE ( 'NONE', #6667, #4396, #1024, .T. ) ;
#5539 = ORIENTED_EDGE ( 'NONE', *, *, #668, .T. ) ;
#5540 = CARTESIAN_POINT ( 'NONE',  ( -18.03910856675158000, 3.796968780165061600, -8.994268322424705500 ) ) ;
#5541 = AXIS2_PLACEMENT_3D ( 'NONE', #880, #904, #5351 ) ;
#5542 = ORIENTED_EDGE ( 'NONE', *, *, #2071, .F. ) ;
#5543 = VECTOR ( 'NONE', #3306, 1000.000000000000000 ) ;
#5544 = VECTOR ( 'NONE', #6602, 1000.000000000000000 ) ;
#5545 = CARTESIAN_POINT ( 'NONE',  ( 18.99999999999999600, 0.0000000000000000000, -10.00000000000000200 ) ) ;
#5546 = CARTESIAN_POINT ( 'NONE',  ( -13.10000000000000500, 1.000000000000000900, 8.600000000000001400 ) ) ;
#5547 = CARTESIAN_POINT ( 'NONE',  ( -14.60000000000000500, 1.000000000000000900, 10.00000000000000200 ) ) ;
#5548 = CLOSED_SHELL ( 'NONE', ( #2843, #6121, #3318, #3093, #2624, #451, #3575, #3706 ) ) ;
#5549 = CARTESIAN_POINT ( 'NONE',  ( 18.05000000000001100, 6.591534635235366300E-014, -9.014078975515724700 ) ) ;
#5550 = EDGE_CURVE ( 'NONE', #5767, #2196, #666, .T. ) ;
#5551 = ORIENTED_EDGE ( 'NONE', *, *, #2831, .T. ) ;
#5552 = FACE_OUTER_BOUND ( 'NONE', #3662, .T. ) ;
#5553 = EDGE_CURVE ( 'NONE', #6658, #3927, #1536, .T. ) ;
#5554 = LINE ( 'NONE', #2221, #1465 ) ;
#5555 = LINE ( 'NONE', #3679, #5991 ) ;
#5556 = ADVANCED_FACE ( 'NONE', ( #7107 ), #2393, .F. ) ;
#5557 = ORIENTED_EDGE ( 'NONE', *, *, #4938, .T. ) ;
#5558 = VERTEX_POINT ( 'NONE', #6869 ) ;
#5559 = ORIENTED_EDGE ( 'NONE', *, *, #4831, .F. ) ;
#5560 = LINE ( 'NONE', #2682, #6963 ) ;
#5561 = CARTESIAN_POINT ( 'NONE',  ( -13.10000000000000500, 0.0000000000000000000, 8.599999999999999600 ) ) ;
#5562 = LINE ( 'NONE', #538, #1473 ) ;
#5563 = LINE ( 'NONE', #2348, #7120 ) ;
#5564 = CARTESIAN_POINT ( 'NONE',  ( -17.98566475942573500, 3.843423899164547700, 8.964878174842063200 ) ) ;
#5565 = CARTESIAN_POINT ( 'NONE',  ( 18.00949482550846500, 3.761208382015079500, 9.049369875579087000 ) ) ;
#5566 = CARTESIAN_POINT ( 'NONE',  ( -14.90000000000000600, 4.000000000000000000, -8.600000000000003200 ) ) ;
#5567 = EDGE_CURVE ( 'NONE', #6649, #2034, #1118, .T. ) ;
#5568 = VERTEX_POINT ( 'NONE', #3433 ) ;
#5569 = VECTOR ( 'NONE', #1488, 1000.000000000000000 ) ;
#5570 = DIRECTION ( 'NONE',  ( 0.0000000000000000000, -1.000000000000000000, 0.0000000000000000000 ) ) ;
#5571 = VECTOR ( 'NONE', #822, 1000.000000000000000 ) ;
#5572 = ORIENTED_EDGE ( 'NONE', *, *, #3968, .F. ) ;
#5573 = ORIENTED_EDGE ( 'NONE', *, *, #1450, .F. ) ;
#5574 = LINE ( 'NONE', #6112, #614 ) ;
#5575 = DIRECTION ( 'NONE',  ( -1.000000000000000000, 0.0000000000000000000, 9.637352644315598700E-016 ) ) ;
#5576 = AXIS2_PLACEMENT_3D ( 'NONE', #2671, #2052, #1522 ) ;
#5577 = CYLINDRICAL_SURFACE ( 'NONE', #2578, 0.5999999999999998700 ) ;
#5578 = VERTEX_POINT ( 'NONE', #6902 ) ;
#5579 = CARTESIAN_POINT ( 'NONE',  ( -6.900000000000004800, 1.000000000000000000, 9.999999999999994700 ) ) ;
#5580 = ORIENTED_EDGE ( 'NONE', *, *, #2038, .F. ) ;
#5581 = ORIENTED_EDGE ( 'NONE', *, *, #2204, .T. ) ;
#5582 = DIRECTION ( 'NONE',  ( 0.0000000000000000000, 0.0000000000000000000, -1.000000000000000000 ) ) ;
#5583 = MANIFOLD_SOLID_BREP ( 'Mirror2[8]', #5548 ) ;
#5584 = VECTOR ( 'NONE', #5370, 1000.000000000000000 ) ;
#5585 = CARTESIAN_POINT ( 'NONE',  ( 13.09999999999999600, 0.0000000000000000000, 8.600000000000003200 ) ) ;
#5586 = ORIENTED_EDGE ( 'NONE', *, *, #3507, .T. ) ;
#5587 = VERTEX_POINT ( 'NONE', #2413 ) ;
#5588 = VERTEX_POINT ( 'NONE', #196 ) ;
#5589 = PLANE ( 'NONE',  #620 ) ;
#5590 = DIRECTION ( 'NONE',  ( 0.0000000000000000000, 0.0000000000000000000, -1.000000000000000000 ) ) ;
#5591 = DIRECTION ( 'NONE',  ( 1.239088197126290700E-015, 0.0000000000000000000, 1.000000000000000000 ) ) ;
#5592 = ADVANCED_FACE ( 'NONE', ( #4911 ), #3603, .F. ) ;
#5593 = VECTOR ( 'NONE', #172, 1000.000000000000000 ) ;
#5594 = DIRECTION ( 'NONE',  ( -1.000000000000000000, -3.652049423109063300E-015, -4.192941221567185900E-032 ) ) ;
#5595 = ADVANCED_FACE ( 'NONE', ( #5006 ), #4559, .T. ) ;
#5596 = ORIENTED_EDGE ( 'NONE', *, *, #4407, .T. ) ;
#5597 = LINE ( 'NONE', #14, #997 ) ;
#5598 = EDGE_CURVE ( 'NONE', #1004, #4664, #4296, .T. ) ;
#5599 = EDGE_CURVE ( 'NONE', #971, #2005, #1720, .T. ) ;
#5600 = ORIENTED_EDGE ( 'NONE', *, *, #2336, .T. ) ;
#5601 = VERTEX_POINT ( 'NONE', #710 ) ;
#5602 = CYLINDRICAL_SURFACE ( 'NONE', #1516, 0.5999999999999998700 ) ;
#5603 = CARTESIAN_POINT ( 'NONE',  ( -1.100000000000005400, 1.000000000000000000, -10.00000000000000200 ) ) ;
#5604 = DIRECTION ( 'NONE',  ( -1.000000000000000000, 0.0000000000000000000, 9.637352644315598700E-016 ) ) ;
#5605 = DIRECTION ( 'NONE',  ( 1.000000000000000000, -0.0000000000000000000, -1.369518533665900300E-016 ) ) ;
#5606 = EDGE_CURVE ( 'NONE', #4702, #5601, #3522, .T. ) ;
#5607 = VECTOR ( 'NONE', #80, 1000.000000000000000 ) ;
#5608 = PLANE ( 'NONE',  #978 ) ;
#5609 = CARTESIAN_POINT ( 'NONE',  ( 6.899999999999995000, 0.0000000000000000000, -9.999999999999982200 ) ) ;
#5610 = CARTESIAN_POINT ( 'NONE',  ( 17.98468869012343800, 3.816500844680905200, 9.025656294836586800 ) ) ;
#5611 = CARTESIAN_POINT ( 'NONE',  ( -18.20000000000000300, 3.815628910804135500, 9.003369927380573400 ) ) ;
#5612 = CARTESIAN_POINT ( 'NONE',  ( -18.00330836715372100, 3.816006174085280200, 9.200000000000002800 ) ) ;
#5613 = B_SPLINE_SURFACE_WITH_KNOTS ( 'NONE', 1, 3, ( 
 ( #1455, #5941, #7102, #6508, #4280, #1559 ),
 ( #3685, #3731, #2028, #4801, #2067, #6536 ),
 ( #2633, #429, #3139, #4302, #399, #4870 ),
 ( #5959, #2001, #5882, #3702, #378, #4844 ) ),
 .UNSPECIFIED., .F., .F., .F.,
 ( 2, 1, 1, 2 ),
 ( 4, 2, 4 ),
 ( -0.01000000000000000000, 0.0000000000000000000, 1.000000000000000000, 1.010100000000000000 ),
 ( 0.0000000000000000000, 0.5000000000000000000, 1.000000000000000000 ),
 .UNSPECIFIED. ) ;
#5614 = LINE ( 'NONE', #4348, #2220 ) ;
#5615 = AXIS2_PLACEMENT_3D ( 'NONE', #6209, #6772, #2801 ) ;
#5616 = DIRECTION ( 'NONE',  ( 0.0000000000000000000, 0.0000000000000000000, 1.000000000000000000 ) ) ;
#5617 = ORIENTED_EDGE ( 'NONE', *, *, #74, .T. ) ;
#5618 = LINE ( 'NONE', #6453, #844 ) ;
#5619 = CLOSED_SHELL ( 'NONE', ( #1675, #7117, #4733, #4807, #3872, #1846, #2140, #2659, #2556, #178, #5556, #5430, #1197, #5671, #2579, #7214, #6758, #6675, #3508, #5046, #6500, #5079, #2809, #3235, #6417, #3793, #6374, #5485, #7130, #4598, #2616, #6820, #2167, #788, #3142, #3800, #6638, #5624 ) ) ;
#5620 = DIRECTION ( 'NONE',  ( -0.0000000000000000000, -1.000000000000000000, 0.0000000000000000000 ) ) ;
#5621 = ORIENTED_EDGE ( 'NONE', *, *, #1553, .F. ) ;
#5622 = CARTESIAN_POINT ( 'NONE',  ( 18.01407897551571600, 0.9999999999999970000, 9.200000000000011700 ) ) ;
#5623 = VERTEX_POINT ( 'NONE', #1806 ) ;
#5624 = ADVANCED_FACE ( 'NONE', ( #575 ), #5190, .F. ) ;
#5625 = CARTESIAN_POINT ( 'NONE',  ( 2.899999999999994600, 1.000000000000000000, -8.600000000000003200 ) ) ;
#5626 = EDGE_LOOP ( 'NONE', ( #2030, #4511, #1015, #3964, #6220, #7054 ) ) ;
#5627 = ORIENTED_EDGE ( 'NONE', *, *, #2294, .T. ) ;
#5628 = EDGE_CURVE ( 'NONE', #3450, #1915, #2823, .T. ) ;
#5629 = CARTESIAN_POINT ( 'NONE',  ( -6.900000000000004800, 1.000000000000000000, -8.600000000000003200 ) ) ;
#5630 = CARTESIAN_POINT ( 'NONE',  ( -13.10000000000000500, 4.000000000000000000, 10.00000000000000200 ) ) ;
#5631 = B_SPLINE_CURVE_WITH_KNOTS ( 'NONE', 3,
 ( #3313, #1618, #536, #4993, #3881, #481 ),
 .UNSPECIFIED., .F., .F.,
 ( 4, 2, 4 ),
 ( 0.0000000000000000000, 0.0001982799521481178300, 0.0003965599042962365200 ),
 .UNSPECIFIED. ) ;
#5632 = ORIENTED_EDGE ( 'NONE', *, *, #898, .F. ) ;
#5633 = CARTESIAN_POINT ( 'NONE',  ( -18.01407897551572600, 3.850000000000000100, 9.050000000000002500 ) ) ;
#5634 = CARTESIAN_POINT ( 'NONE',  ( 18.99999999999999600, 0.0000000000000000000, 9.999999999999998200 ) ) ;
#5635 = CARTESIAN_POINT ( 'NONE',  ( -18.05000000000000400, 3.776242980402223700, 9.003373429099756500 ) ) ;
#5636 = VERTEX_POINT ( 'NONE', #1958 ) ;
#5637 = VECTOR ( 'NONE', #1002, 1000.000000000000000 ) ;
#5638 = CARTESIAN_POINT ( 'NONE',  ( -5.100000000000005900, 3.280350850198276100, -9.999999999999994700 ) ) ;
#5639 = VECTOR ( 'NONE', #802, 1000.000000000000000 ) ;
#5640 = EDGE_CURVE ( 'NONE', #1772, #1386, #6331, .T. ) ;
#5641 = VECTOR ( 'NONE', #5077, 1000.000000000000000 ) ;
#5642 = DIRECTION ( 'NONE',  ( 0.0000000000000000000, 0.0000000000000000000, -1.000000000000000000 ) ) ;
#5643 = ORIENTED_EDGE ( 'NONE', *, *, #5032, .T. ) ;
#5644 =( GEOMETRIC_REPRESENTATION_CONTEXT ( 3 ) GLOBAL_UNCERTAINTY_ASSIGNED_CONTEXT ( ( #2761 ) ) GLOBAL_UNIT_ASSIGNED_CONTEXT ( ( #6729, #5758, #5212 ) ) REPRESENTATION_CONTEXT ( 'NONE', 'WORKASPACE' ) );
#5645 = ORIENTED_EDGE ( 'NONE', *, *, #6546, .F. ) ;
#5646 = LINE ( 'NONE', #926, #1141 ) ;
#5647 = DIRECTION ( 'NONE',  ( 0.0000000000000000000, 0.0000000000000000000, -1.000000000000000000 ) ) ;
#5648 = VECTOR ( 'NONE', #4255, 1000.000000000000000 ) ;
#5649 = FACE_OUTER_BOUND ( 'NONE', #2114, .T. ) ;
#5650 = ORIENTED_EDGE ( 'NONE', *, *, #6778, .T. ) ;
#5651 = EDGE_CURVE ( 'NONE', #1379, #2872, #210, .T. ) ;
#5652 = VECTOR ( 'NONE', #686, 1000.000000000000000 ) ;
#5653 = CARTESIAN_POINT ( 'NONE',  ( 5.099999999999995200, 4.000000000000000000, 10.00000000000000200 ) ) ;
#5654 = EDGE_CURVE ( 'NONE', #5988, #3760, #2567, .T. ) ;
#5655 = VECTOR ( 'NONE', #1114, 1000.000000000000000 ) ;
#5656 = DIRECTION ( 'NONE',  ( -0.0000000000000000000, -1.000000000000000000, 0.0000000000000000000 ) ) ;
#5657 = LINE ( 'NONE', #2687, #4158 ) ;
#5658 = ORIENTED_EDGE ( 'NONE', *, *, #3443, .F. ) ;
#5659 = ORIENTED_EDGE ( 'NONE', *, *, #6323, .F. ) ;
#5660 = SURFACE_STYLE_FILL_AREA ( #2615 ) ;
#5661 = CARTESIAN_POINT ( 'NONE',  ( -6.900000000000003000, 0.0000000000000000000, 8.599999999999994300 ) ) ;
#5662 = CARTESIAN_POINT ( 'NONE',  ( 9.999999999999994700, 1.000000000000000000, -9.999999999999978700 ) ) ;
#5663 = LINE ( 'NONE', #7109, #1481 ) ;
#5664 = DIRECTION ( 'NONE',  ( 1.000000000000000000, 0.0000000000000000000, 1.239088197126290900E-015 ) ) ;
#5665 = EDGE_CURVE ( 'NONE', #1074, #3760, #5534, .T. ) ;
#5666 = DIRECTION ( 'NONE',  ( 0.0000000000000000000, 0.0000000000000000000, 1.000000000000000000 ) ) ;
#5667 = CARTESIAN_POINT ( 'NONE',  ( 5.099999999999995200, 0.0000000000000000000, -8.600000000000003200 ) ) ;
#5668 = EDGE_LOOP ( 'NONE', ( #2968, #6726, #5354, #2895 ) ) ;
#5669 = FACE_OUTER_BOUND ( 'NONE', #4725, .T. ) ;
#5670 = PLANE ( 'NONE',  #3365 ) ;
#5671 = ADVANCED_FACE ( 'NONE', ( #5972 ), #6774, .T. ) ;
#5672 = FACE_OUTER_BOUND ( 'NONE', #3922, .T. ) ;
#5673 = ORIENTED_EDGE ( 'NONE', *, *, #2651, .F. ) ;
#5674 = CLOSED_SHELL ( 'NONE', ( #3065, #748, #2379, #4564, #6048, #440, #6894, #2315 ) ) ;
#5675 = DIRECTION ( 'NONE',  ( 0.0000000000000000000, 4.336808689942119500E-015, -1.000000000000000000 ) ) ;
#5676 = DIRECTION ( 'NONE',  ( 0.0000000000000000000, 0.0000000000000000000, 1.000000000000000000 ) ) ;
#5677 = ORIENTED_EDGE ( 'NONE', *, *, #6187, .F. ) ;
#5678 = ORIENTED_EDGE ( 'NONE', *, *, #1461, .F. ) ;
#5679 = PLANE ( 'NONE',  #912 ) ;
#5680 = STYLED_ITEM ( 'NONE', ( #4672 ), #1584 ) ;
#5681 = ORIENTED_EDGE ( 'NONE', *, *, #1413, .T. ) ;
#5682 = UNCERTAINTY_MEASURE_WITH_UNIT (LENGTH_MEASURE( 1.000000000000000100E-005 ), #6340, 'distance_accuracy_value', 'NONE');
#5683 = ORIENTED_EDGE ( 'NONE', *, *, #5947, .F. ) ;
#5684 = CARTESIAN_POINT ( 'NONE',  ( 14.89999999999999500, 0.0000000000000000000, 8.599999999999999600 ) ) ;
#5685 = FACE_OUTER_BOUND ( 'NONE', #6366, .T. ) ;
#5686 = DIRECTION ( 'NONE',  ( -1.000000000000000000, -0.0000000000000000000, 0.0000000000000000000 ) ) ;
#5687 = ORIENTED_EDGE ( 'NONE', *, *, #1656, .T. ) ;
#5688 = VERTEX_POINT ( 'NONE', #2476 ) ;
#5689 = CARTESIAN_POINT ( 'NONE',  ( -10.90000000000000400, 3.280350850198276100, 8.599999999999997900 ) ) ;
#5690 = EDGE_CURVE ( 'NONE', #1214, #4529, #4127, .T. ) ;
#5691 = ORIENTED_EDGE ( 'NONE', *, *, #7091, .F. ) ;
#5692 = LINE ( 'NONE', #5884, #4028 ) ;
#5693 = CARTESIAN_POINT ( 'NONE',  ( 18.99999999999999600, 1.000000000000000000, 9.999999999999998200 ) ) ;
#5694 = CARTESIAN_POINT ( 'NONE',  ( 18.20149999999999900, 3.816022770108155300, 9.003369892363377100 ) ) ;
#5695 = CARTESIAN_POINT ( 'NONE',  ( -9.400000000000005700, 0.0000000000000000000, 9.999999999999998200 ) ) ;
#5696 = ORIENTED_EDGE ( 'NONE', *, *, #2529, .T. ) ;
#5697 = ORIENTED_EDGE ( 'NONE', *, *, #1283, .T. ) ;
#5698 = EDGE_CURVE ( 'NONE', #4258, #4412, #1360, .T. ) ;
#5699 = CARTESIAN_POINT ( 'NONE',  ( 1.099999999999996800, 0.0000000000000000000, 8.599999999999985400 ) ) ;
#5700 = EDGE_CURVE ( 'NONE', #2866, #2439, #3961, .T. ) ;
#5701 = LINE ( 'NONE', #1362, #2381 ) ;
#5702 = CARTESIAN_POINT ( 'NONE',  ( -18.20000000000001700, 6.699102170141149600E-014, 0.0000000000000000000 ) ) ;
#5703 = AXIS2_PLACEMENT_3D ( 'NONE', #1109, #2161, #2733 ) ;
#5704 = CARTESIAN_POINT ( 'NONE',  ( 6.599999999999994300, 0.0000000000000000000, 9.999999999999982200 ) ) ;
#5705 = EDGE_CURVE ( 'NONE', #2967, #589, #6865, .T. ) ;
#5706 = PLANE ( 'NONE',  #781 ) ;
#5707 = DIRECTION ( 'NONE',  ( 0.0000000000000000000, 0.0000000000000000000, -1.000000000000000000 ) ) ;
#5708 = VECTOR ( 'NONE', #4812, 1000.000000000000000 ) ;
#5709 = CARTESIAN_POINT ( 'NONE',  ( -17.99271931701048600, 3.880496664690819700, 9.173056725902451800 ) ) ;
#5710 = CARTESIAN_POINT ( 'NONE',  ( 18.17439506625785800, 3.881279644678965500, 8.992719317010479300 ) ) ;
#5711 = DIRECTION ( 'NONE',  ( 0.0000000000000000000, 0.0000000000000000000, -1.000000000000000000 ) ) ;
#5712 = CARTESIAN_POINT ( 'NONE',  ( -14.60000000000000500, 3.280350850198276100, -10.00000000000000200 ) ) ;
#5713 = VERTEX_POINT ( 'NONE', #876 ) ;
#5714 = CARTESIAN_POINT ( 'NONE',  ( 13.99999999999999500, 1.000000000000000000, -9.999999999999973400 ) ) ;
#5715 = DIRECTION ( 'NONE',  ( -1.239088197126290900E-015, 0.0000000000000000000, -1.000000000000000000 ) ) ;
#5716 = PLANE ( 'NONE',  #4631 ) ;
#5717 = ORIENTED_EDGE ( 'NONE', *, *, #3151, .F. ) ;
#5718 = VERTEX_POINT ( 'NONE', #5856 ) ;
#5719 = VECTOR ( 'NONE', #1925, 1000.000000000000000 ) ;
#5720 = DIRECTION ( 'NONE',  ( -0.0000000000000000000, -1.000000000000000000, 0.0000000000000000000 ) ) ;
#5721 = LINE ( 'NONE', #6771, #3530 ) ;
#5722 = CARTESIAN_POINT ( 'NONE',  ( 1.099999999999995000, 1.000000000000000000, -9.999999999999985800 ) ) ;
#5723 = ORIENTED_EDGE ( 'NONE', *, *, #2904, .F. ) ;
#5724 = PLANE ( 'NONE',  #5301 ) ;
#5725 = ORIENTED_EDGE ( 'NONE', *, *, #1092, .T. ) ;
#5726 = CARTESIAN_POINT ( 'NONE',  ( 14.89999999999999500, 3.280350850198276100, 8.599999999999974800 ) ) ;
#5727 = LINE ( 'NONE', #2818, #140 ) ;
#5728 = LINE ( 'NONE', #3185, #2411 ) ;
#5729 = CARTESIAN_POINT ( 'NONE',  ( 1.099999999999995000, 0.0000000000000000000, -8.600000000000003200 ) ) ;
#5730 = CARTESIAN_POINT ( 'NONE',  ( 5.099999999999995200, 3.280350850198276100, 9.999999999999982200 ) ) ;
#5731 = CARTESIAN_POINT ( 'NONE',  ( 18.04999999999999700, 3.850000000000000100, 9.014078975515721100 ) ) ;
#5732 = VERTEX_POINT ( 'NONE', #6425 ) ;
#5733 = DIRECTION ( 'NONE',  ( 0.0000000000000000000, -1.000000000000000000, 0.0000000000000000000 ) ) ;
#5734 = EDGE_CURVE ( 'NONE', #3571, #2321, #1892, .T. ) ;
#5735 = ORIENTED_EDGE ( 'NONE', *, *, #5640, .F. ) ;
#5736 = CARTESIAN_POINT ( 'NONE',  ( -9.100000000000005000, 0.0000000000000000000, -8.599999999999997900 ) ) ;
#5737 = ADVANCED_FACE ( 'NONE', ( #388 ), #5243, .F. ) ;
#5738 = VECTOR ( 'NONE', #7211, 1000.000000000000000 ) ;
#5740 = EDGE_CURVE ( 'NONE', #2197, #2866, #3431, .T. ) ;
#5739 = DIRECTION ( 'NONE',  ( 0.0000000000000000000, 0.0000000000000000000, -1.000000000000000000 ) ) ;
#5741 = FACE_OUTER_BOUND ( 'NONE', #782, .T. ) ;
#5742 = ADVANCED_FACE ( 'NONE', ( #3695 ), #5281, .T. ) ;
#5743 = ORIENTED_EDGE ( 'NONE', *, *, #2202, .T. ) ;
#5744 = VECTOR ( 'NONE', #2307, 1000.000000000000000 ) ;
#5745 = CARTESIAN_POINT ( 'NONE',  ( -9.100000000000005000, 4.000000000000000000, 8.599999999999999600 ) ) ;
#5746 = CARTESIAN_POINT ( 'NONE',  ( 14.89999999999999500, 0.0000000000000000000, 9.999999999999973400 ) ) ;
#5747 = VECTOR ( 'NONE', #3001, 1000.000000000000000 ) ;
#5748 = ORIENTED_EDGE ( 'NONE', *, *, #3148, .F. ) ;
#5749 = CARTESIAN_POINT ( 'NONE',  ( -10.90000000000000600, 0.0000000000000000000, -9.999999999999998200 ) ) ;
#5750 = EDGE_CURVE ( 'NONE', #3700, #5502, #763, .T. ) ;
#5751 = ORIENTED_EDGE ( 'NONE', *, *, #1696, .F. ) ;
#5752 = LINE ( 'NONE', #3625, #3645 ) ;
#5753 = CARTESIAN_POINT ( 'NONE',  ( 2.899999999999994600, 0.0000000000000000000, -8.600000000000003200 ) ) ;
#5754 = AXIS2_PLACEMENT_3D ( 'NONE', #3221, #3614, #7139 ) ;
#5755 = LINE ( 'NONE', #5653, #3565 ) ;
#5756 = EDGE_LOOP ( 'NONE', ( #1174, #6475, #4804, #360 ) ) ;
#5757 = ORIENTED_EDGE ( 'NONE', *, *, #4665, .F. ) ;
#5758 =( NAMED_UNIT ( * ) PLANE_ANGLE_UNIT ( ) SI_UNIT ( $, .RADIAN. ) );
#5759 = ORIENTED_EDGE ( 'NONE', *, *, #7240, .T. ) ;
#5760 = ORIENTED_EDGE ( 'NONE', *, *, #1231, .T. ) ;
#5761 = DIRECTION ( 'NONE',  ( -1.000000000000000000, -0.0000000000000000000, -0.0000000000000000000 ) ) ;
#5762 = CARTESIAN_POINT ( 'NONE',  ( -17.95000000000000300, 3.848484999999998400, 8.950000000000001100 ) ) ;
#5763 = DIRECTION ( 'NONE',  ( 0.0000000000000000000, 1.000000000000000000, -0.0000000000000000000 ) ) ;
#5764 = AXIS2_PLACEMENT_3D ( 'NONE', #2976, #714, #4639 ) ;
#5765 = CARTESIAN_POINT ( 'NONE',  ( -1.100000000000005400, 1.000000000000000000, 0.0000000000000000000 ) ) ;
#5766 = CARTESIAN_POINT ( 'NONE',  ( 13.99999999999999500, 0.0000000000000000000, -9.999999999999973400 ) ) ;
#5767 = VERTEX_POINT ( 'NONE', #1973 ) ;
#5768 = DIRECTION ( 'NONE',  ( -0.0000000000000000000, 0.0000000000000000000, 1.000000000000000000 ) ) ;
#5769 = ORIENTED_EDGE ( 'NONE', *, *, #4519, .F. ) ;
#5770 = EDGE_LOOP ( 'NONE', ( #301, #2669, #7247, #6426 ) ) ;
#5771 = ORIENTED_EDGE ( 'NONE', *, *, #6691, .F. ) ;
#5772 = CARTESIAN_POINT ( 'NONE',  ( -18.20000000000000300, 3.750000000000000900, 9.014078975515724700 ) ) ;
#5773 = CARTESIAN_POINT ( 'NONE',  ( 5.099999999999995200, 1.000000000000000000, -9.999999999999982200 ) ) ;
#5774 = VECTOR ( 'NONE', #4647, 1000.000000000000000 ) ;
#5775 = DIRECTION ( 'NONE',  ( 1.000000000000000000, 0.0000000000000000000, 0.0000000000000000000 ) ) ;
#5776 = CARTESIAN_POINT ( 'NONE',  ( 13.09999999999999600, 0.0000000000000000000, -9.999999999999973400 ) ) ;
#5777 = ORIENTED_EDGE ( 'NONE', *, *, #670, .F. ) ;
#5778 = LINE ( 'NONE', #3316, #1779 ) ;
#5779 = DIRECTION ( 'NONE',  ( 0.0000000000000000000, 0.0000000000000000000, 1.000000000000000000 ) ) ;
#5780 = PLANE ( 'NONE',  #135 ) ;
#5781 = ADVANCED_FACE ( 'NONE', ( #2994 ), #3649, .F. ) ;
#5782 = ORIENTED_EDGE ( 'NONE', *, *, #1980, .F. ) ;
#5783 = EDGE_CURVE ( 'NONE', #1004, #6903, #5618, .T. ) ;
#5784 = DIRECTION ( 'NONE',  ( -0.0000000000000000000, -1.000000000000000000, -0.0000000000000000000 ) ) ;
#5785 = CARTESIAN_POINT ( 'NONE',  ( -18.01407897551572600, 3.750000000000000900, 9.199999999999997500 ) ) ;
#5786 =( NAMED_UNIT ( * ) SI_UNIT ( $, .STERADIAN. ) SOLID_ANGLE_UNIT ( ) );
#5787 = AXIS2_PLACEMENT_3D ( 'NONE', #5457, #1614, #4892 ) ;
#5788 = ORIENTED_EDGE ( 'NONE', *, *, #319, .F. ) ;
#5789 = COLOUR_RGB ( '',0.9686274509803921600, 0.8784313725490196000, 0.5999999999999999800 ) ;
#5790 = CARTESIAN_POINT ( 'NONE',  ( 18.99999999999999600, 1.000000000000000000, -10.00000000000000200 ) ) ;
#5791 = EDGE_CURVE ( 'NONE', #4709, #5688, #7207, .T. ) ;
#5792 = DIRECTION ( 'NONE',  ( -1.000000000000000000, 0.0000000000000000000, 0.0000000000000000000 ) ) ;
#5793 = EDGE_CURVE ( 'NONE', #102, #3194, #924, .T. ) ;
#5794 = DIRECTION ( 'NONE',  ( 0.0000000000000000000, 0.0000000000000000000, 1.000000000000000000 ) ) ;
#5795 = CARTESIAN_POINT ( 'NONE',  ( -18.20000000000001400, 0.9999999999999970000, 9.200000000000002800 ) ) ;
#5796 = LINE ( 'NONE', #2345, #1716 ) ;
#5797 = CARTESIAN_POINT ( 'NONE',  ( -2.900000000000004800, 1.000000000000000000, -8.600000000000003200 ) ) ;
#5798 = DIRECTION ( 'NONE',  ( 1.239088197126290900E-015, -0.0000000000000000000, 1.000000000000000000 ) ) ;
#5799 = SURFACE_STYLE_USAGE ( .BOTH. , #1369 ) ;
#5800 = DIRECTION ( 'NONE',  ( -1.000000000000000000, 0.0000000000000000000, 1.429717150530335400E-016 ) ) ;
#5801 = ORIENTED_EDGE ( 'NONE', *, *, #6256, .T. ) ;
#5802 = PRESENTATION_STYLE_ASSIGNMENT (( #6284 ) ) ;
#5803 = AXIS2_PLACEMENT_3D ( 'NONE', #4138, #838, #1960 ) ;
#5804 = CARTESIAN_POINT ( 'NONE',  ( 17.97140742112904400, 3.972842177522289300, 9.080696270714641500 ) ) ;
#5805 = ORIENTED_EDGE ( 'NONE', *, *, #5500, .T. ) ;
#5806 = DIRECTION ( 'NONE',  ( -1.000000000000000000, 0.0000000000000000000, 0.0000000000000000000 ) ) ;
#5807 = VERTEX_POINT ( 'NONE', #249 ) ;
#5808 = FACE_OUTER_BOUND ( 'NONE', #1590, .T. ) ;
#5809 = CARTESIAN_POINT ( 'NONE',  ( 6.599999999999994300, 1.000000000000000900, -9.999999999999982200 ) ) ;
#5810 = ORIENTED_EDGE ( 'NONE', *, *, #1923, .F. ) ;
#5811 = AXIS2_PLACEMENT_3D ( 'NONE', #4448, #1101, #5527 ) ;
#5812 = ORIENTED_EDGE ( 'NONE', *, *, #2740, .T. ) ;
#5813 = CARTESIAN_POINT ( 'NONE',  ( -1.100000000000003600, 0.0000000000000000000, 10.00000000000000200 ) ) ;
#5814 = LINE ( 'NONE', #4052, #5199 ) ;
#5815 = DIRECTION ( 'NONE',  ( 1.000000000000000000, 0.0000000000000000000, -0.0000000000000000000 ) ) ;
#5816 = FACE_OUTER_BOUND ( 'NONE', #5365, .T. ) ;
#5817 = PLANE ( 'NONE',  #7079 ) ;
#5818 = ORIENTED_EDGE ( 'NONE', *, *, #286, .T. ) ;
#5819 = VECTOR ( 'NONE', #6948, 1000.000000000000000 ) ;
#5820 = PRESENTATION_STYLE_ASSIGNMENT (( #6005 ) ) ;
#5821 = FACE_OUTER_BOUND ( 'NONE', #1469, .T. ) ;
#5822 = DIRECTION ( 'NONE',  ( 1.000000000000000000, 0.0000000000000000000, 0.0000000000000000000 ) ) ;
#5823 = EDGE_LOOP ( 'NONE', ( #1690, #6476, #3100, #6127, #4691, #529 ) ) ;
#5824 = LINE ( 'NONE', #7087, #5569 ) ;
#5825 = PRESENTATION_LAYER_ASSIGNMENT (  '', '', ( #1780 ) ) ;
#5826 = LINE ( 'NONE', #5, #3103 ) ;
#5827 = CARTESIAN_POINT ( 'NONE',  ( -14.90000000000000600, 0.0000000000000000000, 10.00000000000000200 ) ) ;
#5828 = LINE ( 'NONE', #4996, #5476 ) ;
#5829 = FILL_AREA_STYLE_COLOUR ( '', #3454 ) ;
#5830 = DIRECTION ( 'NONE',  ( -0.0000000000000000000, -1.000000000000000000, 0.0000000000000000000 ) ) ;
#5831 = ORIENTED_EDGE ( 'NONE', *, *, #7202, .T. ) ;
#5832 = CARTESIAN_POINT ( 'NONE',  ( 18.04848499999999600, 3.775845182505164200, 9.003373464467113500 ) ) ;
#5833 = VERTEX_POINT ( 'NONE', #6582 ) ;
#5834 = EDGE_CURVE ( 'NONE', #3305, #3030, #5345, .T. ) ;
#5835 = LINE ( 'NONE', #5661, #2007 ) ;
#5837 = EDGE_CURVE ( 'NONE', #6168, #3657, #2390, .T. ) ;
#5836 = CARTESIAN_POINT ( 'NONE',  ( -18.01407897551572600, 3.274035343719334700E-014, -9.050000000000011400 ) ) ;
#5838 = CARTESIAN_POINT ( 'NONE',  ( -5.400000000000005700, 0.0000000000000000000, -9.999999999999994700 ) ) ;
#5839 = LINE ( 'NONE', #3849, #3202 ) ;
#5840 = ORIENTED_EDGE ( 'NONE', *, *, #2738, .F. ) ;
#5841 = ORIENTED_EDGE ( 'NONE', *, *, #5221, .F. ) ;
#5842 = ORIENTED_EDGE ( 'NONE', *, *, #3586, .T. ) ;
#5843 = LINE ( 'NONE', #2681, #4337 ) ;
#5844 = DIRECTION ( 'NONE',  ( 0.0000000000000000000, 0.0000000000000000000, -1.000000000000000000 ) ) ;
#5845 = ORIENTED_EDGE ( 'NONE', *, *, #3315, .F. ) ;
#5846 = EDGE_CURVE ( 'NONE', #6617, #24, #5880, .T. ) ;
#5847 = ORIENTED_EDGE ( 'NONE', *, *, #1401, .T. ) ;
#5848 = ORIENTED_EDGE ( 'NONE', *, *, #6660, .T. ) ;
#5849 = ORIENTED_EDGE ( 'NONE', *, *, #4948, .F. ) ;
#5850 = ORIENTED_EDGE ( 'NONE', *, *, #6221, .T. ) ;
#5851 = VECTOR ( 'NONE', #2629, 1000.000000000000000 ) ;
#5852 = ORIENTED_EDGE ( 'NONE', *, *, #932, .F. ) ;
#5853 = ORIENTED_EDGE ( 'NONE', *, *, #6641, .T. ) ;
#5854 = ADVANCED_FACE ( 'NONE', ( #1113 ), #1545, .T. ) ;
#5855 = DIRECTION ( 'NONE',  ( 1.000000000000000000, 0.0000000000000000000, 0.0000000000000000000 ) ) ;
#5856 = CARTESIAN_POINT ( 'NONE',  ( -2.900000000000003500, 1.000000000000000900, -8.599999999999989000 ) ) ;
#5857 = CARTESIAN_POINT ( 'NONE',  ( 17.94999999999999600, 3.849999999999998800, 9.014078975515721100 ) ) ;
#5858 = DIRECTION ( 'NONE',  ( -1.000000000000000000, 0.0000000000000000000, 0.0000000000000000000 ) ) ;
#5859 = ORIENTED_EDGE ( 'NONE', *, *, #2047, .T. ) ;
#5860 = LINE ( 'NONE', #7085, #3592 ) ;
#5861 = PLANE ( 'NONE',  #4369 ) ;
#5862 = CARTESIAN_POINT ( 'NONE',  ( -1.100000000000005400, 0.0000000000000000000, -8.599999999999989000 ) ) ;
#5863 = CARTESIAN_POINT ( 'NONE',  ( -18.00413326186176700, 3.774360777785656900, 9.047739216651303100 ) ) ;
#5864 = CLOSED_SHELL ( 'NONE', ( #5781, #4160, #1083, #3188, #1776, #6854, #3837, #2592 ) ) ;
#5865 = AXIS2_PLACEMENT_3D ( 'NONE', #6173, #2868, #5037 ) ;
#5866 = VERTEX_POINT ( 'NONE', #3201 ) ;
#5867 = CARTESIAN_POINT ( 'NONE',  ( 1.099999999999995000, 1.000000000000000000, -8.600000000000003200 ) ) ;
#5868 = FACE_OUTER_BOUND ( 'NONE', #5230, .T. ) ;
#5869 = CARTESIAN_POINT ( 'NONE',  ( 5.999999999999994700, 0.0000000000000000000, 9.999999999999982200 ) ) ;
#5870 = EDGE_CURVE ( 'NONE', #3657, #3035, #4572, .T. ) ;
#5871 = CARTESIAN_POINT ( 'NONE',  ( -2.900000000000004800, 4.000000000000000000, 8.600000000000003200 ) ) ;
#5872 = LINE ( 'NONE', #7025, #4905 ) ;
#5873 = DIRECTION ( 'NONE',  ( 0.0000000000000000000, 0.0000000000000000000, 1.000000000000000000 ) ) ;
#5874 = CARTESIAN_POINT ( 'NONE',  ( 18.99999999999999600, 1.000000000000000000, -10.00000000000000200 ) ) ;
#5875 = AXIS2_PLACEMENT_3D ( 'NONE', #4183, #6405, #5900 ) ;
#5876 = CARTESIAN_POINT ( 'NONE',  ( 6.899999999999995000, 1.000000000000000900, -8.599999999999981900 ) ) ;
#5877 = EDGE_LOOP ( 'NONE', ( #556, #1122, #6119, #5512 ) ) ;
#5878 =( NAMED_UNIT ( * ) SI_UNIT ( $, .STERADIAN. ) SOLID_ANGLE_UNIT ( ) );
#5879 = PLANE ( 'NONE',  #5276 ) ;
#5880 = LINE ( 'NONE', #1003, #5964 ) ;
#5881 = EDGE_CURVE ( 'NONE', #864, #5288, #6859, .T. ) ;
#5882 = CARTESIAN_POINT ( 'NONE',  ( 18.00140785608829900, 3.837870966602011400, -8.971359658505242900 ) ) ;
#5883 = EDGE_CURVE ( 'NONE', #7167, #3628, #6149, .T. ) ;
#5884 = CARTESIAN_POINT ( 'NONE',  ( -14.90000000000000600, 0.0000000000000000000, 10.00000000000000200 ) ) ;
#5885 = CARTESIAN_POINT ( 'NONE',  ( 17.98566475942572000, 3.843423899164546900, -8.964878174842063200 ) ) ;
#5886 = AXIS2_PLACEMENT_3D ( 'NONE', #2365, #3444, #1210 ) ;
#5887 = ADVANCED_FACE ( 'NONE', ( #302 ), #4318, .F. ) ;
#5888 = DIRECTION ( 'NONE',  ( -1.000000000000000000, -0.0000000000000000000, -0.0000000000000000000 ) ) ;
#5889 = VERTEX_POINT ( 'NONE', #3693 ) ;
#5890 = CIRCLE ( 'NONE', #6842, 0.5999999999999998700 ) ;
#5891 = CARTESIAN_POINT ( 'NONE',  ( 13.09999999999999800, 0.0000000000000000000, -8.599999999999974800 ) ) ;
#5892 = ORIENTED_EDGE ( 'NONE', *, *, #4099, .F. ) ;
#5893 = CARTESIAN_POINT ( 'NONE',  ( 2.899999999999994600, 1.000000000000000000, 10.00000000000000200 ) ) ;
#5894 = UNCERTAINTY_MEASURE_WITH_UNIT (LENGTH_MEASURE( 1.000000000000000100E-005 ), #3759, 'distance_accuracy_value', 'NONE');
#5895 = EDGE_CURVE ( 'NONE', #4776, #2362, #1977, .T. ) ;
#5896 = VERTEX_POINT ( 'NONE', #4293 ) ;
#5897 = FACE_OUTER_BOUND ( 'NONE', #2941, .T. ) ;
#5898 = CARTESIAN_POINT ( 'NONE',  ( 17.99426832242470200, 3.796968780165065600, -9.039108566751565400 ) ) ;
#5899 = VECTOR ( 'NONE', #4202, 1000.000000000000000 ) ;
#5900 = DIRECTION ( 'NONE',  ( -1.239088197126290900E-015, 0.0000000000000000000, 1.000000000000000000 ) ) ;
#5901 = CARTESIAN_POINT ( 'NONE',  ( 10.89999999999999500, 0.0000000000000000000, -8.600000000000003200 ) ) ;
#5902 = ORIENTED_EDGE ( 'NONE', *, *, #2747, .F. ) ;
#5903 = EDGE_LOOP ( 'NONE', ( #3542, #7069, #6208, #3989 ) ) ;
#5904 = PLANE ( 'NONE',  #1319 ) ;
#5905 = DIRECTION ( 'NONE',  ( -0.0000000000000000000, -0.0000000000000000000, -1.000000000000000000 ) ) ;
#5906 = FACE_OUTER_BOUND ( 'NONE', #1993, .T. ) ;
#5907 = DIRECTION ( 'NONE',  ( 9.637352644315598700E-016, 0.0000000000000000000, -1.000000000000000000 ) ) ;
#5908 = LINE ( 'NONE', #2087, #4409 ) ;
#5909 = AXIS2_PLACEMENT_3D ( 'NONE', #7022, #380, #1533 ) ;
#5910 = ORIENTED_EDGE ( 'NONE', *, *, #4459, .T. ) ;
#5911 = CIRCLE ( 'NONE', #250, 0.5999999999999998700 ) ;
#5912 = ORIENTED_EDGE ( 'NONE', *, *, #5511, .T. ) ;
#5913 = VECTOR ( 'NONE', #4231, 1000.000000000000000 ) ;
#5914 = FACE_OUTER_BOUND ( 'NONE', #6202, .T. ) ;
#5915 = DIRECTION ( 'NONE',  ( 1.000000000000000000, -3.491481338843133000E-015, 0.0000000000000000000 ) ) ;
#5916 = VERTEX_POINT ( 'NONE', #3133 ) ;
#5917 = ORIENTED_EDGE ( 'NONE', *, *, #4424, .T. ) ;
#5918 = ORIENTED_EDGE ( 'NONE', *, *, #5651, .T. ) ;
#5919 = LINE ( 'NONE', #6142, #2947 ) ;
#5920 = EDGE_CURVE ( 'NONE', #3571, #2101, #6680, .T. ) ;
#5921 = LINE ( 'NONE', #1888, #2181 ) ;
#5922 = EDGE_LOOP ( 'NONE', ( #3021, #5645, #3126, #1979 ) ) ;
#5923 = DIRECTION ( 'NONE',  ( -1.000000000000000000, 0.0000000000000000000, 0.0000000000000000000 ) ) ;
#5924 = STYLED_ITEM ( 'NONE', ( #1458 ), #3933 ) ;
#5925 = ORIENTED_EDGE ( 'NONE', *, *, #5700, .F. ) ;
#5926 = LINE ( 'NONE', #281, #6378 ) ;
#5927 = CARTESIAN_POINT ( 'NONE',  ( -13.10000000000000500, 3.280350850198276100, -10.00000000000000200 ) ) ;
#5928 = ORIENTED_EDGE ( 'NONE', *, *, #6839, .F. ) ;
#5929 = CARTESIAN_POINT ( 'NONE',  ( 13.39999999999999500, 0.0000000000000000000, 9.999999999999973400 ) ) ;
#5930 = DIRECTION ( 'NONE',  ( -0.0000000000000000000, -1.000000000000000000, -0.0000000000000000000 ) ) ;
#5931 = LINE ( 'NONE', #4391, #7066 ) ;
#5932 = EDGE_CURVE ( 'NONE', #1854, #6658, #2989, .T. ) ;
#5933 = ORIENTED_EDGE ( 'NONE', *, *, #2795, .F. ) ;
#5934 = CARTESIAN_POINT ( 'NONE',  ( -10.60000000000000500, 3.280350850198276100, -9.999999999999998200 ) ) ;
#5936 = EDGE_CURVE ( 'NONE', #2523, #4776, #6068, .T. ) ;
#5935 = DIRECTION ( 'NONE',  ( 0.0000000000000000000, -0.0000000000000000000, 1.000000000000000000 ) ) ;
#5937 = ORIENTED_EDGE ( 'NONE', *, *, #6305, .T. ) ;
#5938 = ORIENTED_EDGE ( 'NONE', *, *, #6936, .T. ) ;
#5939 = PLANE ( 'NONE',  #5244 ) ;
#5940 =( GEOMETRIC_REPRESENTATION_CONTEXT ( 3 ) GLOBAL_UNCERTAINTY_ASSIGNED_CONTEXT ( ( #6981 ) ) GLOBAL_UNIT_ASSIGNED_CONTEXT ( ( #6237, #4098, #5786 ) ) REPRESENTATION_CONTEXT ( 'NONE', 'WORKASPACE' ) );
#5941 = CARTESIAN_POINT ( 'NONE',  ( 18.01602277010814700, 4.001499999999999200, -8.960709083152345000 ) ) ;
#5942 = VERTEX_POINT ( 'NONE', #5374 ) ;
#5943 = PLANE ( 'NONE',  #381 ) ;
#5944 = ORIENTED_EDGE ( 'NONE', *, *, #3239, .F. ) ;
#5945 = VERTEX_POINT ( 'NONE', #1476 ) ;
#5946 = CARTESIAN_POINT ( 'NONE',  ( 9.099999999999997900, 0.0000000000000000000, 8.599999999999978300 ) ) ;
#5947 = EDGE_CURVE ( 'NONE', #1665, #2092, #384, .T. ) ;
#5948 = ORIENTED_EDGE ( 'NONE', *, *, #2984, .F. ) ;
#5949 = CARTESIAN_POINT ( 'NONE',  ( -6.000000000000005300, 0.0000000000000000000, -9.999999999999994700 ) ) ;
#5950 = DIRECTION ( 'NONE',  ( -1.000000000000000000, 0.0000000000000000000, 9.130123557772669600E-017 ) ) ;
#5951 = DIRECTION ( 'NONE',  ( 1.000000000000000000, 3.491481338843133000E-015, 5.176137173774659800E-032 ) ) ;
#5952 = CARTESIAN_POINT ( 'NONE',  ( 17.97135965850523900, 3.837870966602011000, -9.001407856088301100 ) ) ;
#5953 = VERTEX_POINT ( 'NONE', #3721 ) ;
#5954 = CARTESIAN_POINT ( 'NONE',  ( 10.59999999999999400, 1.000000000000000000, -9.999999999999978700 ) ) ;
#5955 = CARTESIAN_POINT ( 'NONE',  ( -6.900000000000004800, 1.000000000000000000, -10.00000000000000200 ) ) ;
#5956 = ADVANCED_FACE ( 'NONE', ( #2049 ), #5507, .T. ) ;
#5957 = CARTESIAN_POINT ( 'NONE',  ( -10.00000000000000500, 0.0000000000000000000, 9.999999999999998200 ) ) ;
#5958 = DIRECTION ( 'NONE',  ( 0.0000000000000000000, 0.0000000000000000000, -1.000000000000000000 ) ) ;
#5959 = CARTESIAN_POINT ( 'NONE',  ( 17.94999999999999600, 3.848484999999998800, -8.950000000000001100 ) ) ;
#5960 = VERTEX_POINT ( 'NONE', #7078 ) ;
#5961 = VECTOR ( 'NONE', #6715, 1000.000000000000000 ) ;
#5962 = DIRECTION ( 'NONE',  ( -0.0000000000000000000, -1.000000000000000000, -0.0000000000000000000 ) ) ;
#5963 = SURFACE_SIDE_STYLE ('',( #3002 ) ) ;
#5964 = VECTOR ( 'NONE', #1526, 1000.000000000000000 ) ;
#5965 = EDGE_CURVE ( 'NONE', #3406, #307, #5179, .T. ) ;
#5966 = PLANE ( 'NONE',  #5576 ) ;
#5967 = EDGE_CURVE ( 'NONE', #3160, #2967, #6685, .T. ) ;
#5968 = CARTESIAN_POINT ( 'NONE',  ( 9.099999999999997900, 3.280350850198276100, -8.599999999999978300 ) ) ;
#5969 = CARTESIAN_POINT ( 'NONE',  ( 18.00336989236337700, 3.816022770108158800, -9.201499999999995800 ) ) ;
#5970 = CARTESIAN_POINT ( 'NONE',  ( -14.90000000000000400, 0.0000000000000000000, -8.600000000000001400 ) ) ;
#5971 = EDGE_LOOP ( 'NONE', ( #5573, #6566, #364, #4175 ) ) ;
#5972 = FACE_OUTER_BOUND ( 'NONE', #4154, .T. ) ;
#5973 = DIRECTION ( 'NONE',  ( -0.0000000000000000000, -0.0000000000000000000, 1.000000000000000000 ) ) ;
#5974 = CARTESIAN_POINT ( 'NONE',  ( -18.00219866587633200, 3.839222690360979900, -8.971359658505237500 ) ) ;
#5975 = CARTESIAN_POINT ( 'NONE',  ( -13.10000000000000700, 0.0000000000000000000, 10.00000000000000200 ) ) ;
#5976 = VERTEX_POINT ( 'NONE', #6676 ) ;
#5977 = EDGE_LOOP ( 'NONE', ( #4298, #4587, #5051, #2705 ) ) ;
#5978 = FACE_OUTER_BOUND ( 'NONE', #289, .T. ) ;
#5979 = DIRECTION ( 'NONE',  ( 0.0000000000000000000, 1.000000000000000000, 0.0000000000000000000 ) ) ;
#5980 = EDGE_CURVE ( 'NONE', #4871, #5807, #6324, .T. ) ;
#5981 = CARTESIAN_POINT ( 'NONE',  ( -9.400000000000005700, 3.280350850198276100, -9.999999999999998200 ) ) ;
#5982 = CARTESIAN_POINT ( 'NONE',  ( -2.900000000000004800, 0.0000000000000000000, -9.999999999999989300 ) ) ;
#5983 = VECTOR ( 'NONE', #5798, 1000.000000000000000 ) ;
#5984 = ORIENTED_EDGE ( 'NONE', *, *, #5538, .T. ) ;
#5985 = CARTESIAN_POINT ( 'NONE',  ( 18.17284217752227700, 3.880696270714641300, 8.992671554386674900 ) ) ;
#5986 = ADVANCED_FACE ( 'NONE', ( #3690 ), #7205, .T. ) ;
#5987 = UNCERTAINTY_MEASURE_WITH_UNIT (LENGTH_MEASURE( 1.000000000000000100E-005 ), #2806, 'distance_accuracy_value', 'NONE');
#5988 = VERTEX_POINT ( 'NONE', #495 ) ;
#5989 = COLOUR_RGB ( '',0.9686274509803921600, 0.8784313725490196000, 0.5999999999999999800 ) ;
#5990 = LINE ( 'NONE', #3039, #4841 ) ;
#5991 = VECTOR ( 'NONE', #5973, 1000.000000000000000 ) ;
#5992 =( NAMED_UNIT ( * ) SI_UNIT ( $, .STERADIAN. ) SOLID_ANGLE_UNIT ( ) );
#5993 = AXIS2_PLACEMENT_3D ( 'NONE', #4553, #33, #5107 ) ;
#5994 = VECTOR ( 'NONE', #5784, 1000.000000000000000 ) ;
#5995 = ORIENTED_EDGE ( 'NONE', *, *, #3874, .T. ) ;
#5996 = LINE ( 'NONE', #1785, #4493 ) ;
#5997 = CARTESIAN_POINT ( 'NONE',  ( 18.99999999999999600, 1.000000000000000000, -10.00000000000000200 ) ) ;
#5998 = VECTOR ( 'NONE', #1873, 1000.000000000000000 ) ;
#5999 = VECTOR ( 'NONE', #2824, 1000.000000000000000 ) ;
#6000 = DIRECTION ( 'NONE',  ( 0.0000000000000000000, -1.000000000000000000, 6.123233995736766000E-017 ) ) ;
#6001 = ADVANCED_FACE ( 'NONE', ( #204 ), #2219, .T. ) ;
#6002 = ORIENTED_EDGE ( 'NONE', *, *, #2460, .F. ) ;
#6003 = ORIENTED_EDGE ( 'NONE', *, *, #1100, .F. ) ;
#6004 = VECTOR ( 'NONE', #1186, 1000.000000000000000 ) ;
#6005 = SURFACE_STYLE_USAGE ( .BOTH. , #1550 ) ;
#6006 = LINE ( 'NONE', #181, #702 ) ;
#6007 = CARTESIAN_POINT ( 'NONE',  ( -18.01102237845780300, 3.757489732941513800, -9.049789318988406000 ) ) ;
#6008 = AXIS2_PLACEMENT_3D ( 'NONE', #1367, #2403, #5250 ) ;
#6009 = VECTOR ( 'NONE', #297, 1000.000000000000000 ) ;
#6010 = AXIS2_PLACEMENT_3D ( 'NONE', #6786, #2907, #5675 ) ;
#6011 = DIRECTION ( 'NONE',  ( 1.000000000000000000, -0.0000000000000000000, 9.637352644315598700E-016 ) ) ;
#6012 = DIRECTION ( 'NONE',  ( -0.0000000000000000000, -0.0000000000000000000, 1.000000000000000000 ) ) ;
#6013 = SURFACE_STYLE_USAGE ( .BOTH. , #6043 ) ;
#6014 = ORIENTED_EDGE ( 'NONE', *, *, #2029, .F. ) ;
#6015 = ORIENTED_EDGE ( 'NONE', *, *, #146, .T. ) ;
#6016 = FACE_OUTER_BOUND ( 'NONE', #7154, .T. ) ;
#6017 = DIRECTION ( 'NONE',  ( -0.0000000000000000000, -1.000000000000000000, 0.0000000000000000000 ) ) ;
#6018 = VECTOR ( 'NONE', #6860, 1000.000000000000000 ) ;
#6019 = VERTEX_POINT ( 'NONE', #1081 ) ;
#6020 = EDGE_CURVE ( 'NONE', #7044, #3700, #5614, .T. ) ;
#6021 = FACE_OUTER_BOUND ( 'NONE', #7254, .T. ) ;
#6022 = CARTESIAN_POINT ( 'NONE',  ( 18.03910856675156500, 3.796968780165059800, 8.994268322424702000 ) ) ;
#6023 = EDGE_LOOP ( 'NONE', ( #4349, #162, #186, #4541 ) ) ;
#6024 = LINE ( 'NONE', #6423, #5492 ) ;
#6025 = VERTEX_POINT ( 'NONE', #2153 ) ;
#6026 = AXIS2_PLACEMENT_3D ( 'NONE', #3642, #1442, #5330 ) ;
#6027 = ORIENTED_EDGE ( 'NONE', *, *, #120, .T. ) ;
#6028 = CARTESIAN_POINT ( 'NONE',  ( 2.599999999999994800, 0.0000000000000000000, -9.999999999999985800 ) ) ;
#6029 = VERTEX_POINT ( 'NONE', #1708 ) ;
#6030 = VERTEX_POINT ( 'NONE', #6131 ) ;
#6031 = CARTESIAN_POINT ( 'NONE',  ( -13.40000000000000600, 3.280350850198276100, -10.00000000000000200 ) ) ;
#6032 = EDGE_CURVE ( 'NONE', #1893, #1165, #4817, .T. ) ;
#6033 = ORIENTED_EDGE ( 'NONE', *, *, #4051, .T. ) ;
#6034 = CARTESIAN_POINT ( 'NONE',  ( -6.900000000000004800, 0.0000000000000000000, -10.00000000000000200 ) ) ;
#6036 = EDGE_CURVE ( 'NONE', #5945, #5568, #2640, .T. ) ;
#6035 = DIRECTION ( 'NONE',  ( 1.239088197126290900E-015, 0.0000000000000000000, -1.000000000000000000 ) ) ;
#6037 = VECTOR ( 'NONE', #2088, 1000.000000000000000 ) ;
#6038 = DIRECTION ( 'NONE',  ( -0.0000000000000000000, -0.0000000000000000000, 1.000000000000000000 ) ) ;
#6039 = ORIENTED_EDGE ( 'NONE', *, *, #6090, .F. ) ;
#6040 = ORIENTED_EDGE ( 'NONE', *, *, #3069, .F. ) ;
#6041 = DIRECTION ( 'NONE',  ( 1.000000000000000000, 0.0000000000000000000, 0.0000000000000000000 ) ) ;
#6042 = DIRECTION ( 'NONE',  ( 1.000000000000000000, -0.0000000000000000000, 0.0000000000000000000 ) ) ;
#6043 = SURFACE_SIDE_STYLE ('',( #6073 ) ) ;
#6044 =( NAMED_UNIT ( * ) PLANE_ANGLE_UNIT ( ) SI_UNIT ( $, .RADIAN. ) );
#6045 = DIRECTION ( 'NONE',  ( 1.000000000000000000, 0.0000000000000000000, 0.0000000000000000000 ) ) ;
#6046 = ADVANCED_FACE ( 'NONE', ( #4384 ), #2179, .F. ) ;
#6047 = DIRECTION ( 'NONE',  ( -1.000000000000000000, 0.0000000000000000000, 0.0000000000000000000 ) ) ;
#6048 = ADVANCED_FACE ( 'NONE', ( #6246 ), #4467, .F. ) ;
#6049 = ORIENTED_EDGE ( 'NONE', *, *, #4065, .F. ) ;
#6050 = FACE_OUTER_BOUND ( 'NONE', #768, .T. ) ;
#6051 = EDGE_CURVE ( 'NONE', #6196, #5889, #2562, .T. ) ;
#6052 = CARTESIAN_POINT ( 'NONE',  ( 2.899999999999994600, 1.000000000000000900, 9.999999999999985800 ) ) ;
#6053 = ORIENTED_EDGE ( 'NONE', *, *, #3921, .F. ) ;
#6054 = PLANE ( 'NONE',  #672 ) ;
#6055 = ORIENTED_EDGE ( 'NONE', *, *, #911, .F. ) ;
#6056 = DIRECTION ( 'NONE',  ( -1.000000000000000000, -0.0000000000000000000, -0.0000000000000000000 ) ) ;
#6057 = DIRECTION ( 'NONE',  ( -1.000000000000000000, 0.0000000000000000000, 0.0000000000000000000 ) ) ;
#6058 = LINE ( 'NONE', #4038, #4645 ) ;
#6059 = DIRECTION ( 'NONE',  ( 1.000000000000000000, 0.0000000000000000000, -9.637352644315598700E-016 ) ) ;
#6060 = AXIS2_PLACEMENT_3D ( 'NONE', #3691, #4247, #1422 ) ;
#6061 = DIRECTION ( 'NONE',  ( 0.0000000000000000000, -1.000000000000000000, 0.0000000000000000000 ) ) ;
#6062 = LINE ( 'NONE', #342, #3428 ) ;
#6063 = B_SPLINE_CURVE_WITH_KNOTS ( 'NONE', 3,
 ( #5419, #2098, #5985, #6120, #542, #5521 ),
 .UNSPECIFIED., .F., .F.,
 ( 4, 2, 4 ),
 ( 4.336808689942017700E-019, 0.0001982799521481194500, 0.0003965599042962393400 ),
 .UNSPECIFIED. ) ;
#6064 = CARTESIAN_POINT ( 'NONE',  ( 9.099999999999996100, 4.000000000000000000, 8.600000000000003200 ) ) ;
#6065 = DIRECTION ( 'NONE',  ( 0.0000000000000000000, 1.000000000000000000, -0.0000000000000000000 ) ) ;
#6066 = EDGE_CURVE ( 'NONE', #4529, #3600, #1281, .T. ) ;
#6067 = CARTESIAN_POINT ( 'NONE',  ( -18.00664776650349500, 3.833290527721163100, -8.974383950753830800 ) ) ;
#6068 = LINE ( 'NONE', #4792, #2737 ) ;
#6069 = ADVANCED_FACE ( 'NONE', ( #487 ), #6599, .F. ) ;
#6070 = VERTEX_POINT ( 'NONE', #1105 ) ;
#6071 = CARTESIAN_POINT ( 'NONE',  ( -13.10000000000000500, 0.0000000000000000000, 10.00000000000000200 ) ) ;
#6072 = ORIENTED_EDGE ( 'NONE', *, *, #1840, .F. ) ;
#6073 = SURFACE_STYLE_FILL_AREA ( #2126 ) ;
#6074 = CARTESIAN_POINT ( 'NONE',  ( 6.899999999999995000, 1.000000000000000000, -8.600000000000003200 ) ) ;
#6075 = EDGE_CURVE ( 'NONE', #3304, #5375, #3338, .T. ) ;
#6076 = EDGE_CURVE ( 'NONE', #4088, #2022, #5796, .T. ) ;
#6077 = ADVANCED_FACE ( 'NONE', ( #2817 ), #6205, .F. ) ;
#6078 = CARTESIAN_POINT ( 'NONE',  ( 1.399999999999995000, 1.000000000000000900, 9.999999999999985800 ) ) ;
#6079 = DIRECTION ( 'NONE',  ( -1.000000000000000000, -0.0000000000000000000, -0.0000000000000000000 ) ) ;
#6080 = ORIENTED_EDGE ( 'NONE', *, *, #3831, .T. ) ;
#6081 = AXIS2_PLACEMENT_3D ( 'NONE', #4338, #2551, #1499 ) ;
#6082 = ORIENTED_EDGE ( 'NONE', *, *, #722, .T. ) ;
#6083 = VECTOR ( 'NONE', #3268, 1000.000000000000000 ) ;
#6084 = CARTESIAN_POINT ( 'NONE',  ( 18.99999999999999600, 1.000000000000000000, -10.00000000000000200 ) ) ;
#6085 = VECTOR ( 'NONE', #1099, 1000.000000000000000 ) ;
#6086 = ORIENTED_EDGE ( 'NONE', *, *, #3689, .T. ) ;
#6087 = EDGE_LOOP ( 'NONE', ( #7182, #332, #5771, #907 ) ) ;
#6088 = CARTESIAN_POINT ( 'NONE',  ( 14.89999999999999500, 1.000000000000000000, -10.00000000000000200 ) ) ;
#6089 = CARTESIAN_POINT ( 'NONE',  ( 14.89999999999999500, 0.0000000000000000000, 9.999999999999973400 ) ) ;
#6090 = EDGE_CURVE ( 'NONE', #5718, #6710, #3154, .T. ) ;
#6091 = ORIENTED_EDGE ( 'NONE', *, *, #2880, .T. ) ;
#6092 = LINE ( 'NONE', #6850, #3536 ) ;
#6093 = DIRECTION ( 'NONE',  ( 0.0000000000000000000, -0.0000000000000000000, 1.000000000000000000 ) ) ;
#6094 = LINE ( 'NONE', #824, #1557 ) ;
#6095 = CARTESIAN_POINT ( 'NONE',  ( 17.94999999999999600, 3.999999999999998200, 9.014078975515721100 ) ) ;
#6096 = ORIENTED_EDGE ( 'NONE', *, *, #560, .T. ) ;
#6097 = LINE ( 'NONE', #5695, #5114 ) ;
#6098 = VERTEX_POINT ( 'NONE', #5603 ) ;
#6099 = VECTOR ( 'NONE', #1234, 1000.000000000000000 ) ;
#6100 = ORIENTED_EDGE ( 'NONE', *, *, #3523, .T. ) ;
#6101 = VECTOR ( 'NONE', #4476, 1000.000000000000000 ) ;
#6102 = PLANE ( 'NONE',  #1390 ) ;
#6103 = CARTESIAN_POINT ( 'NONE',  ( -18.01407897551572600, 3.750000000000000900, -9.048484999999995900 ) ) ;
#6104 = AXIS2_PLACEMENT_3D ( 'NONE', #3775, #7156, #4915 ) ;
#6105 = ORIENTED_EDGE ( 'NONE', *, *, #569, .T. ) ;
#6106 = EDGE_LOOP ( 'NONE', ( #7, #805, #7257, #2918 ) ) ;
#6107 = LINE ( 'NONE', #3937, #5652 ) ;
#6108 = DIRECTION ( 'NONE',  ( 1.000000000000000000, -0.0000000000000000000, 0.0000000000000000000 ) ) ;
#6109 = FACE_OUTER_BOUND ( 'NONE', #3839, .T. ) ;
#6110 = VERTEX_POINT ( 'NONE', #6750 ) ;
#6111 = LINE ( 'NONE', #3135, #7155 ) ;
#6112 = CARTESIAN_POINT ( 'NONE',  ( -6.600000000000005000, 3.280350850198276100, 9.999999999999994700 ) ) ;
#6113 = LINE ( 'NONE', #4465, #4618 ) ;
#6114 = DIRECTION ( 'NONE',  ( 0.0000000000000000000, 0.0000000000000000000, 1.000000000000000000 ) ) ;
#6115 = DIRECTION ( 'NONE',  ( 0.0000000000000000000, -1.000000000000000000, 0.0000000000000000000 ) ) ;
#6116 = ORIENTED_EDGE ( 'NONE', *, *, #4614, .F. ) ;
#6117 = DIRECTION ( 'NONE',  ( -1.000000000000000000, 0.0000000000000000000, 0.0000000000000000000 ) ) ;
#6118 = ORIENTED_EDGE ( 'NONE', *, *, #7058, .T. ) ;
#6119 = ORIENTED_EDGE ( 'NONE', *, *, #7009, .T. ) ;
#6120 = CARTESIAN_POINT ( 'NONE',  ( 18.08076855839171800, 3.972799765255115500, 8.971420655532339700 ) ) ;
#6121 = ADVANCED_FACE ( 'NONE', ( #21 ), #3376, .F. ) ;
#6122 = EDGE_CURVE ( 'NONE', #2897, #6030, #1530, .T. ) ;
#6123 = ORIENTED_EDGE ( 'NONE', *, *, #6793, .T. ) ;
#6124 = CARTESIAN_POINT ( 'NONE',  ( -14.90000000000000400, 3.280350850198276100, 8.600000000000001400 ) ) ;
#6125 = EDGE_CURVE ( 'NONE', #687, #803, #3080, .T. ) ;
#6126 = ORIENTED_EDGE ( 'NONE', *, *, #310, .F. ) ;
#6127 = ORIENTED_EDGE ( 'NONE', *, *, #5450, .T. ) ;
#6128 = CARTESIAN_POINT ( 'NONE',  ( -17.99271931701048300, 3.880496664690821000, -9.173056725902450000 ) ) ;
#6129 = AXIS2_PLACEMENT_3D ( 'NONE', #3146, #4811, #6000 ) ;
#6130 = VERTEX_POINT ( 'NONE', #4523 ) ;
#6131 = CARTESIAN_POINT ( 'NONE',  ( -5.400000000000005700, 0.0000000000000000000, 9.999999999999994700 ) ) ;
#6132 = ORIENTED_EDGE ( 'NONE', *, *, #5881, .F. ) ;
#6133 = FACE_OUTER_BOUND ( 'NONE', #5205, .T. ) ;
#6134 = EDGE_CURVE ( 'NONE', #3130, #5130, #5530, .T. ) ;
#6135 = CARTESIAN_POINT ( 'NONE',  ( -18.01407897551572600, 3.750000000000000900, 9.050000000000002500 ) ) ;
#6136 = AXIS2_PLACEMENT_3D ( 'NONE', #3054, #1434, #3663 ) ;
#6137 = ORIENTED_EDGE ( 'NONE', *, *, #5740, .F. ) ;
#6138 = CARTESIAN_POINT ( 'NONE',  ( 1.399999999999995000, 3.280350850198276100, -9.999999999999985800 ) ) ;
#6139 = DIRECTION ( 'NONE',  ( -1.000000000000000000, -0.0000000000000000000, 0.0000000000000000000 ) ) ;
#6140 = CARTESIAN_POINT ( 'NONE',  ( -17.95000000000000300, 3.999999999999998200, 8.950000000000004600 ) ) ;
#6141 = CARTESIAN_POINT ( 'NONE',  ( 18.20000000000000600, 0.9999999999999970000, -9.014078975515724700 ) ) ;
#6142 = CARTESIAN_POINT ( 'NONE',  ( 6.599999999999994300, 1.000000000000000000, -9.999999999999982200 ) ) ;
#6143 = DIRECTION ( 'NONE',  ( -1.000000000000000000, 0.0000000000000000000, -9.637352644315598700E-016 ) ) ;
#6144 = VECTOR ( 'NONE', #4544, 1000.000000000000000 ) ;
#6145 = CARTESIAN_POINT ( 'NONE',  ( -18.01407897551572600, 3.750000000000000900, -9.049999999999997200 ) ) ;
#6146 = CARTESIAN_POINT ( 'NONE',  ( -1.100000000000005400, 3.280350850198276100, -8.599999999999989000 ) ) ;
#6147 = CARTESIAN_POINT ( 'NONE',  ( -17.99265831998337700, 3.880768558391736600, -9.172799765255119200 ) ) ;
#6148 = AXIS2_PLACEMENT_3D ( 'NONE', #3607, #6999, #2467 ) ;
#6149 = LINE ( 'NONE', #6503, #1887 ) ;
#6150 = DIRECTION ( 'NONE',  ( 0.0000000000000000000, -1.000000000000000000, 0.0000000000000000000 ) ) ;
#6151 = ORIENTED_EDGE ( 'NONE', *, *, #5251, .F. ) ;
#6152 = VECTOR ( 'NONE', #3599, 1000.000000000000000 ) ;
#6153 = CARTESIAN_POINT ( 'NONE',  ( 2.899999999999994600, 1.000000000000000000, -10.00000000000000200 ) ) ;
#6154 = DIRECTION ( 'NONE',  ( -0.0000000000000000000, -1.000000000000000000, 0.0000000000000000000 ) ) ;
#6155 = CARTESIAN_POINT ( 'NONE',  ( -18.00219866587633200, 3.839222690360979900, 8.971359658505242900 ) ) ;
#6156 = DIRECTION ( 'NONE',  ( 0.0000000000000000000, 1.000000000000000000, 0.0000000000000000000 ) ) ;
#6157 = EDGE_CURVE ( 'NONE', #1791, #2321, #4916, .T. ) ;
#6158 = ORIENTED_EDGE ( 'NONE', *, *, #3875, .F. ) ;
#6159 = CARTESIAN_POINT ( 'NONE',  ( -5.100000000000005900, 1.000000000000000900, -8.599999999999994300 ) ) ;
#6160 = MECHANICAL_DESIGN_GEOMETRIC_PRESENTATION_REPRESENTATION (  '', ( #3763 ), #1441 ) ;
#6161 = ORIENTED_EDGE ( 'NONE', *, *, #2880, .F. ) ;
#6162 = VECTOR ( 'NONE', #5475, 1000.000000000000000 ) ;
#6163 = LINE ( 'NONE', #5431, #5544 ) ;
#6164 = DIRECTION ( 'NONE',  ( -0.0000000000000000000, -1.000000000000000000, -0.0000000000000000000 ) ) ;
#6165 = PLANE ( 'NONE',  #5886 ) ;
#6166 = ORIENTED_EDGE ( 'NONE', *, *, #3401, .T. ) ;
#6167 = EDGE_CURVE ( 'NONE', #2022, #6923, #1440, .T. ) ;
#6168 = VERTEX_POINT ( 'NONE', #5062 ) ;
#6169 = VECTOR ( 'NONE', #738, 1000.000000000000000 ) ;
#6170 = CARTESIAN_POINT ( 'NONE',  ( 18.01407897551571900, 3.850000000000000100, -9.050000000000000700 ) ) ;
#6171 = EDGE_CURVE ( 'NONE', #3809, #2962, #3597, .T. ) ;
#6172 = VECTOR ( 'NONE', #5822, 1000.000000000000000 ) ;
#6173 = CARTESIAN_POINT ( 'NONE',  ( -19.00000000000000400, 1.000000000000000000, 10.00000000000000200 ) ) ;
#6174 = LINE ( 'NONE', #1994, #1135 ) ;
#6175 = DIRECTION ( 'NONE',  ( 0.0000000000000000000, 0.0000000000000000000, -1.000000000000000000 ) ) ;
#6176 = PRESENTATION_LAYER_ASSIGNMENT (  '', '', ( #4571 ) ) ;
#6177 = VECTOR ( 'NONE', #5337, 1000.000000000000000 ) ;
#6178 = CARTESIAN_POINT ( 'NONE',  ( -18.20000000000001400, 0.9999999999999970000, 9.014078975515724700 ) ) ;
#6179 = ORIENTED_EDGE ( 'NONE', *, *, #2249, .T. ) ;
#6180 = LINE ( 'NONE', #5773, #2589 ) ;
#6181 = VECTOR ( 'NONE', #1928, 1000.000000000000000 ) ;
#6182 = PLANE ( 'NONE',  #1718 ) ;
#6183 = LINE ( 'NONE', #4818, #1384 ) ;
#6184 = DIRECTION ( 'NONE',  ( -1.000000000000000000, 0.0000000000000000000, -0.0000000000000000000 ) ) ;
#6185 = CARTESIAN_POINT ( 'NONE',  ( 17.95994571365394800, 3.847739216651305100, 8.974360777785653600 ) ) ;
#6186 = DIRECTION ( 'NONE',  ( 0.0000000000000000000, 3.491481338843133000E-015, -1.000000000000000000 ) ) ;
#6187 = EDGE_CURVE ( 'NONE', #2196, #5134, #5173, .T. ) ;
#6188 = ORIENTED_EDGE ( 'NONE', *, *, #2202, .F. ) ;
#6189 = LINE ( 'NONE', #4009, #4503 ) ;
#6190 = CARTESIAN_POINT ( 'NONE',  ( -2.000000000000005300, 1.000000000000000000, -9.999999999999989300 ) ) ;
#6191 = FACE_OUTER_BOUND ( 'NONE', #1446, .T. ) ;
#6192 = CARTESIAN_POINT ( 'NONE',  ( 1.099999999999995000, 1.000000000000000000, -8.600000000000003200 ) ) ;
#6193 = VECTOR ( 'NONE', #2854, 1000.000000000000000 ) ;
#6194 = ADVANCED_FACE ( 'NONE', ( #3776 ), #595, .F. ) ;
#6195 = ORIENTED_EDGE ( 'NONE', *, *, #2192, .T. ) ;
#6196 = VERTEX_POINT ( 'NONE', #4490 ) ;
#6197 = LINE ( 'NONE', #2899, #7144 ) ;
#6198 = DIRECTION ( 'NONE',  ( 0.0000000000000000000, -1.000000000000000000, 0.0000000000000000000 ) ) ;
#6199 = PRESENTATION_LAYER_ASSIGNMENT (  '', '', ( #2858 ) ) ;
#6200 = VECTOR ( 'NONE', #2794, 1000.000000000000000 ) ;
#6201 = CARTESIAN_POINT ( 'NONE',  ( -5.100000000000005900, 1.000000000000000000, -8.600000000000003200 ) ) ;
#6202 = EDGE_LOOP ( 'NONE', ( #719, #3321, #4430, #2327, #1308, #404 ) ) ;
#6203 = VERTEX_POINT ( 'NONE', #1196 ) ;
#6204 = LINE ( 'NONE', #5561, #4693 ) ;
#6205 = PLANE ( 'NONE',  #1198 ) ;
#6206 = ORIENTED_EDGE ( 'NONE', *, *, #2378, .F. ) ;
#6207 = LINE ( 'NONE', #1472, #5232 ) ;
#6208 = ORIENTED_EDGE ( 'NONE', *, *, #3026, .T. ) ;
#6209 = CARTESIAN_POINT ( 'NONE',  ( -9.100000000000005000, 1.000000000000000000, -8.600000000000003200 ) ) ;
#6210 = ORIENTED_EDGE ( 'NONE', *, *, #967, .F. ) ;
#6211 = VERTEX_POINT ( 'NONE', #1722 ) ;
#6212 = CARTESIAN_POINT ( 'NONE',  ( 14.89999999999999500, 0.0000000000000000000, 9.999999999999998200 ) ) ;
#6213 = CARTESIAN_POINT ( 'NONE',  ( -5.100000000000005900, 3.280350850198276100, 9.999999999999994700 ) ) ;
#6214 = CARTESIAN_POINT ( 'NONE',  ( -18.04848500000000300, 3.775845182505164700, 9.003373464467118800 ) ) ;
#6215 = SURFACE_STYLE_USAGE ( .BOTH. , #2304 ) ;
#6216 = DIRECTION ( 'NONE',  ( 0.0000000000000000000, 0.0000000000000000000, -1.000000000000000000 ) ) ;
#6217 = VECTOR ( 'NONE', #34, 1000.000000000000000 ) ;
#6218 = DIRECTION ( 'NONE',  ( -1.000000000000000000, 0.0000000000000000000, 9.637352644315598700E-016 ) ) ;
#6219 = ORIENTED_EDGE ( 'NONE', *, *, #4017, .T. ) ;
#6220 = ORIENTED_EDGE ( 'NONE', *, *, #6443, .T. ) ;
#6221 = EDGE_CURVE ( 'NONE', #3345, #1756, #2388, .T. ) ;
#6222 = DIRECTION ( 'NONE',  ( 0.0000000000000000000, -1.000000000000000000, 0.0000000000000000000 ) ) ;
#6223 = EDGE_CURVE ( 'NONE', #4346, #5142, #4729, .T. ) ;
#6224 = ORIENTED_EDGE ( 'NONE', *, *, #2662, .T. ) ;
#6225 = AXIS2_PLACEMENT_3D ( 'NONE', #2974, #1876, #6851 ) ;
#6226 = LINE ( 'NONE', #4210, #1784 ) ;
#6227 = MANIFOLD_SOLID_BREP ( 'Edge-Flange1', #5619 ) ;
#6228 = CARTESIAN_POINT ( 'NONE',  ( 5.099999999999995200, 0.0000000000000000000, 8.600000000000003200 ) ) ;
#6229 = CARTESIAN_POINT ( 'NONE',  ( -9.100000000000003200, 0.0000000000000000000, -10.00000000000000200 ) ) ;
#6230 = DIRECTION ( 'NONE',  ( -1.000000000000000000, 0.0000000000000000000, 0.0000000000000000000 ) ) ;
#6231 = ADVANCED_FACE ( 'NONE', ( #5525 ), #1244, .F. ) ;
#6232 = VERTEX_POINT ( 'NONE', #5704 ) ;
#6233 = EDGE_CURVE ( 'NONE', #4012, #5123, #480, .T. ) ;
#6234 = DIRECTION ( 'NONE',  ( 0.0000000000000000000, 0.0000000000000000000, -1.000000000000000000 ) ) ;
#6235 = VECTOR ( 'NONE', #5097, 1000.000000000000000 ) ;
#6236 = CARTESIAN_POINT ( 'NONE',  ( 17.94999999999999200, 3.849999999999998300, 8.949999999999997500 ) ) ;
#6237 =( LENGTH_UNIT ( ) NAMED_UNIT ( * ) SI_UNIT ( .MILLI., .METRE. ) );
#6238 = CARTESIAN_POINT ( 'NONE',  ( 2.899999999999994600, 0.0000000000000000000, -8.599999999999985400 ) ) ;
#6239 = ORIENTED_EDGE ( 'NONE', *, *, #5734, .T. ) ;
#6240 = DIRECTION ( 'NONE',  ( 9.637352644315598700E-016, 0.0000000000000000000, 1.000000000000000000 ) ) ;
#6241 = VECTOR ( 'NONE', #4090, 1000.000000000000000 ) ;
#6242 = AXIS2_PLACEMENT_3D ( 'NONE', #4378, #3828, #6603 ) ;
#6243 = PLANE ( 'NONE',  #2691 ) ;
#6244 = CARTESIAN_POINT ( 'NONE',  ( 6.899999999999995000, 0.0000000000000000000, -10.00000000000000200 ) ) ;
#6245 = DIRECTION ( 'NONE',  ( 1.239088197126290900E-015, -0.0000000000000000000, 1.000000000000000000 ) ) ;
#6246 = FACE_OUTER_BOUND ( 'NONE', #6985, .T. ) ;
#6247 = CARTESIAN_POINT ( 'NONE',  ( -1.100000000000005400, 0.0000000000000000000, -9.999999999999989300 ) ) ;
#6248 = AXIS2_PLACEMENT_3D ( 'NONE', #504, #6114, #2753 ) ;
#6249 = DIRECTION ( 'NONE',  ( -1.000000000000000000, 0.0000000000000000000, 0.0000000000000000000 ) ) ;
#6250 = ORIENTED_EDGE ( 'NONE', *, *, #5980, .F. ) ;
#6251 = VECTOR ( 'NONE', #1031, 1000.000000000000000 ) ;
#6252 = ORIENTED_EDGE ( 'NONE', *, *, #1339, .F. ) ;
#6253 = DIRECTION ( 'NONE',  ( 0.0000000000000000000, 0.0000000000000000000, 1.000000000000000000 ) ) ;
#6254 = DIRECTION ( 'NONE',  ( -0.0000000000000000000, -1.000000000000000000, 0.0000000000000000000 ) ) ;
#6255 = VECTOR ( 'NONE', #2137, 1000.000000000000000 ) ;
#6256 = EDGE_CURVE ( 'NONE', #2967, #2197, #2553, .T. ) ;
#6257 = ADVANCED_FACE ( 'NONE', ( #1199 ), #6939, .F. ) ;
#6258 = CYLINDRICAL_SURFACE ( 'NONE', #2051, 0.5999999999999998700 ) ;
#6259 = PLANE ( 'NONE',  #5001 ) ;
#6260 = ADVANCED_FACE ( 'NONE', ( #6855 ), #3479, .T. ) ;
#6261 = MECHANICAL_DESIGN_GEOMETRIC_PRESENTATION_REPRESENTATION (  '', ( #4464 ), #4619 ) ;
#6262 = ORIENTED_EDGE ( 'NONE', *, *, #4422, .F. ) ;
#6263 = VECTOR ( 'NONE', #6452, 1000.000000000000000 ) ;
#6264 = CARTESIAN_POINT ( 'NONE',  ( -18.05000000000000400, 3.750000000000000000, -9.014078975515722900 ) ) ;
#6265 = LINE ( 'NONE', #695, #692 ) ;
#6266 = CARTESIAN_POINT ( 'NONE',  ( 2.899999999999994600, 0.0000000000000000000, -9.999999999999985800 ) ) ;
#6267 = CARTESIAN_POINT ( 'NONE',  ( -17.94999999999999900, 3.849999999999998300, -8.950000000000001100 ) ) ;
#6268 = ORIENTED_EDGE ( 'NONE', *, *, #6352, .F. ) ;
#6269 = ORIENTED_EDGE ( 'NONE', *, *, #4228, .T. ) ;
#6270 = EDGE_CURVE ( 'NONE', #885, #3462, #4203, .T. ) ;
#6271 = VECTOR ( 'NONE', #6458, 1000.000000000000000 ) ;
#6272 = DIRECTION ( 'NONE',  ( 0.0000000000000000000, 0.0000000000000000000, -1.000000000000000000 ) ) ;
#6273 = EDGE_CURVE ( 'NONE', #3396, #5324, #1882, .T. ) ;
#6274 = LINE ( 'NONE', #5092, #6547 ) ;
#6275 = DIRECTION ( 'NONE',  ( -0.0000000000000000000, -0.0000000000000000000, 1.000000000000000000 ) ) ;
#6276 = ORIENTED_EDGE ( 'NONE', *, *, #2017, .F. ) ;
#6277 = ORIENTED_EDGE ( 'NONE', *, *, #5883, .T. ) ;
#6278 = VECTOR ( 'NONE', #1767, 1000.000000000000000 ) ;
#6279 = CARTESIAN_POINT ( 'NONE',  ( -2.900000000000004800, 1.000000000000000000, 0.0000000000000000000 ) ) ;
#6280 = CARTESIAN_POINT ( 'NONE',  ( -10.90000000000000600, 0.0000000000000000000, 9.999999999999998200 ) ) ;
#6281 = FACE_OUTER_BOUND ( 'NONE', #1117, .T. ) ;
#6282 = CARTESIAN_POINT ( 'NONE',  ( -9.400000000000005700, 0.0000000000000000000, 9.999999999999998200 ) ) ;
#6283 = PLANE ( 'NONE',  #1358 ) ;
#6284 = SURFACE_STYLE_USAGE ( .BOTH. , #3526 ) ;
#6285 = EDGE_CURVE ( 'NONE', #1688, #6168, #1435, .T. ) ;
#6286 = FILL_AREA_STYLE ('',( #2283 ) ) ;
#6287 = ORIENTED_EDGE ( 'NONE', *, *, #3632, .F. ) ;
#6288 = ORIENTED_EDGE ( 'NONE', *, *, #1315, .T. ) ;
#6289 = DIRECTION ( 'NONE',  ( 0.0000000000000000000, -1.000000000000000000, 0.0000000000000000000 ) ) ;
#6290 = VERTEX_POINT ( 'NONE', #730 ) ;
#6291 = LINE ( 'NONE', #6146, #3123 ) ;
#6292 = VERTEX_POINT ( 'NONE', #2943 ) ;
#6293 = DIRECTION ( 'NONE',  ( 0.0000000000000000000, 0.0000000000000000000, -1.000000000000000000 ) ) ;
#6294 = VERTEX_POINT ( 'NONE', #6372 ) ;
#6295 = ORIENTED_EDGE ( 'NONE', *, *, #5224, .T. ) ;
#6296 = ORIENTED_EDGE ( 'NONE', *, *, #4173, .T. ) ;
#6297 = DIRECTION ( 'NONE',  ( 0.0000000000000000000, 0.0000000000000000000, -1.000000000000000000 ) ) ;
#6298 = ORIENTED_EDGE ( 'NONE', *, *, #6273, .T. ) ;
#6299 = CARTESIAN_POINT ( 'NONE',  ( -2.900000000000004800, 0.0000000000000000000, 9.999999999999989300 ) ) ;
#6300 = ORIENTED_EDGE ( 'NONE', *, *, #3239, .T. ) ;
#6301 = DIRECTION ( 'NONE',  ( -1.000000000000000000, 0.0000000000000000000, 0.0000000000000000000 ) ) ;
#6302 = ADVANCED_FACE ( 'NONE', ( #6943 ), #237, .F. ) ;
#6303 = VERTEX_POINT ( 'NONE', #5207 ) ;
#6304 = ORIENTED_EDGE ( 'NONE', *, *, #2058, .F. ) ;
#6305 = EDGE_CURVE ( 'NONE', #3238, #2505, #6501, .T. ) ;
#6306 = FILL_AREA_STYLE_COLOUR ( '', #1172 ) ;
#6307 = ORIENTED_EDGE ( 'NONE', *, *, #6965, .T. ) ;
#6308 = LINE ( 'NONE', #4382, #3409 ) ;
#6309 = CARTESIAN_POINT ( 'NONE',  ( -17.99271931701048600, 3.801407856088300900, 9.037870966602008900 ) ) ;
#6310 = CARTESIAN_POINT ( 'NONE',  ( -6.900000000000003000, 3.280350850198276100, 8.599999999999994300 ) ) ;
#6311 = PRESENTATION_LAYER_ASSIGNMENT (  '', '', ( #3763 ) ) ;
#6312 =( LENGTH_UNIT ( ) NAMED_UNIT ( * ) SI_UNIT ( .MILLI., .METRE. ) );
#6313 = ORIENTED_EDGE ( 'NONE', *, *, #193, .F. ) ;
#6314 = ORIENTED_EDGE ( 'NONE', *, *, #2294, .F. ) ;
#6315 = EDGE_CURVE ( 'NONE', #1809, #4486, #5342, .T. ) ;
#6316 = CARTESIAN_POINT ( 'NONE',  ( -14.90000000000000600, 4.000000000000000000, 8.600000000000003200 ) ) ;
#6317 = EDGE_CURVE ( 'NONE', #6211, #798, #6416, .T. ) ;
#6318 = SURFACE_STYLE_USAGE ( .BOTH. , #260 ) ;
#6319 = AXIS2_PLACEMENT_3D ( 'NONE', #1630, #1686, #3852 ) ;
#6320 = CARTESIAN_POINT ( 'NONE',  ( 6.899999999999995000, 1.000000000000000000, 0.0000000000000000000 ) ) ;
#6321 = PRESENTATION_STYLE_ASSIGNMENT (( #5799 ) ) ;
#6322 = DIRECTION ( 'NONE',  ( -0.0000000000000000000, -1.000000000000000000, -0.0000000000000000000 ) ) ;
#6323 = EDGE_CURVE ( 'NONE', #2776, #4534, #1107, .T. ) ;
#6324 = LINE ( 'NONE', #3871, #3873 ) ;
#6325 = DIRECTION ( 'NONE',  ( 1.000000000000000000, 0.0000000000000000000, -0.0000000000000000000 ) ) ;
#6326 = DIRECTION ( 'NONE',  ( 0.0000000000000000000, 0.0000000000000000000, 1.000000000000000000 ) ) ;
#6327 = CARTESIAN_POINT ( 'NONE',  ( -14.00000000000000500, 0.0000000000000000000, 10.00000000000000200 ) ) ;
#6328 = CARTESIAN_POINT ( 'NONE',  ( -1.400000000000005500, 1.000000000000000900, 9.999999999999989300 ) ) ;
#6329 = ADVANCED_FACE ( 'NONE', ( #2468 ), #5780, .F. ) ;
#6330 = ORIENTED_EDGE ( 'NONE', *, *, #680, .F. ) ;
#6331 = LINE ( 'NONE', #4184, #3879 ) ;
#6332 = CARTESIAN_POINT ( 'NONE',  ( 18.99999999999999600, 1.000000000000000000, 9.999999999999998200 ) ) ;
#6333 = DIRECTION ( 'NONE',  ( -1.239088197126290900E-015, 0.0000000000000000000, -1.000000000000000000 ) ) ;
#6334 = ORIENTED_EDGE ( 'NONE', *, *, #4519, .T. ) ;
#6335 = VERTEX_POINT ( 'NONE', #5273 ) ;
#6336 = LINE ( 'NONE', #408, #3257 ) ;
#6337 = VERTEX_POINT ( 'NONE', #5891 ) ;
#6338 = CARTESIAN_POINT ( 'NONE',  ( -14.90000000000000600, 0.0000000000000000000, -10.00000000000000200 ) ) ;
#6339 = COLOUR_RGB ( '',0.9686274509803921600, 0.8784313725490196000, 0.5999999999999999800 ) ;
#6340 =( LENGTH_UNIT ( ) NAMED_UNIT ( * ) SI_UNIT ( .MILLI., .METRE. ) );
#6341 = ORIENTED_EDGE ( 'NONE', *, *, #3249, .F. ) ;
#6342 = ORIENTED_EDGE ( 'NONE', *, *, #863, .T. ) ;
#6343 = PRESENTATION_STYLE_ASSIGNMENT (( #1376 ) ) ;
#6344 = LINE ( 'NONE', #2434, #4668 ) ;
#6345 = CARTESIAN_POINT ( 'NONE',  ( 12.00000000000000000, 1.000000000000000000, 1.214306433183765000E-014 ) ) ;
#6346 = VECTOR ( 'NONE', #5136, 1000.000000000000000 ) ;
#6347 =( NAMED_UNIT ( * ) SI_UNIT ( $, .STERADIAN. ) SOLID_ANGLE_UNIT ( ) );
#6348 = UNCERTAINTY_MEASURE_WITH_UNIT (LENGTH_MEASURE( 1.000000000000000100E-005 ), #506, 'distance_accuracy_value', 'NONE');
#6349 = CARTESIAN_POINT ( 'NONE',  ( -14.90000000000000400, 1.000000000000000000, 8.600000000000001400 ) ) ;
#6350 = COLOUR_RGB ( '',0.9686274509803921600, 0.8784313725490196000, 0.5999999999999999800 ) ;
#6351 = CARTESIAN_POINT ( 'NONE',  ( 2.599999999999994800, 0.0000000000000000000, 9.999999999999985800 ) ) ;
#6352 = EDGE_CURVE ( 'NONE', #3782, #1165, #6679, .T. ) ;
#6353 = VECTOR ( 'NONE', #4656, 1000.000000000000000 ) ;
#6355 = EDGE_CURVE ( 'NONE', #5498, #983, #5253, .T. ) ;
#6354 = CARTESIAN_POINT ( 'NONE',  ( -5.100000000000005900, 1.000000000000000000, -8.600000000000003200 ) ) ;
#6356 = FACE_OUTER_BOUND ( 'NONE', #3485, .T. ) ;
#6357 = COLOUR_RGB ( '',0.9686274509803921600, 0.8784313725490196000, 0.5999999999999999800 ) ;
#6358 = PRESENTATION_LAYER_ASSIGNMENT (  '', '', ( #7245 ) ) ;
#6359 = ORIENTED_EDGE ( 'NONE', *, *, #183, .F. ) ;
#6360 = LINE ( 'NONE', #1517, #2424 ) ;
#6361 = VECTOR ( 'NONE', #6880, 1000.000000000000000 ) ;
#6362 = CARTESIAN_POINT ( 'NONE',  ( 18.04999999999999700, 3.750000000000000000, -9.014078975515722900 ) ) ;
#6363 = CARTESIAN_POINT ( 'NONE',  ( -17.95152673863153900, 3.849999999999998300, 8.953742562072960700 ) ) ;
#6364 = VECTOR ( 'NONE', #5620, 1000.000000000000000 ) ;
#6365 = ORIENTED_EDGE ( 'NONE', *, *, #3101, .T. ) ;
#6366 = EDGE_LOOP ( 'NONE', ( #3638, #2540, #1817, #6296 ) ) ;
#6367 = DIRECTION ( 'NONE',  ( 0.0000000000000000000, 0.0000000000000000000, -1.000000000000000000 ) ) ;
#6368 = EDGE_CURVE ( 'NONE', #2034, #3348, #1020, .T. ) ;
#6369 = ORIENTED_EDGE ( 'NONE', *, *, #2014, .F. ) ;
#6370 = LINE ( 'NONE', #1200, #799 ) ;
#6371 = CARTESIAN_POINT ( 'NONE',  ( 5.399999999999995000, 0.0000000000000000000, 9.999999999999982200 ) ) ;
#6372 = CARTESIAN_POINT ( 'NONE',  ( -9.400000000000005700, 0.0000000000000000000, -9.999999999999998200 ) ) ;
#6373 = DIRECTION ( 'NONE',  ( -0.0000000000000000000, -1.000000000000000000, -0.0000000000000000000 ) ) ;
#6374 = ADVANCED_FACE ( 'NONE', ( #4565 ), #6401, .T. ) ;
#6375 = VECTOR ( 'NONE', #7074, 1000.000000000000000 ) ;
#6376 = EDGE_LOOP ( 'NONE', ( #5805, #1087, #878, #3743 ) ) ;
#6377 = EDGE_LOOP ( 'NONE', ( #2102, #5596, #6365, #5099 ) ) ;
#6378 = VECTOR ( 'NONE', #7059, 1000.000000000000000 ) ;
#6379 = SURFACE_SIDE_STYLE ('',( #232 ) ) ;
#6380 = ORIENTED_EDGE ( 'NONE', *, *, #5665, .T. ) ;
#6381 = CARTESIAN_POINT ( 'NONE',  ( -18.05000000000001800, 6.701925264881635700E-014, 9.014078975515724700 ) ) ;
#6382 = CARTESIAN_POINT ( 'NONE',  ( -14.90000000000000600, 3.280350850198276100, 10.00000000000000200 ) ) ;
#6383 = AXIS2_PLACEMENT_3D ( 'NONE', #1725, #3330, #631 ) ;
#6384 = SURFACE_STYLE_FILL_AREA ( #939 ) ;
#6385 = CARTESIAN_POINT ( 'NONE',  ( -13.10000000000000500, 0.0000000000000000000, 8.599999999999999600 ) ) ;
#6386 = ORIENTED_EDGE ( 'NONE', *, *, #4655, .T. ) ;
#6387 = CLOSED_SHELL ( 'NONE', ( #6782, #2661, #4878, #4912, #7094, #3393, #132, #5986 ) ) ;
#6388 = CARTESIAN_POINT ( 'NONE',  ( -18.20150000000000600, 3.750000000000000900, -9.014078975515722900 ) ) ;
#6389 = ORIENTED_EDGE ( 'NONE', *, *, #660, .T. ) ;
#6390 = ORIENTED_EDGE ( 'NONE', *, *, #2598, .F. ) ;
#6391 = DIRECTION ( 'NONE',  ( 0.0000000000000000000, -1.000000000000000000, 0.0000000000000000000 ) ) ;
#6392 = CARTESIAN_POINT ( 'NONE',  ( -10.90000000000000400, 0.0000000000000000000, -8.599999999999997900 ) ) ;
#6393 = LINE ( 'NONE', #5409, #1953 ) ;
#6394 = CARTESIAN_POINT ( 'NONE',  ( -10.00000000000000500, 0.0000000000000000000, 9.999999999999998200 ) ) ;
#6395 = CARTESIAN_POINT ( 'NONE',  ( -14.90000000000000400, 0.0000000000000000000, 8.600000000000001400 ) ) ;
#6396 = AXIS2_PLACEMENT_3D ( 'NONE', #6190, #15, #3436 ) ;
#6397 = VERTEX_POINT ( 'NONE', #4199 ) ;
#6398 = VERTEX_POINT ( 'NONE', #1437 ) ;
#6399 = MECHANICAL_DESIGN_GEOMETRIC_PRESENTATION_REPRESENTATION (  '', ( #1780 ), #67 ) ;
#6400 = PLANE ( 'NONE',  #1173 ) ;
#6401 = PLANE ( 'NONE',  #2896 ) ;
#6402 = ORIENTED_EDGE ( 'NONE', *, *, #5932, .F. ) ;
#6403 = VECTOR ( 'NONE', #433, 1000.000000000000000 ) ;
#6404 = EDGE_CURVE ( 'NONE', #4706, #243, #5872, .T. ) ;
#6405 = DIRECTION ( 'NONE',  ( 1.000000000000000000, 0.0000000000000000000, 1.239088197126290900E-015 ) ) ;
#6406 = CARTESIAN_POINT ( 'NONE',  ( -1.100000000000005400, 1.000000000000000000, -8.600000000000003200 ) ) ;
#6407 = EDGE_LOOP ( 'NONE', ( #2342, #3367, #704, #3171 ) ) ;
#6408 = DIRECTION ( 'NONE',  ( -0.0000000000000000000, -0.0000000000000000000, -1.000000000000000000 ) ) ;
#6409 = CARTESIAN_POINT ( 'NONE',  ( -5.100000000000005900, 0.0000000000000000000, 9.999999999999994700 ) ) ;
#6410 = LINE ( 'NONE', #6266, #6144 ) ;
#6411 = EDGE_CURVE ( 'NONE', #6605, #3394, #6062, .T. ) ;
#6412 = DIRECTION ( 'NONE',  ( 1.000000000000000000, 0.0000000000000000000, -9.130123557772669600E-017 ) ) ;
#6413 = EDGE_CURVE ( 'NONE', #1829, #3164, #3867, .T. ) ;
#6414 = CARTESIAN_POINT ( 'NONE',  ( 18.99999999999999600, 1.000000000000000000, 9.999999999999998200 ) ) ;
#6415 = AXIS2_PLACEMENT_3D ( 'NONE', #1800, #2274, #6175 ) ;
#6417 = ADVANCED_FACE ( 'NONE', ( #4379 ), #893, .T. ) ;
#6416 = LINE ( 'NONE', #5722, #6241 ) ;
#6418 = CARTESIAN_POINT ( 'NONE',  ( 13.99999999999999500, 1.000000000000000000, 9.999999999999973400 ) ) ;
#6419 = EDGE_LOOP ( 'NONE', ( #7127, #5056, #3125, #147 ) ) ;
#6420 = VECTOR ( 'NONE', #1989, 1000.000000000000000 ) ;
#6421 = ORIENTED_EDGE ( 'NONE', *, *, #1714, .T. ) ;
#6422 = CARTESIAN_POINT ( 'NONE',  ( 1.099999999999995000, 1.000000000000000000, 9.999999999999985800 ) ) ;
#6423 = CARTESIAN_POINT ( 'NONE',  ( 18.05000000000000800, 0.9999999999999965600, 9.014078975515721100 ) ) ;
#6424 = DIRECTION ( 'NONE',  ( 0.0000000000000000000, 1.000000000000000000, -0.0000000000000000000 ) ) ;
#6425 = CARTESIAN_POINT ( 'NONE',  ( 18.01407897551571900, 3.750000000000001300, 9.049999999999997200 ) ) ;
#6426 = ORIENTED_EDGE ( 'NONE', *, *, #126, .F. ) ;
#6427 = LINE ( 'NONE', #7103, #3529 ) ;
#6428 = ORIENTED_EDGE ( 'NONE', *, *, #5628, .T. ) ;
#6429 = DIRECTION ( 'NONE',  ( 1.239088197126290900E-015, -0.0000000000000000000, 1.000000000000000000 ) ) ;
#6430 = DIRECTION ( 'NONE',  ( 0.0000000000000000000, 1.000000000000000000, 0.0000000000000000000 ) ) ;
#6431 = ORIENTED_EDGE ( 'NONE', *, *, #4219, .T. ) ;
#6432 = AXIS2_PLACEMENT_3D ( 'NONE', #4157, #314, #846 ) ;
#6433 = VERTEX_POINT ( 'NONE', #467 ) ;
#6434 = LINE ( 'NONE', #7095, #5637 ) ;
#6435 = CARTESIAN_POINT ( 'NONE',  ( -18.20000000000000300, 0.9999999999999970000, -9.200000000000008200 ) ) ;
#6436 = DIRECTION ( 'NONE',  ( 1.000000000000000000, -0.0000000000000000000, 9.637352644315598700E-016 ) ) ;
#6437 = EDGE_LOOP ( 'NONE', ( #503, #2199, #5055, #1555 ) ) ;
#6438 = ORIENTED_EDGE ( 'NONE', *, *, #2285, .T. ) ;
#6439 = PRESENTATION_STYLE_ASSIGNMENT (( #5144 ) ) ;
#6440 = CARTESIAN_POINT ( 'NONE',  ( 5.099999999999995200, 1.000000000000000000, -9.999999999999982200 ) ) ;
#6441 = DIRECTION ( 'NONE',  ( -0.0000000000000000000, -0.0000000000000000000, 1.000000000000000000 ) ) ;
#6442 = VECTOR ( 'NONE', #3554, 1000.000000000000000 ) ;
#6443 = EDGE_CURVE ( 'NONE', #5142, #5018, #2309, .T. ) ;
#6444 = LINE ( 'NONE', #5216, #3626 ) ;
#6445 = EDGE_LOOP ( 'NONE', ( #5150, #5391, #2013, #4542 ) ) ;
#6446 = ORIENTED_EDGE ( 'NONE', *, *, #4983, .T. ) ;
#6447 = LINE ( 'NONE', #3392, #1913 ) ;
#6448 = CARTESIAN_POINT ( 'NONE',  ( -5.100000000000005900, 0.0000000000000000000, -8.600000000000003200 ) ) ;
#6449 = LINE ( 'NONE', #1279, #3726 ) ;
#6450 = CARTESIAN_POINT ( 'NONE',  ( 17.95952063813557900, 3.848014389072693700, -8.973225685253721600 ) ) ;
#6451 = FACE_OUTER_BOUND ( 'NONE', #7076, .T. ) ;
#6452 = DIRECTION ( 'NONE',  ( 1.000000000000000000, 0.0000000000000000000, 0.0000000000000000000 ) ) ;
#6453 = CARTESIAN_POINT ( 'NONE',  ( -1.400000000000005500, 3.280350850198276100, 9.999999999999989300 ) ) ;
#6454 = ORIENTED_EDGE ( 'NONE', *, *, #6134, .F. ) ;
#6455 = CARTESIAN_POINT ( 'NONE',  ( 18.00219866587632500, 3.839222690360979900, 8.971359658505237500 ) ) ;
#6456 = ORIENTED_EDGE ( 'NONE', *, *, #2805, .F. ) ;
#6457 = EDGE_CURVE ( 'NONE', #1648, #6203, #109, .T. ) ;
#6459 = EDGE_CURVE ( 'NONE', #3572, #1074, #3767, .T. ) ;
#6458 = DIRECTION ( 'NONE',  ( 4.765723835101052200E-017, -1.000000000000000000, -3.652049423109063300E-015 ) ) ;
#6460 = CARTESIAN_POINT ( 'NONE',  ( 18.01407897551571900, 3.999999999999998200, -8.950000000000002800 ) ) ;
#6461 = VECTOR ( 'NONE', #5128, 1000.000000000000000 ) ;
#6462 = AXIS2_PLACEMENT_3D ( 'NONE', #6930, #5256, #3557 ) ;
#6463 = CARTESIAN_POINT ( 'NONE',  ( -14.90000000000000600, 4.000000000000000000, 10.00000000000000200 ) ) ;
#6464 = ORIENTED_EDGE ( 'NONE', *, *, #1001, .F. ) ;
#6465 = VECTOR ( 'NONE', #3682, 1000.000000000000000 ) ;
#6466 = PLANE ( 'NONE',  #6136 ) ;
#6467 = EDGE_LOOP ( 'NONE', ( #5912, #2710, #1495, #6870 ) ) ;
#6468 = CARTESIAN_POINT ( 'NONE',  ( 6.899999999999995000, 0.0000000000000000000, -8.599999999999981900 ) ) ;
#6469 = EDGE_CURVE ( 'NONE', #5945, #496, #5425, .T. ) ;
#6470 = ORIENTED_EDGE ( 'NONE', *, *, #2763, .F. ) ;
#6471 = ORIENTED_EDGE ( 'NONE', *, *, #4437, .F. ) ;
#6472 = CARTESIAN_POINT ( 'NONE',  ( 5.099999999999995200, 3.280350850198276100, -9.999999999999982200 ) ) ;
#6473 = ORIENTED_EDGE ( 'NONE', *, *, #6075, .F. ) ;
#6474 = EDGE_LOOP ( 'NONE', ( #673, #418, #3122, #169 ) ) ;
#6475 = ORIENTED_EDGE ( 'NONE', *, *, #1355, .T. ) ;
#6476 = ORIENTED_EDGE ( 'NONE', *, *, #5163, .T. ) ;
#6477 = CARTESIAN_POINT ( 'NONE',  ( 2.599999999999994800, 1.000000000000000000, -9.999999999999985800 ) ) ;
#6478 = ORIENTED_EDGE ( 'NONE', *, *, #4845, .T. ) ;
#6479 = PLANE ( 'NONE',  #2082 ) ;
#6480 = VERTEX_POINT ( 'NONE', #3037 ) ;
#6481 = ORIENTED_EDGE ( 'NONE', *, *, #1143, .F. ) ;
#6482 = DIRECTION ( 'NONE',  ( -1.000000000000000000, 0.0000000000000000000, 0.0000000000000000000 ) ) ;
#6483 = CARTESIAN_POINT ( 'NONE',  ( 5.099999999999995200, 4.000000000000000000, 8.600000000000003200 ) ) ;
#6484 = CARTESIAN_POINT ( 'NONE',  ( 18.04999999999999700, 3.776242980402223300, 9.003373429099751100 ) ) ;
#6485 = DIRECTION ( 'NONE',  ( -1.239088197126290900E-015, 0.0000000000000000000, -1.000000000000000000 ) ) ;
#6486 = DIRECTION ( 'NONE',  ( -1.000000000000000000, 0.0000000000000000000, -0.0000000000000000000 ) ) ;
#6487 = ORIENTED_EDGE ( 'NONE', *, *, #1658, .F. ) ;
#6488 = VECTOR ( 'NONE', #4303, 1000.000000000000000 ) ;
#6489 = ORIENTED_EDGE ( 'NONE', *, *, #423, .F. ) ;
#6490 = PLANE ( 'NONE',  #2241 ) ;
#6491 = CARTESIAN_POINT ( 'NONE',  ( 6.899999999999995000, 0.0000000000000000000, -8.600000000000003200 ) ) ;
#6492 = PLANE ( 'NONE',  #3136 ) ;
#6493 = ORIENTED_EDGE ( 'NONE', *, *, #2017, .T. ) ;
#6494 = DIRECTION ( 'NONE',  ( -0.0000000000000000000, -1.000000000000000000, -0.0000000000000000000 ) ) ;
#6495 = DIRECTION ( 'NONE',  ( -1.000000000000000000, 0.0000000000000000000, -9.637352644315598700E-016 ) ) ;
#6496 = ORIENTED_EDGE ( 'NONE', *, *, #1143, .T. ) ;
#6497 = EDGE_CURVE ( 'NONE', #24, #3302, #4037, .T. ) ;
#6498 = DIRECTION ( 'NONE',  ( -1.000000000000000000, 0.0000000000000000000, 9.637352644315598700E-016 ) ) ;
#6499 = EDGE_CURVE ( 'NONE', #6398, #4455, #2813, .T. ) ;
#6500 = ADVANCED_FACE ( 'NONE', ( #3595 ), #887, .F. ) ;
#6501 = LINE ( 'NONE', #6892, #4992 ) ;
#6502 = DIRECTION ( 'NONE',  ( -0.0000000000000000000, -1.000000000000000000, 0.0000000000000000000 ) ) ;
#6503 = CARTESIAN_POINT ( 'NONE',  ( 5.099999999999997000, 3.280350850198276100, -8.599999999999981900 ) ) ;
#6504 = DIRECTION ( 'NONE',  ( 0.0000000000000000000, 0.0000000000000000000, -1.000000000000000000 ) ) ;
#6505 = CARTESIAN_POINT ( 'NONE',  ( -17.95493543665963900, 3.849999999999998300, -8.962098454623680200 ) ) ;
#6506 = VECTOR ( 'NONE', #6079, 1000.000000000000000 ) ;
#6507 = ORIENTED_EDGE ( 'NONE', *, *, #945, .T. ) ;
#6508 = CARTESIAN_POINT ( 'NONE',  ( 18.17439506625785800, 3.881279644678965500, -8.992719317010484700 ) ) ;
#6509 = EDGE_CURVE ( 'NONE', #2321, #732, #654, .T. ) ;
#6510 = CARTESIAN_POINT ( 'NONE',  ( -19.00000000000000400, 1.000000000000000000, -9.999999999999998200 ) ) ;
#6511 = DIRECTION ( 'NONE',  ( 0.0000000000000000000, -0.0000000000000000000, 1.000000000000000000 ) ) ;
#6512 = AXIS2_PLACEMENT_3D ( 'NONE', #5981, #5386, #2163 ) ;
#6513 = CARTESIAN_POINT ( 'NONE',  ( 5.999999999999994700, 3.280350850198276100, -9.999999999999982200 ) ) ;
#6514 = VERTEX_POINT ( 'NONE', #3868 ) ;
#6515 = ORIENTED_EDGE ( 'NONE', *, *, #3732, .T. ) ;
#6516 = CARTESIAN_POINT ( 'NONE',  ( 5.999999999999994700, 1.000000000000000000, -9.999999999999982200 ) ) ;
#6517 = AXIS2_PLACEMENT_3D ( 'NONE', #4410, #6592, #6666 ) ;
#6518 = ORIENTED_EDGE ( 'NONE', *, *, #3968, .T. ) ;
#6519 = ORIENTED_EDGE ( 'NONE', *, *, #4831, .T. ) ;
#6520 = VECTOR ( 'NONE', #4886, 1000.000000000000000 ) ;
#6521 = CARTESIAN_POINT ( 'NONE',  ( -17.95000000000000300, 3.999999999999998200, -8.949999999999995700 ) ) ;
#6522 = LINE ( 'NONE', #6619, #2160 ) ;
#6523 = DIRECTION ( 'NONE',  ( 0.0000000000000000000, 0.0000000000000000000, -1.000000000000000000 ) ) ;
#6524 = DIRECTION ( 'NONE',  ( 1.000000000000000000, 0.0000000000000000000, -9.637352644315598700E-016 ) ) ;
#6525 = ORIENTED_EDGE ( 'NONE', *, *, #3864, .F. ) ;
#6526 = ORIENTED_EDGE ( 'NONE', *, *, #4265, .T. ) ;
#6527 = DIRECTION ( 'NONE',  ( 0.0000000000000000000, 1.000000000000000000, 0.0000000000000000000 ) ) ;
#6528 = LINE ( 'NONE', #6213, #1463 ) ;
#6529 = DIRECTION ( 'NONE',  ( 0.0000000000000000000, -1.000000000000000000, 0.0000000000000000000 ) ) ;
#6530 = VECTOR ( 'NONE', #4125, 1000.000000000000000 ) ;
#6531 = CARTESIAN_POINT ( 'NONE',  ( -13.10000000000000500, 4.000000000000000000, -8.600000000000003200 ) ) ;
#6532 = LINE ( 'NONE', #4059, #2487 ) ;
#6533 = AXIS2_PLACEMENT_3D ( 'NONE', #5468, #4951, #3806 ) ;
#6534 = LINE ( 'NONE', #4616, #2171 ) ;
#6535 = DIRECTION ( 'NONE',  ( 0.0000000000000000000, 0.0000000000000000000, -1.000000000000000000 ) ) ;
#6536 = CARTESIAN_POINT ( 'NONE',  ( 18.19999999999999600, 3.750000000000000900, -9.014078975515722900 ) ) ;
#6537 = VERTEX_POINT ( 'NONE', #1679 ) ;
#6538 = LINE ( 'NONE', #5228, #5028 ) ;
#6539 = VERTEX_POINT ( 'NONE', #6071 ) ;
#6540 = LINE ( 'NONE', #6813, #3370 ) ;
#6541 = CARTESIAN_POINT ( 'NONE',  ( 6.899999999999995000, 0.0000000000000000000, 8.599999999999999600 ) ) ;
#6542 = UNCERTAINTY_MEASURE_WITH_UNIT (LENGTH_MEASURE( 1.000000000000000100E-005 ), #5200, 'distance_accuracy_value', 'NONE');
#6543 = ORIENTED_EDGE ( 'NONE', *, *, #5895, .T. ) ;
#6544 = LINE ( 'NONE', #5119, #6004 ) ;
#6545 =( LENGTH_UNIT ( ) NAMED_UNIT ( * ) SI_UNIT ( .MILLI., .METRE. ) );
#6546 = EDGE_CURVE ( 'NONE', #1385, #4343, #7016, .T. ) ;
#6547 = VECTOR ( 'NONE', #2217, 1000.000000000000000 ) ;
#6548 = CARTESIAN_POINT ( 'NONE',  ( 18.04342389916454400, 3.785664759425722900, 8.999200800673660800 ) ) ;
#6549 = LINE ( 'NONE', #3475, #6364 ) ;
#6550 = ORIENTED_EDGE ( 'NONE', *, *, #3196, .F. ) ;
#6551 = ORIENTED_EDGE ( 'NONE', *, *, #2349, .T. ) ;
#6552 = VECTOR ( 'NONE', #6038, 1000.000000000000000 ) ;
#6553 = DIRECTION ( 'NONE',  ( 0.0000000000000000000, 0.0000000000000000000, 1.000000000000000000 ) ) ;
#6554 = DIRECTION ( 'NONE',  ( -1.000000000000000000, 0.0000000000000000000, 9.130123557772669600E-017 ) ) ;
#6555 = CYLINDRICAL_SURFACE ( 'NONE', #1863, 0.09999999999999766000 ) ;
#6556 = EDGE_CURVE ( 'NONE', #3760, #102, #4200, .T. ) ;
#6557 = DIRECTION ( 'NONE',  ( 0.0000000000000000000, 0.0000000000000000000, -1.000000000000000000 ) ) ;
#6558 = EDGE_CURVE ( 'NONE', #1052, #91, #1429, .T. ) ;
#6559 = ORIENTED_EDGE ( 'NONE', *, *, #6036, .T. ) ;
#6560 = ORIENTED_EDGE ( 'NONE', *, *, #1837, .F. ) ;
#6561 = CARTESIAN_POINT ( 'NONE',  ( 18.20000000000000600, 0.9999999999999970000, 9.014078975515721100 ) ) ;
#6562 = AXIS2_PLACEMENT_3D ( 'NONE', #5874, #317, #1926 ) ;
#6563 = CARTESIAN_POINT ( 'NONE',  ( 13.39999999999999500, 1.000000000000000900, 9.999999999999973400 ) ) ;
#6564 = DIRECTION ( 'NONE',  ( 0.0000000000000000000, -1.000000000000000000, 0.0000000000000000000 ) ) ;
#6565 = CARTESIAN_POINT ( 'NONE',  ( 9.099999999999997900, 1.000000000000000900, 8.599999999999978300 ) ) ;
#6566 = ORIENTED_EDGE ( 'NONE', *, *, #3415, .F. ) ;
#6567 = PLANE ( 'NONE',  #1370 ) ;
#6568 = CARTESIAN_POINT ( 'NONE',  ( -6.000000000000005300, 3.280350850198276100, 9.999999999999994700 ) ) ;
#6569 = ORIENTED_EDGE ( 'NONE', *, *, #4934, .T. ) ;
#6570 = ORIENTED_EDGE ( 'NONE', *, *, #37, .T. ) ;
#6571 = DIRECTION ( 'NONE',  ( -1.000000000000000000, 0.0000000000000000000, -0.0000000000000000000 ) ) ;
#6572 = ADVANCED_FACE ( 'NONE', ( #4371 ), #1116, .T. ) ;
#6573 = ORIENTED_EDGE ( 'NONE', *, *, #2376, .T. ) ;
#6574 = AXIS2_PLACEMENT_3D ( 'NONE', #376, #5433, #984 ) ;
#6575 = EDGE_LOOP ( 'NONE', ( #3057, #1459, #1438, #2438 ) ) ;
#6576 = LINE ( 'NONE', #3725, #1507 ) ;
#6577 = CARTESIAN_POINT ( 'NONE',  ( 18.03262139487523900, 3.807619950957224800, 8.989263276780052400 ) ) ;
#6578 = VERTEX_POINT ( 'NONE', #5547 ) ;
#6579 = LINE ( 'NONE', #989, #3220 ) ;
#6580 = PLANE ( 'NONE',  #1700 ) ;
#6581 = CARTESIAN_POINT ( 'NONE',  ( 17.96070908315234100, 4.001499999999997400, -9.016022770108163400 ) ) ;
#6582 = CARTESIAN_POINT ( 'NONE',  ( -2.900000000000004800, 1.000000000000000000, -10.00000000000000200 ) ) ;
#6583 =( GEOMETRIC_REPRESENTATION_CONTEXT ( 3 ) GLOBAL_UNCERTAINTY_ASSIGNED_CONTEXT ( ( #395 ) ) GLOBAL_UNIT_ASSIGNED_CONTEXT ( ( #1449, #6964, #5878 ) ) REPRESENTATION_CONTEXT ( 'NONE', 'WORKASPACE' ) );
#6584 = EDGE_LOOP ( 'NONE', ( #541, #3739, #6027, #6780 ) ) ;
#6585 = LINE ( 'NONE', #3140, #908 ) ;
#6586 = CARTESIAN_POINT ( 'NONE',  ( -18.00140785608830600, 3.837870966602011400, -8.971359658505237500 ) ) ;
#6587 = DIRECTION ( 'NONE',  ( 0.0000000000000000000, -1.000000000000000000, 0.0000000000000000000 ) ) ;
#6588 = ORIENTED_EDGE ( 'NONE', *, *, #466, .T. ) ;
#6589 = PLANE ( 'NONE',  #2937 ) ;
#6590 = CARTESIAN_POINT ( 'NONE',  ( 10.89999999999999500, 3.280350850198276100, -9.999999999999978700 ) ) ;
#6591 = SURFACE_STYLE_FILL_AREA ( #4121 ) ;
#6592 = DIRECTION ( 'NONE',  ( 0.0000000000000000000, 0.0000000000000000000, -1.000000000000000000 ) ) ;
#6593 = STYLED_ITEM ( 'NONE', ( #5820 ), #2982 ) ;
#6594 = FACE_OUTER_BOUND ( 'NONE', #811, .T. ) ;
#6595 = EDGE_CURVE ( 'NONE', #1640, #242, #3421, .T. ) ;
#6596 = SURFACE_SIDE_STYLE ('',( #6384 ) ) ;
#6597 = EDGE_CURVE ( 'NONE', #1165, #3628, #5520, .T. ) ;
#6598 = CARTESIAN_POINT ( 'NONE',  ( 18.00337342909975300, 3.776242980402225100, -9.049999999999997200 ) ) ;
#6599 = PLANE ( 'NONE',  #5319 ) ;
#6600 = COLOUR_RGB ( '',0.9686274509803921600, 0.8784313725490196000, 0.5999999999999999800 ) ;
#6601 = FILL_AREA_STYLE ('',( #4794 ) ) ;
#6602 = DIRECTION ( 'NONE',  ( -0.0000000000000000000, -1.000000000000000000, -0.0000000000000000000 ) ) ;
#6603 = DIRECTION ( 'NONE',  ( -1.000000000000000000, 0.0000000000000000000, -0.0000000000000000000 ) ) ;
#6604 = ORIENTED_EDGE ( 'NONE', *, *, #3866, .F. ) ;
#6605 = VERTEX_POINT ( 'NONE', #4931 ) ;
#6606 = CARTESIAN_POINT ( 'NONE',  ( -6.900000000000004800, 0.0000000000000000000, -9.999999999999994700 ) ) ;
#6607 = CARTESIAN_POINT ( 'NONE',  ( -2.900000000000004800, 0.0000000000000000000, -9.999999999999989300 ) ) ;
#6608 = CARTESIAN_POINT ( 'NONE',  ( 18.01407897551571900, 3.750000000000000900, 9.201499999999997600 ) ) ;
#6609 = DIRECTION ( 'NONE',  ( -0.0000000000000000000, -1.000000000000000000, 0.0000000000000000000 ) ) ;
#6610 = EDGE_CURVE ( 'NONE', #4429, #3127, #4556, .T. ) ;
#6611 = CARTESIAN_POINT ( 'NONE',  ( 14.89999999999999500, 4.000000000000000000, 8.599999999999999600 ) ) ;
#6612 = ORIENTED_EDGE ( 'NONE', *, *, #4007, .T. ) ;
#6613 = LINE ( 'NONE', #5405, #6255 ) ;
#6614 = LINE ( 'NONE', #6074, #4750 ) ;
#6615 = CARTESIAN_POINT ( 'NONE',  ( -18.00336992738057200, 3.815628910804136800, -9.199999999999997500 ) ) ;
#6616 = CARTESIAN_POINT ( 'NONE',  ( -6.600000000000005000, 0.0000000000000000000, 9.999999999999994700 ) ) ;
#6617 = VERTEX_POINT ( 'NONE', #4387 ) ;
#6618 = AXIS2_PLACEMENT_3D ( 'NONE', #3946, #6234, #2873 ) ;
#6619 = CARTESIAN_POINT ( 'NONE',  ( -9.100000000000005000, 3.280350850198276100, -8.599999999999997900 ) ) ;
#6620 = ORIENTED_EDGE ( 'NONE', *, *, #7153, .F. ) ;
#6621 = VECTOR ( 'NONE', #6042, 1000.000000000000000 ) ;
#6622 = LINE ( 'NONE', #737, #2165 ) ;
#6623 = VECTOR ( 'NONE', #5254, 1000.000000000000000 ) ;
#6624 = CARTESIAN_POINT ( 'NONE',  ( -19.00000000000000400, 1.000000000000000000, 10.00000000000000200 ) ) ;
#6625 = CARTESIAN_POINT ( 'NONE',  ( 18.99999999999999600, 1.000000000000000000, 9.999999999999998200 ) ) ;
#6626 = ORIENTED_EDGE ( 'NONE', *, *, #3494, .T. ) ;
#6627 = ORIENTED_EDGE ( 'NONE', *, *, #670, .T. ) ;
#6628 = LINE ( 'NONE', #3465, #783 ) ;
#6629 = DIRECTION ( 'NONE',  ( 0.0000000000000000000, -0.0000000000000000000, 1.000000000000000000 ) ) ;
#6630 = LINE ( 'NONE', #7219, #2680 ) ;
#6631 = LINE ( 'NONE', #1877, #519 ) ;
#6632 = AXIS2_PLACEMENT_3D ( 'NONE', #5795, #726, #5915 ) ;
#6633 = CARTESIAN_POINT ( 'NONE',  ( -17.95000000000000300, 3.849999999999998300, 8.950000000000001100 ) ) ;
#6634 = CARTESIAN_POINT ( 'NONE',  ( 18.99999999999999600, 1.000000000000000000, 9.999999999999998200 ) ) ;
#6635 = ORIENTED_EDGE ( 'NONE', *, *, #5598, .F. ) ;
#6636 = VECTOR ( 'NONE', #4530, 1000.000000000000000 ) ;
#6637 = VECTOR ( 'NONE', #4686, 1000.000000000000000 ) ;
#6638 = ADVANCED_FACE ( 'NONE', ( #2728 ), #5477, .T. ) ;
#6639 = ORIENTED_EDGE ( 'NONE', *, *, #613, .F. ) ;
#6640 = EDGE_LOOP ( 'NONE', ( #396, #1405, #1249, #5937 ) ) ;
#6641 = EDGE_CURVE ( 'NONE', #5916, #1893, #2636, .T. ) ;
#6642 = LINE ( 'NONE', #356, #442 ) ;
#6643 = CARTESIAN_POINT ( 'NONE',  ( 5.099999999999997000, 3.280350850198276100, 8.599999999999981900 ) ) ;
#6644 = CARTESIAN_POINT ( 'NONE',  ( -17.94999999999999900, 3.848484999999998400, -8.949999999999997500 ) ) ;
#6645 = FACE_OUTER_BOUND ( 'NONE', #5977, .T. ) ;
#6646 = VERTEX_POINT ( 'NONE', #7174 ) ;
#6647 = AXIS2_PLACEMENT_3D ( 'NONE', #1130, #7188, #2213 ) ;
#6648 = CARTESIAN_POINT ( 'NONE',  ( -6.900000000000003000, 0.0000000000000000000, -8.599999999999994300 ) ) ;
#6649 = VERTEX_POINT ( 'NONE', #4367 ) ;
#6650 = ORIENTED_EDGE ( 'NONE', *, *, #6032, .F. ) ;
#6651 = CARTESIAN_POINT ( 'NONE',  ( 14.89999999999999500, 0.0000000000000000000, -10.00000000000000200 ) ) ;
#6652 = ADVANCED_FACE ( 'NONE', ( #1104 ), #6054, .F. ) ;
#6653 = VERTEX_POINT ( 'NONE', #1263 ) ;
#6654 = ORIENTED_EDGE ( 'NONE', *, *, #5793, .T. ) ;
#6655 = DIRECTION ( 'NONE',  ( 0.0000000000000000000, 0.0000000000000000000, 1.000000000000000000 ) ) ;
#6656 = DIRECTION ( 'NONE',  ( -0.0000000000000000000, -1.000000000000000000, -0.0000000000000000000 ) ) ;
#6657 = ORIENTED_EDGE ( 'NONE', *, *, #2638, .F. ) ;
#6658 = VERTEX_POINT ( 'NONE', #2834 ) ;
#6659 = EDGE_CURVE ( 'NONE', #4534, #4267, #1967, .T. ) ;
#6660 = EDGE_CURVE ( 'NONE', #2742, #4195, #6058, .T. ) ;
#6661 = LINE ( 'NONE', #4943, #6925 ) ;
#6662 = ORIENTED_EDGE ( 'NONE', *, *, #6157, .F. ) ;
#6663 = EDGE_LOOP ( 'NONE', ( #387, #449, #6096, #5237 ) ) ;
#6664 = DIRECTION ( 'NONE',  ( -1.369518533665900300E-016, 0.0000000000000000000, -1.000000000000000000 ) ) ;
#6665 = PLANE ( 'NONE',  #343 ) ;
#6666 = DIRECTION ( 'NONE',  ( -1.000000000000000000, 0.0000000000000000000, -0.0000000000000000000 ) ) ;
#6667 = VERTEX_POINT ( 'NONE', #3985 ) ;
#6668 = EDGE_CURVE ( 'NONE', #2101, #3238, #602, .T. ) ;
#6669 = CARTESIAN_POINT ( 'NONE',  ( 14.89999999999999500, 1.000000000000000000, -8.600000000000003200 ) ) ;
#6670 = ORIENTED_EDGE ( 'NONE', *, *, #2158, .T. ) ;
#6671 = DIRECTION ( 'NONE',  ( 3.491481338843133000E-015, -1.000000000000000000, 0.0000000000000000000 ) ) ;
#6672 = VERTEX_POINT ( 'NONE', #618 ) ;
#6673 = CARTESIAN_POINT ( 'NONE',  ( 18.99999999999999600, 0.0000000000000000000, 9.999999999999998200 ) ) ;
#6675 = ADVANCED_FACE ( 'NONE', ( #2987 ), #6165, .T. ) ;
#6674 = VECTOR ( 'NONE', #3028, 1000.000000000000000 ) ;
#6676 = CARTESIAN_POINT ( 'NONE',  ( 5.399999999999995000, 1.000000000000000900, -9.999999999999982200 ) ) ;
#6677 = ADVANCED_FACE ( 'NONE', ( #3145 ), #4591, .F. ) ;
#6678 = PLANE ( 'NONE',  #5333 ) ;
#6679 = LINE ( 'NONE', #6472, #2139 ) ;
#6680 = B_SPLINE_CURVE_WITH_KNOTS ( 'NONE', 3,
 ( #977, #2644, #7052, #3769, #453, #1022 ),
 .UNSPECIFIED., .F., .F.,
 ( 4, 2, 4 ),
 ( 1.734723475976807100E-018, 0.0001982799521481164700, 0.0003965599042962303400 ),
 .UNSPECIFIED. ) ;
#6681 = CARTESIAN_POINT ( 'NONE',  ( 10.59999999999999400, 3.280350850198276100, -9.999999999999978700 ) ) ;
#6682 = PLANE ( 'NONE',  #3153 ) ;
#6683 = DIRECTION ( 'NONE',  ( 0.0000000000000000000, -1.000000000000000000, 0.0000000000000000000 ) ) ;
#6684 = EDGE_CURVE ( 'NONE', #5558, #6537, #2900, .T. ) ;
#6685 = LINE ( 'NONE', #475, #4288 ) ;
#6686 = CARTESIAN_POINT ( 'NONE',  ( -17.97135965850523900, 3.839222690360980300, -9.002198665876326400 ) ) ;
#6687 = ORIENTED_EDGE ( 'NONE', *, *, #852, .F. ) ;
#6688 = ORIENTED_EDGE ( 'NONE', *, *, #2423, .F. ) ;
#6689 = EDGE_CURVE ( 'NONE', #2521, #5229, #6410, .T. ) ;
#6690 = DIRECTION ( 'NONE',  ( -0.0000000000000000000, -0.0000000000000000000, -1.000000000000000000 ) ) ;
#6691 = EDGE_CURVE ( 'NONE', #6942, #5767, #3073, .T. ) ;
#6692 = DIRECTION ( 'NONE',  ( 0.0000000000000000000, 1.000000000000000000, 0.0000000000000000000 ) ) ;
#6693 = ORIENTED_EDGE ( 'NONE', *, *, #6285, .F. ) ;
#6694 = ORIENTED_EDGE ( 'NONE', *, *, #1745, .F. ) ;
#6695 = ORIENTED_EDGE ( 'NONE', *, *, #2931, .F. ) ;
#6696 = DIRECTION ( 'NONE',  ( -1.000000000000000000, -0.0000000000000000000, -0.0000000000000000000 ) ) ;
#6697 = FACE_OUTER_BOUND ( 'NONE', #1194, .T. ) ;
#6698 = CARTESIAN_POINT ( 'NONE',  ( -6.900000000000004800, 0.0000000000000000000, -9.999999999999994700 ) ) ;
#6699 = FILL_AREA_STYLE ('',( #6776 ) ) ;
#6700 = DIRECTION ( 'NONE',  ( 9.637352644315598700E-016, 0.0000000000000000000, -1.000000000000000000 ) ) ;
#6701 = EDGE_CURVE ( 'NONE', #3137, #2536, #11, .T. ) ;
#6702 = ORIENTED_EDGE ( 'NONE', *, *, #2293, .T. ) ;
#6703 = VECTOR ( 'NONE', #5189, 1000.000000000000000 ) ;
#6704 = FILL_AREA_STYLE ('',( #2807 ) ) ;
#6705 = FACE_OUTER_BOUND ( 'NONE', #4802, .T. ) ;
#6706 = ADVANCED_FACE ( 'NONE', ( #1524 ), #5125, .F. ) ;
#6707 = VECTOR ( 'NONE', #4839, 1000.000000000000000 ) ;
#6708 = ORIENTED_EDGE ( 'NONE', *, *, #367, .T. ) ;
#6709 = FACE_OUTER_BOUND ( 'NONE', #2715, .T. ) ;
#6710 = VERTEX_POINT ( 'NONE', #1796 ) ;
#6711 = LINE ( 'NONE', #4164, #1309 ) ;
#6712 = DIRECTION ( 'NONE',  ( 0.0000000000000000000, 1.000000000000000000, 0.0000000000000000000 ) ) ;
#6713 = VECTOR ( 'NONE', #1886, 1000.000000000000000 ) ;
#6714 = PLANE ( 'NONE',  #4560 ) ;
#6715 = DIRECTION ( 'NONE',  ( -1.000000000000000000, -0.0000000000000000000, 0.0000000000000000000 ) ) ;
#6716 = VECTOR ( 'NONE', #4498, 1000.000000000000000 ) ;
#6717 = CLOSED_SHELL ( 'NONE', ( #5451, #1811, #2306, #3400, #3824, #4999, #4291, #1006 ) ) ;
#6718 = ORIENTED_EDGE ( 'NONE', *, *, #1185, .F. ) ;
#6719 = VECTOR ( 'NONE', #2545, 1000.000000000000000 ) ;
#6720 = CARTESIAN_POINT ( 'NONE',  ( -10.00000000000000500, 3.280350850198276100, 9.999999999999998200 ) ) ;
#6721 = LINE ( 'NONE', #2335, #4599 ) ;
#6722 = CARTESIAN_POINT ( 'NONE',  ( -17.96077060836201200, 4.000000000000000000, -9.016006174085273300 ) ) ;
#6723 = FACE_OUTER_BOUND ( 'NONE', #2888, .T. ) ;
#6724 = ORIENTED_EDGE ( 'NONE', *, *, #7055, .F. ) ;
#6725 = DIRECTION ( 'NONE',  ( 0.0000000000000000000, 0.0000000000000000000, -1.000000000000000000 ) ) ;
#6726 = ORIENTED_EDGE ( 'NONE', *, *, #126, .T. ) ;
#6727 = VECTOR ( 'NONE', #4025, 1000.000000000000000 ) ;
#6728 = CARTESIAN_POINT ( 'NONE',  ( -1.400000000000005500, 3.280350850198276100, -9.999999999999989300 ) ) ;
#6729 =( LENGTH_UNIT ( ) NAMED_UNIT ( * ) SI_UNIT ( .MILLI., .METRE. ) );
#6730 = B_SPLINE_CURVE_WITH_KNOTS ( 'NONE', 3,
 ( #906, #6505, #1508, #3152, #3727, #392, #5412, #3114, #425, #1008, #1556, #923, #2119, #6007, #2652, #3085 ),
 .UNSPECIFIED., .F., .F.,
 ( 4, 3, 3, 3, 3, 4 ),
 ( 3.496446946337351300E-018, 3.919923792274053200E-005, 7.839866981028128600E-005, 0.0001175819989964509800, 0.0001567683997081050500, 0.0001687383463062337000 ),
 .UNSPECIFIED. ) ;
#6731 = VECTOR ( 'NONE', #701, 1000.000000000000000 ) ;
#6732 = CARTESIAN_POINT ( 'NONE',  ( -2.900000000000004800, 1.000000000000000000, 9.999999999999989300 ) ) ;
#6733 = CARTESIAN_POINT ( 'NONE',  ( 17.97481569873566100, 3.832621394875236100, 9.007619950957220600 ) ) ;
#6734 = CARTESIAN_POINT ( 'NONE',  ( -2.900000000000004800, 1.000000000000000000, -9.999999999999989300 ) ) ;
#6735 = ORIENTED_EDGE ( 'NONE', *, *, #6352, .T. ) ;
#6736 = CARTESIAN_POINT ( 'NONE',  ( -13.10000000000000500, 3.280350850198276100, -8.600000000000001400 ) ) ;
#6737 = VERTEX_POINT ( 'NONE', #5084 ) ;
#6738 = ORIENTED_EDGE ( 'NONE', *, *, #7104, .F. ) ;
#6739 = ORIENTED_EDGE ( 'NONE', *, *, #2426, .T. ) ;
#6740 = DIRECTION ( 'NONE',  ( 1.239088197126290900E-015, 0.0000000000000000000, -1.000000000000000000 ) ) ;
#6741 = EDGE_CURVE ( 'NONE', #5713, #6290, #4283, .T. ) ;
#6742 = ORIENTED_EDGE ( 'NONE', *, *, #2568, .T. ) ;
#6743 = DIRECTION ( 'NONE',  ( -1.000000000000000000, -0.0000000000000000000, 0.0000000000000000000 ) ) ;
#6744 = EDGE_CURVE ( 'NONE', #5942, #91, #837, .T. ) ;
#6745 = ORIENTED_EDGE ( 'NONE', *, *, #3548, .T. ) ;
#6746 = ORIENTED_EDGE ( 'NONE', *, *, #4577, .T. ) ;
#6747 = ORIENTED_EDGE ( 'NONE', *, *, #3919, .F. ) ;
#6748 = DIRECTION ( 'NONE',  ( 0.0000000000000000000, 0.0000000000000000000, 1.000000000000000000 ) ) ;
#6749 = LINE ( 'NONE', #2279, #5146 ) ;
#6750 = CARTESIAN_POINT ( 'NONE',  ( -1.100000000000005400, 0.0000000000000000000, -8.600000000000003200 ) ) ;
#6751 = ORIENTED_EDGE ( 'NONE', *, *, #804, .T. ) ;
#6752 = LINE ( 'NONE', #6590, #1866 ) ;
#6753 = EDGE_CURVE ( 'NONE', #1510, #6303, #7093, .T. ) ;
#6754 = PLANE ( 'NONE',  #5993 ) ;
#6755 = ORIENTED_EDGE ( 'NONE', *, *, #4759, .F. ) ;
#6756 = PLANE ( 'NONE',  #4813 ) ;
#6757 = ORIENTED_EDGE ( 'NONE', *, *, #760, .F. ) ;
#6758 = ADVANCED_FACE ( 'NONE', ( #5868 ), #5679, .F. ) ;
#6759 = FACE_OUTER_BOUND ( 'NONE', #5668, .T. ) ;
#6760 = DIRECTION ( 'NONE',  ( 0.0000000000000000000, 0.0000000000000000000, 1.000000000000000000 ) ) ;
#6761 = PLANE ( 'NONE',  #5121 ) ;
#6762 = CARTESIAN_POINT ( 'NONE',  ( -18.01407897551572600, 3.750000000000000900, 9.200000000000002800 ) ) ;
#6763 = CARTESIAN_POINT ( 'NONE',  ( 18.01407897551571900, 3.750000000000002200, 9.199999999999995700 ) ) ;
#6764 = DIRECTION ( 'NONE',  ( -1.000000000000000000, 0.0000000000000000000, 9.637352644315598700E-016 ) ) ;
#6765 = CARTESIAN_POINT ( 'NONE',  ( 14.89999999999999500, 0.0000000000000000000, 8.599999999999999600 ) ) ;
#6766 = MANIFOLD_SOLID_BREP ( 'Mirror2[6]', #3049 ) ;
#6767 = CARTESIAN_POINT ( 'NONE',  ( -18.01407897551572600, 0.9999999999999970000, -9.200000000000008200 ) ) ;
#6768 = DIRECTION ( 'NONE',  ( 0.0000000000000000000, 0.0000000000000000000, 1.000000000000000000 ) ) ;
#6769 = AXIS2_PLACEMENT_3D ( 'NONE', #6852, #149, #1343 ) ;
#6770 = AXIS2_PLACEMENT_3D ( 'NONE', #5061, #2893, #2913 ) ;
#6771 = CARTESIAN_POINT ( 'NONE',  ( -10.90000000000000600, 0.0000000000000000000, 9.999999999999998200 ) ) ;
#6772 = DIRECTION ( 'NONE',  ( 9.637352644315598700E-016, 0.0000000000000000000, -1.000000000000000000 ) ) ;
#6773 = ORIENTED_EDGE ( 'NONE', *, *, #830, .T. ) ;
#6774 = CYLINDRICAL_SURFACE ( 'NONE', #6462, 0.2500000000000002200 ) ;
#6775 = CARTESIAN_POINT ( 'NONE',  ( -18.03329052772118100, 3.806647766503476600, 8.989695024761898500 ) ) ;
#6776 = FILL_AREA_STYLE_COLOUR ( '', #5989 ) ;
#6777 = CARTESIAN_POINT ( 'NONE',  ( -18.17305672590245200, 3.880496664690821000, 8.992719317010481100 ) ) ;
#6778 = EDGE_CURVE ( 'NONE', #5732, #6397, #5701, .T. ) ;
#6779 = ADVANCED_FACE ( 'NONE', ( #5164 ), #3027, .F. ) ;
#6780 = ORIENTED_EDGE ( 'NONE', *, *, #5705, .F. ) ;
#6781 = CARTESIAN_POINT ( 'NONE',  ( 6.899999999999995000, 0.0000000000000000000, -8.600000000000003200 ) ) ;
#6782 = ADVANCED_FACE ( 'NONE', ( #5338 ), #2963, .F. ) ;
#6783 = AXIS2_PLACEMENT_3D ( 'NONE', #298, #6527, #2581 ) ;
#6784 = ORIENTED_EDGE ( 'NONE', *, *, #4232, .F. ) ;
#6785 = VECTOR ( 'NONE', #1131, 1000.000000000000000 ) ;
#6786 = CARTESIAN_POINT ( 'NONE',  ( 18.01407897551571900, 3.750000000000000900, -8.949999999999999300 ) ) ;
#6787 = CARTESIAN_POINT ( 'NONE',  ( 13.09999999999999600, 1.000000000000000000, -9.999999999999973400 ) ) ;
#6788 = ORIENTED_EDGE ( 'NONE', *, *, #4829, .F. ) ;
#6790 = EDGE_CURVE ( 'NONE', #5718, #3030, #227, .T. ) ;
#6789 = ORIENTED_EDGE ( 'NONE', *, *, #6689, .F. ) ;
#6791 = VECTOR ( 'NONE', #5373, 1000.000000000000000 ) ;
#6792 = PLANE ( 'NONE',  #3792 ) ;
#6793 = EDGE_CURVE ( 'NONE', #5588, #3406, #1365, .T. ) ;
#6794 = AXIS2_PLACEMENT_3D ( 'NONE', #2317, #1284, #4040 ) ;
#6795 = DIRECTION ( 'NONE',  ( -1.000000000000000000, 0.0000000000000000000, 0.0000000000000000000 ) ) ;
#6796 = ORIENTED_EDGE ( 'NONE', *, *, #2740, .F. ) ;
#6797 = FACE_OUTER_BOUND ( 'NONE', #3225, .T. ) ;
#6798 = CIRCLE ( 'NONE', #1027, 0.5999999999999998700 ) ;
#6799 = CARTESIAN_POINT ( 'NONE',  ( 10.59999999999999400, 3.280350850198276100, 9.999999999999978700 ) ) ;
#6800 = LINE ( 'NONE', #1300, #3903 ) ;
#6801 = CARTESIAN_POINT ( 'NONE',  ( 10.89999999999999500, 3.280350850198276100, 9.999999999999978700 ) ) ;
#6802 = DIRECTION ( 'NONE',  ( 1.000000000000000000, -0.0000000000000000000, -1.369518533665900300E-016 ) ) ;
#6803 = CARTESIAN_POINT ( 'NONE',  ( 18.99999999999999600, 0.0000000000000000000, -10.00000000000000200 ) ) ;
#6804 = ORIENTED_EDGE ( 'NONE', *, *, #4785, .F. ) ;
#6805 = EDGE_CURVE ( 'NONE', #1250, #1659, #4734, .T. ) ;
#6806 = ORIENTED_EDGE ( 'NONE', *, *, #3105, .F. ) ;
#6807 = LINE ( 'NONE', #6906, #3630 ) ;
#6808 = VECTOR ( 'NONE', #4124, 1000.000000000000000 ) ;
#6809 = VERTEX_POINT ( 'NONE', #747 ) ;
#6810 = LINE ( 'NONE', #6847, #6727 ) ;
#6811 = CARTESIAN_POINT ( 'NONE',  ( -5.400000000000005700, 3.280350850198276100, -9.999999999999994700 ) ) ;
#6812 = CARTESIAN_POINT ( 'NONE',  ( -10.90000000000000600, 3.280350850198276100, 9.999999999999998200 ) ) ;
#6813 = CARTESIAN_POINT ( 'NONE',  ( 13.09999999999999800, 1.000000000000000000, -8.599999999999974800 ) ) ;
#6814 =( GEOMETRIC_REPRESENTATION_CONTEXT ( 3 ) GLOBAL_UNCERTAINTY_ASSIGNED_CONTEXT ( ( #174 ) ) GLOBAL_UNIT_ASSIGNED_CONTEXT ( ( #3765, #1046, #4314 ) ) REPRESENTATION_CONTEXT ( 'NONE', 'WORKASPACE' ) );
#6815 = FACE_OUTER_BOUND ( 'NONE', #79, .T. ) ;
#6816 = ORIENTED_EDGE ( 'NONE', *, *, #6837, .F. ) ;
#6817 = CARTESIAN_POINT ( 'NONE',  ( -17.95000000000000300, 3.849999999999998800, 8.950000000000002800 ) ) ;
#6818 = ORIENTED_EDGE ( 'NONE', *, *, #5357, .F. ) ;
#6819 = FACE_OUTER_BOUND ( 'NONE', #6829, .T. ) ;
#6820 = ADVANCED_FACE ( 'NONE', ( #6594 ), #1795, .T. ) ;
#6821 = EDGE_LOOP ( 'NONE', ( #2869, #3006, #6573, #1400 ) ) ;
#6822 = FACE_OUTER_BOUND ( 'NONE', #813, .T. ) ;
#6823 = VERTEX_POINT ( 'NONE', #202 ) ;
#6824 = CARTESIAN_POINT ( 'NONE',  ( 18.99999999999999600, 1.000000000000000000, -10.00000000000000200 ) ) ;
#6825 = VERTEX_POINT ( 'NONE', #6362 ) ;
#6826 = EDGE_CURVE ( 'NONE', #583, #2032, #4726, .T. ) ;
#6827 = ORIENTED_EDGE ( 'NONE', *, *, #6826, .F. ) ;
#6828 = CARTESIAN_POINT ( 'NONE',  ( 20.00000000000000000, 1.000000000000000000, 1.908195823574487800E-014 ) ) ;
#6829 = EDGE_LOOP ( 'NONE', ( #1239, #4941, #2708, #4659 ) ) ;
#6830 = CARTESIAN_POINT ( 'NONE',  ( 13.09999999999999600, 3.280350850198276100, -9.999999999999973400 ) ) ;
#6831 = DIRECTION ( 'NONE',  ( 0.0000000000000000000, 0.0000000000000000000, -1.000000000000000000 ) ) ;
#6832 = PLANE ( 'NONE',  #1529 ) ;
#6833 = LINE ( 'NONE', #4129, #5774 ) ;
#6834 = CARTESIAN_POINT ( 'NONE',  ( -13.10000000000000500, 3.280350850198276100, 10.00000000000000200 ) ) ;
#6835 = EDGE_LOOP ( 'NONE', ( #2789, #5812, #113, #5586, #168, #3339 ) ) ;
#6836 = ORIENTED_EDGE ( 'NONE', *, *, #3678, .T. ) ;
#6837 = EDGE_CURVE ( 'NONE', #2962, #242, #236, .T. ) ;
#6838 = DIRECTION ( 'NONE',  ( 0.0000000000000000000, 0.0000000000000000000, -1.000000000000000000 ) ) ;
#6839 = EDGE_CURVE ( 'NONE', #4622, #1212, #1642, .T. ) ;
#6840 = FILL_AREA_STYLE_COLOUR ( '', #5789 ) ;
#6841 = EDGE_LOOP ( 'NONE', ( #4095, #5323, #1243, #2207 ) ) ;
#6842 = AXIS2_PLACEMENT_3D ( 'NONE', #4365, #1626, #1069 ) ;
#6843 = CARTESIAN_POINT ( 'NONE',  ( 14.89999999999999500, 4.000000000000000000, 10.00000000000000200 ) ) ;
#6844 = DIRECTION ( 'NONE',  ( 3.652049423109063300E-015, -1.000000000000000000, 6.123233995736766000E-017 ) ) ;
#6845 = ORIENTED_EDGE ( 'NONE', *, *, #5967, .T. ) ;
#6846 = EDGE_CURVE ( 'NONE', #6578, #5601, #3956, .T. ) ;
#6847 = CARTESIAN_POINT ( 'NONE',  ( 6.899999999999995000, 3.280350850198276100, -8.599999999999981900 ) ) ;
#6848 =( GEOMETRIC_REPRESENTATION_CONTEXT ( 3 ) GLOBAL_UNCERTAINTY_ASSIGNED_CONTEXT ( ( #5987 ) ) GLOBAL_UNIT_ASSIGNED_CONTEXT ( ( #2806, #4475, #558 ) ) REPRESENTATION_CONTEXT ( 'NONE', 'WORKASPACE' ) );
#6849 = SURFACE_STYLE_USAGE ( .BOTH. , #6379 ) ;
#6850 = CARTESIAN_POINT ( 'NONE',  ( 14.89999999999999500, 1.000000000000000000, 9.999999999999973400 ) ) ;
#6851 = DIRECTION ( 'NONE',  ( -0.0000000000000000000, 0.0000000000000000000, -1.000000000000000000 ) ) ;
#6852 = CARTESIAN_POINT ( 'NONE',  ( -17.95000000000000300, 3.749999999999999600, -9.014078975515722900 ) ) ;
#6853 = CARTESIAN_POINT ( 'NONE',  ( 10.89999999999999500, 0.0000000000000000000, 8.599999999999978300 ) ) ;
#6854 = ADVANCED_FACE ( 'NONE', ( #2404 ), #5716, .F. ) ;
#6855 = FACE_OUTER_BOUND ( 'NONE', #3068, .T. ) ;
#6856 = AXIS2_PLACEMENT_3D ( 'NONE', #6345, #6899, #776 ) ;
#6857 = DIRECTION ( 'NONE',  ( 1.000000000000000000, 0.0000000000000000000, -9.531447670202236200E-017 ) ) ;
#6858 = DIRECTION ( 'NONE',  ( -0.0000000000000000000, -0.0000000000000000000, 1.000000000000000000 ) ) ;
#6859 = LINE ( 'NONE', #5901, #4648 ) ;
#6860 = DIRECTION ( 'NONE',  ( -1.000000000000000000, 0.0000000000000000000, 0.0000000000000000000 ) ) ;
#6861 = ORIENTED_EDGE ( 'NONE', *, *, #6597, .T. ) ;
#6862 = CARTESIAN_POINT ( 'NONE',  ( -1.100000000000005400, 4.000000000000000000, 10.00000000000000200 ) ) ;
#6863 = CARTESIAN_POINT ( 'NONE',  ( 10.59999999999999400, 3.280350850198276100, 9.999999999999978700 ) ) ;
#6864 = EDGE_LOOP ( 'NONE', ( #3549, #1845, #4023, #4024 ) ) ;
#6865 = LINE ( 'NONE', #4671, #2397 ) ;
#6866 = DIRECTION ( 'NONE',  ( -3.652049423109063300E-015, -1.000000000000000000, 6.123233995736766000E-017 ) ) ;
#6867 = ORIENTED_EDGE ( 'NONE', *, *, #1788, .F. ) ;
#6868 = CARTESIAN_POINT ( 'NONE',  ( 2.899999999999994600, 0.0000000000000000000, -8.600000000000003200 ) ) ;
#6869 = CARTESIAN_POINT ( 'NONE',  ( -1.100000000000005400, 1.000000000000000900, -9.999999999999989300 ) ) ;
#6870 = ORIENTED_EDGE ( 'NONE', *, *, #6125, .F. ) ;
#6871 = LINE ( 'NONE', #3851, #5543 ) ;
#6872 = ORIENTED_EDGE ( 'NONE', *, *, #7253, .T. ) ;
#6873 = EDGE_CURVE ( 'NONE', #307, #5960, #1216, .T. ) ;
#6874 = LINE ( 'NONE', #6422, #4218 ) ;
#6875 = EDGE_CURVE ( 'NONE', #983, #3032, #4980, .T. ) ;
#6876 = VERTEX_POINT ( 'NONE', #4085 ) ;
#6877 = AXIS2_PLACEMENT_3D ( 'NONE', #2729, #6655, #3277 ) ;
#6878 = ORIENTED_EDGE ( 'NONE', *, *, #6888, .T. ) ;
#6879 = FACE_OUTER_BOUND ( 'NONE', #2791, .T. ) ;
#6880 = DIRECTION ( 'NONE',  ( 0.0000000000000000000, -1.000000000000000000, 0.0000000000000000000 ) ) ;
#6881 = LINE ( 'NONE', #6922, #592 ) ;
#6882 = DIRECTION ( 'NONE',  ( 0.0000000000000000000, 0.0000000000000000000, -1.000000000000000000 ) ) ;
#6883 = FACE_OUTER_BOUND ( 'NONE', #4221, .T. ) ;
#6884 = PRODUCT_DEFINITION_SHAPE ( 'NONE', 'NONE',  #1758 ) ;
#6885 = ORIENTED_EDGE ( 'NONE', *, *, #3440, .F. ) ;
#6886 = LINE ( 'NONE', #5836, #6271 ) ;
#6887 = PLANE ( 'NONE',  #6008 ) ;
#6888 = EDGE_CURVE ( 'NONE', #5472, #3035, #6226, .T. ) ;
#6889 = ORIENTED_EDGE ( 'NONE', *, *, #3105, .T. ) ;
#6890 = LINE ( 'NONE', #6463, #1471 ) ;
#6891 = VERTEX_POINT ( 'NONE', #5358 ) ;
#6892 = CARTESIAN_POINT ( 'NONE',  ( 18.19999999999999600, 3.850000000000000500, -9.014078975515724700 ) ) ;
#6893 = VECTOR ( 'NONE', #2048, 1000.000000000000000 ) ;
#6894 = ADVANCED_FACE ( 'NONE', ( #4721 ), #5943, .F. ) ;
#6895 = LINE ( 'NONE', #754, #6623 ) ;
#6896 = CARTESIAN_POINT ( 'NONE',  ( 6.899999999999995000, 1.000000000000000900, 8.599999999999981900 ) ) ;
#6897 = ORIENTED_EDGE ( 'NONE', *, *, #4142, .T. ) ;
#6898 = FACE_OUTER_BOUND ( 'NONE', #2859, .T. ) ;
#6899 = DIRECTION ( 'NONE',  ( 0.0000000000000000000, 1.000000000000000000, 0.0000000000000000000 ) ) ;
#6900 = LINE ( 'NONE', #6917, #161 ) ;
#6901 = CARTESIAN_POINT ( 'NONE',  ( 1.999999999999994900, 1.000000000000000000, -9.999999999999985800 ) ) ;
#6902 = CARTESIAN_POINT ( 'NONE',  ( -10.90000000000000400, 0.0000000000000000000, 8.599999999999997900 ) ) ;
#6903 = VERTEX_POINT ( 'NONE', #304 ) ;
#6904 = LINE ( 'NONE', #1106, #2599 ) ;
#6905 = DIRECTION ( 'NONE',  ( 0.0000000000000000000, 0.0000000000000000000, 1.000000000000000000 ) ) ;
#6906 = CARTESIAN_POINT ( 'NONE',  ( -2.900000000000004800, 4.000000000000000000, 10.00000000000000200 ) ) ;
#6907 = EDGE_LOOP ( 'NONE', ( #2883, #393, #5138, #1950 ) ) ;
#6908 = LINE ( 'NONE', #648, #3917 ) ;
#6909 = ORIENTED_EDGE ( 'NONE', *, *, #578, .T. ) ;
#6910 = ORIENTED_EDGE ( 'NONE', *, *, #7020, .T. ) ;
#6911 = ORIENTED_EDGE ( 'NONE', *, *, #5690, .F. ) ;
#6912 = ORIENTED_EDGE ( 'NONE', *, *, #7201, .F. ) ;
#6913 = DIRECTION ( 'NONE',  ( 1.000000000000000000, 3.469446951953611000E-015, 0.0000000000000000000 ) ) ;
#6914 =( GEOMETRIC_REPRESENTATION_CONTEXT ( 3 ) GLOBAL_UNCERTAINTY_ASSIGNED_CONTEXT ( ( #4594 ) ) GLOBAL_UNIT_ASSIGNED_CONTEXT ( ( #7263, #3909, #4458 ) ) REPRESENTATION_CONTEXT ( 'NONE', 'WORKASPACE' ) );
#6915 = CLOSED_SHELL ( 'NONE', ( #6046, #339, #2548, #3237, #1547, #2647, #3987, #4640 ) ) ;
#6916 = VECTOR ( 'NONE', #7114, 1000.000000000000000 ) ;
#6917 = CARTESIAN_POINT ( 'NONE',  ( 6.899999999999995000, 0.0000000000000000000, -8.600000000000003200 ) ) ;
#6918 = ORIENTED_EDGE ( 'NONE', *, *, #6443, .F. ) ;
#6919 =( NAMED_UNIT ( * ) SI_UNIT ( $, .STERADIAN. ) SOLID_ANGLE_UNIT ( ) );
#6920 = EDGE_LOOP ( 'NONE', ( #1984, #5160, #642, #441, #6836, #6288 ) ) ;
#6921 = VERTEX_POINT ( 'NONE', #7035 ) ;
#6922 = CARTESIAN_POINT ( 'NONE',  ( 1.099999999999996800, 3.280350850198276100, -8.599999999999985400 ) ) ;
#6923 = VERTEX_POINT ( 'NONE', #4259 ) ;
#6924 = EDGE_CURVE ( 'NONE', #6514, #858, #3413, .T. ) ;
#6925 = VECTOR ( 'NONE', #4026, 1000.000000000000000 ) ;
#6926 = VERTEX_POINT ( 'NONE', #4727 ) ;
#6927 = VECTOR ( 'NONE', #4406, 1000.000000000000000 ) ;
#6928 = CARTESIAN_POINT ( 'NONE',  ( -19.00000000000000400, 1.000000000000000000, 10.00000000000000200 ) ) ;
#6929 = CARTESIAN_POINT ( 'NONE',  ( 13.09999999999999600, 0.0000000000000000000, 9.999999999999973400 ) ) ;
#6930 = CARTESIAN_POINT ( 'NONE',  ( -17.95000000000000300, 3.749999999999999600, -9.014078975515722900 ) ) ;
#6931 = AXIS2_PLACEMENT_3D ( 'NONE', #1146, #5030, #1703 ) ;
#6932 = CARTESIAN_POINT ( 'NONE',  ( 9.999999999999994700, 3.280350850198276100, 9.999999999999978700 ) ) ;
#6933 = VERTEX_POINT ( 'NONE', #1487 ) ;
#6934 = LINE ( 'NONE', #334, #283 ) ;
#6935 = EDGE_CURVE ( 'NONE', #3700, #6921, #6585, .T. ) ;
#6936 = EDGE_CURVE ( 'NONE', #1756, #2489, #1613, .T. ) ;
#6937 = MECHANICAL_DESIGN_GEOMETRIC_PRESENTATION_REPRESENTATION (  '', ( #7206 ), #2341 ) ;
#6938 = DIRECTION ( 'NONE',  ( 1.000000000000000000, 0.0000000000000000000, -9.637352644315598700E-016 ) ) ;
#6939 = PLANE ( 'NONE',  #1801 ) ;
#6940 = VECTOR ( 'NONE', #6441, 1000.000000000000000 ) ;
#6941 = CARTESIAN_POINT ( 'NONE',  ( 17.99265831998335600, 3.880768558391737100, 9.172799765255124500 ) ) ;
#6942 = VERTEX_POINT ( 'NONE', #6510 ) ;
#6943 = FACE_OUTER_BOUND ( 'NONE', #1155, .T. ) ;
#6944 = DIRECTION ( 'NONE',  ( -0.0000000000000000000, -1.000000000000000000, -0.0000000000000000000 ) ) ;
#6945 = CARTESIAN_POINT ( 'NONE',  ( 10.89999999999999500, 1.000000000000000000, -9.999999999999978700 ) ) ;
#6946 = EDGE_LOOP ( 'NONE', ( #522, #2701, #2144, #5515 ) ) ;
#6947 = VECTOR ( 'NONE', #6254, 1000.000000000000000 ) ;
#6948 = DIRECTION ( 'NONE',  ( 0.0000000000000000000, -1.000000000000000000, 0.0000000000000000000 ) ) ;
#6949 =( NAMED_UNIT ( * ) PLANE_ANGLE_UNIT ( ) SI_UNIT ( $, .RADIAN. ) );
#6950 = CARTESIAN_POINT ( 'NONE',  ( -18.01407897551572600, 3.750000000000001300, 9.049999999999997200 ) ) ;
#6951 = ORIENTED_EDGE ( 'NONE', *, *, #338, .F. ) ;
#6952 = LINE ( 'NONE', #5566, #4740 ) ;
#6953 = ORIENTED_EDGE ( 'NONE', *, *, #3713, .F. ) ;
#6954 = CARTESIAN_POINT ( 'NONE',  ( -18.05000000000000400, 3.750000000000000000, -9.014078975515722900 ) ) ;
#6955 = ORIENTED_EDGE ( 'NONE', *, *, #6610, .F. ) ;
#6956 = ORIENTED_EDGE ( 'NONE', *, *, #3452, .T. ) ;
#6957 = PLANE ( 'NONE',  #2676 ) ;
#6958 = LINE ( 'NONE', #4651, #230 ) ;
#6959 = ADVANCED_FACE ( 'NONE', ( #1096 ), #6466, .F. ) ;
#6960 = EDGE_CURVE ( 'NONE', #4575, #129, #6934, .T. ) ;
#6961 = ORIENTED_EDGE ( 'NONE', *, *, #7240, .F. ) ;
#6962 = DIRECTION ( 'NONE',  ( 0.0000000000000000000, 0.0000000000000000000, 1.000000000000000000 ) ) ;
#6963 = VECTOR ( 'NONE', #1666, 1000.000000000000000 ) ;
#6965 = EDGE_CURVE ( 'NONE', #3582, #687, #7180, .T. ) ;
#6964 =( NAMED_UNIT ( * ) PLANE_ANGLE_UNIT ( ) SI_UNIT ( $, .RADIAN. ) );
#6966 = FACE_OUTER_BOUND ( 'NONE', #1561, .T. ) ;
#6967 = PLANE ( 'NONE',  #5048 ) ;
#6968 = VECTOR ( 'NONE', #1176, 1000.000000000000000 ) ;
#6969 = ORIENTED_EDGE ( 'NONE', *, *, #6051, .F. ) ;
#6970 = ORIENTED_EDGE ( 'NONE', *, *, #3303, .T. ) ;
#6971 = LINE ( 'NONE', #4359, #4083 ) ;
#6972 = CARTESIAN_POINT ( 'NONE',  ( 6.899999999999995000, 0.0000000000000000000, 9.999999999999982200 ) ) ;
#6973 = FACE_OUTER_BOUND ( 'NONE', #1790, .T. ) ;
#6974 = DIRECTION ( 'NONE',  ( 1.000000000000000000, -0.0000000000000000000, 9.637352644315598700E-016 ) ) ;
#6975 = PLANE ( 'NONE',  #6148 ) ;
#6976 = DIRECTION ( 'NONE',  ( 0.0000000000000000000, 0.0000000000000000000, -1.000000000000000000 ) ) ;
#6977 = EDGE_CURVE ( 'NONE', #791, #3669, #2292, .T. ) ;
#6978 = ORIENTED_EDGE ( 'NONE', *, *, #5750, .F. ) ;
#6979 = FACE_OUTER_BOUND ( 'NONE', #69, .T. ) ;
#6980 = PRODUCT_RELATED_PRODUCT_CATEGORY ( 'part', '', ( #7186 ) ) ;
#6981 = UNCERTAINTY_MEASURE_WITH_UNIT (LENGTH_MEASURE( 1.000000000000000100E-005 ), #6237, 'distance_accuracy_value', 'NONE');
#6982 = ORIENTED_EDGE ( 'NONE', *, *, #5846, .T. ) ;
#6983 = LINE ( 'NONE', #7017, #1939 ) ;
#6984 = DIRECTION ( 'NONE',  ( -1.369518533665900300E-016, 0.0000000000000000000, -1.000000000000000000 ) ) ;
#6985 = EDGE_LOOP ( 'NONE', ( #5559, #4352, #6526, #6804 ) ) ;
#6986 = DIRECTION ( 'NONE',  ( 0.0000000000000000000, -1.000000000000000000, 0.0000000000000000000 ) ) ;
#6987 = VECTOR ( 'NONE', #4694, 1000.000000000000000 ) ;
#6988 = CARTESIAN_POINT ( 'NONE',  ( 14.59999999999999400, 3.280350850198276100, -9.999999999999973400 ) ) ;
#6989 = ORIENTED_EDGE ( 'NONE', *, *, #967, .T. ) ;
#6990 = CARTESIAN_POINT ( 'NONE',  ( 9.099999999999996100, 0.0000000000000000000, 8.600000000000003200 ) ) ;
#6991 = ORIENTED_EDGE ( 'NONE', *, *, #4407, .F. ) ;
#6992 = CARTESIAN_POINT ( 'NONE',  ( -18.20000000000000300, 3.815628910804137200, -9.003369927380568100 ) ) ;
#6993 = ORIENTED_EDGE ( 'NONE', *, *, #6935, .T. ) ;
#6994 = EDGE_LOOP ( 'NONE', ( #1201, #5054, #1067, #716, #5910, #7116, #5632, #3509, #4328, #6991, #3286, #4470, #2695, #1149, #4325, #4623, #943, #4035, #6359, #4928, #551, #7004, #5334, #1287, #5627, #1812, #6487, #5063, #3309, #537, #5788, #1860, #6551, #1171, #4632, #2418, #3733, #6262, #6626, #891, #1853, #5810, #6742, #1451, #4597, #2094, #1132, #2852, #5316, #3988, #4319, #2874, #4446, #2876, #2366, #4223, #6072, #4170, #4972, #817, #6951, #4105, #2061, #2875, #6307, #5486, #5241, #2525 ) ) ;
#6995 = CARTESIAN_POINT ( 'NONE',  ( 9.099999999999996100, 0.0000000000000000000, 9.999999999999978700 ) ) ;
#6996 = VERTEX_POINT ( 'NONE', #2044 ) ;
#6997 = PLANE ( 'NONE',  #2603 ) ;
#6998 = VECTOR ( 'NONE', #2320, 1000.000000000000000 ) ;
#6999 = DIRECTION ( 'NONE',  ( -1.000000000000000000, 0.0000000000000000000, 0.0000000000000000000 ) ) ;
#7000 = VERTEX_POINT ( 'NONE', #1416 ) ;
#7001 = ORIENTED_EDGE ( 'NONE', *, *, #4989, .T. ) ;
#7002 = ADVANCED_FACE ( 'NONE', ( #6050 ), #5602, .F. ) ;
#7003 = CARTESIAN_POINT ( 'NONE',  ( -17.99271931701048300, 3.881279644678965500, -9.174395066257863700 ) ) ;
#7004 = ORIENTED_EDGE ( 'NONE', *, *, #2155, .F. ) ;
#7005 = DIRECTION ( 'NONE',  ( 0.0000000000000000000, 0.0000000000000000000, 1.000000000000000000 ) ) ;
#7006 = VECTOR ( 'NONE', #3090, 1000.000000000000000 ) ;
#7007 = ORIENTED_EDGE ( 'NONE', *, *, #219, .F. ) ;
#7008 = DIRECTION ( 'NONE',  ( -0.0000000000000000000, -0.0000000000000000000, 1.000000000000000000 ) ) ;
#7009 = EDGE_CURVE ( 'NONE', #2978, #5014, #3061, .T. ) ;
#7010 = CARTESIAN_POINT ( 'NONE',  ( 5.099999999999995200, 1.000000000000000000, 8.600000000000003200 ) ) ;
#7011 = VERTEX_POINT ( 'NONE', #5862 ) ;
#7012 = ORIENTED_EDGE ( 'NONE', *, *, #4186, .T. ) ;
#7013 = CARTESIAN_POINT ( 'NONE',  ( 6.899999999999995000, 0.0000000000000000000, -9.999999999999982200 ) ) ;
#7014 = CARTESIAN_POINT ( 'NONE',  ( 9.099999999999996100, 1.000000000000000000, -9.999999999999978700 ) ) ;
#7015 = CARTESIAN_POINT ( 'NONE',  ( -18.08049666469082000, 3.973056725902452500, -8.971359658505237500 ) ) ;
#7016 = LINE ( 'NONE', #6954, #382 ) ;
#7017 = CARTESIAN_POINT ( 'NONE',  ( 16.00000000000000700, 1.000000000000000000, 8.599999999999989000 ) ) ;
#7018 = EDGE_CURVE ( 'NONE', #798, #6653, #1962, .T. ) ;
#7019 = CARTESIAN_POINT ( 'NONE',  ( 14.89999999999999500, 0.0000000000000000000, 8.599999999999999600 ) ) ;
#7020 = EDGE_CURVE ( 'NONE', #2978, #2783, #5247, .T. ) ;
#7021 = CARTESIAN_POINT ( 'NONE',  ( 13.09999999999999600, 1.000000000000000000, -8.600000000000003200 ) ) ;
#7022 = CARTESIAN_POINT ( 'NONE',  ( 5.999999999999994700, 0.0000000000000000000, -9.999999999999982200 ) ) ;
#7023 = AXIS2_PLACEMENT_3D ( 'NONE', #3963, #6768, #649 ) ;
#7024 = SURFACE_SIDE_STYLE ('',( #5660 ) ) ;
#7025 = CARTESIAN_POINT ( 'NONE',  ( 9.399999999999995000, 3.280350850198276100, -9.999999999999978700 ) ) ;
#7026 = ORIENTED_EDGE ( 'NONE', *, *, #234, .F. ) ;
#7027 = VECTOR ( 'NONE', #4451, 1000.000000000000000 ) ;
#7028 = EDGE_CURVE ( 'NONE', #6891, #2092, #92, .T. ) ;
#7029 = CARTESIAN_POINT ( 'NONE',  ( 17.98926327678005100, 3.807619950957227100, -9.032621394875230100 ) ) ;
#7030 = VERTEX_POINT ( 'NONE', #7064 ) ;
#7031 = CARTESIAN_POINT ( 'NONE',  ( -6.900000000000004800, 3.280350850198276100, -9.999999999999994700 ) ) ;
#7032 = DIRECTION ( 'NONE',  ( -1.000000000000000000, -0.0000000000000000000, -0.0000000000000000000 ) ) ;
#7033 = VERTEX_POINT ( 'NONE', #3076 ) ;
#7034 = VECTOR ( 'NONE', #6059, 1000.000000000000000 ) ;
#7035 = CARTESIAN_POINT ( 'NONE',  ( 14.89999999999999500, 1.000000000000000000, -10.00000000000000200 ) ) ;
#7036 = FACE_OUTER_BOUND ( 'NONE', #5823, .T. ) ;
#7037 = ORIENTED_EDGE ( 'NONE', *, *, #4991, .F. ) ;
#7038 =( NAMED_UNIT ( * ) PLANE_ANGLE_UNIT ( ) SI_UNIT ( $, .RADIAN. ) );
#7039 = ORIENTED_EDGE ( 'NONE', *, *, #945, .F. ) ;
#7040 = VECTOR ( 'NONE', #6482, 1000.000000000000000 ) ;
#7041 = FACE_OUTER_BOUND ( 'NONE', #3843, .T. ) ;
#7042 = EDGE_CURVE ( 'NONE', #4412, #2766, #5692, .T. ) ;
#7043 = VECTOR ( 'NONE', #5378, 1000.000000000000000 ) ;
#7044 = VERTEX_POINT ( 'NONE', #7021 ) ;
#7045 = LINE ( 'NONE', #299, #4413 ) ;
#7046 = AXIS2_PLACEMENT_3D ( 'NONE', #1166, #6164, #2810 ) ;
#7047 = ORIENTED_EDGE ( 'NONE', *, *, #5221, .T. ) ;
#7048 = LINE ( 'NONE', #4819, #3715 ) ;
#7049 = PLANE ( 'NONE',  #6060 ) ;
#7050 = LINE ( 'NONE', #4923, #4765 ) ;
#7051 = CARTESIAN_POINT ( 'NONE',  ( 18.99999999999999600, 1.000000000000000000, -10.00000000000000200 ) ) ;
#7052 = CARTESIAN_POINT ( 'NONE',  ( 17.99267155438667800, 3.880696270714642200, -9.172842177522280600 ) ) ;
#7053 = ADVANCED_FACE ( 'NONE', ( #6759 ), #3778, .F. ) ;
#7054 = ORIENTED_EDGE ( 'NONE', *, *, #2071, .T. ) ;
#7055 = EDGE_CURVE ( 'NONE', #7030, #4190, #4115, .T. ) ;
#7056 = LINE ( 'NONE', #2786, #5744 ) ;
#7058 = EDGE_CURVE ( 'NONE', #3130, #2585, #4361, .T. ) ;
#7057 = CARTESIAN_POINT ( 'NONE',  ( -5.100000000000005900, 1.000000000000000900, 9.999999999999994700 ) ) ;
#7059 = DIRECTION ( 'NONE',  ( -0.0000000000000000000, -1.000000000000000000, -0.0000000000000000000 ) ) ;
#7060 = FACE_OUTER_BOUND ( 'NONE', #4627, .T. ) ;
#7061 = DIRECTION ( 'NONE',  ( -0.0000000000000000000, 0.0000000000000000000, 1.000000000000000000 ) ) ;
#7062 = ORIENTED_EDGE ( 'NONE', *, *, #4228, .F. ) ;
#7063 = VECTOR ( 'NONE', #5044, 1000.000000000000000 ) ;
#7064 = CARTESIAN_POINT ( 'NONE',  ( -18.20000000000001400, 0.9999999999999970000, 9.014078975515724700 ) ) ;
#7065 = CARTESIAN_POINT ( 'NONE',  ( 18.04439448253849000, 3.785156575059567300, -8.999557465268214400 ) ) ;
#7066 = VECTOR ( 'NONE', #1076, 1000.000000000000000 ) ;
#7067 = EDGE_CURVE ( 'NONE', #3302, #5018, #4276, .T. ) ;
#7068 = EDGE_LOOP ( 'NONE', ( #2276, #4825, #6816, #1535 ) ) ;
#7069 = ORIENTED_EDGE ( 'NONE', *, *, #5311, .F. ) ;
#7070 = ORIENTED_EDGE ( 'NONE', *, *, #1742, .T. ) ;
#7071 = DIRECTION ( 'NONE',  ( -0.0000000000000000000, -1.000000000000000000, -0.0000000000000000000 ) ) ;
#7072 = LINE ( 'NONE', #5997, #4698 ) ;
#7073 = ORIENTED_EDGE ( 'NONE', *, *, #6171, .T. ) ;
#7074 = DIRECTION ( 'NONE',  ( -1.000000000000000000, 0.0000000000000000000, 9.130123557772669600E-017 ) ) ;
#7075 = ORIENTED_EDGE ( 'NONE', *, *, #1102, .F. ) ;
#7076 = EDGE_LOOP ( 'NONE', ( #966, #1417, #1594, #2282 ) ) ;
#7077 = CARTESIAN_POINT ( 'NONE',  ( 18.01407897551571900, 3.750000000000004900, -9.199999999999997500 ) ) ;
#7078 = CARTESIAN_POINT ( 'NONE',  ( -1.100000000000005400, 0.0000000000000000000, 9.999999999999989300 ) ) ;
#7079 = AXIS2_PLACEMENT_3D ( 'NONE', #4715, #6976, #3613 ) ;
#7080 = ORIENTED_EDGE ( 'NONE', *, *, #3199, .T. ) ;
#7081 = CARTESIAN_POINT ( 'NONE',  ( -2.900000000000004800, 0.0000000000000000000, 8.600000000000003200 ) ) ;
#7082 = CARTESIAN_POINT ( 'NONE',  ( -2.900000000000004800, 4.000000000000000000, 8.600000000000003200 ) ) ;
#7083 = LINE ( 'NONE', #5955, #1257 ) ;
#7084 = ORIENTED_EDGE ( 'NONE', *, *, #6499, .F. ) ;
#7085 = CARTESIAN_POINT ( 'NONE',  ( 12.00000000000000900, 1.000000000000000000, 8.599999999999989000 ) ) ;
#7086 = CARTESIAN_POINT ( 'NONE',  ( 17.94999999999999600, 3.849999999999998800, -8.950000000000001100 ) ) ;
#7087 = CARTESIAN_POINT ( 'NONE',  ( -18.01407897551572600, 0.9999999999999965600, 9.050000000000013100 ) ) ;
#7088 = ORIENTED_EDGE ( 'NONE', *, *, #3866, .T. ) ;
#7089 = VECTOR ( 'NONE', #2096, 1000.000000000000000 ) ;
#7090 = CARTESIAN_POINT ( 'NONE',  ( 2.899999999999994600, 0.0000000000000000000, -9.999999999999985800 ) ) ;
#7091 = EDGE_CURVE ( 'NONE', #622, #4606, #4547, .T. ) ;
#7092 = EDGE_CURVE ( 'NONE', #5472, #1955, #5860, .T. ) ;
#7094 = ADVANCED_FACE ( 'NONE', ( #5421 ), #2130, .F. ) ;
#7093 = LINE ( 'NONE', #3422, #5607 ) ;
#7095 = CARTESIAN_POINT ( 'NONE',  ( 10.89999999999999500, 0.0000000000000000000, -9.999999999999978700 ) ) ;
#7096 = MECHANICAL_DESIGN_GEOMETRIC_PRESENTATION_REPRESENTATION (  '', ( #7245 ), #2116 ) ;
#7097 = CARTESIAN_POINT ( 'NONE',  ( -17.97584518250517100, 3.848484999999998800, -8.960705511048603400 ) ) ;
#7098 = DIRECTION ( 'NONE',  ( 4.991830750900645200E-031, -1.000000000000000000, 3.491481338843133000E-015 ) ) ;
#7099 = VECTOR ( 'NONE', #3790, 1000.000000000000000 ) ;
#7100 = MANIFOLD_SOLID_BREP ( 'Boss-Extrude2', #1832 ) ;
#7101 =( NAMED_UNIT ( * ) SI_UNIT ( $, .STERADIAN. ) SOLID_ANGLE_UNIT ( ) );
#7102 = CARTESIAN_POINT ( 'NONE',  ( 18.08127964467895800, 3.974395066257867500, -8.971359658505242900 ) ) ;
#7103 = CARTESIAN_POINT ( 'NONE',  ( 18.99999999999999600, 1.000000000000000000, 9.999999999999998200 ) ) ;
#7104 = EDGE_CURVE ( 'NONE', #5866, #3164, #2722, .T. ) ;
#7105 = CARTESIAN_POINT ( 'NONE',  ( 17.99696878016505900, 3.839108566751565600, -8.969810653091022000 ) ) ;
#7106 = EDGE_LOOP ( 'NONE', ( #6867, #1921, #606, #3826 ) ) ;
#7107 = FACE_OUTER_BOUND ( 'NONE', #2621, .T. ) ;
#7108 = ORIENTED_EDGE ( 'NONE', *, *, #1139, .T. ) ;
#7109 = CARTESIAN_POINT ( 'NONE',  ( 18.99999999999999600, 0.0000000000000000000, 9.999999999999998200 ) ) ;
#7110 = DIRECTION ( 'NONE',  ( -1.000000000000000000, 0.0000000000000000000, 9.130123557772669600E-017 ) ) ;
#7111 = AXIS2_PLACEMENT_3D ( 'NONE', #1277, #5172, #3562 ) ;
#7112 = ORIENTED_EDGE ( 'NONE', *, *, #292, .F. ) ;
#7113 = LINE ( 'NONE', #3906, #3967 ) ;
#7114 = DIRECTION ( 'NONE',  ( -0.0000000000000000000, -1.000000000000000000, 0.0000000000000000000 ) ) ;
#7115 = CARTESIAN_POINT ( 'NONE',  ( -1.100000000000005400, 0.0000000000000000000, 8.599999999999989000 ) ) ;
#7116 = ORIENTED_EDGE ( 'NONE', *, *, #1974, .F. ) ;
#7117 = ADVANCED_FACE ( 'NONE', ( #5509 ), #3735, .T. ) ;
#7118 = LINE ( 'NONE', #2639, #4584 ) ;
#7119 = CARTESIAN_POINT ( 'NONE',  ( 9.099999999999996100, 1.000000000000000000, 9.999999999999978700 ) ) ;
#7120 = VECTOR ( 'NONE', #6249, 1000.000000000000000 ) ;
#7121 = FACE_OUTER_BOUND ( 'NONE', #4345, .T. ) ;
#7122 = ORIENTED_EDGE ( 'NONE', *, *, #7243, .T. ) ;
#7123 = DIRECTION ( 'NONE',  ( 1.000000000000000000, 0.0000000000000000000, -0.0000000000000000000 ) ) ;
#7124 = CARTESIAN_POINT ( 'NONE',  ( 9.099999999999996100, 0.0000000000000000000, -8.600000000000003200 ) ) ;
#7125 = ORIENTED_EDGE ( 'NONE', *, *, #5834, .T. ) ;
#7126 = VECTOR ( 'NONE', #4192, 1000.000000000000000 ) ;
#7127 = ORIENTED_EDGE ( 'NONE', *, *, #2215, .F. ) ;
#7128 = DIRECTION ( 'NONE',  ( 0.0000000000000000000, 0.0000000000000000000, 1.000000000000000000 ) ) ;
#7129 = VECTOR ( 'NONE', #3326, 1000.000000000000000 ) ;
#7130 = ADVANCED_FACE ( 'NONE', ( #4889 ), #4900, .F. ) ;
#7131 = LINE ( 'NONE', #144, #4679 ) ;
#7132 = CARTESIAN_POINT ( 'NONE',  ( 14.89999999999999500, 1.000000000000000000, -9.999999999999973400 ) ) ;
#7133 = ORIENTED_EDGE ( 'NONE', *, *, #2215, .T. ) ;
#7134 = ORIENTED_EDGE ( 'NONE', *, *, #3681, .T. ) ;
#7135 = LINE ( 'NONE', #4998, #4681 ) ;
#7136 = EDGE_CURVE ( 'NONE', #885, #3350, #6579, .T. ) ;
#7137 = LINE ( 'NONE', #2310, #6361 ) ;
#7138 = SURFACE_STYLE_USAGE ( .BOTH. , #5443 ) ;
#7139 = DIRECTION ( 'NONE',  ( 0.0000000000000000000, 0.0000000000000000000, -1.000000000000000000 ) ) ;
#7140 = ORIENTED_EDGE ( 'NONE', *, *, #6285, .T. ) ;
#7141 = ADVANCED_FACE ( 'NONE', ( #6133 ), #6567, .F. ) ;
#7142 = DIRECTION ( 'NONE',  ( 0.0000000000000000000, 1.000000000000000000, 0.0000000000000000000 ) ) ;
#7143 = EDGE_LOOP ( 'NONE', ( #6773, #3907, #5262, #320 ) ) ;
#7144 = VECTOR ( 'NONE', #112, 1000.000000000000000 ) ;
#7145 = DIRECTION ( 'NONE',  ( -0.0000000000000000000, -1.000000000000000000, -0.0000000000000000000 ) ) ;
#7146 = CARTESIAN_POINT ( 'NONE',  ( 17.99271931701048300, 3.801407856088301800, -9.037870966602008900 ) ) ;
#7147 = CARTESIAN_POINT ( 'NONE',  ( 28.00000000000000000, 1.000000000000000000, 2.775557561562891400E-014 ) ) ;
#7148 = LINE ( 'NONE', #6673, #1323 ) ;
#7149 = ORIENTED_EDGE ( 'NONE', *, *, #2249, .F. ) ;
#7150 = EDGE_CURVE ( 'NONE', #1386, #5713, #3138, .T. ) ;
#7151 = CARTESIAN_POINT ( 'NONE',  ( -9.100000000000005000, 1.000000000000000000, -8.600000000000003200 ) ) ;
#7153 = EDGE_CURVE ( 'NONE', #4393, #3102, #6752, .T. ) ;
#7152 = CARTESIAN_POINT ( 'NONE',  ( -10.90000000000000600, 1.000000000000000000, 8.600000000000003200 ) ) ;
#7154 = EDGE_LOOP ( 'NONE', ( #5159, #3858, #5859, #1230 ) ) ;
#7155 = VECTOR ( 'NONE', #3176, 1000.000000000000000 ) ;
#7156 = DIRECTION ( 'NONE',  ( -1.000000000000000000, 0.0000000000000000000, 0.0000000000000000000 ) ) ;
#7157 = PRESENTATION_LAYER_ASSIGNMENT (  '', '', ( #2296 ) ) ;
#7158 = VERTEX_POINT ( 'NONE', #4820 ) ;
#7159 = PLANE ( 'NONE',  #7196 ) ;
#7160 = DIRECTION ( 'NONE',  ( -1.000000000000000000, 0.0000000000000000000, 1.369518533665900300E-016 ) ) ;
#7161 = DIRECTION ( 'NONE',  ( 0.0000000000000000000, 0.0000000000000000000, -1.000000000000000000 ) ) ;
#7162 = ORIENTED_EDGE ( 'NONE', *, *, #6659, .T. ) ;
#7163 = ORIENTED_EDGE ( 'NONE', *, *, #1799, .F. ) ;
#7164 = DIRECTION ( 'NONE',  ( -1.000000000000000000, 0.0000000000000000000, 9.637352644315598700E-016 ) ) ;
#7165 = DIRECTION ( 'NONE',  ( 0.0000000000000000000, 0.0000000000000000000, 1.000000000000000000 ) ) ;
#7166 = ORIENTED_EDGE ( 'NONE', *, *, #2384, .F. ) ;
#7167 = VERTEX_POINT ( 'NONE', #1563 ) ;
#7168 = PLANE ( 'NONE',  #3847 ) ;
#7169 = EDGE_CURVE ( 'NONE', #5317, #3130, #5065, .T. ) ;
#7170 = FACE_OUTER_BOUND ( 'NONE', #6835, .T. ) ;
#7171 = CARTESIAN_POINT ( 'NONE',  ( 10.89999999999999500, 0.0000000000000000000, -10.00000000000000200 ) ) ;
#7172 = EDGE_LOOP ( 'NONE', ( #6911, #3484, #883, #4823, #1493, #3918 ) ) ;
#7173 = ORIENTED_EDGE ( 'NONE', *, *, #1608, .F. ) ;
#7174 = CARTESIAN_POINT ( 'NONE',  ( 5.099999999999995200, 0.0000000000000000000, -10.00000000000000200 ) ) ;
#7175 = DIRECTION ( 'NONE',  ( 1.000000000000000000, -0.0000000000000000000, 9.637352644315598700E-016 ) ) ;
#7176 = ADVANCED_FACE ( 'NONE', ( #365 ), #39, .T. ) ;
#7177 = CARTESIAN_POINT ( 'NONE',  ( -13.10000000000000500, 3.280350850198276100, -10.00000000000000200 ) ) ;
#7178 = DIRECTION ( 'NONE',  ( 0.0000000000000000000, -1.000000000000000000, 0.0000000000000000000 ) ) ;
#7179 = ORIENTED_EDGE ( 'NONE', *, *, #5513, .T. ) ;
#7180 = LINE ( 'NONE', #4235, #465 ) ;
#7181 = CARTESIAN_POINT ( 'NONE',  ( -9.400000000000005700, 1.000000000000000900, 9.999999999999998200 ) ) ;
#7182 = ORIENTED_EDGE ( 'NONE', *, *, #4797, .T. ) ;
#7183 = CARTESIAN_POINT ( 'NONE',  ( 2.899999999999994600, 0.0000000000000000000, -8.600000000000003200 ) ) ;
#7184 = CARTESIAN_POINT ( 'NONE',  ( 2.899999999999994600, 1.000000000000000000, -10.00000000000000200 ) ) ;
#7185 = ORIENTED_EDGE ( 'NONE', *, *, #5651, .F. ) ;
#7186 = PRODUCT ( 'LoRa1262F30', 'LoRa1262F30', '', ( #5170 ) ) ;
#7187 = ORIENTED_EDGE ( 'NONE', *, *, #5640, .T. ) ;
#7188 = DIRECTION ( 'NONE',  ( -0.0000000000000000000, -1.000000000000000000, -0.0000000000000000000 ) ) ;
#7189 = DIRECTION ( 'NONE',  ( 4.765723835101052200E-017, -1.000000000000000000, -3.652049423109063300E-015 ) ) ;
#7190 = CARTESIAN_POINT ( 'NONE',  ( 5.099999999999995200, 3.280350850198276100, -9.999999999999982200 ) ) ;
#7191 = DIRECTION ( 'NONE',  ( 1.239088197126290900E-015, 0.0000000000000000000, -1.000000000000000000 ) ) ;
#7192 = ADVANCED_FACE ( 'NONE', ( #276 ), #2826, .F. ) ;
#7193 = EDGE_CURVE ( 'NONE', #3799, #1829, #5778, .T. ) ;
#7194 = VECTOR ( 'NONE', #7200, 1000.000000000000000 ) ;
#7195 = CARTESIAN_POINT ( 'NONE',  ( 5.099999999999995200, 1.000000000000000000, 9.999999999999982200 ) ) ;
#7196 = AXIS2_PLACEMENT_3D ( 'NONE', #3801, #4919, #6535 ) ;
#7197 = ORIENTED_EDGE ( 'NONE', *, *, #2904, .T. ) ;
#7198 = DIRECTION ( 'NONE',  ( -0.0000000000000000000, 1.000000000000000000, 1.734723475976847800E-014 ) ) ;
#7199 = VECTOR ( 'NONE', #133, 1000.000000000000000 ) ;
#7200 = DIRECTION ( 'NONE',  ( 0.0000000000000000000, 0.0000000000000000000, -1.000000000000000000 ) ) ;
#7201 = EDGE_CURVE ( 'NONE', #1809, #775, #4800, .T. ) ;
#7202 = EDGE_CURVE ( 'NONE', #2113, #2362, #1699, .T. ) ;
#7203 = PLANE ( 'NONE',  #6026 ) ;
#7204 = DIRECTION ( 'NONE',  ( 0.0000000000000000000, -1.000000000000000000, 0.0000000000000000000 ) ) ;
#7205 = PLANE ( 'NONE',  #3446 ) ;
#7206 = STYLED_ITEM ( 'NONE', ( #2917 ), #5346 ) ;
#7207 = LINE ( 'NONE', #4697, #571 ) ;
#7208 = MANIFOLD_SOLID_BREP ( 'Mirror2[2]', #6717 ) ;
#7209 = DIRECTION ( 'NONE',  ( -1.000000000000000000, 0.0000000000000000000, 9.637352644315598700E-016 ) ) ;
#7210 = ORIENTED_EDGE ( 'NONE', *, *, #324, .F. ) ;
#7211 = DIRECTION ( 'NONE',  ( 1.000000000000000000, 0.0000000000000000000, 0.0000000000000000000 ) ) ;
#7212 = EDGE_CURVE ( 'NONE', #4664, #6649, #5597, .T. ) ;
#7213 = CARTESIAN_POINT ( 'NONE',  ( 18.99999999999999600, 1.000000000000000000, -10.00000000000000200 ) ) ;
#7214 = ADVANCED_FACE ( 'NONE', ( #825 ), #1734, .T. ) ;
#7215 = ORIENTED_EDGE ( 'NONE', *, *, #2332, .T. ) ;
#7216 = PLANE ( 'NONE',  #6517 ) ;
#7217 = PRESENTATION_STYLE_ASSIGNMENT (( #7138 ) ) ;
#7218 = VECTOR ( 'NONE', #411, 1000.000000000000000 ) ;
#7219 = CARTESIAN_POINT ( 'NONE',  ( -18.01407897551572600, 3.999999999999998200, 8.950000000000004600 ) ) ;
#7220 = CARTESIAN_POINT ( 'NONE',  ( -17.99271931701048300, 3.802198665876328000, -9.039222690360979600 ) ) ;
#7221 = EDGE_LOOP ( 'NONE', ( #5847, #7140, #6003, #468 ) ) ;
#7222 = AXIS2_PLACEMENT_3D ( 'NONE', #7082, #478, #3150 ) ;
#7223 = ORIENTED_EDGE ( 'NONE', *, *, #4054, .F. ) ;
#7224 = VECTOR ( 'NONE', #6725, 1000.000000000000000 ) ;
#7225 = VECTOR ( 'NONE', #6494, 1000.000000000000000 ) ;
#7226 = DIRECTION ( 'NONE',  ( -0.0000000000000000000, -0.0000000000000000000, 1.000000000000000000 ) ) ;
#7227 = ORIENTED_EDGE ( 'NONE', *, *, #6066, .T. ) ;
#7228 = ORIENTED_EDGE ( 'NONE', *, *, #3632, .T. ) ;
#7229 = VECTOR ( 'NONE', #3089, 1000.000000000000000 ) ;
#7230 = CARTESIAN_POINT ( 'NONE',  ( 9.399999999999995000, 0.0000000000000000000, -9.999999999999978700 ) ) ;
#7231 = LINE ( 'NONE', #5021, #2004 ) ;
#7232 = CARTESIAN_POINT ( 'NONE',  ( -17.96209845462368900, 3.849999999999998800, 8.954935436659642500 ) ) ;
#7233 = ORIENTED_EDGE ( 'NONE', *, *, #6839, .T. ) ;
#7234 = VECTOR ( 'NONE', #6047, 1000.000000000000000 ) ;
#7235 = FILL_AREA_STYLE ('',( #4976 ) ) ;
#7236 = CARTESIAN_POINT ( 'NONE',  ( 5.099999999999995200, 0.0000000000000000000, 9.999999999999982200 ) ) ;
#7237 = LINE ( 'NONE', #4123, #2355 ) ;
#7238 = ORIENTED_EDGE ( 'NONE', *, *, #2738, .T. ) ;
#7239 = ORIENTED_EDGE ( 'NONE', *, *, #4277, .F. ) ;
#7240 = EDGE_CURVE ( 'NONE', #5140, #6110, #6308, .T. ) ;
#7241 = ORIENTED_EDGE ( 'NONE', *, *, #3342, .F. ) ;
#7242 = DIRECTION ( 'NONE',  ( 0.0000000000000000000, 0.0000000000000000000, 1.000000000000000000 ) ) ;
#7243 = EDGE_CURVE ( 'NONE', #5807, #2077, #4495, .T. ) ;
#7244 = VECTOR ( 'NONE', #4937, 1000.000000000000000 ) ;
#7245 = STYLED_ITEM ( 'NONE', ( #7217 ), #5227 ) ;
#7246 = CARTESIAN_POINT ( 'NONE',  ( -2.900000000000004800, 1.000000000000000000, 8.600000000000003200 ) ) ;
#7247 = ORIENTED_EDGE ( 'NONE', *, *, #2648, .T. ) ;
#7248 = ORIENTED_EDGE ( 'NONE', *, *, #7055, .T. ) ;
#7249 = ADVANCED_FACE ( 'NONE', ( #4269 ), #5049, .F. ) ;
#7250 = DIRECTION ( 'NONE',  ( -1.239088197126290900E-015, 0.0000000000000000000, -1.000000000000000000 ) ) ;
#7251 = ADVANCED_FACE ( 'NONE', ( #5415 ), #6665, .T. ) ;
#7252 = LINE ( 'NONE', #1000, #4526 ) ;
#7253 = EDGE_CURVE ( 'NONE', #24, #5142, #2122, .T. ) ;
#7254 = EDGE_LOOP ( 'NONE', ( #1768, #6470, #2247, #2063, #1929, #2234 ) ) ;
#7255 = DIRECTION ( 'NONE',  ( 0.0000000000000000000, 0.0000000000000000000, 1.000000000000000000 ) ) ;
#7256 = ORIENTED_EDGE ( 'NONE', *, *, #7253, .F. ) ;
#7257 = ORIENTED_EDGE ( 'NONE', *, *, #338, .T. ) ;
#7258 = AXIS2_PLACEMENT_3D ( 'NONE', #4463, #1071, #23 ) ;
#7259 = CARTESIAN_POINT ( 'NONE',  ( -5.100000000000007600, 0.0000000000000000000, -10.00000000000000200 ) ) ;
#7260 = DIRECTION ( 'NONE',  ( -0.0000000000000000000, -1.000000000000000000, -0.0000000000000000000 ) ) ;
#7261 = DIRECTION ( 'NONE',  ( -3.327887167267096500E-031, -1.000000000000000000, -3.491481338843133000E-015 ) ) ;
#7262 = DIRECTION ( 'NONE',  ( 0.0000000000000000000, 0.0000000000000000000, -1.000000000000000000 ) ) ;
#7263 =( LENGTH_UNIT ( ) NAMED_UNIT ( * ) SI_UNIT ( .MILLI., .METRE. ) );
ENDSEC;
END-ISO-10303-21;
