ISO-10303-21;
HEADER;
FILE_DESCRIPTION (( 'STEP AP214' ),
    '1' );
FILE_NAME ('MSP430I2030TRHBT.STEP',
    '2023-10-12T06:03:48',
    ( '' ),
    ( '' ),
    'SwSTEP 2.0',
    'SolidWorks 2021',
    '' );
FILE_SCHEMA (( 'AUTOMOTIVE_DESIGN' ));
ENDSEC;

DATA;
#1 = VECTOR ( 'NONE', #10177, 1000.000000000000000 ) ;
#2 = ADVANCED_FACE ( 'NONE', ( #10423 ), #2852, .F. ) ;
#3 = EDGE_CURVE ( 'NONE', #8560, #3499, #353, .T. ) ;
#4 = EDGE_CURVE ( 'NONE', #1575, #7273, #5403, .T. ) ;
#5 = DIRECTION ( 'NONE',  ( 0.000000000000000000, 0.000000000000000000, -1.000000000000000000 ) ) ;
#6 = ORIENTED_EDGE ( 'NONE', *, *, #7730, .T. ) ;
#7 = ORIENTED_EDGE ( 'NONE', *, *, #7805, .F. ) ;
#8 = DIRECTION ( 'NONE',  ( -0.000000000000000000, -1.000000000000000000, -0.000000000000000000 ) ) ;
#9 = AXIS2_PLACEMENT_3D ( 'NONE', #8834, #8007, #1190 ) ;
#10 = LINE ( 'NONE', #7825, #5188 ) ;
#11 = DIRECTION ( 'NONE',  ( 1.000000000000000000, 0.000000000000000000, 0.000000000000000000 ) ) ;
#12 = CARTESIAN_POINT ( 'NONE',  ( -0.1249999999999992506, 0.2000000000000000111, 2.225000000000000977 ) ) ;
#13 = ADVANCED_FACE ( 'NONE', ( #4566 ), #10474, .T. ) ;
#14 = CARTESIAN_POINT ( 'NONE',  ( 0.000000000000000000, 0.05000000000000000278, -0.6249999999999998890 ) ) ;
#15 = DIRECTION ( 'NONE',  ( 0.000000000000000000, -0.000000000000000000, 1.000000000000000000 ) ) ;
#16 = ORIENTED_EDGE ( 'NONE', *, *, #7369, .F. ) ;
#17 = ORIENTED_EDGE ( 'NONE', *, *, #2174, .F. ) ;
#18 = VERTEX_POINT ( 'NONE', #3374 ) ;
#19 = VERTEX_POINT ( 'NONE', #3266 ) ;
#20 = LINE ( 'NONE', #4017, #473 ) ;
#21 = PLANE ( 'NONE',  #10369 ) ;
#22 = FACE_OUTER_BOUND ( 'NONE', #3187, .T. ) ;
#23 = ADVANCED_FACE ( 'NONE', ( #6752 ), #2484, .T. ) ;
#24 = DIRECTION ( 'NONE',  ( 0.000000000000000000, 0.000000000000000000, -1.000000000000000000 ) ) ;
#25 = ORIENTED_EDGE ( 'NONE', *, *, #8037, .F. ) ;
#26 = ORIENTED_EDGE ( 'NONE', *, *, #7802, .F. ) ;
#27 = AXIS2_PLACEMENT_3D ( 'NONE', #507, #2223, #10617 ) ;
#29 = ORIENTED_EDGE ( 'NONE', *, *, #8971, .F. ) ;
#28 = SURFACE_SIDE_STYLE ('',( #10763 ) ) ;
#30 = CARTESIAN_POINT ( 'NONE',  ( 2.225000000000000533, 0.1999999999999999833, 1.125000000000000222 ) ) ;
#31 = CARTESIAN_POINT ( 'NONE',  ( -1.749999999999999334, 0.2000000000000000111, -2.225000000000000977 ) ) ;
#33 = VERTEX_POINT ( 'NONE', #10122 ) ;
#32 = CARTESIAN_POINT ( 'NONE',  ( 1.750000000000000666, 0.2000000000000000111, 2.100000000000000533 ) ) ;
#34 = LINE ( 'NONE', #4965, #9842 ) ;
#35 = FACE_OUTER_BOUND ( 'NONE', #9891, .T. ) ;
#36 = EDGE_CURVE ( 'NONE', #3362, #562, #9242, .T. ) ;
#37 = VECTOR ( 'NONE', #498, 1000.000000000000000 ) ;
#38 = VECTOR ( 'NONE', #10453, 1000.000000000000000 ) ;
#39 = CARTESIAN_POINT ( 'NONE',  ( 1.125000000000001332, 0.2000000000000000111, 2.500000000000001332 ) ) ;
#40 = FACE_OUTER_BOUND ( 'NONE', #4243, .T. ) ;
#41 = PLANE ( 'NONE',  #2258 ) ;
#43 = ORIENTED_EDGE ( 'NONE', *, *, #10622, .T. ) ;
#42 = CARTESIAN_POINT ( 'NONE',  ( 2.500000000000000888, 0.1999999999999999833, 1.375000000000000222 ) ) ;
#44 = CARTESIAN_POINT ( 'NONE',  ( -2.225000000000000533, 0.6716990566028309129, -1.375000000000000000 ) ) ;
#45 = ORIENTED_EDGE ( 'NONE', *, *, #7753, .F. ) ;
#46 = ORIENTED_EDGE ( 'NONE', *, *, #4072, .F. ) ;
#47 = CARTESIAN_POINT ( 'NONE',  ( 1.875000000000000888, 0.04999999999999969746, -2.500000000000000444 ) ) ;
#48 = AXIS2_PLACEMENT_3D ( 'NONE', #188, #961, #8500 ) ;
#49 = EDGE_LOOP ( 'NONE', ( #3063, #4186, #7810, #8200 ) ) ;
#50 = CARTESIAN_POINT ( 'NONE',  ( 1.125000000000000666, 0.6716990566028311349, -2.225000000000000977 ) ) ;
#51 = VECTOR ( 'NONE', #5305, 1000.000000000000000 ) ;
#52 = ADVANCED_FACE ( 'NONE', ( #8466 ), #871, .F. ) ;
#53 = AXIS2_PLACEMENT_3D ( 'NONE', #10116, #2530, #10621 ) ;
#54 = VECTOR ( 'NONE', #9721, 1000.000000000000000 ) ;
#55 = CIRCLE ( 'NONE', #10651, 0.1250000000000000000 ) ;
#56 = CARTESIAN_POINT ( 'NONE',  ( 0.7500000000000006661, 0.2000000000000000111, -2.225000000000000977 ) ) ;
#57 = ORIENTED_EDGE ( 'NONE', *, *, #1186, .F. ) ;
#58 = ORIENTED_EDGE ( 'NONE', *, *, #6713, .F. ) ;
#59 = UNCERTAINTY_MEASURE_WITH_UNIT (LENGTH_MEASURE( 1.000000000000000082E-05 ), #7409, 'distance_accuracy_value', 'NONE');
#60 = FACE_OUTER_BOUND ( 'NONE', #10589, .T. ) ;
#61 = PRESENTATION_LAYER_ASSIGNMENT (  '', '', ( #1308 ) ) ;
#62 = CLOSED_SHELL ( 'NONE', ( #421, #10028, #4214, #6338, #1231, #779, #9841 ) ) ;
#63 = LINE ( 'NONE', #6772, #9964 ) ;
#64 = CARTESIAN_POINT ( 'NONE',  ( 0.1250000000000007494, 0.000000000000000000, -2.500000000000000444 ) ) ;
#65 = VECTOR ( 'NONE', #7120, 1000.000000000000000 ) ;
#66 = ADVANCED_FACE ( 'NONE', ( #7639 ), #8247, .F. ) ;
#67 = CARTESIAN_POINT ( 'NONE',  ( -1.749999999999999334, 0.1999999999999999833, -2.225000000000000977 ) ) ;
#68 = ADVANCED_FACE ( 'NONE', ( #5919 ), #1656, .F. ) ;
#69 = EDGE_CURVE ( 'NONE', #3693, #2477, #6537, .T. ) ;
#70 = EDGE_CURVE ( 'NONE', #2159, #6758, #2326, .T. ) ;
#71 = AXIS2_PLACEMENT_3D ( 'NONE', #5788, #5679, #4119 ) ;
#72 = PLANE ( 'NONE',  #1022 ) ;
#73 = ORIENTED_EDGE ( 'NONE', *, *, #572, .T. ) ;
#74 = VERTEX_POINT ( 'NONE', #1601 ) ;
#75 = LINE ( 'NONE', #1012, #1484 ) ;
#76 = ORIENTED_EDGE ( 'NONE', *, *, #8035, .F. ) ;
#77 = FILL_AREA_STYLE_COLOUR ( '', #5176 ) ;
#78 = DIRECTION ( 'NONE',  ( 0.000000000000000000, 0.000000000000000000, -1.000000000000000000 ) ) ;
#79 = CARTESIAN_POINT ( 'NONE',  ( 1.125000000000001332, 0.6716990566028311349, 2.500000000000001332 ) ) ;
#80 = DIRECTION ( 'NONE',  ( -0.000000000000000000, 0.000000000000000000, -1.000000000000000000 ) ) ;
#81 = EDGE_CURVE ( 'NONE', #9418, #3693, #4922, .T. ) ;
#82 = ADVANCED_FACE ( 'NONE', ( #5863 ), #4202, .T. ) ;
#83 = CARTESIAN_POINT ( 'NONE',  ( 0.2500000000000006661, 0.2000000000000000111, 2.225000000000000977 ) ) ;
#84 = LINE ( 'NONE', #7681, #8317 ) ;
#85 = ORIENTED_EDGE ( 'NONE', *, *, #10895, .F. ) ;
#86 = ORIENTED_EDGE ( 'NONE', *, *, #695, .F. ) ;
#87 = CIRCLE ( 'NONE', #7708, 0.1250000000000001110 ) ;
#88 = VERTEX_POINT ( 'NONE', #4254 ) ;
#89 = DIRECTION ( 'NONE',  ( 0.000000000000000000, -0.000000000000000000, 1.000000000000000000 ) ) ;
#90 = DIRECTION ( 'NONE',  ( -0.000000000000000000, -1.000000000000000000, 0.000000000000000000 ) ) ;
#92 = ORIENTED_EDGE ( 'NONE', *, *, #2924, .F. ) ;
#91 = CARTESIAN_POINT ( 'NONE',  ( -1.749999999999999334, 0.2000000000000000111, -2.225000000000000977 ) ) ;
#93 = CARTESIAN_POINT ( 'NONE',  ( 1.750000000000000666, 0.000000000000000000, 2.225000000000000977 ) ) ;
#94 = CARTESIAN_POINT ( 'NONE',  ( -2.225000000000000533, 0.6716990566028309129, -1.375000000000000000 ) ) ;
#95 = COLOUR_RGB ( '',0.7921568627450980005, 0.8196078431372548767, 0.9333333333333333481 ) ;
#96 = DIRECTION ( 'NONE',  ( 0.000000000000000000, -1.000000000000000000, 0.000000000000000000 ) ) ;
#97 = EDGE_CURVE ( 'NONE', #5844, #1373, #9085, .T. ) ;
#98 = CARTESIAN_POINT ( 'NONE',  ( -2.225000000000000533, 0.1999999999999999833, 1.375000000000000222 ) ) ;
#99 = ADVANCED_FACE ( 'NONE', ( #8409 ), #4859, .T. ) ;
#100 = FACE_OUTER_BOUND ( 'NONE', #8295, .T. ) ;
#102 = EDGE_LOOP ( 'NONE', ( #5820, #9292, #180, #10611 ) ) ;
#101 = LINE ( 'NONE', #9577, #4438 ) ;
#103 = LINE ( 'NONE', #1149, #5959 ) ;
#104 = ORIENTED_EDGE ( 'NONE', *, *, #10022, .T. ) ;
#105 = EDGE_LOOP ( 'NONE', ( #6391, #4737, #5786, #4515 ) ) ;
#106 = CARTESIAN_POINT ( 'NONE',  ( 1.250000000000000666, 0.1999999999999999833, 2.225000000000000977 ) ) ;
#107 = EDGE_LOOP ( 'NONE', ( #6761, #9583, #10571, #10554 ) ) ;
#108 = FILL_AREA_STYLE_COLOUR ( '', #8069 ) ;
#109 = VECTOR ( 'NONE', #6359, 1000.000000000000000 ) ;
#110 = EDGE_CURVE ( 'NONE', #5389, #1552, #7425, .T. ) ;
#111 = AXIS2_PLACEMENT_3D ( 'NONE', #7249, #2920, #9677 ) ;
#112 = CARTESIAN_POINT ( 'NONE',  ( -2.225000000000000533, 0.6716990566028309129, 1.375000000000000222 ) ) ;
#113 = EDGE_LOOP ( 'NONE', ( #10154, #2636, #4764, #2404 ) ) ;
#114 = ORIENTED_EDGE ( 'NONE', *, *, #5112, .T. ) ;
#115 = CARTESIAN_POINT ( 'NONE',  ( -2.225000000000000533, 0.6716990566028309129, -1.375000000000000444 ) ) ;
#116 = DIRECTION ( 'NONE',  ( 0.000000000000000000, 1.000000000000000000, 0.000000000000000000 ) ) ;
#117 = LINE ( 'NONE', #5105, #7748 ) ;
#118 = VECTOR ( 'NONE', #4729, 1000.000000000000000 ) ;
#119 = DIRECTION ( 'NONE',  ( -0.000000000000000000, -1.000000000000000000, 0.000000000000000000 ) ) ;
#120 = VECTOR ( 'NONE', #5924, 1000.000000000000000 ) ;
#121 = AXIS2_PLACEMENT_3D ( 'NONE', #4619, #10629, #10477 ) ;
#122 = VECTOR ( 'NONE', #8652, 1000.000000000000000 ) ;
#123 = VECTOR ( 'NONE', #2503, 1000.000000000000000 ) ;
#124 = CARTESIAN_POINT ( 'NONE',  ( 1.750000000000000666, 0.6716990566028311349, -2.225000000000000977 ) ) ;
#125 = EDGE_LOOP ( 'NONE', ( #5300, #804, #1492, #10681 ) ) ;
#126 = ORIENTED_EDGE ( 'NONE', *, *, #5434, .T. ) ;
#127 = DIRECTION ( 'NONE',  ( 0.000000000000000000, -1.000000000000000000, 0.000000000000000000 ) ) ;
#128 = AXIS2_PLACEMENT_3D ( 'NONE', #433, #7361, #2267 ) ;
#129 = DIRECTION ( 'NONE',  ( 0.000000000000000000, 0.000000000000000000, 1.000000000000000000 ) ) ;
#130 = VECTOR ( 'NONE', #7502, 1000.000000000000000 ) ;
#131 = EDGE_LOOP ( 'NONE', ( #7563, #9261, #7669, #7149, #1430 ) ) ;
#132 = PLANE ( 'NONE',  #2541 ) ;
#133 = CARTESIAN_POINT ( 'NONE',  ( 0.2500000000000006661, 0.2000000000000000111, -2.225000000000000977 ) ) ;
#134 = DIRECTION ( 'NONE',  ( 0.000000000000000000, -0.000000000000000000, 1.000000000000000000 ) ) ;
#135 = CARTESIAN_POINT ( 'NONE',  ( 2.225000000000000533, 0.1999999999999999833, -0.3749999999999998890 ) ) ;
#136 = AXIS2_PLACEMENT_3D ( 'NONE', #8664, #1071, #137 ) ;
#137 = DIRECTION ( 'NONE',  ( 0.000000000000000000, 0.000000000000000000, -1.000000000000000000 ) ) ;
#138 = VECTOR ( 'NONE', #8208, 1000.000000000000000 ) ;
#139 = DIRECTION ( 'NONE',  ( 0.000000000000000000, -1.000000000000000000, 0.000000000000000000 ) ) ;
#140 = EDGE_CURVE ( 'NONE', #1641, #5631, #5814, .T. ) ;
#141 = EDGE_LOOP ( 'NONE', ( #7823, #1933, #7232, #3248 ) ) ;
#142 = EDGE_LOOP ( 'NONE', ( #2687, #6265, #10658, #3545 ) ) ;
#143 = EDGE_CURVE ( 'NONE', #8426, #7770, #10062, .T. ) ;
#144 = EDGE_CURVE ( 'NONE', #10414, #541, #4090, .T. ) ;
#145 = ORIENTED_EDGE ( 'NONE', *, *, #5081, .T. ) ;
#146 = EDGE_CURVE ( 'NONE', #2064, #2736, #8682, .T. ) ;
#147 = DIRECTION ( 'NONE',  ( 0.000000000000000000, 0.000000000000000000, -1.000000000000000000 ) ) ;
#148 = CARTESIAN_POINT ( 'NONE',  ( -2.225000000000000533, 0.000000000000000000, 0.3750000000000001110 ) ) ;
#150 = VERTEX_POINT ( 'NONE', #1089 ) ;
#149 = DIRECTION ( 'NONE',  ( 1.000000000000000000, -0.000000000000000000, 0.000000000000000000 ) ) ;
#151 = CARTESIAN_POINT ( 'NONE',  ( -2.500000000000000888, 0.1999999999999999833, -1.874999999999999778 ) ) ;
#152 = CARTESIAN_POINT ( 'NONE',  ( 0.8750000000000014433, 0.2000000000000005107, 2.500000000000000000 ) ) ;
#153 = DIRECTION ( 'NONE',  ( 0.000000000000000000, -1.000000000000000000, 0.000000000000000000 ) ) ;
#154 = EDGE_CURVE ( 'NONE', #1040, #10642, #9408, .T. ) ;
#155 = DIRECTION ( 'NONE',  ( 0.000000000000000000, 1.000000000000000000, 0.000000000000000000 ) ) ;
#156 = DIRECTION ( 'NONE',  ( 0.000000000000000000, 0.000000000000000000, -1.000000000000000000 ) ) ;
#158 = ORIENTED_EDGE ( 'NONE', *, *, #3534, .F. ) ;
#157 = CARTESIAN_POINT ( 'NONE',  ( -2.225000000000000533, 0.000000000000000000, 0.2499999999999997780 ) ) ;
#159 = CARTESIAN_POINT ( 'NONE',  ( 1.625000000000001332, 0.000000000000000000, 2.500000000000001332 ) ) ;
#160 = EDGE_LOOP ( 'NONE', ( #7848, #954, #7924, #1533 ) ) ;
#161 = ORIENTED_EDGE ( 'NONE', *, *, #3201, .F. ) ;
#162 = PLANE ( 'NONE',  #2003 ) ;
#163 = VERTEX_POINT ( 'NONE', #9521 ) ;
#164 = DIRECTION ( 'NONE',  ( 1.000000000000000000, 0.000000000000000000, -0.000000000000000000 ) ) ;
#165 = CARTESIAN_POINT ( 'NONE',  ( -0.1249999999999985983, 0.1999999999999999833, 2.500000000000000444 ) ) ;
#166 = EDGE_CURVE ( 'NONE', #8475, #2033, #3535, .T. ) ;
#167 = ORIENTED_EDGE ( 'NONE', *, *, #1046, .F. ) ;
#168 = CARTESIAN_POINT ( 'NONE',  ( -1.624999999999999334, 0.2000000000000000111, 2.225000000000000977 ) ) ;
#169 = ORIENTED_EDGE ( 'NONE', *, *, #9544, .F. ) ;
#170 = ORIENTED_EDGE ( 'NONE', *, *, #9423, .T. ) ;
#171 = DIRECTION ( 'NONE',  ( 2.365532012695641878E-15, -0.000000000000000000, 1.000000000000000000 ) ) ;
#172 = CARTESIAN_POINT ( 'NONE',  ( -2.500000000000000888, 0.000000000000000000, -0.1249999999999998890 ) ) ;
#173 = LINE ( 'NONE', #1791, #122 ) ;
#174 = AXIS2_PLACEMENT_3D ( 'NONE', #10760, #2523, #7576 ) ;
#175 = CARTESIAN_POINT ( 'NONE',  ( 0.8750000000000007772, 0.1999999999999999833, -2.500000000000000444 ) ) ;
#176 = EDGE_CURVE ( 'NONE', #8917, #2596, #1821, .T. ) ;
#177 = EDGE_CURVE ( 'NONE', #5963, #10346, #5132, .T. ) ;
#178 = AXIS2_PLACEMENT_3D ( 'NONE', #2004, #4229, #10458 ) ;
#179 = DIRECTION ( 'NONE',  ( 0.000000000000000000, -1.000000000000000000, 0.000000000000000000 ) ) ;
#180 = ORIENTED_EDGE ( 'NONE', *, *, #6287, .T. ) ;
#181 = ORIENTED_EDGE ( 'NONE', *, *, #3871, .T. ) ;
#182 = PLANE ( 'NONE',  #1680 ) ;
#183 = CARTESIAN_POINT ( 'NONE',  ( -1.624999999999999334, 0.000000000000000000, -2.500000000000000444 ) ) ;
#184 = ORIENTED_EDGE ( 'NONE', *, *, #10457, .F. ) ;
#185 = CARTESIAN_POINT ( 'NONE',  ( 0.7500000000000006661, 0.6716990566028311349, 2.100000000000000533 ) ) ;
#186 = CYLINDRICAL_SURFACE ( 'NONE', #9507, 0.1250000000000001110 ) ;
#187 = CARTESIAN_POINT ( 'NONE',  ( -1.050000000000000044, 0.2000000000000000944, -1.050000000000000488 ) ) ;
#188 = CARTESIAN_POINT ( 'NONE',  ( 0.7500000000000006661, 0.6716990566028311349, 2.225000000000000977 ) ) ;
#189 = AXIS2_PLACEMENT_3D ( 'NONE', #2779, #6210, #10668 ) ;
#190 = CARTESIAN_POINT ( 'NONE',  ( -1.124999999999998668, 0.04999999999999969746, 2.500000000000000444 ) ) ;
#191 = CARTESIAN_POINT ( 'NONE',  ( 2.500000000000000888, 0.000000000000000000, 0.3750000000000001110 ) ) ;
#192 = ORIENTED_EDGE ( 'NONE', *, *, #4224, .T. ) ;
#193 = EDGE_LOOP ( 'NONE', ( #10674, #3203, #1587, #4575 ) ) ;
#195 = VERTEX_POINT ( 'NONE', #39 ) ;
#194 = CARTESIAN_POINT ( 'NONE',  ( 2.500000000000000888, 0.1999999999999999833, -0.3749999999999996669 ) ) ;
#196 = DIRECTION ( 'NONE',  ( 0.000000000000000000, 1.000000000000000000, 0.000000000000000000 ) ) ;
#197 = CARTESIAN_POINT ( 'NONE',  ( 2.225000000000000533, 0.1999999999999999833, 1.375000000000000222 ) ) ;
#199 = ORIENTED_EDGE ( 'NONE', *, *, #8607, .F. ) ;
#198 = CARTESIAN_POINT ( 'NONE',  ( 2.225000000000000533, 0.6716990566028309129, 0.1249999999999996808 ) ) ;
#200 = CARTESIAN_POINT ( 'NONE',  ( 1.250000000000000666, 0.2000000000000000111, -2.225000000000000977 ) ) ;
#201 = CARTESIAN_POINT ( 'NONE',  ( -1.249999999999999334, 0.000000000000000000, 2.225000000000000977 ) ) ;
#202 = ADVANCED_FACE ( 'NONE', ( #9575 ), #8736, .F. ) ;
#203 = ADVANCED_FACE ( 'NONE', ( #5193 ), #1936, .F. ) ;
#204 = EDGE_CURVE ( 'NONE', #10346, #6216, #3584, .T. ) ;
#205 = DIRECTION ( 'NONE',  ( -1.000000000000000000, 0.000000000000000000, 0.000000000000000000 ) ) ;
#206 = LINE ( 'NONE', #2822, #6150 ) ;
#207 = CYLINDRICAL_SURFACE ( 'NONE', #8988, 0.1250000000000001110 ) ;
#209 = ORIENTED_EDGE ( 'NONE', *, *, #6852, .F. ) ;
#208 = CARTESIAN_POINT ( 'NONE',  ( 0.000000000000000000, 0.05000000000000000278, -1.625000000000000000 ) ) ;
#210 = LINE ( 'NONE', #10285, #6506 ) ;
#211 = ORIENTED_EDGE ( 'NONE', *, *, #7469, .T. ) ;
#212 = ORIENTED_EDGE ( 'NONE', *, *, #4770, .T. ) ;
#213 = CARTESIAN_POINT ( 'NONE',  ( -0.8749999999999992228, 0.2000000000000000111, -2.500000000000000444 ) ) ;
#214 = ORIENTED_EDGE ( 'NONE', *, *, #3975, .F. ) ;
#215 = DIRECTION ( 'NONE',  ( 0.000000000000000000, -1.000000000000000000, 0.000000000000000000 ) ) ;
#216 = VECTOR ( 'NONE', #1608, 1000.000000000000000 ) ;
#217 = ADVANCED_FACE ( 'NONE', ( #4527 ), #6193, .F. ) ;
#218 = AXIS2_PLACEMENT_3D ( 'NONE', #9239, #2274, #7367 ) ;
#219 = EDGE_LOOP ( 'NONE', ( #1301, #7820, #4080, #2018 ) ) ;
#220 = VECTOR ( 'NONE', #7814, 1000.000000000000000 ) ;
#221 = CARTESIAN_POINT ( 'NONE',  ( 1.050000000000000044, 0.2000000000000000944, 1.050000000000000044 ) ) ;
#222 = CARTESIAN_POINT ( 'NONE',  ( 0.8750000000000007772, 0.04999999999999999584, -2.225000000000000977 ) ) ;
#223 = ORIENTED_EDGE ( 'NONE', *, *, #815, .F. ) ;
#224 = EDGE_LOOP ( 'NONE', ( #6759, #3773, #852, #3551 ) ) ;
#225 = CARTESIAN_POINT ( 'NONE',  ( 0.1250000000000006939, 0.1999999999999999833, -2.500000000000000444 ) ) ;
#226 = ORIENTED_EDGE ( 'NONE', *, *, #7108, .T. ) ;
#227 = DIRECTION ( 'NONE',  ( 0.000000000000000000, 0.000000000000000000, 1.000000000000000000 ) ) ;
#228 = DIRECTION ( 'NONE',  ( 0.000000000000000000, 1.000000000000000000, 0.000000000000000000 ) ) ;
#229 = DIRECTION ( 'NONE',  ( -1.000000000000000000, 0.000000000000000000, 0.000000000000000000 ) ) ;
#230 = CARTESIAN_POINT ( 'NONE',  ( 2.225000000000000533, 0.1999999999999999833, -1.375000000000000444 ) ) ;
#231 = VECTOR ( 'NONE', #3244, 1000.000000000000000 ) ;
#232 =( GEOMETRIC_REPRESENTATION_CONTEXT ( 3 ) GLOBAL_UNCERTAINTY_ASSIGNED_CONTEXT ( ( #2615 ) ) GLOBAL_UNIT_ASSIGNED_CONTEXT ( ( #4067, #8287, #3904 ) ) REPRESENTATION_CONTEXT ( 'NONE', 'WORKASPACE' ) );
#233 =( GEOMETRIC_REPRESENTATION_CONTEXT ( 3 ) GLOBAL_UNCERTAINTY_ASSIGNED_CONTEXT ( ( #3501 ) ) GLOBAL_UNIT_ASSIGNED_CONTEXT ( ( #3575, #5181, #4349 ) ) REPRESENTATION_CONTEXT ( 'NONE', 'WORKASPACE' ) );
#234 = DIRECTION ( 'NONE',  ( 1.000000000000000000, 0.000000000000000000, 7.885106708985472271E-16 ) ) ;
#235 = ORIENTED_EDGE ( 'NONE', *, *, #4903, .T. ) ;
#236 = ADVANCED_FACE ( 'NONE', ( #5367 ), #3429, .T. ) ;
#237 = ORIENTED_EDGE ( 'NONE', *, *, #2793, .T. ) ;
#238 = CARTESIAN_POINT ( 'NONE',  ( 2.225000000000000533, 0.6716990566028309129, 1.624999999999999778 ) ) ;
#239 = VECTOR ( 'NONE', #9369, 1000.000000000000000 ) ;
#240 = PRESENTATION_STYLE_ASSIGNMENT (( #2738 ) ) ;
#241 = ORIENTED_EDGE ( 'NONE', *, *, #6061, .F. ) ;
#242 = LINE ( 'NONE', #7728, #2791 ) ;
#243 = DIRECTION ( 'NONE',  ( -0.000000000000000000, -1.000000000000000000, -0.000000000000000000 ) ) ;
#244 = DIRECTION ( 'NONE',  ( 0.000000000000000000, -1.000000000000000000, 0.000000000000000000 ) ) ;
#245 = DIRECTION ( 'NONE',  ( 0.000000000000000000, -0.000000000000000000, -1.000000000000000000 ) ) ;
#246 = CARTESIAN_POINT ( 'NONE',  ( 2.225000000000000533, 0.000000000000000000, -1.375000000000000000 ) ) ;
#247 = ORIENTED_EDGE ( 'NONE', *, *, #6574, .T. ) ;
#248 = ORIENTED_EDGE ( 'NONE', *, *, #5215, .F. ) ;
#249 = AXIS2_PLACEMENT_3D ( 'NONE', #6393, #4669, #8878 ) ;
#250 = VERTEX_POINT ( 'NONE', #1988 ) ;
#251 = EDGE_CURVE ( 'NONE', #10004, #1418, #6554, .T. ) ;
#252 = DIRECTION ( 'NONE',  ( -1.000000000000000000, 0.000000000000000000, 2.365532012695649373E-15 ) ) ;
#254 = ORIENTED_EDGE ( 'NONE', *, *, #4642, .T. ) ;
#253 = CARTESIAN_POINT ( 'NONE',  ( 0.8750000000000007772, 0.000000000000000000, -2.500000000000000444 ) ) ;
#255 = PLANE ( 'NONE',  #8080 ) ;
#256 = DIRECTION ( 'NONE',  ( 0.000000000000000000, 0.000000000000000000, -1.000000000000000000 ) ) ;
#257 = APPLICATION_CONTEXT ( 'automotive_design' ) ;
#258 = DIRECTION ( 'NONE',  ( 0.000000000000000000, -1.000000000000000000, 0.000000000000000000 ) ) ;
#259 = LINE ( 'NONE', #8056, #7401 ) ;
#260 = LINE ( 'NONE', #489, #4026 ) ;
#262 = ORIENTED_EDGE ( 'NONE', *, *, #7369, .T. ) ;
#261 = CARTESIAN_POINT ( 'NONE',  ( -0.3749999999999992228, 0.04999999999999999584, 2.225000000000000977 ) ) ;
#263 = DIRECTION ( 'NONE',  ( 0.000000000000000000, 0.000000000000000000, -1.000000000000000000 ) ) ;
#265 = ORIENTED_EDGE ( 'NONE', *, *, #1047, .F. ) ;
#264 = EDGE_CURVE ( 'NONE', #7777, #6823, #7034, .T. ) ;
#266 = ORIENTED_EDGE ( 'NONE', *, *, #9414, .F. ) ;
#267 = CARTESIAN_POINT ( 'NONE',  ( 1.375000000000001332, 0.000000000000000000, 2.500000000000000444 ) ) ;
#268 = ORIENTED_EDGE ( 'NONE', *, *, #4342, .T. ) ;
#269 = EDGE_CURVE ( 'NONE', #7581, #8835, #1597, .T. ) ;
#270 = CARTESIAN_POINT ( 'NONE',  ( 1.875000000000000888, 0.000000000000000000, -2.500000000000000444 ) ) ;
#271 = CARTESIAN_POINT ( 'NONE',  ( -2.500000000000000888, 0.6716990566028309129, -0.1249999999999998890 ) ) ;
#272 = CIRCLE ( 'NONE', #1157, 0.1250000000000001110 ) ;
#273 = CLOSED_SHELL ( 'NONE', ( #2276, #2040, #10676, #5046, #6176, #1982 ) ) ;
#274 = AXIS2_PLACEMENT_3D ( 'NONE', #9811, #2226, #9096 ) ;
#275 = CARTESIAN_POINT ( 'NONE',  ( -2.500000000000000888, 0.1999999999999999833, 1.875000000000000222 ) ) ;
#276 = DIRECTION ( 'NONE',  ( 1.000000000000000000, 0.000000000000000000, 0.000000000000000000 ) ) ;
#278 = VERTEX_POINT ( 'NONE', #5250 ) ;
#277 = EDGE_CURVE ( 'NONE', #716, #8212, #2821, .T. ) ;
#279 = EDGE_LOOP ( 'NONE', ( #1315, #5907, #455, #2510 ) ) ;
#280 = CARTESIAN_POINT ( 'NONE',  ( 1.375000000000000888, 0.2000000000000000111, 2.225000000000000977 ) ) ;
#281 = ORIENTED_EDGE ( 'NONE', *, *, #1219, .T. ) ;
#282 = EDGE_CURVE ( 'NONE', #1191, #5371, #1764, .T. ) ;
#283 = EDGE_CURVE ( 'NONE', #5646, #580, #9358, .T. ) ;
#284 = PRESENTATION_STYLE_ASSIGNMENT (( #4497 ) ) ;
#285 = CARTESIAN_POINT ( 'NONE',  ( -2.225000000000000533, 0.6716990566028309129, 0.3750000000000001110 ) ) ;
#286 = EDGE_CURVE ( 'NONE', #3009, #669, #7694, .T. ) ;
#287 = LINE ( 'NONE', #10309, #10379 ) ;
#288 = CIRCLE ( 'NONE', #10884, 0.1250000000000000000 ) ;
#289 = COLOUR_RGB ( '',0.7921568627450980005, 0.8196078431372548767, 0.9333333333333333481 ) ;
#290 = DIRECTION ( 'NONE',  ( 0.000000000000000000, 1.000000000000000000, 0.000000000000000000 ) ) ;
#291 = ORIENTED_EDGE ( 'NONE', *, *, #2056, .T. ) ;
#292 = ORIENTED_EDGE ( 'NONE', *, *, #1611, .F. ) ;
#293 = FACE_OUTER_BOUND ( 'NONE', #528, .T. ) ;
#294 = VECTOR ( 'NONE', #1251, 1000.000000000000000 ) ;
#295 = DIRECTION ( 'NONE',  ( 0.000000000000000000, 1.000000000000000000, 0.000000000000000000 ) ) ;
#296 = ORIENTED_EDGE ( 'NONE', *, *, #5395, .F. ) ;
#297 =( LENGTH_UNIT ( ) NAMED_UNIT ( * ) SI_UNIT ( .MILLI., .METRE. ) );
#298 = LINE ( 'NONE', #5951, #1909 ) ;
#299 = CARTESIAN_POINT ( 'NONE',  ( 4.928191693115907104E-16, 0.05000000000000000278, 0.6249999999999983347 ) ) ;
#300 = VECTOR ( 'NONE', #2943, 1000.000000000000000 ) ;
#301 = VECTOR ( 'NONE', #807, 1000.000000000000000 ) ;
#302 = DIRECTION ( 'NONE',  ( -3.469446951953614583E-15, 0.000000000000000000, -1.000000000000000000 ) ) ;
#303 = ADVANCED_FACE ( 'NONE', ( #3909 ), #8956, .F. ) ;
#304 = DIRECTION ( 'NONE',  ( -0.000000000000000000, -1.000000000000000000, -0.000000000000000000 ) ) ;
#305 = VECTOR ( 'NONE', #8324, 1000.000000000000000 ) ;
#306 = VECTOR ( 'NONE', #5106, 1000.000000000000000 ) ;
#307 = VECTOR ( 'NONE', #4148, 1000.000000000000000 ) ;
#308 = CIRCLE ( 'NONE', #8802, 0.1250000000000001110 ) ;
#309 = CARTESIAN_POINT ( 'NONE',  ( -2.225000000000000533, 0.6716990566028309129, -0.3749999999999998890 ) ) ;
#310 = ORIENTED_EDGE ( 'NONE', *, *, #2002, .F. ) ;
#311 = VERTEX_POINT ( 'NONE', #7969 ) ;
#313 = ORIENTED_EDGE ( 'NONE', *, *, #8277, .T. ) ;
#312 = CARTESIAN_POINT ( 'NONE',  ( 1.750000000000000666, 0.2000000000000000111, 2.225000000000000977 ) ) ;
#314 = DIRECTION ( 'NONE',  ( 0.000000000000000000, -1.000000000000000000, 0.000000000000000000 ) ) ;
#315 = CARTESIAN_POINT ( 'NONE',  ( 1.050000000000000266, 3.169848480983500139, -1.050000000000000266 ) ) ;
#316 = DIRECTION ( 'NONE',  ( 0.000000000000000000, 0.000000000000000000, -1.000000000000000000 ) ) ;
#317 = CIRCLE ( 'NONE', #10734, 0.1250000000000001110 ) ;
#318 = DIRECTION ( 'NONE',  ( 0.000000000000000000, 1.000000000000000000, -0.000000000000000000 ) ) ;
#319 = PRODUCT_DEFINITION_FORMATION_WITH_SPECIFIED_SOURCE ( 'ANY', '', #4217, .NOT_KNOWN. ) ;
#320 = DIRECTION ( 'NONE',  ( 0.000000000000000000, -0.000000000000000000, -1.000000000000000000 ) ) ;
#321 = VECTOR ( 'NONE', #5594, 1000.000000000000000 ) ;
#322 = ADVANCED_FACE ( 'NONE', ( #2203 ), #4585, .F. ) ;
#323 = EDGE_CURVE ( 'NONE', #10183, #5680, #4750, .T. ) ;
#324 = FACE_OUTER_BOUND ( 'NONE', #7760, .T. ) ;
#325 = CARTESIAN_POINT ( 'NONE',  ( -2.225000000000000533, 0.05000000000000002359, -1.250000000000000222 ) ) ;
#326 = ORIENTED_EDGE ( 'NONE', *, *, #5737, .T. ) ;
#327 = CARTESIAN_POINT ( 'NONE',  ( -0.2499999999999993616, 0.6716990566028311349, -2.225000000000000977 ) ) ;
#328 = ORIENTED_EDGE ( 'NONE', *, *, #10255, .F. ) ;
#329 = ORIENTED_EDGE ( 'NONE', *, *, #5931, .F. ) ;
#330 = DIRECTION ( 'NONE',  ( -2.365532012695641878E-15, 0.000000000000000000, -1.000000000000000000 ) ) ;
#331 = ORIENTED_EDGE ( 'NONE', *, *, #3421, .T. ) ;
#332 = DIRECTION ( 'NONE',  ( -0.000000000000000000, -0.000000000000000000, -1.000000000000000000 ) ) ;
#333 = LINE ( 'NONE', #2111, #9594 ) ;
#334 = VERTEX_POINT ( 'NONE', #3702 ) ;
#335 = LINE ( 'NONE', #8644, #536 ) ;
#336 = DIRECTION ( 'NONE',  ( -0.000000000000000000, -1.000000000000000000, -0.000000000000000000 ) ) ;
#337 = VERTEX_POINT ( 'NONE', #6303 ) ;
#338 = ORIENTED_EDGE ( 'NONE', *, *, #4810, .F. ) ;
#339 = CARTESIAN_POINT ( 'NONE',  ( -1.624999999999999334, 0.05000000000000000278, 0.000000000000000000 ) ) ;
#340 = VERTEX_POINT ( 'NONE', #9683 ) ;
#341 = LINE ( 'NONE', #4715, #4829 ) ;
#342 = EDGE_CURVE ( 'NONE', #9091, #7868, #6412, .T. ) ;
#343 = LINE ( 'NONE', #4441, #4366 ) ;
#344 = EDGE_CURVE ( 'NONE', #2268, #6943, #534, .T. ) ;
#345 = EDGE_CURVE ( 'NONE', #2145, #8866, #376, .T. ) ;
#346 = EDGE_CURVE ( 'NONE', #687, #4627, #9844, .T. ) ;
#347 = CARTESIAN_POINT ( 'NONE',  ( -0.3749999999999986122, 0.2000000000000000111, 2.500000000000001332 ) ) ;
#348 = VERTEX_POINT ( 'NONE', #2983 ) ;
#349 = VERTEX_POINT ( 'NONE', #2261 ) ;
#350 = CARTESIAN_POINT ( 'NONE',  ( -1.374999999999999556, 0.2000000000000000111, -2.225000000000000977 ) ) ;
#351 = AXIS2_PLACEMENT_3D ( 'NONE', #7304, #3803, #7197 ) ;
#352 = CARTESIAN_POINT ( 'NONE',  ( 2.225000000000000533, 0.6716990566028309129, 0.6249999999999996669 ) ) ;
#353 = LINE ( 'NONE', #6282, #6572 ) ;
#354 = PRESENTATION_STYLE_ASSIGNMENT (( #10371 ) ) ;
#355 = FACE_OUTER_BOUND ( 'NONE', #10784, .T. ) ;
#356 = DIRECTION ( 'NONE',  ( 0.000000000000000000, -1.000000000000000000, 0.000000000000000000 ) ) ;
#357 = UNCERTAINTY_MEASURE_WITH_UNIT (LENGTH_MEASURE( 1.000000000000000082E-05 ), #1398, 'distance_accuracy_value', 'NONE');
#358 = DIRECTION ( 'NONE',  ( 0.000000000000000000, 1.000000000000000000, 0.000000000000000000 ) ) ;
#359 = ADVANCED_FACE ( 'NONE', ( #3751 ), #9016, .F. ) ;
#360 = ADVANCED_FACE ( 'NONE', ( #324 ), #2873, .F. ) ;
#361 = CARTESIAN_POINT ( 'NONE',  ( 1.750000000000000666, 0.2000000000000000111, 2.225000000000000977 ) ) ;
#362 = VECTOR ( 'NONE', #10161, 1000.000000000000000 ) ;
#363 = CARTESIAN_POINT ( 'NONE',  ( 0.1250000000000014155, 0.2000000000000000111, 2.500000000000001332 ) ) ;
#364 = ORIENTED_EDGE ( 'NONE', *, *, #146, .T. ) ;
#365 = VERTEX_POINT ( 'NONE', #2044 ) ;
#367 = ORIENTED_EDGE ( 'NONE', *, *, #4361, .T. ) ;
#366 = CARTESIAN_POINT ( 'NONE',  ( -1.624999999999998668, 0.6716990566028311349, 2.500000000000000444 ) ) ;
#368 = FILL_AREA_STYLE_COLOUR ( '', #816 ) ;
#369 = EDGE_CURVE ( 'NONE', #9131, #9418, #5422, .T. ) ;
#370 = DIRECTION ( 'NONE',  ( -1.000000000000000000, 0.000000000000000000, -1.032573497605242471E-16 ) ) ;
#371 = FACE_OUTER_BOUND ( 'NONE', #8513, .T. ) ;
#372 = LINE ( 'NONE', #9838, #5062 ) ;
#373 = VECTOR ( 'NONE', #1105, 1000.000000000000000 ) ;
#374 = DIRECTION ( 'NONE',  ( 0.000000000000000000, -1.000000000000000000, 0.000000000000000000 ) ) ;
#375 = VECTOR ( 'NONE', #9197, 1000.000000000000000 ) ;
#376 = LINE ( 'NONE', #7089, #4251 ) ;
#377 = DIRECTION ( 'NONE',  ( 0.000000000000000000, 0.000000000000000000, 1.000000000000000000 ) ) ;
#378 = ORIENTED_EDGE ( 'NONE', *, *, #8593, .T. ) ;
#379 = FACE_OUTER_BOUND ( 'NONE', #7518, .T. ) ;
#380 = VERTEX_POINT ( 'NONE', #1205 ) ;
#381 = EDGE_CURVE ( 'NONE', #4183, #891, #2928, .T. ) ;
#382 = ORIENTED_EDGE ( 'NONE', *, *, #484, .F. ) ;
#383 = DIRECTION ( 'NONE',  ( -0.000000000000000000, -1.000000000000000000, -0.000000000000000000 ) ) ;
#384 = ORIENTED_EDGE ( 'NONE', *, *, #8166, .F. ) ;
#385 = CARTESIAN_POINT ( 'NONE',  ( 0.2500000000000006661, 0.2000000000000000111, 2.100000000000000533 ) ) ;
#386 = DIRECTION ( 'NONE',  ( 0.000000000000000000, 0.000000000000000000, 1.000000000000000000 ) ) ;
#387 = DIRECTION ( 'NONE',  ( -2.365532012695641878E-15, 0.000000000000000000, -1.000000000000000000 ) ) ;
#388 = DIRECTION ( 'NONE',  ( 1.000000000000000000, 0.000000000000000000, -7.885106708985472271E-16 ) ) ;
#389 = PLANE ( 'NONE',  #7913 ) ;
#390 = ORIENTED_EDGE ( 'NONE', *, *, #749, .T. ) ;
#391 = ORIENTED_EDGE ( 'NONE', *, *, #6376, .F. ) ;
#392 = CARTESIAN_POINT ( 'NONE',  ( 2.500000000000000000, 0.05000000000000000278, 2.499999999999999556 ) ) ;
#393 = ORIENTED_EDGE ( 'NONE', *, *, #3304, .F. ) ;
#394 = DIRECTION ( 'NONE',  ( 1.000000000000000000, -0.000000000000000000, 0.000000000000000000 ) ) ;
#395 = VECTOR ( 'NONE', #448, 1000.000000000000000 ) ;
#396 = CARTESIAN_POINT ( 'NONE',  ( 0.8750000000000007772, 0.2000000000000000111, -2.225000000000000977 ) ) ;
#397 = VECTOR ( 'NONE', #3474, 1000.000000000000000 ) ;
#398 = VECTOR ( 'NONE', #330, 1000.000000000000000 ) ;
#399 = FACE_OUTER_BOUND ( 'NONE', #9454, .T. ) ;
#400 = EDGE_LOOP ( 'NONE', ( #629, #6690, #2770, #1949 ) ) ;
#401 = ORIENTED_EDGE ( 'NONE', *, *, #1922, .T. ) ;
#402 = DIRECTION ( 'NONE',  ( 0.000000000000000000, 1.000000000000000000, 0.000000000000000000 ) ) ;
#403 = LINE ( 'NONE', #7996, #9438 ) ;
#404 = EDGE_CURVE ( 'NONE', #2316, #5039, #1256, .T. ) ;
#405 = CARTESIAN_POINT ( 'NONE',  ( -1.624999999999999334, 0.2000000000000000111, -2.225000000000000977 ) ) ;
#406 = VECTOR ( 'NONE', #374, 1000.000000000000000 ) ;
#407 = DIRECTION ( 'NONE',  ( 0.000000000000000000, 0.000000000000000000, -1.000000000000000000 ) ) ;
#408 = EDGE_CURVE ( 'NONE', #1470, #10011, #10549, .T. ) ;
#409 = CARTESIAN_POINT ( 'NONE',  ( 1.050000000000000266, 0.2000000000000000944, -1.050000000000000266 ) ) ;
#410 = AXIS2_PLACEMENT_3D ( 'NONE', #9676, #7962, #3025 ) ;
#411 = ADVANCED_FACE ( 'NONE', ( #9735 ), #5526, .F. ) ;
#412 = CARTESIAN_POINT ( 'NONE',  ( -2.225000000000000533, 0.1999999999999999833, 1.749999999999999778 ) ) ;
#413 = EDGE_CURVE ( 'NONE', #8457, #3212, #6197, .T. ) ;
#414 = VECTOR ( 'NONE', #5938, 1000.000000000000000 ) ;
#415 =( GEOMETRIC_REPRESENTATION_CONTEXT ( 3 ) GLOBAL_UNCERTAINTY_ASSIGNED_CONTEXT ( ( #8771 ) ) GLOBAL_UNIT_ASSIGNED_CONTEXT ( ( #8316, #6654, #5824 ) ) REPRESENTATION_CONTEXT ( 'NONE', 'WORKASPACE' ) );
#416 = PLANE ( 'NONE',  #9042 ) ;
#417 = VERTEX_POINT ( 'NONE', #10598 ) ;
#418 = ORIENTED_EDGE ( 'NONE', *, *, #9013, .T. ) ;
#419 = ORIENTED_EDGE ( 'NONE', *, *, #4610, .T. ) ;
#420 = PRESENTATION_STYLE_ASSIGNMENT (( #9617 ) ) ;
#421 = ADVANCED_FACE ( 'NONE', ( #8343 ), #4182, .T. ) ;
#422 = DIRECTION ( 'NONE',  ( 1.000000000000000000, 0.000000000000000000, 2.065146995210484941E-16 ) ) ;
#423 = LINE ( 'NONE', #9895, #4887 ) ;
#424 = CARTESIAN_POINT ( 'NONE',  ( -1.050000000000000044, 3.169848480983500139, 1.049999999999999822 ) ) ;
#425 = MECHANICAL_DESIGN_GEOMETRIC_PRESENTATION_REPRESENTATION (  '', ( #5382 ), #233 ) ;
#426 = EDGE_CURVE ( 'NONE', #8060, #3295, #10771, .T. ) ;
#427 = DIRECTION ( 'NONE',  ( 1.000000000000000000, -0.000000000000000000, -3.469446951953614189E-15 ) ) ;
#428 = COLOUR_RGB ( '',0.7921568627450980005, 0.8196078431372548767, 0.9333333333333333481 ) ;
#429 = CARTESIAN_POINT ( 'NONE',  ( 0.3749999999999955036, 0.05000000000000000278, -8.870745047608578158E-16 ) ) ;
#430 = DIRECTION ( 'NONE',  ( -1.000000000000000000, 0.000000000000000000, 7.885106708985472271E-16 ) ) ;
#432 = VERTEX_POINT ( 'NONE', #4848 ) ;
#431 = CARTESIAN_POINT ( 'NONE',  ( 0.3750000000000007772, 0.04999999999999999584, 2.225000000000000977 ) ) ;
#433 = CARTESIAN_POINT ( 'NONE',  ( -2.000000000000000888, 1.000000000000000000, -2.000000000000000444 ) ) ;
#434 = ORIENTED_EDGE ( 'NONE', *, *, #6914, .F. ) ;
#435 = EDGE_LOOP ( 'NONE', ( #10858, #4485, #9428, #5377 ) ) ;
#436 = LINE ( 'NONE', #2935, #9779 ) ;
#437 = ORIENTED_EDGE ( 'NONE', *, *, #1285, .T. ) ;
#438 = DIRECTION ( 'NONE',  ( -7.885106708985472271E-16, 0.000000000000000000, 1.000000000000000000 ) ) ;
#439 = PLANE ( 'NONE',  #2000 ) ;
#440 = EDGE_CURVE ( 'NONE', #690, #10502, #7462, .T. ) ;
#441 = EDGE_CURVE ( 'NONE', #5506, #2916, #3307, .T. ) ;
#442 = DIRECTION ( 'NONE',  ( 0.000000000000000000, -1.000000000000000000, 0.000000000000000000 ) ) ;
#443 = EDGE_LOOP ( 'NONE', ( #10243, #158, #9529, #1756, #1224 ) ) ;
#444 = DIRECTION ( 'NONE',  ( 1.000000000000000000, 0.000000000000000000, -7.885106708985472271E-16 ) ) ;
#445 = PLANE ( 'NONE',  #10547 ) ;
#446 = ORIENTED_EDGE ( 'NONE', *, *, #3632, .F. ) ;
#447 = ORIENTED_EDGE ( 'NONE', *, *, #8950, .T. ) ;
#448 = DIRECTION ( 'NONE',  ( -1.000000000000000000, 0.000000000000000000, 3.469446951953614583E-15 ) ) ;
#449 = ORIENTED_EDGE ( 'NONE', *, *, #3534, .T. ) ;
#450 = VECTOR ( 'NONE', #7949, 1000.000000000000000 ) ;
#451 = CARTESIAN_POINT ( 'NONE',  ( -0.6249999999999985567, 0.04999999999999969746, 2.500000000000000444 ) ) ;
#452 = STYLED_ITEM ( 'NONE', ( #4898 ), #5237 ) ;
#453 = EDGE_CURVE ( 'NONE', #1493, #9793, #10108, .T. ) ;
#454 = LINE ( 'NONE', #9044, #5810 ) ;
#455 = ORIENTED_EDGE ( 'NONE', *, *, #2123, .F. ) ;
#456 = ORIENTED_EDGE ( 'NONE', *, *, #2190, .F. ) ;
#457 = DIRECTION ( 'NONE',  ( -0.000000000000000000, -1.000000000000000000, 0.000000000000000000 ) ) ;
#458 = CARTESIAN_POINT ( 'NONE',  ( -1.749999999999999334, 0.1999999999999999833, 2.225000000000000977 ) ) ;
#459 = FACE_OUTER_BOUND ( 'NONE', #4864, .T. ) ;
#460 = VECTOR ( 'NONE', #3931, 1000.000000000000000 ) ;
#461 = DIRECTION ( 'NONE',  ( -0.000000000000000000, -1.000000000000000000, -0.000000000000000000 ) ) ;
#462 = DIRECTION ( 'NONE',  ( 0.000000000000000000, 0.000000000000000000, 1.000000000000000000 ) ) ;
#463 = VECTOR ( 'NONE', #4578, 1000.000000000000000 ) ;
#464 = APPLICATION_PROTOCOL_DEFINITION ( 'draft international standard', 'automotive_design', 1998, #257 ) ;
#465 = VECTOR ( 'NONE', #10118, 1000.000000000000000 ) ;
#466 = LINE ( 'NONE', #3479, #5090 ) ;
#467 = CARTESIAN_POINT ( 'NONE',  ( -1.749999999999999334, 0.6716990566028311349, 2.225000000000000977 ) ) ;
#468 = ORIENTED_EDGE ( 'NONE', *, *, #9537, .F. ) ;
#469 = VERTEX_POINT ( 'NONE', #10002 ) ;
#470 = CIRCLE ( 'NONE', #3305, 0.1250000000000001110 ) ;
#472 = ORIENTED_EDGE ( 'NONE', *, *, #5503, .F. ) ;
#471 = CARTESIAN_POINT ( 'NONE',  ( 2.225000000000000533, 0.6716990566028309129, 1.875000000000000222 ) ) ;
#473 = VECTOR ( 'NONE', #7509, 1000.000000000000000 ) ;
#474 = DIRECTION ( 'NONE',  ( -1.000000000000000000, 0.000000000000000000, 7.885106708985472271E-16 ) ) ;
#475 = LINE ( 'NONE', #6464, #994 ) ;
#476 = DIRECTION ( 'NONE',  ( -0.000000000000000000, -1.000000000000000000, -0.000000000000000000 ) ) ;
#477 = CARTESIAN_POINT ( 'NONE',  ( 2.500000000000000888, 0.000000000000000000, 0.6250000000000003331 ) ) ;
#478 = AXIS2_PLACEMENT_3D ( 'NONE', #6625, #4950, #3568 ) ;
#479 = VECTOR ( 'NONE', #2239, 1000.000000000000000 ) ;
#480 = VECTOR ( 'NONE', #8309, 1000.000000000000000 ) ;
#481 = AXIS2_PLACEMENT_3D ( 'NONE', #9556, #5168, #4338 ) ;
#482 = EDGE_CURVE ( 'NONE', #1332, #8982, #10433, .T. ) ;
#483 = EDGE_CURVE ( 'NONE', #4347, #10241, #9947, .T. ) ;
#484 = EDGE_CURVE ( 'NONE', #2196, #6717, #10814, .T. ) ;
#485 = ADVANCED_FACE ( 'NONE', ( #6525 ), #9284, .T. ) ;
#486 = DIRECTION ( 'NONE',  ( 0.000000000000000000, 1.000000000000000000, -0.000000000000000000 ) ) ;
#487 = VECTOR ( 'NONE', #7553, 1000.000000000000000 ) ;
#489 = CARTESIAN_POINT ( 'NONE',  ( -2.225000000000000533, 0.000000000000000000, -0.8749999999999998890 ) ) ;
#488 = MECHANICAL_DESIGN_GEOMETRIC_PRESENTATION_REPRESENTATION (  '', ( #6149 ), #7574 ) ;
#490 = ORIENTED_EDGE ( 'NONE', *, *, #2832, .T. ) ;
#491 = CARTESIAN_POINT ( 'NONE',  ( 2.500000000000000888, 0.1999999999999999833, 1.875000000000000222 ) ) ;
#492 = ORIENTED_EDGE ( 'NONE', *, *, #6044, .T. ) ;
#493 = ORIENTED_EDGE ( 'NONE', *, *, #6688, .T. ) ;
#494 = DIRECTION ( 'NONE',  ( 0.000000000000000000, -0.000000000000000000, -1.000000000000000000 ) ) ;
#495 = ORIENTED_EDGE ( 'NONE', *, *, #7415, .F. ) ;
#496 = DIRECTION ( 'NONE',  ( -2.365532012695641878E-15, 0.000000000000000000, -1.000000000000000000 ) ) ;
#497 = AXIS2_PLACEMENT_3D ( 'NONE', #5541, #1323, #926 ) ;
#498 = DIRECTION ( 'NONE',  ( -0.000000000000000000, -1.000000000000000000, -0.000000000000000000 ) ) ;
#499 = EDGE_CURVE ( 'NONE', #10642, #9655, #7357, .T. ) ;
#500 = AXIS2_PLACEMENT_3D ( 'NONE', #9876, #10737, #3171 ) ;
#501 = DIRECTION ( 'NONE',  ( -0.000000000000000000, -1.000000000000000000, -0.000000000000000000 ) ) ;
#502 = ORIENTED_EDGE ( 'NONE', *, *, #3421, .F. ) ;
#503 = LINE ( 'NONE', #2328, #8859 ) ;
#504 = DIRECTION ( 'NONE',  ( -0.000000000000000000, -1.000000000000000000, -0.000000000000000000 ) ) ;
#505 = ORIENTED_EDGE ( 'NONE', *, *, #3873, .T. ) ;
#506 = EDGE_LOOP ( 'NONE', ( #5055, #3608, #4643, #10747 ) ) ;
#507 = CARTESIAN_POINT ( 'NONE',  ( 0.8750000000000014433, 0.6716990566028311349, 2.500000000000000444 ) ) ;
#508 = ORIENTED_EDGE ( 'NONE', *, *, #3859, .T. ) ;
#509 = DIRECTION ( 'NONE',  ( -7.885106708985472271E-16, 0.000000000000000000, 1.000000000000000000 ) ) ;
#510 = EDGE_CURVE ( 'NONE', #6352, #8144, #10703, .T. ) ;
#511 = DIRECTION ( 'NONE',  ( 1.000000000000000000, -0.000000000000000000, 0.000000000000000000 ) ) ;
#512 = ORIENTED_EDGE ( 'NONE', *, *, #3618, .T. ) ;
#513 = ORIENTED_EDGE ( 'NONE', *, *, #10190, .T. ) ;
#514 = DIRECTION ( 'NONE',  ( 0.000000000000000000, 1.000000000000000000, 0.000000000000000000 ) ) ;
#515 = PLANE ( 'NONE',  #9282 ) ;
#516 = DIRECTION ( 'NONE',  ( -1.000000000000000000, 0.000000000000000000, -0.000000000000000000 ) ) ;
#517 = FACE_OUTER_BOUND ( 'NONE', #7422, .T. ) ;
#518 = ADVANCED_FACE ( 'NONE', ( #5007 ), #2362, .F. ) ;
#519 = ADVANCED_FACE ( 'NONE', ( #4907 ), #5799, .F. ) ;
#520 = DIRECTION ( 'NONE',  ( -1.000000000000000000, 0.000000000000000000, 7.885106708985472271E-16 ) ) ;
#521 = CARTESIAN_POINT ( 'NONE',  ( -1.374999999999999556, 0.6716990566028311349, -2.225000000000000977 ) ) ;
#522 = FACE_BOUND ( 'NONE', #3115, .T. ) ;
#523 = EDGE_CURVE ( 'NONE', #3269, #605, #2470, .T. ) ;
#524 = CARTESIAN_POINT ( 'NONE',  ( 2.500000000000000888, 0.04999999999999969746, -1.125000000000000000 ) ) ;
#525 = VERTEX_POINT ( 'NONE', #8233 ) ;
#526 = ORIENTED_EDGE ( 'NONE', *, *, #8529, .T. ) ;
#528 = EDGE_LOOP ( 'NONE', ( #4827, #7514, #6431, #6259 ) ) ;
#527 = CARTESIAN_POINT ( 'NONE',  ( 2.500000000000000888, 0.6716990566028309129, 1.875000000000000222 ) ) ;
#529 = CARTESIAN_POINT ( 'NONE',  ( 0.7500000000000006661, 0.2000000000000000111, 2.100000000000000533 ) ) ;
#530 = LINE ( 'NONE', #5575, #6315 ) ;
#531 = LINE ( 'NONE', #3138, #3834 ) ;
#532 = EDGE_CURVE ( 'NONE', #6996, #6717, #8666, .T. ) ;
#533 = DIRECTION ( 'NONE',  ( 0.000000000000000000, 0.000000000000000000, -1.000000000000000000 ) ) ;
#534 = LINE ( 'NONE', #3089, #887 ) ;
#536 = VECTOR ( 'NONE', #6266, 1000.000000000000000 ) ;
#535 = DIRECTION ( 'NONE',  ( -0.000000000000000000, -1.000000000000000000, -0.000000000000000000 ) ) ;
#538 = ORIENTED_EDGE ( 'NONE', *, *, #4903, .F. ) ;
#537 = CARTESIAN_POINT ( 'NONE',  ( -1.749999999999999334, 0.2000000000000000111, 2.225000000000000977 ) ) ;
#539 = LINE ( 'NONE', #10657, #5973 ) ;
#540 = ORIENTED_EDGE ( 'NONE', *, *, #8683, .F. ) ;
#541 = VERTEX_POINT ( 'NONE', #4024 ) ;
#542 = CARTESIAN_POINT ( 'NONE',  ( -2.225000000000000533, 0.6716990566028309129, -0.7500000000000002220 ) ) ;
#543 = EDGE_LOOP ( 'NONE', ( #10345, #8096, #9616, #6119 ) ) ;
#544 = DIRECTION ( 'NONE',  ( -2.365532012695641878E-15, 0.000000000000000000, -1.000000000000000000 ) ) ;
#545 = DIRECTION ( 'NONE',  ( 0.000000000000000000, -0.000000000000000000, 1.000000000000000000 ) ) ;
#546 = EDGE_CURVE ( 'NONE', #7471, #10079, #7612, .T. ) ;
#547 = EDGE_CURVE ( 'NONE', #18, #7471, #748, .T. ) ;
#548 = EDGE_CURVE ( 'NONE', #2849, #580, #7513, .T. ) ;
#549 = VECTOR ( 'NONE', #4367, 1000.000000000000000 ) ;
#550 = FACE_OUTER_BOUND ( 'NONE', #3172, .T. ) ;
#551 = ORIENTED_EDGE ( 'NONE', *, *, #813, .F. ) ;
#553 = ORIENTED_EDGE ( 'NONE', *, *, #7303, .F. ) ;
#552 = DIRECTION ( 'NONE',  ( 0.000000000000000000, 0.000000000000000000, -1.000000000000000000 ) ) ;
#554 = LINE ( 'NONE', #3048, #6494 ) ;
#555 = VERTEX_POINT ( 'NONE', #7791 ) ;
#556 = ORIENTED_EDGE ( 'NONE', *, *, #9628, .F. ) ;
#557 = CARTESIAN_POINT ( 'NONE',  ( -2.225000000000000533, 0.000000000000000000, 1.875000000000000222 ) ) ;
#558 = EDGE_LOOP ( 'NONE', ( #8656, #1625, #1674, #3592 ) ) ;
#559 = CARTESIAN_POINT ( 'NONE',  ( 2.500000000000000000, 0.05000000000000000278, 2.499999999999999556 ) ) ;
#560 = ADVANCED_FACE ( 'NONE', ( #6118 ), #1752, .F. ) ;
#561 = CARTESIAN_POINT ( 'NONE',  ( -2.225000000000000533, 0.1999999999999999833, 0.1250000000000001110 ) ) ;
#562 = VERTEX_POINT ( 'NONE', #6010 ) ;
#563 = ORIENTED_EDGE ( 'NONE', *, *, #1424, .F. ) ;
#564 = FACE_OUTER_BOUND ( 'NONE', #5588, .T. ) ;
#565 = DIRECTION ( 'NONE',  ( -0.000000000000000000, -1.000000000000000000, -0.000000000000000000 ) ) ;
#566 = CARTESIAN_POINT ( 'NONE',  ( 1.375000000000000888, 0.000000000000000000, -2.500000000000000444 ) ) ;
#567 = DIRECTION ( 'NONE',  ( -1.000000000000000000, 0.000000000000000000, 2.365532012695649373E-15 ) ) ;
#568 = CARTESIAN_POINT ( 'NONE',  ( -1.749999999999999334, 0.1999999999999999833, 2.100000000000000533 ) ) ;
#569 = AXIS2_PLACEMENT_3D ( 'NONE', #6261, #4759, #8914 ) ;
#570 = VECTOR ( 'NONE', #2333, 1000.000000000000000 ) ;
#571 = UNCERTAINTY_MEASURE_WITH_UNIT (LENGTH_MEASURE( 1.000000000000000082E-05 ), #2103, 'distance_accuracy_value', 'NONE');
#572 = EDGE_CURVE ( 'NONE', #1688, #8155, #8453, .T. ) ;
#573 = ADVANCED_FACE ( 'NONE', ( #1697 ), #5962, .F. ) ;
#574 = LINE ( 'NONE', #10745, #10561 ) ;
#575 = DIRECTION ( 'NONE',  ( -0.000000000000000000, -1.000000000000000000, 0.000000000000000000 ) ) ;
#576 = ORIENTED_EDGE ( 'NONE', *, *, #5582, .T. ) ;
#577 = VERTEX_POINT ( 'NONE', #8559 ) ;
#578 = VECTOR ( 'NONE', #1860, 1000.000000000000000 ) ;
#579 = AXIS2_PLACEMENT_3D ( 'NONE', #1996, #9635, #2051 ) ;
#580 = VERTEX_POINT ( 'NONE', #191 ) ;
#581 = SURFACE_STYLE_USAGE ( .BOTH. , #1139 ) ;
#582 = DIRECTION ( 'NONE',  ( -0.000000000000000000, -0.000000000000000000, -1.000000000000000000 ) ) ;
#583 = CARTESIAN_POINT ( 'NONE',  ( -1.374999999999999334, 0.2000000000000000111, -2.500000000000000444 ) ) ;
#584 = CARTESIAN_POINT ( 'NONE',  ( 0.1250000000000014155, 0.6716990566028311349, 2.500000000000001332 ) ) ;
#585 = LINE ( 'NONE', #4796, #231 ) ;
#586 = AXIS2_PLACEMENT_3D ( 'NONE', #9880, #3346, #8323 ) ;
#587 = AXIS2_PLACEMENT_3D ( 'NONE', #1131, #8054, #5511 ) ;
#588 = MECHANICAL_DESIGN_GEOMETRIC_PRESENTATION_REPRESENTATION (  '', ( #8542 ), #232 ) ;
#589 = CARTESIAN_POINT ( 'NONE',  ( -2.500000000000000888, 0.000000000000000000, 0.3750000000000001110 ) ) ;
#590 = FACE_OUTER_BOUND ( 'NONE', #2707, .T. ) ;
#591 = AXIS2_PLACEMENT_3D ( 'NONE', #3911, #2265, #5480 ) ;
#592 = ORIENTED_EDGE ( 'NONE', *, *, #10491, .T. ) ;
#593 = CARTESIAN_POINT ( 'NONE',  ( 2.500000000000000000, 0.05000000000000000278, 2.499999999999999556 ) ) ;
#594 = VERTEX_POINT ( 'NONE', #7020 ) ;
#595 = VERTEX_POINT ( 'NONE', #2635 ) ;
#596 = FACE_OUTER_BOUND ( 'NONE', #7203, .T. ) ;
#597 = VERTEX_POINT ( 'NONE', #4456 ) ;
#598 = PLANE ( 'NONE',  #5045 ) ;
#599 =( GEOMETRIC_REPRESENTATION_CONTEXT ( 3 ) GLOBAL_UNCERTAINTY_ASSIGNED_CONTEXT ( ( #942 ) ) GLOBAL_UNIT_ASSIGNED_CONTEXT ( ( #5227, #7727, #4235 ) ) REPRESENTATION_CONTEXT ( 'NONE', 'WORKASPACE' ) );
#600 = DIRECTION ( 'NONE',  ( -3.469446951953614583E-15, 0.000000000000000000, -1.000000000000000000 ) ) ;
#601 = AXIS2_PLACEMENT_3D ( 'NONE', #3785, #9819, #10422 ) ;
#602 = CYLINDRICAL_SURFACE ( 'NONE', #7051, 0.1250000000000001110 ) ;
#603 = ADVANCED_FACE ( 'NONE', ( #9508 ), #3522, .F. ) ;
#605 = VERTEX_POINT ( 'NONE', #8615 ) ;
#604 = FACE_OUTER_BOUND ( 'NONE', #7993, .T. ) ;
#606 = CARTESIAN_POINT ( 'NONE',  ( 2.500000000000000888, 0.6716990566028309129, 0.3750000000000001110 ) ) ;
#607 = ORIENTED_EDGE ( 'NONE', *, *, #1295, .F. ) ;
#608 = ORIENTED_EDGE ( 'NONE', *, *, #8211, .T. ) ;
#609 = LINE ( 'NONE', #2491, #216 ) ;
#610 = ORIENTED_EDGE ( 'NONE', *, *, #1794, .T. ) ;
#611 = FILL_AREA_STYLE_COLOUR ( '', #4664 ) ;
#612 = ADVANCED_FACE ( 'NONE', ( #6064 ), #10382, .T. ) ;
#613 = EDGE_CURVE ( 'NONE', #8144, #2721, #84, .T. ) ;
#614 = VECTOR ( 'NONE', #2800, 1000.000000000000000 ) ;
#615 = EDGE_CURVE ( 'NONE', #19, #8904, #7847, .T. ) ;
#616 = EDGE_CURVE ( 'NONE', #4708, #4063, #1925, .T. ) ;
#617 = CARTESIAN_POINT ( 'NONE',  ( 2.500000000000000888, 0.000000000000000000, -0.3749999999999996669 ) ) ;
#618 = ORIENTED_EDGE ( 'NONE', *, *, #7788, .T. ) ;
#619 = ORIENTED_EDGE ( 'NONE', *, *, #3842, .T. ) ;
#620 = LINE ( 'NONE', #7495, #3411 ) ;
#621 = CYLINDRICAL_SURFACE ( 'NONE', #586, 0.1250000000000001110 ) ;
#622 = DIRECTION ( 'NONE',  ( 0.000000000000000000, -1.000000000000000000, 0.000000000000000000 ) ) ;
#623 = LINE ( 'NONE', #6557, #4020 ) ;
#624 = DIRECTION ( 'NONE',  ( -0.000000000000000000, -1.000000000000000000, -0.000000000000000000 ) ) ;
#625 = VECTOR ( 'NONE', #10731, 1000.000000000000000 ) ;
#626 = CLOSED_SHELL ( 'NONE', ( #4685, #9314, #360, #10850, #9215, #4215 ) ) ;
#627 = CYLINDRICAL_SURFACE ( 'NONE', #7932, 0.1250000000000000000 ) ;
#628 = CARTESIAN_POINT ( 'NONE',  ( 0.6250000000000005551, 0.000000000000000000, -2.225000000000000977 ) ) ;
#629 = ORIENTED_EDGE ( 'NONE', *, *, #730, .T. ) ;
#630 = ORIENTED_EDGE ( 'NONE', *, *, #5011, .F. ) ;
#631 = VECTOR ( 'NONE', #9252, 1000.000000000000000 ) ;
#633 = ORIENTED_EDGE ( 'NONE', *, *, #2190, .T. ) ;
#632 = DIRECTION ( 'NONE',  ( 0.000000000000000000, 1.000000000000000000, 0.000000000000000000 ) ) ;
#634 =( NAMED_UNIT ( * ) SI_UNIT ( $, .STERADIAN. ) SOLID_ANGLE_UNIT ( ) );
#635 = FACE_OUTER_BOUND ( 'NONE', #3621, .T. ) ;
#636 = DIRECTION ( 'NONE',  ( -1.000000000000000000, 0.000000000000000000, 0.000000000000000000 ) ) ;
#637 = DIRECTION ( 'NONE',  ( 0.000000000000000000, -1.000000000000000000, 0.000000000000000000 ) ) ;
#638 = DIRECTION ( 'NONE',  ( 0.000000000000000000, 1.000000000000000000, 0.000000000000000000 ) ) ;
#639 = EDGE_CURVE ( 'NONE', #6542, #3445, #9453, .T. ) ;
#640 = CIRCLE ( 'NONE', #4000, 0.1250000000000001110 ) ;
#641 = AXIS2_PLACEMENT_3D ( 'NONE', #5017, #2476, #9236 ) ;
#642 = DIRECTION ( 'NONE',  ( 0.000000000000000000, 1.000000000000000000, -0.000000000000000000 ) ) ;
#643 = EDGE_LOOP ( 'NONE', ( #8655, #2283, #7484, #4421 ) ) ;
#644 = CARTESIAN_POINT ( 'NONE',  ( 1.050000000000000266, 3.169848480983500139, -1.050000000000000266 ) ) ;
#646 = ORIENTED_EDGE ( 'NONE', *, *, #404, .T. ) ;
#645 =( NAMED_UNIT ( * ) SI_UNIT ( $, .STERADIAN. ) SOLID_ANGLE_UNIT ( ) );
#647 = CARTESIAN_POINT ( 'NONE',  ( 2.500000000000000888, 0.04999999999999969746, -1.374999999999999778 ) ) ;
#648 = ORIENTED_EDGE ( 'NONE', *, *, #9097, .T. ) ;
#649 = FACE_OUTER_BOUND ( 'NONE', #9994, .T. ) ;
#650 = ORIENTED_EDGE ( 'NONE', *, *, #2950, .T. ) ;
#651 = AXIS2_PLACEMENT_3D ( 'NONE', #6684, #1633, #5952 ) ;
#652 = DIRECTION ( 'NONE',  ( -0.000000000000000000, -1.000000000000000000, -0.000000000000000000 ) ) ;
#653 = CARTESIAN_POINT ( 'NONE',  ( -1.124999999999998668, 0.6716990566028311349, 2.500000000000000444 ) ) ;
#654 = AXIS2_PLACEMENT_3D ( 'NONE', #7877, #3606, #7054 ) ;
#655 = EDGE_CURVE ( 'NONE', #4482, #8917, #3463, .T. ) ;
#656 = EDGE_CURVE ( 'NONE', #594, #1302, #1863, .T. ) ;
#657 = VECTOR ( 'NONE', #2025, 1000.000000000000000 ) ;
#658 = VECTOR ( 'NONE', #356, 1000.000000000000000 ) ;
#659 = AXIS2_PLACEMENT_3D ( 'NONE', #7774, #1678, #6046 ) ;
#660 = DIRECTION ( 'NONE',  ( -1.000000000000000000, 0.000000000000000000, -0.000000000000000000 ) ) ;
#661 = CARTESIAN_POINT ( 'NONE',  ( 1.125000000000001332, 0.2000000000000000111, 2.500000000000001332 ) ) ;
#662 = CIRCLE ( 'NONE', #4022, 0.1250000000000001110 ) ;
#664 = ORIENTED_EDGE ( 'NONE', *, *, #3030, .T. ) ;
#663 = FACE_OUTER_BOUND ( 'NONE', #1435, .T. ) ;
#665 = LINE ( 'NONE', #10670, #6144 ) ;
#666 = ORIENTED_EDGE ( 'NONE', *, *, #10732, .F. ) ;
#667 = ORIENTED_EDGE ( 'NONE', *, *, #3359, .F. ) ;
#668 = DIRECTION ( 'NONE',  ( 0.000000000000000000, 0.000000000000000000, 1.000000000000000000 ) ) ;
#669 = VERTEX_POINT ( 'NONE', #5119 ) ;
#670 = CARTESIAN_POINT ( 'NONE',  ( 0.6250000000000005551, 0.04999999999999999584, -2.225000000000000977 ) ) ;
#671 = CIRCLE ( 'NONE', #2263, 0.1250000000000001110 ) ;
#672 = CIRCLE ( 'NONE', #9695, 0.1250000000000000000 ) ;
#673 = CARTESIAN_POINT ( 'NONE',  ( -0.3749999999999986122, 0.2000000000000000111, 2.500000000000001332 ) ) ;
#674 = ORIENTED_EDGE ( 'NONE', *, *, #2152, .F. ) ;
#675 = ORIENTED_EDGE ( 'NONE', *, *, #1805, .F. ) ;
#676 = CARTESIAN_POINT ( 'NONE',  ( -1.749999999999999334, 0.2000000000000000111, -2.225000000000000977 ) ) ;
#677 = EDGE_CURVE ( 'NONE', #4082, #8155, #5234, .T. ) ;
#678 = DIRECTION ( 'NONE',  ( 0.000000000000000000, 1.000000000000000000, 0.000000000000000000 ) ) ;
#679 = CARTESIAN_POINT ( 'NONE',  ( 0.7500000000000006661, 0.000000000000000000, 2.100000000000000533 ) ) ;
#680 = FACE_OUTER_BOUND ( 'NONE', #1093, .T. ) ;
#681 = PLANE ( 'NONE',  #9685 ) ;
#682 = EDGE_CURVE ( 'NONE', #1027, #4298, #1807, .T. ) ;
#683 = EDGE_CURVE ( 'NONE', #4916, #2599, #964, .T. ) ;
#684 = EDGE_CURVE ( 'NONE', #802, #8560, #1781, .T. ) ;
#685 = CARTESIAN_POINT ( 'NONE',  ( 2.500000000000000000, 0.05000000000000000278, 2.499999999999999556 ) ) ;
#686 = PLANE ( 'NONE',  #10442 ) ;
#687 = VERTEX_POINT ( 'NONE', #2087 ) ;
#688 = VERTEX_POINT ( 'NONE', #4679 ) ;
#690 = VERTEX_POINT ( 'NONE', #5349 ) ;
#689 = CARTESIAN_POINT ( 'NONE',  ( -2.225000000000000533, 0.6716990566028309129, -0.8749999999999998890 ) ) ;
#691 = SURFACE_STYLE_FILL_AREA ( #10753 ) ;
#692 = DIRECTION ( 'NONE',  ( 0.000000000000000000, -0.000000000000000000, 1.000000000000000000 ) ) ;
#693 = DIRECTION ( 'NONE',  ( 0.000000000000000000, 0.000000000000000000, -1.000000000000000000 ) ) ;
#694 = DIRECTION ( 'NONE',  ( 0.000000000000000000, -1.000000000000000000, 0.000000000000000000 ) ) ;
#695 = EDGE_CURVE ( 'NONE', #250, #4772, #7129, .T. ) ;
#696 = CARTESIAN_POINT ( 'NONE',  ( -2.225000000000000533, 0.000000000000000000, -0.7500000000000002220 ) ) ;
#697 = ADVANCED_FACE ( 'NONE', ( #3692 ), #8724, .F. ) ;
#698 = ORIENTED_EDGE ( 'NONE', *, *, #1907, .T. ) ;
#699 = DIRECTION ( 'NONE',  ( 0.000000000000000000, 0.000000000000000000, 1.000000000000000000 ) ) ;
#700 = ORIENTED_EDGE ( 'NONE', *, *, #3330, .F. ) ;
#701 = PLANE ( 'NONE',  #4539 ) ;
#702 = VERTEX_POINT ( 'NONE', #7077 ) ;
#703 = LINE ( 'NONE', #5806, #6600 ) ;
#705 = ORIENTED_EDGE ( 'NONE', *, *, #4630, .T. ) ;
#704 = CARTESIAN_POINT ( 'NONE',  ( 2.500000000000000888, 0.1999999999999999833, 0.1250000000000002776 ) ) ;
#706 = CARTESIAN_POINT ( 'NONE',  ( -2.225000000000000533, 0.05000000000000002359, -1.750000000000000222 ) ) ;
#707 = DIRECTION ( 'NONE',  ( 0.000000000000000000, -1.000000000000000000, 0.000000000000000000 ) ) ;
#708 = CIRCLE ( 'NONE', #2662, 0.1250000000000001110 ) ;
#709 = DIRECTION ( 'NONE',  ( 0.000000000000000000, -0.000000000000000000, 1.000000000000000000 ) ) ;
#710 = CARTESIAN_POINT ( 'NONE',  ( -0.1249999999999992506, 0.6716990566028311349, 2.225000000000000977 ) ) ;
#711 = EDGE_CURVE ( 'NONE', #6514, #349, #10600, .T. ) ;
#713 = ORIENTED_EDGE ( 'NONE', *, *, #5633, .T. ) ;
#712 = CARTESIAN_POINT ( 'NONE',  ( -2.500000000000000888, 0.6716990566028309129, -1.125000000000000000 ) ) ;
#714 = DIRECTION ( 'NONE',  ( -0.000000000000000000, -1.000000000000000000, 0.000000000000000000 ) ) ;
#715 = EDGE_LOOP ( 'NONE', ( #1897, #2694, #3034, #7095 ) ) ;
#716 = VERTEX_POINT ( 'NONE', #2194 ) ;
#717 = CARTESIAN_POINT ( 'NONE',  ( -1.749999999999999334, 0.2000000000000000111, -2.225000000000000977 ) ) ;
#718 = ORIENTED_EDGE ( 'NONE', *, *, #10708, .F. ) ;
#719 = SURFACE_SIDE_STYLE ('',( #9368 ) ) ;
#720 = DIRECTION ( 'NONE',  ( 0.000000000000000000, 1.000000000000000000, 0.000000000000000000 ) ) ;
#721 = VECTOR ( 'NONE', #1603, 1000.000000000000000 ) ;
#722 = ADVANCED_FACE ( 'NONE', ( #4574 ), #10637, .T. ) ;
#723 = CARTESIAN_POINT ( 'NONE',  ( -2.225000000000000533, 0.1999999999999999833, 1.124999999999999778 ) ) ;
#724 = EDGE_LOOP ( 'NONE', ( #6831, #8401, #7577, #7631 ) ) ;
#725 = ORIENTED_EDGE ( 'NONE', *, *, #1203, .T. ) ;
#726 = DIRECTION ( 'NONE',  ( 0.000000000000000000, 0.000000000000000000, 1.000000000000000000 ) ) ;
#727 = DIRECTION ( 'NONE',  ( 0.000000000000000000, 0.000000000000000000, 1.000000000000000000 ) ) ;
#728 = FACE_OUTER_BOUND ( 'NONE', #3511, .T. ) ;
#729 = FACE_OUTER_BOUND ( 'NONE', #6000, .T. ) ;
#730 = EDGE_CURVE ( 'NONE', #1233, #7221, #708, .T. ) ;
#731 = CARTESIAN_POINT ( 'NONE',  ( -2.000000000000000888, 1.000000000000000000, -2.200000000000000178 ) ) ;
#732 = CYLINDRICAL_SURFACE ( 'NONE', #2314, 0.1250000000000001110 ) ;
#733 = ADVANCED_FACE ( 'NONE', ( #1134 ), #5569, .T. ) ;
#734 = EDGE_LOOP ( 'NONE', ( #5869, #7186, #9036, #4721 ) ) ;
#735 = VERTEX_POINT ( 'NONE', #363 ) ;
#736 = EDGE_CURVE ( 'NONE', #2736, #6848, #3020, .T. ) ;
#738 = ORIENTED_EDGE ( 'NONE', *, *, #8124, .T. ) ;
#737 = PLANE ( 'NONE',  #2733 ) ;
#739 = SURFACE_STYLE_USAGE ( .BOTH. , #3135 ) ;
#740 = SURFACE_SIDE_STYLE ('',( #691 ) ) ;
#741 = DIRECTION ( 'NONE',  ( 2.365532012695649373E-15, -0.000000000000000000, 1.000000000000000000 ) ) ;
#742 = LINE ( 'NONE', #2517, #1001 ) ;
#743 = AXIS2_PLACEMENT_3D ( 'NONE', #1675, #10740, #3174 ) ;
#744 = ADVANCED_FACE ( 'NONE', ( #9776 ), #10434, .F. ) ;
#745 = LINE ( 'NONE', #4125, #7662 ) ;
#746 = VECTOR ( 'NONE', #1762, 1000.000000000000000 ) ;
#747 = VECTOR ( 'NONE', #2548, 1000.000000000000000 ) ;
#748 = LINE ( 'NONE', #4130, #9205 ) ;
#749 = EDGE_CURVE ( 'NONE', #2072, #4285, #893, .T. ) ;
#750 = ORIENTED_EDGE ( 'NONE', *, *, #453, .T. ) ;
#751 = ORIENTED_EDGE ( 'NONE', *, *, #10849, .F. ) ;
#752 = ADVANCED_FACE ( 'NONE', ( #7902 ), #4625, .F. ) ;
#753 = CARTESIAN_POINT ( 'NONE',  ( 0.3750000000000014433, 0.000000000000000000, 2.500000000000000444 ) ) ;
#755 = ORIENTED_EDGE ( 'NONE', *, *, #613, .F. ) ;
#754 = DIRECTION ( 'NONE',  ( 0.000000000000000000, 0.000000000000000000, -1.000000000000000000 ) ) ;
#756 = ADVANCED_FACE ( 'NONE', ( #8942 ), #416, .F. ) ;
#757 = CARTESIAN_POINT ( 'NONE',  ( -1.874999999999999334, 0.000000000000000000, 2.225000000000000977 ) ) ;
#758 = DIRECTION ( 'NONE',  ( -0.000000000000000000, -1.000000000000000000, -0.000000000000000000 ) ) ;
#760 = ORIENTED_EDGE ( 'NONE', *, *, #1794, .F. ) ;
#759 = LINE ( 'NONE', #10873, #1724 ) ;
#761 = CARTESIAN_POINT ( 'NONE',  ( -2.500000000000000888, 0.6716990566028309129, 0.3750000000000001110 ) ) ;
#762 = VECTOR ( 'NONE', #2729, 1000.000000000000000 ) ;
#763 = CARTESIAN_POINT ( 'NONE',  ( 0.3750000000000014433, 0.6716990566028311349, 2.500000000000000444 ) ) ;
#764 = AXIS2_PLACEMENT_3D ( 'NONE', #7785, #3412, #6115 ) ;
#765 = AXIS2_PLACEMENT_3D ( 'NONE', #8015, #4579, #422 ) ;
#766 = VECTOR ( 'NONE', #9007, 1000.000000000000000 ) ;
#767 = DIRECTION ( 'NONE',  ( -1.000000000000000000, 0.000000000000000000, 0.000000000000000000 ) ) ;
#768 = CARTESIAN_POINT ( 'NONE',  ( -2.500000000000000888, 0.6716990566028309129, -1.374999999999999778 ) ) ;
#770 = VERTEX_POINT ( 'NONE', #2915 ) ;
#769 = CARTESIAN_POINT ( 'NONE',  ( 2.500000000000000888, 0.04999999999999969746, 1.125000000000000444 ) ) ;
#771 = DIRECTION ( 'NONE',  ( 0.000000000000000000, 0.000000000000000000, -1.000000000000000000 ) ) ;
#772 = ORIENTED_EDGE ( 'NONE', *, *, #5290, .T. ) ;
#773 = ORIENTED_EDGE ( 'NONE', *, *, #3294, .T. ) ;
#774 = CARTESIAN_POINT ( 'NONE',  ( -2.500000000000000888, 0.1999999999999999833, -0.1249999999999998890 ) ) ;
#775 = ORIENTED_EDGE ( 'NONE', *, *, #6301, .F. ) ;
#776 = LINE ( 'NONE', #50, #3293 ) ;
#777 = CARTESIAN_POINT ( 'NONE',  ( 0.6250000000000007772, 0.6716990566028311349, -2.500000000000000444 ) ) ;
#778 =( GEOMETRIC_REPRESENTATION_CONTEXT ( 3 ) GLOBAL_UNCERTAINTY_ASSIGNED_CONTEXT ( ( #7712 ) ) GLOBAL_UNIT_ASSIGNED_CONTEXT ( ( #7617, #6834, #8496 ) ) REPRESENTATION_CONTEXT ( 'NONE', 'WORKASPACE' ) );
#779 = ADVANCED_FACE ( 'NONE', ( #8776 ), #9669, .F. ) ;
#780 = MECHANICAL_DESIGN_GEOMETRIC_PRESENTATION_REPRESENTATION (  '', ( #1132 ), #7511 ) ;
#781 = LINE ( 'NONE', #3388, #7235 ) ;
#782 = ORIENTED_EDGE ( 'NONE', *, *, #1353, .T. ) ;
#783 = VERTEX_POINT ( 'NONE', #5514 ) ;
#784 = LINE ( 'NONE', #3345, #8527 ) ;
#785 = DIRECTION ( 'NONE',  ( -0.000000000000000000, -1.000000000000000000, -0.000000000000000000 ) ) ;
#786 = DIRECTION ( 'NONE',  ( 0.000000000000000000, 1.000000000000000000, 0.000000000000000000 ) ) ;
#787 = DIRECTION ( 'NONE',  ( -2.365532012695648978E-15, 0.000000000000000000, -1.000000000000000000 ) ) ;
#788 = EDGE_CURVE ( 'NONE', #2224, #5010, #1300, .T. ) ;
#789 = AXIS2_PLACEMENT_3D ( 'NONE', #1369, #8346, #4078 ) ;
#790 = DIRECTION ( 'NONE',  ( 0.000000000000000000, -1.000000000000000000, 0.000000000000000000 ) ) ;
#791 = DIRECTION ( 'NONE',  ( 0.000000000000000000, -1.000000000000000000, 0.000000000000000000 ) ) ;
#792 = ORIENTED_EDGE ( 'NONE', *, *, #837, .T. ) ;
#793 = VERTEX_POINT ( 'NONE', #524 ) ;
#795 = ORIENTED_EDGE ( 'NONE', *, *, #10926, .F. ) ;
#794 =( NAMED_UNIT ( * ) SI_UNIT ( $, .STERADIAN. ) SOLID_ANGLE_UNIT ( ) );
#796 = ORIENTED_EDGE ( 'NONE', *, *, #7017, .T. ) ;
#797 = CARTESIAN_POINT ( 'NONE',  ( 1.875000000000000888, 0.6716990566028311349, -2.500000000000000444 ) ) ;
#798 = DIRECTION ( 'NONE',  ( -0.000000000000000000, -0.000000000000000000, 1.000000000000000000 ) ) ;
#799 = LINE ( 'NONE', #4178, #578 ) ;
#800 = DIRECTION ( 'NONE',  ( 1.000000000000000000, -0.000000000000000000, -3.469446951953614189E-15 ) ) ;
#801 = ORIENTED_EDGE ( 'NONE', *, *, #548, .T. ) ;
#802 = VERTEX_POINT ( 'NONE', #3898 ) ;
#804 = ORIENTED_EDGE ( 'NONE', *, *, #7565, .T. ) ;
#803 = FILL_AREA_STYLE_COLOUR ( '', #10842 ) ;
#805 = DIRECTION ( 'NONE',  ( -0.000000000000000000, -1.000000000000000000, -0.000000000000000000 ) ) ;
#806 = DIRECTION ( 'NONE',  ( 0.000000000000000000, 0.000000000000000000, 1.000000000000000000 ) ) ;
#808 = EDGE_LOOP ( 'NONE', ( #9687, #6418, #2222, #10682 ) ) ;
#807 = DIRECTION ( 'NONE',  ( 0.000000000000000000, -1.000000000000000000, 0.000000000000000000 ) ) ;
#809 = EDGE_CURVE ( 'NONE', #8398, #7536, #7624, .T. ) ;
#810 = CARTESIAN_POINT ( 'NONE',  ( 0.6250000000000003331, 0.2000000000000005107, -2.500000000000000444 ) ) ;
#811 = DIRECTION ( 'NONE',  ( 0.000000000000000000, 1.000000000000000000, 0.000000000000000000 ) ) ;
#812 = VECTOR ( 'NONE', #6698, 1000.000000000000000 ) ;
#813 = EDGE_CURVE ( 'NONE', #10930, #1373, #2846, .T. ) ;
#814 = ADVANCED_FACE ( 'NONE', ( #6457 ), #5840, .T. ) ;
#815 = EDGE_CURVE ( 'NONE', #8687, #5631, #9934, .T. ) ;
#816 = COLOUR_RGB ( '',0.7921568627450980005, 0.8196078431372548767, 0.9333333333333333481 ) ;
#817 = DIRECTION ( 'NONE',  ( 0.000000000000000000, 0.000000000000000000, -1.000000000000000000 ) ) ;
#818 = LINE ( 'NONE', #5023, #6686 ) ;
#819 = PLANE ( 'NONE',  #10218 ) ;
#821 = ORIENTED_EDGE ( 'NONE', *, *, #8746, .T. ) ;
#820 = CARTESIAN_POINT ( 'NONE',  ( -2.225000000000000533, 0.1999999999999999833, 1.125000000000000222 ) ) ;
#822 = CARTESIAN_POINT ( 'NONE',  ( -0.2499999999999993616, 0.000000000000000000, -2.225000000000000977 ) ) ;
#823 = VERTEX_POINT ( 'NONE', #8220 ) ;
#824 = VERTEX_POINT ( 'NONE', #3290 ) ;
#825 = LINE ( 'NONE', #9144, #2336 ) ;
#826 = VERTEX_POINT ( 'NONE', #628 ) ;
#827 = AXIS2_PLACEMENT_3D ( 'NONE', #8265, #9979, #6550 ) ;
#828 = AXIS2_PLACEMENT_3D ( 'NONE', #9404, #5306, #8565 ) ;
#829 = PRESENTATION_STYLE_ASSIGNMENT (( #8421 ) ) ;
#830 = ADVANCED_FACE ( 'NONE', ( #10799 ), #732, .F. ) ;
#831 = VECTOR ( 'NONE', #7640, 1000.000000000000000 ) ;
#832 = VECTOR ( 'NONE', #5253, 1000.000000000000000 ) ;
#833 = AXIS2_PLACEMENT_3D ( 'NONE', #1490, #9033, #1271 ) ;
#834 = VECTOR ( 'NONE', #6005, 1000.000000000000000 ) ;
#835 = CARTESIAN_POINT ( 'NONE',  ( -0.8749999999999992228, 0.2000000000000000111, -2.500000000000000444 ) ) ;
#836 = VERTEX_POINT ( 'NONE', #9110 ) ;
#837 = EDGE_CURVE ( 'NONE', #2917, #4974, #10915, .T. ) ;
#838 = EDGE_LOOP ( 'NONE', ( #7039, #5140, #3851, #8186 ) ) ;
#839 = UNCERTAINTY_MEASURE_WITH_UNIT (LENGTH_MEASURE( 1.000000000000000082E-05 ), #2302, 'distance_accuracy_value', 'NONE');
#840 = PLANE ( 'NONE',  #7351 ) ;
#841 = AXIS2_PLACEMENT_3D ( 'NONE', #325, #2984, #377 ) ;
#842 = LINE ( 'NONE', #4275, #6609 ) ;
#843 = DIRECTION ( 'NONE',  ( 0.000000000000000000, -1.000000000000000000, 0.000000000000000000 ) ) ;
#844 = VECTOR ( 'NONE', #8162, 1000.000000000000000 ) ;
#845 = CARTESIAN_POINT ( 'NONE',  ( 1.375000000000000888, 0.2000000000000000111, -2.225000000000000977 ) ) ;
#846 = VECTOR ( 'NONE', #336, 1000.000000000000000 ) ;
#847 = LINE ( 'NONE', #7613, #130 ) ;
#848 = LINE ( 'NONE', #8438, #4953 ) ;
#849 = VERTEX_POINT ( 'NONE', #4993 ) ;
#850 = ORIENTED_EDGE ( 'NONE', *, *, #2645, .T. ) ;
#852 = ORIENTED_EDGE ( 'NONE', *, *, #8100, .F. ) ;
#851 = FILL_AREA_STYLE ('',( #5948 ) ) ;
#853 = EDGE_CURVE ( 'NONE', #595, #7283, #8329, .T. ) ;
#854 = EDGE_LOOP ( 'NONE', ( #7628, #5801, #9564, #4462 ) ) ;
#855 = LINE ( 'NONE', #10264, #1658 ) ;
#856 = DIRECTION ( 'NONE',  ( -1.032573497605242224E-16, 0.000000000000000000, 1.000000000000000000 ) ) ;
#857 = DIRECTION ( 'NONE',  ( 0.000000000000000000, -1.000000000000000000, 0.000000000000000000 ) ) ;
#858 = DIRECTION ( 'NONE',  ( 0.000000000000000000, -1.000000000000000000, 0.000000000000000000 ) ) ;
#859 = DIRECTION ( 'NONE',  ( -0.000000000000000000, -1.000000000000000000, -0.000000000000000000 ) ) ;
#860 = ORIENTED_EDGE ( 'NONE', *, *, #4473, .F. ) ;
#861 = ORIENTED_EDGE ( 'NONE', *, *, #5364, .T. ) ;
#862 = EDGE_CURVE ( 'NONE', #1259, #3114, #2459, .T. ) ;
#864 = EDGE_LOOP ( 'NONE', ( #1732, #6182, #801, #6747 ) ) ;
#863 =( NAMED_UNIT ( * ) PLANE_ANGLE_UNIT ( ) SI_UNIT ( $, .RADIAN. ) );
#865 = PLANE ( 'NONE',  #5770 ) ;
#866 = DIRECTION ( 'NONE',  ( 0.000000000000000000, 0.000000000000000000, -1.000000000000000000 ) ) ;
#868 = ORIENTED_EDGE ( 'NONE', *, *, #9490, .F. ) ;
#867 = DIRECTION ( 'NONE',  ( -0.000000000000000000, -1.000000000000000000, -0.000000000000000000 ) ) ;
#869 = DIRECTION ( 'NONE',  ( 0.000000000000000000, -1.000000000000000000, 0.000000000000000000 ) ) ;
#870 = DIRECTION ( 'NONE',  ( 1.000000000000000000, 0.000000000000000000, -2.365532012695641878E-15 ) ) ;
#871 = PLANE ( 'NONE',  #7790 ) ;
#872 = CARTESIAN_POINT ( 'NONE',  ( -2.500000000000000888, 0.1999999999999999833, 0.8750000000000001110 ) ) ;
#873 = MECHANICAL_DESIGN_GEOMETRIC_PRESENTATION_REPRESENTATION (  '', ( #9043 ), #7088 ) ;
#874 = CARTESIAN_POINT ( 'NONE',  ( 2.225000000000000533, 0.1999999999999999833, -0.8750000000000003331 ) ) ;
#876 = ORIENTED_EDGE ( 'NONE', *, *, #4952, .T. ) ;
#875 = FACE_OUTER_BOUND ( 'NONE', #9386, .T. ) ;
#877 = LINE ( 'NONE', #6813, #120 ) ;
#879 = ORIENTED_EDGE ( 'NONE', *, *, #4835, .T. ) ;
#878 = EDGE_CURVE ( 'NONE', #5855, #1076, #6512, .T. ) ;
#880 = ORIENTED_EDGE ( 'NONE', *, *, #7399, .T. ) ;
#881 = DIRECTION ( 'NONE',  ( -0.000000000000000000, -1.000000000000000000, -0.000000000000000000 ) ) ;
#882 = ORIENTED_EDGE ( 'NONE', *, *, #70, .F. ) ;
#883 = EDGE_CURVE ( 'NONE', #7337, #6632, #2298, .T. ) ;
#884 = DIRECTION ( 'NONE',  ( 0.000000000000000000, 1.000000000000000000, 0.000000000000000000 ) ) ;
#885 = EDGE_CURVE ( 'NONE', #1872, #8779, #8679, .T. ) ;
#886 = LINE ( 'NONE', #3655, #239 ) ;
#887 = VECTOR ( 'NONE', #10499, 1000.000000000000000 ) ;
#888 = LINE ( 'NONE', #4219, #6699 ) ;
#890 = ORIENTED_EDGE ( 'NONE', *, *, #948, .F. ) ;
#889 = EDGE_CURVE ( 'NONE', #3886, #9553, #2349, .T. ) ;
#891 = VERTEX_POINT ( 'NONE', #7503 ) ;
#892 = CARTESIAN_POINT ( 'NONE',  ( -1.749999999999999334, 0.2000000000000000111, 2.225000000000000977 ) ) ;
#893 = CIRCLE ( 'NONE', #9382, 0.1250000000000001110 ) ;
#894 = CARTESIAN_POINT ( 'NONE',  ( -1.749999999999999334, 0.2000000000000000111, -2.225000000000000977 ) ) ;
#895 = ADVANCED_FACE ( 'NONE', ( #7561 ), #686, .F. ) ;
#896 = CARTESIAN_POINT ( 'NONE',  ( -1.374999999999999334, 0.04999999999999969746, -2.500000000000000444 ) ) ;
#897 = CARTESIAN_POINT ( 'NONE',  ( -1.374999999999998668, 0.1999999999999999833, 2.500000000000001332 ) ) ;
#898 = VECTOR ( 'NONE', #6975, 1000.000000000000000 ) ;
#899 = CARTESIAN_POINT ( 'NONE',  ( -1.874999999999998668, 0.000000000000000000, 2.500000000000001332 ) ) ;
#900 = ORIENTED_EDGE ( 'NONE', *, *, #2255, .T. ) ;
#901 = EDGE_LOOP ( 'NONE', ( #9481, #5983, #1218, #505 ) ) ;
#902 = DIRECTION ( 'NONE',  ( -0.000000000000000000, -1.000000000000000000, -0.000000000000000000 ) ) ;
#903 = EDGE_LOOP ( 'NONE', ( #8623, #4392, #6936, #8677 ) ) ;
#904 = CARTESIAN_POINT ( 'NONE',  ( -1.749999999999999334, 0.2000000000000000111, 2.225000000000000977 ) ) ;
#905 = DIRECTION ( 'NONE',  ( 0.000000000000000000, -1.000000000000000000, 0.000000000000000000 ) ) ;
#906 = LINE ( 'NONE', #2741, #2241 ) ;
#907 = DIRECTION ( 'NONE',  ( 2.365532012695649373E-15, 0.000000000000000000, 1.000000000000000000 ) ) ;
#908 = ADVANCED_FACE ( 'NONE', ( #9169 ), #6675, .F. ) ;
#909 = EDGE_CURVE ( 'NONE', #10172, #5532, #8163, .T. ) ;
#910 = LINE ( 'NONE', #6899, #5977 ) ;
#911 = CARTESIAN_POINT ( 'NONE',  ( 2.225000000000000533, 0.000000000000000000, 0.3750000000000001110 ) ) ;
#912 = VERTEX_POINT ( 'NONE', #4892 ) ;
#913 = ORIENTED_EDGE ( 'NONE', *, *, #2578, .T. ) ;
#914 = VECTOR ( 'NONE', #10517, 1000.000000000000000 ) ;
#916 = ORIENTED_EDGE ( 'NONE', *, *, #5231, .F. ) ;
#915 = DIRECTION ( 'NONE',  ( 0.000000000000000000, -1.000000000000000000, 0.000000000000000000 ) ) ;
#917 = DIRECTION ( 'NONE',  ( 0.000000000000000000, 1.000000000000000000, 0.000000000000000000 ) ) ;
#919 = ORIENTED_EDGE ( 'NONE', *, *, #7396, .T. ) ;
#918 = DIRECTION ( 'NONE',  ( -0.000000000000000000, -1.000000000000000000, -0.000000000000000000 ) ) ;
#920 = DIRECTION ( 'NONE',  ( 0.000000000000000000, -1.000000000000000000, 0.000000000000000000 ) ) ;
#921 = LINE ( 'NONE', #2758, #397 ) ;
#922 = AXIS2_PLACEMENT_3D ( 'NONE', #2714, #9476, #1888 ) ;
#923 = VECTOR ( 'NONE', #7633, 1000.000000000000000 ) ;
#924 = ADVANCED_FACE ( 'NONE', ( #8282 ), #4061, .F. ) ;
#925 = DIRECTION ( 'NONE',  ( -0.000000000000000000, -1.000000000000000000, -0.000000000000000000 ) ) ;
#926 = DIRECTION ( 'NONE',  ( 0.000000000000000000, 0.000000000000000000, 1.000000000000000000 ) ) ;
#927 = DIRECTION ( 'NONE',  ( 0.000000000000000000, -1.000000000000000000, 0.000000000000000000 ) ) ;
#929 = ORIENTED_EDGE ( 'NONE', *, *, #3262, .F. ) ;
#928 = CARTESIAN_POINT ( 'NONE',  ( -2.500000000000000888, 0.6716990566028309129, 1.125000000000000444 ) ) ;
#930 = LINE ( 'NONE', #7430, #10380 ) ;
#931 = ORIENTED_EDGE ( 'NONE', *, *, #4454, .T. ) ;
#932 = ORIENTED_EDGE ( 'NONE', *, *, #2447, .T. ) ;
#933 = CARTESIAN_POINT ( 'NONE',  ( 1.625000000000000666, 0.2000000000000005107, -2.500000000000000444 ) ) ;
#934 = AXIS2_PLACEMENT_3D ( 'NONE', #6058, #4290, #6898 ) ;
#935 = ORIENTED_EDGE ( 'NONE', *, *, #7888, .F. ) ;
#936 = CARTESIAN_POINT ( 'NONE',  ( 2.225000000000000533, 0.1999999999999999833, 0.1250000000000001110 ) ) ;
#937 = VECTOR ( 'NONE', #1857, 1000.000000000000000 ) ;
#938 = CARTESIAN_POINT ( 'NONE',  ( 1.625000000000000888, 0.2000000000000000111, -2.500000000000000444 ) ) ;
#939 = LINE ( 'NONE', #7709, #5639 ) ;
#940 = ORIENTED_EDGE ( 'NONE', *, *, #4531, .T. ) ;
#941 = ORIENTED_EDGE ( 'NONE', *, *, #4066, .F. ) ;
#942 = UNCERTAINTY_MEASURE_WITH_UNIT (LENGTH_MEASURE( 1.000000000000000082E-05 ), #5227, 'distance_accuracy_value', 'NONE');
#943 = CARTESIAN_POINT ( 'NONE',  ( 1.050000000000000044, 0.000000000000000000, 1.050000000000000044 ) ) ;
#944 = CARTESIAN_POINT ( 'NONE',  ( -2.225000000000000533, 0.6716990566028309129, 0.1250000000000001110 ) ) ;
#945 = CARTESIAN_POINT ( 'NONE',  ( -0.1249999999999992506, 0.000000000000000000, 2.225000000000000977 ) ) ;
#946 = DIRECTION ( 'NONE',  ( 0.000000000000000000, 0.000000000000000000, 1.000000000000000000 ) ) ;
#947 = EDGE_CURVE ( 'NONE', #7691, #1052, #7981, .T. ) ;
#948 = EDGE_CURVE ( 'NONE', #9319, #6363, #848, .T. ) ;
#949 = EDGE_CURVE ( 'NONE', #7283, #2159, #4429, .T. ) ;
#950 = AXIS2_PLACEMENT_3D ( 'NONE', #458, #8713, #2851 ) ;
#951 = EDGE_CURVE ( 'NONE', #1627, #4683, #1242, .T. ) ;
#952 = CARTESIAN_POINT ( 'NONE',  ( -0.7499999999999993339, 0.2000000000000000111, 2.100000000000000533 ) ) ;
#953 = ORIENTED_EDGE ( 'NONE', *, *, #5995, .T. ) ;
#954 = ORIENTED_EDGE ( 'NONE', *, *, #10564, .T. ) ;
#955 = DIRECTION ( 'NONE',  ( -0.000000000000000000, -1.000000000000000000, -0.000000000000000000 ) ) ;
#956 = CARTESIAN_POINT ( 'NONE',  ( -2.500000000000000888, 0.1999999999999999833, 1.375000000000000222 ) ) ;
#957 = ORIENTED_EDGE ( 'NONE', *, *, #8022, .F. ) ;
#958 = SURFACE_STYLE_FILL_AREA ( #5166 ) ;
#959 = LINE ( 'NONE', #6055, #2611 ) ;
#960 = LINE ( 'NONE', #5294, #4889 ) ;
#961 = DIRECTION ( 'NONE',  ( -0.000000000000000000, -1.000000000000000000, -0.000000000000000000 ) ) ;
#962 = ADVANCED_FACE ( 'NONE', ( #7935 ), #2508, .T. ) ;
#963 = DIRECTION ( 'NONE',  ( 0.000000000000000000, 0.000000000000000000, -1.000000000000000000 ) ) ;
#964 = LINE ( 'NONE', #4346, #3723 ) ;
#965 = ORIENTED_EDGE ( 'NONE', *, *, #5579, .T. ) ;
#966 = ORIENTED_EDGE ( 'NONE', *, *, #7679, .F. ) ;
#967 = AXIS2_PLACEMENT_3D ( 'NONE', #2906, #7233, #9879 ) ;
#969 = ORIENTED_EDGE ( 'NONE', *, *, #8327, .T. ) ;
#968 =( NAMED_UNIT ( * ) PLANE_ANGLE_UNIT ( ) SI_UNIT ( $, .RADIAN. ) );
#970 =( NAMED_UNIT ( * ) SI_UNIT ( $, .STERADIAN. ) SOLID_ANGLE_UNIT ( ) );
#971 = ADVANCED_FACE ( 'NONE', ( #3402 ), #5327, .T. ) ;
#972 = CARTESIAN_POINT ( 'NONE',  ( -1.249999999999999334, 0.04999999999999999584, 2.100000000000000533 ) ) ;
#974 = VERTEX_POINT ( 'NONE', #10409 ) ;
#973 = FACE_OUTER_BOUND ( 'NONE', #7923, .T. ) ;
#975 = CARTESIAN_POINT ( 'NONE',  ( 0.2500000000000006661, 0.04999999999999999584, 2.225000000000000977 ) ) ;
#976 = PLANE ( 'NONE',  #7143 ) ;
#977 = VECTOR ( 'NONE', #1519, 1000.000000000000000 ) ;
#978 = DIRECTION ( 'NONE',  ( 0.000000000000000000, 0.000000000000000000, 1.000000000000000000 ) ) ;
#979 = CARTESIAN_POINT ( 'NONE',  ( -0.6249999999999985567, 0.6716990566028311349, 2.500000000000000444 ) ) ;
#980 = CARTESIAN_POINT ( 'NONE',  ( -0.7499999999999993339, 0.000000000000000000, 2.225000000000000977 ) ) ;
#982 = ORIENTED_EDGE ( 'NONE', *, *, #484, .T. ) ;
#981 = DIRECTION ( 'NONE',  ( -0.000000000000000000, 0.000000000000000000, -1.000000000000000000 ) ) ;
#983 = LINE ( 'NONE', #8688, #6678 ) ;
#984 = ORIENTED_EDGE ( 'NONE', *, *, #711, .T. ) ;
#985 = ORIENTED_EDGE ( 'NONE', *, *, #6035, .F. ) ;
#986 = CARTESIAN_POINT ( 'NONE',  ( -2.225000000000000533, 0.1999999999999999833, -0.6249999999999998890 ) ) ;
#987 = ORIENTED_EDGE ( 'NONE', *, *, #6887, .F. ) ;
#988 = AXIS2_PLACEMENT_3D ( 'NONE', #6032, #6653, #7649 ) ;
#989 = EDGE_CURVE ( 'NONE', #8030, #9273, #6781, .T. ) ;
#990 = LINE ( 'NONE', #10405, #8244 ) ;
#991 = EDGE_CURVE ( 'NONE', #8523, #2973, #5386, .T. ) ;
#992 = CARTESIAN_POINT ( 'NONE',  ( -0.2499999999999993616, 0.2000000000000000111, 2.100000000000000533 ) ) ;
#993 = VECTOR ( 'NONE', #10336, 1000.000000000000000 ) ;
#994 = VECTOR ( 'NONE', #8949, 1000.000000000000000 ) ;
#995 = CARTESIAN_POINT ( 'NONE',  ( -2.500000000000000888, 0.1999999999999999833, -0.1249999999999998890 ) ) ;
#996 = ORIENTED_EDGE ( 'NONE', *, *, #7625, .T. ) ;
#997 = ORIENTED_EDGE ( 'NONE', *, *, #8490, .F. ) ;
#998 = DIRECTION ( 'NONE',  ( 0.000000000000000000, -0.000000000000000000, 1.000000000000000000 ) ) ;
#999 = DIRECTION ( 'NONE',  ( -1.000000000000000000, 0.000000000000000000, 0.000000000000000000 ) ) ;
#1000 = DIRECTION ( 'NONE',  ( 1.000000000000000000, 0.000000000000000000, -7.885106708985472271E-16 ) ) ;
#1001 = VECTOR ( 'NONE', #5901, 1000.000000000000000 ) ;
#1002 = LINE ( 'NONE', #3394, #3493 ) ;
#1003 = CIRCLE ( 'NONE', #5254, 0.1250000000000001110 ) ;
#1004 = FACE_OUTER_BOUND ( 'NONE', #2421, .T. ) ;
#1005 = AXIS2_PLACEMENT_3D ( 'NONE', #6593, #5868, #1662 ) ;
#1006 = AXIS2_PLACEMENT_3D ( 'NONE', #9049, #9985, #7446 ) ;
#1007 = VECTOR ( 'NONE', #1547, 1000.000000000000000 ) ;
#1008 = CARTESIAN_POINT ( 'NONE',  ( 2.225000000000000533, 0.000000000000000000, -1.250000000000000222 ) ) ;
#1009 = EDGE_LOOP ( 'NONE', ( #8088, #6661, #3353, #1687 ) ) ;
#1010 = VERTEX_POINT ( 'NONE', #7818 ) ;
#1011 = DIRECTION ( 'NONE',  ( 0.000000000000000000, 0.000000000000000000, -1.000000000000000000 ) ) ;
#1012 = CARTESIAN_POINT ( 'NONE',  ( -1.374999999999999556, 0.2000000000000000111, -2.225000000000000977 ) ) ;
#1013 = CIRCLE ( 'NONE', #5984, 0.1250000000000001110 ) ;
#1014 = ORIENTED_EDGE ( 'NONE', *, *, #6410, .T. ) ;
#1015 = ADVANCED_FACE ( 'NONE', ( #8696 ), #8749, .F. ) ;
#1016 = CARTESIAN_POINT ( 'NONE',  ( -2.499999999999999556, 0.05000000000000000278, 2.500000000000000444 ) ) ;
#1017 = EDGE_CURVE ( 'NONE', #1825, #3867, #2889, .T. ) ;
#1018 = CARTESIAN_POINT ( 'NONE',  ( 1.125000000000000666, 0.2000000000000000111, -2.225000000000000977 ) ) ;
#1019 = EDGE_CURVE ( 'NONE', #2472, #10348, #335, .T. ) ;
#1020 = CARTESIAN_POINT ( 'NONE',  ( -1.374999999999998668, 0.000000000000000000, 2.500000000000001332 ) ) ;
#1021 = CARTESIAN_POINT ( 'NONE',  ( -1.624999999999998668, 0.000000000000000000, 2.500000000000000444 ) ) ;
#1022 = AXIS2_PLACEMENT_3D ( 'NONE', #7776, #1232, #8654 ) ;
#1023 = CARTESIAN_POINT ( 'NONE',  ( -1.624999999999998668, 0.2000000000000000111, 2.500000000000000444 ) ) ;
#1024 = EDGE_LOOP ( 'NONE', ( #1041, #8947, #6931, #5587, #4355, #7740, #8298, #7976, #7763, #6155, #4316, #7711, #9877, #2641, #2768, #3164, #10437, #192, #9794, #751, #5603, #8672, #2735, #1079, #10343, #1640, #2009, #1941, #6498, #3039, #9705, #7515, #4933, #900, #241, #3915 ) ) ;
#1025 = VERTEX_POINT ( 'NONE', #275 ) ;
#1027 = VERTEX_POINT ( 'NONE', #2059 ) ;
#1026 = PRESENTATION_STYLE_ASSIGNMENT (( #9400 ) ) ;
#1028 = EDGE_CURVE ( 'NONE', #1586, #2933, #1683, .T. ) ;
#1029 = DIRECTION ( 'NONE',  ( 1.000000000000000000, -0.000000000000000000, 0.000000000000000000 ) ) ;
#1031 = ORIENTED_EDGE ( 'NONE', *, *, #3117, .T. ) ;
#1030 = CARTESIAN_POINT ( 'NONE',  ( 2.500000000000000888, 0.04999999999999969746, -0.6249999999999998890 ) ) ;
#1032 = DIRECTION ( 'NONE',  ( -0.000000000000000000, -1.000000000000000000, -0.000000000000000000 ) ) ;
#1033 = DIRECTION ( 'NONE',  ( -0.000000000000000000, -1.000000000000000000, -0.000000000000000000 ) ) ;
#1034 = DIRECTION ( 'NONE',  ( 2.365532012695641878E-15, -0.000000000000000000, 1.000000000000000000 ) ) ;
#1035 = DIRECTION ( 'NONE',  ( 0.000000000000000000, -1.000000000000000000, 0.000000000000000000 ) ) ;
#1036 = CARTESIAN_POINT ( 'NONE',  ( -2.225000000000000533, 0.6716990566028309129, 1.124999999999999778 ) ) ;
#1038 = ORIENTED_EDGE ( 'NONE', *, *, #10878, .F. ) ;
#1037 = FILL_AREA_STYLE_COLOUR ( '', #6387 ) ;
#1039 = DIRECTION ( 'NONE',  ( -1.000000000000000000, 0.000000000000000000, -0.000000000000000000 ) ) ;
#1040 = VERTEX_POINT ( 'NONE', #8808 ) ;
#1041 = ORIENTED_EDGE ( 'NONE', *, *, #3736, .T. ) ;
#1042 = FACE_OUTER_BOUND ( 'NONE', #3008, .T. ) ;
#1043 = VERTEX_POINT ( 'NONE', #4599 ) ;
#1044 = DIRECTION ( 'NONE',  ( 0.000000000000000000, -1.000000000000000000, 0.000000000000000000 ) ) ;
#1045 = CARTESIAN_POINT ( 'NONE',  ( -1.749999999999999334, 0.04999999999999999584, -2.225000000000000977 ) ) ;
#1046 = EDGE_CURVE ( 'NONE', #4053, #8060, #1220, .T. ) ;
#1047 = EDGE_CURVE ( 'NONE', #1926, #10011, #10150, .T. ) ;
#1048 = EDGE_LOOP ( 'NONE', ( #7434, #9867, #167, #6053 ) ) ;
#1049 = CARTESIAN_POINT ( 'NONE',  ( -2.225000000000000533, 0.000000000000000000, -0.6249999999999998890 ) ) ;
#1050 = CARTESIAN_POINT ( 'NONE',  ( 0.8750000000000007772, 0.2000000000000000111, -2.225000000000000977 ) ) ;
#1051 = VERTEX_POINT ( 'NONE', #4431 ) ;
#1052 = VERTEX_POINT ( 'NONE', #7876 ) ;
#1053 = CARTESIAN_POINT ( 'NONE',  ( -2.225000000000000533, 0.6716990566028309129, -1.625000000000000000 ) ) ;
#1054 = VERTEX_POINT ( 'NONE', #221 ) ;
#1055 = LINE ( 'NONE', #5278, #4112 ) ;
#1056 = CYLINDRICAL_SURFACE ( 'NONE', #9328, 0.1250000000000001110 ) ;
#1057 = AXIS2_PLACEMENT_3D ( 'NONE', #1585, #3247, #1639 ) ;
#1058 = LINE ( 'NONE', #4608, #4193 ) ;
#1059 = AXIS2_PLACEMENT_3D ( 'NONE', #3791, #2860, #2141 ) ;
#1060 = FACE_OUTER_BOUND ( 'NONE', #5317, .T. ) ;
#1061 = ORIENTED_EDGE ( 'NONE', *, *, #9899, .F. ) ;
#1062 = ORIENTED_EDGE ( 'NONE', *, *, #2016, .F. ) ;
#1063 = CARTESIAN_POINT ( 'NONE',  ( -1.249999999999999334, 0.1999999999999999833, 2.100000000000000533 ) ) ;
#1064 = DIRECTION ( 'NONE',  ( 0.000000000000000000, -0.000000000000000000, -1.000000000000000000 ) ) ;
#1065 = ORIENTED_EDGE ( 'NONE', *, *, #4689, .F. ) ;
#1066 = SURFACE_STYLE_USAGE ( .BOTH. , #7071 ) ;
#1067 = LINE ( 'NONE', #6837, #5974 ) ;
#1068 = LINE ( 'NONE', #8499, #2593 ) ;
#1069 = DIRECTION ( 'NONE',  ( 0.000000000000000000, 1.000000000000000000, 0.000000000000000000 ) ) ;
#1070 = AXIS2_PLACEMENT_3D ( 'NONE', #10125, #3211, #10942 ) ;
#1071 = DIRECTION ( 'NONE',  ( 0.000000000000000000, 1.000000000000000000, -0.000000000000000000 ) ) ;
#1072 = ADVANCED_FACE ( 'NONE', ( #5050 ), #3662, .T. ) ;
#1073 = EDGE_CURVE ( 'NONE', #8536, #2451, #1788, .T. ) ;
#1074 = ADVANCED_FACE ( 'NONE', ( #9912 ), #3979, .F. ) ;
#1075 = DIRECTION ( 'NONE',  ( -1.000000000000000000, -0.000000000000000000, -7.885106708985472271E-16 ) ) ;
#1076 = VERTEX_POINT ( 'NONE', #6374 ) ;
#1077 = ORIENTED_EDGE ( 'NONE', *, *, #3601, .F. ) ;
#1079 = ORIENTED_EDGE ( 'NONE', *, *, #2137, .T. ) ;
#1078 = PRESENTATION_STYLE_ASSIGNMENT (( #1755 ) ) ;
#1080 = CARTESIAN_POINT ( 'NONE',  ( 1.750000000000000666, 0.000000000000000000, -2.225000000000000977 ) ) ;
#1081 = DIRECTION ( 'NONE',  ( 0.000000000000000000, 0.000000000000000000, 1.000000000000000000 ) ) ;
#1083 = ORIENTED_EDGE ( 'NONE', *, *, #8154, .T. ) ;
#1082 = DIRECTION ( 'NONE',  ( 0.000000000000000000, 0.000000000000000000, 1.000000000000000000 ) ) ;
#1084 = CARTESIAN_POINT ( 'NONE',  ( -2.225000000000000533, 0.1999999999999999833, 0.8750000000000001110 ) ) ;
#1085 = CARTESIAN_POINT ( 'NONE',  ( -0.6249999999999992228, 0.6716990566028311349, 2.225000000000000977 ) ) ;
#1086 = EDGE_CURVE ( 'NONE', #10713, #3624, #8036, .T. ) ;
#1087 = EDGE_CURVE ( 'NONE', #7722, #2392, #10723, .T. ) ;
#1088 = EDGE_CURVE ( 'NONE', #7165, #1929, #2999, .T. ) ;
#1089 = CARTESIAN_POINT ( 'NONE',  ( -1.874999999999999556, 0.1999999999999999833, -2.225000000000000977 ) ) ;
#1090 = DIRECTION ( 'NONE',  ( 0.000000000000000000, -1.000000000000000000, 0.000000000000000000 ) ) ;
#1091 = CARTESIAN_POINT ( 'NONE',  ( -2.225000000000000533, 0.6716990566028309129, 0.1249999999999996808 ) ) ;
#1093 = EDGE_LOOP ( 'NONE', ( #5481, #9580, #10604, #6903 ) ) ;
#1092 =( LENGTH_UNIT ( ) NAMED_UNIT ( * ) SI_UNIT ( .MILLI., .METRE. ) );
#1094 = LINE ( 'NONE', #5257, #9333 ) ;
#1095 = ORIENTED_EDGE ( 'NONE', *, *, #4280, .T. ) ;
#1096 = ORIENTED_EDGE ( 'NONE', *, *, #2137, .F. ) ;
#1097 = DIRECTION ( 'NONE',  ( 0.000000000000000000, -1.000000000000000000, 0.000000000000000000 ) ) ;
#1098 = ORIENTED_EDGE ( 'NONE', *, *, #10311, .F. ) ;
#1099 = CARTESIAN_POINT ( 'NONE',  ( -1.749999999999999334, 0.000000000000000000, 2.100000000000000533 ) ) ;
#1100 = DIRECTION ( 'NONE',  ( 0.000000000000000000, 0.000000000000000000, -1.000000000000000000 ) ) ;
#1101 = CIRCLE ( 'NONE', #8707, 0.1250000000000001110 ) ;
#1102 = AXIS2_PLACEMENT_3D ( 'NONE', #3668, #7057, #998 ) ;
#1103 = CIRCLE ( 'NONE', #10310, 0.1250000000000001110 ) ;
#1104 = CIRCLE ( 'NONE', #8366, 0.1250000000000001110 ) ;
#1105 = DIRECTION ( 'NONE',  ( 1.000000000000000000, -0.000000000000000000, -0.000000000000000000 ) ) ;
#1106 = LINE ( 'NONE', #10355, #7736 ) ;
#1107 = EDGE_LOOP ( 'NONE', ( #2934, #10888, #2492, #10524 ) ) ;
#1108 = VERTEX_POINT ( 'NONE', #4861 ) ;
#1109 = CARTESIAN_POINT ( 'NONE',  ( 1.625000000000001332, 0.6716990566028311349, 2.500000000000001332 ) ) ;
#1110 = EDGE_LOOP ( 'NONE', ( #3878, #9602, #6085, #3418 ) ) ;
#1111 =( LENGTH_UNIT ( ) NAMED_UNIT ( * ) SI_UNIT ( .MILLI., .METRE. ) );
#1112 = DIRECTION ( 'NONE',  ( 0.000000000000000000, 0.000000000000000000, 1.000000000000000000 ) ) ;
#1113 = EDGE_CURVE ( 'NONE', #4865, #9416, #1270, .T. ) ;
#1114 = AXIS2_PLACEMENT_3D ( 'NONE', #10794, #9048, #8271 ) ;
#1115 = CARTESIAN_POINT ( 'NONE',  ( -0.8749999999999992228, 0.000000000000000000, -2.500000000000000444 ) ) ;
#1116 = AXIS2_PLACEMENT_3D ( 'NONE', #5171, #6791, #3461 ) ;
#1117 = VECTOR ( 'NONE', #474, 1000.000000000000000 ) ;
#1118 = VECTOR ( 'NONE', #754, 1000.000000000000000 ) ;
#1119 = FACE_OUTER_BOUND ( 'NONE', #5052, .T. ) ;
#1120 = ORIENTED_EDGE ( 'NONE', *, *, #2520, .T. ) ;
#1121 = ORIENTED_EDGE ( 'NONE', *, *, #2481, .T. ) ;
#1122 = DIRECTION ( 'NONE',  ( -0.000000000000000000, -1.000000000000000000, -0.000000000000000000 ) ) ;
#1123 = MECHANICAL_DESIGN_GEOMETRIC_PRESENTATION_REPRESENTATION (  '', ( #8379 ), #415 ) ;
#1124 = DIRECTION ( 'NONE',  ( 0.000000000000000000, 1.000000000000000000, 0.000000000000000000 ) ) ;
#1125 = ORIENTED_EDGE ( 'NONE', *, *, #1572, .T. ) ;
#1126 = DIRECTION ( 'NONE',  ( 1.000000000000000000, -0.000000000000000000, 0.000000000000000000 ) ) ;
#1127 = DIRECTION ( 'NONE',  ( 2.365532012695649373E-15, -0.000000000000000000, 1.000000000000000000 ) ) ;
#1128 = CARTESIAN_POINT ( 'NONE',  ( 2.225000000000000533, 0.05000000000000002359, -0.2500000000000002220 ) ) ;
#1129 = ADVANCED_FACE ( 'NONE', ( #604 ), #10568, .T. ) ;
#1130 = EDGE_CURVE ( 'NONE', #1273, #10505, #3819, .T. ) ;
#1131 = CARTESIAN_POINT ( 'NONE',  ( 0.3750000000000014433, 0.6716990566028311349, 2.500000000000000444 ) ) ;
#1132 = STYLED_ITEM ( 'NONE', ( #6515 ), #1763 ) ;
#1133 = LINE ( 'NONE', #6179, #3504 ) ;
#1134 = FACE_OUTER_BOUND ( 'NONE', #4658, .T. ) ;
#1135 = VERTEX_POINT ( 'NONE', #2279 ) ;
#1136 = VERTEX_POINT ( 'NONE', #3769 ) ;
#1138 = EDGE_LOOP ( 'NONE', ( #8601, #5339, #4930, #1828 ) ) ;
#1137 = DIRECTION ( 'NONE',  ( 0.000000000000000000, 1.000000000000000000, 0.000000000000000000 ) ) ;
#1139 = SURFACE_SIDE_STYLE ('',( #10229 ) ) ;
#1140 = LINE ( 'NONE', #7138, #1117 ) ;
#1141 = CARTESIAN_POINT ( 'NONE',  ( 2.225000000000000533, 0.6716990566028309129, -1.875000000000000000 ) ) ;
#1142 = FACE_OUTER_BOUND ( 'NONE', #7216, .T. ) ;
#1143 = CARTESIAN_POINT ( 'NONE',  ( 0.6250000000000014433, 0.2000000000000000111, 2.500000000000001332 ) ) ;
#1144 = CARTESIAN_POINT ( 'NONE',  ( 0.1250000000000007494, 0.6716990566028311349, -2.500000000000000444 ) ) ;
#1145 = EDGE_CURVE ( 'NONE', #4082, #7056, #3737, .T. ) ;
#1146 = DIRECTION ( 'NONE',  ( -0.000000000000000000, -0.000000000000000000, 1.000000000000000000 ) ) ;
#1148 = ORIENTED_EDGE ( 'NONE', *, *, #6794, .F. ) ;
#1147 = DIRECTION ( 'NONE',  ( 0.000000000000000000, 1.000000000000000000, 0.000000000000000000 ) ) ;
#1149 = CARTESIAN_POINT ( 'NONE',  ( 2.225000000000000533, 0.6716990566028309129, 0.8750000000000001110 ) ) ;
#1150 = ORIENTED_EDGE ( 'NONE', *, *, #2176, .F. ) ;
#1151 = ORIENTED_EDGE ( 'NONE', *, *, #5101, .F. ) ;
#1152 = DIRECTION ( 'NONE',  ( 0.000000000000000000, 0.000000000000000000, 1.000000000000000000 ) ) ;
#1153 = ORIENTED_EDGE ( 'NONE', *, *, #8003, .T. ) ;
#1154 = DIRECTION ( 'NONE',  ( -0.000000000000000000, -1.000000000000000000, -0.000000000000000000 ) ) ;
#1155 = FACE_OUTER_BOUND ( 'NONE', #543, .T. ) ;
#1156 = EDGE_CURVE ( 'NONE', #6325, #2072, #2166, .T. ) ;
#1157 = AXIS2_PLACEMENT_3D ( 'NONE', #6566, #4386, #9377 ) ;
#1158 = EDGE_CURVE ( 'NONE', #8168, #793, #1326, .T. ) ;
#1159 = CIRCLE ( 'NONE', #5593, 0.1250000000000001110 ) ;
#1160 = CARTESIAN_POINT ( 'NONE',  ( -2.499999999999999556, 0.05000000000000000278, 2.500000000000000444 ) ) ;
#1161 = FACE_OUTER_BOUND ( 'NONE', #7474, .T. ) ;
#1162 = ORIENTED_EDGE ( 'NONE', *, *, #2940, .T. ) ;
#1163 = ORIENTED_EDGE ( 'NONE', *, *, #6521, .T. ) ;
#1164 = CARTESIAN_POINT ( 'NONE',  ( -2.500000000000000888, 0.04999999999999969746, 1.125000000000000444 ) ) ;
#1165 = ORIENTED_EDGE ( 'NONE', *, *, #5491, .T. ) ;
#1166 = PLANE ( 'NONE',  #10481 ) ;
#1167 = EDGE_CURVE ( 'NONE', #1831, #18, #5545, .T. ) ;
#1168 = FACE_OUTER_BOUND ( 'NONE', #2629, .T. ) ;
#1169 = AXIS2_PLACEMENT_3D ( 'NONE', #1934, #3699, #2695 ) ;
#1170 = VECTOR ( 'NONE', #1983, 1000.000000000000000 ) ;
#1171 = EDGE_CURVE ( 'NONE', #8212, #823, #503, .T. ) ;
#1172 = CARTESIAN_POINT ( 'NONE',  ( 0.7500000000000006661, 0.000000000000000000, 2.225000000000000977 ) ) ;
#1173 = EDGE_LOOP ( 'NONE', ( #5391, #265, #8365, #10656 ) ) ;
#1174 = VERTEX_POINT ( 'NONE', #7270 ) ;
#1175 = CARTESIAN_POINT ( 'NONE',  ( 2.225000000000000533, 0.05000000000000002359, 1.875000000000000222 ) ) ;
#1176 = VECTOR ( 'NONE', #857, 1000.000000000000000 ) ;
#1177 = CARTESIAN_POINT ( 'NONE',  ( 2.500000000000000888, 0.04999999999999969746, 0.3750000000000001110 ) ) ;
#1178 = DIRECTION ( 'NONE',  ( 0.000000000000000000, -0.000000000000000000, 1.000000000000000000 ) ) ;
#1179 = CARTESIAN_POINT ( 'NONE',  ( 0.7500000000000006661, 0.000000000000000000, -2.225000000000000977 ) ) ;
#1180 = DIRECTION ( 'NONE',  ( 0.000000000000000000, 0.000000000000000000, 1.000000000000000000 ) ) ;
#1181 = AXIS2_PLACEMENT_3D ( 'NONE', #6093, #5387, #2890 ) ;
#1182 = VECTOR ( 'NONE', #4465, 1000.000000000000000 ) ;
#1183 = DIRECTION ( 'NONE',  ( 0.000000000000000000, 0.000000000000000000, -1.000000000000000000 ) ) ;
#1184 = DIRECTION ( 'NONE',  ( -1.000000000000000000, 0.000000000000000000, 0.000000000000000000 ) ) ;
#1185 = VECTOR ( 'NONE', #4255, 1000.000000000000000 ) ;
#1186 = EDGE_CURVE ( 'NONE', #6066, #2205, #6430, .T. ) ;
#1187 = VECTOR ( 'NONE', #7864, 1000.000000000000000 ) ;
#1188 = EDGE_CURVE ( 'NONE', #5736, #9565, #7162, .T. ) ;
#1189 = VECTOR ( 'NONE', #6624, 1000.000000000000000 ) ;
#1190 = DIRECTION ( 'NONE',  ( 0.000000000000000000, 0.000000000000000000, 1.000000000000000000 ) ) ;
#1191 = VERTEX_POINT ( 'NONE', #2218 ) ;
#1192 = ORIENTED_EDGE ( 'NONE', *, *, #3903, .F. ) ;
#1194 = VERTEX_POINT ( 'NONE', #2942 ) ;
#1193 = CARTESIAN_POINT ( 'NONE',  ( 1.125000000000000888, 0.04999999999999999584, 2.225000000000000977 ) ) ;
#1195 = CARTESIAN_POINT ( 'NONE',  ( 0.1250000000000014155, 0.04999999999999969746, 2.500000000000001332 ) ) ;
#1196 = FACE_OUTER_BOUND ( 'NONE', #9331, .T. ) ;
#1197 = FACE_OUTER_BOUND ( 'NONE', #8224, .T. ) ;
#1198 = CIRCLE ( 'NONE', #9341, 0.1250000000000001110 ) ;
#1199 = DIRECTION ( 'NONE',  ( -0.000000000000000000, -1.000000000000000000, -0.000000000000000000 ) ) ;
#1200 = CIRCLE ( 'NONE', #4201, 0.1250000000000000000 ) ;
#1201 = CARTESIAN_POINT ( 'NONE',  ( -0.1249999999999985983, 0.2000000000000000111, 2.500000000000000444 ) ) ;
#1202 = CIRCLE ( 'NONE', #2802, 0.1250000000000001110 ) ;
#1203 = EDGE_CURVE ( 'NONE', #10241, #3807, #4763, .T. ) ;
#1204 = ADVANCED_FACE ( 'NONE', ( #9702 ), #5598, .T. ) ;
#1205 = CARTESIAN_POINT ( 'NONE',  ( -0.3749999999999986122, 0.04999999999999969746, 2.500000000000001332 ) ) ;
#1206 = DIRECTION ( 'NONE',  ( 0.000000000000000000, 0.000000000000000000, -1.000000000000000000 ) ) ;
#1208 = EDGE_LOOP ( 'NONE', ( #5803, #8114, #7070, #1882 ) ) ;
#1207 = CARTESIAN_POINT ( 'NONE',  ( 2.225000000000000533, 0.1999999999999999833, -0.8749999999999998890 ) ) ;
#1209 = CARTESIAN_POINT ( 'NONE',  ( 2.225000000000000533, 0.1999999999999999833, -1.625000000000000000 ) ) ;
#1210 = ORIENTED_EDGE ( 'NONE', *, *, #7604, .F. ) ;
#1211 = VERTEX_POINT ( 'NONE', #3922 ) ;
#1212 = CARTESIAN_POINT ( 'NONE',  ( -1.874999999999999556, 0.04999999999999999584, -2.225000000000000977 ) ) ;
#1213 = VERTEX_POINT ( 'NONE', #7321 ) ;
#1214 = LINE ( 'NONE', #7098, #1335 ) ;
#1215 = DIRECTION ( 'NONE',  ( 0.000000000000000000, 1.000000000000000000, -0.000000000000000000 ) ) ;
#1216 = DIRECTION ( 'NONE',  ( 0.000000000000000000, -0.000000000000000000, -1.000000000000000000 ) ) ;
#1217 = EDGE_CURVE ( 'NONE', #3499, #3647, #8681, .T. ) ;
#1218 = ORIENTED_EDGE ( 'NONE', *, *, #2152, .T. ) ;
#1219 = EDGE_CURVE ( 'NONE', #1641, #6856, #9245, .T. ) ;
#1220 = LINE ( 'NONE', #1049, #373 ) ;
#1221 = ADVANCED_FACE ( 'NONE', ( #9304 ), #2543, .F. ) ;
#1222 = DIRECTION ( 'NONE',  ( 0.000000000000000000, 0.000000000000000000, -1.000000000000000000 ) ) ;
#1223 = EDGE_LOOP ( 'NONE', ( #291, #9124, #6582, #7055 ) ) ;
#1224 = ORIENTED_EDGE ( 'NONE', *, *, #3061, .F. ) ;
#1225 = DIRECTION ( 'NONE',  ( 0.000000000000000000, 0.000000000000000000, 1.000000000000000000 ) ) ;
#1226 = ORIENTED_EDGE ( 'NONE', *, *, #9799, .T. ) ;
#1227 =( NAMED_UNIT ( * ) SI_UNIT ( $, .STERADIAN. ) SOLID_ANGLE_UNIT ( ) );
#1228 = PLANE ( 'NONE',  #9255 ) ;
#1229 = DIRECTION ( 'NONE',  ( 0.000000000000000000, 0.000000000000000000, -1.000000000000000000 ) ) ;
#1230 = ADVANCED_FACE ( 'NONE', ( #4146 ), #3377, .F. ) ;
#1231 = ADVANCED_FACE ( 'NONE', ( #6755 ), #8469, .T. ) ;
#1232 = DIRECTION ( 'NONE',  ( 1.000000000000000000, 0.000000000000000000, -0.000000000000000000 ) ) ;
#1233 = VERTEX_POINT ( 'NONE', #5922 ) ;
#1234 = ORIENTED_EDGE ( 'NONE', *, *, #6382, .T. ) ;
#1235 = CARTESIAN_POINT ( 'NONE',  ( -2.000000000000000888, 1.000000000000000000, -2.000000000000000444 ) ) ;
#1236 = CARTESIAN_POINT ( 'NONE',  ( 0.3750000000000012212, 0.2000000000000005107, 2.500000000000000000 ) ) ;
#1237 = CARTESIAN_POINT ( 'NONE',  ( -2.225000000000000533, 0.6716990566028309129, 0.1249999999999996808 ) ) ;
#1238 = CARTESIAN_POINT ( 'NONE',  ( -2.225000000000000533, 0.1999999999999999833, -0.2500000000000002220 ) ) ;
#1239 = CARTESIAN_POINT ( 'NONE',  ( -2.500000000000000888, 0.6716990566028309129, 1.875000000000000222 ) ) ;
#1240 = CARTESIAN_POINT ( 'NONE',  ( 1.625000000000000666, 0.04999999999999999584, -2.225000000000000977 ) ) ;
#1241 = DIRECTION ( 'NONE',  ( -2.365532012695641878E-15, 0.000000000000000000, -1.000000000000000000 ) ) ;
#1242 = CIRCLE ( 'NONE', #6386, 0.1250000000000000000 ) ;
#1243 = CARTESIAN_POINT ( 'NONE',  ( 0.2500000000000006661, 0.04999999999999999584, -2.225000000000000977 ) ) ;
#1244 = ORIENTED_EDGE ( 'NONE', *, *, #6061, .T. ) ;
#1245 = ORIENTED_EDGE ( 'NONE', *, *, #2661, .F. ) ;
#1247 = ORIENTED_EDGE ( 'NONE', *, *, #404, .F. ) ;
#1246 = CARTESIAN_POINT ( 'NONE',  ( 0.000000000000000000, 0.05000000000000000278, -1.125000000000000000 ) ) ;
#1248 =( NAMED_UNIT ( * ) SI_UNIT ( $, .STERADIAN. ) SOLID_ANGLE_UNIT ( ) );
#1249 = FACE_OUTER_BOUND ( 'NONE', #9287, .T. ) ;
#1250 = DIRECTION ( 'NONE',  ( 0.000000000000000000, 1.000000000000000000, 0.000000000000000000 ) ) ;
#1251 = DIRECTION ( 'NONE',  ( 1.000000000000000000, 0.000000000000000000, 0.000000000000000000 ) ) ;
#1252 = VECTOR ( 'NONE', #1488, 1000.000000000000000 ) ;
#1253 = CARTESIAN_POINT ( 'NONE',  ( -1.124999999999998890, 0.2000000000000005107, 2.500000000000000000 ) ) ;
#1254 = ADVANCED_FACE ( 'NONE', ( #875 ), #7533, .F. ) ;
#1255 = EDGE_CURVE ( 'NONE', #195, #6677, #9139, .T. ) ;
#1256 = LINE ( 'NONE', #8021, #8492 ) ;
#1257 = DIRECTION ( 'NONE',  ( 0.000000000000000000, 1.000000000000000000, 0.000000000000000000 ) ) ;
#1259 = VERTEX_POINT ( 'NONE', #42 ) ;
#1258 = LINE ( 'NONE', #5643, #9449 ) ;
#1260 = DIRECTION ( 'NONE',  ( 0.000000000000000000, -1.000000000000000000, 0.000000000000000000 ) ) ;
#1261 = VECTOR ( 'NONE', #7118, 1000.000000000000000 ) ;
#1262 = VERTEX_POINT ( 'NONE', #769 ) ;
#1263 = ORIENTED_EDGE ( 'NONE', *, *, #3125, .T. ) ;
#1264 = CARTESIAN_POINT ( 'NONE',  ( -0.1249999999999992506, 0.05000000000000000278, 0.000000000000000000 ) ) ;
#1265 = VERTEX_POINT ( 'NONE', #10019 ) ;
#1266 = CARTESIAN_POINT ( 'NONE',  ( -2.000000000000000888, 0.9000000000000000222, -1.800000000000001377 ) ) ;
#1267 = PLANE ( 'NONE',  #2884 ) ;
#1268 = DIRECTION ( 'NONE',  ( 0.000000000000000000, -0.000000000000000000, 1.000000000000000000 ) ) ;
#1269 = VERTEX_POINT ( 'NONE', #3433 ) ;
#1270 = LINE ( 'NONE', #8918, #6741 ) ;
#1271 = DIRECTION ( 'NONE',  ( 0.000000000000000000, 0.000000000000000000, -1.000000000000000000 ) ) ;
#1272 = VERTEX_POINT ( 'NONE', #6811 ) ;
#1273 = VERTEX_POINT ( 'NONE', #5816 ) ;
#1274 = DIRECTION ( 'NONE',  ( 0.000000000000000000, 0.000000000000000000, 1.000000000000000000 ) ) ;
#1275 = ORIENTED_EDGE ( 'NONE', *, *, #2715, .F. ) ;
#1276 = LINE ( 'NONE', #9648, #10688 ) ;
#1277 = VECTOR ( 'NONE', #3273, 1000.000000000000000 ) ;
#1278 = CARTESIAN_POINT ( 'NONE',  ( -1.624999999999999334, 0.2000000000000000111, -2.500000000000000444 ) ) ;
#1279 = VECTOR ( 'NONE', #2322, 1000.000000000000000 ) ;
#1280 = AXIS2_PLACEMENT_3D ( 'NONE', #6816, #5927, #1720 ) ;
#1281 = CARTESIAN_POINT ( 'NONE',  ( 2.225000000000000533, 0.000000000000000000, -1.125000000000000000 ) ) ;
#1282 = ORIENTED_EDGE ( 'NONE', *, *, #3933, .T. ) ;
#1283 = ORIENTED_EDGE ( 'NONE', *, *, #2071, .T. ) ;
#1284 = FACE_OUTER_BOUND ( 'NONE', #4588, .T. ) ;
#1285 = EDGE_CURVE ( 'NONE', #5987, #5073, #10885, .T. ) ;
#1286 = DIRECTION ( 'NONE',  ( 0.000000000000000000, 0.000000000000000000, -1.000000000000000000 ) ) ;
#1287 = AXIS2_PLACEMENT_3D ( 'NONE', #8896, #9623, #6298 ) ;
#1288 = CARTESIAN_POINT ( 'NONE',  ( -2.500000000000000888, 0.6716990566028309129, 0.3750000000000001110 ) ) ;
#1289 = LINE ( 'NONE', #8770, #9684 ) ;
#1290 = AXIS2_PLACEMENT_3D ( 'NONE', #8403, #10115, #806 ) ;
#1291 = CARTESIAN_POINT ( 'NONE',  ( 2.500000000000000888, 0.1999999999999999833, 1.875000000000000222 ) ) ;
#1292 = ADVANCED_FACE ( 'NONE', ( #663 ), #2595, .T. ) ;
#1293 = EDGE_CURVE ( 'NONE', #4754, #4819, #9361, .T. ) ;
#1294 = EDGE_CURVE ( 'NONE', #7021, #4249, #3326, .T. ) ;
#1295 = EDGE_CURVE ( 'NONE', #4230, #8313, #2436, .T. ) ;
#1296 = CARTESIAN_POINT ( 'NONE',  ( 2.500000000000000000, 0.9999999999999991118, -2.500000000000000444 ) ) ;
#1297 = AXIS2_PLACEMENT_3D ( 'NONE', #1847, #5335, #7883 ) ;
#1298 = VECTOR ( 'NONE', #10921, 1000.000000000000000 ) ;
#1299 = CARTESIAN_POINT ( 'NONE',  ( -2.000000000000000888, 1.000000000000000000, -1.800000000000000711 ) ) ;
#1300 = LINE ( 'NONE', #4735, #2483 ) ;
#1301 = ORIENTED_EDGE ( 'NONE', *, *, #10294, .F. ) ;
#1302 = VERTEX_POINT ( 'NONE', #4040 ) ;
#1303 = VERTEX_POINT ( 'NONE', #1548 ) ;
#1304 = SURFACE_STYLE_FILL_AREA ( #3745 ) ;
#1305 = DIRECTION ( 'NONE',  ( -0.000000000000000000, -1.000000000000000000, -0.000000000000000000 ) ) ;
#1306 = DIRECTION ( 'NONE',  ( 0.000000000000000000, -0.000000000000000000, 1.000000000000000000 ) ) ;
#1307 = DIRECTION ( 'NONE',  ( 0.000000000000000000, 1.000000000000000000, 0.000000000000000000 ) ) ;
#1308 = STYLED_ITEM ( 'NONE', ( #10063 ), #1501 ) ;
#1309 = PLANE ( 'NONE',  #10640 ) ;
#1310 = EDGE_CURVE ( 'NONE', #4221, #2363, #8307, .T. ) ;
#1311 = AXIS2_PLACEMENT_3D ( 'NONE', #471, #10591, #4064 ) ;
#1312 = DIRECTION ( 'NONE',  ( 0.000000000000000000, -0.000000000000000000, 1.000000000000000000 ) ) ;
#1313 = EDGE_CURVE ( 'NONE', #1051, #5286, #4092, .T. ) ;
#1314 = LINE ( 'NONE', #2155, #7917 ) ;
#1315 = ORIENTED_EDGE ( 'NONE', *, *, #8872, .F. ) ;
#1316 = CARTESIAN_POINT ( 'NONE',  ( -1.374999999999999334, 0.1999999999999999833, -2.500000000000000444 ) ) ;
#1317 = EDGE_LOOP ( 'NONE', ( #4927, #5986, #3879, #8333, #1440 ) ) ;
#1318 = ORIENTED_EDGE ( 'NONE', *, *, #1441, .T. ) ;
#1319 = CARTESIAN_POINT ( 'NONE',  ( -0.7499999999999993339, 0.04999999999999999584, -2.225000000000000977 ) ) ;
#1320 = ORIENTED_EDGE ( 'NONE', *, *, #889, .F. ) ;
#1321 = CARTESIAN_POINT ( 'NONE',  ( 2.225000000000000533, 0.000000000000000000, 1.375000000000000222 ) ) ;
#1322 = CARTESIAN_POINT ( 'NONE',  ( -1.124999999999999334, 0.6716990566028311349, -2.500000000000000444 ) ) ;
#1323 = DIRECTION ( 'NONE',  ( -0.000000000000000000, -1.000000000000000000, -0.000000000000000000 ) ) ;
#1324 = ORIENTED_EDGE ( 'NONE', *, *, #7194, .T. ) ;
#1325 = EDGE_CURVE ( 'NONE', #3647, #3499, #6021, .T. ) ;
#1326 = LINE ( 'NONE', #7372, #3386 ) ;
#1327 = EDGE_CURVE ( 'NONE', #5896, #3437, #10448, .T. ) ;
#1328 = DIRECTION ( 'NONE',  ( 0.000000000000000000, 0.000000000000000000, 1.000000000000000000 ) ) ;
#1329 = ORIENTED_EDGE ( 'NONE', *, *, #5325, .F. ) ;
#1330 = ORIENTED_EDGE ( 'NONE', *, *, #4280, .F. ) ;
#1331 = LINE ( 'NONE', #5497, #4102 ) ;
#1332 = VERTEX_POINT ( 'NONE', #8686 ) ;
#1333 = COLOUR_RGB ( '',0.7921568627450980005, 0.8196078431372548767, 0.9333333333333333481 ) ;
#1334 = DIRECTION ( 'NONE',  ( -0.000000000000000000, 0.000000000000000000, -1.000000000000000000 ) ) ;
#1335 = VECTOR ( 'NONE', #4537, 1000.000000000000000 ) ;
#1336 = DIRECTION ( 'NONE',  ( -1.000000000000000000, 0.000000000000000000, 0.000000000000000000 ) ) ;
#1337 = VERTEX_POINT ( 'NONE', #2875 ) ;
#1338 = ORIENTED_EDGE ( 'NONE', *, *, #1217, .F. ) ;
#1339 = CARTESIAN_POINT ( 'NONE',  ( 1.375000000000001332, 0.000000000000000000, 2.500000000000000444 ) ) ;
#1340 = FACE_OUTER_BOUND ( 'NONE', #6486, .T. ) ;
#1341 = LINE ( 'NONE', #10742, #10725 ) ;
#1342 = VECTOR ( 'NONE', #10560, 1000.000000000000000 ) ;
#1343 = FACE_OUTER_BOUND ( 'NONE', #1643, .T. ) ;
#1344 = DIRECTION ( 'NONE',  ( 0.000000000000000000, 1.000000000000000000, 0.000000000000000000 ) ) ;
#1345 = VECTOR ( 'NONE', #5911, 1000.000000000000000 ) ;
#1346 = CARTESIAN_POINT ( 'NONE',  ( -1.050000000000000044, 0.05000000000000000278, -0.8000000000000022649 ) ) ;
#1347 = AXIS2_PLACEMENT_3D ( 'NONE', #5129, #2478, #5861 ) ;
#1348 = DIRECTION ( 'NONE',  ( 0.000000000000000000, 0.000000000000000000, -1.000000000000000000 ) ) ;
#1349 = DIRECTION ( 'NONE',  ( 0.000000000000000000, -0.000000000000000000, -1.000000000000000000 ) ) ;
#1350 = EDGE_CURVE ( 'NONE', #5632, #10408, #2824, .T. ) ;
#1351 = ORIENTED_EDGE ( 'NONE', *, *, #6574, .F. ) ;
#1352 = ORIENTED_EDGE ( 'NONE', *, *, #4921, .F. ) ;
#1353 = EDGE_CURVE ( 'NONE', #3669, #74, #7697, .T. ) ;
#1354 = AXIS2_PLACEMENT_3D ( 'NONE', #5889, #10914, #9330 ) ;
#1355 = ORIENTED_EDGE ( 'NONE', *, *, #2760, .T. ) ;
#1356 = EDGE_CURVE ( 'NONE', #9173, #3407, #101, .T. ) ;
#1357 = VECTOR ( 'NONE', #8016, 1000.000000000000000 ) ;
#1358 = FILL_AREA_STYLE ('',( #8336 ) ) ;
#1359 = DIRECTION ( 'NONE',  ( -2.365532012695648978E-15, 0.000000000000000000, -1.000000000000000000 ) ) ;
#1360 = DIRECTION ( 'NONE',  ( 0.000000000000000000, -1.000000000000000000, 0.000000000000000000 ) ) ;
#1361 = DIRECTION ( 'NONE',  ( -0.000000000000000000, 0.000000000000000000, -1.000000000000000000 ) ) ;
#1362 = AXIS2_PLACEMENT_3D ( 'NONE', #10686, #4726, #7999 ) ;
#1363 = AXIS2_PLACEMENT_3D ( 'NONE', #9107, #1344, #7448 ) ;
#1364 = VECTOR ( 'NONE', #4657, 1000.000000000000000 ) ;
#1365 = AXIS2_PLACEMENT_3D ( 'NONE', #9446, #4508, #10372 ) ;
#1366 = DIRECTION ( 'NONE',  ( 1.000000000000000000, 0.000000000000000000, 7.885106708985472271E-16 ) ) ;
#1367 = EDGE_CURVE ( 'NONE', #4974, #7152, #4795, .T. ) ;
#1368 = VECTOR ( 'NONE', #4276, 1000.000000000000000 ) ;
#1369 = CARTESIAN_POINT ( 'NONE',  ( 1.750000000000000666, 0.1999999999999999833, 2.225000000000000977 ) ) ;
#1370 = ORIENTED_EDGE ( 'NONE', *, *, #6276, .T. ) ;
#1371 = DIRECTION ( 'NONE',  ( 0.000000000000000000, -1.000000000000000000, 0.000000000000000000 ) ) ;
#1372 = ORIENTED_EDGE ( 'NONE', *, *, #951, .T. ) ;
#1373 = VERTEX_POINT ( 'NONE', #10240 ) ;
#1374 = DIRECTION ( 'NONE',  ( -1.000000000000000000, 0.000000000000000000, -7.885106708985472271E-16 ) ) ;
#1375 = VERTEX_POINT ( 'NONE', #7757 ) ;
#1376 = DIRECTION ( 'NONE',  ( 0.000000000000000000, 1.000000000000000000, -0.000000000000000000 ) ) ;
#1377 = VECTOR ( 'NONE', #6399, 1000.000000000000000 ) ;
#1378 = CARTESIAN_POINT ( 'NONE',  ( 0.6250000000000007772, 0.6716990566028311349, 2.225000000000000977 ) ) ;
#1379 = VECTOR ( 'NONE', #179, 1000.000000000000000 ) ;
#1380 = CARTESIAN_POINT ( 'NONE',  ( -0.6249999999999992228, 0.2000000000000000111, -2.225000000000000977 ) ) ;
#1381 = ORIENTED_EDGE ( 'NONE', *, *, #6549, .F. ) ;
#1383 = ORIENTED_EDGE ( 'NONE', *, *, #7944, .T. ) ;
#1382 = DIRECTION ( 'NONE',  ( 0.000000000000000000, -1.000000000000000000, 0.000000000000000000 ) ) ;
#1384 = CARTESIAN_POINT ( 'NONE',  ( -0.3749999999999992228, 0.1999999999999999833, -2.500000000000000444 ) ) ;
#1385 = EDGE_LOOP ( 'NONE', ( #10142, #9510, #9187, #7700 ) ) ;
#1386 = VERTEX_POINT ( 'NONE', #261 ) ;
#1387 = LINE ( 'NONE', #9756, #3574 ) ;
#1388 = VERTEX_POINT ( 'NONE', #6921 ) ;
#1389 = ADVANCED_FACE ( 'NONE', ( #2652 ), #10283, .F. ) ;
#1390 = DIRECTION ( 'NONE',  ( -0.000000000000000000, -1.000000000000000000, -0.000000000000000000 ) ) ;
#1391 = ORIENTED_EDGE ( 'NONE', *, *, #8019, .T. ) ;
#1392 = ORIENTED_EDGE ( 'NONE', *, *, #10429, .F. ) ;
#1393 = FACE_OUTER_BOUND ( 'NONE', #3757, .T. ) ;
#1394 = DIRECTION ( 'NONE',  ( -0.000000000000000000, -1.000000000000000000, -0.000000000000000000 ) ) ;
#1395 = PLANE ( 'NONE',  #121 ) ;
#1396 = CARTESIAN_POINT ( 'NONE',  ( 1.084202172485505174E-16, 0.05000000000000000278, -1.050000000000000488 ) ) ;
#1397 = CARTESIAN_POINT ( 'NONE',  ( -2.225000000000000533, 0.1999999999999999833, -1.625000000000000000 ) ) ;
#1398 =( LENGTH_UNIT ( ) NAMED_UNIT ( * ) SI_UNIT ( .MILLI., .METRE. ) );
#1399 = CARTESIAN_POINT ( 'NONE',  ( -1.874999999999999334, 0.6716990566028311349, -2.500000000000000444 ) ) ;
#1400 = DIRECTION ( 'NONE',  ( -0.000000000000000000, -1.000000000000000000, -0.000000000000000000 ) ) ;
#1401 = EDGE_LOOP ( 'NONE', ( #10730, #650, #2782, #472 ) ) ;
#1402 = ORIENTED_EDGE ( 'NONE', *, *, #8832, .F. ) ;
#1404 = ORIENTED_EDGE ( 'NONE', *, *, #1979, .F. ) ;
#1403 = CARTESIAN_POINT ( 'NONE',  ( -2.500000000000000888, 0.000000000000000000, 1.375000000000000222 ) ) ;
#1405 = DIRECTION ( 'NONE',  ( 0.000000000000000000, -0.000000000000000000, -1.000000000000000000 ) ) ;
#1406 = DIRECTION ( 'NONE',  ( 0.000000000000000000, -0.000000000000000000, 1.000000000000000000 ) ) ;
#1407 = DIRECTION ( 'NONE',  ( 0.000000000000000000, -1.000000000000000000, 0.000000000000000000 ) ) ;
#1408 = DIRECTION ( 'NONE',  ( -0.000000000000000000, -0.000000000000000000, -1.000000000000000000 ) ) ;
#1409 = VECTOR ( 'NONE', #9180, 1000.000000000000000 ) ;
#1410 = EDGE_CURVE ( 'NONE', #2917, #2638, #4612, .T. ) ;
#1411 = CARTESIAN_POINT ( 'NONE',  ( -0.2499999999999993616, 0.000000000000000000, -2.225000000000000977 ) ) ;
#1413 = VECTOR ( 'NONE', #7450, 1000.000000000000000 ) ;
#1412 = CARTESIAN_POINT ( 'NONE',  ( 2.225000000000000533, 0.1999999999999999833, 0.7499999999999997780 ) ) ;
#1415 = ORIENTED_EDGE ( 'NONE', *, *, #7839, .F. ) ;
#1414 = CARTESIAN_POINT ( 'NONE',  ( -2.500000000000000888, 0.04999999999999969746, 0.6250000000000003331 ) ) ;
#1416 = LINE ( 'NONE', #8129, #1522 ) ;
#1417 = VERTEX_POINT ( 'NONE', #10342 ) ;
#1418 = VERTEX_POINT ( 'NONE', #6081 ) ;
#1419 = DIRECTION ( 'NONE',  ( 0.000000000000000000, -1.000000000000000000, 0.000000000000000000 ) ) ;
#1420 = ORIENTED_EDGE ( 'NONE', *, *, #9353, .F. ) ;
#1421 = LINE ( 'NONE', #2321, #7544 ) ;
#1422 = PLANE ( 'NONE',  #9240 ) ;
#1423 = EDGE_CURVE ( 'NONE', #8313, #8319, #9524, .T. ) ;
#1424 = EDGE_CURVE ( 'NONE', #337, #849, #9411, .T. ) ;
#1425 = ADVANCED_FACE ( 'NONE', ( #1824 ), #10397, .T. ) ;
#1426 = VECTOR ( 'NONE', #10612, 1000.000000000000000 ) ;
#1427 = EDGE_CURVE ( 'NONE', #1684, #2316, #5135, .T. ) ;
#1428 = DIRECTION ( 'NONE',  ( 0.000000000000000000, 1.000000000000000000, 0.000000000000000000 ) ) ;
#1430 = ORIENTED_EDGE ( 'NONE', *, *, #3734, .F. ) ;
#1429 = CARTESIAN_POINT ( 'NONE',  ( -1.624999999999999334, 0.000000000000000000, -2.500000000000000444 ) ) ;
#1431 = FACE_OUTER_BOUND ( 'NONE', #5556, .T. ) ;
#1432 = ORIENTED_EDGE ( 'NONE', *, *, #8819, .T. ) ;
#1433 = ORIENTED_EDGE ( 'NONE', *, *, #6641, .T. ) ;
#1434 = CARTESIAN_POINT ( 'NONE',  ( 1.125000000000001332, 0.000000000000000000, 2.500000000000001332 ) ) ;
#1435 = EDGE_LOOP ( 'NONE', ( #7167, #3939, #5881, #8689 ) ) ;
#1436 = DIRECTION ( 'NONE',  ( 0.000000000000000000, 0.000000000000000000, -1.000000000000000000 ) ) ;
#1437 = MANIFOLD_SOLID_BREP ( 'LPattern4[10]', #9534 ) ;
#1438 = VECTOR ( 'NONE', #8268, 1000.000000000000000 ) ;
#1439 = DIRECTION ( 'NONE',  ( -0.000000000000000000, -1.000000000000000000, -0.000000000000000000 ) ) ;
#1440 = ORIENTED_EDGE ( 'NONE', *, *, #2448, .F. ) ;
#1441 = EDGE_CURVE ( 'NONE', #1213, #1627, #5255, .T. ) ;
#1442 = ORIENTED_EDGE ( 'NONE', *, *, #6163, .T. ) ;
#1443 = DIRECTION ( 'NONE',  ( 0.000000000000000000, 0.000000000000000000, -1.000000000000000000 ) ) ;
#1444 = CARTESIAN_POINT ( 'NONE',  ( -1.374999999999999334, 0.1999999999999999833, -2.500000000000000444 ) ) ;
#1445 = LINE ( 'NONE', #6556, #3321 ) ;
#1446 = CARTESIAN_POINT ( 'NONE',  ( -0.6249999999999985567, 0.2000000000000000111, 2.500000000000000444 ) ) ;
#1447 = DIRECTION ( 'NONE',  ( 1.000000000000000000, 0.000000000000000000, 0.000000000000000000 ) ) ;
#1448 = VECTOR ( 'NONE', #4966, 1000.000000000000000 ) ;
#1449 = AXIS2_PLACEMENT_3D ( 'NONE', #10009, #4137, #1593 ) ;
#1450 = UNCERTAINTY_MEASURE_WITH_UNIT (LENGTH_MEASURE( 1.000000000000000082E-05 ), #7580, 'distance_accuracy_value', 'NONE');
#1451 = CARTESIAN_POINT ( 'NONE',  ( -2.225000000000000533, 0.6716990566028309129, -1.125000000000000000 ) ) ;
#1452 = CARTESIAN_POINT ( 'NONE',  ( 2.225000000000000533, 0.6716990566028309129, -0.1249999999999998890 ) ) ;
#1453 = ORIENTED_EDGE ( 'NONE', *, *, #4550, .T. ) ;
#1454 = ORIENTED_EDGE ( 'NONE', *, *, #4239, .F. ) ;
#1455 = CIRCLE ( 'NONE', #3766, 0.1250000000000001110 ) ;
#1456 = ADVANCED_FACE ( 'NONE', ( #9018 ), #7200, .F. ) ;
#1457 = COLOUR_RGB ( '',0.7921568627450980005, 0.8196078431372548767, 0.9333333333333333481 ) ;
#1459 = ORIENTED_EDGE ( 'NONE', *, *, #9028, .T. ) ;
#1458 = DIRECTION ( 'NONE',  ( 0.000000000000000000, -1.000000000000000000, 0.000000000000000000 ) ) ;
#1460 = ADVANCED_FACE ( 'NONE', ( #4638 ), #7359, .T. ) ;
#1461 = CARTESIAN_POINT ( 'NONE',  ( -0.1249999999999985983, 0.6716990566028311349, 2.500000000000000444 ) ) ;
#1462 = FACE_OUTER_BOUND ( 'NONE', #4945, .T. ) ;
#1463 = MANIFOLD_SOLID_BREP ( 'Boss-Extrude3[2]', #2810 ) ;
#1464 = DIRECTION ( 'NONE',  ( -0.000000000000000000, -1.000000000000000000, -0.000000000000000000 ) ) ;
#1465 = LINE ( 'NONE', #6524, #9256 ) ;
#1466 = AXIS2_PLACEMENT_3D ( 'NONE', #2341, #678, #5776 ) ;
#1467 = VECTOR ( 'NONE', #7898, 1000.000000000000000 ) ;
#1468 = CIRCLE ( 'NONE', #7499, 0.1250000000000001110 ) ;
#1469 = CARTESIAN_POINT ( 'NONE',  ( -2.499999999999999556, 0.9999999999999991118, 2.500000000000000444 ) ) ;
#1470 = VERTEX_POINT ( 'NONE', #431 ) ;
#1471 = CARTESIAN_POINT ( 'NONE',  ( 0.2500000000000006661, 0.04999999999999999584, 2.100000000000000533 ) ) ;
#1472 =( GEOMETRIC_REPRESENTATION_CONTEXT ( 3 ) GLOBAL_UNCERTAINTY_ASSIGNED_CONTEXT ( ( #10143 ) ) GLOBAL_UNIT_ASSIGNED_CONTEXT ( ( #3525, #968, #7685 ) ) REPRESENTATION_CONTEXT ( 'NONE', 'WORKASPACE' ) );
#1473 = CLOSED_SHELL ( 'NONE', ( #6476, #5191, #10093, #7125, #4005, #9419, #9650 ) ) ;
#1475 = VERTEX_POINT ( 'NONE', #1414 ) ;
#1474 = LINE ( 'NONE', #8456, #7501 ) ;
#1476 = DIRECTION ( 'NONE',  ( 2.365532012695641878E-15, -0.000000000000000000, 1.000000000000000000 ) ) ;
#1477 = VERTEX_POINT ( 'NONE', #6471 ) ;
#1478 = CARTESIAN_POINT ( 'NONE',  ( -1.749999999999999334, 0.2000000000000000111, 2.225000000000000977 ) ) ;
#1479 = EDGE_LOOP ( 'NONE', ( #326, #26, #7975, #247 ) ) ;
#1480 = LINE ( 'NONE', #4758, #9832 ) ;
#1481 = COLOUR_RGB ( '',0.7921568627450980005, 0.8196078431372548767, 0.9333333333333333481 ) ;
#1482 = CARTESIAN_POINT ( 'NONE',  ( -2.225000000000000533, 0.05000000000000002359, -0.8750000000000003331 ) ) ;
#1483 = MANIFOLD_SOLID_BREP ( 'LPattern4[14]', #2982 ) ;
#1484 = VECTOR ( 'NONE', #5288, 1000.000000000000000 ) ;
#1485 = ADVANCED_FACE ( 'NONE', ( #9847 ), #5424, .F. ) ;
#1486 = DIRECTION ( 'NONE',  ( -0.000000000000000000, -1.000000000000000000, -0.000000000000000000 ) ) ;
#1487 = CARTESIAN_POINT ( 'NONE',  ( -2.500000000000000888, 0.04999999999999969746, -0.1249999999999998890 ) ) ;
#1489 = ORIENTED_EDGE ( 'NONE', *, *, #5837, .F. ) ;
#1488 = DIRECTION ( 'NONE',  ( -0.000000000000000000, -0.000000000000000000, -1.000000000000000000 ) ) ;
#1490 = CARTESIAN_POINT ( 'NONE',  ( 1.250000000000000666, 0.1999999999999999833, -2.225000000000000977 ) ) ;
#1492 = ORIENTED_EDGE ( 'NONE', *, *, #8231, .T. ) ;
#1491 = EDGE_CURVE ( 'NONE', #9336, #3283, #4587, .T. ) ;
#1493 = VERTEX_POINT ( 'NONE', #10705 ) ;
#1494 = DIRECTION ( 'NONE',  ( -0.000000000000000000, -1.000000000000000000, -0.000000000000000000 ) ) ;
#1495 = ORIENTED_EDGE ( 'NONE', *, *, #5566, .T. ) ;
#1496 = EDGE_CURVE ( 'NONE', #5896, #10815, #1258, .T. ) ;
#1497 = LINE ( 'NONE', #8985, #460 ) ;
#1498 = EDGE_CURVE ( 'NONE', #1135, #5010, #7972, .T. ) ;
#1499 = DIRECTION ( 'NONE',  ( 1.000000000000000000, 0.000000000000000000, 0.000000000000000000 ) ) ;
#1500 = VECTOR ( 'NONE', #8213, 1000.000000000000000 ) ;
#1501 = MANIFOLD_SOLID_BREP ( 'LPattern4[4]', #626 ) ;
#1502 = CARTESIAN_POINT ( 'NONE',  ( 2.225000000000000533, 0.1999999999999999833, -1.375000000000000444 ) ) ;
#1504 = ORIENTED_EDGE ( 'NONE', *, *, #2447, .F. ) ;
#1503 = ADVANCED_FACE ( 'NONE', ( #4959 ), #1700, .F. ) ;
#1505 = ORIENTED_EDGE ( 'NONE', *, *, #4443, .F. ) ;
#1506 = LINE ( 'NONE', #4881, #8227 ) ;
#1507 = CARTESIAN_POINT ( 'NONE',  ( -1.124999999999999334, 0.04999999999999999584, -2.225000000000000977 ) ) ;
#1508 = FACE_OUTER_BOUND ( 'NONE', #10329, .T. ) ;
#1509 = CARTESIAN_POINT ( 'NONE',  ( -2.225000000000000533, 0.6716990566028309129, 1.875000000000000222 ) ) ;
#1510 = CARTESIAN_POINT ( 'NONE',  ( -2.500000000000000888, 0.1999999999999999833, 1.875000000000000222 ) ) ;
#1511 = EDGE_CURVE ( 'NONE', #7165, #4271, #6692, .T. ) ;
#1512 = DIRECTION ( 'NONE',  ( 0.000000000000000000, 0.000000000000000000, 1.000000000000000000 ) ) ;
#1513 = CARTESIAN_POINT ( 'NONE',  ( -1.124999999999999334, 0.1999999999999999833, -2.500000000000000444 ) ) ;
#1514 = CARTESIAN_POINT ( 'NONE',  ( -1.749999999999999334, 0.6716990566028311349, 2.100000000000000533 ) ) ;
#1515 = VERTEX_POINT ( 'NONE', #9071 ) ;
#1516 = VERTEX_POINT ( 'NONE', #3252 ) ;
#1517 = VECTOR ( 'NONE', #332, 1000.000000000000000 ) ;
#1518 = ORIENTED_EDGE ( 'NONE', *, *, #4443, .T. ) ;
#1519 = DIRECTION ( 'NONE',  ( -0.000000000000000000, -1.000000000000000000, -0.000000000000000000 ) ) ;
#1520 = CARTESIAN_POINT ( 'NONE',  ( 0.3750000000000007772, 0.000000000000000000, 2.225000000000000977 ) ) ;
#1521 = LINE ( 'NONE', #10056, #7552 ) ;
#1522 = VECTOR ( 'NONE', #9849, 1000.000000000000000 ) ;
#1523 = LINE ( 'NONE', #9897, #9787 ) ;
#1524 = EDGE_CURVE ( 'NONE', #9025, #7767, #1474, .T. ) ;
#1525 = VECTOR ( 'NONE', #544, 1000.000000000000000 ) ;
#1526 = VECTOR ( 'NONE', #3083, 1000.000000000000000 ) ;
#1527 = DIRECTION ( 'NONE',  ( 0.000000000000000000, 0.000000000000000000, -1.000000000000000000 ) ) ;
#1528 = EDGE_LOOP ( 'NONE', ( #8727, #9220, #6380, #3726 ) ) ;
#1529 = CARTESIAN_POINT ( 'NONE',  ( -2.225000000000000533, 0.000000000000000000, -1.875000000000000000 ) ) ;
#1531 = VERTEX_POINT ( 'NONE', #4244 ) ;
#1530 = PRESENTATION_STYLE_ASSIGNMENT (( #9901 ) ) ;
#1532 = FILL_AREA_STYLE ('',( #9128 ) ) ;
#1533 = ORIENTED_EDGE ( 'NONE', *, *, #5014, .T. ) ;
#1534 = CARTESIAN_POINT ( 'NONE',  ( -0.3749999999999992228, 0.2000000000000000111, -2.500000000000000444 ) ) ;
#1536 = ORIENTED_EDGE ( 'NONE', *, *, #5960, .F. ) ;
#1535 = CARTESIAN_POINT ( 'NONE',  ( 2.500000000000000888, 0.04999999999999969746, 1.375000000000000222 ) ) ;
#1537 = AXIS2_PLACEMENT_3D ( 'NONE', #7014, #6953, #6173 ) ;
#1538 = DIRECTION ( 'NONE',  ( 0.000000000000000000, 0.000000000000000000, 1.000000000000000000 ) ) ;
#1539 = AXIS2_PLACEMENT_3D ( 'NONE', #67, #4390, #10911 ) ;
#1540 = FACE_OUTER_BOUND ( 'NONE', #7154, .T. ) ;
#1541 = AXIS2_PLACEMENT_3D ( 'NONE', #3213, #7644, #10182 ) ;
#1542 = CIRCLE ( 'NONE', #1006, 0.1250000000000001110 ) ;
#1543 = MANIFOLD_SOLID_BREP ( 'LPattern3[10]', #8765 ) ;
#1544 = AXIS2_PLACEMENT_3D ( 'NONE', #4326, #4440, #4388 ) ;
#1545 = AXIS2_PLACEMENT_3D ( 'NONE', #83, #7018, #245 ) ;
#1546 = DIRECTION ( 'NONE',  ( 0.000000000000000000, 0.000000000000000000, 1.000000000000000000 ) ) ;
#1547 = DIRECTION ( 'NONE',  ( -1.000000000000000000, 0.000000000000000000, -7.885106708985472271E-16 ) ) ;
#1549 = ORIENTED_EDGE ( 'NONE', *, *, #3219, .F. ) ;
#1548 = CARTESIAN_POINT ( 'NONE',  ( -0.8749999999999992228, 0.04999999999999969746, -2.500000000000000444 ) ) ;
#1550 = CIRCLE ( 'NONE', #497, 0.1250000000000001110 ) ;
#1551 = DIRECTION ( 'NONE',  ( 0.000000000000000000, -1.000000000000000000, 0.000000000000000000 ) ) ;
#1552 = VERTEX_POINT ( 'NONE', #1642 ) ;
#1553 = ORIENTED_EDGE ( 'NONE', *, *, #6878, .F. ) ;
#1554 = CARTESIAN_POINT ( 'NONE',  ( -2.500000000000000888, 0.000000000000000000, -1.374999999999999778 ) ) ;
#1555 = VERTEX_POINT ( 'NONE', #4028 ) ;
#1556 =( LENGTH_UNIT ( ) NAMED_UNIT ( * ) SI_UNIT ( .MILLI., .METRE. ) );
#1557 = VECTOR ( 'NONE', #7128, 1000.000000000000000 ) ;
#1558 = VECTOR ( 'NONE', #1336, 1000.000000000000000 ) ;
#1559 = EDGE_CURVE ( 'NONE', #3205, #4736, #3199, .T. ) ;
#1560 = EDGE_CURVE ( 'NONE', #3327, #4314, #2536, .T. ) ;
#1561 = CLOSED_SHELL ( 'NONE', ( #4406, #5363, #908, #6942, #10677, #6249 ) ) ;
#1562 = MANIFOLD_SOLID_BREP ( 'LPattern3[13]', #10145 ) ;
#1563 = CARTESIAN_POINT ( 'NONE',  ( 2.500000000000000888, 0.1999999999999999833, 1.625000000000000444 ) ) ;
#1564 = EDGE_LOOP ( 'NONE', ( #4368, #7322, #10919, #9714 ) ) ;
#1565 = ORIENTED_EDGE ( 'NONE', *, *, #4630, .F. ) ;
#1566 = DIRECTION ( 'NONE',  ( 0.000000000000000000, 1.000000000000000000, 0.000000000000000000 ) ) ;
#1567 = FACE_OUTER_BOUND ( 'NONE', #3514, .T. ) ;
#1568 = DIRECTION ( 'NONE',  ( 0.000000000000000000, -1.000000000000000000, 0.000000000000000000 ) ) ;
#1569 = DIRECTION ( 'NONE',  ( -0.000000000000000000, 0.000000000000000000, 1.000000000000000000 ) ) ;
#1570 = ADVANCED_FACE ( 'NONE', ( #3636 ), #10111, .T. ) ;
#1571 = DIRECTION ( 'NONE',  ( 1.000000000000000000, 0.000000000000000000, 0.000000000000000000 ) ) ;
#1572 = EDGE_CURVE ( 'NONE', #1265, #6594, #3602, .T. ) ;
#1573 = DIRECTION ( 'NONE',  ( 1.000000000000000000, 0.000000000000000000, 0.000000000000000000 ) ) ;
#1574 = DIRECTION ( 'NONE',  ( 1.000000000000000000, 0.000000000000000000, -7.885106708985472271E-16 ) ) ;
#1575 = VERTEX_POINT ( 'NONE', #194 ) ;
#1576 = EDGE_LOOP ( 'NONE', ( #3540, #9074, #2331, #6927 ) ) ;
#1578 = ORIENTED_EDGE ( 'NONE', *, *, #7967, .F. ) ;
#1577 = CARTESIAN_POINT ( 'NONE',  ( -1.874999999999998668, 0.2000000000000000944, 2.500000000000001332 ) ) ;
#1579 = SURFACE_SIDE_STYLE ('',( #10751 ) ) ;
#1580 = CARTESIAN_POINT ( 'NONE',  ( -0.1249999999999985983, 0.04999999999999969746, 2.500000000000000444 ) ) ;
#1581 = CARTESIAN_POINT ( 'NONE',  ( -2.499999999999999556, 9.071067811865477282, 2.500000000000000444 ) ) ;
#1582 = MANIFOLD_SOLID_BREP ( 'LPattern3[5]', #3340 ) ;
#1583 = CARTESIAN_POINT ( 'NONE',  ( 2.500000000000000888, 0.6716990566028309129, -0.3749999999999996669 ) ) ;
#1584 = CARTESIAN_POINT ( 'NONE',  ( -0.7999999999999992673, 3.169848480983500139, -1.050000000000000488 ) ) ;
#1585 = CARTESIAN_POINT ( 'NONE',  ( 2.225000000000000533, 0.6716990566028309129, -1.125000000000000000 ) ) ;
#1586 = VERTEX_POINT ( 'NONE', #6067 ) ;
#1587 = ORIENTED_EDGE ( 'NONE', *, *, #10485, .F. ) ;
#1588 = LINE ( 'NONE', #9070, #10519 ) ;
#1589 = ORIENTED_EDGE ( 'NONE', *, *, #5241, .T. ) ;
#1590 = CARTESIAN_POINT ( 'NONE',  ( -2.225000000000000533, 0.1999999999999999833, 1.625000000000000222 ) ) ;
#1591 = EDGE_CURVE ( 'NONE', #5987, #7296, #2579, .T. ) ;
#1592 = EDGE_CURVE ( 'NONE', #8308, #4973, #6962, .T. ) ;
#1593 = DIRECTION ( 'NONE',  ( -1.000000000000000000, 0.000000000000000000, -0.000000000000000000 ) ) ;
#1595 = VERTEX_POINT ( 'NONE', #10227 ) ;
#1594 = CARTESIAN_POINT ( 'NONE',  ( -2.500000000000000888, 0.000000000000000000, -1.125000000000000000 ) ) ;
#1596 = DIRECTION ( 'NONE',  ( -0.000000000000000000, -1.000000000000000000, -0.000000000000000000 ) ) ;
#1597 = CIRCLE ( 'NONE', #4596, 0.1250000000000001110 ) ;
#1598 = DIRECTION ( 'NONE',  ( -1.000000000000000000, 0.000000000000000000, 3.469446951953614583E-15 ) ) ;
#1599 = MANIFOLD_SOLID_BREP ( 'LPattern3[6]', #9622 ) ;
#1600 = AXIS2_PLACEMENT_3D ( 'NONE', #1452, #4167, #9218 ) ;
#1601 = CARTESIAN_POINT ( 'NONE',  ( -2.500000000000000888, 0.04999999999999969746, -1.374999999999999778 ) ) ;
#1602 = CARTESIAN_POINT ( 'NONE',  ( -2.225000000000000533, 0.6716990566028309129, -0.1249999999999998890 ) ) ;
#1604 = ORIENTED_EDGE ( 'NONE', *, *, #10236, .F. ) ;
#1603 = DIRECTION ( 'NONE',  ( -1.000000000000000000, -0.000000000000000000, -7.885106708985472271E-16 ) ) ;
#1605 = CARTESIAN_POINT ( 'NONE',  ( 2.500000000000000888, 0.1999999999999999833, 1.125000000000000444 ) ) ;
#1606 = VERTEX_POINT ( 'NONE', #4738 ) ;
#1607 = ORIENTED_EDGE ( 'NONE', *, *, #7936, .T. ) ;
#1608 = DIRECTION ( 'NONE',  ( 0.000000000000000000, -1.000000000000000000, 0.000000000000000000 ) ) ;
#1609 = VERTEX_POINT ( 'NONE', #1193 ) ;
#1610 =( NAMED_UNIT ( * ) PLANE_ANGLE_UNIT ( ) SI_UNIT ( $, .RADIAN. ) );
#1611 = EDGE_CURVE ( 'NONE', #8814, #6151, #9457, .T. ) ;
#1612 = SURFACE_SIDE_STYLE ('',( #9920 ) ) ;
#1613 = AXIS2_PLACEMENT_3D ( 'NONE', #537, #10553, #6414 ) ;
#1614 = CARTESIAN_POINT ( 'NONE',  ( 1.375000000000001332, 0.6716990566028311349, 2.500000000000000444 ) ) ;
#1615 = VERTEX_POINT ( 'NONE', #1403 ) ;
#1616 = EDGE_LOOP ( 'NONE', ( #9207, #6869, #982, #3970 ) ) ;
#1617 = DIRECTION ( 'NONE',  ( -2.365532012695642273E-15, 0.000000000000000000, -1.000000000000000000 ) ) ;
#1618 = DIRECTION ( 'NONE',  ( 1.000000000000000000, -0.000000000000000000, 0.000000000000000000 ) ) ;
#1619 = PLANE ( 'NONE',  #6148 ) ;
#1620 = DIRECTION ( 'NONE',  ( -0.000000000000000000, 0.000000000000000000, -1.000000000000000000 ) ) ;
#1621 =( LENGTH_UNIT ( ) NAMED_UNIT ( * ) SI_UNIT ( .MILLI., .METRE. ) );
#1622 = EDGE_CURVE ( 'NONE', #1054, #7939, #8116, .T. ) ;
#1623 = LINE ( 'NONE', #14, #6332 ) ;
#1624 = CARTESIAN_POINT ( 'NONE',  ( 2.500000000000000888, 0.1999999999999999833, 1.375000000000000222 ) ) ;
#1625 = ORIENTED_EDGE ( 'NONE', *, *, #5875, .F. ) ;
#1626 = VERTEX_POINT ( 'NONE', #4789 ) ;
#1627 = VERTEX_POINT ( 'NONE', #4628 ) ;
#1628 = ORIENTED_EDGE ( 'NONE', *, *, #2995, .T. ) ;
#1629 = ADVANCED_FACE ( 'NONE', ( #6460 ), #2090, .F. ) ;
#1630 = CARTESIAN_POINT ( 'NONE',  ( 2.225000000000000533, 0.1999999999999999833, 0.2499999999999997780 ) ) ;
#1631 = PLANE ( 'NONE',  #3306 ) ;
#1632 = EDGE_CURVE ( 'NONE', #1302, #3485, #2191, .T. ) ;
#1633 = DIRECTION ( 'NONE',  ( 0.000000000000000000, -1.000000000000000000, 0.000000000000000000 ) ) ;
#1634 = VECTOR ( 'NONE', #5775, 1000.000000000000000 ) ;
#1635 = ADVANCED_FACE ( 'NONE', ( #2863 ), #2247, .F. ) ;
#1636 = CYLINDRICAL_SURFACE ( 'NONE', #4117, 0.1250000000000001110 ) ;
#1637 = AXIS2_PLACEMENT_3D ( 'NONE', #5309, #3427, #7801 ) ;
#1638 = VECTOR ( 'NONE', #5485, 1000.000000000000000 ) ;
#1639 = DIRECTION ( 'NONE',  ( -1.000000000000000000, 0.000000000000000000, -0.000000000000000000 ) ) ;
#1640 = ORIENTED_EDGE ( 'NONE', *, *, #4162, .T. ) ;
#1641 = VERTEX_POINT ( 'NONE', #5572 ) ;
#1643 = EDGE_LOOP ( 'NONE', ( #2332, #4433, #4666, #3562 ) ) ;
#1642 = CARTESIAN_POINT ( 'NONE',  ( -2.225000000000000533, 0.05000000000000002359, -0.3750000000000003331 ) ) ;
#1644 = PLANE ( 'NONE',  #10881 ) ;
#1645 = ADVANCED_FACE ( 'NONE', ( #8837 ), #6239, .T. ) ;
#1646 = DIRECTION ( 'NONE',  ( 0.000000000000000000, 0.000000000000000000, 1.000000000000000000 ) ) ;
#1648 = ORIENTED_EDGE ( 'NONE', *, *, #1524, .F. ) ;
#1647 = LINE ( 'NONE', #8404, #301 ) ;
#1649 = CARTESIAN_POINT ( 'NONE',  ( 1.375000000000001332, 0.1999999999999999833, 2.500000000000000444 ) ) ;
#1650 = VECTOR ( 'NONE', #2948, 1000.000000000000000 ) ;
#1651 = CYLINDRICAL_SURFACE ( 'NONE', #5167, 0.1250000000000000000 ) ;
#1652 = VECTOR ( 'NONE', #7911, 1000.000000000000000 ) ;
#1653 = AXIS2_PLACEMENT_3D ( 'NONE', #1870, #1703, #3366 ) ;
#1654 = MANIFOLD_SOLID_BREP ( 'LPattern4[13]', #1561 ) ;
#1655 = EDGE_CURVE ( 'NONE', #10518, #2224, #7960, .T. ) ;
#1656 = PLANE ( 'NONE',  #10773 ) ;
#1657 = LINE ( 'NONE', #2327, #5795 ) ;
#1658 = VECTOR ( 'NONE', #9445, 1000.000000000000000 ) ;
#1659 = LINE ( 'NONE', #2650, #3673 ) ;
#1661 = ORIENTED_EDGE ( 'NONE', *, *, #6287, .F. ) ;
#1660 = DIRECTION ( 'NONE',  ( 2.365532012695649373E-15, 0.000000000000000000, 1.000000000000000000 ) ) ;
#1662 = DIRECTION ( 'NONE',  ( 1.000000000000000000, 0.000000000000000000, 7.885106708985472271E-16 ) ) ;
#1663 = ORIENTED_EDGE ( 'NONE', *, *, #2482, .T. ) ;
#1664 = ORIENTED_EDGE ( 'NONE', *, *, #6385, .T. ) ;
#1665 = DIRECTION ( 'NONE',  ( -1.000000000000000000, 0.000000000000000000, -2.065146995210484448E-16 ) ) ;
#1666 = ORIENTED_EDGE ( 'NONE', *, *, #7355, .T. ) ;
#1667 = LINE ( 'NONE', #9204, #10317 ) ;
#1668 = VECTOR ( 'NONE', #6893, 1000.000000000000000 ) ;
#1669 = EDGE_CURVE ( 'NONE', #6269, #4964, #5470, .T. ) ;
#1670 = EDGE_CURVE ( 'NONE', #8439, #4052, #3795, .T. ) ;
#1671 = AXIS2_PLACEMENT_3D ( 'NONE', #6449, #295, #8826 ) ;
#1672 = DIRECTION ( 'NONE',  ( 0.000000000000000000, -0.000000000000000000, 1.000000000000000000 ) ) ;
#1673 = ORIENTED_EDGE ( 'NONE', *, *, #1028, .F. ) ;
#1674 = ORIENTED_EDGE ( 'NONE', *, *, #6930, .T. ) ;
#1675 = CARTESIAN_POINT ( 'NONE',  ( 0.7500000000000006661, 0.1999999999999999833, 2.225000000000000977 ) ) ;
#1676 = CARTESIAN_POINT ( 'NONE',  ( 2.225000000000000533, 0.1999999999999999833, -0.7500000000000002220 ) ) ;
#1677 = DIRECTION ( 'NONE',  ( -1.000000000000000000, 0.000000000000000000, 3.469446951953614583E-15 ) ) ;
#1678 = DIRECTION ( 'NONE',  ( 0.000000000000000000, 1.000000000000000000, -0.000000000000000000 ) ) ;
#1679 = ADVANCED_FACE ( 'NONE', ( #3023 ), #2144, .T. ) ;
#1680 = AXIS2_PLACEMENT_3D ( 'NONE', #8549, #5287, #3563 ) ;
#1681 = ADVANCED_FACE ( 'NONE', ( #9221 ), #9058, .F. ) ;
#1682 = DIRECTION ( 'NONE',  ( 1.000000000000000000, -0.000000000000000000, 0.000000000000000000 ) ) ;
#1683 = LINE ( 'NONE', #5440, #1962 ) ;
#1684 = VERTEX_POINT ( 'NONE', #1577 ) ;
#1685 = ORIENTED_EDGE ( 'NONE', *, *, #8478, .F. ) ;
#1687 = ORIENTED_EDGE ( 'NONE', *, *, #7388, .F. ) ;
#1686 = SURFACE_STYLE_USAGE ( .BOTH. , #2406 ) ;
#1688 = VERTEX_POINT ( 'NONE', #3956 ) ;
#1689 = DIRECTION ( 'NONE',  ( 0.000000000000000000, -0.000000000000000000, 1.000000000000000000 ) ) ;
#1690 = CARTESIAN_POINT ( 'NONE',  ( 0.1249999999999955036, 0.05000000000000000278, -2.956915015869446345E-16 ) ) ;
#1691 = CARTESIAN_POINT ( 'NONE',  ( -2.500000000000000888, 0.1999999999999999833, 1.375000000000000222 ) ) ;
#1692 = DIRECTION ( 'NONE',  ( 0.000000000000000000, 0.000000000000000000, -1.000000000000000000 ) ) ;
#1693 = EDGE_CURVE ( 'NONE', #8426, #1052, #4946, .T. ) ;
#1694 = STYLED_ITEM ( 'NONE', ( #4317 ), #5381 ) ;
#1695 = ADVANCED_FACE ( 'NONE', ( #4842 ), #10802, .F. ) ;
#1696 = ADVANCED_FACE ( 'NONE', ( #7566 ), #737, .F. ) ;
#1697 = FACE_OUTER_BOUND ( 'NONE', #9092, .T. ) ;
#1698 = ORIENTED_EDGE ( 'NONE', *, *, #655, .T. ) ;
#1699 = ORIENTED_EDGE ( 'NONE', *, *, #9711, .F. ) ;
#1701 = VERTEX_POINT ( 'NONE', #2354 ) ;
#1700 = CYLINDRICAL_SURFACE ( 'NONE', #7329, 0.1250000000000001110 ) ;
#1702 = CARTESIAN_POINT ( 'NONE',  ( -2.499999999999999556, 0.05000000000000000278, 2.500000000000000444 ) ) ;
#1703 = DIRECTION ( 'NONE',  ( 0.000000000000000000, -1.000000000000000000, 0.000000000000000000 ) ) ;
#1705 = EDGE_LOOP ( 'NONE', ( #1992, #5991, #9863, #2171 ) ) ;
#1704 = CARTESIAN_POINT ( 'NONE',  ( 0.000000000000000000, 0.05000000000000000278, -0.6249999999999998890 ) ) ;
#1706 = DIRECTION ( 'NONE',  ( 0.000000000000000000, 0.000000000000000000, 1.000000000000000000 ) ) ;
#1707 = DIRECTION ( 'NONE',  ( 0.000000000000000000, 0.000000000000000000, -1.000000000000000000 ) ) ;
#1708 = CIRCLE ( 'NONE', #2413, 0.1250000000000001110 ) ;
#1709 = MANIFOLD_SOLID_BREP ( 'LPattern4[3]', #9659 ) ;
#1710 = ADVANCED_FACE ( 'NONE', ( #5735 ), #3238, .F. ) ;
#1711 = DIRECTION ( 'NONE',  ( 0.000000000000000000, -1.000000000000000000, 0.000000000000000000 ) ) ;
#1712 = CARTESIAN_POINT ( 'NONE',  ( -2.500000000000000888, 0.000000000000000000, 0.6250000000000003331 ) ) ;
#1713 = VECTOR ( 'NONE', #8159, 1000.000000000000000 ) ;
#1714 = DIRECTION ( 'NONE',  ( 0.000000000000000000, 0.000000000000000000, 1.000000000000000000 ) ) ;
#1716 = ORIENTED_EDGE ( 'NONE', *, *, #8124, .F. ) ;
#1715 = CARTESIAN_POINT ( 'NONE',  ( -1.124999999999998668, 0.1999999999999999833, 2.500000000000000444 ) ) ;
#1717 = PLANE ( 'NONE',  #1005 ) ;
#1718 = ORIENTED_EDGE ( 'NONE', *, *, #9995, .F. ) ;
#1719 = ORIENTED_EDGE ( 'NONE', *, *, #4760, .T. ) ;
#1720 = DIRECTION ( 'NONE',  ( 0.000000000000000000, -0.000000000000000000, -1.000000000000000000 ) ) ;
#1721 = EDGE_LOOP ( 'NONE', ( #7172, #2244, #6933, #6906 ) ) ;
#1722 = CIRCLE ( 'NONE', #1908, 0.1250000000000001110 ) ;
#1723 = CARTESIAN_POINT ( 'NONE',  ( 0.7500000000000006661, 0.2000000000000000111, 2.100000000000000533 ) ) ;
#1724 = VECTOR ( 'NONE', #3315, 1000.000000000000000 ) ;
#1725 = DIRECTION ( 'NONE',  ( 1.000000000000000000, 0.000000000000000000, 0.000000000000000000 ) ) ;
#1726 = VECTOR ( 'NONE', #4885, 1000.000000000000000 ) ;
#1727 = AXIS2_PLACEMENT_3D ( 'NONE', #2067, #7943, #1960 ) ;
#1728 = AXIS2_PLACEMENT_3D ( 'NONE', #4422, #9632, #6027 ) ;
#1729 = AXIS2_PLACEMENT_3D ( 'NONE', #9719, #8879, #2077 ) ;
#1730 = CARTESIAN_POINT ( 'NONE',  ( -1.749999999999999334, 0.2000000000000000111, -2.225000000000000977 ) ) ;
#1731 = ORIENTED_EDGE ( 'NONE', *, *, #7638, .F. ) ;
#1732 = ORIENTED_EDGE ( 'NONE', *, *, #7901, .F. ) ;
#1733 = UNCERTAINTY_MEASURE_WITH_UNIT (LENGTH_MEASURE( 1.000000000000000082E-05 ), #7488, 'distance_accuracy_value', 'NONE');
#1734 = CARTESIAN_POINT ( 'NONE',  ( -1.624999999999999334, 0.1999999999999999833, 2.225000000000000977 ) ) ;
#1735 = VECTOR ( 'NONE', #9576, 1000.000000000000000 ) ;
#1736 = LINE ( 'NONE', #6883, #9608 ) ;
#1737 = EDGE_CURVE ( 'NONE', #9005, #9726, #6444, .T. ) ;
#1738 = ADVANCED_FACE ( 'NONE', ( #2462 ), #10101, .F. ) ;
#1739 = CARTESIAN_POINT ( 'NONE',  ( 2.500000000000000888, 0.1999999999999999833, 0.8750000000000001110 ) ) ;
#1740 = VECTOR ( 'NONE', #9639, 1000.000000000000000 ) ;
#1741 = CARTESIAN_POINT ( 'NONE',  ( 1.625000000000001332, 0.2000000000000000111, 2.500000000000001332 ) ) ;
#1742 = LINE ( 'NONE', #899, #2246 ) ;
#1743 = ORIENTED_EDGE ( 'NONE', *, *, #251, .T. ) ;
#1744 = ORIENTED_EDGE ( 'NONE', *, *, #6998, .T. ) ;
#1745 = CARTESIAN_POINT ( 'NONE',  ( -2.000000000000000888, 0.9000000000000000222, -2.200000000000000178 ) ) ;
#1746 = ORIENTED_EDGE ( 'NONE', *, *, #9064, .T. ) ;
#1747 = CARTESIAN_POINT ( 'NONE',  ( 2.225000000000000533, 0.6716990566028309129, 0.1249999999999996808 ) ) ;
#1748 = PLANE ( 'NONE',  #4199 ) ;
#1749 = CARTESIAN_POINT ( 'NONE',  ( 0.8750000000000007772, 0.2000000000000000111, -2.500000000000000444 ) ) ;
#1750 = LINE ( 'NONE', #4341, #2887 ) ;
#1751 = CARTESIAN_POINT ( 'NONE',  ( 0.2500000000000006661, 0.04999999999999999584, 2.225000000000000977 ) ) ;
#1752 = PLANE ( 'NONE',  #2651 ) ;
#1753 = EDGE_LOOP ( 'NONE', ( #6782, #8923, #1868, #8165 ) ) ;
#1754 = ORIENTED_EDGE ( 'NONE', *, *, #9992, .T. ) ;
#1756 = ORIENTED_EDGE ( 'NONE', *, *, #2622, .F. ) ;
#1755 = SURFACE_STYLE_USAGE ( .BOTH. , #8671 ) ;
#1757 = FACE_OUTER_BOUND ( 'NONE', #6390, .T. ) ;
#1758 = FACE_OUTER_BOUND ( 'NONE', #4158, .T. ) ;
#1760 = ORIENTED_EDGE ( 'NONE', *, *, #3440, .T. ) ;
#1759 = CARTESIAN_POINT ( 'NONE',  ( 1.050000000000000266, 0.2000000000000000944, -1.050000000000000266 ) ) ;
#1761 = DIRECTION ( 'NONE',  ( 0.000000000000000000, -1.000000000000000000, 0.000000000000000000 ) ) ;
#1762 = DIRECTION ( 'NONE',  ( 2.365532012695641878E-15, -0.000000000000000000, 1.000000000000000000 ) ) ;
#1763 = MANIFOLD_SOLID_BREP ( 'LPattern4[6]', #5812 ) ;
#1764 = LINE ( 'NONE', #7754, #9029 ) ;
#1765 = FACE_OUTER_BOUND ( 'NONE', #10946, .T. ) ;
#1767 = AXIS2_PLACEMENT_3D ( 'NONE', #3031, #5581, #1366 ) ;
#1766 = DIRECTION ( 'NONE',  ( -0.000000000000000000, -1.000000000000000000, -0.000000000000000000 ) ) ;
#1769 = ORIENTED_EDGE ( 'NONE', *, *, #10022, .F. ) ;
#1768 = DIRECTION ( 'NONE',  ( 0.000000000000000000, -1.000000000000000000, 0.000000000000000000 ) ) ;
#1770 = CARTESIAN_POINT ( 'NONE',  ( -1.624999999999999334, 0.2000000000000000111, 2.225000000000000977 ) ) ;
#1771 = ORIENTED_EDGE ( 'NONE', *, *, #2071, .F. ) ;
#1772 = ORIENTED_EDGE ( 'NONE', *, *, #5523, .F. ) ;
#1773 = CARTESIAN_POINT ( 'NONE',  ( 2.500000000000000888, 0.1999999999999999833, 0.8750000000000001110 ) ) ;
#1774 = ORIENTED_EDGE ( 'NONE', *, *, #10223, .T. ) ;
#1775 = CARTESIAN_POINT ( 'NONE',  ( -2.500000000000000888, 0.04999999999999969746, -0.3749999999999996669 ) ) ;
#1776 = CARTESIAN_POINT ( 'NONE',  ( 2.225000000000000533, 0.000000000000000000, 0.2499999999999997780 ) ) ;
#1777 = EDGE_CURVE ( 'NONE', #4423, #5632, #6621, .T. ) ;
#1778 = ADVANCED_FACE ( 'NONE', ( #5111 ), #2566, .F. ) ;
#1779 = ADVANCED_FACE ( 'NONE', ( #1799 ), #9388, .T. ) ;
#1780 = EDGE_CURVE ( 'NONE', #802, #3647, #6169, .T. ) ;
#1781 = CIRCLE ( 'NONE', #4253, 0.1999999999999998723 ) ;
#1782 = MANIFOLD_SOLID_BREP ( 'LPattern3[11]', #7765 ) ;
#1783 = LINE ( 'NONE', #4321, #8635 ) ;
#1784 = ORIENTED_EDGE ( 'NONE', *, *, #6723, .T. ) ;
#1785 = EDGE_LOOP ( 'NONE', ( #4816, #985, #3930, #7362 ) ) ;
#1786 = CARTESIAN_POINT ( 'NONE',  ( -2.500000000000000888, 0.1999999999999999833, -0.6249999999999998890 ) ) ;
#1787 = FILL_AREA_STYLE_COLOUR ( '', #10001 ) ;
#1788 = CIRCLE ( 'NONE', #189, 0.1250000000000000000 ) ;
#1789 = PLANE ( 'NONE',  #4126 ) ;
#1790 = EDGE_CURVE ( 'NONE', #4819, #6223, #1967, .T. ) ;
#1791 = CARTESIAN_POINT ( 'NONE',  ( 0.000000000000000000, 0.05000000000000000278, -1.125000000000000000 ) ) ;
#1792 = CARTESIAN_POINT ( 'NONE',  ( -0.8749999999999994449, 0.000000000000000000, -2.225000000000000977 ) ) ;
#1793 = AXIS2_PLACEMENT_3D ( 'NONE', #2702, #7809, #6025 ) ;
#1794 = EDGE_CURVE ( 'NONE', #7432, #4285, #75, .T. ) ;
#1795 = CARTESIAN_POINT ( 'NONE',  ( 1.875000000000001554, 0.6716990566028311349, 2.500000000000000444 ) ) ;
#1796 = VERTEX_POINT ( 'NONE', #4395 ) ;
#1797 = EDGE_LOOP ( 'NONE', ( #1864, #3715, #6680, #8911 ) ) ;
#1798 = LINE ( 'NONE', #2850, #2560 ) ;
#1799 = FACE_OUTER_BOUND ( 'NONE', #7244, .T. ) ;
#1800 = ORIENTED_EDGE ( 'NONE', *, *, #1559, .F. ) ;
#1801 = FACE_OUTER_BOUND ( 'NONE', #5719, .T. ) ;
#1802 = CARTESIAN_POINT ( 'NONE',  ( 2.225000000000000533, 0.1999999999999999833, 1.125000000000000222 ) ) ;
#1803 = FACE_OUTER_BOUND ( 'NONE', #9203, .T. ) ;
#1804 = DIRECTION ( 'NONE',  ( 0.000000000000000000, 0.000000000000000000, 1.000000000000000000 ) ) ;
#1805 = EDGE_CURVE ( 'NONE', #10469, #3215, #2628, .T. ) ;
#1806 = EDGE_CURVE ( 'NONE', #702, #9725, #3405, .T. ) ;
#1807 = LINE ( 'NONE', #1023, #3548 ) ;
#1808 = EDGE_LOOP ( 'NONE', ( #7793, #592, #4445, #9578 ) ) ;
#1809 = ORIENTED_EDGE ( 'NONE', *, *, #10169, .T. ) ;
#1810 = VECTOR ( 'NONE', #10839, 1000.000000000000000 ) ;
#1812 = ORIENTED_EDGE ( 'NONE', *, *, #2342, .F. ) ;
#1811 = PRESENTATION_STYLE_ASSIGNMENT (( #7741 ) ) ;
#1813 = CARTESIAN_POINT ( 'NONE',  ( -2.500000000000000888, 0.1999999999999999833, 0.8750000000000001110 ) ) ;
#1814 = CARTESIAN_POINT ( 'NONE',  ( -0.2499999999999993616, 0.2000000000000000111, 2.100000000000000533 ) ) ;
#1816 = ORIENTED_EDGE ( 'NONE', *, *, #1693, .F. ) ;
#1815 = CARTESIAN_POINT ( 'NONE',  ( -2.225000000000000533, 0.000000000000000000, 0.7499999999999997780 ) ) ;
#1817 = CARTESIAN_POINT ( 'NONE',  ( 2.225000000000000533, 0.6716990566028309129, -1.375000000000000000 ) ) ;
#1818 = LINE ( 'NONE', #2696, #5352 ) ;
#1819 = MECHANICAL_DESIGN_GEOMETRIC_PRESENTATION_REPRESENTATION (  '', ( #3057 ), #8010 ) ;
#1820 = AXIS2_PLACEMENT_3D ( 'NONE', #31, #917, #5242 ) ;
#1821 = LINE ( 'NONE', #8570, #6183 ) ;
#1822 = LINE ( 'NONE', #4678, #4036 ) ;
#1823 = DIRECTION ( 'NONE',  ( 0.000000000000000000, -1.000000000000000000, 0.000000000000000000 ) ) ;
#1825 = VERTEX_POINT ( 'NONE', #7780 ) ;
#1824 = FACE_OUTER_BOUND ( 'NONE', #7657, .T. ) ;
#1826 = CARTESIAN_POINT ( 'NONE',  ( -2.225000000000000533, 0.1999999999999999833, 1.624999999999999778 ) ) ;
#1827 = ORIENTED_EDGE ( 'NONE', *, *, #5797, .T. ) ;
#1828 = ORIENTED_EDGE ( 'NONE', *, *, #345, .F. ) ;
#1829 = LINE ( 'NONE', #7702, #4821 ) ;
#1830 = AXIS2_PLACEMENT_3D ( 'NONE', #1920, #10160, #10107 ) ;
#1831 = VERTEX_POINT ( 'NONE', #183 ) ;
#1832 = CARTESIAN_POINT ( 'NONE',  ( -2.225000000000000533, 0.6716990566028309129, 1.375000000000000222 ) ) ;
#1833 = AXIS2_PLACEMENT_3D ( 'NONE', #5739, #2303, #1405 ) ;
#1834 = CARTESIAN_POINT ( 'NONE',  ( 0.7500000000000006661, 0.1999999999999999833, -2.225000000000000977 ) ) ;
#1835 = VECTOR ( 'NONE', #6502, 1000.000000000000000 ) ;
#1836 = VECTOR ( 'NONE', #10213, 1000.000000000000000 ) ;
#1837 = ADVANCED_FACE ( 'NONE', ( #10153 ), #2801, .T. ) ;
#1838 = EDGE_CURVE ( 'NONE', #7324, #6598, #7858, .T. ) ;
#1839 = EDGE_CURVE ( 'NONE', #1010, #5689, #9099, .T. ) ;
#1840 = CARTESIAN_POINT ( 'NONE',  ( 2.500000000000000888, 0.6716990566028309129, 0.8750000000000001110 ) ) ;
#1841 = EDGE_LOOP ( 'NONE', ( #7894, #5483, #10824, #5163 ) ) ;
#1842 = ORIENTED_EDGE ( 'NONE', *, *, #9028, .F. ) ;
#1843 = UNCERTAINTY_MEASURE_WITH_UNIT (LENGTH_MEASURE( 1.000000000000000082E-05 ), #8043, 'distance_accuracy_value', 'NONE');
#1844 = DIRECTION ( 'NONE',  ( 0.000000000000000000, -1.000000000000000000, 0.000000000000000000 ) ) ;
#1845 = FILL_AREA_STYLE ('',( #1787 ) ) ;
#1846 =( GEOMETRIC_REPRESENTATION_CONTEXT ( 3 ) GLOBAL_UNCERTAINTY_ASSIGNED_CONTEXT ( ( #571 ) ) GLOBAL_UNIT_ASSIGNED_CONTEXT ( ( #2103, #8958, #4696 ) ) REPRESENTATION_CONTEXT ( 'NONE', 'WORKASPACE' ) );
#1847 = CARTESIAN_POINT ( 'NONE',  ( -2.225000000000000533, 0.6716990566028309129, -0.6249999999999998890 ) ) ;
#1848 = CARTESIAN_POINT ( 'NONE',  ( 2.500000000000000888, 0.6716990566028309129, 1.875000000000000222 ) ) ;
#1849 = CARTESIAN_POINT ( 'NONE',  ( 0.8750000000000014433, 0.1999999999999999833, 2.500000000000000444 ) ) ;
#1850 = VECTOR ( 'NONE', #9727, 1000.000000000000000 ) ;
#1851 = ADVANCED_FACE ( 'NONE', ( #1340 ), #5508, .F. ) ;
#1852 = DIRECTION ( 'NONE',  ( 2.365532012695649373E-15, -0.000000000000000000, 1.000000000000000000 ) ) ;
#1853 = ORIENTED_EDGE ( 'NONE', *, *, #9489, .T. ) ;
#1854 = ORIENTED_EDGE ( 'NONE', *, *, #655, .F. ) ;
#1855 = DIRECTION ( 'NONE',  ( 0.000000000000000000, 0.000000000000000000, -1.000000000000000000 ) ) ;
#1856 = EDGE_LOOP ( 'NONE', ( #9728, #7539, #6728, #2271 ) ) ;
#1857 = DIRECTION ( 'NONE',  ( -1.000000000000000000, 0.000000000000000000, 0.000000000000000000 ) ) ;
#1858 = FACE_OUTER_BOUND ( 'NONE', #1797, .T. ) ;
#1859 = CARTESIAN_POINT ( 'NONE',  ( 2.225000000000000533, 0.1999999999999999833, 0.3750000000000001110 ) ) ;
#1860 = DIRECTION ( 'NONE',  ( 1.000000000000000000, 0.000000000000000000, 0.000000000000000000 ) ) ;
#1861 = VECTOR ( 'NONE', #127, 1000.000000000000000 ) ;
#1862 = DIRECTION ( 'NONE',  ( -0.000000000000000000, -1.000000000000000000, -0.000000000000000000 ) ) ;
#1863 = LINE ( 'NONE', #8505, #3193 ) ;
#1864 = ORIENTED_EDGE ( 'NONE', *, *, #10912, .T. ) ;
#1865 = ORIENTED_EDGE ( 'NONE', *, *, #9823, .T. ) ;
#1866 = VECTOR ( 'NONE', #1122, 1000.000000000000000 ) ;
#1868 = ORIENTED_EDGE ( 'NONE', *, *, #3903, .T. ) ;
#1867 = CARTESIAN_POINT ( 'NONE',  ( 2.225000000000000533, 0.6716990566028309129, -1.125000000000000000 ) ) ;
#1869 = DIRECTION ( 'NONE',  ( 1.000000000000000000, -0.000000000000000000, 0.000000000000000000 ) ) ;
#1870 = CARTESIAN_POINT ( 'NONE',  ( 1.750000000000000666, 0.2000000000000000111, -2.225000000000000977 ) ) ;
#1872 = VERTEX_POINT ( 'NONE', #9717 ) ;
#1871 = DIRECTION ( 'NONE',  ( -0.000000000000000000, -0.000000000000000000, -1.000000000000000000 ) ) ;
#1873 = CARTESIAN_POINT ( 'NONE',  ( -2.225000000000000533, 0.1999999999999999833, -0.6249999999999998890 ) ) ;
#1874 = LINE ( 'NONE', #3581, #2352 ) ;
#1875 = AXIS2_PLACEMENT_3D ( 'NONE', #1461, #2464, #5154 ) ;
#1876 = DIRECTION ( 'NONE',  ( 0.000000000000000000, 0.000000000000000000, 1.000000000000000000 ) ) ;
#1877 = PLANE ( 'NONE',  #10910 ) ;
#1878 = FACE_OUTER_BOUND ( 'NONE', #4629, .T. ) ;
#1880 = ORIENTED_EDGE ( 'NONE', *, *, #682, .F. ) ;
#1879 = CARTESIAN_POINT ( 'NONE',  ( -2.225000000000000533, 0.6716990566028309129, 1.875000000000000222 ) ) ;
#1881 = PLANE ( 'NONE',  #8274 ) ;
#1882 = ORIENTED_EDGE ( 'NONE', *, *, #1294, .T. ) ;
#1883 = EDGE_LOOP ( 'NONE', ( #4504, #8699, #7507, #7105 ) ) ;
#1884 = CARTESIAN_POINT ( 'NONE',  ( 2.225000000000000533, 0.6716990566028309129, 0.8750000000000001110 ) ) ;
#1885 = ORIENTED_EDGE ( 'NONE', *, *, #7264, .T. ) ;
#1886 = COLOUR_RGB ( '',0.7921568627450980005, 0.8196078431372548767, 0.9333333333333333481 ) ;
#1887 = CARTESIAN_POINT ( 'NONE',  ( 2.225000000000000533, 0.1999999999999999833, 1.375000000000000222 ) ) ;
#1888 = DIRECTION ( 'NONE',  ( 0.000000000000000000, 0.000000000000000000, -1.000000000000000000 ) ) ;
#1889 = MECHANICAL_DESIGN_GEOMETRIC_PRESENTATION_REPRESENTATION (  '', ( #5060 ), #10363 ) ;
#1890 = VECTOR ( 'NONE', #1032, 1000.000000000000000 ) ;
#1891 = ORIENTED_EDGE ( 'NONE', *, *, #3117, .F. ) ;
#1892 = AXIS2_PLACEMENT_3D ( 'NONE', #56, #10140, #10034 ) ;
#1893 = DIRECTION ( 'NONE',  ( -0.000000000000000000, 0.000000000000000000, -1.000000000000000000 ) ) ;
#1894 = AXIS2_PLACEMENT_3D ( 'NONE', #1815, #4300, #7797 ) ;
#1895 = CARTESIAN_POINT ( 'NONE',  ( -1.124999999999999334, 0.1999999999999999833, -2.225000000000000977 ) ) ;
#1896 = ORIENTED_EDGE ( 'NONE', *, *, #1325, .F. ) ;
#1897 = ORIENTED_EDGE ( 'NONE', *, *, #616, .F. ) ;
#1898 = CARTESIAN_POINT ( 'NONE',  ( -1.749999999999999334, 0.2000000000000000111, -2.225000000000000977 ) ) ;
#1899 = ORIENTED_EDGE ( 'NONE', *, *, #7192, .F. ) ;
#1900 = FACE_OUTER_BOUND ( 'NONE', #5964, .T. ) ;
#1901 = CARTESIAN_POINT ( 'NONE',  ( 2.225000000000000533, 0.05000000000000002359, -1.375000000000000444 ) ) ;
#1902 = AXIS2_PLACEMENT_3D ( 'NONE', #7190, #9678, #5475 ) ;
#1903 = DIRECTION ( 'NONE',  ( -0.000000000000000000, -1.000000000000000000, -0.000000000000000000 ) ) ;
#1904 = VECTOR ( 'NONE', #9987, 1000.000000000000000 ) ;
#1905 = CARTESIAN_POINT ( 'NONE',  ( -1.874999999999998668, 0.000000000000000000, 2.500000000000001332 ) ) ;
#1906 = EDGE_CURVE ( 'NONE', #1052, #8640, #5402, .T. ) ;
#1907 = EDGE_CURVE ( 'NONE', #10172, #7722, #8207, .T. ) ;
#1908 = AXIS2_PLACEMENT_3D ( 'NONE', #7937, #6212, #1222 ) ;
#1909 = VECTOR ( 'NONE', #905, 1000.000000000000000 ) ;
#1910 = VECTOR ( 'NONE', #9243, 1000.000000000000000 ) ;
#1911 = CARTESIAN_POINT ( 'NONE',  ( 2.225000000000000533, 0.6716990566028309129, -1.625000000000000000 ) ) ;
#1912 = EDGE_LOOP ( 'NONE', ( #4714, #8535, #6013, #10525 ) ) ;
#1913 = ORIENTED_EDGE ( 'NONE', *, *, #6035, .T. ) ;
#1914 = FACE_OUTER_BOUND ( 'NONE', #10580, .T. ) ;
#1915 = VECTOR ( 'NONE', #442, 1000.000000000000000 ) ;
#1916 = ORIENTED_EDGE ( 'NONE', *, *, #7226, .F. ) ;
#1917 = LINE ( 'NONE', #8660, #4127 ) ;
#1918 = CARTESIAN_POINT ( 'NONE',  ( -0.8749999999999992228, 0.2000000000000000111, -2.500000000000000444 ) ) ;
#1919 = DIRECTION ( 'NONE',  ( 0.000000000000000000, 0.000000000000000000, -1.000000000000000000 ) ) ;
#1920 = CARTESIAN_POINT ( 'NONE',  ( -1.749999999999999334, 0.2000000000000000111, 2.225000000000000977 ) ) ;
#1921 = EDGE_CURVE ( 'NONE', #1555, #1981, #3891, .T. ) ;
#1922 = EDGE_CURVE ( 'NONE', #5680, #311, #3728, .T. ) ;
#1923 = ADVANCED_FACE ( 'NONE', ( #6225 ), #515, .T. ) ;
#1924 = DIRECTION ( 'NONE',  ( 0.000000000000000000, 0.000000000000000000, 1.000000000000000000 ) ) ;
#1925 = LINE ( 'NONE', #7626, #3011 ) ;
#1926 = VERTEX_POINT ( 'NONE', #1236 ) ;
#1927 = ORIENTED_EDGE ( 'NONE', *, *, #6998, .F. ) ;
#1929 = VERTEX_POINT ( 'NONE', #1177 ) ;
#1928 = DIRECTION ( 'NONE',  ( 0.000000000000000000, -0.000000000000000000, -1.000000000000000000 ) ) ;
#1930 = PLANE ( 'NONE',  #5608 ) ;
#1931 = FACE_OUTER_BOUND ( 'NONE', #6420, .T. ) ;
#1933 = ORIENTED_EDGE ( 'NONE', *, *, #9962, .T. ) ;
#1932 = CARTESIAN_POINT ( 'NONE',  ( -1.249999999999999334, 0.6716990566028311349, 2.100000000000000533 ) ) ;
#1934 = CARTESIAN_POINT ( 'NONE',  ( -1.749999999999999334, 0.2000000000000000111, 2.225000000000000977 ) ) ;
#1935 = CARTESIAN_POINT ( 'NONE',  ( 2.225000000000000533, 0.1999999999999999833, 1.625000000000000222 ) ) ;
#1936 = PLANE ( 'NONE',  #2113 ) ;
#1937 = FACE_OUTER_BOUND ( 'NONE', #5992, .T. ) ;
#1938 = EDGE_CURVE ( 'NONE', #2145, #2443, #8764, .T. ) ;
#1939 = CARTESIAN_POINT ( 'NONE',  ( 0.2500000000000006661, 0.2000000000000000111, 2.225000000000000977 ) ) ;
#1941 = ORIENTED_EDGE ( 'NONE', *, *, #9357, .T. ) ;
#1940 = FILL_AREA_STYLE ('',( #1037 ) ) ;
#1942 = CARTESIAN_POINT ( 'NONE',  ( -2.225000000000000533, 0.1999999999999999833, 1.124999999999999778 ) ) ;
#1943 = ORIENTED_EDGE ( 'NONE', *, *, #3767, .F. ) ;
#1944 = ORIENTED_EDGE ( 'NONE', *, *, #8277, .F. ) ;
#1945 = DIRECTION ( 'NONE',  ( 0.000000000000000000, -1.000000000000000000, 0.000000000000000000 ) ) ;
#1946 = ORIENTED_EDGE ( 'NONE', *, *, #9825, .F. ) ;
#1947 = DIRECTION ( 'NONE',  ( 0.000000000000000000, -1.000000000000000000, 0.000000000000000000 ) ) ;
#1948 = FACE_OUTER_BOUND ( 'NONE', #5925, .T. ) ;
#1949 = ORIENTED_EDGE ( 'NONE', *, *, #10876, .T. ) ;
#1950 = EDGE_CURVE ( 'NONE', #9990, #3383, #4500, .T. ) ;
#1951 = DIRECTION ( 'NONE',  ( -0.000000000000000000, -1.000000000000000000, -0.000000000000000000 ) ) ;
#1952 = EDGE_CURVE ( 'NONE', #6677, #1609, #7950, .T. ) ;
#1953 = CARTESIAN_POINT ( 'NONE',  ( -0.7499999999999993339, 0.000000000000000000, 2.100000000000000533 ) ) ;
#1954 = EDGE_LOOP ( 'NONE', ( #9032, #10659, #10023, #7926 ) ) ;
#1955 = ORIENTED_EDGE ( 'NONE', *, *, #8349, .F. ) ;
#1956 = CARTESIAN_POINT ( 'NONE',  ( -2.225000000000000533, 0.05000000000000002359, 0.3750000000000001110 ) ) ;
#1957 = ORIENTED_EDGE ( 'NONE', *, *, #5630, .F. ) ;
#1958 = DIRECTION ( 'NONE',  ( -0.000000000000000000, -1.000000000000000000, -0.000000000000000000 ) ) ;
#1959 = VECTOR ( 'NONE', #3415, 1000.000000000000000 ) ;
#1960 = DIRECTION ( 'NONE',  ( 0.000000000000000000, 0.000000000000000000, 1.000000000000000000 ) ) ;
#1961 = AXIS2_PLACEMENT_3D ( 'NONE', #7951, #817, #660 ) ;
#1962 = VECTOR ( 'NONE', #3713, 1000.000000000000000 ) ;
#1963 = DIRECTION ( 'NONE',  ( 0.000000000000000000, -1.000000000000000000, 0.000000000000000000 ) ) ;
#1964 = ORIENTED_EDGE ( 'NONE', *, *, #6276, .F. ) ;
#1965 = ORIENTED_EDGE ( 'NONE', *, *, #10548, .F. ) ;
#1966 = CARTESIAN_POINT ( 'NONE',  ( 1.875000000000001554, 0.2000000000000000111, 2.500000000000000444 ) ) ;
#1967 = LINE ( 'NONE', #956, #5393 ) ;
#1968 = ORIENTED_EDGE ( 'NONE', *, *, #1017, .F. ) ;
#1969 = CARTESIAN_POINT ( 'NONE',  ( 1.250000000000000666, 0.2000000000000000111, 2.225000000000000977 ) ) ;
#1970 = DIRECTION ( 'NONE',  ( 0.000000000000000000, -1.000000000000000000, 0.000000000000000000 ) ) ;
#1971 = DIRECTION ( 'NONE',  ( 0.000000000000000000, -1.000000000000000000, 0.000000000000000000 ) ) ;
#1972 = AXIS2_PLACEMENT_3D ( 'NONE', #7592, #5025, #7428 ) ;
#1973 = FACE_OUTER_BOUND ( 'NONE', #1208, .T. ) ;
#1974 = ADVANCED_FACE ( 'NONE', ( #4506 ), #10628, .T. ) ;
#1975 = DIRECTION ( 'NONE',  ( 1.000000000000000000, -0.000000000000000000, -3.469446951953614189E-15 ) ) ;
#1976 = ADVANCED_FACE ( 'NONE', ( #3067 ), #7893, .T. ) ;
#1977 = EDGE_LOOP ( 'NONE', ( #1943, #10920, #4139, #6963 ) ) ;
#1978 = ORIENTED_EDGE ( 'NONE', *, *, #381, .F. ) ;
#1979 = EDGE_CURVE ( 'NONE', #9111, #8439, #8392, .T. ) ;
#1981 = VERTEX_POINT ( 'NONE', #9658 ) ;
#1980 = DIRECTION ( 'NONE',  ( 0.000000000000000000, -1.000000000000000000, 0.000000000000000000 ) ) ;
#1982 = ADVANCED_FACE ( 'NONE', ( #3836 ), #2076, .T. ) ;
#1983 = DIRECTION ( 'NONE',  ( -0.000000000000000000, -1.000000000000000000, -0.000000000000000000 ) ) ;
#1984 = PLANE ( 'NONE',  #5379 ) ;
#1985 = PLANE ( 'NONE',  #5441 ) ;
#1986 = CARTESIAN_POINT ( 'NONE',  ( 2.225000000000000533, 0.1999999999999999833, -0.1249999999999998890 ) ) ;
#1987 = DIRECTION ( 'NONE',  ( 2.365532012695649373E-15, 0.000000000000000000, 1.000000000000000000 ) ) ;
#1988 = CARTESIAN_POINT ( 'NONE',  ( 1.625000000000001332, 0.000000000000000000, 2.500000000000001332 ) ) ;
#1989 = EDGE_CURVE ( 'NONE', #8579, #688, #10527, .T. ) ;
#1990 = CARTESIAN_POINT ( 'NONE',  ( -0.8749999999999992228, 0.04999999999999999584, 2.225000000000000977 ) ) ;
#1992 = ORIENTED_EDGE ( 'NONE', *, *, #547, .F. ) ;
#1991 = DIRECTION ( 'NONE',  ( -2.365532012695642273E-15, 0.000000000000000000, -1.000000000000000000 ) ) ;
#1993 = LINE ( 'NONE', #7699, #10900 ) ;
#1994 = ORIENTED_EDGE ( 'NONE', *, *, #8631, .T. ) ;
#1995 = ORIENTED_EDGE ( 'NONE', *, *, #10678, .F. ) ;
#1996 = CARTESIAN_POINT ( 'NONE',  ( 2.225000000000000533, 0.000000000000000000, -1.750000000000000222 ) ) ;
#1997 = ORIENTED_EDGE ( 'NONE', *, *, #9122, .T. ) ;
#1998 = DIRECTION ( 'NONE',  ( 0.000000000000000000, 0.000000000000000000, 1.000000000000000000 ) ) ;
#1999 = PLANE ( 'NONE',  #6054 ) ;
#2000 = AXIS2_PLACEMENT_3D ( 'NONE', #9798, #9696, #7980 ) ;
#2001 = VECTOR ( 'NONE', #10197, 1000.000000000000000 ) ;
#2002 = EDGE_CURVE ( 'NONE', #5689, #9496, #403, .T. ) ;
#2003 = AXIS2_PLACEMENT_3D ( 'NONE', #4262, #8524, #6760 ) ;
#2004 = CARTESIAN_POINT ( 'NONE',  ( 2.225000000000000533, 0.05000000000000002359, 0.2499999999999997780 ) ) ;
#2005 = CARTESIAN_POINT ( 'NONE',  ( 2.225000000000000533, 0.000000000000000000, 1.749999999999999778 ) ) ;
#2006 = ORIENTED_EDGE ( 'NONE', *, *, #10292, .F. ) ;
#2007 = ORIENTED_EDGE ( 'NONE', *, *, #7141, .F. ) ;
#2008 = DIRECTION ( 'NONE',  ( 0.000000000000000000, -1.000000000000000000, 0.000000000000000000 ) ) ;
#2009 = ORIENTED_EDGE ( 'NONE', *, *, #6560, .F. ) ;
#2010 = CARTESIAN_POINT ( 'NONE',  ( 2.225000000000000533, 0.1999999999999999833, 0.6249999999999996669 ) ) ;
#2011 = VECTOR ( 'NONE', #4055, 1000.000000000000000 ) ;
#2012 = DIRECTION ( 'NONE',  ( -0.000000000000000000, -1.000000000000000000, -0.000000000000000000 ) ) ;
#2013 = VECTOR ( 'NONE', #8276, 1000.000000000000000 ) ;
#2014 = PRODUCT_RELATED_PRODUCT_CATEGORY ( 'part', '', ( #4217 ) ) ;
#2015 = CIRCLE ( 'NONE', #7846, 0.1250000000000000000 ) ;
#2016 = EDGE_CURVE ( 'NONE', #1825, #5800, #7234, .T. ) ;
#2017 = CARTESIAN_POINT ( 'NONE',  ( 2.225000000000000533, 0.6716990566028309129, 1.625000000000000222 ) ) ;
#2018 = ORIENTED_EDGE ( 'NONE', *, *, #440, .F. ) ;
#2019 = ORIENTED_EDGE ( 'NONE', *, *, #7666, .T. ) ;
#2020 = DIRECTION ( 'NONE',  ( -0.000000000000000000, -1.000000000000000000, 0.000000000000000000 ) ) ;
#2021 = VECTOR ( 'NONE', #1126, 1000.000000000000000 ) ;
#2022 = DIRECTION ( 'NONE',  ( 0.000000000000000000, 0.000000000000000000, 1.000000000000000000 ) ) ;
#2023 = DIRECTION ( 'NONE',  ( -0.000000000000000000, 1.000000000000000000, -0.000000000000000000 ) ) ;
#2024 = FILL_AREA_STYLE_COLOUR ( '', #6075 ) ;
#2025 = DIRECTION ( 'NONE',  ( -0.000000000000000000, -1.000000000000000000, -0.000000000000000000 ) ) ;
#2026 = LINE ( 'NONE', #1239, #7558 ) ;
#2027 = UNCERTAINTY_MEASURE_WITH_UNIT (LENGTH_MEASURE( 1.000000000000000082E-05 ), #9975, 'distance_accuracy_value', 'NONE');
#2028 = FACE_OUTER_BOUND ( 'NONE', #4529, .T. ) ;
#2029 = ADVANCED_FACE ( 'NONE', ( #5832 ), #621, .T. ) ;
#2030 = VECTOR ( 'NONE', #10582, 1000.000000000000000 ) ;
#2031 = CARTESIAN_POINT ( 'NONE',  ( -1.374999999999998668, 0.2000000000000000944, 2.500000000000001332 ) ) ;
#2032 = CARTESIAN_POINT ( 'NONE',  ( -1.749999999999999334, 0.2000000000000000111, 2.225000000000000977 ) ) ;
#2033 = VERTEX_POINT ( 'NONE', #6720 ) ;
#2034 = ORIENTED_EDGE ( 'NONE', *, *, #4240, .F. ) ;
#2035 = EDGE_LOOP ( 'NONE', ( #10277, #4739, #2828, #6071 ) ) ;
#2036 = PRESENTATION_STYLE_ASSIGNMENT (( #9618 ) ) ;
#2037 = DIRECTION ( 'NONE',  ( 1.000000000000000000, 0.000000000000000000, 7.885106708985472271E-16 ) ) ;
#2038 = DIRECTION ( 'NONE',  ( 1.000000000000000000, 0.000000000000000000, 0.000000000000000000 ) ) ;
#2039 = CARTESIAN_POINT ( 'NONE',  ( -1.749999999999999334, 0.2000000000000000111, 2.225000000000000977 ) ) ;
#2040 = ADVANCED_FACE ( 'NONE', ( #3226 ), #8996, .F. ) ;
#2041 = EDGE_CURVE ( 'NONE', #2443, #1174, #9211, .T. ) ;
#2042 = EDGE_CURVE ( 'NONE', #7441, #4322, #3118, .T. ) ;
#2043 = VECTOR ( 'NONE', #6578, 1000.000000000000000 ) ;
#2044 = CARTESIAN_POINT ( 'NONE',  ( -0.2499999999999993616, 0.1999999999999999833, 2.100000000000000533 ) ) ;
#2045 = LINE ( 'NONE', #4637, #10388 ) ;
#2047 = ORIENTED_EDGE ( 'NONE', *, *, #5172, .F. ) ;
#2046 = FILL_AREA_STYLE ('',( #4799 ) ) ;
#2048 = CARTESIAN_POINT ( 'NONE',  ( -2.225000000000000533, 0.6716990566028309129, -1.125000000000000000 ) ) ;
#2049 = VERTEX_POINT ( 'NONE', #2293 ) ;
#2050 = EDGE_LOOP ( 'NONE', ( #10331, #8040, #7453, #4370 ) ) ;
#2051 = DIRECTION ( 'NONE',  ( 0.000000000000000000, -0.000000000000000000, 1.000000000000000000 ) ) ;
#2052 = ORIENTED_EDGE ( 'NONE', *, *, #9535, .F. ) ;
#2053 = CARTESIAN_POINT ( 'NONE',  ( -2.225000000000000533, 0.6716990566028309129, 1.249999999999999778 ) ) ;
#2054 = DIRECTION ( 'NONE',  ( 0.000000000000000000, -0.000000000000000000, 1.000000000000000000 ) ) ;
#2055 = EDGE_CURVE ( 'NONE', #6497, #4423, #6664, .T. ) ;
#2056 = EDGE_CURVE ( 'NONE', #541, #8823, #4161, .T. ) ;
#2057 = CARTESIAN_POINT ( 'NONE',  ( -2.225000000000000533, 0.1999999999999999833, -0.1249999999999998890 ) ) ;
#2058 = VECTOR ( 'NONE', #9533, 1000.000000000000000 ) ;
#2059 = CARTESIAN_POINT ( 'NONE',  ( -1.624999999999998668, 0.2000000000000000111, 2.500000000000000444 ) ) ;
#2060 = CARTESIAN_POINT ( 'NONE',  ( -0.6249999999999985567, 0.000000000000000000, 2.500000000000000444 ) ) ;
#2061 = ORIENTED_EDGE ( 'NONE', *, *, #7871, .F. ) ;
#2062 = ORIENTED_EDGE ( 'NONE', *, *, #6007, .T. ) ;
#2063 = CARTESIAN_POINT ( 'NONE',  ( 2.500000000000000888, 0.1999999999999999833, -0.6249999999999998890 ) ) ;
#2064 = VERTEX_POINT ( 'NONE', #7551 ) ;
#2065 = CARTESIAN_POINT ( 'NONE',  ( 1.750000000000000666, 0.6716990566028311349, 2.100000000000000533 ) ) ;
#2066 = VECTOR ( 'NONE', #6462, 1000.000000000000000 ) ;
#2067 = CARTESIAN_POINT ( 'NONE',  ( 2.225000000000000533, 0.1999999999999999833, -1.750000000000000222 ) ) ;
#2068 = AXIS2_PLACEMENT_3D ( 'NONE', #2586, #4192, #6805 ) ;
#2069 = AXIS2_PLACEMENT_3D ( 'NONE', #10387, #2818, #5185 ) ;
#2070 = DIRECTION ( 'NONE',  ( 0.000000000000000000, -1.000000000000000000, 0.000000000000000000 ) ) ;
#2071 = EDGE_CURVE ( 'NONE', #1609, #334, #10137, .T. ) ;
#2072 = VERTEX_POINT ( 'NONE', #1507 ) ;
#2073 = ORIENTED_EDGE ( 'NONE', *, *, #7874, .F. ) ;
#2074 = DIRECTION ( 'NONE',  ( 0.000000000000000000, -0.000000000000000000, -1.000000000000000000 ) ) ;
#2075 = VECTOR ( 'NONE', #10158, 1000.000000000000000 ) ;
#2076 = PLANE ( 'NONE',  #1671 ) ;
#2077 = DIRECTION ( 'NONE',  ( 0.000000000000000000, 0.000000000000000000, -1.000000000000000000 ) ) ;
#2078 = DIRECTION ( 'NONE',  ( 0.000000000000000000, 0.000000000000000000, -1.000000000000000000 ) ) ;
#2079 = AXIS2_PLACEMENT_3D ( 'NONE', #3329, #2597, #7594 ) ;
#2080 = AXIS2_PLACEMENT_3D ( 'NONE', #7953, #3892, #516 ) ;
#2081 = LINE ( 'NONE', #1291, #1467 ) ;
#2082 = LINE ( 'NONE', #3739, #8451 ) ;
#2083 = VECTOR ( 'NONE', #1568, 1000.000000000000000 ) ;
#2084 = AXIS2_PLACEMENT_3D ( 'NONE', #6722, #3348, #9269 ) ;
#2085 = VECTOR ( 'NONE', #7093, 1000.000000000000000 ) ;
#2086 = VECTOR ( 'NONE', #9522, 1000.000000000000000 ) ;
#2087 = CARTESIAN_POINT ( 'NONE',  ( 2.500000000000000000, 0.9999999999999991118, -2.500000000000000444 ) ) ;
#2088 = VERTEX_POINT ( 'NONE', #3998 ) ;
#2089 = ORIENTED_EDGE ( 'NONE', *, *, #9285, .F. ) ;
#2091 = ORIENTED_EDGE ( 'NONE', *, *, #8746, .F. ) ;
#2090 = PLANE ( 'NONE',  #6969 ) ;
#2092 = EDGE_CURVE ( 'NONE', #4190, #1552, #6610, .T. ) ;
#2093 = DIRECTION ( 'NONE',  ( 0.000000000000000000, -0.000000000000000000, -1.000000000000000000 ) ) ;
#2094 = DIRECTION ( 'NONE',  ( 1.000000000000000000, 0.000000000000000000, -2.365532012695642273E-15 ) ) ;
#2095 = CARTESIAN_POINT ( 'NONE',  ( -0.7499999999999993339, 0.2000000000000000111, -2.225000000000000977 ) ) ;
#2096 = LINE ( 'NONE', #2305, #8611 ) ;
#2097 = VECTOR ( 'NONE', #1241, 1000.000000000000000 ) ;
#2098 = DIRECTION ( 'NONE',  ( 2.365532012695641878E-15, -0.000000000000000000, 1.000000000000000000 ) ) ;
#2099 = AXIS2_PLACEMENT_3D ( 'NONE', #1795, #6725, #3401 ) ;
#2100 = CLOSED_SHELL ( 'NONE', ( #7543, #9751, #1629, #5143, #722, #1696, #68 ) ) ;
#2101 = CARTESIAN_POINT ( 'NONE',  ( -2.499999999999999556, 0.05000000000000000278, 2.500000000000000444 ) ) ;
#2102 = CARTESIAN_POINT ( 'NONE',  ( 2.225000000000000533, 0.1999999999999999833, -1.125000000000000000 ) ) ;
#2104 = EDGE_LOOP ( 'NONE', ( #8397, #10186, #10335, #1038 ) ) ;
#2103 =( LENGTH_UNIT ( ) NAMED_UNIT ( * ) SI_UNIT ( .MILLI., .METRE. ) );
#2105 = CARTESIAN_POINT ( 'NONE',  ( -2.500000000000000888, 0.04999999999999969746, -1.125000000000000000 ) ) ;
#2106 = VERTEX_POINT ( 'NONE', #4107 ) ;
#2107 = ORIENTED_EDGE ( 'NONE', *, *, #5566, .F. ) ;
#2108 = CARTESIAN_POINT ( 'NONE',  ( -2.000000000000000888, 1.000000000000000000, -2.199999999999999734 ) ) ;
#2109 = VERTEX_POINT ( 'NONE', #4776 ) ;
#2110 = DIRECTION ( 'NONE',  ( -3.469446951953614583E-15, 0.000000000000000000, -1.000000000000000000 ) ) ;
#2111 = CARTESIAN_POINT ( 'NONE',  ( -1.050000000000000044, 0.2000000000000000944, -0.8000000000000022649 ) ) ;
#2112 = AXIS2_PLACEMENT_3D ( 'NONE', #10938, #3158, #709 ) ;
#2113 = AXIS2_PLACEMENT_3D ( 'NONE', #6864, #205, #978 ) ;
#2114 = CARTESIAN_POINT ( 'NONE',  ( -1.050000000000000044, 3.169848480983500139, 1.049999999999999822 ) ) ;
#2115 = DIRECTION ( 'NONE',  ( 0.000000000000000000, -1.000000000000000000, 0.000000000000000000 ) ) ;
#2116 = LINE ( 'NONE', #2167, #9150 ) ;
#2118 = EDGE_LOOP ( 'NONE', ( #5853, #7985, #619, #8929 ) ) ;
#2117 = EDGE_CURVE ( 'NONE', #7597, #4322, #7390, .T. ) ;
#2119 = VERTEX_POINT ( 'NONE', #10848 ) ;
#2120 = DIRECTION ( 'NONE',  ( -0.000000000000000000, -1.000000000000000000, -0.000000000000000000 ) ) ;
#2121 = EDGE_LOOP ( 'NONE', ( #8284, #7494, #2210, #6003 ) ) ;
#2122 = EDGE_CURVE ( 'NONE', #525, #2119, #10830, .T. ) ;
#2123 = EDGE_CURVE ( 'NONE', #8866, #1174, #10908, .T. ) ;
#2124 = DIRECTION ( 'NONE',  ( 0.000000000000000000, -1.000000000000000000, 0.000000000000000000 ) ) ;
#2125 = ADVANCED_FACE ( 'NONE', ( #10741 ), #7445, .T. ) ;
#2126 = CARTESIAN_POINT ( 'NONE',  ( -1.249999999999999334, 0.2000000000000000111, -2.225000000000000977 ) ) ;
#2128 = ORIENTED_EDGE ( 'NONE', *, *, #2495, .F. ) ;
#2127 = EDGE_CURVE ( 'NONE', #6497, #9389, #3942, .T. ) ;
#2129 = VERTEX_POINT ( 'NONE', #1444 ) ;
#2130 = CARTESIAN_POINT ( 'NONE',  ( -2.225000000000000533, 0.1999999999999999833, 1.375000000000000222 ) ) ;
#2131 = VECTOR ( 'NONE', #6689, 1000.000000000000000 ) ;
#2132 = DIRECTION ( 'NONE',  ( 1.000000000000000000, -0.000000000000000000, 0.000000000000000000 ) ) ;
#2133 = DIRECTION ( 'NONE',  ( -1.000000000000000000, 0.000000000000000000, 7.885106708985472271E-16 ) ) ;
#2134 = CARTESIAN_POINT ( 'NONE',  ( 1.375000000000001332, 0.2000000000000000111, 2.500000000000000444 ) ) ;
#2135 = CARTESIAN_POINT ( 'NONE',  ( -1.749999999999999334, 0.2000000000000000111, -2.225000000000000977 ) ) ;
#2136 = VECTOR ( 'NONE', #3324, 1000.000000000000000 ) ;
#2137 = EDGE_CURVE ( 'NONE', #716, #8240, #2395, .T. ) ;
#2138 = DIRECTION ( 'NONE',  ( 0.000000000000000000, 0.000000000000000000, 1.000000000000000000 ) ) ;
#2139 = AXIS2_PLACEMENT_3D ( 'NONE', #3847, #4513, #10535 ) ;
#2140 = CARTESIAN_POINT ( 'NONE',  ( -1.249999999999999334, 0.2000000000000000111, -2.225000000000000977 ) ) ;
#2141 = DIRECTION ( 'NONE',  ( 0.000000000000000000, -0.000000000000000000, 1.000000000000000000 ) ) ;
#2142 = ORIENTED_EDGE ( 'NONE', *, *, #4554, .F. ) ;
#2143 = ORIENTED_EDGE ( 'NONE', *, *, #3767, .T. ) ;
#2145 = VERTEX_POINT ( 'NONE', #9928 ) ;
#2144 = PLANE ( 'NONE',  #1311 ) ;
#2146 =( LENGTH_UNIT ( ) NAMED_UNIT ( * ) SI_UNIT ( .MILLI., .METRE. ) );
#2147 = LINE ( 'NONE', #8675, #9257 ) ;
#2148 = DIRECTION ( 'NONE',  ( 0.000000000000000000, -1.000000000000000000, 0.000000000000000000 ) ) ;
#2149 = CARTESIAN_POINT ( 'NONE',  ( 2.225000000000000533, 0.6716990566028309129, -0.8750000000000003331 ) ) ;
#2150 = VECTOR ( 'NONE', #5757, 1000.000000000000000 ) ;
#2151 = DIRECTION ( 'NONE',  ( -0.000000000000000000, -1.000000000000000000, -0.000000000000000000 ) ) ;
#2152 = EDGE_CURVE ( 'NONE', #7562, #5285, #3245, .T. ) ;
#2153 = ADVANCED_FACE ( 'NONE', ( #1567 ), #4935, .T. ) ;
#2154 = DIRECTION ( 'NONE',  ( 1.000000000000000000, 0.000000000000000000, 2.065146995210484941E-16 ) ) ;
#2155 = CARTESIAN_POINT ( 'NONE',  ( -0.7999999999999992673, 0.05000000000000000278, -1.050000000000000488 ) ) ;
#2156 = ORIENTED_EDGE ( 'NONE', *, *, #1353, .F. ) ;
#2157 = PLANE ( 'NONE',  #7927 ) ;
#2158 = ORIENTED_EDGE ( 'NONE', *, *, #6262, .F. ) ;
#2159 = VERTEX_POINT ( 'NONE', #5994 ) ;
#2160 = CARTESIAN_POINT ( 'NONE',  ( 0.3750000000000007772, 0.2000000000000000944, -2.500000000000000444 ) ) ;
#2161 = ORIENTED_EDGE ( 'NONE', *, *, #4705, .F. ) ;
#2162 = CARTESIAN_POINT ( 'NONE',  ( 2.225000000000000533, 0.1999999999999999833, -1.875000000000000000 ) ) ;
#2163 = LINE ( 'NONE', #4807, #8530 ) ;
#2164 = DIRECTION ( 'NONE',  ( 1.000000000000000000, 0.000000000000000000, -7.885106708985472271E-16 ) ) ;
#2165 = ORIENTED_EDGE ( 'NONE', *, *, #1496, .F. ) ;
#2166 = LINE ( 'NONE', #5703, #9216 ) ;
#2167 = CARTESIAN_POINT ( 'NONE',  ( 0.8750000000000014433, 0.6716990566028311349, 2.500000000000000444 ) ) ;
#2168 = ORIENTED_EDGE ( 'NONE', *, *, #2389, .F. ) ;
#2169 = ORIENTED_EDGE ( 'NONE', *, *, #4623, .T. ) ;
#2170 = DIRECTION ( 'NONE',  ( 1.000000000000000000, -0.000000000000000000, -0.000000000000000000 ) ) ;
#2171 = ORIENTED_EDGE ( 'NONE', *, *, #546, .F. ) ;
#2172 = VECTOR ( 'NONE', #8417, 1000.000000000000000 ) ;
#2173 = FACE_OUTER_BOUND ( 'NONE', #3108, .T. ) ;
#2174 = EDGE_CURVE ( 'NONE', #6107, #8577, #4439, .T. ) ;
#2175 = VECTOR ( 'NONE', #8032, 1000.000000000000000 ) ;
#2176 = EDGE_CURVE ( 'NONE', #348, #9726, #10146, .T. ) ;
#2177 = VECTOR ( 'NONE', #10288, 1000.000000000000000 ) ;
#2178 = ADVANCED_FACE ( 'NONE', ( #6100 ), #1789, .T. ) ;
#2179 = CARTESIAN_POINT ( 'NONE',  ( 1.050000000000000044, 0.05000000000000100198, 1.050000000000000044 ) ) ;
#2180 = VERTEX_POINT ( 'NONE', #3555 ) ;
#2181 = ORIENTED_EDGE ( 'NONE', *, *, #6809, .F. ) ;
#2182 = CARTESIAN_POINT ( 'NONE',  ( 0.2500000000000006661, 0.1999999999999999833, 2.100000000000000533 ) ) ;
#2183 = VECTOR ( 'NONE', #5448, 1000.000000000000000 ) ;
#2184 = CARTESIAN_POINT ( 'NONE',  ( -0.2499999999999993616, 0.2000000000000000111, 2.225000000000000977 ) ) ;
#2185 = AXIS2_PLACEMENT_3D ( 'NONE', #7412, #5850, #9120 ) ;
#2186 = CARTESIAN_POINT ( 'NONE',  ( -2.225000000000000533, 0.000000000000000000, -0.2500000000000002220 ) ) ;
#2187 = DIRECTION ( 'NONE',  ( 0.000000000000000000, -1.000000000000000000, 0.000000000000000000 ) ) ;
#2188 = MECHANICAL_DESIGN_GEOMETRIC_PRESENTATION_REPRESENTATION (  '', ( #3237 ), #599 ) ;
#2189 = CARTESIAN_POINT ( 'NONE',  ( 1.875000000000001554, 0.1999999999999999833, 2.500000000000000444 ) ) ;
#2190 = EDGE_CURVE ( 'NONE', #9389, #1136, #4223, .T. ) ;
#2191 = CIRCLE ( 'NONE', #8376, 0.1250000000000001110 ) ;
#2192 = PRESENTATION_LAYER_ASSIGNMENT (  '', '', ( #3431 ) ) ;
#2193 = FACE_OUTER_BOUND ( 'NONE', #7903, .T. ) ;
#2194 = CARTESIAN_POINT ( 'NONE',  ( 1.875000000000000888, 0.2000000000000000111, -2.500000000000000444 ) ) ;
#2195 = ORIENTED_EDGE ( 'NONE', *, *, #6535, .T. ) ;
#2196 = VERTEX_POINT ( 'NONE', #9266 ) ;
#2198 = VERTEX_POINT ( 'NONE', #4325 ) ;
#2197 = DIRECTION ( 'NONE',  ( 0.000000000000000000, 0.000000000000000000, 1.000000000000000000 ) ) ;
#2199 = LINE ( 'NONE', #6358, #8084 ) ;
#2200 = DIRECTION ( 'NONE',  ( 0.000000000000000000, 0.000000000000000000, 1.000000000000000000 ) ) ;
#2201 = PRESENTATION_LAYER_ASSIGNMENT (  '', '', ( #5206 ) ) ;
#2202 = CARTESIAN_POINT ( 'NONE',  ( 1.250000000000000666, 0.1999999999999999833, 2.100000000000000533 ) ) ;
#2203 = FACE_OUTER_BOUND ( 'NONE', #2104, .T. ) ;
#2204 = CARTESIAN_POINT ( 'NONE',  ( 1.250000000000000666, 0.6716990566028311349, -2.225000000000000977 ) ) ;
#2205 = VERTEX_POINT ( 'NONE', #8651 ) ;
#2206 = FACE_OUTER_BOUND ( 'NONE', #9692, .T. ) ;
#2207 = EDGE_CURVE ( 'NONE', #10592, #2145, #2361, .T. ) ;
#2208 = ORIENTED_EDGE ( 'NONE', *, *, #5231, .T. ) ;
#2209 = EDGE_CURVE ( 'NONE', #10886, #7441, #5155, .T. ) ;
#2210 = ORIENTED_EDGE ( 'NONE', *, *, #8448, .F. ) ;
#2211 = LINE ( 'NONE', #3758, #398 ) ;
#2212 = EDGE_LOOP ( 'NONE', ( #7431, #4591, #1885, #9170 ) ) ;
#2213 = CARTESIAN_POINT ( 'NONE',  ( -2.225000000000000533, 0.1999999999999999833, -0.1249999999999998890 ) ) ;
#2214 = DIRECTION ( 'NONE',  ( 1.000000000000000000, 0.000000000000000000, -0.000000000000000000 ) ) ;
#2215 = AXIS2_PLACEMENT_3D ( 'NONE', #8235, #6470, #9846 ) ;
#2216 = DIRECTION ( 'NONE',  ( -0.000000000000000000, -1.000000000000000000, -0.000000000000000000 ) ) ;
#2217 = ORIENTED_EDGE ( 'NONE', *, *, #5101, .T. ) ;
#2219 = ORIENTED_EDGE ( 'NONE', *, *, #532, .F. ) ;
#2218 = CARTESIAN_POINT ( 'NONE',  ( 1.375000000000001332, 0.2000000000000005107, 2.499999999999999556 ) ) ;
#2220 = DIRECTION ( 'NONE',  ( -1.000000000000000000, 0.000000000000000000, 0.000000000000000000 ) ) ;
#2221 = ORIENTED_EDGE ( 'NONE', *, *, #1130, .T. ) ;
#2222 = ORIENTED_EDGE ( 'NONE', *, *, #7083, .T. ) ;
#2223 = DIRECTION ( 'NONE',  ( -3.469446951953614583E-15, 0.000000000000000000, -1.000000000000000000 ) ) ;
#2224 = VERTEX_POINT ( 'NONE', #1901 ) ;
#2225 = MECHANICAL_DESIGN_GEOMETRIC_PRESENTATION_REPRESENTATION (  '', ( #4868 ), #9121 ) ;
#2226 = DIRECTION ( 'NONE',  ( 1.000000000000000000, -0.000000000000000000, 0.000000000000000000 ) ) ;
#2227 = FACE_OUTER_BOUND ( 'NONE', #9444, .T. ) ;
#2228 = VECTOR ( 'NONE', #1154, 1000.000000000000000 ) ;
#2229 = CARTESIAN_POINT ( 'NONE',  ( 2.500000000000000000, 0.05000000000000000278, -2.500000000000000444 ) ) ;
#2230 = ORIENTED_EDGE ( 'NONE', *, *, #8136, .T. ) ;
#2231 = ORIENTED_EDGE ( 'NONE', *, *, #1922, .F. ) ;
#2232 = CARTESIAN_POINT ( 'NONE',  ( -0.6249999999999985567, 0.000000000000000000, 2.500000000000000444 ) ) ;
#2233 = CARTESIAN_POINT ( 'NONE',  ( 2.500000000000000888, 0.6716990566028309129, -0.6249999999999998890 ) ) ;
#2234 = EDGE_CURVE ( 'NONE', #1375, #3215, #842, .T. ) ;
#2235 = DIRECTION ( 'NONE',  ( 0.000000000000000000, 0.000000000000000000, -1.000000000000000000 ) ) ;
#2236 = VECTOR ( 'NONE', #920, 1000.000000000000000 ) ;
#2237 = EDGE_CURVE ( 'NONE', #4190, #7006, #10089, .T. ) ;
#2238 = DIRECTION ( 'NONE',  ( 0.000000000000000000, 0.000000000000000000, 1.000000000000000000 ) ) ;
#2239 = DIRECTION ( 'NONE',  ( -0.000000000000000000, -1.000000000000000000, -0.000000000000000000 ) ) ;
#2240 = DIRECTION ( 'NONE',  ( -1.000000000000000000, 0.000000000000000000, 0.000000000000000000 ) ) ;
#2241 = VECTOR ( 'NONE', #134, 1000.000000000000000 ) ;
#2242 = CARTESIAN_POINT ( 'NONE',  ( -2.225000000000000533, 0.000000000000000000, -1.125000000000000000 ) ) ;
#2243 = DIRECTION ( 'NONE',  ( 0.000000000000000000, 0.000000000000000000, 1.000000000000000000 ) ) ;
#2244 = ORIENTED_EDGE ( 'NONE', *, *, #10351, .T. ) ;
#2245 = ORIENTED_EDGE ( 'NONE', *, *, #7238, .T. ) ;
#2246 = VECTOR ( 'NONE', #5107, 1000.000000000000000 ) ;
#2248 = ORIENTED_EDGE ( 'NONE', *, *, #3087, .F. ) ;
#2247 = PLANE ( 'NONE',  #3074 ) ;
#2249 = VECTOR ( 'NONE', #3905, 1000.000000000000000 ) ;
#2250 = EDGE_CURVE ( 'NONE', #1872, #2721, #10, .T. ) ;
#2251 = LINE ( 'NONE', #4632, #2952 ) ;
#2252 = EDGE_CURVE ( 'NONE', #10886, #8042, #1055, .T. ) ;
#2253 = EDGE_CURVE ( 'NONE', #5732, #7465, #2897, .T. ) ;
#2254 = PLANE ( 'NONE',  #5782 ) ;
#2255 = EDGE_CURVE ( 'NONE', #3437, #7881, #63, .T. ) ;
#2256 = DIRECTION ( 'NONE',  ( 0.000000000000000000, 0.000000000000000000, 1.000000000000000000 ) ) ;
#2257 = VECTOR ( 'NONE', #6645, 1000.000000000000000 ) ;
#2258 = AXIS2_PLACEMENT_3D ( 'NONE', #9467, #2594, #9360 ) ;
#2259 = CIRCLE ( 'NONE', #5439, 0.1250000000000001110 ) ;
#2260 = VECTOR ( 'NONE', #3299, 1000.000000000000000 ) ;
#2261 = CARTESIAN_POINT ( 'NONE',  ( 2.225000000000000533, 0.000000000000000000, -0.1249999999999998890 ) ) ;
#2262 = CIRCLE ( 'NONE', #2617, 0.1250000000000000000 ) ;
#2264 = CARTESIAN_POINT ( 'NONE',  ( 2.500000000000000888, 0.6716990566028309129, 0.1250000000000003331 ) ) ;
#2263 = AXIS2_PLACEMENT_3D ( 'NONE', #10269, #1862, #6009 ) ;
#2266 = EDGE_LOOP ( 'NONE', ( #2825, #1489, #3760, #775 ) ) ;
#2265 = DIRECTION ( 'NONE',  ( -1.000000000000000000, 0.000000000000000000, 0.000000000000000000 ) ) ;
#2267 = DIRECTION ( 'NONE',  ( 0.000000000000000000, -0.000000000000000000, 1.000000000000000000 ) ) ;
#2268 = VERTEX_POINT ( 'NONE', #3613 ) ;
#2269 = ORIENTED_EDGE ( 'NONE', *, *, #4343, .T. ) ;
#2270 = LINE ( 'NONE', #9954, #9946 ) ;
#2271 = ORIENTED_EDGE ( 'NONE', *, *, #6865, .F. ) ;
#2272 = DIRECTION ( 'NONE',  ( 1.000000000000000000, 0.000000000000000000, 7.885106708985472271E-16 ) ) ;
#2273 = AXIS2_PLACEMENT_3D ( 'NONE', #9802, #9748, #2164 ) ;
#2274 = DIRECTION ( 'NONE',  ( 7.885106708985472271E-16, -0.000000000000000000, 1.000000000000000000 ) ) ;
#2275 = EDGE_CURVE ( 'NONE', #9655, #10766, #1736, .T. ) ;
#2276 = ADVANCED_FACE ( 'NONE', ( #5042 ), #5104, .F. ) ;
#2277 = AXIS2_PLACEMENT_3D ( 'NONE', #6165, #8821, #4501 ) ;
#2278 = CARTESIAN_POINT ( 'NONE',  ( -1.874999999999999334, 0.2000000000000000111, -2.500000000000000444 ) ) ;
#2280 = ORIENTED_EDGE ( 'NONE', *, *, #8735, .T. ) ;
#2279 = CARTESIAN_POINT ( 'NONE',  ( 2.500000000000000000, 0.2000000000000005107, -1.375000000000000000 ) ) ;
#2281 = DIRECTION ( 'NONE',  ( 0.000000000000000000, 1.000000000000000000, 0.000000000000000000 ) ) ;
#2282 = ORIENTED_EDGE ( 'NONE', *, *, #3336, .F. ) ;
#2283 = ORIENTED_EDGE ( 'NONE', *, *, #3460, .F. ) ;
#2284 = DIRECTION ( 'NONE',  ( 0.000000000000000000, 1.000000000000000000, 0.000000000000000000 ) ) ;
#2285 = ORIENTED_EDGE ( 'NONE', *, *, #2002, .T. ) ;
#2286 =( NAMED_UNIT ( * ) PLANE_ANGLE_UNIT ( ) SI_UNIT ( $, .RADIAN. ) );
#2287 = ADVANCED_FACE ( 'NONE', ( #3448 ), #6825, .T. ) ;
#2288 = ADVANCED_FACE ( 'NONE', ( #6043 ), #9432, .T. ) ;
#2289 = CARTESIAN_POINT ( 'NONE',  ( -0.1249999999999985983, 0.2000000000000000111, 2.500000000000000444 ) ) ;
#2290 = ORIENTED_EDGE ( 'NONE', *, *, #2122, .F. ) ;
#2291 = ORIENTED_EDGE ( 'NONE', *, *, #5081, .F. ) ;
#2292 = LINE ( 'NONE', #2130, #7516 ) ;
#2293 = CARTESIAN_POINT ( 'NONE',  ( 2.225000000000000533, 0.05000000000000002359, -0.8750000000000003331 ) ) ;
#2294 = LINE ( 'NONE', #8215, #7219 ) ;
#2295 = DIRECTION ( 'NONE',  ( 1.000000000000000000, 0.000000000000000000, -2.365532012695641878E-15 ) ) ;
#2296 = CARTESIAN_POINT ( 'NONE',  ( 2.500000000000000888, 0.1999999999999999833, 0.6250000000000003331 ) ) ;
#2297 = DIRECTION ( 'NONE',  ( 0.000000000000000000, -1.000000000000000000, 0.000000000000000000 ) ) ;
#2298 = LINE ( 'NONE', #5676, #6912 ) ;
#2299 = ORIENTED_EDGE ( 'NONE', *, *, #3060, .F. ) ;
#2300 = ORIENTED_EDGE ( 'NONE', *, *, #2092, .T. ) ;
#2301 = ORIENTED_EDGE ( 'NONE', *, *, #6751, .F. ) ;
#2302 =( LENGTH_UNIT ( ) NAMED_UNIT ( * ) SI_UNIT ( .MILLI., .METRE. ) );
#2303 = DIRECTION ( 'NONE',  ( 0.000000000000000000, -1.000000000000000000, 0.000000000000000000 ) ) ;
#2304 = DIRECTION ( 'NONE',  ( 0.000000000000000000, 0.000000000000000000, -1.000000000000000000 ) ) ;
#2305 = CARTESIAN_POINT ( 'NONE',  ( 2.225000000000000533, 0.1999999999999999833, 1.875000000000000222 ) ) ;
#2306 = CARTESIAN_POINT ( 'NONE',  ( -0.6249999999999992228, 0.1999999999999999833, -2.500000000000000444 ) ) ;
#2307 = EDGE_CURVE ( 'NONE', #1265, #7821, #4553, .T. ) ;
#2308 = AXIS2_PLACEMENT_3D ( 'NONE', #9898, #1527, #8291 ) ;
#2309 = ADVANCED_FACE ( 'NONE', ( #7942 ), #2842, .F. ) ;
#2310 = ADVANCED_FACE ( 'NONE', ( #9760 ), #3671, .T. ) ;
#2311 = ADVANCED_FACE ( 'NONE', ( #2173 ), #1228, .T. ) ;
#2312 = CARTESIAN_POINT ( 'NONE',  ( -2.500000000000000888, 0.6716990566028309129, 1.625000000000000444 ) ) ;
#2314 = AXIS2_PLACEMENT_3D ( 'NONE', #10856, #10692, #2403 ) ;
#2313 = CARTESIAN_POINT ( 'NONE',  ( -0.1249999999999985983, 0.6716990566028311349, 2.500000000000000444 ) ) ;
#2316 = VERTEX_POINT ( 'NONE', #7991 ) ;
#2315 = FILL_AREA_STYLE ('',( #2526 ) ) ;
#2317 = CARTESIAN_POINT ( 'NONE',  ( 0.8750000000000014433, 0.6716990566028311349, 2.500000000000000444 ) ) ;
#2318 = ORIENTED_EDGE ( 'NONE', *, *, #788, .F. ) ;
#2319 = PLANE ( 'NONE',  #1449 ) ;
#2320 = VERTEX_POINT ( 'NONE', #451 ) ;
#2321 = CARTESIAN_POINT ( 'NONE',  ( 1.875000000000001554, 0.6716990566028311349, 2.500000000000000444 ) ) ;
#2322 = DIRECTION ( 'NONE',  ( -1.000000000000000000, 0.000000000000000000, 0.000000000000000000 ) ) ;
#2323 = AXIS2_PLACEMENT_3D ( 'NONE', #4970, #8359, #4205 ) ;
#2324 = ADVANCED_FACE ( 'NONE', ( #6219 ), #10465, .F. ) ;
#2325 = ADVANCED_FACE ( 'NONE', ( #6329 ), #5499, .T. ) ;
#2326 = LINE ( 'NONE', #4144, #9915 ) ;
#2327 = CARTESIAN_POINT ( 'NONE',  ( -2.225000000000000533, 0.6716990566028309129, 1.624999999999999778 ) ) ;
#2329 = ORIENTED_EDGE ( 'NONE', *, *, #9179, .T. ) ;
#2328 = CARTESIAN_POINT ( 'NONE',  ( 1.875000000000000888, 0.05000000000000000278, 0.000000000000000000 ) ) ;
#2330 = CARTESIAN_POINT ( 'NONE',  ( 2.500000000000000000, 0.05000000000000000278, -2.500000000000000444 ) ) ;
#2331 = ORIENTED_EDGE ( 'NONE', *, *, #8245, .T. ) ;
#2332 = ORIENTED_EDGE ( 'NONE', *, *, #2646, .F. ) ;
#2333 = DIRECTION ( 'NONE',  ( 0.000000000000000000, 0.000000000000000000, 1.000000000000000000 ) ) ;
#2334 = VERTEX_POINT ( 'NONE', #4662 ) ;
#2335 = ADVANCED_FACE ( 'NONE', ( #5552 ), #1166, .F. ) ;
#2336 = VECTOR ( 'NONE', #7538, 1000.000000000000000 ) ;
#2337 = DIRECTION ( 'NONE',  ( 1.000000000000000000, 0.000000000000000000, 0.000000000000000000 ) ) ;
#2338 = VERTEX_POINT ( 'NONE', #2010 ) ;
#2339 = ORIENTED_EDGE ( 'NONE', *, *, #1424, .T. ) ;
#2340 = LINE ( 'NONE', #5720, #1634 ) ;
#2341 = CARTESIAN_POINT ( 'NONE',  ( 2.225000000000000533, 0.1999999999999999833, 1.749999999999999778 ) ) ;
#2342 = EDGE_CURVE ( 'NONE', #2363, #3620, #341, .T. ) ;
#2343 = CARTESIAN_POINT ( 'NONE',  ( 2.500000000000000000, 0.05000000000000000278, 2.499999999999999556 ) ) ;
#2344 = DIRECTION ( 'NONE',  ( 0.000000000000000000, 1.000000000000000000, -0.000000000000000000 ) ) ;
#2345 = DIRECTION ( 'NONE',  ( 0.000000000000000000, -1.000000000000000000, 0.000000000000000000 ) ) ;
#2346 = VECTOR ( 'NONE', #2659, 1000.000000000000000 ) ;
#2347 = VECTOR ( 'NONE', #10605, 1000.000000000000000 ) ;
#2348 = LINE ( 'NONE', #685, #1377 ) ;
#2349 = LINE ( 'NONE', #9004, #8501 ) ;
#2350 = ORIENTED_EDGE ( 'NONE', *, *, #8971, .T. ) ;
#2351 = ORIENTED_EDGE ( 'NONE', *, *, #3858, .F. ) ;
#2352 = VECTOR ( 'NONE', #7637, 1000.000000000000000 ) ;
#2353 = AXIS2_PLACEMENT_3D ( 'NONE', #4122, #9061, #10698 ) ;
#2355 = EDGE_LOOP ( 'NONE', ( #8638, #7483, #10100, #4086 ) ) ;
#2354 = CARTESIAN_POINT ( 'NONE',  ( 2.500000000000000888, 0.1999999999999999833, -1.625000000000000000 ) ) ;
#2356 = DIRECTION ( 'NONE',  ( -1.000000000000000000, 0.000000000000000000, -0.000000000000000000 ) ) ;
#2357 = LINE ( 'NONE', #7571, #10029 ) ;
#2358 = CARTESIAN_POINT ( 'NONE',  ( 0.2500000000000006661, 0.2000000000000000111, 2.225000000000000977 ) ) ;
#2359 = EDGE_CURVE ( 'NONE', #10420, #6994, #2896, .T. ) ;
#2360 = DIRECTION ( 'NONE',  ( 0.000000000000000000, -1.000000000000000000, 0.000000000000000000 ) ) ;
#2361 = CIRCLE ( 'NONE', #8545, 0.1250000000000000000 ) ;
#2362 = PLANE ( 'NONE',  #2308 ) ;
#2363 = VERTEX_POINT ( 'NONE', #7169 ) ;
#2364 = FACE_OUTER_BOUND ( 'NONE', #7948, .T. ) ;
#2365 =( GEOMETRIC_REPRESENTATION_CONTEXT ( 3 ) GLOBAL_UNCERTAINTY_ASSIGNED_CONTEXT ( ( #9263 ) ) GLOBAL_UNIT_ASSIGNED_CONTEXT ( ( #8509, #4517, #7295 ) ) REPRESENTATION_CONTEXT ( 'NONE', 'WORKASPACE' ) );
#2367 = ORIENTED_EDGE ( 'NONE', *, *, #3201, .T. ) ;
#2366 = DIRECTION ( 'NONE',  ( 0.000000000000000000, 0.000000000000000000, -1.000000000000000000 ) ) ;
#2368 = LINE ( 'NONE', #5856, #9666 ) ;
#2369 = VERTEX_POINT ( 'NONE', #6273 ) ;
#2370 = DIRECTION ( 'NONE',  ( -1.000000000000000000, 0.000000000000000000, 0.000000000000000000 ) ) ;
#2371 = ORIENTED_EDGE ( 'NONE', *, *, #3599, .T. ) ;
#2372 = DIRECTION ( 'NONE',  ( -0.000000000000000000, -1.000000000000000000, -0.000000000000000000 ) ) ;
#2373 = DIRECTION ( 'NONE',  ( -0.000000000000000000, -1.000000000000000000, -0.000000000000000000 ) ) ;
#2374 = EDGE_CURVE ( 'NONE', #8104, #4601, #8703, .T. ) ;
#2375 = EDGE_CURVE ( 'NONE', #8475, #9273, #10360, .T. ) ;
#2376 = VECTOR ( 'NONE', #9672, 1000.000000000000000 ) ;
#2377 = DIRECTION ( 'NONE',  ( -0.000000000000000000, -1.000000000000000000, -0.000000000000000000 ) ) ;
#2378 = CARTESIAN_POINT ( 'NONE',  ( -1.749999999999999334, 0.2000000000000000111, 2.225000000000000977 ) ) ;
#2380 = VERTEX_POINT ( 'NONE', #8818 ) ;
#2379 = CARTESIAN_POINT ( 'NONE',  ( -2.225000000000000533, 0.1999999999999999833, 1.125000000000000222 ) ) ;
#2381 = CARTESIAN_POINT ( 'NONE',  ( -2.500000000000000888, 0.1999999999999999833, -0.6249999999999998890 ) ) ;
#2382 = VERTEX_POINT ( 'NONE', #396 ) ;
#2383 = EDGE_LOOP ( 'NONE', ( #1383, #29, #5486, #7812 ) ) ;
#2384 = PLANE ( 'NONE',  #7127 ) ;
#2385 = ORIENTED_EDGE ( 'NONE', *, *, #7240, .T. ) ;
#2386 = FILL_AREA_STYLE_COLOUR ( '', #1886 ) ;
#2387 = FILL_AREA_STYLE_COLOUR ( '', #1481 ) ;
#2388 = ADVANCED_FACE ( 'NONE', ( #6159 ), #8097, .T. ) ;
#2389 = EDGE_CURVE ( 'NONE', #5121, #6812, #8045, .T. ) ;
#2390 = VECTOR ( 'NONE', #3512, 1000.000000000000000 ) ;
#2391 = DIRECTION ( 'NONE',  ( 0.000000000000000000, -1.000000000000000000, 0.000000000000000000 ) ) ;
#2392 = VERTEX_POINT ( 'NONE', #9710 ) ;
#2393 = VERTEX_POINT ( 'NONE', #1535 ) ;
#2394 = DIRECTION ( 'NONE',  ( 1.000000000000000000, 0.000000000000000000, 2.065146995210484941E-16 ) ) ;
#2395 = LINE ( 'NONE', #4830, #7317 ) ;
#2396 = CARTESIAN_POINT ( 'NONE',  ( -2.225000000000000533, 0.000000000000000000, 0.8750000000000001110 ) ) ;
#2397 = DIRECTION ( 'NONE',  ( 0.000000000000000000, 0.000000000000000000, -1.000000000000000000 ) ) ;
#2398 = FACE_OUTER_BOUND ( 'NONE', #3881, .T. ) ;
#2399 = AXIS2_PLACEMENT_3D ( 'NONE', #5392, #6099, #8650 ) ;
#2400 = EDGE_CURVE ( 'NONE', #1552, #2736, #4990, .T. ) ;
#2401 = ADVANCED_FACE ( 'NONE', ( #2227 ), #8460, .F. ) ;
#2402 = CARTESIAN_POINT ( 'NONE',  ( 0.000000000000000000, 0.05000000000000000278, 0.000000000000000000 ) ) ;
#2403 = DIRECTION ( 'NONE',  ( 0.000000000000000000, 0.000000000000000000, -1.000000000000000000 ) ) ;
#2404 = ORIENTED_EDGE ( 'NONE', *, *, #2792, .F. ) ;
#2405 = ORIENTED_EDGE ( 'NONE', *, *, #6409, .T. ) ;
#2407 = VERTEX_POINT ( 'NONE', #32 ) ;
#2406 = SURFACE_SIDE_STYLE ('',( #3132 ) ) ;
#2408 = FACE_OUTER_BOUND ( 'NONE', #5199, .T. ) ;
#2409 = LINE ( 'NONE', #4068, #6669 ) ;
#2410 = DIRECTION ( 'NONE',  ( 1.000000000000000000, 0.000000000000000000, -7.885106708985472271E-16 ) ) ;
#2411 = PRESENTATION_LAYER_ASSIGNMENT (  '', '', ( #8246 ) ) ;
#2412 = CARTESIAN_POINT ( 'NONE',  ( -2.225000000000000533, 0.6716990566028309129, 0.3750000000000001110 ) ) ;
#2413 = AXIS2_PLACEMENT_3D ( 'NONE', #93, #318, #6072 ) ;
#2414 = EDGE_CURVE ( 'NONE', #6223, #8308, #7277, .T. ) ;
#2415 = VECTOR ( 'NONE', #6636, 1000.000000000000000 ) ;
#2416 = CARTESIAN_POINT ( 'NONE',  ( 1.250000000000000666, 0.000000000000000000, 2.225000000000000977 ) ) ;
#2417 = ORIENTED_EDGE ( 'NONE', *, *, #7330, .T. ) ;
#2418 = ORIENTED_EDGE ( 'NONE', *, *, #7388, .T. ) ;
#2419 = CARTESIAN_POINT ( 'NONE',  ( -2.225000000000000533, 0.000000000000000000, -0.3750000000000003331 ) ) ;
#2421 = EDGE_LOOP ( 'NONE', ( #5013, #6012, #5009, #10452 ) ) ;
#2420 =( NAMED_UNIT ( * ) PLANE_ANGLE_UNIT ( ) SI_UNIT ( $, .RADIAN. ) );
#2422 = CARTESIAN_POINT ( 'NONE',  ( 1.250000000000000666, 0.2000000000000000111, -2.225000000000000977 ) ) ;
#2423 = VERTEX_POINT ( 'NONE', #7634 ) ;
#2424 = CARTESIAN_POINT ( 'NONE',  ( -0.3749999999999994449, 0.2000000000000000111, -2.225000000000000977 ) ) ;
#2426 = ORIENTED_EDGE ( 'NONE', *, *, #3336, .T. ) ;
#2425 = LINE ( 'NONE', #1594, #10539 ) ;
#2427 = AXIS2_PLACEMENT_3D ( 'NONE', #1128, #10321, #10215 ) ;
#2428 = LINE ( 'NONE', #6748, #3653 ) ;
#2429 = AXIS2_PLACEMENT_3D ( 'NONE', #5282, #8820, #1229 ) ;
#2430 = DIRECTION ( 'NONE',  ( 1.000000000000000000, -0.000000000000000000, 0.000000000000000000 ) ) ;
#2431 = AXIS2_PLACEMENT_3D ( 'NONE', #327, #2766, #2654 ) ;
#2432 = VECTOR ( 'NONE', #6753, 1000.000000000000000 ) ;
#2433 = VECTOR ( 'NONE', #6398, 1000.000000000000000 ) ;
#2434 = CARTESIAN_POINT ( 'NONE',  ( 1.375000000000000888, 0.6716990566028311349, -2.225000000000000977 ) ) ;
#2435 = LINE ( 'NONE', #9196, #9859 ) ;
#2437 = ORIENTED_EDGE ( 'NONE', *, *, #788, .T. ) ;
#2436 = LINE ( 'NONE', #820, #2150 ) ;
#2438 = AXIS2_PLACEMENT_3D ( 'NONE', #6319, #8806, #1216 ) ;
#2439 = DIRECTION ( 'NONE',  ( -0.000000000000000000, 1.000000000000000000, -0.000000000000000000 ) ) ;
#2440 = ORIENTED_EDGE ( 'NONE', *, *, #3330, .T. ) ;
#2441 = VERTEX_POINT ( 'NONE', #3056 ) ;
#2442 = CARTESIAN_POINT ( 'NONE',  ( 1.750000000000000666, 0.1999999999999999833, 2.100000000000000533 ) ) ;
#2443 = VERTEX_POINT ( 'NONE', #3367 ) ;
#2444 = CIRCLE ( 'NONE', #6668, 0.1250000000000001110 ) ;
#2445 = EDGE_CURVE ( 'NONE', #3917, #6433, #5914, .T. ) ;
#2446 = EDGE_CURVE ( 'NONE', #7939, #5800, #9296, .T. ) ;
#2447 = EDGE_CURVE ( 'NONE', #2549, #8646, #5807, .T. ) ;
#2448 = EDGE_CURVE ( 'NONE', #1531, #5416, #8605, .T. ) ;
#2449 = DIRECTION ( 'NONE',  ( -3.469446951953614583E-15, 0.000000000000000000, -1.000000000000000000 ) ) ;
#2450 = ORIENTED_EDGE ( 'NONE', *, *, #10522, .T. ) ;
#2451 = VERTEX_POINT ( 'NONE', #9813 ) ;
#2452 = DIRECTION ( 'NONE',  ( -0.000000000000000000, -1.000000000000000000, 0.000000000000000000 ) ) ;
#2453 = CARTESIAN_POINT ( 'NONE',  ( -2.500000000000000888, 0.6716990566028309129, 0.3750000000000001110 ) ) ;
#2454 = CARTESIAN_POINT ( 'NONE',  ( -1.874999999999998668, 0.2000000000000000111, 2.500000000000001332 ) ) ;
#2455 = DIRECTION ( 'NONE',  ( 1.000000000000000000, -0.000000000000000000, 2.065146995210484941E-16 ) ) ;
#2456 = EDGE_CURVE ( 'NONE', #9158, #1303, #8351, .T. ) ;
#2457 = EDGE_CURVE ( 'NONE', #2106, #1555, #4248, .T. ) ;
#2458 = LINE ( 'NONE', #8437, #9520 ) ;
#2459 = LINE ( 'NONE', #1624, #9210 ) ;
#2460 = EDGE_LOOP ( 'NONE', ( #1098, #6459, #4803, #3002 ) ) ;
#2461 = ORIENTED_EDGE ( 'NONE', *, *, #5477, .T. ) ;
#2463 = ORIENTED_EDGE ( 'NONE', *, *, #2623, .T. ) ;
#2462 = FACE_OUTER_BOUND ( 'NONE', #808, .T. ) ;
#2464 = DIRECTION ( 'NONE',  ( -1.000000000000000000, 0.000000000000000000, 2.365532012695649373E-15 ) ) ;
#2465 = ORIENTED_EDGE ( 'NONE', *, *, #10510, .F. ) ;
#2466 = DIRECTION ( 'NONE',  ( 0.000000000000000000, 1.000000000000000000, 0.000000000000000000 ) ) ;
#2467 = DIRECTION ( 'NONE',  ( 0.000000000000000000, -0.000000000000000000, 1.000000000000000000 ) ) ;
#2468 = CARTESIAN_POINT ( 'NONE',  ( 0.7500000000000006661, 0.2000000000000000111, 2.225000000000000977 ) ) ;
#2469 = EDGE_CURVE ( 'NONE', #3483, #10241, #4359, .T. ) ;
#2470 = LINE ( 'NONE', #1469, #2131 ) ;
#2471 = ORIENTED_EDGE ( 'NONE', *, *, #10235, .T. ) ;
#2472 = VERTEX_POINT ( 'NONE', #704 ) ;
#2473 = ORIENTED_EDGE ( 'NONE', *, *, #8952, .F. ) ;
#2474 = DIRECTION ( 'NONE',  ( -1.000000000000000000, 0.000000000000000000, 0.000000000000000000 ) ) ;
#2475 = DIRECTION ( 'NONE',  ( 0.000000000000000000, -0.000000000000000000, -1.000000000000000000 ) ) ;
#2477 = VERTEX_POINT ( 'NONE', #9351 ) ;
#2476 = DIRECTION ( 'NONE',  ( 0.000000000000000000, 1.000000000000000000, 0.000000000000000000 ) ) ;
#2478 = DIRECTION ( 'NONE',  ( 0.000000000000000000, -1.000000000000000000, 0.000000000000000000 ) ) ;
#2479 = VECTOR ( 'NONE', #10653, 1000.000000000000000 ) ;
#2480 = PLANE ( 'NONE',  #218 ) ;
#2481 = EDGE_CURVE ( 'NONE', #5113, #8144, #4138, .T. ) ;
#2482 = EDGE_CURVE ( 'NONE', #2767, #2198, #10933, .T. ) ;
#2483 = VECTOR ( 'NONE', #8113, 1000.000000000000000 ) ;
#2484 = PLANE ( 'NONE',  #7439 ) ;
#2485 = LINE ( 'NONE', #8467, #5269 ) ;
#2487 = ORIENTED_EDGE ( 'NONE', *, *, #4888, .F. ) ;
#2486 = CARTESIAN_POINT ( 'NONE',  ( 1.125000000000001332, 0.2000000000000000111, 2.500000000000001332 ) ) ;
#2488 = DIRECTION ( 'NONE',  ( -0.000000000000000000, -1.000000000000000000, -0.000000000000000000 ) ) ;
#2489 = ORIENTED_EDGE ( 'NONE', *, *, #5156, .T. ) ;
#2490 = VERTEX_POINT ( 'NONE', #10823 ) ;
#2491 = CARTESIAN_POINT ( 'NONE',  ( -2.500000000000000888, 0.6716990566028309129, -0.6249999999999998890 ) ) ;
#2492 = ORIENTED_EDGE ( 'NONE', *, *, #9013, .F. ) ;
#2493 = FILL_AREA_STYLE ('',( #3384 ) ) ;
#2494 = PLANE ( 'NONE',  #9443 ) ;
#2495 = EDGE_CURVE ( 'NONE', #4814, #8048, #8969, .T. ) ;
#2496 = PLANE ( 'NONE',  #2809 ) ;
#2497 = ORIENTED_EDGE ( 'NONE', *, *, #10364, .F. ) ;
#2498 = ORIENTED_EDGE ( 'NONE', *, *, #2870, .T. ) ;
#2499 = UNCERTAINTY_MEASURE_WITH_UNIT (LENGTH_MEASURE( 1.000000000000000082E-05 ), #9937, 'distance_accuracy_value', 'NONE');
#2500 = CYLINDRICAL_SURFACE ( 'NONE', #9943, 0.1250000000000000000 ) ;
#2501 = DIRECTION ( 'NONE',  ( 0.000000000000000000, -1.000000000000000000, 0.000000000000000000 ) ) ;
#2502 = CARTESIAN_POINT ( 'NONE',  ( 0.8750000000000014433, 0.1999999999999999833, 2.500000000000000444 ) ) ;
#2503 = DIRECTION ( 'NONE',  ( 2.365532012695641878E-15, -0.000000000000000000, 1.000000000000000000 ) ) ;
#2504 = EDGE_CURVE ( 'NONE', #3439, #7066, #9189, .T. ) ;
#2505 = EDGE_CURVE ( 'NONE', #8076, #2363, #2425, .T. ) ;
#2506 = EDGE_CURVE ( 'NONE', #5113, #1872, #759, .T. ) ;
#2507 = LINE ( 'NONE', #9439, #10565 ) ;
#2508 = PLANE ( 'NONE',  #3896 ) ;
#2509 = ORIENTED_EDGE ( 'NONE', *, *, #5564, .T. ) ;
#2510 = ORIENTED_EDGE ( 'NONE', *, *, #10829, .F. ) ;
#2512 = ORIENTED_EDGE ( 'NONE', *, *, #9357, .F. ) ;
#2511 = DIRECTION ( 'NONE',  ( 7.885106708985472271E-16, -0.000000000000000000, 1.000000000000000000 ) ) ;
#2513 = VERTEX_POINT ( 'NONE', #10067 ) ;
#2514 = LINE ( 'NONE', #5950, #9959 ) ;
#2515 = AXIS2_PLACEMENT_3D ( 'NONE', #2644, #870, #6749 ) ;
#2516 = CARTESIAN_POINT ( 'NONE',  ( -2.225000000000000533, 0.1999999999999999833, -0.7500000000000002220 ) ) ;
#2517 = CARTESIAN_POINT ( 'NONE',  ( -2.500000000000000888, 0.6716990566028309129, -0.3749999999999996669 ) ) ;
#2518 = VECTOR ( 'NONE', #6327, 1000.000000000000000 ) ;
#2519 = DIRECTION ( 'NONE',  ( 0.000000000000000000, 0.000000000000000000, -1.000000000000000000 ) ) ;
#2520 = EDGE_CURVE ( 'NONE', #4311, #10769, #1647, .T. ) ;
#2521 = AXIS2_PLACEMENT_3D ( 'NONE', #10864, #694, #8229 ) ;
#2522 = AXIS2_PLACEMENT_3D ( 'NONE', #1478, #3096, #2475 ) ;
#2523 = DIRECTION ( 'NONE',  ( -0.000000000000000000, -1.000000000000000000, -0.000000000000000000 ) ) ;
#2524 = VERTEX_POINT ( 'NONE', #4189 ) ;
#2525 = ORIENTED_EDGE ( 'NONE', *, *, #2446, .F. ) ;
#2527 = ORIENTED_EDGE ( 'NONE', *, *, #1777, .T. ) ;
#2526 = FILL_AREA_STYLE_COLOUR ( '', #8205 ) ;
#2528 = LINE ( 'NONE', #9234, #1345 ) ;
#2529 = CARTESIAN_POINT ( 'NONE',  ( -0.3749999999999986122, 0.000000000000000000, 2.500000000000001332 ) ) ;
#2531 = ORIENTED_EDGE ( 'NONE', *, *, #9960, .F. ) ;
#2530 = DIRECTION ( 'NONE',  ( -0.000000000000000000, -1.000000000000000000, -0.000000000000000000 ) ) ;
#2532 = CARTESIAN_POINT ( 'NONE',  ( -1.249999999999999334, 0.000000000000000000, 2.100000000000000533 ) ) ;
#2533 = VECTOR ( 'NONE', #4387, 1000.000000000000000 ) ;
#2534 = DIRECTION ( 'NONE',  ( 0.000000000000000000, 1.000000000000000000, 0.000000000000000000 ) ) ;
#2535 = VECTOR ( 'NONE', #10532, 1000.000000000000000 ) ;
#2536 = CIRCLE ( 'NONE', #8731, 0.1250000000000001110 ) ;
#2537 = DIRECTION ( 'NONE',  ( 0.000000000000000000, 0.000000000000000000, -1.000000000000000000 ) ) ;
#2538 = EDGE_CURVE ( 'NONE', #4283, #8426, #6124, .T. ) ;
#2539 = DIRECTION ( 'NONE',  ( -0.000000000000000000, -1.000000000000000000, -0.000000000000000000 ) ) ;
#2540 = EDGE_CURVE ( 'NONE', #3215, #417, #3476, .T. ) ;
#2541 = AXIS2_PLACEMENT_3D ( 'NONE', #2630, #5898, #8389 ) ;
#2542 = CARTESIAN_POINT ( 'NONE',  ( -1.374999999999998668, 0.2000000000000000111, 2.500000000000001332 ) ) ;
#2544 = ORIENTED_EDGE ( 'NONE', *, *, #1019, .F. ) ;
#2543 = PLANE ( 'NONE',  #1972 ) ;
#2545 = LINE ( 'NONE', #10127, #7564 ) ;
#2546 = EDGE_LOOP ( 'NONE', ( #10706, #5678, #6222, #10212 ) ) ;
#2547 = ORIENTED_EDGE ( 'NONE', *, *, #8705, .T. ) ;
#2548 = DIRECTION ( 'NONE',  ( -0.000000000000000000, -1.000000000000000000, -0.000000000000000000 ) ) ;
#2549 = VERTEX_POINT ( 'NONE', #9461 ) ;
#2550 = DIRECTION ( 'NONE',  ( 0.000000000000000000, -1.000000000000000000, 0.000000000000000000 ) ) ;
#2551 = MECHANICAL_DESIGN_GEOMETRIC_PRESENTATION_REPRESENTATION (  '', ( #5206 ), #3612 ) ;
#2552 = EDGE_CURVE ( 'NONE', #5286, #10162, #2604, .T. ) ;
#2553 = PLANE ( 'NONE',  #3339 ) ;
#2554 = VERTEX_POINT ( 'NONE', #5418 ) ;
#2555 = VERTEX_POINT ( 'NONE', #6070 ) ;
#2556 = DIRECTION ( 'NONE',  ( -1.000000000000000000, 0.000000000000000000, 0.000000000000000000 ) ) ;
#2557 = DIRECTION ( 'NONE',  ( -0.000000000000000000, -1.000000000000000000, -0.000000000000000000 ) ) ;
#2558 = CARTESIAN_POINT ( 'NONE',  ( 2.500000000000000888, 0.04999999999999969746, 0.1250000000000003331 ) ) ;
#2559 = DIRECTION ( 'NONE',  ( 0.000000000000000000, 0.000000000000000000, -1.000000000000000000 ) ) ;
#2560 = VECTOR ( 'NONE', #955, 1000.000000000000000 ) ;
#2561 = CARTESIAN_POINT ( 'NONE',  ( 2.225000000000000533, 0.6716990566028309129, 1.875000000000000222 ) ) ;
#2562 = DIRECTION ( 'NONE',  ( 0.000000000000000000, 0.000000000000000000, 1.000000000000000000 ) ) ;
#2563 = EDGE_CURVE ( 'NONE', #4446, #2159, #8676, .T. ) ;
#2564 = ORIENTED_EDGE ( 'NONE', *, *, #166, .F. ) ;
#2565 = EDGE_LOOP ( 'NONE', ( #7135, #2931, #7104, #556 ) ) ;
#2566 = PLANE ( 'NONE',  #6987 ) ;
#2567 = ORIENTED_EDGE ( 'NONE', *, *, #10896, .F. ) ;
#2568 = CARTESIAN_POINT ( 'NONE',  ( 2.225000000000000533, 0.6716990566028309129, 1.375000000000000222 ) ) ;
#2569 = DIRECTION ( 'NONE',  ( -1.000000000000000000, -0.000000000000000000, -7.885106708985472271E-16 ) ) ;
#2570 = PLANE ( 'NONE',  #3934 ) ;
#2571 = PLANE ( 'NONE',  #1545 ) ;
#2572 = PRESENTATION_LAYER_ASSIGNMENT (  '', '', ( #8945 ) ) ;
#2573 = CARTESIAN_POINT ( 'NONE',  ( -2.225000000000000533, 0.6716990566028309129, 1.125000000000000222 ) ) ;
#2574 = EDGE_CURVE ( 'NONE', #4683, #2554, #10276, .T. ) ;
#2575 = ORIENTED_EDGE ( 'NONE', *, *, #6517, .F. ) ;
#2576 = ORIENTED_EDGE ( 'NONE', *, *, #2793, .F. ) ;
#2577 = EDGE_CURVE ( 'NONE', #7835, #8856, #6495, .T. ) ;
#2578 = EDGE_CURVE ( 'NONE', #10357, #1626, #10440, .T. ) ;
#2580 = ORIENTED_EDGE ( 'NONE', *, *, #4319, .T. ) ;
#2579 = LINE ( 'NONE', #1867, #5192 ) ;
#2581 = ADVANCED_FACE ( 'NONE', ( #3578 ), #2693, .F. ) ;
#2582 = FACE_OUTER_BOUND ( 'NONE', #2954, .T. ) ;
#2583 = CARTESIAN_POINT ( 'NONE',  ( 0.2500000000000006661, 0.1999999999999999833, 2.225000000000000977 ) ) ;
#2585 = ORIENTED_EDGE ( 'NONE', *, *, #441, .T. ) ;
#2584 = DIRECTION ( 'NONE',  ( 0.000000000000000000, 1.000000000000000000, 0.000000000000000000 ) ) ;
#2586 = CARTESIAN_POINT ( 'NONE',  ( -0.1249999999999992506, 0.6716990566028311349, -2.500000000000000444 ) ) ;
#2587 = CARTESIAN_POINT ( 'NONE',  ( 2.225000000000000533, 0.000000000000000000, 1.749999999999999778 ) ) ;
#2588 = AXIS2_PLACEMENT_3D ( 'NONE', #706, #2372, #1706 ) ;
#2589 = MECHANICAL_DESIGN_GEOMETRIC_PRESENTATION_REPRESENTATION (  '', ( #7906 ), #8781 ) ;
#2590 = CARTESIAN_POINT ( 'NONE',  ( 1.875000000000000888, 0.2000000000000000111, -2.500000000000000444 ) ) ;
#2591 = FACE_OUTER_BOUND ( 'NONE', #643, .T. ) ;
#2592 = EDGE_CURVE ( 'NONE', #7365, #5744, #8622, .T. ) ;
#2593 = VECTOR ( 'NONE', #1970, 1000.000000000000000 ) ;
#2594 = DIRECTION ( 'NONE',  ( -1.000000000000000000, 0.000000000000000000, 0.000000000000000000 ) ) ;
#2596 = VERTEX_POINT ( 'NONE', #1030 ) ;
#2595 = PLANE ( 'NONE',  #3554 ) ;
#2597 = DIRECTION ( 'NONE',  ( 0.000000000000000000, 1.000000000000000000, 0.000000000000000000 ) ) ;
#2598 = ORIENTED_EDGE ( 'NONE', *, *, #4545, .T. ) ;
#2599 = VERTEX_POINT ( 'NONE', #6966 ) ;
#2600 = CARTESIAN_POINT ( 'NONE',  ( -1.374999999999999556, 0.1999999999999999833, -2.225000000000000977 ) ) ;
#2601 = VERTEX_POINT ( 'NONE', #7853 ) ;
#2602 = VECTOR ( 'NONE', #2663, 1000.000000000000000 ) ;
#2603 = CARTESIAN_POINT ( 'NONE',  ( 1.375000000000001332, 0.04999999999999969746, 2.500000000000000444 ) ) ;
#2604 = CIRCLE ( 'NONE', #5611, 0.1250000000000001110 ) ;
#2605 = CARTESIAN_POINT ( 'NONE',  ( 2.225000000000000533, 0.6716990566028309129, 0.2499999999999997780 ) ) ;
#2606 = ADVANCED_FACE ( 'NONE', ( #10334 ), #8729, .F. ) ;
#2607 = EDGE_CURVE ( 'NONE', #2392, #10739, #2755, .T. ) ;
#2608 = AXIS2_PLACEMENT_3D ( 'NONE', #3558, #9379, #7716 ) ;
#2609 = VECTOR ( 'NONE', #9244, 1000.000000000000000 ) ;
#2610 = VECTOR ( 'NONE', #7974, 1000.000000000000000 ) ;
#2611 = VECTOR ( 'NONE', #3687, 1000.000000000000000 ) ;
#2612 = DIRECTION ( 'NONE',  ( 2.365532012695641878E-15, -0.000000000000000000, 1.000000000000000000 ) ) ;
#2613 = ORIENTED_EDGE ( 'NONE', *, *, #2400, .F. ) ;
#2614 = ORIENTED_EDGE ( 'NONE', *, *, #9963, .T. ) ;
#2615 = UNCERTAINTY_MEASURE_WITH_UNIT (LENGTH_MEASURE( 1.000000000000000082E-05 ), #4067, 'distance_accuracy_value', 'NONE');
#2616 = LINE ( 'NONE', #1053, #4635 ) ;
#2617 = AXIS2_PLACEMENT_3D ( 'NONE', #3753, #10501, #2929 ) ;
#2618 = DIRECTION ( 'NONE',  ( 0.000000000000000000, 0.000000000000000000, 1.000000000000000000 ) ) ;
#2619 = DIRECTION ( 'NONE',  ( -0.7071067811865512365, -0.000000000000000000, 0.7071067811865439090 ) ) ;
#2620 = VECTOR ( 'NONE', #10281, 1000.000000000000000 ) ;
#2621 = DIRECTION ( 'NONE',  ( 0.000000000000000000, 0.000000000000000000, -1.000000000000000000 ) ) ;
#2622 = EDGE_CURVE ( 'NONE', #8597, #6226, #10202, .T. ) ;
#2623 = EDGE_CURVE ( 'NONE', #4313, #10163, #6188, .T. ) ;
#2624 = DIRECTION ( 'NONE',  ( -0.000000000000000000, -1.000000000000000000, 0.000000000000000000 ) ) ;
#2625 = ORIENTED_EDGE ( 'NONE', *, *, #9503, .F. ) ;
#2626 = ORIENTED_EDGE ( 'NONE', *, *, #2538, .F. ) ;
#2627 = LINE ( 'NONE', #10316, #8055 ) ;
#2628 = LINE ( 'NONE', #3623, #1668 ) ;
#2629 = EDGE_LOOP ( 'NONE', ( #1275, #9089, #57, #6140 ) ) ;
#2630 = CARTESIAN_POINT ( 'NONE',  ( -1.374999999999999334, 0.6716990566028311349, -2.500000000000000444 ) ) ;
#2631 = CARTESIAN_POINT ( 'NONE',  ( 1.875000000000000888, 0.6716990566028311349, -2.225000000000000977 ) ) ;
#2632 = CYLINDRICAL_SURFACE ( 'NONE', #3657, 0.1250000000000001110 ) ;
#2633 = LINE ( 'NONE', #6008, #5723 ) ;
#2634 = FACE_OUTER_BOUND ( 'NONE', #6967, .T. ) ;
#2635 = CARTESIAN_POINT ( 'NONE',  ( 2.225000000000000533, 0.1999999999999999833, 0.3750000000000001110 ) ) ;
#2636 = ORIENTED_EDGE ( 'NONE', *, *, #8582, .T. ) ;
#2637 = ORIENTED_EDGE ( 'NONE', *, *, #2705, .F. ) ;
#2638 = VERTEX_POINT ( 'NONE', #9570 ) ;
#2639 = PLANE ( 'NONE',  #1290 ) ;
#2641 = ORIENTED_EDGE ( 'NONE', *, *, #5734, .T. ) ;
#2640 = DIRECTION ( 'NONE',  ( 0.000000000000000000, 1.000000000000000000, 0.000000000000000000 ) ) ;
#2642 = ADVANCED_FACE ( 'NONE', ( #973 ), #1985, .F. ) ;
#2643 = DIRECTION ( 'NONE',  ( 0.000000000000000000, 0.000000000000000000, -1.000000000000000000 ) ) ;
#2644 = CARTESIAN_POINT ( 'NONE',  ( 0.1250000000000014155, 0.2000000000000000111, 2.500000000000001332 ) ) ;
#2645 = EDGE_CURVE ( 'NONE', #4347, #8183, #10193, .T. ) ;
#2646 = EDGE_CURVE ( 'NONE', #3510, #4230, #9858, .T. ) ;
#2647 = EDGE_CURVE ( 'NONE', #7056, #7850, #9619, .T. ) ;
#2648 = DIRECTION ( 'NONE',  ( -0.000000000000000000, -1.000000000000000000, -0.000000000000000000 ) ) ;
#2649 = DIRECTION ( 'NONE',  ( 0.000000000000000000, 0.000000000000000000, -1.000000000000000000 ) ) ;
#2651 = AXIS2_PLACEMENT_3D ( 'NONE', #2573, #6180, #10224 ) ;
#2650 = CARTESIAN_POINT ( 'NONE',  ( 0.6250000000000014433, 0.1999999999999999833, 2.500000000000001332 ) ) ;
#2653 = ORIENTED_EDGE ( 'NONE', *, *, #7193, .T. ) ;
#2652 = FACE_OUTER_BOUND ( 'NONE', #6138, .T. ) ;
#2654 = DIRECTION ( 'NONE',  ( 0.000000000000000000, 0.000000000000000000, -1.000000000000000000 ) ) ;
#2655 = ORIENTED_EDGE ( 'NONE', *, *, #7753, .T. ) ;
#2656 = EDGE_LOOP ( 'NONE', ( #1769, #10076, #4995, #6756 ) ) ;
#2657 = LINE ( 'NONE', #6982, #10134 ) ;
#2658 = ORIENTED_EDGE ( 'NONE', *, *, #9922, .T. ) ;
#2659 = DIRECTION ( 'NONE',  ( 2.365532012695649373E-15, 0.000000000000000000, 1.000000000000000000 ) ) ;
#2660 = ADVANCED_FACE ( 'NONE', ( #8172 ), #4687, .T. ) ;
#2661 = EDGE_CURVE ( 'NONE', #9655, #4043, #2251, .T. ) ;
#2662 = AXIS2_PLACEMENT_3D ( 'NONE', #1243, #7243, #10588 ) ;
#2663 = DIRECTION ( 'NONE',  ( -1.000000000000000000, 0.000000000000000000, 0.000000000000000000 ) ) ;
#2664 = VERTEX_POINT ( 'NONE', #10699 ) ;
#2665 = ADVANCED_FACE ( 'NONE', ( #3026 ), #5474, .T. ) ;
#2666 = ORIENTED_EDGE ( 'NONE', *, *, #1611, .T. ) ;
#2667 = LINE ( 'NONE', #115, #2001 ) ;
#2668 = FACE_OUTER_BOUND ( 'NONE', #7481, .T. ) ;
#2669 =( GEOMETRIC_REPRESENTATION_CONTEXT ( 3 ) GLOBAL_UNCERTAINTY_ASSIGNED_CONTEXT ( ( #9001 ) ) GLOBAL_UNIT_ASSIGNED_CONTEXT ( ( #1092, #5370, #7920 ) ) REPRESENTATION_CONTEXT ( 'NONE', 'WORKASPACE' ) );
#2670 = DIRECTION ( 'NONE',  ( 0.000000000000000000, 0.000000000000000000, -1.000000000000000000 ) ) ;
#2671 = CARTESIAN_POINT ( 'NONE',  ( 1.625000000000000666, 0.2000000000000000111, -2.225000000000000977 ) ) ;
#2672 = CARTESIAN_POINT ( 'NONE',  ( -2.500000000000000888, 0.04999999999999969746, -1.874999999999999778 ) ) ;
#2673 = CARTESIAN_POINT ( 'NONE',  ( -1.049999999999999822, 0.2000000000000000944, 1.049999999999999822 ) ) ;
#2674 = ORIENTED_EDGE ( 'NONE', *, *, #4048, .F. ) ;
#2675 = EDGE_CURVE ( 'NONE', #1701, #3772, #423, .T. ) ;
#2676 = ORIENTED_EDGE ( 'NONE', *, *, #3660, .T. ) ;
#2677 = LINE ( 'NONE', #9600, #614 ) ;
#2678 = DIRECTION ( 'NONE',  ( 1.000000000000000000, -0.000000000000000000, 0.000000000000000000 ) ) ;
#2679 = ORIENTED_EDGE ( 'NONE', *, *, #177, .F. ) ;
#2680 = DIRECTION ( 'NONE',  ( 0.000000000000000000, -1.000000000000000000, 0.000000000000000000 ) ) ;
#2681 = CARTESIAN_POINT ( 'NONE',  ( 2.500000000000000000, 0.9999999999999991118, 2.499999999999999556 ) ) ;
#2682 = DIRECTION ( 'NONE',  ( -2.365532012695642273E-15, 0.000000000000000000, -1.000000000000000000 ) ) ;
#2683 = LINE ( 'NONE', #9448, #4652 ) ;
#2684 = CARTESIAN_POINT ( 'NONE',  ( -2.500000000000000888, 0.1999999999999999833, 0.3750000000000001110 ) ) ;
#2685 = DIRECTION ( 'NONE',  ( 1.000000000000000000, -0.000000000000000000, -0.000000000000000000 ) ) ;
#2686 = ORIENTED_EDGE ( 'NONE', *, *, #264, .F. ) ;
#2687 = ORIENTED_EDGE ( 'NONE', *, *, #8860, .F. ) ;
#2688 = CIRCLE ( 'NONE', #10295, 0.1250000000000001110 ) ;
#2690 = ORIENTED_EDGE ( 'NONE', *, *, #154, .T. ) ;
#2689 = CARTESIAN_POINT ( 'NONE',  ( -2.225000000000000533, 0.1999999999999999833, 0.2499999999999997780 ) ) ;
#2691 = SURFACE_SIDE_STYLE ('',( #2753 ) ) ;
#2692 = DIRECTION ( 'NONE',  ( 0.000000000000000000, -1.000000000000000000, 0.000000000000000000 ) ) ;
#2694 = ORIENTED_EDGE ( 'NONE', *, *, #9503, .T. ) ;
#2693 = PLANE ( 'NONE',  #4014 ) ;
#2695 = DIRECTION ( 'NONE',  ( 0.000000000000000000, 0.000000000000000000, -1.000000000000000000 ) ) ;
#2696 = CARTESIAN_POINT ( 'NONE',  ( 1.625000000000000888, 0.1999999999999999833, -2.500000000000000444 ) ) ;
#2697 = CLOSED_SHELL ( 'NONE', ( #3792, #4584, #8822, #6036, #8264, #1456 ) ) ;
#2698 = AXIS2_PLACEMENT_3D ( 'NONE', #4534, #8963, #9742 ) ;
#2699 = DIRECTION ( 'NONE',  ( 1.000000000000000000, 0.000000000000000000, -7.885106708985472271E-16 ) ) ;
#2700 = CARTESIAN_POINT ( 'NONE',  ( -2.225000000000000533, 0.1999999999999999833, -1.125000000000000000 ) ) ;
#2701 = FACE_OUTER_BOUND ( 'NONE', #4120, .T. ) ;
#2703 = ORIENTED_EDGE ( 'NONE', *, *, #8609, .F. ) ;
#2702 = CARTESIAN_POINT ( 'NONE',  ( -1.249999999999999334, 0.2000000000000000111, 2.225000000000000977 ) ) ;
#2704 = CARTESIAN_POINT ( 'NONE',  ( -2.500000000000000888, 0.1999999999999999833, 1.125000000000000444 ) ) ;
#2706 = EDGE_LOOP ( 'NONE', ( #667, #6489, #4466, #1995 ) ) ;
#2705 = EDGE_CURVE ( 'NONE', #3445, #5855, #4580, .T. ) ;
#2707 = EDGE_LOOP ( 'NONE', ( #8854, #1453, #126, #7375 ) ) ;
#2708 = LINE ( 'NONE', #8691, #220 ) ;
#2709 = VECTOR ( 'NONE', #2098, 1000.000000000000000 ) ;
#2710 = ORIENTED_EDGE ( 'NONE', *, *, #9759, .F. ) ;
#2711 = EDGE_CURVE ( 'NONE', #8146, #3712, #3854, .T. ) ;
#2712 = LINE ( 'NONE', #270, #1517 ) ;
#2713 = VECTOR ( 'NONE', #7583, 1000.000000000000000 ) ;
#2714 = CARTESIAN_POINT ( 'NONE',  ( 2.225000000000000533, 0.6716990566028309129, -1.250000000000000222 ) ) ;
#2715 = EDGE_CURVE ( 'NONE', #6823, #3914, #8841, .T. ) ;
#2716 = AXIS2_PLACEMENT_3D ( 'NONE', #3005, #2124, #9546 ) ;
#2717 =( GEOMETRIC_REPRESENTATION_CONTEXT ( 3 ) GLOBAL_UNCERTAINTY_ASSIGNED_CONTEXT ( ( #6346 ) ) GLOBAL_UNIT_ASSIGNED_CONTEXT ( ( #6950, #2286, #3625 ) ) REPRESENTATION_CONTEXT ( 'NONE', 'WORKASPACE' ) );
#2718 = EDGE_LOOP ( 'NONE', ( #6255, #3666, #8520, #9888 ) ) ;
#2719 = CARTESIAN_POINT ( 'NONE',  ( 2.225000000000000533, 0.6716990566028309129, -0.2500000000000002220 ) ) ;
#2721 = VERTEX_POINT ( 'NONE', #8120 ) ;
#2720 = ADVANCED_FACE ( 'NONE', ( #1197 ), #9010, .T. ) ;
#2722 = ORIENTED_EDGE ( 'NONE', *, *, #7266, .T. ) ;
#2723 = PLANE ( 'NONE',  #4978 ) ;
#2724 = ORIENTED_EDGE ( 'NONE', *, *, #10221, .T. ) ;
#2725 = ADVANCED_FACE ( 'NONE', ( #371 ), #3747, .F. ) ;
#2726 = CARTESIAN_POINT ( 'NONE',  ( 2.225000000000000533, 0.000000000000000000, -1.875000000000000444 ) ) ;
#2727 = COLOUR_RGB ( '',0.7921568627450980005, 0.8196078431372548767, 0.9333333333333333481 ) ;
#2728 = CLOSED_SHELL ( 'NONE', ( #10035, #612, #518, #1015, #6164, #4269 ) ) ;
#2729 = DIRECTION ( 'NONE',  ( 0.000000000000000000, -1.000000000000000000, 0.000000000000000000 ) ) ;
#2730 = EDGE_CURVE ( 'NONE', #10835, #2917, #9837, .T. ) ;
#2731 = CARTESIAN_POINT ( 'NONE',  ( -0.9249999999999958256, 0.05000000000000000278, -0.9250000000000053735 ) ) ;
#2732 = DIRECTION ( 'NONE',  ( 1.000000000000000000, -0.000000000000000000, -0.000000000000000000 ) ) ;
#2733 = AXIS2_PLACEMENT_3D ( 'NONE', #9993, #5054, #8223 ) ;
#2734 = DIRECTION ( 'NONE',  ( 0.000000000000000000, 1.000000000000000000, 0.000000000000000000 ) ) ;
#2735 = ORIENTED_EDGE ( 'NONE', *, *, #277, .F. ) ;
#2736 = VERTEX_POINT ( 'NONE', #10494 ) ;
#2737 = DIRECTION ( 'NONE',  ( -0.000000000000000000, -1.000000000000000000, -0.000000000000000000 ) ) ;
#2738 = SURFACE_STYLE_USAGE ( .BOTH. , #4335 ) ;
#2739 = ORIENTED_EDGE ( 'NONE', *, *, #5408, .T. ) ;
#2740 = FACE_OUTER_BOUND ( 'NONE', #7761, .T. ) ;
#2741 = CARTESIAN_POINT ( 'NONE',  ( 1.375000000000000888, 0.05000000000000000278, 0.000000000000000000 ) ) ;
#2742 = LINE ( 'NONE', #9283, #5893 ) ;
#2743 = VECTOR ( 'NONE', #4722, 1000.000000000000000 ) ;
#2744 = ADVANCED_FACE ( 'NONE', ( #10541 ), #4792, .F. ) ;
#2745 = ADVANCED_FACE ( 'NONE', ( #6296 ), #5636, .F. ) ;
#2746 = DIRECTION ( 'NONE',  ( 0.000000000000000000, 0.000000000000000000, 1.000000000000000000 ) ) ;
#2747 = CARTESIAN_POINT ( 'NONE',  ( 2.225000000000000533, 0.6716990566028309129, 1.249999999999999778 ) ) ;
#2748 = ORIENTED_EDGE ( 'NONE', *, *, #323, .T. ) ;
#2749 = ORIENTED_EDGE ( 'NONE', *, *, #9537, .T. ) ;
#2750 = AXIS2_PLACEMENT_3D ( 'NONE', #9431, #9893, #9060 ) ;
#2752 = ORIENTED_EDGE ( 'NONE', *, *, #1591, .F. ) ;
#2751 = SURFACE_STYLE_FILL_AREA ( #9347 ) ;
#2753 = SURFACE_STYLE_FILL_AREA ( #7687 ) ;
#2754 = LINE ( 'NONE', #9403, #923 ) ;
#2756 = ORIENTED_EDGE ( 'NONE', *, *, #1410, .F. ) ;
#2755 = LINE ( 'NONE', #9514, #5961 ) ;
#2757 = LINE ( 'NONE', #1986, #7207 ) ;
#2758 = CARTESIAN_POINT ( 'NONE',  ( 0.000000000000000000, 0.05000000000000000278, 0.3750000000000001110 ) ) ;
#2759 = AXIS2_PLACEMENT_3D ( 'NONE', #2053, #4486, #7764 ) ;
#2760 = EDGE_CURVE ( 'NONE', #10512, #10739, #2199, .T. ) ;
#2761 = DIRECTION ( 'NONE',  ( 0.000000000000000000, 1.000000000000000000, -0.000000000000000000 ) ) ;
#2762 = CARTESIAN_POINT ( 'NONE',  ( 0.8750000000000014433, 0.2000000000000000111, 2.500000000000000444 ) ) ;
#2763 = CARTESIAN_POINT ( 'NONE',  ( -2.225000000000000533, 0.1999999999999999833, -0.7500000000000002220 ) ) ;
#2765 = ORIENTED_EDGE ( 'NONE', *, *, #69, .F. ) ;
#2764 = SURFACE_STYLE_USAGE ( .BOTH. , #4420 ) ;
#2766 = DIRECTION ( 'NONE',  ( -0.000000000000000000, -1.000000000000000000, -0.000000000000000000 ) ) ;
#2767 = VERTEX_POINT ( 'NONE', #5520 ) ;
#2768 = ORIENTED_EDGE ( 'NONE', *, *, #3920, .F. ) ;
#2769 = CARTESIAN_POINT ( 'NONE',  ( 2.500000000000000888, 0.04999999999999969746, -0.8749999999999996669 ) ) ;
#2770 = ORIENTED_EDGE ( 'NONE', *, *, #9960, .T. ) ;
#2771 = VECTOR ( 'NONE', #652, 1000.000000000000000 ) ;
#2772 = CARTESIAN_POINT ( 'NONE',  ( 2.225000000000000533, 0.05000000000000002359, 1.249999999999999778 ) ) ;
#2773 = DIRECTION ( 'NONE',  ( 0.000000000000000000, 0.000000000000000000, -1.000000000000000000 ) ) ;
#2774 = AXIS2_PLACEMENT_3D ( 'NONE', #3093, #1371, #4753 ) ;
#2775 = VECTOR ( 'NONE', #7478, 1000.000000000000000 ) ;
#2776 = VECTOR ( 'NONE', #476, 1000.000000000000000 ) ;
#2777 = ORIENTED_EDGE ( 'NONE', *, *, #7192, .T. ) ;
#2778 = AXIS2_PLACEMENT_3D ( 'NONE', #2017, #7831, #234 ) ;
#2779 = CARTESIAN_POINT ( 'NONE',  ( 2.225000000000000533, 0.1999999999999999833, -0.2500000000000002220 ) ) ;
#2780 = AXIS2_PLACEMENT_3D ( 'NONE', #7521, #6438, #6803 ) ;
#2781 = FACE_OUTER_BOUND ( 'NONE', #219, .T. ) ;
#2782 = ORIENTED_EDGE ( 'NONE', *, *, #10485, .T. ) ;
#2783 = ORIENTED_EDGE ( 'NONE', *, *, #949, .F. ) ;
#2784 = CARTESIAN_POINT ( 'NONE',  ( 0.3750000000000007772, 0.2000000000000000111, -2.500000000000000444 ) ) ;
#2785 = ORIENTED_EDGE ( 'NONE', *, *, #2253, .T. ) ;
#2786 = FILL_AREA_STYLE ('',( #3670 ) ) ;
#2787 = CARTESIAN_POINT ( 'NONE',  ( -1.749999999999999334, 0.2000000000000000111, 2.225000000000000977 ) ) ;
#2788 = VECTOR ( 'NONE', #946, 1000.000000000000000 ) ;
#2789 = DIRECTION ( 'NONE',  ( -0.000000000000000000, 0.000000000000000000, -1.000000000000000000 ) ) ;
#2790 = VECTOR ( 'NONE', #5137, 1000.000000000000000 ) ;
#2791 = VECTOR ( 'NONE', #1127, 1000.000000000000000 ) ;
#2792 = EDGE_CURVE ( 'NONE', #8042, #8472, #530, .T. ) ;
#2793 = EDGE_CURVE ( 'NONE', #7878, #2596, #475, .T. ) ;
#2794 = EDGE_CURVE ( 'NONE', #10086, #9496, #4742, .T. ) ;
#2795 = VECTOR ( 'NONE', #10123, 1000.000000000000000 ) ;
#2796 = AXIS2_PLACEMENT_3D ( 'NONE', #6670, #1512, #1571 ) ;
#2797 = FACE_OUTER_BOUND ( 'NONE', #5634, .T. ) ;
#2798 = ORIENTED_EDGE ( 'NONE', *, *, #1670, .F. ) ;
#2799 = ORIENTED_EDGE ( 'NONE', *, *, #5767, .F. ) ;
#2800 = DIRECTION ( 'NONE',  ( 0.000000000000000000, -0.000000000000000000, 1.000000000000000000 ) ) ;
#2801 = PLANE ( 'NONE',  #8562 ) ;
#2802 = AXIS2_PLACEMENT_3D ( 'NONE', #3952, #3127, #1348 ) ;
#2803 = ORIENTED_EDGE ( 'NONE', *, *, #7874, .T. ) ;
#2804 = DIRECTION ( 'NONE',  ( -0.000000000000000000, 0.000000000000000000, -1.000000000000000000 ) ) ;
#2805 = DIRECTION ( 'NONE',  ( 1.000000000000000000, -0.000000000000000000, -1.734723475976807341E-16 ) ) ;
#2806 = CARTESIAN_POINT ( 'NONE',  ( 1.250000000000000666, 0.000000000000000000, 2.225000000000000977 ) ) ;
#2807 = ADVANCED_FACE ( 'NONE', ( #10055 ), #6789, .F. ) ;
#2808 = CARTESIAN_POINT ( 'NONE',  ( 2.500000000000000000, 0.05000000000000000278, 2.499999999999999556 ) ) ;
#2809 = AXIS2_PLACEMENT_3D ( 'NONE', #1730, #5771, #4270 ) ;
#2810 = CLOSED_SHELL ( 'NONE', ( #2642, #8395, #3937, #10579, #8370, #3963 ) ) ;
#2811 = DIRECTION ( 'NONE',  ( 0.000000000000000000, -1.000000000000000000, 0.000000000000000000 ) ) ;
#2812 = ORIENTED_EDGE ( 'NONE', *, *, #8860, .T. ) ;
#2813 = VERTEX_POINT ( 'NONE', #9062 ) ;
#2814 = ORIENTED_EDGE ( 'NONE', *, *, #2794, .T. ) ;
#2815 =( LENGTH_UNIT ( ) NAMED_UNIT ( * ) SI_UNIT ( .MILLI., .METRE. ) );
#2816 = EDGE_CURVE ( 'NONE', #8146, #5121, #8390, .T. ) ;
#2817 = CARTESIAN_POINT ( 'NONE',  ( -2.225000000000000533, 0.6716990566028309129, -0.6249999999999998890 ) ) ;
#2818 = DIRECTION ( 'NONE',  ( 0.000000000000000000, 1.000000000000000000, -0.000000000000000000 ) ) ;
#2819 = LINE ( 'NONE', #4467, #4716 ) ;
#2820 = PLANE ( 'NONE',  #5886 ) ;
#2821 = LINE ( 'NONE', #2590, #3890 ) ;
#2822 = CARTESIAN_POINT ( 'NONE',  ( -0.8749999999999992228, 0.2000000000000000111, 2.225000000000000977 ) ) ;
#2823 = LINE ( 'NONE', #6196, #1735 ) ;
#2825 = ORIENTED_EDGE ( 'NONE', *, *, #8933, .F. ) ;
#2824 = LINE ( 'NONE', #3588, #9746 ) ;
#2826 = LINE ( 'NONE', #7759, #9693 ) ;
#2827 = EDGE_LOOP ( 'NONE', ( #4263, #6743, #8690, #1061, #9412 ) ) ;
#2828 = ORIENTED_EDGE ( 'NONE', *, *, #6601, .F. ) ;
#2829 = FACE_OUTER_BOUND ( 'NONE', #6235, .T. ) ;
#2830 = ORIENTED_EDGE ( 'NONE', *, *, #2841, .F. ) ;
#2831 = FACE_OUTER_BOUND ( 'NONE', #1564, .T. ) ;
#2832 = EDGE_CURVE ( 'NONE', #10766, #7866, #6683, .T. ) ;
#2833 = FILL_AREA_STYLE_COLOUR ( '', #5006 ) ;
#2834 = VERTEX_POINT ( 'NONE', #4175 ) ;
#2835 = DIRECTION ( 'NONE',  ( 0.000000000000000000, 0.000000000000000000, 1.000000000000000000 ) ) ;
#2836 = LINE ( 'NONE', #7103, #2962 ) ;
#2837 = ORIENTED_EDGE ( 'NONE', *, *, #3521, .T. ) ;
#2838 = ORIENTED_EDGE ( 'NONE', *, *, #10058, .F. ) ;
#2839 = DIRECTION ( 'NONE',  ( 0.000000000000000000, -1.000000000000000000, 0.000000000000000000 ) ) ;
#2840 = ORIENTED_EDGE ( 'NONE', *, *, #8683, .T. ) ;
#2841 = EDGE_CURVE ( 'NONE', #9644, #311, #2357, .T. ) ;
#2842 = CYLINDRICAL_SURFACE ( 'NONE', #6426, 0.1250000000000001110 ) ;
#2843 = ADVANCED_FACE ( 'NONE', ( #10105 ), #4123, .F. ) ;
#2844 = VECTOR ( 'NONE', #2648, 1000.000000000000000 ) ;
#2845 = DIRECTION ( 'NONE',  ( -0.000000000000000000, -0.000000000000000000, -1.000000000000000000 ) ) ;
#2846 = CIRCLE ( 'NONE', #4607, 0.1250000000000001110 ) ;
#2847 = CARTESIAN_POINT ( 'NONE',  ( -2.225000000000000533, 0.6716990566028309129, 0.2499999999999997780 ) ) ;
#2848 = ORIENTED_EDGE ( 'NONE', *, *, #6178, .T. ) ;
#2849 = VERTEX_POINT ( 'NONE', #7458 ) ;
#2850 = CARTESIAN_POINT ( 'NONE',  ( -2.225000000000000533, 0.6716990566028309129, -0.3750000000000003331 ) ) ;
#2851 = DIRECTION ( 'NONE',  ( 0.000000000000000000, 0.000000000000000000, -1.000000000000000000 ) ) ;
#2852 = PLANE ( 'NONE',  #7398 ) ;
#2853 = EDGE_CURVE ( 'NONE', #3269, #8373, #20, .T. ) ;
#2854 = LINE ( 'NONE', #185, #8733 ) ;
#2855 = DIRECTION ( 'NONE',  ( 0.000000000000000000, 0.000000000000000000, -1.000000000000000000 ) ) ;
#2856 = EDGE_CURVE ( 'NONE', #5388, #10502, #2409, .T. ) ;
#2857 = CARTESIAN_POINT ( 'NONE',  ( -2.225000000000000533, 0.1999999999999999833, -1.375000000000000000 ) ) ;
#2858 = CARTESIAN_POINT ( 'NONE',  ( 0.7500000000000006661, 0.6716990566028311349, -2.225000000000000977 ) ) ;
#2859 = CARTESIAN_POINT ( 'NONE',  ( -1.624999999999999334, 0.1999999999999999833, -2.225000000000000977 ) ) ;
#2860 = DIRECTION ( 'NONE',  ( 0.000000000000000000, 1.000000000000000000, 0.000000000000000000 ) ) ;
#2861 = ORIENTED_EDGE ( 'NONE', *, *, #1203, .F. ) ;
#2862 = ORIENTED_EDGE ( 'NONE', *, *, #369, .T. ) ;
#2864 = ORIENTED_EDGE ( 'NONE', *, *, #10614, .F. ) ;
#2863 = FACE_OUTER_BOUND ( 'NONE', #734, .T. ) ;
#2865 = CARTESIAN_POINT ( 'NONE',  ( -0.1249999999999985983, 0.1999999999999999833, 2.500000000000000444 ) ) ;
#2866 = ADVANCED_FACE ( 'NONE', ( #1462 ), #1631, .T. ) ;
#2867 = SURFACE_SIDE_STYLE ('',( #10439 ) ) ;
#2868 = DIRECTION ( 'NONE',  ( 0.000000000000000000, 1.000000000000000000, 0.000000000000000000 ) ) ;
#2869 = DIRECTION ( 'NONE',  ( 0.000000000000000000, -0.000000000000000000, 1.000000000000000000 ) ) ;
#2870 = EDGE_CURVE ( 'NONE', #8196, #3783, #10894, .T. ) ;
#2871 = CYLINDRICAL_SURFACE ( 'NONE', #1287, 0.1250000000000000000 ) ;
#2872 = AXIS2_PLACEMENT_3D ( 'NONE', #5604, #8867, #1274 ) ;
#2873 = PLANE ( 'NONE',  #3538 ) ;
#2874 = DIRECTION ( 'NONE',  ( 0.000000000000000000, -1.000000000000000000, 0.000000000000000000 ) ) ;
#2876 = ORIENTED_EDGE ( 'NONE', *, *, #4519, .F. ) ;
#2875 = CARTESIAN_POINT ( 'NONE',  ( -2.225000000000000533, 0.1999999999999999833, -0.3750000000000002220 ) ) ;
#2877 = DIRECTION ( 'NONE',  ( 1.000000000000000000, -0.000000000000000000, 7.885106708985472271E-16 ) ) ;
#2878 = ORIENTED_EDGE ( 'NONE', *, *, #1423, .F. ) ;
#2879 = ORIENTED_EDGE ( 'NONE', *, *, #989, .F. ) ;
#2880 = CARTESIAN_POINT ( 'NONE',  ( 0.8750000000000014433, 0.000000000000000000, 2.500000000000000444 ) ) ;
#2881 = EDGE_LOOP ( 'NONE', ( #1504, #3390, #512, #1459 ) ) ;
#2882 = CARTESIAN_POINT ( 'NONE',  ( -0.1249999999999985983, 0.000000000000000000, 2.500000000000000444 ) ) ;
#2883 = CARTESIAN_POINT ( 'NONE',  ( -1.374999999999998668, 0.04999999999999969746, 2.500000000000001332 ) ) ;
#2884 = AXIS2_PLACEMENT_3D ( 'NONE', #4538, #6422, #2054 ) ;
#2885 = AXIS2_PLACEMENT_3D ( 'NONE', #3314, #6695, #2370 ) ;
#2886 = ADVANCED_FACE ( 'NONE', ( #8446 ), #5899, .F. ) ;
#2887 = VECTOR ( 'NONE', #858, 1000.000000000000000 ) ;
#2888 = VECTOR ( 'NONE', #582, 1000.000000000000000 ) ;
#2889 = LINE ( 'NONE', #5271, #9572 ) ;
#2890 = DIRECTION ( 'NONE',  ( 1.000000000000000000, 0.000000000000000000, -7.885106708985472271E-16 ) ) ;
#2891 = EDGE_LOOP ( 'NONE', ( #1148, #7114, #9919, #4894 ) ) ;
#2892 = EDGE_LOOP ( 'NONE', ( #10838, #10099, #10286, #9006 ) ) ;
#2893 = FACE_OUTER_BOUND ( 'NONE', #3312, .T. ) ;
#2894 = ORIENTED_EDGE ( 'NONE', *, *, #1670, .T. ) ;
#2895 = CARTESIAN_POINT ( 'NONE',  ( 2.225000000000000533, 0.1999999999999999833, 1.875000000000000222 ) ) ;
#2896 = LINE ( 'NONE', #5394, #6957 ) ;
#2897 = CIRCLE ( 'NONE', #3778, 0.1999999999999990119 ) ;
#2898 = DIRECTION ( 'NONE',  ( 0.000000000000000000, -0.000000000000000000, 1.000000000000000000 ) ) ;
#2899 = VECTOR ( 'NONE', #1971, 1000.000000000000000 ) ;
#2900 = PRESENTATION_LAYER_ASSIGNMENT (  '', '', ( #7672 ) ) ;
#2901 = EDGE_CURVE ( 'NONE', #4928, #912, #5002, .T. ) ;
#2902 = CLOSED_SHELL ( 'NONE', ( #8608, #7438, #7160, #9626, #4991, #7789, #3797 ) ) ;
#2903 = DIRECTION ( 'NONE',  ( 0.000000000000000000, 0.000000000000000000, -1.000000000000000000 ) ) ;
#2904 = ORIENTED_EDGE ( 'NONE', *, *, #9977, .T. ) ;
#2905 = ORIENTED_EDGE ( 'NONE', *, *, #8339, .F. ) ;
#2906 = CARTESIAN_POINT ( 'NONE',  ( -2.500000000000000888, 0.6716990566028309129, -0.6249999999999998890 ) ) ;
#2907 = DIRECTION ( 'NONE',  ( 0.000000000000000000, 0.000000000000000000, -1.000000000000000000 ) ) ;
#2908 = DIRECTION ( 'NONE',  ( 0.000000000000000000, 1.000000000000000000, 0.000000000000000000 ) ) ;
#2909 = CARTESIAN_POINT ( 'NONE',  ( 0.7500000000000006661, 0.2000000000000000111, -2.225000000000000977 ) ) ;
#2910 = LINE ( 'NONE', #1288, #657 ) ;
#2911 = PLANE ( 'NONE',  #9516 ) ;
#2912 = FACE_OUTER_BOUND ( 'NONE', #5496, .T. ) ;
#2913 = VECTOR ( 'NONE', #4448, 1000.000000000000000 ) ;
#2914 =( NAMED_UNIT ( * ) SI_UNIT ( $, .STERADIAN. ) SOLID_ANGLE_UNIT ( ) );
#2915 = CARTESIAN_POINT ( 'NONE',  ( -0.6249999999999992228, 0.2000000000000000944, -2.500000000000000444 ) ) ;
#2916 = VERTEX_POINT ( 'NONE', #9941 ) ;
#2917 = VERTEX_POINT ( 'NONE', #5792 ) ;
#2918 = ORIENTED_EDGE ( 'NONE', *, *, #9290, .T. ) ;
#2919 = LINE ( 'NONE', #6242, #4487 ) ;
#2920 = DIRECTION ( 'NONE',  ( 1.000000000000000000, 0.000000000000000000, 0.000000000000000000 ) ) ;
#2921 = DIRECTION ( 'NONE',  ( -0.000000000000000000, -1.000000000000000000, -0.000000000000000000 ) ) ;
#2922 = DIRECTION ( 'NONE',  ( 0.000000000000000000, 0.000000000000000000, -1.000000000000000000 ) ) ;
#2923 = EDGE_CURVE ( 'NONE', #1796, #5226, #9117, .T. ) ;
#2924 = EDGE_CURVE ( 'NONE', #5197, #7066, #4236, .T. ) ;
#2925 = VECTOR ( 'NONE', #8, 1000.000000000000000 ) ;
#2926 = EDGE_CURVE ( 'NONE', #9273, #7698, #7410, .T. ) ;
#2927 = ADVANCED_FACE ( 'NONE', ( #9176 ), #7621, .F. ) ;
#2928 = LINE ( 'NONE', #4636, #6900 ) ;
#2929 = DIRECTION ( 'NONE',  ( 0.000000000000000000, 0.000000000000000000, 1.000000000000000000 ) ) ;
#2931 = ORIENTED_EDGE ( 'NONE', *, *, #2901, .T. ) ;
#2930 = SURFACE_STYLE_FILL_AREA ( #6527 ) ;
#2932 = LINE ( 'NONE', #6364, #6492 ) ;
#2933 = VERTEX_POINT ( 'NONE', #1520 ) ;
#2934 = ORIENTED_EDGE ( 'NONE', *, *, #7099, .F. ) ;
#2935 = CARTESIAN_POINT ( 'NONE',  ( 2.225000000000000533, 0.1999999999999999833, 0.6250000000000001110 ) ) ;
#2936 = ORIENTED_EDGE ( 'NONE', *, *, #8935, .T. ) ;
#2937 = CARTESIAN_POINT ( 'NONE',  ( -1.249999999999999334, 0.000000000000000000, 2.225000000000000977 ) ) ;
#2938 = CARTESIAN_POINT ( 'NONE',  ( 1.050000000000000266, 0.000000000000000000, -1.050000000000000266 ) ) ;
#2939 = MECHANICAL_DESIGN_GEOMETRIC_PRESENTATION_REPRESENTATION (  '', ( #9653 ), #3279 ) ;
#2940 = EDGE_CURVE ( 'NONE', #7418, #3812, #9225, .T. ) ;
#2941 = CARTESIAN_POINT ( 'NONE',  ( -2.500000000000000888, 0.1999999999999999833, -1.125000000000000000 ) ) ;
#2942 = CARTESIAN_POINT ( 'NONE',  ( -2.225000000000000533, 0.1999999999999999833, 1.875000000000000222 ) ) ;
#2943 = DIRECTION ( 'NONE',  ( 0.000000000000000000, 0.000000000000000000, -1.000000000000000000 ) ) ;
#2944 = ORIENTED_EDGE ( 'NONE', *, *, #4583, .F. ) ;
#2945 = EDGE_LOOP ( 'NONE', ( #3709, #3332, #3542, #10184 ) ) ;
#2946 = DIRECTION ( 'NONE',  ( -0.000000000000000000, -0.000000000000000000, -1.000000000000000000 ) ) ;
#2947 = ORIENTED_EDGE ( 'NONE', *, *, #10391, .F. ) ;
#2948 = DIRECTION ( 'NONE',  ( 0.000000000000000000, -1.000000000000000000, 0.000000000000000000 ) ) ;
#2949 = MECHANICAL_DESIGN_GEOMETRIC_PRESENTATION_REPRESENTATION (  '', ( #8246 ), #5240 ) ;
#2950 = EDGE_CURVE ( 'NONE', #6293, #1615, #959, .T. ) ;
#2951 = AXIS2_PLACEMENT_3D ( 'NONE', #8951, #1360, #8121 ) ;
#2952 = VECTOR ( 'NONE', #1359, 1000.000000000000000 ) ;
#2953 = FACE_OUTER_BOUND ( 'NONE', #9127, .T. ) ;
#2954 = EDGE_LOOP ( 'NONE', ( #7079, #6289, #772, #10117 ) ) ;
#2955 = ORIENTED_EDGE ( 'NONE', *, *, #9166, .T. ) ;
#2956 = DIRECTION ( 'NONE',  ( 0.000000000000000000, -0.000000000000000000, 1.000000000000000000 ) ) ;
#2957 = VECTOR ( 'NONE', #8662, 1000.000000000000000 ) ;
#2958 = AXIS2_PLACEMENT_3D ( 'NONE', #3616, #5397, #3722 ) ;
#2959 = DIRECTION ( 'NONE',  ( 1.000000000000000000, 0.000000000000000000, 0.000000000000000000 ) ) ;
#2960 = DIRECTION ( 'NONE',  ( 0.000000000000000000, 0.000000000000000000, -1.000000000000000000 ) ) ;
#2961 = LINE ( 'NONE', #9662, #7912 ) ;
#2962 = VECTOR ( 'NONE', #276, 1000.000000000000000 ) ;
#2963 = EDGE_CURVE ( 'NONE', #5805, #826, #1067, .T. ) ;
#2964 = ADVANCED_FACE ( 'NONE', ( #8553 ), #7012, .T. ) ;
#2965 = VECTOR ( 'NONE', #6264, 1000.000000000000000 ) ;
#2966 = LINE ( 'NONE', #8720, #54 ) ;
#2967 = CARTESIAN_POINT ( 'NONE',  ( 2.500000000000000888, 0.6716990566028309129, -0.6249999999999998890 ) ) ;
#2968 = AXIS2_PLACEMENT_3D ( 'NONE', #1602, #4860, #8410 ) ;
#2969 = VECTOR ( 'NONE', #4512, 1000.000000000000000 ) ;
#2970 = VECTOR ( 'NONE', #10587, 1000.000000000000000 ) ;
#2971 = CARTESIAN_POINT ( 'NONE',  ( -2.225000000000000533, 0.6716990566028309129, 0.7499999999999997780 ) ) ;
#2972 = ORIENTED_EDGE ( 'NONE', *, *, #6441, .T. ) ;
#2973 = VERTEX_POINT ( 'NONE', #1016 ) ;
#2975 = ORIENTED_EDGE ( 'NONE', *, *, #5635, .T. ) ;
#2974 = DIRECTION ( 'NONE',  ( 1.032573497605242471E-16, 0.000000000000000000, -1.000000000000000000 ) ) ;
#2976 =( NAMED_UNIT ( * ) SI_UNIT ( $, .STERADIAN. ) SOLID_ANGLE_UNIT ( ) );
#2977 = FACE_OUTER_BOUND ( 'NONE', #10003, .T. ) ;
#2978 = DIRECTION ( 'NONE',  ( 0.000000000000000000, 1.000000000000000000, 0.000000000000000000 ) ) ;
#2979 = CARTESIAN_POINT ( 'NONE',  ( 0.8750000000000014433, 0.2000000000000000111, 2.500000000000000444 ) ) ;
#2980 = DIRECTION ( 'NONE',  ( -0.000000000000000000, -1.000000000000000000, -0.000000000000000000 ) ) ;
#2981 = VECTOR ( 'NONE', #4931, 1000.000000000000000 ) ;
#2982 = CLOSED_SHELL ( 'NONE', ( #1710, #8198, #9596, #1635, #4405, #8556 ) ) ;
#2983 = CARTESIAN_POINT ( 'NONE',  ( 1.875000000000000888, 0.2000000000000000111, 2.225000000000000977 ) ) ;
#2984 = DIRECTION ( 'NONE',  ( -0.000000000000000000, -1.000000000000000000, -0.000000000000000000 ) ) ;
#2986 = ORIENTED_EDGE ( 'NONE', *, *, #4822, .F. ) ;
#2985 = SURFACE_SIDE_STYLE ('',( #2930 ) ) ;
#2987 = DIRECTION ( 'NONE',  ( -0.000000000000000000, -1.000000000000000000, -0.000000000000000000 ) ) ;
#2988 = ORIENTED_EDGE ( 'NONE', *, *, #5857, .F. ) ;
#2989 = ORIENTED_EDGE ( 'NONE', *, *, #2552, .F. ) ;
#2990 = CARTESIAN_POINT ( 'NONE',  ( -0.6249999999999985567, 0.1999999999999999833, 2.500000000000000444 ) ) ;
#2991 = ORIENTED_EDGE ( 'NONE', *, *, #10689, .F. ) ;
#2992 = CARTESIAN_POINT ( 'NONE',  ( -2.225000000000000533, 0.000000000000000000, -1.750000000000000222 ) ) ;
#2993 = CARTESIAN_POINT ( 'NONE',  ( 2.500000000000000000, 0.05000000000000000278, 2.499999999999999556 ) ) ;
#2994 = ADVANCED_FACE ( 'NONE', ( #1858 ), #4397, .T. ) ;
#2995 = EDGE_CURVE ( 'NONE', #783, #5532, #5453, .T. ) ;
#2996 = EDGE_CURVE ( 'NONE', #9157, #1470, #8603, .T. ) ;
#2997 = FACE_OUTER_BOUND ( 'NONE', #838, .T. ) ;
#2998 = ORIENTED_EDGE ( 'NONE', *, *, #4083, .F. ) ;
#2999 = LINE ( 'NONE', #3160, #5147 ) ;
#3000 = LINE ( 'NONE', #5494, #8976 ) ;
#3001 = EDGE_LOOP ( 'NONE', ( #6097, #6652, #4667, #2350 ) ) ;
#3002 = ORIENTED_EDGE ( 'NONE', *, *, #9961, .F. ) ;
#3003 = LINE ( 'NONE', #6215, #6587 ) ;
#3004 = EDGE_LOOP ( 'NONE', ( #8711, #7648, #6326, #456 ) ) ;
#3005 = CARTESIAN_POINT ( 'NONE',  ( -1.249999999999999334, 0.2000000000000000111, 2.225000000000000977 ) ) ;
#3006 = ADVANCED_FACE ( 'NONE', ( #6896 ), #3457, .F. ) ;
#3007 = DIRECTION ( 'NONE',  ( 0.000000000000000000, 0.000000000000000000, 1.000000000000000000 ) ) ;
#3008 = EDGE_LOOP ( 'NONE', ( #941, #5355, #2798, #1404, #5200 ) ) ;
#3009 = VERTEX_POINT ( 'NONE', #7072 ) ;
#3010 = DIRECTION ( 'NONE',  ( 1.000000000000000000, -0.000000000000000000, -3.469446951953614189E-15 ) ) ;
#3011 = VECTOR ( 'NONE', #10270, 1000.000000000000000 ) ;
#3012 = DIRECTION ( 'NONE',  ( 0.000000000000000000, 0.000000000000000000, 1.000000000000000000 ) ) ;
#3013 = CARTESIAN_POINT ( 'NONE',  ( -2.225000000000000533, 0.6716990566028309129, -1.750000000000000222 ) ) ;
#3014 = CYLINDRICAL_SURFACE ( 'NONE', #5969, 0.1250000000000001110 ) ;
#3015 = CARTESIAN_POINT ( 'NONE',  ( 1.375000000000000888, 0.2000000000000000111, 2.225000000000000977 ) ) ;
#3016 = FACE_OUTER_BOUND ( 'NONE', #4157, .T. ) ;
#3017 = AXIS2_PLACEMENT_3D ( 'NONE', #5467, #6350, #9724 ) ;
#3018 = EDGE_CURVE ( 'NONE', #5505, #4062, #7783, .T. ) ;
#3019 = PLANE ( 'NONE',  #6687 ) ;
#3020 = LINE ( 'NONE', #9563, #5674 ) ;
#3021 = ORIENTED_EDGE ( 'NONE', *, *, #10311, .T. ) ;
#3022 = VERTEX_POINT ( 'NONE', #6952 ) ;
#3024 = VERTEX_POINT ( 'NONE', #5344 ) ;
#3023 = FACE_OUTER_BOUND ( 'NONE', #8726, .T. ) ;
#3025 = DIRECTION ( 'NONE',  ( 0.000000000000000000, 0.000000000000000000, 1.000000000000000000 ) ) ;
#3026 = FACE_OUTER_BOUND ( 'NONE', #10126, .T. ) ;
#3027 = FACE_OUTER_BOUND ( 'NONE', #3967, .T. ) ;
#3028 = COLOUR_RGB ( '',0.7921568627450980005, 0.8196078431372548767, 0.9333333333333333481 ) ;
#3029 = PLANE ( 'NONE',  #10131 ) ;
#3030 = EDGE_CURVE ( 'NONE', #3685, #687, #6112, .T. ) ;
#3031 = CARTESIAN_POINT ( 'NONE',  ( 2.225000000000000533, 0.6716990566028309129, -0.3749999999999998890 ) ) ;
#3032 = LINE ( 'NONE', #2264, #5930 ) ;
#3034 = ORIENTED_EDGE ( 'NONE', *, *, #10813, .T. ) ;
#3033 = PRESENTATION_STYLE_ASSIGNMENT (( #8127 ) ) ;
#3035 = CARTESIAN_POINT ( 'NONE',  ( 0.6250000000000014433, 0.2000000000000000944, 2.500000000000001332 ) ) ;
#3036 = ORIENTED_EDGE ( 'NONE', *, *, #6671, .T. ) ;
#3037 = ORIENTED_EDGE ( 'NONE', *, *, #6317, .F. ) ;
#3038 = CARTESIAN_POINT ( 'NONE',  ( 2.225000000000000533, 0.05000000000000002359, -0.7500000000000002220 ) ) ;
#3039 = ORIENTED_EDGE ( 'NONE', *, *, #4779, .T. ) ;
#3040 = DIRECTION ( 'NONE',  ( 0.000000000000000000, 1.000000000000000000, -0.000000000000000000 ) ) ;
#3041 = DIRECTION ( 'NONE',  ( 0.000000000000000000, 0.000000000000000000, -1.000000000000000000 ) ) ;
#3042 = EDGE_CURVE ( 'NONE', #6214, #4955, #10265, .T. ) ;
#3043 = CARTESIAN_POINT ( 'NONE',  ( -1.624999999999999334, 0.6716990566028311349, -2.500000000000000444 ) ) ;
#3044 = EDGE_CURVE ( 'NONE', #9726, #5664, #242, .T. ) ;
#3045 = ORIENTED_EDGE ( 'NONE', *, *, #7490, .F. ) ;
#3046 = ADVANCED_FACE ( 'NONE', ( #3567 ), #186, .F. ) ;
#3047 = DIRECTION ( 'NONE',  ( 0.000000000000000000, -1.000000000000000000, 0.000000000000000000 ) ) ;
#3048 = CARTESIAN_POINT ( 'NONE',  ( -2.225000000000000533, 0.000000000000000000, -0.1249999999999998890 ) ) ;
#3049 = ORIENTED_EDGE ( 'NONE', *, *, #3061, .T. ) ;
#3050 = ORIENTED_EDGE ( 'NONE', *, *, #4940, .F. ) ;
#3051 = CARTESIAN_POINT ( 'NONE',  ( -2.225000000000000533, 0.6716990566028309129, 0.6249999999999996669 ) ) ;
#3052 = VECTOR ( 'NONE', #7929, 1000.000000000000000 ) ;
#3053 = ORIENTED_EDGE ( 'NONE', *, *, #3556, .T. ) ;
#3054 = SURFACE_STYLE_FILL_AREA ( #5606 ) ;
#3055 = AXIS2_PLACEMENT_3D ( 'NONE', #9645, #7223, #10572 ) ;
#3056 = CARTESIAN_POINT ( 'NONE',  ( 2.500000000000000888, 0.1999999999999999833, -0.1249999999999998890 ) ) ;
#3057 = STYLED_ITEM ( 'NONE', ( #3547 ), #9095 ) ;
#3058 = AXIS2_PLACEMENT_3D ( 'NONE', #5589, #3708, #9582 ) ;
#3059 = ADVANCED_FACE ( 'NONE', ( #2740 ), #1748, .T. ) ;
#3060 = EDGE_CURVE ( 'NONE', #2407, #9005, #298, .T. ) ;
#3061 = EDGE_CURVE ( 'NONE', #2933, #8597, #308, .T. ) ;
#3062 = CARTESIAN_POINT ( 'NONE',  ( -2.500000000000000888, 0.000000000000000000, -0.6249999999999998890 ) ) ;
#3063 = ORIENTED_EDGE ( 'NONE', *, *, #7934, .F. ) ;
#3064 = ORIENTED_EDGE ( 'NONE', *, *, #6916, .F. ) ;
#3065 = DIRECTION ( 'NONE',  ( 0.000000000000000000, -1.000000000000000000, 0.000000000000000000 ) ) ;
#3066 = VECTOR ( 'NONE', #2557, 1000.000000000000000 ) ;
#3067 = FACE_OUTER_BOUND ( 'NONE', #6718, .T. ) ;
#3068 = AXIS2_PLACEMENT_3D ( 'NONE', #9839, #638, #6571 ) ;
#3069 = LINE ( 'NONE', #8998, #6507 ) ;
#3070 = PLANE ( 'NONE',  #6672 ) ;
#3071 = VECTOR ( 'NONE', #5071, 1000.000000000000000 ) ;
#3072 = CARTESIAN_POINT ( 'NONE',  ( -0.7499999999999993339, 0.000000000000000000, 2.225000000000000977 ) ) ;
#3073 = CARTESIAN_POINT ( 'NONE',  ( -0.8749999999999985567, 0.2000000000000000944, 2.500000000000001332 ) ) ;
#3074 = AXIS2_PLACEMENT_3D ( 'NONE', #527, #8012, #2197 ) ;
#3075 = AXIS2_PLACEMENT_3D ( 'NONE', #6732, #10104, #1689 ) ;
#3076 = PLANE ( 'NONE',  #10736 ) ;
#3077 = DIRECTION ( 'NONE',  ( 0.000000000000000000, 0.000000000000000000, -1.000000000000000000 ) ) ;
#3078 = ORIENTED_EDGE ( 'NONE', *, *, #3185, .T. ) ;
#3079 = ORIENTED_EDGE ( 'NONE', *, *, #1921, .F. ) ;
#3081 = EDGE_LOOP ( 'NONE', ( #3550, #8461, #755, #9458 ) ) ;
#3080 = FILL_AREA_STYLE ('',( #8946 ) ) ;
#3082 =( NAMED_UNIT ( * ) PLANE_ANGLE_UNIT ( ) SI_UNIT ( $, .RADIAN. ) );
#3083 = DIRECTION ( 'NONE',  ( -0.000000000000000000, -1.000000000000000000, -0.000000000000000000 ) ) ;
#3084 = CARTESIAN_POINT ( 'NONE',  ( -2.500000000000000888, 0.6716990566028309129, 0.6250000000000003331 ) ) ;
#3085 = AXIS2_PLACEMENT_3D ( 'NONE', #9552, #902, #4284 ) ;
#3086 = DIRECTION ( 'NONE',  ( -0.000000000000000000, -1.000000000000000000, -0.000000000000000000 ) ) ;
#3087 = EDGE_CURVE ( 'NONE', #10398, #2109, #10214, .T. ) ;
#3088 = VECTOR ( 'NONE', #2132, 1000.000000000000000 ) ;
#3089 = CARTESIAN_POINT ( 'NONE',  ( 0.000000000000000000, 0.05000000000000000278, -1.625000000000000000 ) ) ;
#3090 = FACE_OUTER_BOUND ( 'NONE', #9352, .T. ) ;
#3092 = VERTEX_POINT ( 'NONE', #9391 ) ;
#3091 =( NAMED_UNIT ( * ) PLANE_ANGLE_UNIT ( ) SI_UNIT ( $, .RADIAN. ) );
#3093 = CARTESIAN_POINT ( 'NONE',  ( 0.000000000000000000, 0.000000000000000000, 0.000000000000000000 ) ) ;
#3094 = EDGE_LOOP ( 'NONE', ( #3253, #3809, #1913, #10287 ) ) ;
#3095 = ORIENTED_EDGE ( 'NONE', *, *, #4810, .T. ) ;
#3096 = DIRECTION ( 'NONE',  ( 0.000000000000000000, -1.000000000000000000, 0.000000000000000000 ) ) ;
#3097 = ORIENTED_EDGE ( 'NONE', *, *, #2870, .F. ) ;
#3098 = DIRECTION ( 'NONE',  ( 1.000000000000000000, 0.000000000000000000, -2.365532012695641878E-15 ) ) ;
#3099 = CARTESIAN_POINT ( 'NONE',  ( 2.225000000000000533, 0.000000000000000000, 1.125000000000000222 ) ) ;
#3100 = ADVANCED_FACE ( 'NONE', ( #1801 ), #7286, .F. ) ;
#3101 = ADVANCED_FACE ( 'NONE', ( #4777 ), #6227, .F. ) ;
#3102 = VECTOR ( 'NONE', #7338, 1000.000000000000000 ) ;
#3103 = CARTESIAN_POINT ( 'NONE',  ( -2.225000000000000533, 0.6716990566028309129, 1.749999999999999778 ) ) ;
#3105 = ORIENTED_EDGE ( 'NONE', *, *, #4048, .T. ) ;
#3104 = DIRECTION ( 'NONE',  ( 0.000000000000000000, 1.000000000000000000, 0.000000000000000000 ) ) ;
#3106 = LINE ( 'NONE', #10726, #3131 ) ;
#3107 = ORIENTED_EDGE ( 'NONE', *, *, #8369, .T. ) ;
#3108 = EDGE_LOOP ( 'NONE', ( #2904, #3756, #3754, #6 ) ) ;
#3109 = FACE_OUTER_BOUND ( 'NONE', #1856, .T. ) ;
#3110 = VERTEX_POINT ( 'NONE', #7121 ) ;
#3111 = CARTESIAN_POINT ( 'NONE',  ( -0.7499999999999993339, 0.2000000000000000111, 2.225000000000000977 ) ) ;
#3112 = CLOSED_SHELL ( 'NONE', ( #2324, #9083, #1778, #4471, #9098, #9356 ) ) ;
#3113 = LINE ( 'NONE', #4878, #8463 ) ;
#3114 = VERTEX_POINT ( 'NONE', #6344 ) ;
#3115 = EDGE_LOOP ( 'NONE', ( #7312, #8181, #3417, #6980, #7865 ) ) ;
#3116 = FACE_OUTER_BOUND ( 'NONE', #5258, .T. ) ;
#3117 = EDGE_CURVE ( 'NONE', #10505, #10385, #9603, .T. ) ;
#3118 = LINE ( 'NONE', #7339, #3426 ) ;
#3119 = DIRECTION ( 'NONE',  ( 2.365532012695649373E-15, 0.000000000000000000, 1.000000000000000000 ) ) ;
#3120 = VECTOR ( 'NONE', #3473, 1000.000000000000000 ) ;
#3121 = LINE ( 'NONE', #409, #6493 ) ;
#3122 = DIRECTION ( 'NONE',  ( 0.000000000000000000, 0.000000000000000000, -1.000000000000000000 ) ) ;
#3123 = ADVANCED_FACE ( 'NONE', ( #459 ), #1395, .T. ) ;
#3124 = ADVANCED_FACE ( 'NONE', ( #8768 ), #10529, .F. ) ;
#3125 = EDGE_CURVE ( 'NONE', #10835, #2916, #2910, .T. ) ;
#3126 = VECTOR ( 'NONE', #4778, 1000.000000000000000 ) ;
#3127 = DIRECTION ( 'NONE',  ( 0.000000000000000000, 1.000000000000000000, -0.000000000000000000 ) ) ;
#3128 = CARTESIAN_POINT ( 'NONE',  ( -2.225000000000000533, 0.6716990566028309129, 0.3750000000000001110 ) ) ;
#3129 = ORIENTED_EDGE ( 'NONE', *, *, #3858, .T. ) ;
#3130 = ORIENTED_EDGE ( 'NONE', *, *, #5396, .F. ) ;
#3131 = VECTOR ( 'NONE', #4815, 1000.000000000000000 ) ;
#3133 = EDGE_LOOP ( 'NONE', ( #5663, #1121, #10857, #8142 ) ) ;
#3132 = SURFACE_STYLE_FILL_AREA ( #9276 ) ;
#3134 = AXIS2_PLACEMENT_3D ( 'NONE', #4522, #6855, #316 ) ;
#3135 = SURFACE_SIDE_STYLE ('',( #10253 ) ) ;
#3136 = FACE_OUTER_BOUND ( 'NONE', #10618, .T. ) ;
#3137 = CARTESIAN_POINT ( 'NONE',  ( -0.2499999999999993616, 0.6716990566028311349, 2.225000000000000977 ) ) ;
#3138 = CARTESIAN_POINT ( 'NONE',  ( 2.500000000000000888, 0.6716990566028309129, 1.625000000000000444 ) ) ;
#3139 = FACE_OUTER_BOUND ( 'NONE', #7376, .T. ) ;
#3140 = EDGE_CURVE ( 'NONE', #8330, #8457, #3069, .T. ) ;
#3141 = CIRCLE ( 'NONE', #8804, 0.1250000000000000000 ) ;
#3142 = VECTOR ( 'NONE', #5451, 1000.000000000000000 ) ;
#3143 = VECTOR ( 'NONE', #7308, 1000.000000000000000 ) ;
#3144 = VECTOR ( 'NONE', #10583, 1000.000000000000000 ) ;
#3145 = DIRECTION ( 'NONE',  ( -0.000000000000000000, -0.000000000000000000, 1.000000000000000000 ) ) ;
#3146 = ADVANCED_FACE ( 'NONE', ( #355 ), #9820, .T. ) ;
#3147 = AXIS2_PLACEMENT_3D ( 'NONE', #644, #9183, #4751 ) ;
#3149 = CARTESIAN_POINT ( 'NONE',  ( -0.6249999999999992228, 0.000000000000000000, -2.500000000000000444 ) ) ;
#3148 = VECTOR ( 'NONE', #7956, 1000.000000000000000 ) ;
#3151 = VERTEX_POINT ( 'NONE', #9660 ) ;
#3150 = DIRECTION ( 'NONE',  ( 0.000000000000000000, 0.000000000000000000, 1.000000000000000000 ) ) ;
#3152 = DIRECTION ( 'NONE',  ( 2.365532012695649373E-15, 0.000000000000000000, 1.000000000000000000 ) ) ;
#3153 = ORIENTED_EDGE ( 'NONE', *, *, #7122, .T. ) ;
#3154 = FACE_OUTER_BOUND ( 'NONE', #8059, .T. ) ;
#3155 = ORIENTED_EDGE ( 'NONE', *, *, #9370, .F. ) ;
#3156 = CARTESIAN_POINT ( 'NONE',  ( 2.225000000000000533, 0.6716990566028309129, 0.6250000000000001110 ) ) ;
#3157 = CARTESIAN_POINT ( 'NONE',  ( -1.749999999999999334, 0.2000000000000000111, -2.225000000000000977 ) ) ;
#3158 = DIRECTION ( 'NONE',  ( 0.000000000000000000, 1.000000000000000000, 0.000000000000000000 ) ) ;
#3159 = EDGE_CURVE ( 'NONE', #2064, #4190, #8091, .T. ) ;
#3161 = ORIENTED_EDGE ( 'NONE', *, *, #9353, .T. ) ;
#3160 = CARTESIAN_POINT ( 'NONE',  ( 2.500000000000000888, 0.6716990566028309129, 0.3750000000000001110 ) ) ;
#3162 = EDGE_CURVE ( 'NONE', #348, #2407, #4728, .T. ) ;
#3163 = LINE ( 'NONE', #9704, #8089 ) ;
#3164 = ORIENTED_EDGE ( 'NONE', *, *, #3557, .T. ) ;
#3165 = ORIENTED_EDGE ( 'NONE', *, *, #2448, .T. ) ;
#3166 = DIRECTION ( 'NONE',  ( 0.000000000000000000, -0.000000000000000000, 1.000000000000000000 ) ) ;
#3167 = EDGE_LOOP ( 'NONE', ( #226, #750, #4913, #2936 ) ) ;
#3168 = SURFACE_SIDE_STYLE ('',( #3054 ) ) ;
#3169 = DIRECTION ( 'NONE',  ( -0.000000000000000000, -0.000000000000000000, -1.000000000000000000 ) ) ;
#3170 = EDGE_CURVE ( 'NONE', #826, #10357, #4897, .T. ) ;
#3171 = DIRECTION ( 'NONE',  ( 0.000000000000000000, 0.000000000000000000, 1.000000000000000000 ) ) ;
#3172 = EDGE_LOOP ( 'NONE', ( #9991, #4971, #3589, #8637 ) ) ;
#3173 = VERTEX_POINT ( 'NONE', #566 ) ;
#3174 = DIRECTION ( 'NONE',  ( 0.000000000000000000, 0.000000000000000000, -1.000000000000000000 ) ) ;
#3175 = CARTESIAN_POINT ( 'NONE',  ( -2.500000000000000888, 0.6716990566028309129, -0.3749999999999996669 ) ) ;
#3176 = CARTESIAN_POINT ( 'NONE',  ( -1.624999999999999334, 0.05000000000000000278, -2.500000000000000444 ) ) ;
#3177 = DIRECTION ( 'NONE',  ( 0.000000000000000000, -0.000000000000000000, 1.000000000000000000 ) ) ;
#3178 = CARTESIAN_POINT ( 'NONE',  ( 1.375000000000001332, 0.6716990566028311349, 2.500000000000000444 ) ) ;
#3179 = AXIS2_PLACEMENT_3D ( 'NONE', #4694, #486, #3860 ) ;
#3180 = FACE_OUTER_BOUND ( 'NONE', #5531, .T. ) ;
#3181 = CARTESIAN_POINT ( 'NONE',  ( 1.250000000000000666, 0.000000000000000000, -2.225000000000000977 ) ) ;
#3182 = ADVANCED_FACE ( 'NONE', ( #4671 ), #4568, .F. ) ;
#3183 = ORIENTED_EDGE ( 'NONE', *, *, #408, .F. ) ;
#3184 = VERTEX_POINT ( 'NONE', #3944 ) ;
#3185 = EDGE_CURVE ( 'NONE', #7152, #5506, #8052, .T. ) ;
#3187 = EDGE_LOOP ( 'NONE', ( #6154, #6704, #3681, #10694, #3403 ) ) ;
#3186 = CARTESIAN_POINT ( 'NONE',  ( -0.3749999999999994449, 0.2000000000000000111, -2.225000000000000977 ) ) ;
#3188 = EDGE_CURVE ( 'NONE', #1174, #1269, #5509, .T. ) ;
#3189 = SURFACE_STYLE_FILL_AREA ( #1358 ) ;
#3190 = DIRECTION ( 'NONE',  ( 0.000000000000000000, 0.000000000000000000, -1.000000000000000000 ) ) ;
#3191 = PLANE ( 'NONE',  #6842 ) ;
#3192 = PLANE ( 'NONE',  #6246 ) ;
#3193 = VECTOR ( 'NONE', #2811, 1000.000000000000000 ) ;
#3194 = CARTESIAN_POINT ( 'NONE',  ( -2.225000000000000533, 0.1999999999999999833, -1.375000000000000000 ) ) ;
#3195 = ADVANCED_FACE ( 'NONE', ( #6394 ), #9769, .T. ) ;
#3196 = EDGE_LOOP ( 'NONE', ( #9198, #1774, #10573, #4496 ) ) ;
#3198 = VECTOR ( 'NONE', #4257, 1000.000000000000000 ) ;
#3197 = CARTESIAN_POINT ( 'NONE',  ( -2.500000000000000888, 0.000000000000000000, 0.8750000000000001110 ) ) ;
#3200 = EDGE_LOOP ( 'NONE', ( #1245, #3361, #4258, #3389, #1604 ) ) ;
#3199 = LINE ( 'NONE', #8294, #3780 ) ;
#3201 = EDGE_CURVE ( 'NONE', #469, #1027, #1341, .T. ) ;
#3202 = DIRECTION ( 'NONE',  ( -1.000000000000000000, 0.000000000000000000, -0.000000000000000000 ) ) ;
#3203 = ORIENTED_EDGE ( 'NONE', *, *, #8543, .F. ) ;
#3204 = CARTESIAN_POINT ( 'NONE',  ( -0.3749999999999992228, 0.2000000000000000111, 2.225000000000000977 ) ) ;
#3205 = VERTEX_POINT ( 'NONE', #4832 ) ;
#3206 = CARTESIAN_POINT ( 'NONE',  ( -2.225000000000000533, 0.1999999999999999833, 1.375000000000000222 ) ) ;
#3207 = LINE ( 'NONE', #3371, #4110 ) ;
#3208 = VECTOR ( 'NONE', #1991, 1000.000000000000000 ) ;
#3209 = CARTESIAN_POINT ( 'NONE',  ( -0.6249999999999985567, 0.2000000000000000111, 2.500000000000000444 ) ) ;
#3210 = CYLINDRICAL_SURFACE ( 'NONE', #5617, 0.1250000000000001110 ) ;
#3212 = VERTEX_POINT ( 'NONE', #679 ) ;
#3211 = DIRECTION ( 'NONE',  ( 0.000000000000000000, 1.000000000000000000, 0.000000000000000000 ) ) ;
#3213 = CARTESIAN_POINT ( 'NONE',  ( -2.000000000000000888, 0.9000000000000000222, -2.000000000000000444 ) ) ;
#3214 = ORIENTED_EDGE ( 'NONE', *, *, #1047, .T. ) ;
#3215 = VERTEX_POINT ( 'NONE', #2396 ) ;
#3216 = PLANE ( 'NONE',  #9605 ) ;
#3217 = ORIENTED_EDGE ( 'NONE', *, *, #5900, .F. ) ;
#3218 = LINE ( 'NONE', #9254, #6263 ) ;
#3219 = EDGE_CURVE ( 'NONE', #10837, #10048, #1445, .T. ) ;
#3220 = ADVANCED_FACE ( 'NONE', ( #7340 ), #8272, .T. ) ;
#3221 = VECTOR ( 'NONE', #1665, 1000.000000000000000 ) ;
#3222 = CARTESIAN_POINT ( 'NONE',  ( 1.625000000000000666, 0.000000000000000000, -2.225000000000000977 ) ) ;
#3223 = EDGE_LOOP ( 'NONE', ( #10036, #6875, #2785, #6817 ) ) ;
#3224 = ORIENTED_EDGE ( 'NONE', *, *, #7303, .T. ) ;
#3225 = DIRECTION ( 'NONE',  ( 2.365532012695649373E-15, 0.000000000000000000, 1.000000000000000000 ) ) ;
#3226 = FACE_OUTER_BOUND ( 'NONE', #7130, .T. ) ;
#3227 = DIRECTION ( 'NONE',  ( -0.000000000000000000, -1.000000000000000000, -0.000000000000000000 ) ) ;
#3228 = CARTESIAN_POINT ( 'NONE',  ( -2.225000000000000533, 0.1999999999999999833, 0.1249999999999997918 ) ) ;
#3229 = DIRECTION ( 'NONE',  ( -1.000000000000000000, 0.000000000000000000, -7.885106708985472271E-16 ) ) ;
#3230 = AXIS2_PLACEMENT_3D ( 'NONE', #1834, #6929, #1100 ) ;
#3231 = AXIS2_PLACEMENT_3D ( 'NONE', #8300, #758, #5750 ) ;
#3232 = DIRECTION ( 'NONE',  ( -0.000000000000000000, -1.000000000000000000, -0.000000000000000000 ) ) ;
#3233 = CARTESIAN_POINT ( 'NONE',  ( -2.225000000000000533, 0.6716990566028309129, -1.875000000000000000 ) ) ;
#3234 = ORIENTED_EDGE ( 'NONE', *, *, #9977, .F. ) ;
#3235 = VERTEX_POINT ( 'NONE', #3176 ) ;
#3236 = VECTOR ( 'NONE', #6735, 1000.000000000000000 ) ;
#3237 = STYLED_ITEM ( 'NONE', ( #7782 ), #8847 ) ;
#3239 = ORIENTED_EDGE ( 'NONE', *, *, #1907, .F. ) ;
#3238 = PLANE ( 'NONE',  #5908 ) ;
#3240 = CARTESIAN_POINT ( 'NONE',  ( 0.7500000000000006661, 0.1999999999999999833, 2.100000000000000533 ) ) ;
#3241 =( LENGTH_UNIT ( ) NAMED_UNIT ( * ) SI_UNIT ( .MILLI., .METRE. ) );
#3242 = DIRECTION ( 'NONE',  ( 0.000000000000000000, -0.000000000000000000, -1.000000000000000000 ) ) ;
#3243 = DIRECTION ( 'NONE',  ( 0.000000000000000000, -1.000000000000000000, 0.000000000000000000 ) ) ;
#3244 = DIRECTION ( 'NONE',  ( -1.000000000000000000, 0.000000000000000000, 7.885106708985472271E-16 ) ) ;
#3245 = CIRCLE ( 'NONE', #1466, 0.1250000000000001110 ) ;
#3246 = PRESENTATION_LAYER_ASSIGNMENT (  '', '', ( #10483 ) ) ;
#3247 = DIRECTION ( 'NONE',  ( 0.000000000000000000, 0.000000000000000000, -1.000000000000000000 ) ) ;
#3248 = ORIENTED_EDGE ( 'NONE', *, *, #2715, .T. ) ;
#3249 = ORIENTED_EDGE ( 'NONE', *, *, #1427, .F. ) ;
#3250 = DIRECTION ( 'NONE',  ( 8.673617379884034239E-17, -0.000000000000000000, 1.000000000000000000 ) ) ;
#3251 = VECTOR ( 'NONE', #3966, 1000.000000000000000 ) ;
#3253 = ORIENTED_EDGE ( 'NONE', *, *, #10255, .T. ) ;
#3252 = CARTESIAN_POINT ( 'NONE',  ( 2.500000000000000888, 0.000000000000000000, 0.8750000000000001110 ) ) ;
#3254 = LINE ( 'NONE', #30, #7196 ) ;
#3255 = ORIENTED_EDGE ( 'NONE', *, *, #4823, .T. ) ;
#3256 = CYLINDRICAL_SURFACE ( 'NONE', #3231, 0.1250000000000001110 ) ;
#3258 = ORIENTED_EDGE ( 'NONE', *, *, #8261, .F. ) ;
#3257 = CARTESIAN_POINT ( 'NONE',  ( 0.1250000000000007494, 0.2000000000000000111, 2.225000000000000977 ) ) ;
#3259 = LINE ( 'NONE', #6638, #8422 ) ;
#3260 = FACE_OUTER_BOUND ( 'NONE', #2050, .T. ) ;
#3261 = EDGE_CURVE ( 'NONE', #5151, #10469, #9105, .T. ) ;
#3262 = EDGE_CURVE ( 'NONE', #4242, #1302, #2294, .T. ) ;
#3263 = EDGE_CURVE ( 'NONE', #8525, #2555, #1542, .T. ) ;
#3264 = AXIS2_PLACEMENT_3D ( 'NONE', #4682, #7185, #9833 ) ;
#3265 = EDGE_CURVE ( 'NONE', #4043, #2555, #10685, .T. ) ;
#3266 = CARTESIAN_POINT ( 'NONE',  ( -2.500000000000000888, 0.1999999999999999833, 0.1250000000000003331 ) ) ;
#3267 = FACE_OUTER_BOUND ( 'NONE', #1110, .T. ) ;
#3269 = VERTEX_POINT ( 'NONE', #9882 ) ;
#3268 = CARTESIAN_POINT ( 'NONE',  ( -1.749999999999999334, 0.2000000000000000111, 2.225000000000000977 ) ) ;
#3270 = PLANE ( 'NONE',  #1541 ) ;
#3271 = ORIENTED_EDGE ( 'NONE', *, *, #2250, .T. ) ;
#3272 = ORIENTED_EDGE ( 'NONE', *, *, #677, .F. ) ;
#3273 = DIRECTION ( 'NONE',  ( 1.000000000000000000, -0.000000000000000000, -3.469446951953614189E-15 ) ) ;
#3274 = ORIENTED_EDGE ( 'NONE', *, *, #3018, .T. ) ;
#3275 = DIRECTION ( 'NONE',  ( 0.000000000000000000, -1.000000000000000000, 0.000000000000000000 ) ) ;
#3276 = CARTESIAN_POINT ( 'NONE',  ( 1.375000000000000888, 0.6716990566028311349, -2.500000000000000444 ) ) ;
#3277 = AXIS2_PLACEMENT_3D ( 'NONE', #1412, #6526, #699 ) ;
#3278 = EDGE_CURVE ( 'NONE', #669, #4627, #3999, .T. ) ;
#3279 =( GEOMETRIC_REPRESENTATION_CONTEXT ( 3 ) GLOBAL_UNCERTAINTY_ASSIGNED_CONTEXT ( ( #6041 ) ) GLOBAL_UNIT_ASSIGNED_CONTEXT ( ( #5333, #7989, #8756 ) ) REPRESENTATION_CONTEXT ( 'NONE', 'WORKASPACE' ) );
#3280 = CYLINDRICAL_SURFACE ( 'NONE', #1892, 0.1250000000000001110 ) ;
#3281 = ORIENTED_EDGE ( 'NONE', *, *, #1217, .T. ) ;
#3282 = ADVANCED_FACE ( 'NONE', ( #1508 ), #4883, .F. ) ;
#3283 = VERTEX_POINT ( 'NONE', #3816 ) ;
#3284 = CARTESIAN_POINT ( 'NONE',  ( -2.225000000000000533, 0.1999999999999999833, -1.375000000000000444 ) ) ;
#3285 = DIRECTION ( 'NONE',  ( -0.000000000000000000, -1.000000000000000000, 0.000000000000000000 ) ) ;
#3286 = DIRECTION ( 'NONE',  ( 0.000000000000000000, 0.000000000000000000, -1.000000000000000000 ) ) ;
#3287 = DIRECTION ( 'NONE',  ( -1.000000000000000000, 0.000000000000000000, 0.000000000000000000 ) ) ;
#3288 = MECHANICAL_DESIGN_GEOMETRIC_PRESENTATION_REPRESENTATION (  '', ( #7004 ), #7887 ) ;
#3289 = DIRECTION ( 'NONE',  ( 0.000000000000000000, 0.000000000000000000, -1.000000000000000000 ) ) ;
#3290 = CARTESIAN_POINT ( 'NONE',  ( -0.7999999999999992673, 0.05000000000000000278, -1.050000000000000488 ) ) ;
#3291 = ORIENTED_EDGE ( 'NONE', *, *, #5172, .T. ) ;
#3292 = ORIENTED_EDGE ( 'NONE', *, *, #730, .F. ) ;
#3293 = VECTOR ( 'NONE', #8801, 1000.000000000000000 ) ;
#3294 = EDGE_CURVE ( 'NONE', #8823, #5197, #8916, .T. ) ;
#3295 = VERTEX_POINT ( 'NONE', #3765 ) ;
#3296 = EDGE_CURVE ( 'NONE', #9793, #4221, #3921, .T. ) ;
#3297 =( NAMED_UNIT ( * ) PLANE_ANGLE_UNIT ( ) SI_UNIT ( $, .RADIAN. ) );
#3298 = ORIENTED_EDGE ( 'NONE', *, *, #110, .F. ) ;
#3299 = DIRECTION ( 'NONE',  ( -0.000000000000000000, -1.000000000000000000, -0.000000000000000000 ) ) ;
#3300 = CYLINDRICAL_SURFACE ( 'NONE', #651, 0.1250000000000000000 ) ;
#3301 = MECHANICAL_DESIGN_GEOMETRIC_PRESENTATION_REPRESENTATION (  '', ( #6659 ), #6122 ) ;
#3302 = FACE_OUTER_BOUND ( 'NONE', #9094, .T. ) ;
#3303 = VECTOR ( 'NONE', #9077, 1000.000000000000000 ) ;
#3304 = EDGE_CURVE ( 'NONE', #150, #7471, #7370, .T. ) ;
#3305 = AXIS2_PLACEMENT_3D ( 'NONE', #2126, #8709, #9548 ) ;
#3306 = AXIS2_PLACEMENT_3D ( 'NONE', #10805, #6733, #3242 ) ;
#3307 = LINE ( 'NONE', #589, #1409 ) ;
#3308 = ORIENTED_EDGE ( 'NONE', *, *, #8231, .F. ) ;
#3309 = ORIENTED_EDGE ( 'NONE', *, *, #5035, .F. ) ;
#3310 = CARTESIAN_POINT ( 'NONE',  ( 2.500000000000000888, 0.6716990566028309129, 0.8750000000000001110 ) ) ;
#3312 = EDGE_LOOP ( 'NONE', ( #10037, #6731, #4767, #4282, #553 ) ) ;
#3311 = DIRECTION ( 'NONE',  ( 0.000000000000000000, -1.000000000000000000, 0.000000000000000000 ) ) ;
#3313 = FACE_OUTER_BOUND ( 'NONE', #2355, .T. ) ;
#3314 = CARTESIAN_POINT ( 'NONE',  ( -2.225000000000000533, 0.6716990566028309129, -1.125000000000000000 ) ) ;
#3316 = ORIENTED_EDGE ( 'NONE', *, *, #6764, .F. ) ;
#3315 = DIRECTION ( 'NONE',  ( 1.000000000000000000, -0.000000000000000000, 0.000000000000000000 ) ) ;
#3317 = LINE ( 'NONE', #5187, #993 ) ;
#3318 = VECTOR ( 'NONE', #2789, 1000.000000000000000 ) ;
#3319 = LINE ( 'NONE', #6700, #6424 ) ;
#3320 = AXIS2_PLACEMENT_3D ( 'NONE', #606, #2220, #6324 ) ;
#3321 = VECTOR ( 'NONE', #3119, 1000.000000000000000 ) ;
#3322 = CIRCLE ( 'NONE', #8098, 0.1250000000000001110 ) ;
#3323 = VECTOR ( 'NONE', #2240, 1000.000000000000000 ) ;
#3324 = DIRECTION ( 'NONE',  ( 0.000000000000000000, -1.000000000000000000, 0.000000000000000000 ) ) ;
#3325 = DIRECTION ( 'NONE',  ( 1.000000000000000000, -0.000000000000000000, -3.469446951953614189E-15 ) ) ;
#3327 = VERTEX_POINT ( 'NONE', #6483 ) ;
#3326 = LINE ( 'NONE', #8412, #9574 ) ;
#3328 = CIRCLE ( 'NONE', #7752, 0.1250000000000000000 ) ;
#3329 = CARTESIAN_POINT ( 'NONE',  ( -2.000000000000000888, 1.000000000000000000, -2.000000000000000444 ) ) ;
#3331 = ORIENTED_EDGE ( 'NONE', *, *, #4089, .F. ) ;
#3330 = EDGE_CURVE ( 'NONE', #605, #2973, #9860, .T. ) ;
#3332 = ORIENTED_EDGE ( 'NONE', *, *, #9628, .T. ) ;
#3333 = DIRECTION ( 'NONE',  ( 0.000000000000000000, 1.000000000000000000, 0.000000000000000000 ) ) ;
#3334 = ORIENTED_EDGE ( 'NONE', *, *, #3159, .F. ) ;
#3335 = PRESENTATION_STYLE_ASSIGNMENT (( #3490 ) ) ;
#3336 = EDGE_CURVE ( 'NONE', #1417, #2064, #9030, .T. ) ;
#3337 = SURFACE_STYLE_USAGE ( .BOTH. , #1612 ) ;
#3338 = PRODUCT_DEFINITION_SHAPE ( 'NONE', 'NONE',  #6947 ) ;
#3339 = AXIS2_PLACEMENT_3D ( 'NONE', #8371, #5933, #3444 ) ;
#3340 = CLOSED_SHELL ( 'NONE', ( #359, #5562, #5760, #4747, #2744, #8315 ) ) ;
#3341 = LINE ( 'NONE', #6768, #9167 ) ;
#3343 = ORIENTED_EDGE ( 'NONE', *, *, #10364, .T. ) ;
#3342 = EDGE_CURVE ( 'NONE', #7273, #2380, #672, .T. ) ;
#3344 = ORIENTED_EDGE ( 'NONE', *, *, #10407, .T. ) ;
#3345 = CARTESIAN_POINT ( 'NONE',  ( 1.625000000000000888, 0.000000000000000000, -2.500000000000000444 ) ) ;
#3346 = DIRECTION ( 'NONE',  ( -0.000000000000000000, -1.000000000000000000, -0.000000000000000000 ) ) ;
#3347 = LINE ( 'NONE', #1446, #2083 ) ;
#3348 = DIRECTION ( 'NONE',  ( -7.885106708985472271E-16, 0.000000000000000000, 1.000000000000000000 ) ) ;
#3349 = PLANE ( 'NONE',  #8628 ) ;
#3350 = DIRECTION ( 'NONE',  ( 8.673617379884034239E-17, -0.000000000000000000, 1.000000000000000000 ) ) ;
#3351 = ORIENTED_EDGE ( 'NONE', *, *, #3556, .F. ) ;
#3352 = ORIENTED_EDGE ( 'NONE', *, *, #4705, .T. ) ;
#3353 = ORIENTED_EDGE ( 'NONE', *, *, #9887, .T. ) ;
#3354 = VERTEX_POINT ( 'NONE', #7318 ) ;
#3355 = CARTESIAN_POINT ( 'NONE',  ( -1.874999999999998668, 0.6716990566028311349, 2.500000000000001332 ) ) ;
#3356 = DIRECTION ( 'NONE',  ( -1.000000000000000000, 0.000000000000000000, 0.000000000000000000 ) ) ;
#3357 = DIRECTION ( 'NONE',  ( 1.032573497605242471E-16, 0.000000000000000000, -1.000000000000000000 ) ) ;
#3358 = FACE_OUTER_BOUND ( 'NONE', #1173, .T. ) ;
#3359 = EDGE_CURVE ( 'NONE', #9140, #2369, #5652, .T. ) ;
#3360 = DIRECTION ( 'NONE',  ( -1.000000000000000000, 0.000000000000000000, 7.885106708985472271E-16 ) ) ;
#3361 = ORIENTED_EDGE ( 'NONE', *, *, #499, .F. ) ;
#3362 = VERTEX_POINT ( 'NONE', #4761 ) ;
#3364 = ORIENTED_EDGE ( 'NONE', *, *, #8819, .F. ) ;
#3363 =( NAMED_UNIT ( * ) SI_UNIT ( $, .STERADIAN. ) SOLID_ANGLE_UNIT ( ) );
#3365 = DIRECTION ( 'NONE',  ( -1.000000000000000000, 0.000000000000000000, 0.000000000000000000 ) ) ;
#3366 = DIRECTION ( 'NONE',  ( 0.000000000000000000, 0.000000000000000000, -1.000000000000000000 ) ) ;
#3368 = ORIENTED_EDGE ( 'NONE', *, *, #9228, .F. ) ;
#3367 = CARTESIAN_POINT ( 'NONE',  ( 2.500000000000000888, 0.1999999999999999833, -0.6249999999999998890 ) ) ;
#3369 = PLANE ( 'NONE',  #2068 ) ;
#3370 = VECTOR ( 'NONE', #8629, 1000.000000000000000 ) ;
#3371 = CARTESIAN_POINT ( 'NONE',  ( 2.500000000000000888, 0.6716990566028309129, 1.125000000000000444 ) ) ;
#3372 = ADVANCED_FACE ( 'NONE', ( #10667 ), #602, .F. ) ;
#3373 = VECTOR ( 'NONE', #6845, 1000.000000000000000 ) ;
#3374 = CARTESIAN_POINT ( 'NONE',  ( -1.874999999999999334, 0.000000000000000000, -2.500000000000000444 ) ) ;
#3375 = CARTESIAN_POINT ( 'NONE',  ( -0.6250000000000045519, 0.05000000000000000278, 1.478457507934791754E-15 ) ) ;
#3376 = DIRECTION ( 'NONE',  ( 0.000000000000000000, 0.000000000000000000, -1.000000000000000000 ) ) ;
#3378 = ORIENTED_EDGE ( 'NONE', *, *, #9712, .F. ) ;
#3377 = PLANE ( 'NONE',  #4266 ) ;
#3379 = DIRECTION ( 'NONE',  ( 0.000000000000000000, 0.000000000000000000, 1.000000000000000000 ) ) ;
#3380 = ORIENTED_EDGE ( 'NONE', *, *, #2375, .F. ) ;
#3381 = ORIENTED_EDGE ( 'NONE', *, *, #143, .T. ) ;
#3382 = FACE_OUTER_BOUND ( 'NONE', #8862, .T. ) ;
#3383 = VERTEX_POINT ( 'NONE', #1380 ) ;
#3384 = FILL_AREA_STYLE_COLOUR ( '', #4165 ) ;
#3385 = CARTESIAN_POINT ( 'NONE',  ( -0.1249999999999992506, 0.1999999999999999833, -2.500000000000000444 ) ) ;
#3386 = VECTOR ( 'NONE', #6538, 1000.000000000000000 ) ;
#3387 = ADVANCED_FACE ( 'NONE', ( #5438 ), #3874, .T. ) ;
#3388 = CARTESIAN_POINT ( 'NONE',  ( 0.1250000000000014155, 0.2000000000000000111, 2.500000000000001332 ) ) ;
#3389 = ORIENTED_EDGE ( 'NONE', *, *, #5672, .F. ) ;
#3390 = ORIENTED_EDGE ( 'NONE', *, *, #9981, .T. ) ;
#3391 = UNCERTAINTY_MEASURE_WITH_UNIT (LENGTH_MEASURE( 1.000000000000000082E-05 ), #4869, 'distance_accuracy_value', 'NONE');
#3392 = CARTESIAN_POINT ( 'NONE',  ( -2.225000000000000533, 0.6716990566028309129, -0.2500000000000002220 ) ) ;
#3393 = CARTESIAN_POINT ( 'NONE',  ( -2.000000000000000888, 0.9000000000000000222, -2.000000000000000444 ) ) ;
#3394 = CARTESIAN_POINT ( 'NONE',  ( -0.1249999999999985983, 0.6716990566028311349, 2.500000000000000444 ) ) ;
#3395 = CARTESIAN_POINT ( 'NONE',  ( -2.500000000000000888, 0.1999999999999999833, -1.874999999999999778 ) ) ;
#3396 = ADVANCED_FACE ( 'NONE', ( #550 ), #3978, .T. ) ;
#3397 = ADVANCED_FACE ( 'NONE', ( #4597 ), #7982, .T. ) ;
#3398 = EDGE_CURVE ( 'NONE', #4183, #9850, #9700, .T. ) ;
#3399 = AXIS2_PLACEMENT_3D ( 'NONE', #4054, #6663, #6553 ) ;
#3400 = EDGE_CURVE ( 'NONE', #597, #1831, #5490, .T. ) ;
#3401 = DIRECTION ( 'NONE',  ( 2.365532012695649373E-15, 0.000000000000000000, 1.000000000000000000 ) ) ;
#3402 = FACE_OUTER_BOUND ( 'NONE', #3637, .T. ) ;
#3403 = ORIENTED_EDGE ( 'NONE', *, *, #4342, .F. ) ;
#3404 = ORIENTED_EDGE ( 'NONE', *, *, #6209, .T. ) ;
#3406 = ORIENTED_EDGE ( 'NONE', *, *, #3170, .F. ) ;
#3405 = LINE ( 'NONE', #8658, #2913 ) ;
#3407 = VERTEX_POINT ( 'NONE', #7215 ) ;
#3408 = FACE_OUTER_BOUND ( 'NONE', #9778, .T. ) ;
#3409 = DIRECTION ( 'NONE',  ( -8.673617379884035472E-17, 0.000000000000000000, -1.000000000000000000 ) ) ;
#3410 = DIRECTION ( 'NONE',  ( 0.000000000000000000, -1.000000000000000000, 0.000000000000000000 ) ) ;
#3411 = VECTOR ( 'NONE', #3225, 1000.000000000000000 ) ;
#3412 = DIRECTION ( 'NONE',  ( 0.000000000000000000, -1.000000000000000000, 0.000000000000000000 ) ) ;
#3413 = AXIS2_PLACEMENT_3D ( 'NONE', #8555, #5903, #5954 ) ;
#3414 = VECTOR ( 'NONE', #6635, 1000.000000000000000 ) ;
#3415 = DIRECTION ( 'NONE',  ( 1.000000000000000000, -0.000000000000000000, 7.885106708985472271E-16 ) ) ;
#3416 = ORIENTED_EDGE ( 'NONE', *, *, #7530, .F. ) ;
#3417 = ORIENTED_EDGE ( 'NONE', *, *, #6794, .T. ) ;
#3418 = ORIENTED_EDGE ( 'NONE', *, *, #6850, .F. ) ;
#3419 = CARTESIAN_POINT ( 'NONE',  ( -1.374999999999999556, 0.2000000000000005107, -2.500000000000000444 ) ) ;
#3420 = ADVANCED_FACE ( 'NONE', ( #2997 ), #6372, .T. ) ;
#3421 = EDGE_CURVE ( 'NONE', #334, #2813, #1550, .T. ) ;
#3422 = LINE ( 'NONE', #1814, #9425 ) ;
#3424 = ORIENTED_EDGE ( 'NONE', *, *, #947, .T. ) ;
#3423 = DIRECTION ( 'NONE',  ( -1.000000000000000000, 0.000000000000000000, -1.032573497605242471E-16 ) ) ;
#3425 = CARTESIAN_POINT ( 'NONE',  ( -1.749999999999999334, 0.2000000000000000111, 2.100000000000000533 ) ) ;
#3426 = VECTOR ( 'NONE', #9104, 1000.000000000000000 ) ;
#3427 = DIRECTION ( 'NONE',  ( 7.885106708985472271E-16, 0.000000000000000000, 1.000000000000000000 ) ) ;
#3428 = AXIS2_PLACEMENT_3D ( 'NONE', #3628, #6174, #7015 ) ;
#3429 = PLANE ( 'NONE',  #6547 ) ;
#3430 = CARTESIAN_POINT ( 'NONE',  ( 0.2500000000000006661, 0.2000000000000000111, 2.100000000000000533 ) ) ;
#3431 = STYLED_ITEM ( 'NONE', ( #354 ), #8924 ) ;
#3432 = DIRECTION ( 'NONE',  ( -0.000000000000000000, 0.000000000000000000, 1.000000000000000000 ) ) ;
#3434 = ORIENTED_EDGE ( 'NONE', *, *, #4416, .F. ) ;
#3433 = CARTESIAN_POINT ( 'NONE',  ( 2.500000000000000888, 0.000000000000000000, -0.8749999999999996669 ) ) ;
#3435 = DIRECTION ( 'NONE',  ( 7.885106708985472271E-16, 0.000000000000000000, 1.000000000000000000 ) ) ;
#3436 = ORIENTED_EDGE ( 'NONE', *, *, #7159, .T. ) ;
#3437 = VERTEX_POINT ( 'NONE', #10178 ) ;
#3438 = CARTESIAN_POINT ( 'NONE',  ( -0.2499999999999993616, 0.2000000000000000111, 2.225000000000000977 ) ) ;
#3439 = VERTEX_POINT ( 'NONE', #3645 ) ;
#3440 = EDGE_CURVE ( 'NONE', #9850, #6354, #6866, .T. ) ;
#3441 = LINE ( 'NONE', #6876, #10695 ) ;
#3442 = ADVANCED_FACE ( 'NONE', ( #2591 ), #10395, .T. ) ;
#3443 = PLANE ( 'NONE',  #5709 ) ;
#3444 = DIRECTION ( 'NONE',  ( 0.000000000000000000, -0.000000000000000000, 1.000000000000000000 ) ) ;
#3445 = VERTEX_POINT ( 'NONE', #8571 ) ;
#3446 = EDGE_LOOP ( 'NONE', ( #495, #5654, #9318, #2625 ) ) ;
#3447 = DIRECTION ( 'NONE',  ( 0.000000000000000000, 0.000000000000000000, -1.000000000000000000 ) ) ;
#3448 = FACE_OUTER_BOUND ( 'NONE', #10060, .T. ) ;
#3449 = LINE ( 'NONE', #10147, #4200 ) ;
#3450 = CARTESIAN_POINT ( 'NONE',  ( 1.750000000000000666, 0.2000000000000000111, 2.225000000000000977 ) ) ;
#3451 = AXIS2_PLACEMENT_3D ( 'NONE', #4505, #7723, #9387 ) ;
#3452 = FACE_OUTER_BOUND ( 'NONE', #4805, .T. ) ;
#3453 = VERTEX_POINT ( 'NONE', #6349 ) ;
#3454 = VERTEX_POINT ( 'NONE', #7035 ) ;
#3455 = ORIENTED_EDGE ( 'NONE', *, *, #3677, .F. ) ;
#3456 = ADVANCED_FACE ( 'NONE', ( #6133 ), #1877, .F. ) ;
#3457 = CYLINDRICAL_SURFACE ( 'NONE', #7394, 0.1250000000000001110 ) ;
#3458 = CIRCLE ( 'NONE', #2750, 0.1250000000000001110 ) ;
#3459 = LINE ( 'NONE', #8604, #8785 ) ;
#3460 = EDGE_CURVE ( 'NONE', #2334, #7010, #206, .T. ) ;
#3461 = DIRECTION ( 'NONE',  ( 0.000000000000000000, 0.000000000000000000, -1.000000000000000000 ) ) ;
#3462 = CARTESIAN_POINT ( 'NONE',  ( -2.225000000000000533, 0.05000000000000002359, 1.624999999999999778 ) ) ;
#3463 = LINE ( 'NONE', #3633, #1959 ) ;
#3464 = ORIENTED_EDGE ( 'NONE', *, *, #9664, .F. ) ;
#3465 = ORIENTED_EDGE ( 'NONE', *, *, #2592, .F. ) ;
#3466 = VERTEX_POINT ( 'NONE', #2700 ) ;
#3467 = CARTESIAN_POINT ( 'NONE',  ( -1.749999999999999334, 0.2000000000000000111, -2.225000000000000977 ) ) ;
#3468 = EDGE_CURVE ( 'NONE', #6783, #3110, #8989, .T. ) ;
#3469 = CARTESIAN_POINT ( 'NONE',  ( 0.7500000000000006661, 0.04999999999999999584, 2.100000000000000533 ) ) ;
#3471 = EDGE_LOOP ( 'NONE', ( #4843, #8222, #8292, #7078 ) ) ;
#3470 = DIRECTION ( 'NONE',  ( 0.000000000000000000, -1.000000000000000000, 0.000000000000000000 ) ) ;
#3472 = AXIS2_PLACEMENT_3D ( 'NONE', #5755, #9136, #1546 ) ;
#3473 = DIRECTION ( 'NONE',  ( 1.000000000000000000, 0.000000000000000000, 0.000000000000000000 ) ) ;
#3474 = DIRECTION ( 'NONE',  ( -1.000000000000000000, 0.000000000000000000, 0.000000000000000000 ) ) ;
#3475 = AXIS2_PLACEMENT_3D ( 'NONE', #5591, #1376, #7208 ) ;
#3476 = CIRCLE ( 'NONE', #1894, 0.1250000000000000000 ) ;
#3477 = ADVANCED_FACE ( 'NONE', ( #1765 ), #10238, .F. ) ;
#3478 = CARTESIAN_POINT ( 'NONE',  ( 2.500000000000000888, 0.6716990566028309129, -1.874999999999999778 ) ) ;
#3479 = CARTESIAN_POINT ( 'NONE',  ( 2.225000000000000533, 0.1999999999999999833, 1.625000000000000222 ) ) ;
#3480 = VECTOR ( 'NONE', #9447, 1000.000000000000000 ) ;
#3481 = LINE ( 'NONE', #10341, #4556 ) ;
#3483 = VERTEX_POINT ( 'NONE', #8517 ) ;
#3482 = DIRECTION ( 'NONE',  ( 0.000000000000000000, 1.000000000000000000, -0.000000000000000000 ) ) ;
#3484 = CARTESIAN_POINT ( 'NONE',  ( 1.875000000000001554, 0.000000000000000000, 2.500000000000000444 ) ) ;
#3485 = VERTEX_POINT ( 'NONE', #7860 ) ;
#3486 = ORIENTED_EDGE ( 'NONE', *, *, #5449, .F. ) ;
#3487 = CARTESIAN_POINT ( 'NONE',  ( -2.500000000000000888, 0.000000000000000000, -1.625000000000000000 ) ) ;
#3488 = ORIENTED_EDGE ( 'NONE', *, *, #1669, .F. ) ;
#3489 = CIRCLE ( 'NONE', #4198, 0.1999999999999990119 ) ;
#3490 = SURFACE_STYLE_USAGE ( .BOTH. , #719 ) ;
#3491 = VECTOR ( 'NONE', #6504, 1000.000000000000000 ) ;
#3492 = CARTESIAN_POINT ( 'NONE',  ( -0.7499999999999993339, 0.04999999999999999584, 2.100000000000000533 ) ) ;
#3493 = VECTOR ( 'NONE', #1903, 1000.000000000000000 ) ;
#3494 = VECTOR ( 'NONE', #787, 1000.000000000000000 ) ;
#3495 = EDGE_CURVE ( 'NONE', #2767, #2196, #8884, .T. ) ;
#3496 = VECTOR ( 'NONE', #9413, 1000.000000000000000 ) ;
#3497 = AXIS2_PLACEMENT_3D ( 'NONE', #5049, #5999, #4992 ) ;
#3498 = DIRECTION ( 'NONE',  ( -1.000000000000000000, 0.000000000000000000, 0.000000000000000000 ) ) ;
#3499 = VERTEX_POINT ( 'NONE', #1299 ) ;
#3500 = ORIENTED_EDGE ( 'NONE', *, *, #1806, .T. ) ;
#3501 = UNCERTAINTY_MEASURE_WITH_UNIT (LENGTH_MEASURE( 1.000000000000000082E-05 ), #3575, 'distance_accuracy_value', 'NONE');
#3502 = LINE ( 'NONE', #6882, #6940 ) ;
#3503 = LINE ( 'NONE', #9174, #10175 ) ;
#3504 = VECTOR ( 'NONE', #1924, 1000.000000000000000 ) ;
#3505 = DIRECTION ( 'NONE',  ( 0.000000000000000000, 1.000000000000000000, 0.000000000000000000 ) ) ;
#3506 = DIRECTION ( 'NONE',  ( 0.000000000000000000, 0.000000000000000000, 1.000000000000000000 ) ) ;
#3507 = AXIS2_PLACEMENT_3D ( 'NONE', #7281, #1439, #4051 ) ;
#3508 = CARTESIAN_POINT ( 'NONE',  ( 0.6250000000000007772, 0.2000000000000000111, -2.500000000000000444 ) ) ;
#3509 = LINE ( 'NONE', #7668, #3845 ) ;
#3510 = VERTEX_POINT ( 'NONE', #98 ) ;
#3511 = EDGE_LOOP ( 'NONE', ( #2405, #4502, #6401, #6170 ) ) ;
#3512 = DIRECTION ( 'NONE',  ( 0.000000000000000000, -0.000000000000000000, 1.000000000000000000 ) ) ;
#3513 = SURFACE_STYLE_FILL_AREA ( #851 ) ;
#3514 = EDGE_LOOP ( 'NONE', ( #10232, #1391, #8283, #8184 ) ) ;
#3515 = CARTESIAN_POINT ( 'NONE',  ( -2.500000000000000888, 0.04999999999999969746, 0.1250000000000003331 ) ) ;
#3516 = CARTESIAN_POINT ( 'NONE',  ( 0.3750000000000007772, 0.2000000000000000111, 2.225000000000000977 ) ) ;
#3517 = DIRECTION ( 'NONE',  ( 1.000000000000000000, 0.000000000000000000, -7.885106708985472271E-16 ) ) ;
#3518 = CARTESIAN_POINT ( 'NONE',  ( 2.225000000000000533, 0.000000000000000000, -0.8750000000000003331 ) ) ;
#3519 = CARTESIAN_POINT ( 'NONE',  ( 2.225000000000000533, 0.6716990566028309129, -1.875000000000000000 ) ) ;
#3520 = EDGE_CURVE ( 'NONE', #2664, #4184, #1822, .T. ) ;
#3521 = EDGE_CURVE ( 'NONE', #7258, #9389, #259, .T. ) ;
#3522 = PLANE ( 'NONE',  #5489 ) ;
#3523 = ORIENTED_EDGE ( 'NONE', *, *, #7826, .F. ) ;
#3524 = ORIENTED_EDGE ( 'NONE', *, *, #5902, .T. ) ;
#3526 = ORIENTED_EDGE ( 'NONE', *, *, #4291, .T. ) ;
#3525 =( LENGTH_UNIT ( ) NAMED_UNIT ( * ) SI_UNIT ( .MILLI., .METRE. ) );
#3527 = PLANE ( 'NONE',  #9135 ) ;
#3528 = PLANE ( 'NONE',  #1820 ) ;
#3530 = ORIENTED_EDGE ( 'NONE', *, *, #4770, .F. ) ;
#3529 = DIRECTION ( 'NONE',  ( 0.000000000000000000, 0.000000000000000000, 1.000000000000000000 ) ) ;
#3531 = LINE ( 'NONE', #7086, #3828 ) ;
#3532 = CARTESIAN_POINT ( 'NONE',  ( 1.625000000000001332, 0.2000000000000000111, 2.500000000000001332 ) ) ;
#3533 = EDGE_CURVE ( 'NONE', #4209, #2524, #466, .T. ) ;
#3534 = EDGE_CURVE ( 'NONE', #10411, #7261, #4362, .T. ) ;
#3535 = LINE ( 'NONE', #6972, #7775 ) ;
#3536 = DIRECTION ( 'NONE',  ( 0.000000000000000000, 0.000000000000000000, 1.000000000000000000 ) ) ;
#3538 = AXIS2_PLACEMENT_3D ( 'NONE', #6248, #5478, #9629 ) ;
#3537 = DIRECTION ( 'NONE',  ( 0.000000000000000000, -1.000000000000000000, 0.000000000000000000 ) ) ;
#3540 = ORIENTED_EDGE ( 'NONE', *, *, #8533, .T. ) ;
#3539 = DIRECTION ( 'NONE',  ( 0.000000000000000000, -1.000000000000000000, 0.000000000000000000 ) ) ;
#3541 = DIRECTION ( 'NONE',  ( -0.000000000000000000, -1.000000000000000000, -0.000000000000000000 ) ) ;
#3542 = ORIENTED_EDGE ( 'NONE', *, *, #1046, .T. ) ;
#3543 = ORIENTED_EDGE ( 'NONE', *, *, #9627, .F. ) ;
#3544 = DIRECTION ( 'NONE',  ( 0.000000000000000000, -0.000000000000000000, 1.000000000000000000 ) ) ;
#3545 = ORIENTED_EDGE ( 'NONE', *, *, #6503, .F. ) ;
#3546 = DIRECTION ( 'NONE',  ( -1.000000000000000000, 0.000000000000000000, 0.000000000000000000 ) ) ;
#3547 = PRESENTATION_STYLE_ASSIGNMENT (( #7707 ) ) ;
#3548 = VECTOR ( 'NONE', #5177, 1000.000000000000000 ) ;
#3549 = DIRECTION ( 'NONE',  ( -0.000000000000000000, -1.000000000000000000, -0.000000000000000000 ) ) ;
#3550 = ORIENTED_EDGE ( 'NONE', *, *, #7264, .F. ) ;
#3551 = ORIENTED_EDGE ( 'NONE', *, *, #6410, .F. ) ;
#3552 = FACE_OUTER_BOUND ( 'NONE', #4590, .T. ) ;
#3553 = FILL_AREA_STYLE_COLOUR ( '', #5036 ) ;
#3554 = AXIS2_PLACEMENT_3D ( 'NONE', #5982, #9968, #1660 ) ;
#3555 = CARTESIAN_POINT ( 'NONE',  ( -1.050000000000000044, 0.05000000000000100198, 1.049999999999999822 ) ) ;
#3556 = EDGE_CURVE ( 'NONE', #10469, #2834, #3328, .T. ) ;
#3557 = EDGE_CURVE ( 'NONE', #9565, #9140, #4417, .T. ) ;
#3558 = CARTESIAN_POINT ( 'NONE',  ( -1.749999999999999334, 0.2000000000000000111, -2.225000000000000977 ) ) ;
#3559 = CARTESIAN_POINT ( 'NONE',  ( 0.8750000000000007772, 0.000000000000000000, -2.225000000000000977 ) ) ;
#3560 = DIRECTION ( 'NONE',  ( 0.000000000000000000, 0.000000000000000000, -1.000000000000000000 ) ) ;
#3561 = ORIENTED_EDGE ( 'NONE', *, *, #10752, .T. ) ;
#3562 = ORIENTED_EDGE ( 'NONE', *, *, #6888, .F. ) ;
#3563 = DIRECTION ( 'NONE',  ( 1.000000000000000000, 0.000000000000000000, -0.000000000000000000 ) ) ;
#3564 = DIRECTION ( 'NONE',  ( 0.000000000000000000, 0.000000000000000000, -1.000000000000000000 ) ) ;
#3565 = EDGE_LOOP ( 'NONE', ( #8049, #4712, #3650, #1549, #8778 ) ) ;
#3566 = FILL_AREA_STYLE ('',( #3786 ) ) ;
#3567 = FACE_OUTER_BOUND ( 'NONE', #400, .T. ) ;
#3568 = DIRECTION ( 'NONE',  ( 1.000000000000000000, 0.000000000000000000, 7.885106708985472271E-16 ) ) ;
#3569 = LINE ( 'NONE', #135, #9436 ) ;
#3570 = CARTESIAN_POINT ( 'NONE',  ( 0.6250000000000005551, 0.2000000000000000111, -2.225000000000000977 ) ) ;
#3571 = DIRECTION ( 'NONE',  ( 1.000000000000000000, 0.000000000000000000, -0.000000000000000000 ) ) ;
#3572 = VERTEX_POINT ( 'NONE', #9466 ) ;
#3573 = ORIENTED_EDGE ( 'NONE', *, *, #3140, .T. ) ;
#3574 = VECTOR ( 'NONE', #3928, 1000.000000000000000 ) ;
#3576 = ORIENTED_EDGE ( 'NONE', *, *, #4847, .T. ) ;
#3575 =( LENGTH_UNIT ( ) NAMED_UNIT ( * ) SI_UNIT ( .MILLI., .METRE. ) );
#3577 = CARTESIAN_POINT ( 'NONE',  ( -2.225000000000000533, 0.1999999999999999833, 0.7499999999999997780 ) ) ;
#3579 = ORIENTED_EDGE ( 'NONE', *, *, #8369, .F. ) ;
#3578 = FACE_OUTER_BOUND ( 'NONE', #49, .T. ) ;
#3580 = FACE_OUTER_BOUND ( 'NONE', #7646, .T. ) ;
#3581 = CARTESIAN_POINT ( 'NONE',  ( 2.225000000000000533, 0.000000000000000000, 1.875000000000000222 ) ) ;
#3582 = VECTOR ( 'NONE', #6986, 1000.000000000000000 ) ;
#3583 = AXIS2_PLACEMENT_3D ( 'NONE', #1319, #3651, #9795 ) ;
#3584 = LINE ( 'NONE', #4474, #5685 ) ;
#3585 = CARTESIAN_POINT ( 'NONE',  ( 2.500000000000000888, 0.1999999999999999833, 0.8750000000000001110 ) ) ;
#3586 = EDGE_CURVE ( 'NONE', #8221, #10183, #7807, .T. ) ;
#3587 = DIRECTION ( 'NONE',  ( 0.000000000000000000, -1.000000000000000000, 0.000000000000000000 ) ) ;
#3589 = ORIENTED_EDGE ( 'NONE', *, *, #2234, .F. ) ;
#3588 = CARTESIAN_POINT ( 'NONE',  ( -2.225000000000000533, 0.6716990566028309129, -0.1249999999999998890 ) ) ;
#3590 = DIRECTION ( 'NONE',  ( -0.000000000000000000, -1.000000000000000000, -0.000000000000000000 ) ) ;
#3591 = ORIENTED_EDGE ( 'NONE', *, *, #342, .T. ) ;
#3592 = ORIENTED_EDGE ( 'NONE', *, *, #1255, .T. ) ;
#3593 = CARTESIAN_POINT ( 'NONE',  ( -0.1249999999999985983, 0.000000000000000000, 2.500000000000000444 ) ) ;
#3594 = VECTOR ( 'NONE', #10647, 1000.000000000000000 ) ;
#3595 = ORIENTED_EDGE ( 'NONE', *, *, #7454, .T. ) ;
#3596 = FACE_OUTER_BOUND ( 'NONE', #7416, .T. ) ;
#3597 = COLOUR_RGB ( '',0.2509803921568627416, 0.2509803921568627416, 0.2509803921568627416 ) ;
#3598 = DIRECTION ( 'NONE',  ( 0.000000000000000000, -0.000000000000000000, 1.000000000000000000 ) ) ;
#3599 = EDGE_CURVE ( 'NONE', #9550, #2513, #10340, .T. ) ;
#3600 = ADVANCED_FACE ( 'NONE', ( #1937 ), #627, .F. ) ;
#3601 = EDGE_CURVE ( 'NONE', #1043, #1626, #5784, .T. ) ;
#3602 = CIRCLE ( 'NONE', #5729, 0.1250000000000000000 ) ;
#3603 = PRESENTATION_LAYER_ASSIGNMENT (  '', '', ( #8379 ) ) ;
#3604 = ORIENTED_EDGE ( 'NONE', *, *, #3263, .F. ) ;
#3605 = CARTESIAN_POINT ( 'NONE',  ( 2.500000000000000888, 0.6716990566028309129, 1.375000000000000222 ) ) ;
#3606 = DIRECTION ( 'NONE',  ( -7.885106708985472271E-16, 0.000000000000000000, 1.000000000000000000 ) ) ;
#3607 = VERTEX_POINT ( 'NONE', #9775 ) ;
#3608 = ORIENTED_EDGE ( 'NONE', *, *, #1019, .T. ) ;
#3609 = DIRECTION ( 'NONE',  ( 0.000000000000000000, -1.000000000000000000, 0.000000000000000000 ) ) ;
#3610 = ORIENTED_EDGE ( 'NONE', *, *, #1952, .F. ) ;
#3611 = FILL_AREA_STYLE ('',( #7109 ) ) ;
#3612 =( GEOMETRIC_REPRESENTATION_CONTEXT ( 3 ) GLOBAL_UNCERTAINTY_ASSIGNED_CONTEXT ( ( #8374 ) ) GLOBAL_UNIT_ASSIGNED_CONTEXT ( ( #10489, #5415, #7080 ) ) REPRESENTATION_CONTEXT ( 'NONE', 'WORKASPACE' ) );
#3613 = CARTESIAN_POINT ( 'NONE',  ( 2.500000000000000888, 0.04999999999999969746, -1.625000000000000000 ) ) ;
#3614 = EDGE_CURVE ( 'NONE', #2451, #2441, #5568, .T. ) ;
#3615 = DIRECTION ( 'NONE',  ( 0.000000000000000000, -0.000000000000000000, -1.000000000000000000 ) ) ;
#3616 = CARTESIAN_POINT ( 'NONE',  ( 1.750000000000000666, 0.2000000000000000111, -2.225000000000000977 ) ) ;
#3617 = AXIS2_PLACEMENT_3D ( 'NONE', #9768, #10473, #2907 ) ;
#3618 = EDGE_CURVE ( 'NONE', #4615, #10385, #8112, .T. ) ;
#3619 = PLANE ( 'NONE',  #5610 ) ;
#3620 = VERTEX_POINT ( 'NONE', #2242 ) ;
#3621 = EDGE_LOOP ( 'NONE', ( #3331, #2838, #7904, #10141, #4373 ) ) ;
#3622 = CYLINDRICAL_SURFACE ( 'NONE', #8581, 0.1250000000000000000 ) ;
#3623 = CARTESIAN_POINT ( 'NONE',  ( -2.225000000000000533, 0.6716990566028309129, 0.8750000000000001110 ) ) ;
#3624 = VERTEX_POINT ( 'NONE', #7242 ) ;
#3625 =( NAMED_UNIT ( * ) SI_UNIT ( $, .STERADIAN. ) SOLID_ANGLE_UNIT ( ) );
#3626 = DIRECTION ( 'NONE',  ( 0.000000000000000000, 0.000000000000000000, -1.000000000000000000 ) ) ;
#3627 = LINE ( 'NONE', #3688, #3480 ) ;
#3628 = CARTESIAN_POINT ( 'NONE',  ( 2.225000000000000533, 0.6716990566028309129, 1.125000000000000222 ) ) ;
#3629 = AXIS2_PLACEMENT_3D ( 'NONE', #2313, #9789, #10817 ) ;
#3630 = CARTESIAN_POINT ( 'NONE',  ( -2.500000000000000888, 0.6716990566028309129, 0.8750000000000001110 ) ) ;
#3631 = EDGE_CURVE ( 'NONE', #5444, #18, #5730, .T. ) ;
#3632 = EDGE_CURVE ( 'NONE', #3354, #5388, #1202, .T. ) ;
#3633 = CARTESIAN_POINT ( 'NONE',  ( 2.956915015869565167E-16, 0.05000000000000000278, -0.3750000000000016098 ) ) ;
#3634 = ORIENTED_EDGE ( 'NONE', *, *, #8327, .F. ) ;
#3635 = ORIENTED_EDGE ( 'NONE', *, *, #10192, .F. ) ;
#3637 = EDGE_LOOP ( 'NONE', ( #6311, #5100, #9708, #7994 ) ) ;
#3636 = FACE_OUTER_BOUND ( 'NONE', #5518, .T. ) ;
#3638 = FACE_OUTER_BOUND ( 'NONE', #2945, .T. ) ;
#3639 = DIRECTION ( 'NONE',  ( -1.734723475976807587E-16, 0.000000000000000000, -1.000000000000000000 ) ) ;
#3640 = DIRECTION ( 'NONE',  ( -2.365532012695642273E-15, 0.000000000000000000, -1.000000000000000000 ) ) ;
#3641 = DIRECTION ( 'NONE',  ( -0.000000000000000000, -1.000000000000000000, -0.000000000000000000 ) ) ;
#3642 = AXIS2_PLACEMENT_3D ( 'NONE', #2772, #8693, #9855 ) ;
#3643 = ADVANCED_FACE ( 'NONE', ( #8941, #522 ), #3019, .F. ) ;
#3644 = DIRECTION ( 'NONE',  ( 0.000000000000000000, -0.000000000000000000, -1.000000000000000000 ) ) ;
#3645 = CARTESIAN_POINT ( 'NONE',  ( 0.1250000000000007494, 0.2000000000000000111, 2.225000000000000977 ) ) ;
#3646 = CARTESIAN_POINT ( 'NONE',  ( 0.7500000000000006661, 0.04999999999999999584, 2.225000000000000977 ) ) ;
#3647 = VERTEX_POINT ( 'NONE', #731 ) ;
#3648 = CARTESIAN_POINT ( 'NONE',  ( 2.500000000000000000, 0.05000000000000000278, -2.500000000000000444 ) ) ;
#3649 = VERTEX_POINT ( 'NONE', #4784 ) ;
#3650 = ORIENTED_EDGE ( 'NONE', *, *, #10223, .F. ) ;
#3651 = DIRECTION ( 'NONE',  ( -0.000000000000000000, -1.000000000000000000, -0.000000000000000000 ) ) ;
#3652 = ORIENTED_EDGE ( 'NONE', *, *, #7397, .F. ) ;
#3653 = VECTOR ( 'NONE', #5809, 1000.000000000000000 ) ;
#3654 = CARTESIAN_POINT ( 'NONE',  ( 2.500000000000000000, 0.2000000000000005107, -0.3749999999999998890 ) ) ;
#3655 = CARTESIAN_POINT ( 'NONE',  ( 8.870745047608643239E-16, 0.05000000000000000278, 1.124999999999998446 ) ) ;
#3656 = STYLED_ITEM ( 'NONE', ( #10492 ), #5205 ) ;
#3657 = AXIS2_PLACEMENT_3D ( 'NONE', #7677, #243, #1919 ) ;
#3658 = EDGE_CURVE ( 'NONE', #4132, #3151, #4734, .T. ) ;
#3659 = ORIENTED_EDGE ( 'NONE', *, *, #2237, .T. ) ;
#3660 = EDGE_CURVE ( 'NONE', #3812, #9171, #2348, .T. ) ;
#3661 = VECTOR ( 'NONE', #2337, 1000.000000000000000 ) ;
#3662 = PLANE ( 'NONE',  #4783 ) ;
#3663 = EDGE_CURVE ( 'NONE', #3466, #6269, #9109, .T. ) ;
#3664 = VECTOR ( 'NONE', #9782, 1000.000000000000000 ) ;
#3665 = PLANE ( 'NONE',  #6321 ) ;
#3666 = ORIENTED_EDGE ( 'NONE', *, *, #7240, .F. ) ;
#3667 = ORIENTED_EDGE ( 'NONE', *, *, #4609, .T. ) ;
#3668 = CARTESIAN_POINT ( 'NONE',  ( -1.749999999999999334, 0.2000000000000000111, -2.225000000000000977 ) ) ;
#3669 = VERTEX_POINT ( 'NONE', #9168 ) ;
#3670 = FILL_AREA_STYLE_COLOUR ( '', #6103 ) ;
#3671 = PLANE ( 'NONE',  #2716 ) ;
#3672 = VECTOR ( 'NONE', #4108, 1000.000000000000000 ) ;
#3673 = VECTOR ( 'NONE', #4309, 1000.000000000000000 ) ;
#3674 = CARTESIAN_POINT ( 'NONE',  ( 2.225000000000000533, 0.1999999999999999833, 1.124999999999999778 ) ) ;
#3675 = CIRCLE ( 'NONE', #2079, 0.1999999999999990119 ) ;
#3676 = VECTOR ( 'NONE', #2133, 1000.000000000000000 ) ;
#3677 = EDGE_CURVE ( 'NONE', #2129, #10112, #5628, .T. ) ;
#3678 = AXIS2_PLACEMENT_3D ( 'NONE', #7970, #3703, #7146 ) ;
#3679 = LINE ( 'NONE', #5398, #1379 ) ;
#3680 = ORIENTED_EDGE ( 'NONE', *, *, #3278, .T. ) ;
#3681 = ORIENTED_EDGE ( 'NONE', *, *, #5813, .F. ) ;
#3682 = DIRECTION ( 'NONE',  ( -0.000000000000000000, -1.000000000000000000, -0.000000000000000000 ) ) ;
#3683 = DIRECTION ( 'NONE',  ( -1.000000000000000000, 0.000000000000000000, 0.000000000000000000 ) ) ;
#3684 = AXIS2_PLACEMENT_3D ( 'NONE', #4942, #10798, #9828 ) ;
#3685 = VERTEX_POINT ( 'NONE', #7449 ) ;
#3686 = DIRECTION ( 'NONE',  ( 0.000000000000000000, 0.000000000000000000, 1.000000000000000000 ) ) ;
#3687 = DIRECTION ( 'NONE',  ( -0.000000000000000000, -1.000000000000000000, -0.000000000000000000 ) ) ;
#3688 = CARTESIAN_POINT ( 'NONE',  ( -0.1249999999999985983, 0.000000000000000000, 2.500000000000000444 ) ) ;
#3689 = CARTESIAN_POINT ( 'NONE',  ( -0.3749999999999992228, 0.2000000000000000111, 2.225000000000000977 ) ) ;
#3690 = LINE ( 'NONE', #2808, #7050 ) ;
#3691 = VECTOR ( 'NONE', #9100, 1000.000000000000000 ) ;
#3692 = FACE_OUTER_BOUND ( 'NONE', #5906, .T. ) ;
#3693 = VERTEX_POINT ( 'NONE', #9885 ) ;
#3694 = ORIENTED_EDGE ( 'NONE', *, *, #3870, .F. ) ;
#3696 = EDGE_LOOP ( 'NONE', ( #3344, #4697, #5067, #1800 ) ) ;
#3695 = DIRECTION ( 'NONE',  ( -3.469446951953614583E-15, 0.000000000000000000, -1.000000000000000000 ) ) ;
#3697 = FILL_AREA_STYLE_COLOUR ( '', #1457 ) ;
#3698 = CARTESIAN_POINT ( 'NONE',  ( -2.225000000000000533, 0.1999999999999999833, 1.249999999999999778 ) ) ;
#3699 = DIRECTION ( 'NONE',  ( 0.000000000000000000, 1.000000000000000000, -0.000000000000000000 ) ) ;
#3700 = CARTESIAN_POINT ( 'NONE',  ( 1.250000000000000666, 0.000000000000000000, 2.225000000000000977 ) ) ;
#3701 = ADVANCED_FACE ( 'NONE', ( #2193 ), #6511, .T. ) ;
#3702 = CARTESIAN_POINT ( 'NONE',  ( 1.250000000000000666, 0.04999999999999999584, 2.100000000000000533 ) ) ;
#3703 = DIRECTION ( 'NONE',  ( 0.000000000000000000, -1.000000000000000000, 0.000000000000000000 ) ) ;
#3704 = ORIENTED_EDGE ( 'NONE', *, *, #2495, .T. ) ;
#3705 = CARTESIAN_POINT ( 'NONE',  ( -1.624999999999999334, 0.1999999999999999833, -2.500000000000000444 ) ) ;
#3706 = ORIENTED_EDGE ( 'NONE', *, *, #682, .T. ) ;
#3707 = ORIENTED_EDGE ( 'NONE', *, *, #9981, .F. ) ;
#3708 = DIRECTION ( 'NONE',  ( 0.000000000000000000, 1.000000000000000000, 0.000000000000000000 ) ) ;
#3709 = ORIENTED_EDGE ( 'NONE', *, *, #9373, .F. ) ;
#3710 = LINE ( 'NONE', #385, #2058 ) ;
#3711 = CARTESIAN_POINT ( 'NONE',  ( -2.225000000000000533, 0.6716990566028309129, 1.125000000000000222 ) ) ;
#3712 = VERTEX_POINT ( 'NONE', #8328 ) ;
#3713 = DIRECTION ( 'NONE',  ( -0.000000000000000000, -1.000000000000000000, -0.000000000000000000 ) ) ;
#3714 = FACE_OUTER_BOUND ( 'NONE', #4826, .T. ) ;
#3715 = ORIENTED_EDGE ( 'NONE', *, *, #883, .F. ) ;
#3716 = ORIENTED_EDGE ( 'NONE', *, *, #4656, .F. ) ;
#3717 = LINE ( 'NONE', #9809, #5699 ) ;
#3718 = ORIENTED_EDGE ( 'NONE', *, *, #4279, .T. ) ;
#3719 =( NAMED_UNIT ( * ) PLANE_ANGLE_UNIT ( ) SI_UNIT ( $, .RADIAN. ) );
#3720 = DIRECTION ( 'NONE',  ( 1.000000000000000000, 0.000000000000000000, -0.000000000000000000 ) ) ;
#3721 = AXIS2_PLACEMENT_3D ( 'NONE', #6738, #6576, #3964 ) ;
#3722 = DIRECTION ( 'NONE',  ( 0.000000000000000000, 0.000000000000000000, 1.000000000000000000 ) ) ;
#3723 = VECTOR ( 'NONE', #4401, 1000.000000000000000 ) ;
#3724 = CYLINDRICAL_SURFACE ( 'NONE', #9500, 0.1250000000000001110 ) ;
#3725 = ORIENTED_EDGE ( 'NONE', *, *, #8883, .T. ) ;
#3726 = ORIENTED_EDGE ( 'NONE', *, *, #1186, .T. ) ;
#3727 = LINE ( 'NONE', #1339, #6098 ) ;
#3728 = LINE ( 'NONE', #352, #3790 ) ;
#3729 = CARTESIAN_POINT ( 'NONE',  ( 1.750000000000000666, 0.2000000000000000111, -2.225000000000000977 ) ) ;
#3730 = FACE_OUTER_BOUND ( 'NONE', #7378, .T. ) ;
#3731 = DIRECTION ( 'NONE',  ( 0.000000000000000000, 1.000000000000000000, 0.000000000000000000 ) ) ;
#3732 = CARTESIAN_POINT ( 'NONE',  ( -2.000000000000000888, 1.000000000000000000, -1.800000000000001377 ) ) ;
#3733 = PLANE ( 'NONE',  #3428 ) ;
#3734 = EDGE_CURVE ( 'NONE', #3693, #5427, #7575, .T. ) ;
#3735 = ADVANCED_FACE ( 'NONE', ( #10636 ), #3076, .T. ) ;
#3736 = EDGE_CURVE ( 'NONE', #9038, #10840, #574, .T. ) ;
#3737 = CIRCLE ( 'NONE', #9923, 0.1250000000000001110 ) ;
#3738 = ADVANCED_FACE ( 'NONE', ( #3180 ), #6561, .T. ) ;
#3739 = CARTESIAN_POINT ( 'NONE',  ( 0.8750000000000007772, 0.2000000000000000111, 2.225000000000000977 ) ) ;
#3740 = DIRECTION ( 'NONE',  ( -0.000000000000000000, -1.000000000000000000, -0.000000000000000000 ) ) ;
#3741 = EDGE_LOOP ( 'NONE', ( #3291, #7742, #9072, #1244 ) ) ;
#3742 = ORIENTED_EDGE ( 'NONE', *, *, #1790, .F. ) ;
#3744 = ORIENTED_EDGE ( 'NONE', *, *, #4979, .F. ) ;
#3743 = PRESENTATION_STYLE_ASSIGNMENT (( #6403 ) ) ;
#3745 = FILL_AREA_STYLE ('',( #368 ) ) ;
#3746 = DIRECTION ( 'NONE',  ( -0.000000000000000000, -1.000000000000000000, -0.000000000000000000 ) ) ;
#3747 = PLANE ( 'NONE',  #8434 ) ;
#3748 = DIRECTION ( 'NONE',  ( 1.000000000000000000, -0.000000000000000000, 0.000000000000000000 ) ) ;
#3749 = LINE ( 'NONE', #6360, #5542 ) ;
#3750 = VECTOR ( 'NONE', #9202, 1000.000000000000000 ) ;
#3751 = FACE_OUTER_BOUND ( 'NONE', #10049, .T. ) ;
#3752 = EDGE_CURVE ( 'NONE', #10436, #5239, #1013, .T. ) ;
#3753 = CARTESIAN_POINT ( 'NONE',  ( -2.225000000000000533, 0.1999999999999999833, -0.2500000000000002220 ) ) ;
#3754 = ORIENTED_EDGE ( 'NONE', *, *, #3359, .T. ) ;
#3755 = CARTESIAN_POINT ( 'NONE',  ( -2.500000000000000888, 0.6716990566028309129, -0.1249999999999998890 ) ) ;
#3756 = ORIENTED_EDGE ( 'NONE', *, *, #8948, .F. ) ;
#3757 = EDGE_LOOP ( 'NONE', ( #1853, #8506, #1442, #1247 ) ) ;
#3758 = CARTESIAN_POINT ( 'NONE',  ( -0.8750000000000045519, 0.05000000000000000278, 2.069840511108697490E-15 ) ) ;
#3759 = CLOSED_SHELL ( 'NONE', ( #697, #9081, #8780, #9625, #3195, #1460 ) ) ;
#3760 = ORIENTED_EDGE ( 'NONE', *, *, #5304, .F. ) ;
#3761 = PLANE ( 'NONE',  #7718 ) ;
#3762 = FACE_OUTER_BOUND ( 'NONE', #10536, .T. ) ;
#3763 = CIRCLE ( 'NONE', #10297, 0.1250000000000001110 ) ;
#3764 = VECTOR ( 'NONE', #1029, 1000.000000000000000 ) ;
#3765 = CARTESIAN_POINT ( 'NONE',  ( -2.225000000000000533, 0.000000000000000000, -0.8750000000000003331 ) ) ;
#3766 = AXIS2_PLACEMENT_3D ( 'NONE', #8175, #3086, #6626 ) ;
#3767 = EDGE_CURVE ( 'NONE', #5427, #9114, #6674, .T. ) ;
#3768 = VECTOR ( 'NONE', #7248, 1000.000000000000000 ) ;
#3769 = CARTESIAN_POINT ( 'NONE',  ( -2.500000000000000888, 0.000000000000000000, -0.1249999999999998890 ) ) ;
#3770 = ADVANCED_FACE ( 'NONE', ( #10259 ), #4331, .F. ) ;
#3771 = LINE ( 'NONE', #9479, #4895 ) ;
#3772 = VERTEX_POINT ( 'NONE', #4166 ) ;
#3773 = ORIENTED_EDGE ( 'NONE', *, *, #5290, .F. ) ;
#3774 = PLANE ( 'NONE',  #27 ) ;
#3775 = ORIENTED_EDGE ( 'NONE', *, *, #10354, .F. ) ;
#3776 = SURFACE_STYLE_USAGE ( .BOTH. , #6217 ) ;
#3777 = CARTESIAN_POINT ( 'NONE',  ( -2.225000000000000533, 0.6716990566028309129, -1.750000000000000222 ) ) ;
#3778 = AXIS2_PLACEMENT_3D ( 'NONE', #3393, #228, #8538 ) ;
#3779 = VECTOR ( 'NONE', #2550, 1000.000000000000000 ) ;
#3780 = VECTOR ( 'NONE', #6579, 1000.000000000000000 ) ;
#3781 = DIRECTION ( 'NONE',  ( -2.365532012695641878E-15, 0.000000000000000000, -1.000000000000000000 ) ) ;
#3782 = EDGE_LOOP ( 'NONE', ( #4996, #8811, #10792, #4614 ) ) ;
#3783 = VERTEX_POINT ( 'NONE', #10046 ) ;
#3784 = CARTESIAN_POINT ( 'NONE',  ( -2.000000000000000888, 0.9000000000000000222, -2.199999999999999734 ) ) ;
#3785 = CARTESIAN_POINT ( 'NONE',  ( 0.8750000000000007772, 0.6716990566028311349, -2.500000000000000444 ) ) ;
#3786 = FILL_AREA_STYLE_COLOUR ( '', #10833 ) ;
#3787 = CARTESIAN_POINT ( 'NONE',  ( -0.8749999999999992228, 0.000000000000000000, -2.500000000000000444 ) ) ;
#3788 = DIRECTION ( 'NONE',  ( -1.000000000000000000, 0.000000000000000000, -1.032573497605242471E-16 ) ) ;
#3789 = DIRECTION ( 'NONE',  ( 0.000000000000000000, -0.000000000000000000, -1.000000000000000000 ) ) ;
#3790 = VECTOR ( 'NONE', #6341, 1000.000000000000000 ) ;
#3791 = CARTESIAN_POINT ( 'NONE',  ( 1.250000000000000666, 0.000000000000000000, -2.225000000000000977 ) ) ;
#3792 = ADVANCED_FACE ( 'NONE', ( #3452 ), #5161, .F. ) ;
#3793 = VERTEX_POINT ( 'NONE', #4113 ) ;
#3794 = ORIENTED_EDGE ( 'NONE', *, *, #949, .T. ) ;
#3796 = EDGE_LOOP ( 'NONE', ( #1743, #419, #331, #3523 ) ) ;
#3795 = LINE ( 'NONE', #6353, #1850 ) ;
#3797 = ADVANCED_FACE ( 'NONE', ( #7720 ), #3349, .F. ) ;
#3798 = FACE_OUTER_BOUND ( 'NONE', #3741, .T. ) ;
#3799 = DIRECTION ( 'NONE',  ( 1.000000000000000000, 0.000000000000000000, -0.000000000000000000 ) ) ;
#3800 = LINE ( 'NONE', #2979, #5437 ) ;
#3801 = LINE ( 'NONE', #7191, #7491 ) ;
#3802 = VECTOR ( 'NONE', #8179, 1000.000000000000000 ) ;
#3803 = DIRECTION ( 'NONE',  ( 0.000000000000000000, -1.000000000000000000, 0.000000000000000000 ) ) ;
#3804 = EDGE_CURVE ( 'NONE', #6542, #1076, #3509, .T. ) ;
#3805 = CARTESIAN_POINT ( 'NONE',  ( -2.500000000000000888, 0.1999999999999999833, -0.3749999999999996669 ) ) ;
#3807 = VERTEX_POINT ( 'NONE', #9270 ) ;
#3806 = DIRECTION ( 'NONE',  ( -1.000000000000000000, 0.000000000000000000, -7.885106708985472271E-16 ) ) ;
#3808 = CARTESIAN_POINT ( 'NONE',  ( -2.500000000000000888, 0.04999999999999969746, 1.625000000000000444 ) ) ;
#3809 = ORIENTED_EDGE ( 'NONE', *, *, #10752, .F. ) ;
#3810 = ORIENTED_EDGE ( 'NONE', *, *, #5156, .F. ) ;
#3811 = FACE_OUTER_BOUND ( 'NONE', #105, .T. ) ;
#3812 = VERTEX_POINT ( 'NONE', #9217 ) ;
#3813 = PLANE ( 'NONE',  #9138 ) ;
#3814 = FACE_OUTER_BOUND ( 'NONE', #6017, .T. ) ;
#3815 =( GEOMETRIC_REPRESENTATION_CONTEXT ( 3 ) GLOBAL_UNCERTAINTY_ASSIGNED_CONTEXT ( ( #4273 ) ) GLOBAL_UNIT_ASSIGNED_CONTEXT ( ( #6294, #5472, #2976 ) ) REPRESENTATION_CONTEXT ( 'NONE', 'WORKASPACE' ) );
#3816 = CARTESIAN_POINT ( 'NONE',  ( 1.625000000000000888, 0.000000000000000000, 2.225000000000000977 ) ) ;
#3817 =( GEOMETRIC_REPRESENTATION_CONTEXT ( 3 ) GLOBAL_UNCERTAINTY_ASSIGNED_CONTEXT ( ( #1733 ) ) GLOBAL_UNIT_ASSIGNED_CONTEXT ( ( #7488, #5032, #8420 ) ) REPRESENTATION_CONTEXT ( 'NONE', 'WORKASPACE' ) );
#3818 = ORIENTED_EDGE ( 'NONE', *, *, #2456, .F. ) ;
#3819 = LINE ( 'NONE', #9031, #4079 ) ;
#3820 = CARTESIAN_POINT ( 'NONE',  ( -0.6249999999999992228, 0.6716990566028311349, -2.500000000000000444 ) ) ;
#3821 = EDGE_LOOP ( 'NONE', ( #7941, #8853, #3416, #1320 ) ) ;
#3822 = ORIENTED_EDGE ( 'NONE', *, *, #4847, .F. ) ;
#3823 = LINE ( 'NONE', #2063, #2518 ) ;
#3824 = ORIENTED_EDGE ( 'NONE', *, *, #7872, .T. ) ;
#3825 = FACE_OUTER_BOUND ( 'NONE', #1977, .T. ) ;
#3826 = DIRECTION ( 'NONE',  ( -1.000000000000000000, 0.000000000000000000, 0.000000000000000000 ) ) ;
#3827 = EDGE_CURVE ( 'NONE', #7307, #8319, #847, .T. ) ;
#3828 = VECTOR ( 'NONE', #7855, 1000.000000000000000 ) ;
#3829 = VECTOR ( 'NONE', #10754, 1000.000000000000000 ) ;
#3830 = FACE_OUTER_BOUND ( 'NONE', #8133, .T. ) ;
#3831 = ORIENTED_EDGE ( 'NONE', *, *, #2174, .T. ) ;
#3832 = ORIENTED_EDGE ( 'NONE', *, *, #1310, .T. ) ;
#3833 = DIRECTION ( 'NONE',  ( 0.000000000000000000, 0.000000000000000000, -1.000000000000000000 ) ) ;
#3834 = VECTOR ( 'NONE', #1464, 1000.000000000000000 ) ;
#3835 = CIRCLE ( 'NONE', #5450, 0.1250000000000001110 ) ;
#3836 = FACE_OUTER_BOUND ( 'NONE', #5256, .T. ) ;
#3837 = CARTESIAN_POINT ( 'NONE',  ( 1.250000000000000666, 0.2000000000000000111, 2.225000000000000977 ) ) ;
#3838 = DIRECTION ( 'NONE',  ( 0.000000000000000000, -1.000000000000000000, 0.000000000000000000 ) ) ;
#3839 = VECTOR ( 'NONE', #5546, 1000.000000000000000 ) ;
#3840 = VECTOR ( 'NONE', #7896, 1000.000000000000000 ) ;
#3841 = CARTESIAN_POINT ( 'NONE',  ( -1.124999999999999334, 0.2000000000000000944, -2.500000000000000444 ) ) ;
#3842 = EDGE_CURVE ( 'NONE', #7384, #6584, #2458, .T. ) ;
#3843 = VECTOR ( 'NONE', #843, 1000.000000000000000 ) ;
#3844 = AXIS2_PLACEMENT_3D ( 'NONE', #980, #5024, #3376 ) ;
#3845 = VECTOR ( 'NONE', #8493, 1000.000000000000000 ) ;
#3846 = DIRECTION ( 'NONE',  ( 1.000000000000000000, -0.000000000000000000, -3.469446951953614189E-15 ) ) ;
#3847 = CARTESIAN_POINT ( 'NONE',  ( -1.374999999999998668, 0.2000000000000000111, 2.500000000000001332 ) ) ;
#3848 = VERTEX_POINT ( 'NONE', #4228 ) ;
#3849 = EDGE_LOOP ( 'NONE', ( #9750, #10315, #6082, #6730 ) ) ;
#3851 = ORIENTED_EDGE ( 'NONE', *, *, #4143, .T. ) ;
#3850 = CARTESIAN_POINT ( 'NONE',  ( 1.125000000000000888, 0.6716990566028311349, -2.500000000000000444 ) ) ;
#3852 = FILL_AREA_STYLE ('',( #8014 ) ) ;
#3853 = CARTESIAN_POINT ( 'NONE',  ( -0.1249999999999992506, 0.000000000000000000, -2.500000000000000444 ) ) ;
#3854 = LINE ( 'NONE', #8782, #7556 ) ;
#3855 = CARTESIAN_POINT ( 'NONE',  ( -1.749999999999999334, 0.000000000000000000, 2.225000000000000977 ) ) ;
#3856 = CARTESIAN_POINT ( 'NONE',  ( -0.1249999999999985983, 0.2000000000000000111, 2.500000000000000444 ) ) ;
#3857 = AXIS2_PLACEMENT_3D ( 'NONE', #1172, #10418, #5504 ) ;
#3858 = EDGE_CURVE ( 'NONE', #2596, #2554, #1623, .T. ) ;
#3859 = EDGE_CURVE ( 'NONE', #3807, #555, #5943, .T. ) ;
#3860 = DIRECTION ( 'NONE',  ( 0.000000000000000000, 0.000000000000000000, -1.000000000000000000 ) ) ;
#3861 = DIRECTION ( 'NONE',  ( 0.000000000000000000, 0.000000000000000000, 1.000000000000000000 ) ) ;
#3862 = ORIENTED_EDGE ( 'NONE', *, *, #7688, .T. ) ;
#3863 = DIRECTION ( 'NONE',  ( 2.365532012695649373E-15, 0.000000000000000000, 1.000000000000000000 ) ) ;
#3864 = ORIENTED_EDGE ( 'NONE', *, *, #7016, .F. ) ;
#3865 = ORIENTED_EDGE ( 'NONE', *, *, #5491, .F. ) ;
#3866 = CARTESIAN_POINT ( 'NONE',  ( -2.225000000000000533, 0.1999999999999999833, 0.6250000000000001110 ) ) ;
#3867 = VERTEX_POINT ( 'NONE', #2673 ) ;
#3868 = CARTESIAN_POINT ( 'NONE',  ( -1.124999999999999334, 0.000000000000000000, 2.225000000000000977 ) ) ;
#3869 = FACE_OUTER_BOUND ( 'NONE', #901, .T. ) ;
#3870 = EDGE_CURVE ( 'NONE', #2555, #10766, #2507, .T. ) ;
#3871 = EDGE_CURVE ( 'NONE', #1627, #2049, #8596, .T. ) ;
#3872 = AXIS2_PLACEMENT_3D ( 'NONE', #5701, #4967, #767 ) ;
#3873 = EDGE_CURVE ( 'NONE', #5285, #7324, #8383, .T. ) ;
#3874 = PLANE ( 'NONE',  #8101 ) ;
#3875 = ORIENTED_EDGE ( 'NONE', *, *, #4610, .F. ) ;
#3876 = DIRECTION ( 'NONE',  ( 1.000000000000000000, 0.000000000000000000, 0.000000000000000000 ) ) ;
#3877 = CARTESIAN_POINT ( 'NONE',  ( 2.225000000000000533, 0.05000000000000002359, -0.3750000000000003331 ) ) ;
#3878 = ORIENTED_EDGE ( 'NONE', *, *, #5454, .F. ) ;
#3879 = ORIENTED_EDGE ( 'NONE', *, *, #7788, .F. ) ;
#3880 = LINE ( 'NONE', #339, #9065 ) ;
#3881 = EDGE_LOOP ( 'NONE', ( #8494, #7537, #9401, #8009, #8147 ) ) ;
#3882 = FACE_OUTER_BOUND ( 'NONE', #3471, .T. ) ;
#3883 = CARTESIAN_POINT ( 'NONE',  ( 1.125000000000001332, 0.6716990566028311349, 2.500000000000001332 ) ) ;
#3884 = PLANE ( 'NONE',  #827 ) ;
#3885 = EDGE_CURVE ( 'NONE', #3184, #4754, #5248, .T. ) ;
#3886 = VERTEX_POINT ( 'NONE', #10149 ) ;
#3887 = EDGE_CURVE ( 'NONE', #5039, #10512, #1742, .T. ) ;
#3888 = ORIENTED_EDGE ( 'NONE', *, *, #7032, .F. ) ;
#3889 = CARTESIAN_POINT ( 'NONE',  ( -0.6249999999999992228, 0.2000000000000000111, -2.500000000000000444 ) ) ;
#3890 = VECTOR ( 'NONE', #5979, 1000.000000000000000 ) ;
#3891 = LINE ( 'NONE', #8106, #7168 ) ;
#3892 = DIRECTION ( 'NONE',  ( 0.000000000000000000, 0.000000000000000000, -1.000000000000000000 ) ) ;
#3893 = DIRECTION ( 'NONE',  ( -1.000000000000000000, 0.000000000000000000, 0.000000000000000000 ) ) ;
#3894 = CARTESIAN_POINT ( 'NONE',  ( -2.225000000000000533, 0.1999999999999999833, 0.1250000000000001110 ) ) ;
#3895 = SURFACE_STYLE_FILL_AREA ( #8111 ) ;
#3896 = AXIS2_PLACEMENT_3D ( 'NONE', #9538, #1893, #5890 ) ;
#3897 = CARTESIAN_POINT ( 'NONE',  ( -0.8749999999999994449, 0.6716990566028311349, -2.225000000000000977 ) ) ;
#3898 = CARTESIAN_POINT ( 'NONE',  ( -2.000000000000000888, 0.9000000000000000222, -2.200000000000000178 ) ) ;
#3899 = EDGE_LOOP ( 'NONE', ( #9766, #86, #9614, #10616, #2497 ) ) ;
#3900 = EDGE_LOOP ( 'NONE', ( #3309, #6271, #8714, #4434 ) ) ;
#3901 = ADVANCED_FACE ( 'NONE', ( #4281 ), #72, .T. ) ;
#3902 = ORIENTED_EDGE ( 'NONE', *, *, #5325, .T. ) ;
#3903 = EDGE_CURVE ( 'NONE', #3212, #3572, #8968, .T. ) ;
#3904 =( NAMED_UNIT ( * ) SI_UNIT ( $, .STERADIAN. ) SOLID_ANGLE_UNIT ( ) );
#3905 = DIRECTION ( 'NONE',  ( 0.000000000000000000, 0.000000000000000000, 1.000000000000000000 ) ) ;
#3906 = CARTESIAN_POINT ( 'NONE',  ( -0.6249999999999992228, 0.1999999999999999833, -2.500000000000000444 ) ) ;
#3907 = AXIS2_PLACEMENT_3D ( 'NONE', #8090, #3876, #5493 ) ;
#3908 = CARTESIAN_POINT ( 'NONE',  ( 2.225000000000000533, 0.000000000000000000, 0.1249999999999996808 ) ) ;
#3909 = FACE_OUTER_BOUND ( 'NONE', #1912, .T. ) ;
#3910 = DIRECTION ( 'NONE',  ( 0.000000000000000000, 0.000000000000000000, -1.000000000000000000 ) ) ;
#3912 = ORIENTED_EDGE ( 'NONE', *, *, #4489, .T. ) ;
#3911 = CARTESIAN_POINT ( 'NONE',  ( 0.3750000000000007772, 0.6716990566028311349, -2.500000000000000444 ) ) ;
#3913 = FACE_OUTER_BOUND ( 'NONE', #1576, .T. ) ;
#3914 = VERTEX_POINT ( 'NONE', #9713 ) ;
#3915 = ORIENTED_EDGE ( 'NONE', *, *, #10926, .T. ) ;
#3916 = CARTESIAN_POINT ( 'NONE',  ( -2.225000000000000533, 0.1999999999999999833, -0.6249999999999998890 ) ) ;
#3917 = VERTEX_POINT ( 'NONE', #6335 ) ;
#3918 = CARTESIAN_POINT ( 'NONE',  ( -0.3750000000000044964, 0.05000000000000000278, 8.870745047608762554E-16 ) ) ;
#3919 = DIRECTION ( 'NONE',  ( 0.000000000000000000, 0.000000000000000000, -1.000000000000000000 ) ) ;
#3920 = EDGE_CURVE ( 'NONE', #9565, #3235, #3679, .T. ) ;
#3921 = LINE ( 'NONE', #2941, #2965 ) ;
#3923 = ORIENTED_EDGE ( 'NONE', *, *, #10391, .T. ) ;
#3922 = CARTESIAN_POINT ( 'NONE',  ( 1.375000000000000888, 0.2000000000000000111, -2.500000000000000444 ) ) ;
#3924 = CARTESIAN_POINT ( 'NONE',  ( 2.225000000000000533, 0.6716990566028309129, -0.1249999999999998890 ) ) ;
#3926 = EDGE_LOOP ( 'NONE', ( #3985, #9581, #10289, #3500 ) ) ;
#3925 = ADVANCED_FACE ( 'NONE', ( #7170 ), #4391, .F. ) ;
#3927 = ORIENTED_EDGE ( 'NONE', *, *, #6792, .F. ) ;
#3928 = DIRECTION ( 'NONE',  ( -0.000000000000000000, -1.000000000000000000, -0.000000000000000000 ) ) ;
#3929 = VECTOR ( 'NONE', #6127, 1000.000000000000000 ) ;
#3930 = ORIENTED_EDGE ( 'NONE', *, *, #1989, .F. ) ;
#3931 = DIRECTION ( 'NONE',  ( 0.000000000000000000, -1.000000000000000000, 0.000000000000000000 ) ) ;
#3932 = VECTOR ( 'NONE', #1225, 1000.000000000000000 ) ;
#3933 = EDGE_CURVE ( 'NONE', #3624, #2393, #5338, .T. ) ;
#3934 = AXIS2_PLACEMENT_3D ( 'NONE', #8606, #6840, #9393 ) ;
#3935 = CIRCLE ( 'NONE', #3583, 0.1250000000000001110 ) ;
#3936 = CARTESIAN_POINT ( 'NONE',  ( 2.500000000000000888, 0.000000000000000000, 1.125000000000000444 ) ) ;
#3938 = ORIENTED_EDGE ( 'NONE', *, *, #10710, .T. ) ;
#3937 = ADVANCED_FACE ( 'NONE', ( #399 ), #10313, .F. ) ;
#3939 = ORIENTED_EDGE ( 'NONE', *, *, #2275, .F. ) ;
#3940 = CARTESIAN_POINT ( 'NONE',  ( 1.750000000000000666, 0.1999999999999999833, -2.225000000000000977 ) ) ;
#3941 = AXIS2_PLACEMENT_3D ( 'NONE', #3777, #1958, #4498 ) ;
#3942 = LINE ( 'NONE', #3175, #1835 ) ;
#3943 = AXIS2_PLACEMENT_3D ( 'NONE', #2135, #358, #9560 ) ;
#3944 = CARTESIAN_POINT ( 'NONE',  ( -2.225000000000000533, 0.1999999999999999833, 1.375000000000000222 ) ) ;
#3945 = FACE_OUTER_BOUND ( 'NONE', #3926, .T. ) ;
#3946 = AXIS2_PLACEMENT_3D ( 'NONE', #5791, #7508, #2356 ) ;
#3947 = LINE ( 'NONE', #10744, #6673 ) ;
#3948 = ADVANCED_FACE ( 'NONE', ( #1060 ), #6941, .T. ) ;
#3949 = CARTESIAN_POINT ( 'NONE',  ( 0.1250000000000007494, 0.04999999999999969746, -2.500000000000000444 ) ) ;
#3950 = MECHANICAL_DESIGN_GEOMETRIC_PRESENTATION_REPRESENTATION (  '', ( #10312 ), #2365 ) ;
#3951 = VECTOR ( 'NONE', #1725, 1000.000000000000000 ) ;
#3952 = CARTESIAN_POINT ( 'NONE',  ( -2.225000000000000533, 0.000000000000000000, 1.749999999999999778 ) ) ;
#3953 = DIRECTION ( 'NONE',  ( -2.365532012695648978E-15, 0.000000000000000000, -1.000000000000000000 ) ) ;
#3954 = ORIENTED_EDGE ( 'NONE', *, *, #4888, .T. ) ;
#3955 = ORIENTED_EDGE ( 'NONE', *, *, #3586, .T. ) ;
#3957 = ORIENTED_EDGE ( 'NONE', *, *, #36, .F. ) ;
#3956 = CARTESIAN_POINT ( 'NONE',  ( 2.500000000000000888, 0.000000000000000000, -1.374999999999999778 ) ) ;
#3958 = LINE ( 'NONE', #5681, #9082 ) ;
#3959 = CARTESIAN_POINT ( 'NONE',  ( 0.1250000000000007494, 0.000000000000000000, -2.500000000000000444 ) ) ;
#3960 = CARTESIAN_POINT ( 'NONE',  ( 0.3750000000000007772, 0.000000000000000000, -2.225000000000000977 ) ) ;
#3961 = COLOUR_RGB ( '',0.7921568627450980005, 0.8196078431372548767, 0.9333333333333333481 ) ;
#3962 = LINE ( 'NONE', #7353, #7845 ) ;
#3963 = ADVANCED_FACE ( 'NONE', ( #2953 ), #3619, .T. ) ;
#3964 = DIRECTION ( 'NONE',  ( 0.000000000000000000, 0.000000000000000000, -1.000000000000000000 ) ) ;
#3965 = DIRECTION ( 'NONE',  ( 0.000000000000000000, -1.000000000000000000, 0.000000000000000000 ) ) ;
#3967 = EDGE_LOOP ( 'NONE', ( #5841, #2107, #2777, #1719 ) ) ;
#3966 = DIRECTION ( 'NONE',  ( -0.000000000000000000, -1.000000000000000000, -0.000000000000000000 ) ) ;
#3968 = DIRECTION ( 'NONE',  ( 1.000000000000000000, -0.000000000000000000, 0.000000000000000000 ) ) ;
#3969 = ORIENTED_EDGE ( 'NONE', *, *, #2645, .F. ) ;
#3970 = ORIENTED_EDGE ( 'NONE', *, *, #8123, .T. ) ;
#3971 = DIRECTION ( 'NONE',  ( -0.000000000000000000, -1.000000000000000000, -0.000000000000000000 ) ) ;
#3972 = ORIENTED_EDGE ( 'NONE', *, *, #9785, .F. ) ;
#3973 = LINE ( 'NONE', #8241, #2771 ) ;
#3974 = DIRECTION ( 'NONE',  ( 0.000000000000000000, 0.000000000000000000, -1.000000000000000000 ) ) ;
#3975 = EDGE_CURVE ( 'NONE', #9990, #9158, #7005, .T. ) ;
#3976 = CIRCLE ( 'NONE', #9814, 0.1250000000000001110 ) ;
#3977 = ADVANCED_FACE ( 'NONE', ( #9491 ), #5284, .T. ) ;
#3978 = PLANE ( 'NONE',  #2438 ) ;
#3980 = ORIENTED_EDGE ( 'NONE', *, *, #8695, .T. ) ;
#3979 = PLANE ( 'NONE',  #3907 ) ;
#3981 = LINE ( 'NONE', #3924, #8613 ) ;
#3982 = ORIENTED_EDGE ( 'NONE', *, *, #2359, .F. ) ;
#3983 = ORIENTED_EDGE ( 'NONE', *, *, #1511, .F. ) ;
#3984 = CARTESIAN_POINT ( 'NONE',  ( 9.856383386231709683E-17, 0.05000000000000000278, 0.1249999999999983485 ) ) ;
#3985 = ORIENTED_EDGE ( 'NONE', *, *, #8394, .T. ) ;
#3986 = VECTOR ( 'NONE', #5711, 1000.000000000000000 ) ;
#3987 = PLANE ( 'NONE',  #274 ) ;
#3988 = FACE_OUTER_BOUND ( 'NONE', #7407, .T. ) ;
#3989 = ADVANCED_FACE ( 'NONE', ( #4444 ), #10523, .T. ) ;
#3990 = VECTOR ( 'NONE', #5874, 1000.000000000000000 ) ;
#3991 = ADVANCED_FACE ( 'NONE', ( #2797 ), #5456, .T. ) ;
#3992 = EDGE_CURVE ( 'NONE', #7432, #6325, #470, .T. ) ;
#3993 = VECTOR ( 'NONE', #6581, 1000.000000000000000 ) ;
#3994 = LINE ( 'NONE', #7335, #5281 ) ;
#3995 = EDGE_LOOP ( 'NONE', ( #7272, #3957, #10578, #1120 ) ) ;
#3996 = ORIENTED_EDGE ( 'NONE', *, *, #1086, .T. ) ;
#3997 = DIRECTION ( 'NONE',  ( 0.000000000000000000, 0.000000000000000000, -1.000000000000000000 ) ) ;
#3998 = CARTESIAN_POINT ( 'NONE',  ( -0.2499999999999993616, 0.04999999999999999584, 2.100000000000000533 ) ) ;
#3999 = LINE ( 'NONE', #2343, #6146 ) ;
#4000 = AXIS2_PLACEMENT_3D ( 'NONE', #200, #1307, #8895 ) ;
#4001 = CARTESIAN_POINT ( 'NONE',  ( -2.225000000000000533, 0.6716990566028309129, -1.875000000000000444 ) ) ;
#4002 = LINE ( 'NONE', #1397, #6784 ) ;
#4003 = AXIS2_PLACEMENT_3D ( 'NONE', #9349, #314, #147 ) ;
#4004 = EDGE_CURVE ( 'NONE', #8155, #1515, #10892, .T. ) ;
#4005 = ADVANCED_FACE ( 'NONE', ( #1119 ), #3724, .T. ) ;
#4006 = AXIS2_PLACEMENT_3D ( 'NONE', #7287, #8999, #2078 ) ;
#4007 = DIRECTION ( 'NONE',  ( 0.000000000000000000, -1.000000000000000000, 0.000000000000000000 ) ) ;
#4008 = CARTESIAN_POINT ( 'NONE',  ( 1.875000000000000888, 0.6716990566028311349, -2.500000000000000444 ) ) ;
#4009 = ORIENTED_EDGE ( 'NONE', *, *, #6044, .F. ) ;
#4010 = VERTEX_POINT ( 'NONE', #9654 ) ;
#4011 = VECTOR ( 'NONE', #4600, 1000.000000000000000 ) ;
#4013 = ORIENTED_EDGE ( 'NONE', *, *, #9840, .T. ) ;
#4012 = DIRECTION ( 'NONE',  ( -0.000000000000000000, -1.000000000000000000, -0.000000000000000000 ) ) ;
#4014 = AXIS2_PLACEMENT_3D ( 'NONE', #91, #2640, #5243 ) ;
#4015 =( LENGTH_UNIT ( ) NAMED_UNIT ( * ) SI_UNIT ( .MILLI., .METRE. ) );
#4016 = PLANE ( 'NONE',  #1833 ) ;
#4017 = CARTESIAN_POINT ( 'NONE',  ( -2.500000000000000000, 9.071067811865477282, -2.500000000000000444 ) ) ;
#4018 = LINE ( 'NONE', #9226, #4179 ) ;
#4019 = LINE ( 'NONE', #10808, #3594 ) ;
#4020 = VECTOR ( 'NONE', #11, 1000.000000000000000 ) ;
#4021 = AXIS2_PLACEMENT_3D ( 'NONE', #6162, #4557, #2898 ) ;
#4022 = AXIS2_PLACEMENT_3D ( 'NONE', #6200, #5198, #263 ) ;
#4023 = AXIS2_PLACEMENT_3D ( 'NONE', #8108, #10424, #2855 ) ;
#4024 = CARTESIAN_POINT ( 'NONE',  ( -0.1249999999999992506, 0.04999999999999999584, 2.225000000000000977 ) ) ;
#4025 = ORIENTED_EDGE ( 'NONE', *, *, #6175, .T. ) ;
#4026 = VECTOR ( 'NONE', #430, 1000.000000000000000 ) ;
#4027 = CARTESIAN_POINT ( 'NONE',  ( 2.500000000000000888, 0.1999999999999999833, 0.3750000000000001110 ) ) ;
#4029 = EDGE_LOOP ( 'NONE', ( #965, #6629, #4626, #3274 ) ) ;
#4028 = CARTESIAN_POINT ( 'NONE',  ( -2.499999999999999556, 0.2000000000000005107, 1.875000000000000000 ) ) ;
#4030 = CARTESIAN_POINT ( 'NONE',  ( -2.225000000000000533, 0.6716990566028309129, 0.2499999999999997780 ) ) ;
#4031 = EDGE_LOOP ( 'NONE', ( #10556, #2512, #199, #4009 ) ) ;
#4032 = EDGE_CURVE ( 'NONE', #1515, #4234, #8874, .T. ) ;
#4033 = DIRECTION ( 'NONE',  ( 0.000000000000000000, -1.000000000000000000, 0.000000000000000000 ) ) ;
#4034 = ORIENTED_EDGE ( 'NONE', *, *, #4409, .T. ) ;
#4035 = LINE ( 'NONE', #2162, #4358 ) ;
#4036 = VECTOR ( 'NONE', #8630, 1000.000000000000000 ) ;
#4037 = DIRECTION ( 'NONE',  ( 0.000000000000000000, 0.000000000000000000, -1.000000000000000000 ) ) ;
#4038 = CARTESIAN_POINT ( 'NONE',  ( -1.749999999999999334, 0.2000000000000000111, 2.225000000000000977 ) ) ;
#4039 = DIRECTION ( 'NONE',  ( 0.000000000000000000, 0.000000000000000000, -1.000000000000000000 ) ) ;
#4041 = EDGE_LOOP ( 'NONE', ( #2988, #1151, #4233, #551 ) ) ;
#4040 = CARTESIAN_POINT ( 'NONE',  ( -1.874999999999999334, 0.04999999999999999584, 2.225000000000000977 ) ) ;
#4042 = FACE_OUTER_BOUND ( 'NONE', #4493, .T. ) ;
#4043 = VERTEX_POINT ( 'NONE', #8047 ) ;
#4044 = ORIENTED_EDGE ( 'NONE', *, *, #7600, .T. ) ;
#4045 = LINE ( 'NONE', #5658, #3750 ) ;
#4046 = VERTEX_POINT ( 'NONE', #7440 ) ;
#4047 = CARTESIAN_POINT ( 'NONE',  ( 0.1250000000000007494, 0.05000000000000000278, 0.000000000000000000 ) ) ;
#4048 = EDGE_CURVE ( 'NONE', #5656, #8221, #3113, .T. ) ;
#4049 =( NAMED_UNIT ( * ) PLANE_ANGLE_UNIT ( ) SI_UNIT ( $, .RADIAN. ) );
#4050 = VECTOR ( 'NONE', #6132, 1000.000000000000000 ) ;
#4051 = DIRECTION ( 'NONE',  ( 0.000000000000000000, 0.000000000000000000, 1.000000000000000000 ) ) ;
#4052 = VERTEX_POINT ( 'NONE', #673 ) ;
#4053 = VERTEX_POINT ( 'NONE', #3062 ) ;
#4054 = CARTESIAN_POINT ( 'NONE',  ( 0.7500000000000006661, 0.2000000000000000111, -2.225000000000000977 ) ) ;
#4055 = DIRECTION ( 'NONE',  ( 0.000000000000000000, -1.000000000000000000, 0.000000000000000000 ) ) ;
#4056 = DIRECTION ( 'NONE',  ( 0.000000000000000000, 0.000000000000000000, -1.000000000000000000 ) ) ;
#4057 = LINE ( 'NONE', #2502, #9160 ) ;
#4058 = DIRECTION ( 'NONE',  ( 0.000000000000000000, -0.000000000000000000, -1.000000000000000000 ) ) ;
#4059 = VECTOR ( 'NONE', #1075, 1000.000000000000000 ) ;
#4060 = DIRECTION ( 'NONE',  ( 0.000000000000000000, -1.000000000000000000, 0.000000000000000000 ) ) ;
#4061 = PLANE ( 'NONE',  #8322 ) ;
#4062 = VERTEX_POINT ( 'NONE', #7230 ) ;
#4063 = VERTEX_POINT ( 'NONE', #3222 ) ;
#4065 = EDGE_LOOP ( 'NONE', ( #3865, #5330, #4787, #2219, #10402 ) ) ;
#4064 = DIRECTION ( 'NONE',  ( -1.000000000000000000, 0.000000000000000000, -0.000000000000000000 ) ) ;
#4066 = EDGE_CURVE ( 'NONE', #3607, #10414, #5716, .T. ) ;
#4067 =( LENGTH_UNIT ( ) NAMED_UNIT ( * ) SI_UNIT ( .MILLI., .METRE. ) );
#4068 = CARTESIAN_POINT ( 'NONE',  ( -2.225000000000000533, 0.000000000000000000, 1.625000000000000222 ) ) ;
#4069 = EDGE_CURVE ( 'NONE', #8779, #2601, #3994, .T. ) ;
#4070 = ADVANCED_FACE ( 'NONE', ( #6496 ), #5554, .F. ) ;
#4071 = LINE ( 'NONE', #10863, #7213 ) ;
#4072 = EDGE_CURVE ( 'NONE', #8196, #3917, #10790, .T. ) ;
#4073 = DIRECTION ( 'NONE',  ( 0.000000000000000000, -1.000000000000000000, 0.000000000000000000 ) ) ;
#4074 = AXIS2_PLACEMENT_3D ( 'NONE', #3605, #7102, #2835 ) ;
#4075 = DIRECTION ( 'NONE',  ( -0.000000000000000000, -1.000000000000000000, -0.000000000000000000 ) ) ;
#4076 = VERTEX_POINT ( 'NONE', #4719 ) ;
#4077 = ORIENTED_EDGE ( 'NONE', *, *, #5366, .T. ) ;
#4079 = VECTOR ( 'NONE', #7218, 1000.000000000000000 ) ;
#4078 = DIRECTION ( 'NONE',  ( 0.000000000000000000, 0.000000000000000000, -1.000000000000000000 ) ) ;
#4080 = ORIENTED_EDGE ( 'NONE', *, *, #2856, .T. ) ;
#4081 = CARTESIAN_POINT ( 'NONE',  ( 2.225000000000000533, 0.6716990566028309129, 1.375000000000000222 ) ) ;
#4082 = VERTEX_POINT ( 'NONE', #1502 ) ;
#4083 = EDGE_CURVE ( 'NONE', #1213, #8168, #4771, .T. ) ;
#4084 = LINE ( 'NONE', #9852, #8719 ) ;
#4086 = ORIENTED_EDGE ( 'NONE', *, *, #3992, .F. ) ;
#4085 = CARTESIAN_POINT ( 'NONE',  ( -2.500000000000000888, 0.6716990566028309129, -1.625000000000000000 ) ) ;
#4087 = LINE ( 'NONE', #5970, #6484 ) ;
#4088 = DIRECTION ( 'NONE',  ( 0.000000000000000000, -0.000000000000000000, 1.000000000000000000 ) ) ;
#4089 = EDGE_CURVE ( 'NONE', #1191, #10004, #454, .T. ) ;
#4090 = LINE ( 'NONE', #6701, #2775 ) ;
#4091 = LINE ( 'NONE', #7479, #8435 ) ;
#4093 = ORIENTED_EDGE ( 'NONE', *, *, #9554, .T. ) ;
#4092 = LINE ( 'NONE', #7480, #721 ) ;
#4094 = CARTESIAN_POINT ( 'NONE',  ( 0.1250000000000007494, 0.6716990566028311349, 2.225000000000000977 ) ) ;
#4095 = ORIENTED_EDGE ( 'NONE', *, *, #2607, .T. ) ;
#4096 = ORIENTED_EDGE ( 'NONE', *, *, #4689, .T. ) ;
#4097 = CARTESIAN_POINT ( 'NONE',  ( 1.478457507934777357E-15, 0.05000000000000000278, -1.875000000000001776 ) ) ;
#4098 = EDGE_LOOP ( 'NONE', ( #2626, #6881, #1415, #9346 ) ) ;
#4099 = LINE ( 'NONE', #8477, #8550 ) ;
#4100 = ADVANCED_FACE ( 'NONE', ( #8102 ), #3884, .F. ) ;
#4101 = EDGE_CURVE ( 'NONE', #9757, #2849, #10374, .T. ) ;
#4102 = VECTOR ( 'NONE', #2008, 1000.000000000000000 ) ;
#4103 = PLANE ( 'NONE',  #7587 ) ;
#4104 = ORIENTED_EDGE ( 'NONE', *, *, #6232, .T. ) ;
#4105 = ORIENTED_EDGE ( 'NONE', *, *, #3614, .T. ) ;
#4106 = CARTESIAN_POINT ( 'NONE',  ( -2.500000000000000000, 0.2000000000000005107, -0.6250000000000001110 ) ) ;
#4107 = CARTESIAN_POINT ( 'NONE',  ( -2.500000000000000888, 0.1999999999999999833, 1.625000000000000444 ) ) ;
#4108 = DIRECTION ( 'NONE',  ( -1.000000000000000000, 0.000000000000000000, 7.885106708985472271E-16 ) ) ;
#4109 = LINE ( 'NONE', #5624, #7214 ) ;
#4110 = VECTOR ( 'NONE', #9856, 1000.000000000000000 ) ;
#4111 = CIRCLE ( 'NONE', #6425, 0.1250000000000000000 ) ;
#4112 = VECTOR ( 'NONE', #10198, 1000.000000000000000 ) ;
#4113 = CARTESIAN_POINT ( 'NONE',  ( 1.875000000000000888, 0.000000000000000000, 2.225000000000000977 ) ) ;
#4114 = DIRECTION ( 'NONE',  ( 0.000000000000000000, 0.000000000000000000, -1.000000000000000000 ) ) ;
#4115 = ORIENTED_EDGE ( 'NONE', *, *, #6915, .T. ) ;
#4116 = ORIENTED_EDGE ( 'NONE', *, *, #1839, .F. ) ;
#4117 = AXIS2_PLACEMENT_3D ( 'NONE', #2468, #2360, #533 ) ;
#4118 = STYLED_ITEM ( 'NONE', ( #2036 ), #8773 ) ;
#4120 = EDGE_LOOP ( 'NONE', ( #5860, #446, #2073, #4332 ) ) ;
#4119 = DIRECTION ( 'NONE',  ( 0.000000000000000000, 0.000000000000000000, 1.000000000000000000 ) ) ;
#4121 =( NAMED_UNIT ( * ) PLANE_ANGLE_UNIT ( ) SI_UNIT ( $, .RADIAN. ) );
#4122 = CARTESIAN_POINT ( 'NONE',  ( -0.6249999999999992228, 0.6716990566028311349, -2.500000000000000444 ) ) ;
#4123 = PLANE ( 'NONE',  #5249 ) ;
#4124 = CARTESIAN_POINT ( 'NONE',  ( -2.500000000000000888, 0.6716990566028309129, 0.6250000000000003331 ) ) ;
#4125 = CARTESIAN_POINT ( 'NONE',  ( 1.875000000000000888, 0.6716990566028311349, -2.500000000000000444 ) ) ;
#4126 = AXIS2_PLACEMENT_3D ( 'NONE', #5883, #7772, #9484 ) ;
#4127 = VECTOR ( 'NONE', #7952, 1000.000000000000000 ) ;
#4128 = EDGE_CURVE ( 'NONE', #6632, #9005, #6130, .T. ) ;
#4129 = ADVANCED_FACE ( 'NONE', ( #3830 ), #9815, .F. ) ;
#4130 = CARTESIAN_POINT ( 'NONE',  ( -1.874999999999999334, 0.000000000000000000, -2.500000000000000444 ) ) ;
#4131 = ORIENTED_EDGE ( 'NONE', *, *, #7427, .F. ) ;
#4132 = VERTEX_POINT ( 'NONE', #2179 ) ;
#4133 = DIRECTION ( 'NONE',  ( -1.000000000000000000, 0.000000000000000000, 7.885106708985472271E-16 ) ) ;
#4134 = PRESENTATION_LAYER_ASSIGNMENT (  '', '', ( #9976 ) ) ;
#4135 = ORIENTED_EDGE ( 'NONE', *, *, #5825, .F. ) ;
#4136 = CARTESIAN_POINT ( 'NONE',  ( 2.500000000000000888, 0.1999999999999999833, -1.125000000000000000 ) ) ;
#4137 = DIRECTION ( 'NONE',  ( 0.000000000000000000, 0.000000000000000000, -1.000000000000000000 ) ) ;
#4139 = ORIENTED_EDGE ( 'NONE', *, *, #3460, .T. ) ;
#4138 = LINE ( 'NONE', #4085, #6839 ) ;
#4140 = LINE ( 'NONE', #3425, #6665 ) ;
#4141 = DIRECTION ( 'NONE',  ( -1.000000000000000000, 0.000000000000000000, 2.365532012695649373E-15 ) ) ;
#4142 = PRESENTATION_LAYER_ASSIGNMENT (  '', '', ( #9801 ) ) ;
#4143 = EDGE_CURVE ( 'NONE', #6594, #19, #10623, .T. ) ;
#4144 = CARTESIAN_POINT ( 'NONE',  ( -9.856383386231709683E-17, 0.05000000000000000278, 0.1249999999999983485 ) ) ;
#4145 = CARTESIAN_POINT ( 'NONE',  ( 0.6250000000000007772, 0.05000000000000000278, 0.000000000000000000 ) ) ;
#4147 = ORIENTED_EDGE ( 'NONE', *, *, #885, .F. ) ;
#4146 = FACE_OUTER_BOUND ( 'NONE', #9223, .T. ) ;
#4148 = DIRECTION ( 'NONE',  ( -0.000000000000000000, 0.000000000000000000, 1.000000000000000000 ) ) ;
#4149 = EDGE_LOOP ( 'NONE', ( #10945, #7222, #10249, #2544 ) ) ;
#4150 = ORIENTED_EDGE ( 'NONE', *, *, #5304, .T. ) ;
#4151 = DIRECTION ( 'NONE',  ( 1.000000000000000000, 0.000000000000000000, -7.885106708985472271E-16 ) ) ;
#4152 = ORIENTED_EDGE ( 'NONE', *, *, #862, .T. ) ;
#4153 = SURFACE_STYLE_USAGE ( .BOTH. , #10027 ) ;
#4154 = DIRECTION ( 'NONE',  ( -0.000000000000000000, -1.000000000000000000, -0.000000000000000000 ) ) ;
#4155 = PRESENTATION_LAYER_ASSIGNMENT (  '', '', ( #9477 ) ) ;
#4156 = CARTESIAN_POINT ( 'NONE',  ( 2.225000000000000533, 0.05000000000000002359, -1.875000000000000444 ) ) ;
#4157 = EDGE_LOOP ( 'NONE', ( #9332, #5649, #7739, #1565 ) ) ;
#4158 = EDGE_LOOP ( 'NONE', ( #4981, #3404, #6339, #7606 ) ) ;
#4159 = UNCERTAINTY_MEASURE_WITH_UNIT (LENGTH_MEASURE( 1.000000000000000082E-05 ), #7025, 'distance_accuracy_value', 'NONE');
#4160 = CARTESIAN_POINT ( 'NONE',  ( -1.124999999999998668, 0.1999999999999999833, 2.500000000000000444 ) ) ;
#4161 = LINE ( 'NONE', #4984, #5888 ) ;
#4162 = EDGE_CURVE ( 'NONE', #10816, #8347, #4825, .T. ) ;
#4163 = DIRECTION ( 'NONE',  ( 7.885106708985472271E-16, 0.000000000000000000, 1.000000000000000000 ) ) ;
#4164 = CARTESIAN_POINT ( 'NONE',  ( 2.225000000000000533, 0.6716990566028309129, -0.8749999999999998890 ) ) ;
#4165 = COLOUR_RGB ( '',0.7921568627450980005, 0.8196078431372548767, 0.9333333333333333481 ) ;
#4166 = CARTESIAN_POINT ( 'NONE',  ( 2.500000000000000888, 0.1999999999999999833, -1.874999999999999778 ) ) ;
#4167 = DIRECTION ( 'NONE',  ( 0.000000000000000000, 0.000000000000000000, -1.000000000000000000 ) ) ;
#4168 = ORIENTED_EDGE ( 'NONE', *, *, #5797, .F. ) ;
#4169 = VERTEX_POINT ( 'NONE', #3936 ) ;
#4170 = VECTOR ( 'NONE', #1761, 1000.000000000000000 ) ;
#4172 = ORIENTED_EDGE ( 'NONE', *, *, #10622, .F. ) ;
#4171 = DIRECTION ( 'NONE',  ( 1.000000000000000000, 0.000000000000000000, 7.885106708985472271E-16 ) ) ;
#4173 = ORIENTED_EDGE ( 'NONE', *, *, #1989, .T. ) ;
#4174 = LINE ( 'NONE', #3355, #1298 ) ;
#4175 = CARTESIAN_POINT ( 'NONE',  ( -2.225000000000000533, 0.1999999999999999833, 0.6249999999999997780 ) ) ;
#4176 = CARTESIAN_POINT ( 'NONE',  ( 2.225000000000000533, 0.000000000000000000, 1.875000000000000222 ) ) ;
#4177 = VECTOR ( 'NONE', #2474, 1000.000000000000000 ) ;
#4178 = CARTESIAN_POINT ( 'NONE',  ( 2.225000000000000533, 0.000000000000000000, -1.625000000000000000 ) ) ;
#4179 = VECTOR ( 'NONE', #3243, 1000.000000000000000 ) ;
#4180 = VECTOR ( 'NONE', #2903, 1000.000000000000000 ) ;
#4181 = VECTOR ( 'NONE', #7473, 1000.000000000000000 ) ;
#4182 = CYLINDRICAL_SURFACE ( 'NONE', #174, 0.1250000000000001110 ) ;
#4183 = VERTEX_POINT ( 'NONE', #10680 ) ;
#4184 = VERTEX_POINT ( 'NONE', #617 ) ;
#4186 = ORIENTED_EDGE ( 'NONE', *, *, #4823, .F. ) ;
#4185 = DIRECTION ( 'NONE',  ( 0.000000000000000000, -1.000000000000000000, 0.000000000000000000 ) ) ;
#4187 = LINE ( 'NONE', #10113, #4177 ) ;
#4188 = CARTESIAN_POINT ( 'NONE',  ( 2.500000000000000888, 0.000000000000000000, -1.625000000000000000 ) ) ;
#4190 = VERTEX_POINT ( 'NONE', #7383 ) ;
#4189 = CARTESIAN_POINT ( 'NONE',  ( 2.225000000000000533, 0.1999999999999999833, 1.624999999999999778 ) ) ;
#4191 = VECTOR ( 'NONE', #2619, 1000.000000000000000 ) ;
#4192 = DIRECTION ( 'NONE',  ( -1.000000000000000000, 0.000000000000000000, 0.000000000000000000 ) ) ;
#4193 = VECTOR ( 'NONE', #2012, 1000.000000000000000 ) ;
#4194 = EDGE_CURVE ( 'NONE', #1386, #2088, #9699, .T. ) ;
#4195 = CARTESIAN_POINT ( 'NONE',  ( 1.375000000000000888, 0.2000000000000000111, -2.500000000000000444 ) ) ;
#4196 = ADVANCED_FACE ( 'NONE', ( #5148 ), #4103, .F. ) ;
#4197 = EDGE_CURVE ( 'NONE', #3184, #3024, #7655, .T. ) ;
#4198 = AXIS2_PLACEMENT_3D ( 'NONE', #8038, #2281, #1328 ) ;
#4199 = AXIS2_PLACEMENT_3D ( 'NONE', #1918, #9498, #2804 ) ;
#4200 = VECTOR ( 'NONE', #9323, 1000.000000000000000 ) ;
#4201 = AXIS2_PLACEMENT_3D ( 'NONE', #5174, #6956, #1804 ) ;
#4202 = PLANE ( 'NONE',  #3872 ) ;
#4203 = CARTESIAN_POINT ( 'NONE',  ( -2.225000000000000533, 0.6716990566028309129, 1.124999999999999778 ) ) ;
#4204 = DIRECTION ( 'NONE',  ( 0.000000000000000000, 0.000000000000000000, -1.000000000000000000 ) ) ;
#4206 = EDGE_LOOP ( 'NONE', ( #2575, #7973, #2245, #5413 ) ) ;
#4205 = DIRECTION ( 'NONE',  ( 0.000000000000000000, 0.000000000000000000, 1.000000000000000000 ) ) ;
#4207 = DIRECTION ( 'NONE',  ( -0.000000000000000000, -1.000000000000000000, -0.000000000000000000 ) ) ;
#4208 = ORIENTED_EDGE ( 'NONE', *, *, #2042, .T. ) ;
#4209 = VERTEX_POINT ( 'NONE', #1563 ) ;
#4210 = LINE ( 'NONE', #4097, #6047 ) ;
#4211 = ORIENTED_EDGE ( 'NONE', *, *, #5612, .T. ) ;
#4212 =( NAMED_UNIT ( * ) SI_UNIT ( $, .STERADIAN. ) SOLID_ANGLE_UNIT ( ) );
#4213 = EDGE_CURVE ( 'NONE', #8640, #9319, #888, .T. ) ;
#4214 = ADVANCED_FACE ( 'NONE', ( #5037 ), #5990, .F. ) ;
#4215 = ADVANCED_FACE ( 'NONE', ( #10902 ), #2496, .T. ) ;
#4216 = EDGE_CURVE ( 'NONE', #3092, #9990, #8424, .T. ) ;
#4217 = PRODUCT ( 'MSP430I2030TRHBT', 'MSP430I2030TRHBT', '', ( #7557 ) ) ;
#4218 = AXIS2_PLACEMENT_3D ( 'NONE', #5613, #8152, #3007 ) ;
#4219 = CARTESIAN_POINT ( 'NONE',  ( 2.500000000000000000, 0.05000000000000000278, -2.500000000000000444 ) ) ;
#4220 = ORIENTED_EDGE ( 'NONE', *, *, #1325, .T. ) ;
#4221 = VERTEX_POINT ( 'NONE', #7603 ) ;
#4222 = DIRECTION ( 'NONE',  ( 0.000000000000000000, -0.000000000000000000, 1.000000000000000000 ) ) ;
#4223 = LINE ( 'NONE', #172, #9786 ) ;
#4224 = EDGE_CURVE ( 'NONE', #577, #8373, #3341, .T. ) ;
#4225 = CARTESIAN_POINT ( 'NONE',  ( -2.500000000000000888, 0.6716990566028309129, -1.125000000000000000 ) ) ;
#4226 = DIRECTION ( 'NONE',  ( 0.000000000000000000, 0.000000000000000000, -1.000000000000000000 ) ) ;
#4227 = EDGE_CURVE ( 'NONE', #5416, #4313, #4389, .T. ) ;
#4228 = CARTESIAN_POINT ( 'NONE',  ( -2.500000000000000888, 0.1999999999999999833, 0.1250000000000003331 ) ) ;
#4229 = DIRECTION ( 'NONE',  ( -0.000000000000000000, -1.000000000000000000, -0.000000000000000000 ) ) ;
#4230 = VERTEX_POINT ( 'NONE', #723 ) ;
#4231 = ORIENTED_EDGE ( 'NONE', *, *, #5219, .F. ) ;
#4233 = ORIENTED_EDGE ( 'NONE', *, *, #10431, .F. ) ;
#4232 =( NAMED_UNIT ( * ) PLANE_ANGLE_UNIT ( ) SI_UNIT ( $, .RADIAN. ) );
#4234 = VERTEX_POINT ( 'NONE', #8482 ) ;
#4235 =( NAMED_UNIT ( * ) SI_UNIT ( $, .STERADIAN. ) SOLID_ANGLE_UNIT ( ) );
#4236 = LINE ( 'NONE', #1690, #1189 ) ;
#4237 = FACE_OUTER_BOUND ( 'NONE', #854, .T. ) ;
#4238 = CARTESIAN_POINT ( 'NONE',  ( -2.225000000000000533, 0.05000000000000002359, -1.375000000000000444 ) ) ;
#4239 = EDGE_CURVE ( 'NONE', #3439, #735, #781, .T. ) ;
#4240 = EDGE_CURVE ( 'NONE', #2088, #541, #2444, .T. ) ;
#4241 = DIRECTION ( 'NONE',  ( 0.000000000000000000, -1.000000000000000000, 0.000000000000000000 ) ) ;
#4242 = VERTEX_POINT ( 'NONE', #5827 ) ;
#4243 = EDGE_LOOP ( 'NONE', ( #8921, #5307, #5935, #9830 ) ) ;
#4245 = ORIENTED_EDGE ( 'NONE', *, *, #9154, .F. ) ;
#4244 = CARTESIAN_POINT ( 'NONE',  ( 0.8750000000000007772, 0.2000000000000000111, 2.225000000000000977 ) ) ;
#4246 = DIRECTION ( 'NONE',  ( -2.365532012695648978E-15, 0.000000000000000000, -1.000000000000000000 ) ) ;
#4247 = CARTESIAN_POINT ( 'NONE',  ( 2.225000000000000533, 0.1999999999999999833, -0.3750000000000003331 ) ) ;
#4249 = VERTEX_POINT ( 'NONE', #4156 ) ;
#4248 = LINE ( 'NONE', #10171, #9501 ) ;
#4250 = DIRECTION ( 'NONE',  ( 0.000000000000000000, 0.000000000000000000, -1.000000000000000000 ) ) ;
#4251 = VECTOR ( 'NONE', #6469, 1000.000000000000000 ) ;
#4252 = LINE ( 'NONE', #9732, #2709 ) ;
#4253 = AXIS2_PLACEMENT_3D ( 'NONE', #6959, #7738, #10327 ) ;
#4254 = CARTESIAN_POINT ( 'NONE',  ( 0.6250000000000014433, 0.04999999999999969746, 2.500000000000001332 ) ) ;
#4255 = DIRECTION ( 'NONE',  ( 1.000000000000000000, -0.000000000000000000, 7.885106708985472271E-16 ) ) ;
#4256 = DIRECTION ( 'NONE',  ( 0.000000000000000000, -0.000000000000000000, -1.000000000000000000 ) ) ;
#4258 = ORIENTED_EDGE ( 'NONE', *, *, #154, .F. ) ;
#4257 = DIRECTION ( 'NONE',  ( 0.000000000000000000, -1.000000000000000000, 0.000000000000000000 ) ) ;
#4259 = FACE_OUTER_BOUND ( 'NONE', #8566, .T. ) ;
#4260 = ORIENTED_EDGE ( 'NONE', *, *, #3734, .T. ) ;
#4261 = EDGE_LOOP ( 'NONE', ( #969, #6488, #1372, #8128 ) ) ;
#4262 = CARTESIAN_POINT ( 'NONE',  ( -2.225000000000000533, 0.6716990566028309129, 1.375000000000000222 ) ) ;
#4263 = ORIENTED_EDGE ( 'NONE', *, *, #809, .F. ) ;
#4264 = CARTESIAN_POINT ( 'NONE',  ( 1.375000000000000888, 0.000000000000000000, 2.225000000000000977 ) ) ;
#4265 =( NAMED_UNIT ( * ) PLANE_ANGLE_UNIT ( ) SI_UNIT ( $, .RADIAN. ) );
#4266 = AXIS2_PLACEMENT_3D ( 'NONE', #3268, #1768, #5088 ) ;
#4267 = ADVANCED_FACE ( 'NONE', ( #7546 ), #3280, .F. ) ;
#4268 = EDGE_CURVE ( 'NONE', #8698, #716, #1783, .T. ) ;
#4269 = ADVANCED_FACE ( 'NONE', ( #6716 ), #2553, .T. ) ;
#4270 = DIRECTION ( 'NONE',  ( 0.000000000000000000, -0.000000000000000000, 1.000000000000000000 ) ) ;
#4271 = VERTEX_POINT ( 'NONE', #10084 ) ;
#4272 = ORIENTED_EDGE ( 'NONE', *, *, #8872, .T. ) ;
#4273 = UNCERTAINTY_MEASURE_WITH_UNIT (LENGTH_MEASURE( 1.000000000000000082E-05 ), #6294, 'distance_accuracy_value', 'NONE');
#4274 = CARTESIAN_POINT ( 'NONE',  ( -2.225000000000000533, 0.1999999999999999833, 0.6250000000000001110 ) ) ;
#4275 = CARTESIAN_POINT ( 'NONE',  ( -2.225000000000000533, 0.000000000000000000, 0.8750000000000001110 ) ) ;
#4276 = DIRECTION ( 'NONE',  ( -1.000000000000000000, 0.000000000000000000, 0.000000000000000000 ) ) ;
#4277 = DIRECTION ( 'NONE',  ( -2.365532012695642273E-15, 0.000000000000000000, -1.000000000000000000 ) ) ;
#4278 = AXIS2_PLACEMENT_3D ( 'NONE', #1898, #8700, #10302 ) ;
#4279 = EDGE_CURVE ( 'NONE', #605, #3685, #9317, .T. ) ;
#4280 = EDGE_CURVE ( 'NONE', #7821, #340, #939, .T. ) ;
#4281 = FACE_OUTER_BOUND ( 'NONE', #7938, .T. ) ;
#4282 = ORIENTED_EDGE ( 'NONE', *, *, #9122, .F. ) ;
#4283 = VERTEX_POINT ( 'NONE', #6879 ) ;
#4284 = DIRECTION ( 'NONE',  ( 0.000000000000000000, 0.000000000000000000, 1.000000000000000000 ) ) ;
#4285 = VERTEX_POINT ( 'NONE', #10248 ) ;
#4286 = AXIS2_PLACEMENT_3D ( 'NONE', #201, #8568, #9464 ) ;
#4287 = CARTESIAN_POINT ( 'NONE',  ( 0.2500000000000006661, 0.000000000000000000, 2.225000000000000977 ) ) ;
#4288 = CARTESIAN_POINT ( 'NONE',  ( -0.1249999999999993477, 0.1999999999999999833, 2.225000000000000977 ) ) ;
#4289 = VECTOR ( 'NONE', #6854, 1000.000000000000000 ) ;
#4290 = DIRECTION ( 'NONE',  ( 0.000000000000000000, 1.000000000000000000, 0.000000000000000000 ) ) ;
#4291 = EDGE_CURVE ( 'NONE', #9599, #6996, #9539, .T. ) ;
#4292 = DIRECTION ( 'NONE',  ( -0.000000000000000000, -1.000000000000000000, -0.000000000000000000 ) ) ;
#4293 = AXIS2_PLACEMENT_3D ( 'NONE', #5061, #1692, #7623 ) ;
#4294 = PRESENTATION_LAYER_ASSIGNMENT (  '', '', ( #5715 ) ) ;
#4295 = CARTESIAN_POINT ( 'NONE',  ( -2.500000000000000888, 0.6716990566028309129, 0.1250000000000003331 ) ) ;
#4296 = EDGE_LOOP ( 'NONE', ( #540, #7879, #5915, #2879 ) ) ;
#4297 = ORIENTED_EDGE ( 'NONE', *, *, #6234, .F. ) ;
#4298 = VERTEX_POINT ( 'NONE', #168 ) ;
#4299 = CARTESIAN_POINT ( 'NONE',  ( -2.500000000000000888, 0.1999999999999999833, 0.6250000000000003331 ) ) ;
#4301 = ORIENTED_EDGE ( 'NONE', *, *, #4216, .F. ) ;
#4300 = DIRECTION ( 'NONE',  ( 0.000000000000000000, 1.000000000000000000, -0.000000000000000000 ) ) ;
#4302 = CARTESIAN_POINT ( 'NONE',  ( 1.375000000000000888, 0.1999999999999999833, -2.225000000000000977 ) ) ;
#4303 = CARTESIAN_POINT ( 'NONE',  ( 0.6250000000000005551, 0.2000000000000000111, -2.225000000000000977 ) ) ;
#4304 = ADVANCED_FACE ( 'NONE', ( #1161 ), #3665, .F. ) ;
#4305 = AXIS2_PLACEMENT_3D ( 'NONE', #2858, #6229, #1183 ) ;
#4306 = VECTOR ( 'NONE', #8767, 1000.000000000000000 ) ;
#4307 = CARTESIAN_POINT ( 'NONE',  ( 2.500000000000000888, 0.6716990566028309129, 0.3750000000000001110 ) ) ;
#4308 = CARTESIAN_POINT ( 'NONE',  ( 1.125000000000001332, 0.1999999999999999833, 2.500000000000001332 ) ) ;
#4309 = DIRECTION ( 'NONE',  ( -2.365532012695642273E-15, 0.000000000000000000, -1.000000000000000000 ) ) ;
#4311 = VERTEX_POINT ( 'NONE', #4544 ) ;
#4310 = CARTESIAN_POINT ( 'NONE',  ( 0.6250000000000007772, 0.2000000000000000111, -2.500000000000000444 ) ) ;
#4312 = CARTESIAN_POINT ( 'NONE',  ( 2.225000000000000533, 0.1999999999999999833, 1.124999999999999778 ) ) ;
#4313 = VERTEX_POINT ( 'NONE', #10299 ) ;
#4314 = VERTEX_POINT ( 'NONE', #1953 ) ;
#4315 = LINE ( 'NONE', #5201, #7654 ) ;
#4316 = ORIENTED_EDGE ( 'NONE', *, *, #2711, .F. ) ;
#4317 = PRESENTATION_STYLE_ASSIGNMENT (( #4153 ) ) ;
#4318 = DIRECTION ( 'NONE',  ( 0.000000000000000000, -1.000000000000000000, 0.000000000000000000 ) ) ;
#4319 = EDGE_CURVE ( 'NONE', #7536, #8597, #6991, .T. ) ;
#4320 = AXIS2_PLACEMENT_3D ( 'NONE', #689, #2511, #7347 ) ;
#4321 = CARTESIAN_POINT ( 'NONE',  ( 1.875000000000000888, 0.2000000000000000111, -2.500000000000000444 ) ) ;
#4322 = VERTEX_POINT ( 'NONE', #2060 ) ;
#4323 = ORIENTED_EDGE ( 'NONE', *, *, #9864, .F. ) ;
#4324 = PLANE ( 'NONE',  #4278 ) ;
#4325 = CARTESIAN_POINT ( 'NONE',  ( 1.125000000000001332, 0.000000000000000000, 2.500000000000001332 ) ) ;
#4326 = CARTESIAN_POINT ( 'NONE',  ( -2.000000000000000888, 1.000000000000000000, -2.000000000000000444 ) ) ;
#4327 = CARTESIAN_POINT ( 'NONE',  ( -1.874999999999999334, 0.1999999999999999833, -2.500000000000000444 ) ) ;
#4328 = ADVANCED_FACE ( 'NONE', ( #6267 ), #4432, .T. ) ;
#4329 = EDGE_CURVE ( 'NONE', #702, #4283, #10460, .T. ) ;
#4330 = ADVANCED_FACE ( 'NONE', ( #8750 ), #6038, .F. ) ;
#4331 = PLANE ( 'NONE',  #2099 ) ;
#4332 = ORIENTED_EDGE ( 'NONE', *, *, #6147, .F. ) ;
#4333 = EDGE_LOOP ( 'NONE', ( #1095, #3217, #5093, #9870 ) ) ;
#4334 = LINE ( 'NONE', #238, #1861 ) ;
#4335 = SURFACE_SIDE_STYLE ('',( #3513 ) ) ;
#4336 = VERTEX_POINT ( 'NONE', #8809 ) ;
#4337 = LINE ( 'NONE', #1747, #1836 ) ;
#4338 = DIRECTION ( 'NONE',  ( -2.365532012695641878E-15, 0.000000000000000000, -1.000000000000000000 ) ) ;
#4339 = MECHANICAL_DESIGN_GEOMETRIC_PRESENTATION_REPRESENTATION (  '', ( #9477 ), #7356 ) ;
#4340 = CARTESIAN_POINT ( 'NONE',  ( 0.6250000000000005551, 0.6716990566028311349, -2.225000000000000977 ) ) ;
#4341 = CARTESIAN_POINT ( 'NONE',  ( 0.1250000000000014155, 0.2000000000000000111, 2.500000000000001332 ) ) ;
#4342 = EDGE_CURVE ( 'NONE', #9599, #3022, #1722, .T. ) ;
#4343 = EDGE_CURVE ( 'NONE', #4593, #9336, #1106, .T. ) ;
#4344 = FACE_OUTER_BOUND ( 'NONE', #5570, .T. ) ;
#4345 = VECTOR ( 'NONE', #9475, 1000.000000000000000 ) ;
#4346 = CARTESIAN_POINT ( 'NONE',  ( 0.6250000000000014433, 0.6716990566028311349, 2.500000000000001332 ) ) ;
#4347 = VERTEX_POINT ( 'NONE', #1895 ) ;
#4348 = ORIENTED_EDGE ( 'NONE', *, *, #6588, .F. ) ;
#4350 = ORIENTED_EDGE ( 'NONE', *, *, #2342, .T. ) ;
#4349 =( NAMED_UNIT ( * ) SI_UNIT ( $, .STERADIAN. ) SOLID_ANGLE_UNIT ( ) );
#4351 = AXIS2_PLACEMENT_3D ( 'NONE', #9952, #6694, #10007 ) ;
#4352 = FACE_OUTER_BOUND ( 'NONE', #2266, .T. ) ;
#4353 = LINE ( 'NONE', #148, #4289 ) ;
#4355 = ORIENTED_EDGE ( 'NONE', *, *, #10546, .T. ) ;
#4354 = DIRECTION ( 'NONE',  ( -7.885106708985472271E-16, 0.000000000000000000, 1.000000000000000000 ) ) ;
#4356 = DIRECTION ( 'NONE',  ( -0.000000000000000000, -1.000000000000000000, -0.000000000000000000 ) ) ;
#4357 = LINE ( 'NONE', #5077, #10649 ) ;
#4358 = VECTOR ( 'NONE', #6313, 1000.000000000000000 ) ;
#4359 = CIRCLE ( 'NONE', #7731, 0.1250000000000001110 ) ;
#4360 = CARTESIAN_POINT ( 'NONE',  ( 1.250000000000000666, 0.2000000000000000111, 2.225000000000000977 ) ) ;
#4361 = EDGE_CURVE ( 'NONE', #7777, #8302, #2836, .T. ) ;
#4362 = LINE ( 'NONE', #4475, #4906 ) ;
#4363 = EDGE_CURVE ( 'NONE', #6770, #9480, #7163, .T. ) ;
#4364 = VECTOR ( 'NONE', #3517, 1000.000000000000000 ) ;
#4366 = VECTOR ( 'NONE', #10466, 1000.000000000000000 ) ;
#4365 = FACE_OUTER_BOUND ( 'NONE', #6983, .T. ) ;
#4368 = ORIENTED_EDGE ( 'NONE', *, *, #6549, .T. ) ;
#4367 = DIRECTION ( 'NONE',  ( 0.000000000000000000, -1.000000000000000000, 0.000000000000000000 ) ) ;
#4369 = DIRECTION ( 'NONE',  ( 0.000000000000000000, -1.000000000000000000, 0.000000000000000000 ) ) ;
#4370 = ORIENTED_EDGE ( 'NONE', *, *, #6048, .F. ) ;
#4371 = EDGE_LOOP ( 'NONE', ( #4576, #8975, #1899, #3579 ) ) ;
#4372 = FACE_OUTER_BOUND ( 'NONE', #4653, .T. ) ;
#4373 = ORIENTED_EDGE ( 'NONE', *, *, #251, .F. ) ;
#4374 = AXIS2_PLACEMENT_3D ( 'NONE', #5985, #714, #6757 ) ;
#4375 = DIRECTION ( 'NONE',  ( 0.000000000000000000, -0.000000000000000000, 1.000000000000000000 ) ) ;
#4376 = VECTOR ( 'NONE', #856, 1000.000000000000000 ) ;
#4377 = LINE ( 'NONE', #938, #7653 ) ;
#4378 = AXIS2_PLACEMENT_3D ( 'NONE', #9050, #2344, #7610 ) ;
#4379 = AXIS2_PLACEMENT_3D ( 'NONE', #3519, #10377, #8502 ) ;
#4380 = VECTOR ( 'NONE', #1573, 1000.000000000000000 ) ;
#4381 = ORIENTED_EDGE ( 'NONE', *, *, #8908, .T. ) ;
#4382 = CARTESIAN_POINT ( 'NONE',  ( 0.2500000000000006661, 0.6716990566028311349, 2.100000000000000533 ) ) ;
#4383 = ORIENTED_EDGE ( 'NONE', *, *, #5772, .T. ) ;
#4384 = ORIENTED_EDGE ( 'NONE', *, *, #2207, .T. ) ;
#4385 = CARTESIAN_POINT ( 'NONE',  ( -1.749999999999999334, 0.2000000000000000111, 2.225000000000000977 ) ) ;
#4386 = DIRECTION ( 'NONE',  ( 0.000000000000000000, 1.000000000000000000, 0.000000000000000000 ) ) ;
#4387 = DIRECTION ( 'NONE',  ( 0.000000000000000000, -1.000000000000000000, 0.000000000000000000 ) ) ;
#4388 = DIRECTION ( 'NONE',  ( 0.000000000000000000, 0.000000000000000000, -1.000000000000000000 ) ) ;
#4389 = CIRCLE ( 'NONE', #8997, 0.1250000000000001110 ) ;
#4390 = DIRECTION ( 'NONE',  ( -0.000000000000000000, -1.000000000000000000, 0.000000000000000000 ) ) ;
#4391 = CYLINDRICAL_SURFACE ( 'NONE', #10045, 0.1250000000000000000 ) ;
#4392 = ORIENTED_EDGE ( 'NONE', *, *, #4442, .T. ) ;
#4393 = ORIENTED_EDGE ( 'NONE', *, *, #8204, .T. ) ;
#4394 = FACE_OUTER_BOUND ( 'NONE', #3001, .T. ) ;
#4395 = CARTESIAN_POINT ( 'NONE',  ( 2.500000000000000888, 0.04999999999999969746, -0.1249999999999998890 ) ) ;
#4396 = EDGE_LOOP ( 'NONE', ( #3045, #1096, #8199, #184 ) ) ;
#4397 = PLANE ( 'NONE',  #481 ) ;
#4398 = DIRECTION ( 'NONE',  ( -1.000000000000000000, 0.000000000000000000, -7.885106708985472271E-16 ) ) ;
#4399 = FACE_OUTER_BOUND ( 'NONE', #1954, .T. ) ;
#4400 = LINE ( 'NONE', #3630, #6863 ) ;
#4401 = DIRECTION ( 'NONE',  ( -0.000000000000000000, -1.000000000000000000, -0.000000000000000000 ) ) ;
#4402 = EDGE_CURVE ( 'NONE', #2382, #4424, #7984, .T. ) ;
#4403 = ORIENTED_EDGE ( 'NONE', *, *, #1293, .F. ) ;
#4404 = ORIENTED_EDGE ( 'NONE', *, *, #7451, .T. ) ;
#4405 = ADVANCED_FACE ( 'NONE', ( #3714 ), #389, .F. ) ;
#4406 = ADVANCED_FACE ( 'NONE', ( #2781 ), #5328, .F. ) ;
#4408 = ORIENTED_EDGE ( 'NONE', *, *, #413, .F. ) ;
#4407 = DIRECTION ( 'NONE',  ( 0.000000000000000000, 0.000000000000000000, 1.000000000000000000 ) ) ;
#4409 = EDGE_CURVE ( 'NONE', #10739, #783, #3771, .T. ) ;
#4410 = DIRECTION ( 'NONE',  ( 0.000000000000000000, 0.000000000000000000, -1.000000000000000000 ) ) ;
#4412 = ORIENTED_EDGE ( 'NONE', *, *, #9763, .T. ) ;
#4411 = CARTESIAN_POINT ( 'NONE',  ( 2.225000000000000533, 0.6716990566028309129, -0.6249999999999998890 ) ) ;
#4413 = DIRECTION ( 'NONE',  ( 1.000000000000000000, 0.000000000000000000, 7.885106708985472271E-16 ) ) ;
#4414 = FACE_OUTER_BOUND ( 'NONE', #9948, .T. ) ;
#4415 = CARTESIAN_POINT ( 'NONE',  ( -0.2499999999999993616, 0.2000000000000000111, -2.225000000000000977 ) ) ;
#4416 = EDGE_CURVE ( 'NONE', #4234, #1688, #5207, .T. ) ;
#4417 = LINE ( 'NONE', #6919, #2620 ) ;
#4419 = VECTOR ( 'NONE', #10866, 1000.000000000000000 ) ;
#4418 = CARTESIAN_POINT ( 'NONE',  ( 2.225000000000000533, 0.6716990566028309129, 0.8750000000000001110 ) ) ;
#4421 = ORIENTED_EDGE ( 'NONE', *, *, #6234, .T. ) ;
#4420 = SURFACE_SIDE_STYLE ('',( #4478 ) ) ;
#4422 = CARTESIAN_POINT ( 'NONE',  ( -1.749999999999999334, 0.04999999999999999584, 2.225000000000000977 ) ) ;
#4423 = VERTEX_POINT ( 'NONE', #995 ) ;
#4424 = VERTEX_POINT ( 'NONE', #222 ) ;
#4425 = LINE ( 'NONE', #10245, #747 ) ;
#4426 = ORIENTED_EDGE ( 'NONE', *, *, #2926, .T. ) ;
#4427 = LINE ( 'NONE', #7816, #9661 ) ;
#4428 = EDGE_CURVE ( 'NONE', #469, #4242, #6540, .T. ) ;
#4429 = CIRCLE ( 'NONE', #178, 0.1250000000000000000 ) ;
#4430 = ORIENTED_EDGE ( 'NONE', *, *, #4128, .T. ) ;
#4431 = CARTESIAN_POINT ( 'NONE',  ( 2.500000000000000888, 0.000000000000000000, -1.874999999999999778 ) ) ;
#4432 = CYLINDRICAL_SURFACE ( 'NONE', #8786, 0.1250000000000000000 ) ;
#4433 = ORIENTED_EDGE ( 'NONE', *, *, #5503, .T. ) ;
#4434 = ORIENTED_EDGE ( 'NONE', *, *, #8705, .F. ) ;
#4435 = CARTESIAN_POINT ( 'NONE',  ( -2.225000000000000533, 0.1999999999999999833, -1.125000000000000000 ) ) ;
#4436 = EDGE_LOOP ( 'NONE', ( #6143, #2998, #1318, #181 ) ) ;
#4437 = PRESENTATION_STYLE_ASSIGNMENT (( #9709 ) ) ;
#4438 = VECTOR ( 'NONE', #8633, 1000.000000000000000 ) ;
#4439 = LINE ( 'NONE', #9378, #762 ) ;
#4440 = DIRECTION ( 'NONE',  ( -0.000000000000000000, -1.000000000000000000, -0.000000000000000000 ) ) ;
#4441 = CARTESIAN_POINT ( 'NONE',  ( -2.500000000000000888, 0.6716990566028309129, -1.874999999999999778 ) ) ;
#4442 = EDGE_CURVE ( 'NONE', #4762, #4790, #7220, .T. ) ;
#4443 = EDGE_CURVE ( 'NONE', #9496, #4169, #3163, .T. ) ;
#4444 = FACE_OUTER_BOUND ( 'NONE', #9834, .T. ) ;
#4445 = ORIENTED_EDGE ( 'NONE', *, *, #510, .T. ) ;
#4446 = VERTEX_POINT ( 'NONE', #6487 ) ;
#4447 = LINE ( 'NONE', #9551, #6465 ) ;
#4448 = DIRECTION ( 'NONE',  ( 0.000000000000000000, -1.000000000000000000, 0.000000000000000000 ) ) ;
#4449 = ORIENTED_EDGE ( 'NONE', *, *, #1427, .T. ) ;
#4450 = PLANE ( 'NONE',  #9967 ) ;
#4451 = DIRECTION ( 'NONE',  ( 0.000000000000000000, -1.000000000000000000, 0.000000000000000000 ) ) ;
#4452 = CARTESIAN_POINT ( 'NONE',  ( -2.500000000000000888, 0.04999999999999969746, -0.6249999999999998890 ) ) ;
#4453 = PLANE ( 'NONE',  #8193 ) ;
#4454 = EDGE_CURVE ( 'NONE', #2380, #349, #3981, .T. ) ;
#4455 = DIRECTION ( 'NONE',  ( -0.000000000000000000, -1.000000000000000000, -0.000000000000000000 ) ) ;
#4456 = CARTESIAN_POINT ( 'NONE',  ( -1.624999999999999334, 0.2000000000000000944, -2.500000000000000444 ) ) ;
#4457 = ORIENTED_EDGE ( 'NONE', *, *, #4240, .T. ) ;
#4458 = ORIENTED_EDGE ( 'NONE', *, *, #883, .T. ) ;
#4459 = CIRCLE ( 'NONE', #3230, 0.1250000000000001110 ) ;
#4460 = CIRCLE ( 'NONE', #2872, 0.1250000000000000000 ) ;
#4462 = ORIENTED_EDGE ( 'NONE', *, *, #3658, .F. ) ;
#4461 = FILL_AREA_STYLE_COLOUR ( '', #10323 ) ;
#4463 = LINE ( 'NONE', #7082, #1170 ) ;
#4464 = PLANE ( 'NONE',  #765 ) ;
#4466 = ORIENTED_EDGE ( 'NONE', *, *, #1188, .F. ) ;
#4465 = DIRECTION ( 'NONE',  ( 0.000000000000000000, -1.000000000000000000, 0.000000000000000000 ) ) ;
#4467 = CARTESIAN_POINT ( 'NONE',  ( 1.050000000000000044, 3.169848480983500139, 1.050000000000000044 ) ) ;
#4468 = FACE_OUTER_BOUND ( 'NONE', #5787, .T. ) ;
#4469 = EDGE_CURVE ( 'NONE', #3572, #2599, #4710, .T. ) ;
#4470 = VECTOR ( 'NONE', #1033, 1000.000000000000000 ) ;
#4471 = ADVANCED_FACE ( 'NONE', ( #8864 ), #7323, .F. ) ;
#4472 = AXIS2_PLACEMENT_3D ( 'NONE', #7311, #9235, #6531 ) ;
#4473 = EDGE_CURVE ( 'NONE', #10366, #8330, #2116, .T. ) ;
#4474 = CARTESIAN_POINT ( 'NONE',  ( -1.478457507934777357E-15, 0.05000000000000000278, -1.875000000000001776 ) ) ;
#4475 = CARTESIAN_POINT ( 'NONE',  ( 0.3750000000000014433, 0.000000000000000000, 2.500000000000000444 ) ) ;
#4476 = FACE_OUTER_BOUND ( 'NONE', #5069, .T. ) ;
#4477 = VECTOR ( 'NONE', #5722, 1000.000000000000000 ) ;
#4479 = ORIENTED_EDGE ( 'NONE', *, *, #176, .F. ) ;
#4478 = SURFACE_STYLE_FILL_AREA ( #1940 ) ;
#4480 = CARTESIAN_POINT ( 'NONE',  ( -2.000000000000000888, 0.9000000000000000222, -2.000000000000000444 ) ) ;
#4481 = ORIENTED_EDGE ( 'NONE', *, *, #2469, .T. ) ;
#4482 = VERTEX_POINT ( 'NONE', #3877 ) ;
#4483 = CARTESIAN_POINT ( 'NONE',  ( -2.500000000000000888, 0.1999999999999999833, -0.8749999999999996669 ) ) ;
#4484 = VECTOR ( 'NONE', #8680, 1000.000000000000000 ) ;
#4485 = ORIENTED_EDGE ( 'NONE', *, *, #3533, .T. ) ;
#4486 = DIRECTION ( 'NONE',  ( 0.000000000000000000, -1.000000000000000000, 0.000000000000000000 ) ) ;
#4487 = VECTOR ( 'NONE', #1305, 1000.000000000000000 ) ;
#4488 = FACE_OUTER_BOUND ( 'NONE', #6513, .T. ) ;
#4489 = EDGE_CURVE ( 'NONE', #10420, #7201, #4765, .T. ) ;
#4490 = ORIENTED_EDGE ( 'NONE', *, *, #4583, .T. ) ;
#4491 = CARTESIAN_POINT ( 'NONE',  ( 0.3750000000000014433, 0.2000000000000000111, 2.500000000000000444 ) ) ;
#4492 = DIRECTION ( 'NONE',  ( -0.000000000000000000, -1.000000000000000000, -0.000000000000000000 ) ) ;
#4493 = EDGE_LOOP ( 'NONE', ( #916, #4025, #5870, #2221 ) ) ;
#4494 = ORIENTED_EDGE ( 'NONE', *, *, #2209, .F. ) ;
#4495 = LINE ( 'NONE', #5103, #6411 ) ;
#4496 = ORIENTED_EDGE ( 'NONE', *, *, #695, .T. ) ;
#4497 = SURFACE_STYLE_USAGE ( .BOTH. , #4552 ) ;
#4498 = DIRECTION ( 'NONE',  ( 0.000000000000000000, 0.000000000000000000, -1.000000000000000000 ) ) ;
#4499 = LINE ( 'NONE', #7886, #9505 ) ;
#4500 = CIRCLE ( 'NONE', #9812, 0.1250000000000001110 ) ;
#4501 = DIRECTION ( 'NONE',  ( -1.000000000000000000, 0.000000000000000000, 0.000000000000000000 ) ) ;
#4502 = ORIENTED_EDGE ( 'NONE', *, *, #2520, .F. ) ;
#4503 = EDGE_CURVE ( 'NONE', #1136, #10408, #554, .T. ) ;
#4504 = ORIENTED_EDGE ( 'NONE', *, *, #3296, .F. ) ;
#4505 = CARTESIAN_POINT ( 'NONE',  ( 2.225000000000000533, 0.6716990566028309129, 0.3750000000000001110 ) ) ;
#4506 = FACE_OUTER_BOUND ( 'NONE', #7042, .T. ) ;
#4507 = ORIENTED_EDGE ( 'NONE', *, *, #7967, .T. ) ;
#4508 = DIRECTION ( 'NONE',  ( -1.000000000000000000, 0.000000000000000000, 0.000000000000000000 ) ) ;
#4509 = LINE ( 'NONE', #2857, #9148 ) ;
#4510 = PLANE ( 'NONE',  #4831 ) ;
#4511 = VECTOR ( 'NONE', #10654, 1000.000000000000000 ) ;
#4512 = DIRECTION ( 'NONE',  ( 1.000000000000000000, -0.000000000000000000, -1.734723475976807341E-16 ) ) ;
#4513 = DIRECTION ( 'NONE',  ( 1.000000000000000000, 0.000000000000000000, -2.365532012695641878E-15 ) ) ;
#4514 = ORIENTED_EDGE ( 'NONE', *, *, #4216, .T. ) ;
#4515 = ORIENTED_EDGE ( 'NONE', *, *, #10169, .F. ) ;
#4516 = AXIS2_PLACEMENT_3D ( 'NONE', #3111, #9871, #1436 ) ;
#4518 = ORIENTED_EDGE ( 'NONE', *, *, #523, .T. ) ;
#4517 =( NAMED_UNIT ( * ) PLANE_ANGLE_UNIT ( ) SI_UNIT ( $, .RADIAN. ) );
#4519 = EDGE_CURVE ( 'NONE', #4627, #8212, #7271, .T. ) ;
#4520 = DIRECTION ( 'NONE',  ( 0.000000000000000000, -0.000000000000000000, 1.000000000000000000 ) ) ;
#4521 = CARTESIAN_POINT ( 'NONE',  ( 0.3750000000000007772, 0.000000000000000000, -2.500000000000000444 ) ) ;
#4522 = CARTESIAN_POINT ( 'NONE',  ( -1.249999999999999334, 0.1999999999999999833, -2.225000000000000977 ) ) ;
#4523 = FACE_OUTER_BOUND ( 'NONE', #8352, .T. ) ;
#4524 = DIRECTION ( 'NONE',  ( 0.000000000000000000, 0.000000000000000000, -1.000000000000000000 ) ) ;
#4525 = CLOSED_SHELL ( 'NONE', ( #3220, #1837, #5641, #7726, #3146, #3770, #9762 ) ) ;
#4526 =( GEOMETRIC_REPRESENTATION_CONTEXT ( 3 ) GLOBAL_UNCERTAINTY_ASSIGNED_CONTEXT ( ( #1843 ) ) GLOBAL_UNIT_ASSIGNED_CONTEXT ( ( #8043, #6545, #6383 ) ) REPRESENTATION_CONTEXT ( 'NONE', 'WORKASPACE' ) );
#4527 = FACE_OUTER_BOUND ( 'NONE', #9471, .T. ) ;
#4528 = CARTESIAN_POINT ( 'NONE',  ( -2.225000000000000533, 0.000000000000000000, 0.1249999999999996808 ) ) ;
#4529 = EDGE_LOOP ( 'NONE', ( #9738, #3436, #10724, #4208 ) ) ;
#4530 = DIRECTION ( 'NONE',  ( 2.365532012695641878E-15, -0.000000000000000000, 1.000000000000000000 ) ) ;
#4532 = ORIENTED_EDGE ( 'NONE', *, *, #7638, .T. ) ;
#4531 = EDGE_CURVE ( 'NONE', #7261, #2933, #665, .T. ) ;
#4533 = ORIENTED_EDGE ( 'NONE', *, *, #2675, .F. ) ;
#4534 = CARTESIAN_POINT ( 'NONE',  ( -1.749999999999999334, 0.2000000000000000111, -2.225000000000000977 ) ) ;
#4535 = ORIENTED_EDGE ( 'NONE', *, *, #7665, .F. ) ;
#4536 = VECTOR ( 'NONE', #2038, 1000.000000000000000 ) ;
#4537 = DIRECTION ( 'NONE',  ( -2.365532012695648978E-15, 0.000000000000000000, -1.000000000000000000 ) ) ;
#4538 = CARTESIAN_POINT ( 'NONE',  ( 2.225000000000000533, 0.000000000000000000, -0.2500000000000002220 ) ) ;
#4539 = AXIS2_PLACEMENT_3D ( 'NONE', #4081, #7519, #3202 ) ;
#4540 = VECTOR ( 'NONE', #5169, 1000.000000000000000 ) ;
#4541 = ORIENTED_EDGE ( 'NONE', *, *, #10732, .T. ) ;
#4542 = CARTESIAN_POINT ( 'NONE',  ( -0.2499999999999993616, 0.04999999999999999584, -2.225000000000000977 ) ) ;
#4543 = VECTOR ( 'NONE', #7690, 1000.000000000000000 ) ;
#4544 = CARTESIAN_POINT ( 'NONE',  ( -2.225000000000000533, 0.1999999999999999833, 0.6249999999999997780 ) ) ;
#4546 = ORIENTED_EDGE ( 'NONE', *, *, #146, .F. ) ;
#4545 = EDGE_CURVE ( 'NONE', #3024, #8308, #3000, .T. ) ;
#4547 = ORIENTED_EDGE ( 'NONE', *, *, #8950, .F. ) ;
#4548 = CARTESIAN_POINT ( 'NONE',  ( -0.8749999999999985567, 0.04999999999999969746, 2.500000000000001332 ) ) ;
#4549 = ORIENTED_EDGE ( 'NONE', *, *, #9290, .F. ) ;
#4550 = EDGE_CURVE ( 'NONE', #5844, #4800, #7381, .T. ) ;
#4551 = EDGE_CURVE ( 'NONE', #1516, #9644, #5601, .T. ) ;
#4552 = SURFACE_SIDE_STYLE ('',( #8702 ) ) ;
#4553 = LINE ( 'NONE', #285, #7496 ) ;
#4554 = EDGE_CURVE ( 'NONE', #432, #6472, #3489, .T. ) ;
#4555 = VECTOR ( 'NONE', #4969, 1000.000000000000000 ) ;
#4556 = VECTOR ( 'NONE', #1766, 1000.000000000000000 ) ;
#4557 = DIRECTION ( 'NONE',  ( 0.000000000000000000, 1.000000000000000000, 0.000000000000000000 ) ) ;
#4558 = VECTOR ( 'NONE', #2987, 1000.000000000000000 ) ;
#4559 = AXIS2_PLACEMENT_3D ( 'NONE', #2186, #8934, #5559 ) ;
#4560 = VECTOR ( 'NONE', #6304, 1000.000000000000000 ) ;
#4561 = DIRECTION ( 'NONE',  ( -1.000000000000000000, 0.000000000000000000, 0.000000000000000000 ) ) ;
#4562 = ORIENTED_EDGE ( 'NONE', *, *, #2794, .F. ) ;
#4563 = ORIENTED_EDGE ( 'NONE', *, *, #6232, .F. ) ;
#4564 = CARTESIAN_POINT ( 'NONE',  ( -0.8749999999999985567, 0.000000000000000000, 2.500000000000001332 ) ) ;
#4565 = CARTESIAN_POINT ( 'NONE',  ( -0.7499999999999993339, 0.2000000000000000111, -2.225000000000000977 ) ) ;
#4566 = FACE_OUTER_BOUND ( 'NONE', #2118, .T. ) ;
#4567 =( NAMED_UNIT ( * ) PLANE_ANGLE_UNIT ( ) SI_UNIT ( $, .RADIAN. ) );
#4568 = CYLINDRICAL_SURFACE ( 'NONE', #9335, 0.1250000000000001110 ) ;
#4569 = DIRECTION ( 'NONE',  ( -0.000000000000000000, -1.000000000000000000, -0.000000000000000000 ) ) ;
#4570 = UNCERTAINTY_MEASURE_WITH_UNIT (LENGTH_MEASURE( 1.000000000000000082E-05 ), #10406, 'distance_accuracy_value', 'NONE');
#4571 = CARTESIAN_POINT ( 'NONE',  ( -1.624999999999999334, 0.000000000000000000, -2.225000000000000977 ) ) ;
#4572 = ADVANCED_FACE ( 'NONE', ( #1431 ), #9806, .T. ) ;
#4573 = LINE ( 'NONE', #9826, #5084 ) ;
#4574 = FACE_OUTER_BOUND ( 'NONE', #6622, .T. ) ;
#4575 = ORIENTED_EDGE ( 'NONE', *, *, #6275, .F. ) ;
#4576 = ORIENTED_EDGE ( 'NONE', *, *, #5826, .F. ) ;
#4577 = ORIENTED_EDGE ( 'NONE', *, *, #7212, .T. ) ;
#4578 = DIRECTION ( 'NONE',  ( 0.000000000000000000, 0.000000000000000000, 1.000000000000000000 ) ) ;
#4579 = DIRECTION ( 'NONE',  ( -2.065146995210484941E-16, 0.000000000000000000, 1.000000000000000000 ) ) ;
#4580 = LINE ( 'NONE', #8066, #1357 ) ;
#4581 = LINE ( 'NONE', #1084, #4536 ) ;
#4582 = CARTESIAN_POINT ( 'NONE',  ( -1.249999999999999334, 0.6716990566028311349, 2.225000000000000977 ) ) ;
#4583 = EDGE_CURVE ( 'NONE', #4947, #6320, #3106, .T. ) ;
#4584 = ADVANCED_FACE ( 'NONE', ( #4042 ), #445, .F. ) ;
#4585 = PLANE ( 'NONE',  #1767 ) ;
#4586 = DIRECTION ( 'NONE',  ( 0.000000000000000000, 0.000000000000000000, -1.000000000000000000 ) ) ;
#4588 = EDGE_LOOP ( 'NONE', ( #9274, #4518, #3718, #664 ) ) ;
#4587 = LINE ( 'NONE', #8903, #3251 ) ;
#4589 = CARTESIAN_POINT ( 'NONE',  ( 0.8750000000000007772, 0.2000000000000000111, -2.500000000000000444 ) ) ;
#4590 = EDGE_LOOP ( 'NONE', ( #7978, #3161, #6185, #8425, #2840 ) ) ;
#4591 = ORIENTED_EDGE ( 'NONE', *, *, #4069, .T. ) ;
#4592 = DIRECTION ( 'NONE',  ( -0.000000000000000000, -1.000000000000000000, -0.000000000000000000 ) ) ;
#4593 = VERTEX_POINT ( 'NONE', #10613 ) ;
#4594 = LINE ( 'NONE', #1832, #4345 ) ;
#4595 = CARTESIAN_POINT ( 'NONE',  ( 2.225000000000000533, 0.000000000000000000, -0.7500000000000002220 ) ) ;
#4596 = AXIS2_PLACEMENT_3D ( 'NONE', #6078, #925, #1876 ) ;
#4597 = FACE_OUTER_BOUND ( 'NONE', #558, .T. ) ;
#4598 = ORIENTED_EDGE ( 'NONE', *, *, #4808, .F. ) ;
#4599 = CARTESIAN_POINT ( 'NONE',  ( 0.8750000000000007772, 0.2000000000000000944, -2.500000000000000444 ) ) ;
#4600 = DIRECTION ( 'NONE',  ( 0.000000000000000000, -1.000000000000000000, 0.000000000000000000 ) ) ;
#4601 = VERTEX_POINT ( 'NONE', #8145 ) ;
#4602 = ORIENTED_EDGE ( 'NONE', *, *, #6656, .F. ) ;
#4603 = CARTESIAN_POINT ( 'NONE',  ( -1.374999999999999334, 0.2000000000000000111, -2.500000000000000444 ) ) ;
#4604 = EDGE_LOOP ( 'NONE', ( #7863, #8372, #8563, #7275 ) ) ;
#4605 = SURFACE_STYLE_FILL_AREA ( #2786 ) ;
#4606 = CARTESIAN_POINT ( 'NONE',  ( -0.8749999999999985567, 0.6716990566028311349, 2.500000000000001332 ) ) ;
#4607 = AXIS2_PLACEMENT_3D ( 'NONE', #3181, #9055, #10746 ) ;
#4608 = CARTESIAN_POINT ( 'NONE',  ( 0.8750000000000007772, 0.6716990566028311349, 2.225000000000000977 ) ) ;
#4609 = EDGE_CURVE ( 'NONE', #8398, #6226, #10887, .T. ) ;
#4610 = EDGE_CURVE ( 'NONE', #1418, #334, #2545, .T. ) ;
#4611 = EDGE_CURVE ( 'NONE', #9553, #5805, #7482, .T. ) ;
#4612 = CIRCLE ( 'NONE', #10444, 0.1250000000000000000 ) ;
#4613 = CARTESIAN_POINT ( 'NONE',  ( 2.500000000000000000, 0.05000000000000000278, 2.499999999999999556 ) ) ;
#4614 = ORIENTED_EDGE ( 'NONE', *, *, #9079, .T. ) ;
#4615 = VERTEX_POINT ( 'NONE', #10836 ) ;
#4616 = DIRECTION ( 'NONE',  ( -0.000000000000000000, -1.000000000000000000, -0.000000000000000000 ) ) ;
#4617 = DIRECTION ( 'NONE',  ( 0.000000000000000000, 0.000000000000000000, 1.000000000000000000 ) ) ;
#4618 = DIRECTION ( 'NONE',  ( -0.000000000000000000, -1.000000000000000000, -0.000000000000000000 ) ) ;
#4619 = CARTESIAN_POINT ( 'NONE',  ( -2.225000000000000533, 0.6716990566028309129, -0.3749999999999998890 ) ) ;
#4620 = FACE_OUTER_BOUND ( 'NONE', #1385, .T. ) ;
#4621 = FACE_OUTER_BOUND ( 'NONE', #3900, .T. ) ;
#4622 = PRESENTATION_LAYER_ASSIGNMENT (  '', '', ( #9043 ) ) ;
#4623 = EDGE_CURVE ( 'NONE', #6472, #432, #3675, .T. ) ;
#4624 = CARTESIAN_POINT ( 'NONE',  ( 1.624999999999995559, 0.05000000000000000278, -3.843989520630407600E-15 ) ) ;
#4625 = CYLINDRICAL_SURFACE ( 'NONE', #6207, 0.1250000000000000000 ) ;
#4626 = ORIENTED_EDGE ( 'NONE', *, *, #8100, .T. ) ;
#4627 = VERTEX_POINT ( 'NONE', #8471 ) ;
#4629 = EDGE_LOOP ( 'NONE', ( #2329, #1827, #3576, #2161 ) ) ;
#4628 = CARTESIAN_POINT ( 'NONE',  ( 2.225000000000000533, 0.1999999999999999833, -0.8750000000000003331 ) ) ;
#4630 = EDGE_CURVE ( 'NONE', #6050, #1269, #5091, .T. ) ;
#4631 = PLANE ( 'NONE',  #8723 ) ;
#4632 = CARTESIAN_POINT ( 'NONE',  ( -1.124999999999998668, 0.2000000000000000111, 2.500000000000000444 ) ) ;
#4633 = LINE ( 'NONE', #424, #2776 ) ;
#4634 = FACE_OUTER_BOUND ( 'NONE', #9851, .T. ) ;
#4635 = VECTOR ( 'NONE', #3609, 1000.000000000000000 ) ;
#4636 = CARTESIAN_POINT ( 'NONE',  ( 1.050000000000000044, 0.2000000000000000944, 1.050000000000000044 ) ) ;
#4637 = CARTESIAN_POINT ( 'NONE',  ( 2.500000000000000888, 0.000000000000000000, 0.3750000000000001110 ) ) ;
#4639 = ORIENTED_EDGE ( 'NONE', *, *, #7075, .F. ) ;
#4638 = FACE_OUTER_BOUND ( 'NONE', #6026, .T. ) ;
#4640 = CARTESIAN_POINT ( 'NONE',  ( 0.8750000000000014433, 0.2000000000000000111, 2.500000000000000444 ) ) ;
#4641 = VERTEX_POINT ( 'NONE', #1605 ) ;
#4642 = EDGE_CURVE ( 'NONE', #5425, #7221, #877, .T. ) ;
#4643 = ORIENTED_EDGE ( 'NONE', *, *, #6211, .T. ) ;
#4644 = DIRECTION ( 'NONE',  ( -0.000000000000000000, -1.000000000000000000, -0.000000000000000000 ) ) ;
#4645 = VERTEX_POINT ( 'NONE', #6705 ) ;
#4646 = CARTESIAN_POINT ( 'NONE',  ( 2.500000000000000000, 0.05000000000000000278, -2.500000000000000444 ) ) ;
#4647 = FACE_OUTER_BOUND ( 'NONE', #2035, .T. ) ;
#4648 = AXIS2_PLACEMENT_3D ( 'NONE', #9638, #1215, #3041 ) ;
#4649 = CIRCLE ( 'NONE', #5712, 0.1250000000000001110 ) ;
#4650 = CLOSED_SHELL ( 'NONE', ( #6381, #10176, #10096, #2335, #971, #3456, #8465 ) ) ;
#4651 = DIRECTION ( 'NONE',  ( 1.000000000000000000, 0.000000000000000000, -2.365532012695641878E-15 ) ) ;
#4652 = VECTOR ( 'NONE', #2519, 1000.000000000000000 ) ;
#4653 = EDGE_LOOP ( 'NONE', ( #4131, #2653, #6924, #9673 ) ) ;
#4654 = COLOUR_RGB ( '',0.7921568627450980005, 0.8196078431372548767, 0.9333333333333333481 ) ;
#4655 = DIRECTION ( 'NONE',  ( 7.885106708985472271E-16, 0.000000000000000000, 1.000000000000000000 ) ) ;
#4656 = EDGE_CURVE ( 'NONE', #3407, #5855, #2259, .T. ) ;
#4657 = DIRECTION ( 'NONE',  ( 0.000000000000000000, 0.000000000000000000, -1.000000000000000000 ) ) ;
#4658 = EDGE_LOOP ( 'NONE', ( #2975, #2052, #2690, #7131 ) ) ;
#4659 = ORIENTED_EDGE ( 'NONE', *, *, #2622, .T. ) ;
#4660 = CARTESIAN_POINT ( 'NONE',  ( 2.225000000000000533, 0.1999999999999999833, 0.3750000000000001110 ) ) ;
#4661 = EDGE_LOOP ( 'NONE', ( #6814, #6563, #10151, #4925 ) ) ;
#4662 = CARTESIAN_POINT ( 'NONE',  ( -0.8749999999999992228, 0.2000000000000000111, 2.225000000000000977 ) ) ;
#4663 = AXIS2_PLACEMENT_3D ( 'NONE', #7715, #10254, #2670 ) ;
#4664 = COLOUR_RGB ( '',0.7921568627450980005, 0.8196078431372548767, 0.9333333333333333481 ) ;
#4665 = DIRECTION ( 'NONE',  ( 0.000000000000000000, -1.000000000000000000, 0.000000000000000000 ) ) ;
#4666 = ORIENTED_EDGE ( 'NONE', *, *, #8543, .T. ) ;
#4667 = ORIENTED_EDGE ( 'NONE', *, *, #10678, .T. ) ;
#4668 = LINE ( 'NONE', #9818, #10679 ) ;
#4669 = DIRECTION ( 'NONE',  ( -1.000000000000000000, 0.000000000000000000, 2.365532012695649373E-15 ) ) ;
#4670 = ADVANCED_FACE ( 'NONE', ( #4972 ), #3270, .F. ) ;
#4671 = FACE_OUTER_BOUND ( 'NONE', #1479, .T. ) ;
#4672 = EDGE_CURVE ( 'NONE', #7365, #1641, #10032, .T. ) ;
#4673 = DIRECTION ( 'NONE',  ( -0.000000000000000000, -1.000000000000000000, -0.000000000000000000 ) ) ;
#4674 = DIRECTION ( 'NONE',  ( -1.000000000000000000, 0.000000000000000000, 0.000000000000000000 ) ) ;
#4675 = VECTOR ( 'NONE', #1458, 1000.000000000000000 ) ;
#4676 = ADVANCED_FACE ( 'NONE', ( #10944 ), #6648, .F. ) ;
#4677 = LINE ( 'NONE', #8833, #10551 ) ;
#4678 = CARTESIAN_POINT ( 'NONE',  ( 2.500000000000000888, 0.000000000000000000, -0.1249999999999998890 ) ) ;
#4679 = CARTESIAN_POINT ( 'NONE',  ( -2.499999999999999556, 0.2000000000000005107, 0.8750000000000001110 ) ) ;
#4680 = ORIENTED_EDGE ( 'NONE', *, *, #5449, .T. ) ;
#4681 = ORIENTED_EDGE ( 'NONE', *, *, #3468, .F. ) ;
#4683 = VERTEX_POINT ( 'NONE', #10075 ) ;
#4682 = CARTESIAN_POINT ( 'NONE',  ( -0.6249999999999985567, 0.2000000000000000111, 2.500000000000000444 ) ) ;
#4684 = SURFACE_SIDE_STYLE ('',( #1304 ) ) ;
#4685 = ADVANCED_FACE ( 'NONE', ( #9363 ), #1717, .F. ) ;
#4686 = CARTESIAN_POINT ( 'NONE',  ( -1.249999999999999334, 0.04999999999999999584, 2.225000000000000977 ) ) ;
#4687 = CYLINDRICAL_SURFACE ( 'NONE', #4718, 0.1250000000000001110 ) ;
#4688 = VECTOR ( 'NONE', #7779, 1000.000000000000000 ) ;
#4689 = EDGE_CURVE ( 'NONE', #2441, #1796, #5759, .T. ) ;
#4690 = CARTESIAN_POINT ( 'NONE',  ( 2.500000000000000888, 0.1999999999999999833, -0.8749999999999996669 ) ) ;
#4691 = ADVANCED_FACE ( 'NONE', ( #4259 ), #5818, .T. ) ;
#4692 = CYLINDRICAL_SURFACE ( 'NONE', #4997, 0.1250000000000001110 ) ;
#4693 =( GEOMETRIC_REPRESENTATION_CONTEXT ( 3 ) GLOBAL_UNCERTAINTY_ASSIGNED_CONTEXT ( ( #10251 ) ) GLOBAL_UNIT_ASSIGNED_CONTEXT ( ( #4015, #4121, #7714 ) ) REPRESENTATION_CONTEXT ( 'NONE', 'WORKASPACE' ) );
#4694 = CARTESIAN_POINT ( 'NONE',  ( 0.7500000000000006661, 0.000000000000000000, 2.225000000000000977 ) ) ;
#4695 = DIRECTION ( 'NONE',  ( 0.000000000000000000, 1.000000000000000000, -0.000000000000000000 ) ) ;
#4697 = ORIENTED_EDGE ( 'NONE', *, *, #2592, .T. ) ;
#4696 =( NAMED_UNIT ( * ) SI_UNIT ( $, .STERADIAN. ) SOLID_ANGLE_UNIT ( ) );
#4698 = DIRECTION ( 'NONE',  ( -1.000000000000000000, 0.000000000000000000, 2.365532012695649373E-15 ) ) ;
#4699 = EDGE_LOOP ( 'NONE', ( #10948, #2724, #5208, #8748 ) ) ;
#4700 = ORIENTED_EDGE ( 'NONE', *, *, #9711, .T. ) ;
#4701 = LINE ( 'NONE', #2108, #5170 ) ;
#4702 = ORIENTED_EDGE ( 'NONE', *, *, #3736, .F. ) ;
#4703 = LINE ( 'NONE', #7262, #3303 ) ;
#4704 = LINE ( 'NONE', #3099, #3052 ) ;
#4705 = EDGE_CURVE ( 'NONE', #4298, #7418, #8414, .T. ) ;
#4706 = DIRECTION ( 'NONE',  ( 0.000000000000000000, -1.000000000000000000, 0.000000000000000000 ) ) ;
#4707 = VECTOR ( 'NONE', #6088, 1000.000000000000000 ) ;
#4708 = VERTEX_POINT ( 'NONE', #8521 ) ;
#4709 = DIRECTION ( 'NONE',  ( -1.000000000000000000, 0.000000000000000000, 0.000000000000000000 ) ) ;
#4710 = LINE ( 'NONE', #9866, #8263 ) ;
#4711 = ORIENTED_EDGE ( 'NONE', *, *, #2375, .T. ) ;
#4712 = ORIENTED_EDGE ( 'NONE', *, *, #4343, .F. ) ;
#4713 = CARTESIAN_POINT ( 'NONE',  ( -0.1249999999999985983, 0.1999999999999999833, 2.500000000000000444 ) ) ;
#4714 = ORIENTED_EDGE ( 'NONE', *, *, #7016, .T. ) ;
#4715 = CARTESIAN_POINT ( 'NONE',  ( -2.225000000000000533, 0.000000000000000000, -1.125000000000000000 ) ) ;
#4716 = VECTOR ( 'NONE', #9463, 1000.000000000000000 ) ;
#4717 = EDGE_CURVE ( 'NONE', #4947, #10713, #930, .T. ) ;
#4718 = AXIS2_PLACEMENT_3D ( 'NONE', #3137, #6406, #10594 ) ;
#4719 = CARTESIAN_POINT ( 'NONE',  ( 0.8750000000000007772, 0.04999999999999999584, 2.225000000000000977 ) ) ;
#4720 = ORIENTED_EDGE ( 'NONE', *, *, #5813, .T. ) ;
#4721 = ORIENTED_EDGE ( 'NONE', *, *, #6091, .F. ) ;
#4722 = DIRECTION ( 'NONE',  ( 0.000000000000000000, 0.000000000000000000, 1.000000000000000000 ) ) ;
#4723 = VECTOR ( 'NONE', #8053, 1000.000000000000000 ) ;
#4724 = CARTESIAN_POINT ( 'NONE',  ( 2.225000000000000533, 0.000000000000000000, 1.249999999999999778 ) ) ;
#4725 = DIRECTION ( 'NONE',  ( 0.000000000000000000, 0.000000000000000000, 1.000000000000000000 ) ) ;
#4726 = DIRECTION ( 'NONE',  ( -0.000000000000000000, -1.000000000000000000, -0.000000000000000000 ) ) ;
#4727 = AXIS2_PLACEMENT_3D ( 'NONE', #4863, #8252, #6375 ) ;
#4728 = CIRCLE ( 'NONE', #1729, 0.1250000000000001110 ) ;
#4729 = DIRECTION ( 'NONE',  ( -1.000000000000000000, 0.000000000000000000, 7.885106708985472271E-16 ) ) ;
#4730 = FILL_AREA_STYLE_COLOUR ( '', #8626 ) ;
#4731 = AXIS2_PLACEMENT_3D ( 'NONE', #10090, #786, #3177 ) ;
#4732 = AXIS2_PLACEMENT_3D ( 'NONE', #5512, #8006, #9607 ) ;
#4733 = VECTOR ( 'NONE', #2216, 1000.000000000000000 ) ;
#4734 = LINE ( 'NONE', #4838, #844 ) ;
#4735 = CARTESIAN_POINT ( 'NONE',  ( 1.084202172485503645E-15, 0.05000000000000000278, -1.375000000000001554 ) ) ;
#4736 = VERTEX_POINT ( 'NONE', #10780 ) ;
#4737 = ORIENTED_EDGE ( 'NONE', *, *, #4998, .T. ) ;
#4739 = ORIENTED_EDGE ( 'NONE', *, *, #3520, .F. ) ;
#4738 = CARTESIAN_POINT ( 'NONE',  ( -2.500000000000000888, 0.1999999999999999833, -0.6249999999999998890 ) ) ;
#4740 = LINE ( 'NONE', #8170, #463 ) ;
#4741 = SURFACE_STYLE_USAGE ( .BOTH. , #6518 ) ;
#4742 = LINE ( 'NONE', #10645, #1526 ) ;
#4743 = LINE ( 'NONE', #3084, #5431 ) ;
#4744 = CARTESIAN_POINT ( 'NONE',  ( -0.6249999999999992228, 0.2000000000000000111, -2.500000000000000444 ) ) ;
#4745 = EDGE_CURVE ( 'NONE', #4928, #1606, #9970, .T. ) ;
#4746 = VECTOR ( 'NONE', #4665, 1000.000000000000000 ) ;
#4747 = ADVANCED_FACE ( 'NONE', ( #7535 ), #8575, .T. ) ;
#4748 = EDGE_CURVE ( 'NONE', #6110, #3295, #983, .T. ) ;
#4749 = EDGE_CURVE ( 'NONE', #7465, #5732, #10717, .T. ) ;
#4750 = LINE ( 'NONE', #8125, #5666 ) ;
#4751 = DIRECTION ( 'NONE',  ( 1.032573497605242471E-16, 0.000000000000000000, -1.000000000000000000 ) ) ;
#4752 = VERTEX_POINT ( 'NONE', #8739 ) ;
#4753 = DIRECTION ( 'NONE',  ( 0.000000000000000000, -0.000000000000000000, -1.000000000000000000 ) ) ;
#4754 = VERTEX_POINT ( 'NONE', #1942 ) ;
#4755 = EDGE_LOOP ( 'NONE', ( #6890, #10515, #8851, #608 ) ) ;
#4756 = CARTESIAN_POINT ( 'NONE',  ( 0.8750000000000007772, 0.000000000000000000, 2.225000000000000977 ) ) ;
#4757 = ORIENTED_EDGE ( 'NONE', *, *, #991, .T. ) ;
#4758 = CARTESIAN_POINT ( 'NONE',  ( 0.1250000000000014155, 0.000000000000000000, 2.500000000000001332 ) ) ;
#4759 = DIRECTION ( 'NONE',  ( 0.000000000000000000, -1.000000000000000000, 0.000000000000000000 ) ) ;
#4760 = EDGE_CURVE ( 'NONE', #1388, #5385, #103, .T. ) ;
#4761 = CARTESIAN_POINT ( 'NONE',  ( -2.225000000000000533, 0.1999999999999999833, 0.8750000000000001110 ) ) ;
#4762 = VERTEX_POINT ( 'NONE', #5372 ) ;
#4764 = ORIENTED_EDGE ( 'NONE', *, *, #10665, .T. ) ;
#4763 = LINE ( 'NONE', #6485, #8151 ) ;
#4765 = LINE ( 'NONE', #9914, #3839 ) ;
#4766 = ORIENTED_EDGE ( 'NONE', *, *, #6601, .T. ) ;
#4767 = ORIENTED_EDGE ( 'NONE', *, *, #7933, .F. ) ;
#4768 = DIRECTION ( 'NONE',  ( 1.000000000000000000, -0.000000000000000000, 0.000000000000000000 ) ) ;
#4769 = ORIENTED_EDGE ( 'NONE', *, *, #6977, .F. ) ;
#4770 = EDGE_CURVE ( 'NONE', #3848, #5506, #1993, .T. ) ;
#4771 = LINE ( 'NONE', #6388, #138 ) ;
#4772 = VERTEX_POINT ( 'NONE', #3484 ) ;
#4773 = ORIENTED_EDGE ( 'NONE', *, *, #7871, .T. ) ;
#4774 = CARTESIAN_POINT ( 'NONE',  ( -1.749999999999999334, 0.6716990566028311349, 2.225000000000000977 ) ) ;
#4775 = VECTOR ( 'NONE', #5640, 1000.000000000000000 ) ;
#4776 = CARTESIAN_POINT ( 'NONE',  ( 1.875000000000000888, 0.000000000000000000, -2.225000000000000977 ) ) ;
#4777 = FACE_OUTER_BOUND ( 'NONE', #6125, .T. ) ;
#4778 = DIRECTION ( 'NONE',  ( 0.000000000000000000, -1.000000000000000000, 0.000000000000000000 ) ) ;
#4779 = EDGE_CURVE ( 'NONE', #9515, #3453, #6871, .T. ) ;
#4780 = CARTESIAN_POINT ( 'NONE',  ( 2.225000000000000533, 0.000000000000000000, -1.625000000000000000 ) ) ;
#4781 = UNCERTAINTY_MEASURE_WITH_UNIT (LENGTH_MEASURE( 1.000000000000000082E-05 ), #7255, 'distance_accuracy_value', 'NONE');
#4782 = PLANE ( 'NONE',  #9518 ) ;
#4783 = AXIS2_PLACEMENT_3D ( 'NONE', #6990, #7053, #10353 ) ;
#4784 = CARTESIAN_POINT ( 'NONE',  ( -0.3749999999999992228, 0.000000000000000000, 2.225000000000000977 ) ) ;
#4785 = EDGE_CURVE ( 'NONE', #4285, #6812, #2826, .T. ) ;
#4786 = DIRECTION ( 'NONE',  ( 0.000000000000000000, 0.000000000000000000, -1.000000000000000000 ) ) ;
#4787 = ORIENTED_EDGE ( 'NONE', *, *, #8123, .F. ) ;
#4788 = ORIENTED_EDGE ( 'NONE', *, *, #4979, .T. ) ;
#4790 = VERTEX_POINT ( 'NONE', #9527 ) ;
#4789 = CARTESIAN_POINT ( 'NONE',  ( 0.8750000000000007772, 0.000000000000000000, -2.500000000000000444 ) ) ;
#4791 = SURFACE_STYLE_USAGE ( .BOTH. , #740 ) ;
#4792 = PLANE ( 'NONE',  #111 ) ;
#4793 = DIRECTION ( 'NONE',  ( 0.000000000000000000, -0.000000000000000000, -1.000000000000000000 ) ) ;
#4794 = EDGE_CURVE ( 'NONE', #3283, #250, #9579, .T. ) ;
#4795 = CIRCLE ( 'NONE', #10609, 0.1250000000000000000 ) ;
#4796 = CARTESIAN_POINT ( 'NONE',  ( -2.225000000000000533, 0.1999999999999999833, -0.3749999999999998890 ) ) ;
#4797 = CARTESIAN_POINT ( 'NONE',  ( -2.500000000000000888, 0.000000000000000000, -1.625000000000000000 ) ) ;
#4798 = LINE ( 'NONE', #3149, #3802 ) ;
#4800 = VERTEX_POINT ( 'NONE', #6923 ) ;
#4799 = FILL_AREA_STYLE_COLOUR ( '', #9024 ) ;
#4801 = FACE_OUTER_BOUND ( 'NONE', #9384, .T. ) ;
#4802 = ORIENTED_EDGE ( 'NONE', *, *, #8569, .F. ) ;
#4803 = ORIENTED_EDGE ( 'NONE', *, *, #1073, .F. ) ;
#4804 = PLANE ( 'NONE',  #2522 ) ;
#4805 = EDGE_LOOP ( 'NONE', ( #1891, #10693, #9754, #1842 ) ) ;
#4806 = CARTESIAN_POINT ( 'NONE',  ( -1.375000000000004441, 0.05000000000000000278, 3.252606517456518430E-15 ) ) ;
#4807 = CARTESIAN_POINT ( 'NONE',  ( 2.225000000000000533, 0.6716990566028309129, -0.1249999999999998890 ) ) ;
#4808 = EDGE_CURVE ( 'NONE', #1108, #8076, #10242, .T. ) ;
#4809 = EDGE_CURVE ( 'NONE', #8670, #1262, #210, .T. ) ;
#4810 = EDGE_CURVE ( 'NONE', #5444, #597, #5316, .T. ) ;
#4811 = AXIS2_PLACEMENT_3D ( 'NONE', #4385, #6824, #8587 ) ;
#4812 = CARTESIAN_POINT ( 'NONE',  ( -2.499999999999999556, 9.071067811865477282, 2.500000000000000444 ) ) ;
#4814 = VERTEX_POINT ( 'NONE', #4312 ) ;
#4813 = DIRECTION ( 'NONE',  ( 0.000000000000000000, 0.000000000000000000, 1.000000000000000000 ) ) ;
#4815 = DIRECTION ( 'NONE',  ( 0.000000000000000000, -1.000000000000000000, 0.000000000000000000 ) ) ;
#4816 = ORIENTED_EDGE ( 'NONE', *, *, #8594, .F. ) ;
#4817 = ORIENTED_EDGE ( 'NONE', *, *, #548, .F. ) ;
#4818 = DIRECTION ( 'NONE',  ( 2.365532012695641878E-15, -0.000000000000000000, 1.000000000000000000 ) ) ;
#4819 = VERTEX_POINT ( 'NONE', #2704 ) ;
#4820 = CARTESIAN_POINT ( 'NONE',  ( -2.500000000000000888, 0.1999999999999999833, -1.125000000000000000 ) ) ;
#4821 = VECTOR ( 'NONE', #8474, 1000.000000000000000 ) ;
#4822 = EDGE_CURVE ( 'NONE', #6354, #8475, #1094, .T. ) ;
#4823 = EDGE_CURVE ( 'NONE', #4683, #7878, #10450, .T. ) ;
#4824 = AXIS2_PLACEMENT_3D ( 'NONE', #8350, #7421, #6583 ) ;
#4825 = LINE ( 'NONE', #2229, #1558 ) ;
#4826 = EDGE_LOOP ( 'NONE', ( #1661, #7682, #8984, #9631 ) ) ;
#4827 = ORIENTED_EDGE ( 'NONE', *, *, #9427, .T. ) ;
#4828 = FACE_OUTER_BOUND ( 'NONE', #7052, .T. ) ;
#4829 = VECTOR ( 'NONE', #7111, 1000.000000000000000 ) ;
#4830 = CARTESIAN_POINT ( 'NONE',  ( 1.875000000000000888, 0.2000000000000000111, -2.500000000000000444 ) ) ;
#4831 = AXIS2_PLACEMENT_3D ( 'NONE', #5465, #302, #7074 ) ;
#4832 = CARTESIAN_POINT ( 'NONE',  ( -1.374999999999999334, 0.1999999999999999833, 2.225000000000000977 ) ) ;
#4833 = CARTESIAN_POINT ( 'NONE',  ( -2.225000000000000533, 0.6716990566028309129, 0.6250000000000001110 ) ) ;
#4834 = CARTESIAN_POINT ( 'NONE',  ( 2.225000000000000533, 0.000000000000000000, -0.3749999999999998890 ) ) ;
#4835 = EDGE_CURVE ( 'NONE', #4819, #7868, #10400, .T. ) ;
#4836 = ADVANCED_FACE ( 'NONE', ( #8636 ), #1881, .F. ) ;
#4837 = MECHANICAL_DESIGN_GEOMETRIC_PRESENTATION_REPRESENTATION (  '', ( #7672 ), #8913 ) ;
#4838 = CARTESIAN_POINT ( 'NONE',  ( 1.050000000000000044, 0.05000000000000000278, 1.084202172485504681E-16 ) ) ;
#4839 = CARTESIAN_POINT ( 'NONE',  ( -2.225000000000000533, 0.1999999999999999833, -1.750000000000000222 ) ) ;
#4840 = ORIENTED_EDGE ( 'NONE', *, *, #282, .T. ) ;
#4841 = ORIENTED_EDGE ( 'NONE', *, *, #1511, .T. ) ;
#4843 = ORIENTED_EDGE ( 'NONE', *, *, #10203, .F. ) ;
#4842 = FACE_OUTER_BOUND ( 'NONE', #2121, .T. ) ;
#4844 = DIRECTION ( 'NONE',  ( 0.000000000000000000, 1.000000000000000000, 0.000000000000000000 ) ) ;
#4845 = CARTESIAN_POINT ( 'NONE',  ( 0.1250000000000007494, 0.000000000000000000, 2.225000000000000977 ) ) ;
#4846 = PLANE ( 'NONE',  #2521 ) ;
#4847 = EDGE_CURVE ( 'NONE', #3485, #7418, #6861, .T. ) ;
#4848 = CARTESIAN_POINT ( 'NONE',  ( -2.000000000000000888, 1.000000000000000000, -2.199999999999999734 ) ) ;
#4849 = VERTEX_POINT ( 'NONE', #1826 ) ;
#4850 = DIRECTION ( 'NONE',  ( 0.000000000000000000, 0.000000000000000000, 1.000000000000000000 ) ) ;
#4851 = EDGE_LOOP ( 'NONE', ( #6202, #4381, #3078, #3530 ) ) ;
#4852 = PLANE ( 'NONE',  #7545 ) ;
#4853 = EDGE_LOOP ( 'NONE', ( #7204, #17, #3107, #1495 ) ) ;
#4854 = DIRECTION ( 'NONE',  ( -1.000000000000000000, 0.000000000000000000, 7.885106708985472271E-16 ) ) ;
#4855 = ORIENTED_EDGE ( 'NONE', *, *, #8005, .T. ) ;
#4856 = CARTESIAN_POINT ( 'NONE',  ( 2.225000000000000533, 0.1999999999999999833, 0.6249999999999996669 ) ) ;
#4857 = CARTESIAN_POINT ( 'NONE',  ( -1.050000000000000044, 0.2000000000000000944, -0.8000000000000005995 ) ) ;
#4858 = AXIS2_PLACEMENT_3D ( 'NONE', #676, #7608, #5937 ) ;
#4859 = PLANE ( 'NONE',  #2112 ) ;
#4860 = DIRECTION ( 'NONE',  ( -0.000000000000000000, 0.000000000000000000, -1.000000000000000000 ) ) ;
#4862 = ORIENTED_EDGE ( 'NONE', *, *, #9450, .F. ) ;
#4861 = CARTESIAN_POINT ( 'NONE',  ( -2.225000000000000533, 0.000000000000000000, -1.375000000000000444 ) ) ;
#4863 = CARTESIAN_POINT ( 'NONE',  ( -1.249999999999999334, 0.6716990566028311349, -2.225000000000000977 ) ) ;
#4864 = EDGE_LOOP ( 'NONE', ( #7958, #10263, #3659, #1370 ) ) ;
#4865 = VERTEX_POINT ( 'NONE', #10344 ) ;
#4866 = CARTESIAN_POINT ( 'NONE',  ( 2.225000000000000533, 0.1999999999999999833, 1.375000000000000222 ) ) ;
#4867 = ORIENTED_EDGE ( 'NONE', *, *, #8058, .F. ) ;
#4868 = STYLED_ITEM ( 'NONE', ( #284 ), #5301 ) ;
#4869 =( LENGTH_UNIT ( ) NAMED_UNIT ( * ) SI_UNIT ( .MILLI., .METRE. ) );
#4870 = DIRECTION ( 'NONE',  ( 0.000000000000000000, 0.000000000000000000, -1.000000000000000000 ) ) ;
#4871 = CLOSED_SHELL ( 'NONE', ( #9532, #66, #4836, #1974, #8262, #6655 ) ) ;
#4872 = VECTOR ( 'NONE', #10349, 1000.000000000000000 ) ;
#4873 = EDGE_CURVE ( 'NONE', #8104, #10837, #662, .T. ) ;
#4874 = ADVANCED_FACE ( 'NONE', ( #8852 ), #9739, .T. ) ;
#4875 = ADVANCED_FACE ( 'NONE', ( #379 ), #2157, .F. ) ;
#4876 = EDGE_CURVE ( 'NONE', #7201, #5664, #6473, .T. ) ;
#4877 = VECTOR ( 'NONE', #4246, 1000.000000000000000 ) ;
#4878 = CARTESIAN_POINT ( 'NONE',  ( 2.225000000000000533, 0.1999999999999999833, 0.8750000000000001110 ) ) ;
#4879 = VERTEX_POINT ( 'NONE', #1209 ) ;
#4880 = EDGE_LOOP ( 'NONE', ( #10791, #3526, #5910, #382 ) ) ;
#4881 = CARTESIAN_POINT ( 'NONE',  ( -0.6249999999999992228, 0.2000000000000000111, -2.500000000000000444 ) ) ;
#4882 = DIRECTION ( 'NONE',  ( 0.000000000000000000, 0.000000000000000000, -1.000000000000000000 ) ) ;
#4883 = CYLINDRICAL_SURFACE ( 'NONE', #5266, 0.1250000000000001110 ) ;
#4884 = CIRCLE ( 'NONE', #1169, 0.1250000000000001110 ) ;
#4885 = DIRECTION ( 'NONE',  ( -0.000000000000000000, -1.000000000000000000, -0.000000000000000000 ) ) ;
#4886 = LINE ( 'NONE', #6615, #1904 ) ;
#4887 = VECTOR ( 'NONE', #2304, 1000.000000000000000 ) ;
#4888 = EDGE_CURVE ( 'NONE', #4423, #1136, #9904, .T. ) ;
#4889 = VECTOR ( 'NONE', #2805, 1000.000000000000000 ) ;
#4890 = AXIS2_PLACEMENT_3D ( 'NONE', #3508, #7717, #1620 ) ;
#4891 = DIRECTION ( 'NONE',  ( 0.000000000000000000, -1.000000000000000000, 0.000000000000000000 ) ) ;
#4892 = CARTESIAN_POINT ( 'NONE',  ( -2.500000000000000888, 0.000000000000000000, -0.8749999999999996669 ) ) ;
#4893 = ORIENTED_EDGE ( 'NONE', *, *, #7530, .T. ) ;
#4894 = ORIENTED_EDGE ( 'NONE', *, *, #6177, .T. ) ;
#4895 = VECTOR ( 'NONE', #5272, 1000.000000000000000 ) ;
#4896 = ORIENTED_EDGE ( 'NONE', *, *, #9079, .F. ) ;
#4897 = CIRCLE ( 'NONE', #10901, 0.1250000000000001110 ) ;
#4898 = PRESENTATION_STYLE_ASSIGNMENT (( #739 ) ) ;
#4899 = CARTESIAN_POINT ( 'NONE',  ( 1.125000000000000666, 0.04999999999999999584, -2.225000000000000977 ) ) ;
#4900 = DIRECTION ( 'NONE',  ( 1.000000000000000000, 0.000000000000000000, -8.673617379884035472E-17 ) ) ;
#4901 = LINE ( 'NONE', #6790, #5252 ) ;
#4902 = DIRECTION ( 'NONE',  ( 0.000000000000000000, 1.000000000000000000, 0.000000000000000000 ) ) ;
#4903 = EDGE_CURVE ( 'NONE', #6758, #1796, #5690, .T. ) ;
#4904 = VECTOR ( 'NONE', #6558, 1000.000000000000000 ) ;
#4905 = VECTOR ( 'NONE', #1260, 1000.000000000000000 ) ;
#4906 = VECTOR ( 'NONE', #3846, 1000.000000000000000 ) ;
#4907 = FACE_OUTER_BOUND ( 'NONE', #715, .T. ) ;
#4908 = VERTEX_POINT ( 'NONE', #5645 ) ;
#4910 = LINE ( 'NONE', #4957, #4511 ) ;
#4909 = VECTOR ( 'NONE', #963, 1000.000000000000000 ) ;
#4911 = ORIENTED_EDGE ( 'NONE', *, *, #3827, .T. ) ;
#4912 = SURFACE_STYLE_FILL_AREA ( #1532 ) ;
#4913 = ORIENTED_EDGE ( 'NONE', *, *, #3296, .T. ) ;
#4914 = FACE_OUTER_BOUND ( 'NONE', #3133, .T. ) ;
#4916 = VERTEX_POINT ( 'NONE', #3035 ) ;
#4915 = CARTESIAN_POINT ( 'NONE',  ( -2.500000000000000888, 0.6716990566028309129, 1.375000000000000222 ) ) ;
#4917 = DIRECTION ( 'NONE',  ( 0.000000000000000000, 0.000000000000000000, -1.000000000000000000 ) ) ;
#4918 = VECTOR ( 'NONE', #2070, 1000.000000000000000 ) ;
#4919 = DIRECTION ( 'NONE',  ( 0.000000000000000000, -1.000000000000000000, 0.000000000000000000 ) ) ;
#4920 = ADVANCED_FACE ( 'NONE', ( #4801 ), #5586, .F. ) ;
#4921 = EDGE_CURVE ( 'NONE', #6373, #5896, #8905, .T. ) ;
#4922 = LINE ( 'NONE', #3209, #6901 ) ;
#4923 = PLANE ( 'NONE',  #2968 ) ;
#4925 = ORIENTED_EDGE ( 'NONE', *, *, #2963, .T. ) ;
#4924 = DIRECTION ( 'NONE',  ( -1.000000000000000000, 0.000000000000000000, 7.885106708985472271E-16 ) ) ;
#4926 = CARTESIAN_POINT ( 'NONE',  ( 2.500000000000000888, 0.6716990566028309129, -0.8749999999999996669 ) ) ;
#4927 = ORIENTED_EDGE ( 'NONE', *, *, #8245, .F. ) ;
#4928 = VERTEX_POINT ( 'NONE', #10555 ) ;
#4929 = LINE ( 'NONE', #1434, #5525 ) ;
#4930 = ORIENTED_EDGE ( 'NONE', *, *, #10829, .T. ) ;
#4931 = DIRECTION ( 'NONE',  ( 0.000000000000000000, 0.000000000000000000, 1.000000000000000000 ) ) ;
#4932 = ORIENTED_EDGE ( 'NONE', *, *, #4994, .T. ) ;
#4933 = ORIENTED_EDGE ( 'NONE', *, *, #1327, .T. ) ;
#4934 = FACE_OUTER_BOUND ( 'NONE', #7670, .T. ) ;
#4935 = PLANE ( 'NONE',  #10308 ) ;
#4936 = CARTESIAN_POINT ( 'NONE',  ( -2.225000000000000533, 0.000000000000000000, 0.6250000000000001110 ) ) ;
#4937 = LINE ( 'NONE', #8160, #4904 ) ;
#4938 = EDGE_CURVE ( 'NONE', #1388, #6770, #539, .T. ) ;
#4939 = ADVANCED_FACE ( 'NONE', ( #3913 ), #8182, .T. ) ;
#4940 = EDGE_CURVE ( 'NONE', #3383, #6363, #9020, .T. ) ;
#4941 = AXIS2_PLACEMENT_3D ( 'NONE', #8900, #8071, #1312 ) ;
#4942 = CARTESIAN_POINT ( 'NONE',  ( 2.225000000000000533, 0.6716990566028309129, -0.3749999999999998890 ) ) ;
#4943 = DIRECTION ( 'NONE',  ( 0.000000000000000000, 0.000000000000000000, -1.000000000000000000 ) ) ;
#4944 = ORIENTED_EDGE ( 'NONE', *, *, #1950, .T. ) ;
#4945 = EDGE_LOOP ( 'NONE', ( #1880, #161, #5235, #1536, #5120 ) ) ;
#4947 = VERTEX_POINT ( 'NONE', #491 ) ;
#4946 = LINE ( 'NONE', #3186, #4675 ) ;
#4948 = FILL_AREA_STYLE ('',( #10052 ) ) ;
#4949 = CARTESIAN_POINT ( 'NONE',  ( -1.625000000000004441, 0.05000000000000000278, 3.843989520630440732E-15 ) ) ;
#4950 = DIRECTION ( 'NONE',  ( -7.885106708985472271E-16, 0.000000000000000000, 1.000000000000000000 ) ) ;
#4951 = DIRECTION ( 'NONE',  ( 0.000000000000000000, 1.000000000000000000, -0.000000000000000000 ) ) ;
#4952 = EDGE_CURVE ( 'NONE', #8814, #5031, #2932, .T. ) ;
#4953 = VECTOR ( 'NONE', #15, 1000.000000000000000 ) ;
#4954 = DIRECTION ( 'NONE',  ( 0.000000000000000000, 0.000000000000000000, 1.000000000000000000 ) ) ;
#4955 = VERTEX_POINT ( 'NONE', #6307 ) ;
#4956 = EDGE_LOOP ( 'NONE', ( #1162, #10846, #3706, #3352 ) ) ;
#4958 = VECTOR ( 'NONE', #3806, 1000.000000000000000 ) ;
#4957 = CARTESIAN_POINT ( 'NONE',  ( 0.1250000000000005551, 0.6716990566028311349, -2.225000000000000977 ) ) ;
#4960 = ORIENTED_EDGE ( 'NONE', *, *, #4469, .F. ) ;
#4959 = FACE_OUTER_BOUND ( 'NONE', #7875, .T. ) ;
#4961 = CARTESIAN_POINT ( 'NONE',  ( 1.375000000000000888, 0.2000000000000000944, -2.500000000000000444 ) ) ;
#4962 = CARTESIAN_POINT ( 'NONE',  ( 2.500000000000000888, 0.6716990566028309129, 1.375000000000000222 ) ) ;
#4964 = VERTEX_POINT ( 'NONE', #2105 ) ;
#4963 = DIRECTION ( 'NONE',  ( -0.000000000000000000, -0.000000000000000000, 1.000000000000000000 ) ) ;
#4965 = CARTESIAN_POINT ( 'NONE',  ( 2.500000000000000000, 0.05000000000000000278, 2.499999999999999556 ) ) ;
#4966 = DIRECTION ( 'NONE',  ( -1.000000000000000000, 0.000000000000000000, 0.000000000000000000 ) ) ;
#4967 = DIRECTION ( 'NONE',  ( -0.000000000000000000, 0.000000000000000000, -1.000000000000000000 ) ) ;
#4968 = EDGE_CURVE ( 'NONE', #8183, #2129, #5482, .T. ) ;
#4969 = DIRECTION ( 'NONE',  ( -0.000000000000000000, -1.000000000000000000, -0.000000000000000000 ) ) ;
#4971 = ORIENTED_EDGE ( 'NONE', *, *, #2540, .F. ) ;
#4970 = CARTESIAN_POINT ( 'NONE',  ( -2.000000000000000888, 1.000000000000000000, -2.000000000000000444 ) ) ;
#4972 = FACE_OUTER_BOUND ( 'NONE', #6208, .T. ) ;
#4973 = VERTEX_POINT ( 'NONE', #3808 ) ;
#4974 = VERTEX_POINT ( 'NONE', #7202 ) ;
#4975 = DIRECTION ( 'NONE',  ( 1.000000000000000000, -0.000000000000000000, 7.885106708985472271E-16 ) ) ;
#4976 = ORIENTED_EDGE ( 'NONE', *, *, #5696, .T. ) ;
#4977 = CARTESIAN_POINT ( 'NONE',  ( -2.499999999999999556, 0.05000000000000000278, 2.500000000000000444 ) ) ;
#4978 = AXIS2_PLACEMENT_3D ( 'NONE', #892, #10252, #7880 ) ;
#4979 = EDGE_CURVE ( 'NONE', #10183, #9644, #8075, .T. ) ;
#4980 = CARTESIAN_POINT ( 'NONE',  ( -0.2499999999999993616, 0.04999999999999999584, 2.225000000000000977 ) ) ;
#4981 = ORIENTED_EDGE ( 'NONE', *, *, #6336, .F. ) ;
#4982 = ORIENTED_EDGE ( 'NONE', *, *, #2055, .F. ) ;
#4983 = DIRECTION ( 'NONE',  ( -0.000000000000000000, -1.000000000000000000, -0.000000000000000000 ) ) ;
#4984 = CARTESIAN_POINT ( 'NONE',  ( -0.1250000000000044964, 0.05000000000000000278, 2.956915015869668212E-16 ) ) ;
#4985 = DIRECTION ( 'NONE',  ( -2.365532012695641878E-15, 0.000000000000000000, -1.000000000000000000 ) ) ;
#4986 = CARTESIAN_POINT ( 'NONE',  ( 1.875000000000001554, 0.000000000000000000, 2.500000000000000444 ) ) ;
#4987 = AXIS2_PLACEMENT_3D ( 'NONE', #9078, #5020, #10936 ) ;
#4988 = AXIS2_PLACEMENT_3D ( 'NONE', #717, #9918, #9093 ) ;
#4989 =( NAMED_UNIT ( * ) SI_UNIT ( $, .STERADIAN. ) SOLID_ANGLE_UNIT ( ) );
#4990 = CIRCLE ( 'NONE', #53, 0.1250000000000000000 ) ;
#4991 = ADVANCED_FACE ( 'NONE', ( #2206 ), #8960, .T. ) ;
#4992 = DIRECTION ( 'NONE',  ( 0.000000000000000000, -0.000000000000000000, 1.000000000000000000 ) ) ;
#4993 = CARTESIAN_POINT ( 'NONE',  ( -2.500000000000000888, 0.04999999999999969746, -1.625000000000000000 ) ) ;
#4994 = EDGE_CURVE ( 'NONE', #7770, #7691, #1416, .T. ) ;
#4995 = ORIENTED_EDGE ( 'NONE', *, *, #5698, .T. ) ;
#4996 = ORIENTED_EDGE ( 'NONE', *, *, #9785, .T. ) ;
#4997 = AXIS2_PLACEMENT_3D ( 'NONE', #4582, #2151, #4524 ) ;
#4998 = EDGE_CURVE ( 'NONE', #7643, #5286, #10871, .T. ) ;
#4999 = ORIENTED_EDGE ( 'NONE', *, *, #3631, .F. ) ;
#5000 = EDGE_LOOP ( 'NONE', ( #3465, #8643, #8649, #5102 ) ) ;
#5001 = CARTESIAN_POINT ( 'NONE',  ( 2.225000000000000533, 0.000000000000000000, -0.6249999999999998890 ) ) ;
#5002 = LINE ( 'NONE', #9280, #2260 ) ;
#5003 = CARTESIAN_POINT ( 'NONE',  ( -2.499999999999999556, 0.2000000000000005107, 1.375000000000000222 ) ) ;
#5004 = CARTESIAN_POINT ( 'NONE',  ( 1.625000000000000888, 0.000000000000000000, -2.500000000000000444 ) ) ;
#5005 = MECHANICAL_DESIGN_GEOMETRIC_PRESENTATION_REPRESENTATION (  '', ( #1308 ), #10496 ) ;
#5006 = COLOUR_RGB ( '',0.7921568627450980005, 0.8196078431372548767, 0.9333333333333333481 ) ;
#5007 = FACE_OUTER_BOUND ( 'NONE', #9233, .T. ) ;
#5008 = ADVANCED_FACE ( 'NONE', ( #5748 ), #1644, .F. ) ;
#5009 = ORIENTED_EDGE ( 'NONE', *, *, #1496, .T. ) ;
#5010 = VERTEX_POINT ( 'NONE', #647 ) ;
#5011 = EDGE_CURVE ( 'NONE', #6848, #8904, #8458, .T. ) ;
#5012 = COLOUR_RGB ( '',0.7921568627450980005, 0.8196078431372548767, 0.9333333333333333481 ) ;
#5013 = ORIENTED_EDGE ( 'NONE', *, *, #6914, .T. ) ;
#5014 = EDGE_CURVE ( 'NONE', #3454, #9765, #10820, .T. ) ;
#5015 = DIRECTION ( 'NONE',  ( -1.000000000000000000, 0.000000000000000000, -7.885106708985472271E-16 ) ) ;
#5016 = DIRECTION ( 'NONE',  ( -0.000000000000000000, -0.000000000000000000, -1.000000000000000000 ) ) ;
#5018 = ORIENTED_EDGE ( 'NONE', *, *, #7565, .F. ) ;
#5017 = CARTESIAN_POINT ( 'NONE',  ( 2.225000000000000533, 0.1999999999999999833, 1.249999999999999778 ) ) ;
#5019 = DIRECTION ( 'NONE',  ( 1.000000000000000000, 0.000000000000000000, 0.000000000000000000 ) ) ;
#5020 = DIRECTION ( 'NONE',  ( -1.000000000000000000, 0.000000000000000000, 0.000000000000000000 ) ) ;
#5021 = VECTOR ( 'NONE', #8051, 1000.000000000000000 ) ;
#5022 = DIRECTION ( 'NONE',  ( 0.000000000000000000, -0.000000000000000000, -1.000000000000000000 ) ) ;
#5023 = CARTESIAN_POINT ( 'NONE',  ( 0.3750000000000014433, 0.2000000000000000111, 2.500000000000000444 ) ) ;
#5024 = DIRECTION ( 'NONE',  ( 0.000000000000000000, 1.000000000000000000, -0.000000000000000000 ) ) ;
#5026 = ORIENTED_EDGE ( 'NONE', *, *, #1780, .F. ) ;
#5025 = DIRECTION ( 'NONE',  ( 0.000000000000000000, -0.000000000000000000, 1.000000000000000000 ) ) ;
#5027 = CARTESIAN_POINT ( 'NONE',  ( 2.500000000000000888, 0.6716990566028309129, -0.1249999999999998890 ) ) ;
#5028 = ORIENTED_EDGE ( 'NONE', *, *, #6063, .T. ) ;
#5029 = ORIENTED_EDGE ( 'NONE', *, *, #3087, .T. ) ;
#5030 = CARTESIAN_POINT ( 'NONE',  ( -1.124999999999998668, 0.000000000000000000, 2.500000000000000444 ) ) ;
#5031 = VERTEX_POINT ( 'NONE', #4961 ) ;
#5032 =( NAMED_UNIT ( * ) PLANE_ANGLE_UNIT ( ) SI_UNIT ( $, .RADIAN. ) );
#5033 = SURFACE_SIDE_STYLE ('',( #5929 ) ) ;
#5034 = VECTOR ( 'NONE', #9494, 1000.000000000000000 ) ;
#5035 = EDGE_CURVE ( 'NONE', #4641, #4814, #3254, .T. ) ;
#5036 = COLOUR_RGB ( '',0.7921568627450980005, 0.8196078431372548767, 0.9333333333333333481 ) ;
#5037 = FACE_OUTER_BOUND ( 'NONE', #10874, .T. ) ;
#5038 = ORIENTED_EDGE ( 'NONE', *, *, #683, .T. ) ;
#5039 = VERTEX_POINT ( 'NONE', #757 ) ;
#5040 = UNCERTAINTY_MEASURE_WITH_UNIT (LENGTH_MEASURE( 1.000000000000000082E-05 ), #2815, 'distance_accuracy_value', 'NONE');
#5041 = CARTESIAN_POINT ( 'NONE',  ( -0.2499999999999993616, 0.1999999999999999833, 2.225000000000000977 ) ) ;
#5042 = FACE_OUTER_BOUND ( 'NONE', #4851, .T. ) ;
#5043 = LINE ( 'NONE', #5725, #305 ) ;
#5044 = LINE ( 'NONE', #175, #2788 ) ;
#5045 = AXIS2_PLACEMENT_3D ( 'NONE', #3156, #438, #2272 ) ;
#5046 = ADVANCED_FACE ( 'NONE', ( #10765 ), #10931, .T. ) ;
#5047 = ADVANCED_FACE ( 'NONE', ( #3313 ), #10167, .F. ) ;
#5048 = PRESENTATION_STYLE_ASSIGNMENT (( #10853 ) ) ;
#5049 = CARTESIAN_POINT ( 'NONE',  ( -0.7499999999999993339, 0.000000000000000000, -2.225000000000000977 ) ) ;
#5050 = FACE_OUTER_BOUND ( 'NONE', #131, .T. ) ;
#5051 = EDGE_LOOP ( 'NONE', ( #5571, #2461, #8669, #4577, #9805, #4173, #3561, #3591, #6628, #10728, #9643, #9982, #391, #6880, #2509, #4757, #700, #5110, #10449, #114, #2679, #5547, #861, #2739, #2156, #4150, #9182, #5498, #1772, #5443, #8777, #1666, #1964, #9102, #6461, #7024 ) ) ;
#5052 = EDGE_LOOP ( 'NONE', ( #8385, #6031, #6851, #3049 ) ) ;
#5053 = AXIS2_PLACEMENT_3D ( 'NONE', #975, #6911, #6858 ) ;
#5055 = ORIENTED_EDGE ( 'NONE', *, *, #5407, .F. ) ;
#5054 = DIRECTION ( 'NONE',  ( -1.000000000000000000, 0.000000000000000000, 2.365532012695649373E-15 ) ) ;
#5056 = ORIENTED_EDGE ( 'NONE', *, *, #1669, .T. ) ;
#5057 = LINE ( 'NONE', #1237, #9624 ) ;
#5058 = CARTESIAN_POINT ( 'NONE',  ( 1.050000000000000266, 0.000000000000000000, -1.050000000000000266 ) ) ;
#5059 = FACE_OUTER_BOUND ( 'NONE', #7293, .T. ) ;
#5060 = STYLED_ITEM ( 'NONE', ( #7297 ), #5159 ) ;
#5061 = CARTESIAN_POINT ( 'NONE',  ( 2.225000000000000533, 0.6716990566028309129, 0.8750000000000001110 ) ) ;
#5062 = VECTOR ( 'NONE', #2200, 1000.000000000000000 ) ;
#5063 = VECTOR ( 'NONE', #5655, 1000.000000000000000 ) ;
#5064 = AXIS2_PLACEMENT_3D ( 'NONE', #2095, #1250, #1306 ) ;
#5065 = CARTESIAN_POINT ( 'NONE',  ( -1.624999999999999334, 0.6716990566028311349, -2.500000000000000444 ) ) ;
#5066 = ORIENTED_EDGE ( 'NONE', *, *, #69, .T. ) ;
#5067 = ORIENTED_EDGE ( 'NONE', *, *, #9512, .T. ) ;
#5069 = EDGE_LOOP ( 'NONE', ( #7464, #5773, #3667, #576 ) ) ;
#5068 = CARTESIAN_POINT ( 'NONE',  ( -2.225000000000000533, 0.6716990566028309129, -1.250000000000000222 ) ) ;
#5070 = CARTESIAN_POINT ( 'NONE',  ( -0.3749999999999986122, 0.6716990566028311349, 2.500000000000001332 ) ) ;
#5071 = DIRECTION ( 'NONE',  ( 2.365532012695641878E-15, -0.000000000000000000, 1.000000000000000000 ) ) ;
#5073 = VERTEX_POINT ( 'NONE', #4136 ) ;
#5072 = DIRECTION ( 'NONE',  ( 0.000000000000000000, -1.000000000000000000, 0.000000000000000000 ) ) ;
#5074 = CIRCLE ( 'NONE', #6500, 0.1250000000000001110 ) ;
#5075 = FACE_OUTER_BOUND ( 'NONE', #4604, .T. ) ;
#5076 = VECTOR ( 'NONE', #1569, 1000.000000000000000 ) ;
#5077 = CARTESIAN_POINT ( 'NONE',  ( -1.374999999999999334, 0.2000000000000000111, 2.225000000000000977 ) ) ;
#5078 = VECTOR ( 'NONE', #4207, 1000.000000000000000 ) ;
#5079 = AXIS2_PLACEMENT_3D ( 'NONE', #3837, #8158, #2960 ) ;
#5080 = ADVANCED_FACE ( 'NONE', ( #2582 ), #701, .T. ) ;
#5081 = EDGE_CURVE ( 'NONE', #5747, #2106, #7470, .T. ) ;
#5082 = ADVANCED_FACE ( 'NONE', ( #6801 ), #865, .F. ) ;
#5083 = VECTOR ( 'NONE', #1146, 1000.000000000000000 ) ;
#5084 = VECTOR ( 'NONE', #10635, 1000.000000000000000 ) ;
#5085 = DIRECTION ( 'NONE',  ( 0.000000000000000000, -1.000000000000000000, 0.000000000000000000 ) ) ;
#5086 = LINE ( 'NONE', #872, #831 ) ;
#5087 = LINE ( 'NONE', #7641, #4909 ) ;
#5089 = ORIENTED_EDGE ( 'NONE', *, *, #8990, .F. ) ;
#5088 = DIRECTION ( 'NONE',  ( 0.000000000000000000, -0.000000000000000000, -1.000000000000000000 ) ) ;
#5090 = VECTOR ( 'NONE', #6023, 1000.000000000000000 ) ;
#5091 = LINE ( 'NONE', #4926, #480 ) ;
#5092 = ORIENTED_EDGE ( 'NONE', *, *, #2252, .T. ) ;
#5093 = ORIENTED_EDGE ( 'NONE', *, *, #6713, .T. ) ;
#5094 = CYLINDRICAL_SURFACE ( 'NONE', #7489, 0.1250000000000001110 ) ;
#5095 = ORIENTED_EDGE ( 'NONE', *, *, #1350, .F. ) ;
#5096 = CARTESIAN_POINT ( 'NONE',  ( 0.1250000000000005551, 0.2000000000000000111, -2.225000000000000977 ) ) ;
#5097 = CYLINDRICAL_SURFACE ( 'NONE', #6440, 0.1250000000000000000 ) ;
#5098 = EDGE_CURVE ( 'NONE', #1926, #9157, #9186, .T. ) ;
#5099 = DIRECTION ( 'NONE',  ( 1.000000000000000000, 0.000000000000000000, -1.734723475976807587E-16 ) ) ;
#5100 = ORIENTED_EDGE ( 'NONE', *, *, #482, .T. ) ;
#5101 = EDGE_CURVE ( 'NONE', #3173, #6151, #4187, .T. ) ;
#5102 = ORIENTED_EDGE ( 'NONE', *, *, #9228, .T. ) ;
#5103 = CARTESIAN_POINT ( 'NONE',  ( -1.874999999999999556, 0.2000000000000000111, -2.225000000000000977 ) ) ;
#5104 = PLANE ( 'NONE',  #8024 ) ;
#5105 = CARTESIAN_POINT ( 'NONE',  ( 0.6249999999999954481, 0.05000000000000000278, -1.478457507934765524E-15 ) ) ;
#5106 = DIRECTION ( 'NONE',  ( -0.000000000000000000, -1.000000000000000000, -0.000000000000000000 ) ) ;
#5107 = DIRECTION ( 'NONE',  ( 2.365532012695641878E-15, -0.000000000000000000, 1.000000000000000000 ) ) ;
#5108 = VERTEX_POINT ( 'NONE', #8348 ) ;
#5109 = EDGE_CURVE ( 'NONE', #2334, #9131, #2368, .T. ) ;
#5110 = ORIENTED_EDGE ( 'NONE', *, *, #523, .F. ) ;
#5111 = FACE_OUTER_BOUND ( 'NONE', #864, .T. ) ;
#5112 = EDGE_CURVE ( 'NONE', #8373, #10346, #2528, .T. ) ;
#5113 = VERTEX_POINT ( 'NONE', #9294 ) ;
#5114 = DIRECTION ( 'NONE',  ( 0.000000000000000000, -1.000000000000000000, 0.000000000000000000 ) ) ;
#5115 = DIRECTION ( 'NONE',  ( 0.000000000000000000, 0.000000000000000000, -1.000000000000000000 ) ) ;
#5116 = CARTESIAN_POINT ( 'NONE',  ( -0.6249999999999992228, 0.04999999999999999584, -2.225000000000000977 ) ) ;
#5117 = CYLINDRICAL_SURFACE ( 'NONE', #48, 0.1250000000000001110 ) ;
#5118 = CARTESIAN_POINT ( 'NONE',  ( -2.225000000000000533, 0.05000000000000002359, 0.6249999999999996669 ) ) ;
#5119 = CARTESIAN_POINT ( 'NONE',  ( 2.500000000000000888, 0.04999999999999969746, -1.874999999999999778 ) ) ;
#5120 = ORIENTED_EDGE ( 'NONE', *, *, #9179, .F. ) ;
#5121 = VERTEX_POINT ( 'NONE', #3419 ) ;
#5122 = MANIFOLD_SOLID_BREP ( 'LPattern4[1]', #4871 ) ;
#5123 = ADVANCED_FACE ( 'NONE', ( #1757 ), #4852, .F. ) ;
#5124 = ORIENTED_EDGE ( 'NONE', *, *, #8209, .F. ) ;
#5125 = FILL_AREA_STYLE_COLOUR ( '', #289 ) ;
#5126 = FACE_OUTER_BOUND ( 'NONE', #435, .T. ) ;
#5128 = VERTEX_POINT ( 'NONE', #6964 ) ;
#5127 = DIRECTION ( 'NONE',  ( -0.000000000000000000, -1.000000000000000000, -0.000000000000000000 ) ) ;
#5129 = CARTESIAN_POINT ( 'NONE',  ( -1.749999999999999334, 0.2000000000000000111, 2.225000000000000977 ) ) ;
#5130 = VECTOR ( 'NONE', #3145, 1000.000000000000000 ) ;
#5131 = CARTESIAN_POINT ( 'NONE',  ( 1.125000000000000888, 0.6716990566028311349, -2.500000000000000444 ) ) ;
#5132 = LINE ( 'NONE', #6918, #4050 ) ;
#5133 = DIRECTION ( 'NONE',  ( 0.000000000000000000, 1.000000000000000000, -0.000000000000000000 ) ) ;
#5134 = FACE_OUTER_BOUND ( 'NONE', #9907, .T. ) ;
#5136 = EDGE_LOOP ( 'NONE', ( #8115, #2417, #6650, #3744 ) ) ;
#5135 = LINE ( 'NONE', #8519, #3208 ) ;
#5137 = DIRECTION ( 'NONE',  ( 0.000000000000000000, -1.000000000000000000, 0.000000000000000000 ) ) ;
#5139 = ORIENTED_EDGE ( 'NONE', *, *, #9961, .T. ) ;
#5138 = EDGE_CURVE ( 'NONE', #7056, #1515, #4463, .T. ) ;
#5140 = ORIENTED_EDGE ( 'NONE', *, *, #7122, .F. ) ;
#5141 = DIRECTION ( 'NONE',  ( -0.000000000000000000, -1.000000000000000000, -0.000000000000000000 ) ) ;
#5142 = ORIENTED_EDGE ( 'NONE', *, *, #4808, .T. ) ;
#5143 = ADVANCED_FACE ( 'NONE', ( #7851 ), #3527, .F. ) ;
#5144 = SURFACE_STYLE_FILL_AREA ( #2493 ) ;
#5145 = ADVANCED_FACE ( 'NONE', ( #10438 ), #8620, .F. ) ;
#5146 = MANIFOLD_SOLID_BREP ( 'LPattern4[2]', #10222 ) ;
#5147 = VECTOR ( 'NONE', #3047, 1000.000000000000000 ) ;
#5148 = FACE_OUTER_BOUND ( 'NONE', #4098, .T. ) ;
#5150 = ORIENTED_EDGE ( 'NONE', *, *, #7945, .T. ) ;
#5149 = ADVANCED_FACE ( 'NONE', ( #4352 ), #1930, .F. ) ;
#5151 = VERTEX_POINT ( 'NONE', #1813 ) ;
#5152 = UNCERTAINTY_MEASURE_WITH_UNIT (LENGTH_MEASURE( 1.000000000000000082E-05 ), #1111, 'distance_accuracy_value', 'NONE');
#5153 = FACE_OUTER_BOUND ( 'NONE', #1785, .T. ) ;
#5154 = DIRECTION ( 'NONE',  ( 2.365532012695649373E-15, 0.000000000000000000, 1.000000000000000000 ) ) ;
#5155 = LINE ( 'NONE', #5212, #3066 ) ;
#5156 = EDGE_CURVE ( 'NONE', #4879, #1701, #5303, .T. ) ;
#5157 = FACE_OUTER_BOUND ( 'NONE', #4206, .T. ) ;
#5158 = LINE ( 'NONE', #4327, #8086 ) ;
#5159 = MANIFOLD_SOLID_BREP ( 'LPattern4[7]', #273 ) ;
#5160 = VECTOR ( 'NONE', #4151, 1000.000000000000000 ) ;
#5161 = PLANE ( 'NONE',  #3497 ) ;
#5162 = ORIENTED_EDGE ( 'NONE', *, *, #1498, .F. ) ;
#5163 = ORIENTED_EDGE ( 'NONE', *, *, #7463, .T. ) ;
#5164 = CARTESIAN_POINT ( 'NONE',  ( 2.225000000000000533, 0.05000000000000002359, -1.125000000000000000 ) ) ;
#5165 = ORIENTED_EDGE ( 'NONE', *, *, #1156, .T. ) ;
#5166 = FILL_AREA_STYLE ('',( #77 ) ) ;
#5167 = AXIS2_PLACEMENT_3D ( 'NONE', #6586, #2373, #3974 ) ;
#5168 = DIRECTION ( 'NONE',  ( 1.000000000000000000, 0.000000000000000000, -2.365532012695641878E-15 ) ) ;
#5169 = DIRECTION ( 'NONE',  ( -1.000000000000000000, 0.000000000000000000, -7.885106708985472271E-16 ) ) ;
#5170 = VECTOR ( 'NONE', #383, 1000.000000000000000 ) ;
#5171 = CARTESIAN_POINT ( 'NONE',  ( -0.7499999999999993339, 0.1999999999999999833, -2.225000000000000977 ) ) ;
#5172 = EDGE_CURVE ( 'NONE', #7881, #1233, #5183, .T. ) ;
#5173 = EDGE_CURVE ( 'NONE', #8302, #525, #4740, .T. ) ;
#5174 = CARTESIAN_POINT ( 'NONE',  ( 2.225000000000000533, 0.000000000000000000, -0.7500000000000002220 ) ) ;
#5175 = CIRCLE ( 'NONE', #3068, 0.1250000000000001110 ) ;
#5176 = COLOUR_RGB ( '',0.7921568627450980005, 0.8196078431372548767, 0.9333333333333333481 ) ;
#5177 = DIRECTION ( 'NONE',  ( -2.365532012695648978E-15, 0.000000000000000000, -1.000000000000000000 ) ) ;
#5178 = EDGE_LOOP ( 'NONE', ( #2290, #8130, #10008, #5946 ) ) ;
#5179 = ORIENTED_EDGE ( 'NONE', *, *, #1632, .T. ) ;
#5180 = MANIFOLD_SOLID_BREP ( 'Chamfer1', #2902 ) ;
#5182 = ORIENTED_EDGE ( 'NONE', *, *, #6764, .T. ) ;
#5181 =( NAMED_UNIT ( * ) PLANE_ANGLE_UNIT ( ) SI_UNIT ( $, .RADIAN. ) );
#5183 = LINE ( 'NONE', #7136, #2066 ) ;
#5184 = DIRECTION ( 'NONE',  ( 0.000000000000000000, 1.000000000000000000, 0.000000000000000000 ) ) ;
#5186 = VERTEX_POINT ( 'NONE', #2865 ) ;
#5185 = DIRECTION ( 'NONE',  ( 0.000000000000000000, 0.000000000000000000, -1.000000000000000000 ) ) ;
#5187 = CARTESIAN_POINT ( 'NONE',  ( 0.000000000000000000, 0.05000000000000000278, 0.8750000000000001110 ) ) ;
#5188 = VECTOR ( 'NONE', #10305, 1000.000000000000000 ) ;
#5189 = CARTESIAN_POINT ( 'NONE',  ( -1.749999999999999334, 0.1999999999999999833, 2.225000000000000977 ) ) ;
#5190 = CIRCLE ( 'NONE', #5384, 0.1250000000000001110 ) ;
#5191 = ADVANCED_FACE ( 'NONE', ( #7187 ), #8839, .T. ) ;
#5192 = VECTOR ( 'NONE', #1980, 1000.000000000000000 ) ;
#5193 = FACE_OUTER_BOUND ( 'NONE', #8320, .T. ) ;
#5194 = DIRECTION ( 'NONE',  ( 1.000000000000000000, 0.000000000000000000, -2.365532012695641878E-15 ) ) ;
#5195 = CARTESIAN_POINT ( 'NONE',  ( 1.250000000000000666, 0.2000000000000000111, -2.225000000000000977 ) ) ;
#5197 = VERTEX_POINT ( 'NONE', #1195 ) ;
#5196 = DIRECTION ( 'NONE',  ( -0.000000000000000000, -1.000000000000000000, -0.000000000000000000 ) ) ;
#5198 = DIRECTION ( 'NONE',  ( -0.000000000000000000, -1.000000000000000000, 0.000000000000000000 ) ) ;
#5199 = EDGE_LOOP ( 'NONE', ( #6436, #1997, #9566, #9372 ) ) ;
#5200 = ORIENTED_EDGE ( 'NONE', *, *, #5633, .F. ) ;
#5201 = CARTESIAN_POINT ( 'NONE',  ( -1.124999999999999334, 0.6716990566028311349, -2.500000000000000444 ) ) ;
#5202 = EDGE_LOOP ( 'NONE', ( #5209, #1505, #310, #4116 ) ) ;
#5203 = LINE ( 'NONE', #6260, #4707 ) ;
#5204 = FACE_OUTER_BOUND ( 'NONE', #9474, .T. ) ;
#5205 = MANIFOLD_SOLID_BREP ( 'LPattern3[1]', #7239 ) ;
#5206 = STYLED_ITEM ( 'NONE', ( #3743 ), #1654 ) ;
#5207 = LINE ( 'NONE', #8584, #5622 ) ;
#5208 = ORIENTED_EDGE ( 'NONE', *, *, #97, .T. ) ;
#5209 = ORIENTED_EDGE ( 'NONE', *, *, #9272, .F. ) ;
#5210 = DIRECTION ( 'NONE',  ( -1.000000000000000000, 0.000000000000000000, 7.885106708985472271E-16 ) ) ;
#5211 = DIRECTION ( 'NONE',  ( 0.000000000000000000, -1.000000000000000000, 0.000000000000000000 ) ) ;
#5212 = CARTESIAN_POINT ( 'NONE',  ( -0.8749999999999985567, 0.6716990566028311349, 2.500000000000001332 ) ) ;
#5213 = DIRECTION ( 'NONE',  ( -0.000000000000000000, -1.000000000000000000, -0.000000000000000000 ) ) ;
#5214 = CARTESIAN_POINT ( 'NONE',  ( -1.249999999999999334, 0.1999999999999999833, 2.225000000000000977 ) ) ;
#5215 = EDGE_CURVE ( 'NONE', #3772, #1051, #8892, .T. ) ;
#5216 = ADVANCED_FACE ( 'NONE', ( #2668 ), #9115, .F. ) ;
#5217 = AXIS2_PLACEMENT_3D ( 'NONE', #5665, #514, #8105 ) ;
#5218 = MANIFOLD_SOLID_BREP ( 'Boss-Extrude2[2]', #2100 ) ;
#5219 = EDGE_CURVE ( 'NONE', #2049, #8168, #6623, .T. ) ;
#5220 = EDGE_CURVE ( 'NONE', #3914, #6066, #272, .T. ) ;
#5221 = DIRECTION ( 'NONE',  ( 0.7071067811865462405, 0.000000000000000000, 0.7071067811865487940 ) ) ;
#5222 = ORIENTED_EDGE ( 'NONE', *, *, #5873, .T. ) ;
#5223 = ORIENTED_EDGE ( 'NONE', *, *, #6588, .T. ) ;
#5224 = PLANE ( 'NONE',  #3451 ) ;
#5225 =( NAMED_UNIT ( * ) SI_UNIT ( $, .STERADIAN. ) SOLID_ANGLE_UNIT ( ) );
#5226 = VERTEX_POINT ( 'NONE', #5738 ) ;
#5227 =( LENGTH_UNIT ( ) NAMED_UNIT ( * ) SI_UNIT ( .MILLI., .METRE. ) );
#5228 = CARTESIAN_POINT ( 'NONE',  ( -1.749999999999999334, 0.000000000000000000, 2.225000000000000977 ) ) ;
#5229 = DIRECTION ( 'NONE',  ( 0.000000000000000000, 0.000000000000000000, 1.000000000000000000 ) ) ;
#5230 = CARTESIAN_POINT ( 'NONE',  ( 0.3750000000000014433, 0.1999999999999999833, 2.500000000000000444 ) ) ;
#5231 = EDGE_CURVE ( 'NONE', #6676, #10505, #6681, .T. ) ;
#5232 = CARTESIAN_POINT ( 'NONE',  ( 0.8750000000000007772, 0.2000000000000000111, -2.500000000000000444 ) ) ;
#5233 = STYLED_ITEM ( 'NONE', ( #5551 ), #5353 ) ;
#5234 = LINE ( 'NONE', #9396, #3373 ) ;
#5235 = ORIENTED_EDGE ( 'NONE', *, *, #10325, .F. ) ;
#5236 = ORIENTED_EDGE ( 'NONE', *, *, #2574, .F. ) ;
#5237 = MANIFOLD_SOLID_BREP ( 'LPattern3[3]', #2697 ) ;
#5239 = VERTEX_POINT ( 'NONE', #3240 ) ;
#5238 = FILL_AREA_STYLE_COLOUR ( '', #6076 ) ;
#5240 =( GEOMETRIC_REPRESENTATION_CONTEXT ( 3 ) GLOBAL_UNCERTAINTY_ASSIGNED_CONTEXT ( ( #4159 ) ) GLOBAL_UNIT_ASSIGNED_CONTEXT ( ( #7025, #10274, #970 ) ) REPRESENTATION_CONTEXT ( 'NONE', 'WORKASPACE' ) );
#5241 = EDGE_CURVE ( 'NONE', #5471, #8917, #3503, .T. ) ;
#5242 = DIRECTION ( 'NONE',  ( 0.000000000000000000, -0.000000000000000000, 1.000000000000000000 ) ) ;
#5244 = ORIENTED_EDGE ( 'NONE', *, *, #4611, .F. ) ;
#5243 = DIRECTION ( 'NONE',  ( 0.000000000000000000, -0.000000000000000000, 1.000000000000000000 ) ) ;
#5245 = DIRECTION ( 'NONE',  ( 0.000000000000000000, 1.000000000000000000, -0.000000000000000000 ) ) ;
#5246 = CARTESIAN_POINT ( 'NONE',  ( 1.125000000000000888, 0.04999999999999969746, -2.500000000000000444 ) ) ;
#5247 = AXIS2_PLACEMENT_3D ( 'NONE', #7910, #8567, #3640 ) ;
#5248 = CIRCLE ( 'NONE', #1354, 0.1250000000000001110 ) ;
#5249 = AXIS2_PLACEMENT_3D ( 'NONE', #5682, #3190, #10922 ) ;
#5250 = CARTESIAN_POINT ( 'NONE',  ( -2.500000000000000000, 0.2000000000000005107, -1.624999999999999778 ) ) ;
#5251 = CARTESIAN_POINT ( 'NONE',  ( -0.2499999999999993616, 0.000000000000000000, 2.225000000000000977 ) ) ;
#5252 = VECTOR ( 'NONE', #798, 1000.000000000000000 ) ;
#5254 = AXIS2_PLACEMENT_3D ( 'NONE', #5336, #7112, #6274 ) ;
#5253 = DIRECTION ( 'NONE',  ( 1.000000000000000000, -0.000000000000000000, -1.734723475976807341E-16 ) ) ;
#5256 = EDGE_LOOP ( 'NONE', ( #10284, #8797, #7044, #8752 ) ) ;
#5255 = LINE ( 'NONE', #1207, #4958 ) ;
#5257 = CARTESIAN_POINT ( 'NONE',  ( -0.9249999999999984901, -0.000000000000000000, -0.9250000000000017097 ) ) ;
#5258 = EDGE_LOOP ( 'NONE', ( #1968, #5590, #2525, #8363, #7041 ) ) ;
#5259 = EDGE_LOOP ( 'NONE', ( #5182, #2752, #437, #5758 ) ) ;
#5260 = DIRECTION ( 'NONE',  ( -0.000000000000000000, -1.000000000000000000, -0.000000000000000000 ) ) ;
#5261 = ORIENTED_EDGE ( 'NONE', *, *, #2414, .F. ) ;
#5262 = AXIS2_PLACEMENT_3D ( 'NONE', #10021, #2439, #9306 ) ;
#5263 = ADVANCED_FACE ( 'NONE', ( #2408 ), #10861, .F. ) ;
#5264 = LINE ( 'NONE', #8641, #2228 ) ;
#5265 = EDGE_CURVE ( 'NONE', #8042, #1332, #3458, .T. ) ;
#5266 = AXIS2_PLACEMENT_3D ( 'NONE', #7268, #4706, #8087 ) ;
#5267 = CARTESIAN_POINT ( 'NONE',  ( -2.500000000000000888, 0.04999999999999969746, 0.8750000000000001110 ) ) ;
#5268 = MANIFOLD_SOLID_BREP ( 'Boss-Extrude2[1]', #8242 ) ;
#5269 = VECTOR ( 'NONE', #5702, 1000.000000000000000 ) ;
#5270 = PRESENTATION_LAYER_ASSIGNMENT (  '', '', ( #6149 ) ) ;
#5271 = CARTESIAN_POINT ( 'NONE',  ( -1.050000000000000044, 0.2000000000000000944, -1.050000000000000488 ) ) ;
#5272 = DIRECTION ( 'NONE',  ( -2.365532012695648978E-15, 0.000000000000000000, -1.000000000000000000 ) ) ;
#5273 = ORIENTED_EDGE ( 'NONE', *, *, #1158, .F. ) ;
#5274 = ORIENTED_EDGE ( 'NONE', *, *, #269, .F. ) ;
#5275 = DIRECTION ( 'NONE',  ( -2.365532012695642273E-15, 0.000000000000000000, -1.000000000000000000 ) ) ;
#5276 = ORIENTED_EDGE ( 'NONE', *, *, #9285, .T. ) ;
#5277 =( LENGTH_UNIT ( ) NAMED_UNIT ( * ) SI_UNIT ( .MILLI., .METRE. ) );
#5278 = CARTESIAN_POINT ( 'NONE',  ( -0.8749999999999985567, 0.1999999999999999833, 2.500000000000001332 ) ) ;
#5279 = ADVANCED_FACE ( 'NONE', ( #1900 ), #10520, .T. ) ;
#5280 = LINE ( 'NONE', #10200, #8987 ) ;
#5281 = VECTOR ( 'NONE', #1390, 1000.000000000000000 ) ;
#5282 = CARTESIAN_POINT ( 'NONE',  ( -2.500000000000000888, 0.6716990566028309129, 1.375000000000000222 ) ) ;
#5283 = MANIFOLD_SOLID_BREP ( 'LPattern3[2]', #10690 ) ;
#5284 = PLANE ( 'NONE',  #7061 ) ;
#5285 = VERTEX_POINT ( 'NONE', #2895 ) ;
#5286 = VERTEX_POINT ( 'NONE', #2726 ) ;
#5287 = DIRECTION ( 'NONE',  ( 0.000000000000000000, -0.000000000000000000, 1.000000000000000000 ) ) ;
#5288 = DIRECTION ( 'NONE',  ( 0.000000000000000000, -1.000000000000000000, 0.000000000000000000 ) ) ;
#5289 = VERTEX_POINT ( 'NONE', #6158 ) ;
#5290 = EDGE_CURVE ( 'NONE', #5505, #1259, #7824, .T. ) ;
#5291 = PRESENTATION_STYLE_ASSIGNMENT (( #1066 ) ) ;
#5292 = DIRECTION ( 'NONE',  ( -1.000000000000000000, 0.000000000000000000, 3.469446951953614583E-15 ) ) ;
#5293 = EDGE_CURVE ( 'NONE', #555, #3483, #1276, .T. ) ;
#5294 = CARTESIAN_POINT ( 'NONE',  ( 2.500000000000000000, 0.05000000000000000278, 2.499999999999999556 ) ) ;
#5295 = CARTESIAN_POINT ( 'NONE',  ( 1.375000000000000888, 0.6716990566028311349, -2.500000000000000444 ) ) ;
#5296 = VECTOR ( 'NONE', #1486, 1000.000000000000000 ) ;
#5297 = DIRECTION ( 'NONE',  ( 0.000000000000000000, 1.000000000000000000, 0.000000000000000000 ) ) ;
#5298 = CARTESIAN_POINT ( 'NONE',  ( -0.1249999999999992506, 0.1999999999999999833, -2.500000000000000444 ) ) ;
#5299 = ORIENTED_EDGE ( 'NONE', *, *, #2252, .F. ) ;
#5300 = ORIENTED_EDGE ( 'NONE', *, *, #6548, .F. ) ;
#5301 = MANIFOLD_SOLID_BREP ( 'LPattern4[12]', #2728 ) ;
#5302 = ORIENTED_EDGE ( 'NONE', *, *, #2995, .F. ) ;
#5303 = LINE ( 'NONE', #9567, #8595 ) ;
#5304 = EDGE_CURVE ( 'NONE', #3669, #2423, #9545, .T. ) ;
#5305 = DIRECTION ( 'NONE',  ( -1.000000000000000000, 0.000000000000000000, 0.000000000000000000 ) ) ;
#5307 = ORIENTED_EDGE ( 'NONE', *, *, #10221, .F. ) ;
#5306 = DIRECTION ( 'NONE',  ( 0.000000000000000000, 1.000000000000000000, 0.000000000000000000 ) ) ;
#5308 = DIRECTION ( 'NONE',  ( 0.000000000000000000, 0.000000000000000000, -1.000000000000000000 ) ) ;
#5309 = CARTESIAN_POINT ( 'NONE',  ( -2.225000000000000533, 0.6716990566028309129, 1.625000000000000222 ) ) ;
#5310 = DIRECTION ( 'NONE',  ( 0.000000000000000000, 0.000000000000000000, -1.000000000000000000 ) ) ;
#5311 = DIRECTION ( 'NONE',  ( -0.000000000000000000, -0.000000000000000000, -1.000000000000000000 ) ) ;
#5313 = AXIS2_PLACEMENT_3D ( 'NONE', #10059, #7414, #4954 ) ;
#5312 = LINE ( 'NONE', #5368, #5626 ) ;
#5315 = ORIENTED_EDGE ( 'NONE', *, *, #9995, .T. ) ;
#5314 = PRESENTATION_STYLE_ASSIGNMENT (( #2764 ) ) ;
#5316 = LINE ( 'NONE', #3705, #5452 ) ;
#5317 = EDGE_LOOP ( 'NONE', ( #7890, #4896, #5495, #8598 ) ) ;
#5318 = ORIENTED_EDGE ( 'NONE', *, *, #5241, .F. ) ;
#5319 = PLANE ( 'NONE',  #5538 ) ;
#5320 = ORIENTED_EDGE ( 'NONE', *, *, #5734, .F. ) ;
#5321 = CARTESIAN_POINT ( 'NONE',  ( 2.225000000000000533, 0.6716990566028309129, 0.6249999999999996669 ) ) ;
#5322 = SURFACE_SIDE_STYLE ('',( #6206 ) ) ;
#5323 = VECTOR ( 'NONE', #3350, 1000.000000000000000 ) ;
#5324 = ADVANCED_FACE ( 'NONE', ( #3825 ), #5660, .F. ) ;
#5325 = EDGE_CURVE ( 'NONE', #8616, #6320, #9758, .T. ) ;
#5326 = ORIENTED_EDGE ( 'NONE', *, *, #10546, .F. ) ;
#5327 = CYLINDRICAL_SURFACE ( 'NONE', #6559, 0.1250000000000001110 ) ;
#5328 = PLANE ( 'NONE',  #1181 ) ;
#5329 = VERTEX_POINT ( 'NONE', #10675 ) ;
#5330 = ORIENTED_EDGE ( 'NONE', *, *, #7454, .F. ) ;
#5331 = LINE ( 'NONE', #280, #7651 ) ;
#5332 = ORIENTED_EDGE ( 'NONE', *, *, #5978, .F. ) ;
#5333 =( LENGTH_UNIT ( ) NAMED_UNIT ( * ) SI_UNIT ( .MILLI., .METRE. ) );
#5334 = AXIS2_PLACEMENT_3D ( 'NONE', #8977, #8143, #552 ) ;
#5335 = DIRECTION ( 'NONE',  ( -0.000000000000000000, 0.000000000000000000, -1.000000000000000000 ) ) ;
#5336 = CARTESIAN_POINT ( 'NONE',  ( -0.7499999999999993339, 0.04999999999999999584, 2.225000000000000977 ) ) ;
#5337 = MANIFOLD_SOLID_BREP ( 'LPattern4[5]', #3759 ) ;
#5338 = LINE ( 'NONE', #4613, #4180 ) ;
#5339 = ORIENTED_EDGE ( 'NONE', *, *, #6161, .T. ) ;
#5340 = ORIENTED_EDGE ( 'NONE', *, *, #9585, .T. ) ;
#5341 = LINE ( 'NONE', #5401, #2390 ) ;
#5342 = CARTESIAN_POINT ( 'NONE',  ( -0.3749999999999992228, 0.05000000000000000278, 0.000000000000000000 ) ) ;
#5343 = EDGE_LOOP ( 'NONE', ( #4301, #9310, #7813, #10250 ) ) ;
#5344 = CARTESIAN_POINT ( 'NONE',  ( -2.225000000000000533, 0.05000000000000002359, 1.375000000000000222 ) ) ;
#5345 = LINE ( 'NONE', #187, #8431 ) ;
#5346 = FACE_OUTER_BOUND ( 'NONE', #4065, .T. ) ;
#5347 = PLANE ( 'NONE',  #4379 ) ;
#5348 = EDGE_CURVE ( 'NONE', #7221, #10840, #6599, .T. ) ;
#5349 = CARTESIAN_POINT ( 'NONE',  ( -2.500000000000000888, 0.1999999999999999833, 1.625000000000000444 ) ) ;
#5350 = ORIENTED_EDGE ( 'NONE', *, *, #9097, .F. ) ;
#5351 = VERTEX_POINT ( 'NONE', #670 ) ;
#5352 = VECTOR ( 'NONE', #1707, 1000.000000000000000 ) ;
#5353 = MANIFOLD_SOLID_BREP ( 'Boss-Extrude3[1]', #9703 ) ;
#5354 = VECTOR ( 'NONE', #171, 1000.000000000000000 ) ;
#5355 = ORIENTED_EDGE ( 'NONE', *, *, #9663, .F. ) ;
#5356 = FILL_AREA_STYLE_COLOUR ( '', #8774 ) ;
#5357 = DIRECTION ( 'NONE',  ( 1.032573497605242471E-16, 0.000000000000000000, -1.000000000000000000 ) ) ;
#5358 = CARTESIAN_POINT ( 'NONE',  ( 2.225000000000000533, 0.000000000000000000, -1.750000000000000222 ) ) ;
#5359 = PLANE ( 'NONE',  #5247 ) ;
#5360 = DIRECTION ( 'NONE',  ( 0.000000000000000000, 0.000000000000000000, -1.000000000000000000 ) ) ;
#5361 = AXIS2_PLACEMENT_3D ( 'NONE', #3700, #7965, #5360 ) ;
#5362 = AXIS2_PLACEMENT_3D ( 'NONE', #8910, #7977, #494 ) ;
#5363 = ADVANCED_FACE ( 'NONE', ( #3882 ), #3987, .F. ) ;
#5364 = EDGE_CURVE ( 'NONE', #278, #849, #1497, .T. ) ;
#5365 = EDGE_CURVE ( 'NONE', #3114, #1262, #3441, .T. ) ;
#5366 = EDGE_CURVE ( 'NONE', #974, #7821, #5421, .T. ) ;
#5367 = FACE_OUTER_BOUND ( 'NONE', #1048, .T. ) ;
#5368 = CARTESIAN_POINT ( 'NONE',  ( 2.500000000000000888, 0.1999999999999999833, -1.125000000000000000 ) ) ;
#5369 = AXIS2_PLACEMENT_3D ( 'NONE', #8986, #7584, #6746 ) ;
#5371 = VERTEX_POINT ( 'NONE', #2603 ) ;
#5370 =( NAMED_UNIT ( * ) PLANE_ANGLE_UNIT ( ) SI_UNIT ( $, .RADIAN. ) );
#5372 = CARTESIAN_POINT ( 'NONE',  ( -0.3749999999999993339, 0.1999999999999999833, -2.225000000000000977 ) ) ;
#5373 = ORIENTED_EDGE ( 'NONE', *, *, #5138, .F. ) ;
#5374 = EDGE_LOOP ( 'NONE', ( #10803, #10383, #3704, #8234 ) ) ;
#5375 = PLANE ( 'NONE',  #7840 ) ;
#5376 = AXIS2_PLACEMENT_3D ( 'NONE', #9884, #9052, #7288 ) ;
#5377 = ORIENTED_EDGE ( 'NONE', *, *, #6128, .T. ) ;
#5378 = CARTESIAN_POINT ( 'NONE',  ( -2.000000000000000888, 0.9000000000000000222, -2.000000000000000444 ) ) ;
#5379 = AXIS2_PLACEMENT_3D ( 'NONE', #6295, #2094, #8840 ) ;
#5380 = DIRECTION ( 'NONE',  ( 0.000000000000000000, 1.000000000000000000, -0.000000000000000000 ) ) ;
#5381 = MANIFOLD_SOLID_BREP ( 'LPattern3[14]', #4525 ) ;
#5382 = STYLED_ITEM ( 'NONE', ( #1026 ), #1582 ) ;
#5383 = CLOSED_SHELL ( 'NONE', ( #560, #10430, #8169, #6523, #2125, #3387 ) ) ;
#5384 = AXIS2_PLACEMENT_3D ( 'NONE', #6763, #720, #7436 ) ;
#5385 = VERTEX_POINT ( 'NONE', #7601 ) ;
#5386 = LINE ( 'NONE', #1160, #5323 ) ;
#5387 = DIRECTION ( 'NONE',  ( 7.885106708985472271E-16, -0.000000000000000000, 1.000000000000000000 ) ) ;
#5388 = VERTEX_POINT ( 'NONE', #10949 ) ;
#5389 = VERTEX_POINT ( 'NONE', #1775 ) ;
#5390 = PLANE ( 'NONE',  #3055 ) ;
#5391 = ORIENTED_EDGE ( 'NONE', *, *, #408, .T. ) ;
#5392 = CARTESIAN_POINT ( 'NONE',  ( 1.625000000000000888, 0.2000000000000000111, -2.500000000000000444 ) ) ;
#5393 = VECTOR ( 'NONE', #129, 1000.000000000000000 ) ;
#5394 = CARTESIAN_POINT ( 'NONE',  ( 1.625000000000001332, 0.2000000000000000111, 2.500000000000001332 ) ) ;
#5395 = EDGE_CURVE ( 'NONE', #10112, #4347, #8314, .T. ) ;
#5396 = EDGE_CURVE ( 'NONE', #10518, #5987, #1159, .T. ) ;
#5397 = DIRECTION ( 'NONE',  ( 0.000000000000000000, 1.000000000000000000, 0.000000000000000000 ) ) ;
#5398 = CARTESIAN_POINT ( 'NONE',  ( -1.624999999999999334, 0.2000000000000000111, -2.500000000000000444 ) ) ;
#5399 = ORIENTED_EDGE ( 'NONE', *, *, #6161, .F. ) ;
#5400 = ORIENTED_EDGE ( 'NONE', *, *, #5112, .F. ) ;
#5401 = CARTESIAN_POINT ( 'NONE',  ( 0.8750000000000007772, 0.05000000000000000278, 0.000000000000000000 ) ) ;
#5402 = LINE ( 'NONE', #5342, #2030 ) ;
#5403 = LINE ( 'NONE', #8766, #1261 ) ;
#5404 = CARTESIAN_POINT ( 'NONE',  ( -1.874999999999999334, 0.2000000000000000111, -2.500000000000000444 ) ) ;
#5405 = DIRECTION ( 'NONE',  ( -2.365532012695648978E-15, 0.000000000000000000, -1.000000000000000000 ) ) ;
#5406 = CYLINDRICAL_SURFACE ( 'NONE', #4006, 0.1250000000000001110 ) ;
#5407 = EDGE_CURVE ( 'NONE', #2472, #2490, #10080, .T. ) ;
#5408 = EDGE_CURVE ( 'NONE', #849, #74, #5823, .T. ) ;
#5409 = CARTESIAN_POINT ( 'NONE',  ( 0.3750000000000014433, 0.04999999999999969746, 2.500000000000000444 ) ) ;
#5410 = AXIS2_PLACEMENT_3D ( 'NONE', #10262, #7892, #6224 ) ;
#5411 = DIRECTION ( 'NONE',  ( 0.000000000000000000, -1.000000000000000000, 0.000000000000000000 ) ) ;
#5412 = ORIENTED_EDGE ( 'NONE', *, *, #5395, .T. ) ;
#5413 = ORIENTED_EDGE ( 'NONE', *, *, #5220, .T. ) ;
#5414 = MANIFOLD_SOLID_BREP ( 'LPattern3[9]', #6077 ) ;
#5416 = VERTEX_POINT ( 'NONE', #1723 ) ;
#5415 =( NAMED_UNIT ( * ) PLANE_ANGLE_UNIT ( ) SI_UNIT ( $, .RADIAN. ) );
#5417 = CARTESIAN_POINT ( 'NONE',  ( 0.2500000000000006661, 0.000000000000000000, 2.225000000000000977 ) ) ;
#5418 = CARTESIAN_POINT ( 'NONE',  ( 2.225000000000000533, 0.05000000000000002359, -0.6249999999999998890 ) ) ;
#5419 = CYLINDRICAL_SURFACE ( 'NONE', #8775, 0.1250000000000001110 ) ;
#5420 = DIRECTION ( 'NONE',  ( -1.000000000000000000, 0.000000000000000000, 2.365532012695649373E-15 ) ) ;
#5421 = CIRCLE ( 'NONE', #988, 0.1250000000000000000 ) ;
#5422 = LINE ( 'NONE', #8789, #7968 ) ;
#5423 = DIRECTION ( 'NONE',  ( 0.000000000000000000, 0.000000000000000000, -1.000000000000000000 ) ) ;
#5425 = VERTEX_POINT ( 'NONE', #5096 ) ;
#5424 = PLANE ( 'NONE',  #591 ) ;
#5426 = CARTESIAN_POINT ( 'NONE',  ( 2.225000000000000533, 0.1999999999999999833, -0.6249999999999998890 ) ) ;
#5427 = VERTEX_POINT ( 'NONE', #8476 ) ;
#5428 = VERTEX_POINT ( 'NONE', #4264 ) ;
#5429 = CARTESIAN_POINT ( 'NONE',  ( -1.050000000000000044, 3.169848480983500139, -1.050000000000000488 ) ) ;
#5430 = ORIENTED_EDGE ( 'NONE', *, *, #5700, .F. ) ;
#5431 = VECTOR ( 'NONE', #10595, 1000.000000000000000 ) ;
#5432 = CARTESIAN_POINT ( 'NONE',  ( -2.225000000000000533, 0.1999999999999999833, 1.749999999999999778 ) ) ;
#5433 = CARTESIAN_POINT ( 'NONE',  ( -1.249999999999999334, 0.000000000000000000, 2.225000000000000977 ) ) ;
#5434 = EDGE_CURVE ( 'NONE', #4800, #10930, #776, .T. ) ;
#5435 = ADVANCED_FACE ( 'NONE', ( #3596 ), #6145, .T. ) ;
#5436 = AXIS2_PLACEMENT_3D ( 'NONE', #3698, #2868, #6243 ) ;
#5437 = VECTOR ( 'NONE', #7250, 1000.000000000000000 ) ;
#5438 = FACE_OUTER_BOUND ( 'NONE', #1841, .T. ) ;
#5439 = AXIS2_PLACEMENT_3D ( 'NONE', #822, #9247, #3379 ) ;
#5440 = CARTESIAN_POINT ( 'NONE',  ( 0.3750000000000007772, 0.6716990566028311349, 2.225000000000000977 ) ) ;
#5441 = AXIS2_PLACEMENT_3D ( 'NONE', #1141, #4354, #2037 ) ;
#5442 = DIRECTION ( 'NONE',  ( 0.000000000000000000, 1.000000000000000000, 0.000000000000000000 ) ) ;
#5443 = ORIENTED_EDGE ( 'NONE', *, *, #7805, .T. ) ;
#5444 = VERTEX_POINT ( 'NONE', #6928 ) ;
#5445 = LINE ( 'NONE', #4660, #5878 ) ;
#5446 = ORIENTED_EDGE ( 'NONE', *, *, #6048, .T. ) ;
#5447 = SURFACE_STYLE_FILL_AREA ( #8817 ) ;
#5448 = DIRECTION ( 'NONE',  ( -0.000000000000000000, -1.000000000000000000, -0.000000000000000000 ) ) ;
#5449 = EDGE_CURVE ( 'NONE', #2109, #3454, #2712, .T. ) ;
#5450 = AXIS2_PLACEMENT_3D ( 'NONE', #3450, #6827, #2621 ) ;
#5451 = DIRECTION ( 'NONE',  ( 0.000000000000000000, -1.000000000000000000, 0.000000000000000000 ) ) ;
#5452 = VECTOR ( 'NONE', #7811, 1000.000000000000000 ) ;
#5453 = CIRCLE ( 'NONE', #8614, 0.1250000000000001110 ) ;
#5454 = EDGE_CURVE ( 'NONE', #1194, #4849, #10865, .T. ) ;
#5455 = AXIS2_PLACEMENT_3D ( 'NONE', #1751, #4455, #7843 ) ;
#5456 = PLANE ( 'NONE',  #2277 ) ;
#5457 = ORIENTED_EDGE ( 'NONE', *, *, #483, .T. ) ;
#5458 = ORIENTED_EDGE ( 'NONE', *, *, #2234, .T. ) ;
#5459 = PLANE ( 'NONE',  #9289 ) ;
#5460 = DIRECTION ( 'NONE',  ( 1.000000000000000000, 0.000000000000000000, 0.000000000000000000 ) ) ;
#5461 = VECTOR ( 'NONE', #790, 1000.000000000000000 ) ;
#5462 = DIRECTION ( 'NONE',  ( 0.000000000000000000, -0.000000000000000000, 1.000000000000000000 ) ) ;
#5463 = DIRECTION ( 'NONE',  ( 0.000000000000000000, 0.000000000000000000, 1.000000000000000000 ) ) ;
#5464 = LINE ( 'NONE', #6345, #3126 ) ;
#5465 = CARTESIAN_POINT ( 'NONE',  ( -0.6249999999999985567, 0.6716990566028311349, 2.500000000000000444 ) ) ;
#5466 = LINE ( 'NONE', #521, #1557 ) ;
#5467 = CARTESIAN_POINT ( 'NONE',  ( 1.375000000000001332, 0.6716990566028311349, 2.500000000000000444 ) ) ;
#5468 = VERTEX_POINT ( 'NONE', #2882 ) ;
#5469 = ORIENTED_EDGE ( 'NONE', *, *, #10428, .T. ) ;
#5471 = VERTEX_POINT ( 'NONE', #3654 ) ;
#5470 = LINE ( 'NONE', #1246, #10666 ) ;
#5472 =( NAMED_UNIT ( * ) PLANE_ANGLE_UNIT ( ) SI_UNIT ( $, .RADIAN. ) );
#5473 = CARTESIAN_POINT ( 'NONE',  ( -0.6249999999999992228, 0.000000000000000000, -2.225000000000000977 ) ) ;
#5474 = PLANE ( 'NONE',  #9674 ) ;
#5475 = DIRECTION ( 'NONE',  ( 0.000000000000000000, -0.000000000000000000, 1.000000000000000000 ) ) ;
#5476 = DIRECTION ( 'NONE',  ( -1.000000000000000000, 0.000000000000000000, -1.032573497605242471E-16 ) ) ;
#5477 = EDGE_CURVE ( 'NONE', #19, #5108, #5203, .T. ) ;
#5478 = DIRECTION ( 'NONE',  ( 0.000000000000000000, 0.000000000000000000, -1.000000000000000000 ) ) ;
#5479 = DIRECTION ( 'NONE',  ( -0.000000000000000000, -1.000000000000000000, 0.000000000000000000 ) ) ;
#5481 = ORIENTED_EDGE ( 'NONE', *, *, #3262, .T. ) ;
#5480 = DIRECTION ( 'NONE',  ( 0.000000000000000000, 0.000000000000000000, 1.000000000000000000 ) ) ;
#5482 = LINE ( 'NONE', #1316, #6302 ) ;
#5483 = ORIENTED_EDGE ( 'NONE', *, *, #1295, .T. ) ;
#5484 = ORIENTED_EDGE ( 'NONE', *, *, #6656, .T. ) ;
#5485 = DIRECTION ( 'NONE',  ( 0.000000000000000000, -1.000000000000000000, 0.000000000000000000 ) ) ;
#5486 = ORIENTED_EDGE ( 'NONE', *, *, #1188, .T. ) ;
#5487 = CARTESIAN_POINT ( 'NONE',  ( 0.6250000000000014433, 0.2000000000000000111, 2.500000000000001332 ) ) ;
#5488 = LINE ( 'NONE', #8858, #2175 ) ;
#5489 = AXIS2_PLACEMENT_3D ( 'NONE', #5065, #6796, #3571 ) ;
#5490 = LINE ( 'NONE', #3043, #4733 ) ;
#5491 = EDGE_CURVE ( 'NONE', #8311, #5428, #1214, .T. ) ;
#5492 = EDGE_CURVE ( 'NONE', #6873, #7206, #3710, .T. ) ;
#5493 = DIRECTION ( 'NONE',  ( 0.000000000000000000, 0.000000000000000000, -1.000000000000000000 ) ) ;
#5494 = CARTESIAN_POINT ( 'NONE',  ( 0.000000000000000000, 0.05000000000000000278, 1.375000000000000222 ) ) ;
#5495 = ORIENTED_EDGE ( 'NONE', *, *, #4268, .T. ) ;
#5496 = EDGE_LOOP ( 'NONE', ( #9755, #7747, #5028, #449 ) ) ;
#5497 = CARTESIAN_POINT ( 'NONE',  ( -1.249999999999999334, 0.2000000000000000111, 2.100000000000000533 ) ) ;
#5498 = ORIENTED_EDGE ( 'NONE', *, *, #10652, .T. ) ;
#5499 = PLANE ( 'NONE',  #8897 ) ;
#5500 = VECTOR ( 'NONE', #8384, 1000.000000000000000 ) ;
#5501 = ADVANCED_FACE ( 'NONE', ( #8580 ), #7046, .T. ) ;
#5502 = VECTOR ( 'NONE', #10180, 1000.000000000000000 ) ;
#5503 = EDGE_CURVE ( 'NONE', #3510, #1477, #4594, .T. ) ;
#5504 = DIRECTION ( 'NONE',  ( 0.000000000000000000, 0.000000000000000000, -1.000000000000000000 ) ) ;
#5505 = VERTEX_POINT ( 'NONE', #1887 ) ;
#5506 = VERTEX_POINT ( 'NONE', #8744 ) ;
#5507 = CYLINDRICAL_SURFACE ( 'NONE', #10338, 0.1999999999999992339 ) ;
#5508 = PLANE ( 'NONE',  #601 ) ;
#5509 = LINE ( 'NONE', #7236, #3144 ) ;
#5510 = LINE ( 'NONE', #7177, #1713 ) ;
#5511 = DIRECTION ( 'NONE',  ( -1.000000000000000000, 0.000000000000000000, 3.469446951953614583E-15 ) ) ;
#5512 = CARTESIAN_POINT ( 'NONE',  ( 2.225000000000000533, 0.05000000000000002359, -1.250000000000000222 ) ) ;
#5513 = CARTESIAN_POINT ( 'NONE',  ( -1.050000000000000044, 0.000000000000000000, -1.050000000000000488 ) ) ;
#5514 = CARTESIAN_POINT ( 'NONE',  ( -1.624999999999999334, 0.000000000000000000, 2.225000000000000977 ) ) ;
#5515 = ORIENTED_EDGE ( 'NONE', *, *, #2538, .T. ) ;
#5516 = ORIENTED_EDGE ( 'NONE', *, *, #4876, .F. ) ;
#5518 = EDGE_LOOP ( 'NONE', ( #5733, #8876, #4862, #3775, #9817 ) ) ;
#5517 = CARTESIAN_POINT ( 'NONE',  ( -1.749999999999999334, 0.04999999999999999584, 2.225000000000000977 ) ) ;
#5519 = PLANE ( 'NONE',  #410 ) ;
#5520 = CARTESIAN_POINT ( 'NONE',  ( 1.125000000000001332, 0.2000000000000000944, 2.500000000000001332 ) ) ;
#5521 = CARTESIAN_POINT ( 'NONE',  ( -2.500000000000000888, 0.000000000000000000, 1.875000000000000222 ) ) ;
#5522 = LINE ( 'NONE', #5578, #406 ) ;
#5523 = EDGE_CURVE ( 'NONE', #8210, #4865, #990, .T. ) ;
#5524 = ADVANCED_FACE ( 'NONE', ( #2831 ), #10455, .F. ) ;
#5525 = VECTOR ( 'NONE', #4818, 1000.000000000000000 ) ;
#5526 = PLANE ( 'NONE',  #4941 ) ;
#5527 = DIRECTION ( 'NONE',  ( 0.000000000000000000, 1.000000000000000000, 0.000000000000000000 ) ) ;
#5529 = EDGE_LOOP ( 'NONE', ( #860, #1433, #5038, #262 ) ) ;
#5528 = CARTESIAN_POINT ( 'NONE',  ( -1.749999999999999334, 0.2000000000000000111, -2.225000000000000977 ) ) ;
#5530 = DIRECTION ( 'NONE',  ( 1.000000000000000000, 0.000000000000000000, 0.000000000000000000 ) ) ;
#5531 = EDGE_LOOP ( 'NONE', ( #2248, #8807, #8495, #7256 ) ) ;
#5532 = VERTEX_POINT ( 'NONE', #1099 ) ;
#5533 = FACE_OUTER_BOUND ( 'NONE', #1107, .T. ) ;
#5534 = ORIENTED_EDGE ( 'NONE', *, *, #5215, .T. ) ;
#5535 = LINE ( 'NONE', #6480, #6833 ) ;
#5536 = PLANE ( 'NONE',  #10810 ) ;
#5537 = VECTOR ( 'NONE', #6806, 1000.000000000000000 ) ;
#5538 = AXIS2_PLACEMENT_3D ( 'NONE', #3438, #8639, #6874 ) ;
#5539 = ADVANCED_FACE ( 'NONE', ( #7979 ), #3761, .F. ) ;
#5540 = AXIS2_PLACEMENT_3D ( 'NONE', #9649, #509, #8925 ) ;
#5541 = CARTESIAN_POINT ( 'NONE',  ( 1.250000000000000666, 0.04999999999999999584, 2.225000000000000977 ) ) ;
#5542 = VECTOR ( 'NONE', #3641, 1000.000000000000000 ) ;
#5543 = ORIENTED_EDGE ( 'NONE', *, *, #7099, .T. ) ;
#5544 =( GEOMETRIC_REPRESENTATION_CONTEXT ( 3 ) GLOBAL_UNCERTAINTY_ASSIGNED_CONTEXT ( ( #9375 ) ) GLOBAL_UNIT_ASSIGNED_CONTEXT ( ( #3241, #6788, #8445 ) ) REPRESENTATION_CONTEXT ( 'NONE', 'WORKASPACE' ) );
#5545 = LINE ( 'NONE', #1429, #10268 ) ;
#5546 = DIRECTION ( 'NONE',  ( 1.000000000000000000, -0.000000000000000000, -3.469446951953614189E-15 ) ) ;
#5547 = ORIENTED_EDGE ( 'NONE', *, *, #8448, .T. ) ;
#5548 = EDGE_LOOP ( 'NONE', ( #6552, #6337, #6095, #10129, #5302 ) ) ;
#5549 = CARTESIAN_POINT ( 'NONE',  ( 0.3750000000000007772, 0.04999999999999969746, -2.500000000000000444 ) ) ;
#5550 = ORIENTED_EDGE ( 'NONE', *, *, #3, .F. ) ;
#5551 = PRESENTATION_STYLE_ASSIGNMENT (( #9146 ) ) ;
#5552 = FACE_OUTER_BOUND ( 'NONE', #8875, .T. ) ;
#5553 = PRESENTATION_LAYER_ASSIGNMENT (  '', '', ( #10312 ) ) ;
#5554 = PLANE ( 'NONE',  #9881 ) ;
#5555 = ORIENTED_EDGE ( 'NONE', *, *, #5293, .T. ) ;
#5556 = EDGE_LOOP ( 'NONE', ( #9008, #850, #5842, #4481 ) ) ;
#5557 = DIRECTION ( 'NONE',  ( 0.000000000000000000, 0.000000000000000000, -1.000000000000000000 ) ) ;
#5558 = CARTESIAN_POINT ( 'NONE',  ( -2.912500000000004974, 0.2000000000000000111, 1.062499999999983347 ) ) ;
#5559 = DIRECTION ( 'NONE',  ( 0.000000000000000000, -0.000000000000000000, -1.000000000000000000 ) ) ;
#5560 = LINE ( 'NONE', #1396, #10544 ) ;
#5561 = CARTESIAN_POINT ( 'NONE',  ( 0.000000000000000000, 0.05000000000000000278, 0.8750000000000001110 ) ) ;
#5562 = ADVANCED_FACE ( 'NONE', ( #7155 ), #10508, .F. ) ;
#5563 = EDGE_CURVE ( 'NONE', #10889, #10079, #5264, .T. ) ;
#5564 = EDGE_CURVE ( 'NONE', #1555, #8523, #4427, .T. ) ;
#5565 = PRESENTATION_LAYER_ASSIGNMENT (  '', '', ( #6272 ) ) ;
#5566 = EDGE_CURVE ( 'NONE', #2338, #10273, #6985, .T. ) ;
#5567 = DIRECTION ( 'NONE',  ( 0.000000000000000000, 0.000000000000000000, -1.000000000000000000 ) ) ;
#5568 = LINE ( 'NONE', #10691, #2970 ) ;
#5569 = PLANE ( 'NONE',  #2139 ) ;
#5570 = EDGE_LOOP ( 'NONE', ( #880, #9398, #9101, #5340 ) ) ;
#5571 = ORIENTED_EDGE ( 'NONE', *, *, #615, .F. ) ;
#5573 = ORIENTED_EDGE ( 'NONE', *, *, #7399, .F. ) ;
#5572 = CARTESIAN_POINT ( 'NONE',  ( -1.124999999999999334, 0.1999999999999999833, 2.225000000000000977 ) ) ;
#5574 = DIRECTION ( 'NONE',  ( -0.000000000000000000, -1.000000000000000000, -0.000000000000000000 ) ) ;
#5575 = CARTESIAN_POINT ( 'NONE',  ( -0.8749999999999992228, 0.6716990566028311349, 2.225000000000000977 ) ) ;
#5576 = CIRCLE ( 'NONE', #789, 0.1250000000000001110 ) ;
#5577 = DIRECTION ( 'NONE',  ( 0.000000000000000000, 0.000000000000000000, -1.000000000000000000 ) ) ;
#5578 = CARTESIAN_POINT ( 'NONE',  ( 0.8750000000000007772, 0.2000000000000000111, -2.500000000000000444 ) ) ;
#5579 = EDGE_CURVE ( 'NONE', #4062, #8670, #10530, .T. ) ;
#5580 = PRESENTATION_LAYER_ASSIGNMENT (  '', '', ( #9653 ) ) ;
#5581 = DIRECTION ( 'NONE',  ( -7.885106708985472271E-16, 0.000000000000000000, 1.000000000000000000 ) ) ;
#5582 = EDGE_CURVE ( 'NONE', #6226, #10411, #1480, .T. ) ;
#5583 = FACE_OUTER_BOUND ( 'NONE', #4296, .T. ) ;
#5585 = ORIENTED_EDGE ( 'NONE', *, *, #4239, .T. ) ;
#5584 = SURFACE_STYLE_FILL_AREA ( #2046 ) ;
#5586 = PLANE ( 'NONE',  #10722 ) ;
#5587 = ORIENTED_EDGE ( 'NONE', *, *, #4329, .T. ) ;
#5588 = EDGE_LOOP ( 'NONE', ( #1978, #9365, #5677, #6989 ) ) ;
#5589 = CARTESIAN_POINT ( 'NONE',  ( -2.000000000000000888, 0.9000000000000000222, -2.000000000000000444 ) ) ;
#5590 = ORIENTED_EDGE ( 'NONE', *, *, #2016, .T. ) ;
#5591 = CARTESIAN_POINT ( 'NONE',  ( -1.249999999999999334, 0.2000000000000000111, 2.225000000000000977 ) ) ;
#5592 = DIRECTION ( 'NONE',  ( 0.000000000000000000, 1.000000000000000000, 0.000000000000000000 ) ) ;
#5593 = AXIS2_PLACEMENT_3D ( 'NONE', #8526, #884, #6710 ) ;
#5594 = DIRECTION ( 'NONE',  ( 0.000000000000000000, 0.000000000000000000, 1.000000000000000000 ) ) ;
#5595 = CIRCLE ( 'NONE', #9315, 0.1250000000000001110 ) ;
#5596 = ORIENTED_EDGE ( 'NONE', *, *, #9152, .T. ) ;
#5597 = ADVANCED_FACE ( 'NONE', ( #10715 ), #598, .T. ) ;
#5599 = ORIENTED_EDGE ( 'NONE', *, *, #6846, .F. ) ;
#5598 = CYLINDRICAL_SURFACE ( 'NONE', #5334, 0.1250000000000001110 ) ;
#5600 = EDGE_CURVE ( 'NONE', #2721, #2601, #5777, .T. ) ;
#5601 = LINE ( 'NONE', #6432, #1364 ) ;
#5602 = ORIENTED_EDGE ( 'NONE', *, *, #3601, .T. ) ;
#5603 = ORIENTED_EDGE ( 'NONE', *, *, #346, .T. ) ;
#5604 = CARTESIAN_POINT ( 'NONE',  ( 2.225000000000000533, 0.05000000000000002359, 0.7499999999999997780 ) ) ;
#5605 = ORIENTED_EDGE ( 'NONE', *, *, #5265, .F. ) ;
#5606 = FILL_AREA_STYLE ('',( #2386 ) ) ;
#5607 = CARTESIAN_POINT ( 'NONE',  ( -1.249999999999999334, 0.000000000000000000, -2.225000000000000977 ) ) ;
#5608 = AXIS2_PLACEMENT_3D ( 'NONE', #3467, #9459, #4520 ) ;
#5609 = CIRCLE ( 'NONE', #10030, 0.1250000000000001110 ) ;
#5610 = AXIS2_PLACEMENT_3D ( 'NONE', #7065, #2734, #6105 ) ;
#5611 = AXIS2_PLACEMENT_3D ( 'NONE', #5358, #6909, #1082 ) ;
#5612 = EDGE_CURVE ( 'NONE', #5285, #4947, #4703, .T. ) ;
#5613 = CARTESIAN_POINT ( 'NONE',  ( 2.225000000000000533, 0.000000000000000000, 0.2499999999999997780 ) ) ;
#5614 = ORIENTED_EDGE ( 'NONE', *, *, #4194, .F. ) ;
#5615 = EDGE_LOOP ( 'NONE', ( #3955, #2748, #378, #3105 ) ) ;
#5616 = LINE ( 'NONE', #2232, #7882 ) ;
#5617 = AXIS2_PLACEMENT_3D ( 'NONE', #9302, #7590, #4039 ) ;
#5618 = AXIS2_PLACEMENT_3D ( 'NONE', #6974, #1823, #9410 ) ;
#5619 = CARTESIAN_POINT ( 'NONE',  ( -2.500000000000000888, 0.1999999999999999833, -0.1249999999999998890 ) ) ;
#5620 = DIRECTION ( 'NONE',  ( 0.000000000000000000, 1.000000000000000000, 0.000000000000000000 ) ) ;
#5621 = LINE ( 'NONE', #8829, #4723 ) ;
#5622 = VECTOR ( 'NONE', #8645, 1000.000000000000000 ) ;
#5623 = VECTOR ( 'NONE', #7837, 1000.000000000000000 ) ;
#5624 = CARTESIAN_POINT ( 'NONE',  ( -2.225000000000000533, 0.6716990566028309129, 1.875000000000000222 ) ) ;
#5625 = DIRECTION ( 'NONE',  ( 0.000000000000000000, -1.000000000000000000, 0.000000000000000000 ) ) ;
#5626 = VECTOR ( 'NONE', #5423, 1000.000000000000000 ) ;
#5627 = AXIS2_PLACEMENT_3D ( 'NONE', #8974, #4651, #387 ) ;
#5628 = LINE ( 'NONE', #1513, #4380 ) ;
#5629 = DIRECTION ( 'NONE',  ( 0.000000000000000000, 1.000000000000000000, 0.000000000000000000 ) ) ;
#5630 = EDGE_CURVE ( 'NONE', #10642, #9171, #8857, .T. ) ;
#5631 = VERTEX_POINT ( 'NONE', #3868 ) ;
#5632 = VERTEX_POINT ( 'NONE', #2213 ) ;
#5633 = EDGE_CURVE ( 'NONE', #10414, #9111, #5595, .T. ) ;
#5634 = EDGE_LOOP ( 'NONE', ( #2598, #5261, #4383, #7058 ) ) ;
#5635 = EDGE_CURVE ( 'NONE', #9171, #10026, #5650, .T. ) ;
#5636 = PLANE ( 'NONE',  #5064 ) ;
#5637 = CARTESIAN_POINT ( 'NONE',  ( -2.225000000000000533, 0.000000000000000000, 0.2499999999999997780 ) ) ;
#5638 = DIRECTION ( 'NONE',  ( 1.000000000000000000, -0.000000000000000000, 7.885106708985472271E-16 ) ) ;
#5639 = VECTOR ( 'NONE', #3498, 1000.000000000000000 ) ;
#5640 = DIRECTION ( 'NONE',  ( -0.000000000000000000, -1.000000000000000000, -0.000000000000000000 ) ) ;
#5641 = ADVANCED_FACE ( 'NONE', ( #9026 ), #3813, .F. ) ;
#5642 = CYLINDRICAL_SURFACE ( 'NONE', #9118, 0.1250000000000001110 ) ;
#5644 = ORIENTED_EDGE ( 'NONE', *, *, #1498, .T. ) ;
#5643 = CARTESIAN_POINT ( 'NONE',  ( 0.6250000000000007772, 0.2000000000000000111, -2.500000000000000444 ) ) ;
#5645 = CARTESIAN_POINT ( 'NONE',  ( 1.375000000000001332, 0.1999999999999999833, 2.500000000000000444 ) ) ;
#5646 = VERTEX_POINT ( 'NONE', #8081 ) ;
#5647 = ORIENTED_EDGE ( 'NONE', *, *, #10236, .T. ) ;
#5648 = FACE_OUTER_BOUND ( 'NONE', #7781, .T. ) ;
#5649 = ORIENTED_EDGE ( 'NONE', *, *, #2041, .T. ) ;
#5650 = LINE ( 'NONE', #4806, #1525 ) ;
#5651 = CARTESIAN_POINT ( 'NONE',  ( -0.6249999999999992228, 0.04999999999999969746, -2.500000000000000444 ) ) ;
#5652 = LINE ( 'NONE', #2278, #321 ) ;
#5654 = ORIENTED_EDGE ( 'NONE', *, *, #10710, .F. ) ;
#5653 = CARTESIAN_POINT ( 'NONE',  ( 2.500000000000000888, 0.6716990566028309129, 1.625000000000000444 ) ) ;
#5655 = DIRECTION ( 'NONE',  ( 0.000000000000000000, -1.000000000000000000, 0.000000000000000000 ) ) ;
#5656 = VERTEX_POINT ( 'NONE', #7313 ) ;
#5657 = ORIENTED_EDGE ( 'NONE', *, *, #10446, .F. ) ;
#5658 = CARTESIAN_POINT ( 'NONE',  ( -2.225000000000000533, 0.1999999999999999833, -1.875000000000000000 ) ) ;
#5659 = EDGE_LOOP ( 'NONE', ( #1420, #2564, #2986, #7183 ) ) ;
#5660 = CYLINDRICAL_SURFACE ( 'NONE', #4516, 0.1250000000000001110 ) ;
#5661 = MECHANICAL_DESIGN_GEOMETRIC_PRESENTATION_REPRESENTATION (  '', ( #10940 ), #1846 ) ;
#5662 = DIRECTION ( 'NONE',  ( 0.000000000000000000, 1.000000000000000000, 0.000000000000000000 ) ) ;
#5663 = ORIENTED_EDGE ( 'NONE', *, *, #2506, .F. ) ;
#5664 = VERTEX_POINT ( 'NONE', #8912 ) ;
#5665 = CARTESIAN_POINT ( 'NONE',  ( 2.225000000000000533, 0.1999999999999999833, 1.749999999999999778 ) ) ;
#5666 = VECTOR ( 'NONE', #7145, 1000.000000000000000 ) ;
#5667 = CARTESIAN_POINT ( 'NONE',  ( 2.225000000000000533, 0.000000000000000000, -0.6249999999999998890 ) ) ;
#5668 = CARTESIAN_POINT ( 'NONE',  ( 1.750000000000000666, 0.6716990566028311349, 2.225000000000000977 ) ) ;
#5669 = CARTESIAN_POINT ( 'NONE',  ( 1.625000000000000888, 0.04999999999999999584, 2.225000000000000977 ) ) ;
#5670 = EDGE_CURVE ( 'NONE', #6050, #10592, #5535, .T. ) ;
#5671 = DIRECTION ( 'NONE',  ( 0.000000000000000000, 0.000000000000000000, -1.000000000000000000 ) ) ;
#5672 = EDGE_CURVE ( 'NONE', #5289, #1040, #10362, .T. ) ;
#5673 = UNCERTAINTY_MEASURE_WITH_UNIT (LENGTH_MEASURE( 1.000000000000000082E-05 ), #5688, 'distance_accuracy_value', 'NONE');
#5674 = VECTOR ( 'NONE', #6400, 1000.000000000000000 ) ;
#5675 = DIRECTION ( 'NONE',  ( 0.000000000000000000, -0.000000000000000000, 1.000000000000000000 ) ) ;
#5676 = CARTESIAN_POINT ( 'NONE',  ( 1.625000000000000888, 0.2000000000000000111, 2.225000000000000977 ) ) ;
#5677 = ORIENTED_EDGE ( 'NONE', *, *, #8063, .F. ) ;
#5678 = ORIENTED_EDGE ( 'NONE', *, *, #1423, .T. ) ;
#5680 = VERTEX_POINT ( 'NONE', #4856 ) ;
#5679 = DIRECTION ( 'NONE',  ( -1.000000000000000000, 0.000000000000000000, 0.000000000000000000 ) ) ;
#5681 = CARTESIAN_POINT ( 'NONE',  ( 2.500000000000000888, 0.6716990566028309129, -1.625000000000000000 ) ) ;
#5682 = CARTESIAN_POINT ( 'NONE',  ( 2.225000000000000533, 0.6716990566028309129, -0.1249999999999998890 ) ) ;
#5683 = CYLINDRICAL_SURFACE ( 'NONE', #5956, 0.1250000000000000000 ) ;
#5684 = FACE_OUTER_BOUND ( 'NONE', #4333, .T. ) ;
#5685 = VECTOR ( 'NONE', #2699, 1000.000000000000000 ) ;
#5686 = CARTESIAN_POINT ( 'NONE',  ( 1.625000000000000888, 0.6716990566028311349, -2.500000000000000444 ) ) ;
#5687 = CARTESIAN_POINT ( 'NONE',  ( 2.225000000000000533, 0.05000000000000002359, -1.750000000000000222 ) ) ;
#5689 = VERTEX_POINT ( 'NONE', #1321 ) ;
#5688 =( LENGTH_UNIT ( ) NAMED_UNIT ( * ) SI_UNIT ( .MILLI., .METRE. ) );
#5690 = LINE ( 'NONE', #593, #3143 ) ;
#5691 = ORIENTED_EDGE ( 'NONE', *, *, #8734, .F. ) ;
#5692 = LINE ( 'NONE', #4962, #3414 ) ;
#5693 = ORIENTED_EDGE ( 'NONE', *, *, #8279, .F. ) ;
#5694 = DIRECTION ( 'NONE',  ( 2.365532012695641878E-15, -0.000000000000000000, 1.000000000000000000 ) ) ;
#5695 = CARTESIAN_POINT ( 'NONE',  ( 0.000000000000000000, 0.05000000000000000278, 1.375000000000000222 ) ) ;
#5696 = EDGE_CURVE ( 'NONE', #380, #1386, #8134, .T. ) ;
#5697 = ADVANCED_FACE ( 'NONE', ( #9908 ), #10662, .T. ) ;
#5698 = EDGE_CURVE ( 'NONE', #10048, #4772, #1421, .T. ) ;
#5699 = VECTOR ( 'NONE', #7106, 1000.000000000000000 ) ;
#5700 = EDGE_CURVE ( 'NONE', #5761, #4046, #3973, .T. ) ;
#5701 = CARTESIAN_POINT ( 'NONE',  ( -2.225000000000000533, 0.6716990566028309129, 0.8750000000000001110 ) ) ;
#5702 = DIRECTION ( 'NONE',  ( 1.000000000000000000, 0.000000000000000000, 0.000000000000000000 ) ) ;
#5704 = EDGE_LOOP ( 'NONE', ( #7778, #6904, #2208, #1031 ) ) ;
#5703 = CARTESIAN_POINT ( 'NONE',  ( -1.124999999999999334, 0.2000000000000000111, -2.225000000000000977 ) ) ;
#5705 = DIRECTION ( 'NONE',  ( -1.000000000000000000, 0.000000000000000000, 0.000000000000000000 ) ) ;
#5706 = ORIENTED_EDGE ( 'NONE', *, *, #9763, .F. ) ;
#5707 = ORIENTED_EDGE ( 'NONE', *, *, #5014, .F. ) ;
#5708 = LINE ( 'NONE', #5763, #2172 ) ;
#5709 = AXIS2_PLACEMENT_3D ( 'NONE', #1776, #6818, #3598 ) ;
#5710 = ORIENTED_EDGE ( 'NONE', *, *, #8058, .T. ) ;
#5711 = DIRECTION ( 'NONE',  ( 0.000000000000000000, 0.000000000000000000, 1.000000000000000000 ) ) ;
#5712 = AXIS2_PLACEMENT_3D ( 'NONE', #2583, #90, #866 ) ;
#5713 = FILL_AREA_STYLE ('',( #611 ) ) ;
#5714 = VECTOR ( 'NONE', #907, 1000.000000000000000 ) ;
#5715 = STYLED_ITEM ( 'NONE', ( #9836 ), #8831 ) ;
#5716 = LINE ( 'NONE', #2289, #3691 ) ;
#5717 = ORIENTED_EDGE ( 'NONE', *, *, #10058, .T. ) ;
#5718 = EDGE_CURVE ( 'NONE', #3772, #7643, #4035, .T. ) ;
#5719 = EDGE_LOOP ( 'NONE', ( #10152, #9019, #2463, #6606 ) ) ;
#5720 = CARTESIAN_POINT ( 'NONE',  ( 0.8750000000000014433, 0.1999999999999999833, 2.500000000000000444 ) ) ;
#5721 = VECTOR ( 'NONE', #565, 1000.000000000000000 ) ;
#5722 = DIRECTION ( 'NONE',  ( 0.7071067811865512365, -0.000000000000000000, -0.7071067811865439090 ) ) ;
#5723 = VECTOR ( 'NONE', #6285, 1000.000000000000000 ) ;
#5724 = DIRECTION ( 'NONE',  ( 0.000000000000000000, 0.000000000000000000, -1.000000000000000000 ) ) ;
#5725 = CARTESIAN_POINT ( 'NONE',  ( -2.225000000000000533, 0.6716990566028309129, -0.8750000000000003331 ) ) ;
#5726 = MECHANICAL_DESIGN_GEOMETRIC_PRESENTATION_REPRESENTATION (  '', ( #10483 ), #6795 ) ;
#5727 = LINE ( 'NONE', #5561, #8270 ) ;
#5728 = APPLICATION_PROTOCOL_DEFINITION ( 'draft international standard', 'automotive_design', 1998, #9682 ) ;
#5729 = AXIS2_PLACEMENT_3D ( 'NONE', #2689, #1137, #4407 ) ;
#5730 = LINE ( 'NONE', #1399, #10393 ) ;
#5731 = DIRECTION ( 'NONE',  ( -1.000000000000000000, 0.000000000000000000, -0.000000000000000000 ) ) ;
#5732 = VERTEX_POINT ( 'NONE', #1266 ) ;
#5733 = ORIENTED_EDGE ( 'NONE', *, *, #7334, .F. ) ;
#5734 = EDGE_CURVE ( 'NONE', #6812, #3235, #7423, .T. ) ;
#5736 = VERTEX_POINT ( 'NONE', #8031 ) ;
#5735 = FACE_OUTER_BOUND ( 'NONE', #102, .T. ) ;
#5737 = EDGE_CURVE ( 'NONE', #6216, #337, #8954, .T. ) ;
#5738 = CARTESIAN_POINT ( 'NONE',  ( 2.225000000000000533, 0.05000000000000002359, -0.1249999999999998890 ) ) ;
#5739 = CARTESIAN_POINT ( 'NONE',  ( 1.250000000000000666, 0.2000000000000000111, 2.225000000000000977 ) ) ;
#5740 = DIRECTION ( 'NONE',  ( 0.000000000000000000, -0.000000000000000000, 1.000000000000000000 ) ) ;
#5741 = CARTESIAN_POINT ( 'NONE',  ( 1.050000000000000266, 3.169848480983500139, -1.050000000000000266 ) ) ;
#5742 = DIRECTION ( 'NONE',  ( 0.000000000000000000, 0.000000000000000000, -1.000000000000000000 ) ) ;
#5743 = DIRECTION ( 'NONE',  ( 1.000000000000000000, 0.000000000000000000, 0.000000000000000000 ) ) ;
#5744 = VERTEX_POINT ( 'NONE', #2532 ) ;
#5745 = LINE ( 'NONE', #9900, #7930 ) ;
#5747 = VERTEX_POINT ( 'NONE', #10825 ) ;
#5746 = FILL_AREA_STYLE_COLOUR ( '', #2727 ) ;
#5748 = FACE_OUTER_BOUND ( 'NONE', #7832, .T. ) ;
#5749 = ORIENTED_EDGE ( 'NONE', *, *, #989, .T. ) ;
#5750 = DIRECTION ( 'NONE',  ( 0.000000000000000000, 0.000000000000000000, -1.000000000000000000 ) ) ;
#5751 = EDGE_LOOP ( 'NONE', ( #10181, #4348, #10821, #6157 ) ) ;
#5752 = LINE ( 'NONE', #7586, #6117 ) ;
#5753 = CYLINDRICAL_SURFACE ( 'NONE', #6237, 0.1250000000000000000 ) ;
#5754 = CIRCLE ( 'NONE', #8046, 0.1250000000000001110 ) ;
#5755 = CARTESIAN_POINT ( 'NONE',  ( -0.2499999999999993616, 0.2000000000000000111, -2.225000000000000977 ) ) ;
#5756 = DIRECTION ( 'NONE',  ( 0.000000000000000000, -1.000000000000000000, 0.000000000000000000 ) ) ;
#5758 = ORIENTED_EDGE ( 'NONE', *, *, #6262, .T. ) ;
#5757 = DIRECTION ( 'NONE',  ( -1.000000000000000000, 0.000000000000000000, 7.885106708985472271E-16 ) ) ;
#5759 = LINE ( 'NONE', #5027, #7217 ) ;
#5761 = VERTEX_POINT ( 'NONE', #9298 ) ;
#5760 = ADVANCED_FACE ( 'NONE', ( #5075 ), #3369, .F. ) ;
#5762 = ORIENTED_EDGE ( 'NONE', *, *, #6409, .F. ) ;
#5763 = CARTESIAN_POINT ( 'NONE',  ( 0.1250000000000007494, 0.2000000000000000111, -2.500000000000000444 ) ) ;
#5764 = EDGE_LOOP ( 'NONE', ( #2230, #7325, #5315, #10024 ) ) ;
#5765 = MECHANICAL_DESIGN_GEOMETRIC_PRESENTATION_REPRESENTATION (  '', ( #452 ), #4693 ) ;
#5766 =( NAMED_UNIT ( * ) SI_UNIT ( $, .STERADIAN. ) SOLID_ANGLE_UNIT ( ) );
#5767 = EDGE_CURVE ( 'NONE', #8577, #1929, #34, .T. ) ;
#5768 = DIRECTION ( 'NONE',  ( 0.000000000000000000, 0.000000000000000000, -1.000000000000000000 ) ) ;
#5769 = MECHANICAL_DESIGN_GEOMETRIC_PRESENTATION_REPRESENTATION (  '', ( #8945 ), #5941 ) ;
#5770 = AXIS2_PLACEMENT_3D ( 'NONE', #2422, #8237, #8402 ) ;
#5771 = DIRECTION ( 'NONE',  ( 0.000000000000000000, 1.000000000000000000, 0.000000000000000000 ) ) ;
#5773 = ORIENTED_EDGE ( 'NONE', *, *, #7568, .T. ) ;
#5772 = EDGE_CURVE ( 'NONE', #6223, #3184, #8462, .T. ) ;
#5774 = ORIENTED_EDGE ( 'NONE', *, *, #7355, .F. ) ;
#5775 = DIRECTION ( 'NONE',  ( 2.365532012695649373E-15, 0.000000000000000000, 1.000000000000000000 ) ) ;
#5776 = DIRECTION ( 'NONE',  ( 0.000000000000000000, 0.000000000000000000, 1.000000000000000000 ) ) ;
#5777 = CIRCLE ( 'NONE', #9495, 0.1250000000000001110 ) ;
#5778 = LINE ( 'NONE', #1509, #1726 ) ;
#5779 = PLANE ( 'NONE',  #5376 ) ;
#5780 = AXIS2_PLACEMENT_3D ( 'NONE', #6016, #3639, #7027 ) ;
#5781 = EDGE_CURVE ( 'NONE', #1417, #6848, #10875, .T. ) ;
#5782 = AXIS2_PLACEMENT_3D ( 'NONE', #5637, #1407, #4793 ) ;
#5783 = VECTOR ( 'NONE', #10852, 1000.000000000000000 ) ;
#5784 = LINE ( 'NONE', #6617, #8275 ) ;
#5785 = DIRECTION ( 'NONE',  ( -1.000000000000000000, 0.000000000000000000, 0.000000000000000000 ) ) ;
#5786 = ORIENTED_EDGE ( 'NONE', *, *, #2552, .T. ) ;
#5787 = EDGE_LOOP ( 'NONE', ( #8507, #6541, #2666, #6693 ) ) ;
#5789 = ORIENTED_EDGE ( 'NONE', *, *, #5718, .F. ) ;
#5788 = CARTESIAN_POINT ( 'NONE',  ( -1.124999999999999334, 0.6716990566028311349, -2.500000000000000444 ) ) ;
#5790 = CARTESIAN_POINT ( 'NONE',  ( 6.899468370362301302E-16, 0.05000000000000000278, -0.8750000000000016653 ) ) ;
#5791 = CARTESIAN_POINT ( 'NONE',  ( -2.225000000000000533, 0.6716990566028309129, -0.1249999999999998890 ) ) ;
#5792 = CARTESIAN_POINT ( 'NONE',  ( -2.225000000000000533, 0.1999999999999999833, 0.3750000000000001110 ) ) ;
#5793 = CYLINDRICAL_SURFACE ( 'NONE', #7030, 0.1250000000000001110 ) ;
#5794 = DIRECTION ( 'NONE',  ( -1.000000000000000000, 0.000000000000000000, 0.000000000000000000 ) ) ;
#5795 = VECTOR ( 'NONE', #2539, 1000.000000000000000 ) ;
#5796 = CIRCLE ( 'NONE', #4732, 0.1250000000000001110 ) ;
#5797 = EDGE_CURVE ( 'NONE', #7345, #3485, #4140, .T. ) ;
#5798 = VECTOR ( 'NONE', #3232, 1000.000000000000000 ) ;
#5799 = PLANE ( 'NONE',  #8140 ) ;
#5800 = VERTEX_POINT ( 'NONE', #7524 ) ;
#5801 = ORIENTED_EDGE ( 'NONE', *, *, #1622, .T. ) ;
#5802 = FACE_OUTER_BOUND ( 'NONE', #4755, .T. ) ;
#5803 = ORIENTED_EDGE ( 'NONE', *, *, #8035, .T. ) ;
#5804 = CARTESIAN_POINT ( 'NONE',  ( 2.225000000000000533, 0.6716990566028309129, -1.875000000000000444 ) ) ;
#5805 = VERTEX_POINT ( 'NONE', #5916 ) ;
#5806 = CARTESIAN_POINT ( 'NONE',  ( 0.8750000000000007772, 0.6716990566028311349, -2.225000000000000977 ) ) ;
#5808 = ORIENTED_EDGE ( 'NONE', *, *, #5835, .T. ) ;
#5807 = LINE ( 'NONE', #6696, #9084 ) ;
#5809 = DIRECTION ( 'NONE',  ( -0.000000000000000000, -1.000000000000000000, -0.000000000000000000 ) ) ;
#5810 = VECTOR ( 'NONE', #6445, 1000.000000000000000 ) ;
#5811 = LINE ( 'NONE', #4857, #10632 ) ;
#5812 = CLOSED_SHELL ( 'NONE', ( #322, #4328, #2843, #9326, #9214, #8137 ) ) ;
#5813 = EDGE_CURVE ( 'NONE', #4908, #2767, #10173, .T. ) ;
#5814 = LINE ( 'NONE', #6589, #7251 ) ;
#5815 = LINE ( 'NONE', #4145, #2432 ) ;
#5817 = ORIENTED_EDGE ( 'NONE', *, *, #6355, .F. ) ;
#5816 = CARTESIAN_POINT ( 'NONE',  ( -0.6249999999999992228, 0.000000000000000000, -2.500000000000000444 ) ) ;
#5818 = PLANE ( 'NONE',  #7045 ) ;
#5819 = ORIENTED_EDGE ( 'NONE', *, *, #10351, .F. ) ;
#5820 = ORIENTED_EDGE ( 'NONE', *, *, #3533, .F. ) ;
#5821 = LINE ( 'NONE', #7485, #6767 ) ;
#5822 = ORIENTED_EDGE ( 'NONE', *, *, #8072, .F. ) ;
#5823 = LINE ( 'NONE', #4977, #8419 ) ;
#5824 =( NAMED_UNIT ( * ) SI_UNIT ( $, .STERADIAN. ) SOLID_ANGLE_UNIT ( ) );
#5825 = EDGE_CURVE ( 'NONE', #3685, #8616, #5752, .T. ) ;
#5826 = EDGE_CURVE ( 'NONE', #6770, #6107, #4087, .T. ) ;
#5827 = CARTESIAN_POINT ( 'NONE',  ( -1.874999999999998668, 0.05000000000000000278, 2.500000000000000444 ) ) ;
#5828 = ORIENTED_EDGE ( 'NONE', *, *, #5600, .T. ) ;
#5829 = ORIENTED_EDGE ( 'NONE', *, *, #2446, .T. ) ;
#5830 = UNCERTAINTY_MEASURE_WITH_UNIT (LENGTH_MEASURE( 1.000000000000000082E-05 ), #1556, 'distance_accuracy_value', 'NONE');
#5831 = CARTESIAN_POINT ( 'NONE',  ( 2.225000000000000533, 0.000000000000000000, 0.7499999999999997780 ) ) ;
#5832 = FACE_OUTER_BOUND ( 'NONE', #1753, .T. ) ;
#5833 = LINE ( 'NONE', #6505, #8790 ) ;
#5834 = PLANE ( 'NONE',  #2084 ) ;
#5835 = EDGE_CURVE ( 'NONE', #10462, #8670, #10069, .T. ) ;
#5836 = ADVANCED_FACE ( 'NONE', ( #10935 ), #9354, .F. ) ;
#5837 = EDGE_CURVE ( 'NONE', #2423, #3466, #9238, .T. ) ;
#5838 = AXIS2_PLACEMENT_3D ( 'NONE', #696, #10927, #8396 ) ;
#5839 = DIRECTION ( 'NONE',  ( 0.000000000000000000, -1.000000000000000000, 0.000000000000000000 ) ) ;
#5840 = PLANE ( 'NONE',  #1600 ) ;
#5841 = ORIENTED_EDGE ( 'NONE', *, *, #7888, .T. ) ;
#5842 = ORIENTED_EDGE ( 'NONE', *, *, #10895, .T. ) ;
#5844 = VERTEX_POINT ( 'NONE', #4302 ) ;
#5843 = FILL_AREA_STYLE_COLOUR ( '', #428 ) ;
#5845 = DIRECTION ( 'NONE',  ( 0.000000000000000000, 0.000000000000000000, 1.000000000000000000 ) ) ;
#5846 = ORIENTED_EDGE ( 'NONE', *, *, #4101, .F. ) ;
#5847 = CARTESIAN_POINT ( 'NONE',  ( -2.225000000000000533, 0.1999999999999999833, -1.875000000000000444 ) ) ;
#5848 = CARTESIAN_POINT ( 'NONE',  ( 0.000000000000000000, 0.05000000000000000278, -0.1249999999999998890 ) ) ;
#5849 = CARTESIAN_POINT ( 'NONE',  ( 0.3750000000000014433, 0.1999999999999999833, 2.500000000000000444 ) ) ;
#5850 = DIRECTION ( 'NONE',  ( 0.000000000000000000, 1.000000000000000000, 0.000000000000000000 ) ) ;
#5851 = CARTESIAN_POINT ( 'NONE',  ( -1.124999999999999334, 0.6716990566028311349, -2.225000000000000977 ) ) ;
#5852 = EDGE_LOOP ( 'NONE', ( #3053, #7620, #6592, #5891 ) ) ;
#5853 = ORIENTED_EDGE ( 'NONE', *, *, #344, .T. ) ;
#5854 = VECTOR ( 'NONE', #10073, 1000.000000000000000 ) ;
#5855 = VERTEX_POINT ( 'NONE', #7692 ) ;
#5856 = CARTESIAN_POINT ( 'NONE',  ( -0.8749999999999985567, 0.2000000000000000111, 2.500000000000001332 ) ) ;
#5857 = EDGE_CURVE ( 'NONE', #6151, #10930, #9956, .T. ) ;
#5858 = CYLINDRICAL_SURFACE ( 'NONE', #8190, 0.1250000000000001110 ) ;
#5860 = ORIENTED_EDGE ( 'NONE', *, *, #2856, .F. ) ;
#5859 = CARTESIAN_POINT ( 'NONE',  ( -0.8749999999999992228, 0.05000000000000000278, 0.000000000000000000 ) ) ;
#5861 = DIRECTION ( 'NONE',  ( 0.000000000000000000, -0.000000000000000000, -1.000000000000000000 ) ) ;
#5862 = CARTESIAN_POINT ( 'NONE',  ( -1.624999999999998668, 0.2000000000000000111, 2.500000000000000444 ) ) ;
#5863 = FACE_OUTER_BOUND ( 'NONE', #3094, .T. ) ;
#5864 = DIRECTION ( 'NONE',  ( 0.000000000000000000, 0.000000000000000000, 1.000000000000000000 ) ) ;
#5865 = CARTESIAN_POINT ( 'NONE',  ( -2.499999999999999556, 0.05000000000000000278, 2.500000000000000444 ) ) ;
#5867 = ORIENTED_EDGE ( 'NONE', *, *, #5718, .T. ) ;
#5866 = CARTESIAN_POINT ( 'NONE',  ( 2.225000000000000533, 0.1999999999999999833, -1.125000000000000000 ) ) ;
#5868 = DIRECTION ( 'NONE',  ( -7.885106708985472271E-16, 0.000000000000000000, 1.000000000000000000 ) ) ;
#5869 = ORIENTED_EDGE ( 'NONE', *, *, #10094, .F. ) ;
#5870 = ORIENTED_EDGE ( 'NONE', *, *, #7602, .T. ) ;
#5871 = CARTESIAN_POINT ( 'NONE',  ( 1.050000000000000266, 0.2000000000000009548, -1.050000000000000266 ) ) ;
#5872 = EDGE_LOOP ( 'NONE', ( #8077, #10260, #7115, #5066 ) ) ;
#5873 = EDGE_CURVE ( 'NONE', #365, #3110, #8303, .T. ) ;
#5874 = DIRECTION ( 'NONE',  ( 0.000000000000000000, 0.000000000000000000, 1.000000000000000000 ) ) ;
#5875 = EDGE_CURVE ( 'NONE', #8548, #1609, #3259, .T. ) ;
#5876 = CARTESIAN_POINT ( 'NONE',  ( 1.750000000000000666, 0.04999999999999999584, 2.100000000000000533 ) ) ;
#5877 = AXIS2_PLACEMENT_3D ( 'NONE', #763, #4141, #10877 ) ;
#5878 = VECTOR ( 'NONE', #4768, 1000.000000000000000 ) ;
#5879 = DIRECTION ( 'NONE',  ( -1.000000000000000000, 0.000000000000000000, 3.469446951953614583E-15 ) ) ;
#5880 = ORIENTED_EDGE ( 'NONE', *, *, #6382, .F. ) ;
#5881 = ORIENTED_EDGE ( 'NONE', *, *, #2661, .T. ) ;
#5882 = DIRECTION ( 'NONE',  ( 0.000000000000000000, -1.000000000000000000, 0.000000000000000000 ) ) ;
#5883 = CARTESIAN_POINT ( 'NONE',  ( 2.225000000000000533, 0.6716990566028309129, 0.1250000000000001110 ) ) ;
#5884 = CARTESIAN_POINT ( 'NONE',  ( -0.2499999999999993616, 0.000000000000000000, 2.225000000000000977 ) ) ;
#5885 = LINE ( 'NONE', #10201, #123 ) ;
#5886 = AXIS2_PLACEMENT_3D ( 'NONE', #1201, #5420, #1987 ) ;
#5887 = AXIS2_PLACEMENT_3D ( 'NONE', #542, #1419, #9023 ) ;
#5888 = VECTOR ( 'NONE', #8377, 1000.000000000000000 ) ;
#5889 = CARTESIAN_POINT ( 'NONE',  ( -2.225000000000000533, 0.1999999999999999833, 1.249999999999999778 ) ) ;
#5890 = DIRECTION ( 'NONE',  ( -1.000000000000000000, 0.000000000000000000, 0.000000000000000000 ) ) ;
#5891 = ORIENTED_EDGE ( 'NONE', *, *, #3261, .T. ) ;
#5892 = ORIENTED_EDGE ( 'NONE', *, *, #10789, .F. ) ;
#5893 = VECTOR ( 'NONE', #80, 1000.000000000000000 ) ;
#5894 = VECTOR ( 'NONE', #5016, 1000.000000000000000 ) ;
#5895 = EDGE_LOOP ( 'NONE', ( #10272, #2169 ) ) ;
#5896 = VERTEX_POINT ( 'NONE', #810 ) ;
#5897 = EDGE_CURVE ( 'NONE', #7939, #3151, #2428, .T. ) ;
#5898 = DIRECTION ( 'NONE',  ( 1.000000000000000000, 0.000000000000000000, 0.000000000000000000 ) ) ;
#5899 = PLANE ( 'NONE',  #7047 ) ;
#5900 = EDGE_CURVE ( 'NONE', #5108, #340, #8353, .T. ) ;
#5901 = DIRECTION ( 'NONE',  ( 0.000000000000000000, -1.000000000000000000, 0.000000000000000000 ) ) ;
#5902 = EDGE_CURVE ( 'NONE', #9480, #5385, #3317, .T. ) ;
#5903 = DIRECTION ( 'NONE',  ( 0.000000000000000000, 1.000000000000000000, -0.000000000000000000 ) ) ;
#5904 = VECTOR ( 'NONE', #3169, 1000.000000000000000 ) ;
#5905 = CARTESIAN_POINT ( 'NONE',  ( 1.125000000000000888, 0.6716990566028311349, 2.225000000000000977 ) ) ;
#5906 = EDGE_LOOP ( 'NONE', ( #9190, #2418, #2837, #6415 ) ) ;
#5907 = ORIENTED_EDGE ( 'NONE', *, *, #3188, .F. ) ;
#5908 = AXIS2_PLACEMENT_3D ( 'NONE', #6729, #6679, #4171 ) ;
#5910 = ORIENTED_EDGE ( 'NONE', *, *, #532, .T. ) ;
#5909 = SURFACE_SIDE_STYLE ('',( #10818 ) ) ;
#5911 = DIRECTION ( 'NONE',  ( 8.673617379884034239E-17, -0.000000000000000000, 1.000000000000000000 ) ) ;
#5912 = ADVANCED_FACE ( 'NONE', ( #4523 ), #5359, .F. ) ;
#5913 = DIRECTION ( 'NONE',  ( 0.000000000000000000, 1.000000000000000000, -0.000000000000000000 ) ) ;
#5915 = ORIENTED_EDGE ( 'NONE', *, *, #2926, .F. ) ;
#5914 = LINE ( 'NONE', #1704, #6251 ) ;
#5916 = CARTESIAN_POINT ( 'NONE',  ( 0.6250000000000007772, 0.000000000000000000, -2.500000000000000444 ) ) ;
#5917 = DIRECTION ( 'NONE',  ( 1.000000000000000000, 0.000000000000000000, 0.000000000000000000 ) ) ;
#5918 = EDGE_CURVE ( 'NONE', #1054, #4132, #2819, .T. ) ;
#5919 = FACE_OUTER_BOUND ( 'NONE', #9483, .T. ) ;
#5920 = CARTESIAN_POINT ( 'NONE',  ( -2.225000000000000533, 0.05000000000000002359, -0.7500000000000002220 ) ) ;
#5921 = LINE ( 'NONE', #1036, #7389 ) ;
#5923 = ORIENTED_EDGE ( 'NONE', *, *, #6241, .T. ) ;
#5922 = CARTESIAN_POINT ( 'NONE',  ( 0.3750000000000007772, 0.04999999999999999584, -2.225000000000000977 ) ) ;
#5924 = DIRECTION ( 'NONE',  ( 0.000000000000000000, -1.000000000000000000, 0.000000000000000000 ) ) ;
#5925 = EDGE_LOOP ( 'NONE', ( #4982, #7327, #633, #2487 ) ) ;
#5926 = ORIENTED_EDGE ( 'NONE', *, *, #2607, .F. ) ;
#5927 = DIRECTION ( 'NONE',  ( 0.000000000000000000, -1.000000000000000000, 0.000000000000000000 ) ) ;
#5928 = ORIENTED_EDGE ( 'NONE', *, *, #10510, .T. ) ;
#5929 = SURFACE_STYLE_FILL_AREA ( #5713 ) ;
#5930 = VECTOR ( 'NONE', #3965, 1000.000000000000000 ) ;
#5931 = EDGE_CURVE ( 'NONE', #7066, #7206, #7724, .T. ) ;
#5932 = AXIS2_PLACEMENT_3D ( 'NONE', #7408, #999, #5845 ) ;
#5933 = DIRECTION ( 'NONE',  ( 0.000000000000000000, 1.000000000000000000, 0.000000000000000000 ) ) ;
#5934 = ORIENTED_EDGE ( 'NONE', *, *, #7334, .T. ) ;
#5935 = ORIENTED_EDGE ( 'NONE', *, *, #4952, .F. ) ;
#5936 = UNCERTAINTY_MEASURE_WITH_UNIT (LENGTH_MEASURE( 1.000000000000000082E-05 ), #10749, 'distance_accuracy_value', 'NONE');
#5937 = DIRECTION ( 'NONE',  ( 0.000000000000000000, -0.000000000000000000, 1.000000000000000000 ) ) ;
#5938 = DIRECTION ( 'NONE',  ( -1.000000000000000000, 0.000000000000000000, 7.885106708985472271E-16 ) ) ;
#5939 = FACE_OUTER_BOUND ( 'NONE', #9035, .T. ) ;
#5940 = CARTESIAN_POINT ( 'NONE',  ( -2.168404344971008868E-16, 0.05000000000000000278, 1.050000000000000044 ) ) ;
#5941 =( GEOMETRIC_REPRESENTATION_CONTEXT ( 3 ) GLOBAL_UNCERTAINTY_ASSIGNED_CONTEXT ( ( #3391 ) ) GLOBAL_UNIT_ASSIGNED_CONTEXT ( ( #4869, #8203, #5766 ) ) REPRESENTATION_CONTEXT ( 'NONE', 'WORKASPACE' ) );
#5942 = EDGE_CURVE ( 'NONE', #5128, #6236, #9620, .T. ) ;
#5943 = LINE ( 'NONE', #6780, #10043 ) ;
#5944 = CARTESIAN_POINT ( 'NONE',  ( 1.050000000000000266, 3.169848480983500139, -1.050000000000000266 ) ) ;
#5945 = ORIENTED_EDGE ( 'NONE', *, *, #3885, .F. ) ;
#5946 = ORIENTED_EDGE ( 'NONE', *, *, #9962, .F. ) ;
#5947 = AXIS2_PLACEMENT_3D ( 'NONE', #1817, #8625, #4413 ) ;
#5948 = FILL_AREA_STYLE_COLOUR ( '', #5012 ) ;
#5949 = ORIENTED_EDGE ( 'NONE', *, *, #5492, .F. ) ;
#5950 = CARTESIAN_POINT ( 'NONE',  ( 1.050000000000000044, 3.169848480983500139, 1.050000000000000044 ) ) ;
#5951 = CARTESIAN_POINT ( 'NONE',  ( 1.750000000000000666, 0.2000000000000000111, 2.100000000000000533 ) ) ;
#5952 = DIRECTION ( 'NONE',  ( 0.000000000000000000, 0.000000000000000000, -1.000000000000000000 ) ) ;
#5953 = VECTOR ( 'NONE', #9792, 1000.000000000000000 ) ;
#5954 = DIRECTION ( 'NONE',  ( 0.000000000000000000, 0.000000000000000000, -1.000000000000000000 ) ) ;
#5955 = DIRECTION ( 'NONE',  ( -1.000000000000000000, 0.000000000000000000, 0.000000000000000000 ) ) ;
#5956 = AXIS2_PLACEMENT_3D ( 'NONE', #9063, #10542, #7964 ) ;
#5957 = EDGE_CURVE ( 'NONE', #10769, #562, #288, .T. ) ;
#5958 = ADVANCED_FACE ( 'NONE', ( #3580 ), #6189, .F. ) ;
#5959 = VECTOR ( 'NONE', #4369, 1000.000000000000000 ) ;
#5960 = EDGE_CURVE ( 'NONE', #7345, #594, #4884, .T. ) ;
#5961 = VECTOR ( 'NONE', #918, 1000.000000000000000 ) ;
#5962 = CYLINDRICAL_SURFACE ( 'NONE', #9733, 0.1250000000000001110 ) ;
#5963 = VERTEX_POINT ( 'NONE', #151 ) ;
#5964 = EDGE_LOOP ( 'NONE', ( #7348, #9791, #9251, #2614 ) ) ;
#5965 = ORIENTED_EDGE ( 'NONE', *, *, #4938, .T. ) ;
#5966 = CARTESIAN_POINT ( 'NONE',  ( -2.225000000000000533, 0.000000000000000000, 1.249999999999999778 ) ) ;
#5968 = ORIENTED_EDGE ( 'NONE', *, *, #10354, .T. ) ;
#5967 = DIRECTION ( 'NONE',  ( 0.000000000000000000, 0.000000000000000000, 1.000000000000000000 ) ) ;
#5969 = AXIS2_PLACEMENT_3D ( 'NONE', #6395, #2187, #3286 ) ;
#5970 = CARTESIAN_POINT ( 'NONE',  ( 2.500000000000000888, 0.1999999999999999833, 0.8750000000000001110 ) ) ;
#5971 = CIRCLE ( 'NONE', #659, 0.1250000000000001110 ) ;
#5972 = LINE ( 'NONE', #9407, #3929 ) ;
#5973 = VECTOR ( 'NONE', #6416, 1000.000000000000000 ) ;
#5974 = VECTOR ( 'NONE', #6172, 1000.000000000000000 ) ;
#5975 = EDGE_CURVE ( 'NONE', #10419, #5113, #3531, .T. ) ;
#5976 = CIRCLE ( 'NONE', #841, 0.1250000000000001110 ) ;
#5977 = VECTOR ( 'NONE', #4292, 1000.000000000000000 ) ;
#5978 = EDGE_CURVE ( 'NONE', #2380, #163, #2757, .T. ) ;
#5979 = DIRECTION ( 'NONE',  ( 0.000000000000000000, -1.000000000000000000, 0.000000000000000000 ) ) ;
#5980 = DIRECTION ( 'NONE',  ( -1.000000000000000000, 0.000000000000000000, 2.365532012695649373E-15 ) ) ;
#5981 = DIRECTION ( 'NONE',  ( -1.000000000000000000, 0.000000000000000000, -0.000000000000000000 ) ) ;
#5983 = ORIENTED_EDGE ( 'NONE', *, *, #7396, .F. ) ;
#5982 = CARTESIAN_POINT ( 'NONE',  ( -1.124999999999998668, 0.2000000000000000111, 2.500000000000000444 ) ) ;
#5984 = AXIS2_PLACEMENT_3D ( 'NONE', #10206, #2624, #3289 ) ;
#5985 = CARTESIAN_POINT ( 'NONE',  ( -1.249999999999999334, 0.1999999999999999833, 2.225000000000000977 ) ) ;
#5986 = ORIENTED_EDGE ( 'NONE', *, *, #6178, .F. ) ;
#5987 = VERTEX_POINT ( 'NONE', #8678 ) ;
#5988 = LINE ( 'NONE', #3593, #2177 ) ;
#5989 = ORIENTED_EDGE ( 'NONE', *, *, #6641, .F. ) ;
#5990 = PLANE ( 'NONE',  #7555 ) ;
#5991 = ORIENTED_EDGE ( 'NONE', *, *, #1167, .F. ) ;
#5992 = EDGE_LOOP ( 'NONE', ( #3794, #8762, #7363, #10487 ) ) ;
#5993 = LINE ( 'NONE', #9376, #10633 ) ;
#5994 = CARTESIAN_POINT ( 'NONE',  ( 2.225000000000000533, 0.05000000000000002359, 0.1249999999999996808 ) ) ;
#5995 = EDGE_CURVE ( 'NONE', #4601, #3283, #1708, .T. ) ;
#5996 = ADVANCED_FACE ( 'NONE', ( #1142 ), #255, .F. ) ;
#5997 = CYLINDRICAL_SURFACE ( 'NONE', #1544, 0.1999999999999992339 ) ;
#5998 = FACE_OUTER_BOUND ( 'NONE', #4436, .T. ) ;
#5999 = DIRECTION ( 'NONE',  ( 0.000000000000000000, 1.000000000000000000, 0.000000000000000000 ) ) ;
#6000 = EDGE_LOOP ( 'NONE', ( #9925, #3888, #8617, #3406 ) ) ;
#6001 = EDGE_LOOP ( 'NONE', ( #2128, #2547, #9808, #8256 ) ) ;
#6002 = DIRECTION ( 'NONE',  ( 0.000000000000000000, 0.000000000000000000, -1.000000000000000000 ) ) ;
#6003 = ORIENTED_EDGE ( 'NONE', *, *, #8735, .F. ) ;
#6004 = FACE_OUTER_BOUND ( 'NONE', #10435, .T. ) ;
#6005 = DIRECTION ( 'NONE',  ( -0.000000000000000000, -1.000000000000000000, -0.000000000000000000 ) ) ;
#6006 = FACE_OUTER_BOUND ( 'NONE', #1616, .T. ) ;
#6007 = EDGE_CURVE ( 'NONE', #1418, #8548, #6129, .T. ) ;
#6008 = CARTESIAN_POINT ( 'NONE',  ( 2.500000000000000888, 0.1999999999999999833, -0.1249999999999998890 ) ) ;
#6009 = DIRECTION ( 'NONE',  ( 0.000000000000000000, 0.000000000000000000, 1.000000000000000000 ) ) ;
#6010 = CARTESIAN_POINT ( 'NONE',  ( -2.225000000000000533, 0.05000000000000002359, 0.8750000000000001110 ) ) ;
#6011 = EDGE_LOOP ( 'NONE', ( #5647, #8444, #8388, #7988 ) ) ;
#6012 = ORIENTED_EDGE ( 'NONE', *, *, #1327, .F. ) ;
#6013 = ORIENTED_EDGE ( 'NONE', *, *, #10788, .T. ) ;
#6014 = CARTESIAN_POINT ( 'NONE',  ( -1.874999999999998668, 0.6716990566028311349, 2.500000000000001332 ) ) ;
#6015 = LINE ( 'NONE', #2529, #3071 ) ;
#6017 = EDGE_LOOP ( 'NONE', ( #6580, #7442, #4393, #508 ) ) ;
#6016 = CARTESIAN_POINT ( 'NONE',  ( 2.500000000000000000, 9.071067811865477282, 2.499999999999999556 ) ) ;
#6018 = FACE_OUTER_BOUND ( 'NONE', #10615, .T. ) ;
#6019 = AXIS2_PLACEMENT_3D ( 'NONE', #4542, #1951, #2562 ) ;
#6020 = FACE_OUTER_BOUND ( 'NONE', #6532, .T. ) ;
#6021 = CIRCLE ( 'NONE', #2323, 0.1999999999999998723 ) ;
#6022 = CARTESIAN_POINT ( 'NONE',  ( -1.374999999999998668, 0.2000000000000000111, 2.500000000000001332 ) ) ;
#6023 = DIRECTION ( 'NONE',  ( -1.000000000000000000, 0.000000000000000000, -7.885106708985472271E-16 ) ) ;
#6024 = LINE ( 'NONE', #7808, #9329 ) ;
#6026 = EDGE_LOOP ( 'NONE', ( #7683, #1865, #7686, #2527 ) ) ;
#6025 = DIRECTION ( 'NONE',  ( 0.000000000000000000, 0.000000000000000000, -1.000000000000000000 ) ) ;
#6027 = DIRECTION ( 'NONE',  ( 0.000000000000000000, 0.000000000000000000, 1.000000000000000000 ) ) ;
#6028 = EDGE_LOOP ( 'NONE', ( #5693, #9868, #4095, #4034 ) ) ;
#6029 = ORIENTED_EDGE ( 'NONE', *, *, #204, .T. ) ;
#6030 = PLANE ( 'NONE',  #6778 ) ;
#6031 = ORIENTED_EDGE ( 'NONE', *, *, #8531, .T. ) ;
#6032 = CARTESIAN_POINT ( 'NONE',  ( -2.225000000000000533, 0.05000000000000002359, 0.2499999999999997780 ) ) ;
#6033 = LINE ( 'NONE', #8694, #3582 ) ;
#6034 = EDGE_CURVE ( 'NONE', #7605, #8196, #6126, .T. ) ;
#6035 = EDGE_CURVE ( 'NONE', #688, #3362, #4581, .T. ) ;
#6036 = ADVANCED_FACE ( 'NONE', ( #7028 ), #5419, .T. ) ;
#6037 = ADVANCED_FACE ( 'NONE', ( #6018 ), #9406, .T. ) ;
#6038 = PLANE ( 'NONE',  #654 ) ;
#6039 = ORIENTED_EDGE ( 'NONE', *, *, #4004, .T. ) ;
#6040 = VERTEX_POINT ( 'NONE', #7799 ) ;
#6041 = UNCERTAINTY_MEASURE_WITH_UNIT (LENGTH_MEASURE( 1.000000000000000082E-05 ), #5333, 'distance_accuracy_value', 'NONE');
#6042 = PLANE ( 'NONE',  #7830 ) ;
#6043 = FACE_OUTER_BOUND ( 'NONE', #6377, .T. ) ;
#6044 = EDGE_CURVE ( 'NONE', #6402, #10401, #640, .T. ) ;
#6045 = LINE ( 'NONE', #1848, #8972 ) ;
#6046 = DIRECTION ( 'NONE',  ( 0.000000000000000000, 0.000000000000000000, -1.000000000000000000 ) ) ;
#6047 = VECTOR ( 'NONE', #4975, 1000.000000000000000 ) ;
#6048 = EDGE_CURVE ( 'NONE', #836, #6949, #4743, .T. ) ;
#6049 = DIRECTION ( 'NONE',  ( 0.000000000000000000, -1.000000000000000000, 0.000000000000000000 ) ) ;
#6050 = VERTEX_POINT ( 'NONE', #4690 ) ;
#6051 = ORIENTED_EDGE ( 'NONE', *, *, #7141, .T. ) ;
#6052 = PLANE ( 'NONE',  #7179 ) ;
#6053 = ORIENTED_EDGE ( 'NONE', *, *, #7119, .F. ) ;
#6054 = AXIS2_PLACEMENT_3D ( 'NONE', #4595, #5592, #545 ) ;
#6055 = CARTESIAN_POINT ( 'NONE',  ( -2.500000000000000888, 0.6716990566028309129, 1.375000000000000222 ) ) ;
#6056 = DIRECTION ( 'NONE',  ( 1.000000000000000000, 0.000000000000000000, -2.365532012695642273E-15 ) ) ;
#6057 = VECTOR ( 'NONE', #881, 1000.000000000000000 ) ;
#6058 = CARTESIAN_POINT ( 'NONE',  ( 0.2500000000000006661, 0.2000000000000000111, -2.225000000000000977 ) ) ;
#6059 = PLANE ( 'NONE',  #9161 ) ;
#6060 = VECTOR ( 'NONE', #9784, 1000.000000000000000 ) ;
#6061 = EDGE_CURVE ( 'NONE', #7767, #7881, #6522, .T. ) ;
#6062 = PRESENTATION_LAYER_ASSIGNMENT (  '', '', ( #3237 ) ) ;
#6063 = EDGE_CURVE ( 'NONE', #4955, #10411, #9896, .T. ) ;
#6064 = FACE_OUTER_BOUND ( 'NONE', #6001, .T. ) ;
#6065 = ORIENTED_EDGE ( 'NONE', *, *, #4004, .F. ) ;
#6066 = VERTEX_POINT ( 'NONE', #3960 ) ;
#6068 = ORIENTED_EDGE ( 'NONE', *, *, #1777, .F. ) ;
#6067 = CARTESIAN_POINT ( 'NONE',  ( 0.3750000000000006661, 0.1999999999999999833, 2.225000000000000977 ) ) ;
#6069 = DIRECTION ( 'NONE',  ( 1.000000000000000000, 0.000000000000000000, -0.000000000000000000 ) ) ;
#6071 = ORIENTED_EDGE ( 'NONE', *, *, #711, .F. ) ;
#6070 = CARTESIAN_POINT ( 'NONE',  ( -1.124999999999999334, 0.04999999999999999584, 2.225000000000000977 ) ) ;
#6072 = DIRECTION ( 'NONE',  ( 0.000000000000000000, 0.000000000000000000, -1.000000000000000000 ) ) ;
#6073 = AXIS2_PLACEMENT_3D ( 'NONE', #2453, #1618, #8214 ) ;
#6074 = DIRECTION ( 'NONE',  ( 0.000000000000000000, 0.000000000000000000, -1.000000000000000000 ) ) ;
#6075 = COLOUR_RGB ( '',1.000000000000000000, 1.000000000000000000, 1.000000000000000000 ) ;
#6076 = COLOUR_RGB ( '',0.7921568627450980005, 0.8196078431372548767, 0.9333333333333333481 ) ;
#6077 = CLOSED_SHELL ( 'NONE', ( #10155, #1851, #203, #10133, #9015, #5836 ) ) ;
#6078 = CARTESIAN_POINT ( 'NONE',  ( 1.250000000000000666, 0.04999999999999999584, -2.225000000000000977 ) ) ;
#6079 = DIRECTION ( 'NONE',  ( 0.000000000000000000, 0.000000000000000000, -1.000000000000000000 ) ) ;
#6080 = FACE_OUTER_BOUND ( 'NONE', #9059, .T. ) ;
#6082 = ORIENTED_EDGE ( 'NONE', *, *, #3520, .T. ) ;
#6081 = CARTESIAN_POINT ( 'NONE',  ( 1.250000000000000666, 0.2000000000000000111, 2.100000000000000533 ) ) ;
#6083 = DIRECTION ( 'NONE',  ( -1.000000000000000000, 0.000000000000000000, 7.885106708985472271E-16 ) ) ;
#6084 = ORIENTED_EDGE ( 'NONE', *, *, #4968, .F. ) ;
#6085 = ORIENTED_EDGE ( 'NONE', *, *, #3632, .T. ) ;
#6086 = CARTESIAN_POINT ( 'NONE',  ( -1.124999999999999334, 0.2000000000000000111, -2.500000000000000444 ) ) ;
#6087 = ORIENTED_EDGE ( 'NONE', *, *, #2923, .F. ) ;
#6088 = DIRECTION ( 'NONE',  ( 0.000000000000000000, 0.000000000000000000, 1.000000000000000000 ) ) ;
#6089 = VECTOR ( 'NONE', #7673, 1000.000000000000000 ) ;
#6090 = ADVANCED_FACE ( 'NONE', ( #10646 ), #8017, .T. ) ;
#6091 = EDGE_CURVE ( 'NONE', #4209, #10504, #531, .T. ) ;
#6092 = ADVANCED_FACE ( 'NONE', ( #9783 ), #5683, .T. ) ;
#6093 = CARTESIAN_POINT ( 'NONE',  ( -2.225000000000000533, 0.6716990566028309129, 1.625000000000000222 ) ) ;
#6094 = ORIENTED_EDGE ( 'NONE', *, *, #4794, .T. ) ;
#6095 = ORIENTED_EDGE ( 'NONE', *, *, #3887, .F. ) ;
#6096 = CARTESIAN_POINT ( 'NONE',  ( -0.1249999999999992506, 0.2000000000000000111, -2.225000000000000977 ) ) ;
#6097 = ORIENTED_EDGE ( 'NONE', *, *, #9154, .T. ) ;
#6098 = VECTOR ( 'NONE', #3010, 1000.000000000000000 ) ;
#6099 = DIRECTION ( 'NONE',  ( 1.000000000000000000, 0.000000000000000000, -0.000000000000000000 ) ) ;
#6100 = FACE_OUTER_BOUND ( 'NONE', #2718, .T. ) ;
#6101 = LINE ( 'NONE', #7002, #1368 ) ;
#6102 = LINE ( 'NONE', #9486, #10031 ) ;
#6103 = COLOUR_RGB ( '',0.7921568627450980005, 0.8196078431372548767, 0.9333333333333333481 ) ;
#6104 = EDGE_CURVE ( 'NONE', #6040, #6402, #372, .T. ) ;
#6105 = DIRECTION ( 'NONE',  ( 0.000000000000000000, -0.000000000000000000, 1.000000000000000000 ) ) ;
#6106 = ORIENTED_EDGE ( 'NONE', *, *, #8933, .T. ) ;
#6107 = VERTEX_POINT ( 'NONE', #7352 ) ;
#6108 = FACE_OUTER_BOUND ( 'NONE', #3696, .T. ) ;
#6109 = CARTESIAN_POINT ( 'NONE',  ( 1.750000000000000666, 0.000000000000000000, 2.225000000000000977 ) ) ;
#6110 = VERTEX_POINT ( 'NONE', #10700 ) ;
#6111 = LINE ( 'NONE', #5404, #4306 ) ;
#6112 = LINE ( 'NONE', #2681, #5623 ) ;
#6113 = MECHANICAL_DESIGN_GEOMETRIC_PRESENTATION_REPRESENTATION (  '', ( #10187 ), #3817 ) ;
#6114 = CARTESIAN_POINT ( 'NONE',  ( -1.050000000000000044, 0.000000000000000000, -0.8000000000000005995 ) ) ;
#6115 = DIRECTION ( 'NONE',  ( 0.000000000000000000, -0.000000000000000000, -1.000000000000000000 ) ) ;
#6116 = CARTESIAN_POINT ( 'NONE',  ( -1.249999999999999334, 0.000000000000000000, -2.225000000000000977 ) ) ;
#6117 = VECTOR ( 'NONE', #1596, 1000.000000000000000 ) ;
#6118 = FACE_OUTER_BOUND ( 'NONE', #9916, .T. ) ;
#6119 = ORIENTED_EDGE ( 'NONE', *, *, #9747, .F. ) ;
#6120 = ORIENTED_EDGE ( 'NONE', *, *, #3044, .F. ) ;
#6121 = ORIENTED_EDGE ( 'NONE', *, *, #7884, .F. ) ;
#6122 =( GEOMETRIC_REPRESENTATION_CONTEXT ( 3 ) GLOBAL_UNCERTAINTY_ASSIGNED_CONTEXT ( ( #10905 ) ) GLOBAL_UNIT_ASSIGNED_CONTEXT ( ( #2146, #7349, #10643 ) ) REPRESENTATION_CONTEXT ( 'NONE', 'WORKASPACE' ) );
#6123 = CARTESIAN_POINT ( 'NONE',  ( 0.2500000000000006661, 0.000000000000000000, 2.100000000000000533 ) ) ;
#6125 = EDGE_LOOP ( 'NONE', ( #9511, #4773, #5458, #675 ) ) ;
#6124 = LINE ( 'NONE', #7909, #10375 ) ;
#6126 = LINE ( 'NONE', #1873, #3120 ) ;
#6127 = DIRECTION ( 'NONE',  ( 0.000000000000000000, -1.000000000000000000, 0.000000000000000000 ) ) ;
#6128 = EDGE_CURVE ( 'NONE', #5128, #4645, #2096, .T. ) ;
#6129 = CIRCLE ( 'NONE', #7900, 0.1250000000000001110 ) ;
#6130 = CIRCLE ( 'NONE', #3507, 0.1250000000000001110 ) ;
#6131 = AXIS2_PLACEMENT_3D ( 'NONE', #2516, #4844, #8226 ) ;
#6132 = DIRECTION ( 'NONE',  ( 0.000000000000000000, -1.000000000000000000, 0.000000000000000000 ) ) ;
#6133 = FACE_OUTER_BOUND ( 'NONE', #9208, .T. ) ;
#6134 = AXIS2_PLACEMENT_3D ( 'NONE', #79, #6056, #2682 ) ;
#6136 = PLANE ( 'NONE',  #3678 ) ;
#6135 = VECTOR ( 'NONE', #2559, 1000.000000000000000 ) ;
#6138 = EDGE_LOOP ( 'NONE', ( #9810, #7452, #9509, #7092 ) ) ;
#6137 = CARTESIAN_POINT ( 'NONE',  ( -2.500000000000000888, 0.6716990566028309129, -1.374999999999999778 ) ) ;
#6139 = DIRECTION ( 'NONE',  ( 0.000000000000000000, 1.000000000000000000, 0.000000000000000000 ) ) ;
#6140 = ORIENTED_EDGE ( 'NONE', *, *, #5220, .F. ) ;
#6141 = ORIENTED_EDGE ( 'NONE', *, *, #1293, .T. ) ;
#6142 = DIRECTION ( 'NONE',  ( 0.000000000000000000, 1.000000000000000000, 0.000000000000000000 ) ) ;
#6143 = ORIENTED_EDGE ( 'NONE', *, *, #5219, .T. ) ;
#6144 = VECTOR ( 'NONE', #8919, 1000.000000000000000 ) ;
#6145 = PLANE ( 'NONE',  #6828 ) ;
#6146 = VECTOR ( 'NONE', #5724, 1000.000000000000000 ) ;
#6147 = EDGE_CURVE ( 'NONE', #10502, #7627, #6466, .T. ) ;
#6148 = AXIS2_PLACEMENT_3D ( 'NONE', #4833, #4163, #7447 ) ;
#6149 = STYLED_ITEM ( 'NONE', ( #5048 ), #6333 ) ;
#6150 = VECTOR ( 'NONE', #1035, 1000.000000000000000 ) ;
#6151 = VERTEX_POINT ( 'NONE', #7140 ) ;
#6152 = CARTESIAN_POINT ( 'NONE',  ( 2.225000000000000533, 0.1999999999999999833, -0.7500000000000002220 ) ) ;
#6153 = CARTESIAN_POINT ( 'NONE',  ( 0.2500000000000006661, 0.2000000000000000111, -2.225000000000000977 ) ) ;
#6154 = ORIENTED_EDGE ( 'NONE', *, *, #8218, .F. ) ;
#6155 = ORIENTED_EDGE ( 'NONE', *, *, #8832, .T. ) ;
#6156 = LINE ( 'NONE', #1786, #8004 ) ;
#6157 = ORIENTED_EDGE ( 'NONE', *, *, #6560, .T. ) ;
#6158 = CARTESIAN_POINT ( 'NONE',  ( -1.249999999999999334, 0.2000000000000000111, 2.100000000000000533 ) ) ;
#6159 = FACE_OUTER_BOUND ( 'NONE', #10370, .T. ) ;
#6160 = AXIS2_PLACEMENT_3D ( 'NONE', #1911, #3560, #7889 ) ;
#6161 = EDGE_CURVE ( 'NONE', #10592, #9902, #10495, .T. ) ;
#6162 = CARTESIAN_POINT ( 'NONE',  ( 0.2500000000000006661, 0.000000000000000000, -2.225000000000000977 ) ) ;
#6163 = EDGE_CURVE ( 'NONE', #5532, #5039, #5609, .T. ) ;
#6164 = ADVANCED_FACE ( 'NONE', ( #8067 ), #6407, .F. ) ;
#6165 = CARTESIAN_POINT ( 'NONE',  ( -2.225000000000000533, 0.6716990566028309129, 1.375000000000000222 ) ) ;
#6166 = ORIENTED_EDGE ( 'NONE', *, *, #8279, .T. ) ;
#6167 = ORIENTED_EDGE ( 'NONE', *, *, #4876, .T. ) ;
#6168 = DIRECTION ( 'NONE',  ( -0.000000000000000000, -1.000000000000000000, -0.000000000000000000 ) ) ;
#6169 = LINE ( 'NONE', #1745, #6089 ) ;
#6170 = ORIENTED_EDGE ( 'NONE', *, *, #6194, .T. ) ;
#6171 =( NAMED_UNIT ( * ) SI_UNIT ( $, .STERADIAN. ) SOLID_ANGLE_UNIT ( ) );
#6172 = DIRECTION ( 'NONE',  ( 0.000000000000000000, 0.000000000000000000, 1.000000000000000000 ) ) ;
#6173 = DIRECTION ( 'NONE',  ( 0.000000000000000000, 0.000000000000000000, -1.000000000000000000 ) ) ;
#6174 = DIRECTION ( 'NONE',  ( -7.885106708985472271E-16, 0.000000000000000000, 1.000000000000000000 ) ) ;
#6175 = EDGE_CURVE ( 'NONE', #6676, #770, #8842, .T. ) ;
#6176 = ADVANCED_FACE ( 'NONE', ( #9011 ), #2254, .T. ) ;
#6177 = EDGE_CURVE ( 'NONE', #3867, #2180, #4633, .T. ) ;
#6178 = EDGE_CURVE ( 'NONE', #5329, #9550, #3800, .T. ) ;
#6179 = CARTESIAN_POINT ( 'NONE',  ( 1.875000000000000888, 0.1999999999999999833, -2.500000000000000444 ) ) ;
#6180 = DIRECTION ( 'NONE',  ( 7.885106708985472271E-16, -0.000000000000000000, 1.000000000000000000 ) ) ;
#6181 = ORIENTED_EDGE ( 'NONE', *, *, #10092, .F. ) ;
#6182 = ORIENTED_EDGE ( 'NONE', *, *, #6503, .T. ) ;
#6183 = VECTOR ( 'NONE', #5310, 1000.000000000000000 ) ;
#6185 = ORIENTED_EDGE ( 'NONE', *, *, #6336, .T. ) ;
#6184 = SURFACE_SIDE_STYLE ('',( #6631 ) ) ;
#6186 =( NAMED_UNIT ( * ) PLANE_ANGLE_UNIT ( ) SI_UNIT ( $, .RADIAN. ) );
#6187 = DIRECTION ( 'NONE',  ( 0.000000000000000000, 0.000000000000000000, -1.000000000000000000 ) ) ;
#6188 = LINE ( 'NONE', #7085, #7914 ) ;
#6189 = PLANE ( 'NONE',  #10191 ) ;
#6190 = DIRECTION ( 'NONE',  ( -1.000000000000000000, 0.000000000000000000, -0.000000000000000000 ) ) ;
#6191 = ADVANCED_FACE ( 'NONE', ( #3027 ), #3300, .F. ) ;
#6192 = PRESENTATION_LAYER_ASSIGNMENT (  '', '', ( #10940 ) ) ;
#6193 = CYLINDRICAL_SURFACE ( 'NONE', #10597, 0.1250000000000001110 ) ;
#6194 = EDGE_CURVE ( 'NONE', #8579, #1475, #10923, .T. ) ;
#6195 = EDGE_CURVE ( 'NONE', #1575, #4184, #7510, .T. ) ;
#6197 = CIRCLE ( 'NONE', #3179, 0.1250000000000001110 ) ;
#6196 = CARTESIAN_POINT ( 'NONE',  ( 0.000000000000000000, 0.05000000000000000278, 1.875000000000000222 ) ) ;
#6199 = ORIENTED_EDGE ( 'NONE', *, *, #5364, .F. ) ;
#6198 = CARTESIAN_POINT ( 'NONE',  ( -2.225000000000000533, 0.1999999999999999833, 0.2499999999999997780 ) ) ;
#6200 = CARTESIAN_POINT ( 'NONE',  ( 1.750000000000000666, 0.1999999999999999833, 2.225000000000000977 ) ) ;
#6201 = ORIENTED_EDGE ( 'NONE', *, *, #6820, .T. ) ;
#6202 = ORIENTED_EDGE ( 'NONE', *, *, #10256, .F. ) ;
#6203 = PLANE ( 'NONE',  #579 ) ;
#6204 = ORIENTED_EDGE ( 'NONE', *, *, #453, .F. ) ;
#6205 = CARTESIAN_POINT ( 'NONE',  ( 2.500000000000000888, 0.6716990566028309129, 0.8750000000000001110 ) ) ;
#6206 = SURFACE_STYLE_FILL_AREA ( #10247 ) ;
#6207 = AXIS2_PLACEMENT_3D ( 'NONE', #2971, #9612, #6288 ) ;
#6208 = EDGE_LOOP ( 'NONE', ( #6822, #8701 ) ) ;
#6209 = EDGE_CURVE ( 'NONE', #4752, #6354, #8340, .T. ) ;
#6210 = DIRECTION ( 'NONE',  ( 0.000000000000000000, 1.000000000000000000, 0.000000000000000000 ) ) ;
#6211 = EDGE_CURVE ( 'NONE', #10348, #9757, #10757, .T. ) ;
#6212 = DIRECTION ( 'NONE',  ( -0.000000000000000000, -1.000000000000000000, 0.000000000000000000 ) ) ;
#6213 = VERTEX_POINT ( 'NONE', #9339 ) ;
#6214 = VERTEX_POINT ( 'NONE', #5849 ) ;
#6215 = CARTESIAN_POINT ( 'NONE',  ( 2.500000000000000888, 0.1999999999999999833, -1.625000000000000000 ) ) ;
#6216 = VERTEX_POINT ( 'NONE', #10106 ) ;
#6217 = SURFACE_SIDE_STYLE ('',( #5447 ) ) ;
#6218 = VECTOR ( 'NONE', #4924, 1000.000000000000000 ) ;
#6219 = FACE_OUTER_BOUND ( 'NONE', #506, .T. ) ;
#6220 = LINE ( 'NONE', #9593, #832 ) ;
#6221 = DIRECTION ( 'NONE',  ( 0.000000000000000000, 0.000000000000000000, 1.000000000000000000 ) ) ;
#6222 = ORIENTED_EDGE ( 'NONE', *, *, #6275, .T. ) ;
#6223 = VERTEX_POINT ( 'NONE', #5003 ) ;
#6224 = DIRECTION ( 'NONE',  ( 0.000000000000000000, 0.000000000000000000, -1.000000000000000000 ) ) ;
#6225 = FACE_OUTER_BOUND ( 'NONE', #5751, .T. ) ;
#6226 = VERTEX_POINT ( 'NONE', #4845 ) ;
#6227 = PLANE ( 'NONE',  #2080 ) ;
#6228 = CARTESIAN_POINT ( 'NONE',  ( -2.500000000000000888, 0.000000000000000000, -1.874999999999999778 ) ) ;
#6229 = DIRECTION ( 'NONE',  ( -0.000000000000000000, -1.000000000000000000, -0.000000000000000000 ) ) ;
#6230 = VECTOR ( 'NONE', #8095, 1000.000000000000000 ) ;
#6231 = DIRECTION ( 'NONE',  ( 1.000000000000000000, -0.000000000000000000, 0.000000000000000000 ) ) ;
#6232 = EDGE_CURVE ( 'NONE', #2973, #4242, #1521, .T. ) ;
#6233 = DIRECTION ( 'NONE',  ( 1.000000000000000000, 0.000000000000000000, -7.885106708985472271E-16 ) ) ;
#6234 = EDGE_CURVE ( 'NONE', #9131, #7866, #4018, .T. ) ;
#6235 = EDGE_LOOP ( 'NONE', ( #9531, #2703, #4323, #2989 ) ) ;
#6236 = VERTEX_POINT ( 'NONE', #4176 ) ;
#6237 = AXIS2_PLACEMENT_3D ( 'NONE', #10716, #707, #4037 ) ;
#6238 = ADVANCED_FACE ( 'NONE', ( #4237 ), #3191, .F. ) ;
#6240 = ORIENTED_EDGE ( 'NONE', *, *, #1491, .F. ) ;
#6239 = PLANE ( 'NONE',  #3264 ) ;
#6241 = EDGE_CURVE ( 'NONE', #74, #9972, #6569, .T. ) ;
#6242 = CARTESIAN_POINT ( 'NONE',  ( 2.225000000000000533, 0.6716990566028309129, 1.124999999999999778 ) ) ;
#6243 = DIRECTION ( 'NONE',  ( 0.000000000000000000, 0.000000000000000000, 1.000000000000000000 ) ) ;
#6244 = CARTESIAN_POINT ( 'NONE',  ( 1.250000000000000666, 0.2000000000000000111, 2.225000000000000977 ) ) ;
#6245 = CARTESIAN_POINT ( 'NONE',  ( 2.225000000000000533, 0.6716990566028309129, 1.875000000000000222 ) ) ;
#6246 = AXIS2_PLACEMENT_3D ( 'NONE', #1584, #10057, #4902 ) ;
#6247 = AXIS2_PLACEMENT_3D ( 'NONE', #4686, #3746, #1081 ) ;
#6248 = CARTESIAN_POINT ( 'NONE',  ( 2.225000000000000533, 0.6716990566028309129, -0.6249999999999998890 ) ) ;
#6249 = ADVANCED_FACE ( 'NONE', ( #9942 ), #21, .T. ) ;
#6250 = DIRECTION ( 'NONE',  ( 0.000000000000000000, -1.000000000000000000, 0.000000000000000000 ) ) ;
#6251 = VECTOR ( 'NONE', #10010, 1000.000000000000000 ) ;
#6253 = ORIENTED_EDGE ( 'NONE', *, *, #1938, .T. ) ;
#6252 = DIRECTION ( 'NONE',  ( -1.000000000000000000, 0.000000000000000000, 0.000000000000000000 ) ) ;
#6254 = DIRECTION ( 'NONE',  ( 0.000000000000000000, 0.000000000000000000, -1.000000000000000000 ) ) ;
#6255 = ORIENTED_EDGE ( 'NONE', *, *, #70, .T. ) ;
#6256 = ORIENTED_EDGE ( 'NONE', *, *, #4454, .F. ) ;
#6257 = PLANE ( 'NONE',  #2698 ) ;
#6258 = AXIS2_PLACEMENT_3D ( 'NONE', #10376, #7178, #7955 ) ;
#6259 = ORIENTED_EDGE ( 'NONE', *, *, #1088, .T. ) ;
#6260 = CARTESIAN_POINT ( 'NONE',  ( -2.500000000000000888, 0.1999999999999999833, 0.3750000000000001110 ) ) ;
#6261 = CARTESIAN_POINT ( 'NONE',  ( 2.225000000000000533, 0.6716990566028309129, 1.749999999999999778 ) ) ;
#6262 = EDGE_CURVE ( 'NONE', #5073, #793, #8391, .T. ) ;
#6263 = VECTOR ( 'NONE', #4870, 1000.000000000000000 ) ;
#6264 = DIRECTION ( 'NONE',  ( -0.000000000000000000, 0.000000000000000000, 1.000000000000000000 ) ) ;
#6265 = ORIENTED_EDGE ( 'NONE', *, *, #8871, .T. ) ;
#6266 = DIRECTION ( 'NONE',  ( -0.000000000000000000, -1.000000000000000000, -0.000000000000000000 ) ) ;
#6267 = FACE_OUTER_BOUND ( 'NONE', #10903, .T. ) ;
#6268 = ORIENTED_EDGE ( 'NONE', *, *, #9559, .T. ) ;
#6269 = VERTEX_POINT ( 'NONE', #9119 ) ;
#6270 = LINE ( 'NONE', #8983, #6230 ) ;
#6271 = ORIENTED_EDGE ( 'NONE', *, *, #9370, .T. ) ;
#6272 = STYLED_ITEM ( 'NONE', ( #7455 ), #1709 ) ;
#6273 = CARTESIAN_POINT ( 'NONE',  ( -1.874999999999999556, 0.2000000000000000111, -2.225000000000000977 ) ) ;
#6274 = DIRECTION ( 'NONE',  ( 0.000000000000000000, 0.000000000000000000, 1.000000000000000000 ) ) ;
#6275 = EDGE_CURVE ( 'NONE', #8319, #1615, #4901, .T. ) ;
#6276 = EDGE_CURVE ( 'NONE', #7006, #5389, #742, .T. ) ;
#6277 = DIRECTION ( 'NONE',  ( 0.000000000000000000, 0.000000000000000000, -1.000000000000000000 ) ) ;
#6278 = ORIENTED_EDGE ( 'NONE', *, *, #1171, .F. ) ;
#6279 = ORIENTED_EDGE ( 'NONE', *, *, #1655, .F. ) ;
#6280 = FACE_OUTER_BOUND ( 'NONE', #3223, .T. ) ;
#6281 = DIRECTION ( 'NONE',  ( 0.000000000000000000, 1.000000000000000000, -0.000000000000000000 ) ) ;
#6282 = CARTESIAN_POINT ( 'NONE',  ( -2.000000000000000888, 0.9000000000000000222, -1.800000000000000711 ) ) ;
#6283 = DIRECTION ( 'NONE',  ( -0.000000000000000000, -1.000000000000000000, -0.000000000000000000 ) ) ;
#6284 = CYLINDRICAL_SURFACE ( 'NONE', #1362, 0.1250000000000001110 ) ;
#6285 = DIRECTION ( 'NONE',  ( 0.000000000000000000, 0.000000000000000000, -1.000000000000000000 ) ) ;
#6286 = CIRCLE ( 'NONE', #3277, 0.1250000000000000000 ) ;
#6287 = EDGE_CURVE ( 'NONE', #10504, #6429, #4071, .T. ) ;
#6288 = DIRECTION ( 'NONE',  ( 0.000000000000000000, 0.000000000000000000, -1.000000000000000000 ) ) ;
#6289 = ORIENTED_EDGE ( 'NONE', *, *, #3018, .F. ) ;
#6290 = ORIENTED_EDGE ( 'NONE', *, *, #547, .T. ) ;
#6291 = PRESENTATION_LAYER_ASSIGNMENT (  '', '', ( #3656 ) ) ;
#6293 = VERTEX_POINT ( 'NONE', #1691 ) ;
#6292 = CARTESIAN_POINT ( 'NONE',  ( 2.225000000000000533, 0.6716990566028309129, -1.375000000000000444 ) ) ;
#6294 =( LENGTH_UNIT ( ) NAMED_UNIT ( * ) SI_UNIT ( .MILLI., .METRE. ) );
#6295 = CARTESIAN_POINT ( 'NONE',  ( -1.374999999999998668, 0.6716990566028311349, 2.500000000000001332 ) ) ;
#6296 = FACE_OUTER_BOUND ( 'NONE', #5343, .T. ) ;
#6297 = DIRECTION ( 'NONE',  ( 0.000000000000000000, 1.000000000000000000, -0.000000000000000000 ) ) ;
#6298 = DIRECTION ( 'NONE',  ( 0.000000000000000000, 0.000000000000000000, -1.000000000000000000 ) ) ;
#6299 = ADVANCED_FACE ( 'NONE', ( #5059 ), #5793, .F. ) ;
#6300 = ADVANCED_FACE ( 'NONE', ( #7459 ), #10806, .T. ) ;
#6301 = EDGE_CURVE ( 'NONE', #7596, #3669, #4509, .T. ) ;
#6302 = VECTOR ( 'NONE', #8026, 1000.000000000000000 ) ;
#6303 = CARTESIAN_POINT ( 'NONE',  ( -2.225000000000000533, 0.05000000000000002359, -1.625000000000000000 ) ) ;
#6304 = DIRECTION ( 'NONE',  ( -1.000000000000000000, 0.000000000000000000, 0.000000000000000000 ) ) ;
#6306 = ORIENTED_EDGE ( 'NONE', *, *, #1737, .T. ) ;
#6305 = SURFACE_STYLE_USAGE ( .BOTH. , #7306 ) ;
#6307 = CARTESIAN_POINT ( 'NONE',  ( 0.1250000000000014155, 0.2000000000000000944, 2.500000000000001332 ) ) ;
#6308 = ORIENTED_EDGE ( 'NONE', *, *, #3663, .T. ) ;
#6309 = ORIENTED_EDGE ( 'NONE', *, *, #4279, .F. ) ;
#6310 = LINE ( 'NONE', #6367, #8889 ) ;
#6311 = ORIENTED_EDGE ( 'NONE', *, *, #8582, .F. ) ;
#6312 = VECTOR ( 'NONE', #7299, 1000.000000000000000 ) ;
#6313 = DIRECTION ( 'NONE',  ( -1.000000000000000000, 0.000000000000000000, -7.885106708985472271E-16 ) ) ;
#6314 = CYLINDRICAL_SURFACE ( 'NONE', #569, 0.1250000000000001110 ) ;
#6315 = VECTOR ( 'NONE', #8894, 1000.000000000000000 ) ;
#6316 = EDGE_CURVE ( 'NONE', #5468, #6783, #3627, .T. ) ;
#6317 = EDGE_CURVE ( 'NONE', #8347, #7581, #906, .T. ) ;
#6318 = CIRCLE ( 'NONE', #1363, 0.1250000000000001110 ) ;
#6319 = CARTESIAN_POINT ( 'NONE',  ( -2.225000000000000533, 0.000000000000000000, 0.7499999999999997780 ) ) ;
#6320 = VERTEX_POINT ( 'NONE', #7729 ) ;
#6321 = AXIS2_PLACEMENT_3D ( 'NONE', #6153, #5442, #10410 ) ;
#6322 = DIRECTION ( 'NONE',  ( -0.000000000000000000, -0.000000000000000000, -1.000000000000000000 ) ) ;
#6323 = AXIS2_PLACEMENT_3D ( 'NONE', #1238, #3731, #4725 ) ;
#6324 = DIRECTION ( 'NONE',  ( 0.000000000000000000, 0.000000000000000000, 1.000000000000000000 ) ) ;
#6325 = VERTEX_POINT ( 'NONE', #8718 ) ;
#6326 = ORIENTED_EDGE ( 'NONE', *, *, #4503, .F. ) ;
#6327 = DIRECTION ( 'NONE',  ( 0.000000000000000000, 0.000000000000000000, -1.000000000000000000 ) ) ;
#6328 = ORIENTED_EDGE ( 'NONE', *, *, #9747, .T. ) ;
#6329 = FACE_OUTER_BOUND ( 'NONE', #2383, .T. ) ;
#6330 = VECTOR ( 'NONE', #9342, 1000.000000000000000 ) ;
#6331 = VECTOR ( 'NONE', #6083, 1000.000000000000000 ) ;
#6332 = VECTOR ( 'NONE', #9383, 1000.000000000000000 ) ;
#6333 = ADVANCED_BREP_SHAPE_REPRESENTATION ( 'MSP430I2030TRHBT', ( #5353, #1463, #5122, #5146, #1709, #1501, #5337, #1763, #5180, #8788, #8939, #5159, #9014, #9095, #1437, #9053, #5301, #1654, #1483, #5268, #5218, #5205, #5283, #5237, #8924, #1582, #1599, #8847, #8773, #5414, #1543, #1782, #8831, #1562, #5381, #2796 ), #10040 ) ;
#6334 = AXIS2_PLACEMENT_3D ( 'NONE', #361, #5625, #5567 ) ;
#6335 = CARTESIAN_POINT ( 'NONE',  ( -2.225000000000000533, 0.05000000000000002359, -0.6249999999999998890 ) ) ;
#6336 = EDGE_CURVE ( 'NONE', #4752, #4183, #5345, .T. ) ;
#6337 = ORIENTED_EDGE ( 'NONE', *, *, #2760, .F. ) ;
#6338 = ADVANCED_FACE ( 'NONE', ( #6006 ), #7784, .F. ) ;
#6339 = ORIENTED_EDGE ( 'NONE', *, *, #3440, .F. ) ;
#6340 = CARTESIAN_POINT ( 'NONE',  ( 1.050000000000000044, 3.169848480983500139, 1.050000000000000044 ) ) ;
#6341 = DIRECTION ( 'NONE',  ( -0.000000000000000000, -1.000000000000000000, -0.000000000000000000 ) ) ;
#6342 = VECTOR ( 'NONE', #9924, 1000.000000000000000 ) ;
#6343 = CARTESIAN_POINT ( 'NONE',  ( 1.375000000000000888, 0.6716990566028311349, 2.225000000000000977 ) ) ;
#6344 = CARTESIAN_POINT ( 'NONE',  ( 2.500000000000000000, 0.2000000000000005107, 1.124999999999999778 ) ) ;
#6345 = CARTESIAN_POINT ( 'NONE',  ( -0.1249999999999985983, 0.2000000000000000111, 2.500000000000000444 ) ) ;
#6346 = UNCERTAINTY_MEASURE_WITH_UNIT (LENGTH_MEASURE( 1.000000000000000082E-05 ), #6950, 'distance_accuracy_value', 'NONE');
#6347 = PLANE ( 'NONE',  #3943 ) ;
#6348 = CARTESIAN_POINT ( 'NONE',  ( 0.3750000000000007772, 0.2000000000000000111, -2.500000000000000444 ) ) ;
#6349 = CARTESIAN_POINT ( 'NONE',  ( 0.8750000000000007772, 0.04999999999999969746, -2.500000000000000444 ) ) ;
#6350 = DIRECTION ( 'NONE',  ( -1.000000000000000000, 0.000000000000000000, 2.365532012695649373E-15 ) ) ;
#6351 = ORIENTED_EDGE ( 'NONE', *, *, #176, .T. ) ;
#6352 = VERTEX_POINT ( 'NONE', #6228 ) ;
#6354 = VERTEX_POINT ( 'NONE', #6114 ) ;
#6353 = CARTESIAN_POINT ( 'NONE',  ( -0.3749999999999986122, 0.2000000000000000111, 2.500000000000001332 ) ) ;
#6355 = EDGE_CURVE ( 'NONE', #4271, #4446, #9499, .T. ) ;
#6356 = SURFACE_STYLE_FILL_AREA ( #3852 ) ;
#6357 = DIRECTION ( 'NONE',  ( -1.000000000000000000, 0.000000000000000000, -0.000000000000000000 ) ) ;
#6358 = CARTESIAN_POINT ( 'NONE',  ( -1.624999999999998668, 0.000000000000000000, 2.500000000000000444 ) ) ;
#6359 = DIRECTION ( 'NONE',  ( 0.000000000000000000, -1.000000000000000000, 0.000000000000000000 ) ) ;
#6360 = CARTESIAN_POINT ( 'NONE',  ( -2.500000000000000888, 0.6716990566028309129, -0.6249999999999998890 ) ) ;
#6361 = DIRECTION ( 'NONE',  ( 2.365532012695649373E-15, -0.000000000000000000, 1.000000000000000000 ) ) ;
#6362 = PLANE ( 'NONE',  #6509 ) ;
#6363 = VERTEX_POINT ( 'NONE', #5116 ) ;
#6364 = CARTESIAN_POINT ( 'NONE',  ( 1.375000000000000888, 0.1999999999999999833, -2.500000000000000444 ) ) ;
#6365 = VERTEX_POINT ( 'NONE', #4288 ) ;
#6366 = ORIENTED_EDGE ( 'NONE', *, *, #269, .T. ) ;
#6367 = CARTESIAN_POINT ( 'NONE',  ( -1.624999999999999334, 0.6716990566028311349, 2.225000000000000977 ) ) ;
#6368 = VERTEX_POINT ( 'NONE', #1859 ) ;
#6369 = DIRECTION ( 'NONE',  ( 0.000000000000000000, 1.000000000000000000, -0.000000000000000000 ) ) ;
#6370 = CARTESIAN_POINT ( 'NONE',  ( -2.225000000000000533, 0.05000000000000002359, 1.124999999999999778 ) ) ;
#6371 = AXIS2_PLACEMENT_3D ( 'NONE', #2747, #859, #6902 ) ;
#6372 = PLANE ( 'NONE',  #2273 ) ;
#6373 = VERTEX_POINT ( 'NONE', #1749 ) ;
#6374 = CARTESIAN_POINT ( 'NONE',  ( -0.1249999999999992506, 0.000000000000000000, -2.500000000000000444 ) ) ;
#6375 = DIRECTION ( 'NONE',  ( 0.000000000000000000, 0.000000000000000000, -1.000000000000000000 ) ) ;
#6377 = EDGE_LOOP ( 'NONE', ( #6565, #957, #9777, #7468 ) ) ;
#6376 = EDGE_CURVE ( 'NONE', #2106, #4973, #1068, .T. ) ;
#6378 = EDGE_LOOP ( 'NONE', ( #6707, #8455, #2803, #8907 ) ) ;
#6379 = FACE_OUTER_BOUND ( 'NONE', #5529, .T. ) ;
#6380 = ORIENTED_EDGE ( 'NONE', *, *, #6517, .T. ) ;
#6381 = ADVANCED_FACE ( 'NONE', ( #10373 ), #2632, .T. ) ;
#6382 = EDGE_CURVE ( 'NONE', #1595, #4082, #3459, .T. ) ;
#6383 =( NAMED_UNIT ( * ) SI_UNIT ( $, .STERADIAN. ) SOLID_ANGLE_UNIT ( ) );
#6384 = DIRECTION ( 'NONE',  ( 0.000000000000000000, 0.000000000000000000, -1.000000000000000000 ) ) ;
#6385 = EDGE_CURVE ( 'NONE', #5371, #6994, #960, .T. ) ;
#6386 = AXIS2_PLACEMENT_3D ( 'NONE', #6152, #9478, #10098 ) ;
#6387 = COLOUR_RGB ( '',0.7921568627450980005, 0.8196078431372548767, 0.9333333333333333481 ) ;
#6388 = CARTESIAN_POINT ( 'NONE',  ( 2.500000000000000888, 0.6716990566028309129, -0.8749999999999996669 ) ) ;
#6390 = EDGE_LOOP ( 'NONE', ( #1210, #5707, #3486, #2006 ) ) ;
#6389 = ADVANCED_FACE ( 'NONE', ( #9558 ), #6838, .F. ) ;
#6391 = ORIENTED_EDGE ( 'NONE', *, *, #9799, .F. ) ;
#6392 = DIRECTION ( 'NONE',  ( -2.365532012695648978E-15, 0.000000000000000000, -1.000000000000000000 ) ) ;
#6393 = CARTESIAN_POINT ( 'NONE',  ( 1.875000000000001554, 0.2000000000000000111, 2.500000000000000444 ) ) ;
#6394 = FACE_OUTER_BOUND ( 'NONE', #3004, .T. ) ;
#6395 = CARTESIAN_POINT ( 'NONE',  ( 2.225000000000000533, 0.6716990566028309129, 1.249999999999999778 ) ) ;
#6396 = CARTESIAN_POINT ( 'NONE',  ( 2.500000000000000888, 0.1999999999999999833, 1.375000000000000222 ) ) ;
#6397 = EDGE_CURVE ( 'NONE', #5226, #4482, #7734, .T. ) ;
#6398 = DIRECTION ( 'NONE',  ( -1.000000000000000000, 0.000000000000000000, 0.000000000000000000 ) ) ;
#6399 = DIRECTION ( 'NONE',  ( 1.000000000000000000, -0.000000000000000000, -1.734723475976807341E-16 ) ) ;
#6400 = DIRECTION ( 'NONE',  ( -1.000000000000000000, 0.000000000000000000, 0.000000000000000000 ) ) ;
#6401 = ORIENTED_EDGE ( 'NONE', *, *, #7766, .T. ) ;
#6402 = VERTEX_POINT ( 'NONE', #1018 ) ;
#6404 = VERTEX_POINT ( 'NONE', #9392 ) ;
#6403 = SURFACE_STYLE_USAGE ( .BOTH. , #10641 ) ;
#6405 = CARTESIAN_POINT ( 'NONE',  ( 2.500000000000000888, 0.6716990566028309129, -1.874999999999999778 ) ) ;
#6406 = DIRECTION ( 'NONE',  ( -0.000000000000000000, -1.000000000000000000, -0.000000000000000000 ) ) ;
#6407 = PLANE ( 'NONE',  #1902 ) ;
#6408 = LINE ( 'NONE', #4744, #6060 ) ;
#6409 = EDGE_CURVE ( 'NONE', #1475, #10769, #7073, .T. ) ;
#6410 = EDGE_CURVE ( 'NONE', #3114, #10462, #10425, .T. ) ;
#6411 = VECTOR ( 'NONE', #6995, 1000.000000000000000 ) ;
#6412 = LINE ( 'NONE', #2101, #2479 ) ;
#6413 = DIRECTION ( 'NONE',  ( -1.000000000000000000, 0.000000000000000000, 3.469446951953614583E-15 ) ) ;
#6415 = ORIENTED_EDGE ( 'NONE', *, *, #2127, .F. ) ;
#6414 = DIRECTION ( 'NONE',  ( 0.000000000000000000, -0.000000000000000000, -1.000000000000000000 ) ) ;
#6416 = DIRECTION ( 'NONE',  ( 1.000000000000000000, -0.000000000000000000, 0.000000000000000000 ) ) ;
#6417 = ORIENTED_EDGE ( 'NONE', *, *, #7001, .F. ) ;
#6418 = ORIENTED_EDGE ( 'NONE', *, *, #4748, .T. ) ;
#6419 = PLANE ( 'NONE',  #5362 ) ;
#6420 = EDGE_LOOP ( 'NONE', ( #5829, #1744, #8659, #7420 ) ) ;
#6421 = CARTESIAN_POINT ( 'NONE',  ( 1.875000000000001554, 0.6716990566028311349, 2.500000000000000444 ) ) ;
#6422 = DIRECTION ( 'NONE',  ( 0.000000000000000000, 1.000000000000000000, 0.000000000000000000 ) ) ;
#6423 = EDGE_CURVE ( 'NONE', #3886, #826, #8554, .T. ) ;
#6424 = VECTOR ( 'NONE', #256, 1000.000000000000000 ) ;
#6425 = AXIS2_PLACEMENT_3D ( 'NONE', #3038, #4644, #1152 ) ;
#6426 = AXIS2_PLACEMENT_3D ( 'NONE', #2787, #7225, #6384 ) ;
#6427 = DIRECTION ( 'NONE',  ( 0.000000000000000000, 0.000000000000000000, -1.000000000000000000 ) ) ;
#6428 = CIRCLE ( 'NONE', #8716, 0.1250000000000001110 ) ;
#6429 = VERTEX_POINT ( 'NONE', #6897 ) ;
#6431 = ORIENTED_EDGE ( 'NONE', *, *, #8491, .T. ) ;
#6430 = LINE ( 'NONE', #8195, #1252 ) ;
#6432 = CARTESIAN_POINT ( 'NONE',  ( 2.500000000000000888, 0.000000000000000000, 0.8750000000000001110 ) ) ;
#6433 = VERTEX_POINT ( 'NONE', #4452 ) ;
#6434 = ORIENTED_EDGE ( 'NONE', *, *, #2176, .T. ) ;
#6435 = DIRECTION ( 'NONE',  ( 0.000000000000000000, -0.000000000000000000, 1.000000000000000000 ) ) ;
#6436 = ORIENTED_EDGE ( 'NONE', *, *, #6984, .F. ) ;
#6437 =( NAMED_UNIT ( * ) SI_UNIT ( $, .STERADIAN. ) SOLID_ANGLE_UNIT ( ) );
#6438 = DIRECTION ( 'NONE',  ( 0.000000000000000000, 1.000000000000000000, -0.000000000000000000 ) ) ;
#6439 = VECTOR ( 'NONE', #2974, 1000.000000000000000 ) ;
#6440 = AXIS2_PLACEMENT_3D ( 'NONE', #2605, #9536, #2773 ) ;
#6441 = EDGE_CURVE ( 'NONE', #8418, #8060, #5621, .T. ) ;
#6442 = EDGE_CURVE ( 'NONE', #5031, #3173, #9720, .T. ) ;
#6443 = EDGE_CURVE ( 'NONE', #3151, #824, #5560, .T. ) ;
#6444 = CIRCLE ( 'NONE', #8044, 0.1250000000000001110 ) ;
#6445 = DIRECTION ( 'NONE',  ( -2.365532012695648978E-15, 0.000000000000000000, -1.000000000000000000 ) ) ;
#6446 = ORIENTED_EDGE ( 'NONE', *, *, #10789, .T. ) ;
#6447 = ORIENTED_EDGE ( 'NONE', *, *, #7032, .T. ) ;
#6448 = CARTESIAN_POINT ( 'NONE',  ( 0.000000000000000000, 1.000000000000000000, 0.000000000000000000 ) ) ;
#6449 = CARTESIAN_POINT ( 'NONE',  ( -1.749999999999999334, 0.2000000000000000111, -2.225000000000000977 ) ) ;
#6450 = CARTESIAN_POINT ( 'NONE',  ( 1.750000000000000666, 0.6716990566028311349, 2.225000000000000977 ) ) ;
#6451 = DIRECTION ( 'NONE',  ( 2.365532012695649373E-15, 0.000000000000000000, 1.000000000000000000 ) ) ;
#6452 = CARTESIAN_POINT ( 'NONE',  ( 2.500000000000000888, 0.1999999999999999833, 1.375000000000000222 ) ) ;
#6453 = AXIS2_PLACEMENT_3D ( 'NONE', #2184, #6281, #1286 ) ;
#6454 = ADVANCED_FACE ( 'NONE', ( #4620 ), #3070, .T. ) ;
#6455 = LINE ( 'NONE', #10480, #3148 ) ;
#6456 = CARTESIAN_POINT ( 'NONE',  ( 0.7500000000000006661, 0.2000000000000000111, 2.225000000000000977 ) ) ;
#6457 = FACE_OUTER_BOUND ( 'NONE', #6491, .T. ) ;
#6458 = ORIENTED_EDGE ( 'NONE', *, *, #7332, .F. ) ;
#6459 = ORIENTED_EDGE ( 'NONE', *, *, #3614, .F. ) ;
#6461 = ORIENTED_EDGE ( 'NONE', *, *, #5781, .T. ) ;
#6460 = FACE_OUTER_BOUND ( 'NONE', #7282, .T. ) ;
#6462 = DIRECTION ( 'NONE',  ( 0.000000000000000000, -0.000000000000000000, 1.000000000000000000 ) ) ;
#6463 = PLANE ( 'NONE',  #2353 ) ;
#6464 = CARTESIAN_POINT ( 'NONE',  ( 2.500000000000000888, 0.6716990566028309129, -0.6249999999999998890 ) ) ;
#6465 = VECTOR ( 'NONE', #3682, 1000.000000000000000 ) ;
#6466 = LINE ( 'NONE', #5521, #8965 ) ;
#6467 = PLANE ( 'NONE',  #2185 ) ;
#6468 = MECHANICAL_DESIGN_GEOMETRIC_PRESENTATION_REPRESENTATION (  '', ( #3656 ), #3815 ) ;
#6469 = DIRECTION ( 'NONE',  ( -0.000000000000000000, -1.000000000000000000, -0.000000000000000000 ) ) ;
#6470 = DIRECTION ( 'NONE',  ( 7.885106708985472271E-16, 0.000000000000000000, 1.000000000000000000 ) ) ;
#6472 = VERTEX_POINT ( 'NONE', #3732 ) ;
#6471 = CARTESIAN_POINT ( 'NONE',  ( -2.225000000000000533, 0.000000000000000000, 1.375000000000000222 ) ) ;
#6473 = LINE ( 'NONE', #6529, #4905 ) ;
#6474 = EDGE_CURVE ( 'NONE', #8030, #2033, #3121, .T. ) ;
#6475 = ORIENTED_EDGE ( 'NONE', *, *, #140, .F. ) ;
#6476 = ADVANCED_FACE ( 'NONE', ( #517 ), #6284, .T. ) ;
#6477 = ORIENTED_EDGE ( 'NONE', *, *, #7330, .F. ) ;
#6478 = CARTESIAN_POINT ( 'NONE',  ( -0.8749999999999992228, 0.000000000000000000, 2.225000000000000977 ) ) ;
#6479 = ORIENTED_EDGE ( 'NONE', *, *, #10634, .T. ) ;
#6480 = CARTESIAN_POINT ( 'NONE',  ( 2.225000000000000533, 0.1999999999999999833, -0.8749999999999998890 ) ) ;
#6481 = CARTESIAN_POINT ( 'NONE',  ( 0.7500000000000006661, 0.04999999999999999584, 2.225000000000000977 ) ) ;
#6482 = VECTOR ( 'NONE', #8257, 1000.000000000000000 ) ;
#6483 = CARTESIAN_POINT ( 'NONE',  ( -0.6249999999999992228, 0.000000000000000000, 2.225000000000000977 ) ) ;
#6484 = VECTOR ( 'NONE', #4250, 1000.000000000000000 ) ;
#6486 = EDGE_LOOP ( 'NONE', ( #5244, #4893, #5602, #6447 ) ) ;
#6485 = CARTESIAN_POINT ( 'NONE',  ( -1.124999999999999334, 0.000000000000000000, -2.500000000000000444 ) ) ;
#6487 = CARTESIAN_POINT ( 'NONE',  ( 2.225000000000000533, 0.1999999999999999833, 0.1249999999999996808 ) ) ;
#6488 = ORIENTED_EDGE ( 'NONE', *, *, #3871, .F. ) ;
#6489 = ORIENTED_EDGE ( 'NONE', *, *, #3557, .F. ) ;
#6490 = CARTESIAN_POINT ( 'NONE',  ( -1.624999999999999334, 0.1999999999999999833, -2.500000000000000444 ) ) ;
#6491 = EDGE_LOOP ( 'NONE', ( #8483, #4549, #4105, #4096 ) ) ;
#6492 = VECTOR ( 'NONE', #5530, 1000.000000000000000 ) ;
#6493 = VECTOR ( 'NONE', #3788, 1000.000000000000000 ) ;
#6494 = VECTOR ( 'NONE', #8092, 1000.000000000000000 ) ;
#6495 = CIRCLE ( 'NONE', #828, 0.1250000000000001110 ) ;
#6496 = FACE_OUTER_BOUND ( 'NONE', #4371, .T. ) ;
#6497 = VERTEX_POINT ( 'NONE', #10630 ) ;
#6498 = ORIENTED_EDGE ( 'NONE', *, *, #6575, .T. ) ;
#6499 = CARTESIAN_POINT ( 'NONE',  ( -1.749999999999999334, 0.2000000000000000111, 2.225000000000000977 ) ) ;
#6500 = AXIS2_PLACEMENT_3D ( 'NONE', #9821, #4569, #2238 ) ;
#6501 = AXIS2_PLACEMENT_3D ( 'NONE', #5214, #119, #4226 ) ;
#6502 = DIRECTION ( 'NONE',  ( -0.000000000000000000, -1.000000000000000000, -0.000000000000000000 ) ) ;
#6503 = EDGE_CURVE ( 'NONE', #6368, #2849, #10531, .T. ) ;
#6504 = DIRECTION ( 'NONE',  ( 1.000000000000000000, -0.000000000000000000, 0.000000000000000000 ) ) ;
#6505 = CARTESIAN_POINT ( 'NONE',  ( 1.125000000000000888, 0.2000000000000000111, -2.500000000000000444 ) ) ;
#6506 = VECTOR ( 'NONE', #2877, 1000.000000000000000 ) ;
#6507 = VECTOR ( 'NONE', #5405, 1000.000000000000000 ) ;
#6508 = CARTESIAN_POINT ( 'NONE',  ( 2.225000000000000533, 0.05000000000000002359, 0.6249999999999996669 ) ) ;
#6509 = AXIS2_PLACEMENT_3D ( 'NONE', #10552, #8792, #7862 ) ;
#6510 = VECTOR ( 'NONE', #10511, 1000.000000000000000 ) ;
#6511 = PLANE ( 'NONE',  #3684 ) ;
#6512 = LINE ( 'NONE', #9886, #5500 ) ;
#6513 = EDGE_LOOP ( 'NONE', ( #10314, #10051, #4817, #5846 ) ) ;
#6514 = VERTEX_POINT ( 'NONE', #10478 ) ;
#6516 = ORIENTED_EDGE ( 'NONE', *, *, #1219, .F. ) ;
#6515 = PRESENTATION_STYLE_ASSIGNMENT (( #1686 ) ) ;
#6517 = EDGE_CURVE ( 'NONE', #525, #6066, #5510, .T. ) ;
#6518 = SURFACE_SIDE_STYLE ('',( #3189 ) ) ;
#6519 = DIRECTION ( 'NONE',  ( 0.000000000000000000, 1.000000000000000000, 0.000000000000000000 ) ) ;
#6520 = EDGE_CURVE ( 'NONE', #1025, #7627, #2026, .T. ) ;
#6521 = EDGE_CURVE ( 'NONE', #7384, #6943, #2961, .T. ) ;
#6522 = LINE ( 'NONE', #8173, #109 ) ;
#6523 = ADVANCED_FACE ( 'NONE', ( #1343 ), #5406, .T. ) ;
#6524 = CARTESIAN_POINT ( 'NONE',  ( -1.624999999999999334, 0.000000000000000000, -2.500000000000000444 ) ) ;
#6525 = FACE_OUTER_BOUND ( 'NONE', #5259, .T. ) ;
#6526 = DIRECTION ( 'NONE',  ( 0.000000000000000000, 1.000000000000000000, 0.000000000000000000 ) ) ;
#6528 = ORIENTED_EDGE ( 'NONE', *, *, #2237, .F. ) ;
#6527 = FILL_AREA_STYLE ('',( #7148 ) ) ;
#6529 = CARTESIAN_POINT ( 'NONE',  ( 1.875000000000001554, 0.2000000000000000111, 2.500000000000000444 ) ) ;
#6530 = ORIENTED_EDGE ( 'NONE', *, *, #4748, .F. ) ;
#6531 = DIRECTION ( 'NONE',  ( 0.000000000000000000, -0.000000000000000000, -1.000000000000000000 ) ) ;
#6532 = EDGE_LOOP ( 'NONE', ( #5276, #2905, #145, #8930 ) ) ;
#6533 = CARTESIAN_POINT ( 'NONE',  ( -1.374999999999998668, 0.2000000000000000111, 2.500000000000001332 ) ) ;
#6534 = FACE_OUTER_BOUND ( 'NONE', #4261, .T. ) ;
#6535 = EDGE_CURVE ( 'NONE', #3607, #8823, #5464, .T. ) ;
#6536 = ADVANCED_FACE ( 'NONE', ( #3945 ), #2911, .T. ) ;
#6537 = LINE ( 'NONE', #9195, #9034 ) ;
#6539 = ORIENTED_EDGE ( 'NONE', *, *, #10192, .T. ) ;
#6538 = DIRECTION ( 'NONE',  ( 0.000000000000000000, 0.000000000000000000, -1.000000000000000000 ) ) ;
#6540 = LINE ( 'NONE', #8197, #5063 ) ;
#6541 = ORIENTED_EDGE ( 'NONE', *, *, #8991, .T. ) ;
#6542 = VERTEX_POINT ( 'NONE', #8880 ) ;
#6543 = LINE ( 'NONE', #5030, #1277 ) ;
#6544 = ORIENTED_EDGE ( 'NONE', *, *, #9288, .T. ) ;
#6545 =( NAMED_UNIT ( * ) PLANE_ANGLE_UNIT ( ) SI_UNIT ( $, .RADIAN. ) );
#6546 = FILL_AREA_STYLE ('',( #2387 ) ) ;
#6547 = AXIS2_PLACEMENT_3D ( 'NONE', #8516, #258, #3644 ) ;
#6548 = EDGE_CURVE ( 'NONE', #6856, #8687, #1289, .T. ) ;
#6549 = EDGE_CURVE ( 'NONE', #9181, #3024, #5074, .T. ) ;
#6550 = DIRECTION ( 'NONE',  ( 0.000000000000000000, 0.000000000000000000, 1.000000000000000000 ) ) ;
#6551 = ORIENTED_EDGE ( 'NONE', *, *, #10429, .T. ) ;
#6552 = ORIENTED_EDGE ( 'NONE', *, *, #4409, .F. ) ;
#6553 = DIRECTION ( 'NONE',  ( 0.000000000000000000, 0.000000000000000000, 1.000000000000000000 ) ) ;
#6554 = CIRCLE ( 'NONE', #7437, 0.1250000000000001110 ) ;
#6555 = DIRECTION ( 'NONE',  ( -1.000000000000000000, 0.000000000000000000, 0.000000000000000000 ) ) ;
#6556 = CARTESIAN_POINT ( 'NONE',  ( 1.875000000000001554, 0.1999999999999999833, 2.500000000000000444 ) ) ;
#6557 = CARTESIAN_POINT ( 'NONE',  ( 2.225000000000000533, 0.000000000000000000, -0.1249999999999998890 ) ) ;
#6558 = DIRECTION ( 'NONE',  ( 0.000000000000000000, 0.000000000000000000, 1.000000000000000000 ) ) ;
#6559 = AXIS2_PLACEMENT_3D ( 'NONE', #7983, #7614, #9586 ) ;
#6560 = EDGE_CURVE ( 'NONE', #1211, #8347, #7237, .T. ) ;
#6561 = CYLINDRICAL_SURFACE ( 'NONE', #7229, 0.1250000000000001110 ) ;
#6562 = CARTESIAN_POINT ( 'NONE',  ( -2.225000000000000533, 0.6716990566028309129, 1.875000000000000222 ) ) ;
#6563 = ORIENTED_EDGE ( 'NONE', *, *, #889, .T. ) ;
#6564 = ORIENTED_EDGE ( 'NONE', *, *, #5767, .T. ) ;
#6565 = ORIENTED_EDGE ( 'NONE', *, *, #2445, .T. ) ;
#6566 = CARTESIAN_POINT ( 'NONE',  ( 0.2500000000000006661, 0.000000000000000000, -2.225000000000000977 ) ) ;
#6567 =( NAMED_UNIT ( * ) SI_UNIT ( $, .STERADIAN. ) SOLID_ANGLE_UNIT ( ) );
#6568 = CARTESIAN_POINT ( 'NONE',  ( -1.749999999999999334, 0.2000000000000000111, -2.225000000000000977 ) ) ;
#6569 = LINE ( 'NONE', #9177, #10714 ) ;
#6570 = AXIS2_PLACEMENT_3D ( 'NONE', #7642, #6646, #10778 ) ;
#6571 = DIRECTION ( 'NONE',  ( 0.000000000000000000, 0.000000000000000000, 1.000000000000000000 ) ) ;
#6572 = VECTOR ( 'NONE', #2023, 1000.000000000000000 ) ;
#6573 = ADVANCED_FACE ( 'NONE', ( #10584 ), #3014, .F. ) ;
#6574 = EDGE_CURVE ( 'NONE', #8856, #6216, #9883, .T. ) ;
#6575 = EDGE_CURVE ( 'NONE', #6040, #9515, #5833, .T. ) ;
#6576 = DIRECTION ( 'NONE',  ( -0.000000000000000000, -1.000000000000000000, 0.000000000000000000 ) ) ;
#6577 = ORIENTED_EDGE ( 'NONE', *, *, #5523, .T. ) ;
#6578 = DIRECTION ( 'NONE',  ( -0.000000000000000000, -0.000000000000000000, 1.000000000000000000 ) ) ;
#6580 = ORIENTED_EDGE ( 'NONE', *, *, #10811, .F. ) ;
#6579 = DIRECTION ( 'NONE',  ( -0.000000000000000000, -1.000000000000000000, -0.000000000000000000 ) ) ;
#6581 = DIRECTION ( 'NONE',  ( -0.000000000000000000, -1.000000000000000000, -0.000000000000000000 ) ) ;
#6582 = ORIENTED_EDGE ( 'NONE', *, *, #4066, .T. ) ;
#6583 = DIRECTION ( 'NONE',  ( -1.000000000000000000, 0.000000000000000000, -0.000000000000000000 ) ) ;
#6584 = VERTEX_POINT ( 'NONE', #10042 ) ;
#6585 = CARTESIAN_POINT ( 'NONE',  ( -2.500000000000000888, 0.6716990566028309129, -0.1249999999999998890 ) ) ;
#6586 = CARTESIAN_POINT ( 'NONE',  ( 2.225000000000000533, 0.6716990566028309129, -0.7500000000000002220 ) ) ;
#6587 = VECTOR ( 'NONE', #7940, 1000.000000000000000 ) ;
#6588 = EDGE_CURVE ( 'NONE', #10401, #7581, #6613, .T. ) ;
#6589 = CARTESIAN_POINT ( 'NONE',  ( -1.124999999999999334, 0.6716990566028311349, 2.225000000000000977 ) ) ;
#6590 = PLANE ( 'NONE',  #7036 ) ;
#6592 = ORIENTED_EDGE ( 'NONE', *, *, #6977, .T. ) ;
#6591 = DIRECTION ( 'NONE',  ( 0.000000000000000000, -0.000000000000000000, 1.000000000000000000 ) ) ;
#6593 = CARTESIAN_POINT ( 'NONE',  ( 2.225000000000000533, 0.6716990566028309129, -0.8749999999999998890 ) ) ;
#6594 = VERTEX_POINT ( 'NONE', #3228 ) ;
#6595 = EDGE_LOOP ( 'NONE', ( #2637, #5543, #10103, #9362 ) ) ;
#6596 = LINE ( 'NONE', #774, #9595 ) ;
#6597 = PRESENTATION_LAYER_ASSIGNMENT (  '', '', ( #3057 ) ) ;
#6598 = VERTEX_POINT ( 'NONE', #10909 ) ;
#6599 = LINE ( 'NONE', #4047, #6482 ) ;
#6600 = VECTOR ( 'NONE', #3971, 1000.000000000000000 ) ;
#6601 = EDGE_CURVE ( 'NONE', #349, #2664, #623, .T. ) ;
#6602 = CLOSED_SHELL ( 'NONE', ( #4676, #6389, #303, #8430, #830, #573, #9734, #3124, #10563, #2927, #5216, #3643, #2606, #1221, #7529, #9293, #2309, #6611, #2866, #2311, #7331, #2325, #8299, #7704, #10809, #13, #8001, #3182, #1129, #962, #1695, #8341, #8668, #6238, #8721, #7527, #3477, #2720, #23, #5047, #8591, #5279, #3948, #2, #10650, #3901, #1923, #5082, #217, #8504, #6536, #4196, #5145, #3059, #2964, #2745, #4267, #10326, #10758, #8970, #3046, #1779, #8665, #4304, #3006, #6454, #3397, #8815, #3100, #4939, #5697, #3735, #10880, #1976, #2994, #1570, #5324, #1645, #3442, #1072, #1389, #1292, #733, #2310, #6299, #9845, #9487, #10756, #4129, #9651, #3977, #8230, #6573, #6300, #5080, #52, #6191, #5597, #10577, #4070, #9155, #3989, #1679, #2886, #9325, #10296, #8481, #2581, #3282, #6037, #485, #1254, #3600, #2178, #7319, #7595, #10624, #3701, #814, #9722, #1503, #4691, #8503, #5149, #3372, #9488, #1425, #7548, #5524, #9259, #3991, #2725, #7652, #3123, #6849, #7706, #8408, #7265, #2288, #8139, #752, #6657, #82, #7827, #3925, #3420, #9824, #5958, #2401, #5435, #9761 ) ) ;
#6603 = AXIS2_PLACEMENT_3D ( 'NONE', #2412, #9012, #5794 ) ;
#6604 = PRESENTATION_LAYER_ASSIGNMENT (  '', '', ( #4118 ) ) ;
#6605 = DIRECTION ( 'NONE',  ( 0.000000000000000000, -0.000000000000000000, 1.000000000000000000 ) ) ;
#6606 = ORIENTED_EDGE ( 'NONE', *, *, #7137, .T. ) ;
#6607 = EDGE_LOOP ( 'NONE', ( #7097, #8251, #4220, #5550 ) ) ;
#6608 = DIRECTION ( 'NONE',  ( 0.000000000000000000, 0.000000000000000000, -1.000000000000000000 ) ) ;
#6609 = VECTOR ( 'NONE', #7659, 1000.000000000000000 ) ;
#6610 = LINE ( 'NONE', #10041, #2011 ) ;
#6611 = ADVANCED_FACE ( 'NONE', ( #680 ), #9986, .T. ) ;
#6612 = DIRECTION ( 'NONE',  ( -2.365532012695641878E-15, 0.000000000000000000, -1.000000000000000000 ) ) ;
#6613 = LINE ( 'NONE', #9212, #3843 ) ;
#6614 = AXIS2_PLACEMENT_3D ( 'NONE', #271, #7048, #8642 ) ;
#6615 = CARTESIAN_POINT ( 'NONE',  ( -2.500000000000000888, 0.1999999999999999833, 1.375000000000000222 ) ) ;
#6616 = AXIS2_PLACEMENT_3D ( 'NONE', #312, #915, #1928 ) ;
#6617 = CARTESIAN_POINT ( 'NONE',  ( 0.8750000000000007772, 0.6716990566028311349, -2.500000000000000444 ) ) ;
#6618 = DIRECTION ( 'NONE',  ( 7.885106708985472271E-16, -0.000000000000000000, 1.000000000000000000 ) ) ;
#6619 = ORIENTED_EDGE ( 'NONE', *, *, #4873, .T. ) ;
#6620 = EDGE_LOOP ( 'NONE', ( #10934, #10132, #618, #4700 ) ) ;
#6622 = EDGE_LOOP ( 'NONE', ( #7405, #698, #6166, #1628 ) ) ;
#6621 = LINE ( 'NONE', #6786, #6799 ) ;
#6623 = LINE ( 'NONE', #5790, #7528 ) ;
#6624 = DIRECTION ( 'NONE',  ( -2.365532012695641878E-15, 0.000000000000000000, -1.000000000000000000 ) ) ;
#6625 = CARTESIAN_POINT ( 'NONE',  ( 2.225000000000000533, 0.6716990566028309129, 1.125000000000000222 ) ) ;
#6626 = DIRECTION ( 'NONE',  ( 0.000000000000000000, 0.000000000000000000, 1.000000000000000000 ) ) ;
#6627 = DIRECTION ( 'NONE',  ( 0.000000000000000000, 0.000000000000000000, -1.000000000000000000 ) ) ;
#6628 = ORIENTED_EDGE ( 'NONE', *, *, #4835, .F. ) ;
#6629 = ORIENTED_EDGE ( 'NONE', *, *, #5835, .F. ) ;
#6630 = PLANE ( 'NONE',  #3147 ) ;
#6632 = VERTEX_POINT ( 'NONE', #5669 ) ;
#6631 = SURFACE_STYLE_FILL_AREA ( #6742 ) ;
#6633 = CARTESIAN_POINT ( 'NONE',  ( 1.875000000000000888, 0.000000000000000000, -2.500000000000000444 ) ) ;
#6634 = ORIENTED_EDGE ( 'NONE', *, *, #6385, .F. ) ;
#6635 = DIRECTION ( 'NONE',  ( 0.000000000000000000, -1.000000000000000000, 0.000000000000000000 ) ) ;
#6637 = EDGE_LOOP ( 'NONE', ( #5332, #931, #4766, #6458 ) ) ;
#6636 = DIRECTION ( 'NONE',  ( 0.000000000000000000, -1.000000000000000000, 0.000000000000000000 ) ) ;
#6638 = CARTESIAN_POINT ( 'NONE',  ( 1.125000000000000888, 0.2000000000000000111, 2.225000000000000977 ) ) ;
#6639 = FACE_OUTER_BOUND ( 'NONE', #9690, .T. ) ;
#6640 = EDGE_CURVE ( 'NONE', #2423, #4964, #8378, .T. ) ;
#6641 = EDGE_CURVE ( 'NONE', #10366, #4916, #4057, .T. ) ;
#6642 = AXIS2_PLACEMENT_3D ( 'NONE', #5687, #8957, #4850 ) ;
#6643 = EDGE_CURVE ( 'NONE', #9418, #2320, #3347, .T. ) ;
#6644 = CARTESIAN_POINT ( 'NONE',  ( -1.749999999999999334, 0.2000000000000000111, -2.225000000000000977 ) ) ;
#6645 = DIRECTION ( 'NONE',  ( -0.000000000000000000, -1.000000000000000000, -0.000000000000000000 ) ) ;
#6647 = ORIENTED_EDGE ( 'NONE', *, *, #4213, .F. ) ;
#6646 = DIRECTION ( 'NONE',  ( -0.000000000000000000, -1.000000000000000000, -0.000000000000000000 ) ) ;
#6648 = CYLINDRICAL_SURFACE ( 'NONE', #5262, 0.1999999999999998723 ) ;
#6649 = ORIENTED_EDGE ( 'NONE', *, *, #4545, .F. ) ;
#6650 = ORIENTED_EDGE ( 'NONE', *, *, #4551, .T. ) ;
#6651 = LINE ( 'NONE', #8312, #1810 ) ;
#6652 = ORIENTED_EDGE ( 'NONE', *, *, #7730, .F. ) ;
#6653 = DIRECTION ( 'NONE',  ( -0.000000000000000000, -1.000000000000000000, -0.000000000000000000 ) ) ;
#6654 =( NAMED_UNIT ( * ) PLANE_ANGLE_UNIT ( ) SI_UNIT ( $, .RADIAN. ) );
#6655 = ADVANCED_FACE ( 'NONE', ( #9106 ), #9930, .T. ) ;
#6656 = EDGE_CURVE ( 'NONE', #3620, #1108, #10907, .T. ) ;
#6657 = ADVANCED_FACE ( 'NONE', ( #728 ), #1619, .T. ) ;
#6658 = PRESENTATION_LAYER_ASSIGNMENT (  '', '', ( #1694 ) ) ;
#6659 = STYLED_ITEM ( 'NONE', ( #420 ), #5180 ) ;
#6660 = CARTESIAN_POINT ( 'NONE',  ( -0.2499999999999993616, 0.2000000000000000111, -2.225000000000000977 ) ) ;
#6661 = ORIENTED_EDGE ( 'NONE', *, *, #1350, .T. ) ;
#6662 = ORIENTED_EDGE ( 'NONE', *, *, #4363, .F. ) ;
#6663 = DIRECTION ( 'NONE',  ( 0.000000000000000000, 1.000000000000000000, 0.000000000000000000 ) ) ;
#6664 = LINE ( 'NONE', #5619, #8191 ) ;
#6665 = VECTOR ( 'NONE', #869, 1000.000000000000000 ) ;
#6666 = CARTESIAN_POINT ( 'NONE',  ( -1.749999999999999334, 0.2000000000000000111, 2.225000000000000977 ) ) ;
#6667 = LINE ( 'NONE', #3894, #118 ) ;
#6668 = AXIS2_PLACEMENT_3D ( 'NONE', #4980, #10844, #9371 ) ;
#6669 = VECTOR ( 'NONE', #9997, 1000.000000000000000 ) ;
#6670 = CARTESIAN_POINT ( 'NONE',  ( 0.000000000000000000, 0.000000000000000000, 0.000000000000000000 ) ) ;
#6671 = EDGE_CURVE ( 'NONE', #3783, #9416, #5043, .T. ) ;
#6672 = AXIS2_PLACEMENT_3D ( 'NONE', #2134, #567, #6451 ) ;
#6673 = VECTOR ( 'NONE', #3229, 1000.000000000000000 ) ;
#6674 = LINE ( 'NONE', #952, #5461 ) ;
#6675 = PLANE ( 'NONE',  #9921 ) ;
#6676 = VERTEX_POINT ( 'NONE', #8432 ) ;
#6677 = VERTEX_POINT ( 'NONE', #7392 ) ;
#6678 = VECTOR ( 'NONE', #3541, 1000.000000000000000 ) ;
#6680 = ORIENTED_EDGE ( 'NONE', *, *, #9450, .T. ) ;
#6679 = DIRECTION ( 'NONE',  ( -7.885106708985472271E-16, 0.000000000000000000, 1.000000000000000000 ) ) ;
#6681 = LINE ( 'NONE', #8225, #8232 ) ;
#6682 = ORIENTED_EDGE ( 'NONE', *, *, #2540, .T. ) ;
#6683 = LINE ( 'NONE', #8288, #3829 ) ;
#6684 = CARTESIAN_POINT ( 'NONE',  ( 2.225000000000000533, 0.6716990566028309129, 0.7499999999999997780 ) ) ;
#6685 = DIRECTION ( 'NONE',  ( -0.000000000000000000, -1.000000000000000000, -0.000000000000000000 ) ) ;
#6686 = VECTOR ( 'NONE', #3325, 1000.000000000000000 ) ;
#6687 = AXIS2_PLACEMENT_3D ( 'NONE', #2402, #7402, #5675 ) ;
#6688 = EDGE_CURVE ( 'NONE', #3110, #3649, #7227, .T. ) ;
#6689 = DIRECTION ( 'NONE',  ( 8.673617379884035472E-17, -0.000000000000000000, 1.000000000000000000 ) ) ;
#6690 = ORIENTED_EDGE ( 'NONE', *, *, #4642, .F. ) ;
#6691 = ORIENTED_EDGE ( 'NONE', *, *, #4162, .F. ) ;
#6693 = ORIENTED_EDGE ( 'NONE', *, *, #5857, .T. ) ;
#6692 = LINE ( 'NONE', #8400, #1118 ) ;
#6694 = DIRECTION ( 'NONE',  ( 0.000000000000000000, 1.000000000000000000, 0.000000000000000000 ) ) ;
#6695 = DIRECTION ( 'NONE',  ( -0.000000000000000000, 0.000000000000000000, -1.000000000000000000 ) ) ;
#6697 = ORIENTED_EDGE ( 'NONE', *, *, #3030, .F. ) ;
#6696 = CARTESIAN_POINT ( 'NONE',  ( -0.6249999999999992228, 0.6716990566028311349, -2.225000000000000977 ) ) ;
#6698 = DIRECTION ( 'NONE',  ( -1.000000000000000000, 0.000000000000000000, 3.469446951953614583E-15 ) ) ;
#6699 = VECTOR ( 'NONE', #9260, 1000.000000000000000 ) ;
#6700 = CARTESIAN_POINT ( 'NONE',  ( 2.500000000000000888, 0.1999999999999999833, -0.6249999999999998890 ) ) ;
#6701 = CARTESIAN_POINT ( 'NONE',  ( -0.1249999999999992506, 0.2000000000000000111, 2.225000000000000977 ) ) ;
#6702 = CARTESIAN_POINT ( 'NONE',  ( 2.225000000000000533, 0.1999999999999999833, -1.875000000000000000 ) ) ;
#6704 = ORIENTED_EDGE ( 'NONE', *, *, #3495, .F. ) ;
#6703 = CARTESIAN_POINT ( 'NONE',  ( -1.749999999999999334, 0.2000000000000000111, -2.225000000000000977 ) ) ;
#6705 = CARTESIAN_POINT ( 'NONE',  ( 2.500000000000000888, 0.1999999999999999833, 1.875000000000000222 ) ) ;
#6706 = ORIENTED_EDGE ( 'NONE', *, *, #6688, .F. ) ;
#6707 = ORIENTED_EDGE ( 'NONE', *, *, #10897, .F. ) ;
#6708 = CARTESIAN_POINT ( 'NONE',  ( -1.749999999999999334, 0.2000000000000000111, -2.225000000000000977 ) ) ;
#6709 = ORIENTED_EDGE ( 'NONE', *, *, #1938, .F. ) ;
#6710 = DIRECTION ( 'NONE',  ( 0.000000000000000000, 0.000000000000000000, 1.000000000000000000 ) ) ;
#6711 = PLANE ( 'NONE',  #8206 ) ;
#6712 = EDGE_CURVE ( 'NONE', #1194, #3354, #5778, .T. ) ;
#6713 = EDGE_CURVE ( 'NONE', #5108, #1265, #10796, .T. ) ;
#6714 = EDGE_CURVE ( 'NONE', #417, #6949, #9267, .T. ) ;
#6715 = ADVANCED_FACE ( 'NONE', ( #7498 ), #10851, .F. ) ;
#6716 = FACE_OUTER_BOUND ( 'NONE', #5374, .T. ) ;
#6717 = VERTEX_POINT ( 'NONE', #6938 ) ;
#6718 = EDGE_LOOP ( 'NONE', ( #8027, #5516, #5934, #6434 ) ) ;
#6719 = DIRECTION ( 'NONE',  ( 0.000000000000000000, 0.000000000000000000, 1.000000000000000000 ) ) ;
#6720 = CARTESIAN_POINT ( 'NONE',  ( -0.7999999999999992673, 0.2000000000000000944, -1.050000000000000488 ) ) ;
#6721 = DIRECTION ( 'NONE',  ( 0.000000000000000000, -1.000000000000000000, 0.000000000000000000 ) ) ;
#6722 = CARTESIAN_POINT ( 'NONE',  ( 2.225000000000000533, 0.6716990566028309129, 0.6250000000000001110 ) ) ;
#6723 = EDGE_CURVE ( 'NONE', #6213, #8523, #6101, .T. ) ;
#6724 = VECTOR ( 'NONE', #9344, 1000.000000000000000 ) ;
#6725 = DIRECTION ( 'NONE',  ( -1.000000000000000000, 0.000000000000000000, 2.365532012695649373E-15 ) ) ;
#6726 = DIRECTION ( 'NONE',  ( 0.000000000000000000, -1.000000000000000000, 0.000000000000000000 ) ) ;
#6727 = ORIENTED_EDGE ( 'NONE', *, *, #9193, .T. ) ;
#6728 = ORIENTED_EDGE ( 'NONE', *, *, #10488, .F. ) ;
#6730 = ORIENTED_EDGE ( 'NONE', *, *, #6195, .F. ) ;
#6729 = CARTESIAN_POINT ( 'NONE',  ( 2.225000000000000533, 0.6716990566028309129, 1.625000000000000222 ) ) ;
#6731 = ORIENTED_EDGE ( 'NONE', *, *, #8003, .F. ) ;
#6732 = CARTESIAN_POINT ( 'NONE',  ( 2.225000000000000533, 0.000000000000000000, -1.250000000000000222 ) ) ;
#6733 = DIRECTION ( 'NONE',  ( 0.000000000000000000, -1.000000000000000000, 0.000000000000000000 ) ) ;
#6734 = CARTESIAN_POINT ( 'NONE',  ( 2.500000000000000888, 0.6716990566028309129, -1.125000000000000000 ) ) ;
#6735 = DIRECTION ( 'NONE',  ( 2.365532012695641878E-15, -0.000000000000000000, 1.000000000000000000 ) ) ;
#6736 = EDGE_CURVE ( 'NONE', #5186, #5468, #1002, .T. ) ;
#6737 = AXIS2_PLACEMENT_3D ( 'NONE', #467, #7957, #3077 ) ;
#6738 = CARTESIAN_POINT ( 'NONE',  ( -0.7499999999999993339, 0.1999999999999999833, 2.225000000000000977 ) ) ;
#6739 = ORIENTED_EDGE ( 'NONE', *, *, #1838, .F. ) ;
#6740 = ORIENTED_EDGE ( 'NONE', *, *, #5825, .T. ) ;
#6741 = VECTOR ( 'NONE', #388, 1000.000000000000000 ) ;
#6743 = ORIENTED_EDGE ( 'NONE', *, *, #7568, .F. ) ;
#6742 = FILL_AREA_STYLE ('',( #5746 ) ) ;
#6744 = CARTESIAN_POINT ( 'NONE',  ( 0.3750000000000014433, 0.2000000000000000111, 2.500000000000000444 ) ) ;
#6745 = LINE ( 'NONE', #197, #3764 ) ;
#6747 = ORIENTED_EDGE ( 'NONE', *, *, #283, .F. ) ;
#6746 = DIRECTION ( 'NONE',  ( 0.000000000000000000, 0.000000000000000000, 1.000000000000000000 ) ) ;
#6748 = CARTESIAN_POINT ( 'NONE',  ( 1.050000000000000266, 3.169848480983500139, -1.050000000000000266 ) ) ;
#6749 = DIRECTION ( 'NONE',  ( -2.365532012695641878E-15, 0.000000000000000000, -1.000000000000000000 ) ) ;
#6750 = EDGE_CURVE ( 'NONE', #7596, #9972, #5280, .T. ) ;
#6751 = EDGE_CURVE ( 'NONE', #824, #10917, #9485, .T. ) ;
#6752 = FACE_OUTER_BOUND ( 'NONE', #10110, .T. ) ;
#6753 = DIRECTION ( 'NONE',  ( -0.000000000000000000, 0.000000000000000000, -1.000000000000000000 ) ) ;
#6754 = CARTESIAN_POINT ( 'NONE',  ( -2.225000000000000533, 0.000000000000000000, 1.749999999999999778 ) ) ;
#6756 = ORIENTED_EDGE ( 'NONE', *, *, #10417, .T. ) ;
#6755 = FACE_OUTER_BOUND ( 'NONE', #10367, .T. ) ;
#6757 = DIRECTION ( 'NONE',  ( 0.000000000000000000, 0.000000000000000000, -1.000000000000000000 ) ) ;
#6758 = VERTEX_POINT ( 'NONE', #2558 ) ;
#6759 = ORIENTED_EDGE ( 'NONE', *, *, #862, .F. ) ;
#6760 = DIRECTION ( 'NONE',  ( -1.000000000000000000, 0.000000000000000000, -0.000000000000000000 ) ) ;
#6761 = ORIENTED_EDGE ( 'NONE', *, *, #3400, .F. ) ;
#6762 = FILL_AREA_STYLE ('',( #108 ) ) ;
#6763 = CARTESIAN_POINT ( 'NONE',  ( -0.7499999999999993339, 0.000000000000000000, -2.225000000000000977 ) ) ;
#6764 = EDGE_CURVE ( 'NONE', #793, #7296, #173, .T. ) ;
#6765 = ADVANCED_FACE ( 'NONE', ( #5939 ), #7773, .T. ) ;
#6766 = CIRCLE ( 'NONE', #4648, 0.1250000000000001110 ) ;
#6767 = VECTOR ( 'NONE', #1494, 1000.000000000000000 ) ;
#6768 = CARTESIAN_POINT ( 'NONE',  ( 2.500000000000000000, 0.05000000000000000278, -2.500000000000000444 ) ) ;
#6769 = EDGE_LOOP ( 'NONE', ( #8725, #5412, #5457, #725 ) ) ;
#6770 = VERTEX_POINT ( 'NONE', #1739 ) ;
#6771 = LINE ( 'NONE', #9264, #8708 ) ;
#6772 = CARTESIAN_POINT ( 'NONE',  ( 2.500000000000000000, 0.05000000000000000278, -2.500000000000000444 ) ) ;
#6773 = DIRECTION ( 'NONE',  ( 0.000000000000000000, 0.000000000000000000, -1.000000000000000000 ) ) ;
#6774 = LINE ( 'NONE', #10148, #306 ) ;
#6775 = ADVANCED_FACE ( 'NONE', ( #5157 ), #1056, .T. ) ;
#6776 = CIRCLE ( 'NONE', #3413, 0.1250000000000000000 ) ;
#6777 = ADVANCED_FACE ( 'NONE', ( #6885 ), #5997, .T. ) ;
#6778 = AXIS2_PLACEMENT_3D ( 'NONE', #9417, #8578, #7762 ) ;
#6779 = AXIS2_PLACEMENT_3D ( 'NONE', #9162, #1394, #727 ) ;
#6780 = CARTESIAN_POINT ( 'NONE',  ( -1.124999999999999334, 0.000000000000000000, -2.500000000000000444 ) ) ;
#6781 = LINE ( 'NONE', #5944, #10088 ) ;
#6782 = ORIENTED_EDGE ( 'NONE', *, *, #3752, .T. ) ;
#6783 = VERTEX_POINT ( 'NONE', #945 ) ;
#6784 = VECTOR ( 'NONE', #1447, 1000.000000000000000 ) ;
#6785 = VECTOR ( 'NONE', #9729, 1000.000000000000000 ) ;
#6786 = CARTESIAN_POINT ( 'NONE',  ( -2.225000000000000533, 0.1999999999999999833, -0.1249999999999998890 ) ) ;
#6787 = ORIENTED_EDGE ( 'NONE', *, *, #1285, .F. ) ;
#6788 =( NAMED_UNIT ( * ) PLANE_ANGLE_UNIT ( ) SI_UNIT ( $, .RADIAN. ) );
#6789 = PLANE ( 'NONE',  #9147 ) ;
#6790 = CARTESIAN_POINT ( 'NONE',  ( -2.500000000000000888, 0.000000000000000000, 1.375000000000000222 ) ) ;
#6791 = DIRECTION ( 'NONE',  ( -0.000000000000000000, -1.000000000000000000, 0.000000000000000000 ) ) ;
#6792 = EDGE_CURVE ( 'NONE', #10840, #9725, #10307, .T. ) ;
#6793 = MECHANICAL_DESIGN_GEOMETRIC_PRESENTATION_REPRESENTATION (  '', ( #8557 ), #8915 ) ;
#6794 = EDGE_CURVE ( 'NONE', #10917, #2180, #3449, .T. ) ;
#6795 =( GEOMETRIC_REPRESENTATION_CONTEXT ( 3 ) GLOBAL_UNCERTAINTY_ASSIGNED_CONTEXT ( ( #2027 ) ) GLOBAL_UNIT_ASSIGNED_CONTEXT ( ( #9975, #4049, #4212 ) ) REPRESENTATION_CONTEXT ( 'NONE', 'WORKASPACE' ) );
#6796 = DIRECTION ( 'NONE',  ( 0.000000000000000000, -0.000000000000000000, 1.000000000000000000 ) ) ;
#6797 = ORIENTED_EDGE ( 'NONE', *, *, #5408, .F. ) ;
#6798 = EDGE_LOOP ( 'NONE', ( #2339, #6199, #7107, #9938 ) ) ;
#6799 = VECTOR ( 'NONE', #2678, 1000.000000000000000 ) ;
#6800 = ORIENTED_EDGE ( 'NONE', *, *, #6575, .F. ) ;
#6801 = FACE_OUTER_BOUND ( 'NONE', #4031, .T. ) ;
#6802 = FACE_OUTER_BOUND ( 'NONE', #3782, .T. ) ;
#6804 = ORIENTED_EDGE ( 'NONE', *, *, #4809, .F. ) ;
#6803 = DIRECTION ( 'NONE',  ( 0.000000000000000000, 0.000000000000000000, -1.000000000000000000 ) ) ;
#6805 = DIRECTION ( 'NONE',  ( 0.000000000000000000, 0.000000000000000000, 1.000000000000000000 ) ) ;
#6806 = DIRECTION ( 'NONE',  ( 0.000000000000000000, -1.000000000000000000, 0.000000000000000000 ) ) ;
#6807 = DIRECTION ( 'NONE',  ( 0.000000000000000000, 0.000000000000000000, -1.000000000000000000 ) ) ;
#6808 = FACE_OUTER_BOUND ( 'NONE', #8961, .T. ) ;
#6809 = EDGE_CURVE ( 'NONE', #88, #10163, #117, .T. ) ;
#6810 = PLANE ( 'NONE',  #7037 ) ;
#6812 = VERTEX_POINT ( 'NONE', #896 ) ;
#6811 = CARTESIAN_POINT ( 'NONE',  ( -1.374999999999998668, 0.000000000000000000, 2.500000000000001332 ) ) ;
#6813 = CARTESIAN_POINT ( 'NONE',  ( 0.1250000000000005551, 0.2000000000000000111, -2.225000000000000977 ) ) ;
#6814 = ORIENTED_EDGE ( 'NONE', *, *, #6423, .F. ) ;
#6815 = ORIENTED_EDGE ( 'NONE', *, *, #10548, .T. ) ;
#6816 = CARTESIAN_POINT ( 'NONE',  ( -2.225000000000000533, 0.000000000000000000, -1.250000000000000222 ) ) ;
#6817 = ORIENTED_EDGE ( 'NONE', *, *, #8338, .F. ) ;
#6818 = DIRECTION ( 'NONE',  ( 0.000000000000000000, 1.000000000000000000, 0.000000000000000000 ) ) ;
#6819 = VECTOR ( 'NONE', #1617, 1000.000000000000000 ) ;
#6820 = EDGE_CURVE ( 'NONE', #9114, #2477, #3322, .T. ) ;
#6821 = CARTESIAN_POINT ( 'NONE',  ( 0.7500000000000006661, 0.2000000000000000111, 2.225000000000000977 ) ) ;
#6822 = ORIENTED_EDGE ( 'NONE', *, *, #4749, .F. ) ;
#6823 = VERTEX_POINT ( 'NONE', #64 ) ;
#6824 = DIRECTION ( 'NONE',  ( 0.000000000000000000, -1.000000000000000000, 0.000000000000000000 ) ) ;
#6825 = CYLINDRICAL_SURFACE ( 'NONE', #4663, 0.1250000000000000000 ) ;
#6826 = DIRECTION ( 'NONE',  ( 0.000000000000000000, -1.000000000000000000, 0.000000000000000000 ) ) ;
#6827 = DIRECTION ( 'NONE',  ( 0.000000000000000000, 1.000000000000000000, -0.000000000000000000 ) ) ;
#6828 = AXIS2_PLACEMENT_3D ( 'NONE', #5378, #9420, #7928 ) ;
#6829 = CARTESIAN_POINT ( 'NONE',  ( 2.225000000000000533, 0.6716990566028309129, -0.8750000000000003331 ) ) ;
#6830 = ORIENTED_EDGE ( 'NONE', *, *, #8166, .T. ) ;
#6831 = ORIENTED_EDGE ( 'NONE', *, *, #3185, .F. ) ;
#6832 = CYLINDRICAL_SURFACE ( 'NONE', #5410, 0.1250000000000001110 ) ;
#6833 = VECTOR ( 'NONE', #7366, 1000.000000000000000 ) ;
#6834 =( NAMED_UNIT ( * ) PLANE_ANGLE_UNIT ( ) SI_UNIT ( $, .RADIAN. ) );
#6835 = VERTEX_POINT ( 'NONE', #2671 ) ;
#6836 = DIRECTION ( 'NONE',  ( 0.000000000000000000, 1.000000000000000000, 0.000000000000000000 ) ) ;
#6837 = CARTESIAN_POINT ( 'NONE',  ( 0.6250000000000007772, 0.000000000000000000, -2.500000000000000444 ) ) ;
#6838 = CYLINDRICAL_SURFACE ( 'NONE', #1537, 0.1250000000000001110 ) ;
#6839 = VECTOR ( 'NONE', #5127, 1000.000000000000000 ) ;
#6840 = DIRECTION ( 'NONE',  ( -1.000000000000000000, 0.000000000000000000, 2.365532012695649373E-15 ) ) ;
#6841 = CARTESIAN_POINT ( 'NONE',  ( 0.8750000000000006661, 0.1999999999999999833, 2.225000000000000977 ) ) ;
#6842 = AXIS2_PLACEMENT_3D ( 'NONE', #5741, #7411, #3357 ) ;
#6843 = VECTOR ( 'NONE', #5705, 1000.000000000000000 ) ;
#6844 = AXIS2_PLACEMENT_3D ( 'NONE', #1581, #4900, #3409 ) ;
#6845 = DIRECTION ( 'NONE',  ( -0.000000000000000000, -1.000000000000000000, -0.000000000000000000 ) ) ;
#6846 = EDGE_CURVE ( 'NONE', #4645, #4336, #6045, .T. ) ;
#6847 = EDGE_LOOP ( 'NONE', ( #9307, #10303, #7599, #1163 ) ) ;
#6848 = VERTEX_POINT ( 'NONE', #1487 ) ;
#6849 = ADVANCED_FACE ( 'NONE', ( #6808 ), #4923, .T. ) ;
#6850 = EDGE_CURVE ( 'NONE', #4849, #5388, #1657, .T. ) ;
#6851 = ORIENTED_EDGE ( 'NONE', *, *, #1028, .T. ) ;
#6852 = EDGE_CURVE ( 'NONE', #735, #1926, #818, .T. ) ;
#6853 = FILL_AREA_STYLE ('',( #5356 ) ) ;
#6854 = DIRECTION ( 'NONE',  ( 1.000000000000000000, -0.000000000000000000, -0.000000000000000000 ) ) ;
#6856 = VERTEX_POINT ( 'NONE', #10777 ) ;
#6855 = DIRECTION ( 'NONE',  ( -0.000000000000000000, -1.000000000000000000, 0.000000000000000000 ) ) ;
#6857 = AXIS2_PLACEMENT_3D ( 'NONE', #2454, #2295, #4985 ) ;
#6858 = DIRECTION ( 'NONE',  ( 0.000000000000000000, 0.000000000000000000, 1.000000000000000000 ) ) ;
#6859 = CIRCLE ( 'NONE', #2958, 0.1250000000000001110 ) ;
#6860 = PLANE ( 'NONE',  #2515 ) ;
#6861 = CIRCLE ( 'NONE', #1728, 0.1250000000000001110 ) ;
#6862 = AXIS2_PLACEMENT_3D ( 'NONE', #5668, #3227, #4056 ) ;
#6863 = VECTOR ( 'NONE', #7680, 1000.000000000000000 ) ;
#6864 = CARTESIAN_POINT ( 'NONE',  ( 0.8750000000000007772, 0.6716990566028311349, -2.500000000000000444 ) ) ;
#6865 = EDGE_CURVE ( 'NONE', #3009, #7021, #9966, .T. ) ;
#6866 = LINE ( 'NONE', #5513, #8452 ) ;
#6867 = CARTESIAN_POINT ( 'NONE',  ( 1.875000000000000888, 0.1999999999999999833, -2.500000000000000444 ) ) ;
#6869 = ORIENTED_EDGE ( 'NONE', *, *, #3495, .T. ) ;
#6868 = DIRECTION ( 'NONE',  ( 0.000000000000000000, 0.000000000000000000, -1.000000000000000000 ) ) ;
#6870 = AXIS2_PLACEMENT_3D ( 'NONE', #5251, #5133, #6079 ) ;
#6871 = LINE ( 'NONE', #3648, #1187 ) ;
#6872 = EDGE_LOOP ( 'NONE', ( #5880, #3824, #73, #3272 ) ) ;
#6873 = VERTEX_POINT ( 'NONE', #3430 ) ;
#6874 = DIRECTION ( 'NONE',  ( 0.000000000000000000, -0.000000000000000000, -1.000000000000000000 ) ) ;
#6875 = ORIENTED_EDGE ( 'NONE', *, *, #8990, .T. ) ;
#6876 = CARTESIAN_POINT ( 'NONE',  ( 2.500000000000000888, 0.6716990566028309129, 1.125000000000000444 ) ) ;
#6877 = LINE ( 'NONE', #165, #2346 ) ;
#6878 = EDGE_CURVE ( 'NONE', #7245, #1516, #2485, .T. ) ;
#6879 = CARTESIAN_POINT ( 'NONE',  ( -0.3749999999999994449, 0.2000000000000005107, -2.500000000000000444 ) ) ;
#6880 = ORIENTED_EDGE ( 'NONE', *, *, #2457, .T. ) ;
#6881 = ORIENTED_EDGE ( 'NONE', *, *, #4329, .F. ) ;
#6882 = CARTESIAN_POINT ( 'NONE',  ( -0.1249999999999992506, 0.2000000000000000111, -2.500000000000000444 ) ) ;
#6883 = CARTESIAN_POINT ( 'NONE',  ( -1.124999999999998668, 0.2000000000000000111, 2.500000000000000444 ) ) ;
#6884 = AXIS2_PLACEMENT_3D ( 'NONE', #10394, #10237, #10339 ) ;
#6885 = FACE_OUTER_BOUND ( 'NONE', #10603, .T. ) ;
#6886 = CARTESIAN_POINT ( 'NONE',  ( 2.500000000000000888, 0.1999999999999999833, -0.1249999999999998890 ) ) ;
#6887 = EDGE_CURVE ( 'NONE', #9793, #8076, #8248, .T. ) ;
#6888 = EDGE_CURVE ( 'NONE', #4230, #7307, #10072, .T. ) ;
#6889 = CARTESIAN_POINT ( 'NONE',  ( -1.050000000000000044, 3.169848480983500139, -0.8000000000000005995 ) ) ;
#6890 = ORIENTED_EDGE ( 'NONE', *, *, #6736, .F. ) ;
#6891 = ORIENTED_EDGE ( 'NONE', *, *, #4672, .F. ) ;
#6892 = FACE_OUTER_BOUND ( 'NONE', #1808, .T. ) ;
#6893 = DIRECTION ( 'NONE',  ( -0.000000000000000000, -1.000000000000000000, -0.000000000000000000 ) ) ;
#6894 = ORIENTED_EDGE ( 'NONE', *, *, #4779, .F. ) ;
#6895 = PLANE ( 'NONE',  #3075 ) ;
#6896 = FACE_OUTER_BOUND ( 'NONE', #10061, .T. ) ;
#6897 = CARTESIAN_POINT ( 'NONE',  ( 2.225000000000000533, 0.000000000000000000, 1.624999999999999778 ) ) ;
#6898 = DIRECTION ( 'NONE',  ( 0.000000000000000000, 0.000000000000000000, 1.000000000000000000 ) ) ;
#6899 = CARTESIAN_POINT ( 'NONE',  ( 1.625000000000000888, 0.6716990566028311349, -2.500000000000000444 ) ) ;
#6900 = VECTOR ( 'NONE', #2154, 1000.000000000000000 ) ;
#6901 = VECTOR ( 'NONE', #8305, 1000.000000000000000 ) ;
#6902 = DIRECTION ( 'NONE',  ( 0.000000000000000000, 0.000000000000000000, -1.000000000000000000 ) ) ;
#6903 = ORIENTED_EDGE ( 'NONE', *, *, #4428, .T. ) ;
#6904 = ORIENTED_EDGE ( 'NONE', *, *, #10689, .T. ) ;
#6906 = ORIENTED_EDGE ( 'NONE', *, *, #546, .T. ) ;
#6905 = SURFACE_STYLE_FILL_AREA ( #10165 ) ;
#6907 = PRESENTATION_STYLE_ASSIGNMENT (( #7795 ) ) ;
#6908 = LINE ( 'NONE', #8511, #10812 ) ;
#6910 = EDGE_LOOP ( 'NONE', ( #2756, #792, #9230, #8576 ) ) ;
#6909 = DIRECTION ( 'NONE',  ( 0.000000000000000000, 1.000000000000000000, 0.000000000000000000 ) ) ;
#6911 = DIRECTION ( 'NONE',  ( -0.000000000000000000, -1.000000000000000000, -0.000000000000000000 ) ) ;
#6912 = VECTOR ( 'NONE', #791, 1000.000000000000000 ) ;
#6913 = DIRECTION ( 'NONE',  ( 7.885106708985472271E-16, -0.000000000000000000, 1.000000000000000000 ) ) ;
#6914 = EDGE_CURVE ( 'NONE', #5351, #3437, #5815, .T. ) ;
#6915 = EDGE_CURVE ( 'NONE', #6598, #3624, #7532, .T. ) ;
#6916 = EDGE_CURVE ( 'NONE', #9416, #3917, #8624, .T. ) ;
#6917 = AXIS2_PLACEMENT_3D ( 'NONE', #9862, #4655, #444 ) ;
#6918 = CARTESIAN_POINT ( 'NONE',  ( -2.500000000000000888, 0.6716990566028309129, -1.874999999999999778 ) ) ;
#6919 = CARTESIAN_POINT ( 'NONE',  ( -1.624999999999999334, 0.2000000000000000111, -2.500000000000000444 ) ) ;
#6920 = CYLINDRICAL_SURFACE ( 'NONE', #10720, 0.1250000000000000000 ) ;
#6922 = ORIENTED_EDGE ( 'NONE', *, *, #2505, .F. ) ;
#6921 = CARTESIAN_POINT ( 'NONE',  ( 2.225000000000000533, 0.1999999999999999833, 0.8750000000000001110 ) ) ;
#6923 = CARTESIAN_POINT ( 'NONE',  ( 1.125000000000000666, 0.1999999999999999833, -2.225000000000000977 ) ) ;
#6924 = ORIENTED_EDGE ( 'NONE', *, *, #9557, .T. ) ;
#6925 = ORIENTED_EDGE ( 'NONE', *, *, #6852, .T. ) ;
#6926 = DIRECTION ( 'NONE',  ( -0.000000000000000000, -1.000000000000000000, 0.000000000000000000 ) ) ;
#6927 = ORIENTED_EDGE ( 'NONE', *, *, #10896, .T. ) ;
#6928 = CARTESIAN_POINT ( 'NONE',  ( -1.874999999999999334, 0.1999999999999999833, -2.500000000000000444 ) ) ;
#6929 = DIRECTION ( 'NONE',  ( -0.000000000000000000, -1.000000000000000000, 0.000000000000000000 ) ) ;
#6930 = EDGE_CURVE ( 'NONE', #8548, #195, #10939, .T. ) ;
#6931 = ORIENTED_EDGE ( 'NONE', *, *, #1806, .F. ) ;
#6932 = DIRECTION ( 'NONE',  ( -2.365532012695642273E-15, 0.000000000000000000, -1.000000000000000000 ) ) ;
#6933 = ORIENTED_EDGE ( 'NONE', *, *, #3304, .T. ) ;
#6934 = ORIENTED_EDGE ( 'NONE', *, *, #1158, .T. ) ;
#6935 = PLANE ( 'NONE',  #4811 ) ;
#6936 = ORIENTED_EDGE ( 'NONE', *, *, #8952, .T. ) ;
#6937 = CARTESIAN_POINT ( 'NONE',  ( -2.225000000000000533, 0.1999999999999999833, -0.3749999999999998890 ) ) ;
#6938 = CARTESIAN_POINT ( 'NONE',  ( 1.125000000000000888, 0.000000000000000000, 2.225000000000000977 ) ) ;
#6939 = LINE ( 'NONE', #9652, #3142 ) ;
#6940 = VECTOR ( 'NONE', #2946, 1000.000000000000000 ) ;
#6941 = PLANE ( 'NONE',  #8107 ) ;
#6942 = ADVANCED_FACE ( 'NONE', ( #3267 ), #3210, .T. ) ;
#6943 = VERTEX_POINT ( 'NONE', #10017 ) ;
#6944 = EDGE_CURVE ( 'NONE', #2477, #2320, #7426, .T. ) ;
#6945 = ORIENTED_EDGE ( 'NONE', *, *, #9903, .T. ) ;
#6946 = CARTESIAN_POINT ( 'NONE',  ( -2.500000000000000888, 0.6716990566028309129, -1.625000000000000000 ) ) ;
#6947 = PRODUCT_DEFINITION ( 'UNKNOWN', '', #319, #9771 ) ;
#6948 = DIRECTION ( 'NONE',  ( 0.000000000000000000, -1.000000000000000000, 0.000000000000000000 ) ) ;
#6949 = VERTEX_POINT ( 'NONE', #1712 ) ;
#6950 =( LENGTH_UNIT ( ) NAMED_UNIT ( * ) SI_UNIT ( .MILLI., .METRE. ) );
#6951 = AXIS2_PLACEMENT_3D ( 'NONE', #5131, #5917, #6074 ) ;
#6952 = CARTESIAN_POINT ( 'NONE',  ( 1.375000000000000888, 0.1999999999999999833, 2.225000000000000977 ) ) ;
#6953 = DIRECTION ( 'NONE',  ( 0.000000000000000000, -1.000000000000000000, 0.000000000000000000 ) ) ;
#6954 = VECTOR ( 'NONE', #8029, 1000.000000000000000 ) ;
#6955 = LINE ( 'NONE', #10322, #10827 ) ;
#6956 = DIRECTION ( 'NONE',  ( 0.000000000000000000, 1.000000000000000000, 0.000000000000000000 ) ) ;
#6957 = VECTOR ( 'NONE', #8757, 1000.000000000000000 ) ;
#6958 = VECTOR ( 'NONE', #427, 1000.000000000000000 ) ;
#6959 = CARTESIAN_POINT ( 'NONE',  ( -2.000000000000000888, 0.9000000000000000222, -2.000000000000000444 ) ) ;
#6960 = ORIENTED_EDGE ( 'NONE', *, *, #572, .F. ) ;
#6961 = ORIENTED_EDGE ( 'NONE', *, *, #1693, .T. ) ;
#6963 = ORIENTED_EDGE ( 'NONE', *, *, #10500, .T. ) ;
#6962 = LINE ( 'NONE', #7023, #9621 ) ;
#6964 = CARTESIAN_POINT ( 'NONE',  ( 2.225000000000000533, 0.1999999999999999833, 1.875000000000000222 ) ) ;
#6965 = CARTESIAN_POINT ( 'NONE',  ( 1.375000000000000888, 0.2000000000000000111, -2.500000000000000444 ) ) ;
#6967 = EDGE_LOOP ( 'NONE', ( #8039, #10570, #2861, #7701 ) ) ;
#6966 = CARTESIAN_POINT ( 'NONE',  ( 0.6250000000000014433, 0.000000000000000000, 2.500000000000001332 ) ) ;
#6968 = DIRECTION ( 'NONE',  ( 0.000000000000000000, -0.000000000000000000, 1.000000000000000000 ) ) ;
#6969 = AXIS2_PLACEMENT_3D ( 'NONE', #366, #3695, #9780 ) ;
#6970 = CARTESIAN_POINT ( 'NONE',  ( 2.500000000000000888, 0.04999999999999969746, 0.8750000000000001110 ) ) ;
#6971 = COLOUR_RGB ( '',0.7921568627450980005, 0.8196078431372548767, 0.9333333333333333481 ) ;
#6972 = CARTESIAN_POINT ( 'NONE',  ( -0.7999999999999992673, 3.169848480983500139, -1.050000000000000488 ) ) ;
#6973 = DIRECTION ( 'NONE',  ( 0.000000000000000000, 0.000000000000000000, -1.000000000000000000 ) ) ;
#6974 = CARTESIAN_POINT ( 'NONE',  ( -1.749999999999999334, 0.2000000000000000111, 2.225000000000000977 ) ) ;
#6976 = ORIENTED_EDGE ( 'NONE', *, *, #9903, .F. ) ;
#6975 = DIRECTION ( 'NONE',  ( -0.000000000000000000, -1.000000000000000000, -0.000000000000000000 ) ) ;
#6977 = EDGE_CURVE ( 'NONE', #836, #5151, #5086, .T. ) ;
#6978 = CARTESIAN_POINT ( 'NONE',  ( -2.225000000000000533, 0.000000000000000000, -1.375000000000000000 ) ) ;
#6980 = ORIENTED_EDGE ( 'NONE', *, *, #10352, .T. ) ;
#6979 = ADVANCED_FACE ( 'NONE', ( #40 ), #6590, .F. ) ;
#6981 = EDGE_LOOP ( 'NONE', ( #3983, #10412, #3378, #5817 ) ) ;
#6982 = CARTESIAN_POINT ( 'NONE',  ( 2.500000000000000888, 0.6716990566028309129, -1.625000000000000000 ) ) ;
#6983 = EDGE_LOOP ( 'NONE', ( #9129, #1263, #526, #10470 ) ) ;
#6984 = EDGE_CURVE ( 'NONE', #6365, #6783, #8306, .T. ) ;
#6985 = LINE ( 'NONE', #5321, #4872 ) ;
#6986 = DIRECTION ( 'NONE',  ( 0.000000000000000000, 0.000000000000000000, -1.000000000000000000 ) ) ;
#6987 = AXIS2_PLACEMENT_3D ( 'NONE', #9334, #3564, #8442 ) ;
#6988 = EDGE_CURVE ( 'NONE', #6402, #8835, #4091, .T. ) ;
#6989 = ORIENTED_EDGE ( 'NONE', *, *, #8846, .F. ) ;
#6990 = CARTESIAN_POINT ( 'NONE',  ( -0.7499999999999993339, 0.2000000000000000111, 2.225000000000000977 ) ) ;
#6991 = LINE ( 'NONE', #4382, #9680 ) ;
#6993 = ORIENTED_EDGE ( 'NONE', *, *, #1088, .F. ) ;
#6992 = EDGE_CURVE ( 'NONE', #4336, #10504, #2435, .T. ) ;
#6994 = VERTEX_POINT ( 'NONE', #9630 ) ;
#6995 = DIRECTION ( 'NONE',  ( 0.000000000000000000, -1.000000000000000000, 0.000000000000000000 ) ) ;
#6996 = VERTEX_POINT ( 'NONE', #9523 ) ;
#6997 = AXIS2_PLACEMENT_3D ( 'NONE', #6340, #9047, #10683 ) ;
#6998 = EDGE_CURVE ( 'NONE', #5800, #824, #1314, .T. ) ;
#6999 = PRESENTATION_STYLE_ASSIGNMENT (( #3776 ) ) ;
#7000 = DIRECTION ( 'NONE',  ( 1.000000000000000000, 0.000000000000000000, -2.365532012695642273E-15 ) ) ;
#7001 = EDGE_CURVE ( 'NONE', #8418, #6110, #3141, .T. ) ;
#7002 = CARTESIAN_POINT ( 'NONE',  ( 0.000000000000000000, 0.05000000000000000278, 1.875000000000000222 ) ) ;
#7003 = LINE ( 'NONE', #10361, #3318 ) ;
#7004 = STYLED_ITEM ( 'NONE', ( #6999 ), #5268 ) ;
#7005 = LINE ( 'NONE', #9597, #4918 ) ;
#7006 = VERTEX_POINT ( 'NONE', #3805 ) ;
#7007 = ORIENTED_EDGE ( 'NONE', *, *, #7526, .T. ) ;
#7008 = CARTESIAN_POINT ( 'NONE',  ( -0.2499999999999993616, 0.1999999999999999833, 2.225000000000000977 ) ) ;
#7009 = CARTESIAN_POINT ( 'NONE',  ( 0.1250000000000007494, 0.2000000000000000111, -2.500000000000000444 ) ) ;
#7010 = VERTEX_POINT ( 'NONE', #1990 ) ;
#7011 = CARTESIAN_POINT ( 'NONE',  ( -2.225000000000000533, 0.1999999999999999833, -1.250000000000000222 ) ) ;
#7012 = PLANE ( 'NONE',  #1365 ) ;
#7013 = AXIS2_PLACEMENT_3D ( 'NONE', #10290, #4375, #164 ) ;
#7014 = CARTESIAN_POINT ( 'NONE',  ( -0.2499999999999993616, 0.2000000000000000111, 2.225000000000000977 ) ) ;
#7015 = DIRECTION ( 'NONE',  ( 1.000000000000000000, 0.000000000000000000, 7.885106708985472271E-16 ) ) ;
#7016 = EDGE_CURVE ( 'NONE', #9157, #6873, #1198, .T. ) ;
#7017 = EDGE_CURVE ( 'NONE', #7850, #1595, #5312, .T. ) ;
#7018 = DIRECTION ( 'NONE',  ( 0.000000000000000000, -1.000000000000000000, 0.000000000000000000 ) ) ;
#7019 = VECTOR ( 'NONE', #10770, 1000.000000000000000 ) ;
#7020 = CARTESIAN_POINT ( 'NONE',  ( -1.874999999999999334, 0.2000000000000000111, 2.225000000000000977 ) ) ;
#7021 = VERTEX_POINT ( 'NONE', #7090 ) ;
#7022 = EDGE_LOOP ( 'NONE', ( #10356, #46, #2498, #3036 ) ) ;
#7024 = ORIENTED_EDGE ( 'NONE', *, *, #5011, .T. ) ;
#7023 = CARTESIAN_POINT ( 'NONE',  ( -2.499999999999999556, 0.05000000000000000278, 2.500000000000000444 ) ) ;
#7025 =( LENGTH_UNIT ( ) NAMED_UNIT ( * ) SI_UNIT ( .MILLI., .METRE. ) );
#7026 = DIRECTION ( 'NONE',  ( 2.365532012695649373E-15, 0.000000000000000000, 1.000000000000000000 ) ) ;
#7027 = DIRECTION ( 'NONE',  ( -1.000000000000000000, 0.000000000000000000, 1.734723475976807587E-16 ) ) ;
#7028 = FACE_OUTER_BOUND ( 'NONE', #2881, .T. ) ;
#7029 = FACE_OUTER_BOUND ( 'NONE', #1223, .T. ) ;
#7030 = AXIS2_PLACEMENT_3D ( 'NONE', #2358, #8289, #693 ) ;
#7031 = AXIS2_PLACEMENT_3D ( 'NONE', #9764, #2391, #10576 ) ;
#7032 = EDGE_CURVE ( 'NONE', #1626, #5805, #9686, .T. ) ;
#7033 = ADVANCED_FACE ( 'NONE', ( #8849 ), #6136, .T. ) ;
#7034 = LINE ( 'NONE', #1144, #1 ) ;
#7035 = CARTESIAN_POINT ( 'NONE',  ( 1.875000000000000888, 0.000000000000000000, -2.500000000000000444 ) ) ;
#7036 = AXIS2_PLACEMENT_3D ( 'NONE', #2378, #5756, #9137 ) ;
#7038 = DIRECTION ( 'NONE',  ( -0.000000000000000000, -1.000000000000000000, -0.000000000000000000 ) ) ;
#7037 = AXIS2_PLACEMENT_3D ( 'NONE', #4418, #7756, #5981 ) ;
#7039 = ORIENTED_EDGE ( 'NONE', *, *, #8037, .T. ) ;
#7040 = CARTESIAN_POINT ( 'NONE',  ( -2.500000000000000888, 0.6716990566028309129, 1.125000000000000444 ) ) ;
#7041 = ORIENTED_EDGE ( 'NONE', *, *, #7664, .F. ) ;
#7042 = EDGE_LOOP ( 'NONE', ( #7758, #1083, #5484, #45 ) ) ;
#7043 = DIRECTION ( 'NONE',  ( -1.000000000000000000, 0.000000000000000000, 0.000000000000000000 ) ) ;
#7044 = ORIENTED_EDGE ( 'NONE', *, *, #10619, .T. ) ;
#7045 = AXIS2_PLACEMENT_3D ( 'NONE', #44, #3435, #9199 ) ;
#7046 = PLANE ( 'NONE',  #10879 ) ;
#7047 = AXIS2_PLACEMENT_3D ( 'NONE', #6568, #2466, #5740 ) ;
#7048 = DIRECTION ( 'NONE',  ( 1.000000000000000000, -0.000000000000000000, 0.000000000000000000 ) ) ;
#7049 = AXIS2_PLACEMENT_3D ( 'NONE', #8685, #5527, #3861 ) ;
#7050 = VECTOR ( 'NONE', #7076, 1000.000000000000000 ) ;
#7051 = AXIS2_PLACEMENT_3D ( 'NONE', #3103, #8861, #6427 ) ;
#7052 = EDGE_LOOP ( 'NONE', ( #10516, #4546, #9045, #2300 ) ) ;
#7053 = DIRECTION ( 'NONE',  ( 0.000000000000000000, -1.000000000000000000, 0.000000000000000000 ) ) ;
#7054 = DIRECTION ( 'NONE',  ( 1.000000000000000000, 0.000000000000000000, 7.885106708985472271E-16 ) ) ;
#7055 = ORIENTED_EDGE ( 'NONE', *, *, #144, .T. ) ;
#7056 = VERTEX_POINT ( 'NONE', #2102 ) ;
#7057 = DIRECTION ( 'NONE',  ( 0.000000000000000000, 1.000000000000000000, 0.000000000000000000 ) ) ;
#7058 = ORIENTED_EDGE ( 'NONE', *, *, #4197, .T. ) ;
#7059 =( NAMED_UNIT ( * ) PLANE_ANGLE_UNIT ( ) SI_UNIT ( $, .RADIAN. ) );
#7060 = DIRECTION ( 'NONE',  ( 0.000000000000000000, -1.000000000000000000, 0.000000000000000000 ) ) ;
#7061 = AXIS2_PLACEMENT_3D ( 'NONE', #347, #10365, #3781 ) ;
#7062 = CARTESIAN_POINT ( 'NONE',  ( 2.500000000000000888, 0.000000000000000000, 1.625000000000000444 ) ) ;
#7063 = EDGE_CURVE ( 'NONE', #5632, #1337, #2262, .T. ) ;
#7064 = EDGE_CURVE ( 'NONE', #580, #10348, #2045, .T. ) ;
#7065 = CARTESIAN_POINT ( 'NONE',  ( -1.749999999999999334, 0.2000000000000000111, -2.225000000000000977 ) ) ;
#7066 = VERTEX_POINT ( 'NONE', #8073 ) ;
#7067 = ORIENTED_EDGE ( 'NONE', *, *, #3162, .T. ) ;
#7068 = CARTESIAN_POINT ( 'NONE',  ( 1.625000000000000888, 0.2000000000000000111, 2.225000000000000977 ) ) ;
#7069 = CARTESIAN_POINT ( 'NONE',  ( -2.500000000000000888, 0.1999999999999999833, 0.8750000000000001110 ) ) ;
#7070 = ORIENTED_EDGE ( 'NONE', *, *, #6865, .T. ) ;
#7071 = SURFACE_SIDE_STYLE ('',( #9497 ) ) ;
#7072 = CARTESIAN_POINT ( 'NONE',  ( 2.500000000000000000, 0.2000000000000005107, -1.875000000000000888 ) ) ;
#7073 = LINE ( 'NONE', #299, #4364 ) ;
#7074 = DIRECTION ( 'NONE',  ( -1.000000000000000000, 0.000000000000000000, 3.469446951953614583E-15 ) ) ;
#7075 = EDGE_CURVE ( 'NONE', #9972, #6269, #5976, .T. ) ;
#7076 = DIRECTION ( 'NONE',  ( 1.000000000000000000, -0.000000000000000000, -1.734723475976807341E-16 ) ) ;
#7077 = CARTESIAN_POINT ( 'NONE',  ( -0.1249999999999992506, 0.2000000000000000111, -2.500000000000000444 ) ) ;
#7078 = ORIENTED_EDGE ( 'NONE', *, *, #6520, .F. ) ;
#7079 = ORIENTED_EDGE ( 'NONE', *, *, #9414, .T. ) ;
#7081 = ORIENTED_EDGE ( 'NONE', *, *, #7017, .F. ) ;
#7080 =( NAMED_UNIT ( * ) SI_UNIT ( $, .STERADIAN. ) SOLID_ANGLE_UNIT ( ) );
#7082 = CARTESIAN_POINT ( 'NONE',  ( 2.225000000000000533, 0.6716990566028309129, -1.125000000000000000 ) ) ;
#7083 = EDGE_CURVE ( 'NONE', #3295, #912, #260, .T. ) ;
#7084 = FILL_AREA_STYLE ('',( #3697 ) ) ;
#7085 = CARTESIAN_POINT ( 'NONE',  ( 0.6250000000000007772, 0.2000000000000000111, 2.225000000000000977 ) ) ;
#7086 = CARTESIAN_POINT ( 'NONE',  ( -2.500000000000000888, 0.1999999999999999833, -1.625000000000000000 ) ) ;
#7087 = CARTESIAN_POINT ( 'NONE',  ( 2.225000000000000533, 0.1999999999999999833, 0.2499999999999997780 ) ) ;
#7088 =( GEOMETRIC_REPRESENTATION_CONTEXT ( 3 ) GLOBAL_UNCERTAINTY_ASSIGNED_CONTEXT ( ( #4781 ) ) GLOBAL_UNIT_ASSIGNED_CONTEXT ( ( #7255, #3091, #8793 ) ) REPRESENTATION_CONTEXT ( 'NONE', 'WORKASPACE' ) );
#7089 = CARTESIAN_POINT ( 'NONE',  ( 2.225000000000000533, 0.6716990566028309129, -0.6249999999999998890 ) ) ;
#7091 = VECTOR ( 'NONE', #8178, 1000.000000000000000 ) ;
#7090 = CARTESIAN_POINT ( 'NONE',  ( 2.225000000000000533, 0.1999999999999999833, -1.875000000000000444 ) ) ;
#7092 = ORIENTED_EDGE ( 'NONE', *, *, #8734, .T. ) ;
#7093 = DIRECTION ( 'NONE',  ( 1.000000000000000000, -0.000000000000000000, 0.000000000000000000 ) ) ;
#7094 = ORIENTED_EDGE ( 'NONE', *, *, #7934, .T. ) ;
#7095 = ORIENTED_EDGE ( 'NONE', *, *, #7604, .T. ) ;
#7096 = FACE_OUTER_BOUND ( 'NONE', #2706, .T. ) ;
#7097 = ORIENTED_EDGE ( 'NONE', *, *, #684, .F. ) ;
#7098 = CARTESIAN_POINT ( 'NONE',  ( 1.375000000000001332, 0.000000000000000000, 2.500000000000000444 ) ) ;
#7099 = EDGE_CURVE ( 'NONE', #3445, #4762, #8450, .T. ) ;
#7100 = DIRECTION ( 'NONE',  ( -0.000000000000000000, -1.000000000000000000, -0.000000000000000000 ) ) ;
#7101 = AXIS2_PLACEMENT_3D ( 'NONE', #7292, #575, #9989 ) ;
#7102 = DIRECTION ( 'NONE',  ( -1.000000000000000000, 0.000000000000000000, 0.000000000000000000 ) ) ;
#7103 = CARTESIAN_POINT ( 'NONE',  ( 0.3750000000000007772, 0.1999999999999999833, -2.500000000000000444 ) ) ;
#7104 = ORIENTED_EDGE ( 'NONE', *, *, #7119, .T. ) ;
#7105 = ORIENTED_EDGE ( 'NONE', *, *, #1310, .F. ) ;
#7106 = DIRECTION ( 'NONE',  ( 0.000000000000000000, 0.000000000000000000, -1.000000000000000000 ) ) ;
#7107 = ORIENTED_EDGE ( 'NONE', *, *, #10159, .T. ) ;
#7108 = EDGE_CURVE ( 'NONE', #7710, #1493, #9872, .T. ) ;
#7109 = FILL_AREA_STYLE_COLOUR ( '', #1333 ) ;
#7110 = STYLED_ITEM ( 'NONE', ( #5314 ), #1437 ) ;
#7111 = DIRECTION ( 'NONE',  ( 1.000000000000000000, -0.000000000000000000, -0.000000000000000000 ) ) ;
#7112 = DIRECTION ( 'NONE',  ( -0.000000000000000000, -1.000000000000000000, -0.000000000000000000 ) ) ;
#7113 = CARTESIAN_POINT ( 'NONE',  ( 0.2500000000000006661, 0.6716990566028311349, 2.225000000000000977 ) ) ;
#7114 = ORIENTED_EDGE ( 'NONE', *, *, #9275, .T. ) ;
#7115 = ORIENTED_EDGE ( 'NONE', *, *, #81, .T. ) ;
#7116 = FACE_OUTER_BOUND ( 'NONE', #2565, .T. ) ;
#7117 = CARTESIAN_POINT ( 'NONE',  ( 1.124999999999995559, 0.05000000000000000278, -2.661223514282586661E-15 ) ) ;
#7118 = DIRECTION ( 'NONE',  ( -1.000000000000000000, 0.000000000000000000, -7.885106708985472271E-16 ) ) ;
#7119 = EDGE_CURVE ( 'NONE', #912, #4053, #7254, .T. ) ;
#7120 = DIRECTION ( 'NONE',  ( -0.000000000000000000, -1.000000000000000000, -0.000000000000000000 ) ) ;
#7121 = CARTESIAN_POINT ( 'NONE',  ( -0.2499999999999993616, 0.000000000000000000, 2.100000000000000533 ) ) ;
#7122 = EDGE_CURVE ( 'NONE', #6594, #974, #7199, .T. ) ;
#7123 = CARTESIAN_POINT ( 'NONE',  ( 1.375000000000000888, 0.6716990566028311349, -2.500000000000000444 ) ) ;
#7124 = UNCERTAINTY_MEASURE_WITH_UNIT (LENGTH_MEASURE( 1.000000000000000082E-05 ), #1621, 'distance_accuracy_value', 'NONE');
#7125 = ADVANCED_FACE ( 'NONE', ( #4476 ), #6362, .F. ) ;
#7126 = FACE_OUTER_BOUND ( 'NONE', #9633, .T. ) ;
#7127 = AXIS2_PLACEMENT_3D ( 'NONE', #6708, #2284, #3166 ) ;
#7128 = DIRECTION ( 'NONE',  ( -0.000000000000000000, -1.000000000000000000, -0.000000000000000000 ) ) ;
#7129 = LINE ( 'NONE', #8057, #7971 ) ;
#7130 = EDGE_LOOP ( 'NONE', ( #9364, #212, #2585, #8093 ) ) ;
#7131 = ORIENTED_EDGE ( 'NONE', *, *, #5630, .T. ) ;
#7132 = CIRCLE ( 'NONE', #10120, 0.1250000000000001110 ) ;
#7133 = CIRCLE ( 'NONE', #8532, 0.1250000000000001110 ) ;
#7135 = ORIENTED_EDGE ( 'NONE', *, *, #4745, .F. ) ;
#7134 = DIRECTION ( 'NONE',  ( 0.000000000000000000, 0.000000000000000000, 1.000000000000000000 ) ) ;
#7136 = CARTESIAN_POINT ( 'NONE',  ( 0.3750000000000007772, 0.05000000000000000278, 0.000000000000000000 ) ) ;
#7137 = EDGE_CURVE ( 'NONE', #10163, #8586, #317, .T. ) ;
#7138 = CARTESIAN_POINT ( 'NONE',  ( -2.225000000000000533, 0.1999999999999999833, -1.875000000000000000 ) ) ;
#7139 = CARTESIAN_POINT ( 'NONE',  ( -2.225000000000000533, 0.1999999999999999833, 0.3750000000000001110 ) ) ;
#7140 = CARTESIAN_POINT ( 'NONE',  ( 1.125000000000000888, 0.000000000000000000, -2.500000000000000444 ) ) ;
#7141 = EDGE_CURVE ( 'NONE', #6320, #7324, #2823, .T. ) ;
#7142 = FACE_OUTER_BOUND ( 'NONE', #2460, .T. ) ;
#7143 = AXIS2_PLACEMENT_3D ( 'NONE', #94, #6913, #9519 ) ;
#7144 = AXIS2_PLACEMENT_3D ( 'NONE', #904, #5114, #9224 ) ;
#7145 = DIRECTION ( 'NONE',  ( -1.000000000000000000, 0.000000000000000000, -7.885106708985472271E-16 ) ) ;
#7146 = DIRECTION ( 'NONE',  ( 0.000000000000000000, -0.000000000000000000, -1.000000000000000000 ) ) ;
#7147 = VECTOR ( 'NONE', #8157, 1000.000000000000000 ) ;
#7149 = ORIENTED_EDGE ( 'NONE', *, *, #10767, .F. ) ;
#7148 = FILL_AREA_STYLE_COLOUR ( '', #3028 ) ;
#7150 = DIRECTION ( 'NONE',  ( -1.000000000000000000, 0.000000000000000000, 2.365532012695649373E-15 ) ) ;
#7151 = ORIENTED_EDGE ( 'NONE', *, *, #3660, .F. ) ;
#7152 = VERTEX_POINT ( 'NONE', #4528 ) ;
#7153 = LINE ( 'NONE', #2990, #38 ) ;
#7154 = EDGE_LOOP ( 'NONE', ( #1673, #10557, #3980, #940 ) ) ;
#7155 = FACE_OUTER_BOUND ( 'NONE', #8944, .T. ) ;
#7156 = MECHANICAL_DESIGN_GEOMETRIC_PRESENTATION_REPRESENTATION (  '', ( #3431 ), #2717 ) ;
#7157 = CARTESIAN_POINT ( 'NONE',  ( -0.8749999999999994449, 0.04999999999999999584, -2.225000000000000977 ) ) ;
#7158 = PRESENTATION_LAYER_ASSIGNMENT (  '', '', ( #8557 ) ) ;
#7159 = EDGE_CURVE ( 'NONE', #7597, #10886, #5745, .T. ) ;
#7160 = ADVANCED_FACE ( 'NONE', ( #5583 ), #6630, .T. ) ;
#7161 = DIRECTION ( 'NONE',  ( 0.000000000000000000, 0.000000000000000000, 1.000000000000000000 ) ) ;
#7162 = LINE ( 'NONE', #9804, #10095 ) ;
#7163 = LINE ( 'NONE', #1840, #8441 ) ;
#7164 = ORIENTED_EDGE ( 'NONE', *, *, #4473, .T. ) ;
#7165 = VERTEX_POINT ( 'NONE', #4027 ) ;
#7166 = LINE ( 'NONE', #4713, #395 ) ;
#7167 = ORIENTED_EDGE ( 'NONE', *, *, #3870, .T. ) ;
#7168 = VECTOR ( 'NONE', #5460, 1000.000000000000000 ) ;
#7169 = CARTESIAN_POINT ( 'NONE',  ( -2.500000000000000888, 0.000000000000000000, -1.125000000000000000 ) ) ;
#7170 = FACE_OUTER_BOUND ( 'NONE', #9807, .T. ) ;
#7171 = ORIENTED_EDGE ( 'NONE', *, *, #9490, .T. ) ;
#7172 = ORIENTED_EDGE ( 'NONE', *, *, #5563, .F. ) ;
#7173 = DIRECTION ( 'NONE',  ( 1.000000000000000000, -0.000000000000000000, 0.000000000000000000 ) ) ;
#7174 = CARTESIAN_POINT ( 'NONE',  ( 1.375000000000000888, 0.2000000000000000111, -2.500000000000000444 ) ) ;
#7175 = SURFACE_SIDE_STYLE ('',( #8715 ) ) ;
#7176 = CARTESIAN_POINT ( 'NONE',  ( -2.225000000000000533, 0.000000000000000000, 0.1250000000000001110 ) ) ;
#7177 = CARTESIAN_POINT ( 'NONE',  ( 0.3750000000000007772, 0.6716990566028311349, -2.225000000000000977 ) ) ;
#7178 = DIRECTION ( 'NONE',  ( -0.000000000000000000, -1.000000000000000000, -0.000000000000000000 ) ) ;
#7179 = AXIS2_PLACEMENT_3D ( 'NONE', #6946, #8931, #5557 ) ;
#7180 = LINE ( 'NONE', #6348, #2433 ) ;
#7181 = DIRECTION ( 'NONE',  ( 0.000000000000000000, 0.000000000000000000, 1.000000000000000000 ) ) ;
#7182 = ORIENTED_EDGE ( 'NONE', *, *, #6474, .F. ) ;
#7183 = ORIENTED_EDGE ( 'NONE', *, *, #6209, .F. ) ;
#7184 = PRESENTATION_LAYER_ASSIGNMENT (  '', '', ( #452 ) ) ;
#7186 = ORIENTED_EDGE ( 'NONE', *, *, #6846, .T. ) ;
#7185 = DIRECTION ( 'NONE',  ( -1.000000000000000000, 0.000000000000000000, 2.365532012695649373E-15 ) ) ;
#7187 = FACE_OUTER_BOUND ( 'NONE', #443, .T. ) ;
#7188 = LINE ( 'NONE', #4521, #51 ) ;
#7189 = DIRECTION ( 'NONE',  ( 0.000000000000000000, -0.000000000000000000, 1.000000000000000000 ) ) ;
#7190 = CARTESIAN_POINT ( 'NONE',  ( 2.225000000000000533, 0.000000000000000000, 1.249999999999999778 ) ) ;
#7191 = CARTESIAN_POINT ( 'NONE',  ( 1.625000000000001332, 0.6716990566028311349, 2.500000000000001332 ) ) ;
#7192 = EDGE_CURVE ( 'NONE', #2338, #1388, #6286, .T. ) ;
#7193 = EDGE_CURVE ( 'NONE', #2524, #6429, #8293, .T. ) ;
#7194 = EDGE_CURVE ( 'NONE', #9336, #8104, #5576, .T. ) ;
#7195 = ADVANCED_FACE ( 'NONE', ( #5802 ), #7466, .F. ) ;
#7196 = VECTOR ( 'NONE', #5015, 1000.000000000000000 ) ;
#7197 = DIRECTION ( 'NONE',  ( 0.000000000000000000, 0.000000000000000000, -1.000000000000000000 ) ) ;
#7198 = VECTOR ( 'NONE', #96, 1000.000000000000000 ) ;
#7199 = LINE ( 'NONE', #1091, #10217 ) ;
#7201 = VERTEX_POINT ( 'NONE', #8126 ) ;
#7200 = PLANE ( 'NONE',  #1613 ) ;
#7202 = CARTESIAN_POINT ( 'NONE',  ( -2.225000000000000533, 0.000000000000000000, 0.3750000000000001110 ) ) ;
#7203 = EDGE_LOOP ( 'NONE', ( #5056, #8964, #8254, #6308 ) ) ;
#7204 = ORIENTED_EDGE ( 'NONE', *, *, #9759, .T. ) ;
#7205 = CARTESIAN_POINT ( 'NONE',  ( -2.500000000000000888, 0.000000000000000000, 1.125000000000000444 ) ) ;
#7206 = VERTEX_POINT ( 'NONE', #1471 ) ;
#7207 = VECTOR ( 'NONE', #9517, 1000.000000000000000 ) ;
#7208 = DIRECTION ( 'NONE',  ( 0.000000000000000000, 0.000000000000000000, -1.000000000000000000 ) ) ;
#7209 = DIRECTION ( 'NONE',  ( 0.000000000000000000, 1.000000000000000000, 0.000000000000000000 ) ) ;
#7210 = VECTOR ( 'NONE', #3356, 1000.000000000000000 ) ;
#7211 = ADVANCED_FACE ( 'NONE', ( #590 ), #5642, .T. ) ;
#7212 = EDGE_CURVE ( 'NONE', #340, #1475, #1588, .T. ) ;
#7213 = VECTOR ( 'NONE', #2569, 1000.000000000000000 ) ;
#7214 = VECTOR ( 'NONE', #2345, 1000.000000000000000 ) ;
#7215 = CARTESIAN_POINT ( 'NONE',  ( -0.3749999999999994449, 0.000000000000000000, -2.225000000000000977 ) ) ;
#7216 = EDGE_LOOP ( 'NONE', ( #2830, #9636, #1553, #1731 ) ) ;
#7217 = VECTOR ( 'NONE', #8361, 1000.000000000000000 ) ;
#7218 = DIRECTION ( 'NONE',  ( -1.000000000000000000, 0.000000000000000000, 0.000000000000000000 ) ) ;
#7219 = VECTOR ( 'NONE', #6612, 1000.000000000000000 ) ;
#7220 = LINE ( 'NONE', #1384, #300 ) ;
#7221 = VERTEX_POINT ( 'NONE', #9125 ) ;
#7222 = ORIENTED_EDGE ( 'NONE', *, *, #283, .T. ) ;
#7223 = DIRECTION ( 'NONE',  ( -1.000000000000000000, 0.000000000000000000, 0.000000000000000000 ) ) ;
#7224 = ORIENTED_EDGE ( 'NONE', *, *, #10925, .T. ) ;
#7225 = DIRECTION ( 'NONE',  ( 0.000000000000000000, -1.000000000000000000, 0.000000000000000000 ) ) ;
#7226 = EDGE_CURVE ( 'NONE', #6943, #4249, #8755, .T. ) ;
#7227 = CIRCLE ( 'NONE', #8269, 0.1250000000000001110 ) ;
#7228 = CIRCLE ( 'NONE', #5455, 0.1250000000000001110 ) ;
#7229 = AXIS2_PLACEMENT_3D ( 'NONE', #124, #8546, #10855 ) ;
#7230 = CARTESIAN_POINT ( 'NONE',  ( 2.225000000000000533, 0.05000000000000002359, 1.375000000000000222 ) ) ;
#7231 = ORIENTED_EDGE ( 'NONE', *, *, #5918, .T. ) ;
#7232 = ORIENTED_EDGE ( 'NONE', *, *, #264, .T. ) ;
#7233 = DIRECTION ( 'NONE',  ( 1.000000000000000000, -0.000000000000000000, 0.000000000000000000 ) ) ;
#7234 = LINE ( 'NONE', #5558, #4477 ) ;
#7235 = VECTOR ( 'NONE', #2612, 1000.000000000000000 ) ;
#7236 = CARTESIAN_POINT ( 'NONE',  ( 2.500000000000000888, 0.000000000000000000, -0.6249999999999998890 ) ) ;
#7237 = LINE ( 'NONE', #7954, #658 ) ;
#7238 = EDGE_CURVE ( 'NONE', #2119, #3914, #4910, .T. ) ;
#7240 = EDGE_CURVE ( 'NONE', #4271, #6758, #3032, .T. ) ;
#7239 = CLOSED_SHELL ( 'NONE', ( #10755, #9194, #1681, #4572, #8873, #6715 ) ) ;
#7241 = FACE_OUTER_BOUND ( 'NONE', #9917, .T. ) ;
#7242 = CARTESIAN_POINT ( 'NONE',  ( 2.500000000000000888, 0.04999999999999969746, 1.625000000000000444 ) ) ;
#7243 = DIRECTION ( 'NONE',  ( -0.000000000000000000, -1.000000000000000000, -0.000000000000000000 ) ) ;
#7244 = EDGE_LOOP ( 'NONE', ( #10870, #4702, #738, #254 ) ) ;
#7245 = VERTEX_POINT ( 'NONE', #7417 ) ;
#7247 = VERTEX_POINT ( 'NONE', #10005 ) ;
#7246 = DIRECTION ( 'NONE',  ( -1.000000000000000000, 0.000000000000000000, 0.000000000000000000 ) ) ;
#7248 = DIRECTION ( 'NONE',  ( -1.000000000000000000, 0.000000000000000000, 0.000000000000000000 ) ) ;
#7249 = CARTESIAN_POINT ( 'NONE',  ( -0.3749999999999992228, 0.6716990566028311349, -2.500000000000000444 ) ) ;
#7250 = DIRECTION ( 'NONE',  ( 1.000000000000000000, -0.000000000000000000, -3.469446951953614189E-15 ) ) ;
#7251 = VECTOR ( 'NONE', #2377, 1000.000000000000000 ) ;
#7252 = FACE_OUTER_BOUND ( 'NONE', #5000, .T. ) ;
#7253 = DIRECTION ( 'NONE',  ( -0.000000000000000000, -1.000000000000000000, -0.000000000000000000 ) ) ;
#7254 = LINE ( 'NONE', #10447, #5083 ) ;
#7256 = ORIENTED_EDGE ( 'NONE', *, *, #10292, .T. ) ;
#7255 =( LENGTH_UNIT ( ) NAMED_UNIT ( * ) SI_UNIT ( .MILLI., .METRE. ) );
#7257 = CARTESIAN_POINT ( 'NONE',  ( 2.500000000000000888, 0.6716990566028309129, 0.6250000000000003331 ) ) ;
#7258 = VERTEX_POINT ( 'NONE', #2419 ) ;
#7259 = ORIENTED_EDGE ( 'NONE', *, *, #6397, .T. ) ;
#7260 = FACE_OUTER_BOUND ( 'NONE', #2891, .T. ) ;
#7261 = VERTEX_POINT ( 'NONE', #753 ) ;
#7262 = CARTESIAN_POINT ( 'NONE',  ( 2.225000000000000533, 0.1999999999999999833, 1.875000000000000222 ) ) ;
#7263 = DIRECTION ( 'NONE',  ( -0.000000000000000000, -1.000000000000000000, -0.000000000000000000 ) ) ;
#7264 = EDGE_CURVE ( 'NONE', #2601, #6352, #9017, .T. ) ;
#7265 = ADVANCED_FACE ( 'NONE', ( #3090 ), #10599, .T. ) ;
#7266 = EDGE_CURVE ( 'NONE', #8646, #1273, #4798, .T. ) ;
#7267 = VECTOR ( 'NONE', #800, 1000.000000000000000 ) ;
#7268 = CARTESIAN_POINT ( 'NONE',  ( 2.225000000000000533, 0.6716990566028309129, -1.250000000000000222 ) ) ;
#7269 = ORIENTED_EDGE ( 'NONE', *, *, #8154, .F. ) ;
#7270 = CARTESIAN_POINT ( 'NONE',  ( 2.500000000000000888, 0.000000000000000000, -0.6249999999999998890 ) ) ;
#7271 = LINE ( 'NONE', #2330, #6843 ) ;
#7272 = ORIENTED_EDGE ( 'NONE', *, *, #5957, .T. ) ;
#7273 = VERTEX_POINT ( 'NONE', #10704 ) ;
#7274 = CARTESIAN_POINT ( 'NONE',  ( -1.749999999999999334, 0.2000000000000000111, 2.225000000000000977 ) ) ;
#7275 = ORIENTED_EDGE ( 'NONE', *, *, #878, .T. ) ;
#7276 = FILL_AREA_STYLE_COLOUR ( '', #9300 ) ;
#7277 = LINE ( 'NONE', #4915, #7844 ) ;
#7278 = EDGE_CURVE ( 'NONE', #6949, #1375, #10762, .T. ) ;
#7279 = VECTOR ( 'NONE', #3953, 1000.000000000000000 ) ;
#7280 = MECHANICAL_DESIGN_GEOMETRIC_PRESENTATION_REPRESENTATION (  '', ( #7110 ), #2669 ) ;
#7281 = CARTESIAN_POINT ( 'NONE',  ( 1.750000000000000666, 0.04999999999999999584, 2.225000000000000977 ) ) ;
#7282 = EDGE_LOOP ( 'NONE', ( #5926, #5710, #3725, #1355 ) ) ;
#7283 = VERTEX_POINT ( 'NONE', #9949 ) ;
#7284 = LINE ( 'NONE', #9767, #2743 ) ;
#7285 = CARTESIAN_POINT ( 'NONE',  ( 2.225000000000000533, 0.1999999999999999833, -0.6249999999999998890 ) ) ;
#7286 = CYLINDRICAL_SURFACE ( 'NONE', #4023, 0.1250000000000001110 ) ;
#7287 = CARTESIAN_POINT ( 'NONE',  ( -2.225000000000000533, 0.6716990566028309129, 1.249999999999999778 ) ) ;
#7288 = DIRECTION ( 'NONE',  ( 0.000000000000000000, -0.000000000000000000, 1.000000000000000000 ) ) ;
#7289 = SURFACE_SIDE_STYLE ('',( #3895 ) ) ;
#7290 = ADVANCED_FACE ( 'NONE', ( #2364 ), #3622, .T. ) ;
#7291 = CARTESIAN_POINT ( 'NONE',  ( -0.7499999999999993339, 0.2000000000000000111, 2.225000000000000977 ) ) ;
#7292 = CARTESIAN_POINT ( 'NONE',  ( 0.2500000000000006661, 0.1999999999999999833, 2.225000000000000977 ) ) ;
#7293 = EDGE_LOOP ( 'NONE', ( #5949, #8362, #10559, #7986 ) ) ;
#7294 = EDGE_LOOP ( 'NONE', ( #9971, #705, #4272, #5399 ) ) ;
#7296 = VERTEX_POINT ( 'NONE', #5164 ) ;
#7295 =( NAMED_UNIT ( * ) SI_UNIT ( $, .STERADIAN. ) SOLID_ANGLE_UNIT ( ) );
#7297 = PRESENTATION_STYLE_ASSIGNMENT (( #581 ) ) ;
#7298 = CARTESIAN_POINT ( 'NONE',  ( -1.749999999999999334, 0.2000000000000000111, -2.225000000000000977 ) ) ;
#7299 = DIRECTION ( 'NONE',  ( -0.000000000000000000, -1.000000000000000000, -0.000000000000000000 ) ) ;
#7300 = PLANE ( 'NONE',  #9080 ) ;
#7301 = VECTOR ( 'NONE', #2430, 1000.000000000000000 ) ;
#7302 = AXIS2_PLACEMENT_3D ( 'NONE', #7274, #9590, #8041 ) ;
#7303 = EDGE_CURVE ( 'NONE', #365, #6365, #3976, .T. ) ;
#7304 = CARTESIAN_POINT ( 'NONE',  ( 0.2500000000000006661, 0.2000000000000000111, 2.225000000000000977 ) ) ;
#7305 = DIRECTION ( 'NONE',  ( -0.000000000000000000, -1.000000000000000000, -0.000000000000000000 ) ) ;
#7307 = VERTEX_POINT ( 'NONE', #7834 ) ;
#7306 = SURFACE_SIDE_STYLE ('',( #5584 ) ) ;
#7308 = DIRECTION ( 'NONE',  ( 0.000000000000000000, 0.000000000000000000, -1.000000000000000000 ) ) ;
#7309 = EDGE_LOOP ( 'NONE', ( #3097, #7947, #7, #8202 ) ) ;
#7310 = ORIENTED_EDGE ( 'NONE', *, *, #4469, .T. ) ;
#7311 = CARTESIAN_POINT ( 'NONE',  ( -1.749999999999999334, 0.2000000000000000111, 2.225000000000000977 ) ) ;
#7312 = ORIENTED_EDGE ( 'NONE', *, *, #6443, .T. ) ;
#7313 = CARTESIAN_POINT ( 'NONE',  ( 2.225000000000000533, 0.1999999999999999833, 0.8750000000000001110 ) ) ;
#7314 = FACE_OUTER_BOUND ( 'NONE', #279, .T. ) ;
#7315 = CIRCLE ( 'NONE', #8020, 0.1250000000000000000 ) ;
#7316 = VECTOR ( 'NONE', #10066, 1000.000000000000000 ) ;
#7317 = VECTOR ( 'NONE', #6555, 1000.000000000000000 ) ;
#7318 = CARTESIAN_POINT ( 'NONE',  ( -2.225000000000000533, 0.000000000000000000, 1.875000000000000222 ) ) ;
#7319 = ADVANCED_FACE ( 'NONE', ( #293 ), #5224, .T. ) ;
#7320 =( GEOMETRIC_REPRESENTATION_CONTEXT ( 3 ) GLOBAL_UNCERTAINTY_ASSIGNED_CONTEXT ( ( #59 ) ) GLOBAL_UNIT_ASSIGNED_CONTEXT ( ( #7409, #3082, #6567 ) ) REPRESENTATION_CONTEXT ( 'NONE', 'WORKASPACE' ) );
#7322 = ORIENTED_EDGE ( 'NONE', *, *, #4197, .F. ) ;
#7321 = CARTESIAN_POINT ( 'NONE',  ( 2.500000000000000000, 0.2000000000000005107, -0.8750000000000003331 ) ) ;
#7323 = PLANE ( 'NONE',  #3320 ) ;
#7324 = VERTEX_POINT ( 'NONE', #1175 ) ;
#7325 = ORIENTED_EDGE ( 'NONE', *, *, #10235, .F. ) ;
#7326 = PLANE ( 'NONE',  #7302 ) ;
#7327 = ORIENTED_EDGE ( 'NONE', *, *, #2127, .T. ) ;
#7328 = SURFACE_STYLE_USAGE ( .BOTH. , #10785 ) ;
#7329 = AXIS2_PLACEMENT_3D ( 'NONE', #5068, #3311, #9184 ) ;
#7330 = EDGE_CURVE ( 'NONE', #8221, #1516, #10869, .T. ) ;
#7331 = ADVANCED_FACE ( 'NONE', ( #4394 ), #6832, .F. ) ;
#7332 = EDGE_CURVE ( 'NONE', #163, #2664, #4447, .T. ) ;
#7333 = PRESENTATION_LAYER_ASSIGNMENT (  '', '', ( #1132 ) ) ;
#7334 = EDGE_CURVE ( 'NONE', #7201, #348, #10368, .T. ) ;
#7335 = CARTESIAN_POINT ( 'NONE',  ( -2.225000000000000533, 0.6716990566028309129, -1.875000000000000444 ) ) ;
#7336 = ORIENTED_EDGE ( 'NONE', *, *, #2123, .T. ) ;
#7337 = VERTEX_POINT ( 'NONE', #7068 ) ;
#7338 = DIRECTION ( 'NONE',  ( 0.000000000000000000, -1.000000000000000000, 0.000000000000000000 ) ) ;
#7339 = CARTESIAN_POINT ( 'NONE',  ( -0.6249999999999985567, 0.000000000000000000, 2.500000000000000444 ) ) ;
#7340 = FACE_OUTER_BOUND ( 'NONE', #8751, .T. ) ;
#7341 = CARTESIAN_POINT ( 'NONE',  ( -0.1249999999999992506, 0.2000000000000000111, -2.500000000000000444 ) ) ;
#7342 = CARTESIAN_POINT ( 'NONE',  ( 0.6250000000000007772, 0.04999999999999999584, 2.225000000000000977 ) ) ;
#7343 = DIRECTION ( 'NONE',  ( -0.000000000000000000, -1.000000000000000000, -0.000000000000000000 ) ) ;
#7344 = CARTESIAN_POINT ( 'NONE',  ( -1.124999999999998668, 0.000000000000000000, 2.500000000000000444 ) ) ;
#7345 = VERTEX_POINT ( 'NONE', #10209 ) ;
#7346 = ORIENTED_EDGE ( 'NONE', *, *, #5960, .T. ) ;
#7348 = ORIENTED_EDGE ( 'NONE', *, *, #9627, .T. ) ;
#7347 = DIRECTION ( 'NONE',  ( 1.000000000000000000, 0.000000000000000000, -7.885106708985472271E-16 ) ) ;
#7349 =( NAMED_UNIT ( * ) PLANE_ANGLE_UNIT ( ) SI_UNIT ( $, .RADIAN. ) );
#7350 = CARTESIAN_POINT ( 'NONE',  ( -1.749999999999999334, 0.2000000000000000111, -2.225000000000000977 ) ) ;
#7351 = AXIS2_PLACEMENT_3D ( 'NONE', #7443, #10144, #4222 ) ;
#7352 = CARTESIAN_POINT ( 'NONE',  ( 2.500000000000000000, 0.2000000000000005107, 0.6249999999999996669 ) ) ;
#7353 = CARTESIAN_POINT ( 'NONE',  ( 2.500000000000000888, 0.1999999999999999833, -1.125000000000000000 ) ) ;
#7354 = ADVANCED_FACE ( 'NONE', ( #6108 ), #8712, .T. ) ;
#7355 = EDGE_CURVE ( 'NONE', #6433, #5389, #8599, .T. ) ;
#7356 =( GEOMETRIC_REPRESENTATION_CONTEXT ( 3 ) GLOBAL_UNCERTAINTY_ASSIGNED_CONTEXT ( ( #839 ) ) GLOBAL_UNIT_ASSIGNED_CONTEXT ( ( #2302, #3297, #634 ) ) REPRESENTATION_CONTEXT ( 'NONE', 'WORKASPACE' ) );
#7357 = LINE ( 'NONE', #9229, #7267 ) ;
#7358 = CARTESIAN_POINT ( 'NONE',  ( 2.225000000000000533, 0.6716990566028309129, 1.624999999999999778 ) ) ;
#7360 = ORIENTED_EDGE ( 'NONE', *, *, #1559, .T. ) ;
#7359 = PLANE ( 'NONE',  #7804 ) ;
#7361 = DIRECTION ( 'NONE',  ( 0.000000000000000000, 1.000000000000000000, 0.000000000000000000 ) ) ;
#7362 = ORIENTED_EDGE ( 'NONE', *, *, #7766, .F. ) ;
#7363 = ORIENTED_EDGE ( 'NONE', *, *, #9712, .T. ) ;
#7364 = PLANE ( 'NONE',  #4472 ) ;
#7365 = VERTEX_POINT ( 'NONE', #1063 ) ;
#7366 = DIRECTION ( 'NONE',  ( -1.000000000000000000, 0.000000000000000000, -7.885106708985472271E-16 ) ) ;
#7367 = DIRECTION ( 'NONE',  ( 1.000000000000000000, 0.000000000000000000, -7.885106708985472271E-16 ) ) ;
#7368 = ADVANCED_FACE ( 'NONE', ( #1914 ), #182, .F. ) ;
#7369 = EDGE_CURVE ( 'NONE', #2599, #8330, #2627, .T. ) ;
#7370 = LINE ( 'NONE', #8141, #8979 ) ;
#7371 = VECTOR ( 'NONE', #9797, 1000.000000000000000 ) ;
#7373 = ORIENTED_EDGE ( 'NONE', *, *, #6128, .F. ) ;
#7372 = CARTESIAN_POINT ( 'NONE',  ( 2.500000000000000000, 0.05000000000000000278, 2.499999999999999556 ) ) ;
#7374 = DIRECTION ( 'NONE',  ( -0.000000000000000000, -1.000000000000000000, -0.000000000000000000 ) ) ;
#7375 = ORIENTED_EDGE ( 'NONE', *, *, #813, .T. ) ;
#7376 = EDGE_LOOP ( 'NONE', ( #3165, #10904, #6727, #2567 ) ) ;
#7377 = DIRECTION ( 'NONE',  ( 0.000000000000000000, 0.000000000000000000, 1.000000000000000000 ) ) ;
#7378 = EDGE_LOOP ( 'NONE', ( #2165, #1352, #7891, #8741 ) ) ;
#7379 = LINE ( 'NONE', #10733, #5904 ) ;
#7380 = VECTOR ( 'NONE', #3410, 1000.000000000000000 ) ;
#7381 = CIRCLE ( 'NONE', #833, 0.1250000000000001110 ) ;
#7382 = AXIS2_PLACEMENT_3D ( 'NONE', #583, #3799, #7963 ) ;
#7383 = CARTESIAN_POINT ( 'NONE',  ( -2.225000000000000533, 0.1999999999999999833, -0.3750000000000002220 ) ) ;
#7384 = VERTEX_POINT ( 'NONE', #8657 ) ;
#7385 = ORIENTED_EDGE ( 'NONE', *, *, #5781, .F. ) ;
#7386 = CARTESIAN_POINT ( 'NONE',  ( -2.500000000000000888, 0.000000000000000000, 1.875000000000000222 ) ) ;
#7387 = AXIS2_PLACEMENT_3D ( 'NONE', #6666, #6826, #3615 ) ;
#7388 = EDGE_CURVE ( 'NONE', #1337, #7258, #1798, .T. ) ;
#7389 = VECTOR ( 'NONE', #10239, 1000.000000000000000 ) ;
#7390 = LINE ( 'NONE', #7497, #5721 ) ;
#7391 = CARTESIAN_POINT ( 'NONE',  ( -2.225000000000000533, 0.1999999999999999833, 0.8750000000000001110 ) ) ;
#7392 = CARTESIAN_POINT ( 'NONE',  ( 1.125000000000001332, 0.04999999999999969746, 2.500000000000001332 ) ) ;
#7393 = AXIS2_PLACEMENT_3D ( 'NONE', #4640, #7150, #3863 ) ;
#7394 = AXIS2_PLACEMENT_3D ( 'NONE', #1969, #4451, #5115 ) ;
#7395 = LINE ( 'NONE', #8217, #8612 ) ;
#7396 = EDGE_CURVE ( 'NONE', #7562, #6598, #4334, .T. ) ;
#7397 = EDGE_CURVE ( 'NONE', #3712, #2072, #2677, .T. ) ;
#7398 = AXIS2_PLACEMENT_3D ( 'NONE', #3729, #2908, #1178 ) ;
#7399 = EDGE_CURVE ( 'NONE', #3453, #4424, #5341, .T. ) ;
#7400 = AXIS2_PLACEMENT_3D ( 'NONE', #8023, #5479, #9736 ) ;
#7401 = VECTOR ( 'NONE', #9409, 1000.000000000000000 ) ;
#7402 = DIRECTION ( 'NONE',  ( 0.000000000000000000, 1.000000000000000000, 0.000000000000000000 ) ) ;
#7403 = DIRECTION ( 'NONE',  ( 0.000000000000000000, 0.000000000000000000, 1.000000000000000000 ) ) ;
#7404 = ORIENTED_EDGE ( 'NONE', *, *, #8533, .F. ) ;
#7405 = ORIENTED_EDGE ( 'NONE', *, *, #909, .F. ) ;
#7407 = EDGE_LOOP ( 'NONE', ( #292, #876, #7815, #2217 ) ) ;
#7406 = DIRECTION ( 'NONE',  ( 0.000000000000000000, 0.000000000000000000, 1.000000000000000000 ) ) ;
#7408 = CARTESIAN_POINT ( 'NONE',  ( 2.500000000000000000, 9.071067811865477282, 2.499999999999999556 ) ) ;
#7409 =( LENGTH_UNIT ( ) NAMED_UNIT ( * ) SI_UNIT ( .MILLI., .METRE. ) );
#7410 = LINE ( 'NONE', #5058, #4376 ) ;
#7411 = DIRECTION ( 'NONE',  ( 1.000000000000000000, -0.000000000000000000, 1.032573497605242471E-16 ) ) ;
#7412 = CARTESIAN_POINT ( 'NONE',  ( -1.749999999999999334, 0.2000000000000000111, -2.225000000000000977 ) ) ;
#7413 = ADVANCED_FACE ( 'NONE', ( #6892 ), #6052, .F. ) ;
#7414 = DIRECTION ( 'NONE',  ( 0.000000000000000000, 1.000000000000000000, 0.000000000000000000 ) ) ;
#7415 = EDGE_CURVE ( 'NONE', #10398, #4708, #5754, .T. ) ;
#7416 = EDGE_LOOP ( 'NONE', ( #7833, #8994 ) ) ;
#7417 = CARTESIAN_POINT ( 'NONE',  ( 2.225000000000000533, 0.000000000000000000, 0.8750000000000001110 ) ) ;
#7418 = VERTEX_POINT ( 'NONE', #10471 ) ;
#7419 = DIRECTION ( 'NONE',  ( 8.673617379884034239E-17, -0.000000000000000000, 1.000000000000000000 ) ) ;
#7420 = ORIENTED_EDGE ( 'NONE', *, *, #5897, .F. ) ;
#7421 = DIRECTION ( 'NONE',  ( 0.000000000000000000, 0.000000000000000000, -1.000000000000000000 ) ) ;
#7422 = EDGE_LOOP ( 'NONE', ( #10711, #2580, #4659, #9441 ) ) ;
#7423 = LINE ( 'NONE', #4646, #7019 ) ;
#7424 = FACE_OUTER_BOUND ( 'NONE', #3849, .T. ) ;
#7425 = LINE ( 'NONE', #7531, #10575 ) ;
#7426 = LINE ( 'NONE', #3375, #2795 ) ;
#7427 = EDGE_CURVE ( 'NONE', #2524, #5128, #9998, .T. ) ;
#7429 = ORIENTED_EDGE ( 'NONE', *, *, #677, .T. ) ;
#7428 = DIRECTION ( 'NONE',  ( 1.000000000000000000, 0.000000000000000000, -0.000000000000000000 ) ) ;
#7430 = CARTESIAN_POINT ( 'NONE',  ( 2.500000000000000888, 0.1999999999999999833, 1.875000000000000222 ) ) ;
#7431 = ORIENTED_EDGE ( 'NONE', *, *, #8019, .F. ) ;
#7432 = VERTEX_POINT ( 'NONE', #350 ) ;
#7433 = FACE_OUTER_BOUND ( 'NONE', #7309, .T. ) ;
#7434 = ORIENTED_EDGE ( 'NONE', *, *, #7083, .F. ) ;
#7435 = FILL_AREA_STYLE ('',( #7276 ) ) ;
#7436 = DIRECTION ( 'NONE',  ( 0.000000000000000000, 0.000000000000000000, 1.000000000000000000 ) ) ;
#7437 = AXIS2_PLACEMENT_3D ( 'NONE', #4360, #2761, #6807 ) ;
#7438 = ADVANCED_FACE ( 'NONE', ( #564 ), #9657, .T. ) ;
#7439 = AXIS2_PLACEMENT_3D ( 'NONE', #7589, #10831, #10071 ) ;
#7440 = CARTESIAN_POINT ( 'NONE',  ( -0.3749999999999986122, 0.000000000000000000, 2.500000000000001332 ) ) ;
#7441 = VERTEX_POINT ( 'NONE', #4564 ) ;
#7442 = ORIENTED_EDGE ( 'NONE', *, *, #3677, .T. ) ;
#7443 = CARTESIAN_POINT ( 'NONE',  ( -1.749999999999999334, 0.2000000000000000111, -2.225000000000000977 ) ) ;
#7444 = VECTOR ( 'NONE', #1400, 1000.000000000000000 ) ;
#7445 = PLANE ( 'NONE',  #1114 ) ;
#7446 = DIRECTION ( 'NONE',  ( 0.000000000000000000, 0.000000000000000000, 1.000000000000000000 ) ) ;
#7447 = DIRECTION ( 'NONE',  ( 1.000000000000000000, 0.000000000000000000, -7.885106708985472271E-16 ) ) ;
#7448 = DIRECTION ( 'NONE',  ( 0.000000000000000000, 0.000000000000000000, 1.000000000000000000 ) ) ;
#7449 = CARTESIAN_POINT ( 'NONE',  ( 2.500000000000000000, 0.9999999999999991118, 2.499999999999999556 ) ) ;
#7450 = DIRECTION ( 'NONE',  ( -0.000000000000000000, -1.000000000000000000, -0.000000000000000000 ) ) ;
#7451 = EDGE_CURVE ( 'NONE', #33, #9319, #9716, .T. ) ;
#7452 = ORIENTED_EDGE ( 'NONE', *, *, #5672, .T. ) ;
#7453 = ORIENTED_EDGE ( 'NONE', *, *, #6714, .T. ) ;
#7454 = EDGE_CURVE ( 'NONE', #2198, #8311, #3727, .T. ) ;
#7456 = ORIENTED_EDGE ( 'NONE', *, *, #1087, .F. ) ;
#7455 = PRESENTATION_STYLE_ASSIGNMENT (( #7506 ) ) ;
#7457 = SURFACE_STYLE_USAGE ( .BOTH. , #1579 ) ;
#7458 = CARTESIAN_POINT ( 'NONE',  ( 2.225000000000000533, 0.000000000000000000, 0.3750000000000001110 ) ) ;
#7459 = FACE_OUTER_BOUND ( 'NONE', #8267, .T. ) ;
#7460 = ADVANCED_FACE ( 'NONE', ( #7116 ), #10581, .F. ) ;
#7461 = CARTESIAN_POINT ( 'NONE',  ( -0.1249999999999992506, 0.04999999999999969746, -2.500000000000000444 ) ) ;
#7462 = LINE ( 'NONE', #2312, #9910 ) ;
#7463 = EDGE_CURVE ( 'NONE', #6293, #3510, #2292, .T. ) ;
#7464 = ORIENTED_EDGE ( 'NONE', *, *, #6063, .F. ) ;
#7465 = VERTEX_POINT ( 'NONE', #3784 ) ;
#7466 = PLANE ( 'NONE',  #3629 ) ;
#7468 = ORIENTED_EDGE ( 'NONE', *, *, #4072, .T. ) ;
#7467 = CARTESIAN_POINT ( 'NONE',  ( 2.500000000000000888, 0.6716990566028309129, -1.374999999999999778 ) ) ;
#7469 = EDGE_CURVE ( 'NONE', #4322, #3327, #5616, .T. ) ;
#7470 = LINE ( 'NONE', #1590, #10702 ) ;
#7471 = VERTEX_POINT ( 'NONE', #8156 ) ;
#7472 = FACE_OUTER_BOUND ( 'NONE', #8812, .T. ) ;
#7474 = EDGE_LOOP ( 'NONE', ( #1716, #795, #1648, #2531 ) ) ;
#7473 = DIRECTION ( 'NONE',  ( -0.000000000000000000, -1.000000000000000000, -0.000000000000000000 ) ) ;
#7475 = CARTESIAN_POINT ( 'NONE',  ( -0.2499999999999993616, 0.6716990566028311349, 2.100000000000000533 ) ) ;
#7476 = CARTESIAN_POINT ( 'NONE',  ( -2.225000000000000533, 0.1999999999999999833, -0.6249999999999998890 ) ) ;
#7477 = VECTOR ( 'NONE', #5210, 1000.000000000000000 ) ;
#7478 = DIRECTION ( 'NONE',  ( 0.000000000000000000, -1.000000000000000000, 0.000000000000000000 ) ) ;
#7479 = CARTESIAN_POINT ( 'NONE',  ( 1.125000000000000666, 0.2000000000000000111, -2.225000000000000977 ) ) ;
#7481 = EDGE_LOOP ( 'NONE', ( #1589, #6351, #2576, #7094, #9493, #6934, #2158, #4013, #5644, #648, #3258, #1607, #8473, #3680, #7674, #6697, #6740, #3902, #2944, #10638, #3996, #1282, #1685, #4152, #9397, #4507, #6662, #7578, #3831, #6564, #6993, #4841, #2385, #235, #1065, #3021 ) ) ;
#7480 = CARTESIAN_POINT ( 'NONE',  ( 2.225000000000000533, 0.000000000000000000, -1.875000000000000000 ) ) ;
#7482 = LINE ( 'NONE', #9141, #9861 ) ;
#7483 = ORIENTED_EDGE ( 'NONE', *, *, #2816, .F. ) ;
#7484 = ORIENTED_EDGE ( 'NONE', *, *, #5109, .T. ) ;
#7485 = CARTESIAN_POINT ( 'NONE',  ( 0.3750000000000007772, 0.6716990566028311349, -2.500000000000000444 ) ) ;
#7486 = VECTOR ( 'NONE', #9745, 1000.000000000000000 ) ;
#7487 = ORIENTED_EDGE ( 'NONE', *, *, #2456, .T. ) ;
#7488 =( LENGTH_UNIT ( ) NAMED_UNIT ( * ) SI_UNIT ( .MILLI., .METRE. ) );
#7489 = AXIS2_PLACEMENT_3D ( 'NONE', #9473, #5260, #10130 ) ;
#7490 = EDGE_CURVE ( 'NONE', #8240, #6835, #7284, .T. ) ;
#7491 = VECTOR ( 'NONE', #2980, 1000.000000000000000 ) ;
#7492 = DIRECTION ( 'NONE',  ( 0.000000000000000000, -1.000000000000000000, 0.000000000000000000 ) ) ;
#7493 = ORIENTED_EDGE ( 'NONE', *, *, #3873, .F. ) ;
#7494 = ORIENTED_EDGE ( 'NONE', *, *, #10159, .F. ) ;
#7495 = CARTESIAN_POINT ( 'NONE',  ( 1.375000000000001332, 0.1999999999999999833, 2.500000000000000444 ) ) ;
#7496 = VECTOR ( 'NONE', #7060, 1000.000000000000000 ) ;
#7497 = CARTESIAN_POINT ( 'NONE',  ( -0.6249999999999985567, 0.6716990566028311349, 2.500000000000000444 ) ) ;
#7498 = FACE_OUTER_BOUND ( 'NONE', #8025, .T. ) ;
#7499 = AXIS2_PLACEMENT_3D ( 'NONE', #7011, #9040, #3686 ) ;
#7500 = LINE ( 'NONE', #1510, #5076 ) ;
#7501 = VECTOR ( 'NONE', #9291, 1000.000000000000000 ) ;
#7502 = DIRECTION ( 'NONE',  ( -1.000000000000000000, 0.000000000000000000, 7.885106708985472271E-16 ) ) ;
#7503 = CARTESIAN_POINT ( 'NONE',  ( 1.050000000000000044, 0.2000000000000000944, 1.050000000000000044 ) ) ;
#7504 = ORIENTED_EDGE ( 'NONE', *, *, #10878, .T. ) ;
#7505 = ORIENTED_EDGE ( 'NONE', *, *, #4032, .F. ) ;
#7507 = ORIENTED_EDGE ( 'NONE', *, *, #2505, .T. ) ;
#7506 = SURFACE_STYLE_USAGE ( .BOTH. , #9890 ) ;
#7508 = DIRECTION ( 'NONE',  ( 0.000000000000000000, 0.000000000000000000, -1.000000000000000000 ) ) ;
#7509 = DIRECTION ( 'NONE',  ( -0.000000000000000000, -1.000000000000000000, -0.000000000000000000 ) ) ;
#7510 = LINE ( 'NONE', #1583, #8085 ) ;
#7511 =( GEOMETRIC_REPRESENTATION_CONTEXT ( 3 ) GLOBAL_UNCERTAINTY_ASSIGNED_CONTEXT ( ( #5936 ) ) GLOBAL_UNIT_ASSIGNED_CONTEXT ( ( #10749, #4232, #5225 ) ) REPRESENTATION_CONTEXT ( 'NONE', 'WORKASPACE' ) );
#7512 = CARTESIAN_POINT ( 'NONE',  ( -1.749999999999999334, 0.2000000000000000111, 2.225000000000000977 ) ) ;
#7513 = LINE ( 'NONE', #911, #362 ) ;
#7514 = ORIENTED_EDGE ( 'NONE', *, *, #853, .F. ) ;
#7515 = ORIENTED_EDGE ( 'NONE', *, *, #4921, .T. ) ;
#7516 = VECTOR ( 'NONE', #7173, 1000.000000000000000 ) ;
#7517 = CARTESIAN_POINT ( 'NONE',  ( 2.225000000000000533, 0.6716990566028309129, 0.7499999999999997780 ) ) ;
#7518 = EDGE_LOOP ( 'NONE', ( #4769, #5446, #10661, #2061 ) ) ;
#7519 = DIRECTION ( 'NONE',  ( 0.000000000000000000, 0.000000000000000000, -1.000000000000000000 ) ) ;
#7520 = DIRECTION ( 'NONE',  ( 1.000000000000000000, -0.000000000000000000, 0.000000000000000000 ) ) ;
#7522 = EDGE_LOOP ( 'NONE', ( #8710, #209, #1454, #8310, #3864 ) ) ;
#7521 = CARTESIAN_POINT ( 'NONE',  ( 0.7500000000000006661, 0.2000000000000000111, 2.225000000000000977 ) ) ;
#7523 = ADVANCED_FACE ( 'NONE', ( #6280 ), #5507, .T. ) ;
#7524 = CARTESIAN_POINT ( 'NONE',  ( -0.7999999999999992673, 0.2000000000000000944, -1.050000000000000488 ) ) ;
#7525 = PLANE ( 'NONE',  #9945 ) ;
#7526 = EDGE_CURVE ( 'NONE', #1027, #3812, #7995, .T. ) ;
#7527 = ADVANCED_FACE ( 'NONE', ( #3116 ), #5459, .T. ) ;
#7528 = VECTOR ( 'NONE', #8334, 1000.000000000000000 ) ;
#7529 = ADVANCED_FACE ( 'NONE', ( #8825, #1284 ), #10526, .T. ) ;
#7530 = EDGE_CURVE ( 'NONE', #9553, #1043, #4668, .T. ) ;
#7531 = CARTESIAN_POINT ( 'NONE',  ( -2.956915015869565167E-16, 0.05000000000000000278, -0.3750000000000016098 ) ) ;
#7532 = LINE ( 'NONE', #9086, #1185 ) ;
#7534 = ORIENTED_EDGE ( 'NONE', *, *, #3468, .T. ) ;
#7533 = PLANE ( 'NONE',  #7629 ) ;
#7535 = FACE_OUTER_BOUND ( 'NONE', #6595, .T. ) ;
#7536 = VERTEX_POINT ( 'NONE', #2182 ) ;
#7537 = ORIENTED_EDGE ( 'NONE', *, *, #2042, .F. ) ;
#7538 = DIRECTION ( 'NONE',  ( -2.365532012695642273E-15, 0.000000000000000000, -1.000000000000000000 ) ) ;
#7539 = ORIENTED_EDGE ( 'NONE', *, *, #3842, .F. ) ;
#7540 = MECHANICAL_DESIGN_GEOMETRIC_PRESENTATION_REPRESENTATION (  '', ( #5233 ), #4526 ) ;
#7541 = CARTESIAN_POINT ( 'NONE',  ( -1.124999999999999334, 0.1999999999999999833, -2.500000000000000444 ) ) ;
#7542 = CARTESIAN_POINT ( 'NONE',  ( -0.6249999999999993339, 0.1999999999999999833, 2.225000000000000977 ) ) ;
#7543 = ADVANCED_FACE ( 'NONE', ( #1393 ), #8995, .T. ) ;
#7544 = VECTOR ( 'NONE', #8187, 1000.000000000000000 ) ;
#7545 = AXIS2_PLACEMENT_3D ( 'NONE', #1080, #196, #89 ) ;
#7546 = FACE_OUTER_BOUND ( 'NONE', #10196, .T. ) ;
#7547 = ORIENTED_EDGE ( 'NONE', *, *, #5942, .T. ) ;
#7548 = ADVANCED_FACE ( 'NONE', ( #4934 ), #840, .F. ) ;
#7549 = ORIENTED_EDGE ( 'NONE', *, *, #10135, .F. ) ;
#7550 = CARTESIAN_POINT ( 'NONE',  ( -0.6249999999999985567, 0.1999999999999999833, 2.500000000000000444 ) ) ;
#7551 = CARTESIAN_POINT ( 'NONE',  ( -2.225000000000000533, 0.1999999999999999833, -0.1249999999999998890 ) ) ;
#7552 = VECTOR ( 'NONE', #8228, 1000.000000000000000 ) ;
#7553 = DIRECTION ( 'NONE',  ( 0.000000000000000000, -1.000000000000000000, 0.000000000000000000 ) ) ;
#7554 = PLANE ( 'NONE',  #4890 ) ;
#7555 = AXIS2_PLACEMENT_3D ( 'NONE', #1614, #2449, #5879 ) ;
#7556 = VECTOR ( 'NONE', #2148, 1000.000000000000000 ) ;
#7557 = PRODUCT_CONTEXT ( 'NONE', #257, 'mechanical' ) ;
#7558 = VECTOR ( 'NONE', #461, 1000.000000000000000 ) ;
#7559 = AXIS2_PLACEMENT_3D ( 'NONE', #8325, #10687, #3122 ) ;
#7560 = DIRECTION ( 'NONE',  ( 0.000000000000000000, -1.000000000000000000, 0.000000000000000000 ) ) ;
#7561 = FACE_OUTER_BOUND ( 'NONE', #8416, .T. ) ;
#7562 = VERTEX_POINT ( 'NONE', #8427 ) ;
#7563 = ORIENTED_EDGE ( 'NONE', *, *, #81, .F. ) ;
#7564 = VECTOR ( 'NONE', #1551, 1000.000000000000000 ) ;
#7565 = EDGE_CURVE ( 'NONE', #6856, #10929, #9927, .T. ) ;
#7567 = ORIENTED_EDGE ( 'NONE', *, *, #6104, .T. ) ;
#7566 = FACE_OUTER_BOUND ( 'NONE', #6028, .T. ) ;
#7568 = EDGE_CURVE ( 'NONE', #4955, #8398, #9159, .T. ) ;
#7569 = VECTOR ( 'NONE', #8192, 1000.000000000000000 ) ;
#7570 = ORIENTED_EDGE ( 'NONE', *, *, #3631, .T. ) ;
#7571 = CARTESIAN_POINT ( 'NONE',  ( 2.225000000000000533, 0.000000000000000000, 0.6250000000000001110 ) ) ;
#7572 = CARTESIAN_POINT ( 'NONE',  ( -1.749999999999999334, 0.2000000000000000111, -2.225000000000000977 ) ) ;
#7573 = PLANE ( 'NONE',  #1830 ) ;
#7574 =( GEOMETRIC_REPRESENTATION_CONTEXT ( 3 ) GLOBAL_UNCERTAINTY_ASSIGNED_CONTEXT ( ( #7124 ) ) GLOBAL_UNIT_ASSIGNED_CONTEXT ( ( #1621, #8326, #4989 ) ) REPRESENTATION_CONTEXT ( 'NONE', 'WORKASPACE' ) );
#7575 = CIRCLE ( 'NONE', #9343, 0.1250000000000001110 ) ;
#7576 = DIRECTION ( 'NONE',  ( 0.000000000000000000, 0.000000000000000000, -1.000000000000000000 ) ) ;
#7577 = ORIENTED_EDGE ( 'NONE', *, *, #8529, .F. ) ;
#7578 = ORIENTED_EDGE ( 'NONE', *, *, #5826, .T. ) ;
#7579 = EDGE_CURVE ( 'NONE', #33, #3092, #1506, .T. ) ;
#7581 = VERTEX_POINT ( 'NONE', #8375 ) ;
#7580 =( LENGTH_UNIT ( ) NAMED_UNIT ( * ) SI_UNIT ( .MILLI., .METRE. ) );
#7582 = DIRECTION ( 'NONE',  ( 0.000000000000000000, 0.000000000000000000, -1.000000000000000000 ) ) ;
#7583 = DIRECTION ( 'NONE',  ( 0.000000000000000000, 0.000000000000000000, -1.000000000000000000 ) ) ;
#7585 = ORIENTED_EDGE ( 'NONE', *, *, #6988, .T. ) ;
#7584 = DIRECTION ( 'NONE',  ( -0.000000000000000000, 1.000000000000000000, -0.000000000000000000 ) ) ;
#7586 = CARTESIAN_POINT ( 'NONE',  ( 2.500000000000000000, 9.071067811865477282, 2.499999999999999556 ) ) ;
#7587 = AXIS2_PLACEMENT_3D ( 'NONE', #6660, #9156, #1672 ) ;
#7588 = FACE_OUTER_BOUND ( 'NONE', #4956, .T. ) ;
#7589 = CARTESIAN_POINT ( 'NONE',  ( -1.124999999999999334, 0.2000000000000000111, -2.500000000000000444 ) ) ;
#7590 = DIRECTION ( 'NONE',  ( -0.000000000000000000, -1.000000000000000000, -0.000000000000000000 ) ) ;
#7591 = DIRECTION ( 'NONE',  ( -1.000000000000000000, 0.000000000000000000, -0.000000000000000000 ) ) ;
#7593 = ORIENTED_EDGE ( 'NONE', *, *, #8631, .F. ) ;
#7592 = CARTESIAN_POINT ( 'NONE',  ( 2.500000000000000000, 9.071067811865477282, -2.500000000000000444 ) ) ;
#7594 = DIRECTION ( 'NONE',  ( 0.000000000000000000, 0.000000000000000000, 1.000000000000000000 ) ) ;
#7596 = VERTEX_POINT ( 'NONE', #3284 ) ;
#7595 = ADVANCED_FACE ( 'NONE', ( #9983 ), #10847, .F. ) ;
#7597 = VERTEX_POINT ( 'NONE', #7550 ) ;
#7598 = FACE_OUTER_BOUND ( 'NONE', #9889, .T. ) ;
#7599 = ORIENTED_EDGE ( 'NONE', *, *, #10488, .T. ) ;
#7600 = EDGE_CURVE ( 'NONE', #4010, #365, #87, .T. ) ;
#7601 = CARTESIAN_POINT ( 'NONE',  ( 2.225000000000000533, 0.05000000000000002359, 0.8750000000000001110 ) ) ;
#7602 = EDGE_CURVE ( 'NONE', #770, #1273, #9209, .T. ) ;
#7603 = CARTESIAN_POINT ( 'NONE',  ( -2.500000000000000888, 0.1999999999999999833, -1.125000000000000000 ) ) ;
#7605 = VERTEX_POINT ( 'NONE', #4106 ) ;
#7604 = EDGE_CURVE ( 'NONE', #9765, #4063, #784, .T. ) ;
#7606 = ORIENTED_EDGE ( 'NONE', *, *, #3398, .F. ) ;
#7607 = UNCERTAINTY_MEASURE_WITH_UNIT (LENGTH_MEASURE( 1.000000000000000082E-05 ), #5277, 'distance_accuracy_value', 'NONE');
#7608 = DIRECTION ( 'NONE',  ( 0.000000000000000000, 1.000000000000000000, 0.000000000000000000 ) ) ;
#7609 = DIRECTION ( 'NONE',  ( -0.000000000000000000, -0.000000000000000000, 1.000000000000000000 ) ) ;
#7610 = DIRECTION ( 'NONE',  ( 0.000000000000000000, 0.000000000000000000, -1.000000000000000000 ) ) ;
#7611 = CARTESIAN_POINT ( 'NONE',  ( -2.225000000000000533, 0.000000000000000000, -0.1249999999999998890 ) ) ;
#7612 = CIRCLE ( 'NONE', #5313, 0.1250000000000001110 ) ;
#7613 = CARTESIAN_POINT ( 'NONE',  ( -2.225000000000000533, 0.000000000000000000, 1.125000000000000222 ) ) ;
#7614 = DIRECTION ( 'NONE',  ( -0.000000000000000000, -1.000000000000000000, -0.000000000000000000 ) ) ;
#7615 = ORIENTED_EDGE ( 'NONE', *, *, #4069, .F. ) ;
#7616 = EDGE_LOOP ( 'NONE', ( #8360, #16, #4960, #1192, #4408 ) ) ;
#7618 = ORIENTED_EDGE ( 'NONE', *, *, #1313, .T. ) ;
#7617 =( LENGTH_UNIT ( ) NAMED_UNIT ( * ) SI_UNIT ( .MILLI., .METRE. ) );
#7619 = AXIS2_PLACEMENT_3D ( 'NONE', #9965, #9911, #2537 ) ;
#7620 = ORIENTED_EDGE ( 'NONE', *, *, #8297, .T. ) ;
#7621 = PLANE ( 'NONE',  #6844 ) ;
#7622 = DIRECTION ( 'NONE',  ( -0.000000000000000000, -1.000000000000000000, -0.000000000000000000 ) ) ;
#7623 = DIRECTION ( 'NONE',  ( -1.000000000000000000, 0.000000000000000000, -0.000000000000000000 ) ) ;
#7624 = CIRCLE ( 'NONE', #7101, 0.1250000000000001110 ) ;
#7625 = EDGE_CURVE ( 'NONE', #3022, #4908, #620, .T. ) ;
#7626 = CARTESIAN_POINT ( 'NONE',  ( 1.625000000000000666, 0.6716990566028311349, -2.225000000000000977 ) ) ;
#7627 = VERTEX_POINT ( 'NONE', #7386 ) ;
#7628 = ORIENTED_EDGE ( 'NONE', *, *, #5918, .F. ) ;
#7629 = AXIS2_PLACEMENT_3D ( 'NONE', #6703, #10834, #6591 ) ;
#7631 = ORIENTED_EDGE ( 'NONE', *, *, #441, .F. ) ;
#7630 = FILL_AREA_STYLE ('',( #803 ) ) ;
#7632 = DIRECTION ( 'NONE',  ( -2.365532012695642273E-15, 0.000000000000000000, -1.000000000000000000 ) ) ;
#7633 = DIRECTION ( 'NONE',  ( 2.365532012695649373E-15, -0.000000000000000000, 1.000000000000000000 ) ) ;
#7635 = ORIENTED_EDGE ( 'NONE', *, *, #4363, .T. ) ;
#7634 = CARTESIAN_POINT ( 'NONE',  ( -2.500000000000000000, 0.2000000000000005107, -1.125000000000000222 ) ) ;
#7636 = DIRECTION ( 'NONE',  ( 1.000000000000000000, 0.000000000000000000, 0.000000000000000000 ) ) ;
#7637 = DIRECTION ( 'NONE',  ( 1.000000000000000000, 0.000000000000000000, 0.000000000000000000 ) ) ;
#7638 = EDGE_CURVE ( 'NONE', #311, #7245, #8882, .T. ) ;
#7639 = FACE_OUTER_BOUND ( 'NONE', #1883, .T. ) ;
#7640 = DIRECTION ( 'NONE',  ( -0.000000000000000000, 0.000000000000000000, 1.000000000000000000 ) ) ;
#7641 = CARTESIAN_POINT ( 'NONE',  ( -0.8749999999999992228, 0.1999999999999999833, -2.500000000000000444 ) ) ;
#7643 = VERTEX_POINT ( 'NONE', #10087 ) ;
#7642 = CARTESIAN_POINT ( 'NONE',  ( 1.250000000000000666, 0.6716990566028311349, 2.225000000000000977 ) ) ;
#7644 = DIRECTION ( 'NONE',  ( 0.000000000000000000, 1.000000000000000000, 0.000000000000000000 ) ) ;
#7645 = ORIENTED_EDGE ( 'NONE', *, *, #323, .F. ) ;
#7646 = EDGE_LOOP ( 'NONE', ( #9429, #58, #9076, #8443 ) ) ;
#7647 = CARTESIAN_POINT ( 'NONE',  ( 2.225000000000000533, 0.000000000000000000, -1.375000000000000444 ) ) ;
#7648 = ORIENTED_EDGE ( 'NONE', *, *, #9887, .F. ) ;
#7649 = DIRECTION ( 'NONE',  ( 0.000000000000000000, 0.000000000000000000, 1.000000000000000000 ) ) ;
#7650 =( NAMED_UNIT ( * ) SI_UNIT ( $, .STERADIAN. ) SOLID_ANGLE_UNIT ( ) );
#7651 = VECTOR ( 'NONE', #1844, 1000.000000000000000 ) ;
#7652 = ADVANCED_FACE ( 'NONE', ( #4828 ), #2500, .F. ) ;
#7653 = VECTOR ( 'NONE', #10188, 1000.000000000000000 ) ;
#7654 = VECTOR ( 'NONE', #5141, 1000.000000000000000 ) ;
#7655 = LINE ( 'NONE', #112, #9526 ) ;
#7656 = ORIENTED_EDGE ( 'NONE', *, *, #2675, .T. ) ;
#7657 = EDGE_LOOP ( 'NONE', ( #1784, #8131, #10626, #2471 ) ) ;
#7658 = LINE ( 'NONE', #8648, #5354 ) ;
#7659 = DIRECTION ( 'NONE',  ( 1.000000000000000000, -0.000000000000000000, -0.000000000000000000 ) ) ;
#7660 = CARTESIAN_POINT ( 'NONE',  ( -0.7499999999999993339, 0.04999999999999999584, 2.225000000000000977 ) ) ;
#7661 = FACE_OUTER_BOUND ( 'NONE', #2546, .T. ) ;
#7662 = VECTOR ( 'NONE', #6685, 1000.000000000000000 ) ;
#7663 = VECTOR ( 'NONE', #10804, 1000.000000000000000 ) ;
#7664 = EDGE_CURVE ( 'NONE', #3867, #1054, #6771, .T. ) ;
#7665 = EDGE_CURVE ( 'NONE', #5239, #10781, #8174, .T. ) ;
#7666 = EDGE_CURVE ( 'NONE', #10815, #2382, #9241, .T. ) ;
#7667 = VECTOR ( 'NONE', #3423, 1000.000000000000000 ) ;
#7668 = CARTESIAN_POINT ( 'NONE',  ( -0.1249999999999992506, 0.6716990566028311349, -2.500000000000000444 ) ) ;
#7669 = ORIENTED_EDGE ( 'NONE', *, *, #5109, .F. ) ;
#7670 = EDGE_LOOP ( 'NONE', ( #1718, #3079, #9706, #2291 ) ) ;
#7671 = CIRCLE ( 'NONE', #9610, 0.1250000000000001110 ) ;
#7672 = STYLED_ITEM ( 'NONE', ( #5291 ), #8939 ) ;
#7673 = DIRECTION ( 'NONE',  ( -0.000000000000000000, 1.000000000000000000, -0.000000000000000000 ) ) ;
#7674 = ORIENTED_EDGE ( 'NONE', *, *, #346, .F. ) ;
#7675 = LINE ( 'NONE', #10054, #937 ) ;
#7676 = DIRECTION ( 'NONE',  ( 0.000000000000000000, 1.000000000000000000, -0.000000000000000000 ) ) ;
#7677 = CARTESIAN_POINT ( 'NONE',  ( -0.7499999999999993339, 0.6716990566028311349, 2.225000000000000977 ) ) ;
#7678 = DIRECTION ( 'NONE',  ( 0.000000000000000000, -1.000000000000000000, 0.000000000000000000 ) ) ;
#7679 = EDGE_CURVE ( 'NONE', #10781, #10366, #2340, .T. ) ;
#7680 = DIRECTION ( 'NONE',  ( 0.000000000000000000, -1.000000000000000000, 0.000000000000000000 ) ) ;
#7681 = CARTESIAN_POINT ( 'NONE',  ( -2.225000000000000533, 0.000000000000000000, -1.625000000000000000 ) ) ;
#7682 = ORIENTED_EDGE ( 'NONE', *, *, #6992, .F. ) ;
#7683 = ORIENTED_EDGE ( 'NONE', *, *, #7063, .T. ) ;
#7684 = MECHANICAL_DESIGN_GEOMETRIC_PRESENTATION_REPRESENTATION (  '', ( #6272 ), #10498 ) ;
#7686 = ORIENTED_EDGE ( 'NONE', *, *, #2055, .T. ) ;
#7685 =( NAMED_UNIT ( * ) SI_UNIT ( $, .STERADIAN. ) SOLID_ANGLE_UNIT ( ) );
#7687 = FILL_AREA_STYLE ('',( #5125 ) ) ;
#7688 = EDGE_CURVE ( 'NONE', #6110, #4928, #9103, .T. ) ;
#7689 = DIRECTION ( 'NONE',  ( -0.000000000000000000, -1.000000000000000000, -0.000000000000000000 ) ) ;
#7691 = VERTEX_POINT ( 'NONE', #10793 ) ;
#7690 = DIRECTION ( 'NONE',  ( -0.000000000000000000, -1.000000000000000000, -0.000000000000000000 ) ) ;
#7692 = CARTESIAN_POINT ( 'NONE',  ( -0.1249999999999992506, 0.000000000000000000, -2.225000000000000977 ) ) ;
#7693 = CARTESIAN_POINT ( 'NONE',  ( -1.624999999999999334, 0.04999999999999999584, -2.225000000000000977 ) ) ;
#7694 = LINE ( 'NONE', #3478, #3370 ) ;
#7695 = DIRECTION ( 'NONE',  ( -2.365532012695642273E-15, 0.000000000000000000, -1.000000000000000000 ) ) ;
#7696 = CYLINDRICAL_SURFACE ( 'NONE', #5618, 0.1250000000000001110 ) ;
#7698 = VERTEX_POINT ( 'NONE', #943 ) ;
#7697 = LINE ( 'NONE', #6137, #9394 ) ;
#7699 = CARTESIAN_POINT ( 'NONE',  ( -2.500000000000000888, 0.6716990566028309129, 0.1250000000000003331 ) ) ;
#7700 = ORIENTED_EDGE ( 'NONE', *, *, #7826, .T. ) ;
#7701 = ORIENTED_EDGE ( 'NONE', *, *, #2469, .F. ) ;
#7702 = CARTESIAN_POINT ( 'NONE',  ( -2.225000000000000533, 0.6716990566028309129, -1.125000000000000000 ) ) ;
#7703 = EDGE_LOOP ( 'NONE', ( #2674, #6830, #10064, #6477 ) ) ;
#7704 = ADVANCED_FACE ( 'NONE', ( #8486 ), #9482, .F. ) ;
#7705 = DIRECTION ( 'NONE',  ( 8.673617379884034239E-17, -0.000000000000000000, 1.000000000000000000 ) ) ;
#7706 = ADVANCED_FACE ( 'NONE', ( #9320 ), #4324, .F. ) ;
#7707 = SURFACE_STYLE_USAGE ( .BOTH. , #5322 ) ;
#7708 = AXIS2_PLACEMENT_3D ( 'NONE', #5041, #2452, #1443 ) ;
#7709 = CARTESIAN_POINT ( 'NONE',  ( 0.000000000000000000, 0.05000000000000000278, 0.3750000000000001110 ) ) ;
#7710 = VERTEX_POINT ( 'NONE', #4435 ) ;
#7711 = ORIENTED_EDGE ( 'NONE', *, *, #2816, .T. ) ;
#7712 = UNCERTAINTY_MEASURE_WITH_UNIT (LENGTH_MEASURE( 1.000000000000000082E-05 ), #7617, 'distance_accuracy_value', 'NONE');
#7713 = FACE_OUTER_BOUND ( 'NONE', #5178, .T. ) ;
#7714 =( NAMED_UNIT ( * ) SI_UNIT ( $, .STERADIAN. ) SOLID_ANGLE_UNIT ( ) );
#7715 = CARTESIAN_POINT ( 'NONE',  ( -2.225000000000000533, 0.6716990566028309129, 0.7499999999999997780 ) ) ;
#7716 = DIRECTION ( 'NONE',  ( 0.000000000000000000, -0.000000000000000000, 1.000000000000000000 ) ) ;
#7717 = DIRECTION ( 'NONE',  ( 1.000000000000000000, 0.000000000000000000, -0.000000000000000000 ) ) ;
#7718 = AXIS2_PLACEMENT_3D ( 'NONE', #6205, #3546, #1998 ) ;
#7719 = VECTOR ( 'NONE', #3365, 1000.000000000000000 ) ;
#7720 = FACE_OUTER_BOUND ( 'NONE', #5659, .T. ) ;
#7721 = ORIENTED_EDGE ( 'NONE', *, *, #7944, .F. ) ;
#7722 = VERTEX_POINT ( 'NONE', #1734 ) ;
#7723 = DIRECTION ( 'NONE',  ( 0.000000000000000000, 0.000000000000000000, -1.000000000000000000 ) ) ;
#7724 = CIRCLE ( 'NONE', #5053, 0.1250000000000001110 ) ;
#7725 = ORIENTED_EDGE ( 'NONE', *, *, #4745, .T. ) ;
#7726 = ADVANCED_FACE ( 'NONE', ( #60 ), #6042, .F. ) ;
#7727 =( NAMED_UNIT ( * ) PLANE_ANGLE_UNIT ( ) SI_UNIT ( $, .RADIAN. ) );
#7728 = CARTESIAN_POINT ( 'NONE',  ( 1.874999999999995559, 0.05000000000000000278, -4.435372523804331875E-15 ) ) ;
#7729 = CARTESIAN_POINT ( 'NONE',  ( 2.500000000000000888, 0.04999999999999969746, 1.875000000000000222 ) ) ;
#7730 = EDGE_CURVE ( 'NONE', #2369, #8387, #4495, .T. ) ;
#7731 = AXIS2_PLACEMENT_3D ( 'NONE', #5607, #2584, #5967 ) ;
#7732 = PLANE ( 'NONE',  #764 ) ;
#7733 = DIRECTION ( 'NONE',  ( 0.000000000000000000, -0.000000000000000000, 1.000000000000000000 ) ) ;
#7734 = CIRCLE ( 'NONE', #2427, 0.1250000000000000000 ) ;
#7735 = VECTOR ( 'NONE', #4277, 1000.000000000000000 ) ;
#7736 = VECTOR ( 'NONE', #6932, 1000.000000000000000 ) ;
#7737 = VECTOR ( 'NONE', #622, 1000.000000000000000 ) ;
#7738 = DIRECTION ( 'NONE',  ( 0.000000000000000000, 1.000000000000000000, 0.000000000000000000 ) ) ;
#7739 = ORIENTED_EDGE ( 'NONE', *, *, #3188, .T. ) ;
#7740 = ORIENTED_EDGE ( 'NONE', *, *, #4213, .T. ) ;
#7742 = ORIENTED_EDGE ( 'NONE', *, *, #10876, .F. ) ;
#7741 = SURFACE_STYLE_USAGE ( .BOTH. , #6184 ) ;
#7743 = SURFACE_STYLE_USAGE ( .BOTH. , #8296 ) ;
#7744 = ADVANCED_FACE ( 'NONE', ( #7713 ), #2723, .F. ) ;
#7745 = CARTESIAN_POINT ( 'NONE',  ( 2.500000000000000888, 0.04999999999999969746, 0.6250000000000003331 ) ) ;
#7747 = ORIENTED_EDGE ( 'NONE', *, *, #3042, .T. ) ;
#7746 = CARTESIAN_POINT ( 'NONE',  ( 2.225000000000000533, 0.1999999999999999833, -1.125000000000000000 ) ) ;
#7748 = VECTOR ( 'NONE', #8488, 1000.000000000000000 ) ;
#7749 = CARTESIAN_POINT ( 'NONE',  ( -2.225000000000000533, 0.05000000000000002359, 0.7499999999999997780 ) ) ;
#7750 = CIRCLE ( 'NONE', #9873, 0.1250000000000001110 ) ;
#7751 = PLANE ( 'NONE',  #1637 ) ;
#7752 = AXIS2_PLACEMENT_3D ( 'NONE', #7755, #155, #3536 ) ;
#7753 = EDGE_CURVE ( 'NONE', #1493, #1108, #2667, .T. ) ;
#7754 = CARTESIAN_POINT ( 'NONE',  ( 1.375000000000001332, 0.2000000000000000111, 2.500000000000000444 ) ) ;
#7755 = CARTESIAN_POINT ( 'NONE',  ( -2.225000000000000533, 0.1999999999999999833, 0.7499999999999997780 ) ) ;
#7756 = DIRECTION ( 'NONE',  ( 0.000000000000000000, 0.000000000000000000, -1.000000000000000000 ) ) ;
#7758 = ORIENTED_EDGE ( 'NONE', *, *, #7108, .F. ) ;
#7757 = CARTESIAN_POINT ( 'NONE',  ( -2.500000000000000888, 0.000000000000000000, 0.8750000000000001110 ) ) ;
#7759 = CARTESIAN_POINT ( 'NONE',  ( -1.374999999999999334, 0.05000000000000000278, 0.000000000000000000 ) ) ;
#7760 = EDGE_LOOP ( 'NONE', ( #6709, #10891, #7336, #8981 ) ) ;
#7761 = EDGE_LOOP ( 'NONE', ( #7487, #5124, #4514, #8484 ) ) ;
#7762 = DIRECTION ( 'NONE',  ( 0.000000000000000000, 0.000000000000000000, -1.000000000000000000 ) ) ;
#7763 = ORIENTED_EDGE ( 'NONE', *, *, #8209, .T. ) ;
#7764 = DIRECTION ( 'NONE',  ( 0.000000000000000000, 0.000000000000000000, -1.000000000000000000 ) ) ;
#7765 = CLOSED_SHELL ( 'NONE', ( #744, #9041, #10114, #7211, #9451, #6979 ) ) ;
#7766 = EDGE_CURVE ( 'NONE', #4311, #8579, #7822, .T. ) ;
#7767 = VERTEX_POINT ( 'NONE', #2784 ) ;
#7768 = DIRECTION ( 'NONE',  ( 0.000000000000000000, -1.000000000000000000, 0.000000000000000000 ) ) ;
#7769 = ORIENTED_EDGE ( 'NONE', *, *, #7679, .T. ) ;
#7770 = VERTEX_POINT ( 'NONE', #6096 ) ;
#7771 = CARTESIAN_POINT ( 'NONE',  ( 2.225000000000000533, 0.6716990566028309129, -1.750000000000000222 ) ) ;
#7772 = DIRECTION ( 'NONE',  ( -7.885106708985472271E-16, 0.000000000000000000, 1.000000000000000000 ) ) ;
#7773 = PLANE ( 'NONE',  #2608 ) ;
#7774 = CARTESIAN_POINT ( 'NONE',  ( 1.750000000000000666, 0.000000000000000000, 2.225000000000000977 ) ) ;
#7775 = VECTOR ( 'NONE', #7806, 1000.000000000000000 ) ;
#7776 = CARTESIAN_POINT ( 'NONE',  ( 1.125000000000000888, 0.2000000000000000111, -2.500000000000000444 ) ) ;
#7777 = VERTEX_POINT ( 'NONE', #225 ) ;
#7778 = ORIENTED_EDGE ( 'NONE', *, *, #3618, .F. ) ;
#7779 = DIRECTION ( 'NONE',  ( -2.365532012695648978E-15, 0.000000000000000000, -1.000000000000000000 ) ) ;
#7780 = CARTESIAN_POINT ( 'NONE',  ( -1.050000000000000044, 0.2000000000000000944, -0.8000000000000022649 ) ) ;
#7781 = EDGE_LOOP ( 'NONE', ( #10764, #5326, #5515, #6961 ) ) ;
#7782 = PRESENTATION_STYLE_ASSIGNMENT (( #9337 ) ) ;
#7783 = LINE ( 'NONE', #2568, #3840 ) ;
#7784 = PLANE ( 'NONE',  #6134 ) ;
#7785 = CARTESIAN_POINT ( 'NONE',  ( -0.2499999999999993616, 0.000000000000000000, 2.225000000000000977 ) ) ;
#7786 = CARTESIAN_POINT ( 'NONE',  ( 1.374999999999995559, 0.05000000000000000278, -3.252606517456507386E-15 ) ) ;
#7787 = VECTOR ( 'NONE', #4241, 1000.000000000000000 ) ;
#7788 = EDGE_CURVE ( 'NONE', #4313, #5329, #7658, .T. ) ;
#7789 = ADVANCED_FACE ( 'NONE', ( #3552 ), #6935, .F. ) ;
#7790 = AXIS2_PLACEMENT_3D ( 'NONE', #6644, #9301, #10882 ) ;
#7791 = CARTESIAN_POINT ( 'NONE',  ( -1.374999999999999334, 0.000000000000000000, -2.500000000000000444 ) ) ;
#7792 = ORIENTED_EDGE ( 'NONE', *, *, #8569, .T. ) ;
#7793 = ORIENTED_EDGE ( 'NONE', *, *, #5975, .F. ) ;
#7794 = ORIENTED_EDGE ( 'NONE', *, *, #5348, .F. ) ;
#7795 = SURFACE_STYLE_USAGE ( .BOTH. , #2691 ) ;
#7796 = CARTESIAN_POINT ( 'NONE',  ( 2.225000000000000533, 0.1999999999999999833, 0.7499999999999997780 ) ) ;
#7798 = ORIENTED_EDGE ( 'NONE', *, *, #10912, .F. ) ;
#7797 = DIRECTION ( 'NONE',  ( 0.000000000000000000, 0.000000000000000000, -1.000000000000000000 ) ) ;
#7799 = CARTESIAN_POINT ( 'NONE',  ( 1.125000000000000666, 0.2000000000000005107, -2.500000000000000444 ) ) ;
#7800 = AXIS2_PLACEMENT_3D ( 'NONE', #309, #10484, #6233 ) ;
#7801 = DIRECTION ( 'NONE',  ( 1.000000000000000000, 0.000000000000000000, -7.885106708985472271E-16 ) ) ;
#7802 = EDGE_CURVE ( 'NONE', #7835, #337, #2616, .T. ) ;
#7803 = EDGE_CURVE ( 'NONE', #4762, #3407, #5993, .T. ) ;
#7804 = AXIS2_PLACEMENT_3D ( 'NONE', #5528, #8180, #9790 ) ;
#7805 = EDGE_CURVE ( 'NONE', #8210, #7605, #6156, .T. ) ;
#7806 = DIRECTION ( 'NONE',  ( 0.000000000000000000, 1.000000000000000000, 0.000000000000000000 ) ) ;
#7807 = LINE ( 'NONE', #3585, #8280 ) ;
#7808 = CARTESIAN_POINT ( 'NONE',  ( -2.500000000000000888, 0.1999999999999999833, 0.3750000000000001110 ) ) ;
#7810 = ORIENTED_EDGE ( 'NONE', *, *, #951, .F. ) ;
#7809 = DIRECTION ( 'NONE',  ( 0.000000000000000000, -1.000000000000000000, 0.000000000000000000 ) ) ;
#7811 = DIRECTION ( 'NONE',  ( 1.000000000000000000, 0.000000000000000000, 0.000000000000000000 ) ) ;
#7812 = ORIENTED_EDGE ( 'NONE', *, *, #3920, .T. ) ;
#7813 = ORIENTED_EDGE ( 'NONE', *, *, #9568, .F. ) ;
#7814 = DIRECTION ( 'NONE',  ( -2.365532012695648978E-15, 0.000000000000000000, -1.000000000000000000 ) ) ;
#7815 = ORIENTED_EDGE ( 'NONE', *, *, #6442, .T. ) ;
#7816 = CARTESIAN_POINT ( 'NONE',  ( -2.500000000000000888, 0.6716990566028309129, 1.875000000000000222 ) ) ;
#7817 = FACE_OUTER_BOUND ( 'NONE', #142, .T. ) ;
#7818 = CARTESIAN_POINT ( 'NONE',  ( 2.225000000000000533, 0.000000000000000000, 1.124999999999999778 ) ) ;
#7819 = DIRECTION ( 'NONE',  ( 0.000000000000000000, 1.000000000000000000, 0.000000000000000000 ) ) ;
#7820 = ORIENTED_EDGE ( 'NONE', *, *, #6850, .T. ) ;
#7821 = VERTEX_POINT ( 'NONE', #1956 ) ;
#7822 = LINE ( 'NONE', #4274, #7477 ) ;
#7823 = ORIENTED_EDGE ( 'NONE', *, *, #7238, .F. ) ;
#7824 = LINE ( 'NONE', #8869, #8583 ) ;
#7825 = CARTESIAN_POINT ( 'NONE',  ( -2.225000000000000533, 0.6716990566028309129, -1.625000000000000000 ) ) ;
#7826 = EDGE_CURVE ( 'NONE', #10004, #2813, #5331, .T. ) ;
#7827 = ADVANCED_FACE ( 'NONE', ( #5153 ), #9430, .F. ) ;
#7828 = CARTESIAN_POINT ( 'NONE',  ( 2.500000000000000000, 0.05000000000000000278, -2.500000000000000444 ) ) ;
#7829 = CARTESIAN_POINT ( 'NONE',  ( 0.6250000000000007772, 0.1999999999999999833, 2.225000000000000977 ) ) ;
#7830 = AXIS2_PLACEMENT_3D ( 'NONE', #1109, #10413, #5275 ) ;
#7831 = DIRECTION ( 'NONE',  ( -7.885106708985472271E-16, 0.000000000000000000, 1.000000000000000000 ) ) ;
#7832 = EDGE_LOOP ( 'NONE', ( #5430, #1153, #5469, #1994 ) ) ;
#7833 = ORIENTED_EDGE ( 'NONE', *, *, #8356, .T. ) ;
#7834 = CARTESIAN_POINT ( 'NONE',  ( -2.225000000000000533, 0.000000000000000000, 1.124999999999999778 ) ) ;
#7835 = VERTEX_POINT ( 'NONE', #8537 ) ;
#7836 = DIRECTION ( 'NONE',  ( -0.000000000000000000, -1.000000000000000000, -0.000000000000000000 ) ) ;
#7837 = DIRECTION ( 'NONE',  ( 0.000000000000000000, 0.000000000000000000, -1.000000000000000000 ) ) ;
#7838 = CARTESIAN_POINT ( 'NONE',  ( 2.225000000000000533, 0.1999999999999999833, 0.1250000000000001110 ) ) ;
#7839 = EDGE_CURVE ( 'NONE', #7770, #702, #3502, .T. ) ;
#7840 = AXIS2_PLACEMENT_3D ( 'NONE', #5429, #7043, #10506 ) ;
#7841 = ADVANCED_FACE ( 'NONE', ( #6379 ), #3774, .F. ) ;
#7842 = LINE ( 'NONE', #8663, #2535 ) ;
#7843 = DIRECTION ( 'NONE',  ( 0.000000000000000000, 0.000000000000000000, 1.000000000000000000 ) ) ;
#7844 = VECTOR ( 'NONE', #5072, 1000.000000000000000 ) ;
#7845 = VECTOR ( 'NONE', #10701, 1000.000000000000000 ) ;
#7846 = AXIS2_PLACEMENT_3D ( 'NONE', #7796, #5184, #10333 ) ;
#7847 = LINE ( 'NONE', #4295, #7787 ) ;
#7848 = ORIENTED_EDGE ( 'NONE', *, *, #10813, .F. ) ;
#7849 = ORIENTED_EDGE ( 'NONE', *, *, #6643, .T. ) ;
#7850 = VERTEX_POINT ( 'NONE', #9707 ) ;
#7851 = FACE_OUTER_BOUND ( 'NONE', #9715, .T. ) ;
#7852 = CARTESIAN_POINT ( 'NONE',  ( -1.124999999999998668, 0.6716990566028311349, 2.500000000000000444 ) ) ;
#7854 = ORIENTED_EDGE ( 'NONE', *, *, #991, .F. ) ;
#7853 = CARTESIAN_POINT ( 'NONE',  ( -2.225000000000000533, 0.000000000000000000, -1.875000000000000444 ) ) ;
#7855 = DIRECTION ( 'NONE',  ( -0.000000000000000000, 0.000000000000000000, 1.000000000000000000 ) ) ;
#7856 = VECTOR ( 'NONE', #4185, 1000.000000000000000 ) ;
#7857 = LINE ( 'NONE', #3532, #746 ) ;
#7858 = CIRCLE ( 'NONE', #3085, 0.1250000000000001110 ) ;
#7859 = DIRECTION ( 'NONE',  ( 0.000000000000000000, 0.000000000000000000, -1.000000000000000000 ) ) ;
#7860 = CARTESIAN_POINT ( 'NONE',  ( -1.749999999999999334, 0.04999999999999999584, 2.100000000000000533 ) ) ;
#7861 = EDGE_CURVE ( 'NONE', #5289, #8525, #1331, .T. ) ;
#7862 = DIRECTION ( 'NONE',  ( -2.365532012695642273E-15, 0.000000000000000000, -1.000000000000000000 ) ) ;
#7863 = ORIENTED_EDGE ( 'NONE', *, *, #3804, .F. ) ;
#7864 = DIRECTION ( 'NONE',  ( -1.000000000000000000, 0.000000000000000000, 0.000000000000000000 ) ) ;
#7865 = ORIENTED_EDGE ( 'NONE', *, *, #3658, .T. ) ;
#7866 = VERTEX_POINT ( 'NONE', #4548 ) ;
#7867 = CARTESIAN_POINT ( 'NONE',  ( -2.500000000000000888, 0.04999999999999969746, 1.375000000000000222 ) ) ;
#7868 = VERTEX_POINT ( 'NONE', #1164 ) ;
#7869 = DIRECTION ( 'NONE',  ( 0.000000000000000000, 0.000000000000000000, 1.000000000000000000 ) ) ;
#7870 = PLANE ( 'NONE',  #6614 ) ;
#7871 = EDGE_CURVE ( 'NONE', #5151, #1375, #1387, .T. ) ;
#7872 = EDGE_CURVE ( 'NONE', #1595, #1688, #6270, .T. ) ;
#7873 = VECTOR ( 'NONE', #4617, 1000.000000000000000 ) ;
#7874 = EDGE_CURVE ( 'NONE', #7627, #3354, #10463, .T. ) ;
#7875 = EDGE_LOOP ( 'NONE', ( #8868, #10300, #6106, #10225 ) ) ;
#7876 = CARTESIAN_POINT ( 'NONE',  ( -0.3749999999999994449, 0.04999999999999999584, -2.225000000000000977 ) ) ;
#7877 = CARTESIAN_POINT ( 'NONE',  ( 2.225000000000000533, 0.6716990566028309129, -1.375000000000000000 ) ) ;
#7878 = VERTEX_POINT ( 'NONE', #10673 ) ;
#7879 = ORIENTED_EDGE ( 'NONE', *, *, #8846, .T. ) ;
#7880 = DIRECTION ( 'NONE',  ( 0.000000000000000000, -0.000000000000000000, -1.000000000000000000 ) ) ;
#7881 = VERTEX_POINT ( 'NONE', #5549 ) ;
#7882 = VECTOR ( 'NONE', #6392, 1000.000000000000000 ) ;
#7883 = DIRECTION ( 'NONE',  ( -1.000000000000000000, 0.000000000000000000, 0.000000000000000000 ) ) ;
#7884 = EDGE_CURVE ( 'NONE', #2834, #417, #8753, .T. ) ;
#7885 = ADVANCED_FACE ( 'NONE', ( #8148 ), #5390, .F. ) ;
#7886 = CARTESIAN_POINT ( 'NONE',  ( -0.3749999999999992228, 0.2000000000000000111, -2.500000000000000444 ) ) ;
#7887 =( GEOMETRIC_REPRESENTATION_CONTEXT ( 3 ) GLOBAL_UNCERTAINTY_ASSIGNED_CONTEXT ( ( #7607 ) ) GLOBAL_UNIT_ASSIGNED_CONTEXT ( ( #5277, #7059, #1227 ) ) REPRESENTATION_CONTEXT ( 'NONE', 'WORKASPACE' ) );
#7888 = EDGE_CURVE ( 'NONE', #5385, #10273, #4460, .T. ) ;
#7889 = DIRECTION ( 'NONE',  ( -1.000000000000000000, 0.000000000000000000, -0.000000000000000000 ) ) ;
#7890 = ORIENTED_EDGE ( 'NONE', *, *, #1171, .T. ) ;
#7891 = ORIENTED_EDGE ( 'NONE', *, *, #9051, .F. ) ;
#7892 = DIRECTION ( 'NONE',  ( 0.000000000000000000, -1.000000000000000000, 0.000000000000000000 ) ) ;
#7893 = PLANE ( 'NONE',  #249 ) ;
#7894 = ORIENTED_EDGE ( 'NONE', *, *, #2646, .T. ) ;
#7895 = FILL_AREA_STYLE ('',( #2024 ) ) ;
#7896 = DIRECTION ( 'NONE',  ( 0.000000000000000000, -1.000000000000000000, 0.000000000000000000 ) ) ;
#7897 = DIRECTION ( 'NONE',  ( -1.000000000000000000, 0.000000000000000000, 7.885106708985472271E-16 ) ) ;
#7898 = DIRECTION ( 'NONE',  ( 0.000000000000000000, 0.000000000000000000, -1.000000000000000000 ) ) ;
#7899 = FACE_OUTER_BOUND ( 'NONE', #7522, .T. ) ;
#7900 = AXIS2_PLACEMENT_3D ( 'NONE', #6244, #5245, #5308 ) ;
#7901 = EDGE_CURVE ( 'NONE', #6368, #5646, #5445, .T. ) ;
#7902 = FACE_OUTER_BOUND ( 'NONE', #3995, .T. ) ;
#7903 = EDGE_LOOP ( 'NONE', ( #1698, #5318, #5139, #5928 ) ) ;
#7904 = ORIENTED_EDGE ( 'NONE', *, *, #6930, .F. ) ;
#7905 = ORIENTED_EDGE ( 'NONE', *, *, #2647, .T. ) ;
#7906 = STYLED_ITEM ( 'NONE', ( #6907 ), #5146 ) ;
#7907 = PRESENTATION_STYLE_ASSIGNMENT (( #7743 ) ) ;
#7908 = PLANE ( 'NONE',  #3946 ) ;
#7909 = CARTESIAN_POINT ( 'NONE',  ( -0.3749999999999992228, 0.2000000000000000111, -2.500000000000000444 ) ) ;
#7910 = CARTESIAN_POINT ( 'NONE',  ( 0.6250000000000014433, 0.6716990566028311349, 2.500000000000001332 ) ) ;
#7911 = DIRECTION ( 'NONE',  ( 0.000000000000000000, -1.000000000000000000, 0.000000000000000000 ) ) ;
#7912 = VECTOR ( 'NONE', #3838, 1000.000000000000000 ) ;
#7913 = AXIS2_PLACEMENT_3D ( 'NONE', #2005, #7819, #9587 ) ;
#7914 = VECTOR ( 'NONE', #3470, 1000.000000000000000 ) ;
#7915 = ADVANCED_FACE ( 'NONE', ( #2893 ), #7326, .F. ) ;
#7916 = DIRECTION ( 'NONE',  ( 0.000000000000000000, -0.000000000000000000, 1.000000000000000000 ) ) ;
#7917 = VECTOR ( 'NONE', #2874, 1000.000000000000000 ) ;
#7919 = DIRECTION ( 'NONE',  ( 0.000000000000000000, 0.000000000000000000, 1.000000000000000000 ) ) ;
#7918 = VECTOR ( 'NONE', #520, 1000.000000000000000 ) ;
#7921 = ORIENTED_EDGE ( 'NONE', *, *, #6984, .T. ) ;
#7920 =( NAMED_UNIT ( * ) SI_UNIT ( $, .STERADIAN. ) SOLID_ANGLE_UNIT ( ) );
#7922 = DIRECTION ( 'NONE',  ( -0.000000000000000000, 0.000000000000000000, -1.000000000000000000 ) ) ;
#7923 = EDGE_LOOP ( 'NONE', ( #5789, #5534, #7618, #9935 ) ) ;
#7924 = ORIENTED_EDGE ( 'NONE', *, *, #9825, .T. ) ;
#7925 = CARTESIAN_POINT ( 'NONE',  ( 1.375000000000000888, 0.04999999999999969746, -2.500000000000000444 ) ) ;
#7926 = ORIENTED_EDGE ( 'NONE', *, *, #413, .T. ) ;
#7927 = AXIS2_PLACEMENT_3D ( 'NONE', #9688, #3968, #10707 ) ;
#7928 = DIRECTION ( 'NONE',  ( 0.000000000000000000, -0.000000000000000000, 1.000000000000000000 ) ) ;
#7929 = DIRECTION ( 'NONE',  ( -1.000000000000000000, -0.000000000000000000, -7.885106708985472271E-16 ) ) ;
#7930 = VECTOR ( 'NONE', #6413, 1000.000000000000000 ) ;
#7931 = CIRCLE ( 'NONE', #136, 0.1250000000000001110 ) ;
#7932 = AXIS2_PLACEMENT_3D ( 'NONE', #9933, #4891, #8281 ) ;
#7933 = EDGE_CURVE ( 'NONE', #5186, #5761, #7166, .T. ) ;
#7934 = EDGE_CURVE ( 'NONE', #7878, #1213, #3823, .T. ) ;
#7935 = FACE_OUTER_BOUND ( 'NONE', #6798, .T. ) ;
#7936 = EDGE_CURVE ( 'NONE', #6584, #3009, #3003, .T. ) ;
#7937 = CARTESIAN_POINT ( 'NONE',  ( 1.250000000000000666, 0.1999999999999999833, 2.225000000000000977 ) ) ;
#7938 = EDGE_LOOP ( 'NONE', ( #2450, #6800, #7567, #7585 ) ) ;
#7939 = VERTEX_POINT ( 'NONE', #8922 ) ;
#7940 = DIRECTION ( 'NONE',  ( 0.000000000000000000, 0.000000000000000000, -1.000000000000000000 ) ) ;
#7941 = ORIENTED_EDGE ( 'NONE', *, *, #9152, .F. ) ;
#7942 = FACE_OUTER_BOUND ( 'NONE', #9525, .T. ) ;
#7943 = DIRECTION ( 'NONE',  ( 0.000000000000000000, 1.000000000000000000, 0.000000000000000000 ) ) ;
#7944 = EDGE_CURVE ( 'NONE', #3235, #9528, #3880, .T. ) ;
#7945 = EDGE_CURVE ( 'NONE', #5646, #2472, #3717, .T. ) ;
#7946 = DIRECTION ( 'NONE',  ( 0.000000000000000000, 0.000000000000000000, 1.000000000000000000 ) ) ;
#7947 = ORIENTED_EDGE ( 'NONE', *, *, #6034, .F. ) ;
#7948 = EDGE_LOOP ( 'NONE', ( #8978, #401, #4532, #384 ) ) ;
#7949 = DIRECTION ( 'NONE',  ( 0.000000000000000000, -1.000000000000000000, 0.000000000000000000 ) ) ;
#7950 = LINE ( 'NONE', #7117, #5021 ) ;
#7951 = CARTESIAN_POINT ( 'NONE',  ( 2.225000000000000533, 0.6716990566028309129, -1.625000000000000000 ) ) ;
#7952 = DIRECTION ( 'NONE',  ( -0.000000000000000000, -1.000000000000000000, -0.000000000000000000 ) ) ;
#7953 = CARTESIAN_POINT ( 'NONE',  ( -2.225000000000000533, 0.6716990566028309129, 0.8750000000000001110 ) ) ;
#7954 = CARTESIAN_POINT ( 'NONE',  ( 1.375000000000000888, 0.2000000000000000111, -2.500000000000000444 ) ) ;
#7955 = DIRECTION ( 'NONE',  ( 0.000000000000000000, 0.000000000000000000, -1.000000000000000000 ) ) ;
#7956 = DIRECTION ( 'NONE',  ( -0.000000000000000000, -1.000000000000000000, -0.000000000000000000 ) ) ;
#7957 = DIRECTION ( 'NONE',  ( -0.000000000000000000, -1.000000000000000000, -0.000000000000000000 ) ) ;
#7958 = ORIENTED_EDGE ( 'NONE', *, *, #110, .T. ) ;
#7959 = ORIENTED_EDGE ( 'NONE', *, *, #7872, .F. ) ;
#7961 = ORIENTED_EDGE ( 'NONE', *, *, #5772, .F. ) ;
#7960 = LINE ( 'NONE', #6292, #2376 ) ;
#7962 = DIRECTION ( 'NONE',  ( -1.000000000000000000, 0.000000000000000000, 0.000000000000000000 ) ) ;
#7963 = DIRECTION ( 'NONE',  ( -0.000000000000000000, 0.000000000000000000, -1.000000000000000000 ) ) ;
#7964 = DIRECTION ( 'NONE',  ( 0.000000000000000000, 0.000000000000000000, -1.000000000000000000 ) ) ;
#7965 = DIRECTION ( 'NONE',  ( 0.000000000000000000, 1.000000000000000000, -0.000000000000000000 ) ) ;
#7966 = EDGE_CURVE ( 'NONE', #5121, #7432, #8813, .T. ) ;
#7967 = EDGE_CURVE ( 'NONE', #1262, #9480, #7987, .T. ) ;
#7968 = VECTOR ( 'NONE', #9788, 1000.000000000000000 ) ;
#7969 = CARTESIAN_POINT ( 'NONE',  ( 2.225000000000000533, 0.000000000000000000, 0.6249999999999996669 ) ) ;
#7971 = VECTOR ( 'NONE', #1975, 1000.000000000000000 ) ;
#7970 = CARTESIAN_POINT ( 'NONE',  ( 0.7500000000000006661, 0.000000000000000000, 2.225000000000000977 ) ) ;
#7973 = ORIENTED_EDGE ( 'NONE', *, *, #2122, .T. ) ;
#7972 = LINE ( 'NONE', #7467, #7856 ) ;
#7974 = DIRECTION ( 'NONE',  ( -1.000000000000000000, 0.000000000000000000, 0.000000000000000000 ) ) ;
#7975 = ORIENTED_EDGE ( 'NONE', *, *, #2577, .T. ) ;
#7976 = ORIENTED_EDGE ( 'NONE', *, *, #7579, .T. ) ;
#7977 = DIRECTION ( 'NONE',  ( 0.000000000000000000, -1.000000000000000000, 0.000000000000000000 ) ) ;
#7978 = ORIENTED_EDGE ( 'NONE', *, *, #6474, .T. ) ;
#7979 = FACE_OUTER_BOUND ( 'NONE', #5136, .T. ) ;
#7980 = DIRECTION ( 'NONE',  ( -1.000000000000000000, 0.000000000000000000, -0.000000000000000000 ) ) ;
#7981 = CIRCLE ( 'NONE', #6019, 0.1250000000000001110 ) ;
#7982 = PLANE ( 'NONE',  #5627 ) ;
#7983 = CARTESIAN_POINT ( 'NONE',  ( -0.7499999999999993339, 0.6716990566028311349, 2.225000000000000977 ) ) ;
#7984 = LINE ( 'NONE', #1050, #4011 ) ;
#7985 = ORIENTED_EDGE ( 'NONE', *, *, #6521, .F. ) ;
#7986 = ORIENTED_EDGE ( 'NONE', *, *, #5931, .T. ) ;
#7987 = LINE ( 'NONE', #392, #914 ) ;
#7988 = ORIENTED_EDGE ( 'NONE', *, *, #3265, .F. ) ;
#7989 =( NAMED_UNIT ( * ) PLANE_ANGLE_UNIT ( ) SI_UNIT ( $, .RADIAN. ) );
#7990 = AXIS2_PLACEMENT_3D ( 'NONE', #1879, #981, #6252 ) ;
#7991 = CARTESIAN_POINT ( 'NONE',  ( -1.874999999999999334, 0.1999999999999999833, 2.225000000000000977 ) ) ;
#7992 = CARTESIAN_POINT ( 'NONE',  ( 1.875000000000000888, 0.2000000000000000111, -2.500000000000000444 ) ) ;
#7993 = EDGE_LOOP ( 'NONE', ( #6029, #1351, #2280, #8959 ) ) ;
#7994 = ORIENTED_EDGE ( 'NONE', *, *, #1560, .T. ) ;
#7995 = LINE ( 'NONE', #8877, #3102 ) ;
#7996 = CARTESIAN_POINT ( 'NONE',  ( 2.225000000000000533, 0.000000000000000000, 1.375000000000000222 ) ) ;
#7997 = LINE ( 'NONE', #405, #3779 ) ;
#7998 = DIRECTION ( 'NONE',  ( 0.000000000000000000, 0.000000000000000000, 1.000000000000000000 ) ) ;
#7999 = DIRECTION ( 'NONE',  ( 0.000000000000000000, 0.000000000000000000, -1.000000000000000000 ) ) ;
#8000 = CARTESIAN_POINT ( 'NONE',  ( -1.374999999999999334, 0.04999999999999999584, 2.225000000000000977 ) ) ;
#8001 = ADVANCED_FACE ( 'NONE', ( #3109 ), #2384, .F. ) ;
#8002 = EDGE_CURVE ( 'NONE', #597, #10889, #10078, .T. ) ;
#8003 = EDGE_CURVE ( 'NONE', #5761, #4010, #825, .T. ) ;
#8004 = VECTOR ( 'NONE', #9542, 1000.000000000000000 ) ;
#8005 = EDGE_CURVE ( 'NONE', #8302, #2205, #5821, .T. ) ;
#8006 = DIRECTION ( 'NONE',  ( -0.000000000000000000, -1.000000000000000000, -0.000000000000000000 ) ) ;
#8007 = DIRECTION ( 'NONE',  ( 0.000000000000000000, 1.000000000000000000, 0.000000000000000000 ) ) ;
#8008 = ORIENTED_EDGE ( 'NONE', *, *, #2504, .F. ) ;
#8009 = ORIENTED_EDGE ( 'NONE', *, *, #10665, .F. ) ;
#8010 =( GEOMETRIC_REPRESENTATION_CONTEXT ( 3 ) GLOBAL_UNCERTAINTY_ASSIGNED_CONTEXT ( ( #4570 ) ) GLOBAL_UNIT_ASSIGNED_CONTEXT ( ( #10406, #4265, #7650 ) ) REPRESENTATION_CONTEXT ( 'NONE', 'WORKASPACE' ) );
#8011 = CIRCLE ( 'NONE', #3058, 0.1999999999999998723 ) ;
#8013 = ORIENTED_EDGE ( 'NONE', *, *, #4416, .T. ) ;
#8012 = DIRECTION ( 'NONE',  ( -1.000000000000000000, 0.000000000000000000, 0.000000000000000000 ) ) ;
#8014 = FILL_AREA_STYLE_COLOUR ( '', #8955 ) ;
#8015 = CARTESIAN_POINT ( 'NONE',  ( 1.050000000000000044, 3.169848480983500139, 1.050000000000000044 ) ) ;
#8016 = DIRECTION ( 'NONE',  ( -0.000000000000000000, -1.000000000000000000, -0.000000000000000000 ) ) ;
#8017 = PLANE ( 'NONE',  #2951 ) ;
#8018 = LINE ( 'NONE', #3856, #6958 ) ;
#8019 = EDGE_CURVE ( 'NONE', #8779, #10419, #4045, .T. ) ;
#8020 = AXIS2_PLACEMENT_3D ( 'NONE', #7087, #10443, #8784 ) ;
#8021 = CARTESIAN_POINT ( 'NONE',  ( -1.874999999999999334, 0.6716990566028311349, 2.225000000000000977 ) ) ;
#8022 = EDGE_CURVE ( 'NONE', #7605, #6433, #609, .T. ) ;
#8023 = CARTESIAN_POINT ( 'NONE',  ( -0.2499999999999993616, 0.1999999999999999833, -2.225000000000000977 ) ) ;
#8024 = AXIS2_PLACEMENT_3D ( 'NONE', #944, #8487, #1000 ) ;
#8025 = EDGE_LOOP ( 'NONE', ( #3969, #296, #3455, #6084 ) ) ;
#8026 = DIRECTION ( 'NONE',  ( 0.000000000000000000, 0.000000000000000000, -1.000000000000000000 ) ) ;
#8027 = ORIENTED_EDGE ( 'NONE', *, *, #3044, .T. ) ;
#8028 = ORIENTED_EDGE ( 'NONE', *, *, #1592, .F. ) ;
#8029 = DIRECTION ( 'NONE',  ( 0.000000000000000000, -0.000000000000000000, 1.000000000000000000 ) ) ;
#8030 = VERTEX_POINT ( 'NONE', #5871 ) ;
#8031 = CARTESIAN_POINT ( 'NONE',  ( -1.624999999999999334, 0.2000000000000000111, -2.225000000000000977 ) ) ;
#8032 = DIRECTION ( 'NONE',  ( 1.000000000000000000, 0.000000000000000000, -7.885106708985472271E-16 ) ) ;
#8033 = DIRECTION ( 'NONE',  ( 0.000000000000000000, 1.000000000000000000, 0.000000000000000000 ) ) ;
#8034 = ORIENTED_EDGE ( 'NONE', *, *, #683, .F. ) ;
#8035 = EDGE_CURVE ( 'NONE', #4249, #669, #4210, .T. ) ;
#8036 = LINE ( 'NONE', #5653, #8508 ) ;
#8037 = EDGE_CURVE ( 'NONE', #8904, #974, #9869, .T. ) ;
#8038 = CARTESIAN_POINT ( 'NONE',  ( -2.000000000000000888, 1.000000000000000000, -2.000000000000000444 ) ) ;
#8039 = ORIENTED_EDGE ( 'NONE', *, *, #5293, .F. ) ;
#8040 = ORIENTED_EDGE ( 'NONE', *, *, #7884, .T. ) ;
#8041 = DIRECTION ( 'NONE',  ( 0.000000000000000000, -0.000000000000000000, -1.000000000000000000 ) ) ;
#8042 = VERTEX_POINT ( 'NONE', #9250 ) ;
#8043 =( LENGTH_UNIT ( ) NAMED_UNIT ( * ) SI_UNIT ( .MILLI., .METRE. ) );
#8044 = AXIS2_PLACEMENT_3D ( 'NONE', #10050, #4012, #7406 ) ;
#8045 = LINE ( 'NONE', #10521, #1650 ) ;
#8046 = AXIS2_PLACEMENT_3D ( 'NONE', #3940, #457, #3833 ) ;
#8047 = CARTESIAN_POINT ( 'NONE',  ( -1.124999999999999334, 0.2000000000000000111, 2.225000000000000977 ) ) ;
#8048 = VERTEX_POINT ( 'NONE', #4866 ) ;
#8049 = ORIENTED_EDGE ( 'NONE', *, *, #7194, .F. ) ;
#8050 = DIRECTION ( 'NONE',  ( 1.000000000000000000, 0.000000000000000000, 0.000000000000000000 ) ) ;
#8051 = DIRECTION ( 'NONE',  ( -2.365532012695641878E-15, 0.000000000000000000, -1.000000000000000000 ) ) ;
#8052 = LINE ( 'NONE', #7176, #3676 ) ;
#8053 = DIRECTION ( 'NONE',  ( -0.000000000000000000, -1.000000000000000000, -0.000000000000000000 ) ) ;
#8054 = DIRECTION ( 'NONE',  ( -3.469446951953614583E-15, 0.000000000000000000, -1.000000000000000000 ) ) ;
#8055 = VECTOR ( 'NONE', #9442, 1000.000000000000000 ) ;
#8056 = CARTESIAN_POINT ( 'NONE',  ( -2.225000000000000533, 0.000000000000000000, -0.3749999999999998890 ) ) ;
#8057 = CARTESIAN_POINT ( 'NONE',  ( 1.875000000000001554, 0.000000000000000000, 2.500000000000000444 ) ) ;
#8058 = EDGE_CURVE ( 'NONE', #2392, #1684, #6651, .T. ) ;
#8059 = EDGE_LOOP ( 'NONE', ( #3129, #5236, #3255, #237 ) ) ;
#8060 = VERTEX_POINT ( 'NONE', #10025 ) ;
#8061 = PRESENTATION_LAYER_ASSIGNMENT (  '', '', ( #7004 ) ) ;
#8062 = ORIENTED_EDGE ( 'NONE', *, *, #4809, .T. ) ;
#8063 = EDGE_CURVE ( 'NONE', #7698, #9850, #8201, .T. ) ;
#8064 =( LENGTH_UNIT ( ) NAMED_UNIT ( * ) SI_UNIT ( .MILLI., .METRE. ) );
#8065 = CARTESIAN_POINT ( 'NONE',  ( 1.875000000000000888, 0.2000000000000000111, -2.225000000000000977 ) ) ;
#8066 = CARTESIAN_POINT ( 'NONE',  ( -0.1249999999999992506, 0.6716990566028311349, -2.225000000000000977 ) ) ;
#8067 = FACE_OUTER_BOUND ( 'NONE', #5202, .T. ) ;
#8068 = CARTESIAN_POINT ( 'NONE',  ( 1.625000000000000888, 0.05000000000000000278, 0.000000000000000000 ) ) ;
#8069 = COLOUR_RGB ( '',0.7921568627450980005, 0.8196078431372548767, 0.9333333333333333481 ) ;
#8070 = PRESENTATION_LAYER_ASSIGNMENT (  '', '', ( #6659 ) ) ;
#8071 = DIRECTION ( 'NONE',  ( 0.000000000000000000, 1.000000000000000000, 0.000000000000000000 ) ) ;
#8072 = EDGE_CURVE ( 'NONE', #1272, #8687, #6543, .T. ) ;
#8073 = CARTESIAN_POINT ( 'NONE',  ( 0.1250000000000007494, 0.04999999999999999584, 2.225000000000000977 ) ) ;
#8074 = ORIENTED_EDGE ( 'NONE', *, *, #7137, .F. ) ;
#8075 = LINE ( 'NONE', #7257, #5953 ) ;
#8076 = VERTEX_POINT ( 'NONE', #1554 ) ;
#8077 = ORIENTED_EDGE ( 'NONE', *, *, #6944, .T. ) ;
#8078 = CARTESIAN_POINT ( 'NONE',  ( -2.225000000000000533, 0.6716990566028309129, 1.624999999999999778 ) ) ;
#8079 = ORIENTED_EDGE ( 'NONE', *, *, #8394, .F. ) ;
#8080 = AXIS2_PLACEMENT_3D ( 'NONE', #8730, #10441, #2869 ) ;
#8081 = CARTESIAN_POINT ( 'NONE',  ( 2.500000000000000888, 0.1999999999999999833, 0.3750000000000001110 ) ) ;
#8082 = DIRECTION ( 'NONE',  ( 0.000000000000000000, 0.000000000000000000, 1.000000000000000000 ) ) ;
#8083 = VECTOR ( 'NONE', #5839, 1000.000000000000000 ) ;
#8084 = VECTOR ( 'NONE', #9730, 1000.000000000000000 ) ;
#8085 = VECTOR ( 'NONE', #7622, 1000.000000000000000 ) ;
#8086 = VECTOR ( 'NONE', #9324, 1000.000000000000000 ) ;
#8087 = DIRECTION ( 'NONE',  ( 0.000000000000000000, 0.000000000000000000, -1.000000000000000000 ) ) ;
#8088 = ORIENTED_EDGE ( 'NONE', *, *, #7063, .F. ) ;
#8089 = VECTOR ( 'NONE', #10514, 1000.000000000000000 ) ;
#8090 = CARTESIAN_POINT ( 'NONE',  ( 0.1250000000000007494, 0.6716990566028311349, -2.500000000000000444 ) ) ;
#8091 = CIRCLE ( 'NONE', #6323, 0.1250000000000000000 ) ;
#8092 = DIRECTION ( 'NONE',  ( 1.000000000000000000, -0.000000000000000000, -0.000000000000000000 ) ) ;
#8093 = ORIENTED_EDGE ( 'NONE', *, *, #3125, .F. ) ;
#8094 = ORIENTED_EDGE ( 'NONE', *, *, #3342, .F. ) ;
#8095 = DIRECTION ( 'NONE',  ( -0.000000000000000000, -1.000000000000000000, -0.000000000000000000 ) ) ;
#8096 = ORIENTED_EDGE ( 'NONE', *, *, #5138, .T. ) ;
#8097 = CYLINDRICAL_SURFACE ( 'NONE', #3941, 0.1250000000000001110 ) ;
#8098 = AXIS2_PLACEMENT_3D ( 'NONE', #7660, #8539, #3506 ) ;
#8099 = VECTOR ( 'NONE', #304, 1000.000000000000000 ) ;
#8100 = EDGE_CURVE ( 'NONE', #10462, #5505, #2688, .T. ) ;
#8101 = AXIS2_PLACEMENT_3D ( 'NONE', #10610, #1428, #1268 ) ;
#8102 = FACE_OUTER_BOUND ( 'NONE', #107, .T. ) ;
#8103 = ORIENTED_EDGE ( 'NONE', *, *, #5635, .F. ) ;
#8104 = VERTEX_POINT ( 'NONE', #2442 ) ;
#8105 = DIRECTION ( 'NONE',  ( 0.000000000000000000, 0.000000000000000000, 1.000000000000000000 ) ) ;
#8106 = CARTESIAN_POINT ( 'NONE',  ( -2.225000000000000533, 0.1999999999999999833, 1.875000000000000222 ) ) ;
#8107 = AXIS2_PLACEMENT_3D ( 'NONE', #7992, #4561, #6221 ) ;
#8108 = CARTESIAN_POINT ( 'NONE',  ( 0.7500000000000006661, 0.2000000000000000111, 2.225000000000000977 ) ) ;
#8109 = DIRECTION ( 'NONE',  ( -1.000000000000000000, 0.000000000000000000, -1.032573497605242471E-16 ) ) ;
#8110 = CARTESIAN_POINT ( 'NONE',  ( -2.225000000000000533, 0.1999999999999999833, 1.625000000000000222 ) ) ;
#8111 = FILL_AREA_STYLE ('',( #4730 ) ) ;
#8112 = LINE ( 'NONE', #3897, #5798 ) ;
#8113 = DIRECTION ( 'NONE',  ( 1.000000000000000000, -0.000000000000000000, 7.885106708985472271E-16 ) ) ;
#8114 = ORIENTED_EDGE ( 'NONE', *, *, #286, .F. ) ;
#8115 = ORIENTED_EDGE ( 'NONE', *, *, #3586, .F. ) ;
#8117 = ORIENTED_EDGE ( 'NONE', *, *, #9373, .T. ) ;
#8116 = LINE ( 'NONE', #8167, #6439 ) ;
#8118 = SURFACE_STYLE_USAGE ( .BOTH. , #4684 ) ;
#8119 = FACE_OUTER_BOUND ( 'NONE', #9913, .T. ) ;
#8120 = CARTESIAN_POINT ( 'NONE',  ( -2.225000000000000533, 0.000000000000000000, -1.625000000000000000 ) ) ;
#8121 = DIRECTION ( 'NONE',  ( 0.000000000000000000, -0.000000000000000000, -1.000000000000000000 ) ) ;
#8122 = FACE_OUTER_BOUND ( 'NONE', #9246, .T. ) ;
#8123 = EDGE_CURVE ( 'NONE', #6717, #2198, #4929, .T. ) ;
#8124 = EDGE_CURVE ( 'NONE', #9038, #5425, #5708, .T. ) ;
#8125 = CARTESIAN_POINT ( 'NONE',  ( 2.225000000000000533, 0.1999999999999999833, 0.6250000000000001110 ) ) ;
#8126 = CARTESIAN_POINT ( 'NONE',  ( 1.875000000000001332, 0.2000000000000005107, 2.499999999999999556 ) ) ;
#8128 = ORIENTED_EDGE ( 'NONE', *, *, #2574, .T. ) ;
#8127 = SURFACE_STYLE_USAGE ( .BOTH. , #2985 ) ;
#8129 = CARTESIAN_POINT ( 'NONE',  ( -0.1249999999999992506, 0.2000000000000000111, -2.225000000000000977 ) ) ;
#8130 = ORIENTED_EDGE ( 'NONE', *, *, #5173, .F. ) ;
#8131 = ORIENTED_EDGE ( 'NONE', *, *, #5564, .F. ) ;
#8132 = DIRECTION ( 'NONE',  ( 0.000000000000000000, 0.000000000000000000, -1.000000000000000000 ) ) ;
#8133 = EDGE_LOOP ( 'NONE', ( #4802, #10819, #9142, #10461 ) ) ;
#8134 = LINE ( 'NONE', #3918, #1342 ) ;
#8135 = CARTESIAN_POINT ( 'NONE',  ( -0.3749999999999992228, 0.000000000000000000, -2.500000000000000444 ) ) ;
#8136 = EDGE_CURVE ( 'NONE', #10748, #6213, #8355, .T. ) ;
#8137 = ADVANCED_FACE ( 'NONE', ( #7598 ), #8255, .T. ) ;
#8138 = EDGE_CURVE ( 'NONE', #7006, #1417, #6596, .T. ) ;
#8139 = ADVANCED_FACE ( 'NONE', ( #7433 ), #3216, .F. ) ;
#8140 = AXIS2_PLACEMENT_3D ( 'NONE', #5686, #5743, #9069 ) ;
#8141 = CARTESIAN_POINT ( 'NONE',  ( -1.874999999999999556, 0.6716990566028311349, -2.225000000000000977 ) ) ;
#8142 = ORIENTED_EDGE ( 'NONE', *, *, #2250, .F. ) ;
#8144 = VERTEX_POINT ( 'NONE', #3487 ) ;
#8143 = DIRECTION ( 'NONE',  ( -0.000000000000000000, -1.000000000000000000, -0.000000000000000000 ) ) ;
#8145 = CARTESIAN_POINT ( 'NONE',  ( 1.750000000000000666, 0.000000000000000000, 2.100000000000000533 ) ) ;
#8146 = VERTEX_POINT ( 'NONE', #6086 ) ;
#8147 = ORIENTED_EDGE ( 'NONE', *, *, #1560, .F. ) ;
#8148 = FACE_OUTER_BOUND ( 'NONE', #9701, .T. ) ;
#8149 = ORIENTED_EDGE ( 'NONE', *, *, #2117, .T. ) ;
#8150 = VECTOR ( 'NONE', #6726, 1000.000000000000000 ) ;
#8151 = VECTOR ( 'NONE', #6322, 1000.000000000000000 ) ;
#8152 = DIRECTION ( 'NONE',  ( 0.000000000000000000, 1.000000000000000000, 0.000000000000000000 ) ) ;
#8153 = ORIENTED_EDGE ( 'NONE', *, *, #9568, .T. ) ;
#8154 = EDGE_CURVE ( 'NONE', #7710, #3620, #1829, .T. ) ;
#8155 = VERTEX_POINT ( 'NONE', #7647 ) ;
#8156 = CARTESIAN_POINT ( 'NONE',  ( -1.874999999999999556, 0.000000000000000000, -2.225000000000000977 ) ) ;
#8157 = DIRECTION ( 'NONE',  ( 1.000000000000000000, 0.000000000000000000, 0.000000000000000000 ) ) ;
#8158 = DIRECTION ( 'NONE',  ( 0.000000000000000000, -1.000000000000000000, 0.000000000000000000 ) ) ;
#8159 = DIRECTION ( 'NONE',  ( -0.000000000000000000, -1.000000000000000000, -0.000000000000000000 ) ) ;
#8160 = CARTESIAN_POINT ( 'NONE',  ( 1.375000000000000888, 0.1999999999999999833, -2.500000000000000444 ) ) ;
#8161 = LINE ( 'NONE', #4624, #2097 ) ;
#8162 = DIRECTION ( 'NONE',  ( 1.032573497605242471E-16, 0.000000000000000000, -1.000000000000000000 ) ) ;
#8163 = LINE ( 'NONE', #1514, #7444 ) ;
#8164 = ORIENTED_EDGE ( 'NONE', *, *, #815, .T. ) ;
#8165 = ORIENTED_EDGE ( 'NONE', *, *, #9166, .F. ) ;
#8166 = EDGE_CURVE ( 'NONE', #5656, #7245, #10347, .T. ) ;
#8168 = VERTEX_POINT ( 'NONE', #2769 ) ;
#8167 = CARTESIAN_POINT ( 'NONE',  ( 1.050000000000000266, 0.2000000000000000944, -1.050000000000000266 ) ) ;
#8169 = ADVANCED_FACE ( 'NONE', ( #10185 ), #162, .F. ) ;
#8170 = CARTESIAN_POINT ( 'NONE',  ( 0.3750000000000007772, 0.1999999999999999833, -2.500000000000000444 ) ) ;
#8171 = CARTESIAN_POINT ( 'NONE',  ( -2.225000000000000533, 0.1999999999999999833, -1.875000000000000444 ) ) ;
#8172 = FACE_OUTER_BOUND ( 'NONE', #8740, .T. ) ;
#8173 = CARTESIAN_POINT ( 'NONE',  ( 0.3750000000000007772, 0.2000000000000000111, -2.500000000000000444 ) ) ;
#8174 = CIRCLE ( 'NONE', #743, 0.1250000000000001110 ) ;
#8175 = CARTESIAN_POINT ( 'NONE',  ( 1.750000000000000666, 0.04999999999999999584, -2.225000000000000977 ) ) ;
#8176 = AXIS2_PLACEMENT_3D ( 'NONE', #3711, #10664, #8967 ) ;
#8177 = AXIS2_PLACEMENT_3D ( 'NONE', #5831, #1566, #6719 ) ;
#8178 = DIRECTION ( 'NONE',  ( -0.000000000000000000, -1.000000000000000000, -0.000000000000000000 ) ) ;
#8179 = DIRECTION ( 'NONE',  ( -0.000000000000000000, -0.000000000000000000, -1.000000000000000000 ) ) ;
#8181 = ORIENTED_EDGE ( 'NONE', *, *, #6751, .T. ) ;
#8180 = DIRECTION ( 'NONE',  ( 0.000000000000000000, 1.000000000000000000, 0.000000000000000000 ) ) ;
#8182 = PLANE ( 'NONE',  #7393 ) ;
#8183 = VERTEX_POINT ( 'NONE', #2600 ) ;
#8184 = ORIENTED_EDGE ( 'NONE', *, *, #2506, .T. ) ;
#8185 = CARTESIAN_POINT ( 'NONE',  ( -0.7999999999999992673, 0.000000000000000000, -1.050000000000000488 ) ) ;
#8186 = ORIENTED_EDGE ( 'NONE', *, *, #615, .T. ) ;
#8187 = DIRECTION ( 'NONE',  ( -0.000000000000000000, -1.000000000000000000, -0.000000000000000000 ) ) ;
#8188 = CARTESIAN_POINT ( 'NONE',  ( -2.500000000000000888, 0.000000000000000000, -0.3749999999999996669 ) ) ;
#8189 = VECTOR ( 'NONE', #2256, 1000.000000000000000 ) ;
#8190 = AXIS2_PLACEMENT_3D ( 'NONE', #9906, #4033, #8132 ) ;
#8191 = VECTOR ( 'NONE', #10684, 1000.000000000000000 ) ;
#8192 = DIRECTION ( 'NONE',  ( 1.000000000000000000, -0.000000000000000000, -1.734723475976807341E-16 ) ) ;
#8193 = AXIS2_PLACEMENT_3D ( 'NONE', #2806, #244, #3789 ) ;
#8194 = AXIS2_PLACEMENT_3D ( 'NONE', #7852, #252, #7026 ) ;
#8196 = VERTEX_POINT ( 'NONE', #986 ) ;
#8195 = CARTESIAN_POINT ( 'NONE',  ( 0.3750000000000007772, 0.000000000000000000, -2.500000000000000444 ) ) ;
#8197 = CARTESIAN_POINT ( 'NONE',  ( -1.874999999999998668, 0.2000000000000000111, 2.500000000000001332 ) ) ;
#8199 = ORIENTED_EDGE ( 'NONE', *, *, #4268, .F. ) ;
#8198 = ADVANCED_FACE ( 'NONE', ( #4372 ), #5094, .T. ) ;
#8200 = ORIENTED_EDGE ( 'NONE', *, *, #1441, .F. ) ;
#8201 = LINE ( 'NONE', #9037, #3221 ) ;
#8202 = ORIENTED_EDGE ( 'NONE', *, *, #8479, .F. ) ;
#8203 =( NAMED_UNIT ( * ) PLANE_ANGLE_UNIT ( ) SI_UNIT ( $, .RADIAN. ) );
#8204 = EDGE_CURVE ( 'NONE', #10112, #3807, #4315, .T. ) ;
#8205 = COLOUR_RGB ( '',0.7921568627450980005, 0.8196078431372548767, 0.9333333333333333481 ) ;
#8206 = AXIS2_PLACEMENT_3D ( 'NONE', #777, #1499, #5768 ) ;
#8207 = CIRCLE ( 'NONE', #950, 0.1250000000000001110 ) ;
#8208 = DIRECTION ( 'NONE',  ( 0.000000000000000000, -1.000000000000000000, 0.000000000000000000 ) ) ;
#8210 = VERTEX_POINT ( 'NONE', #4483 ) ;
#8209 = EDGE_CURVE ( 'NONE', #3092, #1303, #9530, .T. ) ;
#8211 = EDGE_CURVE ( 'NONE', #4046, #5468, #5988, .T. ) ;
#8212 = VERTEX_POINT ( 'NONE', #47 ) ;
#8213 = DIRECTION ( 'NONE',  ( -1.000000000000000000, 0.000000000000000000, 3.469446951953614583E-15 ) ) ;
#8214 = DIRECTION ( 'NONE',  ( 0.000000000000000000, 0.000000000000000000, -1.000000000000000000 ) ) ;
#8215 = CARTESIAN_POINT ( 'NONE',  ( -1.875000000000004441, 0.05000000000000000278, 4.435372523804338974E-15 ) ) ;
#8216 = DIRECTION ( 'NONE',  ( 0.000000000000000000, -1.000000000000000000, 0.000000000000000000 ) ) ;
#8217 = CARTESIAN_POINT ( 'NONE',  ( 2.225000000000000533, 0.6716990566028309129, -1.625000000000000000 ) ) ;
#8218 = EDGE_CURVE ( 'NONE', #2196, #9599, #1104, .T. ) ;
#8219 = DIRECTION ( 'NONE',  ( 0.000000000000000000, 1.000000000000000000, -0.000000000000000000 ) ) ;
#8220 = CARTESIAN_POINT ( 'NONE',  ( 1.875000000000000888, 0.04999999999999999584, -2.225000000000000977 ) ) ;
#8221 = VERTEX_POINT ( 'NONE', #1773 ) ;
#8222 = ORIENTED_EDGE ( 'NONE', *, *, #440, .T. ) ;
#8224 = EDGE_LOOP ( 'NONE', ( #9598, #2168, #9201, #610 ) ) ;
#8223 = DIRECTION ( 'NONE',  ( 2.365532012695649373E-15, 0.000000000000000000, 1.000000000000000000 ) ) ;
#8225 = CARTESIAN_POINT ( 'NONE',  ( -0.8749999999999992228, 0.6716990566028311349, -2.500000000000000444 ) ) ;
#8226 = DIRECTION ( 'NONE',  ( 0.000000000000000000, 0.000000000000000000, 1.000000000000000000 ) ) ;
#8227 = VECTOR ( 'NONE', #2556, 1000.000000000000000 ) ;
#8228 = DIRECTION ( 'NONE',  ( 1.000000000000000000, -0.000000000000000000, -1.734723475976807341E-16 ) ) ;
#8229 = DIRECTION ( 'NONE',  ( 0.000000000000000000, -0.000000000000000000, -1.000000000000000000 ) ) ;
#8230 = ADVANCED_FACE ( 'NONE', ( #1042 ), #5319, .T. ) ;
#8231 = EDGE_CURVE ( 'NONE', #10929, #1272, #4425, .T. ) ;
#8232 = VECTOR ( 'NONE', #9939, 1000.000000000000000 ) ;
#8233 = CARTESIAN_POINT ( 'NONE',  ( 0.3750000000000007772, 0.1999999999999999833, -2.225000000000000977 ) ) ;
#8234 = ORIENTED_EDGE ( 'NONE', *, *, #8544, .T. ) ;
#8235 = CARTESIAN_POINT ( 'NONE',  ( -2.225000000000000533, 0.6716990566028309129, -0.8749999999999998890 ) ) ;
#8236 = ORIENTED_EDGE ( 'NONE', *, *, #8338, .T. ) ;
#8237 = DIRECTION ( 'NONE',  ( 0.000000000000000000, 1.000000000000000000, 0.000000000000000000 ) ) ;
#8238 = ORIENTED_EDGE ( 'NONE', *, *, #3887, .T. ) ;
#8239 = FACE_OUTER_BOUND ( 'NONE', #7022, .T. ) ;
#8240 = VERTEX_POINT ( 'NONE', #933 ) ;
#8241 = CARTESIAN_POINT ( 'NONE',  ( -0.3749999999999986122, 0.6716990566028311349, 2.500000000000001332 ) ) ;
#8242 = CLOSED_SHELL ( 'NONE', ( #411, #603, #4100, #1204, #202, #8429 ) ) ;
#8243 = CARTESIAN_POINT ( 'NONE',  ( -0.6249999999999987788, 0.2000000000000005107, 2.500000000000000000 ) ) ;
#8244 = VECTOR ( 'NONE', #1947, 1000.000000000000000 ) ;
#8245 = EDGE_CURVE ( 'NONE', #9550, #1531, #2708, .T. ) ;
#8246 = STYLED_ITEM ( 'NONE', ( #7907 ), #5122 ) ;
#8247 = PLANE ( 'NONE',  #7619 ) ;
#8248 = LINE ( 'NONE', #768, #4555 ) ;
#8249 = VECTOR ( 'NONE', #1538, 1000.000000000000000 ) ;
#8251 = ORIENTED_EDGE ( 'NONE', *, *, #1780, .T. ) ;
#8250 = DIRECTION ( 'NONE',  ( 0.000000000000000000, -1.000000000000000000, 0.000000000000000000 ) ) ;
#8252 = DIRECTION ( 'NONE',  ( -0.000000000000000000, -1.000000000000000000, -0.000000000000000000 ) ) ;
#8253 = ORIENTED_EDGE ( 'NONE', *, *, #6988, .F. ) ;
#8254 = ORIENTED_EDGE ( 'NONE', *, *, #5837, .T. ) ;
#8255 = PLANE ( 'NONE',  #4988 ) ;
#8256 = ORIENTED_EDGE ( 'NONE', *, *, #10634, .F. ) ;
#8257 = DIRECTION ( 'NONE',  ( -0.000000000000000000, 0.000000000000000000, -1.000000000000000000 ) ) ;
#8258 = VECTOR ( 'NONE', #149, 1000.000000000000000 ) ;
#8259 = CARTESIAN_POINT ( 'NONE',  ( 0.3750000000000007772, 0.2000000000000000111, -2.225000000000000977 ) ) ;
#8260 = VECTOR ( 'NONE', #637, 1000.000000000000000 ) ;
#8261 = EDGE_CURVE ( 'NONE', #6584, #2268, #2657, .T. ) ;
#8262 = ADVANCED_FACE ( 'NONE', ( #3382 ), #9309, .T. ) ;
#8263 = VECTOR ( 'NONE', #10569, 1000.000000000000000 ) ;
#8264 = ADVANCED_FACE ( 'NONE', ( #9366 ), #6030, .F. ) ;
#8265 = CARTESIAN_POINT ( 'NONE',  ( -1.624999999999999334, 0.6716990566028311349, -2.500000000000000444 ) ) ;
#8266 = ORIENTED_EDGE ( 'NONE', *, *, #5978, .T. ) ;
#8267 = EDGE_LOOP ( 'NONE', ( #8062, #10868, #1014, #5808 ) ) ;
#8268 = DIRECTION ( 'NONE',  ( -1.000000000000000000, 0.000000000000000000, 7.885106708985472271E-16 ) ) ;
#8269 = AXIS2_PLACEMENT_3D ( 'NONE', #5884, #10743, #2397 ) ;
#8270 = VECTOR ( 'NONE', #3287, 1000.000000000000000 ) ;
#8271 = DIRECTION ( 'NONE',  ( 0.000000000000000000, -0.000000000000000000, -1.000000000000000000 ) ) ;
#8272 = CYLINDRICAL_SURFACE ( 'NONE', #6862, 0.1250000000000001110 ) ;
#8273 = CARTESIAN_POINT ( 'NONE',  ( -2.225000000000000533, 0.1999999999999999833, 0.3750000000000001110 ) ) ;
#8274 = AXIS2_PLACEMENT_3D ( 'NONE', #2048, #6254, #1039 ) ;
#8275 = VECTOR ( 'NONE', #7343, 1000.000000000000000 ) ;
#8276 = DIRECTION ( 'NONE',  ( -1.000000000000000000, -0.000000000000000000, -7.885106708985472271E-16 ) ) ;
#8277 = EDGE_CURVE ( 'NONE', #8982, #7597, #7153, .T. ) ;
#8278 = AXIS2_PLACEMENT_3D ( 'NONE', #6116, #5297, #7733 ) ;
#8279 = EDGE_CURVE ( 'NONE', #7722, #783, #6310, .T. ) ;
#8280 = VECTOR ( 'NONE', #6973, 1000.000000000000000 ) ;
#8281 = DIRECTION ( 'NONE',  ( 0.000000000000000000, 0.000000000000000000, -1.000000000000000000 ) ) ;
#8282 = FACE_OUTER_BOUND ( 'NONE', #2212, .T. ) ;
#8283 = ORIENTED_EDGE ( 'NONE', *, *, #5975, .T. ) ;
#8284 = ORIENTED_EDGE ( 'NONE', *, *, #2577, .F. ) ;
#8286 = ORIENTED_EDGE ( 'NONE', *, *, #10925, .F. ) ;
#8285 = DIRECTION ( 'NONE',  ( 0.000000000000000000, -0.000000000000000000, 1.000000000000000000 ) ) ;
#8287 =( NAMED_UNIT ( * ) PLANE_ANGLE_UNIT ( ) SI_UNIT ( $, .RADIAN. ) );
#8288 = CARTESIAN_POINT ( 'NONE',  ( 2.500000000000000000, 0.05000000000000000278, 2.499999999999999556 ) ) ;
#8289 = DIRECTION ( 'NONE',  ( 0.000000000000000000, -1.000000000000000000, 0.000000000000000000 ) ) ;
#8290 = CARTESIAN_POINT ( 'NONE',  ( 0.2500000000000006661, 0.2000000000000000111, 2.225000000000000977 ) ) ;
#8291 = DIRECTION ( 'NONE',  ( -1.000000000000000000, 0.000000000000000000, -0.000000000000000000 ) ) ;
#8292 = ORIENTED_EDGE ( 'NONE', *, *, #6147, .T. ) ;
#8293 = LINE ( 'NONE', #7358, #8399 ) ;
#8295 = EDGE_LOOP ( 'NONE', ( #7259, #2465, #8796, #2918 ) ) ;
#8294 = CARTESIAN_POINT ( 'NONE',  ( -1.374999999999999334, 0.6716990566028311349, 2.225000000000000977 ) ) ;
#8296 = SURFACE_SIDE_STYLE ('',( #4912 ) ) ;
#8297 = EDGE_CURVE ( 'NONE', #2834, #836, #9691, .T. ) ;
#8298 = ORIENTED_EDGE ( 'NONE', *, *, #7451, .F. ) ;
#8299 = ADVANCED_FACE ( 'NONE', ( #7096 ), #6257, .F. ) ;
#8300 = CARTESIAN_POINT ( 'NONE',  ( 2.225000000000000533, 0.6716990566028309129, -1.750000000000000222 ) ) ;
#8302 = VERTEX_POINT ( 'NONE', #2160 ) ;
#8301 = DIRECTION ( 'NONE',  ( -0.000000000000000000, 0.000000000000000000, -1.000000000000000000 ) ) ;
#8303 = LINE ( 'NONE', #7475, #9668 ) ;
#8304 = PLANE ( 'NONE',  #4987 ) ;
#8305 = DIRECTION ( 'NONE',  ( -2.365532012695648978E-15, 0.000000000000000000, -1.000000000000000000 ) ) ;
#8306 = LINE ( 'NONE', #710, #2257 ) ;
#8308 = VERTEX_POINT ( 'NONE', #7867 ) ;
#8307 = LINE ( 'NONE', #712, #375 ) ;
#8309 = DIRECTION ( 'NONE',  ( -0.000000000000000000, -1.000000000000000000, -0.000000000000000000 ) ) ;
#8310 = ORIENTED_EDGE ( 'NONE', *, *, #9800, .F. ) ;
#8311 = VERTEX_POINT ( 'NONE', #267 ) ;
#8312 = CARTESIAN_POINT ( 'NONE',  ( -1.624999999999998668, 0.1999999999999999833, 2.500000000000000444 ) ) ;
#8313 = VERTEX_POINT ( 'NONE', #10403 ) ;
#8314 = LINE ( 'NONE', #7541, #3990 ) ;
#8315 = ADVANCED_FACE ( 'NONE', ( #5533 ), #6419, .F. ) ;
#8316 =( LENGTH_UNIT ( ) NAMED_UNIT ( * ) SI_UNIT ( .MILLI., .METRE. ) );
#8317 = VECTOR ( 'NONE', #2685, 1000.000000000000000 ) ;
#8318 = DIRECTION ( 'NONE',  ( -1.000000000000000000, 0.000000000000000000, 0.000000000000000000 ) ) ;
#8319 = VERTEX_POINT ( 'NONE', #7205 ) ;
#8320 = EDGE_LOOP ( 'NONE', ( #1077, #10867, #9367, #913 ) ) ;
#8321 = CARTESIAN_POINT ( 'NONE',  ( 0.1250000000000014155, 0.1999999999999999833, 2.500000000000001332 ) ) ;
#8322 = AXIS2_PLACEMENT_3D ( 'NONE', #3233, #6618, #1574 ) ;
#8323 = DIRECTION ( 'NONE',  ( 0.000000000000000000, 0.000000000000000000, -1.000000000000000000 ) ) ;
#8324 = DIRECTION ( 'NONE',  ( 0.000000000000000000, -1.000000000000000000, 0.000000000000000000 ) ) ;
#8325 = CARTESIAN_POINT ( 'NONE',  ( -1.249999999999999334, 0.2000000000000000111, 2.225000000000000977 ) ) ;
#8326 =( NAMED_UNIT ( * ) PLANE_ANGLE_UNIT ( ) SI_UNIT ( $, .RADIAN. ) );
#8327 = EDGE_CURVE ( 'NONE', #2554, #2049, #4111, .T. ) ;
#8328 = CARTESIAN_POINT ( 'NONE',  ( -1.124999999999999334, 0.04999999999999969746, -2.500000000000000444 ) ) ;
#8329 = LINE ( 'NONE', #9829, #8850 ) ;
#8330 = VERTEX_POINT ( 'NONE', #2880 ) ;
#8331 = ORIENTED_EDGE ( 'NONE', *, *, #656, .T. ) ;
#8333 = ORIENTED_EDGE ( 'NONE', *, *, #4227, .F. ) ;
#8332 = FILL_AREA_STYLE ('',( #5843 ) ) ;
#8334 = DIRECTION ( 'NONE',  ( 1.000000000000000000, -0.000000000000000000, 7.885106708985472271E-16 ) ) ;
#8335 = EDGE_CURVE ( 'NONE', #6363, #9158, #3935, .T. ) ;
#8336 = FILL_AREA_STYLE_COLOUR ( '', #4654 ) ;
#8337 = DIRECTION ( 'NONE',  ( -1.000000000000000000, -0.000000000000000000, -7.885106708985472271E-16 ) ) ;
#8338 = EDGE_CURVE ( 'NONE', #432, #7465, #4701, .T. ) ;
#8339 = EDGE_CURVE ( 'NONE', #5747, #10748, #10558, .T. ) ;
#8340 = LINE ( 'NONE', #8447, #1176 ) ;
#8341 = ADVANCED_FACE ( 'NONE', ( #7260 ), #5375, .F. ) ;
#8342 = LINE ( 'NONE', #2306, #8189 ) ;
#8343 = FACE_OUTER_BOUND ( 'NONE', #4880, .T. ) ;
#8344 = ORIENTED_EDGE ( 'NONE', *, *, #2792, .T. ) ;
#8345 = VERTEX_POINT ( 'NONE', #8742 ) ;
#8346 = DIRECTION ( 'NONE',  ( -0.000000000000000000, -1.000000000000000000, 0.000000000000000000 ) ) ;
#8347 = VERTEX_POINT ( 'NONE', #7925 ) ;
#8348 = CARTESIAN_POINT ( 'NONE',  ( -2.499999999999999556, 0.2000000000000005107, 0.3749999999999998890 ) ) ;
#8349 = EDGE_CURVE ( 'NONE', #7866, #7010, #2211, .T. ) ;
#8350 = CARTESIAN_POINT ( 'NONE',  ( 2.225000000000000533, 0.6716990566028309129, -0.6249999999999998890 ) ) ;
#8352 = EDGE_LOOP ( 'NONE', ( #8034, #43, #2955, #7310 ) ) ;
#8351 = LINE ( 'NONE', #5859, #9327 ) ;
#8353 = LINE ( 'NONE', #761, #465 ) ;
#8354 = PLANE ( 'NONE',  #5877 ) ;
#8355 = CIRCLE ( 'NONE', #9773, 0.1250000000000001110 ) ;
#8356 = EDGE_CURVE ( 'NONE', #8560, #802, #8011, .T. ) ;
#8357 = CARTESIAN_POINT ( 'NONE',  ( -2.225000000000000533, 0.6716990566028309129, 0.8750000000000001110 ) ) ;
#8358 = DIRECTION ( 'NONE',  ( -0.000000000000000000, -1.000000000000000000, -0.000000000000000000 ) ) ;
#8360 = ORIENTED_EDGE ( 'NONE', *, *, #3140, .F. ) ;
#8359 = DIRECTION ( 'NONE',  ( 0.000000000000000000, 1.000000000000000000, 0.000000000000000000 ) ) ;
#8361 = DIRECTION ( 'NONE',  ( 0.000000000000000000, -1.000000000000000000, 0.000000000000000000 ) ) ;
#8362 = ORIENTED_EDGE ( 'NONE', *, *, #9800, .T. ) ;
#8363 = ORIENTED_EDGE ( 'NONE', *, *, #1622, .F. ) ;
#8364 = CARTESIAN_POINT ( 'NONE',  ( -2.225000000000000533, 0.05000000000000002359, 1.749999999999999778 ) ) ;
#8365 = ORIENTED_EDGE ( 'NONE', *, *, #5098, .T. ) ;
#8366 = AXIS2_PLACEMENT_3D ( 'NONE', #106, #6926, #10947 ) ;
#8367 = LINE ( 'NONE', #3385, #3951 ) ;
#8368 = VECTOR ( 'NONE', #10574, 1000.000000000000000 ) ;
#8369 = EDGE_CURVE ( 'NONE', #6107, #2338, #436, .T. ) ;
#8370 = ADVANCED_FACE ( 'NONE', ( #2829 ), #6203, .F. ) ;
#8371 = CARTESIAN_POINT ( 'NONE',  ( -1.749999999999999334, 0.2000000000000000111, -2.225000000000000977 ) ) ;
#8372 = ORIENTED_EDGE ( 'NONE', *, *, #639, .T. ) ;
#8373 = VERTEX_POINT ( 'NONE', #8798 ) ;
#8374 = UNCERTAINTY_MEASURE_WITH_UNIT (LENGTH_MEASURE( 1.000000000000000082E-05 ), #10489, 'distance_accuracy_value', 'NONE');
#8375 = CARTESIAN_POINT ( 'NONE',  ( 1.375000000000000888, 0.04999999999999999584, -2.225000000000000977 ) ) ;
#8376 = AXIS2_PLACEMENT_3D ( 'NONE', #5517, #8890, #7134 ) ;
#8377 = DIRECTION ( 'NONE',  ( 2.365532012695649373E-15, -0.000000000000000000, 1.000000000000000000 ) ) ;
#8378 = LINE ( 'NONE', #4225, #10204 ) ;
#8379 = STYLED_ITEM ( 'NONE', ( #10786 ), #9053 ) ;
#8380 = LINE ( 'NONE', #5940, #10545 ) ;
#8381 = SHAPE_DEFINITION_REPRESENTATION ( #3338, #6333 ) ;
#8382 = MECHANICAL_DESIGN_GEOMETRIC_PRESENTATION_REPRESENTATION (  '', ( #9801 ), #778 ) ;
#8383 = LINE ( 'NONE', #2561, #10399 ) ;
#8384 = DIRECTION ( 'NONE',  ( -0.000000000000000000, -0.000000000000000000, -1.000000000000000000 ) ) ;
#8385 = ORIENTED_EDGE ( 'NONE', *, *, #4319, .F. ) ;
#8386 = ORIENTED_EDGE ( 'NONE', *, *, #344, .F. ) ;
#8387 = VERTEX_POINT ( 'NONE', #1212 ) ;
#8388 = ORIENTED_EDGE ( 'NONE', *, *, #3263, .T. ) ;
#8389 = DIRECTION ( 'NONE',  ( 0.000000000000000000, 0.000000000000000000, -1.000000000000000000 ) ) ;
#8390 = LINE ( 'NONE', #10862, #7210 ) ;
#8391 = LINE ( 'NONE', #6734, #7380 ) ;
#8392 = CIRCLE ( 'NONE', #6453, 0.1250000000000001110 ) ;
#8393 = CARTESIAN_POINT ( 'NONE',  ( -1.050000000000000044, 0.000000000000000000, 1.049999999999999822 ) ) ;
#8394 = EDGE_CURVE ( 'NONE', #9725, #7691, #8855, .T. ) ;
#8395 = ADVANCED_FACE ( 'NONE', ( #3811 ), #3256, .T. ) ;
#8396 = DIRECTION ( 'NONE',  ( 0.000000000000000000, 0.000000000000000000, -1.000000000000000000 ) ) ;
#8397 = ORIENTED_EDGE ( 'NONE', *, *, #4, .F. ) ;
#8398 = VERTEX_POINT ( 'NONE', #10822 ) ;
#8399 = VECTOR ( 'NONE', #535, 1000.000000000000000 ) ;
#8401 = ORIENTED_EDGE ( 'NONE', *, *, #1367, .F. ) ;
#8400 = CARTESIAN_POINT ( 'NONE',  ( 2.500000000000000888, 0.1999999999999999833, 0.3750000000000001110 ) ) ;
#8402 = DIRECTION ( 'NONE',  ( 0.000000000000000000, -0.000000000000000000, 1.000000000000000000 ) ) ;
#8403 = CARTESIAN_POINT ( 'NONE',  ( -1.050000000000000044, 3.169848480983500139, -1.050000000000000488 ) ) ;
#8405 = ORIENTED_EDGE ( 'NONE', *, *, #3170, .T. ) ;
#8404 = CARTESIAN_POINT ( 'NONE',  ( -2.225000000000000533, 0.6716990566028309129, 0.6249999999999996669 ) ) ;
#8406 = DIRECTION ( 'NONE',  ( -0.000000000000000000, -1.000000000000000000, -0.000000000000000000 ) ) ;
#8407 = FACE_OUTER_BOUND ( 'NONE', #1138, .T. ) ;
#8408 = ADVANCED_FACE ( 'NONE', ( #8239 ), #10712, .F. ) ;
#8409 = FACE_OUTER_BOUND ( 'NONE', #5615, .T. ) ;
#8410 = DIRECTION ( 'NONE',  ( -1.000000000000000000, 0.000000000000000000, 0.000000000000000000 ) ) ;
#8411 = DIRECTION ( 'NONE',  ( 1.000000000000000000, 0.000000000000000000, 0.000000000000000000 ) ) ;
#8413 = ORIENTED_EDGE ( 'NONE', *, *, #2445, .F. ) ;
#8412 = CARTESIAN_POINT ( 'NONE',  ( 2.225000000000000533, 0.6716990566028309129, -1.875000000000000444 ) ) ;
#8414 = LINE ( 'NONE', #1770, #2790 ) ;
#8415 = ORIENTED_EDGE ( 'NONE', *, *, #1145, .F. ) ;
#8416 = EDGE_LOOP ( 'NONE', ( #1946, #3938, #5029, #4680 ) ) ;
#8417 = DIRECTION ( 'NONE',  ( 0.000000000000000000, 0.000000000000000000, 1.000000000000000000 ) ) ;
#8418 = VERTEX_POINT ( 'NONE', #3916 ) ;
#8419 = VECTOR ( 'NONE', #7705, 1000.000000000000000 ) ;
#8420 =( NAMED_UNIT ( * ) SI_UNIT ( $, .STERADIAN. ) SOLID_ANGLE_UNIT ( ) );
#8421 = SURFACE_STYLE_USAGE ( .BOTH. , #5033 ) ;
#8422 = VECTOR ( 'NONE', #10012, 1000.000000000000000 ) ;
#8423 = AXIS2_PLACEMENT_3D ( 'NONE', #5417, #9009, #2093 ) ;
#8424 = LINE ( 'NONE', #835, #2981 ) ;
#8425 = ORIENTED_EDGE ( 'NONE', *, *, #381, .T. ) ;
#8426 = VERTEX_POINT ( 'NONE', #2424 ) ;
#8427 = CARTESIAN_POINT ( 'NONE',  ( 2.225000000000000533, 0.1999999999999999833, 1.624999999999999778 ) ) ;
#8428 = DIRECTION ( 'NONE',  ( 0.000000000000000000, -0.000000000000000000, 1.000000000000000000 ) ) ;
#8429 = ADVANCED_FACE ( 'NONE', ( #649 ), #7364, .F. ) ;
#8430 = ADVANCED_FACE ( 'NONE', ( #10768 ), #5858, .F. ) ;
#8431 = VECTOR ( 'NONE', #5229, 1000.000000000000000 ) ;
#8432 = CARTESIAN_POINT ( 'NONE',  ( -0.8749999999999992228, 0.1999999999999999833, -2.500000000000000444 ) ) ;
#8433 = CARTESIAN_POINT ( 'NONE',  ( 2.500000000000000888, 0.000000000000000000, 0.1250000000000003331 ) ) ;
#8434 = AXIS2_PLACEMENT_3D ( 'NONE', #7298, #2978, #1406 ) ;
#8435 = VECTOR ( 'NONE', #10832, 1000.000000000000000 ) ;
#8436 = CIRCLE ( 'NONE', #7559, 0.1250000000000001110 ) ;
#8437 = CARTESIAN_POINT ( 'NONE',  ( 2.225000000000000533, 0.1999999999999999833, -1.625000000000000000 ) ) ;
#8438 = CARTESIAN_POINT ( 'NONE',  ( -0.6249999999999992228, 0.05000000000000000278, 0.000000000000000000 ) ) ;
#8439 = VERTEX_POINT ( 'NONE', #3204 ) ;
#8440 = EDGE_LOOP ( 'NONE', ( #1854, #10102, #6087, #538, #882, #2783, #8561, #2799, #2710, #935, #9740, #1578, #6804, #9297, #266, #10727, #9348, #6739, #2007, #1329, #718, #6120, #9634, #9980, #7798, #6634, #10384, #502, #1771, #3610, #1965, #7404, #10301, #8074, #2181, #9472, #3183, #10228, #329, #92, #9219, #8993, #2034, #5614, #9305, #666, #10109, #9277, #9670, #1955, #10244, #3694, #3604, #5691, #8103, #7151, #10128, #3822, #10195, #929, #4563, #7854, #10779, #9022, #2089, #8028, #6649, #1381, #9671, #8547, #328, #8754, #5762, #10916, #1330, #8585, #25, #630, #9540, #2613, #3298, #5774, #8413, #3064, #8619, #8522, #3488, #4639, #10860, #6797, #563, #10507, #9492, #5400, #10538, #3234, #4245, #7721, #5320, #8574, #10020, #3652, #1402, #3818, #10782, #890, #6647, #10490, #10669, #8079, #3927, #7794, #3292, #2047, #9345, #434, #5892, #5573, #6894, #9588, #5274, #3037, #6691, #3543, #3972, #6278, #2876, #8497, #76, #1916, #8386, #5350, #2318, #8286, #3316, #5273, #4231, #3634, #2351, #4479 ) ) ;
#8441 = VECTOR ( 'NONE', #7768, 1000.000000000000000 ) ;
#8443 = ORIENTED_EDGE ( 'NONE', *, *, #4143, .F. ) ;
#8442 = DIRECTION ( 'NONE',  ( -1.000000000000000000, 0.000000000000000000, -0.000000000000000000 ) ) ;
#8444 = ORIENTED_EDGE ( 'NONE', *, *, #7861, .T. ) ;
#8445 =( NAMED_UNIT ( * ) SI_UNIT ( $, .STERADIAN. ) SOLID_ANGLE_UNIT ( ) );
#8446 = FACE_OUTER_BOUND ( 'NONE', #9455, .T. ) ;
#8447 = CARTESIAN_POINT ( 'NONE',  ( -1.050000000000000044, 3.169848480983500139, -0.8000000000000005995 ) ) ;
#8448 = EDGE_CURVE ( 'NONE', #5963, #278, #10660, .T. ) ;
#8449 = LINE ( 'NONE', #5230, #5714 ) ;
#8450 = CIRCLE ( 'NONE', #7400, 0.1250000000000001110 ) ;
#8451 = VECTOR ( 'NONE', #9002, 1000.000000000000000 ) ;
#8452 = VECTOR ( 'NONE', #5311, 1000.000000000000000 ) ;
#8453 = LINE ( 'NONE', #246, #4059 ) ;
#8454 = ORIENTED_EDGE ( 'NONE', *, *, #8211, .F. ) ;
#8455 = ORIENTED_EDGE ( 'NONE', *, *, #6520, .T. ) ;
#8457 = VERTEX_POINT ( 'NONE', #4756 ) ;
#8456 = CARTESIAN_POINT ( 'NONE',  ( 0.3750000000000007772, 0.2000000000000000111, -2.500000000000000444 ) ) ;
#8458 = LINE ( 'NONE', #1702, #10015 ) ;
#8459 = CARTESIAN_POINT ( 'NONE',  ( -0.3749999999999992228, 0.04999999999999969746, -2.500000000000000444 ) ) ;
#8461 = ORIENTED_EDGE ( 'NONE', *, *, #5600, .F. ) ;
#8460 = CYLINDRICAL_SURFACE ( 'NONE', #5369, 0.1999999999999998723 ) ;
#8462 = LINE ( 'NONE', #3206, #10018 ) ;
#8463 = VECTOR ( 'NONE', #511, 1000.000000000000000 ) ;
#8464 = DIRECTION ( 'NONE',  ( 0.000000000000000000, 0.000000000000000000, 1.000000000000000000 ) ) ;
#8465 = ADVANCED_FACE ( 'NONE', ( #7472 ), #4804, .F. ) ;
#8466 = FACE_OUTER_BOUND ( 'NONE', #224, .T. ) ;
#8467 = CARTESIAN_POINT ( 'NONE',  ( 2.225000000000000533, 0.000000000000000000, 0.8750000000000001110 ) ) ;
#8468 = LINE ( 'NONE', #5865, #2609 ) ;
#8470 = ORIENTED_EDGE ( 'NONE', *, *, #1805, .T. ) ;
#8469 = CYLINDRICAL_SURFACE ( 'NONE', #6570, 0.1250000000000001110 ) ;
#8471 = CARTESIAN_POINT ( 'NONE',  ( 2.500000000000000000, 0.05000000000000000278, -2.500000000000000444 ) ) ;
#8472 = VERTEX_POINT ( 'NONE', #6478 ) ;
#8473 = ORIENTED_EDGE ( 'NONE', *, *, #286, .T. ) ;
#8474 = DIRECTION ( 'NONE',  ( -0.000000000000000000, -1.000000000000000000, -0.000000000000000000 ) ) ;
#8475 = VERTEX_POINT ( 'NONE', #8185 ) ;
#8476 = CARTESIAN_POINT ( 'NONE',  ( -0.7499999999999993339, 0.2000000000000000111, 2.100000000000000533 ) ) ;
#8477 = CARTESIAN_POINT ( 'NONE',  ( 1.875000000000000888, 0.2000000000000000111, -2.225000000000000977 ) ) ;
#8478 = EDGE_CURVE ( 'NONE', #1259, #2393, #5692, .T. ) ;
#8479 = EDGE_CURVE ( 'NONE', #3783, #8210, #4084, .T. ) ;
#8480 = ADVANCED_FACE ( 'NONE', ( #4914 ), #2319, .F. ) ;
#8481 = ADVANCED_FACE ( 'NONE', ( #3154 ), #9075, .T. ) ;
#8482 = CARTESIAN_POINT ( 'NONE',  ( 2.500000000000000888, 0.000000000000000000, -1.125000000000000000 ) ) ;
#8483 = ORIENTED_EDGE ( 'NONE', *, *, #2923, .T. ) ;
#8484 = ORIENTED_EDGE ( 'NONE', *, *, #3975, .T. ) ;
#8485 = UNCERTAINTY_MEASURE_WITH_UNIT (LENGTH_MEASURE( 1.000000000000000082E-05 ), #8064, 'distance_accuracy_value', 'NONE');
#8486 = FACE_OUTER_BOUND ( 'NONE', #6847, .T. ) ;
#8487 = DIRECTION ( 'NONE',  ( 7.885106708985472271E-16, -0.000000000000000000, 1.000000000000000000 ) ) ;
#8488 = DIRECTION ( 'NONE',  ( -2.365532012695641878E-15, 0.000000000000000000, -1.000000000000000000 ) ) ;
#8489 = LINE ( 'NONE', #897, #7735 ) ;
#8490 = EDGE_CURVE ( 'NONE', #6404, #10357, #703, .T. ) ;
#8491 = EDGE_CURVE ( 'NONE', #595, #7165, #2270, .T. ) ;
#8492 = VECTOR ( 'NONE', #7253, 1000.000000000000000 ) ;
#8493 = DIRECTION ( 'NONE',  ( -0.000000000000000000, -1.000000000000000000, -0.000000000000000000 ) ) ;
#8494 = ORIENTED_EDGE ( 'NONE', *, *, #7469, .F. ) ;
#8495 = ORIENTED_EDGE ( 'NONE', *, *, #616, .T. ) ;
#8496 =( NAMED_UNIT ( * ) SI_UNIT ( $, .STERADIAN. ) SOLID_ANGLE_UNIT ( ) );
#8497 = ORIENTED_EDGE ( 'NONE', *, *, #3278, .F. ) ;
#8498 = CARTESIAN_POINT ( 'NONE',  ( 0.3750000000000014433, 0.1999999999999999833, 2.500000000000000444 ) ) ;
#8499 = CARTESIAN_POINT ( 'NONE',  ( -2.500000000000000888, 0.6716990566028309129, 1.625000000000000444 ) ) ;
#8500 = DIRECTION ( 'NONE',  ( 0.000000000000000000, 0.000000000000000000, -1.000000000000000000 ) ) ;
#8501 = VECTOR ( 'NONE', #4114, 1000.000000000000000 ) ;
#8502 = DIRECTION ( 'NONE',  ( 1.000000000000000000, 0.000000000000000000, 7.885106708985472271E-16 ) ) ;
#8503 = ADVANCED_FACE ( 'NONE', ( #596 ), #10872, .T. ) ;
#8504 = ADVANCED_FACE ( 'NONE', ( #5648 ), #9130, .T. ) ;
#8505 = CARTESIAN_POINT ( 'NONE',  ( -1.874999999999999334, 0.2000000000000000111, 2.225000000000000977 ) ) ;
#8506 = ORIENTED_EDGE ( 'NONE', *, *, #909, .T. ) ;
#8507 = ORIENTED_EDGE ( 'NONE', *, *, #5434, .F. ) ;
#8508 = VECTOR ( 'NONE', #1382, 1000.000000000000000 ) ;
#8510 = ORIENTED_EDGE ( 'NONE', *, *, #5875, .T. ) ;
#8509 =( LENGTH_UNIT ( ) NAMED_UNIT ( * ) SI_UNIT ( .MILLI., .METRE. ) );
#8511 = CARTESIAN_POINT ( 'NONE',  ( -0.7499999999999993339, 0.6716990566028311349, 2.100000000000000533 ) ) ;
#8513 = EDGE_LOOP ( 'NONE', ( #5945, #7961, #3742, #4403 ) ) ;
#8512 = DIRECTION ( 'NONE',  ( 0.000000000000000000, 0.000000000000000000, 1.000000000000000000 ) ) ;
#8514 = CARTESIAN_POINT ( 'NONE',  ( -2.225000000000000533, 0.1999999999999999833, -1.125000000000000000 ) ) ;
#8515 = CARTESIAN_POINT ( 'NONE',  ( 2.500000000000000888, 0.000000000000000000, 1.375000000000000222 ) ) ;
#8516 = CARTESIAN_POINT ( 'NONE',  ( -2.225000000000000533, 0.000000000000000000, -0.7500000000000002220 ) ) ;
#8517 = CARTESIAN_POINT ( 'NONE',  ( -1.374999999999999556, 0.000000000000000000, -2.225000000000000977 ) ) ;
#8518 = LINE ( 'NONE', #6867, #10899 ) ;
#8520 = ORIENTED_EDGE ( 'NONE', *, *, #6355, .T. ) ;
#8519 = CARTESIAN_POINT ( 'NONE',  ( -1.874999999999998668, 0.1999999999999999833, 2.500000000000001332 ) ) ;
#8521 = CARTESIAN_POINT ( 'NONE',  ( 1.625000000000000666, 0.1999999999999999833, -2.225000000000000977 ) ) ;
#8522 = ORIENTED_EDGE ( 'NONE', *, *, #10652, .F. ) ;
#8523 = VERTEX_POINT ( 'NONE', #8564 ) ;
#8524 = DIRECTION ( 'NONE',  ( 0.000000000000000000, 0.000000000000000000, -1.000000000000000000 ) ) ;
#8525 = VERTEX_POINT ( 'NONE', #972 ) ;
#8526 = CARTESIAN_POINT ( 'NONE',  ( 2.225000000000000533, 0.1999999999999999833, -1.250000000000000222 ) ) ;
#8527 = VECTOR ( 'NONE', #726, 1000.000000000000000 ) ;
#8528 = CLOSED_SHELL ( 'NONE', ( #9313, #4875, #3101, #2287, #3396, #10083 ) ) ;
#8529 = EDGE_CURVE ( 'NONE', #2916, #4974, #4353, .T. ) ;
#8530 = VECTOR ( 'NONE', #4919, 1000.000000000000000 ) ;
#8531 = EDGE_CURVE ( 'NONE', #7536, #1586, #4649, .T. ) ;
#8532 = AXIS2_PLACEMENT_3D ( 'NONE', #5966, #5913, #4410 ) ;
#8533 = EDGE_CURVE ( 'NONE', #4076, #2513, #2754, .T. ) ;
#8534 = CARTESIAN_POINT ( 'NONE',  ( 2.500000000000000000, 0.9999999999999991118, 2.499999999999999556 ) ) ;
#8535 = ORIENTED_EDGE ( 'NONE', *, *, #5492, .T. ) ;
#8536 = VERTEX_POINT ( 'NONE', #4247 ) ;
#8537 = CARTESIAN_POINT ( 'NONE',  ( -2.225000000000000533, 0.1999999999999999833, -1.625000000000000000 ) ) ;
#8538 = DIRECTION ( 'NONE',  ( 0.000000000000000000, 0.000000000000000000, 1.000000000000000000 ) ) ;
#8539 = DIRECTION ( 'NONE',  ( -0.000000000000000000, -1.000000000000000000, -0.000000000000000000 ) ) ;
#8540 = FACE_OUTER_BOUND ( 'NONE', #8692, .T. ) ;
#8541 = AXIS2_PLACEMENT_3D ( 'NONE', #2039, #10390, #320 ) ;
#8542 = STYLED_ITEM ( 'NONE', ( #9894 ), #8788 ) ;
#8543 = EDGE_CURVE ( 'NONE', #1477, #7307, #7133, .T. ) ;
#8544 = EDGE_CURVE ( 'NONE', #8048, #10086, #6745, .T. ) ;
#8545 = AXIS2_PLACEMENT_3D ( 'NONE', #1676, #116, #2618 ) ;
#8546 = DIRECTION ( 'NONE',  ( -0.000000000000000000, -1.000000000000000000, -0.000000000000000000 ) ) ;
#8547 = ORIENTED_EDGE ( 'NONE', *, *, #342, .F. ) ;
#8548 = VERTEX_POINT ( 'NONE', #9350 ) ;
#8549 = CARTESIAN_POINT ( 'NONE',  ( 0.3750000000000007772, 0.6716990566028311349, -2.500000000000000444 ) ) ;
#8550 = VECTOR ( 'NONE', #4318, 1000.000000000000000 ) ;
#8551 = DIRECTION ( 'NONE',  ( -0.000000000000000000, 0.000000000000000000, -1.000000000000000000 ) ) ;
#8552 = EDGE_LOOP ( 'NONE', ( #9640, #214, #4944, #9222 ) ) ;
#8553 = FACE_OUTER_BOUND ( 'NONE', #10696, .T. ) ;
#8554 = LINE ( 'NONE', #4340, #2957 ) ;
#8555 = CARTESIAN_POINT ( 'NONE',  ( -2.225000000000000533, 0.000000000000000000, -0.2500000000000002220 ) ) ;
#8556 = ADVANCED_FACE ( 'NONE', ( #5126 ), #3528, .T. ) ;
#8557 = STYLED_ITEM ( 'NONE', ( #1530 ), #1543 ) ;
#8558 = CARTESIAN_POINT ( 'NONE',  ( 2.500000000000000000, 0.05000000000000000278, 2.499999999999999556 ) ) ;
#8559 = CARTESIAN_POINT ( 'NONE',  ( -1.874999999999999334, 0.04999999999999999584, -2.500000000000000444 ) ) ;
#8560 = VERTEX_POINT ( 'NONE', #9460 ) ;
#8561 = ORIENTED_EDGE ( 'NONE', *, *, #9427, .F. ) ;
#8562 = AXIS2_PLACEMENT_3D ( 'NONE', #6109, #6948, #1064 ) ;
#8563 = ORIENTED_EDGE ( 'NONE', *, *, #2705, .T. ) ;
#8564 = CARTESIAN_POINT ( 'NONE',  ( -2.500000000000000888, 0.04999999999999969746, 1.875000000000000222 ) ) ;
#8566 = EDGE_LOOP ( 'NONE', ( #5923, #10590, #8962, #782 ) ) ;
#8565 = DIRECTION ( 'NONE',  ( 0.000000000000000000, 0.000000000000000000, 1.000000000000000000 ) ) ;
#8567 = DIRECTION ( 'NONE',  ( 1.000000000000000000, 0.000000000000000000, -2.365532012695642273E-15 ) ) ;
#8568 = DIRECTION ( 'NONE',  ( 0.000000000000000000, 1.000000000000000000, -0.000000000000000000 ) ) ;
#8569 = EDGE_CURVE ( 'NONE', #9111, #2088, #3422, .T. ) ;
#8570 = CARTESIAN_POINT ( 'NONE',  ( 2.500000000000000000, 0.05000000000000000278, 2.499999999999999556 ) ) ;
#8571 = CARTESIAN_POINT ( 'NONE',  ( -0.1249999999999992506, 0.1999999999999999833, -2.225000000000000977 ) ) ;
#8572 = DIRECTION ( 'NONE',  ( 0.000000000000000000, 0.000000000000000000, -1.000000000000000000 ) ) ;
#8574 = ORIENTED_EDGE ( 'NONE', *, *, #4785, .F. ) ;
#8573 = DIRECTION ( 'NONE',  ( 0.000000000000000000, 0.000000000000000000, 1.000000000000000000 ) ) ;
#8575 = CYLINDRICAL_SURFACE ( 'NONE', #2431, 0.1250000000000001110 ) ;
#8576 = ORIENTED_EDGE ( 'NONE', *, *, #8908, .F. ) ;
#8577 = VERTEX_POINT ( 'NONE', #7745 ) ;
#8578 = DIRECTION ( 'NONE',  ( 1.000000000000000000, 0.000000000000000000, 0.000000000000000000 ) ) ;
#8579 = VERTEX_POINT ( 'NONE', #4299 ) ;
#8580 = FACE_OUTER_BOUND ( 'NONE', #9781, .T. ) ;
#8581 = AXIS2_PLACEMENT_3D ( 'NONE', #7517, #6168, #1855 ) ;
#8582 = EDGE_CURVE ( 'NONE', #1332, #4314, #6908, .T. ) ;
#8583 = VECTOR ( 'NONE', #394, 1000.000000000000000 ) ;
#8584 = CARTESIAN_POINT ( 'NONE',  ( 2.500000000000000888, 0.000000000000000000, -1.125000000000000000 ) ) ;
#8585 = ORIENTED_EDGE ( 'NONE', *, *, #5366, .F. ) ;
#8586 = VERTEX_POINT ( 'NONE', #3469 ) ;
#8587 = DIRECTION ( 'NONE',  ( 0.000000000000000000, -0.000000000000000000, -1.000000000000000000 ) ) ;
#8588 = CARTESIAN_POINT ( 'NONE',  ( 1.875000000000000888, 0.2000000000000000111, 2.225000000000000977 ) ) ;
#8589 = CARTESIAN_POINT ( 'NONE',  ( 0.2500000000000006661, 0.6716990566028311349, -2.225000000000000977 ) ) ;
#8590 = PLANE ( 'NONE',  #8791 ) ;
#8591 = ADVANCED_FACE ( 'NONE', ( #6802 ), #10170, .F. ) ;
#8592 =( GEOMETRIC_REPRESENTATION_CONTEXT ( 3 ) GLOBAL_UNCERTAINTY_ASSIGNED_CONTEXT ( ( #5830 ) ) GLOBAL_UNIT_ASSIGNED_CONTEXT ( ( #1556, #1610, #10893 ) ) REPRESENTATION_CONTEXT ( 'NONE', 'WORKASPACE' ) );
#8593 = EDGE_CURVE ( 'NONE', #5680, #5656, #2015, .T. ) ;
#8594 = EDGE_CURVE ( 'NONE', #3362, #4311, #55, .T. ) ;
#8595 = VECTOR ( 'NONE', #1869, 1000.000000000000000 ) ;
#8596 = LINE ( 'NONE', #6829, #8083 ) ;
#8597 = VERTEX_POINT ( 'NONE', #6123 ) ;
#8598 = ORIENTED_EDGE ( 'NONE', *, *, #277, .T. ) ;
#8599 = LINE ( 'NONE', #8763, #5034 ) ;
#8600 = VECTOR ( 'NONE', #5019, 1000.000000000000000 ) ;
#8601 = ORIENTED_EDGE ( 'NONE', *, *, #2207, .F. ) ;
#8602 = PLANE ( 'NONE',  #7144 ) ;
#8603 = LINE ( 'NONE', #3516, #10381 ) ;
#8604 = CARTESIAN_POINT ( 'NONE',  ( 2.225000000000000533, 0.1999999999999999833, -1.375000000000000000 ) ) ;
#8605 = CIRCLE ( 'NONE', #2780, 0.1250000000000001110 ) ;
#8606 = CARTESIAN_POINT ( 'NONE',  ( 0.3750000000000014433, 0.2000000000000000111, 2.500000000000000444 ) ) ;
#8607 = EDGE_CURVE ( 'NONE', #10401, #1211, #8621, .T. ) ;
#8608 = ADVANCED_FACE ( 'NONE', ( #1758 ), #2639, .T. ) ;
#8609 = EDGE_CURVE ( 'NONE', #7247, #1051, #9295, .T. ) ;
#8610 = CARTESIAN_POINT ( 'NONE',  ( -1.374999999999999334, 0.6716990566028311349, -2.500000000000000444 ) ) ;
#8611 = VECTOR ( 'NONE', #3748, 1000.000000000000000 ) ;
#8612 = VECTOR ( 'NONE', #624, 1000.000000000000000 ) ;
#8613 = VECTOR ( 'NONE', #7374, 1000.000000000000000 ) ;
#8614 = AXIS2_PLACEMENT_3D ( 'NONE', #5228, #8717, #10320 ) ;
#8615 = CARTESIAN_POINT ( 'NONE',  ( -2.499999999999999556, 0.9999999999999991118, 2.500000000000000444 ) ) ;
#8616 = VERTEX_POINT ( 'NONE', #10932 ) ;
#8617 = ORIENTED_EDGE ( 'NONE', *, *, #2578, .F. ) ;
#8619 = ORIENTED_EDGE ( 'NONE', *, *, #1113, .F. ) ;
#8618 = SURFACE_SIDE_STYLE ('',( #6905 ) ) ;
#8620 = CYLINDRICAL_SURFACE ( 'NONE', #4003, 0.1250000000000001110 ) ;
#8621 = LINE ( 'NONE', #6965, #5894 ) ;
#8623 = ORIENTED_EDGE ( 'NONE', *, *, #7803, .F. ) ;
#8622 = LINE ( 'NONE', #1932, #4543 ) ;
#8624 = CIRCLE ( 'NONE', #10378, 0.1250000000000000000 ) ;
#8625 = DIRECTION ( 'NONE',  ( -7.885106708985472271E-16, 0.000000000000000000, 1.000000000000000000 ) ) ;
#8626 = COLOUR_RGB ( '',0.7921568627450980005, 0.8196078431372548767, 0.9333333333333333481 ) ;
#8627 = LINE ( 'NONE', #1935, #4484 ) ;
#8628 = AXIS2_PLACEMENT_3D ( 'NONE', #6889, #5221, #6049 ) ;
#8629 = DIRECTION ( 'NONE',  ( 0.000000000000000000, -1.000000000000000000, 0.000000000000000000 ) ) ;
#8630 = DIRECTION ( 'NONE',  ( 0.000000000000000000, 0.000000000000000000, -1.000000000000000000 ) ) ;
#8631 = EDGE_CURVE ( 'NONE', #3649, #4046, #6015, .T. ) ;
#8632 = FACE_OUTER_BOUND ( 'NONE', #9951, .T. ) ;
#8634 = ORIENTED_EDGE ( 'NONE', *, *, #6175, .F. ) ;
#8633 = DIRECTION ( 'NONE',  ( 0.000000000000000000, 0.000000000000000000, 1.000000000000000000 ) ) ;
#8635 = VECTOR ( 'NONE', #9206, 1000.000000000000000 ) ;
#8636 = FACE_OUTER_BOUND ( 'NONE', #9308, .T. ) ;
#8637 = ORIENTED_EDGE ( 'NONE', *, *, #7278, .F. ) ;
#8638 = ORIENTED_EDGE ( 'NONE', *, *, #7966, .F. ) ;
#8639 = DIRECTION ( 'NONE',  ( 0.000000000000000000, -1.000000000000000000, 0.000000000000000000 ) ) ;
#8640 = VERTEX_POINT ( 'NONE', #8459 ) ;
#8641 = CARTESIAN_POINT ( 'NONE',  ( -1.624999999999999334, 0.6716990566028311349, -2.225000000000000977 ) ) ;
#8642 = DIRECTION ( 'NONE',  ( 0.000000000000000000, 0.000000000000000000, -1.000000000000000000 ) ) ;
#8643 = ORIENTED_EDGE ( 'NONE', *, *, #4672, .T. ) ;
#8644 = CARTESIAN_POINT ( 'NONE',  ( 2.500000000000000888, 0.6716990566028309129, 0.1250000000000003331 ) ) ;
#8645 = DIRECTION ( 'NONE',  ( 0.000000000000000000, 0.000000000000000000, -1.000000000000000000 ) ) ;
#8646 = VERTEX_POINT ( 'NONE', #5473 ) ;
#8647 = EDGE_LOOP ( 'NONE', ( #2299, #5968, #4458, #4430 ) ) ;
#8648 = CARTESIAN_POINT ( 'NONE',  ( 0.6250000000000014433, 0.2000000000000000111, 2.500000000000001332 ) ) ;
#8649 = ORIENTED_EDGE ( 'NONE', *, *, #140, .T. ) ;
#8650 = DIRECTION ( 'NONE',  ( -0.000000000000000000, 0.000000000000000000, -1.000000000000000000 ) ) ;
#8651 = CARTESIAN_POINT ( 'NONE',  ( 0.3750000000000007772, 0.000000000000000000, -2.500000000000000444 ) ) ;
#8652 = DIRECTION ( 'NONE',  ( -1.000000000000000000, 0.000000000000000000, 0.000000000000000000 ) ) ;
#8653 = PLANE ( 'NONE',  #4021 ) ;
#8654 = DIRECTION ( 'NONE',  ( -0.000000000000000000, 0.000000000000000000, -1.000000000000000000 ) ) ;
#8655 = ORIENTED_EDGE ( 'NONE', *, *, #8349, .T. ) ;
#8656 = ORIENTED_EDGE ( 'NONE', *, *, #1952, .T. ) ;
#8657 = CARTESIAN_POINT ( 'NONE',  ( 2.225000000000000533, 0.1999999999999999833, -1.625000000000000000 ) ) ;
#8658 = CARTESIAN_POINT ( 'NONE',  ( -0.1249999999999992506, 0.2000000000000000111, -2.500000000000000444 ) ) ;
#8659 = ORIENTED_EDGE ( 'NONE', *, *, #6443, .F. ) ;
#8660 = CARTESIAN_POINT ( 'NONE',  ( -0.3749999999999992228, 0.6716990566028311349, -2.500000000000000444 ) ) ;
#8661 = DIRECTION ( 'NONE',  ( 0.000000000000000000, -1.000000000000000000, 0.000000000000000000 ) ) ;
#8662 = DIRECTION ( 'NONE',  ( -0.000000000000000000, -1.000000000000000000, -0.000000000000000000 ) ) ;
#8663 = CARTESIAN_POINT ( 'NONE',  ( 1.875000000000000888, 0.6716990566028311349, 2.225000000000000977 ) ) ;
#8664 = CARTESIAN_POINT ( 'NONE',  ( -0.7499999999999993339, 0.2000000000000000111, 2.225000000000000977 ) ) ;
#8665 = ADVANCED_FACE ( 'NONE', ( #3798 ), #5519, .T. ) ;
#8666 = CIRCLE ( 'NONE', #9562, 0.1250000000000001110 ) ;
#8667 = CARTESIAN_POINT ( 'NONE',  ( 1.750000000000000666, 0.2000000000000000111, 2.225000000000000977 ) ) ;
#8668 = ADVANCED_FACE ( 'NONE', ( #1196 ), #4464, .F. ) ;
#8669 = ORIENTED_EDGE ( 'NONE', *, *, #5900, .T. ) ;
#8670 = VERTEX_POINT ( 'NONE', #10493 ) ;
#8672 = ORIENTED_EDGE ( 'NONE', *, *, #4519, .T. ) ;
#8671 = SURFACE_SIDE_STYLE ('',( #2751 ) ) ;
#8673 = EDGE_CURVE ( 'NONE', #2205, #6823, #7188, .T. ) ;
#8674 =( NAMED_UNIT ( * ) SI_UNIT ( $, .STERADIAN. ) SOLID_ANGLE_UNIT ( ) );
#8675 = CARTESIAN_POINT ( 'NONE',  ( 0.3750000000000014433, 0.6716990566028311349, 2.500000000000000444 ) ) ;
#8677 = ORIENTED_EDGE ( 'NONE', *, *, #1356, .T. ) ;
#8676 = LINE ( 'NONE', #198, #8787 ) ;
#8678 = CARTESIAN_POINT ( 'NONE',  ( 2.225000000000000533, 0.1999999999999999833, -1.125000000000000000 ) ) ;
#8679 = CIRCLE ( 'NONE', #10775, 0.1250000000000001110 ) ;
#8680 = DIRECTION ( 'NONE',  ( -1.000000000000000000, 0.000000000000000000, -7.885106708985472271E-16 ) ) ;
#8681 = CIRCLE ( 'NONE', #1070, 0.1999999999999998723 ) ;
#8682 = LINE ( 'NONE', #9465, #7198 ) ;
#8683 = EDGE_CURVE ( 'NONE', #891, #8030, #8893, .T. ) ;
#8684 = DIRECTION ( 'NONE',  ( 2.365532012695649373E-15, 0.000000000000000000, 1.000000000000000000 ) ) ;
#8685 = CARTESIAN_POINT ( 'NONE',  ( -2.225000000000000533, 0.1999999999999999833, -1.250000000000000222 ) ) ;
#8687 = VERTEX_POINT ( 'NONE', #9569 ) ;
#8686 = CARTESIAN_POINT ( 'NONE',  ( -0.7499999999999993339, 0.1999999999999999833, 2.100000000000000533 ) ) ;
#8688 = CARTESIAN_POINT ( 'NONE',  ( -2.225000000000000533, 0.6716990566028309129, -0.8750000000000003331 ) ) ;
#8689 = ORIENTED_EDGE ( 'NONE', *, *, #3265, .T. ) ;
#8690 = ORIENTED_EDGE ( 'NONE', *, *, #3042, .F. ) ;
#8691 = CARTESIAN_POINT ( 'NONE',  ( 0.8750000000000014433, 0.2000000000000000111, 2.500000000000000444 ) ) ;
#8692 = EDGE_LOOP ( 'NONE', ( #7645, #4788, #9646, #2231 ) ) ;
#8693 = DIRECTION ( 'NONE',  ( -0.000000000000000000, -1.000000000000000000, -0.000000000000000000 ) ) ;
#8694 = CARTESIAN_POINT ( 'NONE',  ( 2.500000000000000000, 0.05000000000000000278, 2.499999999999999556 ) ) ;
#8695 = EDGE_CURVE ( 'NONE', #6214, #7261, #2147, .T. ) ;
#8696 = FACE_OUTER_BOUND ( 'NONE', #10226, .T. ) ;
#8697 = DIRECTION ( 'NONE',  ( 0.000000000000000000, 0.000000000000000000, -1.000000000000000000 ) ) ;
#8698 = VERTEX_POINT ( 'NONE', #8065 ) ;
#8699 = ORIENTED_EDGE ( 'NONE', *, *, #6887, .T. ) ;
#8700 = DIRECTION ( 'NONE',  ( 0.000000000000000000, 1.000000000000000000, 0.000000000000000000 ) ) ;
#8701 = ORIENTED_EDGE ( 'NONE', *, *, #2253, .F. ) ;
#8702 = SURFACE_STYLE_FILL_AREA ( #3611 ) ;
#8703 = LINE ( 'NONE', #2065, #2183 ) ;
#8704 = CARTESIAN_POINT ( 'NONE',  ( -2.500000000000000888, 0.000000000000000000, 1.625000000000000444 ) ) ;
#8705 = EDGE_CURVE ( 'NONE', #4814, #1010, #2919, .T. ) ;
#8706 = ADVANCED_FACE ( 'NONE', ( #1249 ), #1984, .F. ) ;
#8707 = AXIS2_PLACEMENT_3D ( 'NONE', #5189, #9355, #9299 ) ;
#8708 = VECTOR ( 'NONE', #2394, 1000.000000000000000 ) ;
#8709 = DIRECTION ( 'NONE',  ( 0.000000000000000000, 1.000000000000000000, 0.000000000000000000 ) ) ;
#8710 = ORIENTED_EDGE ( 'NONE', *, *, #5098, .F. ) ;
#8711 = ORIENTED_EDGE ( 'NONE', *, *, #3521, .F. ) ;
#8712 = CYLINDRICAL_SURFACE ( 'NONE', #10854, 0.1250000000000001110 ) ;
#8713 = DIRECTION ( 'NONE',  ( -0.000000000000000000, -1.000000000000000000, 0.000000000000000000 ) ) ;
#8714 = ORIENTED_EDGE ( 'NONE', *, *, #9272, .T. ) ;
#8715 = SURFACE_STYLE_FILL_AREA ( #3566 ) ;
#8716 = AXIS2_PLACEMENT_3D ( 'NONE', #8290, #4951, #5742 ) ;
#8717 = DIRECTION ( 'NONE',  ( 0.000000000000000000, 1.000000000000000000, -0.000000000000000000 ) ) ;
#8718 = CARTESIAN_POINT ( 'NONE',  ( -1.124999999999999334, 0.2000000000000000111, -2.225000000000000977 ) ) ;
#8719 = VECTOR ( 'NONE', #4854, 1000.000000000000000 ) ;
#8720 = CARTESIAN_POINT ( 'NONE',  ( 1.375000000000001332, 0.2000000000000000111, 2.500000000000000444 ) ) ;
#8721 = ADVANCED_FACE ( 'NONE', ( #1931 ), #4631, .F. ) ;
#8722 = LINE ( 'NONE', #8610, #8099 ) ;
#8723 = AXIS2_PLACEMENT_3D ( 'NONE', #315, #5357, #370 ) ;
#8724 = PLANE ( 'NONE',  #7800 ) ;
#8725 = ORIENTED_EDGE ( 'NONE', *, *, #8204, .F. ) ;
#8726 = EDGE_LOOP ( 'NONE', ( #6051, #7493, #4211, #4490 ) ) ;
#8727 = ORIENTED_EDGE ( 'NONE', *, *, #8005, .F. ) ;
#8728 = CARTESIAN_POINT ( 'NONE',  ( 1.050000000000000266, 0.2000000000000000944, -1.050000000000000266 ) ) ;
#8729 = PLANE ( 'NONE',  #5780 ) ;
#8730 = CARTESIAN_POINT ( 'NONE',  ( 2.225000000000000533, 0.000000000000000000, 0.7499999999999997780 ) ) ;
#8731 = AXIS2_PLACEMENT_3D ( 'NONE', #9950, #9232, #2366 ) ;
#8732 = LINE ( 'NONE', #1143, #1652 ) ;
#8733 = VECTOR ( 'NONE', #4618, 1000.000000000000000 ) ;
#8734 = EDGE_CURVE ( 'NONE', #10026, #8525, #9437, .T. ) ;
#8735 = EDGE_CURVE ( 'NONE', #8856, #5963, #1140, .T. ) ;
#8736 = PLANE ( 'NONE',  #6884 ) ;
#8737 = DIRECTION ( 'NONE',  ( 0.000000000000000000, 0.000000000000000000, -1.000000000000000000 ) ) ;
#8738 = ORIENTED_EDGE ( 'NONE', *, *, #9697, .T. ) ;
#8739 = CARTESIAN_POINT ( 'NONE',  ( -1.050000000000000044, 0.2000000000000000944, -0.8000000000000005995 ) ) ;
#8740 = EDGE_LOOP ( 'NONE', ( #10672, #3224, #7921, #7534 ) ) ;
#8741 = ORIENTED_EDGE ( 'NONE', *, *, #7666, .F. ) ;
#8742 = CARTESIAN_POINT ( 'NONE',  ( 1.875000000000000888, 0.2000000000000000944, -2.500000000000000444 ) ) ;
#8743 = ORIENTED_EDGE ( 'NONE', *, *, #10190, .F. ) ;
#8744 = CARTESIAN_POINT ( 'NONE',  ( -2.500000000000000888, 0.000000000000000000, 0.1250000000000003331 ) ) ;
#8745 = CARTESIAN_POINT ( 'NONE',  ( 1.625000000000000888, 0.1999999999999999833, -2.500000000000000444 ) ) ;
#8746 = EDGE_CURVE ( 'NONE', #1076, #9173, #10540, .T. ) ;
#8747 = ADVANCED_FACE ( 'NONE', ( #2977 ), #10593, .F. ) ;
#8748 = ORIENTED_EDGE ( 'NONE', *, *, #10431, .T. ) ;
#8749 = PLANE ( 'NONE',  #4074 ) ;
#8750 = FACE_OUTER_BOUND ( 'NONE', #6872, .T. ) ;
#8751 = EDGE_LOOP ( 'NONE', ( #1324, #8920, #953, #6240 ) ) ;
#8752 = ORIENTED_EDGE ( 'NONE', *, *, #2730, .T. ) ;
#8753 = LINE ( 'NONE', #3051, #9422 ) ;
#8754 = ORIENTED_EDGE ( 'NONE', *, *, #5957, .F. ) ;
#8755 = CIRCLE ( 'NONE', #6642, 0.1250000000000001110 ) ;
#8756 =( NAMED_UNIT ( * ) SI_UNIT ( $, .STERADIAN. ) SOLID_ANGLE_UNIT ( ) );
#8757 = DIRECTION ( 'NONE',  ( 0.000000000000000000, -1.000000000000000000, 0.000000000000000000 ) ) ;
#8758 = PLANE ( 'NONE',  #2429 ) ;
#8759 = DIRECTION ( 'NONE',  ( 0.000000000000000000, 0.000000000000000000, -1.000000000000000000 ) ) ;
#8760 = ADVANCED_FACE ( 'NONE', ( #3638 ), #10386, .F. ) ;
#8761 = EDGE_LOOP ( 'NONE', ( #3334, #2282, #10208, #6528 ) ) ;
#8762 = ORIENTED_EDGE ( 'NONE', *, *, #2563, .F. ) ;
#8763 = CARTESIAN_POINT ( 'NONE',  ( -2.499999999999999556, 0.05000000000000000278, 2.500000000000000444 ) ) ;
#8764 = LINE ( 'NONE', #7285, #3088 ) ;
#8765 = CLOSED_SHELL ( 'NONE', ( #2029, #7033, #7841, #5912, #9932, #4920, #8845 ) ) ;
#8766 = CARTESIAN_POINT ( 'NONE',  ( 2.225000000000000533, 0.1999999999999999833, -0.3749999999999998890 ) ) ;
#8767 = DIRECTION ( 'NONE',  ( 0.000000000000000000, -1.000000000000000000, 0.000000000000000000 ) ) ;
#8768 = FACE_OUTER_BOUND ( 'NONE', #3796, .T. ) ;
#8769 = MECHANICAL_DESIGN_GEOMETRIC_PRESENTATION_REPRESENTATION (  '', ( #1694 ), #8592 ) ;
#8770 = CARTESIAN_POINT ( 'NONE',  ( -1.124999999999998668, 0.6716990566028311349, 2.500000000000000444 ) ) ;
#8771 = UNCERTAINTY_MEASURE_WITH_UNIT (LENGTH_MEASURE( 1.000000000000000082E-05 ), #8316, 'distance_accuracy_value', 'NONE');
#8772 = DIRECTION ( 'NONE',  ( 0.000000000000000000, 0.000000000000000000, 1.000000000000000000 ) ) ;
#8773 = MANIFOLD_SOLID_BREP ( 'LPattern3[8]', #1473 ) ;
#8774 = COLOUR_RGB ( '',0.7921568627450980005, 0.8196078431372548767, 0.9333333333333333481 ) ;
#8775 = AXIS2_PLACEMENT_3D ( 'NONE', #8783, #1199, #2643 ) ;
#8776 = FACE_OUTER_BOUND ( 'NONE', #9549, .T. ) ;
#8777 = ORIENTED_EDGE ( 'NONE', *, *, #8022, .T. ) ;
#8778 = ORIENTED_EDGE ( 'NONE', *, *, #4873, .F. ) ;
#8779 = VERTEX_POINT ( 'NONE', #8171 ) ;
#8780 = ADVANCED_FACE ( 'NONE', ( #8119 ), #7908, .F. ) ;
#8781 =( GEOMETRIC_REPRESENTATION_CONTEXT ( 3 ) GLOBAL_UNCERTAINTY_ASSIGNED_CONTEXT ( ( #5040 ) ) GLOBAL_UNIT_ASSIGNED_CONTEXT ( ( #2815, #6186, #8674 ) ) REPRESENTATION_CONTEXT ( 'NONE', 'WORKASPACE' ) );
#8782 = CARTESIAN_POINT ( 'NONE',  ( -1.124999999999999334, 0.2000000000000000111, -2.500000000000000444 ) ) ;
#8783 = CARTESIAN_POINT ( 'NONE',  ( -0.7499999999999993339, 0.6716990566028311349, -2.225000000000000977 ) ) ;
#8784 = DIRECTION ( 'NONE',  ( 0.000000000000000000, 0.000000000000000000, 1.000000000000000000 ) ) ;
#8785 = VECTOR ( 'NONE', #10266, 1000.000000000000000 ) ;
#8786 = AXIS2_PLACEMENT_3D ( 'NONE', #2719, #4492, #8697 ) ;
#8787 = VECTOR ( 'NONE', #10231, 1000.000000000000000 ) ;
#8788 = MANIFOLD_SOLID_BREP ( 'Chamfer2', #6602 ) ;
#8789 = CARTESIAN_POINT ( 'NONE',  ( -0.6249999999999985567, 0.2000000000000000111, 2.500000000000000444 ) ) ;
#8790 = VECTOR ( 'NONE', #6721, 1000.000000000000000 ) ;
#8792 = DIRECTION ( 'NONE',  ( 1.000000000000000000, 0.000000000000000000, -2.365532012695642273E-15 ) ) ;
#8791 = AXIS2_PLACEMENT_3D ( 'NONE', #4164, #9381, #9435 ) ;
#8794 = ORIENTED_EDGE ( 'NONE', *, *, #10811, .T. ) ;
#8793 =( NAMED_UNIT ( * ) SI_UNIT ( $, .STERADIAN. ) SOLID_ANGLE_UNIT ( ) );
#8795 = DIRECTION ( 'NONE',  ( 0.000000000000000000, 0.000000000000000000, 1.000000000000000000 ) ) ;
#8796 = ORIENTED_EDGE ( 'NONE', *, *, #1073, .T. ) ;
#8797 = ORIENTED_EDGE ( 'NONE', *, *, #10256, .T. ) ;
#8798 = CARTESIAN_POINT ( 'NONE',  ( -2.500000000000000000, 0.05000000000000000278, -2.500000000000000444 ) ) ;
#8799 = ORIENTED_EDGE ( 'NONE', *, *, #166, .T. ) ;
#8800 = VECTOR ( 'NONE', #10503, 1000.000000000000000 ) ;
#8801 = DIRECTION ( 'NONE',  ( -0.000000000000000000, -1.000000000000000000, -0.000000000000000000 ) ) ;
#8802 = AXIS2_PLACEMENT_3D ( 'NONE', #4287, #7676, #78 ) ;
#8803 = PLANE ( 'NONE',  #8176 ) ;
#8804 = AXIS2_PLACEMENT_3D ( 'NONE', #2763, #1257, #7919 ) ;
#8805 = AXIS2_PLACEMENT_3D ( 'NONE', #2140, #1090, #2649 ) ;
#8806 = DIRECTION ( 'NONE',  ( 0.000000000000000000, -1.000000000000000000, 0.000000000000000000 ) ) ;
#8807 = ORIENTED_EDGE ( 'NONE', *, *, #7415, .T. ) ;
#8808 = CARTESIAN_POINT ( 'NONE',  ( -1.374999999999999334, 0.2000000000000000111, 2.225000000000000977 ) ) ;
#8809 = CARTESIAN_POINT ( 'NONE',  ( 2.500000000000000888, 0.000000000000000000, 1.875000000000000222 ) ) ;
#8811 = ORIENTED_EDGE ( 'NONE', *, *, #9963, .F. ) ;
#8810 = EDGE_CURVE ( 'NONE', #5416, #8586, #9996, .T. ) ;
#8812 = EDGE_LOOP ( 'NONE', ( #5605, #5299, #9796, #1944, #10207 ) ) ;
#8813 = LINE ( 'NONE', #4603, #3932 ) ;
#8814 = VERTEX_POINT ( 'NONE', #9175 ) ;
#8815 = ADVANCED_FACE ( 'NONE', ( #635 ), #4016, .T. ) ;
#8816 = EDGE_CURVE ( 'NONE', #6325, #8146, #10644, .T. ) ;
#8817 = FILL_AREA_STYLE ('',( #3553 ) ) ;
#8818 = CARTESIAN_POINT ( 'NONE',  ( 2.225000000000000533, 0.1999999999999999833, -0.1249999999999998890 ) ) ;
#8819 = EDGE_CURVE ( 'NONE', #1701, #7247, #3958, .T. ) ;
#8820 = DIRECTION ( 'NONE',  ( 1.000000000000000000, -0.000000000000000000, 0.000000000000000000 ) ) ;
#8821 = DIRECTION ( 'NONE',  ( -0.000000000000000000, 0.000000000000000000, -1.000000000000000000 ) ) ;
#8823 = VERTEX_POINT ( 'NONE', #1580 ) ;
#8822 = ADVANCED_FACE ( 'NONE', ( #3136 ), #6463, .F. ) ;
#8824 = ORIENTED_EDGE ( 'NONE', *, *, #3804, .T. ) ;
#8825 = FACE_BOUND ( 'NONE', #9046, .T. ) ;
#8826 = DIRECTION ( 'NONE',  ( 0.000000000000000000, -0.000000000000000000, 1.000000000000000000 ) ) ;
#8827 = CARTESIAN_POINT ( 'NONE',  ( 2.500000000000000888, 0.04999999999999969746, -0.3749999999999996669 ) ) ;
#8828 = DIRECTION ( 'NONE',  ( 0.000000000000000000, -1.000000000000000000, 0.000000000000000000 ) ) ;
#8829 = CARTESIAN_POINT ( 'NONE',  ( -2.225000000000000533, 0.6716990566028309129, -0.6249999999999998890 ) ) ;
#8830 = FACE_OUTER_BOUND ( 'NONE', #4699, .T. ) ;
#8831 = MANIFOLD_SOLID_BREP ( 'LPattern3[12]', #62 ) ;
#8832 = EDGE_CURVE ( 'NONE', #1303, #3712, #7675, .T. ) ;
#8833 = CARTESIAN_POINT ( 'NONE',  ( -2.225000000000000533, 0.1999999999999999833, 1.875000000000000222 ) ) ;
#8834 = CARTESIAN_POINT ( 'NONE',  ( 2.225000000000000533, 0.000000000000000000, -0.2500000000000002220 ) ) ;
#8835 = VERTEX_POINT ( 'NONE', #4899 ) ;
#8836 = ORIENTED_EDGE ( 'NONE', *, *, #5396, .T. ) ;
#8838 = ORIENTED_EDGE ( 'NONE', *, *, #8673, .T. ) ;
#8837 = FACE_OUTER_BOUND ( 'NONE', #5872, .T. ) ;
#8839 = PLANE ( 'NONE',  #8423 ) ;
#8840 = DIRECTION ( 'NONE',  ( -2.365532012695642273E-15, 0.000000000000000000, -1.000000000000000000 ) ) ;
#8841 = LINE ( 'NONE', #3959, #2249 ) ;
#8842 = LINE ( 'NONE', #3906, #294 ) ;
#8843 = PLANE ( 'NONE',  #8541 ) ;
#8844 = VECTOR ( 'NONE', #3360, 1000.000000000000000 ) ;
#8845 = ADVANCED_FACE ( 'NONE', ( #9390 ), #8602, .F. ) ;
#8846 = EDGE_CURVE ( 'NONE', #891, #7698, #2514, .T. ) ;
#8847 = MANIFOLD_SOLID_BREP ( 'LPattern3[7]', #10472 ) ;
#8848 = CARTESIAN_POINT ( 'NONE',  ( 2.500000000000000000, 9.071067811865477282, -2.500000000000000444 ) ) ;
#8850 = VECTOR ( 'NONE', #10047, 1000.000000000000000 ) ;
#8849 = FACE_OUTER_BOUND ( 'NONE', #7616, .T. ) ;
#8851 = ORIENTED_EDGE ( 'NONE', *, *, #5700, .T. ) ;
#8852 = FACE_OUTER_BOUND ( 'NONE', #5895, .T. ) ;
#8853 = ORIENTED_EDGE ( 'NONE', *, *, #10392, .F. ) ;
#8854 = ORIENTED_EDGE ( 'NONE', *, *, #97, .F. ) ;
#8855 = LINE ( 'NONE', #1264, #6954 ) ;
#8856 = VERTEX_POINT ( 'NONE', #5847 ) ;
#8857 = LINE ( 'NONE', #6533, #7371 ) ;
#8858 = CARTESIAN_POINT ( 'NONE',  ( 1.281329840210138036E-15, 0.05000000000000000278, 1.624999999999998446 ) ) ;
#8859 = VECTOR ( 'NONE', #9088, 1000.000000000000000 ) ;
#8860 = EDGE_CURVE ( 'NONE', #2490, #6368, #10663, .T. ) ;
#8861 = DIRECTION ( 'NONE',  ( 0.000000000000000000, -1.000000000000000000, 0.000000000000000000 ) ) ;
#8862 = EDGE_LOOP ( 'NONE', ( #4598, #4602, #1812, #6922 ) ) ;
#8863 = CARTESIAN_POINT ( 'NONE',  ( -1.624999999999998668, 0.1999999999999999833, 2.500000000000000444 ) ) ;
#8864 = FACE_OUTER_BOUND ( 'NONE', #4149, .T. ) ;
#8865 = ORIENTED_EDGE ( 'NONE', *, *, #10428, .F. ) ;
#8866 = VERTEX_POINT ( 'NONE', #5001 ) ;
#8867 = DIRECTION ( 'NONE',  ( -0.000000000000000000, -1.000000000000000000, -0.000000000000000000 ) ) ;
#8868 = ORIENTED_EDGE ( 'NONE', *, *, #7075, .T. ) ;
#8869 = CARTESIAN_POINT ( 'NONE',  ( 2.225000000000000533, 0.1999999999999999833, 1.375000000000000222 ) ) ;
#8870 = CARTESIAN_POINT ( 'NONE',  ( 1.050000000000000266, 0.000000000000000000, -1.050000000000000266 ) ) ;
#8871 = EDGE_CURVE ( 'NONE', #2490, #9757, #4337, .T. ) ;
#8872 = EDGE_CURVE ( 'NONE', #1269, #9902, #855, .T. ) ;
#8873 = ADVANCED_FACE ( 'NONE', ( #3408 ), #132, .F. ) ;
#8874 = LINE ( 'NONE', #1281, #3661 ) ;
#8875 = EDGE_LOOP ( 'NONE', ( #4494, #5092, #8344, #6268 ) ) ;
#8876 = ORIENTED_EDGE ( 'NONE', *, *, #4489, .F. ) ;
#8877 = CARTESIAN_POINT ( 'NONE',  ( -1.624999999999998668, 0.2000000000000000111, 2.500000000000000444 ) ) ;
#8878 = DIRECTION ( 'NONE',  ( 2.365532012695649373E-15, 0.000000000000000000, 1.000000000000000000 ) ) ;
#8879 = DIRECTION ( 'NONE',  ( 0.000000000000000000, 1.000000000000000000, -0.000000000000000000 ) ) ;
#8880 = CARTESIAN_POINT ( 'NONE',  ( -0.1249999999999992506, 0.2000000000000000944, -2.500000000000000444 ) ) ;
#8881 = PLANE ( 'NONE',  #9087 ) ;
#8882 = CIRCLE ( 'NONE', #8177, 0.1250000000000000000 ) ;
#8883 = EDGE_CURVE ( 'NONE', #1684, #10512, #4174, .T. ) ;
#8884 = LINE ( 'NONE', #4308, #9874 ) ;
#8885 = CARTESIAN_POINT ( 'NONE',  ( -1.249999999999999334, 0.04999999999999999584, -2.225000000000000977 ) ) ;
#8886 = ORIENTED_EDGE ( 'NONE', *, *, #499, .T. ) ;
#8887 = ORIENTED_EDGE ( 'NONE', *, *, #878, .F. ) ;
#8888 = AXIS2_PLACEMENT_3D ( 'NONE', #3157, #811, #4088 ) ;
#8889 = VECTOR ( 'NONE', #4592, 1000.000000000000000 ) ;
#8891 = ORIENTED_EDGE ( 'NONE', *, *, #5670, .T. ) ;
#8890 = DIRECTION ( 'NONE',  ( -0.000000000000000000, -1.000000000000000000, -0.000000000000000000 ) ) ;
#8892 = LINE ( 'NONE', #6405, #977 ) ;
#8893 = LINE ( 'NONE', #8728, #6785 ) ;
#8894 = DIRECTION ( 'NONE',  ( -0.000000000000000000, -1.000000000000000000, -0.000000000000000000 ) ) ;
#8895 = DIRECTION ( 'NONE',  ( 0.000000000000000000, 0.000000000000000000, 1.000000000000000000 ) ) ;
#8896 = CARTESIAN_POINT ( 'NONE',  ( -2.225000000000000533, 0.6716990566028309129, -0.2500000000000002220 ) ) ;
#8897 = AXIS2_PLACEMENT_3D ( 'NONE', #1278, #3826, #1112 ) ;
#8898 = CIRCLE ( 'NONE', #5361, 0.1250000000000001110 ) ;
#8899 = AXIS2_PLACEMENT_3D ( 'NONE', #2817, #6187, #6357 ) ;
#8900 = CARTESIAN_POINT ( 'NONE',  ( -1.749999999999999334, 0.000000000000000000, -2.225000000000000977 ) ) ;
#8901 = CARTESIAN_POINT ( 'NONE',  ( 0.8750000000000007772, 0.000000000000000000, -2.500000000000000444 ) ) ;
#8902 = AXIS2_PLACEMENT_3D ( 'NONE', #9984, #3285, #4882 ) ;
#8904 = VERTEX_POINT ( 'NONE', #3515 ) ;
#8903 = CARTESIAN_POINT ( 'NONE',  ( 1.625000000000000888, 0.6716990566028311349, 2.225000000000000977 ) ) ;
#8905 = LINE ( 'NONE', #4589, #2610 ) ;
#8906 = ADVANCED_FACE ( 'NONE', ( #6004 ), #6895, .F. ) ;
#8907 = ORIENTED_EDGE ( 'NONE', *, *, #6712, .F. ) ;
#8908 = EDGE_CURVE ( 'NONE', #2638, #7152, #5057, .T. ) ;
#8909 = ORIENTED_EDGE ( 'NONE', *, *, #4822, .T. ) ;
#8910 = CARTESIAN_POINT ( 'NONE',  ( -1.749999999999999334, 0.2000000000000000111, 2.225000000000000977 ) ) ;
#8911 = ORIENTED_EDGE ( 'NONE', *, *, #2359, .T. ) ;
#8912 = CARTESIAN_POINT ( 'NONE',  ( 1.875000000000001554, 0.04999999999999969746, 2.500000000000000444 ) ) ;
#8913 =( GEOMETRIC_REPRESENTATION_CONTEXT ( 3 ) GLOBAL_UNCERTAINTY_ASSIGNED_CONTEXT ( ( #10426 ) ) GLOBAL_UNIT_ASSIGNED_CONTEXT ( ( #297, #4567, #6171 ) ) REPRESENTATION_CONTEXT ( 'NONE', 'WORKASPACE' ) );
#8914 = DIRECTION ( 'NONE',  ( 0.000000000000000000, 0.000000000000000000, -1.000000000000000000 ) ) ;
#8915 =( GEOMETRIC_REPRESENTATION_CONTEXT ( 3 ) GLOBAL_UNCERTAINTY_ASSIGNED_CONTEXT ( ( #1450 ) ) GLOBAL_UNIT_ASSIGNED_CONTEXT ( ( #7580, #2420, #645 ) ) REPRESENTATION_CONTEXT ( 'NONE', 'WORKASPACE' ) );
#8916 = LINE ( 'NONE', #10721, #7569 ) ;
#8917 = VERTEX_POINT ( 'NONE', #8827 ) ;
#8918 = CARTESIAN_POINT ( 'NONE',  ( -6.899468370362301302E-16, 0.05000000000000000278, -0.8750000000000016653 ) ) ;
#8919 = DIRECTION ( 'NONE',  ( -2.365532012695648978E-15, 0.000000000000000000, -1.000000000000000000 ) ) ;
#8920 = ORIENTED_EDGE ( 'NONE', *, *, #2374, .T. ) ;
#8921 = ORIENTED_EDGE ( 'NONE', *, *, #4550, .F. ) ;
#8922 = CARTESIAN_POINT ( 'NONE',  ( 1.050000000000000266, 0.2000000000000009548, -1.050000000000000266 ) ) ;
#8923 = ORIENTED_EDGE ( 'NONE', *, *, #8926, .T. ) ;
#8924 = MANIFOLD_SOLID_BREP ( 'LPattern3[4]', #4650 ) ;
#8925 = DIRECTION ( 'NONE',  ( 1.000000000000000000, 0.000000000000000000, 7.885106708985472271E-16 ) ) ;
#8926 = EDGE_CURVE ( 'NONE', #5239, #3212, #2854, .T. ) ;
#8927 = VECTOR ( 'NONE', #4133, 1000.000000000000000 ) ;
#8928 = CARTESIAN_POINT ( 'NONE',  ( -2.225000000000000533, 0.6716990566028309129, -0.6249999999999998890 ) ) ;
#8929 = ORIENTED_EDGE ( 'NONE', *, *, #8261, .T. ) ;
#8930 = ORIENTED_EDGE ( 'NONE', *, *, #6376, .T. ) ;
#8931 = DIRECTION ( 'NONE',  ( 1.000000000000000000, -0.000000000000000000, 0.000000000000000000 ) ) ;
#8932 = DIRECTION ( 'NONE',  ( 0.000000000000000000, 1.000000000000000000, 0.000000000000000000 ) ) ;
#8933 = EDGE_CURVE ( 'NONE', #3466, #7596, #1468, .T. ) ;
#8934 = DIRECTION ( 'NONE',  ( 0.000000000000000000, -1.000000000000000000, 0.000000000000000000 ) ) ;
#8935 = EDGE_CURVE ( 'NONE', #4221, #7710, #9718, .T. ) ;
#8936 = DIRECTION ( 'NONE',  ( -0.000000000000000000, -1.000000000000000000, -0.000000000000000000 ) ) ;
#8937 = LINE ( 'NONE', #8110, #7918 ) ;
#8938 = PRESENTATION_LAYER_ASSIGNMENT (  '', '', ( #4868 ) ) ;
#8939 = MANIFOLD_SOLID_BREP ( 'PIN1', #9827 ) ;
#8940 = CYLINDRICAL_SURFACE ( 'NONE', #6334, 0.1250000000000001110 ) ;
#8941 = FACE_OUTER_BOUND ( 'NONE', #8440, .T. ) ;
#8942 = FACE_OUTER_BOUND ( 'NONE', #3446, .T. ) ;
#8943 = ORIENTED_EDGE ( 'NONE', *, *, #6177, .F. ) ;
#8944 = EDGE_LOOP ( 'NONE', ( #2473, #418, #8824, #821 ) ) ;
#8945 = STYLED_ITEM ( 'NONE', ( #9039 ), #5337 ) ;
#8947 = ORIENTED_EDGE ( 'NONE', *, *, #6792, .T. ) ;
#8946 = FILL_AREA_STYLE_COLOUR ( '', #6971 ) ;
#8948 = EDGE_CURVE ( 'NONE', #9140, #577, #6111, .T. ) ;
#8949 = DIRECTION ( 'NONE',  ( 0.000000000000000000, -1.000000000000000000, 0.000000000000000000 ) ) ;
#8950 = EDGE_CURVE ( 'NONE', #3022, #5428, #10528, .T. ) ;
#8951 = CARTESIAN_POINT ( 'NONE',  ( -2.225000000000000533, 0.000000000000000000, -1.750000000000000222 ) ) ;
#8952 = EDGE_CURVE ( 'NONE', #4790, #9173, #1917, .T. ) ;
#8953 = CARTESIAN_POINT ( 'NONE',  ( -1.624999999999999334, 0.2000000000000000111, -2.500000000000000444 ) ) ;
#8954 = CIRCLE ( 'NONE', #2588, 0.1250000000000001110 ) ;
#8955 = COLOUR_RGB ( '',0.7921568627450980005, 0.8196078431372548767, 0.9333333333333333481 ) ;
#8956 = CYLINDRICAL_SURFACE ( 'NONE', #351, 0.1250000000000001110 ) ;
#8957 = DIRECTION ( 'NONE',  ( -0.000000000000000000, -1.000000000000000000, -0.000000000000000000 ) ) ;
#8959 = ORIENTED_EDGE ( 'NONE', *, *, #177, .T. ) ;
#8958 =( NAMED_UNIT ( * ) PLANE_ANGLE_UNIT ( ) SI_UNIT ( $, .RADIAN. ) );
#8960 = PLANE ( 'NONE',  #2774 ) ;
#8961 = EDGE_LOOP ( 'NONE', ( #9936, #7385, #2426, #364 ) ) ;
#8962 = ORIENTED_EDGE ( 'NONE', *, *, #6301, .T. ) ;
#8963 = DIRECTION ( 'NONE',  ( 0.000000000000000000, 1.000000000000000000, 0.000000000000000000 ) ) ;
#8964 = ORIENTED_EDGE ( 'NONE', *, *, #6640, .F. ) ;
#8965 = VECTOR ( 'NONE', #9731, 1000.000000000000000 ) ;
#8966 = DIRECTION ( 'NONE',  ( -1.000000000000000000, 0.000000000000000000, 3.469446951953614583E-15 ) ) ;
#8967 = DIRECTION ( 'NONE',  ( 1.000000000000000000, 0.000000000000000000, -7.885106708985472271E-16 ) ) ;
#8968 = CIRCLE ( 'NONE', #3857, 0.1250000000000001110 ) ;
#8969 = CIRCLE ( 'NONE', #641, 0.1250000000000001110 ) ;
#8970 = ADVANCED_FACE ( 'NONE', ( #3730 ), #4450, .F. ) ;
#8971 = EDGE_CURVE ( 'NONE', #5736, #9528, #7997, .T. ) ;
#8972 = VECTOR ( 'NONE', #5213, 1000.000000000000000 ) ;
#8973 = CIRCLE ( 'NONE', #6501, 0.1250000000000001110 ) ;
#8974 = CARTESIAN_POINT ( 'NONE',  ( 1.125000000000001332, 0.2000000000000000111, 2.500000000000001332 ) ) ;
#8975 = ORIENTED_EDGE ( 'NONE', *, *, #4938, .F. ) ;
#8976 = VECTOR ( 'NONE', #9090, 1000.000000000000000 ) ;
#8978 = ORIENTED_EDGE ( 'NONE', *, *, #8593, .F. ) ;
#8977 = CARTESIAN_POINT ( 'NONE',  ( -1.749999999999999334, 0.6716990566028311349, -2.225000000000000977 ) ) ;
#8979 = VECTOR ( 'NONE', #501, 1000.000000000000000 ) ;
#8980 = DIRECTION ( 'NONE',  ( 1.000000000000000000, 0.000000000000000000, -0.000000000000000000 ) ) ;
#8981 = ORIENTED_EDGE ( 'NONE', *, *, #2041, .F. ) ;
#8982 = VERTEX_POINT ( 'NONE', #7542 ) ;
#8983 = CARTESIAN_POINT ( 'NONE',  ( 2.500000000000000888, 0.6716990566028309129, -1.374999999999999778 ) ) ;
#8984 = ORIENTED_EDGE ( 'NONE', *, *, #9554, .F. ) ;
#8985 = CARTESIAN_POINT ( 'NONE',  ( -2.500000000000000888, 0.6716990566028309129, -1.625000000000000000 ) ) ;
#8986 = CARTESIAN_POINT ( 'NONE',  ( -2.000000000000000888, 0.9000000000000000222, -2.000000000000000444 ) ) ;
#8987 = VECTOR ( 'NONE', #9434, 1000.000000000000000 ) ;
#8988 = AXIS2_PLACEMENT_3D ( 'NONE', #5195, #3587, #8572 ) ;
#8989 = CIRCLE ( 'NONE', #6870, 0.1250000000000001110 ) ;
#8990 = EDGE_CURVE ( 'NONE', #6472, #5732, #1667, .T. ) ;
#8991 = EDGE_CURVE ( 'NONE', #4800, #8814, #3218, .T. ) ;
#8992 = CARTESIAN_POINT ( 'NONE',  ( -1.749999999999999334, 0.2000000000000000111, -2.225000000000000977 ) ) ;
#8993 = ORIENTED_EDGE ( 'NONE', *, *, #2056, .F. ) ;
#8994 = ORIENTED_EDGE ( 'NONE', *, *, #684, .T. ) ;
#8995 = CYLINDRICAL_SURFACE ( 'NONE', #10164, 0.1250000000000001110 ) ;
#8996 = PLANE ( 'NONE',  #6073 ) ;
#8997 = AXIS2_PLACEMENT_3D ( 'NONE', #6821, #10194, #5 ) ;
#8998 = CARTESIAN_POINT ( 'NONE',  ( 0.8750000000000014433, 0.000000000000000000, 2.500000000000000444 ) ) ;
#8999 = DIRECTION ( 'NONE',  ( -0.000000000000000000, -1.000000000000000000, -0.000000000000000000 ) ) ;
#9000 = CARTESIAN_POINT ( 'NONE',  ( -1.124999999999999334, 0.000000000000000000, -2.225000000000000977 ) ) ;
#9001 = UNCERTAINTY_MEASURE_WITH_UNIT (LENGTH_MEASURE( 1.000000000000000082E-05 ), #1092, 'distance_accuracy_value', 'NONE');
#9002 = DIRECTION ( 'NONE',  ( 0.000000000000000000, -1.000000000000000000, 0.000000000000000000 ) ) ;
#9003 = DIRECTION ( 'NONE',  ( 0.000000000000000000, -0.000000000000000000, -1.000000000000000000 ) ) ;
#9004 = CARTESIAN_POINT ( 'NONE',  ( 0.6250000000000007772, 0.1999999999999999833, -2.500000000000000444 ) ) ;
#9005 = VERTEX_POINT ( 'NONE', #5876 ) ;
#9006 = ORIENTED_EDGE ( 'NONE', *, *, #10897, .T. ) ;
#9008 = ORIENTED_EDGE ( 'NONE', *, *, #483, .F. ) ;
#9007 = DIRECTION ( 'NONE',  ( -0.000000000000000000, -1.000000000000000000, -0.000000000000000000 ) ) ;
#9009 = DIRECTION ( 'NONE',  ( 0.000000000000000000, -1.000000000000000000, 0.000000000000000000 ) ) ;
#9010 = PLANE ( 'NONE',  #7382 ) ;
#9011 = FACE_OUTER_BOUND ( 'NONE', #724, .T. ) ;
#9012 = DIRECTION ( 'NONE',  ( -0.000000000000000000, 0.000000000000000000, -1.000000000000000000 ) ) ;
#9013 = EDGE_CURVE ( 'NONE', #4790, #6542, #8367, .T. ) ;
#9014 = MANIFOLD_SOLID_BREP ( 'LPattern4[8]', #3112 ) ;
#9015 = ADVANCED_FACE ( 'NONE', ( #10950 ), #6711, .F. ) ;
#9016 = PLANE ( 'NONE',  #10081 ) ;
#9017 = LINE ( 'NONE', #1529, #8927 ) ;
#9019 = ORIENTED_EDGE ( 'NONE', *, *, #4227, .T. ) ;
#9018 = FACE_OUTER_BOUND ( 'NONE', #9926, .T. ) ;
#9020 = LINE ( 'NONE', #10602, #8800 ) ;
#9021 = ORIENTED_EDGE ( 'NONE', *, *, #9922, .F. ) ;
#9022 = ORIENTED_EDGE ( 'NONE', *, *, #8136, .F. ) ;
#9023 = DIRECTION ( 'NONE',  ( 0.000000000000000000, 0.000000000000000000, -1.000000000000000000 ) ) ;
#9024 = COLOUR_RGB ( '',0.7921568627450980005, 0.8196078431372548767, 0.9333333333333333481 ) ;
#9025 = VERTEX_POINT ( 'NONE', #8259 ) ;
#9026 = FACE_OUTER_BOUND ( 'NONE', #3196, .T. ) ;
#9027 = LINE ( 'NONE', #4195, #1279 ) ;
#9028 = EDGE_CURVE ( 'NONE', #10385, #8646, #5190, .T. ) ;
#9029 = VECTOR ( 'NONE', #153, 1000.000000000000000 ) ;
#9030 = LINE ( 'NONE', #2057, #6510 ) ;
#9032 = ORIENTED_EDGE ( 'NONE', *, *, #8926, .F. ) ;
#9031 = CARTESIAN_POINT ( 'NONE',  ( -0.6249999999999992228, 0.000000000000000000, -2.500000000000000444 ) ) ;
#9033 = DIRECTION ( 'NONE',  ( -0.000000000000000000, -1.000000000000000000, 0.000000000000000000 ) ) ;
#9034 = VECTOR ( 'NONE', #5085, 1000.000000000000000 ) ;
#9035 = EDGE_LOOP ( 'NONE', ( #9249, #3862, #7725, #8117 ) ) ;
#9036 = ORIENTED_EDGE ( 'NONE', *, *, #6992, .T. ) ;
#9037 = CARTESIAN_POINT ( 'NONE',  ( 1.050000000000000044, 0.000000000000000000, 1.050000000000000044 ) ) ;
#9038 = VERTEX_POINT ( 'NONE', #10841 ) ;
#9039 = PRESENTATION_STYLE_ASSIGNMENT (( #7328 ) ) ;
#9040 = DIRECTION ( 'NONE',  ( 0.000000000000000000, 1.000000000000000000, 0.000000000000000000 ) ) ;
#9041 = ADVANCED_FACE ( 'NONE', ( #3988 ), #2494, .F. ) ;
#9042 = AXIS2_PLACEMENT_3D ( 'NONE', #2032, #5411, #1349 ) ;
#9043 = STYLED_ITEM ( 'NONE', ( #3033 ), #1463 ) ;
#9044 = CARTESIAN_POINT ( 'NONE',  ( 1.375000000000001332, 0.2000000000000000111, 2.500000000000000444 ) ) ;
#9045 = ORIENTED_EDGE ( 'NONE', *, *, #3159, .T. ) ;
#9046 = EDGE_LOOP ( 'NONE', ( #1338, #1896 ) ) ;
#9047 = DIRECTION ( 'NONE',  ( -2.065146995210484941E-16, 0.000000000000000000, 1.000000000000000000 ) ) ;
#9048 = DIRECTION ( 'NONE',  ( 0.000000000000000000, -1.000000000000000000, 0.000000000000000000 ) ) ;
#9049 = CARTESIAN_POINT ( 'NONE',  ( -1.249999999999999334, 0.04999999999999999584, 2.225000000000000977 ) ) ;
#9050 = CARTESIAN_POINT ( 'NONE',  ( -2.225000000000000533, 0.000000000000000000, -1.250000000000000222 ) ) ;
#9051 = EDGE_CURVE ( 'NONE', #2382, #6373, #7379, .T. ) ;
#9052 = DIRECTION ( 'NONE',  ( 0.000000000000000000, 1.000000000000000000, 0.000000000000000000 ) ) ;
#9053 = MANIFOLD_SOLID_BREP ( 'LPattern4[11]', #5383 ) ;
#9054 = DIRECTION ( 'NONE',  ( 0.000000000000000000, 0.000000000000000000, -1.000000000000000000 ) ) ;
#9055 = DIRECTION ( 'NONE',  ( 0.000000000000000000, 1.000000000000000000, 0.000000000000000000 ) ) ;
#9056 = EDGE_LOOP ( 'NONE', ( #4999, #3095, #9200, #9278 ) ) ;
#9057 = EDGE_LOOP ( 'NONE', ( #4976, #6181, #2894, #7171 ) ) ;
#9059 = EDGE_LOOP ( 'NONE', ( #4533, #1432, #9803, #248 ) ) ;
#9058 = PLANE ( 'NONE',  #71 ) ;
#9060 = DIRECTION ( 'NONE',  ( 0.000000000000000000, 0.000000000000000000, -1.000000000000000000 ) ) ;
#9061 = DIRECTION ( 'NONE',  ( -1.000000000000000000, 0.000000000000000000, 0.000000000000000000 ) ) ;
#9062 = CARTESIAN_POINT ( 'NONE',  ( 1.375000000000000888, 0.04999999999999999584, 2.225000000000000977 ) ) ;
#9063 = CARTESIAN_POINT ( 'NONE',  ( -2.225000000000000533, 0.6716990566028309129, -0.7500000000000002220 ) ) ;
#9064 = EDGE_CURVE ( 'NONE', #7868, #9181, #886, .T. ) ;
#9065 = VECTOR ( 'NONE', #6435, 1000.000000000000000 ) ;
#9066 = FACE_OUTER_BOUND ( 'NONE', #3565, .T. ) ;
#9067 = CIRCLE ( 'NONE', #4286, 0.1250000000000001110 ) ;
#9068 = AXIS2_PLACEMENT_3D ( 'NONE', #1534, #6069, #10275 ) ;
#9069 = DIRECTION ( 'NONE',  ( 0.000000000000000000, 0.000000000000000000, -1.000000000000000000 ) ) ;
#9070 = CARTESIAN_POINT ( 'NONE',  ( -2.499999999999999556, 0.05000000000000000278, 2.500000000000000444 ) ) ;
#9072 = ORIENTED_EDGE ( 'NONE', *, *, #1524, .T. ) ;
#9071 = CARTESIAN_POINT ( 'NONE',  ( 2.225000000000000533, 0.000000000000000000, -1.125000000000000000 ) ) ;
#9073 = DIRECTION ( 'NONE',  ( -1.000000000000000000, 0.000000000000000000, 7.885106708985472271E-16 ) ) ;
#9074 = ORIENTED_EDGE ( 'NONE', *, *, #3599, .F. ) ;
#9075 = PLANE ( 'NONE',  #4824 ) ;
#9076 = ORIENTED_EDGE ( 'NONE', *, *, #5477, .F. ) ;
#9077 = DIRECTION ( 'NONE',  ( 1.000000000000000000, -0.000000000000000000, 0.000000000000000000 ) ) ;
#9078 = CARTESIAN_POINT ( 'NONE',  ( 2.500000000000000888, 0.6716990566028309129, -0.1249999999999998890 ) ) ;
#9079 = EDGE_CURVE ( 'NONE', #8698, #823, #4099, .T. ) ;
#9080 = AXIS2_PLACEMENT_3D ( 'NONE', #7512, #4073, #9944 ) ;
#9081 = ADVANCED_FACE ( 'NONE', ( #1948 ), #7870, .F. ) ;
#9082 = VECTOR ( 'NONE', #5574, 1000.000000000000000 ) ;
#9083 = ADVANCED_FACE ( 'NONE', ( #7817 ), #5097, .T. ) ;
#9084 = VECTOR ( 'NONE', #867, 1000.000000000000000 ) ;
#9085 = LINE ( 'NONE', #2434, #5296 ) ;
#9086 = CARTESIAN_POINT ( 'NONE',  ( -1.281329840210138036E-15, 0.05000000000000000278, 1.624999999999998446 ) ) ;
#9087 = AXIS2_PLACEMENT_3D ( 'NONE', #5295, #4674, #462 ) ;
#9089 = ORIENTED_EDGE ( 'NONE', *, *, #8673, .F. ) ;
#9088 = DIRECTION ( 'NONE',  ( 0.000000000000000000, -0.000000000000000000, 1.000000000000000000 ) ) ;
#9090 = DIRECTION ( 'NONE',  ( -1.000000000000000000, 0.000000000000000000, 0.000000000000000000 ) ) ;
#9091 = VERTEX_POINT ( 'NONE', #5267 ) ;
#9092 = EDGE_LOOP ( 'NONE', ( #7067, #9656, #6306, #1150 ) ) ;
#9093 = DIRECTION ( 'NONE',  ( 0.000000000000000000, -0.000000000000000000, 1.000000000000000000 ) ) ;
#9094 = EDGE_LOOP ( 'NONE', ( #1062, #10166, #2301, #1927 ) ) ;
#9095 = MANIFOLD_SOLID_BREP ( 'LPattern4[9]', #8528 ) ;
#9096 = DIRECTION ( 'NONE',  ( 0.000000000000000000, 0.000000000000000000, -1.000000000000000000 ) ) ;
#9097 = EDGE_CURVE ( 'NONE', #5010, #2268, #6033, .T. ) ;
#9098 = ADVANCED_FACE ( 'NONE', ( #4488 ), #3443, .F. ) ;
#9099 = CIRCLE ( 'NONE', #9456, 0.1250000000000001110 ) ;
#9100 = DIRECTION ( 'NONE',  ( -2.365532012695648978E-15, 0.000000000000000000, -1.000000000000000000 ) ) ;
#9101 = ORIENTED_EDGE ( 'NONE', *, *, #9051, .T. ) ;
#9102 = ORIENTED_EDGE ( 'NONE', *, *, #8138, .T. ) ;
#9103 = LINE ( 'NONE', #10038, #1438 ) ;
#9104 = DIRECTION ( 'NONE',  ( 1.000000000000000000, -0.000000000000000000, -3.469446951953614189E-15 ) ) ;
#9105 = LINE ( 'NONE', #7391, #3491 ) ;
#9106 = FACE_OUTER_BOUND ( 'NONE', #3167, .T. ) ;
#9107 = CARTESIAN_POINT ( 'NONE',  ( 1.750000000000000666, 0.000000000000000000, -2.225000000000000977 ) ) ;
#9108 = EDGE_CURVE ( 'NONE', #8240, #10816, #4377, .T. ) ;
#9109 = LINE ( 'NONE', #1451, #9164 ) ;
#9110 = CARTESIAN_POINT ( 'NONE',  ( -2.500000000000000888, 0.1999999999999999833, 0.6250000000000003331 ) ) ;
#9111 = VERTEX_POINT ( 'NONE', #992 ) ;
#9112 = ORIENTED_EDGE ( 'NONE', *, *, #144, .F. ) ;
#9114 = VERTEX_POINT ( 'NONE', #3492 ) ;
#9113 = FILL_AREA_STYLE_COLOUR ( '', #3961 ) ;
#9115 = PLANE ( 'NONE',  #5932 ) ;
#9116 = FILL_AREA_STYLE_COLOUR ( '', #3597 ) ;
#9117 = LINE ( 'NONE', #5848, #9151 ) ;
#9118 = AXIS2_PLACEMENT_3D ( 'NONE', #2204, #7305, #3910 ) ;
#9119 = CARTESIAN_POINT ( 'NONE',  ( -2.225000000000000533, 0.05000000000000002359, -1.125000000000000000 ) ) ;
#9120 = DIRECTION ( 'NONE',  ( 0.000000000000000000, -0.000000000000000000, 1.000000000000000000 ) ) ;
#9121 =( GEOMETRIC_REPRESENTATION_CONTEXT ( 3 ) GLOBAL_UNCERTAINTY_ASSIGNED_CONTEXT ( ( #5152 ) ) GLOBAL_UNIT_ASSIGNED_CONTEXT ( ( #1111, #3719, #6437 ) ) REPRESENTATION_CONTEXT ( 'NONE', 'WORKASPACE' ) );
#9122 = EDGE_CURVE ( 'NONE', #6365, #5186, #6877, .T. ) ;
#9123 = DIRECTION ( 'NONE',  ( 0.000000000000000000, 0.000000000000000000, 1.000000000000000000 ) ) ;
#9124 = ORIENTED_EDGE ( 'NONE', *, *, #6535, .F. ) ;
#9125 = CARTESIAN_POINT ( 'NONE',  ( 0.1250000000000005551, 0.04999999999999999584, -2.225000000000000977 ) ) ;
#9127 = EDGE_LOOP ( 'NONE', ( #7656, #5867, #1226, #2489 ) ) ;
#9126 = SURFACE_STYLE_USAGE ( .BOTH. , #5909 ) ;
#9128 = FILL_AREA_STYLE_COLOUR ( '', #10189 ) ;
#9129 = ORIENTED_EDGE ( 'NONE', *, *, #2730, .F. ) ;
#9130 = PLANE ( 'NONE',  #9068 ) ;
#9131 = VERTEX_POINT ( 'NONE', #10350 ) ;
#9132 = CARTESIAN_POINT ( 'NONE',  ( 1.125000000000000888, 0.000000000000000000, -2.500000000000000444 ) ) ;
#9133 = LINE ( 'NONE', #7476, #7301 ) ;
#9134 = PRESENTATION_LAYER_ASSIGNMENT (  '', '', ( #10187 ) ) ;
#9135 = AXIS2_PLACEMENT_3D ( 'NONE', #6014, #9402, #10332 ) ;
#9136 = DIRECTION ( 'NONE',  ( 0.000000000000000000, 1.000000000000000000, 0.000000000000000000 ) ) ;
#9137 = DIRECTION ( 'NONE',  ( 0.000000000000000000, -0.000000000000000000, -1.000000000000000000 ) ) ;
#9138 = AXIS2_PLACEMENT_3D ( 'NONE', #6421, #2110, #8966 ) ;
#9140 = VERTEX_POINT ( 'NONE', #9421 ) ;
#9139 = LINE ( 'NONE', #2486, #3198 ) ;
#9141 = CARTESIAN_POINT ( 'NONE',  ( 0.6250000000000007772, 0.6716990566028311349, -2.500000000000000444 ) ) ;
#9142 = ORIENTED_EDGE ( 'NONE', *, *, #10092, .T. ) ;
#9143 = ORIENTED_EDGE ( 'NONE', *, *, #2924, .T. ) ;
#9144 = CARTESIAN_POINT ( 'NONE',  ( -0.3749999999999986122, 0.1999999999999999833, 2.500000000000001332 ) ) ;
#9145 = ORIENTED_EDGE ( 'NONE', *, *, #7602, .F. ) ;
#9146 = SURFACE_STYLE_USAGE ( .BOTH. , #3168 ) ;
#9147 = AXIS2_PLACEMENT_3D ( 'NONE', #797, #692, #10157 ) ;
#9148 = VECTOR ( 'NONE', #7897, 1000.000000000000000 ) ;
#9149 = CIRCLE ( 'NONE', #1727, 0.1250000000000001110 ) ;
#9150 = VECTOR ( 'NONE', #504, 1000.000000000000000 ) ;
#9151 = VECTOR ( 'NONE', #636, 1000.000000000000000 ) ;
#9152 = EDGE_CURVE ( 'NONE', #6404, #3886, #4459, .T. ) ;
#9153 = ADVANCED_FACE ( 'NONE', ( #5204 ), #10291, .T. ) ;
#9154 = EDGE_CURVE ( 'NONE', #9528, #8387, #9424, .T. ) ;
#9155 = ADVANCED_FACE ( 'NONE', ( #3869 ), #6314, .F. ) ;
#9156 = DIRECTION ( 'NONE',  ( 0.000000000000000000, 1.000000000000000000, 0.000000000000000000 ) ) ;
#9157 = VERTEX_POINT ( 'NONE', #10456 ) ;
#9158 = VERTEX_POINT ( 'NONE', #7157 ) ;
#9159 = LINE ( 'NONE', #8321, #6819 ) ;
#9160 = VECTOR ( 'NONE', #1677, 1000.000000000000000 ) ;
#9161 = AXIS2_PLACEMENT_3D ( 'NONE', #5232, #5955, #2746 ) ;
#9162 = CARTESIAN_POINT ( 'NONE',  ( 1.250000000000000666, 0.04999999999999999584, 2.225000000000000977 ) ) ;
#9163 = DIRECTION ( 'NONE',  ( 1.000000000000000000, 0.000000000000000000, 0.000000000000000000 ) ) ;
#9164 = VECTOR ( 'NONE', #4060, 1000.000000000000000 ) ;
#9165 = DIRECTION ( 'NONE',  ( 0.000000000000000000, -1.000000000000000000, 0.000000000000000000 ) ) ;
#9166 = EDGE_CURVE ( 'NONE', #10436, #3572, #10608, .T. ) ;
#9167 = VECTOR ( 'NONE', #8318, 1000.000000000000000 ) ;
#9168 = CARTESIAN_POINT ( 'NONE',  ( -2.500000000000000888, 0.1999999999999999833, -1.374999999999999778 ) ) ;
#9169 = FACE_OUTER_BOUND ( 'NONE', #6378, .T. ) ;
#9170 = ORIENTED_EDGE ( 'NONE', *, *, #10491, .F. ) ;
#9171 = VERTEX_POINT ( 'NONE', #2883 ) ;
#9173 = VERTEX_POINT ( 'NONE', #8135 ) ;
#9172 = CARTESIAN_POINT ( 'NONE',  ( -1.749999999999999334, 0.2000000000000000111, -2.225000000000000977 ) ) ;
#9174 = CARTESIAN_POINT ( 'NONE',  ( 2.500000000000000888, 0.6716990566028309129, -0.3749999999999996669 ) ) ;
#9175 = CARTESIAN_POINT ( 'NONE',  ( 1.125000000000000888, 0.1999999999999999833, -2.500000000000000444 ) ) ;
#9176 = FACE_OUTER_BOUND ( 'NONE', #5051, .T. ) ;
#9177 = CARTESIAN_POINT ( 'NONE',  ( -1.084202172485503645E-15, 0.05000000000000000278, -1.375000000000001554 ) ) ;
#9178 = CARTESIAN_POINT ( 'NONE',  ( -2.500000000000000888, 0.1999999999999999833, -1.374999999999999778 ) ) ;
#9179 = EDGE_CURVE ( 'NONE', #4298, #7345, #6766, .T. ) ;
#9180 = DIRECTION ( 'NONE',  ( -0.000000000000000000, -0.000000000000000000, 1.000000000000000000 ) ) ;
#9181 = VERTEX_POINT ( 'NONE', #6370 ) ;
#9182 = ORIENTED_EDGE ( 'NONE', *, *, #6640, .T. ) ;
#9183 = DIRECTION ( 'NONE',  ( 1.000000000000000000, 0.000000000000000000, 1.032573497605242471E-16 ) ) ;
#9185 = ORIENTED_EDGE ( 'NONE', *, *, #4749, .T. ) ;
#9184 = DIRECTION ( 'NONE',  ( 0.000000000000000000, 0.000000000000000000, -1.000000000000000000 ) ) ;
#9186 = LINE ( 'NONE', #6744, #4877 ) ;
#9187 = ORIENTED_EDGE ( 'NONE', *, *, #4089, .T. ) ;
#9188 = CARTESIAN_POINT ( 'NONE',  ( -2.500000000000000888, 0.1999999999999999833, -1.625000000000000000 ) ) ;
#9190 = ORIENTED_EDGE ( 'NONE', *, *, #9823, .F. ) ;
#9189 = LINE ( 'NONE', #3257, #2415 ) ;
#9191 = CARTESIAN_POINT ( 'NONE',  ( 2.225000000000000533, 0.6716990566028309129, 1.124999999999999778 ) ) ;
#9192 = FACE_OUTER_BOUND ( 'NONE', #125, .T. ) ;
#9193 = EDGE_CURVE ( 'NONE', #8586, #4076, #3763, .T. ) ;
#9194 = ADVANCED_FACE ( 'NONE', ( #3814 ), #5536, .F. ) ;
#9195 = CARTESIAN_POINT ( 'NONE',  ( -0.6249999999999992228, 0.2000000000000000111, 2.225000000000000977 ) ) ;
#9196 = CARTESIAN_POINT ( 'NONE',  ( 2.500000000000000888, 0.000000000000000000, 1.875000000000000222 ) ) ;
#9198 = ORIENTED_EDGE ( 'NONE', *, *, #5698, .F. ) ;
#9197 = DIRECTION ( 'NONE',  ( -0.000000000000000000, -1.000000000000000000, -0.000000000000000000 ) ) ;
#9199 = DIRECTION ( 'NONE',  ( 1.000000000000000000, 0.000000000000000000, -7.885106708985472271E-16 ) ) ;
#9200 = ORIENTED_EDGE ( 'NONE', *, *, #3400, .T. ) ;
#9201 = ORIENTED_EDGE ( 'NONE', *, *, #7966, .T. ) ;
#9202 = DIRECTION ( 'NONE',  ( -1.000000000000000000, 0.000000000000000000, 7.885106708985472271E-16 ) ) ;
#9203 = EDGE_LOOP ( 'NONE', ( #10567, #8454, #7593, #6706, #4681 ) ) ;
#9204 = CARTESIAN_POINT ( 'NONE',  ( -2.000000000000000888, 1.000000000000000000, -1.800000000000001377 ) ) ;
#9205 = VECTOR ( 'NONE', #9123, 1000.000000000000000 ) ;
#9206 = DIRECTION ( 'NONE',  ( -0.000000000000000000, -0.000000000000000000, -1.000000000000000000 ) ) ;
#9207 = ORIENTED_EDGE ( 'NONE', *, *, #2482, .F. ) ;
#9208 = EDGE_LOOP ( 'NONE', ( #169, #313, #8149, #211 ) ) ;
#9209 = LINE ( 'NONE', #10906, #2925 ) ;
#9210 = VECTOR ( 'NONE', #4786, 1000.000000000000000 ) ;
#9211 = LINE ( 'NONE', #2233, #10648 ) ;
#9212 = CARTESIAN_POINT ( 'NONE',  ( 1.375000000000000888, 0.2000000000000000111, -2.225000000000000977 ) ) ;
#9213 = LINE ( 'NONE', #4986, #3494 ) ;
#9214 = ADVANCED_FACE ( 'NONE', ( #4647 ), #1267, .F. ) ;
#9215 = ADVANCED_FACE ( 'NONE', ( #7314 ), #1999, .F. ) ;
#9216 = VECTOR ( 'NONE', #2115, 1000.000000000000000 ) ;
#9217 = CARTESIAN_POINT ( 'NONE',  ( -1.624999999999998668, 0.04999999999999999584, 2.500000000000000444 ) ) ;
#9218 = DIRECTION ( 'NONE',  ( -1.000000000000000000, 0.000000000000000000, -0.000000000000000000 ) ) ;
#9219 = ORIENTED_EDGE ( 'NONE', *, *, #3294, .F. ) ;
#9220 = ORIENTED_EDGE ( 'NONE', *, *, #5173, .T. ) ;
#9222 = ORIENTED_EDGE ( 'NONE', *, *, #4940, .T. ) ;
#9221 = FACE_OUTER_BOUND ( 'NONE', #6769, .T. ) ;
#9223 = EDGE_LOOP ( 'NONE', ( #9741, #1392, #5018, #6516, #6891 ) ) ;
#9224 = DIRECTION ( 'NONE',  ( 0.000000000000000000, -0.000000000000000000, -1.000000000000000000 ) ) ;
#9225 = LINE ( 'NONE', #4949, #10211 ) ;
#9226 = CARTESIAN_POINT ( 'NONE',  ( -0.8749999999999985567, 0.2000000000000000111, 2.500000000000001332 ) ) ;
#9227 = CARTESIAN_POINT ( 'NONE',  ( 1.875000000000000888, 0.04999999999999999584, 2.225000000000000977 ) ) ;
#9228 = EDGE_CURVE ( 'NONE', #5631, #5744, #7132, .T. ) ;
#9229 = CARTESIAN_POINT ( 'NONE',  ( -1.124999999999998668, 0.2000000000000000111, 2.500000000000000444 ) ) ;
#9230 = ORIENTED_EDGE ( 'NONE', *, *, #1367, .T. ) ;
#9231 = ORIENTED_EDGE ( 'NONE', *, *, #8479, .T. ) ;
#9233 = EDGE_LOOP ( 'NONE', ( #9878, #6479, #2285, #4562 ) ) ;
#9232 = DIRECTION ( 'NONE',  ( 0.000000000000000000, 1.000000000000000000, -0.000000000000000000 ) ) ;
#9234 = CARTESIAN_POINT ( 'NONE',  ( -2.499999999999999556, 0.05000000000000000278, 2.500000000000000444 ) ) ;
#9235 = DIRECTION ( 'NONE',  ( 0.000000000000000000, -1.000000000000000000, 0.000000000000000000 ) ) ;
#9237 = ORIENTED_EDGE ( 'NONE', *, *, #6548, .T. ) ;
#9236 = DIRECTION ( 'NONE',  ( 0.000000000000000000, 0.000000000000000000, 1.000000000000000000 ) ) ;
#9238 = LINE ( 'NONE', #8514, #8600 ) ;
#9239 = CARTESIAN_POINT ( 'NONE',  ( -2.225000000000000533, 0.6716990566028309129, 0.6250000000000001110 ) ) ;
#9240 = AXIS2_PLACEMENT_3D ( 'NONE', #653, #600, #1598 ) ;
#9241 = CIRCLE ( 'NONE', #3399, 0.1250000000000001110 ) ;
#9242 = LINE ( 'NONE', #8357, #2136 ) ;
#9243 = DIRECTION ( 'NONE',  ( 2.365532012695641878E-15, -0.000000000000000000, 1.000000000000000000 ) ) ;
#9244 = DIRECTION ( 'NONE',  ( 8.673617379884034239E-17, -0.000000000000000000, 1.000000000000000000 ) ) ;
#9246 = EDGE_LOOP ( 'NONE', ( #7373, #7547, #4093, #5599 ) ) ;
#9245 = LINE ( 'NONE', #1715, #5854 ) ;
#9247 = DIRECTION ( 'NONE',  ( 0.000000000000000000, 1.000000000000000000, 0.000000000000000000 ) ) ;
#9248 = VERTEX_POINT ( 'NONE', #8745 ) ;
#9249 = ORIENTED_EDGE ( 'NONE', *, *, #7001, .T. ) ;
#9250 = CARTESIAN_POINT ( 'NONE',  ( -0.8749999999999992228, 0.1999999999999999833, 2.225000000000000977 ) ) ;
#9251 = ORIENTED_EDGE ( 'NONE', *, *, #7490, .T. ) ;
#9252 = DIRECTION ( 'NONE',  ( -1.000000000000000000, 0.000000000000000000, -7.885106708985472271E-16 ) ) ;
#9253 = VECTOR ( 'NONE', #1945, 1000.000000000000000 ) ;
#9254 = CARTESIAN_POINT ( 'NONE',  ( 1.125000000000000888, 0.1999999999999999833, -2.500000000000000444 ) ) ;
#9255 = AXIS2_PLACEMENT_3D ( 'NONE', #10415, #3720, #1334 ) ;
#9256 = VECTOR ( 'NONE', #1408, 1000.000000000000000 ) ;
#9257 = VECTOR ( 'NONE', #9513, 1000.000000000000000 ) ;
#9258 = ADVANCED_FACE ( 'NONE', ( #1155 ), #439, .F. ) ;
#9259 = ADVANCED_FACE ( 'NONE', ( #3762 ), #8803, .T. ) ;
#9260 = DIRECTION ( 'NONE',  ( -1.000000000000000000, 0.000000000000000000, 0.000000000000000000 ) ) ;
#9261 = ORIENTED_EDGE ( 'NONE', *, *, #369, .F. ) ;
#9262 = ORIENTED_EDGE ( 'NONE', *, *, #1356, .F. ) ;
#9263 = UNCERTAINTY_MEASURE_WITH_UNIT (LENGTH_MEASURE( 1.000000000000000082E-05 ), #8509, 'distance_accuracy_value', 'NONE');
#9264 = CARTESIAN_POINT ( 'NONE',  ( 1.050000000000000044, 0.2000000000000000944, 1.050000000000000044 ) ) ;
#9265 = PRESENTATION_LAYER_ASSIGNMENT (  '', '', ( #5382 ) ) ;
#9266 = CARTESIAN_POINT ( 'NONE',  ( 1.125000000000000888, 0.1999999999999999833, 2.225000000000000977 ) ) ;
#9267 = LINE ( 'NONE', #4936, #3672 ) ;
#9268 = AXIS2_PLACEMENT_3D ( 'NONE', #1630, #6836, #10156 ) ;
#9269 = DIRECTION ( 'NONE',  ( 1.000000000000000000, 0.000000000000000000, 7.885106708985472271E-16 ) ) ;
#9270 = CARTESIAN_POINT ( 'NONE',  ( -1.124999999999999334, 0.000000000000000000, -2.500000000000000444 ) ) ;
#9271 = DIRECTION ( 'NONE',  ( 0.000000000000000000, 0.000000000000000000, 1.000000000000000000 ) ) ;
#9272 = EDGE_CURVE ( 'NONE', #4169, #1010, #4704, .T. ) ;
#9273 = VERTEX_POINT ( 'NONE', #2938 ) ;
#9274 = ORIENTED_EDGE ( 'NONE', *, *, #10849, .T. ) ;
#9275 = EDGE_CURVE ( 'NONE', #10917, #1825, #333, .T. ) ;
#9277 = ORIENTED_EDGE ( 'NONE', *, *, #6820, .F. ) ;
#9276 = FILL_AREA_STYLE ('',( #9113 ) ) ;
#9278 = ORIENTED_EDGE ( 'NONE', *, *, #1167, .T. ) ;
#9279 = SURFACE_SIDE_STYLE ('',( #958 ) ) ;
#9280 = CARTESIAN_POINT ( 'NONE',  ( -2.500000000000000888, 0.6716990566028309129, -0.8749999999999996669 ) ) ;
#9281 = CARTESIAN_POINT ( 'NONE',  ( 2.225000000000000533, 0.000000000000000000, 0.1250000000000001110 ) ) ;
#9282 = AXIS2_PLACEMENT_3D ( 'NONE', #7174, #3683, #9601 ) ;
#9283 = CARTESIAN_POINT ( 'NONE',  ( -1.874999999999999334, 0.05000000000000000278, 0.000000000000000000 ) ) ;
#9284 = PLANE ( 'NONE',  #1057 ) ;
#9285 = EDGE_CURVE ( 'NONE', #4973, #10748, #5488, .T. ) ;
#9286 = ORIENTED_EDGE ( 'NONE', *, *, #6671, .F. ) ;
#9287 = EDGE_LOOP ( 'NONE', ( #3308, #6551, #7360, #2658 ) ) ;
#9288 = EDGE_CURVE ( 'NONE', #10011, #88, #10562, .T. ) ;
#9289 = AXIS2_PLACEMENT_3D ( 'NONE', #6499, #3065, #2074 ) ;
#9290 = EDGE_CURVE ( 'NONE', #2451, #5226, #2163, .T. ) ;
#9292 = ORIENTED_EDGE ( 'NONE', *, *, #6091, .T. ) ;
#9291 = DIRECTION ( 'NONE',  ( -0.000000000000000000, -0.000000000000000000, -1.000000000000000000 ) ) ;
#9293 = ADVANCED_FACE ( 'NONE', ( #7588 ), #7525, .T. ) ;
#9294 = CARTESIAN_POINT ( 'NONE',  ( -2.500000000000000888, 0.1999999999999999833, -1.625000000000000000 ) ) ;
#9295 = LINE ( 'NONE', #4188, #2713 ) ;
#9297 = ORIENTED_EDGE ( 'NONE', *, *, #5579, .F. ) ;
#9296 = LINE ( 'NONE', #1759, #7667 ) ;
#9298 = CARTESIAN_POINT ( 'NONE',  ( -0.3749999999999986122, 0.2000000000000000944, 2.500000000000001332 ) ) ;
#9299 = DIRECTION ( 'NONE',  ( 0.000000000000000000, 0.000000000000000000, -1.000000000000000000 ) ) ;
#9300 = COLOUR_RGB ( '',0.7921568627450980005, 0.8196078431372548767, 0.9333333333333333481 ) ;
#9301 = DIRECTION ( 'NONE',  ( 0.000000000000000000, 1.000000000000000000, 0.000000000000000000 ) ) ;
#9302 = CARTESIAN_POINT ( 'NONE',  ( -2.225000000000000533, 0.6716990566028309129, 1.749999999999999778 ) ) ;
#9303 = DIRECTION ( 'NONE',  ( 0.000000000000000000, 1.000000000000000000, 0.000000000000000000 ) ) ;
#9305 = ORIENTED_EDGE ( 'NONE', *, *, #5696, .F. ) ;
#9304 = FACE_OUTER_BOUND ( 'NONE', #1024, .T. ) ;
#9306 = DIRECTION ( 'NONE',  ( 0.000000000000000000, 0.000000000000000000, 1.000000000000000000 ) ) ;
#9307 = ORIENTED_EDGE ( 'NONE', *, *, #7226, .T. ) ;
#9308 = EDGE_LOOP ( 'NONE', ( #9831, #3832, #4350, #7269 ) ) ;
#9309 = PLANE ( 'NONE',  #1280 ) ;
#9310 = ORIENTED_EDGE ( 'NONE', *, *, #7579, .F. ) ;
#9311 = AXIS2_PLACEMENT_3D ( 'NONE', #5432, #9584, #7869 ) ;
#9312 = DIRECTION ( 'NONE',  ( 1.000000000000000000, 0.000000000000000000, -0.000000000000000000 ) ) ;
#9313 = ADVANCED_FACE ( 'NONE', ( #3260 ), #2480, .F. ) ;
#9314 = ADVANCED_FACE ( 'NONE', ( #8407 ), #1651, .T. ) ;
#9315 = AXIS2_PLACEMENT_3D ( 'NONE', #10607, #6369, #9744 ) ;
#9316 = AXIS2_PLACEMENT_3D ( 'NONE', #4030, #805, #7582 ) ;
#9317 = LINE ( 'NONE', #8534, #10913 ) ;
#9318 = ORIENTED_EDGE ( 'NONE', *, *, #10564, .F. ) ;
#9319 = VERTEX_POINT ( 'NONE', #5651 ) ;
#9320 = FACE_OUTER_BOUND ( 'NONE', #8761, .T. ) ;
#9321 = DIRECTION ( 'NONE',  ( -1.000000000000000000, 0.000000000000000000, 0.000000000000000000 ) ) ;
#9322 = VECTOR ( 'NONE', #4398, 1000.000000000000000 ) ;
#9323 = DIRECTION ( 'NONE',  ( 0.000000000000000000, -0.000000000000000000, 1.000000000000000000 ) ) ;
#9324 = DIRECTION ( 'NONE',  ( 0.000000000000000000, 0.000000000000000000, -1.000000000000000000 ) ) ;
#9325 = ADVANCED_FACE ( 'NONE', ( #6534 ), #5753, .F. ) ;
#9326 = ADVANCED_FACE ( 'NONE', ( #7424 ), #8304, .F. ) ;
#9327 = VECTOR ( 'NONE', #8301, 1000.000000000000000 ) ;
#9328 = AXIS2_PLACEMENT_3D ( 'NONE', #8589, #10257, #6773 ) ;
#9329 = VECTOR ( 'NONE', #3432, 1000.000000000000000 ) ;
#9330 = DIRECTION ( 'NONE',  ( 0.000000000000000000, 0.000000000000000000, 1.000000000000000000 ) ) ;
#9331 = EDGE_LOOP ( 'NONE', ( #8943, #9955, #7231, #9689 ) ) ;
#9332 = ORIENTED_EDGE ( 'NONE', *, *, #9423, .F. ) ;
#9333 = VECTOR ( 'NONE', #9470, 1000.000000000000000 ) ;
#9334 = CARTESIAN_POINT ( 'NONE',  ( 2.225000000000000533, 0.6716990566028309129, 0.3750000000000001110 ) ) ;
#9335 = AXIS2_PLACEMENT_3D ( 'NONE', #3013, #8828, #407 ) ;
#9336 = VERTEX_POINT ( 'NONE', #10772 ) ;
#9337 = SURFACE_STYLE_USAGE ( .BOTH. , #9279 ) ;
#9338 = DIRECTION ( 'NONE',  ( 0.000000000000000000, -1.000000000000000000, 0.000000000000000000 ) ) ;
#9339 = CARTESIAN_POINT ( 'NONE',  ( -2.225000000000000533, 0.05000000000000002359, 1.875000000000000222 ) ) ;
#9340 = FACE_OUTER_BOUND ( 'NONE', #7703, .T. ) ;
#9341 = AXIS2_PLACEMENT_3D ( 'NONE', #1939, #4695, #4586 ) ;
#9342 = DIRECTION ( 'NONE',  ( 2.365532012695649373E-15, -0.000000000000000000, 1.000000000000000000 ) ) ;
#9343 = AXIS2_PLACEMENT_3D ( 'NONE', #7291, #8219, #9054 ) ;
#9344 = DIRECTION ( 'NONE',  ( 0.000000000000000000, 0.000000000000000000, 1.000000000000000000 ) ) ;
#9345 = ORIENTED_EDGE ( 'NONE', *, *, #2255, .F. ) ;
#9346 = ORIENTED_EDGE ( 'NONE', *, *, #143, .F. ) ;
#9348 = ORIENTED_EDGE ( 'NONE', *, *, #6915, .F. ) ;
#9347 = FILL_AREA_STYLE ('',( #5238 ) ) ;
#9349 = CARTESIAN_POINT ( 'NONE',  ( -0.7499999999999993339, 0.2000000000000000111, -2.225000000000000977 ) ) ;
#9350 = CARTESIAN_POINT ( 'NONE',  ( 1.125000000000000888, 0.2000000000000000111, 2.225000000000000977 ) ) ;
#9352 = EDGE_LOOP ( 'NONE', ( #10761, #9286, #9231, #6577 ) ) ;
#9351 = CARTESIAN_POINT ( 'NONE',  ( -0.6249999999999992228, 0.04999999999999999584, 2.225000000000000977 ) ) ;
#9353 = EDGE_CURVE ( 'NONE', #2033, #4752, #5811, .T. ) ;
#9354 = PLANE ( 'NONE',  #1347 ) ;
#9355 = DIRECTION ( 'NONE',  ( -0.000000000000000000, -1.000000000000000000, 0.000000000000000000 ) ) ;
#9356 = ADVANCED_FACE ( 'NONE', ( #6639 ), #10013, .T. ) ;
#9357 = EDGE_CURVE ( 'NONE', #1211, #6040, #9027, .T. ) ;
#9358 = LINE ( 'NONE', #4307, #2844 ) ;
#9359 = DIRECTION ( 'NONE',  ( -2.365532012695641878E-15, 0.000000000000000000, -1.000000000000000000 ) ) ;
#9360 = DIRECTION ( 'NONE',  ( 0.000000000000000000, 0.000000000000000000, 1.000000000000000000 ) ) ;
#9362 = ORIENTED_EDGE ( 'NONE', *, *, #4656, .T. ) ;
#9361 = LINE ( 'NONE', #2379, #6218 ) ;
#9363 = FACE_OUTER_BOUND ( 'NONE', #7294, .T. ) ;
#9364 = ORIENTED_EDGE ( 'NONE', *, *, #10619, .F. ) ;
#9365 = ORIENTED_EDGE ( 'NONE', *, *, #3398, .T. ) ;
#9366 = FACE_OUTER_BOUND ( 'NONE', #5704, .T. ) ;
#9367 = ORIENTED_EDGE ( 'NONE', *, *, #8490, .T. ) ;
#9368 = SURFACE_STYLE_FILL_AREA ( #6762 ) ;
#9369 = DIRECTION ( 'NONE',  ( 1.000000000000000000, 0.000000000000000000, -7.885106708985472271E-16 ) ) ;
#9370 = EDGE_CURVE ( 'NONE', #4641, #4169, #3207, .T. ) ;
#9371 = DIRECTION ( 'NONE',  ( 0.000000000000000000, 0.000000000000000000, 1.000000000000000000 ) ) ;
#9372 = ORIENTED_EDGE ( 'NONE', *, *, #6316, .T. ) ;
#9373 = EDGE_CURVE ( 'NONE', #1606, #8418, #9133, .T. ) ;
#9374 = ORIENTED_EDGE ( 'NONE', *, *, #4760, .F. ) ;
#9375 = UNCERTAINTY_MEASURE_WITH_UNIT (LENGTH_MEASURE( 1.000000000000000082E-05 ), #3241, 'distance_accuracy_value', 'NONE');
#9376 = CARTESIAN_POINT ( 'NONE',  ( -0.3749999999999994449, 0.6716990566028311349, -2.225000000000000977 ) ) ;
#9377 = DIRECTION ( 'NONE',  ( 0.000000000000000000, 0.000000000000000000, 1.000000000000000000 ) ) ;
#9378 = CARTESIAN_POINT ( 'NONE',  ( 2.500000000000000888, 0.6716990566028309129, 0.6250000000000003331 ) ) ;
#9379 = DIRECTION ( 'NONE',  ( 0.000000000000000000, 1.000000000000000000, 0.000000000000000000 ) ) ;
#9380 = VECTOR ( 'NONE', #6361, 1000.000000000000000 ) ;
#9381 = DIRECTION ( 'NONE',  ( -7.885106708985472271E-16, 0.000000000000000000, 1.000000000000000000 ) ) ;
#9382 = AXIS2_PLACEMENT_3D ( 'NONE', #8885, #3740, #7181 ) ;
#9383 = DIRECTION ( 'NONE',  ( -1.000000000000000000, 0.000000000000000000, 0.000000000000000000 ) ) ;
#9384 = EDGE_LOOP ( 'NONE', ( #5657, #7769, #7164, #3573 ) ) ;
#9385 = ADVANCED_FACE ( 'NONE', ( #9192 ), #1422, .F. ) ;
#9386 = EDGE_LOOP ( 'NONE', ( #10404, #6787, #3130, #8743 ) ) ;
#9387 = DIRECTION ( 'NONE',  ( -1.000000000000000000, 0.000000000000000000, -0.000000000000000000 ) ) ;
#9388 = PLANE ( 'NONE',  #10843 ) ;
#9389 = VERTEX_POINT ( 'NONE', #8188 ) ;
#9390 = FACE_OUTER_BOUND ( 'NONE', #10451, .T. ) ;
#9391 = CARTESIAN_POINT ( 'NONE',  ( -0.8749999999999994449, 0.2000000000000005107, -2.500000000000000444 ) ) ;
#9392 = CARTESIAN_POINT ( 'NONE',  ( 0.8750000000000007772, 0.1999999999999999833, -2.225000000000000977 ) ) ;
#9393 = DIRECTION ( 'NONE',  ( 2.365532012695649373E-15, 0.000000000000000000, 1.000000000000000000 ) ) ;
#9394 = VECTOR ( 'NONE', #3539, 1000.000000000000000 ) ;
#9395 = CARTESIAN_POINT ( 'NONE',  ( 1.625000000000000888, 0.04999999999999969746, -2.500000000000000444 ) ) ;
#9396 = CARTESIAN_POINT ( 'NONE',  ( 2.225000000000000533, 0.6716990566028309129, -1.375000000000000444 ) ) ;
#9397 = ORIENTED_EDGE ( 'NONE', *, *, #5365, .T. ) ;
#9398 = ORIENTED_EDGE ( 'NONE', *, *, #4402, .F. ) ;
#9399 = VECTOR ( 'NONE', #9468, 1000.000000000000000 ) ;
#9401 = ORIENTED_EDGE ( 'NONE', *, *, #9559, .F. ) ;
#9400 = SURFACE_STYLE_USAGE ( .BOTH. , #8618 ) ;
#9402 = DIRECTION ( 'NONE',  ( 1.000000000000000000, 0.000000000000000000, -2.365532012695642273E-15 ) ) ;
#9403 = CARTESIAN_POINT ( 'NONE',  ( 0.8749999999999954481, 0.05000000000000000278, -2.069840511108682502E-15 ) ) ;
#9405 = ORIENTED_EDGE ( 'NONE', *, *, #8356, .F. ) ;
#9404 = CARTESIAN_POINT ( 'NONE',  ( -2.225000000000000533, 0.1999999999999999833, -1.750000000000000222 ) ) ;
#9406 = PLANE ( 'NONE',  #5947 ) ;
#9407 = CARTESIAN_POINT ( 'NONE',  ( -0.3749999999999986122, 0.2000000000000000111, 2.500000000000001332 ) ) ;
#9408 = LINE ( 'NONE', #6022, #10937 ) ;
#9409 = DIRECTION ( 'NONE',  ( -1.000000000000000000, 0.000000000000000000, 7.885106708985472271E-16 ) ) ;
#9410 = DIRECTION ( 'NONE',  ( 0.000000000000000000, 0.000000000000000000, -1.000000000000000000 ) ) ;
#9412 = ORIENTED_EDGE ( 'NONE', *, *, #8531, .F. ) ;
#9411 = LINE ( 'NONE', #208, #9399 ) ;
#9413 = DIRECTION ( 'NONE',  ( 0.000000000000000000, -1.000000000000000000, 0.000000000000000000 ) ) ;
#9415 = EDGE_LOOP ( 'NONE', ( #170, #8891, #4384, #6253 ) ) ;
#9414 = EDGE_CURVE ( 'NONE', #2393, #4062, #9957, .T. ) ;
#9416 = VERTEX_POINT ( 'NONE', #1482 ) ;
#9417 = CARTESIAN_POINT ( 'NONE',  ( -0.8749999999999992228, 0.6716990566028311349, -2.500000000000000444 ) ) ;
#9418 = VERTEX_POINT ( 'NONE', #8243 ) ;
#9419 = ADVANCED_FACE ( 'NONE', ( #1540 ), #8354, .F. ) ;
#9420 = DIRECTION ( 'NONE',  ( 0.000000000000000000, 1.000000000000000000, 0.000000000000000000 ) ) ;
#9421 = CARTESIAN_POINT ( 'NONE',  ( -1.874999999999999334, 0.2000000000000000111, -2.500000000000000444 ) ) ;
#9422 = VECTOR ( 'NONE', #2120, 1000.000000000000000 ) ;
#9423 = EDGE_CURVE ( 'NONE', #2443, #6050, #3319, .T. ) ;
#9424 = CIRCLE ( 'NONE', #10467, 0.1250000000000001110 ) ;
#9425 = VECTOR ( 'NONE', #2692, 1000.000000000000000 ) ;
#9426 = CARTESIAN_POINT ( 'NONE',  ( 1.250000000000000666, 0.6716990566028311349, 2.100000000000000533 ) ) ;
#9428 = ORIENTED_EDGE ( 'NONE', *, *, #7427, .T. ) ;
#9427 = EDGE_CURVE ( 'NONE', #1929, #7283, #921, .T. ) ;
#9429 = ORIENTED_EDGE ( 'NONE', *, *, #1572, .F. ) ;
#9430 = PLANE ( 'NONE',  #1102 ) ;
#9431 = CARTESIAN_POINT ( 'NONE',  ( -0.7499999999999993339, 0.1999999999999999833, 2.225000000000000977 ) ) ;
#9432 = PLANE ( 'NONE',  #1297 ) ;
#9433 = EDGE_CURVE ( 'NONE', #10815, #5351, #10337, .T. ) ;
#9434 = DIRECTION ( 'NONE',  ( 0.000000000000000000, -1.000000000000000000, 0.000000000000000000 ) ) ;
#9435 = DIRECTION ( 'NONE',  ( 1.000000000000000000, 0.000000000000000000, 7.885106708985472271E-16 ) ) ;
#9436 = VECTOR ( 'NONE', #10267, 1000.000000000000000 ) ;
#9437 = CIRCLE ( 'NONE', #6247, 0.1250000000000001110 ) ;
#9438 = VECTOR ( 'NONE', #2959, 1000.000000000000000 ) ;
#9439 = CARTESIAN_POINT ( 'NONE',  ( -1.125000000000004441, 0.05000000000000000278, 2.661223514282616243E-15 ) ) ;
#9440 = ORIENTED_EDGE ( 'NONE', *, *, #4291, .F. ) ;
#9441 = ORIENTED_EDGE ( 'NONE', *, *, #4609, .F. ) ;
#9442 = DIRECTION ( 'NONE',  ( 1.000000000000000000, -0.000000000000000000, -3.469446951953614189E-15 ) ) ;
#9443 = AXIS2_PLACEMENT_3D ( 'NONE', #3276, #10136, #9312 ) ;
#9444 = EDGE_LOOP ( 'NONE', ( #5026, #9405, #10625, #3281 ) ) ;
#9445 = DIRECTION ( 'NONE',  ( -1.000000000000000000, -0.000000000000000000, -7.885106708985472271E-16 ) ) ;
#9446 = CARTESIAN_POINT ( 'NONE',  ( -0.6249999999999992228, 0.2000000000000000111, -2.500000000000000444 ) ) ;
#9447 = DIRECTION ( 'NONE',  ( -2.365532012695648978E-15, 0.000000000000000000, -1.000000000000000000 ) ) ;
#9448 = CARTESIAN_POINT ( 'NONE',  ( 0.1250000000000007494, 0.1999999999999999833, -2.500000000000000444 ) ) ;
#9449 = VECTOR ( 'NONE', #3150, 1000.000000000000000 ) ;
#9450 = EDGE_CURVE ( 'NONE', #7337, #10420, #7857, .T. ) ;
#9451 = ADVANCED_FACE ( 'NONE', ( #4468 ), #10234, .F. ) ;
#9452 = LINE ( 'NONE', #8558, #2969 ) ;
#9453 = LINE ( 'NONE', #5298, #6724 ) ;
#9454 = EDGE_LOOP ( 'NONE', ( #3810, #1809, #10845, #3364 ) ) ;
#9455 = EDGE_LOOP ( 'NONE', ( #9543, #9541, #674, #468 ) ) ;
#9456 = AXIS2_PLACEMENT_3D ( 'NONE', #4724, #8932, #2022 ) ;
#9458 = ORIENTED_EDGE ( 'NONE', *, *, #510, .F. ) ;
#9457 = LINE ( 'NONE', #3850, #766 ) ;
#9459 = DIRECTION ( 'NONE',  ( 0.000000000000000000, 1.000000000000000000, 0.000000000000000000 ) ) ;
#9460 = CARTESIAN_POINT ( 'NONE',  ( -2.000000000000000888, 0.9000000000000000222, -1.800000000000000711 ) ) ;
#9462 = ORIENTED_EDGE ( 'NONE', *, *, #2307, .F. ) ;
#9461 = CARTESIAN_POINT ( 'NONE',  ( -0.6249999999999992228, 0.1999999999999999833, -2.225000000000000977 ) ) ;
#9463 = DIRECTION ( 'NONE',  ( -0.000000000000000000, -1.000000000000000000, -0.000000000000000000 ) ) ;
#9464 = DIRECTION ( 'NONE',  ( 0.000000000000000000, 0.000000000000000000, -1.000000000000000000 ) ) ;
#9465 = CARTESIAN_POINT ( 'NONE',  ( -2.225000000000000533, 0.6716990566028309129, -0.1249999999999998890 ) ) ;
#9466 = CARTESIAN_POINT ( 'NONE',  ( 0.6250000000000007772, 0.000000000000000000, 2.225000000000000977 ) ) ;
#9467 = CARTESIAN_POINT ( 'NONE',  ( 2.500000000000000888, 0.6716990566028309129, -1.625000000000000000 ) ) ;
#9469 = ORIENTED_EDGE ( 'NONE', *, *, #9433, .F. ) ;
#9468 = DIRECTION ( 'NONE',  ( -1.000000000000000000, 0.000000000000000000, 0.000000000000000000 ) ) ;
#9470 = DIRECTION ( 'NONE',  ( 0.7071067811865487940, -0.000000000000000000, -0.7071067811865463515 ) ) ;
#9471 = EDGE_LOOP ( 'NONE', ( #3424, #1816, #3381, #4932 ) ) ;
#9472 = ORIENTED_EDGE ( 'NONE', *, *, #9288, .F. ) ;
#9473 = CARTESIAN_POINT ( 'NONE',  ( 2.225000000000000533, 0.6716990566028309129, 1.749999999999999778 ) ) ;
#9474 = EDGE_LOOP ( 'NONE', ( #8415, #7429, #6039, #5373 ) ) ;
#9475 = DIRECTION ( 'NONE',  ( -0.000000000000000000, -1.000000000000000000, -0.000000000000000000 ) ) ;
#9476 = DIRECTION ( 'NONE',  ( -0.000000000000000000, -1.000000000000000000, -0.000000000000000000 ) ) ;
#9477 = STYLED_ITEM ( 'NONE', ( #10697 ), #5218 ) ;
#9478 = DIRECTION ( 'NONE',  ( 0.000000000000000000, 1.000000000000000000, 0.000000000000000000 ) ) ;
#9479 = CARTESIAN_POINT ( 'NONE',  ( -1.624999999999998668, 0.000000000000000000, 2.500000000000000444 ) ) ;
#9480 = VERTEX_POINT ( 'NONE', #6970 ) ;
#9481 = ORIENTED_EDGE ( 'NONE', *, *, #1838, .T. ) ;
#9482 = CYLINDRICAL_SURFACE ( 'NONE', #10121, 0.1250000000000001110 ) ;
#9483 = EDGE_LOOP ( 'NONE', ( #10801, #3249, #4867, #7456, #3239 ) ) ;
#9484 = DIRECTION ( 'NONE',  ( 1.000000000000000000, 0.000000000000000000, 7.885106708985472271E-16 ) ) ;
#9485 = LINE ( 'NONE', #2731, #4191 ) ;
#9486 = CARTESIAN_POINT ( 'NONE',  ( 1.375000000000000888, 0.000000000000000000, -2.500000000000000444 ) ) ;
#9487 = ADVANCED_FACE ( 'NONE', ( #4414 ), #6860, .T. ) ;
#9488 = ADVANCED_FACE ( 'NONE', ( #6020 ), #7751, .T. ) ;
#9489 = EDGE_CURVE ( 'NONE', #2316, #10172, #1101, .T. ) ;
#9490 = EDGE_CURVE ( 'NONE', #4052, #380, #5972, .T. ) ;
#9491 = FACE_OUTER_BOUND ( 'NONE', #9057, .T. ) ;
#9492 = ORIENTED_EDGE ( 'NONE', *, *, #204, .F. ) ;
#9493 = ORIENTED_EDGE ( 'NONE', *, *, #4083, .T. ) ;
#9494 = DIRECTION ( 'NONE',  ( 8.673617379884034239E-17, -0.000000000000000000, 1.000000000000000000 ) ) ;
#9495 = AXIS2_PLACEMENT_3D ( 'NONE', #2992, #3040, #9694 ) ;
#9496 = VERTEX_POINT ( 'NONE', #8515 ) ;
#9497 = SURFACE_STYLE_FILL_AREA ( #7895 ) ;
#9498 = DIRECTION ( 'NONE',  ( 1.000000000000000000, 0.000000000000000000, -0.000000000000000000 ) ) ;
#9499 = LINE ( 'NONE', #7838, #9322 ) ;
#9500 = AXIS2_PLACEMENT_3D ( 'NONE', #7113, #10468, #6277 ) ;
#9501 = VECTOR ( 'NONE', #8512, 1000.000000000000000 ) ;
#9502 = LINE ( 'NONE', #1020, #3236 ) ;
#9503 = EDGE_CURVE ( 'NONE', #4708, #9248, #1818, .T. ) ;
#9504 = PLANE ( 'NONE',  #8278 ) ;
#9505 = VECTOR ( 'NONE', #10416, 1000.000000000000000 ) ;
#9506 = AXIS2_PLACEMENT_3D ( 'NONE', #4480, #6139, #8795 ) ;
#9507 = AXIS2_PLACEMENT_3D ( 'NONE', #133, #9338, #3626 ) ;
#9508 = FACE_OUTER_BOUND ( 'NONE', #9056, .T. ) ;
#9509 = ORIENTED_EDGE ( 'NONE', *, *, #9535, .T. ) ;
#9510 = ORIENTED_EDGE ( 'NONE', *, *, #282, .F. ) ;
#9511 = ORIENTED_EDGE ( 'NONE', *, *, #3261, .F. ) ;
#9512 = EDGE_CURVE ( 'NONE', #5744, #4736, #9067, .T. ) ;
#9513 = DIRECTION ( 'NONE',  ( -0.000000000000000000, -1.000000000000000000, -0.000000000000000000 ) ) ;
#9515 = VERTEX_POINT ( 'NONE', #5246 ) ;
#9514 = CARTESIAN_POINT ( 'NONE',  ( -1.624999999999998668, 0.6716990566028311349, 2.500000000000000444 ) ) ;
#9516 = AXIS2_PLACEMENT_3D ( 'NONE', #7341, #3893, #1180 ) ;
#9517 = DIRECTION ( 'NONE',  ( 1.000000000000000000, -0.000000000000000000, 0.000000000000000000 ) ) ;
#9518 = AXIS2_PLACEMENT_3D ( 'NONE', #2967, #1184, #2138 ) ;
#9519 = DIRECTION ( 'NONE',  ( 1.000000000000000000, 0.000000000000000000, -7.885106708985472271E-16 ) ) ;
#9520 = VECTOR ( 'NONE', #1682, 1000.000000000000000 ) ;
#9521 = CARTESIAN_POINT ( 'NONE',  ( 2.500000000000000888, 0.1999999999999999833, -0.1249999999999998890 ) ) ;
#9522 = DIRECTION ( 'NONE',  ( 0.000000000000000000, -1.000000000000000000, 0.000000000000000000 ) ) ;
#9523 = CARTESIAN_POINT ( 'NONE',  ( 1.250000000000000666, 0.000000000000000000, 2.100000000000000533 ) ) ;
#9525 = EDGE_LOOP ( 'NONE', ( #4168, #7346, #8331, #5179 ) ) ;
#9524 = LINE ( 'NONE', #928, #898 ) ;
#9526 = VECTOR ( 'NONE', #7492, 1000.000000000000000 ) ;
#9527 = CARTESIAN_POINT ( 'NONE',  ( -0.3749999999999992228, 0.1999999999999999833, -2.500000000000000444 ) ) ;
#9528 = VERTEX_POINT ( 'NONE', #7693 ) ;
#9529 = ORIENTED_EDGE ( 'NONE', *, *, #5582, .F. ) ;
#9530 = LINE ( 'NONE', #213, #9253 ) ;
#9531 = ORIENTED_EDGE ( 'NONE', *, *, #1313, .F. ) ;
#9532 = ADVANCED_FACE ( 'NONE', ( #35 ), #976, .F. ) ;
#9533 = DIRECTION ( 'NONE',  ( 0.000000000000000000, -1.000000000000000000, 0.000000000000000000 ) ) ;
#9535 = EDGE_CURVE ( 'NONE', #1040, #10026, #4357, .T. ) ;
#9534 = CLOSED_SHELL ( 'NONE', ( #10306, #7290, #9892, #5539, #5996, #99 ) ) ;
#9536 = DIRECTION ( 'NONE',  ( -0.000000000000000000, -1.000000000000000000, -0.000000000000000000 ) ) ;
#9537 = EDGE_CURVE ( 'NONE', #10713, #7562, #8627, .T. ) ;
#9538 = CARTESIAN_POINT ( 'NONE',  ( -2.225000000000000533, 0.6716990566028309129, -1.625000000000000000 ) ) ;
#9539 = LINE ( 'NONE', #9426, #846 ) ;
#9540 = ORIENTED_EDGE ( 'NONE', *, *, #736, .F. ) ;
#9541 = ORIENTED_EDGE ( 'NONE', *, *, #5612, .F. ) ;
#9542 = DIRECTION ( 'NONE',  ( 0.000000000000000000, 0.000000000000000000, 1.000000000000000000 ) ) ;
#9543 = ORIENTED_EDGE ( 'NONE', *, *, #4717, .F. ) ;
#9544 = EDGE_CURVE ( 'NONE', #8982, #3327, #10174, .T. ) ;
#9545 = LINE ( 'NONE', #4820, #3986 ) ;
#9546 = DIRECTION ( 'NONE',  ( 0.000000000000000000, -0.000000000000000000, -1.000000000000000000 ) ) ;
#9547 = CARTESIAN_POINT ( 'NONE',  ( -2.225000000000000533, 0.1999999999999999833, 0.8750000000000001110 ) ) ;
#9548 = DIRECTION ( 'NONE',  ( 0.000000000000000000, 0.000000000000000000, 1.000000000000000000 ) ) ;
#9549 = EDGE_LOOP ( 'NONE', ( #4547, #996, #6539, #1165 ) ) ;
#9550 = VERTEX_POINT ( 'NONE', #152 ) ;
#9551 = CARTESIAN_POINT ( 'NONE',  ( 2.500000000000000888, 0.6716990566028309129, -0.1249999999999998890 ) ) ;
#9552 = CARTESIAN_POINT ( 'NONE',  ( 2.225000000000000533, 0.05000000000000002359, 1.749999999999999778 ) ) ;
#9553 = VERTEX_POINT ( 'NONE', #10279 ) ;
#9554 = EDGE_CURVE ( 'NONE', #6236, #4336, #1874, .T. ) ;
#9555 = DIRECTION ( 'NONE',  ( 0.000000000000000000, 1.000000000000000000, 0.000000000000000000 ) ) ;
#9556 = CARTESIAN_POINT ( 'NONE',  ( 1.625000000000001332, 0.2000000000000000111, 2.500000000000001332 ) ) ;
#9557 = EDGE_CURVE ( 'NONE', #6429, #6236, #1103, .T. ) ;
#9558 = FACE_OUTER_BOUND ( 'NONE', #10053, .T. ) ;
#9559 = EDGE_CURVE ( 'NONE', #8472, #7441, #4252, .T. ) ;
#9560 = DIRECTION ( 'NONE',  ( 0.000000000000000000, -0.000000000000000000, 1.000000000000000000 ) ) ;
#9561 = CARTESIAN_POINT ( 'NONE',  ( 2.500000000000000000, 0.2000000000000005107, 1.624999999999999778 ) ) ;
#9562 = AXIS2_PLACEMENT_3D ( 'NONE', #2416, #642, #6627 ) ;
#9563 = CARTESIAN_POINT ( 'NONE',  ( 0.000000000000000000, 0.05000000000000000278, -0.1249999999999998890 ) ) ;
#9564 = ORIENTED_EDGE ( 'NONE', *, *, #5897, .T. ) ;
#9565 = VERTEX_POINT ( 'NONE', #8953 ) ;
#9566 = ORIENTED_EDGE ( 'NONE', *, *, #6736, .T. ) ;
#9567 = CARTESIAN_POINT ( 'NONE',  ( 2.225000000000000533, 0.1999999999999999833, -1.625000000000000000 ) ) ;
#9568 = EDGE_CURVE ( 'NONE', #3383, #33, #6408, .T. ) ;
#9569 = CARTESIAN_POINT ( 'NONE',  ( -1.124999999999998668, 0.000000000000000000, 2.500000000000000444 ) ) ;
#9570 = CARTESIAN_POINT ( 'NONE',  ( -2.225000000000000533, 0.1999999999999999833, 0.1249999999999997918 ) ) ;
#9571 = CARTESIAN_POINT ( 'NONE',  ( -1.749999999999999334, 0.2000000000000000111, -2.225000000000000977 ) ) ;
#9572 = VECTOR ( 'NONE', #9271, 1000.000000000000000 ) ;
#9573 = LINE ( 'NONE', #8068, #9958 ) ;
#9574 = VECTOR ( 'NONE', #8250, 1000.000000000000000 ) ;
#9575 = FACE_OUTER_BOUND ( 'NONE', #10943, .T. ) ;
#9576 = DIRECTION ( 'NONE',  ( -1.000000000000000000, 0.000000000000000000, 0.000000000000000000 ) ) ;
#9578 = ORIENTED_EDGE ( 'NONE', *, *, #2481, .F. ) ;
#9577 = CARTESIAN_POINT ( 'NONE',  ( -0.3749999999999992228, 0.000000000000000000, -2.500000000000000444 ) ) ;
#9579 = LINE ( 'NONE', #159, #10210 ) ;
#9580 = ORIENTED_EDGE ( 'NONE', *, *, #656, .F. ) ;
#9581 = ORIENTED_EDGE ( 'NONE', *, *, #4994, .F. ) ;
#9582 = DIRECTION ( 'NONE',  ( 0.000000000000000000, 0.000000000000000000, 1.000000000000000000 ) ) ;
#9583 = ORIENTED_EDGE ( 'NONE', *, *, #8002, .T. ) ;
#9584 = DIRECTION ( 'NONE',  ( 0.000000000000000000, 1.000000000000000000, 0.000000000000000000 ) ) ;
#9585 = EDGE_CURVE ( 'NONE', #6373, #3453, #5522, .T. ) ;
#9586 = DIRECTION ( 'NONE',  ( 0.000000000000000000, 0.000000000000000000, -1.000000000000000000 ) ) ;
#9587 = DIRECTION ( 'NONE',  ( 0.000000000000000000, -0.000000000000000000, 1.000000000000000000 ) ) ;
#9588 = ORIENTED_EDGE ( 'NONE', *, *, #10522, .F. ) ;
#9589 = ORIENTED_EDGE ( 'NONE', *, *, #2374, .F. ) ;
#9590 = DIRECTION ( 'NONE',  ( 0.000000000000000000, -1.000000000000000000, 0.000000000000000000 ) ) ;
#9591 = EDGE_LOOP ( 'NONE', ( #4260, #2143, #6201, #2765 ) ) ;
#9592 = DIRECTION ( 'NONE',  ( -2.365532012695642273E-15, 0.000000000000000000, -1.000000000000000000 ) ) ;
#9593 = CARTESIAN_POINT ( 'NONE',  ( 2.500000000000000000, 0.05000000000000000278, 2.499999999999999556 ) ) ;
#9594 = VECTOR ( 'NONE', #7209, 1000.000000000000000 ) ;
#9595 = VECTOR ( 'NONE', #668, 1000.000000000000000 ) ;
#9596 = ADVANCED_FACE ( 'NONE', ( #8122 ), #1309, .F. ) ;
#9597 = CARTESIAN_POINT ( 'NONE',  ( -0.8749999999999994449, 0.2000000000000000111, -2.225000000000000977 ) ) ;
#9598 = ORIENTED_EDGE ( 'NONE', *, *, #4785, .T. ) ;
#9599 = VERTEX_POINT ( 'NONE', #2202 ) ;
#9600 = CARTESIAN_POINT ( 'NONE',  ( -1.124999999999999334, 0.05000000000000000278, 0.000000000000000000 ) ) ;
#9601 = DIRECTION ( 'NONE',  ( 0.000000000000000000, 0.000000000000000000, 1.000000000000000000 ) ) ;
#9602 = ORIENTED_EDGE ( 'NONE', *, *, #6712, .T. ) ;
#9603 = LINE ( 'NONE', #3787, #10033 ) ;
#9604 = CARTESIAN_POINT ( 'NONE',  ( 2.225000000000000533, 0.6716990566028309129, 0.3750000000000001110 ) ) ;
#9605 = AXIS2_PLACEMENT_3D ( 'NONE', #9973, #6142, #3544 ) ;
#9606 = PLANE ( 'NONE',  #587 ) ;
#9607 = DIRECTION ( 'NONE',  ( 0.000000000000000000, 0.000000000000000000, 1.000000000000000000 ) ) ;
#9608 = VECTOR ( 'NONE', #2501, 1000.000000000000000 ) ;
#9609 = ADVANCED_FACE ( 'NONE', ( #7252 ), #4692, .T. ) ;
#9610 = AXIS2_PLACEMENT_3D ( 'NONE', #412, #1069, #8772 ) ;
#9611 = PRESENTATION_LAYER_ASSIGNMENT (  '', '', ( #8542 ) ) ;
#9612 = DIRECTION ( 'NONE',  ( 0.000000000000000000, -1.000000000000000000, 0.000000000000000000 ) ) ;
#9613 = ORIENTED_EDGE ( 'NONE', *, *, #4968, .T. ) ;
#9614 = ORIENTED_EDGE ( 'NONE', *, *, #4794, .F. ) ;
#9616 = ORIENTED_EDGE ( 'NONE', *, *, #4032, .T. ) ;
#9615 = SURFACE_STYLE_FILL_AREA ( #3080 ) ;
#9617 = SURFACE_STYLE_USAGE ( .BOTH. , #9835 ) ;
#9618 = SURFACE_STYLE_USAGE ( .BOTH. , #2867 ) ;
#9619 = LINE ( 'NONE', #7746, #8258 ) ;
#9620 = LINE ( 'NONE', #10389, #1890 ) ;
#9621 = VECTOR ( 'NONE', #10330, 1000.000000000000000 ) ;
#9622 = CLOSED_SHELL ( 'NONE', ( #10082, #9875, #7195, #5008, #2660, #5263, #7915 ) ) ;
#9623 = DIRECTION ( 'NONE',  ( -0.000000000000000000, -1.000000000000000000, -0.000000000000000000 ) ) ;
#9624 = VECTOR ( 'NONE', #7836, 1000.000000000000000 ) ;
#9625 = ADVANCED_FACE ( 'NONE', ( #10596 ), #2871, .T. ) ;
#9626 = ADVANCED_FACE ( 'NONE', ( #4634 ), #3029, .T. ) ;
#9627 = EDGE_CURVE ( 'NONE', #10085, #10816, #9573, .T. ) ;
#9628 = EDGE_CURVE ( 'NONE', #1606, #4053, #3749, .T. ) ;
#9629 = DIRECTION ( 'NONE',  ( -1.000000000000000000, 0.000000000000000000, -0.000000000000000000 ) ) ;
#9630 = CARTESIAN_POINT ( 'NONE',  ( 1.625000000000001332, 0.04999999999999969746, 2.500000000000001332 ) ) ;
#9631 = ORIENTED_EDGE ( 'NONE', *, *, #9557, .F. ) ;
#9632 = DIRECTION ( 'NONE',  ( -0.000000000000000000, -1.000000000000000000, -0.000000000000000000 ) ) ;
#9633 = EDGE_LOOP ( 'NONE', ( #4044, #5222, #493, #8865 ) ) ;
#9634 = ORIENTED_EDGE ( 'NONE', *, *, #1737, .F. ) ;
#9635 = DIRECTION ( 'NONE',  ( 0.000000000000000000, 1.000000000000000000, 0.000000000000000000 ) ) ;
#9636 = ORIENTED_EDGE ( 'NONE', *, *, #4551, .F. ) ;
#9637 = DIRECTION ( 'NONE',  ( 0.000000000000000000, -0.000000000000000000, -1.000000000000000000 ) ) ;
#9638 = CARTESIAN_POINT ( 'NONE',  ( -1.749999999999999334, 0.2000000000000000111, 2.225000000000000977 ) ) ;
#9639 = DIRECTION ( 'NONE',  ( -0.000000000000000000, -1.000000000000000000, -0.000000000000000000 ) ) ;
#9640 = ORIENTED_EDGE ( 'NONE', *, *, #8335, .T. ) ;
#9641 = DIRECTION ( 'NONE',  ( 0.000000000000000000, -1.000000000000000000, 0.000000000000000000 ) ) ;
#9642 = CARTESIAN_POINT ( 'NONE',  ( -0.1249999999999992506, 0.2000000000000000111, -2.500000000000000444 ) ) ;
#9643 = ORIENTED_EDGE ( 'NONE', *, *, #2414, .T. ) ;
#9644 = VERTEX_POINT ( 'NONE', #477 ) ;
#9645 = CARTESIAN_POINT ( 'NONE',  ( 2.500000000000000888, 0.6716990566028309129, -1.125000000000000000 ) ) ;
#9646 = ORIENTED_EDGE ( 'NONE', *, *, #2841, .T. ) ;
#9647 = AXIS2_PLACEMENT_3D ( 'NONE', #6448, #402, #2956 ) ;
#9648 = CARTESIAN_POINT ( 'NONE',  ( -1.374999999999999334, 0.000000000000000000, -2.500000000000000444 ) ) ;
#9649 = CARTESIAN_POINT ( 'NONE',  ( 2.225000000000000533, 0.6716990566028309129, 0.1250000000000001110 ) ) ;
#9650 = ADVANCED_FACE ( 'NONE', ( #10543 ), #8843, .F. ) ;
#9651 = ADVANCED_FACE ( 'NONE', ( #7029 ), #2820, .T. ) ;
#9652 = CARTESIAN_POINT ( 'NONE',  ( 2.225000000000000533, 0.6716990566028309129, -0.3750000000000003331 ) ) ;
#9653 = STYLED_ITEM ( 'NONE', ( #4437 ), #5283 ) ;
#9654 = CARTESIAN_POINT ( 'NONE',  ( -0.3749999999999992228, 0.1999999999999999833, 2.225000000000000977 ) ) ;
#9655 = VERTEX_POINT ( 'NONE', #1253 ) ;
#9656 = ORIENTED_EDGE ( 'NONE', *, *, #3060, .T. ) ;
#9657 = PLANE ( 'NONE',  #6997 ) ;
#9658 = CARTESIAN_POINT ( 'NONE',  ( -2.225000000000000533, 0.1999999999999999833, 1.875000000000000222 ) ) ;
#9659 = CLOSED_SHELL ( 'NONE', ( #1738, #7460, #8760, #6092, #236, #6765 ) ) ;
#9660 = CARTESIAN_POINT ( 'NONE',  ( 1.050000000000000266, 0.05000000000000100198, -1.050000000000000266 ) ) ;
#9661 = VECTOR ( 'NONE', #215, 1000.000000000000000 ) ;
#9662 = CARTESIAN_POINT ( 'NONE',  ( 2.225000000000000533, 0.6716990566028309129, -1.625000000000000000 ) ) ;
#9663 = EDGE_CURVE ( 'NONE', #4052, #3607, #8018, .T. ) ;
#9664 = EDGE_CURVE ( 'NONE', #4593, #250, #3801, .T. ) ;
#9665 = CARTESIAN_POINT ( 'NONE',  ( 1.875000000000001554, 0.1999999999999999833, 2.500000000000000444 ) ) ;
#9666 = VECTOR ( 'NONE', #1476, 1000.000000000000000 ) ;
#9667 =( NAMED_UNIT ( * ) PLANE_ANGLE_UNIT ( ) SI_UNIT ( $, .RADIAN. ) );
#9668 = VECTOR ( 'NONE', #8406, 1000.000000000000000 ) ;
#9669 = PLANE ( 'NONE',  #3017 ) ;
#9670 = ORIENTED_EDGE ( 'NONE', *, *, #10500, .F. ) ;
#9671 = ORIENTED_EDGE ( 'NONE', *, *, #9064, .F. ) ;
#9673 = ORIENTED_EDGE ( 'NONE', *, *, #5942, .F. ) ;
#9672 = DIRECTION ( 'NONE',  ( 0.000000000000000000, -1.000000000000000000, 0.000000000000000000 ) ) ;
#9674 = AXIS2_PLACEMENT_3D ( 'NONE', #7350, #6519, #7189 ) ;
#9675 =( NAMED_UNIT ( * ) PLANE_ANGLE_UNIT ( ) SI_UNIT ( $, .RADIAN. ) );
#9676 = CARTESIAN_POINT ( 'NONE',  ( 0.3750000000000007772, 0.2000000000000000111, -2.500000000000000444 ) ) ;
#9677 = DIRECTION ( 'NONE',  ( 0.000000000000000000, 0.000000000000000000, -1.000000000000000000 ) ) ;
#9678 = DIRECTION ( 'NONE',  ( 0.000000000000000000, 1.000000000000000000, 0.000000000000000000 ) ) ;
#9679 = DIRECTION ( 'NONE',  ( 1.032573497605242471E-16, 0.000000000000000000, -1.000000000000000000 ) ) ;
#9680 = VECTOR ( 'NONE', #3549, 1000.000000000000000 ) ;
#9681 = AXIS2_PLACEMENT_3D ( 'NONE', #6450, #6283, #2235 ) ;
#9682 = APPLICATION_CONTEXT ( 'automotive_design' ) ;
#9683 = CARTESIAN_POINT ( 'NONE',  ( -2.500000000000000888, 0.04999999999999969746, 0.3750000000000001110 ) ) ;
#9684 = VECTOR ( 'NONE', #4673, 1000.000000000000000 ) ;
#9686 = LINE ( 'NONE', #8901, #4560 ) ;
#9685 = AXIS2_PLACEMENT_3D ( 'NONE', #3072, #9165, #4058 ) ;
#9687 = ORIENTED_EDGE ( 'NONE', *, *, #7688, .F. ) ;
#9688 = CARTESIAN_POINT ( 'NONE',  ( -2.500000000000000888, 0.6716990566028309129, 0.8750000000000001110 ) ) ;
#9689 = ORIENTED_EDGE ( 'NONE', *, *, #10352, .F. ) ;
#9690 = EDGE_LOOP ( 'NONE', ( #5150, #9969, #2812, #10271 ) ) ;
#9691 = LINE ( 'NONE', #3866, #2347 ) ;
#9692 = EDGE_LOOP ( 'NONE', ( #1760, #8909, #4711, #4426, #10738 ) ) ;
#9693 = VECTOR ( 'NONE', #7922, 1000.000000000000000 ) ;
#9694 = DIRECTION ( 'NONE',  ( 0.000000000000000000, 0.000000000000000000, -1.000000000000000000 ) ) ;
#9695 = AXIS2_PLACEMENT_3D ( 'NONE', #10566, #8033, #7161 ) ;
#9696 = DIRECTION ( 'NONE',  ( 0.000000000000000000, 0.000000000000000000, -1.000000000000000000 ) ) ;
#9697 = EDGE_CURVE ( 'NONE', #5428, #6996, #8898, .T. ) ;
#9698 = CIRCLE ( 'NONE', #3844, 0.1250000000000001110 ) ;
#9699 = CIRCLE ( 'NONE', #500, 0.1250000000000001110 ) ;
#9700 = LINE ( 'NONE', #2114, #1915 ) ;
#9701 = EDGE_LOOP ( 'NONE', ( #7081, #6328, #8013, #7959 ) ) ;
#9702 = FACE_OUTER_BOUND ( 'NONE', #1721, .T. ) ;
#9703 = CLOSED_SHELL ( 'NONE', ( #924, #7413, #8480, #2388, #6090, #2153 ) ) ;
#9704 = CARTESIAN_POINT ( 'NONE',  ( 2.500000000000000888, 0.000000000000000000, 1.375000000000000222 ) ) ;
#9705 = ORIENTED_EDGE ( 'NONE', *, *, #9585, .F. ) ;
#9706 = ORIENTED_EDGE ( 'NONE', *, *, #2457, .F. ) ;
#9707 = CARTESIAN_POINT ( 'NONE',  ( 2.500000000000000888, 0.1999999999999999833, -1.125000000000000000 ) ) ;
#9708 = ORIENTED_EDGE ( 'NONE', *, *, #9544, .T. ) ;
#9709 = SURFACE_STYLE_USAGE ( .BOTH. , #10304 ) ;
#9710 = CARTESIAN_POINT ( 'NONE',  ( -1.624999999999998668, 0.1999999999999999833, 2.500000000000000444 ) ) ;
#9711 = EDGE_CURVE ( 'NONE', #5329, #88, #8732, .T. ) ;
#9712 = EDGE_CURVE ( 'NONE', #4446, #595, #7315, .T. ) ;
#9713 = CARTESIAN_POINT ( 'NONE',  ( 0.1250000000000005551, 0.000000000000000000, -2.225000000000000977 ) ) ;
#9714 = ORIENTED_EDGE ( 'NONE', *, *, #10614, .T. ) ;
#9715 = EDGE_LOOP ( 'NONE', ( #9848, #4449, #646, #8238 ) ) ;
#9716 = LINE ( 'NONE', #3889, #450 ) ;
#9717 = CARTESIAN_POINT ( 'NONE',  ( -2.225000000000000533, 0.1999999999999999833, -1.625000000000000000 ) ) ;
#9718 = LINE ( 'NONE', #10475, #2021 ) ;
#9719 = CARTESIAN_POINT ( 'NONE',  ( 1.750000000000000666, 0.2000000000000000111, 2.225000000000000977 ) ) ;
#9720 = LINE ( 'NONE', #7123, #9854 ) ;
#9721 = DIRECTION ( 'NONE',  ( 1.000000000000000000, -0.000000000000000000, -3.469446951953614189E-15 ) ) ;
#9722 = ADVANCED_FACE ( 'NONE', ( #7142 ), #6467, .F. ) ;
#9723 = CARTESIAN_POINT ( 'NONE',  ( -0.8749999999999985567, 0.2000000000000000111, 2.500000000000001332 ) ) ;
#9724 = DIRECTION ( 'NONE',  ( 2.365532012695649373E-15, 0.000000000000000000, 1.000000000000000000 ) ) ;
#9725 = VERTEX_POINT ( 'NONE', #7461 ) ;
#9726 = VERTEX_POINT ( 'NONE', #9227 ) ;
#9728 = ORIENTED_EDGE ( 'NONE', *, *, #7936, .F. ) ;
#9727 = DIRECTION ( 'NONE',  ( 2.365532012695641878E-15, -0.000000000000000000, 1.000000000000000000 ) ) ;
#9729 = DIRECTION ( 'NONE',  ( 1.032573497605242471E-16, 0.000000000000000000, -1.000000000000000000 ) ) ;
#9730 = DIRECTION ( 'NONE',  ( 1.000000000000000000, -0.000000000000000000, -3.469446951953614189E-15 ) ) ;
#9731 = DIRECTION ( 'NONE',  ( -0.000000000000000000, -0.000000000000000000, 1.000000000000000000 ) ) ;
#9732 = CARTESIAN_POINT ( 'NONE',  ( -0.8749999999999985567, 0.000000000000000000, 2.500000000000001332 ) ) ;
#9733 = AXIS2_PLACEMENT_3D ( 'NONE', #8667, #139, #24 ) ;
#9734 = ADVANCED_FACE ( 'NONE', ( #3139 ), #1636, .F. ) ;
#9735 = FACE_OUTER_BOUND ( 'NONE', #1705, .T. ) ;
#9736 = DIRECTION ( 'NONE',  ( 0.000000000000000000, 0.000000000000000000, -1.000000000000000000 ) ) ;
#9738 = ORIENTED_EDGE ( 'NONE', *, *, #2117, .F. ) ;
#9737 = PRESENTATION_STYLE_ASSIGNMENT (( #6305 ) ) ;
#9739 = PLANE ( 'NONE',  #128 ) ;
#9740 = ORIENTED_EDGE ( 'NONE', *, *, #5902, .F. ) ;
#9741 = ORIENTED_EDGE ( 'NONE', *, *, #10407, .F. ) ;
#9742 = DIRECTION ( 'NONE',  ( 0.000000000000000000, -0.000000000000000000, 1.000000000000000000 ) ) ;
#9743 = ORIENTED_EDGE ( 'NONE', *, *, #8002, .F. ) ;
#9744 = DIRECTION ( 'NONE',  ( 0.000000000000000000, 0.000000000000000000, -1.000000000000000000 ) ) ;
#9745 = DIRECTION ( 'NONE',  ( 1.000000000000000000, -0.000000000000000000, -1.734723475976807341E-16 ) ) ;
#9746 = VECTOR ( 'NONE', #5196, 1000.000000000000000 ) ;
#9747 = EDGE_CURVE ( 'NONE', #7850, #4234, #4019, .T. ) ;
#9748 = DIRECTION ( 'NONE',  ( 7.885106708985472271E-16, 0.000000000000000000, 1.000000000000000000 ) ) ;
#9749 = EDGE_CURVE ( 'NONE', #10079, #1831, #1465, .T. ) ;
#9750 = ORIENTED_EDGE ( 'NONE', *, *, #9992, .F. ) ;
#9751 = ADVANCED_FACE ( 'NONE', ( #10759 ), #4846, .T. ) ;
#9752 = CARTESIAN_POINT ( 'NONE',  ( 2.225000000000000533, 0.1999999999999999833, -1.250000000000000222 ) ) ;
#9753 = DIRECTION ( 'NONE',  ( 0.000000000000000000, -0.000000000000000000, 1.000000000000000000 ) ) ;
#9754 = ORIENTED_EDGE ( 'NONE', *, *, #7266, .F. ) ;
#9755 = ORIENTED_EDGE ( 'NONE', *, *, #8695, .F. ) ;
#9756 = CARTESIAN_POINT ( 'NONE',  ( -2.500000000000000888, 0.6716990566028309129, 0.8750000000000001110 ) ) ;
#9757 = VERTEX_POINT ( 'NONE', #3908 ) ;
#9758 = LINE ( 'NONE', #559, #625 ) ;
#9759 = EDGE_CURVE ( 'NONE', #10273, #8577, #1523, .T. ) ;
#9760 = FACE_OUTER_BOUND ( 'NONE', #3200, .T. ) ;
#9761 = ADVANCED_FACE ( 'NONE', ( #3302 ), #3192, .T. ) ;
#9762 = ADVANCED_FACE ( 'NONE', ( #9066 ), #7300, .F. ) ;
#9763 = EDGE_CURVE ( 'NONE', #770, #2549, #8342, .T. ) ;
#9764 = CARTESIAN_POINT ( 'NONE',  ( -0.2499999999999993616, 0.2000000000000000111, 2.225000000000000977 ) ) ;
#9765 = VERTEX_POINT ( 'NONE', #5004 ) ;
#9766 = ORIENTED_EDGE ( 'NONE', *, *, #10417, .F. ) ;
#9767 = CARTESIAN_POINT ( 'NONE',  ( 1.625000000000000888, 0.2000000000000000111, -2.500000000000000444 ) ) ;
#9768 = CARTESIAN_POINT ( 'NONE',  ( -2.225000000000000533, 0.6716990566028309129, -1.250000000000000222 ) ) ;
#9769 = PLANE ( 'NONE',  #4559 ) ;
#9770 = DIRECTION ( 'NONE',  ( -0.000000000000000000, -1.000000000000000000, -0.000000000000000000 ) ) ;
#9771 = PRODUCT_DEFINITION_CONTEXT ( 'detailed design', #9682, 'design' ) ;
#9772 = FACE_OUTER_BOUND ( 'NONE', #5852, .T. ) ;
#9773 = AXIS2_PLACEMENT_3D ( 'NONE', #8364, #10729, #10783 ) ;
#9774 = CARTESIAN_POINT ( 'NONE',  ( 1.125000000000000666, 0.000000000000000000, -2.225000000000000977 ) ) ;
#9775 = CARTESIAN_POINT ( 'NONE',  ( -0.1249999999999988065, 0.2000000000000005107, 2.500000000000000000 ) ) ;
#9776 = FACE_OUTER_BOUND ( 'NONE', #4041, .T. ) ;
#9777 = ORIENTED_EDGE ( 'NONE', *, *, #6034, .T. ) ;
#9778 = EDGE_LOOP ( 'NONE', ( #85, #9613, #8794, #5555 ) ) ;
#9779 = VECTOR ( 'NONE', #1374, 1000.000000000000000 ) ;
#9781 = EDGE_LOOP ( 'NONE', ( #223, #5822, #9021, #10319, #3368 ) ) ;
#9780 = DIRECTION ( 'NONE',  ( -1.000000000000000000, 0.000000000000000000, 3.469446951953614583E-15 ) ) ;
#9782 = DIRECTION ( 'NONE',  ( 1.000000000000000000, -0.000000000000000000, 0.000000000000000000 ) ) ;
#9783 = FACE_OUTER_BOUND ( 'NONE', #10359, .T. ) ;
#9784 = DIRECTION ( 'NONE',  ( -0.000000000000000000, -0.000000000000000000, -1.000000000000000000 ) ) ;
#9785 = EDGE_CURVE ( 'NONE', #823, #10085, #1455, .T. ) ;
#9786 = VECTOR ( 'NONE', #7609, 1000.000000000000000 ) ;
#9787 = VECTOR ( 'NONE', #5638, 1000.000000000000000 ) ;
#9788 = DIRECTION ( 'NONE',  ( 1.000000000000000000, -0.000000000000000000, -3.469446951953614189E-15 ) ) ;
#9789 = DIRECTION ( 'NONE',  ( -3.469446951953614583E-15, 0.000000000000000000, -1.000000000000000000 ) ) ;
#9791 = ORIENTED_EDGE ( 'NONE', *, *, #9108, .F. ) ;
#9790 = DIRECTION ( 'NONE',  ( 0.000000000000000000, -0.000000000000000000, 1.000000000000000000 ) ) ;
#9792 = DIRECTION ( 'NONE',  ( -0.000000000000000000, -1.000000000000000000, -0.000000000000000000 ) ) ;
#9793 = VERTEX_POINT ( 'NONE', #9178 ) ;
#9794 = ORIENTED_EDGE ( 'NONE', *, *, #2853, .F. ) ;
#9795 = DIRECTION ( 'NONE',  ( 0.000000000000000000, 0.000000000000000000, 1.000000000000000000 ) ) ;
#9796 = ORIENTED_EDGE ( 'NONE', *, *, #7159, .F. ) ;
#9797 = DIRECTION ( 'NONE',  ( 0.000000000000000000, -1.000000000000000000, 0.000000000000000000 ) ) ;
#9798 = CARTESIAN_POINT ( 'NONE',  ( 2.225000000000000533, 0.6716990566028309129, -1.125000000000000000 ) ) ;
#9799 = EDGE_CURVE ( 'NONE', #7643, #4879, #5175, .T. ) ;
#9800 = EDGE_CURVE ( 'NONE', #6873, #3439, #6428, .T. ) ;
#9801 = STYLED_ITEM ( 'NONE', ( #240 ), #1782 ) ;
#9802 = CARTESIAN_POINT ( 'NONE',  ( -2.225000000000000533, 0.6716990566028309129, 0.1250000000000001110 ) ) ;
#9803 = ORIENTED_EDGE ( 'NONE', *, *, #8609, .T. ) ;
#9805 = ORIENTED_EDGE ( 'NONE', *, *, #6194, .F. ) ;
#9804 = CARTESIAN_POINT ( 'NONE',  ( -1.624999999999999334, 0.2000000000000000111, -2.500000000000000444 ) ) ;
#9806 = CYLINDRICAL_SURFACE ( 'NONE', #4727, 0.1250000000000001110 ) ;
#9807 = EDGE_LOOP ( 'NONE', ( #4077, #9462, #1125, #3153 ) ) ;
#9808 = ORIENTED_EDGE ( 'NONE', *, *, #1839, .T. ) ;
#9809 = CARTESIAN_POINT ( 'NONE',  ( 2.500000000000000888, 0.1999999999999999833, 0.3750000000000001110 ) ) ;
#9810 = ORIENTED_EDGE ( 'NONE', *, *, #7861, .F. ) ;
#9811 = CARTESIAN_POINT ( 'NONE',  ( -2.500000000000000888, 0.6716990566028309129, 1.875000000000000222 ) ) ;
#9812 = AXIS2_PLACEMENT_3D ( 'NONE', #4565, #1124, #3012 ) ;
#9813 = CARTESIAN_POINT ( 'NONE',  ( 2.225000000000000533, 0.1999999999999999833, -0.1249999999999998890 ) ) ;
#9814 = AXIS2_PLACEMENT_3D ( 'NONE', #7008, #2020, #1011 ) ;
#9815 = CYLINDRICAL_SURFACE ( 'NONE', #7031, 0.1250000000000001110 ) ;
#9816 = ORIENTED_EDGE ( 'NONE', *, *, #2275, .T. ) ;
#9817 = ORIENTED_EDGE ( 'NONE', *, *, #3162, .F. ) ;
#9818 = CARTESIAN_POINT ( 'NONE',  ( 0.8750000000000007772, 0.1999999999999999833, -2.500000000000000444 ) ) ;
#9819 = DIRECTION ( 'NONE',  ( 0.000000000000000000, -0.000000000000000000, 1.000000000000000000 ) ) ;
#9820 = CYLINDRICAL_SURFACE ( 'NONE', #9681, 0.1250000000000001110 ) ;
#9821 = CARTESIAN_POINT ( 'NONE',  ( -2.225000000000000533, 0.05000000000000002359, 1.249999999999999778 ) ) ;
#9822 = LINE ( 'NONE', #6452, #10138 ) ;
#9823 = EDGE_CURVE ( 'NONE', #1337, #6497, #585, .T. ) ;
#9824 = ADVANCED_FACE ( 'NONE', ( #5684 ), #10000, .T. ) ;
#9825 = EDGE_CURVE ( 'NONE', #8345, #3454, #745, .T. ) ;
#9826 = CARTESIAN_POINT ( 'NONE',  ( 0.3750000000000007772, 0.2000000000000000111, -2.225000000000000977 ) ) ;
#9827 = CLOSED_SHELL ( 'NONE', ( #7523, #6777, #4874, #4670 ) ) ;
#9828 = DIRECTION ( 'NONE',  ( 1.000000000000000000, 0.000000000000000000, 7.885106708985472271E-16 ) ) ;
#9829 = CARTESIAN_POINT ( 'NONE',  ( 2.225000000000000533, 0.6716990566028309129, 0.3750000000000001110 ) ) ;
#9830 = ORIENTED_EDGE ( 'NONE', *, *, #8991, .F. ) ;
#9831 = ORIENTED_EDGE ( 'NONE', *, *, #8935, .F. ) ;
#9832 = VECTOR ( 'NONE', #5694, 1000.000000000000000 ) ;
#9834 = EDGE_LOOP ( 'NONE', ( #4115, #10246, #2749, #919 ) ) ;
#9833 = DIRECTION ( 'NONE',  ( 2.365532012695649373E-15, 0.000000000000000000, 1.000000000000000000 ) ) ;
#9835 = SURFACE_SIDE_STYLE ('',( #6356 ) ) ;
#9836 = PRESENTATION_STYLE_ASSIGNMENT (( #4741 ) ) ;
#9837 = LINE ( 'NONE', #7139, #3664 ) ;
#9838 = CARTESIAN_POINT ( 'NONE',  ( 1.125000000000000888, 0.2000000000000000111, -2.500000000000000444 ) ) ;
#9839 = CARTESIAN_POINT ( 'NONE',  ( 2.225000000000000533, 0.1999999999999999833, -1.750000000000000222 ) ) ;
#9840 = EDGE_CURVE ( 'NONE', #5073, #1135, #3962, .T. ) ;
#9841 = ADVANCED_FACE ( 'NONE', ( #22 ), #7573, .F. ) ;
#9842 = VECTOR ( 'NONE', #4917, 1000.000000000000000 ) ;
#9843 = PRESENTATION_LAYER_ASSIGNMENT (  '', '', ( #5060 ) ) ;
#9844 = LINE ( 'NONE', #8848, #4775 ) ;
#9845 = ADVANCED_FACE ( 'NONE', ( #3358 ), #2570, .T. ) ;
#9846 = DIRECTION ( 'NONE',  ( 1.000000000000000000, 0.000000000000000000, -7.885106708985472271E-16 ) ) ;
#9848 = ORIENTED_EDGE ( 'NONE', *, *, #8883, .F. ) ;
#9847 = FACE_OUTER_BOUND ( 'NONE', #1528, .T. ) ;
#9849 = DIRECTION ( 'NONE',  ( 0.000000000000000000, -1.000000000000000000, 0.000000000000000000 ) ) ;
#9850 = VERTEX_POINT ( 'NONE', #8393 ) ;
#9851 = EDGE_LOOP ( 'NONE', ( #3380, #8799, #7182, #5749 ) ) ;
#9852 = CARTESIAN_POINT ( 'NONE',  ( -2.225000000000000533, 0.1999999999999999833, -0.8749999999999998890 ) ) ;
#9853 = ORIENTED_EDGE ( 'NONE', *, *, #2711, .T. ) ;
#9854 = VECTOR ( 'NONE', #8936, 1000.000000000000000 ) ;
#9855 = DIRECTION ( 'NONE',  ( 0.000000000000000000, 0.000000000000000000, 1.000000000000000000 ) ) ;
#9856 = DIRECTION ( 'NONE',  ( -0.000000000000000000, -1.000000000000000000, -0.000000000000000000 ) ) ;
#9857 = AXIS2_PLACEMENT_3D ( 'NONE', #1008, #290, #7946 ) ;
#9858 = CIRCLE ( 'NONE', #5436, 0.1250000000000001110 ) ;
#9859 = VECTOR ( 'NONE', #1206, 1000.000000000000000 ) ;
#9860 = LINE ( 'NONE', #4812, #1740 ) ;
#9861 = VECTOR ( 'NONE', #2488, 1000.000000000000000 ) ;
#9863 = ORIENTED_EDGE ( 'NONE', *, *, #9749, .F. ) ;
#9862 = CARTESIAN_POINT ( 'NONE',  ( -2.225000000000000533, 0.6716990566028309129, -1.875000000000000000 ) ) ;
#9864 = EDGE_CURVE ( 'NONE', #10162, #7247, #799, .T. ) ;
#9865 = VECTOR ( 'NONE', #5292, 1000.000000000000000 ) ;
#9866 = CARTESIAN_POINT ( 'NONE',  ( 0.6250000000000014433, 0.000000000000000000, 2.500000000000001332 ) ) ;
#9867 = ORIENTED_EDGE ( 'NONE', *, *, #426, .F. ) ;
#9868 = ORIENTED_EDGE ( 'NONE', *, *, #1087, .T. ) ;
#9869 = LINE ( 'NONE', #3984, #5160 ) ;
#9870 = ORIENTED_EDGE ( 'NONE', *, *, #2307, .T. ) ;
#9871 = DIRECTION ( 'NONE',  ( 0.000000000000000000, -1.000000000000000000, 0.000000000000000000 ) ) ;
#9872 = CIRCLE ( 'NONE', #7049, 0.1250000000000001110 ) ;
#9873 = AXIS2_PLACEMENT_3D ( 'NONE', #10124, #9303, #1714 ) ;
#9874 = VECTOR ( 'NONE', #7695, 1000.000000000000000 ) ;
#9875 = ADVANCED_FACE ( 'NONE', ( #1803 ), #7732, .T. ) ;
#9876 = CARTESIAN_POINT ( 'NONE',  ( -0.2499999999999993616, 0.04999999999999999584, 2.225000000000000977 ) ) ;
#9877 = ORIENTED_EDGE ( 'NONE', *, *, #2389, .T. ) ;
#9878 = ORIENTED_EDGE ( 'NONE', *, *, #8544, .F. ) ;
#9879 = DIRECTION ( 'NONE',  ( 0.000000000000000000, 0.000000000000000000, -1.000000000000000000 ) ) ;
#9880 = CARTESIAN_POINT ( 'NONE',  ( 0.7500000000000006661, 0.6716990566028311349, 2.225000000000000977 ) ) ;
#9881 = AXIS2_PLACEMENT_3D ( 'NONE', #8992, #5662, #6605 ) ;
#9882 = CARTESIAN_POINT ( 'NONE',  ( -2.500000000000000888, 0.9999999999999991118, -2.500000000000000444 ) ) ;
#9883 = LINE ( 'NONE', #4001, #487 ) ;
#9884 = CARTESIAN_POINT ( 'NONE',  ( 0.7500000000000006661, 0.000000000000000000, -2.225000000000000977 ) ) ;
#9885 = CARTESIAN_POINT ( 'NONE',  ( -0.6249999999999992228, 0.2000000000000000111, 2.225000000000000977 ) ) ;
#9886 = CARTESIAN_POINT ( 'NONE',  ( -0.1249999999999992506, 0.000000000000000000, -2.500000000000000444 ) ) ;
#9887 = EDGE_CURVE ( 'NONE', #10408, #7258, #6776, .T. ) ;
#9888 = ORIENTED_EDGE ( 'NONE', *, *, #2563, .T. ) ;
#9889 = EDGE_LOOP ( 'NONE', ( #1754, #10006, #10298, #8266 ) ) ;
#9891 = EDGE_LOOP ( 'NONE', ( #6204, #2655, #5142, #987 ) ) ;
#9890 = SURFACE_SIDE_STYLE ('',( #10859 ) ) ;
#9892 = ADVANCED_FACE ( 'NONE', ( #9340 ), #10924, .F. ) ;
#9893 = DIRECTION ( 'NONE',  ( -0.000000000000000000, -1.000000000000000000, 0.000000000000000000 ) ) ;
#9894 = PRESENTATION_STYLE_ASSIGNMENT (( #4791 ) ) ;
#9895 = CARTESIAN_POINT ( 'NONE',  ( 2.500000000000000888, 0.1999999999999999833, -1.625000000000000000 ) ) ;
#9896 = LINE ( 'NONE', #584, #6312 ) ;
#9897 = CARTESIAN_POINT ( 'NONE',  ( -4.928191693115907104E-16, 0.05000000000000000278, 0.6249999999999983347 ) ) ;
#9898 = CARTESIAN_POINT ( 'NONE',  ( 2.225000000000000533, 0.6716990566028309129, 1.375000000000000222 ) ) ;
#9899 = EDGE_CURVE ( 'NONE', #1586, #6214, #8449, .T. ) ;
#9900 = CARTESIAN_POINT ( 'NONE',  ( -0.6249999999999985567, 0.1999999999999999833, 2.500000000000000444 ) ) ;
#9902 = VERTEX_POINT ( 'NONE', #3518 ) ;
#9901 = SURFACE_STYLE_USAGE ( .BOTH. , #28 ) ;
#9903 = EDGE_CURVE ( 'NONE', #735, #5197, #1750, .T. ) ;
#9904 = LINE ( 'NONE', #3755, #4558 ) ;
#9905 = ORIENTED_EDGE ( 'NONE', *, *, #948, .T. ) ;
#9906 = CARTESIAN_POINT ( 'NONE',  ( -1.249999999999999334, 0.2000000000000000111, 2.225000000000000977 ) ) ;
#9907 = EDGE_LOOP ( 'NONE', ( #6366, #8253, #492, #5223 ) ) ;
#9908 = FACE_OUTER_BOUND ( 'NONE', #6620, .T. ) ;
#9909 = DIRECTION ( 'NONE',  ( -1.000000000000000000, 0.000000000000000000, 2.365532012695649373E-15 ) ) ;
#9910 = VECTOR ( 'NONE', #4075, 1000.000000000000000 ) ;
#9911 = DIRECTION ( 'NONE',  ( 1.000000000000000000, -0.000000000000000000, 0.000000000000000000 ) ) ;
#9913 = EDGE_LOOP ( 'NONE', ( #6068, #3954, #10639, #5095 ) ) ;
#9912 = FACE_OUTER_BOUND ( 'NONE', #141, .T. ) ;
#9914 = CARTESIAN_POINT ( 'NONE',  ( 1.875000000000001554, 0.2000000000000000111, 2.500000000000000444 ) ) ;
#9915 = VECTOR ( 'NONE', #10016, 1000.000000000000000 ) ;
#9916 = EDGE_LOOP ( 'NONE', ( #607, #10606, #4911, #2878 ) ) ;
#9917 = EDGE_LOOP ( 'NONE', ( #997, #5596, #10074, #8405 ) ) ;
#9918 = DIRECTION ( 'NONE',  ( 0.000000000000000000, 1.000000000000000000, 0.000000000000000000 ) ) ;
#9919 = ORIENTED_EDGE ( 'NONE', *, *, #1017, .T. ) ;
#9920 = SURFACE_STYLE_FILL_AREA ( #6546 ) ;
#9921 = AXIS2_PLACEMENT_3D ( 'NONE', #6562, #4943, #5731 ) ;
#9922 = EDGE_CURVE ( 'NONE', #4736, #1272, #9502, .T. ) ;
#9923 = AXIS2_PLACEMENT_3D ( 'NONE', #9752, #3104, #4813 ) ;
#9924 = DIRECTION ( 'NONE',  ( -1.000000000000000000, 0.000000000000000000, 7.885106708985472271E-16 ) ) ;
#9925 = ORIENTED_EDGE ( 'NONE', *, *, #2963, .F. ) ;
#9926 = EDGE_LOOP ( 'NONE', ( #3707, #5706, #8634, #2991 ) ) ;
#9927 = LINE ( 'NONE', #4160, #1500 ) ;
#9928 = CARTESIAN_POINT ( 'NONE',  ( 2.225000000000000533, 0.1999999999999999833, -0.6249999999999998890 ) ) ;
#9929 = CARTESIAN_POINT ( 'NONE',  ( -1.124999999999999334, 0.2000000000000000111, 2.225000000000000977 ) ) ;
#9930 = PLANE ( 'NONE',  #4731 ) ;
#9931 = LINE ( 'NONE', #2189, #5783 ) ;
#9932 = ADVANCED_FACE ( 'NONE', ( #4399 ), #5117, .T. ) ;
#9933 = CARTESIAN_POINT ( 'NONE',  ( 2.225000000000000533, 0.6716990566028309129, 0.2499999999999997780 ) ) ;
#9934 = LINE ( 'NONE', #7344, #7279 ) ;
#9935 = ORIENTED_EDGE ( 'NONE', *, *, #4998, .F. ) ;
#9936 = ORIENTED_EDGE ( 'NONE', *, *, #736, .T. ) ;
#9938 = ORIENTED_EDGE ( 'NONE', *, *, #7802, .T. ) ;
#9937 =( LENGTH_UNIT ( ) NAMED_UNIT ( * ) SI_UNIT ( .MILLI., .METRE. ) );
#9939 = DIRECTION ( 'NONE',  ( -0.000000000000000000, -1.000000000000000000, -0.000000000000000000 ) ) ;
#9940 = CARTESIAN_POINT ( 'NONE',  ( -1.124999999999999334, 0.2000000000000000111, -2.500000000000000444 ) ) ;
#9941 = CARTESIAN_POINT ( 'NONE',  ( -2.500000000000000888, 0.000000000000000000, 0.3750000000000001110 ) ) ;
#9942 = FACE_OUTER_BOUND ( 'NONE', #2892, .T. ) ;
#9943 = AXIS2_PLACEMENT_3D ( 'NONE', #3392, #5882, #3997 ) ;
#9944 = DIRECTION ( 'NONE',  ( 0.000000000000000000, -0.000000000000000000, -1.000000000000000000 ) ) ;
#9945 = AXIS2_PLACEMENT_3D ( 'NONE', #5862, #9909, #10070 ) ;
#9946 = VECTOR ( 'NONE', #7520, 1000.000000000000000 ) ;
#9947 = LINE ( 'NONE', #5851, #4419 ) ;
#9948 = EDGE_LOOP ( 'NONE', ( #9143, #8008, #5585, #6945 ) ) ;
#9949 = CARTESIAN_POINT ( 'NONE',  ( 2.225000000000000533, 0.05000000000000002359, 0.3750000000000001110 ) ) ;
#9951 = EDGE_LOOP ( 'NONE', ( #3524, #9374, #5965, #7635 ) ) ;
#9950 = CARTESIAN_POINT ( 'NONE',  ( -0.7499999999999993339, 0.000000000000000000, 2.225000000000000977 ) ) ;
#9952 = CARTESIAN_POINT ( 'NONE',  ( -1.249999999999999334, 0.2000000000000000111, -2.225000000000000977 ) ) ;
#9953 = ORIENTED_EDGE ( 'NONE', *, *, #9663, .T. ) ;
#9954 = CARTESIAN_POINT ( 'NONE',  ( 2.225000000000000533, 0.1999999999999999833, 0.3750000000000001110 ) ) ;
#9955 = ORIENTED_EDGE ( 'NONE', *, *, #7664, .T. ) ;
#9956 = LINE ( 'NONE', #9132, #8249 ) ;
#9957 = LINE ( 'NONE', #5695, #1448 ) ;
#9958 = VECTOR ( 'NONE', #1361, 1000.000000000000000 ) ;
#9959 = VECTOR ( 'NONE', #2680, 1000.000000000000000 ) ;
#9960 = EDGE_CURVE ( 'NONE', #5425, #9025, #10476, .T. ) ;
#9961 = EDGE_CURVE ( 'NONE', #5471, #8536, #3569, .T. ) ;
#9962 = EDGE_CURVE ( 'NONE', #2119, #7777, #2683, .T. ) ;
#9963 = EDGE_CURVE ( 'NONE', #6835, #10085, #6955, .T. ) ;
#9964 = VECTOR ( 'NONE', #9321, 1000.000000000000000 ) ;
#9965 = CARTESIAN_POINT ( 'NONE',  ( -2.500000000000000888, 0.6716990566028309129, -1.125000000000000000 ) ) ;
#9966 = LINE ( 'NONE', #6702, #1007 ) ;
#9967 = AXIS2_PLACEMENT_3D ( 'NONE', #2909, #9555, #5462 ) ;
#9969 = ORIENTED_EDGE ( 'NONE', *, *, #5407, .T. ) ;
#9968 = DIRECTION ( 'NONE',  ( -1.000000000000000000, 0.000000000000000000, 2.365532012695649373E-15 ) ) ;
#9970 = LINE ( 'NONE', #2381, #307 ) ;
#9971 = ORIENTED_EDGE ( 'NONE', *, *, #5670, .F. ) ;
#9972 = VERTEX_POINT ( 'NONE', #4238 ) ;
#9973 = CARTESIAN_POINT ( 'NONE',  ( -1.749999999999999334, 0.2000000000000000111, -2.225000000000000977 ) ) ;
#9974 = ORIENTED_EDGE ( 'NONE', *, *, #7397, .T. ) ;
#9975 =( LENGTH_UNIT ( ) NAMED_UNIT ( * ) SI_UNIT ( .MILLI., .METRE. ) );
#9976 = STYLED_ITEM ( 'NONE', ( #1811 ), #1562 ) ;
#9977 = EDGE_CURVE ( 'NONE', #8387, #577, #2742, .T. ) ;
#9978 = AXIS2_PLACEMENT_3D ( 'NONE', #9172, #632, #8285 ) ;
#9979 = DIRECTION ( 'NONE',  ( -1.000000000000000000, 0.000000000000000000, 0.000000000000000000 ) ) ;
#9980 = ORIENTED_EDGE ( 'NONE', *, *, #4128, .F. ) ;
#9981 = EDGE_CURVE ( 'NONE', #2549, #4615, #10482, .T. ) ;
#9982 = ORIENTED_EDGE ( 'NONE', *, *, #1592, .T. ) ;
#9983 = FACE_OUTER_BOUND ( 'NONE', #6981, .T. ) ;
#9984 = CARTESIAN_POINT ( 'NONE',  ( 0.2500000000000006661, 0.1999999999999999833, -2.225000000000000977 ) ) ;
#9985 = DIRECTION ( 'NONE',  ( -0.000000000000000000, -1.000000000000000000, -0.000000000000000000 ) ) ;
#9986 = PLANE ( 'NONE',  #6857 ) ;
#9987 = DIRECTION ( 'NONE',  ( -0.000000000000000000, 0.000000000000000000, 1.000000000000000000 ) ) ;
#9988 = DIRECTION ( 'NONE',  ( -0.000000000000000000, -1.000000000000000000, -0.000000000000000000 ) ) ;
#9989 = DIRECTION ( 'NONE',  ( 0.000000000000000000, 0.000000000000000000, -1.000000000000000000 ) ) ;
#9990 = VERTEX_POINT ( 'NONE', #10216 ) ;
#9991 = ORIENTED_EDGE ( 'NONE', *, *, #6714, .F. ) ;
#9992 = EDGE_CURVE ( 'NONE', #163, #1575, #2633, .T. ) ;
#9994 = EDGE_LOOP ( 'NONE', ( #5819, #9743, #338, #2947 ) ) ;
#9993 = CARTESIAN_POINT ( 'NONE',  ( -1.624999999999998668, 0.6716990566028311349, 2.500000000000000444 ) ) ;
#9995 = EDGE_CURVE ( 'NONE', #1981, #5747, #7671, .T. ) ;
#9996 = LINE ( 'NONE', #529, #7663 ) ;
#9997 = DIRECTION ( 'NONE',  ( -1.000000000000000000, 0.000000000000000000, 7.885106708985472271E-16 ) ) ;
#9998 = CIRCLE ( 'NONE', #5217, 0.1250000000000001110 ) ;
#9999 = DIRECTION ( 'NONE',  ( 0.000000000000000000, 1.000000000000000000, 0.000000000000000000 ) ) ;
#10000 = PLANE ( 'NONE',  #6603 ) ;
#10001 = COLOUR_RGB ( '',0.7921568627450980005, 0.8196078431372548767, 0.9333333333333333481 ) ;
#10002 = CARTESIAN_POINT ( 'NONE',  ( -1.874999999999998668, 0.2000000000000000111, 2.500000000000001332 ) ) ;
#10003 = EDGE_LOOP ( 'NONE', ( #6475, #281, #9237, #8164 ) ) ;
#10004 = VERTEX_POINT ( 'NONE', #3015 ) ;
#10005 = CARTESIAN_POINT ( 'NONE',  ( 2.500000000000000888, 0.000000000000000000, -1.625000000000000000 ) ) ;
#10006 = ORIENTED_EDGE ( 'NONE', *, *, #4, .T. ) ;
#10007 = DIRECTION ( 'NONE',  ( 0.000000000000000000, -0.000000000000000000, 1.000000000000000000 ) ) ;
#10008 = ORIENTED_EDGE ( 'NONE', *, *, #4361, .F. ) ;
#10009 = CARTESIAN_POINT ( 'NONE',  ( -2.225000000000000533, 0.6716990566028309129, -1.625000000000000000 ) ) ;
#10011 = VERTEX_POINT ( 'NONE', #5409 ) ;
#10010 = DIRECTION ( 'NONE',  ( -1.000000000000000000, 0.000000000000000000, 0.000000000000000000 ) ) ;
#10012 = DIRECTION ( 'NONE',  ( 0.000000000000000000, -1.000000000000000000, 0.000000000000000000 ) ) ;
#10013 = PLANE ( 'NONE',  #8888 ) ;
#10014 = PRESENTATION_LAYER_ASSIGNMENT (  '', '', ( #5233 ) ) ;
#10015 = VECTOR ( 'NONE', #7419, 1000.000000000000000 ) ;
#10016 = DIRECTION ( 'NONE',  ( 1.000000000000000000, -0.000000000000000000, 7.885106708985472271E-16 ) ) ;
#10017 = CARTESIAN_POINT ( 'NONE',  ( 2.225000000000000533, 0.05000000000000002359, -1.625000000000000000 ) ) ;
#10018 = VECTOR ( 'NONE', #7636, 1000.000000000000000 ) ;
#10020 = ORIENTED_EDGE ( 'NONE', *, *, #749, .F. ) ;
#10019 = CARTESIAN_POINT ( 'NONE',  ( -2.225000000000000533, 0.1999999999999999833, 0.3750000000000001110 ) ) ;
#10021 = CARTESIAN_POINT ( 'NONE',  ( -2.000000000000000888, 0.9000000000000000222, -2.000000000000000444 ) ) ;
#10023 = ORIENTED_EDGE ( 'NONE', *, *, #10446, .T. ) ;
#10022 = EDGE_CURVE ( 'NONE', #10837, #3793, #7842, .T. ) ;
#10024 = ORIENTED_EDGE ( 'NONE', *, *, #8339, .T. ) ;
#10025 = CARTESIAN_POINT ( 'NONE',  ( -2.225000000000000533, 0.000000000000000000, -0.6249999999999998890 ) ) ;
#10026 = VERTEX_POINT ( 'NONE', #8000 ) ;
#10027 = SURFACE_SIDE_STYLE ('',( #5144 ) ) ;
#10028 = ADVANCED_FACE ( 'NONE', ( #5346 ), #4453, .T. ) ;
#10029 = VECTOR ( 'NONE', #8337, 1000.000000000000000 ) ;
#10030 = AXIS2_PLACEMENT_3D ( 'NONE', #3855, #6297, #5577 ) ;
#10031 = VECTOR ( 'NONE', #2845, 1000.000000000000000 ) ;
#10032 = CIRCLE ( 'NONE', #4374, 0.1250000000000001110 ) ;
#10033 = VECTOR ( 'NONE', #7998, 1000.000000000000000 ) ;
#10034 = DIRECTION ( 'NONE',  ( 0.000000000000000000, 0.000000000000000000, -1.000000000000000000 ) ) ;
#10036 = ORIENTED_EDGE ( 'NONE', *, *, #4623, .F. ) ;
#10035 = ADVANCED_FACE ( 'NONE', ( #4621 ), #3733, .F. ) ;
#10037 = ORIENTED_EDGE ( 'NONE', *, *, #7600, .F. ) ;
#10038 = CARTESIAN_POINT ( 'NONE',  ( -2.225000000000000533, 0.1999999999999999833, -0.8749999999999998890 ) ) ;
#10039 = VECTOR ( 'NONE', #9163, 1000.000000000000000 ) ;
#10040 =( GEOMETRIC_REPRESENTATION_CONTEXT ( 3 ) GLOBAL_UNCERTAINTY_ASSIGNED_CONTEXT ( ( #357 ) ) GLOBAL_UNIT_ASSIGNED_CONTEXT ( ( #1398, #9667, #2914 ) ) REPRESENTATION_CONTEXT ( 'NONE', 'WORKASPACE' ) );
#10041 = CARTESIAN_POINT ( 'NONE',  ( -2.225000000000000533, 0.6716990566028309129, -0.3750000000000003331 ) ) ;
#10042 = CARTESIAN_POINT ( 'NONE',  ( 2.500000000000000888, 0.1999999999999999833, -1.625000000000000000 ) ) ;
#10043 = VECTOR ( 'NONE', #10097, 1000.000000000000000 ) ;
#10044 = CARTESIAN_POINT ( 'NONE',  ( 1.875000000000000888, 0.1999999999999999833, -2.225000000000000977 ) ) ;
#10045 = AXIS2_PLACEMENT_3D ( 'NONE', #2847, #1963, #8759 ) ;
#10046 = CARTESIAN_POINT ( 'NONE',  ( -2.225000000000000533, 0.1999999999999999833, -0.8750000000000002220 ) ) ;
#10047 = DIRECTION ( 'NONE',  ( 0.000000000000000000, -1.000000000000000000, 0.000000000000000000 ) ) ;
#10048 = VERTEX_POINT ( 'NONE', #9665 ) ;
#10049 = EDGE_LOOP ( 'NONE', ( #9262, #2091, #8887, #3716 ) ) ;
#10051 = ORIENTED_EDGE ( 'NONE', *, *, #7064, .F. ) ;
#10050 = CARTESIAN_POINT ( 'NONE',  ( 1.750000000000000666, 0.04999999999999999584, 2.225000000000000977 ) ) ;
#10052 = FILL_AREA_STYLE_COLOUR ( '', #95 ) ;
#10053 = EDGE_LOOP ( 'NONE', ( #713, #7792, #4457, #9112 ) ) ;
#10054 = CARTESIAN_POINT ( 'NONE',  ( 2.500000000000000000, 0.05000000000000000278, -2.500000000000000444 ) ) ;
#10055 = FACE_OUTER_BOUND ( 'NONE', #160, .T. ) ;
#10056 = CARTESIAN_POINT ( 'NONE',  ( 2.500000000000000000, 0.05000000000000000278, 2.499999999999999556 ) ) ;
#10057 = DIRECTION ( 'NONE',  ( 0.7071067811865439090, -0.000000000000000000, 0.7071067811865511255 ) ) ;
#10058 = EDGE_CURVE ( 'NONE', #195, #1191, #2966, .T. ) ;
#10059 = CARTESIAN_POINT ( 'NONE',  ( -1.749999999999999334, 0.000000000000000000, -2.225000000000000977 ) ) ;
#10060 = EDGE_LOOP ( 'NONE', ( #3351, #8470, #6682, #6121 ) ) ;
#10061 = EDGE_LOOP ( 'NONE', ( #3875, #2062, #8510, #1283 ) ) ;
#10062 = CIRCLE ( 'NONE', #3472, 0.1250000000000001110 ) ;
#10064 = ORIENTED_EDGE ( 'NONE', *, *, #6878, .T. ) ;
#10063 = PRESENTATION_STYLE_ASSIGNMENT (( #9126 ) ) ;
#10065 = DIRECTION ( 'NONE',  ( 1.000000000000000000, 0.000000000000000000, -2.365532012695642273E-15 ) ) ;
#10066 = DIRECTION ( 'NONE',  ( 0.000000000000000000, 0.000000000000000000, 1.000000000000000000 ) ) ;
#10068 = ORIENTED_EDGE ( 'NONE', *, *, #426, .T. ) ;
#10067 = CARTESIAN_POINT ( 'NONE',  ( 0.8750000000000014433, 0.04999999999999969746, 2.500000000000000444 ) ) ;
#10069 = LINE ( 'NONE', #9191, #4170 ) ;
#10070 = DIRECTION ( 'NONE',  ( 2.365532012695649373E-15, 0.000000000000000000, 1.000000000000000000 ) ) ;
#10071 = DIRECTION ( 'NONE',  ( 0.000000000000000000, 0.000000000000000000, 1.000000000000000000 ) ) ;
#10072 = LINE ( 'NONE', #4203, #10719 ) ;
#10074 = ORIENTED_EDGE ( 'NONE', *, *, #6423, .T. ) ;
#10073 = DIRECTION ( 'NONE',  ( 2.365532012695649373E-15, 0.000000000000000000, 1.000000000000000000 ) ) ;
#10075 = CARTESIAN_POINT ( 'NONE',  ( 2.225000000000000533, 0.1999999999999999833, -0.6249999999999998890 ) ) ;
#10076 = ORIENTED_EDGE ( 'NONE', *, *, #3219, .T. ) ;
#10077 = ORIENTED_EDGE ( 'NONE', *, *, #3992, .T. ) ;
#10078 = LINE ( 'NONE', #6490, #570 ) ;
#10079 = VERTEX_POINT ( 'NONE', #4571 ) ;
#10080 = LINE ( 'NONE', #936, #631 ) ;
#10081 = AXIS2_PLACEMENT_3D ( 'NONE', #1411, #10445, #7916 ) ;
#10082 = ADVANCED_FACE ( 'NONE', ( #7126 ), #10479, .T. ) ;
#10083 = ADVANCED_FACE ( 'NONE', ( #9772 ), #6347, .T. ) ;
#10084 = CARTESIAN_POINT ( 'NONE',  ( 2.500000000000000000, 0.2000000000000005107, 0.1250000000000001110 ) ) ;
#10085 = VERTEX_POINT ( 'NONE', #1240 ) ;
#10086 = VERTEX_POINT ( 'NONE', #6396 ) ;
#10087 = CARTESIAN_POINT ( 'NONE',  ( 2.225000000000000533, 0.1999999999999999833, -1.875000000000000444 ) ) ;
#10088 = VECTOR ( 'NONE', #9641, 1000.000000000000000 ) ;
#10089 = LINE ( 'NONE', #6937, #414 ) ;
#10090 = CARTESIAN_POINT ( 'NONE',  ( -1.749999999999999334, 0.2000000000000000111, -2.225000000000000977 ) ) ;
#10091 = LINE ( 'NONE', #6886, #6135 ) ;
#10092 = EDGE_CURVE ( 'NONE', #8439, #1386, #10585, .T. ) ;
#10093 = ADVANCED_FACE ( 'NONE', ( #2912 ), #9606, .F. ) ;
#10094 = EDGE_CURVE ( 'NONE', #4645, #4209, #2081, .T. ) ;
#10095 = VECTOR ( 'NONE', #10513, 1000.000000000000000 ) ;
#10096 = ADVANCED_FACE ( 'NONE', ( #2028 ), #4510, .F. ) ;
#10097 = DIRECTION ( 'NONE',  ( -1.000000000000000000, 0.000000000000000000, 0.000000000000000000 ) ) ;
#10098 = DIRECTION ( 'NONE',  ( 0.000000000000000000, 0.000000000000000000, 1.000000000000000000 ) ) ;
#10099 = ORIENTED_EDGE ( 'NONE', *, *, #10294, .T. ) ;
#10100 = ORIENTED_EDGE ( 'NONE', *, *, #8816, .F. ) ;
#10102 = ORIENTED_EDGE ( 'NONE', *, *, #6397, .F. ) ;
#10101 = PLANE ( 'NONE',  #4320 ) ;
#10103 = ORIENTED_EDGE ( 'NONE', *, *, #7803, .T. ) ;
#10104 = DIRECTION ( 'NONE',  ( 0.000000000000000000, 1.000000000000000000, 0.000000000000000000 ) ) ;
#10105 = FACE_OUTER_BOUND ( 'NONE', #6637, .T. ) ;
#10106 = CARTESIAN_POINT ( 'NONE',  ( -2.225000000000000533, 0.05000000000000002359, -1.875000000000000444 ) ) ;
#10107 = DIRECTION ( 'NONE',  ( 0.000000000000000000, -0.000000000000000000, -1.000000000000000000 ) ) ;
#10108 = LINE ( 'NONE', #3194, #8844 ) ;
#10109 = ORIENTED_EDGE ( 'NONE', *, *, #6944, .F. ) ;
#10110 = EDGE_LOOP ( 'NONE', ( #9974, #10709, #10750, #9853 ) ) ;
#10112 = VERTEX_POINT ( 'NONE', #3841 ) ;
#10111 = PLANE ( 'NONE',  #6616 ) ;
#10113 = CARTESIAN_POINT ( 'NONE',  ( 1.375000000000000888, 0.000000000000000000, -2.500000000000000444 ) ) ;
#10114 = ADVANCED_FACE ( 'NONE', ( #8830 ), #8881, .F. ) ;
#10115 = DIRECTION ( 'NONE',  ( -1.000000000000000000, 0.000000000000000000, 0.000000000000000000 ) ) ;
#10117 = ORIENTED_EDGE ( 'NONE', *, *, #8478, .T. ) ;
#10116 = CARTESIAN_POINT ( 'NONE',  ( -2.225000000000000533, 0.05000000000000002359, -0.2500000000000002220 ) ) ;
#10118 = DIRECTION ( 'NONE',  ( 0.000000000000000000, -1.000000000000000000, 0.000000000000000000 ) ) ;
#10119 = DIRECTION ( 'NONE',  ( 0.000000000000000000, -1.000000000000000000, 0.000000000000000000 ) ) ;
#10120 = AXIS2_PLACEMENT_3D ( 'NONE', #5433, #5380, #3919 ) ;
#10121 = AXIS2_PLACEMENT_3D ( 'NONE', #7771, #2839, #3447 ) ;
#10122 = CARTESIAN_POINT ( 'NONE',  ( -0.6249999999999992228, 0.2000000000000000111, -2.500000000000000444 ) ) ;
#10123 = DIRECTION ( 'NONE',  ( 2.365532012695649373E-15, -0.000000000000000000, 1.000000000000000000 ) ) ;
#10124 = CARTESIAN_POINT ( 'NONE',  ( -1.749999999999999334, 0.2000000000000000111, -2.225000000000000977 ) ) ;
#10126 = EDGE_LOOP ( 'NONE', ( #796, #1234, #10537, #7905 ) ) ;
#10125 = CARTESIAN_POINT ( 'NONE',  ( -2.000000000000000888, 1.000000000000000000, -2.000000000000000444 ) ) ;
#10127 = CARTESIAN_POINT ( 'NONE',  ( 1.250000000000000666, 0.2000000000000000111, 2.100000000000000533 ) ) ;
#10128 = ORIENTED_EDGE ( 'NONE', *, *, #2940, .F. ) ;
#10129 = ORIENTED_EDGE ( 'NONE', *, *, #6163, .F. ) ;
#10130 = DIRECTION ( 'NONE',  ( 0.000000000000000000, 0.000000000000000000, -1.000000000000000000 ) ) ;
#10131 = AXIS2_PLACEMENT_3D ( 'NONE', #10497, #9679, #5476 ) ;
#10132 = ORIENTED_EDGE ( 'NONE', *, *, #2623, .F. ) ;
#10133 = ADVANCED_FACE ( 'NONE', ( #7241 ), #10427, .T. ) ;
#10134 = VECTOR ( 'NONE', #1097, 1000.000000000000000 ) ;
#10135 = EDGE_CURVE ( 'NONE', #10086, #4641, #9822, .T. ) ;
#10136 = DIRECTION ( 'NONE',  ( 0.000000000000000000, -0.000000000000000000, 1.000000000000000000 ) ) ;
#10137 = CIRCLE ( 'NONE', #6779, 0.1250000000000001110 ) ;
#10138 = VECTOR ( 'NONE', #5671, 1000.000000000000000 ) ;
#10139 = MECHANICAL_DESIGN_GEOMETRIC_PRESENTATION_REPRESENTATION (  '', ( #4118 ), #7320 ) ;
#10140 = DIRECTION ( 'NONE',  ( 0.000000000000000000, -1.000000000000000000, 0.000000000000000000 ) ) ;
#10141 = ORIENTED_EDGE ( 'NONE', *, *, #6007, .F. ) ;
#10142 = ORIENTED_EDGE ( 'NONE', *, *, #10774, .T. ) ;
#10143 = UNCERTAINTY_MEASURE_WITH_UNIT (LENGTH_MEASURE( 1.000000000000000082E-05 ), #3525, 'distance_accuracy_value', 'NONE');
#10144 = DIRECTION ( 'NONE',  ( 0.000000000000000000, 1.000000000000000000, 0.000000000000000000 ) ) ;
#10145 = CLOSED_SHELL ( 'NONE', ( #5123, #2807, #895, #3738, #519, #756 ) ) ;
#10146 = LINE ( 'NONE', #8588, #2533 ) ;
#10147 = CARTESIAN_POINT ( 'NONE',  ( -1.050000000000000044, 0.05000000000000000278, 0.000000000000000000 ) ) ;
#10148 = CARTESIAN_POINT ( 'NONE',  ( -0.3749999999999992228, 0.6716990566028311349, 2.225000000000000977 ) ) ;
#10149 = CARTESIAN_POINT ( 'NONE',  ( 0.6250000000000006661, 0.1999999999999999833, -2.225000000000000977 ) ) ;
#10150 = LINE ( 'NONE', #4491, #8150 ) ;
#10151 = ORIENTED_EDGE ( 'NONE', *, *, #4611, .T. ) ;
#10152 = ORIENTED_EDGE ( 'NONE', *, *, #8810, .F. ) ;
#10153 = FACE_OUTER_BOUND ( 'NONE', #3899, .T. ) ;
#10154 = ORIENTED_EDGE ( 'NONE', *, *, #5265, .T. ) ;
#10155 = ADVANCED_FACE ( 'NONE', ( #729 ), #5779, .F. ) ;
#10156 = DIRECTION ( 'NONE',  ( 0.000000000000000000, 0.000000000000000000, 1.000000000000000000 ) ) ;
#10157 = DIRECTION ( 'NONE',  ( 1.000000000000000000, 0.000000000000000000, -0.000000000000000000 ) ) ;
#10158 = DIRECTION ( 'NONE',  ( -1.000000000000000000, -0.000000000000000000, -7.885106708985472271E-16 ) ) ;
#10159 = EDGE_CURVE ( 'NONE', #278, #7835, #4002, .T. ) ;
#10160 = DIRECTION ( 'NONE',  ( 0.000000000000000000, -1.000000000000000000, 0.000000000000000000 ) ) ;
#10161 = DIRECTION ( 'NONE',  ( 1.000000000000000000, 0.000000000000000000, 0.000000000000000000 ) ) ;
#10162 = VERTEX_POINT ( 'NONE', #4780 ) ;
#10163 = VERTEX_POINT ( 'NONE', #7342 ) ;
#10164 = AXIS2_PLACEMENT_3D ( 'NONE', #4774, #4983, #6608 ) ;
#10166 = ORIENTED_EDGE ( 'NONE', *, *, #9275, .F. ) ;
#10165 = FILL_AREA_STYLE ('',( #4461 ) ) ;
#10167 = PLANE ( 'NONE',  #4351 ) ;
#10168 = EDGE_CURVE ( 'NONE', #4184, #6514, #10631, .T. ) ;
#10169 = EDGE_CURVE ( 'NONE', #4879, #10162, #7395, .T. ) ;
#10170 = CYLINDRICAL_SURFACE ( 'NONE', #1653, 0.1250000000000001110 ) ;
#10172 = VERTEX_POINT ( 'NONE', #568 ) ;
#10171 = CARTESIAN_POINT ( 'NONE',  ( -2.500000000000000888, 0.1999999999999999833, 1.875000000000000222 ) ) ;
#10173 = LINE ( 'NONE', #1649, #812 ) ;
#10174 = LINE ( 'NONE', #1085, #4470 ) ;
#10175 = VECTOR ( 'NONE', #5211, 1000.000000000000000 ) ;
#10176 = ADVANCED_FACE ( 'NONE', ( #2398 ), #681, .T. ) ;
#10177 = DIRECTION ( 'NONE',  ( -0.000000000000000000, -1.000000000000000000, -0.000000000000000000 ) ) ;
#10178 = CARTESIAN_POINT ( 'NONE',  ( 0.6250000000000007772, 0.04999999999999969746, -2.500000000000000444 ) ) ;
#10179 = PLANE ( 'NONE',  #10735 ) ;
#10181 = ORIENTED_EDGE ( 'NONE', *, *, #6317, .T. ) ;
#10180 = DIRECTION ( 'NONE',  ( 1.000000000000000000, -0.000000000000000000, 0.000000000000000000 ) ) ;
#10182 = DIRECTION ( 'NONE',  ( 0.000000000000000000, -0.000000000000000000, 1.000000000000000000 ) ) ;
#10183 = VERTEX_POINT ( 'NONE', #2296 ) ;
#10184 = ORIENTED_EDGE ( 'NONE', *, *, #6441, .F. ) ;
#10185 = FACE_OUTER_BOUND ( 'NONE', #1401, .T. ) ;
#10186 = ORIENTED_EDGE ( 'NONE', *, *, #6195, .T. ) ;
#10187 = STYLED_ITEM ( 'NONE', ( #3335 ), #5414 ) ;
#10188 = DIRECTION ( 'NONE',  ( 0.000000000000000000, -1.000000000000000000, 0.000000000000000000 ) ) ;
#10189 = COLOUR_RGB ( '',0.7921568627450980005, 0.8196078431372548767, 0.9333333333333333481 ) ;
#10190 = EDGE_CURVE ( 'NONE', #1135, #10518, #3947, .T. ) ;
#10191 = AXIS2_PLACEMENT_3D ( 'NONE', #9571, #10233, #6968 ) ;
#10192 = EDGE_CURVE ( 'NONE', #4908, #8311, #10797, .T. ) ;
#10193 = CIRCLE ( 'NONE', #3134, 0.1250000000000001110 ) ;
#10194 = DIRECTION ( 'NONE',  ( 0.000000000000000000, 1.000000000000000000, -0.000000000000000000 ) ) ;
#10195 = ORIENTED_EDGE ( 'NONE', *, *, #1632, .F. ) ;
#10196 = EDGE_LOOP ( 'NONE', ( #6446, #9469, #2019, #10800 ) ) ;
#10197 = DIRECTION ( 'NONE',  ( -0.000000000000000000, -1.000000000000000000, -0.000000000000000000 ) ) ;
#10198 = DIRECTION ( 'NONE',  ( -2.365532012695642273E-15, 0.000000000000000000, -1.000000000000000000 ) ) ;
#10199 = VECTOR ( 'NONE', #2921, 1000.000000000000000 ) ;
#10200 = CARTESIAN_POINT ( 'NONE',  ( -2.225000000000000533, 0.6716990566028309129, -1.375000000000000444 ) ) ;
#10201 = CARTESIAN_POINT ( 'NONE',  ( -1.874999999999998668, 0.2000000000000000111, 2.500000000000001332 ) ) ;
#10202 = CIRCLE ( 'NONE', #2069, 0.1250000000000001110 ) ;
#10203 = EDGE_CURVE ( 'NONE', #690, #1025, #7500, .T. ) ;
#10204 = VECTOR ( 'NONE', #8216, 1000.000000000000000 ) ;
#10205 = CIRCLE ( 'NONE', #1539, 0.1250000000000001110 ) ;
#10206 = CARTESIAN_POINT ( 'NONE',  ( 0.7500000000000006661, 0.1999999999999999833, 2.225000000000000977 ) ) ;
#10207 = ORIENTED_EDGE ( 'NONE', *, *, #482, .F. ) ;
#10208 = ORIENTED_EDGE ( 'NONE', *, *, #8138, .F. ) ;
#10209 = CARTESIAN_POINT ( 'NONE',  ( -1.749999999999999334, 0.2000000000000000111, 2.100000000000000533 ) ) ;
#10210 = VECTOR ( 'NONE', #4530, 1000.000000000000000 ) ;
#10211 = VECTOR ( 'NONE', #741, 1000.000000000000000 ) ;
#10212 = ORIENTED_EDGE ( 'NONE', *, *, #2950, .F. ) ;
#10213 = DIRECTION ( 'NONE',  ( -0.000000000000000000, -1.000000000000000000, -0.000000000000000000 ) ) ;
#10214 = LINE ( 'NONE', #2631, #834 ) ;
#10215 = DIRECTION ( 'NONE',  ( 0.000000000000000000, 0.000000000000000000, 1.000000000000000000 ) ) ;
#10216 = CARTESIAN_POINT ( 'NONE',  ( -0.8749999999999994449, 0.2000000000000000111, -2.225000000000000977 ) ) ;
#10217 = VECTOR ( 'NONE', #6250, 1000.000000000000000 ) ;
#10218 = AXIS2_PLACEMENT_3D ( 'NONE', #10941, #156, #7591 ) ;
#10219 = LINE ( 'NONE', #7786, #6330 ) ;
#10220 = AXIS2_PLACEMENT_3D ( 'NONE', #9723, #5194, #9359 ) ;
#10221 = EDGE_CURVE ( 'NONE', #5031, #5844, #4937, .T. ) ;
#10222 = CLOSED_SHELL ( 'NONE', ( #4330, #9153, #9258, #7885, #8906, #2665 ) ) ;
#10223 = EDGE_CURVE ( 'NONE', #10048, #4593, #9931, .T. ) ;
#10224 = DIRECTION ( 'NONE',  ( 1.000000000000000000, 0.000000000000000000, -7.885106708985472271E-16 ) ) ;
#10225 = ORIENTED_EDGE ( 'NONE', *, *, #6750, .T. ) ;
#10226 = EDGE_LOOP ( 'NONE', ( #7549, #2814, #1518, #3155 ) ) ;
#10228 = ORIENTED_EDGE ( 'NONE', *, *, #10788, .F. ) ;
#10227 = CARTESIAN_POINT ( 'NONE',  ( 2.500000000000000888, 0.1999999999999999833, -1.374999999999999778 ) ) ;
#10229 = SURFACE_STYLE_FILL_AREA ( #6853 ) ;
#10230 = DIRECTION ( 'NONE',  ( 0.000000000000000000, 1.000000000000000000, 0.000000000000000000 ) ) ;
#10232 = ORIENTED_EDGE ( 'NONE', *, *, #885, .T. ) ;
#10231 = DIRECTION ( 'NONE',  ( 0.000000000000000000, -1.000000000000000000, 0.000000000000000000 ) ) ;
#10233 = DIRECTION ( 'NONE',  ( 0.000000000000000000, 1.000000000000000000, 0.000000000000000000 ) ) ;
#10234 = PLANE ( 'NONE',  #6951 ) ;
#10235 = EDGE_CURVE ( 'NONE', #1981, #6213, #4109, .T. ) ;
#10236 = EDGE_CURVE ( 'NONE', #4043, #5289, #8436, .T. ) ;
#10237 = DIRECTION ( 'NONE',  ( 1.000000000000000000, 0.000000000000000000, 0.000000000000000000 ) ) ;
#10238 = CYLINDRICAL_SURFACE ( 'NONE', #8805, 0.1250000000000001110 ) ;
#10239 = DIRECTION ( 'NONE',  ( 0.000000000000000000, -1.000000000000000000, 0.000000000000000000 ) ) ;
#10241 = VERTEX_POINT ( 'NONE', #9000 ) ;
#10240 = CARTESIAN_POINT ( 'NONE',  ( 1.375000000000000888, 0.000000000000000000, -2.225000000000000977 ) ) ;
#10242 = LINE ( 'NONE', #6978, #6331 ) ;
#10243 = ORIENTED_EDGE ( 'NONE', *, *, #4531, .F. ) ;
#10244 = ORIENTED_EDGE ( 'NONE', *, *, #2832, .F. ) ;
#10245 = CARTESIAN_POINT ( 'NONE',  ( -1.374999999999998668, 0.6716990566028311349, 2.500000000000001332 ) ) ;
#10246 = ORIENTED_EDGE ( 'NONE', *, *, #1086, .F. ) ;
#10247 = FILL_AREA_STYLE ('',( #2833 ) ) ;
#10248 = CARTESIAN_POINT ( 'NONE',  ( -1.374999999999999556, 0.04999999999999999584, -2.225000000000000977 ) ) ;
#10249 = ORIENTED_EDGE ( 'NONE', *, *, #7064, .T. ) ;
#10250 = ORIENTED_EDGE ( 'NONE', *, *, #1950, .F. ) ;
#10251 = UNCERTAINTY_MEASURE_WITH_UNIT (LENGTH_MEASURE( 1.000000000000000082E-05 ), #4015, 'distance_accuracy_value', 'NONE');
#10252 = DIRECTION ( 'NONE',  ( 0.000000000000000000, -1.000000000000000000, 0.000000000000000000 ) ) ;
#10253 = SURFACE_STYLE_FILL_AREA ( #4948 ) ;
#10254 = DIRECTION ( 'NONE',  ( -0.000000000000000000, -1.000000000000000000, -0.000000000000000000 ) ) ;
#10255 = EDGE_CURVE ( 'NONE', #562, #9091, #5727, .T. ) ;
#10256 = EDGE_CURVE ( 'NONE', #2638, #3848, #6667, .T. ) ;
#10257 = DIRECTION ( 'NONE',  ( -0.000000000000000000, -1.000000000000000000, -0.000000000000000000 ) ) ;
#10258 = CARTESIAN_POINT ( 'NONE',  ( 0.1250000000000014155, 0.000000000000000000, 2.500000000000001332 ) ) ;
#10259 = FACE_OUTER_BOUND ( 'NONE', #2656, .T. ) ;
#10260 = ORIENTED_EDGE ( 'NONE', *, *, #6643, .F. ) ;
#10261 = ORIENTED_EDGE ( 'NONE', *, *, #10708, .T. ) ;
#10262 = CARTESIAN_POINT ( 'NONE',  ( -1.749999999999999334, 0.2000000000000000111, -2.225000000000000977 ) ) ;
#10263 = ORIENTED_EDGE ( 'NONE', *, *, #2092, .F. ) ;
#10264 = CARTESIAN_POINT ( 'NONE',  ( 2.225000000000000533, 0.000000000000000000, -0.8749999999999998890 ) ) ;
#10265 = LINE ( 'NONE', #8498, #9865 ) ;
#10266 = DIRECTION ( 'NONE',  ( -1.000000000000000000, 0.000000000000000000, -7.885106708985472271E-16 ) ) ;
#10267 = DIRECTION ( 'NONE',  ( -1.000000000000000000, 0.000000000000000000, -7.885106708985472271E-16 ) ) ;
#10268 = VECTOR ( 'NONE', #4709, 1000.000000000000000 ) ;
#10269 = CARTESIAN_POINT ( 'NONE',  ( 0.7500000000000006661, 0.04999999999999999584, -2.225000000000000977 ) ) ;
#10270 = DIRECTION ( 'NONE',  ( -0.000000000000000000, -1.000000000000000000, -0.000000000000000000 ) ) ;
#10271 = ORIENTED_EDGE ( 'NONE', *, *, #7901, .T. ) ;
#10272 = ORIENTED_EDGE ( 'NONE', *, *, #4554, .T. ) ;
#10273 = VERTEX_POINT ( 'NONE', #6508 ) ;
#10274 =( NAMED_UNIT ( * ) PLANE_ANGLE_UNIT ( ) SI_UNIT ( $, .RADIAN. ) );
#10275 = DIRECTION ( 'NONE',  ( -0.000000000000000000, 0.000000000000000000, -1.000000000000000000 ) ) ;
#10277 = ORIENTED_EDGE ( 'NONE', *, *, #10168, .F. ) ;
#10276 = LINE ( 'NONE', #4411, #1182 ) ;
#10278 = DIRECTION ( 'NONE',  ( 0.000000000000000000, 0.000000000000000000, 1.000000000000000000 ) ) ;
#10279 = CARTESIAN_POINT ( 'NONE',  ( 0.6250000000000007772, 0.1999999999999999833, -2.500000000000000444 ) ) ;
#10280 = DIRECTION ( 'NONE',  ( 0.000000000000000000, -1.000000000000000000, 0.000000000000000000 ) ) ;
#10281 = DIRECTION ( 'NONE',  ( -1.000000000000000000, 0.000000000000000000, 0.000000000000000000 ) ) ;
#10282 = CARTESIAN_POINT ( 'NONE',  ( 2.225000000000000533, 0.6716990566028309129, -0.2500000000000002220 ) ) ;
#10284 = ORIENTED_EDGE ( 'NONE', *, *, #1410, .T. ) ;
#10283 = CYLINDRICAL_SURFACE ( 'NONE', #1793, 0.1250000000000001110 ) ;
#10285 = CARTESIAN_POINT ( 'NONE',  ( -8.870745047608643239E-16, 0.05000000000000000278, 1.124999999999998446 ) ) ;
#10286 = ORIENTED_EDGE ( 'NONE', *, *, #10203, .T. ) ;
#10287 = ORIENTED_EDGE ( 'NONE', *, *, #36, .T. ) ;
#10288 = DIRECTION ( 'NONE',  ( 1.000000000000000000, -0.000000000000000000, -3.469446951953614189E-15 ) ) ;
#10289 = ORIENTED_EDGE ( 'NONE', *, *, #7839, .T. ) ;
#10290 = CARTESIAN_POINT ( 'NONE',  ( -0.1249999999999992506, 0.6716990566028311349, -2.500000000000000444 ) ) ;
#10291 = CYLINDRICAL_SURFACE ( 'NONE', #922, 0.1250000000000001110 ) ;
#10292 = EDGE_CURVE ( 'NONE', #4063, #2109, #6318, .T. ) ;
#10293 = EDGE_CURVE ( 'NONE', #8313, #6293, #4886, .T. ) ;
#10294 = EDGE_CURVE ( 'NONE', #4849, #690, #8937, .T. ) ;
#10295 = AXIS2_PLACEMENT_3D ( 'NONE', #10890, #3333, #7377 ) ;
#10296 = ADVANCED_FACE ( 'NONE', ( #5998 ), #8590, .T. ) ;
#10297 = AXIS2_PLACEMENT_3D ( 'NONE', #6481, #7100, #8082 ) ;
#10298 = ORIENTED_EDGE ( 'NONE', *, *, #3342, .T. ) ;
#10299 = CARTESIAN_POINT ( 'NONE',  ( 0.6250000000000007772, 0.2000000000000000111, 2.225000000000000977 ) ) ;
#10300 = ORIENTED_EDGE ( 'NONE', *, *, #3663, .F. ) ;
#10301 = ORIENTED_EDGE ( 'NONE', *, *, #9193, .F. ) ;
#10302 = DIRECTION ( 'NONE',  ( 0.000000000000000000, -0.000000000000000000, 1.000000000000000000 ) ) ;
#10303 = ORIENTED_EDGE ( 'NONE', *, *, #1294, .F. ) ;
#10304 = SURFACE_SIDE_STYLE ('',( #4605 ) ) ;
#10305 = DIRECTION ( 'NONE',  ( -0.000000000000000000, -1.000000000000000000, -0.000000000000000000 ) ) ;
#10306 = ADVANCED_FACE ( 'NONE', ( #8540 ), #5834, .F. ) ;
#10307 = LINE ( 'NONE', #7828, #10550 ) ;
#10308 = AXIS2_PLACEMENT_3D ( 'NONE', #894, #3505, #8428 ) ;
#10309 = CARTESIAN_POINT ( 'NONE',  ( -2.225000000000000533, 0.000000000000000000, 1.375000000000000222 ) ) ;
#10310 = AXIS2_PLACEMENT_3D ( 'NONE', #2587, #2534, #8464 ) ;
#10311 = EDGE_CURVE ( 'NONE', #2441, #5471, #10091, .T. ) ;
#10312 = STYLED_ITEM ( 'NONE', ( #1078 ), #1599 ) ;
#10313 = PLANE ( 'NONE',  #6160 ) ;
#10314 = ORIENTED_EDGE ( 'NONE', *, *, #6211, .F. ) ;
#10315 = ORIENTED_EDGE ( 'NONE', *, *, #7332, .T. ) ;
#10316 = CARTESIAN_POINT ( 'NONE',  ( 0.8750000000000014433, 0.000000000000000000, 2.500000000000000444 ) ) ;
#10317 = VECTOR ( 'NONE', #4154, 1000.000000000000000 ) ;
#10318 = DIRECTION ( 'NONE',  ( 1.000000000000000000, 0.000000000000000000, -0.000000000000000000 ) ) ;
#10319 = ORIENTED_EDGE ( 'NONE', *, *, #9512, .F. ) ;
#10320 = DIRECTION ( 'NONE',  ( 0.000000000000000000, 0.000000000000000000, -1.000000000000000000 ) ) ;
#10321 = DIRECTION ( 'NONE',  ( -0.000000000000000000, -1.000000000000000000, -0.000000000000000000 ) ) ;
#10322 = CARTESIAN_POINT ( 'NONE',  ( 1.625000000000000666, 0.2000000000000000111, -2.225000000000000977 ) ) ;
#10323 = COLOUR_RGB ( '',0.7921568627450980005, 0.8196078431372548767, 0.9333333333333333481 ) ;
#10324 = CARTESIAN_POINT ( 'NONE',  ( 1.875000000000000888, 0.1999999999999999833, 2.225000000000000977 ) ) ;
#10325 = EDGE_CURVE ( 'NONE', #594, #469, #5885, .T. ) ;
#10326 = ADVANCED_FACE ( 'NONE', ( #1004 ), #7554, .T. ) ;
#10327 = DIRECTION ( 'NONE',  ( 0.000000000000000000, 0.000000000000000000, 1.000000000000000000 ) ) ;
#10328 = ORIENTED_EDGE ( 'NONE', *, *, #1655, .T. ) ;
#10329 = EDGE_LOOP ( 'NONE', ( #7224, #6279, #8836, #10928 ) ) ;
#10331 = ORIENTED_EDGE ( 'NONE', *, *, #8297, .F. ) ;
#10330 = DIRECTION ( 'NONE',  ( 8.673617379884034239E-17, -0.000000000000000000, 1.000000000000000000 ) ) ;
#10332 = DIRECTION ( 'NONE',  ( -2.365532012695642273E-15, 0.000000000000000000, -1.000000000000000000 ) ) ;
#10333 = DIRECTION ( 'NONE',  ( 0.000000000000000000, 0.000000000000000000, 1.000000000000000000 ) ) ;
#10335 = ORIENTED_EDGE ( 'NONE', *, *, #10168, .T. ) ;
#10334 = FACE_OUTER_BOUND ( 'NONE', #10454, .T. ) ;
#10336 = DIRECTION ( 'NONE',  ( -1.000000000000000000, 0.000000000000000000, 0.000000000000000000 ) ) ;
#10337 = LINE ( 'NONE', #4303, #5537 ) ;
#10338 = AXIS2_PLACEMENT_3D ( 'NONE', #1235, #4616, #10627 ) ;
#10339 = DIRECTION ( 'NONE',  ( 0.000000000000000000, 0.000000000000000000, -1.000000000000000000 ) ) ;
#10340 = LINE ( 'NONE', #2762, #2086 ) ;
#10341 = CARTESIAN_POINT ( 'NONE',  ( 2.225000000000000533, 0.6716990566028309129, 1.375000000000000222 ) ) ;
#10343 = ORIENTED_EDGE ( 'NONE', *, *, #9108, .T. ) ;
#10342 = CARTESIAN_POINT ( 'NONE',  ( -2.500000000000000000, 0.2000000000000005107, -0.1250000000000001110 ) ) ;
#10344 = CARTESIAN_POINT ( 'NONE',  ( -2.500000000000000888, 0.04999999999999969746, -0.8749999999999996669 ) ) ;
#10345 = ORIENTED_EDGE ( 'NONE', *, *, #2647, .F. ) ;
#10346 = VERTEX_POINT ( 'NONE', #2672 ) ;
#10347 = LINE ( 'NONE', #1884, #6057 ) ;
#10348 = VERTEX_POINT ( 'NONE', #8433 ) ;
#10349 = DIRECTION ( 'NONE',  ( 0.000000000000000000, -1.000000000000000000, 0.000000000000000000 ) ) ;
#10350 = CARTESIAN_POINT ( 'NONE',  ( -0.8749999999999985567, 0.2000000000000000111, 2.500000000000001332 ) ) ;
#10351 = EDGE_CURVE ( 'NONE', #10889, #150, #10205, .T. ) ;
#10352 = EDGE_CURVE ( 'NONE', #2180, #4132, #8380, .T. ) ;
#10353 = DIRECTION ( 'NONE',  ( 0.000000000000000000, -0.000000000000000000, -1.000000000000000000 ) ) ;
#10354 = EDGE_CURVE ( 'NONE', #2407, #7337, #3835, .T. ) ;
#10355 = CARTESIAN_POINT ( 'NONE',  ( 1.625000000000001332, 0.1999999999999999833, 2.500000000000001332 ) ) ;
#10356 = ORIENTED_EDGE ( 'NONE', *, *, #6916, .T. ) ;
#10357 = VERTEX_POINT ( 'NONE', #3559 ) ;
#10358 = DIRECTION ( 'NONE',  ( -0.000000000000000000, -1.000000000000000000, -0.000000000000000000 ) ) ;
#10359 = EDGE_LOOP ( 'NONE', ( #6417, #2972, #10068, #6530 ) ) ;
#10360 = LINE ( 'NONE', #8870, #8368 ) ;
#10361 = CARTESIAN_POINT ( 'NONE',  ( 1.125000000000000888, 0.05000000000000000278, 0.000000000000000000 ) ) ;
#10362 = CIRCLE ( 'NONE', #3475, 0.1250000000000001110 ) ;
#10363 =( GEOMETRIC_REPRESENTATION_CONTEXT ( 3 ) GLOBAL_UNCERTAINTY_ASSIGNED_CONTEXT ( ( #8485 ) ) GLOBAL_UNIT_ASSIGNED_CONTEXT ( ( #8064, #9675, #1248 ) ) REPRESENTATION_CONTEXT ( 'NONE', 'WORKASPACE' ) );
#10364 = EDGE_CURVE ( 'NONE', #3793, #4601, #5971, .T. ) ;
#10365 = DIRECTION ( 'NONE',  ( 1.000000000000000000, 0.000000000000000000, -2.365532012695641878E-15 ) ) ;
#10366 = VERTEX_POINT ( 'NONE', #1849 ) ;
#10367 = EDGE_LOOP ( 'NONE', ( #9440, #268, #447, #8738 ) ) ;
#10368 = LINE ( 'NONE', #1966, #4688 ) ;
#10369 = AXIS2_PLACEMENT_3D ( 'NONE', #7572, #9999, #2467 ) ;
#10370 = EDGE_LOOP ( 'NONE', ( #4147, #3271, #5828, #7615 ) ) ;
#10371 = SURFACE_STYLE_USAGE ( .BOTH. , #7175 ) ;
#10372 = DIRECTION ( 'NONE',  ( 0.000000000000000000, 0.000000000000000000, 1.000000000000000000 ) ) ;
#10373 = FACE_OUTER_BOUND ( 'NONE', #113, .T. ) ;
#10374 = CIRCLE ( 'NONE', #4218, 0.1250000000000000000 ) ;
#10375 = VECTOR ( 'NONE', #3529, 1000.000000000000000 ) ;
#10376 = CARTESIAN_POINT ( 'NONE',  ( -0.2499999999999993616, 0.6716990566028311349, 2.225000000000000977 ) ) ;
#10377 = DIRECTION ( 'NONE',  ( -7.885106708985472271E-16, 0.000000000000000000, 1.000000000000000000 ) ) ;
#10378 = AXIS2_PLACEMENT_3D ( 'NONE', #5920, #10883, #5864 ) ;
#10379 = VECTOR ( 'NONE', #2732, 1000.000000000000000 ) ;
#10380 = VECTOR ( 'NONE', #771, 1000.000000000000000 ) ;
#10381 = VECTOR ( 'NONE', #8661, 1000.000000000000000 ) ;
#10382 = CYLINDRICAL_SURFACE ( 'NONE', #6371, 0.1250000000000001110 ) ;
#10383 = ORIENTED_EDGE ( 'NONE', *, *, #5035, .T. ) ;
#10384 = ORIENTED_EDGE ( 'NONE', *, *, #10774, .F. ) ;
#10385 = VERTEX_POINT ( 'NONE', #1792 ) ;
#10386 = PLANE ( 'NONE',  #8899 ) ;
#10387 = CARTESIAN_POINT ( 'NONE',  ( 0.2500000000000006661, 0.000000000000000000, 2.225000000000000977 ) ) ;
#10388 = VECTOR ( 'NONE', #8737, 1000.000000000000000 ) ;
#10389 = CARTESIAN_POINT ( 'NONE',  ( 2.225000000000000533, 0.6716990566028309129, 1.875000000000000222 ) ) ;
#10390 = DIRECTION ( 'NONE',  ( 0.000000000000000000, -1.000000000000000000, 0.000000000000000000 ) ) ;
#10391 = EDGE_CURVE ( 'NONE', #150, #5444, #5158, .T. ) ;
#10392 = EDGE_CURVE ( 'NONE', #1043, #6404, #5044, .T. ) ;
#10393 = VECTOR ( 'NONE', #9988, 1000.000000000000000 ) ;
#10394 = CARTESIAN_POINT ( 'NONE',  ( -1.874999999999999334, 0.6716990566028311349, -2.500000000000000444 ) ) ;
#10395 = PLANE ( 'NONE',  #10220 ) ;
#10396 = DIRECTION ( 'NONE',  ( 0.000000000000000000, 0.000000000000000000, 1.000000000000000000 ) ) ;
#10398 = VERTEX_POINT ( 'NONE', #10044 ) ;
#10397 = PLANE ( 'NONE',  #7990 ) ;
#10399 = VECTOR ( 'NONE', #7560, 1000.000000000000000 ) ;
#10400 = LINE ( 'NONE', #7040, #3496 ) ;
#10401 = VERTEX_POINT ( 'NONE', #845 ) ;
#10402 = ORIENTED_EDGE ( 'NONE', *, *, #9697, .F. ) ;
#10403 = CARTESIAN_POINT ( 'NONE',  ( -2.500000000000000888, 0.1999999999999999833, 1.125000000000000444 ) ) ;
#10404 = ORIENTED_EDGE ( 'NONE', *, *, #9840, .F. ) ;
#10405 = CARTESIAN_POINT ( 'NONE',  ( -2.500000000000000888, 0.6716990566028309129, -0.8749999999999996669 ) ) ;
#10406 =( LENGTH_UNIT ( ) NAMED_UNIT ( * ) SI_UNIT ( .MILLI., .METRE. ) );
#10407 = EDGE_CURVE ( 'NONE', #3205, #7365, #8973, .T. ) ;
#10408 = VERTEX_POINT ( 'NONE', #7611 ) ;
#10409 = CARTESIAN_POINT ( 'NONE',  ( -2.225000000000000533, 0.05000000000000002359, 0.1249999999999996808 ) ) ;
#10410 = DIRECTION ( 'NONE',  ( 0.000000000000000000, -0.000000000000000000, 1.000000000000000000 ) ) ;
#10411 = VERTEX_POINT ( 'NONE', #10258 ) ;
#10412 = ORIENTED_EDGE ( 'NONE', *, *, #8491, .F. ) ;
#10413 = DIRECTION ( 'NONE',  ( 1.000000000000000000, 0.000000000000000000, -2.365532012695642273E-15 ) ) ;
#10414 = VERTEX_POINT ( 'NONE', #12 ) ;
#10415 = CARTESIAN_POINT ( 'NONE',  ( -1.874999999999999334, 0.2000000000000000111, -2.500000000000000444 ) ) ;
#10416 = DIRECTION ( 'NONE',  ( 0.000000000000000000, -1.000000000000000000, 0.000000000000000000 ) ) ;
#10417 = EDGE_CURVE ( 'NONE', #4772, #3793, #9213, .T. ) ;
#10418 = DIRECTION ( 'NONE',  ( 0.000000000000000000, 1.000000000000000000, -0.000000000000000000 ) ) ;
#10419 = VERTEX_POINT ( 'NONE', #3395 ) ;
#10420 = VERTEX_POINT ( 'NONE', #1741 ) ;
#10421 = CARTESIAN_POINT ( 'NONE',  ( -1.249999999999999334, 0.6716990566028311349, 2.225000000000000977 ) ) ;
#10422 = DIRECTION ( 'NONE',  ( 1.000000000000000000, 0.000000000000000000, -0.000000000000000000 ) ) ;
#10423 = FACE_OUTER_BOUND ( 'NONE', #4396, .T. ) ;
#10424 = DIRECTION ( 'NONE',  ( 0.000000000000000000, -1.000000000000000000, 0.000000000000000000 ) ) ;
#10425 = LINE ( 'NONE', #1802, #4540 ) ;
#10426 = UNCERTAINTY_MEASURE_WITH_UNIT (LENGTH_MEASURE( 1.000000000000000082E-05 ), #297, 'distance_accuracy_value', 'NONE');
#10427 = CYLINDRICAL_SURFACE ( 'NONE', #4305, 0.1250000000000001110 ) ;
#10428 = EDGE_CURVE ( 'NONE', #4010, #3649, #6774, .T. ) ;
#10429 = EDGE_CURVE ( 'NONE', #10929, #3205, #8489, .T. ) ;
#10430 = ADVANCED_FACE ( 'NONE', ( #7661 ), #8758, .F. ) ;
#10431 = EDGE_CURVE ( 'NONE', #1373, #3173, #6102, .T. ) ;
#10432 = FACE_OUTER_BOUND ( 'NONE', #8647, .T. ) ;
#10433 = CIRCLE ( 'NONE', #3721, 0.1250000000000001110 ) ;
#10434 = PLANE ( 'NONE',  #1059 ) ;
#10435 = EDGE_LOOP ( 'NONE', ( #6960, #3434, #7505, #6065 ) ) ;
#10436 = VERTEX_POINT ( 'NONE', #7829 ) ;
#10437 = ORIENTED_EDGE ( 'NONE', *, *, #8948, .T. ) ;
#10438 = FACE_OUTER_BOUND ( 'NONE', #8552, .T. ) ;
#10439 = SURFACE_STYLE_FILL_AREA ( #7084 ) ;
#10440 = LINE ( 'NONE', #253, #10718 ) ;
#10441 = DIRECTION ( 'NONE',  ( 0.000000000000000000, 1.000000000000000000, 0.000000000000000000 ) ) ;
#10442 = AXIS2_PLACEMENT_3D ( 'NONE', #4008, #5785, #7403 ) ;
#10443 = DIRECTION ( 'NONE',  ( 0.000000000000000000, 1.000000000000000000, 0.000000000000000000 ) ) ;
#10444 = AXIS2_PLACEMENT_3D ( 'NONE', #6198, #1147, #8573 ) ;
#10445 = DIRECTION ( 'NONE',  ( 0.000000000000000000, 1.000000000000000000, 0.000000000000000000 ) ) ;
#10446 = EDGE_CURVE ( 'NONE', #10781, #8457, #1058, .T. ) ;
#10447 = CARTESIAN_POINT ( 'NONE',  ( -2.500000000000000888, 0.000000000000000000, -0.6249999999999998890 ) ) ;
#10449 = ORIENTED_EDGE ( 'NONE', *, *, #2853, .T. ) ;
#10448 = LINE ( 'NONE', #4310, #549 ) ;
#10450 = LINE ( 'NONE', #5426, #2085 ) ;
#10451 = EDGE_LOOP ( 'NONE', ( #10601, #4172, #5989, #966, #4535 ) ) ;
#10452 = ORIENTED_EDGE ( 'NONE', *, *, #9433, .T. ) ;
#10453 = DIRECTION ( 'NONE',  ( 2.365532012695649373E-15, 0.000000000000000000, 1.000000000000000000 ) ) ;
#10454 = EDGE_LOOP ( 'NONE', ( #2195, #773, #6976, #6925, #3214, #6544, #1699, #2848, #2371, #6815, #10486, #5717, #4840, #1664, #3982, #3912, #6167, #10261, #4135, #6309, #2440, #4104, #10671, #2367, #7007, #2676, #1957, #8886, #9816, #490, #4297, #2862, #7849, #4541, #868, #9953 ) ) ;
#10455 = CYLINDRICAL_SURFACE ( 'NONE', #2759, 0.1250000000000001110 ) ;
#10456 = CARTESIAN_POINT ( 'NONE',  ( 0.3750000000000007772, 0.2000000000000000111, 2.225000000000000977 ) ) ;
#10457 = EDGE_CURVE ( 'NONE', #6835, #8698, #6859, .T. ) ;
#10458 = DIRECTION ( 'NONE',  ( 0.000000000000000000, 0.000000000000000000, 1.000000000000000000 ) ) ;
#10459 = ADVANCED_FACE ( 'NONE', ( #1168 ), #8653, .F. ) ;
#10460 = LINE ( 'NONE', #9642, #2602 ) ;
#10461 = ORIENTED_EDGE ( 'NONE', *, *, #4194, .T. ) ;
#10462 = VERTEX_POINT ( 'NONE', #3674 ) ;
#10463 = LINE ( 'NONE', #557, #10807 ) ;
#10464 = ORIENTED_EDGE ( 'NONE', *, *, #1491, .T. ) ;
#10465 = PLANE ( 'NONE',  #5540 ) ;
#10466 = DIRECTION ( 'NONE',  ( -0.000000000000000000, -1.000000000000000000, -0.000000000000000000 ) ) ;
#10467 = AXIS2_PLACEMENT_3D ( 'NONE', #1045, #7263, #386 ) ;
#10468 = DIRECTION ( 'NONE',  ( -0.000000000000000000, -1.000000000000000000, -0.000000000000000000 ) ) ;
#10469 = VERTEX_POINT ( 'NONE', #9547 ) ;
#10470 = ORIENTED_EDGE ( 'NONE', *, *, #837, .F. ) ;
#10471 = CARTESIAN_POINT ( 'NONE',  ( -1.624999999999999334, 0.04999999999999999584, 2.225000000000000977 ) ) ;
#10472 = CLOSED_SHELL ( 'NONE', ( #10459, #7368, #1485, #6775, #1074, #7744 ) ) ;
#10473 = DIRECTION ( 'NONE',  ( -0.000000000000000000, -1.000000000000000000, -0.000000000000000000 ) ) ;
#10474 = PLANE ( 'NONE',  #1961 ) ;
#10475 = CARTESIAN_POINT ( 'NONE',  ( -2.225000000000000533, 0.1999999999999999833, -1.125000000000000000 ) ) ;
#10476 = CIRCLE ( 'NONE', #934, 0.1250000000000001110 ) ;
#10477 = DIRECTION ( 'NONE',  ( 1.000000000000000000, 0.000000000000000000, -7.885106708985472271E-16 ) ) ;
#10478 = CARTESIAN_POINT ( 'NONE',  ( 2.225000000000000533, 0.000000000000000000, -0.3750000000000003331 ) ) ;
#10479 = CYLINDRICAL_SURFACE ( 'NONE', #6258, 0.1250000000000001110 ) ;
#10480 = CARTESIAN_POINT ( 'NONE',  ( 2.225000000000000533, 0.6716990566028309129, -0.3750000000000003331 ) ) ;
#10481 = AXIS2_PLACEMENT_3D ( 'NONE', #4606, #7000, #9592 ) ;
#10482 = CIRCLE ( 'NONE', #1116, 0.1250000000000001110 ) ;
#10483 = STYLED_ITEM ( 'NONE', ( #829 ), #9014 ) ;
#10484 = DIRECTION ( 'NONE',  ( 7.885106708985472271E-16, -0.000000000000000000, 1.000000000000000000 ) ) ;
#10485 = EDGE_CURVE ( 'NONE', #1615, #1477, #287, .T. ) ;
#10486 = ORIENTED_EDGE ( 'NONE', *, *, #1255, .F. ) ;
#10487 = ORIENTED_EDGE ( 'NONE', *, *, #853, .T. ) ;
#10488 = EDGE_CURVE ( 'NONE', #7021, #7384, #9149, .T. ) ;
#10490 = ORIENTED_EDGE ( 'NONE', *, *, #1906, .F. ) ;
#10489 =( LENGTH_UNIT ( ) NAMED_UNIT ( * ) SI_UNIT ( .MILLI., .METRE. ) );
#10491 = EDGE_CURVE ( 'NONE', #10419, #6352, #343, .T. ) ;
#10492 = PRESENTATION_STYLE_ASSIGNMENT (( #8118 ) ) ;
#10493 = CARTESIAN_POINT ( 'NONE',  ( 2.225000000000000533, 0.05000000000000002359, 1.124999999999999778 ) ) ;
#10494 = CARTESIAN_POINT ( 'NONE',  ( -2.225000000000000533, 0.05000000000000002359, -0.1249999999999998890 ) ) ;
#10495 = LINE ( 'NONE', #2149, #10199 ) ;
#10496 =( GEOMETRIC_REPRESENTATION_CONTEXT ( 3 ) GLOBAL_UNCERTAINTY_ASSIGNED_CONTEXT ( ( #5673 ) ) GLOBAL_UNIT_ASSIGNED_CONTEXT ( ( #5688, #863, #3363 ) ) REPRESENTATION_CONTEXT ( 'NONE', 'WORKASPACE' ) );
#10497 = CARTESIAN_POINT ( 'NONE',  ( 1.050000000000000266, 3.169848480983500139, -1.050000000000000266 ) ) ;
#10498 =( GEOMETRIC_REPRESENTATION_CONTEXT ( 3 ) GLOBAL_UNCERTAINTY_ASSIGNED_CONTEXT ( ( #2499 ) ) GLOBAL_UNIT_ASSIGNED_CONTEXT ( ( #9937, #10918, #794 ) ) REPRESENTATION_CONTEXT ( 'NONE', 'WORKASPACE' ) );
#10499 = DIRECTION ( 'NONE',  ( -1.000000000000000000, 0.000000000000000000, 0.000000000000000000 ) ) ;
#10500 = EDGE_CURVE ( 'NONE', #7010, #9114, #1003, .T. ) ;
#10501 = DIRECTION ( 'NONE',  ( 0.000000000000000000, 1.000000000000000000, 0.000000000000000000 ) ) ;
#10502 = VERTEX_POINT ( 'NONE', #8704 ) ;
#10503 = DIRECTION ( 'NONE',  ( 0.000000000000000000, -1.000000000000000000, 0.000000000000000000 ) ) ;
#10504 = VERTEX_POINT ( 'NONE', #7062 ) ;
#10505 = VERTEX_POINT ( 'NONE', #1115 ) ;
#10506 = DIRECTION ( 'NONE',  ( 0.000000000000000000, 0.000000000000000000, 1.000000000000000000 ) ) ;
#10507 = ORIENTED_EDGE ( 'NONE', *, *, #5737, .F. ) ;
#10508 = PLANE ( 'NONE',  #7013 ) ;
#10509 = DIRECTION ( 'NONE',  ( 0.000000000000000000, -0.000000000000000000, 1.000000000000000000 ) ) ;
#10510 = EDGE_CURVE ( 'NONE', #8536, #4482, #6939, .T. ) ;
#10511 = DIRECTION ( 'NONE',  ( 1.000000000000000000, 0.000000000000000000, 0.000000000000000000 ) ) ;
#10512 = VERTEX_POINT ( 'NONE', #1905 ) ;
#10513 = DIRECTION ( 'NONE',  ( -0.000000000000000000, -0.000000000000000000, -1.000000000000000000 ) ) ;
#10514 = DIRECTION ( 'NONE',  ( 0.000000000000000000, 0.000000000000000000, -1.000000000000000000 ) ) ;
#10515 = ORIENTED_EDGE ( 'NONE', *, *, #7933, .T. ) ;
#10516 = ORIENTED_EDGE ( 'NONE', *, *, #2400, .T. ) ;
#10517 = DIRECTION ( 'NONE',  ( 0.000000000000000000, 0.000000000000000000, -1.000000000000000000 ) ) ;
#10518 = VERTEX_POINT ( 'NONE', #230 ) ;
#10519 = VECTOR ( 'NONE', #3250, 1000.000000000000000 ) ;
#10520 = PLANE ( 'NONE',  #2399 ) ;
#10521 = CARTESIAN_POINT ( 'NONE',  ( -1.374999999999999334, 0.2000000000000000111, -2.500000000000000444 ) ) ;
#10522 = EDGE_CURVE ( 'NONE', #8835, #9515, #7003, .T. ) ;
#10523 = PLANE ( 'NONE',  #2778 ) ;
#10524 = ORIENTED_EDGE ( 'NONE', *, *, #4442, .F. ) ;
#10525 = ORIENTED_EDGE ( 'NONE', *, *, #2996, .F. ) ;
#10526 = PLANE ( 'NONE',  #9647 ) ;
#10527 = LINE ( 'NONE', #7069, #7873 ) ;
#10528 = LINE ( 'NONE', #6343, #65 ) ;
#10529 = CYLINDRICAL_SURFACE ( 'NONE', #5079, 0.1250000000000001110 ) ;
#10530 = CIRCLE ( 'NONE', #3642, 0.1250000000000001110 ) ;
#10531 = LINE ( 'NONE', #9604, #10898 ) ;
#10532 = DIRECTION ( 'NONE',  ( -0.000000000000000000, -1.000000000000000000, -0.000000000000000000 ) ) ;
#10533 = PRESENTATION_LAYER_ASSIGNMENT (  '', '', ( #7906 ) ) ;
#10534 = AXIS2_PLACEMENT_3D ( 'NONE', #5487, #3098, #496 ) ;
#10535 = DIRECTION ( 'NONE',  ( -2.365532012695641878E-15, 0.000000000000000000, -1.000000000000000000 ) ) ;
#10536 = EDGE_LOOP ( 'NONE', ( #1746, #2864, #6141, #879 ) ) ;
#10537 = ORIENTED_EDGE ( 'NONE', *, *, #1145, .T. ) ;
#10538 = ORIENTED_EDGE ( 'NONE', *, *, #4224, .F. ) ;
#10539 = VECTOR ( 'NONE', #4963, 1000.000000000000000 ) ;
#10540 = LINE ( 'NONE', #3853, #3768 ) ;
#10541 = FACE_OUTER_BOUND ( 'NONE', #903, .T. ) ;
#10542 = DIRECTION ( 'NONE',  ( -0.000000000000000000, -1.000000000000000000, -0.000000000000000000 ) ) ;
#10543 = FACE_OUTER_BOUND ( 'NONE', #2827, .T. ) ;
#10544 = VECTOR ( 'NONE', #8109, 1000.000000000000000 ) ;
#10545 = VECTOR ( 'NONE', #2455, 1000.000000000000000 ) ;
#10546 = EDGE_CURVE ( 'NONE', #4283, #8640, #4499, .T. ) ;
#10547 = AXIS2_PLACEMENT_3D ( 'NONE', #3820, #9753, #8980 ) ;
#10548 = EDGE_CURVE ( 'NONE', #2513, #6677, #6220, .T. ) ;
#10549 = LINE ( 'NONE', #429, #9380 ) ;
#10550 = VECTOR ( 'NONE', #229, 1000.000000000000000 ) ;
#10552 = CARTESIAN_POINT ( 'NONE',  ( 0.1250000000000014155, 0.6716990566028311349, 2.500000000000001332 ) ) ;
#10551 = VECTOR ( 'NONE', #6231, 1000.000000000000000 ) ;
#10554 = ORIENTED_EDGE ( 'NONE', *, *, #9749, .T. ) ;
#10553 = DIRECTION ( 'NONE',  ( 0.000000000000000000, -1.000000000000000000, 0.000000000000000000 ) ) ;
#10555 = CARTESIAN_POINT ( 'NONE',  ( -2.500000000000000888, 0.1999999999999999833, -0.8749999999999996669 ) ) ;
#10556 = ORIENTED_EDGE ( 'NONE', *, *, #6104, .F. ) ;
#10557 = ORIENTED_EDGE ( 'NONE', *, *, #9899, .T. ) ;
#10558 = LINE ( 'NONE', #8078, #1638 ) ;
#10559 = ORIENTED_EDGE ( 'NONE', *, *, #2504, .T. ) ;
#10560 = DIRECTION ( 'NONE',  ( -2.365532012695641878E-15, 0.000000000000000000, -1.000000000000000000 ) ) ;
#10561 = VECTOR ( 'NONE', #2297, 1000.000000000000000 ) ;
#10562 = LINE ( 'NONE', #2993, #7486 ) ;
#10563 = ADVANCED_FACE ( 'NONE', ( #1878 ), #7696, .F. ) ;
#10564 = EDGE_CURVE ( 'NONE', #9248, #8345, #8518, .T. ) ;
#10565 = VECTOR ( 'NONE', #1852, 1000.000000000000000 ) ;
#10566 = CARTESIAN_POINT ( 'NONE',  ( 2.225000000000000533, 0.1999999999999999833, -0.2500000000000002220 ) ) ;
#10567 = ORIENTED_EDGE ( 'NONE', *, *, #6316, .F. ) ;
#10568 = PLANE ( 'NONE',  #6917 ) ;
#10569 = DIRECTION ( 'NONE',  ( 2.365532012695641878E-15, -0.000000000000000000, 1.000000000000000000 ) ) ;
#10570 = ORIENTED_EDGE ( 'NONE', *, *, #3859, .F. ) ;
#10571 = ORIENTED_EDGE ( 'NONE', *, *, #5563, .T. ) ;
#10572 = DIRECTION ( 'NONE',  ( 0.000000000000000000, 0.000000000000000000, 1.000000000000000000 ) ) ;
#10573 = ORIENTED_EDGE ( 'NONE', *, *, #9664, .T. ) ;
#10574 = DIRECTION ( 'NONE',  ( 1.000000000000000000, -0.000000000000000000, 1.032573497605242224E-16 ) ) ;
#10575 = VECTOR ( 'NONE', #10776, 1000.000000000000000 ) ;
#10576 = DIRECTION ( 'NONE',  ( 0.000000000000000000, 0.000000000000000000, -1.000000000000000000 ) ) ;
#10577 = ADVANCED_FACE ( 'NONE', ( #8632 ), #6810, .T. ) ;
#10578 = ORIENTED_EDGE ( 'NONE', *, *, #8594, .T. ) ;
#10579 = ADVANCED_FACE ( 'NONE', ( #6080 ), #41, .F. ) ;
#10580 = EDGE_LOOP ( 'NONE', ( #2686, #367, #4855, #8838 ) ) ;
#10581 = PLANE ( 'NONE',  #967 ) ;
#10582 = DIRECTION ( 'NONE',  ( -0.000000000000000000, 0.000000000000000000, -1.000000000000000000 ) ) ;
#10583 = DIRECTION ( 'NONE',  ( 0.000000000000000000, 0.000000000000000000, -1.000000000000000000 ) ) ;
#10584 = FACE_OUTER_BOUND ( 'NONE', #4029, .T. ) ;
#10585 = LINE ( 'NONE', #3689, #2899 ) ;
#10586 = LINE ( 'NONE', #1296, #3323 ) ;
#10587 = DIRECTION ( 'NONE',  ( 1.000000000000000000, -0.000000000000000000, 0.000000000000000000 ) ) ;
#10588 = DIRECTION ( 'NONE',  ( 0.000000000000000000, 0.000000000000000000, 1.000000000000000000 ) ) ;
#10589 = EDGE_LOOP ( 'NONE', ( #3464, #2269, #10464, #6094 ) ) ;
#10590 = ORIENTED_EDGE ( 'NONE', *, *, #6750, .F. ) ;
#10592 = VERTEX_POINT ( 'NONE', #874 ) ;
#10591 = DIRECTION ( 'NONE',  ( 0.000000000000000000, 0.000000000000000000, -1.000000000000000000 ) ) ;
#10593 = PLANE ( 'NONE',  #8194 ) ;
#10594 = DIRECTION ( 'NONE',  ( 0.000000000000000000, 0.000000000000000000, -1.000000000000000000 ) ) ;
#10595 = DIRECTION ( 'NONE',  ( -0.000000000000000000, -1.000000000000000000, -0.000000000000000000 ) ) ;
#10596 = FACE_OUTER_BOUND ( 'NONE', #1009, .T. ) ;
#10597 = AXIS2_PLACEMENT_3D ( 'NONE', #4415, #10280, #7859 ) ;
#10598 = CARTESIAN_POINT ( 'NONE',  ( -2.225000000000000533, 0.000000000000000000, 0.6249999999999996669 ) ) ;
#10600 = CIRCLE ( 'NONE', #9, 0.1250000000000000000 ) ;
#10599 = PLANE ( 'NONE',  #2215 ) ;
#10601 = ORIENTED_EDGE ( 'NONE', *, *, #3752, .F. ) ;
#10602 = CARTESIAN_POINT ( 'NONE',  ( -0.6249999999999992228, 0.2000000000000000111, -2.225000000000000977 ) ) ;
#10603 = EDGE_LOOP ( 'NONE', ( #5089, #2142, #8236, #9185 ) ) ;
#10604 = ORIENTED_EDGE ( 'NONE', *, *, #10325, .T. ) ;
#10605 = DIRECTION ( 'NONE',  ( -1.000000000000000000, 0.000000000000000000, 7.885106708985472271E-16 ) ) ;
#10606 = ORIENTED_EDGE ( 'NONE', *, *, #6888, .T. ) ;
#10607 = CARTESIAN_POINT ( 'NONE',  ( -0.2499999999999993616, 0.2000000000000000111, 2.225000000000000977 ) ) ;
#10608 = LINE ( 'NONE', #1378, #37 ) ;
#10609 = AXIS2_PLACEMENT_3D ( 'NONE', #157, #3482, #6868 ) ;
#10610 = CARTESIAN_POINT ( 'NONE',  ( -1.749999999999999334, 0.2000000000000000111, -2.225000000000000977 ) ) ;
#10611 = ORIENTED_EDGE ( 'NONE', *, *, #7193, .F. ) ;
#10612 = DIRECTION ( 'NONE',  ( 2.365532012695649373E-15, 0.000000000000000000, 1.000000000000000000 ) ) ;
#10613 = CARTESIAN_POINT ( 'NONE',  ( 1.625000000000001332, 0.2000000000000000944, 2.500000000000001332 ) ) ;
#10615 = EDGE_LOOP ( 'NONE', ( #2437, #5162, #513, #10328 ) ) ;
#10614 = EDGE_CURVE ( 'NONE', #4754, #9181, #5921, .T. ) ;
#10616 = ORIENTED_EDGE ( 'NONE', *, *, #5995, .F. ) ;
#10617 = DIRECTION ( 'NONE',  ( -1.000000000000000000, 0.000000000000000000, 3.469446951953614583E-15 ) ) ;
#10618 = EDGE_LOOP ( 'NONE', ( #9145, #4412, #932, #2722 ) ) ;
#10619 = EDGE_CURVE ( 'NONE', #3848, #10835, #6024, .T. ) ;
#10620 = SURFACE_STYLE_FILL_AREA ( #7435 ) ;
#10621 = DIRECTION ( 'NONE',  ( 0.000000000000000000, 0.000000000000000000, 1.000000000000000000 ) ) ;
#10622 = EDGE_CURVE ( 'NONE', #4916, #10436, #1659, .T. ) ;
#10623 = LINE ( 'NONE', #561, #6342 ) ;
#10625 = ORIENTED_EDGE ( 'NONE', *, *, #3, .T. ) ;
#10624 = ADVANCED_FACE ( 'NONE', ( #100 ), #6920, .F. ) ;
#10626 = ORIENTED_EDGE ( 'NONE', *, *, #1921, .T. ) ;
#10627 = DIRECTION ( 'NONE',  ( 0.000000000000000000, 0.000000000000000000, -1.000000000000000000 ) ) ;
#10628 = CYLINDRICAL_SURFACE ( 'NONE', #3617, 0.1250000000000001110 ) ;
#10629 = DIRECTION ( 'NONE',  ( 7.885106708985472271E-16, 0.000000000000000000, 1.000000000000000000 ) ) ;
#10630 = CARTESIAN_POINT ( 'NONE',  ( -2.500000000000000888, 0.1999999999999999833, -0.3749999999999996669 ) ) ;
#10631 = LINE ( 'NONE', #4834, #2013 ) ;
#10632 = VECTOR ( 'NONE', #10826, 1000.000000000000000 ) ;
#10633 = VECTOR ( 'NONE', #10358, 1000.000000000000000 ) ;
#10634 = EDGE_CURVE ( 'NONE', #8048, #5689, #3481, .T. ) ;
#10635 = DIRECTION ( 'NONE',  ( 0.000000000000000000, -1.000000000000000000, 0.000000000000000000 ) ) ;
#10636 = FACE_OUTER_BOUND ( 'NONE', #1317, .T. ) ;
#10637 = CYLINDRICAL_SURFACE ( 'NONE', #6737, 0.1250000000000001110 ) ;
#10638 = ORIENTED_EDGE ( 'NONE', *, *, #4717, .T. ) ;
#10639 = ORIENTED_EDGE ( 'NONE', *, *, #4503, .T. ) ;
#10640 = AXIS2_PLACEMENT_3D ( 'NONE', #6245, #2922, #6190 ) ;
#10642 = VERTEX_POINT ( 'NONE', #2542 ) ;
#10641 = SURFACE_SIDE_STYLE ('',( #9615 ) ) ;
#10643 =( NAMED_UNIT ( * ) SI_UNIT ( $, .STERADIAN. ) SOLID_ANGLE_UNIT ( ) );
#10644 = LINE ( 'NONE', #9940, #2888 ) ;
#10645 = CARTESIAN_POINT ( 'NONE',  ( 2.500000000000000888, 0.6716990566028309129, 1.375000000000000222 ) ) ;
#10646 = FACE_OUTER_BOUND ( 'NONE', #3081, .T. ) ;
#10647 = DIRECTION ( 'NONE',  ( -0.000000000000000000, -1.000000000000000000, -0.000000000000000000 ) ) ;
#10648 = VECTOR ( 'NONE', #785, 1000.000000000000000 ) ;
#10649 = VECTOR ( 'NONE', #10119, 1000.000000000000000 ) ;
#10650 = ADVANCED_FACE ( 'NONE', ( #5134 ), #207, .F. ) ;
#10651 = AXIS2_PLACEMENT_3D ( 'NONE', #3577, #10230, #1646 ) ;
#10652 = EDGE_CURVE ( 'NONE', #4964, #4865, #8468, .T. ) ;
#10653 = DIRECTION ( 'NONE',  ( 8.673617379884034239E-17, -0.000000000000000000, 1.000000000000000000 ) ) ;
#10654 = DIRECTION ( 'NONE',  ( -0.000000000000000000, -1.000000000000000000, -0.000000000000000000 ) ) ;
#10655 = MECHANICAL_DESIGN_GEOMETRIC_PRESENTATION_REPRESENTATION (  '', ( #9976 ), #1472 ) ;
#10656 = ORIENTED_EDGE ( 'NONE', *, *, #2996, .T. ) ;
#10657 = CARTESIAN_POINT ( 'NONE',  ( 2.225000000000000533, 0.1999999999999999833, 0.8750000000000001110 ) ) ;
#10658 = ORIENTED_EDGE ( 'NONE', *, *, #4101, .T. ) ;
#10659 = ORIENTED_EDGE ( 'NONE', *, *, #7665, .T. ) ;
#10660 = LINE ( 'NONE', #9188, #7316 ) ;
#10661 = ORIENTED_EDGE ( 'NONE', *, *, #7278, .T. ) ;
#10662 = PLANE ( 'NONE',  #10534 ) ;
#10663 = CIRCLE ( 'NONE', #9268, 0.1250000000000000000 ) ;
#10664 = DIRECTION ( 'NONE',  ( 7.885106708985472271E-16, 0.000000000000000000, 1.000000000000000000 ) ) ;
#10665 = EDGE_CURVE ( 'NONE', #4314, #8472, #9698, .T. ) ;
#10666 = VECTOR ( 'NONE', #7246, 1000.000000000000000 ) ;
#10667 = FACE_OUTER_BOUND ( 'NONE', #5764, .T. ) ;
#10669 = ORIENTED_EDGE ( 'NONE', *, *, #947, .F. ) ;
#10668 = DIRECTION ( 'NONE',  ( 0.000000000000000000, 0.000000000000000000, 1.000000000000000000 ) ) ;
#10670 = CARTESIAN_POINT ( 'NONE',  ( 0.3750000000000014433, 0.000000000000000000, 2.500000000000000444 ) ) ;
#10671 = ORIENTED_EDGE ( 'NONE', *, *, #4428, .F. ) ;
#10672 = ORIENTED_EDGE ( 'NONE', *, *, #5873, .F. ) ;
#10673 = CARTESIAN_POINT ( 'NONE',  ( 2.500000000000000888, 0.1999999999999999833, -0.6249999999999998890 ) ) ;
#10674 = ORIENTED_EDGE ( 'NONE', *, *, #3827, .F. ) ;
#10675 = CARTESIAN_POINT ( 'NONE',  ( 0.6250000000000014433, 0.2000000000000000111, 2.500000000000001332 ) ) ;
#10676 = ADVANCED_FACE ( 'NONE', ( #4365 ), #819, .F. ) ;
#10677 = ADVANCED_FACE ( 'NONE', ( #2701 ), #10179, .T. ) ;
#10678 = EDGE_CURVE ( 'NONE', #2369, #5736, #7750, .T. ) ;
#10679 = VECTOR ( 'NONE', #8050, 1000.000000000000000 ) ;
#10680 = CARTESIAN_POINT ( 'NONE',  ( -1.049999999999999822, 0.2000000000000000944, 1.049999999999999822 ) ) ;
#10681 = ORIENTED_EDGE ( 'NONE', *, *, #8072, .T. ) ;
#10682 = ORIENTED_EDGE ( 'NONE', *, *, #2901, .F. ) ;
#10683 = DIRECTION ( 'NONE',  ( 1.000000000000000000, 0.000000000000000000, 2.065146995210484941E-16 ) ) ;
#10684 = DIRECTION ( 'NONE',  ( -0.000000000000000000, 0.000000000000000000, 1.000000000000000000 ) ) ;
#10685 = LINE ( 'NONE', #9929, #7737 ) ;
#10686 = CARTESIAN_POINT ( 'NONE',  ( 0.2500000000000006661, 0.6716990566028311349, 2.225000000000000977 ) ) ;
#10687 = DIRECTION ( 'NONE',  ( 0.000000000000000000, 1.000000000000000000, -0.000000000000000000 ) ) ;
#10688 = VECTOR ( 'NONE', #227, 1000.000000000000000 ) ;
#10689 = EDGE_CURVE ( 'NONE', #4615, #6676, #5087, .T. ) ;
#10690 = CLOSED_SHELL ( 'NONE', ( #7354, #5501, #9385, #8706, #9609, #8747, #1230 ) ) ;
#10691 = CARTESIAN_POINT ( 'NONE',  ( 2.225000000000000533, 0.1999999999999999833, -0.1249999999999998890 ) ) ;
#10692 = DIRECTION ( 'NONE',  ( 0.000000000000000000, -1.000000000000000000, 0.000000000000000000 ) ) ;
#10693 = ORIENTED_EDGE ( 'NONE', *, *, #1130, .F. ) ;
#10694 = ORIENTED_EDGE ( 'NONE', *, *, #7625, .F. ) ;
#10695 = VECTOR ( 'NONE', #3275, 1000.000000000000000 ) ;
#10696 = EDGE_LOOP ( 'NONE', ( #9905, #3050, #8153, #4404 ) ) ;
#10697 = PRESENTATION_STYLE_ASSIGNMENT (( #7457 ) ) ;
#10698 = DIRECTION ( 'NONE',  ( 0.000000000000000000, 0.000000000000000000, 1.000000000000000000 ) ) ;
#10699 = CARTESIAN_POINT ( 'NONE',  ( 2.500000000000000888, 0.000000000000000000, -0.1249999999999998890 ) ) ;
#10700 = CARTESIAN_POINT ( 'NONE',  ( -2.225000000000000533, 0.1999999999999999833, -0.8750000000000002220 ) ) ;
#10701 = DIRECTION ( 'NONE',  ( 0.000000000000000000, 0.000000000000000000, -1.000000000000000000 ) ) ;
#10702 = VECTOR ( 'NONE', #9073, 1000.000000000000000 ) ;
#10703 = LINE ( 'NONE', #4797, #5130 ) ;
#10704 = CARTESIAN_POINT ( 'NONE',  ( 2.225000000000000533, 0.1999999999999999833, -0.3750000000000003331 ) ) ;
#10706 = ORIENTED_EDGE ( 'NONE', *, *, #10293, .F. ) ;
#10705 = CARTESIAN_POINT ( 'NONE',  ( -2.225000000000000533, 0.1999999999999999833, -1.375000000000000444 ) ) ;
#10707 = DIRECTION ( 'NONE',  ( 0.000000000000000000, 0.000000000000000000, -1.000000000000000000 ) ) ;
#10708 = EDGE_CURVE ( 'NONE', #5664, #8616, #3690, .T. ) ;
#10709 = ORIENTED_EDGE ( 'NONE', *, *, #1156, .F. ) ;
#10710 = EDGE_CURVE ( 'NONE', #8345, #10398, #1133, .T. ) ;
#10711 = ORIENTED_EDGE ( 'NONE', *, *, #809, .T. ) ;
#10712 = CYLINDRICAL_SURFACE ( 'NONE', #5887, 0.1250000000000000000 ) ;
#10713 = VERTEX_POINT ( 'NONE', #9561 ) ;
#10714 = VECTOR ( 'NONE', #2410, 1000.000000000000000 ) ;
#10715 = FACE_OUTER_BOUND ( 'NONE', #4853, .T. ) ;
#10716 = CARTESIAN_POINT ( 'NONE',  ( 2.225000000000000533, 0.6716990566028309129, -0.7500000000000002220 ) ) ;
#10717 = CIRCLE ( 'NONE', #9506, 0.1999999999999990119 ) ;
#10718 = VECTOR ( 'NONE', #1871, 1000.000000000000000 ) ;
#10719 = VECTOR ( 'NONE', #8358, 1000.000000000000000 ) ;
#10720 = AXIS2_PLACEMENT_3D ( 'NONE', #10282, #927, #4204 ) ;
#10721 = CARTESIAN_POINT ( 'NONE',  ( 2.500000000000000000, 0.05000000000000000278, 2.499999999999999556 ) ) ;
#10722 = AXIS2_PLACEMENT_3D ( 'NONE', #2317, #4698, #3152 ) ;
#10724 = ORIENTED_EDGE ( 'NONE', *, *, #2209, .T. ) ;
#10723 = LINE ( 'NONE', #8863, #1426 ) ;
#10725 = VECTOR ( 'NONE', #10795, 1000.000000000000000 ) ;
#10726 = CARTESIAN_POINT ( 'NONE',  ( 2.500000000000000888, 0.6716990566028309129, 1.875000000000000222 ) ) ;
#10727 = ORIENTED_EDGE ( 'NONE', *, *, #3933, .F. ) ;
#10728 = ORIENTED_EDGE ( 'NONE', *, *, #1790, .T. ) ;
#10729 = DIRECTION ( 'NONE',  ( -0.000000000000000000, -1.000000000000000000, -0.000000000000000000 ) ) ;
#10730 = ORIENTED_EDGE ( 'NONE', *, *, #7463, .F. ) ;
#10731 = DIRECTION ( 'NONE',  ( 0.000000000000000000, 0.000000000000000000, -1.000000000000000000 ) ) ;
#10732 = EDGE_CURVE ( 'NONE', #2320, #380, #9452, .T. ) ;
#10733 = CARTESIAN_POINT ( 'NONE',  ( 0.8750000000000007772, 0.2000000000000000111, -2.500000000000000444 ) ) ;
#10734 = AXIS2_PLACEMENT_3D ( 'NONE', #3646, #7038, #10396 ) ;
#10735 = AXIS2_PLACEMENT_3D ( 'NONE', #6754, #3537, #4256 ) ;
#10736 = AXIS2_PLACEMENT_3D ( 'NONE', #6456, #4007, #9003 ) ;
#10737 = DIRECTION ( 'NONE',  ( -0.000000000000000000, -1.000000000000000000, -0.000000000000000000 ) ) ;
#10738 = ORIENTED_EDGE ( 'NONE', *, *, #8063, .T. ) ;
#10739 = VERTEX_POINT ( 'NONE', #1021 ) ;
#10740 = DIRECTION ( 'NONE',  ( -0.000000000000000000, -1.000000000000000000, 0.000000000000000000 ) ) ;
#10741 = FACE_OUTER_BOUND ( 'NONE', #193, .T. ) ;
#10742 = CARTESIAN_POINT ( 'NONE',  ( -1.624999999999998668, 0.2000000000000000111, 2.500000000000000444 ) ) ;
#10743 = DIRECTION ( 'NONE',  ( 0.000000000000000000, 1.000000000000000000, -0.000000000000000000 ) ) ;
#10744 = CARTESIAN_POINT ( 'NONE',  ( 2.225000000000000533, 0.1999999999999999833, -1.375000000000000000 ) ) ;
#10745 = CARTESIAN_POINT ( 'NONE',  ( 0.1250000000000007494, 0.2000000000000000111, -2.500000000000000444 ) ) ;
#10746 = DIRECTION ( 'NONE',  ( 0.000000000000000000, 0.000000000000000000, 1.000000000000000000 ) ) ;
#10747 = ORIENTED_EDGE ( 'NONE', *, *, #8871, .F. ) ;
#10748 = VERTEX_POINT ( 'NONE', #3462 ) ;
#10750 = ORIENTED_EDGE ( 'NONE', *, *, #8816, .T. ) ;
#10749 =( LENGTH_UNIT ( ) NAMED_UNIT ( * ) SI_UNIT ( .MILLI., .METRE. ) );
#10751 = SURFACE_STYLE_FILL_AREA ( #1845 ) ;
#10752 = EDGE_CURVE ( 'NONE', #688, #9091, #4400, .T. ) ;
#10753 = FILL_AREA_STYLE ('',( #9116 ) ) ;
#10754 = DIRECTION ( 'NONE',  ( 1.000000000000000000, -0.000000000000000000, -1.734723475976807341E-16 ) ) ;
#10755 = ADVANCED_FACE ( 'NONE', ( #2634 ), #9504, .F. ) ;
#10756 = ADVANCED_FACE ( 'NONE', ( #7899 ), #2571, .T. ) ;
#10757 = LINE ( 'NONE', #9281, #2075 ) ;
#10758 = ADVANCED_FACE ( 'NONE', ( #4344 ), #6059, .T. ) ;
#10759 = FACE_OUTER_BOUND ( 'NONE', #5548, .T. ) ;
#10760 = CARTESIAN_POINT ( 'NONE',  ( 1.250000000000000666, 0.6716990566028311349, 2.225000000000000977 ) ) ;
#10761 = ORIENTED_EDGE ( 'NONE', *, *, #1113, .T. ) ;
#10762 = LINE ( 'NONE', #3197, #2043 ) ;
#10764 = ORIENTED_EDGE ( 'NONE', *, *, #1906, .T. ) ;
#10763 = SURFACE_STYLE_FILL_AREA ( #7630 ) ;
#10765 = FACE_OUTER_BOUND ( 'NONE', #6910, .T. ) ;
#10766 = VERTEX_POINT ( 'NONE', #190 ) ;
#10767 = EDGE_CURVE ( 'NONE', #5427, #2334, #7931, .T. ) ;
#10768 = FACE_OUTER_BOUND ( 'NONE', #6011, .T. ) ;
#10769 = VERTEX_POINT ( 'NONE', #5118 ) ;
#10770 = DIRECTION ( 'NONE',  ( -1.000000000000000000, 0.000000000000000000, 0.000000000000000000 ) ) ;
#10771 = CIRCLE ( 'NONE', #5838, 0.1250000000000000000 ) ;
#10772 = CARTESIAN_POINT ( 'NONE',  ( 1.625000000000000888, 0.1999999999999999833, 2.225000000000000977 ) ) ;
#10773 = AXIS2_PLACEMENT_3D ( 'NONE', #4038, #1711, #5022 ) ;
#10774 = EDGE_CURVE ( 'NONE', #2813, #5371, #10219, .T. ) ;
#10775 = AXIS2_PLACEMENT_3D ( 'NONE', #4839, #5629, #2243 ) ;
#10776 = DIRECTION ( 'NONE',  ( 1.000000000000000000, 0.000000000000000000, -7.885106708985472271E-16 ) ) ;
#10777 = CARTESIAN_POINT ( 'NONE',  ( -1.124999999999998668, 0.1999999999999999833, 2.500000000000000444 ) ) ;
#10779 = ORIENTED_EDGE ( 'NONE', *, *, #6723, .F. ) ;
#10778 = DIRECTION ( 'NONE',  ( 0.000000000000000000, 0.000000000000000000, -1.000000000000000000 ) ) ;
#10780 = CARTESIAN_POINT ( 'NONE',  ( -1.374999999999999334, 0.000000000000000000, 2.225000000000000977 ) ) ;
#10781 = VERTEX_POINT ( 'NONE', #6841 ) ;
#10782 = ORIENTED_EDGE ( 'NONE', *, *, #8335, .F. ) ;
#10783 = DIRECTION ( 'NONE',  ( 0.000000000000000000, 0.000000000000000000, 1.000000000000000000 ) ) ;
#10784 = EDGE_LOOP ( 'NONE', ( #9589, #6619, #104, #3343 ) ) ;
#10785 = SURFACE_SIDE_STYLE ('',( #10620 ) ) ;
#10786 = PRESENTATION_STYLE_ASSIGNMENT (( #3337 ) ) ;
#10787 = PRESENTATION_LAYER_ASSIGNMENT (  '', '', ( #7110 ) ) ;
#10788 = EDGE_CURVE ( 'NONE', #7206, #1470, #7228, .T. ) ;
#10789 = EDGE_CURVE ( 'NONE', #4424, #5351, #671, .T. ) ;
#10790 = LINE ( 'NONE', #8928, #4746 ) ;
#10791 = ORIENTED_EDGE ( 'NONE', *, *, #8218, .T. ) ;
#10792 = ORIENTED_EDGE ( 'NONE', *, *, #10457, .T. ) ;
#10793 = CARTESIAN_POINT ( 'NONE',  ( -0.1249999999999992506, 0.04999999999999999584, -2.225000000000000977 ) ) ;
#10794 = CARTESIAN_POINT ( 'NONE',  ( -2.225000000000000533, 0.000000000000000000, 1.249999999999999778 ) ) ;
#10795 = DIRECTION ( 'NONE',  ( 1.000000000000000000, -0.000000000000000000, -3.469446951953614189E-15 ) ) ;
#10796 = LINE ( 'NONE', #8273, #10039 ) ;
#10797 = LINE ( 'NONE', #3178, #479 ) ;
#10798 = DIRECTION ( 'NONE',  ( -7.885106708985472271E-16, 0.000000000000000000, 1.000000000000000000 ) ) ;
#10799 = FACE_OUTER_BOUND ( 'NONE', #9591, .T. ) ;
#10800 = ORIENTED_EDGE ( 'NONE', *, *, #4402, .T. ) ;
#10801 = ORIENTED_EDGE ( 'NONE', *, *, #9489, .F. ) ;
#10803 = ORIENTED_EDGE ( 'NONE', *, *, #10135, .T. ) ;
#10802 = PLANE ( 'NONE',  #9978 ) ;
#10804 = DIRECTION ( 'NONE',  ( 0.000000000000000000, -1.000000000000000000, 0.000000000000000000 ) ) ;
#10805 = CARTESIAN_POINT ( 'NONE',  ( -1.749999999999999334, 0.2000000000000000111, 2.225000000000000977 ) ) ;
#10806 = PLANE ( 'NONE',  #478 ) ;
#10807 = VECTOR ( 'NONE', #2170, 1000.000000000000000 ) ;
#10808 = CARTESIAN_POINT ( 'NONE',  ( 2.500000000000000888, 0.6716990566028309129, -1.125000000000000000 ) ) ;
#10809 = ADVANCED_FACE ( 'NONE', ( #1973 ), #5347, .T. ) ;
#10810 = AXIS2_PLACEMENT_3D ( 'NONE', #1322, #10509, #2214 ) ;
#10811 = EDGE_CURVE ( 'NONE', #2129, #555, #8722, .T. ) ;
#10812 = VECTOR ( 'NONE', #7689, 1000.000000000000000 ) ;
#10813 = EDGE_CURVE ( 'NONE', #9248, #9765, #910, .T. ) ;
#10814 = LINE ( 'NONE', #5905, #7091 ) ;
#10815 = VERTEX_POINT ( 'NONE', #3570 ) ;
#10816 = VERTEX_POINT ( 'NONE', #9395 ) ;
#10817 = DIRECTION ( 'NONE',  ( -1.000000000000000000, 0.000000000000000000, 3.469446951953614583E-15 ) ) ;
#10819 = ORIENTED_EDGE ( 'NONE', *, *, #1979, .T. ) ;
#10818 = SURFACE_STYLE_FILL_AREA ( #2315 ) ;
#10820 = LINE ( 'NONE', #6633, #7719 ) ;
#10821 = ORIENTED_EDGE ( 'NONE', *, *, #8607, .T. ) ;
#10822 = CARTESIAN_POINT ( 'NONE',  ( 0.1250000000000007494, 0.1999999999999999833, 2.225000000000000977 ) ) ;
#10824 = ORIENTED_EDGE ( 'NONE', *, *, #10293, .T. ) ;
#10823 = CARTESIAN_POINT ( 'NONE',  ( 2.225000000000000533, 0.1999999999999999833, 0.1249999999999996808 ) ) ;
#10825 = CARTESIAN_POINT ( 'NONE',  ( -2.225000000000000533, 0.1999999999999999833, 1.624999999999999778 ) ) ;
#10826 = DIRECTION ( 'NONE',  ( -0.7071067811865487940, -0.000000000000000000, 0.7071067811865463515 ) ) ;
#10827 = VECTOR ( 'NONE', #7678, 1000.000000000000000 ) ;
#10828 = MECHANICAL_DESIGN_GEOMETRIC_PRESENTATION_REPRESENTATION (  '', ( #5715 ), #5544 ) ;
#10829 = EDGE_CURVE ( 'NONE', #9902, #8866, #1200, .T. ) ;
#10830 = CIRCLE ( 'NONE', #8902, 0.1250000000000001110 ) ;
#10831 = DIRECTION ( 'NONE',  ( -1.000000000000000000, 0.000000000000000000, 0.000000000000000000 ) ) ;
#10832 = DIRECTION ( 'NONE',  ( 0.000000000000000000, -1.000000000000000000, 0.000000000000000000 ) ) ;
#10833 = COLOUR_RGB ( '',0.7921568627450980005, 0.8196078431372548767, 0.9333333333333333481 ) ;
#10835 = VERTEX_POINT ( 'NONE', #2684 ) ;
#10834 = DIRECTION ( 'NONE',  ( 0.000000000000000000, 1.000000000000000000, 0.000000000000000000 ) ) ;
#10836 = CARTESIAN_POINT ( 'NONE',  ( -0.8749999999999993339, 0.1999999999999999833, -2.225000000000000977 ) ) ;
#10837 = VERTEX_POINT ( 'NONE', #10324 ) ;
#10838 = ORIENTED_EDGE ( 'NONE', *, *, #5454, .T. ) ;
#10839 = DIRECTION ( 'NONE',  ( -1.000000000000000000, 0.000000000000000000, 3.469446951953614583E-15 ) ) ;
#10840 = VERTEX_POINT ( 'NONE', #3949 ) ;
#10841 = CARTESIAN_POINT ( 'NONE',  ( 0.1250000000000005551, 0.2000000000000005107, -2.500000000000000444 ) ) ;
#10842 = COLOUR_RGB ( '',0.7921568627450980005, 0.8196078431372548767, 0.9333333333333333481 ) ;
#10843 = AXIS2_PLACEMENT_3D ( 'NONE', #7009, #10318, #8551 ) ;
#10844 = DIRECTION ( 'NONE',  ( -0.000000000000000000, -1.000000000000000000, -0.000000000000000000 ) ) ;
#10845 = ORIENTED_EDGE ( 'NONE', *, *, #9864, .T. ) ;
#10846 = ORIENTED_EDGE ( 'NONE', *, *, #7526, .F. ) ;
#10847 = PLANE ( 'NONE',  #4858 ) ;
#10848 = CARTESIAN_POINT ( 'NONE',  ( 0.1250000000000006661, 0.1999999999999999833, -2.225000000000000977 ) ) ;
#10849 = EDGE_CURVE ( 'NONE', #687, #3269, #10586, .T. ) ;
#10850 = ADVANCED_FACE ( 'NONE', ( #3016 ), #4782, .F. ) ;
#10851 = PLANE ( 'NONE',  #7387 ) ;
#10852 = DIRECTION ( 'NONE',  ( -1.000000000000000000, 0.000000000000000000, 3.469446951953614583E-15 ) ) ;
#10853 = SURFACE_STYLE_USAGE ( .BOTH. , #7289 ) ;
#10854 = AXIS2_PLACEMENT_3D ( 'NONE', #10421, #2737, #6002 ) ;
#10855 = DIRECTION ( 'NONE',  ( 0.000000000000000000, 0.000000000000000000, -1.000000000000000000 ) ) ;
#10856 = CARTESIAN_POINT ( 'NONE',  ( -0.7499999999999993339, 0.2000000000000000111, 2.225000000000000977 ) ) ;
#10857 = ORIENTED_EDGE ( 'NONE', *, *, #613, .T. ) ;
#10858 = ORIENTED_EDGE ( 'NONE', *, *, #10094, .T. ) ;
#10860 = ORIENTED_EDGE ( 'NONE', *, *, #6241, .F. ) ;
#10859 = SURFACE_STYLE_FILL_AREA ( #8332 ) ;
#10861 = PLANE ( 'NONE',  #1875 ) ;
#10862 = CARTESIAN_POINT ( 'NONE',  ( -1.124999999999999334, 0.2000000000000000111, -2.500000000000000444 ) ) ;
#10863 = CARTESIAN_POINT ( 'NONE',  ( 2.225000000000000533, 0.000000000000000000, 1.625000000000000222 ) ) ;
#10864 = CARTESIAN_POINT ( 'NONE',  ( -1.749999999999999334, 0.000000000000000000, 2.225000000000000977 ) ) ;
#10865 = CIRCLE ( 'NONE', #9311, 0.1250000000000001110 ) ;
#10866 = DIRECTION ( 'NONE',  ( -0.000000000000000000, -1.000000000000000000, -0.000000000000000000 ) ) ;
#10867 = ORIENTED_EDGE ( 'NONE', *, *, #10392, .T. ) ;
#10868 = ORIENTED_EDGE ( 'NONE', *, *, #5365, .F. ) ;
#10869 = LINE ( 'NONE', #3310, #1866 ) ;
#10870 = ORIENTED_EDGE ( 'NONE', *, *, #5348, .T. ) ;
#10871 = LINE ( 'NONE', #5804, #3993 ) ;
#10872 = PLANE ( 'NONE',  #2885 ) ;
#10874 = EDGE_LOOP ( 'NONE', ( #3635, #4720, #1663, #3595 ) ) ;
#10873 = CARTESIAN_POINT ( 'NONE',  ( -2.225000000000000533, 0.1999999999999999833, -1.625000000000000000 ) ) ;
#10875 = LINE ( 'NONE', #6585, #2236 ) ;
#10876 = EDGE_CURVE ( 'NONE', #9025, #1233, #4573, .T. ) ;
#10877 = DIRECTION ( 'NONE',  ( 2.365532012695649373E-15, 0.000000000000000000, 1.000000000000000000 ) ) ;
#10878 = EDGE_CURVE ( 'NONE', #7273, #6514, #6455, .T. ) ;
#10879 = AXIS2_PLACEMENT_3D ( 'NONE', #2937, #1044, #9637 ) ;
#10880 = ADVANCED_FACE ( 'NONE', ( #10432 ), #8940, .F. ) ;
#10881 = AXIS2_PLACEMENT_3D ( 'NONE', #5070, #10065, #7632 ) ;
#10882 = DIRECTION ( 'NONE',  ( 0.000000000000000000, -0.000000000000000000, 1.000000000000000000 ) ) ;
#10883 = DIRECTION ( 'NONE',  ( -0.000000000000000000, -1.000000000000000000, -0.000000000000000000 ) ) ;
#10884 = AXIS2_PLACEMENT_3D ( 'NONE', #7749, #4356, #10278 ) ;
#10886 = VERTEX_POINT ( 'NONE', #3073 ) ;
#10885 = LINE ( 'NONE', #5866, #5502 ) ;
#10887 = LINE ( 'NONE', #4094, #5078 ) ;
#10888 = ORIENTED_EDGE ( 'NONE', *, *, #639, .F. ) ;
#10889 = VERTEX_POINT ( 'NONE', #2859 ) ;
#10890 = CARTESIAN_POINT ( 'NONE',  ( 2.225000000000000533, 0.1999999999999999833, 1.249999999999999778 ) ) ;
#10891 = ORIENTED_EDGE ( 'NONE', *, *, #345, .T. ) ;
#10892 = CIRCLE ( 'NONE', #9857, 0.1250000000000001110 ) ;
#10893 =( NAMED_UNIT ( * ) SI_UNIT ( $, .STERADIAN. ) SOLID_ANGLE_UNIT ( ) );
#10894 = CIRCLE ( 'NONE', #6131, 0.1250000000000000000 ) ;
#10895 = EDGE_CURVE ( 'NONE', #8183, #3483, #5466, .T. ) ;
#10896 = EDGE_CURVE ( 'NONE', #1531, #4076, #2082, .T. ) ;
#10897 = EDGE_CURVE ( 'NONE', #1025, #1194, #4677, .T. ) ;
#10898 = VECTOR ( 'NONE', #9770, 1000.000000000000000 ) ;
#10899 = VECTOR ( 'NONE', #8411, 1000.000000000000000 ) ;
#10900 = VECTOR ( 'NONE', #3590, 1000.000000000000000 ) ;
#10901 = AXIS2_PLACEMENT_3D ( 'NONE', #1179, #5620, #5463 ) ;
#10902 = FACE_OUTER_BOUND ( 'NONE', #9415, .T. ) ;
#10903 = EDGE_LOOP ( 'NONE', ( #8094, #7504, #984, #6256 ) ) ;
#10904 = ORIENTED_EDGE ( 'NONE', *, *, #8810, .T. ) ;
#10905 = UNCERTAINTY_MEASURE_WITH_UNIT (LENGTH_MEASURE( 1.000000000000000082E-05 ), #2146, 'distance_accuracy_value', 'NONE');
#10906 = CARTESIAN_POINT ( 'NONE',  ( -0.6249999999999992228, 0.6716990566028311349, -2.500000000000000444 ) ) ;
#10907 = CIRCLE ( 'NONE', #4378, 0.1250000000000001110 ) ;
#10908 = LINE ( 'NONE', #5667, #7147 ) ;
#10909 = CARTESIAN_POINT ( 'NONE',  ( 2.225000000000000533, 0.05000000000000002359, 1.624999999999999778 ) ) ;
#10910 = AXIS2_PLACEMENT_3D ( 'NONE', #979, #5980, #8684 ) ;
#10911 = DIRECTION ( 'NONE',  ( 0.000000000000000000, 0.000000000000000000, -1.000000000000000000 ) ) ;
#10912 = EDGE_CURVE ( 'NONE', #6994, #6632, #8161, .T. ) ;
#10913 = VECTOR ( 'NONE', #5099, 1000.000000000000000 ) ;
#10914 = DIRECTION ( 'NONE',  ( 0.000000000000000000, 1.000000000000000000, 0.000000000000000000 ) ) ;
#10915 = LINE ( 'NONE', #3128, #1413 ) ;
#10916 = ORIENTED_EDGE ( 'NONE', *, *, #7212, .F. ) ;
#10917 = VERTEX_POINT ( 'NONE', #1346 ) ;
#10919 = ORIENTED_EDGE ( 'NONE', *, *, #3885, .T. ) ;
#10918 =( NAMED_UNIT ( * ) PLANE_ANGLE_UNIT ( ) SI_UNIT ( $, .RADIAN. ) );
#10920 = ORIENTED_EDGE ( 'NONE', *, *, #10767, .T. ) ;
#10921 = DIRECTION ( 'NONE',  ( -0.000000000000000000, -1.000000000000000000, -0.000000000000000000 ) ) ;
#10922 = DIRECTION ( 'NONE',  ( -1.000000000000000000, 0.000000000000000000, -0.000000000000000000 ) ) ;
#10923 = LINE ( 'NONE', #4124, #8260 ) ;
#10924 = PLANE ( 'NONE',  #4293 ) ;
#10925 = EDGE_CURVE ( 'NONE', #7296, #2224, #5796, .T. ) ;
#10926 = EDGE_CURVE ( 'NONE', #7767, #9038, #7180, .T. ) ;
#10927 = DIRECTION ( 'NONE',  ( 0.000000000000000000, 1.000000000000000000, -0.000000000000000000 ) ) ;
#10928 = ORIENTED_EDGE ( 'NONE', *, *, #1591, .T. ) ;
#10929 = VERTEX_POINT ( 'NONE', #2031 ) ;
#10930 = VERTEX_POINT ( 'NONE', #9774 ) ;
#10931 = CYLINDRICAL_SURFACE ( 'NONE', #9316, 0.1250000000000000000 ) ;
#10932 = CARTESIAN_POINT ( 'NONE',  ( 2.500000000000000000, 0.05000000000000000278, 2.499999999999999556 ) ) ;
#10934 = ORIENTED_EDGE ( 'NONE', *, *, #6809, .T. ) ;
#10933 = LINE ( 'NONE', #3883, #4181 ) ;
#10935 = FACE_OUTER_BOUND ( 'NONE', #3821, .T. ) ;
#10936 = DIRECTION ( 'NONE',  ( 0.000000000000000000, 0.000000000000000000, 1.000000000000000000 ) ) ;
#10937 = VECTOR ( 'NONE', #1034, 1000.000000000000000 ) ;
#10938 = CARTESIAN_POINT ( 'NONE',  ( -1.749999999999999334, 0.2000000000000000111, -2.225000000000000977 ) ) ;
#10939 = LINE ( 'NONE', #661, #1910 ) ;
#10940 = STYLED_ITEM ( 'NONE', ( #9737 ), #1483 ) ;
#10941 = CARTESIAN_POINT ( 'NONE',  ( -2.225000000000000533, 0.6716990566028309129, 0.3750000000000001110 ) ) ;
#10943 = EDGE_LOOP ( 'NONE', ( #393, #3923, #7570, #6290 ) ) ;
#10942 = DIRECTION ( 'NONE',  ( 0.000000000000000000, 0.000000000000000000, 1.000000000000000000 ) ) ;
#10944 = FACE_OUTER_BOUND ( 'NONE', #6607, .T. ) ;
#10945 = ORIENTED_EDGE ( 'NONE', *, *, #7945, .F. ) ;
#10946 = EDGE_LOOP ( 'NONE', ( #390, #760, #10077, #5165 ) ) ;
#10947 = DIRECTION ( 'NONE',  ( 0.000000000000000000, 0.000000000000000000, -1.000000000000000000 ) ) ;
#10948 = ORIENTED_EDGE ( 'NONE', *, *, #6442, .F. ) ;
#10949 = CARTESIAN_POINT ( 'NONE',  ( -2.225000000000000533, 0.000000000000000000, 1.624999999999999778 ) ) ;
#10950 = FACE_OUTER_BOUND ( 'NONE', #4661, .T. ) ;
ENDSEC;
END-ISO-10303-21;
