ISO-10303-21;
HEADER;
FILE_DESCRIPTION(('FreeCAD Model'),'2;1');
FILE_NAME('/var/www/3D/0T/11979035.2.1.stp','2023-05-04T05:24:05',(
    'Author'),(''),'Open CASCADE STEP processor 6.9','FreeCAD','Unknown'
  );
FILE_SCHEMA(('AUTOMOTIVE_DESIGN { 1 0 10303 214 1 1 1 1 }'));
ENDSEC;
DATA;
#1 = APPLICATION_PROTOCOL_DEFINITION('international standard',
  'automotive_design',2000,#2);
#2 = APPLICATION_CONTEXT(
  'core data for automotive mechanical design processes');
#3 = SHAPE_DEFINITION_REPRESENTATION(#4,#10);
#4 = PRODUCT_DEFINITION_SHAPE('','',#5);
#5 = PRODUCT_DEFINITION('design','',#6,#9);
#6 = PRODUCT_DEFINITION_FORMATION('','',#7);
#7 = PRODUCT('ASSEMBLY','ASSEMBLY','',(#8));
#8 = PRODUCT_CONTEXT('',#2,'mechanical');
#9 = PRODUCT_DEFINITION_CONTEXT('part definition',#2,'design');
#10 = SHAPE_REPRESENTATION('',(#11,#15,#19),#23);
#11 = AXIS2_PLACEMENT_3D('',#12,#13,#14);
#12 = CARTESIAN_POINT('',(0.,0.,0.));
#13 = DIRECTION('',(0.,0.,1.));
#14 = DIRECTION('',(1.,0.,-0.));
#15 = AXIS2_PLACEMENT_3D('',#16,#17,#18);
#16 = CARTESIAN_POINT('',(0.,0.,0.));
#17 = DIRECTION('',(0.,0.,1.));
#18 = DIRECTION('',(1.,0.,0.));
#19 = AXIS2_PLACEMENT_3D('',#20,#21,#22);
#20 = CARTESIAN_POINT('',(0.,0.,0.));
#21 = DIRECTION('',(0.,0.,1.));
#22 = DIRECTION('',(1.,0.,0.));
#23 = ( GEOMETRIC_REPRESENTATION_CONTEXT(3) 
GLOBAL_UNCERTAINTY_ASSIGNED_CONTEXT((#27)) GLOBAL_UNIT_ASSIGNED_CONTEXT(
(#24,#25,#26)) REPRESENTATION_CONTEXT('Context #1',
  '3D Context with UNIT and UNCERTAINTY') );
#24 = ( LENGTH_UNIT() NAMED_UNIT(*) SI_UNIT(.MILLI.,.METRE.) );
#25 = ( NAMED_UNIT(*) PLANE_ANGLE_UNIT() SI_UNIT($,.RADIAN.) );
#26 = ( NAMED_UNIT(*) SI_UNIT($,.STERADIAN.) SOLID_ANGLE_UNIT() );
#27 = UNCERTAINTY_MEASURE_WITH_UNIT(LENGTH_MEASURE(5.E-05),#24,
  'distance_accuracy_value','confusion accuracy');
#28 = PRODUCT_RELATED_PRODUCT_CATEGORY('part',$,(#7));
#29 = ADVANCED_BREP_SHAPE_REPRESENTATION('',(#11,#30),#10278);
#30 = MANIFOLD_SOLID_BREP('',#31);
#31 = CLOSED_SHELL('',(#32,#152,#307,#2481,#2530,#2557,#2564,#2613,#2640
    ,#2646,#2722,#2776,#2830,#2862,#2938,#2992,#3046,#3078,#3154,#3208,
    #3262,#3294,#3370,#3424,#3478,#3510,#3586,#3640,#3694,#3726,#3802,
    #3856,#3910,#3942,#4018,#4072,#4126,#4158,#4234,#4288,#4342,#4374,
    #4450,#4504,#4558,#4590,#4666,#4720,#4774,#4806,#4882,#4936,#4990,
    #5022,#5098,#5152,#5206,#5238,#5314,#5368,#5422,#5454,#5530,#5584,
    #5638,#5670,#5746,#5800,#5854,#5886,#5962,#6016,#6070,#6102,#6178,
    #6232,#6286,#6318,#6394,#6448,#6502,#6534,#6610,#6659,#6708,#6735,
    #6811,#6860,#6909,#6936,#7012,#7061,#7110,#7137,#7213,#7262,#7311,
    #7338,#7414,#7463,#7512,#7539,#7615,#7664,#7713,#7740,#7816,#7865,
    #7914,#7941,#8017,#8066,#8115,#8142,#8218,#8267,#8316,#8343,#8419,
    #8468,#8517,#8544,#8620,#8669,#8718,#8745,#8821,#8870,#8919,#8946,
    #9022,#9071,#9120,#9147,#9223,#9272,#9321,#9348,#9424,#9473,#9522,
    #9549,#9625,#9674,#9723,#9750,#9826,#9875,#9924,#9951,#10027,#10076,
    #10125,#10152,#10159,#10166,#10173,#10180,#10187,#10194,#10201,
    #10208,#10215,#10222,#10229,#10236,#10243,#10250,#10257,#10264,
    #10271));
#32 = ADVANCED_FACE('',(#33),#47,.F.);
#33 = FACE_BOUND('',#34,.F.);
#34 = EDGE_LOOP('',(#35,#70,#98,#126));
#35 = ORIENTED_EDGE('',*,*,#36,.F.);
#36 = EDGE_CURVE('',#37,#39,#41,.T.);
#37 = VERTEX_POINT('',#38);
#38 = CARTESIAN_POINT('',(-21.845,-1.205,0.));
#39 = VERTEX_POINT('',#40);
#40 = CARTESIAN_POINT('',(-21.845,-1.205,8.51));
#41 = SURFACE_CURVE('',#42,(#46,#58),.PCURVE_S1.);
#42 = LINE('',#43,#44);
#43 = CARTESIAN_POINT('',(-21.845,-1.205,0.));
#44 = VECTOR('',#45,1.);
#45 = DIRECTION('',(0.,0.,1.));
#46 = PCURVE('',#47,#52);
#47 = PLANE('',#48);
#48 = AXIS2_PLACEMENT_3D('',#49,#50,#51);
#49 = CARTESIAN_POINT('',(-21.845,-1.205,0.));
#50 = DIRECTION('',(1.,0.,0.));
#51 = DIRECTION('',(0.,0.,1.));
#52 = DEFINITIONAL_REPRESENTATION('',(#53),#57);
#53 = LINE('',#54,#55);
#54 = CARTESIAN_POINT('',(0.,0.));
#55 = VECTOR('',#56,1.);
#56 = DIRECTION('',(1.,0.));
#57 = ( GEOMETRIC_REPRESENTATION_CONTEXT(2) 
PARAMETRIC_REPRESENTATION_CONTEXT() REPRESENTATION_CONTEXT('2D SPACE',''
  ) );
#58 = PCURVE('',#59,#64);
#59 = PLANE('',#60);
#60 = AXIS2_PLACEMENT_3D('',#61,#62,#63);
#61 = CARTESIAN_POINT('',(-21.845,-1.205,0.));
#62 = DIRECTION('',(0.,1.,0.));
#63 = DIRECTION('',(0.,0.,1.));
#64 = DEFINITIONAL_REPRESENTATION('',(#65),#69);
#65 = LINE('',#66,#67);
#66 = CARTESIAN_POINT('',(0.,0.));
#67 = VECTOR('',#68,1.);
#68 = DIRECTION('',(1.,0.));
#69 = ( GEOMETRIC_REPRESENTATION_CONTEXT(2) 
PARAMETRIC_REPRESENTATION_CONTEXT() REPRESENTATION_CONTEXT('2D SPACE',''
  ) );
#70 = ORIENTED_EDGE('',*,*,#71,.T.);
#71 = EDGE_CURVE('',#37,#72,#74,.T.);
#72 = VERTEX_POINT('',#73);
#73 = CARTESIAN_POINT('',(-21.845,3.745,0.));
#74 = SURFACE_CURVE('',#75,(#79,#86),.PCURVE_S1.);
#75 = LINE('',#76,#77);
#76 = CARTESIAN_POINT('',(-21.845,-1.205,0.));
#77 = VECTOR('',#78,1.);
#78 = DIRECTION('',(0.,1.,0.));
#79 = PCURVE('',#47,#80);
#80 = DEFINITIONAL_REPRESENTATION('',(#81),#85);
#81 = LINE('',#82,#83);
#82 = CARTESIAN_POINT('',(0.,0.));
#83 = VECTOR('',#84,1.);
#84 = DIRECTION('',(0.,-1.));
#85 = ( GEOMETRIC_REPRESENTATION_CONTEXT(2) 
PARAMETRIC_REPRESENTATION_CONTEXT() REPRESENTATION_CONTEXT('2D SPACE',''
  ) );
#86 = PCURVE('',#87,#92);
#87 = PLANE('',#88);
#88 = AXIS2_PLACEMENT_3D('',#89,#90,#91);
#89 = CARTESIAN_POINT('',(-21.845,-1.205,0.));
#90 = DIRECTION('',(0.,0.,1.));
#91 = DIRECTION('',(1.,0.,0.));
#92 = DEFINITIONAL_REPRESENTATION('',(#93),#97);
#93 = LINE('',#94,#95);
#94 = CARTESIAN_POINT('',(0.,0.));
#95 = VECTOR('',#96,1.);
#96 = DIRECTION('',(0.,1.));
#97 = ( GEOMETRIC_REPRESENTATION_CONTEXT(2) 
PARAMETRIC_REPRESENTATION_CONTEXT() REPRESENTATION_CONTEXT('2D SPACE',''
  ) );
#98 = ORIENTED_EDGE('',*,*,#99,.T.);
#99 = EDGE_CURVE('',#72,#100,#102,.T.);
#100 = VERTEX_POINT('',#101);
#101 = CARTESIAN_POINT('',(-21.845,3.745,8.51));
#102 = SURFACE_CURVE('',#103,(#107,#114),.PCURVE_S1.);
#103 = LINE('',#104,#105);
#104 = CARTESIAN_POINT('',(-21.845,3.745,0.));
#105 = VECTOR('',#106,1.);
#106 = DIRECTION('',(0.,0.,1.));
#107 = PCURVE('',#47,#108);
#108 = DEFINITIONAL_REPRESENTATION('',(#109),#113);
#109 = LINE('',#110,#111);
#110 = CARTESIAN_POINT('',(0.,-4.95));
#111 = VECTOR('',#112,1.);
#112 = DIRECTION('',(1.,0.));
#113 = ( GEOMETRIC_REPRESENTATION_CONTEXT(2) 
PARAMETRIC_REPRESENTATION_CONTEXT() REPRESENTATION_CONTEXT('2D SPACE',''
  ) );
#114 = PCURVE('',#115,#120);
#115 = PLANE('',#116);
#116 = AXIS2_PLACEMENT_3D('',#117,#118,#119);
#117 = CARTESIAN_POINT('',(-21.845,3.745,0.));
#118 = DIRECTION('',(0.,1.,0.));
#119 = DIRECTION('',(0.,0.,1.));
#120 = DEFINITIONAL_REPRESENTATION('',(#121),#125);
#121 = LINE('',#122,#123);
#122 = CARTESIAN_POINT('',(0.,0.));
#123 = VECTOR('',#124,1.);
#124 = DIRECTION('',(1.,0.));
#125 = ( GEOMETRIC_REPRESENTATION_CONTEXT(2) 
PARAMETRIC_REPRESENTATION_CONTEXT() REPRESENTATION_CONTEXT('2D SPACE',''
  ) );
#126 = ORIENTED_EDGE('',*,*,#127,.F.);
#127 = EDGE_CURVE('',#39,#100,#128,.T.);
#128 = SURFACE_CURVE('',#129,(#133,#140),.PCURVE_S1.);
#129 = LINE('',#130,#131);
#130 = CARTESIAN_POINT('',(-21.845,-1.205,8.51));
#131 = VECTOR('',#132,1.);
#132 = DIRECTION('',(0.,1.,0.));
#133 = PCURVE('',#47,#134);
#134 = DEFINITIONAL_REPRESENTATION('',(#135),#139);
#135 = LINE('',#136,#137);
#136 = CARTESIAN_POINT('',(8.51,0.));
#137 = VECTOR('',#138,1.);
#138 = DIRECTION('',(0.,-1.));
#139 = ( GEOMETRIC_REPRESENTATION_CONTEXT(2) 
PARAMETRIC_REPRESENTATION_CONTEXT() REPRESENTATION_CONTEXT('2D SPACE',''
  ) );
#140 = PCURVE('',#141,#146);
#141 = PLANE('',#142);
#142 = AXIS2_PLACEMENT_3D('',#143,#144,#145);
#143 = CARTESIAN_POINT('',(-21.845,-1.205,8.51));
#144 = DIRECTION('',(0.,0.,1.));
#145 = DIRECTION('',(1.,0.,0.));
#146 = DEFINITIONAL_REPRESENTATION('',(#147),#151);
#147 = LINE('',#148,#149);
#148 = CARTESIAN_POINT('',(0.,0.));
#149 = VECTOR('',#150,1.);
#150 = DIRECTION('',(0.,1.));
#151 = ( GEOMETRIC_REPRESENTATION_CONTEXT(2) 
PARAMETRIC_REPRESENTATION_CONTEXT() REPRESENTATION_CONTEXT('2D SPACE',''
  ) );
#152 = ADVANCED_FACE('',(#153),#59,.F.);
#153 = FACE_BOUND('',#154,.F.);
#154 = EDGE_LOOP('',(#155,#185,#206,#207,#230,#258,#286));
#155 = ORIENTED_EDGE('',*,*,#156,.F.);
#156 = EDGE_CURVE('',#157,#159,#161,.T.);
#157 = VERTEX_POINT('',#158);
#158 = CARTESIAN_POINT('',(1.525,-1.205,0.));
#159 = VERTEX_POINT('',#160);
#160 = CARTESIAN_POINT('',(1.525,-1.205,8.51));
#161 = SURFACE_CURVE('',#162,(#166,#173),.PCURVE_S1.);
#162 = LINE('',#163,#164);
#163 = CARTESIAN_POINT('',(1.525,-1.205,0.));
#164 = VECTOR('',#165,1.);
#165 = DIRECTION('',(0.,0.,1.));
#166 = PCURVE('',#59,#167);
#167 = DEFINITIONAL_REPRESENTATION('',(#168),#172);
#168 = LINE('',#169,#170);
#169 = CARTESIAN_POINT('',(0.,23.37));
#170 = VECTOR('',#171,1.);
#171 = DIRECTION('',(1.,0.));
#172 = ( GEOMETRIC_REPRESENTATION_CONTEXT(2) 
PARAMETRIC_REPRESENTATION_CONTEXT() REPRESENTATION_CONTEXT('2D SPACE',''
  ) );
#173 = PCURVE('',#174,#179);
#174 = PLANE('',#175);
#175 = AXIS2_PLACEMENT_3D('',#176,#177,#178);
#176 = CARTESIAN_POINT('',(1.525,-1.205,0.));
#177 = DIRECTION('',(1.,0.,0.));
#178 = DIRECTION('',(0.,0.,1.));
#179 = DEFINITIONAL_REPRESENTATION('',(#180),#184);
#180 = LINE('',#181,#182);
#181 = CARTESIAN_POINT('',(0.,0.));
#182 = VECTOR('',#183,1.);
#183 = DIRECTION('',(1.,0.));
#184 = ( GEOMETRIC_REPRESENTATION_CONTEXT(2) 
PARAMETRIC_REPRESENTATION_CONTEXT() REPRESENTATION_CONTEXT('2D SPACE',''
  ) );
#185 = ORIENTED_EDGE('',*,*,#186,.F.);
#186 = EDGE_CURVE('',#37,#157,#187,.T.);
#187 = SURFACE_CURVE('',#188,(#192,#199),.PCURVE_S1.);
#188 = LINE('',#189,#190);
#189 = CARTESIAN_POINT('',(-21.845,-1.205,0.));
#190 = VECTOR('',#191,1.);
#191 = DIRECTION('',(1.,0.,0.));
#192 = PCURVE('',#59,#193);
#193 = DEFINITIONAL_REPRESENTATION('',(#194),#198);
#194 = LINE('',#195,#196);
#195 = CARTESIAN_POINT('',(0.,0.));
#196 = VECTOR('',#197,1.);
#197 = DIRECTION('',(0.,1.));
#198 = ( GEOMETRIC_REPRESENTATION_CONTEXT(2) 
PARAMETRIC_REPRESENTATION_CONTEXT() REPRESENTATION_CONTEXT('2D SPACE',''
  ) );
#199 = PCURVE('',#87,#200);
#200 = DEFINITIONAL_REPRESENTATION('',(#201),#205);
#201 = LINE('',#202,#203);
#202 = CARTESIAN_POINT('',(0.,0.));
#203 = VECTOR('',#204,1.);
#204 = DIRECTION('',(1.,0.));
#205 = ( GEOMETRIC_REPRESENTATION_CONTEXT(2) 
PARAMETRIC_REPRESENTATION_CONTEXT() REPRESENTATION_CONTEXT('2D SPACE',''
  ) );
#206 = ORIENTED_EDGE('',*,*,#36,.T.);
#207 = ORIENTED_EDGE('',*,*,#208,.T.);
#208 = EDGE_CURVE('',#39,#209,#211,.T.);
#209 = VERTEX_POINT('',#210);
#210 = CARTESIAN_POINT('',(-1.27,-1.205,8.51));
#211 = SURFACE_CURVE('',#212,(#216,#223),.PCURVE_S1.);
#212 = LINE('',#213,#214);
#213 = CARTESIAN_POINT('',(-21.845,-1.205,8.51));
#214 = VECTOR('',#215,1.);
#215 = DIRECTION('',(1.,0.,0.));
#216 = PCURVE('',#59,#217);
#217 = DEFINITIONAL_REPRESENTATION('',(#218),#222);
#218 = LINE('',#219,#220);
#219 = CARTESIAN_POINT('',(8.51,0.));
#220 = VECTOR('',#221,1.);
#221 = DIRECTION('',(0.,1.));
#222 = ( GEOMETRIC_REPRESENTATION_CONTEXT(2) 
PARAMETRIC_REPRESENTATION_CONTEXT() REPRESENTATION_CONTEXT('2D SPACE',''
  ) );
#223 = PCURVE('',#141,#224);
#224 = DEFINITIONAL_REPRESENTATION('',(#225),#229);
#225 = LINE('',#226,#227);
#226 = CARTESIAN_POINT('',(0.,0.));
#227 = VECTOR('',#228,1.);
#228 = DIRECTION('',(1.,0.));
#229 = ( GEOMETRIC_REPRESENTATION_CONTEXT(2) 
PARAMETRIC_REPRESENTATION_CONTEXT() REPRESENTATION_CONTEXT('2D SPACE',''
  ) );
#230 = ORIENTED_EDGE('',*,*,#231,.T.);
#231 = EDGE_CURVE('',#209,#232,#234,.T.);
#232 = VERTEX_POINT('',#233);
#233 = CARTESIAN_POINT('',(0.,-1.205,5.97));
#234 = SURFACE_CURVE('',#235,(#239,#246),.PCURVE_S1.);
#235 = LINE('',#236,#237);
#236 = CARTESIAN_POINT('',(-1.27,-1.205,8.51));
#237 = VECTOR('',#238,1.);
#238 = DIRECTION('',(0.4472135955,-1.986027322598E-16,-0.894427191));
#239 = PCURVE('',#59,#240);
#240 = DEFINITIONAL_REPRESENTATION('',(#241),#245);
#241 = LINE('',#242,#243);
#242 = CARTESIAN_POINT('',(8.51,20.575));
#243 = VECTOR('',#244,1.);
#244 = DIRECTION('',(-0.894427191,0.4472135955));
#245 = ( GEOMETRIC_REPRESENTATION_CONTEXT(2) 
PARAMETRIC_REPRESENTATION_CONTEXT() REPRESENTATION_CONTEXT('2D SPACE',''
  ) );
#246 = PCURVE('',#247,#252);
#247 = PLANE('',#248);
#248 = AXIS2_PLACEMENT_3D('',#249,#250,#251);
#249 = CARTESIAN_POINT('',(-1.27,-1.205,8.51));
#250 = DIRECTION('',(-0.894427191,-9.930136612989E-17,-0.4472135955));
#251 = DIRECTION('',(0.4472135955,-1.986027322598E-16,-0.894427191));
#252 = DEFINITIONAL_REPRESENTATION('',(#253),#257);
#253 = LINE('',#254,#255);
#254 = CARTESIAN_POINT('',(0.,0.));
#255 = VECTOR('',#256,1.);
#256 = DIRECTION('',(1.,0.));
#257 = ( GEOMETRIC_REPRESENTATION_CONTEXT(2) 
PARAMETRIC_REPRESENTATION_CONTEXT() REPRESENTATION_CONTEXT('2D SPACE',''
  ) );
#258 = ORIENTED_EDGE('',*,*,#259,.F.);
#259 = EDGE_CURVE('',#260,#232,#262,.T.);
#260 = VERTEX_POINT('',#261);
#261 = CARTESIAN_POINT('',(1.27,-1.205,8.51));
#262 = SURFACE_CURVE('',#263,(#267,#274),.PCURVE_S1.);
#263 = LINE('',#264,#265);
#264 = CARTESIAN_POINT('',(1.27,-1.205,8.51));
#265 = VECTOR('',#266,1.);
#266 = DIRECTION('',(-0.4472135955,-1.986027322598E-16,-0.894427191));
#267 = PCURVE('',#59,#268);
#268 = DEFINITIONAL_REPRESENTATION('',(#269),#273);
#269 = LINE('',#270,#271);
#270 = CARTESIAN_POINT('',(8.51,23.115));
#271 = VECTOR('',#272,1.);
#272 = DIRECTION('',(-0.894427191,-0.4472135955));
#273 = ( GEOMETRIC_REPRESENTATION_CONTEXT(2) 
PARAMETRIC_REPRESENTATION_CONTEXT() REPRESENTATION_CONTEXT('2D SPACE',''
  ) );
#274 = PCURVE('',#275,#280);
#275 = PLANE('',#276);
#276 = AXIS2_PLACEMENT_3D('',#277,#278,#279);
#277 = CARTESIAN_POINT('',(1.27,-1.205,8.51));
#278 = DIRECTION('',(-0.894427191,9.930136612989E-17,0.4472135955));
#279 = DIRECTION('',(-0.4472135955,-1.986027322598E-16,-0.894427191));
#280 = DEFINITIONAL_REPRESENTATION('',(#281),#285);
#281 = LINE('',#282,#283);
#282 = CARTESIAN_POINT('',(-0.,0.));
#283 = VECTOR('',#284,1.);
#284 = DIRECTION('',(1.,0.));
#285 = ( GEOMETRIC_REPRESENTATION_CONTEXT(2) 
PARAMETRIC_REPRESENTATION_CONTEXT() REPRESENTATION_CONTEXT('2D SPACE',''
  ) );
#286 = ORIENTED_EDGE('',*,*,#287,.T.);
#287 = EDGE_CURVE('',#260,#159,#288,.T.);
#288 = SURFACE_CURVE('',#289,(#293,#300),.PCURVE_S1.);
#289 = LINE('',#290,#291);
#290 = CARTESIAN_POINT('',(-21.845,-1.205,8.51));
#291 = VECTOR('',#292,1.);
#292 = DIRECTION('',(1.,0.,0.));
#293 = PCURVE('',#59,#294);
#294 = DEFINITIONAL_REPRESENTATION('',(#295),#299);
#295 = LINE('',#296,#297);
#296 = CARTESIAN_POINT('',(8.51,0.));
#297 = VECTOR('',#298,1.);
#298 = DIRECTION('',(0.,1.));
#299 = ( GEOMETRIC_REPRESENTATION_CONTEXT(2) 
PARAMETRIC_REPRESENTATION_CONTEXT() REPRESENTATION_CONTEXT('2D SPACE',''
  ) );
#300 = PCURVE('',#141,#301);
#301 = DEFINITIONAL_REPRESENTATION('',(#302),#306);
#302 = LINE('',#303,#304);
#303 = CARTESIAN_POINT('',(0.,0.));
#304 = VECTOR('',#305,1.);
#305 = DIRECTION('',(1.,0.));
#306 = ( GEOMETRIC_REPRESENTATION_CONTEXT(2) 
PARAMETRIC_REPRESENTATION_CONTEXT() REPRESENTATION_CONTEXT('2D SPACE',''
  ) );
#307 = ADVANCED_FACE('',(#308,#429,#543,#657,#771,#885,#999,#1113,#1227,
    #1341,#1455,#1569,#1683,#1797,#1911,#2025,#2139,#2253,#2367),#141,
  .T.);
#308 = FACE_BOUND('',#309,.T.);
#309 = EDGE_LOOP('',(#310,#333,#334,#335,#358,#386,#407,#408));
#310 = ORIENTED_EDGE('',*,*,#311,.F.);
#311 = EDGE_CURVE('',#100,#312,#314,.T.);
#312 = VERTEX_POINT('',#313);
#313 = CARTESIAN_POINT('',(1.525,3.745,8.51));
#314 = SURFACE_CURVE('',#315,(#319,#326),.PCURVE_S1.);
#315 = LINE('',#316,#317);
#316 = CARTESIAN_POINT('',(-21.845,3.745,8.51));
#317 = VECTOR('',#318,1.);
#318 = DIRECTION('',(1.,0.,0.));
#319 = PCURVE('',#141,#320);
#320 = DEFINITIONAL_REPRESENTATION('',(#321),#325);
#321 = LINE('',#322,#323);
#322 = CARTESIAN_POINT('',(0.,4.95));
#323 = VECTOR('',#324,1.);
#324 = DIRECTION('',(1.,0.));
#325 = ( GEOMETRIC_REPRESENTATION_CONTEXT(2) 
PARAMETRIC_REPRESENTATION_CONTEXT() REPRESENTATION_CONTEXT('2D SPACE',''
  ) );
#326 = PCURVE('',#115,#327);
#327 = DEFINITIONAL_REPRESENTATION('',(#328),#332);
#328 = LINE('',#329,#330);
#329 = CARTESIAN_POINT('',(8.51,0.));
#330 = VECTOR('',#331,1.);
#331 = DIRECTION('',(0.,1.));
#332 = ( GEOMETRIC_REPRESENTATION_CONTEXT(2) 
PARAMETRIC_REPRESENTATION_CONTEXT() REPRESENTATION_CONTEXT('2D SPACE',''
  ) );
#333 = ORIENTED_EDGE('',*,*,#127,.F.);
#334 = ORIENTED_EDGE('',*,*,#208,.T.);
#335 = ORIENTED_EDGE('',*,*,#336,.T.);
#336 = EDGE_CURVE('',#209,#337,#339,.T.);
#337 = VERTEX_POINT('',#338);
#338 = CARTESIAN_POINT('',(-1.27,-1.098928571429,8.51));
#339 = SURFACE_CURVE('',#340,(#344,#351),.PCURVE_S1.);
#340 = LINE('',#341,#342);
#341 = CARTESIAN_POINT('',(-1.27,-1.205,8.51));
#342 = VECTOR('',#343,1.);
#343 = DIRECTION('',(0.,1.,-2.22044604925E-16));
#344 = PCURVE('',#141,#345);
#345 = DEFINITIONAL_REPRESENTATION('',(#346),#350);
#346 = LINE('',#347,#348);
#347 = CARTESIAN_POINT('',(20.575,1.998401444325E-15));
#348 = VECTOR('',#349,1.);
#349 = DIRECTION('',(0.,1.));
#350 = ( GEOMETRIC_REPRESENTATION_CONTEXT(2) 
PARAMETRIC_REPRESENTATION_CONTEXT() REPRESENTATION_CONTEXT('2D SPACE',''
  ) );
#351 = PCURVE('',#247,#352);
#352 = DEFINITIONAL_REPRESENTATION('',(#353),#357);
#353 = LINE('',#354,#355);
#354 = CARTESIAN_POINT('',(-2.160834595861E-32,-1.088018564133E-16));
#355 = VECTOR('',#356,1.);
#356 = DIRECTION('',(0.,-1.));
#357 = ( GEOMETRIC_REPRESENTATION_CONTEXT(2) 
PARAMETRIC_REPRESENTATION_CONTEXT() REPRESENTATION_CONTEXT('2D SPACE',''
  ) );
#358 = ORIENTED_EDGE('',*,*,#359,.T.);
#359 = EDGE_CURVE('',#337,#360,#362,.T.);
#360 = VERTEX_POINT('',#361);
#361 = CARTESIAN_POINT('',(1.27,-1.098928571429,8.51));
#362 = SURFACE_CURVE('',#363,(#367,#374),.PCURVE_S1.);
#363 = LINE('',#364,#365);
#364 = CARTESIAN_POINT('',(-1.27,-1.098928571429,8.51));
#365 = VECTOR('',#366,1.);
#366 = DIRECTION('',(1.,0.,0.));
#367 = PCURVE('',#141,#368);
#368 = DEFINITIONAL_REPRESENTATION('',(#369),#373);
#369 = LINE('',#370,#371);
#370 = CARTESIAN_POINT('',(20.575,0.106071428571));
#371 = VECTOR('',#372,1.);
#372 = DIRECTION('',(1.,0.));
#373 = ( GEOMETRIC_REPRESENTATION_CONTEXT(2) 
PARAMETRIC_REPRESENTATION_CONTEXT() REPRESENTATION_CONTEXT('2D SPACE',''
  ) );
#374 = PCURVE('',#375,#380);
#375 = PLANE('',#376);
#376 = AXIS2_PLACEMENT_3D('',#377,#378,#379);
#377 = CARTESIAN_POINT('',(0.,-1.098928571429,7.632451582856));
#378 = DIRECTION('',(0.,1.,-2.622574073918E-16));
#379 = DIRECTION('',(0.,2.622574073918E-16,1.));
#380 = DEFINITIONAL_REPRESENTATION('',(#381),#385);
#381 = LINE('',#382,#383);
#382 = CARTESIAN_POINT('',(0.877548417144,-1.27));
#383 = VECTOR('',#384,1.);
#384 = DIRECTION('',(0.,1.));
#385 = ( GEOMETRIC_REPRESENTATION_CONTEXT(2) 
PARAMETRIC_REPRESENTATION_CONTEXT() REPRESENTATION_CONTEXT('2D SPACE',''
  ) );
#386 = ORIENTED_EDGE('',*,*,#387,.F.);
#387 = EDGE_CURVE('',#260,#360,#388,.T.);
#388 = SURFACE_CURVE('',#389,(#393,#400),.PCURVE_S1.);
#389 = LINE('',#390,#391);
#390 = CARTESIAN_POINT('',(1.27,-1.205,8.51));
#391 = VECTOR('',#392,1.);
#392 = DIRECTION('',(0.,1.,-2.22044604925E-16));
#393 = PCURVE('',#141,#394);
#394 = DEFINITIONAL_REPRESENTATION('',(#395),#399);
#395 = LINE('',#396,#397);
#396 = CARTESIAN_POINT('',(23.115,1.998401444325E-15));
#397 = VECTOR('',#398,1.);
#398 = DIRECTION('',(0.,1.));
#399 = ( GEOMETRIC_REPRESENTATION_CONTEXT(2) 
PARAMETRIC_REPRESENTATION_CONTEXT() REPRESENTATION_CONTEXT('2D SPACE',''
  ) );
#400 = PCURVE('',#275,#401);
#401 = DEFINITIONAL_REPRESENTATION('',(#402),#406);
#402 = LINE('',#403,#404);
#403 = CARTESIAN_POINT('',(-2.160834595861E-32,-1.088018564133E-16));
#404 = VECTOR('',#405,1.);
#405 = DIRECTION('',(0.,-1.));
#406 = ( GEOMETRIC_REPRESENTATION_CONTEXT(2) 
PARAMETRIC_REPRESENTATION_CONTEXT() REPRESENTATION_CONTEXT('2D SPACE',''
  ) );
#407 = ORIENTED_EDGE('',*,*,#287,.T.);
#408 = ORIENTED_EDGE('',*,*,#409,.T.);
#409 = EDGE_CURVE('',#159,#312,#410,.T.);
#410 = SURFACE_CURVE('',#411,(#415,#422),.PCURVE_S1.);
#411 = LINE('',#412,#413);
#412 = CARTESIAN_POINT('',(1.525,-1.205,8.51));
#413 = VECTOR('',#414,1.);
#414 = DIRECTION('',(0.,1.,0.));
#415 = PCURVE('',#141,#416);
#416 = DEFINITIONAL_REPRESENTATION('',(#417),#421);
#417 = LINE('',#418,#419);
#418 = CARTESIAN_POINT('',(23.37,0.));
#419 = VECTOR('',#420,1.);
#420 = DIRECTION('',(0.,1.));
#421 = ( GEOMETRIC_REPRESENTATION_CONTEXT(2) 
PARAMETRIC_REPRESENTATION_CONTEXT() REPRESENTATION_CONTEXT('2D SPACE',''
  ) );
#422 = PCURVE('',#174,#423);
#423 = DEFINITIONAL_REPRESENTATION('',(#424),#428);
#424 = LINE('',#425,#426);
#425 = CARTESIAN_POINT('',(8.51,0.));
#426 = VECTOR('',#427,1.);
#427 = DIRECTION('',(0.,-1.));
#428 = ( GEOMETRIC_REPRESENTATION_CONTEXT(2) 
PARAMETRIC_REPRESENTATION_CONTEXT() REPRESENTATION_CONTEXT('2D SPACE',''
  ) );
#429 = FACE_BOUND('',#430,.T.);
#430 = EDGE_LOOP('',(#431,#461,#489,#517));
#431 = ORIENTED_EDGE('',*,*,#432,.F.);
#432 = EDGE_CURVE('',#433,#435,#437,.T.);
#433 = VERTEX_POINT('',#434);
#434 = CARTESIAN_POINT('',(-0.79,1.75,8.51));
#435 = VERTEX_POINT('',#436);
#436 = CARTESIAN_POINT('',(0.79,1.75,8.51));
#437 = SURFACE_CURVE('',#438,(#442,#449),.PCURVE_S1.);
#438 = LINE('',#439,#440);
#439 = CARTESIAN_POINT('',(-0.79,1.75,8.51));
#440 = VECTOR('',#441,1.);
#441 = DIRECTION('',(1.,0.,0.));
#442 = PCURVE('',#141,#443);
#443 = DEFINITIONAL_REPRESENTATION('',(#444),#448);
#444 = LINE('',#445,#446);
#445 = CARTESIAN_POINT('',(21.055,2.955));
#446 = VECTOR('',#447,1.);
#447 = DIRECTION('',(1.,0.));
#448 = ( GEOMETRIC_REPRESENTATION_CONTEXT(2) 
PARAMETRIC_REPRESENTATION_CONTEXT() REPRESENTATION_CONTEXT('2D SPACE',''
  ) );
#449 = PCURVE('',#450,#455);
#450 = PLANE('',#451);
#451 = AXIS2_PLACEMENT_3D('',#452,#453,#454);
#452 = CARTESIAN_POINT('',(-0.79,1.9475,8.3125));
#453 = DIRECTION('',(0.,-0.707106781187,-0.707106781187));
#454 = DIRECTION('',(-1.,-0.,-0.));
#455 = DEFINITIONAL_REPRESENTATION('',(#456),#460);
#456 = LINE('',#457,#458);
#457 = CARTESIAN_POINT('',(-0.,-0.279307178569));
#458 = VECTOR('',#459,1.);
#459 = DIRECTION('',(-1.,0.));
#460 = ( GEOMETRIC_REPRESENTATION_CONTEXT(2) 
PARAMETRIC_REPRESENTATION_CONTEXT() REPRESENTATION_CONTEXT('2D SPACE',''
  ) );
#461 = ORIENTED_EDGE('',*,*,#462,.T.);
#462 = EDGE_CURVE('',#433,#463,#465,.T.);
#463 = VERTEX_POINT('',#464);
#464 = CARTESIAN_POINT('',(-0.79,3.33,8.51));
#465 = SURFACE_CURVE('',#466,(#470,#477),.PCURVE_S1.);
#466 = LINE('',#467,#468);
#467 = CARTESIAN_POINT('',(-0.79,1.75,8.51));
#468 = VECTOR('',#469,1.);
#469 = DIRECTION('',(0.,1.,0.));
#470 = PCURVE('',#141,#471);
#471 = DEFINITIONAL_REPRESENTATION('',(#472),#476);
#472 = LINE('',#473,#474);
#473 = CARTESIAN_POINT('',(21.055,2.955));
#474 = VECTOR('',#475,1.);
#475 = DIRECTION('',(0.,1.));
#476 = ( GEOMETRIC_REPRESENTATION_CONTEXT(2) 
PARAMETRIC_REPRESENTATION_CONTEXT() REPRESENTATION_CONTEXT('2D SPACE',''
  ) );
#477 = PCURVE('',#478,#483);
#478 = PLANE('',#479);
#479 = AXIS2_PLACEMENT_3D('',#480,#481,#482);
#480 = CARTESIAN_POINT('',(-0.5925,1.75,8.3125));
#481 = DIRECTION('',(-0.707106781187,0.,-0.707106781187));
#482 = DIRECTION('',(0.,1.,0.));
#483 = DEFINITIONAL_REPRESENTATION('',(#484),#488);
#484 = LINE('',#485,#486);
#485 = CARTESIAN_POINT('',(0.,-0.279307178569));
#486 = VECTOR('',#487,1.);
#487 = DIRECTION('',(1.,0.));
#488 = ( GEOMETRIC_REPRESENTATION_CONTEXT(2) 
PARAMETRIC_REPRESENTATION_CONTEXT() REPRESENTATION_CONTEXT('2D SPACE',''
  ) );
#489 = ORIENTED_EDGE('',*,*,#490,.T.);
#490 = EDGE_CURVE('',#463,#491,#493,.T.);
#491 = VERTEX_POINT('',#492);
#492 = CARTESIAN_POINT('',(0.79,3.33,8.51));
#493 = SURFACE_CURVE('',#494,(#498,#505),.PCURVE_S1.);
#494 = LINE('',#495,#496);
#495 = CARTESIAN_POINT('',(-0.79,3.33,8.51));
#496 = VECTOR('',#497,1.);
#497 = DIRECTION('',(1.,0.,0.));
#498 = PCURVE('',#141,#499);
#499 = DEFINITIONAL_REPRESENTATION('',(#500),#504);
#500 = LINE('',#501,#502);
#501 = CARTESIAN_POINT('',(21.055,4.535));
#502 = VECTOR('',#503,1.);
#503 = DIRECTION('',(1.,0.));
#504 = ( GEOMETRIC_REPRESENTATION_CONTEXT(2) 
PARAMETRIC_REPRESENTATION_CONTEXT() REPRESENTATION_CONTEXT('2D SPACE',''
  ) );
#505 = PCURVE('',#506,#511);
#506 = PLANE('',#507);
#507 = AXIS2_PLACEMENT_3D('',#508,#509,#510);
#508 = CARTESIAN_POINT('',(-0.79,3.1325,8.3125));
#509 = DIRECTION('',(0.,-0.707106781187,0.707106781187));
#510 = DIRECTION('',(-1.,-0.,-0.));
#511 = DEFINITIONAL_REPRESENTATION('',(#512),#516);
#512 = LINE('',#513,#514);
#513 = CARTESIAN_POINT('',(-0.,-0.279307178569));
#514 = VECTOR('',#515,1.);
#515 = DIRECTION('',(-1.,0.));
#516 = ( GEOMETRIC_REPRESENTATION_CONTEXT(2) 
PARAMETRIC_REPRESENTATION_CONTEXT() REPRESENTATION_CONTEXT('2D SPACE',''
  ) );
#517 = ORIENTED_EDGE('',*,*,#518,.F.);
#518 = EDGE_CURVE('',#435,#491,#519,.T.);
#519 = SURFACE_CURVE('',#520,(#524,#531),.PCURVE_S1.);
#520 = LINE('',#521,#522);
#521 = CARTESIAN_POINT('',(0.79,1.75,8.51));
#522 = VECTOR('',#523,1.);
#523 = DIRECTION('',(0.,1.,0.));
#524 = PCURVE('',#141,#525);
#525 = DEFINITIONAL_REPRESENTATION('',(#526),#530);
#526 = LINE('',#527,#528);
#527 = CARTESIAN_POINT('',(22.635,2.955));
#528 = VECTOR('',#529,1.);
#529 = DIRECTION('',(0.,1.));
#530 = ( GEOMETRIC_REPRESENTATION_CONTEXT(2) 
PARAMETRIC_REPRESENTATION_CONTEXT() REPRESENTATION_CONTEXT('2D SPACE',''
  ) );
#531 = PCURVE('',#532,#537);
#532 = PLANE('',#533);
#533 = AXIS2_PLACEMENT_3D('',#534,#535,#536);
#534 = CARTESIAN_POINT('',(0.5925,1.75,8.3125));
#535 = DIRECTION('',(-0.707106781187,0.,0.707106781187));
#536 = DIRECTION('',(0.,1.,0.));
#537 = DEFINITIONAL_REPRESENTATION('',(#538),#542);
#538 = LINE('',#539,#540);
#539 = CARTESIAN_POINT('',(0.,-0.279307178569));
#540 = VECTOR('',#541,1.);
#541 = DIRECTION('',(1.,0.));
#542 = ( GEOMETRIC_REPRESENTATION_CONTEXT(2) 
PARAMETRIC_REPRESENTATION_CONTEXT() REPRESENTATION_CONTEXT('2D SPACE',''
  ) );
#543 = FACE_BOUND('',#544,.T.);
#544 = EDGE_LOOP('',(#545,#575,#603,#631));
#545 = ORIENTED_EDGE('',*,*,#546,.F.);
#546 = EDGE_CURVE('',#547,#549,#551,.T.);
#547 = VERTEX_POINT('',#548);
#548 = CARTESIAN_POINT('',(-3.33,1.75,8.51));
#549 = VERTEX_POINT('',#550);
#550 = CARTESIAN_POINT('',(-1.75,1.75,8.51));
#551 = SURFACE_CURVE('',#552,(#556,#563),.PCURVE_S1.);
#552 = LINE('',#553,#554);
#553 = CARTESIAN_POINT('',(-3.33,1.75,8.51));
#554 = VECTOR('',#555,1.);
#555 = DIRECTION('',(1.,0.,0.));
#556 = PCURVE('',#141,#557);
#557 = DEFINITIONAL_REPRESENTATION('',(#558),#562);
#558 = LINE('',#559,#560);
#559 = CARTESIAN_POINT('',(18.515,2.955));
#560 = VECTOR('',#561,1.);
#561 = DIRECTION('',(1.,0.));
#562 = ( GEOMETRIC_REPRESENTATION_CONTEXT(2) 
PARAMETRIC_REPRESENTATION_CONTEXT() REPRESENTATION_CONTEXT('2D SPACE',''
  ) );
#563 = PCURVE('',#564,#569);
#564 = PLANE('',#565);
#565 = AXIS2_PLACEMENT_3D('',#566,#567,#568);
#566 = CARTESIAN_POINT('',(-3.33,1.9475,8.3125));
#567 = DIRECTION('',(0.,-0.707106781187,-0.707106781187));
#568 = DIRECTION('',(-1.,-0.,-0.));
#569 = DEFINITIONAL_REPRESENTATION('',(#570),#574);
#570 = LINE('',#571,#572);
#571 = CARTESIAN_POINT('',(-0.,-0.279307178569));
#572 = VECTOR('',#573,1.);
#573 = DIRECTION('',(-1.,0.));
#574 = ( GEOMETRIC_REPRESENTATION_CONTEXT(2) 
PARAMETRIC_REPRESENTATION_CONTEXT() REPRESENTATION_CONTEXT('2D SPACE',''
  ) );
#575 = ORIENTED_EDGE('',*,*,#576,.T.);
#576 = EDGE_CURVE('',#547,#577,#579,.T.);
#577 = VERTEX_POINT('',#578);
#578 = CARTESIAN_POINT('',(-3.33,3.33,8.51));
#579 = SURFACE_CURVE('',#580,(#584,#591),.PCURVE_S1.);
#580 = LINE('',#581,#582);
#581 = CARTESIAN_POINT('',(-3.33,1.75,8.51));
#582 = VECTOR('',#583,1.);
#583 = DIRECTION('',(0.,1.,0.));
#584 = PCURVE('',#141,#585);
#585 = DEFINITIONAL_REPRESENTATION('',(#586),#590);
#586 = LINE('',#587,#588);
#587 = CARTESIAN_POINT('',(18.515,2.955));
#588 = VECTOR('',#589,1.);
#589 = DIRECTION('',(0.,1.));
#590 = ( GEOMETRIC_REPRESENTATION_CONTEXT(2) 
PARAMETRIC_REPRESENTATION_CONTEXT() REPRESENTATION_CONTEXT('2D SPACE',''
  ) );
#591 = PCURVE('',#592,#597);
#592 = PLANE('',#593);
#593 = AXIS2_PLACEMENT_3D('',#594,#595,#596);
#594 = CARTESIAN_POINT('',(-3.1325,1.75,8.3125));
#595 = DIRECTION('',(-0.707106781187,0.,-0.707106781187));
#596 = DIRECTION('',(0.,1.,0.));
#597 = DEFINITIONAL_REPRESENTATION('',(#598),#602);
#598 = LINE('',#599,#600);
#599 = CARTESIAN_POINT('',(0.,-0.279307178569));
#600 = VECTOR('',#601,1.);
#601 = DIRECTION('',(1.,0.));
#602 = ( GEOMETRIC_REPRESENTATION_CONTEXT(2) 
PARAMETRIC_REPRESENTATION_CONTEXT() REPRESENTATION_CONTEXT('2D SPACE',''
  ) );
#603 = ORIENTED_EDGE('',*,*,#604,.T.);
#604 = EDGE_CURVE('',#577,#605,#607,.T.);
#605 = VERTEX_POINT('',#606);
#606 = CARTESIAN_POINT('',(-1.75,3.33,8.51));
#607 = SURFACE_CURVE('',#608,(#612,#619),.PCURVE_S1.);
#608 = LINE('',#609,#610);
#609 = CARTESIAN_POINT('',(-3.33,3.33,8.51));
#610 = VECTOR('',#611,1.);
#611 = DIRECTION('',(1.,0.,0.));
#612 = PCURVE('',#141,#613);
#613 = DEFINITIONAL_REPRESENTATION('',(#614),#618);
#614 = LINE('',#615,#616);
#615 = CARTESIAN_POINT('',(18.515,4.535));
#616 = VECTOR('',#617,1.);
#617 = DIRECTION('',(1.,0.));
#618 = ( GEOMETRIC_REPRESENTATION_CONTEXT(2) 
PARAMETRIC_REPRESENTATION_CONTEXT() REPRESENTATION_CONTEXT('2D SPACE',''
  ) );
#619 = PCURVE('',#620,#625);
#620 = PLANE('',#621);
#621 = AXIS2_PLACEMENT_3D('',#622,#623,#624);
#622 = CARTESIAN_POINT('',(-3.33,3.1325,8.3125));
#623 = DIRECTION('',(0.,-0.707106781187,0.707106781187));
#624 = DIRECTION('',(-1.,-0.,-0.));
#625 = DEFINITIONAL_REPRESENTATION('',(#626),#630);
#626 = LINE('',#627,#628);
#627 = CARTESIAN_POINT('',(-0.,-0.279307178569));
#628 = VECTOR('',#629,1.);
#629 = DIRECTION('',(-1.,0.));
#630 = ( GEOMETRIC_REPRESENTATION_CONTEXT(2) 
PARAMETRIC_REPRESENTATION_CONTEXT() REPRESENTATION_CONTEXT('2D SPACE',''
  ) );
#631 = ORIENTED_EDGE('',*,*,#632,.F.);
#632 = EDGE_CURVE('',#549,#605,#633,.T.);
#633 = SURFACE_CURVE('',#634,(#638,#645),.PCURVE_S1.);
#634 = LINE('',#635,#636);
#635 = CARTESIAN_POINT('',(-1.75,1.75,8.51));
#636 = VECTOR('',#637,1.);
#637 = DIRECTION('',(0.,1.,0.));
#638 = PCURVE('',#141,#639);
#639 = DEFINITIONAL_REPRESENTATION('',(#640),#644);
#640 = LINE('',#641,#642);
#641 = CARTESIAN_POINT('',(20.095,2.955));
#642 = VECTOR('',#643,1.);
#643 = DIRECTION('',(0.,1.));
#644 = ( GEOMETRIC_REPRESENTATION_CONTEXT(2) 
PARAMETRIC_REPRESENTATION_CONTEXT() REPRESENTATION_CONTEXT('2D SPACE',''
  ) );
#645 = PCURVE('',#646,#651);
#646 = PLANE('',#647);
#647 = AXIS2_PLACEMENT_3D('',#648,#649,#650);
#648 = CARTESIAN_POINT('',(-1.9475,1.75,8.3125));
#649 = DIRECTION('',(-0.707106781187,0.,0.707106781187));
#650 = DIRECTION('',(0.,1.,0.));
#651 = DEFINITIONAL_REPRESENTATION('',(#652),#656);
#652 = LINE('',#653,#654);
#653 = CARTESIAN_POINT('',(0.,-0.279307178569));
#654 = VECTOR('',#655,1.);
#655 = DIRECTION('',(1.,0.));
#656 = ( GEOMETRIC_REPRESENTATION_CONTEXT(2) 
PARAMETRIC_REPRESENTATION_CONTEXT() REPRESENTATION_CONTEXT('2D SPACE',''
  ) );
#657 = FACE_BOUND('',#658,.T.);
#658 = EDGE_LOOP('',(#659,#689,#717,#745));
#659 = ORIENTED_EDGE('',*,*,#660,.F.);
#660 = EDGE_CURVE('',#661,#663,#665,.T.);
#661 = VERTEX_POINT('',#662);
#662 = CARTESIAN_POINT('',(-4.29,1.75,8.51));
#663 = VERTEX_POINT('',#664);
#664 = CARTESIAN_POINT('',(-4.29,3.33,8.51));
#665 = SURFACE_CURVE('',#666,(#670,#677),.PCURVE_S1.);
#666 = LINE('',#667,#668);
#667 = CARTESIAN_POINT('',(-4.29,1.75,8.51));
#668 = VECTOR('',#669,1.);
#669 = DIRECTION('',(0.,1.,0.));
#670 = PCURVE('',#141,#671);
#671 = DEFINITIONAL_REPRESENTATION('',(#672),#676);
#672 = LINE('',#673,#674);
#673 = CARTESIAN_POINT('',(17.555,2.955));
#674 = VECTOR('',#675,1.);
#675 = DIRECTION('',(0.,1.));
#676 = ( GEOMETRIC_REPRESENTATION_CONTEXT(2) 
PARAMETRIC_REPRESENTATION_CONTEXT() REPRESENTATION_CONTEXT('2D SPACE',''
  ) );
#677 = PCURVE('',#678,#683);
#678 = PLANE('',#679);
#679 = AXIS2_PLACEMENT_3D('',#680,#681,#682);
#680 = CARTESIAN_POINT('',(-4.4875,1.75,8.3125));
#681 = DIRECTION('',(-0.707106781187,0.,0.707106781187));
#682 = DIRECTION('',(0.,1.,0.));
#683 = DEFINITIONAL_REPRESENTATION('',(#684),#688);
#684 = LINE('',#685,#686);
#685 = CARTESIAN_POINT('',(0.,-0.279307178569));
#686 = VECTOR('',#687,1.);
#687 = DIRECTION('',(1.,0.));
#688 = ( GEOMETRIC_REPRESENTATION_CONTEXT(2) 
PARAMETRIC_REPRESENTATION_CONTEXT() REPRESENTATION_CONTEXT('2D SPACE',''
  ) );
#689 = ORIENTED_EDGE('',*,*,#690,.F.);
#690 = EDGE_CURVE('',#691,#661,#693,.T.);
#691 = VERTEX_POINT('',#692);
#692 = CARTESIAN_POINT('',(-5.87,1.75,8.51));
#693 = SURFACE_CURVE('',#694,(#698,#705),.PCURVE_S1.);
#694 = LINE('',#695,#696);
#695 = CARTESIAN_POINT('',(-5.87,1.75,8.51));
#696 = VECTOR('',#697,1.);
#697 = DIRECTION('',(1.,0.,0.));
#698 = PCURVE('',#141,#699);
#699 = DEFINITIONAL_REPRESENTATION('',(#700),#704);
#700 = LINE('',#701,#702);
#701 = CARTESIAN_POINT('',(15.975,2.955));
#702 = VECTOR('',#703,1.);
#703 = DIRECTION('',(1.,0.));
#704 = ( GEOMETRIC_REPRESENTATION_CONTEXT(2) 
PARAMETRIC_REPRESENTATION_CONTEXT() REPRESENTATION_CONTEXT('2D SPACE',''
  ) );
#705 = PCURVE('',#706,#711);
#706 = PLANE('',#707);
#707 = AXIS2_PLACEMENT_3D('',#708,#709,#710);
#708 = CARTESIAN_POINT('',(-5.87,1.9475,8.3125));
#709 = DIRECTION('',(0.,-0.707106781187,-0.707106781187));
#710 = DIRECTION('',(-1.,-0.,-0.));
#711 = DEFINITIONAL_REPRESENTATION('',(#712),#716);
#712 = LINE('',#713,#714);
#713 = CARTESIAN_POINT('',(-0.,-0.279307178569));
#714 = VECTOR('',#715,1.);
#715 = DIRECTION('',(-1.,0.));
#716 = ( GEOMETRIC_REPRESENTATION_CONTEXT(2) 
PARAMETRIC_REPRESENTATION_CONTEXT() REPRESENTATION_CONTEXT('2D SPACE',''
  ) );
#717 = ORIENTED_EDGE('',*,*,#718,.T.);
#718 = EDGE_CURVE('',#691,#719,#721,.T.);
#719 = VERTEX_POINT('',#720);
#720 = CARTESIAN_POINT('',(-5.87,3.33,8.51));
#721 = SURFACE_CURVE('',#722,(#726,#733),.PCURVE_S1.);
#722 = LINE('',#723,#724);
#723 = CARTESIAN_POINT('',(-5.87,1.75,8.51));
#724 = VECTOR('',#725,1.);
#725 = DIRECTION('',(0.,1.,0.));
#726 = PCURVE('',#141,#727);
#727 = DEFINITIONAL_REPRESENTATION('',(#728),#732);
#728 = LINE('',#729,#730);
#729 = CARTESIAN_POINT('',(15.975,2.955));
#730 = VECTOR('',#731,1.);
#731 = DIRECTION('',(0.,1.));
#732 = ( GEOMETRIC_REPRESENTATION_CONTEXT(2) 
PARAMETRIC_REPRESENTATION_CONTEXT() REPRESENTATION_CONTEXT('2D SPACE',''
  ) );
#733 = PCURVE('',#734,#739);
#734 = PLANE('',#735);
#735 = AXIS2_PLACEMENT_3D('',#736,#737,#738);
#736 = CARTESIAN_POINT('',(-5.6725,1.75,8.3125));
#737 = DIRECTION('',(-0.707106781187,0.,-0.707106781187));
#738 = DIRECTION('',(0.,1.,0.));
#739 = DEFINITIONAL_REPRESENTATION('',(#740),#744);
#740 = LINE('',#741,#742);
#741 = CARTESIAN_POINT('',(0.,-0.279307178569));
#742 = VECTOR('',#743,1.);
#743 = DIRECTION('',(1.,0.));
#744 = ( GEOMETRIC_REPRESENTATION_CONTEXT(2) 
PARAMETRIC_REPRESENTATION_CONTEXT() REPRESENTATION_CONTEXT('2D SPACE',''
  ) );
#745 = ORIENTED_EDGE('',*,*,#746,.T.);
#746 = EDGE_CURVE('',#719,#663,#747,.T.);
#747 = SURFACE_CURVE('',#748,(#752,#759),.PCURVE_S1.);
#748 = LINE('',#749,#750);
#749 = CARTESIAN_POINT('',(-5.87,3.33,8.51));
#750 = VECTOR('',#751,1.);
#751 = DIRECTION('',(1.,0.,0.));
#752 = PCURVE('',#141,#753);
#753 = DEFINITIONAL_REPRESENTATION('',(#754),#758);
#754 = LINE('',#755,#756);
#755 = CARTESIAN_POINT('',(15.975,4.535));
#756 = VECTOR('',#757,1.);
#757 = DIRECTION('',(1.,0.));
#758 = ( GEOMETRIC_REPRESENTATION_CONTEXT(2) 
PARAMETRIC_REPRESENTATION_CONTEXT() REPRESENTATION_CONTEXT('2D SPACE',''
  ) );
#759 = PCURVE('',#760,#765);
#760 = PLANE('',#761);
#761 = AXIS2_PLACEMENT_3D('',#762,#763,#764);
#762 = CARTESIAN_POINT('',(-5.87,3.1325,8.3125));
#763 = DIRECTION('',(0.,-0.707106781187,0.707106781187));
#764 = DIRECTION('',(-1.,-0.,-0.));
#765 = DEFINITIONAL_REPRESENTATION('',(#766),#770);
#766 = LINE('',#767,#768);
#767 = CARTESIAN_POINT('',(-0.,-0.279307178569));
#768 = VECTOR('',#769,1.);
#769 = DIRECTION('',(-1.,0.));
#770 = ( GEOMETRIC_REPRESENTATION_CONTEXT(2) 
PARAMETRIC_REPRESENTATION_CONTEXT() REPRESENTATION_CONTEXT('2D SPACE',''
  ) );
#771 = FACE_BOUND('',#772,.T.);
#772 = EDGE_LOOP('',(#773,#803,#831,#859));
#773 = ORIENTED_EDGE('',*,*,#774,.F.);
#774 = EDGE_CURVE('',#775,#777,#779,.T.);
#775 = VERTEX_POINT('',#776);
#776 = CARTESIAN_POINT('',(-6.83,1.75,8.51));
#777 = VERTEX_POINT('',#778);
#778 = CARTESIAN_POINT('',(-6.83,3.33,8.51));
#779 = SURFACE_CURVE('',#780,(#784,#791),.PCURVE_S1.);
#780 = LINE('',#781,#782);
#781 = CARTESIAN_POINT('',(-6.83,1.75,8.51));
#782 = VECTOR('',#783,1.);
#783 = DIRECTION('',(0.,1.,0.));
#784 = PCURVE('',#141,#785);
#785 = DEFINITIONAL_REPRESENTATION('',(#786),#790);
#786 = LINE('',#787,#788);
#787 = CARTESIAN_POINT('',(15.015,2.955));
#788 = VECTOR('',#789,1.);
#789 = DIRECTION('',(0.,1.));
#790 = ( GEOMETRIC_REPRESENTATION_CONTEXT(2) 
PARAMETRIC_REPRESENTATION_CONTEXT() REPRESENTATION_CONTEXT('2D SPACE',''
  ) );
#791 = PCURVE('',#792,#797);
#792 = PLANE('',#793);
#793 = AXIS2_PLACEMENT_3D('',#794,#795,#796);
#794 = CARTESIAN_POINT('',(-7.0275,1.75,8.3125));
#795 = DIRECTION('',(-0.707106781187,0.,0.707106781187));
#796 = DIRECTION('',(0.,1.,0.));
#797 = DEFINITIONAL_REPRESENTATION('',(#798),#802);
#798 = LINE('',#799,#800);
#799 = CARTESIAN_POINT('',(0.,-0.279307178569));
#800 = VECTOR('',#801,1.);
#801 = DIRECTION('',(1.,0.));
#802 = ( GEOMETRIC_REPRESENTATION_CONTEXT(2) 
PARAMETRIC_REPRESENTATION_CONTEXT() REPRESENTATION_CONTEXT('2D SPACE',''
  ) );
#803 = ORIENTED_EDGE('',*,*,#804,.F.);
#804 = EDGE_CURVE('',#805,#775,#807,.T.);
#805 = VERTEX_POINT('',#806);
#806 = CARTESIAN_POINT('',(-8.41,1.75,8.51));
#807 = SURFACE_CURVE('',#808,(#812,#819),.PCURVE_S1.);
#808 = LINE('',#809,#810);
#809 = CARTESIAN_POINT('',(-8.41,1.75,8.51));
#810 = VECTOR('',#811,1.);
#811 = DIRECTION('',(1.,0.,0.));
#812 = PCURVE('',#141,#813);
#813 = DEFINITIONAL_REPRESENTATION('',(#814),#818);
#814 = LINE('',#815,#816);
#815 = CARTESIAN_POINT('',(13.435,2.955));
#816 = VECTOR('',#817,1.);
#817 = DIRECTION('',(1.,0.));
#818 = ( GEOMETRIC_REPRESENTATION_CONTEXT(2) 
PARAMETRIC_REPRESENTATION_CONTEXT() REPRESENTATION_CONTEXT('2D SPACE',''
  ) );
#819 = PCURVE('',#820,#825);
#820 = PLANE('',#821);
#821 = AXIS2_PLACEMENT_3D('',#822,#823,#824);
#822 = CARTESIAN_POINT('',(-8.41,1.9475,8.3125));
#823 = DIRECTION('',(0.,-0.707106781187,-0.707106781187));
#824 = DIRECTION('',(-1.,-0.,-0.));
#825 = DEFINITIONAL_REPRESENTATION('',(#826),#830);
#826 = LINE('',#827,#828);
#827 = CARTESIAN_POINT('',(-0.,-0.279307178569));
#828 = VECTOR('',#829,1.);
#829 = DIRECTION('',(-1.,0.));
#830 = ( GEOMETRIC_REPRESENTATION_CONTEXT(2) 
PARAMETRIC_REPRESENTATION_CONTEXT() REPRESENTATION_CONTEXT('2D SPACE',''
  ) );
#831 = ORIENTED_EDGE('',*,*,#832,.T.);
#832 = EDGE_CURVE('',#805,#833,#835,.T.);
#833 = VERTEX_POINT('',#834);
#834 = CARTESIAN_POINT('',(-8.41,3.33,8.51));
#835 = SURFACE_CURVE('',#836,(#840,#847),.PCURVE_S1.);
#836 = LINE('',#837,#838);
#837 = CARTESIAN_POINT('',(-8.41,1.75,8.51));
#838 = VECTOR('',#839,1.);
#839 = DIRECTION('',(0.,1.,0.));
#840 = PCURVE('',#141,#841);
#841 = DEFINITIONAL_REPRESENTATION('',(#842),#846);
#842 = LINE('',#843,#844);
#843 = CARTESIAN_POINT('',(13.435,2.955));
#844 = VECTOR('',#845,1.);
#845 = DIRECTION('',(0.,1.));
#846 = ( GEOMETRIC_REPRESENTATION_CONTEXT(2) 
PARAMETRIC_REPRESENTATION_CONTEXT() REPRESENTATION_CONTEXT('2D SPACE',''
  ) );
#847 = PCURVE('',#848,#853);
#848 = PLANE('',#849);
#849 = AXIS2_PLACEMENT_3D('',#850,#851,#852);
#850 = CARTESIAN_POINT('',(-8.2125,1.75,8.3125));
#851 = DIRECTION('',(-0.707106781187,0.,-0.707106781187));
#852 = DIRECTION('',(0.,1.,0.));
#853 = DEFINITIONAL_REPRESENTATION('',(#854),#858);
#854 = LINE('',#855,#856);
#855 = CARTESIAN_POINT('',(0.,-0.279307178569));
#856 = VECTOR('',#857,1.);
#857 = DIRECTION('',(1.,0.));
#858 = ( GEOMETRIC_REPRESENTATION_CONTEXT(2) 
PARAMETRIC_REPRESENTATION_CONTEXT() REPRESENTATION_CONTEXT('2D SPACE',''
  ) );
#859 = ORIENTED_EDGE('',*,*,#860,.T.);
#860 = EDGE_CURVE('',#833,#777,#861,.T.);
#861 = SURFACE_CURVE('',#862,(#866,#873),.PCURVE_S1.);
#862 = LINE('',#863,#864);
#863 = CARTESIAN_POINT('',(-8.41,3.33,8.51));
#864 = VECTOR('',#865,1.);
#865 = DIRECTION('',(1.,0.,0.));
#866 = PCURVE('',#141,#867);
#867 = DEFINITIONAL_REPRESENTATION('',(#868),#872);
#868 = LINE('',#869,#870);
#869 = CARTESIAN_POINT('',(13.435,4.535));
#870 = VECTOR('',#871,1.);
#871 = DIRECTION('',(1.,0.));
#872 = ( GEOMETRIC_REPRESENTATION_CONTEXT(2) 
PARAMETRIC_REPRESENTATION_CONTEXT() REPRESENTATION_CONTEXT('2D SPACE',''
  ) );
#873 = PCURVE('',#874,#879);
#874 = PLANE('',#875);
#875 = AXIS2_PLACEMENT_3D('',#876,#877,#878);
#876 = CARTESIAN_POINT('',(-8.41,3.1325,8.3125));
#877 = DIRECTION('',(0.,-0.707106781187,0.707106781187));
#878 = DIRECTION('',(-1.,-0.,-0.));
#879 = DEFINITIONAL_REPRESENTATION('',(#880),#884);
#880 = LINE('',#881,#882);
#881 = CARTESIAN_POINT('',(-0.,-0.279307178569));
#882 = VECTOR('',#883,1.);
#883 = DIRECTION('',(-1.,0.));
#884 = ( GEOMETRIC_REPRESENTATION_CONTEXT(2) 
PARAMETRIC_REPRESENTATION_CONTEXT() REPRESENTATION_CONTEXT('2D SPACE',''
  ) );
#885 = FACE_BOUND('',#886,.T.);
#886 = EDGE_LOOP('',(#887,#917,#945,#973));
#887 = ORIENTED_EDGE('',*,*,#888,.T.);
#888 = EDGE_CURVE('',#889,#891,#893,.T.);
#889 = VERTEX_POINT('',#890);
#890 = CARTESIAN_POINT('',(-10.95,1.75,8.51));
#891 = VERTEX_POINT('',#892);
#892 = CARTESIAN_POINT('',(-10.95,3.33,8.51));
#893 = SURFACE_CURVE('',#894,(#898,#905),.PCURVE_S1.);
#894 = LINE('',#895,#896);
#895 = CARTESIAN_POINT('',(-10.95,1.75,8.51));
#896 = VECTOR('',#897,1.);
#897 = DIRECTION('',(0.,1.,0.));
#898 = PCURVE('',#141,#899);
#899 = DEFINITIONAL_REPRESENTATION('',(#900),#904);
#900 = LINE('',#901,#902);
#901 = CARTESIAN_POINT('',(10.895,2.955));
#902 = VECTOR('',#903,1.);
#903 = DIRECTION('',(0.,1.));
#904 = ( GEOMETRIC_REPRESENTATION_CONTEXT(2) 
PARAMETRIC_REPRESENTATION_CONTEXT() REPRESENTATION_CONTEXT('2D SPACE',''
  ) );
#905 = PCURVE('',#906,#911);
#906 = PLANE('',#907);
#907 = AXIS2_PLACEMENT_3D('',#908,#909,#910);
#908 = CARTESIAN_POINT('',(-10.7525,1.75,8.3125));
#909 = DIRECTION('',(-0.707106781187,0.,-0.707106781187));
#910 = DIRECTION('',(0.,1.,0.));
#911 = DEFINITIONAL_REPRESENTATION('',(#912),#916);
#912 = LINE('',#913,#914);
#913 = CARTESIAN_POINT('',(0.,-0.279307178569));
#914 = VECTOR('',#915,1.);
#915 = DIRECTION('',(1.,0.));
#916 = ( GEOMETRIC_REPRESENTATION_CONTEXT(2) 
PARAMETRIC_REPRESENTATION_CONTEXT() REPRESENTATION_CONTEXT('2D SPACE',''
  ) );
#917 = ORIENTED_EDGE('',*,*,#918,.T.);
#918 = EDGE_CURVE('',#891,#919,#921,.T.);
#919 = VERTEX_POINT('',#920);
#920 = CARTESIAN_POINT('',(-9.37,3.33,8.51));
#921 = SURFACE_CURVE('',#922,(#926,#933),.PCURVE_S1.);
#922 = LINE('',#923,#924);
#923 = CARTESIAN_POINT('',(-10.95,3.33,8.51));
#924 = VECTOR('',#925,1.);
#925 = DIRECTION('',(1.,0.,0.));
#926 = PCURVE('',#141,#927);
#927 = DEFINITIONAL_REPRESENTATION('',(#928),#932);
#928 = LINE('',#929,#930);
#929 = CARTESIAN_POINT('',(10.895,4.535));
#930 = VECTOR('',#931,1.);
#931 = DIRECTION('',(1.,0.));
#932 = ( GEOMETRIC_REPRESENTATION_CONTEXT(2) 
PARAMETRIC_REPRESENTATION_CONTEXT() REPRESENTATION_CONTEXT('2D SPACE',''
  ) );
#933 = PCURVE('',#934,#939);
#934 = PLANE('',#935);
#935 = AXIS2_PLACEMENT_3D('',#936,#937,#938);
#936 = CARTESIAN_POINT('',(-10.95,3.1325,8.3125));
#937 = DIRECTION('',(0.,-0.707106781187,0.707106781187));
#938 = DIRECTION('',(-1.,-0.,-0.));
#939 = DEFINITIONAL_REPRESENTATION('',(#940),#944);
#940 = LINE('',#941,#942);
#941 = CARTESIAN_POINT('',(-0.,-0.279307178569));
#942 = VECTOR('',#943,1.);
#943 = DIRECTION('',(-1.,0.));
#944 = ( GEOMETRIC_REPRESENTATION_CONTEXT(2) 
PARAMETRIC_REPRESENTATION_CONTEXT() REPRESENTATION_CONTEXT('2D SPACE',''
  ) );
#945 = ORIENTED_EDGE('',*,*,#946,.F.);
#946 = EDGE_CURVE('',#947,#919,#949,.T.);
#947 = VERTEX_POINT('',#948);
#948 = CARTESIAN_POINT('',(-9.37,1.75,8.51));
#949 = SURFACE_CURVE('',#950,(#954,#961),.PCURVE_S1.);
#950 = LINE('',#951,#952);
#951 = CARTESIAN_POINT('',(-9.37,1.75,8.51));
#952 = VECTOR('',#953,1.);
#953 = DIRECTION('',(0.,1.,0.));
#954 = PCURVE('',#141,#955);
#955 = DEFINITIONAL_REPRESENTATION('',(#956),#960);
#956 = LINE('',#957,#958);
#957 = CARTESIAN_POINT('',(12.475,2.955));
#958 = VECTOR('',#959,1.);
#959 = DIRECTION('',(0.,1.));
#960 = ( GEOMETRIC_REPRESENTATION_CONTEXT(2) 
PARAMETRIC_REPRESENTATION_CONTEXT() REPRESENTATION_CONTEXT('2D SPACE',''
  ) );
#961 = PCURVE('',#962,#967);
#962 = PLANE('',#963);
#963 = AXIS2_PLACEMENT_3D('',#964,#965,#966);
#964 = CARTESIAN_POINT('',(-9.5675,1.75,8.3125));
#965 = DIRECTION('',(-0.707106781187,0.,0.707106781187));
#966 = DIRECTION('',(0.,1.,0.));
#967 = DEFINITIONAL_REPRESENTATION('',(#968),#972);
#968 = LINE('',#969,#970);
#969 = CARTESIAN_POINT('',(0.,-0.279307178569));
#970 = VECTOR('',#971,1.);
#971 = DIRECTION('',(1.,0.));
#972 = ( GEOMETRIC_REPRESENTATION_CONTEXT(2) 
PARAMETRIC_REPRESENTATION_CONTEXT() REPRESENTATION_CONTEXT('2D SPACE',''
  ) );
#973 = ORIENTED_EDGE('',*,*,#974,.F.);
#974 = EDGE_CURVE('',#889,#947,#975,.T.);
#975 = SURFACE_CURVE('',#976,(#980,#987),.PCURVE_S1.);
#976 = LINE('',#977,#978);
#977 = CARTESIAN_POINT('',(-10.95,1.75,8.51));
#978 = VECTOR('',#979,1.);
#979 = DIRECTION('',(1.,0.,0.));
#980 = PCURVE('',#141,#981);
#981 = DEFINITIONAL_REPRESENTATION('',(#982),#986);
#982 = LINE('',#983,#984);
#983 = CARTESIAN_POINT('',(10.895,2.955));
#984 = VECTOR('',#985,1.);
#985 = DIRECTION('',(1.,0.));
#986 = ( GEOMETRIC_REPRESENTATION_CONTEXT(2) 
PARAMETRIC_REPRESENTATION_CONTEXT() REPRESENTATION_CONTEXT('2D SPACE',''
  ) );
#987 = PCURVE('',#988,#993);
#988 = PLANE('',#989);
#989 = AXIS2_PLACEMENT_3D('',#990,#991,#992);
#990 = CARTESIAN_POINT('',(-10.95,1.9475,8.3125));
#991 = DIRECTION('',(0.,-0.707106781187,-0.707106781187));
#992 = DIRECTION('',(-1.,-0.,-0.));
#993 = DEFINITIONAL_REPRESENTATION('',(#994),#998);
#994 = LINE('',#995,#996);
#995 = CARTESIAN_POINT('',(-0.,-0.279307178569));
#996 = VECTOR('',#997,1.);
#997 = DIRECTION('',(-1.,0.));
#998 = ( GEOMETRIC_REPRESENTATION_CONTEXT(2) 
PARAMETRIC_REPRESENTATION_CONTEXT() REPRESENTATION_CONTEXT('2D SPACE',''
  ) );
#999 = FACE_BOUND('',#1000,.T.);
#1000 = EDGE_LOOP('',(#1001,#1031,#1059,#1087));
#1001 = ORIENTED_EDGE('',*,*,#1002,.T.);
#1002 = EDGE_CURVE('',#1003,#1005,#1007,.T.);
#1003 = VERTEX_POINT('',#1004);
#1004 = CARTESIAN_POINT('',(-21.11,1.75,8.51));
#1005 = VERTEX_POINT('',#1006);
#1006 = CARTESIAN_POINT('',(-21.11,3.33,8.51));
#1007 = SURFACE_CURVE('',#1008,(#1012,#1019),.PCURVE_S1.);
#1008 = LINE('',#1009,#1010);
#1009 = CARTESIAN_POINT('',(-21.11,1.75,8.51));
#1010 = VECTOR('',#1011,1.);
#1011 = DIRECTION('',(0.,1.,0.));
#1012 = PCURVE('',#141,#1013);
#1013 = DEFINITIONAL_REPRESENTATION('',(#1014),#1018);
#1014 = LINE('',#1015,#1016);
#1015 = CARTESIAN_POINT('',(0.735,2.955));
#1016 = VECTOR('',#1017,1.);
#1017 = DIRECTION('',(0.,1.));
#1018 = ( GEOMETRIC_REPRESENTATION_CONTEXT(2) 
PARAMETRIC_REPRESENTATION_CONTEXT() REPRESENTATION_CONTEXT('2D SPACE',''
  ) );
#1019 = PCURVE('',#1020,#1025);
#1020 = PLANE('',#1021);
#1021 = AXIS2_PLACEMENT_3D('',#1022,#1023,#1024);
#1022 = CARTESIAN_POINT('',(-20.9125,1.75,8.3125));
#1023 = DIRECTION('',(-0.707106781187,0.,-0.707106781187));
#1024 = DIRECTION('',(0.,1.,0.));
#1025 = DEFINITIONAL_REPRESENTATION('',(#1026),#1030);
#1026 = LINE('',#1027,#1028);
#1027 = CARTESIAN_POINT('',(0.,-0.279307178569));
#1028 = VECTOR('',#1029,1.);
#1029 = DIRECTION('',(1.,0.));
#1030 = ( GEOMETRIC_REPRESENTATION_CONTEXT(2) 
PARAMETRIC_REPRESENTATION_CONTEXT() REPRESENTATION_CONTEXT('2D SPACE',''
  ) );
#1031 = ORIENTED_EDGE('',*,*,#1032,.T.);
#1032 = EDGE_CURVE('',#1005,#1033,#1035,.T.);
#1033 = VERTEX_POINT('',#1034);
#1034 = CARTESIAN_POINT('',(-19.53,3.33,8.51));
#1035 = SURFACE_CURVE('',#1036,(#1040,#1047),.PCURVE_S1.);
#1036 = LINE('',#1037,#1038);
#1037 = CARTESIAN_POINT('',(-21.11,3.33,8.51));
#1038 = VECTOR('',#1039,1.);
#1039 = DIRECTION('',(1.,0.,0.));
#1040 = PCURVE('',#141,#1041);
#1041 = DEFINITIONAL_REPRESENTATION('',(#1042),#1046);
#1042 = LINE('',#1043,#1044);
#1043 = CARTESIAN_POINT('',(0.735,4.535));
#1044 = VECTOR('',#1045,1.);
#1045 = DIRECTION('',(1.,0.));
#1046 = ( GEOMETRIC_REPRESENTATION_CONTEXT(2) 
PARAMETRIC_REPRESENTATION_CONTEXT() REPRESENTATION_CONTEXT('2D SPACE',''
  ) );
#1047 = PCURVE('',#1048,#1053);
#1048 = PLANE('',#1049);
#1049 = AXIS2_PLACEMENT_3D('',#1050,#1051,#1052);
#1050 = CARTESIAN_POINT('',(-21.11,3.1325,8.3125));
#1051 = DIRECTION('',(0.,-0.707106781187,0.707106781187));
#1052 = DIRECTION('',(-1.,-0.,-0.));
#1053 = DEFINITIONAL_REPRESENTATION('',(#1054),#1058);
#1054 = LINE('',#1055,#1056);
#1055 = CARTESIAN_POINT('',(-0.,-0.279307178569));
#1056 = VECTOR('',#1057,1.);
#1057 = DIRECTION('',(-1.,0.));
#1058 = ( GEOMETRIC_REPRESENTATION_CONTEXT(2) 
PARAMETRIC_REPRESENTATION_CONTEXT() REPRESENTATION_CONTEXT('2D SPACE',''
  ) );
#1059 = ORIENTED_EDGE('',*,*,#1060,.F.);
#1060 = EDGE_CURVE('',#1061,#1033,#1063,.T.);
#1061 = VERTEX_POINT('',#1062);
#1062 = CARTESIAN_POINT('',(-19.53,1.75,8.51));
#1063 = SURFACE_CURVE('',#1064,(#1068,#1075),.PCURVE_S1.);
#1064 = LINE('',#1065,#1066);
#1065 = CARTESIAN_POINT('',(-19.53,1.75,8.51));
#1066 = VECTOR('',#1067,1.);
#1067 = DIRECTION('',(0.,1.,0.));
#1068 = PCURVE('',#141,#1069);
#1069 = DEFINITIONAL_REPRESENTATION('',(#1070),#1074);
#1070 = LINE('',#1071,#1072);
#1071 = CARTESIAN_POINT('',(2.315,2.955));
#1072 = VECTOR('',#1073,1.);
#1073 = DIRECTION('',(0.,1.));
#1074 = ( GEOMETRIC_REPRESENTATION_CONTEXT(2) 
PARAMETRIC_REPRESENTATION_CONTEXT() REPRESENTATION_CONTEXT('2D SPACE',''
  ) );
#1075 = PCURVE('',#1076,#1081);
#1076 = PLANE('',#1077);
#1077 = AXIS2_PLACEMENT_3D('',#1078,#1079,#1080);
#1078 = CARTESIAN_POINT('',(-19.7275,1.75,8.3125));
#1079 = DIRECTION('',(-0.707106781187,0.,0.707106781187));
#1080 = DIRECTION('',(0.,1.,0.));
#1081 = DEFINITIONAL_REPRESENTATION('',(#1082),#1086);
#1082 = LINE('',#1083,#1084);
#1083 = CARTESIAN_POINT('',(0.,-0.279307178569));
#1084 = VECTOR('',#1085,1.);
#1085 = DIRECTION('',(1.,0.));
#1086 = ( GEOMETRIC_REPRESENTATION_CONTEXT(2) 
PARAMETRIC_REPRESENTATION_CONTEXT() REPRESENTATION_CONTEXT('2D SPACE',''
  ) );
#1087 = ORIENTED_EDGE('',*,*,#1088,.F.);
#1088 = EDGE_CURVE('',#1003,#1061,#1089,.T.);
#1089 = SURFACE_CURVE('',#1090,(#1094,#1101),.PCURVE_S1.);
#1090 = LINE('',#1091,#1092);
#1091 = CARTESIAN_POINT('',(-21.11,1.75,8.51));
#1092 = VECTOR('',#1093,1.);
#1093 = DIRECTION('',(1.,0.,0.));
#1094 = PCURVE('',#141,#1095);
#1095 = DEFINITIONAL_REPRESENTATION('',(#1096),#1100);
#1096 = LINE('',#1097,#1098);
#1097 = CARTESIAN_POINT('',(0.735,2.955));
#1098 = VECTOR('',#1099,1.);
#1099 = DIRECTION('',(1.,0.));
#1100 = ( GEOMETRIC_REPRESENTATION_CONTEXT(2) 
PARAMETRIC_REPRESENTATION_CONTEXT() REPRESENTATION_CONTEXT('2D SPACE',''
  ) );
#1101 = PCURVE('',#1102,#1107);
#1102 = PLANE('',#1103);
#1103 = AXIS2_PLACEMENT_3D('',#1104,#1105,#1106);
#1104 = CARTESIAN_POINT('',(-21.11,1.9475,8.3125));
#1105 = DIRECTION('',(0.,-0.707106781187,-0.707106781187));
#1106 = DIRECTION('',(-1.,-0.,-0.));
#1107 = DEFINITIONAL_REPRESENTATION('',(#1108),#1112);
#1108 = LINE('',#1109,#1110);
#1109 = CARTESIAN_POINT('',(-0.,-0.279307178569));
#1110 = VECTOR('',#1111,1.);
#1111 = DIRECTION('',(-1.,0.));
#1112 = ( GEOMETRIC_REPRESENTATION_CONTEXT(2) 
PARAMETRIC_REPRESENTATION_CONTEXT() REPRESENTATION_CONTEXT('2D SPACE',''
  ) );
#1113 = FACE_BOUND('',#1114,.T.);
#1114 = EDGE_LOOP('',(#1115,#1145,#1173,#1201));
#1115 = ORIENTED_EDGE('',*,*,#1116,.F.);
#1116 = EDGE_CURVE('',#1117,#1119,#1121,.T.);
#1117 = VERTEX_POINT('',#1118);
#1118 = CARTESIAN_POINT('',(-18.57,1.75,8.51));
#1119 = VERTEX_POINT('',#1120);
#1120 = CARTESIAN_POINT('',(-16.99,1.75,8.51));
#1121 = SURFACE_CURVE('',#1122,(#1126,#1133),.PCURVE_S1.);
#1122 = LINE('',#1123,#1124);
#1123 = CARTESIAN_POINT('',(-18.57,1.75,8.51));
#1124 = VECTOR('',#1125,1.);
#1125 = DIRECTION('',(1.,0.,0.));
#1126 = PCURVE('',#141,#1127);
#1127 = DEFINITIONAL_REPRESENTATION('',(#1128),#1132);
#1128 = LINE('',#1129,#1130);
#1129 = CARTESIAN_POINT('',(3.275,2.955));
#1130 = VECTOR('',#1131,1.);
#1131 = DIRECTION('',(1.,0.));
#1132 = ( GEOMETRIC_REPRESENTATION_CONTEXT(2) 
PARAMETRIC_REPRESENTATION_CONTEXT() REPRESENTATION_CONTEXT('2D SPACE',''
  ) );
#1133 = PCURVE('',#1134,#1139);
#1134 = PLANE('',#1135);
#1135 = AXIS2_PLACEMENT_3D('',#1136,#1137,#1138);
#1136 = CARTESIAN_POINT('',(-18.57,1.9475,8.3125));
#1137 = DIRECTION('',(0.,-0.707106781187,-0.707106781187));
#1138 = DIRECTION('',(-1.,-0.,-0.));
#1139 = DEFINITIONAL_REPRESENTATION('',(#1140),#1144);
#1140 = LINE('',#1141,#1142);
#1141 = CARTESIAN_POINT('',(-0.,-0.279307178569));
#1142 = VECTOR('',#1143,1.);
#1143 = DIRECTION('',(-1.,0.));
#1144 = ( GEOMETRIC_REPRESENTATION_CONTEXT(2) 
PARAMETRIC_REPRESENTATION_CONTEXT() REPRESENTATION_CONTEXT('2D SPACE',''
  ) );
#1145 = ORIENTED_EDGE('',*,*,#1146,.T.);
#1146 = EDGE_CURVE('',#1117,#1147,#1149,.T.);
#1147 = VERTEX_POINT('',#1148);
#1148 = CARTESIAN_POINT('',(-18.57,3.33,8.51));
#1149 = SURFACE_CURVE('',#1150,(#1154,#1161),.PCURVE_S1.);
#1150 = LINE('',#1151,#1152);
#1151 = CARTESIAN_POINT('',(-18.57,1.75,8.51));
#1152 = VECTOR('',#1153,1.);
#1153 = DIRECTION('',(0.,1.,0.));
#1154 = PCURVE('',#141,#1155);
#1155 = DEFINITIONAL_REPRESENTATION('',(#1156),#1160);
#1156 = LINE('',#1157,#1158);
#1157 = CARTESIAN_POINT('',(3.275,2.955));
#1158 = VECTOR('',#1159,1.);
#1159 = DIRECTION('',(0.,1.));
#1160 = ( GEOMETRIC_REPRESENTATION_CONTEXT(2) 
PARAMETRIC_REPRESENTATION_CONTEXT() REPRESENTATION_CONTEXT('2D SPACE',''
  ) );
#1161 = PCURVE('',#1162,#1167);
#1162 = PLANE('',#1163);
#1163 = AXIS2_PLACEMENT_3D('',#1164,#1165,#1166);
#1164 = CARTESIAN_POINT('',(-18.3725,1.75,8.3125));
#1165 = DIRECTION('',(-0.707106781187,0.,-0.707106781187));
#1166 = DIRECTION('',(0.,1.,0.));
#1167 = DEFINITIONAL_REPRESENTATION('',(#1168),#1172);
#1168 = LINE('',#1169,#1170);
#1169 = CARTESIAN_POINT('',(0.,-0.279307178569));
#1170 = VECTOR('',#1171,1.);
#1171 = DIRECTION('',(1.,0.));
#1172 = ( GEOMETRIC_REPRESENTATION_CONTEXT(2) 
PARAMETRIC_REPRESENTATION_CONTEXT() REPRESENTATION_CONTEXT('2D SPACE',''
  ) );
#1173 = ORIENTED_EDGE('',*,*,#1174,.T.);
#1174 = EDGE_CURVE('',#1147,#1175,#1177,.T.);
#1175 = VERTEX_POINT('',#1176);
#1176 = CARTESIAN_POINT('',(-16.99,3.33,8.51));
#1177 = SURFACE_CURVE('',#1178,(#1182,#1189),.PCURVE_S1.);
#1178 = LINE('',#1179,#1180);
#1179 = CARTESIAN_POINT('',(-18.57,3.33,8.51));
#1180 = VECTOR('',#1181,1.);
#1181 = DIRECTION('',(1.,0.,0.));
#1182 = PCURVE('',#141,#1183);
#1183 = DEFINITIONAL_REPRESENTATION('',(#1184),#1188);
#1184 = LINE('',#1185,#1186);
#1185 = CARTESIAN_POINT('',(3.275,4.535));
#1186 = VECTOR('',#1187,1.);
#1187 = DIRECTION('',(1.,0.));
#1188 = ( GEOMETRIC_REPRESENTATION_CONTEXT(2) 
PARAMETRIC_REPRESENTATION_CONTEXT() REPRESENTATION_CONTEXT('2D SPACE',''
  ) );
#1189 = PCURVE('',#1190,#1195);
#1190 = PLANE('',#1191);
#1191 = AXIS2_PLACEMENT_3D('',#1192,#1193,#1194);
#1192 = CARTESIAN_POINT('',(-18.57,3.1325,8.3125));
#1193 = DIRECTION('',(0.,-0.707106781187,0.707106781187));
#1194 = DIRECTION('',(-1.,-0.,-0.));
#1195 = DEFINITIONAL_REPRESENTATION('',(#1196),#1200);
#1196 = LINE('',#1197,#1198);
#1197 = CARTESIAN_POINT('',(-0.,-0.279307178569));
#1198 = VECTOR('',#1199,1.);
#1199 = DIRECTION('',(-1.,0.));
#1200 = ( GEOMETRIC_REPRESENTATION_CONTEXT(2) 
PARAMETRIC_REPRESENTATION_CONTEXT() REPRESENTATION_CONTEXT('2D SPACE',''
  ) );
#1201 = ORIENTED_EDGE('',*,*,#1202,.F.);
#1202 = EDGE_CURVE('',#1119,#1175,#1203,.T.);
#1203 = SURFACE_CURVE('',#1204,(#1208,#1215),.PCURVE_S1.);
#1204 = LINE('',#1205,#1206);
#1205 = CARTESIAN_POINT('',(-16.99,1.75,8.51));
#1206 = VECTOR('',#1207,1.);
#1207 = DIRECTION('',(0.,1.,0.));
#1208 = PCURVE('',#141,#1209);
#1209 = DEFINITIONAL_REPRESENTATION('',(#1210),#1214);
#1210 = LINE('',#1211,#1212);
#1211 = CARTESIAN_POINT('',(4.855,2.955));
#1212 = VECTOR('',#1213,1.);
#1213 = DIRECTION('',(0.,1.));
#1214 = ( GEOMETRIC_REPRESENTATION_CONTEXT(2) 
PARAMETRIC_REPRESENTATION_CONTEXT() REPRESENTATION_CONTEXT('2D SPACE',''
  ) );
#1215 = PCURVE('',#1216,#1221);
#1216 = PLANE('',#1217);
#1217 = AXIS2_PLACEMENT_3D('',#1218,#1219,#1220);
#1218 = CARTESIAN_POINT('',(-17.1875,1.75,8.3125));
#1219 = DIRECTION('',(-0.707106781187,0.,0.707106781187));
#1220 = DIRECTION('',(0.,1.,0.));
#1221 = DEFINITIONAL_REPRESENTATION('',(#1222),#1226);
#1222 = LINE('',#1223,#1224);
#1223 = CARTESIAN_POINT('',(0.,-0.279307178569));
#1224 = VECTOR('',#1225,1.);
#1225 = DIRECTION('',(1.,0.));
#1226 = ( GEOMETRIC_REPRESENTATION_CONTEXT(2) 
PARAMETRIC_REPRESENTATION_CONTEXT() REPRESENTATION_CONTEXT('2D SPACE',''
  ) );
#1227 = FACE_BOUND('',#1228,.T.);
#1228 = EDGE_LOOP('',(#1229,#1259,#1287,#1315));
#1229 = ORIENTED_EDGE('',*,*,#1230,.F.);
#1230 = EDGE_CURVE('',#1231,#1233,#1235,.T.);
#1231 = VERTEX_POINT('',#1232);
#1232 = CARTESIAN_POINT('',(-16.03,1.75,8.51));
#1233 = VERTEX_POINT('',#1234);
#1234 = CARTESIAN_POINT('',(-14.45,1.75,8.51));
#1235 = SURFACE_CURVE('',#1236,(#1240,#1247),.PCURVE_S1.);
#1236 = LINE('',#1237,#1238);
#1237 = CARTESIAN_POINT('',(-16.03,1.75,8.51));
#1238 = VECTOR('',#1239,1.);
#1239 = DIRECTION('',(1.,0.,0.));
#1240 = PCURVE('',#141,#1241);
#1241 = DEFINITIONAL_REPRESENTATION('',(#1242),#1246);
#1242 = LINE('',#1243,#1244);
#1243 = CARTESIAN_POINT('',(5.815,2.955));
#1244 = VECTOR('',#1245,1.);
#1245 = DIRECTION('',(1.,0.));
#1246 = ( GEOMETRIC_REPRESENTATION_CONTEXT(2) 
PARAMETRIC_REPRESENTATION_CONTEXT() REPRESENTATION_CONTEXT('2D SPACE',''
  ) );
#1247 = PCURVE('',#1248,#1253);
#1248 = PLANE('',#1249);
#1249 = AXIS2_PLACEMENT_3D('',#1250,#1251,#1252);
#1250 = CARTESIAN_POINT('',(-16.03,1.9475,8.3125));
#1251 = DIRECTION('',(0.,-0.707106781187,-0.707106781187));
#1252 = DIRECTION('',(-1.,-0.,-0.));
#1253 = DEFINITIONAL_REPRESENTATION('',(#1254),#1258);
#1254 = LINE('',#1255,#1256);
#1255 = CARTESIAN_POINT('',(-0.,-0.279307178569));
#1256 = VECTOR('',#1257,1.);
#1257 = DIRECTION('',(-1.,0.));
#1258 = ( GEOMETRIC_REPRESENTATION_CONTEXT(2) 
PARAMETRIC_REPRESENTATION_CONTEXT() REPRESENTATION_CONTEXT('2D SPACE',''
  ) );
#1259 = ORIENTED_EDGE('',*,*,#1260,.T.);
#1260 = EDGE_CURVE('',#1231,#1261,#1263,.T.);
#1261 = VERTEX_POINT('',#1262);
#1262 = CARTESIAN_POINT('',(-16.03,3.33,8.51));
#1263 = SURFACE_CURVE('',#1264,(#1268,#1275),.PCURVE_S1.);
#1264 = LINE('',#1265,#1266);
#1265 = CARTESIAN_POINT('',(-16.03,1.75,8.51));
#1266 = VECTOR('',#1267,1.);
#1267 = DIRECTION('',(0.,1.,0.));
#1268 = PCURVE('',#141,#1269);
#1269 = DEFINITIONAL_REPRESENTATION('',(#1270),#1274);
#1270 = LINE('',#1271,#1272);
#1271 = CARTESIAN_POINT('',(5.815,2.955));
#1272 = VECTOR('',#1273,1.);
#1273 = DIRECTION('',(0.,1.));
#1274 = ( GEOMETRIC_REPRESENTATION_CONTEXT(2) 
PARAMETRIC_REPRESENTATION_CONTEXT() REPRESENTATION_CONTEXT('2D SPACE',''
  ) );
#1275 = PCURVE('',#1276,#1281);
#1276 = PLANE('',#1277);
#1277 = AXIS2_PLACEMENT_3D('',#1278,#1279,#1280);
#1278 = CARTESIAN_POINT('',(-15.8325,1.75,8.3125));
#1279 = DIRECTION('',(-0.707106781187,0.,-0.707106781187));
#1280 = DIRECTION('',(0.,1.,0.));
#1281 = DEFINITIONAL_REPRESENTATION('',(#1282),#1286);
#1282 = LINE('',#1283,#1284);
#1283 = CARTESIAN_POINT('',(0.,-0.279307178569));
#1284 = VECTOR('',#1285,1.);
#1285 = DIRECTION('',(1.,0.));
#1286 = ( GEOMETRIC_REPRESENTATION_CONTEXT(2) 
PARAMETRIC_REPRESENTATION_CONTEXT() REPRESENTATION_CONTEXT('2D SPACE',''
  ) );
#1287 = ORIENTED_EDGE('',*,*,#1288,.T.);
#1288 = EDGE_CURVE('',#1261,#1289,#1291,.T.);
#1289 = VERTEX_POINT('',#1290);
#1290 = CARTESIAN_POINT('',(-14.45,3.33,8.51));
#1291 = SURFACE_CURVE('',#1292,(#1296,#1303),.PCURVE_S1.);
#1292 = LINE('',#1293,#1294);
#1293 = CARTESIAN_POINT('',(-16.03,3.33,8.51));
#1294 = VECTOR('',#1295,1.);
#1295 = DIRECTION('',(1.,0.,0.));
#1296 = PCURVE('',#141,#1297);
#1297 = DEFINITIONAL_REPRESENTATION('',(#1298),#1302);
#1298 = LINE('',#1299,#1300);
#1299 = CARTESIAN_POINT('',(5.815,4.535));
#1300 = VECTOR('',#1301,1.);
#1301 = DIRECTION('',(1.,0.));
#1302 = ( GEOMETRIC_REPRESENTATION_CONTEXT(2) 
PARAMETRIC_REPRESENTATION_CONTEXT() REPRESENTATION_CONTEXT('2D SPACE',''
  ) );
#1303 = PCURVE('',#1304,#1309);
#1304 = PLANE('',#1305);
#1305 = AXIS2_PLACEMENT_3D('',#1306,#1307,#1308);
#1306 = CARTESIAN_POINT('',(-16.03,3.1325,8.3125));
#1307 = DIRECTION('',(0.,-0.707106781187,0.707106781187));
#1308 = DIRECTION('',(-1.,-0.,-0.));
#1309 = DEFINITIONAL_REPRESENTATION('',(#1310),#1314);
#1310 = LINE('',#1311,#1312);
#1311 = CARTESIAN_POINT('',(-0.,-0.279307178569));
#1312 = VECTOR('',#1313,1.);
#1313 = DIRECTION('',(-1.,0.));
#1314 = ( GEOMETRIC_REPRESENTATION_CONTEXT(2) 
PARAMETRIC_REPRESENTATION_CONTEXT() REPRESENTATION_CONTEXT('2D SPACE',''
  ) );
#1315 = ORIENTED_EDGE('',*,*,#1316,.F.);
#1316 = EDGE_CURVE('',#1233,#1289,#1317,.T.);
#1317 = SURFACE_CURVE('',#1318,(#1322,#1329),.PCURVE_S1.);
#1318 = LINE('',#1319,#1320);
#1319 = CARTESIAN_POINT('',(-14.45,1.75,8.51));
#1320 = VECTOR('',#1321,1.);
#1321 = DIRECTION('',(0.,1.,0.));
#1322 = PCURVE('',#141,#1323);
#1323 = DEFINITIONAL_REPRESENTATION('',(#1324),#1328);
#1324 = LINE('',#1325,#1326);
#1325 = CARTESIAN_POINT('',(7.395,2.955));
#1326 = VECTOR('',#1327,1.);
#1327 = DIRECTION('',(0.,1.));
#1328 = ( GEOMETRIC_REPRESENTATION_CONTEXT(2) 
PARAMETRIC_REPRESENTATION_CONTEXT() REPRESENTATION_CONTEXT('2D SPACE',''
  ) );
#1329 = PCURVE('',#1330,#1335);
#1330 = PLANE('',#1331);
#1331 = AXIS2_PLACEMENT_3D('',#1332,#1333,#1334);
#1332 = CARTESIAN_POINT('',(-14.6475,1.75,8.3125));
#1333 = DIRECTION('',(-0.707106781187,0.,0.707106781187));
#1334 = DIRECTION('',(0.,1.,0.));
#1335 = DEFINITIONAL_REPRESENTATION('',(#1336),#1340);
#1336 = LINE('',#1337,#1338);
#1337 = CARTESIAN_POINT('',(0.,-0.279307178569));
#1338 = VECTOR('',#1339,1.);
#1339 = DIRECTION('',(1.,0.));
#1340 = ( GEOMETRIC_REPRESENTATION_CONTEXT(2) 
PARAMETRIC_REPRESENTATION_CONTEXT() REPRESENTATION_CONTEXT('2D SPACE',''
  ) );
#1341 = FACE_BOUND('',#1342,.T.);
#1342 = EDGE_LOOP('',(#1343,#1373,#1401,#1429));
#1343 = ORIENTED_EDGE('',*,*,#1344,.T.);
#1344 = EDGE_CURVE('',#1345,#1347,#1349,.T.);
#1345 = VERTEX_POINT('',#1346);
#1346 = CARTESIAN_POINT('',(-13.49,1.75,8.51));
#1347 = VERTEX_POINT('',#1348);
#1348 = CARTESIAN_POINT('',(-13.49,3.33,8.51));
#1349 = SURFACE_CURVE('',#1350,(#1354,#1361),.PCURVE_S1.);
#1350 = LINE('',#1351,#1352);
#1351 = CARTESIAN_POINT('',(-13.49,1.75,8.51));
#1352 = VECTOR('',#1353,1.);
#1353 = DIRECTION('',(0.,1.,0.));
#1354 = PCURVE('',#141,#1355);
#1355 = DEFINITIONAL_REPRESENTATION('',(#1356),#1360);
#1356 = LINE('',#1357,#1358);
#1357 = CARTESIAN_POINT('',(8.355,2.955));
#1358 = VECTOR('',#1359,1.);
#1359 = DIRECTION('',(0.,1.));
#1360 = ( GEOMETRIC_REPRESENTATION_CONTEXT(2) 
PARAMETRIC_REPRESENTATION_CONTEXT() REPRESENTATION_CONTEXT('2D SPACE',''
  ) );
#1361 = PCURVE('',#1362,#1367);
#1362 = PLANE('',#1363);
#1363 = AXIS2_PLACEMENT_3D('',#1364,#1365,#1366);
#1364 = CARTESIAN_POINT('',(-13.2925,1.75,8.3125));
#1365 = DIRECTION('',(-0.707106781187,0.,-0.707106781187));
#1366 = DIRECTION('',(0.,1.,0.));
#1367 = DEFINITIONAL_REPRESENTATION('',(#1368),#1372);
#1368 = LINE('',#1369,#1370);
#1369 = CARTESIAN_POINT('',(0.,-0.279307178569));
#1370 = VECTOR('',#1371,1.);
#1371 = DIRECTION('',(1.,0.));
#1372 = ( GEOMETRIC_REPRESENTATION_CONTEXT(2) 
PARAMETRIC_REPRESENTATION_CONTEXT() REPRESENTATION_CONTEXT('2D SPACE',''
  ) );
#1373 = ORIENTED_EDGE('',*,*,#1374,.T.);
#1374 = EDGE_CURVE('',#1347,#1375,#1377,.T.);
#1375 = VERTEX_POINT('',#1376);
#1376 = CARTESIAN_POINT('',(-11.91,3.33,8.51));
#1377 = SURFACE_CURVE('',#1378,(#1382,#1389),.PCURVE_S1.);
#1378 = LINE('',#1379,#1380);
#1379 = CARTESIAN_POINT('',(-13.49,3.33,8.51));
#1380 = VECTOR('',#1381,1.);
#1381 = DIRECTION('',(1.,0.,0.));
#1382 = PCURVE('',#141,#1383);
#1383 = DEFINITIONAL_REPRESENTATION('',(#1384),#1388);
#1384 = LINE('',#1385,#1386);
#1385 = CARTESIAN_POINT('',(8.355,4.535));
#1386 = VECTOR('',#1387,1.);
#1387 = DIRECTION('',(1.,0.));
#1388 = ( GEOMETRIC_REPRESENTATION_CONTEXT(2) 
PARAMETRIC_REPRESENTATION_CONTEXT() REPRESENTATION_CONTEXT('2D SPACE',''
  ) );
#1389 = PCURVE('',#1390,#1395);
#1390 = PLANE('',#1391);
#1391 = AXIS2_PLACEMENT_3D('',#1392,#1393,#1394);
#1392 = CARTESIAN_POINT('',(-13.49,3.1325,8.3125));
#1393 = DIRECTION('',(0.,-0.707106781187,0.707106781187));
#1394 = DIRECTION('',(-1.,-0.,-0.));
#1395 = DEFINITIONAL_REPRESENTATION('',(#1396),#1400);
#1396 = LINE('',#1397,#1398);
#1397 = CARTESIAN_POINT('',(-0.,-0.279307178569));
#1398 = VECTOR('',#1399,1.);
#1399 = DIRECTION('',(-1.,0.));
#1400 = ( GEOMETRIC_REPRESENTATION_CONTEXT(2) 
PARAMETRIC_REPRESENTATION_CONTEXT() REPRESENTATION_CONTEXT('2D SPACE',''
  ) );
#1401 = ORIENTED_EDGE('',*,*,#1402,.F.);
#1402 = EDGE_CURVE('',#1403,#1375,#1405,.T.);
#1403 = VERTEX_POINT('',#1404);
#1404 = CARTESIAN_POINT('',(-11.91,1.75,8.51));
#1405 = SURFACE_CURVE('',#1406,(#1410,#1417),.PCURVE_S1.);
#1406 = LINE('',#1407,#1408);
#1407 = CARTESIAN_POINT('',(-11.91,1.75,8.51));
#1408 = VECTOR('',#1409,1.);
#1409 = DIRECTION('',(0.,1.,0.));
#1410 = PCURVE('',#141,#1411);
#1411 = DEFINITIONAL_REPRESENTATION('',(#1412),#1416);
#1412 = LINE('',#1413,#1414);
#1413 = CARTESIAN_POINT('',(9.935,2.955));
#1414 = VECTOR('',#1415,1.);
#1415 = DIRECTION('',(0.,1.));
#1416 = ( GEOMETRIC_REPRESENTATION_CONTEXT(2) 
PARAMETRIC_REPRESENTATION_CONTEXT() REPRESENTATION_CONTEXT('2D SPACE',''
  ) );
#1417 = PCURVE('',#1418,#1423);
#1418 = PLANE('',#1419);
#1419 = AXIS2_PLACEMENT_3D('',#1420,#1421,#1422);
#1420 = CARTESIAN_POINT('',(-12.1075,1.75,8.3125));
#1421 = DIRECTION('',(-0.707106781187,0.,0.707106781187));
#1422 = DIRECTION('',(0.,1.,0.));
#1423 = DEFINITIONAL_REPRESENTATION('',(#1424),#1428);
#1424 = LINE('',#1425,#1426);
#1425 = CARTESIAN_POINT('',(0.,-0.279307178569));
#1426 = VECTOR('',#1427,1.);
#1427 = DIRECTION('',(1.,0.));
#1428 = ( GEOMETRIC_REPRESENTATION_CONTEXT(2) 
PARAMETRIC_REPRESENTATION_CONTEXT() REPRESENTATION_CONTEXT('2D SPACE',''
  ) );
#1429 = ORIENTED_EDGE('',*,*,#1430,.F.);
#1430 = EDGE_CURVE('',#1345,#1403,#1431,.T.);
#1431 = SURFACE_CURVE('',#1432,(#1436,#1443),.PCURVE_S1.);
#1432 = LINE('',#1433,#1434);
#1433 = CARTESIAN_POINT('',(-13.49,1.75,8.51));
#1434 = VECTOR('',#1435,1.);
#1435 = DIRECTION('',(1.,0.,0.));
#1436 = PCURVE('',#141,#1437);
#1437 = DEFINITIONAL_REPRESENTATION('',(#1438),#1442);
#1438 = LINE('',#1439,#1440);
#1439 = CARTESIAN_POINT('',(8.355,2.955));
#1440 = VECTOR('',#1441,1.);
#1441 = DIRECTION('',(1.,0.));
#1442 = ( GEOMETRIC_REPRESENTATION_CONTEXT(2) 
PARAMETRIC_REPRESENTATION_CONTEXT() REPRESENTATION_CONTEXT('2D SPACE',''
  ) );
#1443 = PCURVE('',#1444,#1449);
#1444 = PLANE('',#1445);
#1445 = AXIS2_PLACEMENT_3D('',#1446,#1447,#1448);
#1446 = CARTESIAN_POINT('',(-13.49,1.9475,8.3125));
#1447 = DIRECTION('',(0.,-0.707106781187,-0.707106781187));
#1448 = DIRECTION('',(-1.,-0.,-0.));
#1449 = DEFINITIONAL_REPRESENTATION('',(#1450),#1454);
#1450 = LINE('',#1451,#1452);
#1451 = CARTESIAN_POINT('',(-0.,-0.279307178569));
#1452 = VECTOR('',#1453,1.);
#1453 = DIRECTION('',(-1.,0.));
#1454 = ( GEOMETRIC_REPRESENTATION_CONTEXT(2) 
PARAMETRIC_REPRESENTATION_CONTEXT() REPRESENTATION_CONTEXT('2D SPACE',''
  ) );
#1455 = FACE_BOUND('',#1456,.T.);
#1456 = EDGE_LOOP('',(#1457,#1487,#1515,#1543));
#1457 = ORIENTED_EDGE('',*,*,#1458,.T.);
#1458 = EDGE_CURVE('',#1459,#1461,#1463,.T.);
#1459 = VERTEX_POINT('',#1460);
#1460 = CARTESIAN_POINT('',(-13.49,-0.79,8.51));
#1461 = VERTEX_POINT('',#1462);
#1462 = CARTESIAN_POINT('',(-13.49,0.79,8.51));
#1463 = SURFACE_CURVE('',#1464,(#1468,#1475),.PCURVE_S1.);
#1464 = LINE('',#1465,#1466);
#1465 = CARTESIAN_POINT('',(-13.49,-0.79,8.51));
#1466 = VECTOR('',#1467,1.);
#1467 = DIRECTION('',(0.,1.,0.));
#1468 = PCURVE('',#141,#1469);
#1469 = DEFINITIONAL_REPRESENTATION('',(#1470),#1474);
#1470 = LINE('',#1471,#1472);
#1471 = CARTESIAN_POINT('',(8.355,0.415));
#1472 = VECTOR('',#1473,1.);
#1473 = DIRECTION('',(0.,1.));
#1474 = ( GEOMETRIC_REPRESENTATION_CONTEXT(2) 
PARAMETRIC_REPRESENTATION_CONTEXT() REPRESENTATION_CONTEXT('2D SPACE',''
  ) );
#1475 = PCURVE('',#1476,#1481);
#1476 = PLANE('',#1477);
#1477 = AXIS2_PLACEMENT_3D('',#1478,#1479,#1480);
#1478 = CARTESIAN_POINT('',(-13.2925,-0.79,8.3125));
#1479 = DIRECTION('',(-0.707106781187,0.,-0.707106781187));
#1480 = DIRECTION('',(0.,1.,0.));
#1481 = DEFINITIONAL_REPRESENTATION('',(#1482),#1486);
#1482 = LINE('',#1483,#1484);
#1483 = CARTESIAN_POINT('',(0.,-0.279307178569));
#1484 = VECTOR('',#1485,1.);
#1485 = DIRECTION('',(1.,0.));
#1486 = ( GEOMETRIC_REPRESENTATION_CONTEXT(2) 
PARAMETRIC_REPRESENTATION_CONTEXT() REPRESENTATION_CONTEXT('2D SPACE',''
  ) );
#1487 = ORIENTED_EDGE('',*,*,#1488,.T.);
#1488 = EDGE_CURVE('',#1461,#1489,#1491,.T.);
#1489 = VERTEX_POINT('',#1490);
#1490 = CARTESIAN_POINT('',(-11.91,0.79,8.51));
#1491 = SURFACE_CURVE('',#1492,(#1496,#1503),.PCURVE_S1.);
#1492 = LINE('',#1493,#1494);
#1493 = CARTESIAN_POINT('',(-13.49,0.79,8.51));
#1494 = VECTOR('',#1495,1.);
#1495 = DIRECTION('',(1.,0.,0.));
#1496 = PCURVE('',#141,#1497);
#1497 = DEFINITIONAL_REPRESENTATION('',(#1498),#1502);
#1498 = LINE('',#1499,#1500);
#1499 = CARTESIAN_POINT('',(8.355,1.995));
#1500 = VECTOR('',#1501,1.);
#1501 = DIRECTION('',(1.,0.));
#1502 = ( GEOMETRIC_REPRESENTATION_CONTEXT(2) 
PARAMETRIC_REPRESENTATION_CONTEXT() REPRESENTATION_CONTEXT('2D SPACE',''
  ) );
#1503 = PCURVE('',#1504,#1509);
#1504 = PLANE('',#1505);
#1505 = AXIS2_PLACEMENT_3D('',#1506,#1507,#1508);
#1506 = CARTESIAN_POINT('',(-13.49,0.5925,8.3125));
#1507 = DIRECTION('',(0.,-0.707106781187,0.707106781187));
#1508 = DIRECTION('',(-1.,-0.,-0.));
#1509 = DEFINITIONAL_REPRESENTATION('',(#1510),#1514);
#1510 = LINE('',#1511,#1512);
#1511 = CARTESIAN_POINT('',(-0.,-0.279307178569));
#1512 = VECTOR('',#1513,1.);
#1513 = DIRECTION('',(-1.,0.));
#1514 = ( GEOMETRIC_REPRESENTATION_CONTEXT(2) 
PARAMETRIC_REPRESENTATION_CONTEXT() REPRESENTATION_CONTEXT('2D SPACE',''
  ) );
#1515 = ORIENTED_EDGE('',*,*,#1516,.F.);
#1516 = EDGE_CURVE('',#1517,#1489,#1519,.T.);
#1517 = VERTEX_POINT('',#1518);
#1518 = CARTESIAN_POINT('',(-11.91,-0.79,8.51));
#1519 = SURFACE_CURVE('',#1520,(#1524,#1531),.PCURVE_S1.);
#1520 = LINE('',#1521,#1522);
#1521 = CARTESIAN_POINT('',(-11.91,-0.79,8.51));
#1522 = VECTOR('',#1523,1.);
#1523 = DIRECTION('',(0.,1.,0.));
#1524 = PCURVE('',#141,#1525);
#1525 = DEFINITIONAL_REPRESENTATION('',(#1526),#1530);
#1526 = LINE('',#1527,#1528);
#1527 = CARTESIAN_POINT('',(9.935,0.415));
#1528 = VECTOR('',#1529,1.);
#1529 = DIRECTION('',(0.,1.));
#1530 = ( GEOMETRIC_REPRESENTATION_CONTEXT(2) 
PARAMETRIC_REPRESENTATION_CONTEXT() REPRESENTATION_CONTEXT('2D SPACE',''
  ) );
#1531 = PCURVE('',#1532,#1537);
#1532 = PLANE('',#1533);
#1533 = AXIS2_PLACEMENT_3D('',#1534,#1535,#1536);
#1534 = CARTESIAN_POINT('',(-12.1075,-0.79,8.3125));
#1535 = DIRECTION('',(-0.707106781187,0.,0.707106781187));
#1536 = DIRECTION('',(0.,1.,0.));
#1537 = DEFINITIONAL_REPRESENTATION('',(#1538),#1542);
#1538 = LINE('',#1539,#1540);
#1539 = CARTESIAN_POINT('',(0.,-0.279307178569));
#1540 = VECTOR('',#1541,1.);
#1541 = DIRECTION('',(1.,0.));
#1542 = ( GEOMETRIC_REPRESENTATION_CONTEXT(2) 
PARAMETRIC_REPRESENTATION_CONTEXT() REPRESENTATION_CONTEXT('2D SPACE',''
  ) );
#1543 = ORIENTED_EDGE('',*,*,#1544,.F.);
#1544 = EDGE_CURVE('',#1459,#1517,#1545,.T.);
#1545 = SURFACE_CURVE('',#1546,(#1550,#1557),.PCURVE_S1.);
#1546 = LINE('',#1547,#1548);
#1547 = CARTESIAN_POINT('',(-13.49,-0.79,8.51));
#1548 = VECTOR('',#1549,1.);
#1549 = DIRECTION('',(1.,0.,0.));
#1550 = PCURVE('',#141,#1551);
#1551 = DEFINITIONAL_REPRESENTATION('',(#1552),#1556);
#1552 = LINE('',#1553,#1554);
#1553 = CARTESIAN_POINT('',(8.355,0.415));
#1554 = VECTOR('',#1555,1.);
#1555 = DIRECTION('',(1.,0.));
#1556 = ( GEOMETRIC_REPRESENTATION_CONTEXT(2) 
PARAMETRIC_REPRESENTATION_CONTEXT() REPRESENTATION_CONTEXT('2D SPACE',''
  ) );
#1557 = PCURVE('',#1558,#1563);
#1558 = PLANE('',#1559);
#1559 = AXIS2_PLACEMENT_3D('',#1560,#1561,#1562);
#1560 = CARTESIAN_POINT('',(-13.49,-0.5925,8.3125));
#1561 = DIRECTION('',(0.,-0.707106781187,-0.707106781187));
#1562 = DIRECTION('',(-1.,-0.,-0.));
#1563 = DEFINITIONAL_REPRESENTATION('',(#1564),#1568);
#1564 = LINE('',#1565,#1566);
#1565 = CARTESIAN_POINT('',(-0.,-0.279307178569));
#1566 = VECTOR('',#1567,1.);
#1567 = DIRECTION('',(-1.,0.));
#1568 = ( GEOMETRIC_REPRESENTATION_CONTEXT(2) 
PARAMETRIC_REPRESENTATION_CONTEXT() REPRESENTATION_CONTEXT('2D SPACE',''
  ) );
#1569 = FACE_BOUND('',#1570,.T.);
#1570 = EDGE_LOOP('',(#1571,#1601,#1629,#1657));
#1571 = ORIENTED_EDGE('',*,*,#1572,.T.);
#1572 = EDGE_CURVE('',#1573,#1575,#1577,.T.);
#1573 = VERTEX_POINT('',#1574);
#1574 = CARTESIAN_POINT('',(-10.95,-0.79,8.51));
#1575 = VERTEX_POINT('',#1576);
#1576 = CARTESIAN_POINT('',(-10.95,0.79,8.51));
#1577 = SURFACE_CURVE('',#1578,(#1582,#1589),.PCURVE_S1.);
#1578 = LINE('',#1579,#1580);
#1579 = CARTESIAN_POINT('',(-10.95,-0.79,8.51));
#1580 = VECTOR('',#1581,1.);
#1581 = DIRECTION('',(0.,1.,0.));
#1582 = PCURVE('',#141,#1583);
#1583 = DEFINITIONAL_REPRESENTATION('',(#1584),#1588);
#1584 = LINE('',#1585,#1586);
#1585 = CARTESIAN_POINT('',(10.895,0.415));
#1586 = VECTOR('',#1587,1.);
#1587 = DIRECTION('',(0.,1.));
#1588 = ( GEOMETRIC_REPRESENTATION_CONTEXT(2) 
PARAMETRIC_REPRESENTATION_CONTEXT() REPRESENTATION_CONTEXT('2D SPACE',''
  ) );
#1589 = PCURVE('',#1590,#1595);
#1590 = PLANE('',#1591);
#1591 = AXIS2_PLACEMENT_3D('',#1592,#1593,#1594);
#1592 = CARTESIAN_POINT('',(-10.7525,-0.79,8.3125));
#1593 = DIRECTION('',(-0.707106781187,0.,-0.707106781187));
#1594 = DIRECTION('',(0.,1.,0.));
#1595 = DEFINITIONAL_REPRESENTATION('',(#1596),#1600);
#1596 = LINE('',#1597,#1598);
#1597 = CARTESIAN_POINT('',(0.,-0.279307178569));
#1598 = VECTOR('',#1599,1.);
#1599 = DIRECTION('',(1.,0.));
#1600 = ( GEOMETRIC_REPRESENTATION_CONTEXT(2) 
PARAMETRIC_REPRESENTATION_CONTEXT() REPRESENTATION_CONTEXT('2D SPACE',''
  ) );
#1601 = ORIENTED_EDGE('',*,*,#1602,.T.);
#1602 = EDGE_CURVE('',#1575,#1603,#1605,.T.);
#1603 = VERTEX_POINT('',#1604);
#1604 = CARTESIAN_POINT('',(-9.37,0.79,8.51));
#1605 = SURFACE_CURVE('',#1606,(#1610,#1617),.PCURVE_S1.);
#1606 = LINE('',#1607,#1608);
#1607 = CARTESIAN_POINT('',(-10.95,0.79,8.51));
#1608 = VECTOR('',#1609,1.);
#1609 = DIRECTION('',(1.,0.,0.));
#1610 = PCURVE('',#141,#1611);
#1611 = DEFINITIONAL_REPRESENTATION('',(#1612),#1616);
#1612 = LINE('',#1613,#1614);
#1613 = CARTESIAN_POINT('',(10.895,1.995));
#1614 = VECTOR('',#1615,1.);
#1615 = DIRECTION('',(1.,0.));
#1616 = ( GEOMETRIC_REPRESENTATION_CONTEXT(2) 
PARAMETRIC_REPRESENTATION_CONTEXT() REPRESENTATION_CONTEXT('2D SPACE',''
  ) );
#1617 = PCURVE('',#1618,#1623);
#1618 = PLANE('',#1619);
#1619 = AXIS2_PLACEMENT_3D('',#1620,#1621,#1622);
#1620 = CARTESIAN_POINT('',(-10.95,0.5925,8.3125));
#1621 = DIRECTION('',(0.,-0.707106781187,0.707106781187));
#1622 = DIRECTION('',(-1.,-0.,-0.));
#1623 = DEFINITIONAL_REPRESENTATION('',(#1624),#1628);
#1624 = LINE('',#1625,#1626);
#1625 = CARTESIAN_POINT('',(-0.,-0.279307178569));
#1626 = VECTOR('',#1627,1.);
#1627 = DIRECTION('',(-1.,0.));
#1628 = ( GEOMETRIC_REPRESENTATION_CONTEXT(2) 
PARAMETRIC_REPRESENTATION_CONTEXT() REPRESENTATION_CONTEXT('2D SPACE',''
  ) );
#1629 = ORIENTED_EDGE('',*,*,#1630,.F.);
#1630 = EDGE_CURVE('',#1631,#1603,#1633,.T.);
#1631 = VERTEX_POINT('',#1632);
#1632 = CARTESIAN_POINT('',(-9.37,-0.79,8.51));
#1633 = SURFACE_CURVE('',#1634,(#1638,#1645),.PCURVE_S1.);
#1634 = LINE('',#1635,#1636);
#1635 = CARTESIAN_POINT('',(-9.37,-0.79,8.51));
#1636 = VECTOR('',#1637,1.);
#1637 = DIRECTION('',(0.,1.,0.));
#1638 = PCURVE('',#141,#1639);
#1639 = DEFINITIONAL_REPRESENTATION('',(#1640),#1644);
#1640 = LINE('',#1641,#1642);
#1641 = CARTESIAN_POINT('',(12.475,0.415));
#1642 = VECTOR('',#1643,1.);
#1643 = DIRECTION('',(0.,1.));
#1644 = ( GEOMETRIC_REPRESENTATION_CONTEXT(2) 
PARAMETRIC_REPRESENTATION_CONTEXT() REPRESENTATION_CONTEXT('2D SPACE',''
  ) );
#1645 = PCURVE('',#1646,#1651);
#1646 = PLANE('',#1647);
#1647 = AXIS2_PLACEMENT_3D('',#1648,#1649,#1650);
#1648 = CARTESIAN_POINT('',(-9.5675,-0.79,8.3125));
#1649 = DIRECTION('',(-0.707106781187,0.,0.707106781187));
#1650 = DIRECTION('',(0.,1.,0.));
#1651 = DEFINITIONAL_REPRESENTATION('',(#1652),#1656);
#1652 = LINE('',#1653,#1654);
#1653 = CARTESIAN_POINT('',(0.,-0.279307178569));
#1654 = VECTOR('',#1655,1.);
#1655 = DIRECTION('',(1.,0.));
#1656 = ( GEOMETRIC_REPRESENTATION_CONTEXT(2) 
PARAMETRIC_REPRESENTATION_CONTEXT() REPRESENTATION_CONTEXT('2D SPACE',''
  ) );
#1657 = ORIENTED_EDGE('',*,*,#1658,.F.);
#1658 = EDGE_CURVE('',#1573,#1631,#1659,.T.);
#1659 = SURFACE_CURVE('',#1660,(#1664,#1671),.PCURVE_S1.);
#1660 = LINE('',#1661,#1662);
#1661 = CARTESIAN_POINT('',(-10.95,-0.79,8.51));
#1662 = VECTOR('',#1663,1.);
#1663 = DIRECTION('',(1.,0.,0.));
#1664 = PCURVE('',#141,#1665);
#1665 = DEFINITIONAL_REPRESENTATION('',(#1666),#1670);
#1666 = LINE('',#1667,#1668);
#1667 = CARTESIAN_POINT('',(10.895,0.415));
#1668 = VECTOR('',#1669,1.);
#1669 = DIRECTION('',(1.,0.));
#1670 = ( GEOMETRIC_REPRESENTATION_CONTEXT(2) 
PARAMETRIC_REPRESENTATION_CONTEXT() REPRESENTATION_CONTEXT('2D SPACE',''
  ) );
#1671 = PCURVE('',#1672,#1677);
#1672 = PLANE('',#1673);
#1673 = AXIS2_PLACEMENT_3D('',#1674,#1675,#1676);
#1674 = CARTESIAN_POINT('',(-10.95,-0.5925,8.3125));
#1675 = DIRECTION('',(0.,-0.707106781187,-0.707106781187));
#1676 = DIRECTION('',(-1.,-0.,-0.));
#1677 = DEFINITIONAL_REPRESENTATION('',(#1678),#1682);
#1678 = LINE('',#1679,#1680);
#1679 = CARTESIAN_POINT('',(-0.,-0.279307178569));
#1680 = VECTOR('',#1681,1.);
#1681 = DIRECTION('',(-1.,0.));
#1682 = ( GEOMETRIC_REPRESENTATION_CONTEXT(2) 
PARAMETRIC_REPRESENTATION_CONTEXT() REPRESENTATION_CONTEXT('2D SPACE',''
  ) );
#1683 = FACE_BOUND('',#1684,.T.);
#1684 = EDGE_LOOP('',(#1685,#1715,#1743,#1771));
#1685 = ORIENTED_EDGE('',*,*,#1686,.F.);
#1686 = EDGE_CURVE('',#1687,#1689,#1691,.T.);
#1687 = VERTEX_POINT('',#1688);
#1688 = CARTESIAN_POINT('',(-8.41,-0.79,8.51));
#1689 = VERTEX_POINT('',#1690);
#1690 = CARTESIAN_POINT('',(-6.83,-0.79,8.51));
#1691 = SURFACE_CURVE('',#1692,(#1696,#1703),.PCURVE_S1.);
#1692 = LINE('',#1693,#1694);
#1693 = CARTESIAN_POINT('',(-8.41,-0.79,8.51));
#1694 = VECTOR('',#1695,1.);
#1695 = DIRECTION('',(1.,0.,0.));
#1696 = PCURVE('',#141,#1697);
#1697 = DEFINITIONAL_REPRESENTATION('',(#1698),#1702);
#1698 = LINE('',#1699,#1700);
#1699 = CARTESIAN_POINT('',(13.435,0.415));
#1700 = VECTOR('',#1701,1.);
#1701 = DIRECTION('',(1.,0.));
#1702 = ( GEOMETRIC_REPRESENTATION_CONTEXT(2) 
PARAMETRIC_REPRESENTATION_CONTEXT() REPRESENTATION_CONTEXT('2D SPACE',''
  ) );
#1703 = PCURVE('',#1704,#1709);
#1704 = PLANE('',#1705);
#1705 = AXIS2_PLACEMENT_3D('',#1706,#1707,#1708);
#1706 = CARTESIAN_POINT('',(-8.41,-0.5925,8.3125));
#1707 = DIRECTION('',(0.,-0.707106781187,-0.707106781187));
#1708 = DIRECTION('',(-1.,-0.,-0.));
#1709 = DEFINITIONAL_REPRESENTATION('',(#1710),#1714);
#1710 = LINE('',#1711,#1712);
#1711 = CARTESIAN_POINT('',(-0.,-0.279307178569));
#1712 = VECTOR('',#1713,1.);
#1713 = DIRECTION('',(-1.,0.));
#1714 = ( GEOMETRIC_REPRESENTATION_CONTEXT(2) 
PARAMETRIC_REPRESENTATION_CONTEXT() REPRESENTATION_CONTEXT('2D SPACE',''
  ) );
#1715 = ORIENTED_EDGE('',*,*,#1716,.T.);
#1716 = EDGE_CURVE('',#1687,#1717,#1719,.T.);
#1717 = VERTEX_POINT('',#1718);
#1718 = CARTESIAN_POINT('',(-8.41,0.79,8.51));
#1719 = SURFACE_CURVE('',#1720,(#1724,#1731),.PCURVE_S1.);
#1720 = LINE('',#1721,#1722);
#1721 = CARTESIAN_POINT('',(-8.41,-0.79,8.51));
#1722 = VECTOR('',#1723,1.);
#1723 = DIRECTION('',(0.,1.,0.));
#1724 = PCURVE('',#141,#1725);
#1725 = DEFINITIONAL_REPRESENTATION('',(#1726),#1730);
#1726 = LINE('',#1727,#1728);
#1727 = CARTESIAN_POINT('',(13.435,0.415));
#1728 = VECTOR('',#1729,1.);
#1729 = DIRECTION('',(0.,1.));
#1730 = ( GEOMETRIC_REPRESENTATION_CONTEXT(2) 
PARAMETRIC_REPRESENTATION_CONTEXT() REPRESENTATION_CONTEXT('2D SPACE',''
  ) );
#1731 = PCURVE('',#1732,#1737);
#1732 = PLANE('',#1733);
#1733 = AXIS2_PLACEMENT_3D('',#1734,#1735,#1736);
#1734 = CARTESIAN_POINT('',(-8.2125,-0.79,8.3125));
#1735 = DIRECTION('',(-0.707106781187,0.,-0.707106781187));
#1736 = DIRECTION('',(0.,1.,0.));
#1737 = DEFINITIONAL_REPRESENTATION('',(#1738),#1742);
#1738 = LINE('',#1739,#1740);
#1739 = CARTESIAN_POINT('',(0.,-0.279307178569));
#1740 = VECTOR('',#1741,1.);
#1741 = DIRECTION('',(1.,0.));
#1742 = ( GEOMETRIC_REPRESENTATION_CONTEXT(2) 
PARAMETRIC_REPRESENTATION_CONTEXT() REPRESENTATION_CONTEXT('2D SPACE',''
  ) );
#1743 = ORIENTED_EDGE('',*,*,#1744,.T.);
#1744 = EDGE_CURVE('',#1717,#1745,#1747,.T.);
#1745 = VERTEX_POINT('',#1746);
#1746 = CARTESIAN_POINT('',(-6.83,0.79,8.51));
#1747 = SURFACE_CURVE('',#1748,(#1752,#1759),.PCURVE_S1.);
#1748 = LINE('',#1749,#1750);
#1749 = CARTESIAN_POINT('',(-8.41,0.79,8.51));
#1750 = VECTOR('',#1751,1.);
#1751 = DIRECTION('',(1.,0.,0.));
#1752 = PCURVE('',#141,#1753);
#1753 = DEFINITIONAL_REPRESENTATION('',(#1754),#1758);
#1754 = LINE('',#1755,#1756);
#1755 = CARTESIAN_POINT('',(13.435,1.995));
#1756 = VECTOR('',#1757,1.);
#1757 = DIRECTION('',(1.,0.));
#1758 = ( GEOMETRIC_REPRESENTATION_CONTEXT(2) 
PARAMETRIC_REPRESENTATION_CONTEXT() REPRESENTATION_CONTEXT('2D SPACE',''
  ) );
#1759 = PCURVE('',#1760,#1765);
#1760 = PLANE('',#1761);
#1761 = AXIS2_PLACEMENT_3D('',#1762,#1763,#1764);
#1762 = CARTESIAN_POINT('',(-8.41,0.5925,8.3125));
#1763 = DIRECTION('',(0.,-0.707106781187,0.707106781187));
#1764 = DIRECTION('',(-1.,-0.,-0.));
#1765 = DEFINITIONAL_REPRESENTATION('',(#1766),#1770);
#1766 = LINE('',#1767,#1768);
#1767 = CARTESIAN_POINT('',(-0.,-0.279307178569));
#1768 = VECTOR('',#1769,1.);
#1769 = DIRECTION('',(-1.,0.));
#1770 = ( GEOMETRIC_REPRESENTATION_CONTEXT(2) 
PARAMETRIC_REPRESENTATION_CONTEXT() REPRESENTATION_CONTEXT('2D SPACE',''
  ) );
#1771 = ORIENTED_EDGE('',*,*,#1772,.F.);
#1772 = EDGE_CURVE('',#1689,#1745,#1773,.T.);
#1773 = SURFACE_CURVE('',#1774,(#1778,#1785),.PCURVE_S1.);
#1774 = LINE('',#1775,#1776);
#1775 = CARTESIAN_POINT('',(-6.83,-0.79,8.51));
#1776 = VECTOR('',#1777,1.);
#1777 = DIRECTION('',(0.,1.,0.));
#1778 = PCURVE('',#141,#1779);
#1779 = DEFINITIONAL_REPRESENTATION('',(#1780),#1784);
#1780 = LINE('',#1781,#1782);
#1781 = CARTESIAN_POINT('',(15.015,0.415));
#1782 = VECTOR('',#1783,1.);
#1783 = DIRECTION('',(0.,1.));
#1784 = ( GEOMETRIC_REPRESENTATION_CONTEXT(2) 
PARAMETRIC_REPRESENTATION_CONTEXT() REPRESENTATION_CONTEXT('2D SPACE',''
  ) );
#1785 = PCURVE('',#1786,#1791);
#1786 = PLANE('',#1787);
#1787 = AXIS2_PLACEMENT_3D('',#1788,#1789,#1790);
#1788 = CARTESIAN_POINT('',(-7.0275,-0.79,8.3125));
#1789 = DIRECTION('',(-0.707106781187,0.,0.707106781187));
#1790 = DIRECTION('',(0.,1.,0.));
#1791 = DEFINITIONAL_REPRESENTATION('',(#1792),#1796);
#1792 = LINE('',#1793,#1794);
#1793 = CARTESIAN_POINT('',(0.,-0.279307178569));
#1794 = VECTOR('',#1795,1.);
#1795 = DIRECTION('',(1.,0.));
#1796 = ( GEOMETRIC_REPRESENTATION_CONTEXT(2) 
PARAMETRIC_REPRESENTATION_CONTEXT() REPRESENTATION_CONTEXT('2D SPACE',''
  ) );
#1797 = FACE_BOUND('',#1798,.T.);
#1798 = EDGE_LOOP('',(#1799,#1829,#1857,#1885));
#1799 = ORIENTED_EDGE('',*,*,#1800,.F.);
#1800 = EDGE_CURVE('',#1801,#1803,#1805,.T.);
#1801 = VERTEX_POINT('',#1802);
#1802 = CARTESIAN_POINT('',(-3.33,-0.79,8.51));
#1803 = VERTEX_POINT('',#1804);
#1804 = CARTESIAN_POINT('',(-1.75,-0.79,8.51));
#1805 = SURFACE_CURVE('',#1806,(#1810,#1817),.PCURVE_S1.);
#1806 = LINE('',#1807,#1808);
#1807 = CARTESIAN_POINT('',(-3.33,-0.79,8.51));
#1808 = VECTOR('',#1809,1.);
#1809 = DIRECTION('',(1.,0.,0.));
#1810 = PCURVE('',#141,#1811);
#1811 = DEFINITIONAL_REPRESENTATION('',(#1812),#1816);
#1812 = LINE('',#1813,#1814);
#1813 = CARTESIAN_POINT('',(18.515,0.415));
#1814 = VECTOR('',#1815,1.);
#1815 = DIRECTION('',(1.,0.));
#1816 = ( GEOMETRIC_REPRESENTATION_CONTEXT(2) 
PARAMETRIC_REPRESENTATION_CONTEXT() REPRESENTATION_CONTEXT('2D SPACE',''
  ) );
#1817 = PCURVE('',#1818,#1823);
#1818 = PLANE('',#1819);
#1819 = AXIS2_PLACEMENT_3D('',#1820,#1821,#1822);
#1820 = CARTESIAN_POINT('',(-3.33,-0.5925,8.3125));
#1821 = DIRECTION('',(0.,-0.707106781187,-0.707106781187));
#1822 = DIRECTION('',(-1.,-0.,-0.));
#1823 = DEFINITIONAL_REPRESENTATION('',(#1824),#1828);
#1824 = LINE('',#1825,#1826);
#1825 = CARTESIAN_POINT('',(-0.,-0.279307178569));
#1826 = VECTOR('',#1827,1.);
#1827 = DIRECTION('',(-1.,0.));
#1828 = ( GEOMETRIC_REPRESENTATION_CONTEXT(2) 
PARAMETRIC_REPRESENTATION_CONTEXT() REPRESENTATION_CONTEXT('2D SPACE',''
  ) );
#1829 = ORIENTED_EDGE('',*,*,#1830,.T.);
#1830 = EDGE_CURVE('',#1801,#1831,#1833,.T.);
#1831 = VERTEX_POINT('',#1832);
#1832 = CARTESIAN_POINT('',(-3.33,0.79,8.51));
#1833 = SURFACE_CURVE('',#1834,(#1838,#1845),.PCURVE_S1.);
#1834 = LINE('',#1835,#1836);
#1835 = CARTESIAN_POINT('',(-3.33,-0.79,8.51));
#1836 = VECTOR('',#1837,1.);
#1837 = DIRECTION('',(0.,1.,0.));
#1838 = PCURVE('',#141,#1839);
#1839 = DEFINITIONAL_REPRESENTATION('',(#1840),#1844);
#1840 = LINE('',#1841,#1842);
#1841 = CARTESIAN_POINT('',(18.515,0.415));
#1842 = VECTOR('',#1843,1.);
#1843 = DIRECTION('',(0.,1.));
#1844 = ( GEOMETRIC_REPRESENTATION_CONTEXT(2) 
PARAMETRIC_REPRESENTATION_CONTEXT() REPRESENTATION_CONTEXT('2D SPACE',''
  ) );
#1845 = PCURVE('',#1846,#1851);
#1846 = PLANE('',#1847);
#1847 = AXIS2_PLACEMENT_3D('',#1848,#1849,#1850);
#1848 = CARTESIAN_POINT('',(-3.1325,-0.79,8.3125));
#1849 = DIRECTION('',(-0.707106781187,0.,-0.707106781187));
#1850 = DIRECTION('',(0.,1.,0.));
#1851 = DEFINITIONAL_REPRESENTATION('',(#1852),#1856);
#1852 = LINE('',#1853,#1854);
#1853 = CARTESIAN_POINT('',(0.,-0.279307178569));
#1854 = VECTOR('',#1855,1.);
#1855 = DIRECTION('',(1.,0.));
#1856 = ( GEOMETRIC_REPRESENTATION_CONTEXT(2) 
PARAMETRIC_REPRESENTATION_CONTEXT() REPRESENTATION_CONTEXT('2D SPACE',''
  ) );
#1857 = ORIENTED_EDGE('',*,*,#1858,.T.);
#1858 = EDGE_CURVE('',#1831,#1859,#1861,.T.);
#1859 = VERTEX_POINT('',#1860);
#1860 = CARTESIAN_POINT('',(-1.75,0.79,8.51));
#1861 = SURFACE_CURVE('',#1862,(#1866,#1873),.PCURVE_S1.);
#1862 = LINE('',#1863,#1864);
#1863 = CARTESIAN_POINT('',(-3.33,0.79,8.51));
#1864 = VECTOR('',#1865,1.);
#1865 = DIRECTION('',(1.,0.,0.));
#1866 = PCURVE('',#141,#1867);
#1867 = DEFINITIONAL_REPRESENTATION('',(#1868),#1872);
#1868 = LINE('',#1869,#1870);
#1869 = CARTESIAN_POINT('',(18.515,1.995));
#1870 = VECTOR('',#1871,1.);
#1871 = DIRECTION('',(1.,0.));
#1872 = ( GEOMETRIC_REPRESENTATION_CONTEXT(2) 
PARAMETRIC_REPRESENTATION_CONTEXT() REPRESENTATION_CONTEXT('2D SPACE',''
  ) );
#1873 = PCURVE('',#1874,#1879);
#1874 = PLANE('',#1875);
#1875 = AXIS2_PLACEMENT_3D('',#1876,#1877,#1878);
#1876 = CARTESIAN_POINT('',(-3.33,0.5925,8.3125));
#1877 = DIRECTION('',(0.,-0.707106781187,0.707106781187));
#1878 = DIRECTION('',(-1.,-0.,-0.));
#1879 = DEFINITIONAL_REPRESENTATION('',(#1880),#1884);
#1880 = LINE('',#1881,#1882);
#1881 = CARTESIAN_POINT('',(-0.,-0.279307178569));
#1882 = VECTOR('',#1883,1.);
#1883 = DIRECTION('',(-1.,0.));
#1884 = ( GEOMETRIC_REPRESENTATION_CONTEXT(2) 
PARAMETRIC_REPRESENTATION_CONTEXT() REPRESENTATION_CONTEXT('2D SPACE',''
  ) );
#1885 = ORIENTED_EDGE('',*,*,#1886,.F.);
#1886 = EDGE_CURVE('',#1803,#1859,#1887,.T.);
#1887 = SURFACE_CURVE('',#1888,(#1892,#1899),.PCURVE_S1.);
#1888 = LINE('',#1889,#1890);
#1889 = CARTESIAN_POINT('',(-1.75,-0.79,8.51));
#1890 = VECTOR('',#1891,1.);
#1891 = DIRECTION('',(0.,1.,0.));
#1892 = PCURVE('',#141,#1893);
#1893 = DEFINITIONAL_REPRESENTATION('',(#1894),#1898);
#1894 = LINE('',#1895,#1896);
#1895 = CARTESIAN_POINT('',(20.095,0.415));
#1896 = VECTOR('',#1897,1.);
#1897 = DIRECTION('',(0.,1.));
#1898 = ( GEOMETRIC_REPRESENTATION_CONTEXT(2) 
PARAMETRIC_REPRESENTATION_CONTEXT() REPRESENTATION_CONTEXT('2D SPACE',''
  ) );
#1899 = PCURVE('',#1900,#1905);
#1900 = PLANE('',#1901);
#1901 = AXIS2_PLACEMENT_3D('',#1902,#1903,#1904);
#1902 = CARTESIAN_POINT('',(-1.9475,-0.79,8.3125));
#1903 = DIRECTION('',(-0.707106781187,0.,0.707106781187));
#1904 = DIRECTION('',(0.,1.,0.));
#1905 = DEFINITIONAL_REPRESENTATION('',(#1906),#1910);
#1906 = LINE('',#1907,#1908);
#1907 = CARTESIAN_POINT('',(0.,-0.279307178569));
#1908 = VECTOR('',#1909,1.);
#1909 = DIRECTION('',(1.,0.));
#1910 = ( GEOMETRIC_REPRESENTATION_CONTEXT(2) 
PARAMETRIC_REPRESENTATION_CONTEXT() REPRESENTATION_CONTEXT('2D SPACE',''
  ) );
#1911 = FACE_BOUND('',#1912,.T.);
#1912 = EDGE_LOOP('',(#1913,#1943,#1971,#1999));
#1913 = ORIENTED_EDGE('',*,*,#1914,.T.);
#1914 = EDGE_CURVE('',#1915,#1917,#1919,.T.);
#1915 = VERTEX_POINT('',#1916);
#1916 = CARTESIAN_POINT('',(-5.87,-0.79,8.51));
#1917 = VERTEX_POINT('',#1918);
#1918 = CARTESIAN_POINT('',(-5.87,0.79,8.51));
#1919 = SURFACE_CURVE('',#1920,(#1924,#1931),.PCURVE_S1.);
#1920 = LINE('',#1921,#1922);
#1921 = CARTESIAN_POINT('',(-5.87,-0.79,8.51));
#1922 = VECTOR('',#1923,1.);
#1923 = DIRECTION('',(0.,1.,0.));
#1924 = PCURVE('',#141,#1925);
#1925 = DEFINITIONAL_REPRESENTATION('',(#1926),#1930);
#1926 = LINE('',#1927,#1928);
#1927 = CARTESIAN_POINT('',(15.975,0.415));
#1928 = VECTOR('',#1929,1.);
#1929 = DIRECTION('',(0.,1.));
#1930 = ( GEOMETRIC_REPRESENTATION_CONTEXT(2) 
PARAMETRIC_REPRESENTATION_CONTEXT() REPRESENTATION_CONTEXT('2D SPACE',''
  ) );
#1931 = PCURVE('',#1932,#1937);
#1932 = PLANE('',#1933);
#1933 = AXIS2_PLACEMENT_3D('',#1934,#1935,#1936);
#1934 = CARTESIAN_POINT('',(-5.6725,-0.79,8.3125));
#1935 = DIRECTION('',(-0.707106781187,0.,-0.707106781187));
#1936 = DIRECTION('',(0.,1.,0.));
#1937 = DEFINITIONAL_REPRESENTATION('',(#1938),#1942);
#1938 = LINE('',#1939,#1940);
#1939 = CARTESIAN_POINT('',(0.,-0.279307178569));
#1940 = VECTOR('',#1941,1.);
#1941 = DIRECTION('',(1.,0.));
#1942 = ( GEOMETRIC_REPRESENTATION_CONTEXT(2) 
PARAMETRIC_REPRESENTATION_CONTEXT() REPRESENTATION_CONTEXT('2D SPACE',''
  ) );
#1943 = ORIENTED_EDGE('',*,*,#1944,.T.);
#1944 = EDGE_CURVE('',#1917,#1945,#1947,.T.);
#1945 = VERTEX_POINT('',#1946);
#1946 = CARTESIAN_POINT('',(-4.29,0.79,8.51));
#1947 = SURFACE_CURVE('',#1948,(#1952,#1959),.PCURVE_S1.);
#1948 = LINE('',#1949,#1950);
#1949 = CARTESIAN_POINT('',(-5.87,0.79,8.51));
#1950 = VECTOR('',#1951,1.);
#1951 = DIRECTION('',(1.,0.,0.));
#1952 = PCURVE('',#141,#1953);
#1953 = DEFINITIONAL_REPRESENTATION('',(#1954),#1958);
#1954 = LINE('',#1955,#1956);
#1955 = CARTESIAN_POINT('',(15.975,1.995));
#1956 = VECTOR('',#1957,1.);
#1957 = DIRECTION('',(1.,0.));
#1958 = ( GEOMETRIC_REPRESENTATION_CONTEXT(2) 
PARAMETRIC_REPRESENTATION_CONTEXT() REPRESENTATION_CONTEXT('2D SPACE',''
  ) );
#1959 = PCURVE('',#1960,#1965);
#1960 = PLANE('',#1961);
#1961 = AXIS2_PLACEMENT_3D('',#1962,#1963,#1964);
#1962 = CARTESIAN_POINT('',(-5.87,0.5925,8.3125));
#1963 = DIRECTION('',(0.,-0.707106781187,0.707106781187));
#1964 = DIRECTION('',(-1.,-0.,-0.));
#1965 = DEFINITIONAL_REPRESENTATION('',(#1966),#1970);
#1966 = LINE('',#1967,#1968);
#1967 = CARTESIAN_POINT('',(-0.,-0.279307178569));
#1968 = VECTOR('',#1969,1.);
#1969 = DIRECTION('',(-1.,0.));
#1970 = ( GEOMETRIC_REPRESENTATION_CONTEXT(2) 
PARAMETRIC_REPRESENTATION_CONTEXT() REPRESENTATION_CONTEXT('2D SPACE',''
  ) );
#1971 = ORIENTED_EDGE('',*,*,#1972,.F.);
#1972 = EDGE_CURVE('',#1973,#1945,#1975,.T.);
#1973 = VERTEX_POINT('',#1974);
#1974 = CARTESIAN_POINT('',(-4.29,-0.79,8.51));
#1975 = SURFACE_CURVE('',#1976,(#1980,#1987),.PCURVE_S1.);
#1976 = LINE('',#1977,#1978);
#1977 = CARTESIAN_POINT('',(-4.29,-0.79,8.51));
#1978 = VECTOR('',#1979,1.);
#1979 = DIRECTION('',(0.,1.,0.));
#1980 = PCURVE('',#141,#1981);
#1981 = DEFINITIONAL_REPRESENTATION('',(#1982),#1986);
#1982 = LINE('',#1983,#1984);
#1983 = CARTESIAN_POINT('',(17.555,0.415));
#1984 = VECTOR('',#1985,1.);
#1985 = DIRECTION('',(0.,1.));
#1986 = ( GEOMETRIC_REPRESENTATION_CONTEXT(2) 
PARAMETRIC_REPRESENTATION_CONTEXT() REPRESENTATION_CONTEXT('2D SPACE',''
  ) );
#1987 = PCURVE('',#1988,#1993);
#1988 = PLANE('',#1989);
#1989 = AXIS2_PLACEMENT_3D('',#1990,#1991,#1992);
#1990 = CARTESIAN_POINT('',(-4.4875,-0.79,8.3125));
#1991 = DIRECTION('',(-0.707106781187,0.,0.707106781187));
#1992 = DIRECTION('',(0.,1.,0.));
#1993 = DEFINITIONAL_REPRESENTATION('',(#1994),#1998);
#1994 = LINE('',#1995,#1996);
#1995 = CARTESIAN_POINT('',(0.,-0.279307178569));
#1996 = VECTOR('',#1997,1.);
#1997 = DIRECTION('',(1.,0.));
#1998 = ( GEOMETRIC_REPRESENTATION_CONTEXT(2) 
PARAMETRIC_REPRESENTATION_CONTEXT() REPRESENTATION_CONTEXT('2D SPACE',''
  ) );
#1999 = ORIENTED_EDGE('',*,*,#2000,.F.);
#2000 = EDGE_CURVE('',#1915,#1973,#2001,.T.);
#2001 = SURFACE_CURVE('',#2002,(#2006,#2013),.PCURVE_S1.);
#2002 = LINE('',#2003,#2004);
#2003 = CARTESIAN_POINT('',(-5.87,-0.79,8.51));
#2004 = VECTOR('',#2005,1.);
#2005 = DIRECTION('',(1.,0.,0.));
#2006 = PCURVE('',#141,#2007);
#2007 = DEFINITIONAL_REPRESENTATION('',(#2008),#2012);
#2008 = LINE('',#2009,#2010);
#2009 = CARTESIAN_POINT('',(15.975,0.415));
#2010 = VECTOR('',#2011,1.);
#2011 = DIRECTION('',(1.,0.));
#2012 = ( GEOMETRIC_REPRESENTATION_CONTEXT(2) 
PARAMETRIC_REPRESENTATION_CONTEXT() REPRESENTATION_CONTEXT('2D SPACE',''
  ) );
#2013 = PCURVE('',#2014,#2019);
#2014 = PLANE('',#2015);
#2015 = AXIS2_PLACEMENT_3D('',#2016,#2017,#2018);
#2016 = CARTESIAN_POINT('',(-5.87,-0.5925,8.3125));
#2017 = DIRECTION('',(0.,-0.707106781187,-0.707106781187));
#2018 = DIRECTION('',(-1.,-0.,-0.));
#2019 = DEFINITIONAL_REPRESENTATION('',(#2020),#2024);
#2020 = LINE('',#2021,#2022);
#2021 = CARTESIAN_POINT('',(-0.,-0.279307178569));
#2022 = VECTOR('',#2023,1.);
#2023 = DIRECTION('',(-1.,0.));
#2024 = ( GEOMETRIC_REPRESENTATION_CONTEXT(2) 
PARAMETRIC_REPRESENTATION_CONTEXT() REPRESENTATION_CONTEXT('2D SPACE',''
  ) );
#2025 = FACE_BOUND('',#2026,.T.);
#2026 = EDGE_LOOP('',(#2027,#2057,#2085,#2113));
#2027 = ORIENTED_EDGE('',*,*,#2028,.F.);
#2028 = EDGE_CURVE('',#2029,#2031,#2033,.T.);
#2029 = VERTEX_POINT('',#2030);
#2030 = CARTESIAN_POINT('',(-0.79,-0.79,8.51));
#2031 = VERTEX_POINT('',#2032);
#2032 = CARTESIAN_POINT('',(0.79,-0.79,8.51));
#2033 = SURFACE_CURVE('',#2034,(#2038,#2045),.PCURVE_S1.);
#2034 = LINE('',#2035,#2036);
#2035 = CARTESIAN_POINT('',(-0.79,-0.79,8.51));
#2036 = VECTOR('',#2037,1.);
#2037 = DIRECTION('',(1.,0.,0.));
#2038 = PCURVE('',#141,#2039);
#2039 = DEFINITIONAL_REPRESENTATION('',(#2040),#2044);
#2040 = LINE('',#2041,#2042);
#2041 = CARTESIAN_POINT('',(21.055,0.415));
#2042 = VECTOR('',#2043,1.);
#2043 = DIRECTION('',(1.,0.));
#2044 = ( GEOMETRIC_REPRESENTATION_CONTEXT(2) 
PARAMETRIC_REPRESENTATION_CONTEXT() REPRESENTATION_CONTEXT('2D SPACE',''
  ) );
#2045 = PCURVE('',#2046,#2051);
#2046 = PLANE('',#2047);
#2047 = AXIS2_PLACEMENT_3D('',#2048,#2049,#2050);
#2048 = CARTESIAN_POINT('',(-0.79,-0.5925,8.3125));
#2049 = DIRECTION('',(0.,-0.707106781187,-0.707106781187));
#2050 = DIRECTION('',(-1.,-0.,-0.));
#2051 = DEFINITIONAL_REPRESENTATION('',(#2052),#2056);
#2052 = LINE('',#2053,#2054);
#2053 = CARTESIAN_POINT('',(-0.,-0.279307178569));
#2054 = VECTOR('',#2055,1.);
#2055 = DIRECTION('',(-1.,0.));
#2056 = ( GEOMETRIC_REPRESENTATION_CONTEXT(2) 
PARAMETRIC_REPRESENTATION_CONTEXT() REPRESENTATION_CONTEXT('2D SPACE',''
  ) );
#2057 = ORIENTED_EDGE('',*,*,#2058,.T.);
#2058 = EDGE_CURVE('',#2029,#2059,#2061,.T.);
#2059 = VERTEX_POINT('',#2060);
#2060 = CARTESIAN_POINT('',(-0.79,0.79,8.51));
#2061 = SURFACE_CURVE('',#2062,(#2066,#2073),.PCURVE_S1.);
#2062 = LINE('',#2063,#2064);
#2063 = CARTESIAN_POINT('',(-0.79,-0.79,8.51));
#2064 = VECTOR('',#2065,1.);
#2065 = DIRECTION('',(0.,1.,0.));
#2066 = PCURVE('',#141,#2067);
#2067 = DEFINITIONAL_REPRESENTATION('',(#2068),#2072);
#2068 = LINE('',#2069,#2070);
#2069 = CARTESIAN_POINT('',(21.055,0.415));
#2070 = VECTOR('',#2071,1.);
#2071 = DIRECTION('',(0.,1.));
#2072 = ( GEOMETRIC_REPRESENTATION_CONTEXT(2) 
PARAMETRIC_REPRESENTATION_CONTEXT() REPRESENTATION_CONTEXT('2D SPACE',''
  ) );
#2073 = PCURVE('',#2074,#2079);
#2074 = PLANE('',#2075);
#2075 = AXIS2_PLACEMENT_3D('',#2076,#2077,#2078);
#2076 = CARTESIAN_POINT('',(-0.5925,-0.79,8.3125));
#2077 = DIRECTION('',(-0.707106781187,0.,-0.707106781187));
#2078 = DIRECTION('',(0.,1.,0.));
#2079 = DEFINITIONAL_REPRESENTATION('',(#2080),#2084);
#2080 = LINE('',#2081,#2082);
#2081 = CARTESIAN_POINT('',(0.,-0.279307178569));
#2082 = VECTOR('',#2083,1.);
#2083 = DIRECTION('',(1.,0.));
#2084 = ( GEOMETRIC_REPRESENTATION_CONTEXT(2) 
PARAMETRIC_REPRESENTATION_CONTEXT() REPRESENTATION_CONTEXT('2D SPACE',''
  ) );
#2085 = ORIENTED_EDGE('',*,*,#2086,.T.);
#2086 = EDGE_CURVE('',#2059,#2087,#2089,.T.);
#2087 = VERTEX_POINT('',#2088);
#2088 = CARTESIAN_POINT('',(0.79,0.79,8.51));
#2089 = SURFACE_CURVE('',#2090,(#2094,#2101),.PCURVE_S1.);
#2090 = LINE('',#2091,#2092);
#2091 = CARTESIAN_POINT('',(-0.79,0.79,8.51));
#2092 = VECTOR('',#2093,1.);
#2093 = DIRECTION('',(1.,0.,0.));
#2094 = PCURVE('',#141,#2095);
#2095 = DEFINITIONAL_REPRESENTATION('',(#2096),#2100);
#2096 = LINE('',#2097,#2098);
#2097 = CARTESIAN_POINT('',(21.055,1.995));
#2098 = VECTOR('',#2099,1.);
#2099 = DIRECTION('',(1.,0.));
#2100 = ( GEOMETRIC_REPRESENTATION_CONTEXT(2) 
PARAMETRIC_REPRESENTATION_CONTEXT() REPRESENTATION_CONTEXT('2D SPACE',''
  ) );
#2101 = PCURVE('',#2102,#2107);
#2102 = PLANE('',#2103);
#2103 = AXIS2_PLACEMENT_3D('',#2104,#2105,#2106);
#2104 = CARTESIAN_POINT('',(-0.79,0.5925,8.3125));
#2105 = DIRECTION('',(0.,-0.707106781187,0.707106781187));
#2106 = DIRECTION('',(-1.,-0.,-0.));
#2107 = DEFINITIONAL_REPRESENTATION('',(#2108),#2112);
#2108 = LINE('',#2109,#2110);
#2109 = CARTESIAN_POINT('',(-0.,-0.279307178569));
#2110 = VECTOR('',#2111,1.);
#2111 = DIRECTION('',(-1.,0.));
#2112 = ( GEOMETRIC_REPRESENTATION_CONTEXT(2) 
PARAMETRIC_REPRESENTATION_CONTEXT() REPRESENTATION_CONTEXT('2D SPACE',''
  ) );
#2113 = ORIENTED_EDGE('',*,*,#2114,.F.);
#2114 = EDGE_CURVE('',#2031,#2087,#2115,.T.);
#2115 = SURFACE_CURVE('',#2116,(#2120,#2127),.PCURVE_S1.);
#2116 = LINE('',#2117,#2118);
#2117 = CARTESIAN_POINT('',(0.79,-0.79,8.51));
#2118 = VECTOR('',#2119,1.);
#2119 = DIRECTION('',(0.,1.,0.));
#2120 = PCURVE('',#141,#2121);
#2121 = DEFINITIONAL_REPRESENTATION('',(#2122),#2126);
#2122 = LINE('',#2123,#2124);
#2123 = CARTESIAN_POINT('',(22.635,0.415));
#2124 = VECTOR('',#2125,1.);
#2125 = DIRECTION('',(0.,1.));
#2126 = ( GEOMETRIC_REPRESENTATION_CONTEXT(2) 
PARAMETRIC_REPRESENTATION_CONTEXT() REPRESENTATION_CONTEXT('2D SPACE',''
  ) );
#2127 = PCURVE('',#2128,#2133);
#2128 = PLANE('',#2129);
#2129 = AXIS2_PLACEMENT_3D('',#2130,#2131,#2132);
#2130 = CARTESIAN_POINT('',(0.5925,-0.79,8.3125));
#2131 = DIRECTION('',(-0.707106781187,0.,0.707106781187));
#2132 = DIRECTION('',(0.,1.,0.));
#2133 = DEFINITIONAL_REPRESENTATION('',(#2134),#2138);
#2134 = LINE('',#2135,#2136);
#2135 = CARTESIAN_POINT('',(0.,-0.279307178569));
#2136 = VECTOR('',#2137,1.);
#2137 = DIRECTION('',(1.,0.));
#2138 = ( GEOMETRIC_REPRESENTATION_CONTEXT(2) 
PARAMETRIC_REPRESENTATION_CONTEXT() REPRESENTATION_CONTEXT('2D SPACE',''
  ) );
#2139 = FACE_BOUND('',#2140,.T.);
#2140 = EDGE_LOOP('',(#2141,#2171,#2199,#2227));
#2141 = ORIENTED_EDGE('',*,*,#2142,.F.);
#2142 = EDGE_CURVE('',#2143,#2145,#2147,.T.);
#2143 = VERTEX_POINT('',#2144);
#2144 = CARTESIAN_POINT('',(-14.45,-0.79,8.51));
#2145 = VERTEX_POINT('',#2146);
#2146 = CARTESIAN_POINT('',(-14.45,0.79,8.51));
#2147 = SURFACE_CURVE('',#2148,(#2152,#2159),.PCURVE_S1.);
#2148 = LINE('',#2149,#2150);
#2149 = CARTESIAN_POINT('',(-14.45,-0.79,8.51));
#2150 = VECTOR('',#2151,1.);
#2151 = DIRECTION('',(0.,1.,0.));
#2152 = PCURVE('',#141,#2153);
#2153 = DEFINITIONAL_REPRESENTATION('',(#2154),#2158);
#2154 = LINE('',#2155,#2156);
#2155 = CARTESIAN_POINT('',(7.395,0.415));
#2156 = VECTOR('',#2157,1.);
#2157 = DIRECTION('',(0.,1.));
#2158 = ( GEOMETRIC_REPRESENTATION_CONTEXT(2) 
PARAMETRIC_REPRESENTATION_CONTEXT() REPRESENTATION_CONTEXT('2D SPACE',''
  ) );
#2159 = PCURVE('',#2160,#2165);
#2160 = PLANE('',#2161);
#2161 = AXIS2_PLACEMENT_3D('',#2162,#2163,#2164);
#2162 = CARTESIAN_POINT('',(-14.6475,-0.79,8.3125));
#2163 = DIRECTION('',(-0.707106781187,0.,0.707106781187));
#2164 = DIRECTION('',(0.,1.,0.));
#2165 = DEFINITIONAL_REPRESENTATION('',(#2166),#2170);
#2166 = LINE('',#2167,#2168);
#2167 = CARTESIAN_POINT('',(0.,-0.279307178569));
#2168 = VECTOR('',#2169,1.);
#2169 = DIRECTION('',(1.,0.));
#2170 = ( GEOMETRIC_REPRESENTATION_CONTEXT(2) 
PARAMETRIC_REPRESENTATION_CONTEXT() REPRESENTATION_CONTEXT('2D SPACE',''
  ) );
#2171 = ORIENTED_EDGE('',*,*,#2172,.F.);
#2172 = EDGE_CURVE('',#2173,#2143,#2175,.T.);
#2173 = VERTEX_POINT('',#2174);
#2174 = CARTESIAN_POINT('',(-16.03,-0.79,8.51));
#2175 = SURFACE_CURVE('',#2176,(#2180,#2187),.PCURVE_S1.);
#2176 = LINE('',#2177,#2178);
#2177 = CARTESIAN_POINT('',(-16.03,-0.79,8.51));
#2178 = VECTOR('',#2179,1.);
#2179 = DIRECTION('',(1.,0.,0.));
#2180 = PCURVE('',#141,#2181);
#2181 = DEFINITIONAL_REPRESENTATION('',(#2182),#2186);
#2182 = LINE('',#2183,#2184);
#2183 = CARTESIAN_POINT('',(5.815,0.415));
#2184 = VECTOR('',#2185,1.);
#2185 = DIRECTION('',(1.,0.));
#2186 = ( GEOMETRIC_REPRESENTATION_CONTEXT(2) 
PARAMETRIC_REPRESENTATION_CONTEXT() REPRESENTATION_CONTEXT('2D SPACE',''
  ) );
#2187 = PCURVE('',#2188,#2193);
#2188 = PLANE('',#2189);
#2189 = AXIS2_PLACEMENT_3D('',#2190,#2191,#2192);
#2190 = CARTESIAN_POINT('',(-16.03,-0.5925,8.3125));
#2191 = DIRECTION('',(0.,-0.707106781187,-0.707106781187));
#2192 = DIRECTION('',(-1.,-0.,-0.));
#2193 = DEFINITIONAL_REPRESENTATION('',(#2194),#2198);
#2194 = LINE('',#2195,#2196);
#2195 = CARTESIAN_POINT('',(-0.,-0.279307178569));
#2196 = VECTOR('',#2197,1.);
#2197 = DIRECTION('',(-1.,0.));
#2198 = ( GEOMETRIC_REPRESENTATION_CONTEXT(2) 
PARAMETRIC_REPRESENTATION_CONTEXT() REPRESENTATION_CONTEXT('2D SPACE',''
  ) );
#2199 = ORIENTED_EDGE('',*,*,#2200,.T.);
#2200 = EDGE_CURVE('',#2173,#2201,#2203,.T.);
#2201 = VERTEX_POINT('',#2202);
#2202 = CARTESIAN_POINT('',(-16.03,0.79,8.51));
#2203 = SURFACE_CURVE('',#2204,(#2208,#2215),.PCURVE_S1.);
#2204 = LINE('',#2205,#2206);
#2205 = CARTESIAN_POINT('',(-16.03,-0.79,8.51));
#2206 = VECTOR('',#2207,1.);
#2207 = DIRECTION('',(0.,1.,0.));
#2208 = PCURVE('',#141,#2209);
#2209 = DEFINITIONAL_REPRESENTATION('',(#2210),#2214);
#2210 = LINE('',#2211,#2212);
#2211 = CARTESIAN_POINT('',(5.815,0.415));
#2212 = VECTOR('',#2213,1.);
#2213 = DIRECTION('',(0.,1.));
#2214 = ( GEOMETRIC_REPRESENTATION_CONTEXT(2) 
PARAMETRIC_REPRESENTATION_CONTEXT() REPRESENTATION_CONTEXT('2D SPACE',''
  ) );
#2215 = PCURVE('',#2216,#2221);
#2216 = PLANE('',#2217);
#2217 = AXIS2_PLACEMENT_3D('',#2218,#2219,#2220);
#2218 = CARTESIAN_POINT('',(-15.8325,-0.79,8.3125));
#2219 = DIRECTION('',(-0.707106781187,0.,-0.707106781187));
#2220 = DIRECTION('',(0.,1.,0.));
#2221 = DEFINITIONAL_REPRESENTATION('',(#2222),#2226);
#2222 = LINE('',#2223,#2224);
#2223 = CARTESIAN_POINT('',(0.,-0.279307178569));
#2224 = VECTOR('',#2225,1.);
#2225 = DIRECTION('',(1.,0.));
#2226 = ( GEOMETRIC_REPRESENTATION_CONTEXT(2) 
PARAMETRIC_REPRESENTATION_CONTEXT() REPRESENTATION_CONTEXT('2D SPACE',''
  ) );
#2227 = ORIENTED_EDGE('',*,*,#2228,.T.);
#2228 = EDGE_CURVE('',#2201,#2145,#2229,.T.);
#2229 = SURFACE_CURVE('',#2230,(#2234,#2241),.PCURVE_S1.);
#2230 = LINE('',#2231,#2232);
#2231 = CARTESIAN_POINT('',(-16.03,0.79,8.51));
#2232 = VECTOR('',#2233,1.);
#2233 = DIRECTION('',(1.,0.,0.));
#2234 = PCURVE('',#141,#2235);
#2235 = DEFINITIONAL_REPRESENTATION('',(#2236),#2240);
#2236 = LINE('',#2237,#2238);
#2237 = CARTESIAN_POINT('',(5.815,1.995));
#2238 = VECTOR('',#2239,1.);
#2239 = DIRECTION('',(1.,0.));
#2240 = ( GEOMETRIC_REPRESENTATION_CONTEXT(2) 
PARAMETRIC_REPRESENTATION_CONTEXT() REPRESENTATION_CONTEXT('2D SPACE',''
  ) );
#2241 = PCURVE('',#2242,#2247);
#2242 = PLANE('',#2243);
#2243 = AXIS2_PLACEMENT_3D('',#2244,#2245,#2246);
#2244 = CARTESIAN_POINT('',(-16.03,0.5925,8.3125));
#2245 = DIRECTION('',(0.,-0.707106781187,0.707106781187));
#2246 = DIRECTION('',(-1.,-0.,-0.));
#2247 = DEFINITIONAL_REPRESENTATION('',(#2248),#2252);
#2248 = LINE('',#2249,#2250);
#2249 = CARTESIAN_POINT('',(-0.,-0.279307178569));
#2250 = VECTOR('',#2251,1.);
#2251 = DIRECTION('',(-1.,0.));
#2252 = ( GEOMETRIC_REPRESENTATION_CONTEXT(2) 
PARAMETRIC_REPRESENTATION_CONTEXT() REPRESENTATION_CONTEXT('2D SPACE',''
  ) );
#2253 = FACE_BOUND('',#2254,.T.);
#2254 = EDGE_LOOP('',(#2255,#2285,#2313,#2341));
#2255 = ORIENTED_EDGE('',*,*,#2256,.F.);
#2256 = EDGE_CURVE('',#2257,#2259,#2261,.T.);
#2257 = VERTEX_POINT('',#2258);
#2258 = CARTESIAN_POINT('',(-18.57,-0.79,8.51));
#2259 = VERTEX_POINT('',#2260);
#2260 = CARTESIAN_POINT('',(-16.99,-0.79,8.51));
#2261 = SURFACE_CURVE('',#2262,(#2266,#2273),.PCURVE_S1.);
#2262 = LINE('',#2263,#2264);
#2263 = CARTESIAN_POINT('',(-18.57,-0.79,8.51));
#2264 = VECTOR('',#2265,1.);
#2265 = DIRECTION('',(1.,0.,0.));
#2266 = PCURVE('',#141,#2267);
#2267 = DEFINITIONAL_REPRESENTATION('',(#2268),#2272);
#2268 = LINE('',#2269,#2270);
#2269 = CARTESIAN_POINT('',(3.275,0.415));
#2270 = VECTOR('',#2271,1.);
#2271 = DIRECTION('',(1.,0.));
#2272 = ( GEOMETRIC_REPRESENTATION_CONTEXT(2) 
PARAMETRIC_REPRESENTATION_CONTEXT() REPRESENTATION_CONTEXT('2D SPACE',''
  ) );
#2273 = PCURVE('',#2274,#2279);
#2274 = PLANE('',#2275);
#2275 = AXIS2_PLACEMENT_3D('',#2276,#2277,#2278);
#2276 = CARTESIAN_POINT('',(-18.57,-0.5925,8.3125));
#2277 = DIRECTION('',(0.,-0.707106781187,-0.707106781187));
#2278 = DIRECTION('',(-1.,-0.,-0.));
#2279 = DEFINITIONAL_REPRESENTATION('',(#2280),#2284);
#2280 = LINE('',#2281,#2282);
#2281 = CARTESIAN_POINT('',(-0.,-0.279307178569));
#2282 = VECTOR('',#2283,1.);
#2283 = DIRECTION('',(-1.,0.));
#2284 = ( GEOMETRIC_REPRESENTATION_CONTEXT(2) 
PARAMETRIC_REPRESENTATION_CONTEXT() REPRESENTATION_CONTEXT('2D SPACE',''
  ) );
#2285 = ORIENTED_EDGE('',*,*,#2286,.T.);
#2286 = EDGE_CURVE('',#2257,#2287,#2289,.T.);
#2287 = VERTEX_POINT('',#2288);
#2288 = CARTESIAN_POINT('',(-18.57,0.79,8.51));
#2289 = SURFACE_CURVE('',#2290,(#2294,#2301),.PCURVE_S1.);
#2290 = LINE('',#2291,#2292);
#2291 = CARTESIAN_POINT('',(-18.57,-0.79,8.51));
#2292 = VECTOR('',#2293,1.);
#2293 = DIRECTION('',(0.,1.,0.));
#2294 = PCURVE('',#141,#2295);
#2295 = DEFINITIONAL_REPRESENTATION('',(#2296),#2300);
#2296 = LINE('',#2297,#2298);
#2297 = CARTESIAN_POINT('',(3.275,0.415));
#2298 = VECTOR('',#2299,1.);
#2299 = DIRECTION('',(0.,1.));
#2300 = ( GEOMETRIC_REPRESENTATION_CONTEXT(2) 
PARAMETRIC_REPRESENTATION_CONTEXT() REPRESENTATION_CONTEXT('2D SPACE',''
  ) );
#2301 = PCURVE('',#2302,#2307);
#2302 = PLANE('',#2303);
#2303 = AXIS2_PLACEMENT_3D('',#2304,#2305,#2306);
#2304 = CARTESIAN_POINT('',(-18.3725,-0.79,8.3125));
#2305 = DIRECTION('',(-0.707106781187,0.,-0.707106781187));
#2306 = DIRECTION('',(0.,1.,0.));
#2307 = DEFINITIONAL_REPRESENTATION('',(#2308),#2312);
#2308 = LINE('',#2309,#2310);
#2309 = CARTESIAN_POINT('',(0.,-0.279307178569));
#2310 = VECTOR('',#2311,1.);
#2311 = DIRECTION('',(1.,0.));
#2312 = ( GEOMETRIC_REPRESENTATION_CONTEXT(2) 
PARAMETRIC_REPRESENTATION_CONTEXT() REPRESENTATION_CONTEXT('2D SPACE',''
  ) );
#2313 = ORIENTED_EDGE('',*,*,#2314,.T.);
#2314 = EDGE_CURVE('',#2287,#2315,#2317,.T.);
#2315 = VERTEX_POINT('',#2316);
#2316 = CARTESIAN_POINT('',(-16.99,0.79,8.51));
#2317 = SURFACE_CURVE('',#2318,(#2322,#2329),.PCURVE_S1.);
#2318 = LINE('',#2319,#2320);
#2319 = CARTESIAN_POINT('',(-18.57,0.79,8.51));
#2320 = VECTOR('',#2321,1.);
#2321 = DIRECTION('',(1.,0.,0.));
#2322 = PCURVE('',#141,#2323);
#2323 = DEFINITIONAL_REPRESENTATION('',(#2324),#2328);
#2324 = LINE('',#2325,#2326);
#2325 = CARTESIAN_POINT('',(3.275,1.995));
#2326 = VECTOR('',#2327,1.);
#2327 = DIRECTION('',(1.,0.));
#2328 = ( GEOMETRIC_REPRESENTATION_CONTEXT(2) 
PARAMETRIC_REPRESENTATION_CONTEXT() REPRESENTATION_CONTEXT('2D SPACE',''
  ) );
#2329 = PCURVE('',#2330,#2335);
#2330 = PLANE('',#2331);
#2331 = AXIS2_PLACEMENT_3D('',#2332,#2333,#2334);
#2332 = CARTESIAN_POINT('',(-18.57,0.5925,8.3125));
#2333 = DIRECTION('',(0.,-0.707106781187,0.707106781187));
#2334 = DIRECTION('',(-1.,-0.,-0.));
#2335 = DEFINITIONAL_REPRESENTATION('',(#2336),#2340);
#2336 = LINE('',#2337,#2338);
#2337 = CARTESIAN_POINT('',(-0.,-0.279307178569));
#2338 = VECTOR('',#2339,1.);
#2339 = DIRECTION('',(-1.,0.));
#2340 = ( GEOMETRIC_REPRESENTATION_CONTEXT(2) 
PARAMETRIC_REPRESENTATION_CONTEXT() REPRESENTATION_CONTEXT('2D SPACE',''
  ) );
#2341 = ORIENTED_EDGE('',*,*,#2342,.F.);
#2342 = EDGE_CURVE('',#2259,#2315,#2343,.T.);
#2343 = SURFACE_CURVE('',#2344,(#2348,#2355),.PCURVE_S1.);
#2344 = LINE('',#2345,#2346);
#2345 = CARTESIAN_POINT('',(-16.99,-0.79,8.51));
#2346 = VECTOR('',#2347,1.);
#2347 = DIRECTION('',(0.,1.,0.));
#2348 = PCURVE('',#141,#2349);
#2349 = DEFINITIONAL_REPRESENTATION('',(#2350),#2354);
#2350 = LINE('',#2351,#2352);
#2351 = CARTESIAN_POINT('',(4.855,0.415));
#2352 = VECTOR('',#2353,1.);
#2353 = DIRECTION('',(0.,1.));
#2354 = ( GEOMETRIC_REPRESENTATION_CONTEXT(2) 
PARAMETRIC_REPRESENTATION_CONTEXT() REPRESENTATION_CONTEXT('2D SPACE',''
  ) );
#2355 = PCURVE('',#2356,#2361);
#2356 = PLANE('',#2357);
#2357 = AXIS2_PLACEMENT_3D('',#2358,#2359,#2360);
#2358 = CARTESIAN_POINT('',(-17.1875,-0.79,8.3125));
#2359 = DIRECTION('',(-0.707106781187,0.,0.707106781187));
#2360 = DIRECTION('',(0.,1.,0.));
#2361 = DEFINITIONAL_REPRESENTATION('',(#2362),#2366);
#2362 = LINE('',#2363,#2364);
#2363 = CARTESIAN_POINT('',(0.,-0.279307178569));
#2364 = VECTOR('',#2365,1.);
#2365 = DIRECTION('',(1.,0.));
#2366 = ( GEOMETRIC_REPRESENTATION_CONTEXT(2) 
PARAMETRIC_REPRESENTATION_CONTEXT() REPRESENTATION_CONTEXT('2D SPACE',''
  ) );
#2367 = FACE_BOUND('',#2368,.T.);
#2368 = EDGE_LOOP('',(#2369,#2399,#2427,#2455));
#2369 = ORIENTED_EDGE('',*,*,#2370,.F.);
#2370 = EDGE_CURVE('',#2371,#2373,#2375,.T.);
#2371 = VERTEX_POINT('',#2372);
#2372 = CARTESIAN_POINT('',(-19.53,-0.79,8.51));
#2373 = VERTEX_POINT('',#2374);
#2374 = CARTESIAN_POINT('',(-19.53,0.79,8.51));
#2375 = SURFACE_CURVE('',#2376,(#2380,#2387),.PCURVE_S1.);
#2376 = LINE('',#2377,#2378);
#2377 = CARTESIAN_POINT('',(-19.53,-0.79,8.51));
#2378 = VECTOR('',#2379,1.);
#2379 = DIRECTION('',(0.,1.,0.));
#2380 = PCURVE('',#141,#2381);
#2381 = DEFINITIONAL_REPRESENTATION('',(#2382),#2386);
#2382 = LINE('',#2383,#2384);
#2383 = CARTESIAN_POINT('',(2.315,0.415));
#2384 = VECTOR('',#2385,1.);
#2385 = DIRECTION('',(0.,1.));
#2386 = ( GEOMETRIC_REPRESENTATION_CONTEXT(2) 
PARAMETRIC_REPRESENTATION_CONTEXT() REPRESENTATION_CONTEXT('2D SPACE',''
  ) );
#2387 = PCURVE('',#2388,#2393);
#2388 = PLANE('',#2389);
#2389 = AXIS2_PLACEMENT_3D('',#2390,#2391,#2392);
#2390 = CARTESIAN_POINT('',(-19.7275,-0.79,8.3125));
#2391 = DIRECTION('',(-0.707106781187,0.,0.707106781187));
#2392 = DIRECTION('',(0.,1.,0.));
#2393 = DEFINITIONAL_REPRESENTATION('',(#2394),#2398);
#2394 = LINE('',#2395,#2396);
#2395 = CARTESIAN_POINT('',(0.,-0.279307178569));
#2396 = VECTOR('',#2397,1.);
#2397 = DIRECTION('',(1.,0.));
#2398 = ( GEOMETRIC_REPRESENTATION_CONTEXT(2) 
PARAMETRIC_REPRESENTATION_CONTEXT() REPRESENTATION_CONTEXT('2D SPACE',''
  ) );
#2399 = ORIENTED_EDGE('',*,*,#2400,.F.);
#2400 = EDGE_CURVE('',#2401,#2371,#2403,.T.);
#2401 = VERTEX_POINT('',#2402);
#2402 = CARTESIAN_POINT('',(-21.11,-0.79,8.51));
#2403 = SURFACE_CURVE('',#2404,(#2408,#2415),.PCURVE_S1.);
#2404 = LINE('',#2405,#2406);
#2405 = CARTESIAN_POINT('',(-21.11,-0.79,8.51));
#2406 = VECTOR('',#2407,1.);
#2407 = DIRECTION('',(1.,0.,0.));
#2408 = PCURVE('',#141,#2409);
#2409 = DEFINITIONAL_REPRESENTATION('',(#2410),#2414);
#2410 = LINE('',#2411,#2412);
#2411 = CARTESIAN_POINT('',(0.735,0.415));
#2412 = VECTOR('',#2413,1.);
#2413 = DIRECTION('',(1.,0.));
#2414 = ( GEOMETRIC_REPRESENTATION_CONTEXT(2) 
PARAMETRIC_REPRESENTATION_CONTEXT() REPRESENTATION_CONTEXT('2D SPACE',''
  ) );
#2415 = PCURVE('',#2416,#2421);
#2416 = PLANE('',#2417);
#2417 = AXIS2_PLACEMENT_3D('',#2418,#2419,#2420);
#2418 = CARTESIAN_POINT('',(-21.11,-0.5925,8.3125));
#2419 = DIRECTION('',(0.,-0.707106781187,-0.707106781187));
#2420 = DIRECTION('',(-1.,-0.,-0.));
#2421 = DEFINITIONAL_REPRESENTATION('',(#2422),#2426);
#2422 = LINE('',#2423,#2424);
#2423 = CARTESIAN_POINT('',(-0.,-0.279307178569));
#2424 = VECTOR('',#2425,1.);
#2425 = DIRECTION('',(-1.,0.));
#2426 = ( GEOMETRIC_REPRESENTATION_CONTEXT(2) 
PARAMETRIC_REPRESENTATION_CONTEXT() REPRESENTATION_CONTEXT('2D SPACE',''
  ) );
#2427 = ORIENTED_EDGE('',*,*,#2428,.T.);
#2428 = EDGE_CURVE('',#2401,#2429,#2431,.T.);
#2429 = VERTEX_POINT('',#2430);
#2430 = CARTESIAN_POINT('',(-21.11,0.79,8.51));
#2431 = SURFACE_CURVE('',#2432,(#2436,#2443),.PCURVE_S1.);
#2432 = LINE('',#2433,#2434);
#2433 = CARTESIAN_POINT('',(-21.11,-0.79,8.51));
#2434 = VECTOR('',#2435,1.);
#2435 = DIRECTION('',(0.,1.,0.));
#2436 = PCURVE('',#141,#2437);
#2437 = DEFINITIONAL_REPRESENTATION('',(#2438),#2442);
#2438 = LINE('',#2439,#2440);
#2439 = CARTESIAN_POINT('',(0.735,0.415));
#2440 = VECTOR('',#2441,1.);
#2441 = DIRECTION('',(0.,1.));
#2442 = ( GEOMETRIC_REPRESENTATION_CONTEXT(2) 
PARAMETRIC_REPRESENTATION_CONTEXT() REPRESENTATION_CONTEXT('2D SPACE',''
  ) );
#2443 = PCURVE('',#2444,#2449);
#2444 = PLANE('',#2445);
#2445 = AXIS2_PLACEMENT_3D('',#2446,#2447,#2448);
#2446 = CARTESIAN_POINT('',(-20.9125,-0.79,8.3125));
#2447 = DIRECTION('',(-0.707106781187,0.,-0.707106781187));
#2448 = DIRECTION('',(0.,1.,0.));
#2449 = DEFINITIONAL_REPRESENTATION('',(#2450),#2454);
#2450 = LINE('',#2451,#2452);
#2451 = CARTESIAN_POINT('',(0.,-0.279307178569));
#2452 = VECTOR('',#2453,1.);
#2453 = DIRECTION('',(1.,0.));
#2454 = ( GEOMETRIC_REPRESENTATION_CONTEXT(2) 
PARAMETRIC_REPRESENTATION_CONTEXT() REPRESENTATION_CONTEXT('2D SPACE',''
  ) );
#2455 = ORIENTED_EDGE('',*,*,#2456,.T.);
#2456 = EDGE_CURVE('',#2429,#2373,#2457,.T.);
#2457 = SURFACE_CURVE('',#2458,(#2462,#2469),.PCURVE_S1.);
#2458 = LINE('',#2459,#2460);
#2459 = CARTESIAN_POINT('',(-21.11,0.79,8.51));
#2460 = VECTOR('',#2461,1.);
#2461 = DIRECTION('',(1.,0.,0.));
#2462 = PCURVE('',#141,#2463);
#2463 = DEFINITIONAL_REPRESENTATION('',(#2464),#2468);
#2464 = LINE('',#2465,#2466);
#2465 = CARTESIAN_POINT('',(0.735,1.995));
#2466 = VECTOR('',#2467,1.);
#2467 = DIRECTION('',(1.,0.));
#2468 = ( GEOMETRIC_REPRESENTATION_CONTEXT(2) 
PARAMETRIC_REPRESENTATION_CONTEXT() REPRESENTATION_CONTEXT('2D SPACE',''
  ) );
#2469 = PCURVE('',#2470,#2475);
#2470 = PLANE('',#2471);
#2471 = AXIS2_PLACEMENT_3D('',#2472,#2473,#2474);
#2472 = CARTESIAN_POINT('',(-21.11,0.5925,8.3125));
#2473 = DIRECTION('',(0.,-0.707106781187,0.707106781187));
#2474 = DIRECTION('',(-1.,-0.,-0.));
#2475 = DEFINITIONAL_REPRESENTATION('',(#2476),#2480);
#2476 = LINE('',#2477,#2478);
#2477 = CARTESIAN_POINT('',(-0.,-0.279307178569));
#2478 = VECTOR('',#2479,1.);
#2479 = DIRECTION('',(-1.,0.));
#2480 = ( GEOMETRIC_REPRESENTATION_CONTEXT(2) 
PARAMETRIC_REPRESENTATION_CONTEXT() REPRESENTATION_CONTEXT('2D SPACE',''
  ) );
#2481 = ADVANCED_FACE('',(#2482),#115,.T.);
#2482 = FACE_BOUND('',#2483,.T.);
#2483 = EDGE_LOOP('',(#2484,#2507,#2508,#2509));
#2484 = ORIENTED_EDGE('',*,*,#2485,.F.);
#2485 = EDGE_CURVE('',#72,#2486,#2488,.T.);
#2486 = VERTEX_POINT('',#2487);
#2487 = CARTESIAN_POINT('',(1.525,3.745,0.));
#2488 = SURFACE_CURVE('',#2489,(#2493,#2500),.PCURVE_S1.);
#2489 = LINE('',#2490,#2491);
#2490 = CARTESIAN_POINT('',(-21.845,3.745,0.));
#2491 = VECTOR('',#2492,1.);
#2492 = DIRECTION('',(1.,0.,0.));
#2493 = PCURVE('',#115,#2494);
#2494 = DEFINITIONAL_REPRESENTATION('',(#2495),#2499);
#2495 = LINE('',#2496,#2497);
#2496 = CARTESIAN_POINT('',(0.,0.));
#2497 = VECTOR('',#2498,1.);
#2498 = DIRECTION('',(0.,1.));
#2499 = ( GEOMETRIC_REPRESENTATION_CONTEXT(2) 
PARAMETRIC_REPRESENTATION_CONTEXT() REPRESENTATION_CONTEXT('2D SPACE',''
  ) );
#2500 = PCURVE('',#87,#2501);
#2501 = DEFINITIONAL_REPRESENTATION('',(#2502),#2506);
#2502 = LINE('',#2503,#2504);
#2503 = CARTESIAN_POINT('',(0.,4.95));
#2504 = VECTOR('',#2505,1.);
#2505 = DIRECTION('',(1.,0.));
#2506 = ( GEOMETRIC_REPRESENTATION_CONTEXT(2) 
PARAMETRIC_REPRESENTATION_CONTEXT() REPRESENTATION_CONTEXT('2D SPACE',''
  ) );
#2507 = ORIENTED_EDGE('',*,*,#99,.T.);
#2508 = ORIENTED_EDGE('',*,*,#311,.T.);
#2509 = ORIENTED_EDGE('',*,*,#2510,.F.);
#2510 = EDGE_CURVE('',#2486,#312,#2511,.T.);
#2511 = SURFACE_CURVE('',#2512,(#2516,#2523),.PCURVE_S1.);
#2512 = LINE('',#2513,#2514);
#2513 = CARTESIAN_POINT('',(1.525,3.745,0.));
#2514 = VECTOR('',#2515,1.);
#2515 = DIRECTION('',(0.,0.,1.));
#2516 = PCURVE('',#115,#2517);
#2517 = DEFINITIONAL_REPRESENTATION('',(#2518),#2522);
#2518 = LINE('',#2519,#2520);
#2519 = CARTESIAN_POINT('',(0.,23.37));
#2520 = VECTOR('',#2521,1.);
#2521 = DIRECTION('',(1.,0.));
#2522 = ( GEOMETRIC_REPRESENTATION_CONTEXT(2) 
PARAMETRIC_REPRESENTATION_CONTEXT() REPRESENTATION_CONTEXT('2D SPACE',''
  ) );
#2523 = PCURVE('',#174,#2524);
#2524 = DEFINITIONAL_REPRESENTATION('',(#2525),#2529);
#2525 = LINE('',#2526,#2527);
#2526 = CARTESIAN_POINT('',(0.,-4.95));
#2527 = VECTOR('',#2528,1.);
#2528 = DIRECTION('',(1.,0.));
#2529 = ( GEOMETRIC_REPRESENTATION_CONTEXT(2) 
PARAMETRIC_REPRESENTATION_CONTEXT() REPRESENTATION_CONTEXT('2D SPACE',''
  ) );
#2530 = ADVANCED_FACE('',(#2531),#87,.F.);
#2531 = FACE_BOUND('',#2532,.F.);
#2532 = EDGE_LOOP('',(#2533,#2534,#2535,#2556));
#2533 = ORIENTED_EDGE('',*,*,#71,.F.);
#2534 = ORIENTED_EDGE('',*,*,#186,.T.);
#2535 = ORIENTED_EDGE('',*,*,#2536,.T.);
#2536 = EDGE_CURVE('',#157,#2486,#2537,.T.);
#2537 = SURFACE_CURVE('',#2538,(#2542,#2549),.PCURVE_S1.);
#2538 = LINE('',#2539,#2540);
#2539 = CARTESIAN_POINT('',(1.525,-1.205,0.));
#2540 = VECTOR('',#2541,1.);
#2541 = DIRECTION('',(0.,1.,0.));
#2542 = PCURVE('',#87,#2543);
#2543 = DEFINITIONAL_REPRESENTATION('',(#2544),#2548);
#2544 = LINE('',#2545,#2546);
#2545 = CARTESIAN_POINT('',(23.37,0.));
#2546 = VECTOR('',#2547,1.);
#2547 = DIRECTION('',(0.,1.));
#2548 = ( GEOMETRIC_REPRESENTATION_CONTEXT(2) 
PARAMETRIC_REPRESENTATION_CONTEXT() REPRESENTATION_CONTEXT('2D SPACE',''
  ) );
#2549 = PCURVE('',#174,#2550);
#2550 = DEFINITIONAL_REPRESENTATION('',(#2551),#2555);
#2551 = LINE('',#2552,#2553);
#2552 = CARTESIAN_POINT('',(0.,0.));
#2553 = VECTOR('',#2554,1.);
#2554 = DIRECTION('',(0.,-1.));
#2555 = ( GEOMETRIC_REPRESENTATION_CONTEXT(2) 
PARAMETRIC_REPRESENTATION_CONTEXT() REPRESENTATION_CONTEXT('2D SPACE',''
  ) );
#2556 = ORIENTED_EDGE('',*,*,#2485,.F.);
#2557 = ADVANCED_FACE('',(#2558),#174,.T.);
#2558 = FACE_BOUND('',#2559,.T.);
#2559 = EDGE_LOOP('',(#2560,#2561,#2562,#2563));
#2560 = ORIENTED_EDGE('',*,*,#156,.F.);
#2561 = ORIENTED_EDGE('',*,*,#2536,.T.);
#2562 = ORIENTED_EDGE('',*,*,#2510,.T.);
#2563 = ORIENTED_EDGE('',*,*,#409,.F.);
#2564 = ADVANCED_FACE('',(#2565),#275,.T.);
#2565 = FACE_BOUND('',#2566,.T.);
#2566 = EDGE_LOOP('',(#2567,#2568,#2591,#2612));
#2567 = ORIENTED_EDGE('',*,*,#387,.T.);
#2568 = ORIENTED_EDGE('',*,*,#2569,.T.);
#2569 = EDGE_CURVE('',#360,#2570,#2572,.T.);
#2570 = VERTEX_POINT('',#2571);
#2571 = CARTESIAN_POINT('',(0.,-1.098928571429,5.97));
#2572 = SURFACE_CURVE('',#2573,(#2577,#2584),.PCURVE_S1.);
#2573 = LINE('',#2574,#2575);
#2574 = CARTESIAN_POINT('',(1.27,-1.098928571429,8.51));
#2575 = VECTOR('',#2576,1.);
#2576 = DIRECTION('',(-0.4472135955,-1.986027322598E-16,-0.894427191));
#2577 = PCURVE('',#275,#2578);
#2578 = DEFINITIONAL_REPRESENTATION('',(#2579),#2583);
#2579 = LINE('',#2580,#2581);
#2580 = CARTESIAN_POINT('',(-2.106607552898E-17,-0.106071428571));
#2581 = VECTOR('',#2582,1.);
#2582 = DIRECTION('',(1.,0.));
#2583 = ( GEOMETRIC_REPRESENTATION_CONTEXT(2) 
PARAMETRIC_REPRESENTATION_CONTEXT() REPRESENTATION_CONTEXT('2D SPACE',''
  ) );
#2584 = PCURVE('',#375,#2585);
#2585 = DEFINITIONAL_REPRESENTATION('',(#2586),#2590);
#2586 = LINE('',#2587,#2588);
#2587 = CARTESIAN_POINT('',(0.877548417144,1.27));
#2588 = VECTOR('',#2589,1.);
#2589 = DIRECTION('',(-0.894427191,-0.4472135955));
#2590 = ( GEOMETRIC_REPRESENTATION_CONTEXT(2) 
PARAMETRIC_REPRESENTATION_CONTEXT() REPRESENTATION_CONTEXT('2D SPACE',''
  ) );
#2591 = ORIENTED_EDGE('',*,*,#2592,.F.);
#2592 = EDGE_CURVE('',#232,#2570,#2593,.T.);
#2593 = SURFACE_CURVE('',#2594,(#2598,#2605),.PCURVE_S1.);
#2594 = LINE('',#2595,#2596);
#2595 = CARTESIAN_POINT('',(0.,-1.205,5.97));
#2596 = VECTOR('',#2597,1.);
#2597 = DIRECTION('',(0.,1.,-2.22044604925E-16));
#2598 = PCURVE('',#275,#2599);
#2599 = DEFINITIONAL_REPRESENTATION('',(#2600),#2604);
#2600 = LINE('',#2601,#2602);
#2601 = CARTESIAN_POINT('',(2.839806331425,-6.661338147751E-18));
#2602 = VECTOR('',#2603,1.);
#2603 = DIRECTION('',(0.,-1.));
#2604 = ( GEOMETRIC_REPRESENTATION_CONTEXT(2) 
PARAMETRIC_REPRESENTATION_CONTEXT() REPRESENTATION_CONTEXT('2D SPACE',''
  ) );
#2605 = PCURVE('',#247,#2606);
#2606 = DEFINITIONAL_REPRESENTATION('',(#2607),#2611);
#2607 = LINE('',#2608,#2609);
#2608 = CARTESIAN_POINT('',(2.839806331425,-6.661338147751E-18));
#2609 = VECTOR('',#2610,1.);
#2610 = DIRECTION('',(0.,-1.));
#2611 = ( GEOMETRIC_REPRESENTATION_CONTEXT(2) 
PARAMETRIC_REPRESENTATION_CONTEXT() REPRESENTATION_CONTEXT('2D SPACE',''
  ) );
#2612 = ORIENTED_EDGE('',*,*,#259,.F.);
#2613 = ADVANCED_FACE('',(#2614),#247,.F.);
#2614 = FACE_BOUND('',#2615,.F.);
#2615 = EDGE_LOOP('',(#2616,#2617,#2638,#2639));
#2616 = ORIENTED_EDGE('',*,*,#336,.T.);
#2617 = ORIENTED_EDGE('',*,*,#2618,.T.);
#2618 = EDGE_CURVE('',#337,#2570,#2619,.T.);
#2619 = SURFACE_CURVE('',#2620,(#2624,#2631),.PCURVE_S1.);
#2620 = LINE('',#2621,#2622);
#2621 = CARTESIAN_POINT('',(-1.27,-1.098928571429,8.51));
#2622 = VECTOR('',#2623,1.);
#2623 = DIRECTION('',(0.4472135955,-1.986027322598E-16,-0.894427191));
#2624 = PCURVE('',#247,#2625);
#2625 = DEFINITIONAL_REPRESENTATION('',(#2626),#2630);
#2626 = LINE('',#2627,#2628);
#2627 = CARTESIAN_POINT('',(-2.106607552898E-17,-0.106071428571));
#2628 = VECTOR('',#2629,1.);
#2629 = DIRECTION('',(1.,0.));
#2630 = ( GEOMETRIC_REPRESENTATION_CONTEXT(2) 
PARAMETRIC_REPRESENTATION_CONTEXT() REPRESENTATION_CONTEXT('2D SPACE',''
  ) );
#2631 = PCURVE('',#375,#2632);
#2632 = DEFINITIONAL_REPRESENTATION('',(#2633),#2637);
#2633 = LINE('',#2634,#2635);
#2634 = CARTESIAN_POINT('',(0.877548417144,-1.27));
#2635 = VECTOR('',#2636,1.);
#2636 = DIRECTION('',(-0.894427191,0.4472135955));
#2637 = ( GEOMETRIC_REPRESENTATION_CONTEXT(2) 
PARAMETRIC_REPRESENTATION_CONTEXT() REPRESENTATION_CONTEXT('2D SPACE',''
  ) );
#2638 = ORIENTED_EDGE('',*,*,#2592,.F.);
#2639 = ORIENTED_EDGE('',*,*,#231,.F.);
#2640 = ADVANCED_FACE('',(#2641),#375,.F.);
#2641 = FACE_BOUND('',#2642,.F.);
#2642 = EDGE_LOOP('',(#2643,#2644,#2645));
#2643 = ORIENTED_EDGE('',*,*,#359,.T.);
#2644 = ORIENTED_EDGE('',*,*,#2569,.T.);
#2645 = ORIENTED_EDGE('',*,*,#2618,.F.);
#2646 = ADVANCED_FACE('',(#2647),#450,.F.);
#2647 = FACE_BOUND('',#2648,.T.);
#2648 = EDGE_LOOP('',(#2649,#2672,#2673,#2696));
#2649 = ORIENTED_EDGE('',*,*,#2650,.F.);
#2650 = EDGE_CURVE('',#433,#2651,#2653,.T.);
#2651 = VERTEX_POINT('',#2652);
#2652 = CARTESIAN_POINT('',(-0.395,2.145,8.115));
#2653 = SURFACE_CURVE('',#2654,(#2658,#2665),.PCURVE_S1.);
#2654 = LINE('',#2655,#2656);
#2655 = CARTESIAN_POINT('',(-0.658333333333,1.881666666667,
    8.378333333333));
#2656 = VECTOR('',#2657,1.);
#2657 = DIRECTION('',(0.57735026919,0.57735026919,-0.57735026919));
#2658 = PCURVE('',#450,#2659);
#2659 = DEFINITIONAL_REPRESENTATION('',(#2660),#2664);
#2660 = LINE('',#2661,#2662);
#2661 = CARTESIAN_POINT('',(-0.131666666667,-9.310239285623E-02));
#2662 = VECTOR('',#2663,1.);
#2663 = DIRECTION('',(-0.57735026919,0.816496580928));
#2664 = ( GEOMETRIC_REPRESENTATION_CONTEXT(2) 
PARAMETRIC_REPRESENTATION_CONTEXT() REPRESENTATION_CONTEXT('2D SPACE',''
  ) );
#2665 = PCURVE('',#478,#2666);
#2666 = DEFINITIONAL_REPRESENTATION('',(#2667),#2671);
#2667 = LINE('',#2668,#2669);
#2668 = CARTESIAN_POINT('',(0.131666666667,-9.310239285623E-02));
#2669 = VECTOR('',#2670,1.);
#2670 = DIRECTION('',(0.57735026919,0.816496580928));
#2671 = ( GEOMETRIC_REPRESENTATION_CONTEXT(2) 
PARAMETRIC_REPRESENTATION_CONTEXT() REPRESENTATION_CONTEXT('2D SPACE',''
  ) );
#2672 = ORIENTED_EDGE('',*,*,#432,.T.);
#2673 = ORIENTED_EDGE('',*,*,#2674,.T.);
#2674 = EDGE_CURVE('',#435,#2675,#2677,.T.);
#2675 = VERTEX_POINT('',#2676);
#2676 = CARTESIAN_POINT('',(0.395,2.145,8.115));
#2677 = SURFACE_CURVE('',#2678,(#2682,#2689),.PCURVE_S1.);
#2678 = LINE('',#2679,#2680);
#2679 = CARTESIAN_POINT('',(0.395,2.145,8.115));
#2680 = VECTOR('',#2681,1.);
#2681 = DIRECTION('',(-0.57735026919,0.57735026919,-0.57735026919));
#2682 = PCURVE('',#450,#2683);
#2683 = DEFINITIONAL_REPRESENTATION('',(#2684),#2688);
#2684 = LINE('',#2685,#2686);
#2685 = CARTESIAN_POINT('',(-1.185,0.279307178569));
#2686 = VECTOR('',#2687,1.);
#2687 = DIRECTION('',(0.57735026919,0.816496580928));
#2688 = ( GEOMETRIC_REPRESENTATION_CONTEXT(2) 
PARAMETRIC_REPRESENTATION_CONTEXT() REPRESENTATION_CONTEXT('2D SPACE',''
  ) );
#2689 = PCURVE('',#532,#2690);
#2690 = DEFINITIONAL_REPRESENTATION('',(#2691),#2695);
#2691 = LINE('',#2692,#2693);
#2692 = CARTESIAN_POINT('',(0.395,0.279307178569));
#2693 = VECTOR('',#2694,1.);
#2694 = DIRECTION('',(0.57735026919,0.816496580928));
#2695 = ( GEOMETRIC_REPRESENTATION_CONTEXT(2) 
PARAMETRIC_REPRESENTATION_CONTEXT() REPRESENTATION_CONTEXT('2D SPACE',''
  ) );
#2696 = ORIENTED_EDGE('',*,*,#2697,.F.);
#2697 = EDGE_CURVE('',#2651,#2675,#2698,.T.);
#2698 = SURFACE_CURVE('',#2699,(#2703,#2710),.PCURVE_S1.);
#2699 = LINE('',#2700,#2701);
#2700 = CARTESIAN_POINT('',(-0.79,2.145,8.115));
#2701 = VECTOR('',#2702,1.);
#2702 = DIRECTION('',(1.,0.,0.));
#2703 = PCURVE('',#450,#2704);
#2704 = DEFINITIONAL_REPRESENTATION('',(#2705),#2709);
#2705 = LINE('',#2706,#2707);
#2706 = CARTESIAN_POINT('',(-0.,0.279307178569));
#2707 = VECTOR('',#2708,1.);
#2708 = DIRECTION('',(-1.,0.));
#2709 = ( GEOMETRIC_REPRESENTATION_CONTEXT(2) 
PARAMETRIC_REPRESENTATION_CONTEXT() REPRESENTATION_CONTEXT('2D SPACE',''
  ) );
#2710 = PCURVE('',#2711,#2716);
#2711 = PLANE('',#2712);
#2712 = AXIS2_PLACEMENT_3D('',#2713,#2714,#2715);
#2713 = CARTESIAN_POINT('',(-0.395,2.145,1.702));
#2714 = DIRECTION('',(0.,1.,0.));
#2715 = DIRECTION('',(0.,0.,1.));
#2716 = DEFINITIONAL_REPRESENTATION('',(#2717),#2721);
#2717 = LINE('',#2718,#2719);
#2718 = CARTESIAN_POINT('',(6.413,-0.395));
#2719 = VECTOR('',#2720,1.);
#2720 = DIRECTION('',(0.,1.));
#2721 = ( GEOMETRIC_REPRESENTATION_CONTEXT(2) 
PARAMETRIC_REPRESENTATION_CONTEXT() REPRESENTATION_CONTEXT('2D SPACE',''
  ) );
#2722 = ADVANCED_FACE('',(#2723),#532,.T.);
#2723 = FACE_BOUND('',#2724,.T.);
#2724 = EDGE_LOOP('',(#2725,#2726,#2727,#2750));
#2725 = ORIENTED_EDGE('',*,*,#2674,.F.);
#2726 = ORIENTED_EDGE('',*,*,#518,.T.);
#2727 = ORIENTED_EDGE('',*,*,#2728,.T.);
#2728 = EDGE_CURVE('',#491,#2729,#2731,.T.);
#2729 = VERTEX_POINT('',#2730);
#2730 = CARTESIAN_POINT('',(0.395,2.935,8.115));
#2731 = SURFACE_CURVE('',#2732,(#2736,#2743),.PCURVE_S1.);
#2732 = LINE('',#2733,#2734);
#2733 = CARTESIAN_POINT('',(0.131666666667,2.671666666667,7.851666666667
    ));
#2734 = VECTOR('',#2735,1.);
#2735 = DIRECTION('',(-0.57735026919,-0.57735026919,-0.57735026919));
#2736 = PCURVE('',#532,#2737);
#2737 = DEFINITIONAL_REPRESENTATION('',(#2738),#2742);
#2738 = LINE('',#2739,#2740);
#2739 = CARTESIAN_POINT('',(0.921666666667,0.651716749994));
#2740 = VECTOR('',#2741,1.);
#2741 = DIRECTION('',(-0.57735026919,0.816496580928));
#2742 = ( GEOMETRIC_REPRESENTATION_CONTEXT(2) 
PARAMETRIC_REPRESENTATION_CONTEXT() REPRESENTATION_CONTEXT('2D SPACE',''
  ) );
#2743 = PCURVE('',#506,#2744);
#2744 = DEFINITIONAL_REPRESENTATION('',(#2745),#2749);
#2745 = LINE('',#2746,#2747);
#2746 = CARTESIAN_POINT('',(-0.921666666667,0.651716749994));
#2747 = VECTOR('',#2748,1.);
#2748 = DIRECTION('',(0.57735026919,0.816496580928));
#2749 = ( GEOMETRIC_REPRESENTATION_CONTEXT(2) 
PARAMETRIC_REPRESENTATION_CONTEXT() REPRESENTATION_CONTEXT('2D SPACE',''
  ) );
#2750 = ORIENTED_EDGE('',*,*,#2751,.F.);
#2751 = EDGE_CURVE('',#2675,#2729,#2752,.T.);
#2752 = SURFACE_CURVE('',#2753,(#2757,#2764),.PCURVE_S1.);
#2753 = LINE('',#2754,#2755);
#2754 = CARTESIAN_POINT('',(0.395,1.75,8.115));
#2755 = VECTOR('',#2756,1.);
#2756 = DIRECTION('',(0.,1.,0.));
#2757 = PCURVE('',#532,#2758);
#2758 = DEFINITIONAL_REPRESENTATION('',(#2759),#2763);
#2759 = LINE('',#2760,#2761);
#2760 = CARTESIAN_POINT('',(0.,0.279307178569));
#2761 = VECTOR('',#2762,1.);
#2762 = DIRECTION('',(1.,0.));
#2763 = ( GEOMETRIC_REPRESENTATION_CONTEXT(2) 
PARAMETRIC_REPRESENTATION_CONTEXT() REPRESENTATION_CONTEXT('2D SPACE',''
  ) );
#2764 = PCURVE('',#2765,#2770);
#2765 = PLANE('',#2766);
#2766 = AXIS2_PLACEMENT_3D('',#2767,#2768,#2769);
#2767 = CARTESIAN_POINT('',(0.395,2.145,1.702));
#2768 = DIRECTION('',(1.,0.,0.));
#2769 = DIRECTION('',(0.,0.,1.));
#2770 = DEFINITIONAL_REPRESENTATION('',(#2771),#2775);
#2771 = LINE('',#2772,#2773);
#2772 = CARTESIAN_POINT('',(6.413,0.395));
#2773 = VECTOR('',#2774,1.);
#2774 = DIRECTION('',(0.,-1.));
#2775 = ( GEOMETRIC_REPRESENTATION_CONTEXT(2) 
PARAMETRIC_REPRESENTATION_CONTEXT() REPRESENTATION_CONTEXT('2D SPACE',''
  ) );
#2776 = ADVANCED_FACE('',(#2777),#506,.T.);
#2777 = FACE_BOUND('',#2778,.F.);
#2778 = EDGE_LOOP('',(#2779,#2802,#2803,#2804));
#2779 = ORIENTED_EDGE('',*,*,#2780,.F.);
#2780 = EDGE_CURVE('',#463,#2781,#2783,.T.);
#2781 = VERTEX_POINT('',#2782);
#2782 = CARTESIAN_POINT('',(-0.395,2.935,8.115));
#2783 = SURFACE_CURVE('',#2784,(#2788,#2795),.PCURVE_S1.);
#2784 = LINE('',#2785,#2786);
#2785 = CARTESIAN_POINT('',(-0.395,2.935,8.115));
#2786 = VECTOR('',#2787,1.);
#2787 = DIRECTION('',(0.57735026919,-0.57735026919,-0.57735026919));
#2788 = PCURVE('',#506,#2789);
#2789 = DEFINITIONAL_REPRESENTATION('',(#2790),#2794);
#2790 = LINE('',#2791,#2792);
#2791 = CARTESIAN_POINT('',(-0.395,0.279307178569));
#2792 = VECTOR('',#2793,1.);
#2793 = DIRECTION('',(-0.57735026919,0.816496580928));
#2794 = ( GEOMETRIC_REPRESENTATION_CONTEXT(2) 
PARAMETRIC_REPRESENTATION_CONTEXT() REPRESENTATION_CONTEXT('2D SPACE',''
  ) );
#2795 = PCURVE('',#478,#2796);
#2796 = DEFINITIONAL_REPRESENTATION('',(#2797),#2801);
#2797 = LINE('',#2798,#2799);
#2798 = CARTESIAN_POINT('',(1.185,0.279307178569));
#2799 = VECTOR('',#2800,1.);
#2800 = DIRECTION('',(-0.57735026919,0.816496580928));
#2801 = ( GEOMETRIC_REPRESENTATION_CONTEXT(2) 
PARAMETRIC_REPRESENTATION_CONTEXT() REPRESENTATION_CONTEXT('2D SPACE',''
  ) );
#2802 = ORIENTED_EDGE('',*,*,#490,.T.);
#2803 = ORIENTED_EDGE('',*,*,#2728,.T.);
#2804 = ORIENTED_EDGE('',*,*,#2805,.F.);
#2805 = EDGE_CURVE('',#2781,#2729,#2806,.T.);
#2806 = SURFACE_CURVE('',#2807,(#2811,#2818),.PCURVE_S1.);
#2807 = LINE('',#2808,#2809);
#2808 = CARTESIAN_POINT('',(-0.79,2.935,8.115));
#2809 = VECTOR('',#2810,1.);
#2810 = DIRECTION('',(1.,0.,0.));
#2811 = PCURVE('',#506,#2812);
#2812 = DEFINITIONAL_REPRESENTATION('',(#2813),#2817);
#2813 = LINE('',#2814,#2815);
#2814 = CARTESIAN_POINT('',(-0.,0.279307178569));
#2815 = VECTOR('',#2816,1.);
#2816 = DIRECTION('',(-1.,0.));
#2817 = ( GEOMETRIC_REPRESENTATION_CONTEXT(2) 
PARAMETRIC_REPRESENTATION_CONTEXT() REPRESENTATION_CONTEXT('2D SPACE',''
  ) );
#2818 = PCURVE('',#2819,#2824);
#2819 = PLANE('',#2820);
#2820 = AXIS2_PLACEMENT_3D('',#2821,#2822,#2823);
#2821 = CARTESIAN_POINT('',(-0.395,2.935,1.702));
#2822 = DIRECTION('',(0.,1.,0.));
#2823 = DIRECTION('',(0.,0.,1.));
#2824 = DEFINITIONAL_REPRESENTATION('',(#2825),#2829);
#2825 = LINE('',#2826,#2827);
#2826 = CARTESIAN_POINT('',(6.413,-0.395));
#2827 = VECTOR('',#2828,1.);
#2828 = DIRECTION('',(0.,1.));
#2829 = ( GEOMETRIC_REPRESENTATION_CONTEXT(2) 
PARAMETRIC_REPRESENTATION_CONTEXT() REPRESENTATION_CONTEXT('2D SPACE',''
  ) );
#2830 = ADVANCED_FACE('',(#2831),#478,.F.);
#2831 = FACE_BOUND('',#2832,.F.);
#2832 = EDGE_LOOP('',(#2833,#2834,#2835,#2836));
#2833 = ORIENTED_EDGE('',*,*,#2650,.F.);
#2834 = ORIENTED_EDGE('',*,*,#462,.T.);
#2835 = ORIENTED_EDGE('',*,*,#2780,.T.);
#2836 = ORIENTED_EDGE('',*,*,#2837,.F.);
#2837 = EDGE_CURVE('',#2651,#2781,#2838,.T.);
#2838 = SURFACE_CURVE('',#2839,(#2843,#2850),.PCURVE_S1.);
#2839 = LINE('',#2840,#2841);
#2840 = CARTESIAN_POINT('',(-0.395,1.75,8.115));
#2841 = VECTOR('',#2842,1.);
#2842 = DIRECTION('',(0.,1.,0.));
#2843 = PCURVE('',#478,#2844);
#2844 = DEFINITIONAL_REPRESENTATION('',(#2845),#2849);
#2845 = LINE('',#2846,#2847);
#2846 = CARTESIAN_POINT('',(0.,0.279307178569));
#2847 = VECTOR('',#2848,1.);
#2848 = DIRECTION('',(1.,0.));
#2849 = ( GEOMETRIC_REPRESENTATION_CONTEXT(2) 
PARAMETRIC_REPRESENTATION_CONTEXT() REPRESENTATION_CONTEXT('2D SPACE',''
  ) );
#2850 = PCURVE('',#2851,#2856);
#2851 = PLANE('',#2852);
#2852 = AXIS2_PLACEMENT_3D('',#2853,#2854,#2855);
#2853 = CARTESIAN_POINT('',(-0.395,2.145,1.702));
#2854 = DIRECTION('',(1.,0.,0.));
#2855 = DIRECTION('',(0.,0.,1.));
#2856 = DEFINITIONAL_REPRESENTATION('',(#2857),#2861);
#2857 = LINE('',#2858,#2859);
#2858 = CARTESIAN_POINT('',(6.413,0.395));
#2859 = VECTOR('',#2860,1.);
#2860 = DIRECTION('',(0.,-1.));
#2861 = ( GEOMETRIC_REPRESENTATION_CONTEXT(2) 
PARAMETRIC_REPRESENTATION_CONTEXT() REPRESENTATION_CONTEXT('2D SPACE',''
  ) );
#2862 = ADVANCED_FACE('',(#2863),#564,.F.);
#2863 = FACE_BOUND('',#2864,.T.);
#2864 = EDGE_LOOP('',(#2865,#2888,#2889,#2912));
#2865 = ORIENTED_EDGE('',*,*,#2866,.F.);
#2866 = EDGE_CURVE('',#547,#2867,#2869,.T.);
#2867 = VERTEX_POINT('',#2868);
#2868 = CARTESIAN_POINT('',(-2.935,2.145,8.115));
#2869 = SURFACE_CURVE('',#2870,(#2874,#2881),.PCURVE_S1.);
#2870 = LINE('',#2871,#2872);
#2871 = CARTESIAN_POINT('',(-3.198333333333,1.881666666667,
    8.378333333333));
#2872 = VECTOR('',#2873,1.);
#2873 = DIRECTION('',(0.57735026919,0.57735026919,-0.57735026919));
#2874 = PCURVE('',#564,#2875);
#2875 = DEFINITIONAL_REPRESENTATION('',(#2876),#2880);
#2876 = LINE('',#2877,#2878);
#2877 = CARTESIAN_POINT('',(-0.131666666667,-9.310239285623E-02));
#2878 = VECTOR('',#2879,1.);
#2879 = DIRECTION('',(-0.57735026919,0.816496580928));
#2880 = ( GEOMETRIC_REPRESENTATION_CONTEXT(2) 
PARAMETRIC_REPRESENTATION_CONTEXT() REPRESENTATION_CONTEXT('2D SPACE',''
  ) );
#2881 = PCURVE('',#592,#2882);
#2882 = DEFINITIONAL_REPRESENTATION('',(#2883),#2887);
#2883 = LINE('',#2884,#2885);
#2884 = CARTESIAN_POINT('',(0.131666666667,-9.310239285623E-02));
#2885 = VECTOR('',#2886,1.);
#2886 = DIRECTION('',(0.57735026919,0.816496580928));
#2887 = ( GEOMETRIC_REPRESENTATION_CONTEXT(2) 
PARAMETRIC_REPRESENTATION_CONTEXT() REPRESENTATION_CONTEXT('2D SPACE',''
  ) );
#2888 = ORIENTED_EDGE('',*,*,#546,.T.);
#2889 = ORIENTED_EDGE('',*,*,#2890,.T.);
#2890 = EDGE_CURVE('',#549,#2891,#2893,.T.);
#2891 = VERTEX_POINT('',#2892);
#2892 = CARTESIAN_POINT('',(-2.145,2.145,8.115));
#2893 = SURFACE_CURVE('',#2894,(#2898,#2905),.PCURVE_S1.);
#2894 = LINE('',#2895,#2896);
#2895 = CARTESIAN_POINT('',(-2.145,2.145,8.115));
#2896 = VECTOR('',#2897,1.);
#2897 = DIRECTION('',(-0.57735026919,0.57735026919,-0.57735026919));
#2898 = PCURVE('',#564,#2899);
#2899 = DEFINITIONAL_REPRESENTATION('',(#2900),#2904);
#2900 = LINE('',#2901,#2902);
#2901 = CARTESIAN_POINT('',(-1.185,0.279307178569));
#2902 = VECTOR('',#2903,1.);
#2903 = DIRECTION('',(0.57735026919,0.816496580928));
#2904 = ( GEOMETRIC_REPRESENTATION_CONTEXT(2) 
PARAMETRIC_REPRESENTATION_CONTEXT() REPRESENTATION_CONTEXT('2D SPACE',''
  ) );
#2905 = PCURVE('',#646,#2906);
#2906 = DEFINITIONAL_REPRESENTATION('',(#2907),#2911);
#2907 = LINE('',#2908,#2909);
#2908 = CARTESIAN_POINT('',(0.395,0.279307178569));
#2909 = VECTOR('',#2910,1.);
#2910 = DIRECTION('',(0.57735026919,0.816496580928));
#2911 = ( GEOMETRIC_REPRESENTATION_CONTEXT(2) 
PARAMETRIC_REPRESENTATION_CONTEXT() REPRESENTATION_CONTEXT('2D SPACE',''
  ) );
#2912 = ORIENTED_EDGE('',*,*,#2913,.F.);
#2913 = EDGE_CURVE('',#2867,#2891,#2914,.T.);
#2914 = SURFACE_CURVE('',#2915,(#2919,#2926),.PCURVE_S1.);
#2915 = LINE('',#2916,#2917);
#2916 = CARTESIAN_POINT('',(-3.33,2.145,8.115));
#2917 = VECTOR('',#2918,1.);
#2918 = DIRECTION('',(1.,0.,0.));
#2919 = PCURVE('',#564,#2920);
#2920 = DEFINITIONAL_REPRESENTATION('',(#2921),#2925);
#2921 = LINE('',#2922,#2923);
#2922 = CARTESIAN_POINT('',(-0.,0.279307178569));
#2923 = VECTOR('',#2924,1.);
#2924 = DIRECTION('',(-1.,0.));
#2925 = ( GEOMETRIC_REPRESENTATION_CONTEXT(2) 
PARAMETRIC_REPRESENTATION_CONTEXT() REPRESENTATION_CONTEXT('2D SPACE',''
  ) );
#2926 = PCURVE('',#2927,#2932);
#2927 = PLANE('',#2928);
#2928 = AXIS2_PLACEMENT_3D('',#2929,#2930,#2931);
#2929 = CARTESIAN_POINT('',(-2.935,2.145,1.702));
#2930 = DIRECTION('',(0.,1.,0.));
#2931 = DIRECTION('',(0.,0.,1.));
#2932 = DEFINITIONAL_REPRESENTATION('',(#2933),#2937);
#2933 = LINE('',#2934,#2935);
#2934 = CARTESIAN_POINT('',(6.413,-0.395));
#2935 = VECTOR('',#2936,1.);
#2936 = DIRECTION('',(0.,1.));
#2937 = ( GEOMETRIC_REPRESENTATION_CONTEXT(2) 
PARAMETRIC_REPRESENTATION_CONTEXT() REPRESENTATION_CONTEXT('2D SPACE',''
  ) );
#2938 = ADVANCED_FACE('',(#2939),#646,.T.);
#2939 = FACE_BOUND('',#2940,.T.);
#2940 = EDGE_LOOP('',(#2941,#2942,#2943,#2966));
#2941 = ORIENTED_EDGE('',*,*,#2890,.F.);
#2942 = ORIENTED_EDGE('',*,*,#632,.T.);
#2943 = ORIENTED_EDGE('',*,*,#2944,.T.);
#2944 = EDGE_CURVE('',#605,#2945,#2947,.T.);
#2945 = VERTEX_POINT('',#2946);
#2946 = CARTESIAN_POINT('',(-2.145,2.935,8.115));
#2947 = SURFACE_CURVE('',#2948,(#2952,#2959),.PCURVE_S1.);
#2948 = LINE('',#2949,#2950);
#2949 = CARTESIAN_POINT('',(-2.408333333333,2.671666666667,
    7.851666666667));
#2950 = VECTOR('',#2951,1.);
#2951 = DIRECTION('',(-0.57735026919,-0.57735026919,-0.57735026919));
#2952 = PCURVE('',#646,#2953);
#2953 = DEFINITIONAL_REPRESENTATION('',(#2954),#2958);
#2954 = LINE('',#2955,#2956);
#2955 = CARTESIAN_POINT('',(0.921666666667,0.651716749994));
#2956 = VECTOR('',#2957,1.);
#2957 = DIRECTION('',(-0.57735026919,0.816496580928));
#2958 = ( GEOMETRIC_REPRESENTATION_CONTEXT(2) 
PARAMETRIC_REPRESENTATION_CONTEXT() REPRESENTATION_CONTEXT('2D SPACE',''
  ) );
#2959 = PCURVE('',#620,#2960);
#2960 = DEFINITIONAL_REPRESENTATION('',(#2961),#2965);
#2961 = LINE('',#2962,#2963);
#2962 = CARTESIAN_POINT('',(-0.921666666667,0.651716749994));
#2963 = VECTOR('',#2964,1.);
#2964 = DIRECTION('',(0.57735026919,0.816496580928));
#2965 = ( GEOMETRIC_REPRESENTATION_CONTEXT(2) 
PARAMETRIC_REPRESENTATION_CONTEXT() REPRESENTATION_CONTEXT('2D SPACE',''
  ) );
#2966 = ORIENTED_EDGE('',*,*,#2967,.F.);
#2967 = EDGE_CURVE('',#2891,#2945,#2968,.T.);
#2968 = SURFACE_CURVE('',#2969,(#2973,#2980),.PCURVE_S1.);
#2969 = LINE('',#2970,#2971);
#2970 = CARTESIAN_POINT('',(-2.145,1.75,8.115));
#2971 = VECTOR('',#2972,1.);
#2972 = DIRECTION('',(0.,1.,0.));
#2973 = PCURVE('',#646,#2974);
#2974 = DEFINITIONAL_REPRESENTATION('',(#2975),#2979);
#2975 = LINE('',#2976,#2977);
#2976 = CARTESIAN_POINT('',(0.,0.279307178569));
#2977 = VECTOR('',#2978,1.);
#2978 = DIRECTION('',(1.,0.));
#2979 = ( GEOMETRIC_REPRESENTATION_CONTEXT(2) 
PARAMETRIC_REPRESENTATION_CONTEXT() REPRESENTATION_CONTEXT('2D SPACE',''
  ) );
#2980 = PCURVE('',#2981,#2986);
#2981 = PLANE('',#2982);
#2982 = AXIS2_PLACEMENT_3D('',#2983,#2984,#2985);
#2983 = CARTESIAN_POINT('',(-2.145,2.145,1.702));
#2984 = DIRECTION('',(1.,0.,0.));
#2985 = DIRECTION('',(0.,0.,1.));
#2986 = DEFINITIONAL_REPRESENTATION('',(#2987),#2991);
#2987 = LINE('',#2988,#2989);
#2988 = CARTESIAN_POINT('',(6.413,0.395));
#2989 = VECTOR('',#2990,1.);
#2990 = DIRECTION('',(0.,-1.));
#2991 = ( GEOMETRIC_REPRESENTATION_CONTEXT(2) 
PARAMETRIC_REPRESENTATION_CONTEXT() REPRESENTATION_CONTEXT('2D SPACE',''
  ) );
#2992 = ADVANCED_FACE('',(#2993),#620,.T.);
#2993 = FACE_BOUND('',#2994,.F.);
#2994 = EDGE_LOOP('',(#2995,#3018,#3019,#3020));
#2995 = ORIENTED_EDGE('',*,*,#2996,.F.);
#2996 = EDGE_CURVE('',#577,#2997,#2999,.T.);
#2997 = VERTEX_POINT('',#2998);
#2998 = CARTESIAN_POINT('',(-2.935,2.935,8.115));
#2999 = SURFACE_CURVE('',#3000,(#3004,#3011),.PCURVE_S1.);
#3000 = LINE('',#3001,#3002);
#3001 = CARTESIAN_POINT('',(-2.935,2.935,8.115));
#3002 = VECTOR('',#3003,1.);
#3003 = DIRECTION('',(0.57735026919,-0.57735026919,-0.57735026919));
#3004 = PCURVE('',#620,#3005);
#3005 = DEFINITIONAL_REPRESENTATION('',(#3006),#3010);
#3006 = LINE('',#3007,#3008);
#3007 = CARTESIAN_POINT('',(-0.395,0.279307178569));
#3008 = VECTOR('',#3009,1.);
#3009 = DIRECTION('',(-0.57735026919,0.816496580928));
#3010 = ( GEOMETRIC_REPRESENTATION_CONTEXT(2) 
PARAMETRIC_REPRESENTATION_CONTEXT() REPRESENTATION_CONTEXT('2D SPACE',''
  ) );
#3011 = PCURVE('',#592,#3012);
#3012 = DEFINITIONAL_REPRESENTATION('',(#3013),#3017);
#3013 = LINE('',#3014,#3015);
#3014 = CARTESIAN_POINT('',(1.185,0.279307178569));
#3015 = VECTOR('',#3016,1.);
#3016 = DIRECTION('',(-0.57735026919,0.816496580928));
#3017 = ( GEOMETRIC_REPRESENTATION_CONTEXT(2) 
PARAMETRIC_REPRESENTATION_CONTEXT() REPRESENTATION_CONTEXT('2D SPACE',''
  ) );
#3018 = ORIENTED_EDGE('',*,*,#604,.T.);
#3019 = ORIENTED_EDGE('',*,*,#2944,.T.);
#3020 = ORIENTED_EDGE('',*,*,#3021,.F.);
#3021 = EDGE_CURVE('',#2997,#2945,#3022,.T.);
#3022 = SURFACE_CURVE('',#3023,(#3027,#3034),.PCURVE_S1.);
#3023 = LINE('',#3024,#3025);
#3024 = CARTESIAN_POINT('',(-3.33,2.935,8.115));
#3025 = VECTOR('',#3026,1.);
#3026 = DIRECTION('',(1.,0.,0.));
#3027 = PCURVE('',#620,#3028);
#3028 = DEFINITIONAL_REPRESENTATION('',(#3029),#3033);
#3029 = LINE('',#3030,#3031);
#3030 = CARTESIAN_POINT('',(-0.,0.279307178569));
#3031 = VECTOR('',#3032,1.);
#3032 = DIRECTION('',(-1.,0.));
#3033 = ( GEOMETRIC_REPRESENTATION_CONTEXT(2) 
PARAMETRIC_REPRESENTATION_CONTEXT() REPRESENTATION_CONTEXT('2D SPACE',''
  ) );
#3034 = PCURVE('',#3035,#3040);
#3035 = PLANE('',#3036);
#3036 = AXIS2_PLACEMENT_3D('',#3037,#3038,#3039);
#3037 = CARTESIAN_POINT('',(-2.935,2.935,1.702));
#3038 = DIRECTION('',(0.,1.,0.));
#3039 = DIRECTION('',(0.,0.,1.));
#3040 = DEFINITIONAL_REPRESENTATION('',(#3041),#3045);
#3041 = LINE('',#3042,#3043);
#3042 = CARTESIAN_POINT('',(6.413,-0.395));
#3043 = VECTOR('',#3044,1.);
#3044 = DIRECTION('',(0.,1.));
#3045 = ( GEOMETRIC_REPRESENTATION_CONTEXT(2) 
PARAMETRIC_REPRESENTATION_CONTEXT() REPRESENTATION_CONTEXT('2D SPACE',''
  ) );
#3046 = ADVANCED_FACE('',(#3047),#592,.F.);
#3047 = FACE_BOUND('',#3048,.F.);
#3048 = EDGE_LOOP('',(#3049,#3050,#3051,#3052));
#3049 = ORIENTED_EDGE('',*,*,#2866,.F.);
#3050 = ORIENTED_EDGE('',*,*,#576,.T.);
#3051 = ORIENTED_EDGE('',*,*,#2996,.T.);
#3052 = ORIENTED_EDGE('',*,*,#3053,.F.);
#3053 = EDGE_CURVE('',#2867,#2997,#3054,.T.);
#3054 = SURFACE_CURVE('',#3055,(#3059,#3066),.PCURVE_S1.);
#3055 = LINE('',#3056,#3057);
#3056 = CARTESIAN_POINT('',(-2.935,1.75,8.115));
#3057 = VECTOR('',#3058,1.);
#3058 = DIRECTION('',(0.,1.,0.));
#3059 = PCURVE('',#592,#3060);
#3060 = DEFINITIONAL_REPRESENTATION('',(#3061),#3065);
#3061 = LINE('',#3062,#3063);
#3062 = CARTESIAN_POINT('',(0.,0.279307178569));
#3063 = VECTOR('',#3064,1.);
#3064 = DIRECTION('',(1.,0.));
#3065 = ( GEOMETRIC_REPRESENTATION_CONTEXT(2) 
PARAMETRIC_REPRESENTATION_CONTEXT() REPRESENTATION_CONTEXT('2D SPACE',''
  ) );
#3066 = PCURVE('',#3067,#3072);
#3067 = PLANE('',#3068);
#3068 = AXIS2_PLACEMENT_3D('',#3069,#3070,#3071);
#3069 = CARTESIAN_POINT('',(-2.935,2.145,1.702));
#3070 = DIRECTION('',(1.,0.,0.));
#3071 = DIRECTION('',(0.,0.,1.));
#3072 = DEFINITIONAL_REPRESENTATION('',(#3073),#3077);
#3073 = LINE('',#3074,#3075);
#3074 = CARTESIAN_POINT('',(6.413,0.395));
#3075 = VECTOR('',#3076,1.);
#3076 = DIRECTION('',(0.,-1.));
#3077 = ( GEOMETRIC_REPRESENTATION_CONTEXT(2) 
PARAMETRIC_REPRESENTATION_CONTEXT() REPRESENTATION_CONTEXT('2D SPACE',''
  ) );
#3078 = ADVANCED_FACE('',(#3079),#678,.T.);
#3079 = FACE_BOUND('',#3080,.T.);
#3080 = EDGE_LOOP('',(#3081,#3104,#3105,#3128));
#3081 = ORIENTED_EDGE('',*,*,#3082,.F.);
#3082 = EDGE_CURVE('',#661,#3083,#3085,.T.);
#3083 = VERTEX_POINT('',#3084);
#3084 = CARTESIAN_POINT('',(-4.685,2.145,8.115));
#3085 = SURFACE_CURVE('',#3086,(#3090,#3097),.PCURVE_S1.);
#3086 = LINE('',#3087,#3088);
#3087 = CARTESIAN_POINT('',(-4.685,2.145,8.115));
#3088 = VECTOR('',#3089,1.);
#3089 = DIRECTION('',(-0.57735026919,0.57735026919,-0.57735026919));
#3090 = PCURVE('',#678,#3091);
#3091 = DEFINITIONAL_REPRESENTATION('',(#3092),#3096);
#3092 = LINE('',#3093,#3094);
#3093 = CARTESIAN_POINT('',(0.395,0.279307178569));
#3094 = VECTOR('',#3095,1.);
#3095 = DIRECTION('',(0.57735026919,0.816496580928));
#3096 = ( GEOMETRIC_REPRESENTATION_CONTEXT(2) 
PARAMETRIC_REPRESENTATION_CONTEXT() REPRESENTATION_CONTEXT('2D SPACE',''
  ) );
#3097 = PCURVE('',#706,#3098);
#3098 = DEFINITIONAL_REPRESENTATION('',(#3099),#3103);
#3099 = LINE('',#3100,#3101);
#3100 = CARTESIAN_POINT('',(-1.185,0.279307178569));
#3101 = VECTOR('',#3102,1.);
#3102 = DIRECTION('',(0.57735026919,0.816496580928));
#3103 = ( GEOMETRIC_REPRESENTATION_CONTEXT(2) 
PARAMETRIC_REPRESENTATION_CONTEXT() REPRESENTATION_CONTEXT('2D SPACE',''
  ) );
#3104 = ORIENTED_EDGE('',*,*,#660,.T.);
#3105 = ORIENTED_EDGE('',*,*,#3106,.T.);
#3106 = EDGE_CURVE('',#663,#3107,#3109,.T.);
#3107 = VERTEX_POINT('',#3108);
#3108 = CARTESIAN_POINT('',(-4.685,2.935,8.115));
#3109 = SURFACE_CURVE('',#3110,(#3114,#3121),.PCURVE_S1.);
#3110 = LINE('',#3111,#3112);
#3111 = CARTESIAN_POINT('',(-4.948333333333,2.671666666667,
    7.851666666667));
#3112 = VECTOR('',#3113,1.);
#3113 = DIRECTION('',(-0.57735026919,-0.57735026919,-0.57735026919));
#3114 = PCURVE('',#678,#3115);
#3115 = DEFINITIONAL_REPRESENTATION('',(#3116),#3120);
#3116 = LINE('',#3117,#3118);
#3117 = CARTESIAN_POINT('',(0.921666666667,0.651716749994));
#3118 = VECTOR('',#3119,1.);
#3119 = DIRECTION('',(-0.57735026919,0.816496580928));
#3120 = ( GEOMETRIC_REPRESENTATION_CONTEXT(2) 
PARAMETRIC_REPRESENTATION_CONTEXT() REPRESENTATION_CONTEXT('2D SPACE',''
  ) );
#3121 = PCURVE('',#760,#3122);
#3122 = DEFINITIONAL_REPRESENTATION('',(#3123),#3127);
#3123 = LINE('',#3124,#3125);
#3124 = CARTESIAN_POINT('',(-0.921666666667,0.651716749994));
#3125 = VECTOR('',#3126,1.);
#3126 = DIRECTION('',(0.57735026919,0.816496580928));
#3127 = ( GEOMETRIC_REPRESENTATION_CONTEXT(2) 
PARAMETRIC_REPRESENTATION_CONTEXT() REPRESENTATION_CONTEXT('2D SPACE',''
  ) );
#3128 = ORIENTED_EDGE('',*,*,#3129,.F.);
#3129 = EDGE_CURVE('',#3083,#3107,#3130,.T.);
#3130 = SURFACE_CURVE('',#3131,(#3135,#3142),.PCURVE_S1.);
#3131 = LINE('',#3132,#3133);
#3132 = CARTESIAN_POINT('',(-4.685,1.75,8.115));
#3133 = VECTOR('',#3134,1.);
#3134 = DIRECTION('',(0.,1.,0.));
#3135 = PCURVE('',#678,#3136);
#3136 = DEFINITIONAL_REPRESENTATION('',(#3137),#3141);
#3137 = LINE('',#3138,#3139);
#3138 = CARTESIAN_POINT('',(0.,0.279307178569));
#3139 = VECTOR('',#3140,1.);
#3140 = DIRECTION('',(1.,0.));
#3141 = ( GEOMETRIC_REPRESENTATION_CONTEXT(2) 
PARAMETRIC_REPRESENTATION_CONTEXT() REPRESENTATION_CONTEXT('2D SPACE',''
  ) );
#3142 = PCURVE('',#3143,#3148);
#3143 = PLANE('',#3144);
#3144 = AXIS2_PLACEMENT_3D('',#3145,#3146,#3147);
#3145 = CARTESIAN_POINT('',(-4.685,2.145,1.702));
#3146 = DIRECTION('',(1.,0.,0.));
#3147 = DIRECTION('',(0.,0.,1.));
#3148 = DEFINITIONAL_REPRESENTATION('',(#3149),#3153);
#3149 = LINE('',#3150,#3151);
#3150 = CARTESIAN_POINT('',(6.413,0.395));
#3151 = VECTOR('',#3152,1.);
#3152 = DIRECTION('',(0.,-1.));
#3153 = ( GEOMETRIC_REPRESENTATION_CONTEXT(2) 
PARAMETRIC_REPRESENTATION_CONTEXT() REPRESENTATION_CONTEXT('2D SPACE',''
  ) );
#3154 = ADVANCED_FACE('',(#3155),#760,.T.);
#3155 = FACE_BOUND('',#3156,.F.);
#3156 = EDGE_LOOP('',(#3157,#3180,#3181,#3182));
#3157 = ORIENTED_EDGE('',*,*,#3158,.F.);
#3158 = EDGE_CURVE('',#719,#3159,#3161,.T.);
#3159 = VERTEX_POINT('',#3160);
#3160 = CARTESIAN_POINT('',(-5.475,2.935,8.115));
#3161 = SURFACE_CURVE('',#3162,(#3166,#3173),.PCURVE_S1.);
#3162 = LINE('',#3163,#3164);
#3163 = CARTESIAN_POINT('',(-5.475,2.935,8.115));
#3164 = VECTOR('',#3165,1.);
#3165 = DIRECTION('',(0.57735026919,-0.57735026919,-0.57735026919));
#3166 = PCURVE('',#760,#3167);
#3167 = DEFINITIONAL_REPRESENTATION('',(#3168),#3172);
#3168 = LINE('',#3169,#3170);
#3169 = CARTESIAN_POINT('',(-0.395,0.279307178569));
#3170 = VECTOR('',#3171,1.);
#3171 = DIRECTION('',(-0.57735026919,0.816496580928));
#3172 = ( GEOMETRIC_REPRESENTATION_CONTEXT(2) 
PARAMETRIC_REPRESENTATION_CONTEXT() REPRESENTATION_CONTEXT('2D SPACE',''
  ) );
#3173 = PCURVE('',#734,#3174);
#3174 = DEFINITIONAL_REPRESENTATION('',(#3175),#3179);
#3175 = LINE('',#3176,#3177);
#3176 = CARTESIAN_POINT('',(1.185,0.279307178569));
#3177 = VECTOR('',#3178,1.);
#3178 = DIRECTION('',(-0.57735026919,0.816496580928));
#3179 = ( GEOMETRIC_REPRESENTATION_CONTEXT(2) 
PARAMETRIC_REPRESENTATION_CONTEXT() REPRESENTATION_CONTEXT('2D SPACE',''
  ) );
#3180 = ORIENTED_EDGE('',*,*,#746,.T.);
#3181 = ORIENTED_EDGE('',*,*,#3106,.T.);
#3182 = ORIENTED_EDGE('',*,*,#3183,.F.);
#3183 = EDGE_CURVE('',#3159,#3107,#3184,.T.);
#3184 = SURFACE_CURVE('',#3185,(#3189,#3196),.PCURVE_S1.);
#3185 = LINE('',#3186,#3187);
#3186 = CARTESIAN_POINT('',(-5.87,2.935,8.115));
#3187 = VECTOR('',#3188,1.);
#3188 = DIRECTION('',(1.,0.,0.));
#3189 = PCURVE('',#760,#3190);
#3190 = DEFINITIONAL_REPRESENTATION('',(#3191),#3195);
#3191 = LINE('',#3192,#3193);
#3192 = CARTESIAN_POINT('',(-0.,0.279307178569));
#3193 = VECTOR('',#3194,1.);
#3194 = DIRECTION('',(-1.,0.));
#3195 = ( GEOMETRIC_REPRESENTATION_CONTEXT(2) 
PARAMETRIC_REPRESENTATION_CONTEXT() REPRESENTATION_CONTEXT('2D SPACE',''
  ) );
#3196 = PCURVE('',#3197,#3202);
#3197 = PLANE('',#3198);
#3198 = AXIS2_PLACEMENT_3D('',#3199,#3200,#3201);
#3199 = CARTESIAN_POINT('',(-5.475,2.935,1.702));
#3200 = DIRECTION('',(0.,1.,0.));
#3201 = DIRECTION('',(0.,0.,1.));
#3202 = DEFINITIONAL_REPRESENTATION('',(#3203),#3207);
#3203 = LINE('',#3204,#3205);
#3204 = CARTESIAN_POINT('',(6.413,-0.395));
#3205 = VECTOR('',#3206,1.);
#3206 = DIRECTION('',(0.,1.));
#3207 = ( GEOMETRIC_REPRESENTATION_CONTEXT(2) 
PARAMETRIC_REPRESENTATION_CONTEXT() REPRESENTATION_CONTEXT('2D SPACE',''
  ) );
#3208 = ADVANCED_FACE('',(#3209),#734,.F.);
#3209 = FACE_BOUND('',#3210,.F.);
#3210 = EDGE_LOOP('',(#3211,#3234,#3235,#3236));
#3211 = ORIENTED_EDGE('',*,*,#3212,.F.);
#3212 = EDGE_CURVE('',#691,#3213,#3215,.T.);
#3213 = VERTEX_POINT('',#3214);
#3214 = CARTESIAN_POINT('',(-5.475,2.145,8.115));
#3215 = SURFACE_CURVE('',#3216,(#3220,#3227),.PCURVE_S1.);
#3216 = LINE('',#3217,#3218);
#3217 = CARTESIAN_POINT('',(-5.738333333333,1.881666666667,
    8.378333333333));
#3218 = VECTOR('',#3219,1.);
#3219 = DIRECTION('',(0.57735026919,0.57735026919,-0.57735026919));
#3220 = PCURVE('',#734,#3221);
#3221 = DEFINITIONAL_REPRESENTATION('',(#3222),#3226);
#3222 = LINE('',#3223,#3224);
#3223 = CARTESIAN_POINT('',(0.131666666667,-9.310239285623E-02));
#3224 = VECTOR('',#3225,1.);
#3225 = DIRECTION('',(0.57735026919,0.816496580928));
#3226 = ( GEOMETRIC_REPRESENTATION_CONTEXT(2) 
PARAMETRIC_REPRESENTATION_CONTEXT() REPRESENTATION_CONTEXT('2D SPACE',''
  ) );
#3227 = PCURVE('',#706,#3228);
#3228 = DEFINITIONAL_REPRESENTATION('',(#3229),#3233);
#3229 = LINE('',#3230,#3231);
#3230 = CARTESIAN_POINT('',(-0.131666666667,-9.310239285623E-02));
#3231 = VECTOR('',#3232,1.);
#3232 = DIRECTION('',(-0.57735026919,0.816496580928));
#3233 = ( GEOMETRIC_REPRESENTATION_CONTEXT(2) 
PARAMETRIC_REPRESENTATION_CONTEXT() REPRESENTATION_CONTEXT('2D SPACE',''
  ) );
#3234 = ORIENTED_EDGE('',*,*,#718,.T.);
#3235 = ORIENTED_EDGE('',*,*,#3158,.T.);
#3236 = ORIENTED_EDGE('',*,*,#3237,.F.);
#3237 = EDGE_CURVE('',#3213,#3159,#3238,.T.);
#3238 = SURFACE_CURVE('',#3239,(#3243,#3250),.PCURVE_S1.);
#3239 = LINE('',#3240,#3241);
#3240 = CARTESIAN_POINT('',(-5.475,1.75,8.115));
#3241 = VECTOR('',#3242,1.);
#3242 = DIRECTION('',(0.,1.,0.));
#3243 = PCURVE('',#734,#3244);
#3244 = DEFINITIONAL_REPRESENTATION('',(#3245),#3249);
#3245 = LINE('',#3246,#3247);
#3246 = CARTESIAN_POINT('',(0.,0.279307178569));
#3247 = VECTOR('',#3248,1.);
#3248 = DIRECTION('',(1.,0.));
#3249 = ( GEOMETRIC_REPRESENTATION_CONTEXT(2) 
PARAMETRIC_REPRESENTATION_CONTEXT() REPRESENTATION_CONTEXT('2D SPACE',''
  ) );
#3250 = PCURVE('',#3251,#3256);
#3251 = PLANE('',#3252);
#3252 = AXIS2_PLACEMENT_3D('',#3253,#3254,#3255);
#3253 = CARTESIAN_POINT('',(-5.475,2.145,1.702));
#3254 = DIRECTION('',(1.,0.,0.));
#3255 = DIRECTION('',(0.,0.,1.));
#3256 = DEFINITIONAL_REPRESENTATION('',(#3257),#3261);
#3257 = LINE('',#3258,#3259);
#3258 = CARTESIAN_POINT('',(6.413,0.395));
#3259 = VECTOR('',#3260,1.);
#3260 = DIRECTION('',(0.,-1.));
#3261 = ( GEOMETRIC_REPRESENTATION_CONTEXT(2) 
PARAMETRIC_REPRESENTATION_CONTEXT() REPRESENTATION_CONTEXT('2D SPACE',''
  ) );
#3262 = ADVANCED_FACE('',(#3263),#706,.F.);
#3263 = FACE_BOUND('',#3264,.T.);
#3264 = EDGE_LOOP('',(#3265,#3266,#3267,#3268));
#3265 = ORIENTED_EDGE('',*,*,#3212,.F.);
#3266 = ORIENTED_EDGE('',*,*,#690,.T.);
#3267 = ORIENTED_EDGE('',*,*,#3082,.T.);
#3268 = ORIENTED_EDGE('',*,*,#3269,.F.);
#3269 = EDGE_CURVE('',#3213,#3083,#3270,.T.);
#3270 = SURFACE_CURVE('',#3271,(#3275,#3282),.PCURVE_S1.);
#3271 = LINE('',#3272,#3273);
#3272 = CARTESIAN_POINT('',(-5.87,2.145,8.115));
#3273 = VECTOR('',#3274,1.);
#3274 = DIRECTION('',(1.,0.,0.));
#3275 = PCURVE('',#706,#3276);
#3276 = DEFINITIONAL_REPRESENTATION('',(#3277),#3281);
#3277 = LINE('',#3278,#3279);
#3278 = CARTESIAN_POINT('',(-0.,0.279307178569));
#3279 = VECTOR('',#3280,1.);
#3280 = DIRECTION('',(-1.,0.));
#3281 = ( GEOMETRIC_REPRESENTATION_CONTEXT(2) 
PARAMETRIC_REPRESENTATION_CONTEXT() REPRESENTATION_CONTEXT('2D SPACE',''
  ) );
#3282 = PCURVE('',#3283,#3288);
#3283 = PLANE('',#3284);
#3284 = AXIS2_PLACEMENT_3D('',#3285,#3286,#3287);
#3285 = CARTESIAN_POINT('',(-5.475,2.145,1.702));
#3286 = DIRECTION('',(0.,1.,0.));
#3287 = DIRECTION('',(0.,0.,1.));
#3288 = DEFINITIONAL_REPRESENTATION('',(#3289),#3293);
#3289 = LINE('',#3290,#3291);
#3290 = CARTESIAN_POINT('',(6.413,-0.395));
#3291 = VECTOR('',#3292,1.);
#3292 = DIRECTION('',(0.,1.));
#3293 = ( GEOMETRIC_REPRESENTATION_CONTEXT(2) 
PARAMETRIC_REPRESENTATION_CONTEXT() REPRESENTATION_CONTEXT('2D SPACE',''
  ) );
#3294 = ADVANCED_FACE('',(#3295),#792,.T.);
#3295 = FACE_BOUND('',#3296,.T.);
#3296 = EDGE_LOOP('',(#3297,#3320,#3321,#3344));
#3297 = ORIENTED_EDGE('',*,*,#3298,.F.);
#3298 = EDGE_CURVE('',#775,#3299,#3301,.T.);
#3299 = VERTEX_POINT('',#3300);
#3300 = CARTESIAN_POINT('',(-7.225,2.145,8.115));
#3301 = SURFACE_CURVE('',#3302,(#3306,#3313),.PCURVE_S1.);
#3302 = LINE('',#3303,#3304);
#3303 = CARTESIAN_POINT('',(-7.225,2.145,8.115));
#3304 = VECTOR('',#3305,1.);
#3305 = DIRECTION('',(-0.57735026919,0.57735026919,-0.57735026919));
#3306 = PCURVE('',#792,#3307);
#3307 = DEFINITIONAL_REPRESENTATION('',(#3308),#3312);
#3308 = LINE('',#3309,#3310);
#3309 = CARTESIAN_POINT('',(0.395,0.279307178569));
#3310 = VECTOR('',#3311,1.);
#3311 = DIRECTION('',(0.57735026919,0.816496580928));
#3312 = ( GEOMETRIC_REPRESENTATION_CONTEXT(2) 
PARAMETRIC_REPRESENTATION_CONTEXT() REPRESENTATION_CONTEXT('2D SPACE',''
  ) );
#3313 = PCURVE('',#820,#3314);
#3314 = DEFINITIONAL_REPRESENTATION('',(#3315),#3319);
#3315 = LINE('',#3316,#3317);
#3316 = CARTESIAN_POINT('',(-1.185,0.279307178569));
#3317 = VECTOR('',#3318,1.);
#3318 = DIRECTION('',(0.57735026919,0.816496580928));
#3319 = ( GEOMETRIC_REPRESENTATION_CONTEXT(2) 
PARAMETRIC_REPRESENTATION_CONTEXT() REPRESENTATION_CONTEXT('2D SPACE',''
  ) );
#3320 = ORIENTED_EDGE('',*,*,#774,.T.);
#3321 = ORIENTED_EDGE('',*,*,#3322,.T.);
#3322 = EDGE_CURVE('',#777,#3323,#3325,.T.);
#3323 = VERTEX_POINT('',#3324);
#3324 = CARTESIAN_POINT('',(-7.225,2.935,8.115));
#3325 = SURFACE_CURVE('',#3326,(#3330,#3337),.PCURVE_S1.);
#3326 = LINE('',#3327,#3328);
#3327 = CARTESIAN_POINT('',(-7.488333333333,2.671666666667,
    7.851666666667));
#3328 = VECTOR('',#3329,1.);
#3329 = DIRECTION('',(-0.57735026919,-0.57735026919,-0.57735026919));
#3330 = PCURVE('',#792,#3331);
#3331 = DEFINITIONAL_REPRESENTATION('',(#3332),#3336);
#3332 = LINE('',#3333,#3334);
#3333 = CARTESIAN_POINT('',(0.921666666667,0.651716749994));
#3334 = VECTOR('',#3335,1.);
#3335 = DIRECTION('',(-0.57735026919,0.816496580928));
#3336 = ( GEOMETRIC_REPRESENTATION_CONTEXT(2) 
PARAMETRIC_REPRESENTATION_CONTEXT() REPRESENTATION_CONTEXT('2D SPACE',''
  ) );
#3337 = PCURVE('',#874,#3338);
#3338 = DEFINITIONAL_REPRESENTATION('',(#3339),#3343);
#3339 = LINE('',#3340,#3341);
#3340 = CARTESIAN_POINT('',(-0.921666666667,0.651716749994));
#3341 = VECTOR('',#3342,1.);
#3342 = DIRECTION('',(0.57735026919,0.816496580928));
#3343 = ( GEOMETRIC_REPRESENTATION_CONTEXT(2) 
PARAMETRIC_REPRESENTATION_CONTEXT() REPRESENTATION_CONTEXT('2D SPACE',''
  ) );
#3344 = ORIENTED_EDGE('',*,*,#3345,.F.);
#3345 = EDGE_CURVE('',#3299,#3323,#3346,.T.);
#3346 = SURFACE_CURVE('',#3347,(#3351,#3358),.PCURVE_S1.);
#3347 = LINE('',#3348,#3349);
#3348 = CARTESIAN_POINT('',(-7.225,1.75,8.115));
#3349 = VECTOR('',#3350,1.);
#3350 = DIRECTION('',(0.,1.,0.));
#3351 = PCURVE('',#792,#3352);
#3352 = DEFINITIONAL_REPRESENTATION('',(#3353),#3357);
#3353 = LINE('',#3354,#3355);
#3354 = CARTESIAN_POINT('',(0.,0.279307178569));
#3355 = VECTOR('',#3356,1.);
#3356 = DIRECTION('',(1.,0.));
#3357 = ( GEOMETRIC_REPRESENTATION_CONTEXT(2) 
PARAMETRIC_REPRESENTATION_CONTEXT() REPRESENTATION_CONTEXT('2D SPACE',''
  ) );
#3358 = PCURVE('',#3359,#3364);
#3359 = PLANE('',#3360);
#3360 = AXIS2_PLACEMENT_3D('',#3361,#3362,#3363);
#3361 = CARTESIAN_POINT('',(-7.225,2.145,1.702));
#3362 = DIRECTION('',(1.,0.,0.));
#3363 = DIRECTION('',(0.,0.,1.));
#3364 = DEFINITIONAL_REPRESENTATION('',(#3365),#3369);
#3365 = LINE('',#3366,#3367);
#3366 = CARTESIAN_POINT('',(6.413,0.395));
#3367 = VECTOR('',#3368,1.);
#3368 = DIRECTION('',(0.,-1.));
#3369 = ( GEOMETRIC_REPRESENTATION_CONTEXT(2) 
PARAMETRIC_REPRESENTATION_CONTEXT() REPRESENTATION_CONTEXT('2D SPACE',''
  ) );
#3370 = ADVANCED_FACE('',(#3371),#874,.T.);
#3371 = FACE_BOUND('',#3372,.F.);
#3372 = EDGE_LOOP('',(#3373,#3396,#3397,#3398));
#3373 = ORIENTED_EDGE('',*,*,#3374,.F.);
#3374 = EDGE_CURVE('',#833,#3375,#3377,.T.);
#3375 = VERTEX_POINT('',#3376);
#3376 = CARTESIAN_POINT('',(-8.015,2.935,8.115));
#3377 = SURFACE_CURVE('',#3378,(#3382,#3389),.PCURVE_S1.);
#3378 = LINE('',#3379,#3380);
#3379 = CARTESIAN_POINT('',(-8.015,2.935,8.115));
#3380 = VECTOR('',#3381,1.);
#3381 = DIRECTION('',(0.57735026919,-0.57735026919,-0.57735026919));
#3382 = PCURVE('',#874,#3383);
#3383 = DEFINITIONAL_REPRESENTATION('',(#3384),#3388);
#3384 = LINE('',#3385,#3386);
#3385 = CARTESIAN_POINT('',(-0.395,0.279307178569));
#3386 = VECTOR('',#3387,1.);
#3387 = DIRECTION('',(-0.57735026919,0.816496580928));
#3388 = ( GEOMETRIC_REPRESENTATION_CONTEXT(2) 
PARAMETRIC_REPRESENTATION_CONTEXT() REPRESENTATION_CONTEXT('2D SPACE',''
  ) );
#3389 = PCURVE('',#848,#3390);
#3390 = DEFINITIONAL_REPRESENTATION('',(#3391),#3395);
#3391 = LINE('',#3392,#3393);
#3392 = CARTESIAN_POINT('',(1.185,0.279307178569));
#3393 = VECTOR('',#3394,1.);
#3394 = DIRECTION('',(-0.57735026919,0.816496580928));
#3395 = ( GEOMETRIC_REPRESENTATION_CONTEXT(2) 
PARAMETRIC_REPRESENTATION_CONTEXT() REPRESENTATION_CONTEXT('2D SPACE',''
  ) );
#3396 = ORIENTED_EDGE('',*,*,#860,.T.);
#3397 = ORIENTED_EDGE('',*,*,#3322,.T.);
#3398 = ORIENTED_EDGE('',*,*,#3399,.F.);
#3399 = EDGE_CURVE('',#3375,#3323,#3400,.T.);
#3400 = SURFACE_CURVE('',#3401,(#3405,#3412),.PCURVE_S1.);
#3401 = LINE('',#3402,#3403);
#3402 = CARTESIAN_POINT('',(-8.41,2.935,8.115));
#3403 = VECTOR('',#3404,1.);
#3404 = DIRECTION('',(1.,0.,0.));
#3405 = PCURVE('',#874,#3406);
#3406 = DEFINITIONAL_REPRESENTATION('',(#3407),#3411);
#3407 = LINE('',#3408,#3409);
#3408 = CARTESIAN_POINT('',(-0.,0.279307178569));
#3409 = VECTOR('',#3410,1.);
#3410 = DIRECTION('',(-1.,0.));
#3411 = ( GEOMETRIC_REPRESENTATION_CONTEXT(2) 
PARAMETRIC_REPRESENTATION_CONTEXT() REPRESENTATION_CONTEXT('2D SPACE',''
  ) );
#3412 = PCURVE('',#3413,#3418);
#3413 = PLANE('',#3414);
#3414 = AXIS2_PLACEMENT_3D('',#3415,#3416,#3417);
#3415 = CARTESIAN_POINT('',(-8.015,2.935,1.702));
#3416 = DIRECTION('',(0.,1.,0.));
#3417 = DIRECTION('',(0.,0.,1.));
#3418 = DEFINITIONAL_REPRESENTATION('',(#3419),#3423);
#3419 = LINE('',#3420,#3421);
#3420 = CARTESIAN_POINT('',(6.413,-0.395));
#3421 = VECTOR('',#3422,1.);
#3422 = DIRECTION('',(0.,1.));
#3423 = ( GEOMETRIC_REPRESENTATION_CONTEXT(2) 
PARAMETRIC_REPRESENTATION_CONTEXT() REPRESENTATION_CONTEXT('2D SPACE',''
  ) );
#3424 = ADVANCED_FACE('',(#3425),#848,.F.);
#3425 = FACE_BOUND('',#3426,.F.);
#3426 = EDGE_LOOP('',(#3427,#3450,#3451,#3452));
#3427 = ORIENTED_EDGE('',*,*,#3428,.F.);
#3428 = EDGE_CURVE('',#805,#3429,#3431,.T.);
#3429 = VERTEX_POINT('',#3430);
#3430 = CARTESIAN_POINT('',(-8.015,2.145,8.115));
#3431 = SURFACE_CURVE('',#3432,(#3436,#3443),.PCURVE_S1.);
#3432 = LINE('',#3433,#3434);
#3433 = CARTESIAN_POINT('',(-8.278333333333,1.881666666667,
    8.378333333333));
#3434 = VECTOR('',#3435,1.);
#3435 = DIRECTION('',(0.57735026919,0.57735026919,-0.57735026919));
#3436 = PCURVE('',#848,#3437);
#3437 = DEFINITIONAL_REPRESENTATION('',(#3438),#3442);
#3438 = LINE('',#3439,#3440);
#3439 = CARTESIAN_POINT('',(0.131666666667,-9.310239285623E-02));
#3440 = VECTOR('',#3441,1.);
#3441 = DIRECTION('',(0.57735026919,0.816496580928));
#3442 = ( GEOMETRIC_REPRESENTATION_CONTEXT(2) 
PARAMETRIC_REPRESENTATION_CONTEXT() REPRESENTATION_CONTEXT('2D SPACE',''
  ) );
#3443 = PCURVE('',#820,#3444);
#3444 = DEFINITIONAL_REPRESENTATION('',(#3445),#3449);
#3445 = LINE('',#3446,#3447);
#3446 = CARTESIAN_POINT('',(-0.131666666667,-9.310239285623E-02));
#3447 = VECTOR('',#3448,1.);
#3448 = DIRECTION('',(-0.57735026919,0.816496580928));
#3449 = ( GEOMETRIC_REPRESENTATION_CONTEXT(2) 
PARAMETRIC_REPRESENTATION_CONTEXT() REPRESENTATION_CONTEXT('2D SPACE',''
  ) );
#3450 = ORIENTED_EDGE('',*,*,#832,.T.);
#3451 = ORIENTED_EDGE('',*,*,#3374,.T.);
#3452 = ORIENTED_EDGE('',*,*,#3453,.F.);
#3453 = EDGE_CURVE('',#3429,#3375,#3454,.T.);
#3454 = SURFACE_CURVE('',#3455,(#3459,#3466),.PCURVE_S1.);
#3455 = LINE('',#3456,#3457);
#3456 = CARTESIAN_POINT('',(-8.015,1.75,8.115));
#3457 = VECTOR('',#3458,1.);
#3458 = DIRECTION('',(0.,1.,0.));
#3459 = PCURVE('',#848,#3460);
#3460 = DEFINITIONAL_REPRESENTATION('',(#3461),#3465);
#3461 = LINE('',#3462,#3463);
#3462 = CARTESIAN_POINT('',(0.,0.279307178569));
#3463 = VECTOR('',#3464,1.);
#3464 = DIRECTION('',(1.,0.));
#3465 = ( GEOMETRIC_REPRESENTATION_CONTEXT(2) 
PARAMETRIC_REPRESENTATION_CONTEXT() REPRESENTATION_CONTEXT('2D SPACE',''
  ) );
#3466 = PCURVE('',#3467,#3472);
#3467 = PLANE('',#3468);
#3468 = AXIS2_PLACEMENT_3D('',#3469,#3470,#3471);
#3469 = CARTESIAN_POINT('',(-8.015,2.145,1.702));
#3470 = DIRECTION('',(1.,0.,0.));
#3471 = DIRECTION('',(0.,0.,1.));
#3472 = DEFINITIONAL_REPRESENTATION('',(#3473),#3477);
#3473 = LINE('',#3474,#3475);
#3474 = CARTESIAN_POINT('',(6.413,0.395));
#3475 = VECTOR('',#3476,1.);
#3476 = DIRECTION('',(0.,-1.));
#3477 = ( GEOMETRIC_REPRESENTATION_CONTEXT(2) 
PARAMETRIC_REPRESENTATION_CONTEXT() REPRESENTATION_CONTEXT('2D SPACE',''
  ) );
#3478 = ADVANCED_FACE('',(#3479),#820,.F.);
#3479 = FACE_BOUND('',#3480,.T.);
#3480 = EDGE_LOOP('',(#3481,#3482,#3483,#3484));
#3481 = ORIENTED_EDGE('',*,*,#3428,.F.);
#3482 = ORIENTED_EDGE('',*,*,#804,.T.);
#3483 = ORIENTED_EDGE('',*,*,#3298,.T.);
#3484 = ORIENTED_EDGE('',*,*,#3485,.F.);
#3485 = EDGE_CURVE('',#3429,#3299,#3486,.T.);
#3486 = SURFACE_CURVE('',#3487,(#3491,#3498),.PCURVE_S1.);
#3487 = LINE('',#3488,#3489);
#3488 = CARTESIAN_POINT('',(-8.41,2.145,8.115));
#3489 = VECTOR('',#3490,1.);
#3490 = DIRECTION('',(1.,0.,0.));
#3491 = PCURVE('',#820,#3492);
#3492 = DEFINITIONAL_REPRESENTATION('',(#3493),#3497);
#3493 = LINE('',#3494,#3495);
#3494 = CARTESIAN_POINT('',(-0.,0.279307178569));
#3495 = VECTOR('',#3496,1.);
#3496 = DIRECTION('',(-1.,0.));
#3497 = ( GEOMETRIC_REPRESENTATION_CONTEXT(2) 
PARAMETRIC_REPRESENTATION_CONTEXT() REPRESENTATION_CONTEXT('2D SPACE',''
  ) );
#3498 = PCURVE('',#3499,#3504);
#3499 = PLANE('',#3500);
#3500 = AXIS2_PLACEMENT_3D('',#3501,#3502,#3503);
#3501 = CARTESIAN_POINT('',(-8.015,2.145,1.702));
#3502 = DIRECTION('',(0.,1.,0.));
#3503 = DIRECTION('',(0.,0.,1.));
#3504 = DEFINITIONAL_REPRESENTATION('',(#3505),#3509);
#3505 = LINE('',#3506,#3507);
#3506 = CARTESIAN_POINT('',(6.413,-0.395));
#3507 = VECTOR('',#3508,1.);
#3508 = DIRECTION('',(0.,1.));
#3509 = ( GEOMETRIC_REPRESENTATION_CONTEXT(2) 
PARAMETRIC_REPRESENTATION_CONTEXT() REPRESENTATION_CONTEXT('2D SPACE',''
  ) );
#3510 = ADVANCED_FACE('',(#3511),#906,.F.);
#3511 = FACE_BOUND('',#3512,.F.);
#3512 = EDGE_LOOP('',(#3513,#3536,#3537,#3560));
#3513 = ORIENTED_EDGE('',*,*,#3514,.F.);
#3514 = EDGE_CURVE('',#889,#3515,#3517,.T.);
#3515 = VERTEX_POINT('',#3516);
#3516 = CARTESIAN_POINT('',(-10.555,2.145,8.115));
#3517 = SURFACE_CURVE('',#3518,(#3522,#3529),.PCURVE_S1.);
#3518 = LINE('',#3519,#3520);
#3519 = CARTESIAN_POINT('',(-10.81833333333,1.881666666667,
    8.378333333333));
#3520 = VECTOR('',#3521,1.);
#3521 = DIRECTION('',(0.57735026919,0.57735026919,-0.57735026919));
#3522 = PCURVE('',#906,#3523);
#3523 = DEFINITIONAL_REPRESENTATION('',(#3524),#3528);
#3524 = LINE('',#3525,#3526);
#3525 = CARTESIAN_POINT('',(0.131666666667,-9.310239285623E-02));
#3526 = VECTOR('',#3527,1.);
#3527 = DIRECTION('',(0.57735026919,0.816496580928));
#3528 = ( GEOMETRIC_REPRESENTATION_CONTEXT(2) 
PARAMETRIC_REPRESENTATION_CONTEXT() REPRESENTATION_CONTEXT('2D SPACE',''
  ) );
#3529 = PCURVE('',#988,#3530);
#3530 = DEFINITIONAL_REPRESENTATION('',(#3531),#3535);
#3531 = LINE('',#3532,#3533);
#3532 = CARTESIAN_POINT('',(-0.131666666667,-9.310239285623E-02));
#3533 = VECTOR('',#3534,1.);
#3534 = DIRECTION('',(-0.57735026919,0.816496580928));
#3535 = ( GEOMETRIC_REPRESENTATION_CONTEXT(2) 
PARAMETRIC_REPRESENTATION_CONTEXT() REPRESENTATION_CONTEXT('2D SPACE',''
  ) );
#3536 = ORIENTED_EDGE('',*,*,#888,.T.);
#3537 = ORIENTED_EDGE('',*,*,#3538,.T.);
#3538 = EDGE_CURVE('',#891,#3539,#3541,.T.);
#3539 = VERTEX_POINT('',#3540);
#3540 = CARTESIAN_POINT('',(-10.555,2.935,8.115));
#3541 = SURFACE_CURVE('',#3542,(#3546,#3553),.PCURVE_S1.);
#3542 = LINE('',#3543,#3544);
#3543 = CARTESIAN_POINT('',(-10.555,2.935,8.115));
#3544 = VECTOR('',#3545,1.);
#3545 = DIRECTION('',(0.57735026919,-0.57735026919,-0.57735026919));
#3546 = PCURVE('',#906,#3547);
#3547 = DEFINITIONAL_REPRESENTATION('',(#3548),#3552);
#3548 = LINE('',#3549,#3550);
#3549 = CARTESIAN_POINT('',(1.185,0.279307178569));
#3550 = VECTOR('',#3551,1.);
#3551 = DIRECTION('',(-0.57735026919,0.816496580928));
#3552 = ( GEOMETRIC_REPRESENTATION_CONTEXT(2) 
PARAMETRIC_REPRESENTATION_CONTEXT() REPRESENTATION_CONTEXT('2D SPACE',''
  ) );
#3553 = PCURVE('',#934,#3554);
#3554 = DEFINITIONAL_REPRESENTATION('',(#3555),#3559);
#3555 = LINE('',#3556,#3557);
#3556 = CARTESIAN_POINT('',(-0.395,0.279307178569));
#3557 = VECTOR('',#3558,1.);
#3558 = DIRECTION('',(-0.57735026919,0.816496580928));
#3559 = ( GEOMETRIC_REPRESENTATION_CONTEXT(2) 
PARAMETRIC_REPRESENTATION_CONTEXT() REPRESENTATION_CONTEXT('2D SPACE',''
  ) );
#3560 = ORIENTED_EDGE('',*,*,#3561,.F.);
#3561 = EDGE_CURVE('',#3515,#3539,#3562,.T.);
#3562 = SURFACE_CURVE('',#3563,(#3567,#3574),.PCURVE_S1.);
#3563 = LINE('',#3564,#3565);
#3564 = CARTESIAN_POINT('',(-10.555,1.75,8.115));
#3565 = VECTOR('',#3566,1.);
#3566 = DIRECTION('',(0.,1.,0.));
#3567 = PCURVE('',#906,#3568);
#3568 = DEFINITIONAL_REPRESENTATION('',(#3569),#3573);
#3569 = LINE('',#3570,#3571);
#3570 = CARTESIAN_POINT('',(0.,0.279307178569));
#3571 = VECTOR('',#3572,1.);
#3572 = DIRECTION('',(1.,0.));
#3573 = ( GEOMETRIC_REPRESENTATION_CONTEXT(2) 
PARAMETRIC_REPRESENTATION_CONTEXT() REPRESENTATION_CONTEXT('2D SPACE',''
  ) );
#3574 = PCURVE('',#3575,#3580);
#3575 = PLANE('',#3576);
#3576 = AXIS2_PLACEMENT_3D('',#3577,#3578,#3579);
#3577 = CARTESIAN_POINT('',(-10.555,2.145,1.702));
#3578 = DIRECTION('',(1.,0.,0.));
#3579 = DIRECTION('',(0.,0.,1.));
#3580 = DEFINITIONAL_REPRESENTATION('',(#3581),#3585);
#3581 = LINE('',#3582,#3583);
#3582 = CARTESIAN_POINT('',(6.413,0.395));
#3583 = VECTOR('',#3584,1.);
#3584 = DIRECTION('',(0.,-1.));
#3585 = ( GEOMETRIC_REPRESENTATION_CONTEXT(2) 
PARAMETRIC_REPRESENTATION_CONTEXT() REPRESENTATION_CONTEXT('2D SPACE',''
  ) );
#3586 = ADVANCED_FACE('',(#3587),#988,.F.);
#3587 = FACE_BOUND('',#3588,.T.);
#3588 = EDGE_LOOP('',(#3589,#3590,#3591,#3614));
#3589 = ORIENTED_EDGE('',*,*,#3514,.F.);
#3590 = ORIENTED_EDGE('',*,*,#974,.T.);
#3591 = ORIENTED_EDGE('',*,*,#3592,.T.);
#3592 = EDGE_CURVE('',#947,#3593,#3595,.T.);
#3593 = VERTEX_POINT('',#3594);
#3594 = CARTESIAN_POINT('',(-9.765,2.145,8.115));
#3595 = SURFACE_CURVE('',#3596,(#3600,#3607),.PCURVE_S1.);
#3596 = LINE('',#3597,#3598);
#3597 = CARTESIAN_POINT('',(-9.765,2.145,8.115));
#3598 = VECTOR('',#3599,1.);
#3599 = DIRECTION('',(-0.57735026919,0.57735026919,-0.57735026919));
#3600 = PCURVE('',#988,#3601);
#3601 = DEFINITIONAL_REPRESENTATION('',(#3602),#3606);
#3602 = LINE('',#3603,#3604);
#3603 = CARTESIAN_POINT('',(-1.185,0.279307178569));
#3604 = VECTOR('',#3605,1.);
#3605 = DIRECTION('',(0.57735026919,0.816496580928));
#3606 = ( GEOMETRIC_REPRESENTATION_CONTEXT(2) 
PARAMETRIC_REPRESENTATION_CONTEXT() REPRESENTATION_CONTEXT('2D SPACE',''
  ) );
#3607 = PCURVE('',#962,#3608);
#3608 = DEFINITIONAL_REPRESENTATION('',(#3609),#3613);
#3609 = LINE('',#3610,#3611);
#3610 = CARTESIAN_POINT('',(0.395,0.279307178569));
#3611 = VECTOR('',#3612,1.);
#3612 = DIRECTION('',(0.57735026919,0.816496580928));
#3613 = ( GEOMETRIC_REPRESENTATION_CONTEXT(2) 
PARAMETRIC_REPRESENTATION_CONTEXT() REPRESENTATION_CONTEXT('2D SPACE',''
  ) );
#3614 = ORIENTED_EDGE('',*,*,#3615,.F.);
#3615 = EDGE_CURVE('',#3515,#3593,#3616,.T.);
#3616 = SURFACE_CURVE('',#3617,(#3621,#3628),.PCURVE_S1.);
#3617 = LINE('',#3618,#3619);
#3618 = CARTESIAN_POINT('',(-10.95,2.145,8.115));
#3619 = VECTOR('',#3620,1.);
#3620 = DIRECTION('',(1.,0.,0.));
#3621 = PCURVE('',#988,#3622);
#3622 = DEFINITIONAL_REPRESENTATION('',(#3623),#3627);
#3623 = LINE('',#3624,#3625);
#3624 = CARTESIAN_POINT('',(-0.,0.279307178569));
#3625 = VECTOR('',#3626,1.);
#3626 = DIRECTION('',(-1.,0.));
#3627 = ( GEOMETRIC_REPRESENTATION_CONTEXT(2) 
PARAMETRIC_REPRESENTATION_CONTEXT() REPRESENTATION_CONTEXT('2D SPACE',''
  ) );
#3628 = PCURVE('',#3629,#3634);
#3629 = PLANE('',#3630);
#3630 = AXIS2_PLACEMENT_3D('',#3631,#3632,#3633);
#3631 = CARTESIAN_POINT('',(-10.555,2.145,1.702));
#3632 = DIRECTION('',(0.,1.,0.));
#3633 = DIRECTION('',(0.,0.,1.));
#3634 = DEFINITIONAL_REPRESENTATION('',(#3635),#3639);
#3635 = LINE('',#3636,#3637);
#3636 = CARTESIAN_POINT('',(6.413,-0.395));
#3637 = VECTOR('',#3638,1.);
#3638 = DIRECTION('',(0.,1.));
#3639 = ( GEOMETRIC_REPRESENTATION_CONTEXT(2) 
PARAMETRIC_REPRESENTATION_CONTEXT() REPRESENTATION_CONTEXT('2D SPACE',''
  ) );
#3640 = ADVANCED_FACE('',(#3641),#962,.T.);
#3641 = FACE_BOUND('',#3642,.T.);
#3642 = EDGE_LOOP('',(#3643,#3644,#3645,#3668));
#3643 = ORIENTED_EDGE('',*,*,#3592,.F.);
#3644 = ORIENTED_EDGE('',*,*,#946,.T.);
#3645 = ORIENTED_EDGE('',*,*,#3646,.T.);
#3646 = EDGE_CURVE('',#919,#3647,#3649,.T.);
#3647 = VERTEX_POINT('',#3648);
#3648 = CARTESIAN_POINT('',(-9.765,2.935,8.115));
#3649 = SURFACE_CURVE('',#3650,(#3654,#3661),.PCURVE_S1.);
#3650 = LINE('',#3651,#3652);
#3651 = CARTESIAN_POINT('',(-10.02833333333,2.671666666667,
    7.851666666667));
#3652 = VECTOR('',#3653,1.);
#3653 = DIRECTION('',(-0.57735026919,-0.57735026919,-0.57735026919));
#3654 = PCURVE('',#962,#3655);
#3655 = DEFINITIONAL_REPRESENTATION('',(#3656),#3660);
#3656 = LINE('',#3657,#3658);
#3657 = CARTESIAN_POINT('',(0.921666666667,0.651716749994));
#3658 = VECTOR('',#3659,1.);
#3659 = DIRECTION('',(-0.57735026919,0.816496580928));
#3660 = ( GEOMETRIC_REPRESENTATION_CONTEXT(2) 
PARAMETRIC_REPRESENTATION_CONTEXT() REPRESENTATION_CONTEXT('2D SPACE',''
  ) );
#3661 = PCURVE('',#934,#3662);
#3662 = DEFINITIONAL_REPRESENTATION('',(#3663),#3667);
#3663 = LINE('',#3664,#3665);
#3664 = CARTESIAN_POINT('',(-0.921666666667,0.651716749994));
#3665 = VECTOR('',#3666,1.);
#3666 = DIRECTION('',(0.57735026919,0.816496580928));
#3667 = ( GEOMETRIC_REPRESENTATION_CONTEXT(2) 
PARAMETRIC_REPRESENTATION_CONTEXT() REPRESENTATION_CONTEXT('2D SPACE',''
  ) );
#3668 = ORIENTED_EDGE('',*,*,#3669,.F.);
#3669 = EDGE_CURVE('',#3593,#3647,#3670,.T.);
#3670 = SURFACE_CURVE('',#3671,(#3675,#3682),.PCURVE_S1.);
#3671 = LINE('',#3672,#3673);
#3672 = CARTESIAN_POINT('',(-9.765,1.75,8.115));
#3673 = VECTOR('',#3674,1.);
#3674 = DIRECTION('',(0.,1.,0.));
#3675 = PCURVE('',#962,#3676);
#3676 = DEFINITIONAL_REPRESENTATION('',(#3677),#3681);
#3677 = LINE('',#3678,#3679);
#3678 = CARTESIAN_POINT('',(0.,0.279307178569));
#3679 = VECTOR('',#3680,1.);
#3680 = DIRECTION('',(1.,0.));
#3681 = ( GEOMETRIC_REPRESENTATION_CONTEXT(2) 
PARAMETRIC_REPRESENTATION_CONTEXT() REPRESENTATION_CONTEXT('2D SPACE',''
  ) );
#3682 = PCURVE('',#3683,#3688);
#3683 = PLANE('',#3684);
#3684 = AXIS2_PLACEMENT_3D('',#3685,#3686,#3687);
#3685 = CARTESIAN_POINT('',(-9.765,2.145,1.702));
#3686 = DIRECTION('',(1.,0.,0.));
#3687 = DIRECTION('',(0.,0.,1.));
#3688 = DEFINITIONAL_REPRESENTATION('',(#3689),#3693);
#3689 = LINE('',#3690,#3691);
#3690 = CARTESIAN_POINT('',(6.413,0.395));
#3691 = VECTOR('',#3692,1.);
#3692 = DIRECTION('',(0.,-1.));
#3693 = ( GEOMETRIC_REPRESENTATION_CONTEXT(2) 
PARAMETRIC_REPRESENTATION_CONTEXT() REPRESENTATION_CONTEXT('2D SPACE',''
  ) );
#3694 = ADVANCED_FACE('',(#3695),#934,.T.);
#3695 = FACE_BOUND('',#3696,.F.);
#3696 = EDGE_LOOP('',(#3697,#3698,#3699,#3700));
#3697 = ORIENTED_EDGE('',*,*,#3538,.F.);
#3698 = ORIENTED_EDGE('',*,*,#918,.T.);
#3699 = ORIENTED_EDGE('',*,*,#3646,.T.);
#3700 = ORIENTED_EDGE('',*,*,#3701,.F.);
#3701 = EDGE_CURVE('',#3539,#3647,#3702,.T.);
#3702 = SURFACE_CURVE('',#3703,(#3707,#3714),.PCURVE_S1.);
#3703 = LINE('',#3704,#3705);
#3704 = CARTESIAN_POINT('',(-10.95,2.935,8.115));
#3705 = VECTOR('',#3706,1.);
#3706 = DIRECTION('',(1.,0.,0.));
#3707 = PCURVE('',#934,#3708);
#3708 = DEFINITIONAL_REPRESENTATION('',(#3709),#3713);
#3709 = LINE('',#3710,#3711);
#3710 = CARTESIAN_POINT('',(-0.,0.279307178569));
#3711 = VECTOR('',#3712,1.);
#3712 = DIRECTION('',(-1.,0.));
#3713 = ( GEOMETRIC_REPRESENTATION_CONTEXT(2) 
PARAMETRIC_REPRESENTATION_CONTEXT() REPRESENTATION_CONTEXT('2D SPACE',''
  ) );
#3714 = PCURVE('',#3715,#3720);
#3715 = PLANE('',#3716);
#3716 = AXIS2_PLACEMENT_3D('',#3717,#3718,#3719);
#3717 = CARTESIAN_POINT('',(-10.555,2.935,1.702));
#3718 = DIRECTION('',(0.,1.,0.));
#3719 = DIRECTION('',(0.,0.,1.));
#3720 = DEFINITIONAL_REPRESENTATION('',(#3721),#3725);
#3721 = LINE('',#3722,#3723);
#3722 = CARTESIAN_POINT('',(6.413,-0.395));
#3723 = VECTOR('',#3724,1.);
#3724 = DIRECTION('',(0.,1.));
#3725 = ( GEOMETRIC_REPRESENTATION_CONTEXT(2) 
PARAMETRIC_REPRESENTATION_CONTEXT() REPRESENTATION_CONTEXT('2D SPACE',''
  ) );
#3726 = ADVANCED_FACE('',(#3727),#1020,.F.);
#3727 = FACE_BOUND('',#3728,.F.);
#3728 = EDGE_LOOP('',(#3729,#3752,#3753,#3776));
#3729 = ORIENTED_EDGE('',*,*,#3730,.F.);
#3730 = EDGE_CURVE('',#1003,#3731,#3733,.T.);
#3731 = VERTEX_POINT('',#3732);
#3732 = CARTESIAN_POINT('',(-20.715,2.145,8.115));
#3733 = SURFACE_CURVE('',#3734,(#3738,#3745),.PCURVE_S1.);
#3734 = LINE('',#3735,#3736);
#3735 = CARTESIAN_POINT('',(-20.97833333333,1.881666666667,
    8.378333333333));
#3736 = VECTOR('',#3737,1.);
#3737 = DIRECTION('',(0.57735026919,0.57735026919,-0.57735026919));
#3738 = PCURVE('',#1020,#3739);
#3739 = DEFINITIONAL_REPRESENTATION('',(#3740),#3744);
#3740 = LINE('',#3741,#3742);
#3741 = CARTESIAN_POINT('',(0.131666666667,-9.310239285623E-02));
#3742 = VECTOR('',#3743,1.);
#3743 = DIRECTION('',(0.57735026919,0.816496580928));
#3744 = ( GEOMETRIC_REPRESENTATION_CONTEXT(2) 
PARAMETRIC_REPRESENTATION_CONTEXT() REPRESENTATION_CONTEXT('2D SPACE',''
  ) );
#3745 = PCURVE('',#1102,#3746);
#3746 = DEFINITIONAL_REPRESENTATION('',(#3747),#3751);
#3747 = LINE('',#3748,#3749);
#3748 = CARTESIAN_POINT('',(-0.131666666667,-9.310239285623E-02));
#3749 = VECTOR('',#3750,1.);
#3750 = DIRECTION('',(-0.57735026919,0.816496580928));
#3751 = ( GEOMETRIC_REPRESENTATION_CONTEXT(2) 
PARAMETRIC_REPRESENTATION_CONTEXT() REPRESENTATION_CONTEXT('2D SPACE',''
  ) );
#3752 = ORIENTED_EDGE('',*,*,#1002,.T.);
#3753 = ORIENTED_EDGE('',*,*,#3754,.T.);
#3754 = EDGE_CURVE('',#1005,#3755,#3757,.T.);
#3755 = VERTEX_POINT('',#3756);
#3756 = CARTESIAN_POINT('',(-20.715,2.935,8.115));
#3757 = SURFACE_CURVE('',#3758,(#3762,#3769),.PCURVE_S1.);
#3758 = LINE('',#3759,#3760);
#3759 = CARTESIAN_POINT('',(-20.715,2.935,8.115));
#3760 = VECTOR('',#3761,1.);
#3761 = DIRECTION('',(0.57735026919,-0.57735026919,-0.57735026919));
#3762 = PCURVE('',#1020,#3763);
#3763 = DEFINITIONAL_REPRESENTATION('',(#3764),#3768);
#3764 = LINE('',#3765,#3766);
#3765 = CARTESIAN_POINT('',(1.185,0.279307178569));
#3766 = VECTOR('',#3767,1.);
#3767 = DIRECTION('',(-0.57735026919,0.816496580928));
#3768 = ( GEOMETRIC_REPRESENTATION_CONTEXT(2) 
PARAMETRIC_REPRESENTATION_CONTEXT() REPRESENTATION_CONTEXT('2D SPACE',''
  ) );
#3769 = PCURVE('',#1048,#3770);
#3770 = DEFINITIONAL_REPRESENTATION('',(#3771),#3775);
#3771 = LINE('',#3772,#3773);
#3772 = CARTESIAN_POINT('',(-0.395,0.279307178569));
#3773 = VECTOR('',#3774,1.);
#3774 = DIRECTION('',(-0.57735026919,0.816496580928));
#3775 = ( GEOMETRIC_REPRESENTATION_CONTEXT(2) 
PARAMETRIC_REPRESENTATION_CONTEXT() REPRESENTATION_CONTEXT('2D SPACE',''
  ) );
#3776 = ORIENTED_EDGE('',*,*,#3777,.F.);
#3777 = EDGE_CURVE('',#3731,#3755,#3778,.T.);
#3778 = SURFACE_CURVE('',#3779,(#3783,#3790),.PCURVE_S1.);
#3779 = LINE('',#3780,#3781);
#3780 = CARTESIAN_POINT('',(-20.715,1.75,8.115));
#3781 = VECTOR('',#3782,1.);
#3782 = DIRECTION('',(0.,1.,0.));
#3783 = PCURVE('',#1020,#3784);
#3784 = DEFINITIONAL_REPRESENTATION('',(#3785),#3789);
#3785 = LINE('',#3786,#3787);
#3786 = CARTESIAN_POINT('',(0.,0.279307178569));
#3787 = VECTOR('',#3788,1.);
#3788 = DIRECTION('',(1.,0.));
#3789 = ( GEOMETRIC_REPRESENTATION_CONTEXT(2) 
PARAMETRIC_REPRESENTATION_CONTEXT() REPRESENTATION_CONTEXT('2D SPACE',''
  ) );
#3790 = PCURVE('',#3791,#3796);
#3791 = PLANE('',#3792);
#3792 = AXIS2_PLACEMENT_3D('',#3793,#3794,#3795);
#3793 = CARTESIAN_POINT('',(-20.715,2.145,1.702));
#3794 = DIRECTION('',(1.,0.,0.));
#3795 = DIRECTION('',(0.,0.,1.));
#3796 = DEFINITIONAL_REPRESENTATION('',(#3797),#3801);
#3797 = LINE('',#3798,#3799);
#3798 = CARTESIAN_POINT('',(6.413,0.395));
#3799 = VECTOR('',#3800,1.);
#3800 = DIRECTION('',(0.,-1.));
#3801 = ( GEOMETRIC_REPRESENTATION_CONTEXT(2) 
PARAMETRIC_REPRESENTATION_CONTEXT() REPRESENTATION_CONTEXT('2D SPACE',''
  ) );
#3802 = ADVANCED_FACE('',(#3803),#1102,.F.);
#3803 = FACE_BOUND('',#3804,.T.);
#3804 = EDGE_LOOP('',(#3805,#3806,#3807,#3830));
#3805 = ORIENTED_EDGE('',*,*,#3730,.F.);
#3806 = ORIENTED_EDGE('',*,*,#1088,.T.);
#3807 = ORIENTED_EDGE('',*,*,#3808,.T.);
#3808 = EDGE_CURVE('',#1061,#3809,#3811,.T.);
#3809 = VERTEX_POINT('',#3810);
#3810 = CARTESIAN_POINT('',(-19.925,2.145,8.115));
#3811 = SURFACE_CURVE('',#3812,(#3816,#3823),.PCURVE_S1.);
#3812 = LINE('',#3813,#3814);
#3813 = CARTESIAN_POINT('',(-19.925,2.145,8.115));
#3814 = VECTOR('',#3815,1.);
#3815 = DIRECTION('',(-0.57735026919,0.57735026919,-0.57735026919));
#3816 = PCURVE('',#1102,#3817);
#3817 = DEFINITIONAL_REPRESENTATION('',(#3818),#3822);
#3818 = LINE('',#3819,#3820);
#3819 = CARTESIAN_POINT('',(-1.185,0.279307178569));
#3820 = VECTOR('',#3821,1.);
#3821 = DIRECTION('',(0.57735026919,0.816496580928));
#3822 = ( GEOMETRIC_REPRESENTATION_CONTEXT(2) 
PARAMETRIC_REPRESENTATION_CONTEXT() REPRESENTATION_CONTEXT('2D SPACE',''
  ) );
#3823 = PCURVE('',#1076,#3824);
#3824 = DEFINITIONAL_REPRESENTATION('',(#3825),#3829);
#3825 = LINE('',#3826,#3827);
#3826 = CARTESIAN_POINT('',(0.395,0.279307178569));
#3827 = VECTOR('',#3828,1.);
#3828 = DIRECTION('',(0.57735026919,0.816496580928));
#3829 = ( GEOMETRIC_REPRESENTATION_CONTEXT(2) 
PARAMETRIC_REPRESENTATION_CONTEXT() REPRESENTATION_CONTEXT('2D SPACE',''
  ) );
#3830 = ORIENTED_EDGE('',*,*,#3831,.F.);
#3831 = EDGE_CURVE('',#3731,#3809,#3832,.T.);
#3832 = SURFACE_CURVE('',#3833,(#3837,#3844),.PCURVE_S1.);
#3833 = LINE('',#3834,#3835);
#3834 = CARTESIAN_POINT('',(-21.11,2.145,8.115));
#3835 = VECTOR('',#3836,1.);
#3836 = DIRECTION('',(1.,0.,0.));
#3837 = PCURVE('',#1102,#3838);
#3838 = DEFINITIONAL_REPRESENTATION('',(#3839),#3843);
#3839 = LINE('',#3840,#3841);
#3840 = CARTESIAN_POINT('',(-0.,0.279307178569));
#3841 = VECTOR('',#3842,1.);
#3842 = DIRECTION('',(-1.,0.));
#3843 = ( GEOMETRIC_REPRESENTATION_CONTEXT(2) 
PARAMETRIC_REPRESENTATION_CONTEXT() REPRESENTATION_CONTEXT('2D SPACE',''
  ) );
#3844 = PCURVE('',#3845,#3850);
#3845 = PLANE('',#3846);
#3846 = AXIS2_PLACEMENT_3D('',#3847,#3848,#3849);
#3847 = CARTESIAN_POINT('',(-20.715,2.145,1.702));
#3848 = DIRECTION('',(0.,1.,0.));
#3849 = DIRECTION('',(0.,0.,1.));
#3850 = DEFINITIONAL_REPRESENTATION('',(#3851),#3855);
#3851 = LINE('',#3852,#3853);
#3852 = CARTESIAN_POINT('',(6.413,-0.395));
#3853 = VECTOR('',#3854,1.);
#3854 = DIRECTION('',(0.,1.));
#3855 = ( GEOMETRIC_REPRESENTATION_CONTEXT(2) 
PARAMETRIC_REPRESENTATION_CONTEXT() REPRESENTATION_CONTEXT('2D SPACE',''
  ) );
#3856 = ADVANCED_FACE('',(#3857),#1076,.T.);
#3857 = FACE_BOUND('',#3858,.T.);
#3858 = EDGE_LOOP('',(#3859,#3860,#3861,#3884));
#3859 = ORIENTED_EDGE('',*,*,#3808,.F.);
#3860 = ORIENTED_EDGE('',*,*,#1060,.T.);
#3861 = ORIENTED_EDGE('',*,*,#3862,.T.);
#3862 = EDGE_CURVE('',#1033,#3863,#3865,.T.);
#3863 = VERTEX_POINT('',#3864);
#3864 = CARTESIAN_POINT('',(-19.925,2.935,8.115));
#3865 = SURFACE_CURVE('',#3866,(#3870,#3877),.PCURVE_S1.);
#3866 = LINE('',#3867,#3868);
#3867 = CARTESIAN_POINT('',(-20.18833333333,2.671666666667,
    7.851666666667));
#3868 = VECTOR('',#3869,1.);
#3869 = DIRECTION('',(-0.57735026919,-0.57735026919,-0.57735026919));
#3870 = PCURVE('',#1076,#3871);
#3871 = DEFINITIONAL_REPRESENTATION('',(#3872),#3876);
#3872 = LINE('',#3873,#3874);
#3873 = CARTESIAN_POINT('',(0.921666666667,0.651716749994));
#3874 = VECTOR('',#3875,1.);
#3875 = DIRECTION('',(-0.57735026919,0.816496580928));
#3876 = ( GEOMETRIC_REPRESENTATION_CONTEXT(2) 
PARAMETRIC_REPRESENTATION_CONTEXT() REPRESENTATION_CONTEXT('2D SPACE',''
  ) );
#3877 = PCURVE('',#1048,#3878);
#3878 = DEFINITIONAL_REPRESENTATION('',(#3879),#3883);
#3879 = LINE('',#3880,#3881);
#3880 = CARTESIAN_POINT('',(-0.921666666667,0.651716749994));
#3881 = VECTOR('',#3882,1.);
#3882 = DIRECTION('',(0.57735026919,0.816496580928));
#3883 = ( GEOMETRIC_REPRESENTATION_CONTEXT(2) 
PARAMETRIC_REPRESENTATION_CONTEXT() REPRESENTATION_CONTEXT('2D SPACE',''
  ) );
#3884 = ORIENTED_EDGE('',*,*,#3885,.F.);
#3885 = EDGE_CURVE('',#3809,#3863,#3886,.T.);
#3886 = SURFACE_CURVE('',#3887,(#3891,#3898),.PCURVE_S1.);
#3887 = LINE('',#3888,#3889);
#3888 = CARTESIAN_POINT('',(-19.925,1.75,8.115));
#3889 = VECTOR('',#3890,1.);
#3890 = DIRECTION('',(0.,1.,0.));
#3891 = PCURVE('',#1076,#3892);
#3892 = DEFINITIONAL_REPRESENTATION('',(#3893),#3897);
#3893 = LINE('',#3894,#3895);
#3894 = CARTESIAN_POINT('',(0.,0.279307178569));
#3895 = VECTOR('',#3896,1.);
#3896 = DIRECTION('',(1.,0.));
#3897 = ( GEOMETRIC_REPRESENTATION_CONTEXT(2) 
PARAMETRIC_REPRESENTATION_CONTEXT() REPRESENTATION_CONTEXT('2D SPACE',''
  ) );
#3898 = PCURVE('',#3899,#3904);
#3899 = PLANE('',#3900);
#3900 = AXIS2_PLACEMENT_3D('',#3901,#3902,#3903);
#3901 = CARTESIAN_POINT('',(-19.925,2.145,1.702));
#3902 = DIRECTION('',(1.,0.,0.));
#3903 = DIRECTION('',(0.,0.,1.));
#3904 = DEFINITIONAL_REPRESENTATION('',(#3905),#3909);
#3905 = LINE('',#3906,#3907);
#3906 = CARTESIAN_POINT('',(6.413,0.395));
#3907 = VECTOR('',#3908,1.);
#3908 = DIRECTION('',(0.,-1.));
#3909 = ( GEOMETRIC_REPRESENTATION_CONTEXT(2) 
PARAMETRIC_REPRESENTATION_CONTEXT() REPRESENTATION_CONTEXT('2D SPACE',''
  ) );
#3910 = ADVANCED_FACE('',(#3911),#1048,.T.);
#3911 = FACE_BOUND('',#3912,.F.);
#3912 = EDGE_LOOP('',(#3913,#3914,#3915,#3916));
#3913 = ORIENTED_EDGE('',*,*,#3754,.F.);
#3914 = ORIENTED_EDGE('',*,*,#1032,.T.);
#3915 = ORIENTED_EDGE('',*,*,#3862,.T.);
#3916 = ORIENTED_EDGE('',*,*,#3917,.F.);
#3917 = EDGE_CURVE('',#3755,#3863,#3918,.T.);
#3918 = SURFACE_CURVE('',#3919,(#3923,#3930),.PCURVE_S1.);
#3919 = LINE('',#3920,#3921);
#3920 = CARTESIAN_POINT('',(-21.11,2.935,8.115));
#3921 = VECTOR('',#3922,1.);
#3922 = DIRECTION('',(1.,0.,0.));
#3923 = PCURVE('',#1048,#3924);
#3924 = DEFINITIONAL_REPRESENTATION('',(#3925),#3929);
#3925 = LINE('',#3926,#3927);
#3926 = CARTESIAN_POINT('',(-0.,0.279307178569));
#3927 = VECTOR('',#3928,1.);
#3928 = DIRECTION('',(-1.,0.));
#3929 = ( GEOMETRIC_REPRESENTATION_CONTEXT(2) 
PARAMETRIC_REPRESENTATION_CONTEXT() REPRESENTATION_CONTEXT('2D SPACE',''
  ) );
#3930 = PCURVE('',#3931,#3936);
#3931 = PLANE('',#3932);
#3932 = AXIS2_PLACEMENT_3D('',#3933,#3934,#3935);
#3933 = CARTESIAN_POINT('',(-20.715,2.935,1.702));
#3934 = DIRECTION('',(0.,1.,0.));
#3935 = DIRECTION('',(0.,0.,1.));
#3936 = DEFINITIONAL_REPRESENTATION('',(#3937),#3941);
#3937 = LINE('',#3938,#3939);
#3938 = CARTESIAN_POINT('',(6.413,-0.395));
#3939 = VECTOR('',#3940,1.);
#3940 = DIRECTION('',(0.,1.));
#3941 = ( GEOMETRIC_REPRESENTATION_CONTEXT(2) 
PARAMETRIC_REPRESENTATION_CONTEXT() REPRESENTATION_CONTEXT('2D SPACE',''
  ) );
#3942 = ADVANCED_FACE('',(#3943),#1134,.F.);
#3943 = FACE_BOUND('',#3944,.T.);
#3944 = EDGE_LOOP('',(#3945,#3968,#3969,#3992));
#3945 = ORIENTED_EDGE('',*,*,#3946,.F.);
#3946 = EDGE_CURVE('',#1117,#3947,#3949,.T.);
#3947 = VERTEX_POINT('',#3948);
#3948 = CARTESIAN_POINT('',(-18.175,2.145,8.115));
#3949 = SURFACE_CURVE('',#3950,(#3954,#3961),.PCURVE_S1.);
#3950 = LINE('',#3951,#3952);
#3951 = CARTESIAN_POINT('',(-18.43833333333,1.881666666667,
    8.378333333333));
#3952 = VECTOR('',#3953,1.);
#3953 = DIRECTION('',(0.57735026919,0.57735026919,-0.57735026919));
#3954 = PCURVE('',#1134,#3955);
#3955 = DEFINITIONAL_REPRESENTATION('',(#3956),#3960);
#3956 = LINE('',#3957,#3958);
#3957 = CARTESIAN_POINT('',(-0.131666666667,-9.310239285623E-02));
#3958 = VECTOR('',#3959,1.);
#3959 = DIRECTION('',(-0.57735026919,0.816496580928));
#3960 = ( GEOMETRIC_REPRESENTATION_CONTEXT(2) 
PARAMETRIC_REPRESENTATION_CONTEXT() REPRESENTATION_CONTEXT('2D SPACE',''
  ) );
#3961 = PCURVE('',#1162,#3962);
#3962 = DEFINITIONAL_REPRESENTATION('',(#3963),#3967);
#3963 = LINE('',#3964,#3965);
#3964 = CARTESIAN_POINT('',(0.131666666667,-9.310239285623E-02));
#3965 = VECTOR('',#3966,1.);
#3966 = DIRECTION('',(0.57735026919,0.816496580928));
#3967 = ( GEOMETRIC_REPRESENTATION_CONTEXT(2) 
PARAMETRIC_REPRESENTATION_CONTEXT() REPRESENTATION_CONTEXT('2D SPACE',''
  ) );
#3968 = ORIENTED_EDGE('',*,*,#1116,.T.);
#3969 = ORIENTED_EDGE('',*,*,#3970,.T.);
#3970 = EDGE_CURVE('',#1119,#3971,#3973,.T.);
#3971 = VERTEX_POINT('',#3972);
#3972 = CARTESIAN_POINT('',(-17.385,2.145,8.115));
#3973 = SURFACE_CURVE('',#3974,(#3978,#3985),.PCURVE_S1.);
#3974 = LINE('',#3975,#3976);
#3975 = CARTESIAN_POINT('',(-17.385,2.145,8.115));
#3976 = VECTOR('',#3977,1.);
#3977 = DIRECTION('',(-0.57735026919,0.57735026919,-0.57735026919));
#3978 = PCURVE('',#1134,#3979);
#3979 = DEFINITIONAL_REPRESENTATION('',(#3980),#3984);
#3980 = LINE('',#3981,#3982);
#3981 = CARTESIAN_POINT('',(-1.185,0.279307178569));
#3982 = VECTOR('',#3983,1.);
#3983 = DIRECTION('',(0.57735026919,0.816496580928));
#3984 = ( GEOMETRIC_REPRESENTATION_CONTEXT(2) 
PARAMETRIC_REPRESENTATION_CONTEXT() REPRESENTATION_CONTEXT('2D SPACE',''
  ) );
#3985 = PCURVE('',#1216,#3986);
#3986 = DEFINITIONAL_REPRESENTATION('',(#3987),#3991);
#3987 = LINE('',#3988,#3989);
#3988 = CARTESIAN_POINT('',(0.395,0.279307178569));
#3989 = VECTOR('',#3990,1.);
#3990 = DIRECTION('',(0.57735026919,0.816496580928));
#3991 = ( GEOMETRIC_REPRESENTATION_CONTEXT(2) 
PARAMETRIC_REPRESENTATION_CONTEXT() REPRESENTATION_CONTEXT('2D SPACE',''
  ) );
#3992 = ORIENTED_EDGE('',*,*,#3993,.F.);
#3993 = EDGE_CURVE('',#3947,#3971,#3994,.T.);
#3994 = SURFACE_CURVE('',#3995,(#3999,#4006),.PCURVE_S1.);
#3995 = LINE('',#3996,#3997);
#3996 = CARTESIAN_POINT('',(-18.57,2.145,8.115));
#3997 = VECTOR('',#3998,1.);
#3998 = DIRECTION('',(1.,0.,0.));
#3999 = PCURVE('',#1134,#4000);
#4000 = DEFINITIONAL_REPRESENTATION('',(#4001),#4005);
#4001 = LINE('',#4002,#4003);
#4002 = CARTESIAN_POINT('',(-0.,0.279307178569));
#4003 = VECTOR('',#4004,1.);
#4004 = DIRECTION('',(-1.,0.));
#4005 = ( GEOMETRIC_REPRESENTATION_CONTEXT(2) 
PARAMETRIC_REPRESENTATION_CONTEXT() REPRESENTATION_CONTEXT('2D SPACE',''
  ) );
#4006 = PCURVE('',#4007,#4012);
#4007 = PLANE('',#4008);
#4008 = AXIS2_PLACEMENT_3D('',#4009,#4010,#4011);
#4009 = CARTESIAN_POINT('',(-18.175,2.145,1.702));
#4010 = DIRECTION('',(0.,1.,0.));
#4011 = DIRECTION('',(0.,0.,1.));
#4012 = DEFINITIONAL_REPRESENTATION('',(#4013),#4017);
#4013 = LINE('',#4014,#4015);
#4014 = CARTESIAN_POINT('',(6.413,-0.395));
#4015 = VECTOR('',#4016,1.);
#4016 = DIRECTION('',(0.,1.));
#4017 = ( GEOMETRIC_REPRESENTATION_CONTEXT(2) 
PARAMETRIC_REPRESENTATION_CONTEXT() REPRESENTATION_CONTEXT('2D SPACE',''
  ) );
#4018 = ADVANCED_FACE('',(#4019),#1216,.T.);
#4019 = FACE_BOUND('',#4020,.T.);
#4020 = EDGE_LOOP('',(#4021,#4022,#4023,#4046));
#4021 = ORIENTED_EDGE('',*,*,#3970,.F.);
#4022 = ORIENTED_EDGE('',*,*,#1202,.T.);
#4023 = ORIENTED_EDGE('',*,*,#4024,.T.);
#4024 = EDGE_CURVE('',#1175,#4025,#4027,.T.);
#4025 = VERTEX_POINT('',#4026);
#4026 = CARTESIAN_POINT('',(-17.385,2.935,8.115));
#4027 = SURFACE_CURVE('',#4028,(#4032,#4039),.PCURVE_S1.);
#4028 = LINE('',#4029,#4030);
#4029 = CARTESIAN_POINT('',(-17.64833333333,2.671666666667,
    7.851666666667));
#4030 = VECTOR('',#4031,1.);
#4031 = DIRECTION('',(-0.57735026919,-0.57735026919,-0.57735026919));
#4032 = PCURVE('',#1216,#4033);
#4033 = DEFINITIONAL_REPRESENTATION('',(#4034),#4038);
#4034 = LINE('',#4035,#4036);
#4035 = CARTESIAN_POINT('',(0.921666666667,0.651716749994));
#4036 = VECTOR('',#4037,1.);
#4037 = DIRECTION('',(-0.57735026919,0.816496580928));
#4038 = ( GEOMETRIC_REPRESENTATION_CONTEXT(2) 
PARAMETRIC_REPRESENTATION_CONTEXT() REPRESENTATION_CONTEXT('2D SPACE',''
  ) );
#4039 = PCURVE('',#1190,#4040);
#4040 = DEFINITIONAL_REPRESENTATION('',(#4041),#4045);
#4041 = LINE('',#4042,#4043);
#4042 = CARTESIAN_POINT('',(-0.921666666667,0.651716749994));
#4043 = VECTOR('',#4044,1.);
#4044 = DIRECTION('',(0.57735026919,0.816496580928));
#4045 = ( GEOMETRIC_REPRESENTATION_CONTEXT(2) 
PARAMETRIC_REPRESENTATION_CONTEXT() REPRESENTATION_CONTEXT('2D SPACE',''
  ) );
#4046 = ORIENTED_EDGE('',*,*,#4047,.F.);
#4047 = EDGE_CURVE('',#3971,#4025,#4048,.T.);
#4048 = SURFACE_CURVE('',#4049,(#4053,#4060),.PCURVE_S1.);
#4049 = LINE('',#4050,#4051);
#4050 = CARTESIAN_POINT('',(-17.385,1.75,8.115));
#4051 = VECTOR('',#4052,1.);
#4052 = DIRECTION('',(0.,1.,0.));
#4053 = PCURVE('',#1216,#4054);
#4054 = DEFINITIONAL_REPRESENTATION('',(#4055),#4059);
#4055 = LINE('',#4056,#4057);
#4056 = CARTESIAN_POINT('',(0.,0.279307178569));
#4057 = VECTOR('',#4058,1.);
#4058 = DIRECTION('',(1.,0.));
#4059 = ( GEOMETRIC_REPRESENTATION_CONTEXT(2) 
PARAMETRIC_REPRESENTATION_CONTEXT() REPRESENTATION_CONTEXT('2D SPACE',''
  ) );
#4060 = PCURVE('',#4061,#4066);
#4061 = PLANE('',#4062);
#4062 = AXIS2_PLACEMENT_3D('',#4063,#4064,#4065);
#4063 = CARTESIAN_POINT('',(-17.385,2.145,1.702));
#4064 = DIRECTION('',(1.,0.,0.));
#4065 = DIRECTION('',(0.,0.,1.));
#4066 = DEFINITIONAL_REPRESENTATION('',(#4067),#4071);
#4067 = LINE('',#4068,#4069);
#4068 = CARTESIAN_POINT('',(6.413,0.395));
#4069 = VECTOR('',#4070,1.);
#4070 = DIRECTION('',(0.,-1.));
#4071 = ( GEOMETRIC_REPRESENTATION_CONTEXT(2) 
PARAMETRIC_REPRESENTATION_CONTEXT() REPRESENTATION_CONTEXT('2D SPACE',''
  ) );
#4072 = ADVANCED_FACE('',(#4073),#1190,.T.);
#4073 = FACE_BOUND('',#4074,.F.);
#4074 = EDGE_LOOP('',(#4075,#4098,#4099,#4100));
#4075 = ORIENTED_EDGE('',*,*,#4076,.F.);
#4076 = EDGE_CURVE('',#1147,#4077,#4079,.T.);
#4077 = VERTEX_POINT('',#4078);
#4078 = CARTESIAN_POINT('',(-18.175,2.935,8.115));
#4079 = SURFACE_CURVE('',#4080,(#4084,#4091),.PCURVE_S1.);
#4080 = LINE('',#4081,#4082);
#4081 = CARTESIAN_POINT('',(-18.175,2.935,8.115));
#4082 = VECTOR('',#4083,1.);
#4083 = DIRECTION('',(0.57735026919,-0.57735026919,-0.57735026919));
#4084 = PCURVE('',#1190,#4085);
#4085 = DEFINITIONAL_REPRESENTATION('',(#4086),#4090);
#4086 = LINE('',#4087,#4088);
#4087 = CARTESIAN_POINT('',(-0.395,0.279307178569));
#4088 = VECTOR('',#4089,1.);
#4089 = DIRECTION('',(-0.57735026919,0.816496580928));
#4090 = ( GEOMETRIC_REPRESENTATION_CONTEXT(2) 
PARAMETRIC_REPRESENTATION_CONTEXT() REPRESENTATION_CONTEXT('2D SPACE',''
  ) );
#4091 = PCURVE('',#1162,#4092);
#4092 = DEFINITIONAL_REPRESENTATION('',(#4093),#4097);
#4093 = LINE('',#4094,#4095);
#4094 = CARTESIAN_POINT('',(1.185,0.279307178569));
#4095 = VECTOR('',#4096,1.);
#4096 = DIRECTION('',(-0.57735026919,0.816496580928));
#4097 = ( GEOMETRIC_REPRESENTATION_CONTEXT(2) 
PARAMETRIC_REPRESENTATION_CONTEXT() REPRESENTATION_CONTEXT('2D SPACE',''
  ) );
#4098 = ORIENTED_EDGE('',*,*,#1174,.T.);
#4099 = ORIENTED_EDGE('',*,*,#4024,.T.);
#4100 = ORIENTED_EDGE('',*,*,#4101,.F.);
#4101 = EDGE_CURVE('',#4077,#4025,#4102,.T.);
#4102 = SURFACE_CURVE('',#4103,(#4107,#4114),.PCURVE_S1.);
#4103 = LINE('',#4104,#4105);
#4104 = CARTESIAN_POINT('',(-18.57,2.935,8.115));
#4105 = VECTOR('',#4106,1.);
#4106 = DIRECTION('',(1.,0.,0.));
#4107 = PCURVE('',#1190,#4108);
#4108 = DEFINITIONAL_REPRESENTATION('',(#4109),#4113);
#4109 = LINE('',#4110,#4111);
#4110 = CARTESIAN_POINT('',(-0.,0.279307178569));
#4111 = VECTOR('',#4112,1.);
#4112 = DIRECTION('',(-1.,0.));
#4113 = ( GEOMETRIC_REPRESENTATION_CONTEXT(2) 
PARAMETRIC_REPRESENTATION_CONTEXT() REPRESENTATION_CONTEXT('2D SPACE',''
  ) );
#4114 = PCURVE('',#4115,#4120);
#4115 = PLANE('',#4116);
#4116 = AXIS2_PLACEMENT_3D('',#4117,#4118,#4119);
#4117 = CARTESIAN_POINT('',(-18.175,2.935,1.702));
#4118 = DIRECTION('',(0.,1.,0.));
#4119 = DIRECTION('',(0.,0.,1.));
#4120 = DEFINITIONAL_REPRESENTATION('',(#4121),#4125);
#4121 = LINE('',#4122,#4123);
#4122 = CARTESIAN_POINT('',(6.413,-0.395));
#4123 = VECTOR('',#4124,1.);
#4124 = DIRECTION('',(0.,1.));
#4125 = ( GEOMETRIC_REPRESENTATION_CONTEXT(2) 
PARAMETRIC_REPRESENTATION_CONTEXT() REPRESENTATION_CONTEXT('2D SPACE',''
  ) );
#4126 = ADVANCED_FACE('',(#4127),#1162,.F.);
#4127 = FACE_BOUND('',#4128,.F.);
#4128 = EDGE_LOOP('',(#4129,#4130,#4131,#4132));
#4129 = ORIENTED_EDGE('',*,*,#3946,.F.);
#4130 = ORIENTED_EDGE('',*,*,#1146,.T.);
#4131 = ORIENTED_EDGE('',*,*,#4076,.T.);
#4132 = ORIENTED_EDGE('',*,*,#4133,.F.);
#4133 = EDGE_CURVE('',#3947,#4077,#4134,.T.);
#4134 = SURFACE_CURVE('',#4135,(#4139,#4146),.PCURVE_S1.);
#4135 = LINE('',#4136,#4137);
#4136 = CARTESIAN_POINT('',(-18.175,1.75,8.115));
#4137 = VECTOR('',#4138,1.);
#4138 = DIRECTION('',(0.,1.,0.));
#4139 = PCURVE('',#1162,#4140);
#4140 = DEFINITIONAL_REPRESENTATION('',(#4141),#4145);
#4141 = LINE('',#4142,#4143);
#4142 = CARTESIAN_POINT('',(0.,0.279307178569));
#4143 = VECTOR('',#4144,1.);
#4144 = DIRECTION('',(1.,0.));
#4145 = ( GEOMETRIC_REPRESENTATION_CONTEXT(2) 
PARAMETRIC_REPRESENTATION_CONTEXT() REPRESENTATION_CONTEXT('2D SPACE',''
  ) );
#4146 = PCURVE('',#4147,#4152);
#4147 = PLANE('',#4148);
#4148 = AXIS2_PLACEMENT_3D('',#4149,#4150,#4151);
#4149 = CARTESIAN_POINT('',(-18.175,2.145,1.702));
#4150 = DIRECTION('',(1.,0.,0.));
#4151 = DIRECTION('',(0.,0.,1.));
#4152 = DEFINITIONAL_REPRESENTATION('',(#4153),#4157);
#4153 = LINE('',#4154,#4155);
#4154 = CARTESIAN_POINT('',(6.413,0.395));
#4155 = VECTOR('',#4156,1.);
#4156 = DIRECTION('',(0.,-1.));
#4157 = ( GEOMETRIC_REPRESENTATION_CONTEXT(2) 
PARAMETRIC_REPRESENTATION_CONTEXT() REPRESENTATION_CONTEXT('2D SPACE',''
  ) );
#4158 = ADVANCED_FACE('',(#4159),#1248,.F.);
#4159 = FACE_BOUND('',#4160,.T.);
#4160 = EDGE_LOOP('',(#4161,#4184,#4185,#4208));
#4161 = ORIENTED_EDGE('',*,*,#4162,.F.);
#4162 = EDGE_CURVE('',#1231,#4163,#4165,.T.);
#4163 = VERTEX_POINT('',#4164);
#4164 = CARTESIAN_POINT('',(-15.635,2.145,8.115));
#4165 = SURFACE_CURVE('',#4166,(#4170,#4177),.PCURVE_S1.);
#4166 = LINE('',#4167,#4168);
#4167 = CARTESIAN_POINT('',(-15.89833333333,1.881666666667,
    8.378333333333));
#4168 = VECTOR('',#4169,1.);
#4169 = DIRECTION('',(0.57735026919,0.57735026919,-0.57735026919));
#4170 = PCURVE('',#1248,#4171);
#4171 = DEFINITIONAL_REPRESENTATION('',(#4172),#4176);
#4172 = LINE('',#4173,#4174);
#4173 = CARTESIAN_POINT('',(-0.131666666667,-9.310239285623E-02));
#4174 = VECTOR('',#4175,1.);
#4175 = DIRECTION('',(-0.57735026919,0.816496580928));
#4176 = ( GEOMETRIC_REPRESENTATION_CONTEXT(2) 
PARAMETRIC_REPRESENTATION_CONTEXT() REPRESENTATION_CONTEXT('2D SPACE',''
  ) );
#4177 = PCURVE('',#1276,#4178);
#4178 = DEFINITIONAL_REPRESENTATION('',(#4179),#4183);
#4179 = LINE('',#4180,#4181);
#4180 = CARTESIAN_POINT('',(0.131666666667,-9.310239285623E-02));
#4181 = VECTOR('',#4182,1.);
#4182 = DIRECTION('',(0.57735026919,0.816496580928));
#4183 = ( GEOMETRIC_REPRESENTATION_CONTEXT(2) 
PARAMETRIC_REPRESENTATION_CONTEXT() REPRESENTATION_CONTEXT('2D SPACE',''
  ) );
#4184 = ORIENTED_EDGE('',*,*,#1230,.T.);
#4185 = ORIENTED_EDGE('',*,*,#4186,.T.);
#4186 = EDGE_CURVE('',#1233,#4187,#4189,.T.);
#4187 = VERTEX_POINT('',#4188);
#4188 = CARTESIAN_POINT('',(-14.845,2.145,8.115));
#4189 = SURFACE_CURVE('',#4190,(#4194,#4201),.PCURVE_S1.);
#4190 = LINE('',#4191,#4192);
#4191 = CARTESIAN_POINT('',(-14.845,2.145,8.115));
#4192 = VECTOR('',#4193,1.);
#4193 = DIRECTION('',(-0.57735026919,0.57735026919,-0.57735026919));
#4194 = PCURVE('',#1248,#4195);
#4195 = DEFINITIONAL_REPRESENTATION('',(#4196),#4200);
#4196 = LINE('',#4197,#4198);
#4197 = CARTESIAN_POINT('',(-1.185,0.279307178569));
#4198 = VECTOR('',#4199,1.);
#4199 = DIRECTION('',(0.57735026919,0.816496580928));
#4200 = ( GEOMETRIC_REPRESENTATION_CONTEXT(2) 
PARAMETRIC_REPRESENTATION_CONTEXT() REPRESENTATION_CONTEXT('2D SPACE',''
  ) );
#4201 = PCURVE('',#1330,#4202);
#4202 = DEFINITIONAL_REPRESENTATION('',(#4203),#4207);
#4203 = LINE('',#4204,#4205);
#4204 = CARTESIAN_POINT('',(0.395,0.279307178569));
#4205 = VECTOR('',#4206,1.);
#4206 = DIRECTION('',(0.57735026919,0.816496580928));
#4207 = ( GEOMETRIC_REPRESENTATION_CONTEXT(2) 
PARAMETRIC_REPRESENTATION_CONTEXT() REPRESENTATION_CONTEXT('2D SPACE',''
  ) );
#4208 = ORIENTED_EDGE('',*,*,#4209,.F.);
#4209 = EDGE_CURVE('',#4163,#4187,#4210,.T.);
#4210 = SURFACE_CURVE('',#4211,(#4215,#4222),.PCURVE_S1.);
#4211 = LINE('',#4212,#4213);
#4212 = CARTESIAN_POINT('',(-16.03,2.145,8.115));
#4213 = VECTOR('',#4214,1.);
#4214 = DIRECTION('',(1.,0.,0.));
#4215 = PCURVE('',#1248,#4216);
#4216 = DEFINITIONAL_REPRESENTATION('',(#4217),#4221);
#4217 = LINE('',#4218,#4219);
#4218 = CARTESIAN_POINT('',(-0.,0.279307178569));
#4219 = VECTOR('',#4220,1.);
#4220 = DIRECTION('',(-1.,0.));
#4221 = ( GEOMETRIC_REPRESENTATION_CONTEXT(2) 
PARAMETRIC_REPRESENTATION_CONTEXT() REPRESENTATION_CONTEXT('2D SPACE',''
  ) );
#4222 = PCURVE('',#4223,#4228);
#4223 = PLANE('',#4224);
#4224 = AXIS2_PLACEMENT_3D('',#4225,#4226,#4227);
#4225 = CARTESIAN_POINT('',(-15.635,2.145,1.702));
#4226 = DIRECTION('',(0.,1.,0.));
#4227 = DIRECTION('',(0.,0.,1.));
#4228 = DEFINITIONAL_REPRESENTATION('',(#4229),#4233);
#4229 = LINE('',#4230,#4231);
#4230 = CARTESIAN_POINT('',(6.413,-0.395));
#4231 = VECTOR('',#4232,1.);
#4232 = DIRECTION('',(0.,1.));
#4233 = ( GEOMETRIC_REPRESENTATION_CONTEXT(2) 
PARAMETRIC_REPRESENTATION_CONTEXT() REPRESENTATION_CONTEXT('2D SPACE',''
  ) );
#4234 = ADVANCED_FACE('',(#4235),#1330,.T.);
#4235 = FACE_BOUND('',#4236,.T.);
#4236 = EDGE_LOOP('',(#4237,#4238,#4239,#4262));
#4237 = ORIENTED_EDGE('',*,*,#4186,.F.);
#4238 = ORIENTED_EDGE('',*,*,#1316,.T.);
#4239 = ORIENTED_EDGE('',*,*,#4240,.T.);
#4240 = EDGE_CURVE('',#1289,#4241,#4243,.T.);
#4241 = VERTEX_POINT('',#4242);
#4242 = CARTESIAN_POINT('',(-14.845,2.935,8.115));
#4243 = SURFACE_CURVE('',#4244,(#4248,#4255),.PCURVE_S1.);
#4244 = LINE('',#4245,#4246);
#4245 = CARTESIAN_POINT('',(-15.10833333333,2.671666666667,
    7.851666666667));
#4246 = VECTOR('',#4247,1.);
#4247 = DIRECTION('',(-0.57735026919,-0.57735026919,-0.57735026919));
#4248 = PCURVE('',#1330,#4249);
#4249 = DEFINITIONAL_REPRESENTATION('',(#4250),#4254);
#4250 = LINE('',#4251,#4252);
#4251 = CARTESIAN_POINT('',(0.921666666667,0.651716749994));
#4252 = VECTOR('',#4253,1.);
#4253 = DIRECTION('',(-0.57735026919,0.816496580928));
#4254 = ( GEOMETRIC_REPRESENTATION_CONTEXT(2) 
PARAMETRIC_REPRESENTATION_CONTEXT() REPRESENTATION_CONTEXT('2D SPACE',''
  ) );
#4255 = PCURVE('',#1304,#4256);
#4256 = DEFINITIONAL_REPRESENTATION('',(#4257),#4261);
#4257 = LINE('',#4258,#4259);
#4258 = CARTESIAN_POINT('',(-0.921666666667,0.651716749994));
#4259 = VECTOR('',#4260,1.);
#4260 = DIRECTION('',(0.57735026919,0.816496580928));
#4261 = ( GEOMETRIC_REPRESENTATION_CONTEXT(2) 
PARAMETRIC_REPRESENTATION_CONTEXT() REPRESENTATION_CONTEXT('2D SPACE',''
  ) );
#4262 = ORIENTED_EDGE('',*,*,#4263,.F.);
#4263 = EDGE_CURVE('',#4187,#4241,#4264,.T.);
#4264 = SURFACE_CURVE('',#4265,(#4269,#4276),.PCURVE_S1.);
#4265 = LINE('',#4266,#4267);
#4266 = CARTESIAN_POINT('',(-14.845,1.75,8.115));
#4267 = VECTOR('',#4268,1.);
#4268 = DIRECTION('',(0.,1.,0.));
#4269 = PCURVE('',#1330,#4270);
#4270 = DEFINITIONAL_REPRESENTATION('',(#4271),#4275);
#4271 = LINE('',#4272,#4273);
#4272 = CARTESIAN_POINT('',(0.,0.279307178569));
#4273 = VECTOR('',#4274,1.);
#4274 = DIRECTION('',(1.,0.));
#4275 = ( GEOMETRIC_REPRESENTATION_CONTEXT(2) 
PARAMETRIC_REPRESENTATION_CONTEXT() REPRESENTATION_CONTEXT('2D SPACE',''
  ) );
#4276 = PCURVE('',#4277,#4282);
#4277 = PLANE('',#4278);
#4278 = AXIS2_PLACEMENT_3D('',#4279,#4280,#4281);
#4279 = CARTESIAN_POINT('',(-14.845,2.145,1.702));
#4280 = DIRECTION('',(1.,0.,0.));
#4281 = DIRECTION('',(0.,0.,1.));
#4282 = DEFINITIONAL_REPRESENTATION('',(#4283),#4287);
#4283 = LINE('',#4284,#4285);
#4284 = CARTESIAN_POINT('',(6.413,0.395));
#4285 = VECTOR('',#4286,1.);
#4286 = DIRECTION('',(0.,-1.));
#4287 = ( GEOMETRIC_REPRESENTATION_CONTEXT(2) 
PARAMETRIC_REPRESENTATION_CONTEXT() REPRESENTATION_CONTEXT('2D SPACE',''
  ) );
#4288 = ADVANCED_FACE('',(#4289),#1304,.T.);
#4289 = FACE_BOUND('',#4290,.F.);
#4290 = EDGE_LOOP('',(#4291,#4314,#4315,#4316));
#4291 = ORIENTED_EDGE('',*,*,#4292,.F.);
#4292 = EDGE_CURVE('',#1261,#4293,#4295,.T.);
#4293 = VERTEX_POINT('',#4294);
#4294 = CARTESIAN_POINT('',(-15.635,2.935,8.115));
#4295 = SURFACE_CURVE('',#4296,(#4300,#4307),.PCURVE_S1.);
#4296 = LINE('',#4297,#4298);
#4297 = CARTESIAN_POINT('',(-15.635,2.935,8.115));
#4298 = VECTOR('',#4299,1.);
#4299 = DIRECTION('',(0.57735026919,-0.57735026919,-0.57735026919));
#4300 = PCURVE('',#1304,#4301);
#4301 = DEFINITIONAL_REPRESENTATION('',(#4302),#4306);
#4302 = LINE('',#4303,#4304);
#4303 = CARTESIAN_POINT('',(-0.395,0.279307178569));
#4304 = VECTOR('',#4305,1.);
#4305 = DIRECTION('',(-0.57735026919,0.816496580928));
#4306 = ( GEOMETRIC_REPRESENTATION_CONTEXT(2) 
PARAMETRIC_REPRESENTATION_CONTEXT() REPRESENTATION_CONTEXT('2D SPACE',''
  ) );
#4307 = PCURVE('',#1276,#4308);
#4308 = DEFINITIONAL_REPRESENTATION('',(#4309),#4313);
#4309 = LINE('',#4310,#4311);
#4310 = CARTESIAN_POINT('',(1.185,0.279307178569));
#4311 = VECTOR('',#4312,1.);
#4312 = DIRECTION('',(-0.57735026919,0.816496580928));
#4313 = ( GEOMETRIC_REPRESENTATION_CONTEXT(2) 
PARAMETRIC_REPRESENTATION_CONTEXT() REPRESENTATION_CONTEXT('2D SPACE',''
  ) );
#4314 = ORIENTED_EDGE('',*,*,#1288,.T.);
#4315 = ORIENTED_EDGE('',*,*,#4240,.T.);
#4316 = ORIENTED_EDGE('',*,*,#4317,.F.);
#4317 = EDGE_CURVE('',#4293,#4241,#4318,.T.);
#4318 = SURFACE_CURVE('',#4319,(#4323,#4330),.PCURVE_S1.);
#4319 = LINE('',#4320,#4321);
#4320 = CARTESIAN_POINT('',(-16.03,2.935,8.115));
#4321 = VECTOR('',#4322,1.);
#4322 = DIRECTION('',(1.,0.,0.));
#4323 = PCURVE('',#1304,#4324);
#4324 = DEFINITIONAL_REPRESENTATION('',(#4325),#4329);
#4325 = LINE('',#4326,#4327);
#4326 = CARTESIAN_POINT('',(-0.,0.279307178569));
#4327 = VECTOR('',#4328,1.);
#4328 = DIRECTION('',(-1.,0.));
#4329 = ( GEOMETRIC_REPRESENTATION_CONTEXT(2) 
PARAMETRIC_REPRESENTATION_CONTEXT() REPRESENTATION_CONTEXT('2D SPACE',''
  ) );
#4330 = PCURVE('',#4331,#4336);
#4331 = PLANE('',#4332);
#4332 = AXIS2_PLACEMENT_3D('',#4333,#4334,#4335);
#4333 = CARTESIAN_POINT('',(-15.635,2.935,1.702));
#4334 = DIRECTION('',(0.,1.,0.));
#4335 = DIRECTION('',(0.,0.,1.));
#4336 = DEFINITIONAL_REPRESENTATION('',(#4337),#4341);
#4337 = LINE('',#4338,#4339);
#4338 = CARTESIAN_POINT('',(6.413,-0.395));
#4339 = VECTOR('',#4340,1.);
#4340 = DIRECTION('',(0.,1.));
#4341 = ( GEOMETRIC_REPRESENTATION_CONTEXT(2) 
PARAMETRIC_REPRESENTATION_CONTEXT() REPRESENTATION_CONTEXT('2D SPACE',''
  ) );
#4342 = ADVANCED_FACE('',(#4343),#1276,.F.);
#4343 = FACE_BOUND('',#4344,.F.);
#4344 = EDGE_LOOP('',(#4345,#4346,#4347,#4348));
#4345 = ORIENTED_EDGE('',*,*,#4162,.F.);
#4346 = ORIENTED_EDGE('',*,*,#1260,.T.);
#4347 = ORIENTED_EDGE('',*,*,#4292,.T.);
#4348 = ORIENTED_EDGE('',*,*,#4349,.F.);
#4349 = EDGE_CURVE('',#4163,#4293,#4350,.T.);
#4350 = SURFACE_CURVE('',#4351,(#4355,#4362),.PCURVE_S1.);
#4351 = LINE('',#4352,#4353);
#4352 = CARTESIAN_POINT('',(-15.635,1.75,8.115));
#4353 = VECTOR('',#4354,1.);
#4354 = DIRECTION('',(0.,1.,0.));
#4355 = PCURVE('',#1276,#4356);
#4356 = DEFINITIONAL_REPRESENTATION('',(#4357),#4361);
#4357 = LINE('',#4358,#4359);
#4358 = CARTESIAN_POINT('',(0.,0.279307178569));
#4359 = VECTOR('',#4360,1.);
#4360 = DIRECTION('',(1.,0.));
#4361 = ( GEOMETRIC_REPRESENTATION_CONTEXT(2) 
PARAMETRIC_REPRESENTATION_CONTEXT() REPRESENTATION_CONTEXT('2D SPACE',''
  ) );
#4362 = PCURVE('',#4363,#4368);
#4363 = PLANE('',#4364);
#4364 = AXIS2_PLACEMENT_3D('',#4365,#4366,#4367);
#4365 = CARTESIAN_POINT('',(-15.635,2.145,1.702));
#4366 = DIRECTION('',(1.,0.,0.));
#4367 = DIRECTION('',(0.,0.,1.));
#4368 = DEFINITIONAL_REPRESENTATION('',(#4369),#4373);
#4369 = LINE('',#4370,#4371);
#4370 = CARTESIAN_POINT('',(6.413,0.395));
#4371 = VECTOR('',#4372,1.);
#4372 = DIRECTION('',(0.,-1.));
#4373 = ( GEOMETRIC_REPRESENTATION_CONTEXT(2) 
PARAMETRIC_REPRESENTATION_CONTEXT() REPRESENTATION_CONTEXT('2D SPACE',''
  ) );
#4374 = ADVANCED_FACE('',(#4375),#1362,.F.);
#4375 = FACE_BOUND('',#4376,.F.);
#4376 = EDGE_LOOP('',(#4377,#4400,#4401,#4424));
#4377 = ORIENTED_EDGE('',*,*,#4378,.F.);
#4378 = EDGE_CURVE('',#1345,#4379,#4381,.T.);
#4379 = VERTEX_POINT('',#4380);
#4380 = CARTESIAN_POINT('',(-13.095,2.145,8.115));
#4381 = SURFACE_CURVE('',#4382,(#4386,#4393),.PCURVE_S1.);
#4382 = LINE('',#4383,#4384);
#4383 = CARTESIAN_POINT('',(-13.35833333333,1.881666666667,
    8.378333333333));
#4384 = VECTOR('',#4385,1.);
#4385 = DIRECTION('',(0.57735026919,0.57735026919,-0.57735026919));
#4386 = PCURVE('',#1362,#4387);
#4387 = DEFINITIONAL_REPRESENTATION('',(#4388),#4392);
#4388 = LINE('',#4389,#4390);
#4389 = CARTESIAN_POINT('',(0.131666666667,-9.310239285623E-02));
#4390 = VECTOR('',#4391,1.);
#4391 = DIRECTION('',(0.57735026919,0.816496580928));
#4392 = ( GEOMETRIC_REPRESENTATION_CONTEXT(2) 
PARAMETRIC_REPRESENTATION_CONTEXT() REPRESENTATION_CONTEXT('2D SPACE',''
  ) );
#4393 = PCURVE('',#1444,#4394);
#4394 = DEFINITIONAL_REPRESENTATION('',(#4395),#4399);
#4395 = LINE('',#4396,#4397);
#4396 = CARTESIAN_POINT('',(-0.131666666667,-9.310239285623E-02));
#4397 = VECTOR('',#4398,1.);
#4398 = DIRECTION('',(-0.57735026919,0.816496580928));
#4399 = ( GEOMETRIC_REPRESENTATION_CONTEXT(2) 
PARAMETRIC_REPRESENTATION_CONTEXT() REPRESENTATION_CONTEXT('2D SPACE',''
  ) );
#4400 = ORIENTED_EDGE('',*,*,#1344,.T.);
#4401 = ORIENTED_EDGE('',*,*,#4402,.T.);
#4402 = EDGE_CURVE('',#1347,#4403,#4405,.T.);
#4403 = VERTEX_POINT('',#4404);
#4404 = CARTESIAN_POINT('',(-13.095,2.935,8.115));
#4405 = SURFACE_CURVE('',#4406,(#4410,#4417),.PCURVE_S1.);
#4406 = LINE('',#4407,#4408);
#4407 = CARTESIAN_POINT('',(-13.095,2.935,8.115));
#4408 = VECTOR('',#4409,1.);
#4409 = DIRECTION('',(0.57735026919,-0.57735026919,-0.57735026919));
#4410 = PCURVE('',#1362,#4411);
#4411 = DEFINITIONAL_REPRESENTATION('',(#4412),#4416);
#4412 = LINE('',#4413,#4414);
#4413 = CARTESIAN_POINT('',(1.185,0.279307178569));
#4414 = VECTOR('',#4415,1.);
#4415 = DIRECTION('',(-0.57735026919,0.816496580928));
#4416 = ( GEOMETRIC_REPRESENTATION_CONTEXT(2) 
PARAMETRIC_REPRESENTATION_CONTEXT() REPRESENTATION_CONTEXT('2D SPACE',''
  ) );
#4417 = PCURVE('',#1390,#4418);
#4418 = DEFINITIONAL_REPRESENTATION('',(#4419),#4423);
#4419 = LINE('',#4420,#4421);
#4420 = CARTESIAN_POINT('',(-0.395,0.279307178569));
#4421 = VECTOR('',#4422,1.);
#4422 = DIRECTION('',(-0.57735026919,0.816496580928));
#4423 = ( GEOMETRIC_REPRESENTATION_CONTEXT(2) 
PARAMETRIC_REPRESENTATION_CONTEXT() REPRESENTATION_CONTEXT('2D SPACE',''
  ) );
#4424 = ORIENTED_EDGE('',*,*,#4425,.F.);
#4425 = EDGE_CURVE('',#4379,#4403,#4426,.T.);
#4426 = SURFACE_CURVE('',#4427,(#4431,#4438),.PCURVE_S1.);
#4427 = LINE('',#4428,#4429);
#4428 = CARTESIAN_POINT('',(-13.095,1.75,8.115));
#4429 = VECTOR('',#4430,1.);
#4430 = DIRECTION('',(0.,1.,0.));
#4431 = PCURVE('',#1362,#4432);
#4432 = DEFINITIONAL_REPRESENTATION('',(#4433),#4437);
#4433 = LINE('',#4434,#4435);
#4434 = CARTESIAN_POINT('',(0.,0.279307178569));
#4435 = VECTOR('',#4436,1.);
#4436 = DIRECTION('',(1.,0.));
#4437 = ( GEOMETRIC_REPRESENTATION_CONTEXT(2) 
PARAMETRIC_REPRESENTATION_CONTEXT() REPRESENTATION_CONTEXT('2D SPACE',''
  ) );
#4438 = PCURVE('',#4439,#4444);
#4439 = PLANE('',#4440);
#4440 = AXIS2_PLACEMENT_3D('',#4441,#4442,#4443);
#4441 = CARTESIAN_POINT('',(-13.095,2.145,1.702));
#4442 = DIRECTION('',(1.,0.,0.));
#4443 = DIRECTION('',(0.,0.,1.));
#4444 = DEFINITIONAL_REPRESENTATION('',(#4445),#4449);
#4445 = LINE('',#4446,#4447);
#4446 = CARTESIAN_POINT('',(6.413,0.395));
#4447 = VECTOR('',#4448,1.);
#4448 = DIRECTION('',(0.,-1.));
#4449 = ( GEOMETRIC_REPRESENTATION_CONTEXT(2) 
PARAMETRIC_REPRESENTATION_CONTEXT() REPRESENTATION_CONTEXT('2D SPACE',''
  ) );
#4450 = ADVANCED_FACE('',(#4451),#1444,.F.);
#4451 = FACE_BOUND('',#4452,.T.);
#4452 = EDGE_LOOP('',(#4453,#4454,#4455,#4478));
#4453 = ORIENTED_EDGE('',*,*,#4378,.F.);
#4454 = ORIENTED_EDGE('',*,*,#1430,.T.);
#4455 = ORIENTED_EDGE('',*,*,#4456,.T.);
#4456 = EDGE_CURVE('',#1403,#4457,#4459,.T.);
#4457 = VERTEX_POINT('',#4458);
#4458 = CARTESIAN_POINT('',(-12.305,2.145,8.115));
#4459 = SURFACE_CURVE('',#4460,(#4464,#4471),.PCURVE_S1.);
#4460 = LINE('',#4461,#4462);
#4461 = CARTESIAN_POINT('',(-12.305,2.145,8.115));
#4462 = VECTOR('',#4463,1.);
#4463 = DIRECTION('',(-0.57735026919,0.57735026919,-0.57735026919));
#4464 = PCURVE('',#1444,#4465);
#4465 = DEFINITIONAL_REPRESENTATION('',(#4466),#4470);
#4466 = LINE('',#4467,#4468);
#4467 = CARTESIAN_POINT('',(-1.185,0.279307178569));
#4468 = VECTOR('',#4469,1.);
#4469 = DIRECTION('',(0.57735026919,0.816496580928));
#4470 = ( GEOMETRIC_REPRESENTATION_CONTEXT(2) 
PARAMETRIC_REPRESENTATION_CONTEXT() REPRESENTATION_CONTEXT('2D SPACE',''
  ) );
#4471 = PCURVE('',#1418,#4472);
#4472 = DEFINITIONAL_REPRESENTATION('',(#4473),#4477);
#4473 = LINE('',#4474,#4475);
#4474 = CARTESIAN_POINT('',(0.395,0.279307178569));
#4475 = VECTOR('',#4476,1.);
#4476 = DIRECTION('',(0.57735026919,0.816496580928));
#4477 = ( GEOMETRIC_REPRESENTATION_CONTEXT(2) 
PARAMETRIC_REPRESENTATION_CONTEXT() REPRESENTATION_CONTEXT('2D SPACE',''
  ) );
#4478 = ORIENTED_EDGE('',*,*,#4479,.F.);
#4479 = EDGE_CURVE('',#4379,#4457,#4480,.T.);
#4480 = SURFACE_CURVE('',#4481,(#4485,#4492),.PCURVE_S1.);
#4481 = LINE('',#4482,#4483);
#4482 = CARTESIAN_POINT('',(-13.49,2.145,8.115));
#4483 = VECTOR('',#4484,1.);
#4484 = DIRECTION('',(1.,0.,0.));
#4485 = PCURVE('',#1444,#4486);
#4486 = DEFINITIONAL_REPRESENTATION('',(#4487),#4491);
#4487 = LINE('',#4488,#4489);
#4488 = CARTESIAN_POINT('',(-0.,0.279307178569));
#4489 = VECTOR('',#4490,1.);
#4490 = DIRECTION('',(-1.,0.));
#4491 = ( GEOMETRIC_REPRESENTATION_CONTEXT(2) 
PARAMETRIC_REPRESENTATION_CONTEXT() REPRESENTATION_CONTEXT('2D SPACE',''
  ) );
#4492 = PCURVE('',#4493,#4498);
#4493 = PLANE('',#4494);
#4494 = AXIS2_PLACEMENT_3D('',#4495,#4496,#4497);
#4495 = CARTESIAN_POINT('',(-13.095,2.145,1.702));
#4496 = DIRECTION('',(0.,1.,0.));
#4497 = DIRECTION('',(0.,0.,1.));
#4498 = DEFINITIONAL_REPRESENTATION('',(#4499),#4503);
#4499 = LINE('',#4500,#4501);
#4500 = CARTESIAN_POINT('',(6.413,-0.395));
#4501 = VECTOR('',#4502,1.);
#4502 = DIRECTION('',(0.,1.));
#4503 = ( GEOMETRIC_REPRESENTATION_CONTEXT(2) 
PARAMETRIC_REPRESENTATION_CONTEXT() REPRESENTATION_CONTEXT('2D SPACE',''
  ) );
#4504 = ADVANCED_FACE('',(#4505),#1418,.T.);
#4505 = FACE_BOUND('',#4506,.T.);
#4506 = EDGE_LOOP('',(#4507,#4508,#4509,#4532));
#4507 = ORIENTED_EDGE('',*,*,#4456,.F.);
#4508 = ORIENTED_EDGE('',*,*,#1402,.T.);
#4509 = ORIENTED_EDGE('',*,*,#4510,.T.);
#4510 = EDGE_CURVE('',#1375,#4511,#4513,.T.);
#4511 = VERTEX_POINT('',#4512);
#4512 = CARTESIAN_POINT('',(-12.305,2.935,8.115));
#4513 = SURFACE_CURVE('',#4514,(#4518,#4525),.PCURVE_S1.);
#4514 = LINE('',#4515,#4516);
#4515 = CARTESIAN_POINT('',(-12.56833333333,2.671666666667,
    7.851666666667));
#4516 = VECTOR('',#4517,1.);
#4517 = DIRECTION('',(-0.57735026919,-0.57735026919,-0.57735026919));
#4518 = PCURVE('',#1418,#4519);
#4519 = DEFINITIONAL_REPRESENTATION('',(#4520),#4524);
#4520 = LINE('',#4521,#4522);
#4521 = CARTESIAN_POINT('',(0.921666666667,0.651716749994));
#4522 = VECTOR('',#4523,1.);
#4523 = DIRECTION('',(-0.57735026919,0.816496580928));
#4524 = ( GEOMETRIC_REPRESENTATION_CONTEXT(2) 
PARAMETRIC_REPRESENTATION_CONTEXT() REPRESENTATION_CONTEXT('2D SPACE',''
  ) );
#4525 = PCURVE('',#1390,#4526);
#4526 = DEFINITIONAL_REPRESENTATION('',(#4527),#4531);
#4527 = LINE('',#4528,#4529);
#4528 = CARTESIAN_POINT('',(-0.921666666667,0.651716749994));
#4529 = VECTOR('',#4530,1.);
#4530 = DIRECTION('',(0.57735026919,0.816496580928));
#4531 = ( GEOMETRIC_REPRESENTATION_CONTEXT(2) 
PARAMETRIC_REPRESENTATION_CONTEXT() REPRESENTATION_CONTEXT('2D SPACE',''
  ) );
#4532 = ORIENTED_EDGE('',*,*,#4533,.F.);
#4533 = EDGE_CURVE('',#4457,#4511,#4534,.T.);
#4534 = SURFACE_CURVE('',#4535,(#4539,#4546),.PCURVE_S1.);
#4535 = LINE('',#4536,#4537);
#4536 = CARTESIAN_POINT('',(-12.305,1.75,8.115));
#4537 = VECTOR('',#4538,1.);
#4538 = DIRECTION('',(0.,1.,0.));
#4539 = PCURVE('',#1418,#4540);
#4540 = DEFINITIONAL_REPRESENTATION('',(#4541),#4545);
#4541 = LINE('',#4542,#4543);
#4542 = CARTESIAN_POINT('',(0.,0.279307178569));
#4543 = VECTOR('',#4544,1.);
#4544 = DIRECTION('',(1.,0.));
#4545 = ( GEOMETRIC_REPRESENTATION_CONTEXT(2) 
PARAMETRIC_REPRESENTATION_CONTEXT() REPRESENTATION_CONTEXT('2D SPACE',''
  ) );
#4546 = PCURVE('',#4547,#4552);
#4547 = PLANE('',#4548);
#4548 = AXIS2_PLACEMENT_3D('',#4549,#4550,#4551);
#4549 = CARTESIAN_POINT('',(-12.305,2.145,1.702));
#4550 = DIRECTION('',(1.,0.,0.));
#4551 = DIRECTION('',(0.,0.,1.));
#4552 = DEFINITIONAL_REPRESENTATION('',(#4553),#4557);
#4553 = LINE('',#4554,#4555);
#4554 = CARTESIAN_POINT('',(6.413,0.395));
#4555 = VECTOR('',#4556,1.);
#4556 = DIRECTION('',(0.,-1.));
#4557 = ( GEOMETRIC_REPRESENTATION_CONTEXT(2) 
PARAMETRIC_REPRESENTATION_CONTEXT() REPRESENTATION_CONTEXT('2D SPACE',''
  ) );
#4558 = ADVANCED_FACE('',(#4559),#1390,.T.);
#4559 = FACE_BOUND('',#4560,.F.);
#4560 = EDGE_LOOP('',(#4561,#4562,#4563,#4564));
#4561 = ORIENTED_EDGE('',*,*,#4402,.F.);
#4562 = ORIENTED_EDGE('',*,*,#1374,.T.);
#4563 = ORIENTED_EDGE('',*,*,#4510,.T.);
#4564 = ORIENTED_EDGE('',*,*,#4565,.F.);
#4565 = EDGE_CURVE('',#4403,#4511,#4566,.T.);
#4566 = SURFACE_CURVE('',#4567,(#4571,#4578),.PCURVE_S1.);
#4567 = LINE('',#4568,#4569);
#4568 = CARTESIAN_POINT('',(-13.49,2.935,8.115));
#4569 = VECTOR('',#4570,1.);
#4570 = DIRECTION('',(1.,0.,0.));
#4571 = PCURVE('',#1390,#4572);
#4572 = DEFINITIONAL_REPRESENTATION('',(#4573),#4577);
#4573 = LINE('',#4574,#4575);
#4574 = CARTESIAN_POINT('',(-0.,0.279307178569));
#4575 = VECTOR('',#4576,1.);
#4576 = DIRECTION('',(-1.,0.));
#4577 = ( GEOMETRIC_REPRESENTATION_CONTEXT(2) 
PARAMETRIC_REPRESENTATION_CONTEXT() REPRESENTATION_CONTEXT('2D SPACE',''
  ) );
#4578 = PCURVE('',#4579,#4584);
#4579 = PLANE('',#4580);
#4580 = AXIS2_PLACEMENT_3D('',#4581,#4582,#4583);
#4581 = CARTESIAN_POINT('',(-13.095,2.935,1.702));
#4582 = DIRECTION('',(0.,1.,0.));
#4583 = DIRECTION('',(0.,0.,1.));
#4584 = DEFINITIONAL_REPRESENTATION('',(#4585),#4589);
#4585 = LINE('',#4586,#4587);
#4586 = CARTESIAN_POINT('',(6.413,-0.395));
#4587 = VECTOR('',#4588,1.);
#4588 = DIRECTION('',(0.,1.));
#4589 = ( GEOMETRIC_REPRESENTATION_CONTEXT(2) 
PARAMETRIC_REPRESENTATION_CONTEXT() REPRESENTATION_CONTEXT('2D SPACE',''
  ) );
#4590 = ADVANCED_FACE('',(#4591),#1476,.F.);
#4591 = FACE_BOUND('',#4592,.F.);
#4592 = EDGE_LOOP('',(#4593,#4616,#4617,#4640));
#4593 = ORIENTED_EDGE('',*,*,#4594,.F.);
#4594 = EDGE_CURVE('',#1459,#4595,#4597,.T.);
#4595 = VERTEX_POINT('',#4596);
#4596 = CARTESIAN_POINT('',(-13.095,-0.395,8.115));
#4597 = SURFACE_CURVE('',#4598,(#4602,#4609),.PCURVE_S1.);
#4598 = LINE('',#4599,#4600);
#4599 = CARTESIAN_POINT('',(-13.35833333333,-0.658333333333,
    8.378333333333));
#4600 = VECTOR('',#4601,1.);
#4601 = DIRECTION('',(0.57735026919,0.57735026919,-0.57735026919));
#4602 = PCURVE('',#1476,#4603);
#4603 = DEFINITIONAL_REPRESENTATION('',(#4604),#4608);
#4604 = LINE('',#4605,#4606);
#4605 = CARTESIAN_POINT('',(0.131666666667,-9.310239285623E-02));
#4606 = VECTOR('',#4607,1.);
#4607 = DIRECTION('',(0.57735026919,0.816496580928));
#4608 = ( GEOMETRIC_REPRESENTATION_CONTEXT(2) 
PARAMETRIC_REPRESENTATION_CONTEXT() REPRESENTATION_CONTEXT('2D SPACE',''
  ) );
#4609 = PCURVE('',#1558,#4610);
#4610 = DEFINITIONAL_REPRESENTATION('',(#4611),#4615);
#4611 = LINE('',#4612,#4613);
#4612 = CARTESIAN_POINT('',(-0.131666666667,-9.310239285623E-02));
#4613 = VECTOR('',#4614,1.);
#4614 = DIRECTION('',(-0.57735026919,0.816496580928));
#4615 = ( GEOMETRIC_REPRESENTATION_CONTEXT(2) 
PARAMETRIC_REPRESENTATION_CONTEXT() REPRESENTATION_CONTEXT('2D SPACE',''
  ) );
#4616 = ORIENTED_EDGE('',*,*,#1458,.T.);
#4617 = ORIENTED_EDGE('',*,*,#4618,.T.);
#4618 = EDGE_CURVE('',#1461,#4619,#4621,.T.);
#4619 = VERTEX_POINT('',#4620);
#4620 = CARTESIAN_POINT('',(-13.095,0.395,8.115));
#4621 = SURFACE_CURVE('',#4622,(#4626,#4633),.PCURVE_S1.);
#4622 = LINE('',#4623,#4624);
#4623 = CARTESIAN_POINT('',(-13.095,0.395,8.115));
#4624 = VECTOR('',#4625,1.);
#4625 = DIRECTION('',(0.57735026919,-0.57735026919,-0.57735026919));
#4626 = PCURVE('',#1476,#4627);
#4627 = DEFINITIONAL_REPRESENTATION('',(#4628),#4632);
#4628 = LINE('',#4629,#4630);
#4629 = CARTESIAN_POINT('',(1.185,0.279307178569));
#4630 = VECTOR('',#4631,1.);
#4631 = DIRECTION('',(-0.57735026919,0.816496580928));
#4632 = ( GEOMETRIC_REPRESENTATION_CONTEXT(2) 
PARAMETRIC_REPRESENTATION_CONTEXT() REPRESENTATION_CONTEXT('2D SPACE',''
  ) );
#4633 = PCURVE('',#1504,#4634);
#4634 = DEFINITIONAL_REPRESENTATION('',(#4635),#4639);
#4635 = LINE('',#4636,#4637);
#4636 = CARTESIAN_POINT('',(-0.395,0.279307178569));
#4637 = VECTOR('',#4638,1.);
#4638 = DIRECTION('',(-0.57735026919,0.816496580928));
#4639 = ( GEOMETRIC_REPRESENTATION_CONTEXT(2) 
PARAMETRIC_REPRESENTATION_CONTEXT() REPRESENTATION_CONTEXT('2D SPACE',''
  ) );
#4640 = ORIENTED_EDGE('',*,*,#4641,.F.);
#4641 = EDGE_CURVE('',#4595,#4619,#4642,.T.);
#4642 = SURFACE_CURVE('',#4643,(#4647,#4654),.PCURVE_S1.);
#4643 = LINE('',#4644,#4645);
#4644 = CARTESIAN_POINT('',(-13.095,-0.79,8.115));
#4645 = VECTOR('',#4646,1.);
#4646 = DIRECTION('',(0.,1.,0.));
#4647 = PCURVE('',#1476,#4648);
#4648 = DEFINITIONAL_REPRESENTATION('',(#4649),#4653);
#4649 = LINE('',#4650,#4651);
#4650 = CARTESIAN_POINT('',(0.,0.279307178569));
#4651 = VECTOR('',#4652,1.);
#4652 = DIRECTION('',(1.,0.));
#4653 = ( GEOMETRIC_REPRESENTATION_CONTEXT(2) 
PARAMETRIC_REPRESENTATION_CONTEXT() REPRESENTATION_CONTEXT('2D SPACE',''
  ) );
#4654 = PCURVE('',#4655,#4660);
#4655 = PLANE('',#4656);
#4656 = AXIS2_PLACEMENT_3D('',#4657,#4658,#4659);
#4657 = CARTESIAN_POINT('',(-13.095,-0.395,1.702));
#4658 = DIRECTION('',(1.,0.,0.));
#4659 = DIRECTION('',(0.,0.,1.));
#4660 = DEFINITIONAL_REPRESENTATION('',(#4661),#4665);
#4661 = LINE('',#4662,#4663);
#4662 = CARTESIAN_POINT('',(6.413,0.395));
#4663 = VECTOR('',#4664,1.);
#4664 = DIRECTION('',(0.,-1.));
#4665 = ( GEOMETRIC_REPRESENTATION_CONTEXT(2) 
PARAMETRIC_REPRESENTATION_CONTEXT() REPRESENTATION_CONTEXT('2D SPACE',''
  ) );
#4666 = ADVANCED_FACE('',(#4667),#1558,.F.);
#4667 = FACE_BOUND('',#4668,.T.);
#4668 = EDGE_LOOP('',(#4669,#4670,#4671,#4694));
#4669 = ORIENTED_EDGE('',*,*,#4594,.F.);
#4670 = ORIENTED_EDGE('',*,*,#1544,.T.);
#4671 = ORIENTED_EDGE('',*,*,#4672,.T.);
#4672 = EDGE_CURVE('',#1517,#4673,#4675,.T.);
#4673 = VERTEX_POINT('',#4674);
#4674 = CARTESIAN_POINT('',(-12.305,-0.395,8.115));
#4675 = SURFACE_CURVE('',#4676,(#4680,#4687),.PCURVE_S1.);
#4676 = LINE('',#4677,#4678);
#4677 = CARTESIAN_POINT('',(-12.305,-0.395,8.115));
#4678 = VECTOR('',#4679,1.);
#4679 = DIRECTION('',(-0.57735026919,0.57735026919,-0.57735026919));
#4680 = PCURVE('',#1558,#4681);
#4681 = DEFINITIONAL_REPRESENTATION('',(#4682),#4686);
#4682 = LINE('',#4683,#4684);
#4683 = CARTESIAN_POINT('',(-1.185,0.279307178569));
#4684 = VECTOR('',#4685,1.);
#4685 = DIRECTION('',(0.57735026919,0.816496580928));
#4686 = ( GEOMETRIC_REPRESENTATION_CONTEXT(2) 
PARAMETRIC_REPRESENTATION_CONTEXT() REPRESENTATION_CONTEXT('2D SPACE',''
  ) );
#4687 = PCURVE('',#1532,#4688);
#4688 = DEFINITIONAL_REPRESENTATION('',(#4689),#4693);
#4689 = LINE('',#4690,#4691);
#4690 = CARTESIAN_POINT('',(0.395,0.279307178569));
#4691 = VECTOR('',#4692,1.);
#4692 = DIRECTION('',(0.57735026919,0.816496580928));
#4693 = ( GEOMETRIC_REPRESENTATION_CONTEXT(2) 
PARAMETRIC_REPRESENTATION_CONTEXT() REPRESENTATION_CONTEXT('2D SPACE',''
  ) );
#4694 = ORIENTED_EDGE('',*,*,#4695,.F.);
#4695 = EDGE_CURVE('',#4595,#4673,#4696,.T.);
#4696 = SURFACE_CURVE('',#4697,(#4701,#4708),.PCURVE_S1.);
#4697 = LINE('',#4698,#4699);
#4698 = CARTESIAN_POINT('',(-13.49,-0.395,8.115));
#4699 = VECTOR('',#4700,1.);
#4700 = DIRECTION('',(1.,0.,0.));
#4701 = PCURVE('',#1558,#4702);
#4702 = DEFINITIONAL_REPRESENTATION('',(#4703),#4707);
#4703 = LINE('',#4704,#4705);
#4704 = CARTESIAN_POINT('',(-0.,0.279307178569));
#4705 = VECTOR('',#4706,1.);
#4706 = DIRECTION('',(-1.,0.));
#4707 = ( GEOMETRIC_REPRESENTATION_CONTEXT(2) 
PARAMETRIC_REPRESENTATION_CONTEXT() REPRESENTATION_CONTEXT('2D SPACE',''
  ) );
#4708 = PCURVE('',#4709,#4714);
#4709 = PLANE('',#4710);
#4710 = AXIS2_PLACEMENT_3D('',#4711,#4712,#4713);
#4711 = CARTESIAN_POINT('',(-13.095,-0.395,1.702));
#4712 = DIRECTION('',(0.,1.,0.));
#4713 = DIRECTION('',(0.,0.,1.));
#4714 = DEFINITIONAL_REPRESENTATION('',(#4715),#4719);
#4715 = LINE('',#4716,#4717);
#4716 = CARTESIAN_POINT('',(6.413,-0.395));
#4717 = VECTOR('',#4718,1.);
#4718 = DIRECTION('',(0.,1.));
#4719 = ( GEOMETRIC_REPRESENTATION_CONTEXT(2) 
PARAMETRIC_REPRESENTATION_CONTEXT() REPRESENTATION_CONTEXT('2D SPACE',''
  ) );
#4720 = ADVANCED_FACE('',(#4721),#1532,.T.);
#4721 = FACE_BOUND('',#4722,.T.);
#4722 = EDGE_LOOP('',(#4723,#4724,#4725,#4748));
#4723 = ORIENTED_EDGE('',*,*,#4672,.F.);
#4724 = ORIENTED_EDGE('',*,*,#1516,.T.);
#4725 = ORIENTED_EDGE('',*,*,#4726,.T.);
#4726 = EDGE_CURVE('',#1489,#4727,#4729,.T.);
#4727 = VERTEX_POINT('',#4728);
#4728 = CARTESIAN_POINT('',(-12.305,0.395,8.115));
#4729 = SURFACE_CURVE('',#4730,(#4734,#4741),.PCURVE_S1.);
#4730 = LINE('',#4731,#4732);
#4731 = CARTESIAN_POINT('',(-12.56833333333,0.131666666667,
    7.851666666667));
#4732 = VECTOR('',#4733,1.);
#4733 = DIRECTION('',(-0.57735026919,-0.57735026919,-0.57735026919));
#4734 = PCURVE('',#1532,#4735);
#4735 = DEFINITIONAL_REPRESENTATION('',(#4736),#4740);
#4736 = LINE('',#4737,#4738);
#4737 = CARTESIAN_POINT('',(0.921666666667,0.651716749994));
#4738 = VECTOR('',#4739,1.);
#4739 = DIRECTION('',(-0.57735026919,0.816496580928));
#4740 = ( GEOMETRIC_REPRESENTATION_CONTEXT(2) 
PARAMETRIC_REPRESENTATION_CONTEXT() REPRESENTATION_CONTEXT('2D SPACE',''
  ) );
#4741 = PCURVE('',#1504,#4742);
#4742 = DEFINITIONAL_REPRESENTATION('',(#4743),#4747);
#4743 = LINE('',#4744,#4745);
#4744 = CARTESIAN_POINT('',(-0.921666666667,0.651716749994));
#4745 = VECTOR('',#4746,1.);
#4746 = DIRECTION('',(0.57735026919,0.816496580928));
#4747 = ( GEOMETRIC_REPRESENTATION_CONTEXT(2) 
PARAMETRIC_REPRESENTATION_CONTEXT() REPRESENTATION_CONTEXT('2D SPACE',''
  ) );
#4748 = ORIENTED_EDGE('',*,*,#4749,.F.);
#4749 = EDGE_CURVE('',#4673,#4727,#4750,.T.);
#4750 = SURFACE_CURVE('',#4751,(#4755,#4762),.PCURVE_S1.);
#4751 = LINE('',#4752,#4753);
#4752 = CARTESIAN_POINT('',(-12.305,-0.79,8.115));
#4753 = VECTOR('',#4754,1.);
#4754 = DIRECTION('',(0.,1.,0.));
#4755 = PCURVE('',#1532,#4756);
#4756 = DEFINITIONAL_REPRESENTATION('',(#4757),#4761);
#4757 = LINE('',#4758,#4759);
#4758 = CARTESIAN_POINT('',(0.,0.279307178569));
#4759 = VECTOR('',#4760,1.);
#4760 = DIRECTION('',(1.,0.));
#4761 = ( GEOMETRIC_REPRESENTATION_CONTEXT(2) 
PARAMETRIC_REPRESENTATION_CONTEXT() REPRESENTATION_CONTEXT('2D SPACE',''
  ) );
#4762 = PCURVE('',#4763,#4768);
#4763 = PLANE('',#4764);
#4764 = AXIS2_PLACEMENT_3D('',#4765,#4766,#4767);
#4765 = CARTESIAN_POINT('',(-12.305,-0.395,1.702));
#4766 = DIRECTION('',(1.,0.,0.));
#4767 = DIRECTION('',(0.,0.,1.));
#4768 = DEFINITIONAL_REPRESENTATION('',(#4769),#4773);
#4769 = LINE('',#4770,#4771);
#4770 = CARTESIAN_POINT('',(6.413,0.395));
#4771 = VECTOR('',#4772,1.);
#4772 = DIRECTION('',(0.,-1.));
#4773 = ( GEOMETRIC_REPRESENTATION_CONTEXT(2) 
PARAMETRIC_REPRESENTATION_CONTEXT() REPRESENTATION_CONTEXT('2D SPACE',''
  ) );
#4774 = ADVANCED_FACE('',(#4775),#1504,.T.);
#4775 = FACE_BOUND('',#4776,.F.);
#4776 = EDGE_LOOP('',(#4777,#4778,#4779,#4780));
#4777 = ORIENTED_EDGE('',*,*,#4618,.F.);
#4778 = ORIENTED_EDGE('',*,*,#1488,.T.);
#4779 = ORIENTED_EDGE('',*,*,#4726,.T.);
#4780 = ORIENTED_EDGE('',*,*,#4781,.F.);
#4781 = EDGE_CURVE('',#4619,#4727,#4782,.T.);
#4782 = SURFACE_CURVE('',#4783,(#4787,#4794),.PCURVE_S1.);
#4783 = LINE('',#4784,#4785);
#4784 = CARTESIAN_POINT('',(-13.49,0.395,8.115));
#4785 = VECTOR('',#4786,1.);
#4786 = DIRECTION('',(1.,0.,0.));
#4787 = PCURVE('',#1504,#4788);
#4788 = DEFINITIONAL_REPRESENTATION('',(#4789),#4793);
#4789 = LINE('',#4790,#4791);
#4790 = CARTESIAN_POINT('',(-0.,0.279307178569));
#4791 = VECTOR('',#4792,1.);
#4792 = DIRECTION('',(-1.,0.));
#4793 = ( GEOMETRIC_REPRESENTATION_CONTEXT(2) 
PARAMETRIC_REPRESENTATION_CONTEXT() REPRESENTATION_CONTEXT('2D SPACE',''
  ) );
#4794 = PCURVE('',#4795,#4800);
#4795 = PLANE('',#4796);
#4796 = AXIS2_PLACEMENT_3D('',#4797,#4798,#4799);
#4797 = CARTESIAN_POINT('',(-13.095,0.395,1.702));
#4798 = DIRECTION('',(0.,1.,0.));
#4799 = DIRECTION('',(0.,0.,1.));
#4800 = DEFINITIONAL_REPRESENTATION('',(#4801),#4805);
#4801 = LINE('',#4802,#4803);
#4802 = CARTESIAN_POINT('',(6.413,-0.395));
#4803 = VECTOR('',#4804,1.);
#4804 = DIRECTION('',(0.,1.));
#4805 = ( GEOMETRIC_REPRESENTATION_CONTEXT(2) 
PARAMETRIC_REPRESENTATION_CONTEXT() REPRESENTATION_CONTEXT('2D SPACE',''
  ) );
#4806 = ADVANCED_FACE('',(#4807),#1590,.F.);
#4807 = FACE_BOUND('',#4808,.F.);
#4808 = EDGE_LOOP('',(#4809,#4832,#4833,#4856));
#4809 = ORIENTED_EDGE('',*,*,#4810,.F.);
#4810 = EDGE_CURVE('',#1573,#4811,#4813,.T.);
#4811 = VERTEX_POINT('',#4812);
#4812 = CARTESIAN_POINT('',(-10.555,-0.395,8.115));
#4813 = SURFACE_CURVE('',#4814,(#4818,#4825),.PCURVE_S1.);
#4814 = LINE('',#4815,#4816);
#4815 = CARTESIAN_POINT('',(-10.81833333333,-0.658333333333,
    8.378333333333));
#4816 = VECTOR('',#4817,1.);
#4817 = DIRECTION('',(0.57735026919,0.57735026919,-0.57735026919));
#4818 = PCURVE('',#1590,#4819);
#4819 = DEFINITIONAL_REPRESENTATION('',(#4820),#4824);
#4820 = LINE('',#4821,#4822);
#4821 = CARTESIAN_POINT('',(0.131666666667,-9.310239285623E-02));
#4822 = VECTOR('',#4823,1.);
#4823 = DIRECTION('',(0.57735026919,0.816496580928));
#4824 = ( GEOMETRIC_REPRESENTATION_CONTEXT(2) 
PARAMETRIC_REPRESENTATION_CONTEXT() REPRESENTATION_CONTEXT('2D SPACE',''
  ) );
#4825 = PCURVE('',#1672,#4826);
#4826 = DEFINITIONAL_REPRESENTATION('',(#4827),#4831);
#4827 = LINE('',#4828,#4829);
#4828 = CARTESIAN_POINT('',(-0.131666666667,-9.310239285623E-02));
#4829 = VECTOR('',#4830,1.);
#4830 = DIRECTION('',(-0.57735026919,0.816496580928));
#4831 = ( GEOMETRIC_REPRESENTATION_CONTEXT(2) 
PARAMETRIC_REPRESENTATION_CONTEXT() REPRESENTATION_CONTEXT('2D SPACE',''
  ) );
#4832 = ORIENTED_EDGE('',*,*,#1572,.T.);
#4833 = ORIENTED_EDGE('',*,*,#4834,.T.);
#4834 = EDGE_CURVE('',#1575,#4835,#4837,.T.);
#4835 = VERTEX_POINT('',#4836);
#4836 = CARTESIAN_POINT('',(-10.555,0.395,8.115));
#4837 = SURFACE_CURVE('',#4838,(#4842,#4849),.PCURVE_S1.);
#4838 = LINE('',#4839,#4840);
#4839 = CARTESIAN_POINT('',(-10.555,0.395,8.115));
#4840 = VECTOR('',#4841,1.);
#4841 = DIRECTION('',(0.57735026919,-0.57735026919,-0.57735026919));
#4842 = PCURVE('',#1590,#4843);
#4843 = DEFINITIONAL_REPRESENTATION('',(#4844),#4848);
#4844 = LINE('',#4845,#4846);
#4845 = CARTESIAN_POINT('',(1.185,0.279307178569));
#4846 = VECTOR('',#4847,1.);
#4847 = DIRECTION('',(-0.57735026919,0.816496580928));
#4848 = ( GEOMETRIC_REPRESENTATION_CONTEXT(2) 
PARAMETRIC_REPRESENTATION_CONTEXT() REPRESENTATION_CONTEXT('2D SPACE',''
  ) );
#4849 = PCURVE('',#1618,#4850);
#4850 = DEFINITIONAL_REPRESENTATION('',(#4851),#4855);
#4851 = LINE('',#4852,#4853);
#4852 = CARTESIAN_POINT('',(-0.395,0.279307178569));
#4853 = VECTOR('',#4854,1.);
#4854 = DIRECTION('',(-0.57735026919,0.816496580928));
#4855 = ( GEOMETRIC_REPRESENTATION_CONTEXT(2) 
PARAMETRIC_REPRESENTATION_CONTEXT() REPRESENTATION_CONTEXT('2D SPACE',''
  ) );
#4856 = ORIENTED_EDGE('',*,*,#4857,.F.);
#4857 = EDGE_CURVE('',#4811,#4835,#4858,.T.);
#4858 = SURFACE_CURVE('',#4859,(#4863,#4870),.PCURVE_S1.);
#4859 = LINE('',#4860,#4861);
#4860 = CARTESIAN_POINT('',(-10.555,-0.79,8.115));
#4861 = VECTOR('',#4862,1.);
#4862 = DIRECTION('',(0.,1.,0.));
#4863 = PCURVE('',#1590,#4864);
#4864 = DEFINITIONAL_REPRESENTATION('',(#4865),#4869);
#4865 = LINE('',#4866,#4867);
#4866 = CARTESIAN_POINT('',(0.,0.279307178569));
#4867 = VECTOR('',#4868,1.);
#4868 = DIRECTION('',(1.,0.));
#4869 = ( GEOMETRIC_REPRESENTATION_CONTEXT(2) 
PARAMETRIC_REPRESENTATION_CONTEXT() REPRESENTATION_CONTEXT('2D SPACE',''
  ) );
#4870 = PCURVE('',#4871,#4876);
#4871 = PLANE('',#4872);
#4872 = AXIS2_PLACEMENT_3D('',#4873,#4874,#4875);
#4873 = CARTESIAN_POINT('',(-10.555,-0.395,1.702));
#4874 = DIRECTION('',(1.,0.,0.));
#4875 = DIRECTION('',(0.,0.,1.));
#4876 = DEFINITIONAL_REPRESENTATION('',(#4877),#4881);
#4877 = LINE('',#4878,#4879);
#4878 = CARTESIAN_POINT('',(6.413,0.395));
#4879 = VECTOR('',#4880,1.);
#4880 = DIRECTION('',(0.,-1.));
#4881 = ( GEOMETRIC_REPRESENTATION_CONTEXT(2) 
PARAMETRIC_REPRESENTATION_CONTEXT() REPRESENTATION_CONTEXT('2D SPACE',''
  ) );
#4882 = ADVANCED_FACE('',(#4883),#1672,.F.);
#4883 = FACE_BOUND('',#4884,.T.);
#4884 = EDGE_LOOP('',(#4885,#4886,#4887,#4910));
#4885 = ORIENTED_EDGE('',*,*,#4810,.F.);
#4886 = ORIENTED_EDGE('',*,*,#1658,.T.);
#4887 = ORIENTED_EDGE('',*,*,#4888,.T.);
#4888 = EDGE_CURVE('',#1631,#4889,#4891,.T.);
#4889 = VERTEX_POINT('',#4890);
#4890 = CARTESIAN_POINT('',(-9.765,-0.395,8.115));
#4891 = SURFACE_CURVE('',#4892,(#4896,#4903),.PCURVE_S1.);
#4892 = LINE('',#4893,#4894);
#4893 = CARTESIAN_POINT('',(-9.765,-0.395,8.115));
#4894 = VECTOR('',#4895,1.);
#4895 = DIRECTION('',(-0.57735026919,0.57735026919,-0.57735026919));
#4896 = PCURVE('',#1672,#4897);
#4897 = DEFINITIONAL_REPRESENTATION('',(#4898),#4902);
#4898 = LINE('',#4899,#4900);
#4899 = CARTESIAN_POINT('',(-1.185,0.279307178569));
#4900 = VECTOR('',#4901,1.);
#4901 = DIRECTION('',(0.57735026919,0.816496580928));
#4902 = ( GEOMETRIC_REPRESENTATION_CONTEXT(2) 
PARAMETRIC_REPRESENTATION_CONTEXT() REPRESENTATION_CONTEXT('2D SPACE',''
  ) );
#4903 = PCURVE('',#1646,#4904);
#4904 = DEFINITIONAL_REPRESENTATION('',(#4905),#4909);
#4905 = LINE('',#4906,#4907);
#4906 = CARTESIAN_POINT('',(0.395,0.279307178569));
#4907 = VECTOR('',#4908,1.);
#4908 = DIRECTION('',(0.57735026919,0.816496580928));
#4909 = ( GEOMETRIC_REPRESENTATION_CONTEXT(2) 
PARAMETRIC_REPRESENTATION_CONTEXT() REPRESENTATION_CONTEXT('2D SPACE',''
  ) );
#4910 = ORIENTED_EDGE('',*,*,#4911,.F.);
#4911 = EDGE_CURVE('',#4811,#4889,#4912,.T.);
#4912 = SURFACE_CURVE('',#4913,(#4917,#4924),.PCURVE_S1.);
#4913 = LINE('',#4914,#4915);
#4914 = CARTESIAN_POINT('',(-10.95,-0.395,8.115));
#4915 = VECTOR('',#4916,1.);
#4916 = DIRECTION('',(1.,0.,0.));
#4917 = PCURVE('',#1672,#4918);
#4918 = DEFINITIONAL_REPRESENTATION('',(#4919),#4923);
#4919 = LINE('',#4920,#4921);
#4920 = CARTESIAN_POINT('',(-0.,0.279307178569));
#4921 = VECTOR('',#4922,1.);
#4922 = DIRECTION('',(-1.,0.));
#4923 = ( GEOMETRIC_REPRESENTATION_CONTEXT(2) 
PARAMETRIC_REPRESENTATION_CONTEXT() REPRESENTATION_CONTEXT('2D SPACE',''
  ) );
#4924 = PCURVE('',#4925,#4930);
#4925 = PLANE('',#4926);
#4926 = AXIS2_PLACEMENT_3D('',#4927,#4928,#4929);
#4927 = CARTESIAN_POINT('',(-10.555,-0.395,1.702));
#4928 = DIRECTION('',(0.,1.,0.));
#4929 = DIRECTION('',(0.,0.,1.));
#4930 = DEFINITIONAL_REPRESENTATION('',(#4931),#4935);
#4931 = LINE('',#4932,#4933);
#4932 = CARTESIAN_POINT('',(6.413,-0.395));
#4933 = VECTOR('',#4934,1.);
#4934 = DIRECTION('',(0.,1.));
#4935 = ( GEOMETRIC_REPRESENTATION_CONTEXT(2) 
PARAMETRIC_REPRESENTATION_CONTEXT() REPRESENTATION_CONTEXT('2D SPACE',''
  ) );
#4936 = ADVANCED_FACE('',(#4937),#1646,.T.);
#4937 = FACE_BOUND('',#4938,.T.);
#4938 = EDGE_LOOP('',(#4939,#4940,#4941,#4964));
#4939 = ORIENTED_EDGE('',*,*,#4888,.F.);
#4940 = ORIENTED_EDGE('',*,*,#1630,.T.);
#4941 = ORIENTED_EDGE('',*,*,#4942,.T.);
#4942 = EDGE_CURVE('',#1603,#4943,#4945,.T.);
#4943 = VERTEX_POINT('',#4944);
#4944 = CARTESIAN_POINT('',(-9.765,0.395,8.115));
#4945 = SURFACE_CURVE('',#4946,(#4950,#4957),.PCURVE_S1.);
#4946 = LINE('',#4947,#4948);
#4947 = CARTESIAN_POINT('',(-10.02833333333,0.131666666667,
    7.851666666667));
#4948 = VECTOR('',#4949,1.);
#4949 = DIRECTION('',(-0.57735026919,-0.57735026919,-0.57735026919));
#4950 = PCURVE('',#1646,#4951);
#4951 = DEFINITIONAL_REPRESENTATION('',(#4952),#4956);
#4952 = LINE('',#4953,#4954);
#4953 = CARTESIAN_POINT('',(0.921666666667,0.651716749994));
#4954 = VECTOR('',#4955,1.);
#4955 = DIRECTION('',(-0.57735026919,0.816496580928));
#4956 = ( GEOMETRIC_REPRESENTATION_CONTEXT(2) 
PARAMETRIC_REPRESENTATION_CONTEXT() REPRESENTATION_CONTEXT('2D SPACE',''
  ) );
#4957 = PCURVE('',#1618,#4958);
#4958 = DEFINITIONAL_REPRESENTATION('',(#4959),#4963);
#4959 = LINE('',#4960,#4961);
#4960 = CARTESIAN_POINT('',(-0.921666666667,0.651716749994));
#4961 = VECTOR('',#4962,1.);
#4962 = DIRECTION('',(0.57735026919,0.816496580928));
#4963 = ( GEOMETRIC_REPRESENTATION_CONTEXT(2) 
PARAMETRIC_REPRESENTATION_CONTEXT() REPRESENTATION_CONTEXT('2D SPACE',''
  ) );
#4964 = ORIENTED_EDGE('',*,*,#4965,.F.);
#4965 = EDGE_CURVE('',#4889,#4943,#4966,.T.);
#4966 = SURFACE_CURVE('',#4967,(#4971,#4978),.PCURVE_S1.);
#4967 = LINE('',#4968,#4969);
#4968 = CARTESIAN_POINT('',(-9.765,-0.79,8.115));
#4969 = VECTOR('',#4970,1.);
#4970 = DIRECTION('',(0.,1.,0.));
#4971 = PCURVE('',#1646,#4972);
#4972 = DEFINITIONAL_REPRESENTATION('',(#4973),#4977);
#4973 = LINE('',#4974,#4975);
#4974 = CARTESIAN_POINT('',(0.,0.279307178569));
#4975 = VECTOR('',#4976,1.);
#4976 = DIRECTION('',(1.,0.));
#4977 = ( GEOMETRIC_REPRESENTATION_CONTEXT(2) 
PARAMETRIC_REPRESENTATION_CONTEXT() REPRESENTATION_CONTEXT('2D SPACE',''
  ) );
#4978 = PCURVE('',#4979,#4984);
#4979 = PLANE('',#4980);
#4980 = AXIS2_PLACEMENT_3D('',#4981,#4982,#4983);
#4981 = CARTESIAN_POINT('',(-9.765,-0.395,1.702));
#4982 = DIRECTION('',(1.,0.,0.));
#4983 = DIRECTION('',(0.,0.,1.));
#4984 = DEFINITIONAL_REPRESENTATION('',(#4985),#4989);
#4985 = LINE('',#4986,#4987);
#4986 = CARTESIAN_POINT('',(6.413,0.395));
#4987 = VECTOR('',#4988,1.);
#4988 = DIRECTION('',(0.,-1.));
#4989 = ( GEOMETRIC_REPRESENTATION_CONTEXT(2) 
PARAMETRIC_REPRESENTATION_CONTEXT() REPRESENTATION_CONTEXT('2D SPACE',''
  ) );
#4990 = ADVANCED_FACE('',(#4991),#1618,.T.);
#4991 = FACE_BOUND('',#4992,.F.);
#4992 = EDGE_LOOP('',(#4993,#4994,#4995,#4996));
#4993 = ORIENTED_EDGE('',*,*,#4834,.F.);
#4994 = ORIENTED_EDGE('',*,*,#1602,.T.);
#4995 = ORIENTED_EDGE('',*,*,#4942,.T.);
#4996 = ORIENTED_EDGE('',*,*,#4997,.F.);
#4997 = EDGE_CURVE('',#4835,#4943,#4998,.T.);
#4998 = SURFACE_CURVE('',#4999,(#5003,#5010),.PCURVE_S1.);
#4999 = LINE('',#5000,#5001);
#5000 = CARTESIAN_POINT('',(-10.95,0.395,8.115));
#5001 = VECTOR('',#5002,1.);
#5002 = DIRECTION('',(1.,0.,0.));
#5003 = PCURVE('',#1618,#5004);
#5004 = DEFINITIONAL_REPRESENTATION('',(#5005),#5009);
#5005 = LINE('',#5006,#5007);
#5006 = CARTESIAN_POINT('',(-0.,0.279307178569));
#5007 = VECTOR('',#5008,1.);
#5008 = DIRECTION('',(-1.,0.));
#5009 = ( GEOMETRIC_REPRESENTATION_CONTEXT(2) 
PARAMETRIC_REPRESENTATION_CONTEXT() REPRESENTATION_CONTEXT('2D SPACE',''
  ) );
#5010 = PCURVE('',#5011,#5016);
#5011 = PLANE('',#5012);
#5012 = AXIS2_PLACEMENT_3D('',#5013,#5014,#5015);
#5013 = CARTESIAN_POINT('',(-10.555,0.395,1.702));
#5014 = DIRECTION('',(0.,1.,0.));
#5015 = DIRECTION('',(0.,0.,1.));
#5016 = DEFINITIONAL_REPRESENTATION('',(#5017),#5021);
#5017 = LINE('',#5018,#5019);
#5018 = CARTESIAN_POINT('',(6.413,-0.395));
#5019 = VECTOR('',#5020,1.);
#5020 = DIRECTION('',(0.,1.));
#5021 = ( GEOMETRIC_REPRESENTATION_CONTEXT(2) 
PARAMETRIC_REPRESENTATION_CONTEXT() REPRESENTATION_CONTEXT('2D SPACE',''
  ) );
#5022 = ADVANCED_FACE('',(#5023),#1704,.F.);
#5023 = FACE_BOUND('',#5024,.T.);
#5024 = EDGE_LOOP('',(#5025,#5048,#5049,#5072));
#5025 = ORIENTED_EDGE('',*,*,#5026,.F.);
#5026 = EDGE_CURVE('',#1687,#5027,#5029,.T.);
#5027 = VERTEX_POINT('',#5028);
#5028 = CARTESIAN_POINT('',(-8.015,-0.395,8.115));
#5029 = SURFACE_CURVE('',#5030,(#5034,#5041),.PCURVE_S1.);
#5030 = LINE('',#5031,#5032);
#5031 = CARTESIAN_POINT('',(-8.278333333333,-0.658333333333,
    8.378333333333));
#5032 = VECTOR('',#5033,1.);
#5033 = DIRECTION('',(0.57735026919,0.57735026919,-0.57735026919));
#5034 = PCURVE('',#1704,#5035);
#5035 = DEFINITIONAL_REPRESENTATION('',(#5036),#5040);
#5036 = LINE('',#5037,#5038);
#5037 = CARTESIAN_POINT('',(-0.131666666667,-9.310239285623E-02));
#5038 = VECTOR('',#5039,1.);
#5039 = DIRECTION('',(-0.57735026919,0.816496580928));
#5040 = ( GEOMETRIC_REPRESENTATION_CONTEXT(2) 
PARAMETRIC_REPRESENTATION_CONTEXT() REPRESENTATION_CONTEXT('2D SPACE',''
  ) );
#5041 = PCURVE('',#1732,#5042);
#5042 = DEFINITIONAL_REPRESENTATION('',(#5043),#5047);
#5043 = LINE('',#5044,#5045);
#5044 = CARTESIAN_POINT('',(0.131666666667,-9.310239285623E-02));
#5045 = VECTOR('',#5046,1.);
#5046 = DIRECTION('',(0.57735026919,0.816496580928));
#5047 = ( GEOMETRIC_REPRESENTATION_CONTEXT(2) 
PARAMETRIC_REPRESENTATION_CONTEXT() REPRESENTATION_CONTEXT('2D SPACE',''
  ) );
#5048 = ORIENTED_EDGE('',*,*,#1686,.T.);
#5049 = ORIENTED_EDGE('',*,*,#5050,.T.);
#5050 = EDGE_CURVE('',#1689,#5051,#5053,.T.);
#5051 = VERTEX_POINT('',#5052);
#5052 = CARTESIAN_POINT('',(-7.225,-0.395,8.115));
#5053 = SURFACE_CURVE('',#5054,(#5058,#5065),.PCURVE_S1.);
#5054 = LINE('',#5055,#5056);
#5055 = CARTESIAN_POINT('',(-7.225,-0.395,8.115));
#5056 = VECTOR('',#5057,1.);
#5057 = DIRECTION('',(-0.57735026919,0.57735026919,-0.57735026919));
#5058 = PCURVE('',#1704,#5059);
#5059 = DEFINITIONAL_REPRESENTATION('',(#5060),#5064);
#5060 = LINE('',#5061,#5062);
#5061 = CARTESIAN_POINT('',(-1.185,0.279307178569));
#5062 = VECTOR('',#5063,1.);
#5063 = DIRECTION('',(0.57735026919,0.816496580928));
#5064 = ( GEOMETRIC_REPRESENTATION_CONTEXT(2) 
PARAMETRIC_REPRESENTATION_CONTEXT() REPRESENTATION_CONTEXT('2D SPACE',''
  ) );
#5065 = PCURVE('',#1786,#5066);
#5066 = DEFINITIONAL_REPRESENTATION('',(#5067),#5071);
#5067 = LINE('',#5068,#5069);
#5068 = CARTESIAN_POINT('',(0.395,0.279307178569));
#5069 = VECTOR('',#5070,1.);
#5070 = DIRECTION('',(0.57735026919,0.816496580928));
#5071 = ( GEOMETRIC_REPRESENTATION_CONTEXT(2) 
PARAMETRIC_REPRESENTATION_CONTEXT() REPRESENTATION_CONTEXT('2D SPACE',''
  ) );
#5072 = ORIENTED_EDGE('',*,*,#5073,.F.);
#5073 = EDGE_CURVE('',#5027,#5051,#5074,.T.);
#5074 = SURFACE_CURVE('',#5075,(#5079,#5086),.PCURVE_S1.);
#5075 = LINE('',#5076,#5077);
#5076 = CARTESIAN_POINT('',(-8.41,-0.395,8.115));
#5077 = VECTOR('',#5078,1.);
#5078 = DIRECTION('',(1.,0.,0.));
#5079 = PCURVE('',#1704,#5080);
#5080 = DEFINITIONAL_REPRESENTATION('',(#5081),#5085);
#5081 = LINE('',#5082,#5083);
#5082 = CARTESIAN_POINT('',(-0.,0.279307178569));
#5083 = VECTOR('',#5084,1.);
#5084 = DIRECTION('',(-1.,0.));
#5085 = ( GEOMETRIC_REPRESENTATION_CONTEXT(2) 
PARAMETRIC_REPRESENTATION_CONTEXT() REPRESENTATION_CONTEXT('2D SPACE',''
  ) );
#5086 = PCURVE('',#5087,#5092);
#5087 = PLANE('',#5088);
#5088 = AXIS2_PLACEMENT_3D('',#5089,#5090,#5091);
#5089 = CARTESIAN_POINT('',(-8.015,-0.395,1.702));
#5090 = DIRECTION('',(0.,1.,0.));
#5091 = DIRECTION('',(0.,0.,1.));
#5092 = DEFINITIONAL_REPRESENTATION('',(#5093),#5097);
#5093 = LINE('',#5094,#5095);
#5094 = CARTESIAN_POINT('',(6.413,-0.395));
#5095 = VECTOR('',#5096,1.);
#5096 = DIRECTION('',(0.,1.));
#5097 = ( GEOMETRIC_REPRESENTATION_CONTEXT(2) 
PARAMETRIC_REPRESENTATION_CONTEXT() REPRESENTATION_CONTEXT('2D SPACE',''
  ) );
#5098 = ADVANCED_FACE('',(#5099),#1786,.T.);
#5099 = FACE_BOUND('',#5100,.T.);
#5100 = EDGE_LOOP('',(#5101,#5102,#5103,#5126));
#5101 = ORIENTED_EDGE('',*,*,#5050,.F.);
#5102 = ORIENTED_EDGE('',*,*,#1772,.T.);
#5103 = ORIENTED_EDGE('',*,*,#5104,.T.);
#5104 = EDGE_CURVE('',#1745,#5105,#5107,.T.);
#5105 = VERTEX_POINT('',#5106);
#5106 = CARTESIAN_POINT('',(-7.225,0.395,8.115));
#5107 = SURFACE_CURVE('',#5108,(#5112,#5119),.PCURVE_S1.);
#5108 = LINE('',#5109,#5110);
#5109 = CARTESIAN_POINT('',(-7.488333333333,0.131666666667,
    7.851666666667));
#5110 = VECTOR('',#5111,1.);
#5111 = DIRECTION('',(-0.57735026919,-0.57735026919,-0.57735026919));
#5112 = PCURVE('',#1786,#5113);
#5113 = DEFINITIONAL_REPRESENTATION('',(#5114),#5118);
#5114 = LINE('',#5115,#5116);
#5115 = CARTESIAN_POINT('',(0.921666666667,0.651716749994));
#5116 = VECTOR('',#5117,1.);
#5117 = DIRECTION('',(-0.57735026919,0.816496580928));
#5118 = ( GEOMETRIC_REPRESENTATION_CONTEXT(2) 
PARAMETRIC_REPRESENTATION_CONTEXT() REPRESENTATION_CONTEXT('2D SPACE',''
  ) );
#5119 = PCURVE('',#1760,#5120);
#5120 = DEFINITIONAL_REPRESENTATION('',(#5121),#5125);
#5121 = LINE('',#5122,#5123);
#5122 = CARTESIAN_POINT('',(-0.921666666667,0.651716749994));
#5123 = VECTOR('',#5124,1.);
#5124 = DIRECTION('',(0.57735026919,0.816496580928));
#5125 = ( GEOMETRIC_REPRESENTATION_CONTEXT(2) 
PARAMETRIC_REPRESENTATION_CONTEXT() REPRESENTATION_CONTEXT('2D SPACE',''
  ) );
#5126 = ORIENTED_EDGE('',*,*,#5127,.F.);
#5127 = EDGE_CURVE('',#5051,#5105,#5128,.T.);
#5128 = SURFACE_CURVE('',#5129,(#5133,#5140),.PCURVE_S1.);
#5129 = LINE('',#5130,#5131);
#5130 = CARTESIAN_POINT('',(-7.225,-0.79,8.115));
#5131 = VECTOR('',#5132,1.);
#5132 = DIRECTION('',(0.,1.,0.));
#5133 = PCURVE('',#1786,#5134);
#5134 = DEFINITIONAL_REPRESENTATION('',(#5135),#5139);
#5135 = LINE('',#5136,#5137);
#5136 = CARTESIAN_POINT('',(0.,0.279307178569));
#5137 = VECTOR('',#5138,1.);
#5138 = DIRECTION('',(1.,0.));
#5139 = ( GEOMETRIC_REPRESENTATION_CONTEXT(2) 
PARAMETRIC_REPRESENTATION_CONTEXT() REPRESENTATION_CONTEXT('2D SPACE',''
  ) );
#5140 = PCURVE('',#5141,#5146);
#5141 = PLANE('',#5142);
#5142 = AXIS2_PLACEMENT_3D('',#5143,#5144,#5145);
#5143 = CARTESIAN_POINT('',(-7.225,-0.395,1.702));
#5144 = DIRECTION('',(1.,0.,0.));
#5145 = DIRECTION('',(0.,0.,1.));
#5146 = DEFINITIONAL_REPRESENTATION('',(#5147),#5151);
#5147 = LINE('',#5148,#5149);
#5148 = CARTESIAN_POINT('',(6.413,0.395));
#5149 = VECTOR('',#5150,1.);
#5150 = DIRECTION('',(0.,-1.));
#5151 = ( GEOMETRIC_REPRESENTATION_CONTEXT(2) 
PARAMETRIC_REPRESENTATION_CONTEXT() REPRESENTATION_CONTEXT('2D SPACE',''
  ) );
#5152 = ADVANCED_FACE('',(#5153),#1760,.T.);
#5153 = FACE_BOUND('',#5154,.F.);
#5154 = EDGE_LOOP('',(#5155,#5178,#5179,#5180));
#5155 = ORIENTED_EDGE('',*,*,#5156,.F.);
#5156 = EDGE_CURVE('',#1717,#5157,#5159,.T.);
#5157 = VERTEX_POINT('',#5158);
#5158 = CARTESIAN_POINT('',(-8.015,0.395,8.115));
#5159 = SURFACE_CURVE('',#5160,(#5164,#5171),.PCURVE_S1.);
#5160 = LINE('',#5161,#5162);
#5161 = CARTESIAN_POINT('',(-8.015,0.395,8.115));
#5162 = VECTOR('',#5163,1.);
#5163 = DIRECTION('',(0.57735026919,-0.57735026919,-0.57735026919));
#5164 = PCURVE('',#1760,#5165);
#5165 = DEFINITIONAL_REPRESENTATION('',(#5166),#5170);
#5166 = LINE('',#5167,#5168);
#5167 = CARTESIAN_POINT('',(-0.395,0.279307178569));
#5168 = VECTOR('',#5169,1.);
#5169 = DIRECTION('',(-0.57735026919,0.816496580928));
#5170 = ( GEOMETRIC_REPRESENTATION_CONTEXT(2) 
PARAMETRIC_REPRESENTATION_CONTEXT() REPRESENTATION_CONTEXT('2D SPACE',''
  ) );
#5171 = PCURVE('',#1732,#5172);
#5172 = DEFINITIONAL_REPRESENTATION('',(#5173),#5177);
#5173 = LINE('',#5174,#5175);
#5174 = CARTESIAN_POINT('',(1.185,0.279307178569));
#5175 = VECTOR('',#5176,1.);
#5176 = DIRECTION('',(-0.57735026919,0.816496580928));
#5177 = ( GEOMETRIC_REPRESENTATION_CONTEXT(2) 
PARAMETRIC_REPRESENTATION_CONTEXT() REPRESENTATION_CONTEXT('2D SPACE',''
  ) );
#5178 = ORIENTED_EDGE('',*,*,#1744,.T.);
#5179 = ORIENTED_EDGE('',*,*,#5104,.T.);
#5180 = ORIENTED_EDGE('',*,*,#5181,.F.);
#5181 = EDGE_CURVE('',#5157,#5105,#5182,.T.);
#5182 = SURFACE_CURVE('',#5183,(#5187,#5194),.PCURVE_S1.);
#5183 = LINE('',#5184,#5185);
#5184 = CARTESIAN_POINT('',(-8.41,0.395,8.115));
#5185 = VECTOR('',#5186,1.);
#5186 = DIRECTION('',(1.,0.,0.));
#5187 = PCURVE('',#1760,#5188);
#5188 = DEFINITIONAL_REPRESENTATION('',(#5189),#5193);
#5189 = LINE('',#5190,#5191);
#5190 = CARTESIAN_POINT('',(-0.,0.279307178569));
#5191 = VECTOR('',#5192,1.);
#5192 = DIRECTION('',(-1.,0.));
#5193 = ( GEOMETRIC_REPRESENTATION_CONTEXT(2) 
PARAMETRIC_REPRESENTATION_CONTEXT() REPRESENTATION_CONTEXT('2D SPACE',''
  ) );
#5194 = PCURVE('',#5195,#5200);
#5195 = PLANE('',#5196);
#5196 = AXIS2_PLACEMENT_3D('',#5197,#5198,#5199);
#5197 = CARTESIAN_POINT('',(-8.015,0.395,1.702));
#5198 = DIRECTION('',(0.,1.,0.));
#5199 = DIRECTION('',(0.,0.,1.));
#5200 = DEFINITIONAL_REPRESENTATION('',(#5201),#5205);
#5201 = LINE('',#5202,#5203);
#5202 = CARTESIAN_POINT('',(6.413,-0.395));
#5203 = VECTOR('',#5204,1.);
#5204 = DIRECTION('',(0.,1.));
#5205 = ( GEOMETRIC_REPRESENTATION_CONTEXT(2) 
PARAMETRIC_REPRESENTATION_CONTEXT() REPRESENTATION_CONTEXT('2D SPACE',''
  ) );
#5206 = ADVANCED_FACE('',(#5207),#1732,.F.);
#5207 = FACE_BOUND('',#5208,.F.);
#5208 = EDGE_LOOP('',(#5209,#5210,#5211,#5212));
#5209 = ORIENTED_EDGE('',*,*,#5026,.F.);
#5210 = ORIENTED_EDGE('',*,*,#1716,.T.);
#5211 = ORIENTED_EDGE('',*,*,#5156,.T.);
#5212 = ORIENTED_EDGE('',*,*,#5213,.F.);
#5213 = EDGE_CURVE('',#5027,#5157,#5214,.T.);
#5214 = SURFACE_CURVE('',#5215,(#5219,#5226),.PCURVE_S1.);
#5215 = LINE('',#5216,#5217);
#5216 = CARTESIAN_POINT('',(-8.015,-0.79,8.115));
#5217 = VECTOR('',#5218,1.);
#5218 = DIRECTION('',(0.,1.,0.));
#5219 = PCURVE('',#1732,#5220);
#5220 = DEFINITIONAL_REPRESENTATION('',(#5221),#5225);
#5221 = LINE('',#5222,#5223);
#5222 = CARTESIAN_POINT('',(0.,0.279307178569));
#5223 = VECTOR('',#5224,1.);
#5224 = DIRECTION('',(1.,0.));
#5225 = ( GEOMETRIC_REPRESENTATION_CONTEXT(2) 
PARAMETRIC_REPRESENTATION_CONTEXT() REPRESENTATION_CONTEXT('2D SPACE',''
  ) );
#5226 = PCURVE('',#5227,#5232);
#5227 = PLANE('',#5228);
#5228 = AXIS2_PLACEMENT_3D('',#5229,#5230,#5231);
#5229 = CARTESIAN_POINT('',(-8.015,-0.395,1.702));
#5230 = DIRECTION('',(1.,0.,0.));
#5231 = DIRECTION('',(0.,0.,1.));
#5232 = DEFINITIONAL_REPRESENTATION('',(#5233),#5237);
#5233 = LINE('',#5234,#5235);
#5234 = CARTESIAN_POINT('',(6.413,0.395));
#5235 = VECTOR('',#5236,1.);
#5236 = DIRECTION('',(0.,-1.));
#5237 = ( GEOMETRIC_REPRESENTATION_CONTEXT(2) 
PARAMETRIC_REPRESENTATION_CONTEXT() REPRESENTATION_CONTEXT('2D SPACE',''
  ) );
#5238 = ADVANCED_FACE('',(#5239),#1818,.F.);
#5239 = FACE_BOUND('',#5240,.T.);
#5240 = EDGE_LOOP('',(#5241,#5264,#5265,#5288));
#5241 = ORIENTED_EDGE('',*,*,#5242,.F.);
#5242 = EDGE_CURVE('',#1801,#5243,#5245,.T.);
#5243 = VERTEX_POINT('',#5244);
#5244 = CARTESIAN_POINT('',(-2.935,-0.395,8.115));
#5245 = SURFACE_CURVE('',#5246,(#5250,#5257),.PCURVE_S1.);
#5246 = LINE('',#5247,#5248);
#5247 = CARTESIAN_POINT('',(-3.198333333333,-0.658333333333,
    8.378333333333));
#5248 = VECTOR('',#5249,1.);
#5249 = DIRECTION('',(0.57735026919,0.57735026919,-0.57735026919));
#5250 = PCURVE('',#1818,#5251);
#5251 = DEFINITIONAL_REPRESENTATION('',(#5252),#5256);
#5252 = LINE('',#5253,#5254);
#5253 = CARTESIAN_POINT('',(-0.131666666667,-9.310239285623E-02));
#5254 = VECTOR('',#5255,1.);
#5255 = DIRECTION('',(-0.57735026919,0.816496580928));
#5256 = ( GEOMETRIC_REPRESENTATION_CONTEXT(2) 
PARAMETRIC_REPRESENTATION_CONTEXT() REPRESENTATION_CONTEXT('2D SPACE',''
  ) );
#5257 = PCURVE('',#1846,#5258);
#5258 = DEFINITIONAL_REPRESENTATION('',(#5259),#5263);
#5259 = LINE('',#5260,#5261);
#5260 = CARTESIAN_POINT('',(0.131666666667,-9.310239285623E-02));
#5261 = VECTOR('',#5262,1.);
#5262 = DIRECTION('',(0.57735026919,0.816496580928));
#5263 = ( GEOMETRIC_REPRESENTATION_CONTEXT(2) 
PARAMETRIC_REPRESENTATION_CONTEXT() REPRESENTATION_CONTEXT('2D SPACE',''
  ) );
#5264 = ORIENTED_EDGE('',*,*,#1800,.T.);
#5265 = ORIENTED_EDGE('',*,*,#5266,.T.);
#5266 = EDGE_CURVE('',#1803,#5267,#5269,.T.);
#5267 = VERTEX_POINT('',#5268);
#5268 = CARTESIAN_POINT('',(-2.145,-0.395,8.115));
#5269 = SURFACE_CURVE('',#5270,(#5274,#5281),.PCURVE_S1.);
#5270 = LINE('',#5271,#5272);
#5271 = CARTESIAN_POINT('',(-2.145,-0.395,8.115));
#5272 = VECTOR('',#5273,1.);
#5273 = DIRECTION('',(-0.57735026919,0.57735026919,-0.57735026919));
#5274 = PCURVE('',#1818,#5275);
#5275 = DEFINITIONAL_REPRESENTATION('',(#5276),#5280);
#5276 = LINE('',#5277,#5278);
#5277 = CARTESIAN_POINT('',(-1.185,0.279307178569));
#5278 = VECTOR('',#5279,1.);
#5279 = DIRECTION('',(0.57735026919,0.816496580928));
#5280 = ( GEOMETRIC_REPRESENTATION_CONTEXT(2) 
PARAMETRIC_REPRESENTATION_CONTEXT() REPRESENTATION_CONTEXT('2D SPACE',''
  ) );
#5281 = PCURVE('',#1900,#5282);
#5282 = DEFINITIONAL_REPRESENTATION('',(#5283),#5287);
#5283 = LINE('',#5284,#5285);
#5284 = CARTESIAN_POINT('',(0.395,0.279307178569));
#5285 = VECTOR('',#5286,1.);
#5286 = DIRECTION('',(0.57735026919,0.816496580928));
#5287 = ( GEOMETRIC_REPRESENTATION_CONTEXT(2) 
PARAMETRIC_REPRESENTATION_CONTEXT() REPRESENTATION_CONTEXT('2D SPACE',''
  ) );
#5288 = ORIENTED_EDGE('',*,*,#5289,.F.);
#5289 = EDGE_CURVE('',#5243,#5267,#5290,.T.);
#5290 = SURFACE_CURVE('',#5291,(#5295,#5302),.PCURVE_S1.);
#5291 = LINE('',#5292,#5293);
#5292 = CARTESIAN_POINT('',(-3.33,-0.395,8.115));
#5293 = VECTOR('',#5294,1.);
#5294 = DIRECTION('',(1.,0.,0.));
#5295 = PCURVE('',#1818,#5296);
#5296 = DEFINITIONAL_REPRESENTATION('',(#5297),#5301);
#5297 = LINE('',#5298,#5299);
#5298 = CARTESIAN_POINT('',(-0.,0.279307178569));
#5299 = VECTOR('',#5300,1.);
#5300 = DIRECTION('',(-1.,0.));
#5301 = ( GEOMETRIC_REPRESENTATION_CONTEXT(2) 
PARAMETRIC_REPRESENTATION_CONTEXT() REPRESENTATION_CONTEXT('2D SPACE',''
  ) );
#5302 = PCURVE('',#5303,#5308);
#5303 = PLANE('',#5304);
#5304 = AXIS2_PLACEMENT_3D('',#5305,#5306,#5307);
#5305 = CARTESIAN_POINT('',(-2.935,-0.395,1.702));
#5306 = DIRECTION('',(0.,1.,0.));
#5307 = DIRECTION('',(0.,0.,1.));
#5308 = DEFINITIONAL_REPRESENTATION('',(#5309),#5313);
#5309 = LINE('',#5310,#5311);
#5310 = CARTESIAN_POINT('',(6.413,-0.395));
#5311 = VECTOR('',#5312,1.);
#5312 = DIRECTION('',(0.,1.));
#5313 = ( GEOMETRIC_REPRESENTATION_CONTEXT(2) 
PARAMETRIC_REPRESENTATION_CONTEXT() REPRESENTATION_CONTEXT('2D SPACE',''
  ) );
#5314 = ADVANCED_FACE('',(#5315),#1900,.T.);
#5315 = FACE_BOUND('',#5316,.T.);
#5316 = EDGE_LOOP('',(#5317,#5318,#5319,#5342));
#5317 = ORIENTED_EDGE('',*,*,#5266,.F.);
#5318 = ORIENTED_EDGE('',*,*,#1886,.T.);
#5319 = ORIENTED_EDGE('',*,*,#5320,.T.);
#5320 = EDGE_CURVE('',#1859,#5321,#5323,.T.);
#5321 = VERTEX_POINT('',#5322);
#5322 = CARTESIAN_POINT('',(-2.145,0.395,8.115));
#5323 = SURFACE_CURVE('',#5324,(#5328,#5335),.PCURVE_S1.);
#5324 = LINE('',#5325,#5326);
#5325 = CARTESIAN_POINT('',(-2.408333333333,0.131666666667,
    7.851666666667));
#5326 = VECTOR('',#5327,1.);
#5327 = DIRECTION('',(-0.57735026919,-0.57735026919,-0.57735026919));
#5328 = PCURVE('',#1900,#5329);
#5329 = DEFINITIONAL_REPRESENTATION('',(#5330),#5334);
#5330 = LINE('',#5331,#5332);
#5331 = CARTESIAN_POINT('',(0.921666666667,0.651716749994));
#5332 = VECTOR('',#5333,1.);
#5333 = DIRECTION('',(-0.57735026919,0.816496580928));
#5334 = ( GEOMETRIC_REPRESENTATION_CONTEXT(2) 
PARAMETRIC_REPRESENTATION_CONTEXT() REPRESENTATION_CONTEXT('2D SPACE',''
  ) );
#5335 = PCURVE('',#1874,#5336);
#5336 = DEFINITIONAL_REPRESENTATION('',(#5337),#5341);
#5337 = LINE('',#5338,#5339);
#5338 = CARTESIAN_POINT('',(-0.921666666667,0.651716749994));
#5339 = VECTOR('',#5340,1.);
#5340 = DIRECTION('',(0.57735026919,0.816496580928));
#5341 = ( GEOMETRIC_REPRESENTATION_CONTEXT(2) 
PARAMETRIC_REPRESENTATION_CONTEXT() REPRESENTATION_CONTEXT('2D SPACE',''
  ) );
#5342 = ORIENTED_EDGE('',*,*,#5343,.F.);
#5343 = EDGE_CURVE('',#5267,#5321,#5344,.T.);
#5344 = SURFACE_CURVE('',#5345,(#5349,#5356),.PCURVE_S1.);
#5345 = LINE('',#5346,#5347);
#5346 = CARTESIAN_POINT('',(-2.145,-0.79,8.115));
#5347 = VECTOR('',#5348,1.);
#5348 = DIRECTION('',(0.,1.,0.));
#5349 = PCURVE('',#1900,#5350);
#5350 = DEFINITIONAL_REPRESENTATION('',(#5351),#5355);
#5351 = LINE('',#5352,#5353);
#5352 = CARTESIAN_POINT('',(0.,0.279307178569));
#5353 = VECTOR('',#5354,1.);
#5354 = DIRECTION('',(1.,0.));
#5355 = ( GEOMETRIC_REPRESENTATION_CONTEXT(2) 
PARAMETRIC_REPRESENTATION_CONTEXT() REPRESENTATION_CONTEXT('2D SPACE',''
  ) );
#5356 = PCURVE('',#5357,#5362);
#5357 = PLANE('',#5358);
#5358 = AXIS2_PLACEMENT_3D('',#5359,#5360,#5361);
#5359 = CARTESIAN_POINT('',(-2.145,-0.395,1.702));
#5360 = DIRECTION('',(1.,0.,0.));
#5361 = DIRECTION('',(0.,0.,1.));
#5362 = DEFINITIONAL_REPRESENTATION('',(#5363),#5367);
#5363 = LINE('',#5364,#5365);
#5364 = CARTESIAN_POINT('',(6.413,0.395));
#5365 = VECTOR('',#5366,1.);
#5366 = DIRECTION('',(0.,-1.));
#5367 = ( GEOMETRIC_REPRESENTATION_CONTEXT(2) 
PARAMETRIC_REPRESENTATION_CONTEXT() REPRESENTATION_CONTEXT('2D SPACE',''
  ) );
#5368 = ADVANCED_FACE('',(#5369),#1874,.T.);
#5369 = FACE_BOUND('',#5370,.F.);
#5370 = EDGE_LOOP('',(#5371,#5394,#5395,#5396));
#5371 = ORIENTED_EDGE('',*,*,#5372,.F.);
#5372 = EDGE_CURVE('',#1831,#5373,#5375,.T.);
#5373 = VERTEX_POINT('',#5374);
#5374 = CARTESIAN_POINT('',(-2.935,0.395,8.115));
#5375 = SURFACE_CURVE('',#5376,(#5380,#5387),.PCURVE_S1.);
#5376 = LINE('',#5377,#5378);
#5377 = CARTESIAN_POINT('',(-2.935,0.395,8.115));
#5378 = VECTOR('',#5379,1.);
#5379 = DIRECTION('',(0.57735026919,-0.57735026919,-0.57735026919));
#5380 = PCURVE('',#1874,#5381);
#5381 = DEFINITIONAL_REPRESENTATION('',(#5382),#5386);
#5382 = LINE('',#5383,#5384);
#5383 = CARTESIAN_POINT('',(-0.395,0.279307178569));
#5384 = VECTOR('',#5385,1.);
#5385 = DIRECTION('',(-0.57735026919,0.816496580928));
#5386 = ( GEOMETRIC_REPRESENTATION_CONTEXT(2) 
PARAMETRIC_REPRESENTATION_CONTEXT() REPRESENTATION_CONTEXT('2D SPACE',''
  ) );
#5387 = PCURVE('',#1846,#5388);
#5388 = DEFINITIONAL_REPRESENTATION('',(#5389),#5393);
#5389 = LINE('',#5390,#5391);
#5390 = CARTESIAN_POINT('',(1.185,0.279307178569));
#5391 = VECTOR('',#5392,1.);
#5392 = DIRECTION('',(-0.57735026919,0.816496580928));
#5393 = ( GEOMETRIC_REPRESENTATION_CONTEXT(2) 
PARAMETRIC_REPRESENTATION_CONTEXT() REPRESENTATION_CONTEXT('2D SPACE',''
  ) );
#5394 = ORIENTED_EDGE('',*,*,#1858,.T.);
#5395 = ORIENTED_EDGE('',*,*,#5320,.T.);
#5396 = ORIENTED_EDGE('',*,*,#5397,.F.);
#5397 = EDGE_CURVE('',#5373,#5321,#5398,.T.);
#5398 = SURFACE_CURVE('',#5399,(#5403,#5410),.PCURVE_S1.);
#5399 = LINE('',#5400,#5401);
#5400 = CARTESIAN_POINT('',(-3.33,0.395,8.115));
#5401 = VECTOR('',#5402,1.);
#5402 = DIRECTION('',(1.,0.,0.));
#5403 = PCURVE('',#1874,#5404);
#5404 = DEFINITIONAL_REPRESENTATION('',(#5405),#5409);
#5405 = LINE('',#5406,#5407);
#5406 = CARTESIAN_POINT('',(-0.,0.279307178569));
#5407 = VECTOR('',#5408,1.);
#5408 = DIRECTION('',(-1.,0.));
#5409 = ( GEOMETRIC_REPRESENTATION_CONTEXT(2) 
PARAMETRIC_REPRESENTATION_CONTEXT() REPRESENTATION_CONTEXT('2D SPACE',''
  ) );
#5410 = PCURVE('',#5411,#5416);
#5411 = PLANE('',#5412);
#5412 = AXIS2_PLACEMENT_3D('',#5413,#5414,#5415);
#5413 = CARTESIAN_POINT('',(-2.935,0.395,1.702));
#5414 = DIRECTION('',(0.,1.,0.));
#5415 = DIRECTION('',(0.,0.,1.));
#5416 = DEFINITIONAL_REPRESENTATION('',(#5417),#5421);
#5417 = LINE('',#5418,#5419);
#5418 = CARTESIAN_POINT('',(6.413,-0.395));
#5419 = VECTOR('',#5420,1.);
#5420 = DIRECTION('',(0.,1.));
#5421 = ( GEOMETRIC_REPRESENTATION_CONTEXT(2) 
PARAMETRIC_REPRESENTATION_CONTEXT() REPRESENTATION_CONTEXT('2D SPACE',''
  ) );
#5422 = ADVANCED_FACE('',(#5423),#1846,.F.);
#5423 = FACE_BOUND('',#5424,.F.);
#5424 = EDGE_LOOP('',(#5425,#5426,#5427,#5428));
#5425 = ORIENTED_EDGE('',*,*,#5242,.F.);
#5426 = ORIENTED_EDGE('',*,*,#1830,.T.);
#5427 = ORIENTED_EDGE('',*,*,#5372,.T.);
#5428 = ORIENTED_EDGE('',*,*,#5429,.F.);
#5429 = EDGE_CURVE('',#5243,#5373,#5430,.T.);
#5430 = SURFACE_CURVE('',#5431,(#5435,#5442),.PCURVE_S1.);
#5431 = LINE('',#5432,#5433);
#5432 = CARTESIAN_POINT('',(-2.935,-0.79,8.115));
#5433 = VECTOR('',#5434,1.);
#5434 = DIRECTION('',(0.,1.,0.));
#5435 = PCURVE('',#1846,#5436);
#5436 = DEFINITIONAL_REPRESENTATION('',(#5437),#5441);
#5437 = LINE('',#5438,#5439);
#5438 = CARTESIAN_POINT('',(0.,0.279307178569));
#5439 = VECTOR('',#5440,1.);
#5440 = DIRECTION('',(1.,0.));
#5441 = ( GEOMETRIC_REPRESENTATION_CONTEXT(2) 
PARAMETRIC_REPRESENTATION_CONTEXT() REPRESENTATION_CONTEXT('2D SPACE',''
  ) );
#5442 = PCURVE('',#5443,#5448);
#5443 = PLANE('',#5444);
#5444 = AXIS2_PLACEMENT_3D('',#5445,#5446,#5447);
#5445 = CARTESIAN_POINT('',(-2.935,-0.395,1.702));
#5446 = DIRECTION('',(1.,0.,0.));
#5447 = DIRECTION('',(0.,0.,1.));
#5448 = DEFINITIONAL_REPRESENTATION('',(#5449),#5453);
#5449 = LINE('',#5450,#5451);
#5450 = CARTESIAN_POINT('',(6.413,0.395));
#5451 = VECTOR('',#5452,1.);
#5452 = DIRECTION('',(0.,-1.));
#5453 = ( GEOMETRIC_REPRESENTATION_CONTEXT(2) 
PARAMETRIC_REPRESENTATION_CONTEXT() REPRESENTATION_CONTEXT('2D SPACE',''
  ) );
#5454 = ADVANCED_FACE('',(#5455),#1932,.F.);
#5455 = FACE_BOUND('',#5456,.F.);
#5456 = EDGE_LOOP('',(#5457,#5480,#5481,#5504));
#5457 = ORIENTED_EDGE('',*,*,#5458,.F.);
#5458 = EDGE_CURVE('',#1915,#5459,#5461,.T.);
#5459 = VERTEX_POINT('',#5460);
#5460 = CARTESIAN_POINT('',(-5.475,-0.395,8.115));
#5461 = SURFACE_CURVE('',#5462,(#5466,#5473),.PCURVE_S1.);
#5462 = LINE('',#5463,#5464);
#5463 = CARTESIAN_POINT('',(-5.738333333333,-0.658333333333,
    8.378333333333));
#5464 = VECTOR('',#5465,1.);
#5465 = DIRECTION('',(0.57735026919,0.57735026919,-0.57735026919));
#5466 = PCURVE('',#1932,#5467);
#5467 = DEFINITIONAL_REPRESENTATION('',(#5468),#5472);
#5468 = LINE('',#5469,#5470);
#5469 = CARTESIAN_POINT('',(0.131666666667,-9.310239285623E-02));
#5470 = VECTOR('',#5471,1.);
#5471 = DIRECTION('',(0.57735026919,0.816496580928));
#5472 = ( GEOMETRIC_REPRESENTATION_CONTEXT(2) 
PARAMETRIC_REPRESENTATION_CONTEXT() REPRESENTATION_CONTEXT('2D SPACE',''
  ) );
#5473 = PCURVE('',#2014,#5474);
#5474 = DEFINITIONAL_REPRESENTATION('',(#5475),#5479);
#5475 = LINE('',#5476,#5477);
#5476 = CARTESIAN_POINT('',(-0.131666666667,-9.310239285623E-02));
#5477 = VECTOR('',#5478,1.);
#5478 = DIRECTION('',(-0.57735026919,0.816496580928));
#5479 = ( GEOMETRIC_REPRESENTATION_CONTEXT(2) 
PARAMETRIC_REPRESENTATION_CONTEXT() REPRESENTATION_CONTEXT('2D SPACE',''
  ) );
#5480 = ORIENTED_EDGE('',*,*,#1914,.T.);
#5481 = ORIENTED_EDGE('',*,*,#5482,.T.);
#5482 = EDGE_CURVE('',#1917,#5483,#5485,.T.);
#5483 = VERTEX_POINT('',#5484);
#5484 = CARTESIAN_POINT('',(-5.475,0.395,8.115));
#5485 = SURFACE_CURVE('',#5486,(#5490,#5497),.PCURVE_S1.);
#5486 = LINE('',#5487,#5488);
#5487 = CARTESIAN_POINT('',(-5.475,0.395,8.115));
#5488 = VECTOR('',#5489,1.);
#5489 = DIRECTION('',(0.57735026919,-0.57735026919,-0.57735026919));
#5490 = PCURVE('',#1932,#5491);
#5491 = DEFINITIONAL_REPRESENTATION('',(#5492),#5496);
#5492 = LINE('',#5493,#5494);
#5493 = CARTESIAN_POINT('',(1.185,0.279307178569));
#5494 = VECTOR('',#5495,1.);
#5495 = DIRECTION('',(-0.57735026919,0.816496580928));
#5496 = ( GEOMETRIC_REPRESENTATION_CONTEXT(2) 
PARAMETRIC_REPRESENTATION_CONTEXT() REPRESENTATION_CONTEXT('2D SPACE',''
  ) );
#5497 = PCURVE('',#1960,#5498);
#5498 = DEFINITIONAL_REPRESENTATION('',(#5499),#5503);
#5499 = LINE('',#5500,#5501);
#5500 = CARTESIAN_POINT('',(-0.395,0.279307178569));
#5501 = VECTOR('',#5502,1.);
#5502 = DIRECTION('',(-0.57735026919,0.816496580928));
#5503 = ( GEOMETRIC_REPRESENTATION_CONTEXT(2) 
PARAMETRIC_REPRESENTATION_CONTEXT() REPRESENTATION_CONTEXT('2D SPACE',''
  ) );
#5504 = ORIENTED_EDGE('',*,*,#5505,.F.);
#5505 = EDGE_CURVE('',#5459,#5483,#5506,.T.);
#5506 = SURFACE_CURVE('',#5507,(#5511,#5518),.PCURVE_S1.);
#5507 = LINE('',#5508,#5509);
#5508 = CARTESIAN_POINT('',(-5.475,-0.79,8.115));
#5509 = VECTOR('',#5510,1.);
#5510 = DIRECTION('',(0.,1.,0.));
#5511 = PCURVE('',#1932,#5512);
#5512 = DEFINITIONAL_REPRESENTATION('',(#5513),#5517);
#5513 = LINE('',#5514,#5515);
#5514 = CARTESIAN_POINT('',(0.,0.279307178569));
#5515 = VECTOR('',#5516,1.);
#5516 = DIRECTION('',(1.,0.));
#5517 = ( GEOMETRIC_REPRESENTATION_CONTEXT(2) 
PARAMETRIC_REPRESENTATION_CONTEXT() REPRESENTATION_CONTEXT('2D SPACE',''
  ) );
#5518 = PCURVE('',#5519,#5524);
#5519 = PLANE('',#5520);
#5520 = AXIS2_PLACEMENT_3D('',#5521,#5522,#5523);
#5521 = CARTESIAN_POINT('',(-5.475,-0.395,1.702));
#5522 = DIRECTION('',(1.,0.,0.));
#5523 = DIRECTION('',(0.,0.,1.));
#5524 = DEFINITIONAL_REPRESENTATION('',(#5525),#5529);
#5525 = LINE('',#5526,#5527);
#5526 = CARTESIAN_POINT('',(6.413,0.395));
#5527 = VECTOR('',#5528,1.);
#5528 = DIRECTION('',(0.,-1.));
#5529 = ( GEOMETRIC_REPRESENTATION_CONTEXT(2) 
PARAMETRIC_REPRESENTATION_CONTEXT() REPRESENTATION_CONTEXT('2D SPACE',''
  ) );
#5530 = ADVANCED_FACE('',(#5531),#2014,.F.);
#5531 = FACE_BOUND('',#5532,.T.);
#5532 = EDGE_LOOP('',(#5533,#5534,#5535,#5558));
#5533 = ORIENTED_EDGE('',*,*,#5458,.F.);
#5534 = ORIENTED_EDGE('',*,*,#2000,.T.);
#5535 = ORIENTED_EDGE('',*,*,#5536,.T.);
#5536 = EDGE_CURVE('',#1973,#5537,#5539,.T.);
#5537 = VERTEX_POINT('',#5538);
#5538 = CARTESIAN_POINT('',(-4.685,-0.395,8.115));
#5539 = SURFACE_CURVE('',#5540,(#5544,#5551),.PCURVE_S1.);
#5540 = LINE('',#5541,#5542);
#5541 = CARTESIAN_POINT('',(-4.685,-0.395,8.115));
#5542 = VECTOR('',#5543,1.);
#5543 = DIRECTION('',(-0.57735026919,0.57735026919,-0.57735026919));
#5544 = PCURVE('',#2014,#5545);
#5545 = DEFINITIONAL_REPRESENTATION('',(#5546),#5550);
#5546 = LINE('',#5547,#5548);
#5547 = CARTESIAN_POINT('',(-1.185,0.279307178569));
#5548 = VECTOR('',#5549,1.);
#5549 = DIRECTION('',(0.57735026919,0.816496580928));
#5550 = ( GEOMETRIC_REPRESENTATION_CONTEXT(2) 
PARAMETRIC_REPRESENTATION_CONTEXT() REPRESENTATION_CONTEXT('2D SPACE',''
  ) );
#5551 = PCURVE('',#1988,#5552);
#5552 = DEFINITIONAL_REPRESENTATION('',(#5553),#5557);
#5553 = LINE('',#5554,#5555);
#5554 = CARTESIAN_POINT('',(0.395,0.279307178569));
#5555 = VECTOR('',#5556,1.);
#5556 = DIRECTION('',(0.57735026919,0.816496580928));
#5557 = ( GEOMETRIC_REPRESENTATION_CONTEXT(2) 
PARAMETRIC_REPRESENTATION_CONTEXT() REPRESENTATION_CONTEXT('2D SPACE',''
  ) );
#5558 = ORIENTED_EDGE('',*,*,#5559,.F.);
#5559 = EDGE_CURVE('',#5459,#5537,#5560,.T.);
#5560 = SURFACE_CURVE('',#5561,(#5565,#5572),.PCURVE_S1.);
#5561 = LINE('',#5562,#5563);
#5562 = CARTESIAN_POINT('',(-5.87,-0.395,8.115));
#5563 = VECTOR('',#5564,1.);
#5564 = DIRECTION('',(1.,0.,0.));
#5565 = PCURVE('',#2014,#5566);
#5566 = DEFINITIONAL_REPRESENTATION('',(#5567),#5571);
#5567 = LINE('',#5568,#5569);
#5568 = CARTESIAN_POINT('',(-0.,0.279307178569));
#5569 = VECTOR('',#5570,1.);
#5570 = DIRECTION('',(-1.,0.));
#5571 = ( GEOMETRIC_REPRESENTATION_CONTEXT(2) 
PARAMETRIC_REPRESENTATION_CONTEXT() REPRESENTATION_CONTEXT('2D SPACE',''
  ) );
#5572 = PCURVE('',#5573,#5578);
#5573 = PLANE('',#5574);
#5574 = AXIS2_PLACEMENT_3D('',#5575,#5576,#5577);
#5575 = CARTESIAN_POINT('',(-5.475,-0.395,1.702));
#5576 = DIRECTION('',(0.,1.,0.));
#5577 = DIRECTION('',(0.,0.,1.));
#5578 = DEFINITIONAL_REPRESENTATION('',(#5579),#5583);
#5579 = LINE('',#5580,#5581);
#5580 = CARTESIAN_POINT('',(6.413,-0.395));
#5581 = VECTOR('',#5582,1.);
#5582 = DIRECTION('',(0.,1.));
#5583 = ( GEOMETRIC_REPRESENTATION_CONTEXT(2) 
PARAMETRIC_REPRESENTATION_CONTEXT() REPRESENTATION_CONTEXT('2D SPACE',''
  ) );
#5584 = ADVANCED_FACE('',(#5585),#1988,.T.);
#5585 = FACE_BOUND('',#5586,.T.);
#5586 = EDGE_LOOP('',(#5587,#5588,#5589,#5612));
#5587 = ORIENTED_EDGE('',*,*,#5536,.F.);
#5588 = ORIENTED_EDGE('',*,*,#1972,.T.);
#5589 = ORIENTED_EDGE('',*,*,#5590,.T.);
#5590 = EDGE_CURVE('',#1945,#5591,#5593,.T.);
#5591 = VERTEX_POINT('',#5592);
#5592 = CARTESIAN_POINT('',(-4.685,0.395,8.115));
#5593 = SURFACE_CURVE('',#5594,(#5598,#5605),.PCURVE_S1.);
#5594 = LINE('',#5595,#5596);
#5595 = CARTESIAN_POINT('',(-4.948333333333,0.131666666667,
    7.851666666667));
#5596 = VECTOR('',#5597,1.);
#5597 = DIRECTION('',(-0.57735026919,-0.57735026919,-0.57735026919));
#5598 = PCURVE('',#1988,#5599);
#5599 = DEFINITIONAL_REPRESENTATION('',(#5600),#5604);
#5600 = LINE('',#5601,#5602);
#5601 = CARTESIAN_POINT('',(0.921666666667,0.651716749994));
#5602 = VECTOR('',#5603,1.);
#5603 = DIRECTION('',(-0.57735026919,0.816496580928));
#5604 = ( GEOMETRIC_REPRESENTATION_CONTEXT(2) 
PARAMETRIC_REPRESENTATION_CONTEXT() REPRESENTATION_CONTEXT('2D SPACE',''
  ) );
#5605 = PCURVE('',#1960,#5606);
#5606 = DEFINITIONAL_REPRESENTATION('',(#5607),#5611);
#5607 = LINE('',#5608,#5609);
#5608 = CARTESIAN_POINT('',(-0.921666666667,0.651716749994));
#5609 = VECTOR('',#5610,1.);
#5610 = DIRECTION('',(0.57735026919,0.816496580928));
#5611 = ( GEOMETRIC_REPRESENTATION_CONTEXT(2) 
PARAMETRIC_REPRESENTATION_CONTEXT() REPRESENTATION_CONTEXT('2D SPACE',''
  ) );
#5612 = ORIENTED_EDGE('',*,*,#5613,.F.);
#5613 = EDGE_CURVE('',#5537,#5591,#5614,.T.);
#5614 = SURFACE_CURVE('',#5615,(#5619,#5626),.PCURVE_S1.);
#5615 = LINE('',#5616,#5617);
#5616 = CARTESIAN_POINT('',(-4.685,-0.79,8.115));
#5617 = VECTOR('',#5618,1.);
#5618 = DIRECTION('',(0.,1.,0.));
#5619 = PCURVE('',#1988,#5620);
#5620 = DEFINITIONAL_REPRESENTATION('',(#5621),#5625);
#5621 = LINE('',#5622,#5623);
#5622 = CARTESIAN_POINT('',(0.,0.279307178569));
#5623 = VECTOR('',#5624,1.);
#5624 = DIRECTION('',(1.,0.));
#5625 = ( GEOMETRIC_REPRESENTATION_CONTEXT(2) 
PARAMETRIC_REPRESENTATION_CONTEXT() REPRESENTATION_CONTEXT('2D SPACE',''
  ) );
#5626 = PCURVE('',#5627,#5632);
#5627 = PLANE('',#5628);
#5628 = AXIS2_PLACEMENT_3D('',#5629,#5630,#5631);
#5629 = CARTESIAN_POINT('',(-4.685,-0.395,1.702));
#5630 = DIRECTION('',(1.,0.,0.));
#5631 = DIRECTION('',(0.,0.,1.));
#5632 = DEFINITIONAL_REPRESENTATION('',(#5633),#5637);
#5633 = LINE('',#5634,#5635);
#5634 = CARTESIAN_POINT('',(6.413,0.395));
#5635 = VECTOR('',#5636,1.);
#5636 = DIRECTION('',(0.,-1.));
#5637 = ( GEOMETRIC_REPRESENTATION_CONTEXT(2) 
PARAMETRIC_REPRESENTATION_CONTEXT() REPRESENTATION_CONTEXT('2D SPACE',''
  ) );
#5638 = ADVANCED_FACE('',(#5639),#1960,.T.);
#5639 = FACE_BOUND('',#5640,.F.);
#5640 = EDGE_LOOP('',(#5641,#5642,#5643,#5644));
#5641 = ORIENTED_EDGE('',*,*,#5482,.F.);
#5642 = ORIENTED_EDGE('',*,*,#1944,.T.);
#5643 = ORIENTED_EDGE('',*,*,#5590,.T.);
#5644 = ORIENTED_EDGE('',*,*,#5645,.F.);
#5645 = EDGE_CURVE('',#5483,#5591,#5646,.T.);
#5646 = SURFACE_CURVE('',#5647,(#5651,#5658),.PCURVE_S1.);
#5647 = LINE('',#5648,#5649);
#5648 = CARTESIAN_POINT('',(-5.87,0.395,8.115));
#5649 = VECTOR('',#5650,1.);
#5650 = DIRECTION('',(1.,0.,0.));
#5651 = PCURVE('',#1960,#5652);
#5652 = DEFINITIONAL_REPRESENTATION('',(#5653),#5657);
#5653 = LINE('',#5654,#5655);
#5654 = CARTESIAN_POINT('',(-0.,0.279307178569));
#5655 = VECTOR('',#5656,1.);
#5656 = DIRECTION('',(-1.,0.));
#5657 = ( GEOMETRIC_REPRESENTATION_CONTEXT(2) 
PARAMETRIC_REPRESENTATION_CONTEXT() REPRESENTATION_CONTEXT('2D SPACE',''
  ) );
#5658 = PCURVE('',#5659,#5664);
#5659 = PLANE('',#5660);
#5660 = AXIS2_PLACEMENT_3D('',#5661,#5662,#5663);
#5661 = CARTESIAN_POINT('',(-5.475,0.395,1.702));
#5662 = DIRECTION('',(0.,1.,0.));
#5663 = DIRECTION('',(0.,0.,1.));
#5664 = DEFINITIONAL_REPRESENTATION('',(#5665),#5669);
#5665 = LINE('',#5666,#5667);
#5666 = CARTESIAN_POINT('',(6.413,-0.395));
#5667 = VECTOR('',#5668,1.);
#5668 = DIRECTION('',(0.,1.));
#5669 = ( GEOMETRIC_REPRESENTATION_CONTEXT(2) 
PARAMETRIC_REPRESENTATION_CONTEXT() REPRESENTATION_CONTEXT('2D SPACE',''
  ) );
#5670 = ADVANCED_FACE('',(#5671),#2046,.F.);
#5671 = FACE_BOUND('',#5672,.T.);
#5672 = EDGE_LOOP('',(#5673,#5696,#5697,#5720));
#5673 = ORIENTED_EDGE('',*,*,#5674,.F.);
#5674 = EDGE_CURVE('',#2029,#5675,#5677,.T.);
#5675 = VERTEX_POINT('',#5676);
#5676 = CARTESIAN_POINT('',(-0.395,-0.395,8.115));
#5677 = SURFACE_CURVE('',#5678,(#5682,#5689),.PCURVE_S1.);
#5678 = LINE('',#5679,#5680);
#5679 = CARTESIAN_POINT('',(-0.658333333333,-0.658333333333,
    8.378333333333));
#5680 = VECTOR('',#5681,1.);
#5681 = DIRECTION('',(0.57735026919,0.57735026919,-0.57735026919));
#5682 = PCURVE('',#2046,#5683);
#5683 = DEFINITIONAL_REPRESENTATION('',(#5684),#5688);
#5684 = LINE('',#5685,#5686);
#5685 = CARTESIAN_POINT('',(-0.131666666667,-9.310239285623E-02));
#5686 = VECTOR('',#5687,1.);
#5687 = DIRECTION('',(-0.57735026919,0.816496580928));
#5688 = ( GEOMETRIC_REPRESENTATION_CONTEXT(2) 
PARAMETRIC_REPRESENTATION_CONTEXT() REPRESENTATION_CONTEXT('2D SPACE',''
  ) );
#5689 = PCURVE('',#2074,#5690);
#5690 = DEFINITIONAL_REPRESENTATION('',(#5691),#5695);
#5691 = LINE('',#5692,#5693);
#5692 = CARTESIAN_POINT('',(0.131666666667,-9.310239285623E-02));
#5693 = VECTOR('',#5694,1.);
#5694 = DIRECTION('',(0.57735026919,0.816496580928));
#5695 = ( GEOMETRIC_REPRESENTATION_CONTEXT(2) 
PARAMETRIC_REPRESENTATION_CONTEXT() REPRESENTATION_CONTEXT('2D SPACE',''
  ) );
#5696 = ORIENTED_EDGE('',*,*,#2028,.T.);
#5697 = ORIENTED_EDGE('',*,*,#5698,.T.);
#5698 = EDGE_CURVE('',#2031,#5699,#5701,.T.);
#5699 = VERTEX_POINT('',#5700);
#5700 = CARTESIAN_POINT('',(0.395,-0.395,8.115));
#5701 = SURFACE_CURVE('',#5702,(#5706,#5713),.PCURVE_S1.);
#5702 = LINE('',#5703,#5704);
#5703 = CARTESIAN_POINT('',(0.395,-0.395,8.115));
#5704 = VECTOR('',#5705,1.);
#5705 = DIRECTION('',(-0.57735026919,0.57735026919,-0.57735026919));
#5706 = PCURVE('',#2046,#5707);
#5707 = DEFINITIONAL_REPRESENTATION('',(#5708),#5712);
#5708 = LINE('',#5709,#5710);
#5709 = CARTESIAN_POINT('',(-1.185,0.279307178569));
#5710 = VECTOR('',#5711,1.);
#5711 = DIRECTION('',(0.57735026919,0.816496580928));
#5712 = ( GEOMETRIC_REPRESENTATION_CONTEXT(2) 
PARAMETRIC_REPRESENTATION_CONTEXT() REPRESENTATION_CONTEXT('2D SPACE',''
  ) );
#5713 = PCURVE('',#2128,#5714);
#5714 = DEFINITIONAL_REPRESENTATION('',(#5715),#5719);
#5715 = LINE('',#5716,#5717);
#5716 = CARTESIAN_POINT('',(0.395,0.279307178569));
#5717 = VECTOR('',#5718,1.);
#5718 = DIRECTION('',(0.57735026919,0.816496580928));
#5719 = ( GEOMETRIC_REPRESENTATION_CONTEXT(2) 
PARAMETRIC_REPRESENTATION_CONTEXT() REPRESENTATION_CONTEXT('2D SPACE',''
  ) );
#5720 = ORIENTED_EDGE('',*,*,#5721,.F.);
#5721 = EDGE_CURVE('',#5675,#5699,#5722,.T.);
#5722 = SURFACE_CURVE('',#5723,(#5727,#5734),.PCURVE_S1.);
#5723 = LINE('',#5724,#5725);
#5724 = CARTESIAN_POINT('',(-0.79,-0.395,8.115));
#5725 = VECTOR('',#5726,1.);
#5726 = DIRECTION('',(1.,0.,0.));
#5727 = PCURVE('',#2046,#5728);
#5728 = DEFINITIONAL_REPRESENTATION('',(#5729),#5733);
#5729 = LINE('',#5730,#5731);
#5730 = CARTESIAN_POINT('',(-0.,0.279307178569));
#5731 = VECTOR('',#5732,1.);
#5732 = DIRECTION('',(-1.,0.));
#5733 = ( GEOMETRIC_REPRESENTATION_CONTEXT(2) 
PARAMETRIC_REPRESENTATION_CONTEXT() REPRESENTATION_CONTEXT('2D SPACE',''
  ) );
#5734 = PCURVE('',#5735,#5740);
#5735 = PLANE('',#5736);
#5736 = AXIS2_PLACEMENT_3D('',#5737,#5738,#5739);
#5737 = CARTESIAN_POINT('',(-0.395,-0.395,1.702));
#5738 = DIRECTION('',(0.,1.,0.));
#5739 = DIRECTION('',(0.,0.,1.));
#5740 = DEFINITIONAL_REPRESENTATION('',(#5741),#5745);
#5741 = LINE('',#5742,#5743);
#5742 = CARTESIAN_POINT('',(6.413,-0.395));
#5743 = VECTOR('',#5744,1.);
#5744 = DIRECTION('',(0.,1.));
#5745 = ( GEOMETRIC_REPRESENTATION_CONTEXT(2) 
PARAMETRIC_REPRESENTATION_CONTEXT() REPRESENTATION_CONTEXT('2D SPACE',''
  ) );
#5746 = ADVANCED_FACE('',(#5747),#2128,.T.);
#5747 = FACE_BOUND('',#5748,.T.);
#5748 = EDGE_LOOP('',(#5749,#5750,#5751,#5774));
#5749 = ORIENTED_EDGE('',*,*,#5698,.F.);
#5750 = ORIENTED_EDGE('',*,*,#2114,.T.);
#5751 = ORIENTED_EDGE('',*,*,#5752,.T.);
#5752 = EDGE_CURVE('',#2087,#5753,#5755,.T.);
#5753 = VERTEX_POINT('',#5754);
#5754 = CARTESIAN_POINT('',(0.395,0.395,8.115));
#5755 = SURFACE_CURVE('',#5756,(#5760,#5767),.PCURVE_S1.);
#5756 = LINE('',#5757,#5758);
#5757 = CARTESIAN_POINT('',(0.131666666667,0.131666666667,7.851666666667
    ));
#5758 = VECTOR('',#5759,1.);
#5759 = DIRECTION('',(-0.57735026919,-0.57735026919,-0.57735026919));
#5760 = PCURVE('',#2128,#5761);
#5761 = DEFINITIONAL_REPRESENTATION('',(#5762),#5766);
#5762 = LINE('',#5763,#5764);
#5763 = CARTESIAN_POINT('',(0.921666666667,0.651716749994));
#5764 = VECTOR('',#5765,1.);
#5765 = DIRECTION('',(-0.57735026919,0.816496580928));
#5766 = ( GEOMETRIC_REPRESENTATION_CONTEXT(2) 
PARAMETRIC_REPRESENTATION_CONTEXT() REPRESENTATION_CONTEXT('2D SPACE',''
  ) );
#5767 = PCURVE('',#2102,#5768);
#5768 = DEFINITIONAL_REPRESENTATION('',(#5769),#5773);
#5769 = LINE('',#5770,#5771);
#5770 = CARTESIAN_POINT('',(-0.921666666667,0.651716749994));
#5771 = VECTOR('',#5772,1.);
#5772 = DIRECTION('',(0.57735026919,0.816496580928));
#5773 = ( GEOMETRIC_REPRESENTATION_CONTEXT(2) 
PARAMETRIC_REPRESENTATION_CONTEXT() REPRESENTATION_CONTEXT('2D SPACE',''
  ) );
#5774 = ORIENTED_EDGE('',*,*,#5775,.F.);
#5775 = EDGE_CURVE('',#5699,#5753,#5776,.T.);
#5776 = SURFACE_CURVE('',#5777,(#5781,#5788),.PCURVE_S1.);
#5777 = LINE('',#5778,#5779);
#5778 = CARTESIAN_POINT('',(0.395,-0.79,8.115));
#5779 = VECTOR('',#5780,1.);
#5780 = DIRECTION('',(0.,1.,0.));
#5781 = PCURVE('',#2128,#5782);
#5782 = DEFINITIONAL_REPRESENTATION('',(#5783),#5787);
#5783 = LINE('',#5784,#5785);
#5784 = CARTESIAN_POINT('',(0.,0.279307178569));
#5785 = VECTOR('',#5786,1.);
#5786 = DIRECTION('',(1.,0.));
#5787 = ( GEOMETRIC_REPRESENTATION_CONTEXT(2) 
PARAMETRIC_REPRESENTATION_CONTEXT() REPRESENTATION_CONTEXT('2D SPACE',''
  ) );
#5788 = PCURVE('',#5789,#5794);
#5789 = PLANE('',#5790);
#5790 = AXIS2_PLACEMENT_3D('',#5791,#5792,#5793);
#5791 = CARTESIAN_POINT('',(0.395,-0.395,1.702));
#5792 = DIRECTION('',(1.,0.,0.));
#5793 = DIRECTION('',(0.,0.,1.));
#5794 = DEFINITIONAL_REPRESENTATION('',(#5795),#5799);
#5795 = LINE('',#5796,#5797);
#5796 = CARTESIAN_POINT('',(6.413,0.395));
#5797 = VECTOR('',#5798,1.);
#5798 = DIRECTION('',(0.,-1.));
#5799 = ( GEOMETRIC_REPRESENTATION_CONTEXT(2) 
PARAMETRIC_REPRESENTATION_CONTEXT() REPRESENTATION_CONTEXT('2D SPACE',''
  ) );
#5800 = ADVANCED_FACE('',(#5801),#2102,.T.);
#5801 = FACE_BOUND('',#5802,.F.);
#5802 = EDGE_LOOP('',(#5803,#5826,#5827,#5828));
#5803 = ORIENTED_EDGE('',*,*,#5804,.F.);
#5804 = EDGE_CURVE('',#2059,#5805,#5807,.T.);
#5805 = VERTEX_POINT('',#5806);
#5806 = CARTESIAN_POINT('',(-0.395,0.395,8.115));
#5807 = SURFACE_CURVE('',#5808,(#5812,#5819),.PCURVE_S1.);
#5808 = LINE('',#5809,#5810);
#5809 = CARTESIAN_POINT('',(-0.395,0.395,8.115));
#5810 = VECTOR('',#5811,1.);
#5811 = DIRECTION('',(0.57735026919,-0.57735026919,-0.57735026919));
#5812 = PCURVE('',#2102,#5813);
#5813 = DEFINITIONAL_REPRESENTATION('',(#5814),#5818);
#5814 = LINE('',#5815,#5816);
#5815 = CARTESIAN_POINT('',(-0.395,0.279307178569));
#5816 = VECTOR('',#5817,1.);
#5817 = DIRECTION('',(-0.57735026919,0.816496580928));
#5818 = ( GEOMETRIC_REPRESENTATION_CONTEXT(2) 
PARAMETRIC_REPRESENTATION_CONTEXT() REPRESENTATION_CONTEXT('2D SPACE',''
  ) );
#5819 = PCURVE('',#2074,#5820);
#5820 = DEFINITIONAL_REPRESENTATION('',(#5821),#5825);
#5821 = LINE('',#5822,#5823);
#5822 = CARTESIAN_POINT('',(1.185,0.279307178569));
#5823 = VECTOR('',#5824,1.);
#5824 = DIRECTION('',(-0.57735026919,0.816496580928));
#5825 = ( GEOMETRIC_REPRESENTATION_CONTEXT(2) 
PARAMETRIC_REPRESENTATION_CONTEXT() REPRESENTATION_CONTEXT('2D SPACE',''
  ) );
#5826 = ORIENTED_EDGE('',*,*,#2086,.T.);
#5827 = ORIENTED_EDGE('',*,*,#5752,.T.);
#5828 = ORIENTED_EDGE('',*,*,#5829,.F.);
#5829 = EDGE_CURVE('',#5805,#5753,#5830,.T.);
#5830 = SURFACE_CURVE('',#5831,(#5835,#5842),.PCURVE_S1.);
#5831 = LINE('',#5832,#5833);
#5832 = CARTESIAN_POINT('',(-0.79,0.395,8.115));
#5833 = VECTOR('',#5834,1.);
#5834 = DIRECTION('',(1.,0.,0.));
#5835 = PCURVE('',#2102,#5836);
#5836 = DEFINITIONAL_REPRESENTATION('',(#5837),#5841);
#5837 = LINE('',#5838,#5839);
#5838 = CARTESIAN_POINT('',(-0.,0.279307178569));
#5839 = VECTOR('',#5840,1.);
#5840 = DIRECTION('',(-1.,0.));
#5841 = ( GEOMETRIC_REPRESENTATION_CONTEXT(2) 
PARAMETRIC_REPRESENTATION_CONTEXT() REPRESENTATION_CONTEXT('2D SPACE',''
  ) );
#5842 = PCURVE('',#5843,#5848);
#5843 = PLANE('',#5844);
#5844 = AXIS2_PLACEMENT_3D('',#5845,#5846,#5847);
#5845 = CARTESIAN_POINT('',(-0.395,0.395,1.702));
#5846 = DIRECTION('',(0.,1.,0.));
#5847 = DIRECTION('',(0.,0.,1.));
#5848 = DEFINITIONAL_REPRESENTATION('',(#5849),#5853);
#5849 = LINE('',#5850,#5851);
#5850 = CARTESIAN_POINT('',(6.413,-0.395));
#5851 = VECTOR('',#5852,1.);
#5852 = DIRECTION('',(0.,1.));
#5853 = ( GEOMETRIC_REPRESENTATION_CONTEXT(2) 
PARAMETRIC_REPRESENTATION_CONTEXT() REPRESENTATION_CONTEXT('2D SPACE',''
  ) );
#5854 = ADVANCED_FACE('',(#5855),#2074,.F.);
#5855 = FACE_BOUND('',#5856,.F.);
#5856 = EDGE_LOOP('',(#5857,#5858,#5859,#5860));
#5857 = ORIENTED_EDGE('',*,*,#5674,.F.);
#5858 = ORIENTED_EDGE('',*,*,#2058,.T.);
#5859 = ORIENTED_EDGE('',*,*,#5804,.T.);
#5860 = ORIENTED_EDGE('',*,*,#5861,.F.);
#5861 = EDGE_CURVE('',#5675,#5805,#5862,.T.);
#5862 = SURFACE_CURVE('',#5863,(#5867,#5874),.PCURVE_S1.);
#5863 = LINE('',#5864,#5865);
#5864 = CARTESIAN_POINT('',(-0.395,-0.79,8.115));
#5865 = VECTOR('',#5866,1.);
#5866 = DIRECTION('',(0.,1.,0.));
#5867 = PCURVE('',#2074,#5868);
#5868 = DEFINITIONAL_REPRESENTATION('',(#5869),#5873);
#5869 = LINE('',#5870,#5871);
#5870 = CARTESIAN_POINT('',(0.,0.279307178569));
#5871 = VECTOR('',#5872,1.);
#5872 = DIRECTION('',(1.,0.));
#5873 = ( GEOMETRIC_REPRESENTATION_CONTEXT(2) 
PARAMETRIC_REPRESENTATION_CONTEXT() REPRESENTATION_CONTEXT('2D SPACE',''
  ) );
#5874 = PCURVE('',#5875,#5880);
#5875 = PLANE('',#5876);
#5876 = AXIS2_PLACEMENT_3D('',#5877,#5878,#5879);
#5877 = CARTESIAN_POINT('',(-0.395,-0.395,1.702));
#5878 = DIRECTION('',(1.,0.,0.));
#5879 = DIRECTION('',(0.,0.,1.));
#5880 = DEFINITIONAL_REPRESENTATION('',(#5881),#5885);
#5881 = LINE('',#5882,#5883);
#5882 = CARTESIAN_POINT('',(6.413,0.395));
#5883 = VECTOR('',#5884,1.);
#5884 = DIRECTION('',(0.,-1.));
#5885 = ( GEOMETRIC_REPRESENTATION_CONTEXT(2) 
PARAMETRIC_REPRESENTATION_CONTEXT() REPRESENTATION_CONTEXT('2D SPACE',''
  ) );
#5886 = ADVANCED_FACE('',(#5887),#2160,.T.);
#5887 = FACE_BOUND('',#5888,.T.);
#5888 = EDGE_LOOP('',(#5889,#5912,#5913,#5936));
#5889 = ORIENTED_EDGE('',*,*,#5890,.F.);
#5890 = EDGE_CURVE('',#2143,#5891,#5893,.T.);
#5891 = VERTEX_POINT('',#5892);
#5892 = CARTESIAN_POINT('',(-14.845,-0.395,8.115));
#5893 = SURFACE_CURVE('',#5894,(#5898,#5905),.PCURVE_S1.);
#5894 = LINE('',#5895,#5896);
#5895 = CARTESIAN_POINT('',(-14.845,-0.395,8.115));
#5896 = VECTOR('',#5897,1.);
#5897 = DIRECTION('',(-0.57735026919,0.57735026919,-0.57735026919));
#5898 = PCURVE('',#2160,#5899);
#5899 = DEFINITIONAL_REPRESENTATION('',(#5900),#5904);
#5900 = LINE('',#5901,#5902);
#5901 = CARTESIAN_POINT('',(0.395,0.279307178569));
#5902 = VECTOR('',#5903,1.);
#5903 = DIRECTION('',(0.57735026919,0.816496580928));
#5904 = ( GEOMETRIC_REPRESENTATION_CONTEXT(2) 
PARAMETRIC_REPRESENTATION_CONTEXT() REPRESENTATION_CONTEXT('2D SPACE',''
  ) );
#5905 = PCURVE('',#2188,#5906);
#5906 = DEFINITIONAL_REPRESENTATION('',(#5907),#5911);
#5907 = LINE('',#5908,#5909);
#5908 = CARTESIAN_POINT('',(-1.185,0.279307178569));
#5909 = VECTOR('',#5910,1.);
#5910 = DIRECTION('',(0.57735026919,0.816496580928));
#5911 = ( GEOMETRIC_REPRESENTATION_CONTEXT(2) 
PARAMETRIC_REPRESENTATION_CONTEXT() REPRESENTATION_CONTEXT('2D SPACE',''
  ) );
#5912 = ORIENTED_EDGE('',*,*,#2142,.T.);
#5913 = ORIENTED_EDGE('',*,*,#5914,.T.);
#5914 = EDGE_CURVE('',#2145,#5915,#5917,.T.);
#5915 = VERTEX_POINT('',#5916);
#5916 = CARTESIAN_POINT('',(-14.845,0.395,8.115));
#5917 = SURFACE_CURVE('',#5918,(#5922,#5929),.PCURVE_S1.);
#5918 = LINE('',#5919,#5920);
#5919 = CARTESIAN_POINT('',(-15.10833333333,0.131666666667,
    7.851666666667));
#5920 = VECTOR('',#5921,1.);
#5921 = DIRECTION('',(-0.57735026919,-0.57735026919,-0.57735026919));
#5922 = PCURVE('',#2160,#5923);
#5923 = DEFINITIONAL_REPRESENTATION('',(#5924),#5928);
#5924 = LINE('',#5925,#5926);
#5925 = CARTESIAN_POINT('',(0.921666666667,0.651716749994));
#5926 = VECTOR('',#5927,1.);
#5927 = DIRECTION('',(-0.57735026919,0.816496580928));
#5928 = ( GEOMETRIC_REPRESENTATION_CONTEXT(2) 
PARAMETRIC_REPRESENTATION_CONTEXT() REPRESENTATION_CONTEXT('2D SPACE',''
  ) );
#5929 = PCURVE('',#2242,#5930);
#5930 = DEFINITIONAL_REPRESENTATION('',(#5931),#5935);
#5931 = LINE('',#5932,#5933);
#5932 = CARTESIAN_POINT('',(-0.921666666667,0.651716749994));
#5933 = VECTOR('',#5934,1.);
#5934 = DIRECTION('',(0.57735026919,0.816496580928));
#5935 = ( GEOMETRIC_REPRESENTATION_CONTEXT(2) 
PARAMETRIC_REPRESENTATION_CONTEXT() REPRESENTATION_CONTEXT('2D SPACE',''
  ) );
#5936 = ORIENTED_EDGE('',*,*,#5937,.F.);
#5937 = EDGE_CURVE('',#5891,#5915,#5938,.T.);
#5938 = SURFACE_CURVE('',#5939,(#5943,#5950),.PCURVE_S1.);
#5939 = LINE('',#5940,#5941);
#5940 = CARTESIAN_POINT('',(-14.845,-0.79,8.115));
#5941 = VECTOR('',#5942,1.);
#5942 = DIRECTION('',(0.,1.,0.));
#5943 = PCURVE('',#2160,#5944);
#5944 = DEFINITIONAL_REPRESENTATION('',(#5945),#5949);
#5945 = LINE('',#5946,#5947);
#5946 = CARTESIAN_POINT('',(0.,0.279307178569));
#5947 = VECTOR('',#5948,1.);
#5948 = DIRECTION('',(1.,0.));
#5949 = ( GEOMETRIC_REPRESENTATION_CONTEXT(2) 
PARAMETRIC_REPRESENTATION_CONTEXT() REPRESENTATION_CONTEXT('2D SPACE',''
  ) );
#5950 = PCURVE('',#5951,#5956);
#5951 = PLANE('',#5952);
#5952 = AXIS2_PLACEMENT_3D('',#5953,#5954,#5955);
#5953 = CARTESIAN_POINT('',(-14.845,-0.395,1.702));
#5954 = DIRECTION('',(1.,0.,0.));
#5955 = DIRECTION('',(0.,0.,1.));
#5956 = DEFINITIONAL_REPRESENTATION('',(#5957),#5961);
#5957 = LINE('',#5958,#5959);
#5958 = CARTESIAN_POINT('',(6.413,0.395));
#5959 = VECTOR('',#5960,1.);
#5960 = DIRECTION('',(0.,-1.));
#5961 = ( GEOMETRIC_REPRESENTATION_CONTEXT(2) 
PARAMETRIC_REPRESENTATION_CONTEXT() REPRESENTATION_CONTEXT('2D SPACE',''
  ) );
#5962 = ADVANCED_FACE('',(#5963),#2242,.T.);
#5963 = FACE_BOUND('',#5964,.F.);
#5964 = EDGE_LOOP('',(#5965,#5988,#5989,#5990));
#5965 = ORIENTED_EDGE('',*,*,#5966,.F.);
#5966 = EDGE_CURVE('',#2201,#5967,#5969,.T.);
#5967 = VERTEX_POINT('',#5968);
#5968 = CARTESIAN_POINT('',(-15.635,0.395,8.115));
#5969 = SURFACE_CURVE('',#5970,(#5974,#5981),.PCURVE_S1.);
#5970 = LINE('',#5971,#5972);
#5971 = CARTESIAN_POINT('',(-15.635,0.395,8.115));
#5972 = VECTOR('',#5973,1.);
#5973 = DIRECTION('',(0.57735026919,-0.57735026919,-0.57735026919));
#5974 = PCURVE('',#2242,#5975);
#5975 = DEFINITIONAL_REPRESENTATION('',(#5976),#5980);
#5976 = LINE('',#5977,#5978);
#5977 = CARTESIAN_POINT('',(-0.395,0.279307178569));
#5978 = VECTOR('',#5979,1.);
#5979 = DIRECTION('',(-0.57735026919,0.816496580928));
#5980 = ( GEOMETRIC_REPRESENTATION_CONTEXT(2) 
PARAMETRIC_REPRESENTATION_CONTEXT() REPRESENTATION_CONTEXT('2D SPACE',''
  ) );
#5981 = PCURVE('',#2216,#5982);
#5982 = DEFINITIONAL_REPRESENTATION('',(#5983),#5987);
#5983 = LINE('',#5984,#5985);
#5984 = CARTESIAN_POINT('',(1.185,0.279307178569));
#5985 = VECTOR('',#5986,1.);
#5986 = DIRECTION('',(-0.57735026919,0.816496580928));
#5987 = ( GEOMETRIC_REPRESENTATION_CONTEXT(2) 
PARAMETRIC_REPRESENTATION_CONTEXT() REPRESENTATION_CONTEXT('2D SPACE',''
  ) );
#5988 = ORIENTED_EDGE('',*,*,#2228,.T.);
#5989 = ORIENTED_EDGE('',*,*,#5914,.T.);
#5990 = ORIENTED_EDGE('',*,*,#5991,.F.);
#5991 = EDGE_CURVE('',#5967,#5915,#5992,.T.);
#5992 = SURFACE_CURVE('',#5993,(#5997,#6004),.PCURVE_S1.);
#5993 = LINE('',#5994,#5995);
#5994 = CARTESIAN_POINT('',(-16.03,0.395,8.115));
#5995 = VECTOR('',#5996,1.);
#5996 = DIRECTION('',(1.,0.,0.));
#5997 = PCURVE('',#2242,#5998);
#5998 = DEFINITIONAL_REPRESENTATION('',(#5999),#6003);
#5999 = LINE('',#6000,#6001);
#6000 = CARTESIAN_POINT('',(-0.,0.279307178569));
#6001 = VECTOR('',#6002,1.);
#6002 = DIRECTION('',(-1.,0.));
#6003 = ( GEOMETRIC_REPRESENTATION_CONTEXT(2) 
PARAMETRIC_REPRESENTATION_CONTEXT() REPRESENTATION_CONTEXT('2D SPACE',''
  ) );
#6004 = PCURVE('',#6005,#6010);
#6005 = PLANE('',#6006);
#6006 = AXIS2_PLACEMENT_3D('',#6007,#6008,#6009);
#6007 = CARTESIAN_POINT('',(-15.635,0.395,1.702));
#6008 = DIRECTION('',(0.,1.,0.));
#6009 = DIRECTION('',(0.,0.,1.));
#6010 = DEFINITIONAL_REPRESENTATION('',(#6011),#6015);
#6011 = LINE('',#6012,#6013);
#6012 = CARTESIAN_POINT('',(6.413,-0.395));
#6013 = VECTOR('',#6014,1.);
#6014 = DIRECTION('',(0.,1.));
#6015 = ( GEOMETRIC_REPRESENTATION_CONTEXT(2) 
PARAMETRIC_REPRESENTATION_CONTEXT() REPRESENTATION_CONTEXT('2D SPACE',''
  ) );
#6016 = ADVANCED_FACE('',(#6017),#2216,.F.);
#6017 = FACE_BOUND('',#6018,.F.);
#6018 = EDGE_LOOP('',(#6019,#6042,#6043,#6044));
#6019 = ORIENTED_EDGE('',*,*,#6020,.F.);
#6020 = EDGE_CURVE('',#2173,#6021,#6023,.T.);
#6021 = VERTEX_POINT('',#6022);
#6022 = CARTESIAN_POINT('',(-15.635,-0.395,8.115));
#6023 = SURFACE_CURVE('',#6024,(#6028,#6035),.PCURVE_S1.);
#6024 = LINE('',#6025,#6026);
#6025 = CARTESIAN_POINT('',(-15.89833333333,-0.658333333333,
    8.378333333333));
#6026 = VECTOR('',#6027,1.);
#6027 = DIRECTION('',(0.57735026919,0.57735026919,-0.57735026919));
#6028 = PCURVE('',#2216,#6029);
#6029 = DEFINITIONAL_REPRESENTATION('',(#6030),#6034);
#6030 = LINE('',#6031,#6032);
#6031 = CARTESIAN_POINT('',(0.131666666667,-9.310239285623E-02));
#6032 = VECTOR('',#6033,1.);
#6033 = DIRECTION('',(0.57735026919,0.816496580928));
#6034 = ( GEOMETRIC_REPRESENTATION_CONTEXT(2) 
PARAMETRIC_REPRESENTATION_CONTEXT() REPRESENTATION_CONTEXT('2D SPACE',''
  ) );
#6035 = PCURVE('',#2188,#6036);
#6036 = DEFINITIONAL_REPRESENTATION('',(#6037),#6041);
#6037 = LINE('',#6038,#6039);
#6038 = CARTESIAN_POINT('',(-0.131666666667,-9.310239285623E-02));
#6039 = VECTOR('',#6040,1.);
#6040 = DIRECTION('',(-0.57735026919,0.816496580928));
#6041 = ( GEOMETRIC_REPRESENTATION_CONTEXT(2) 
PARAMETRIC_REPRESENTATION_CONTEXT() REPRESENTATION_CONTEXT('2D SPACE',''
  ) );
#6042 = ORIENTED_EDGE('',*,*,#2200,.T.);
#6043 = ORIENTED_EDGE('',*,*,#5966,.T.);
#6044 = ORIENTED_EDGE('',*,*,#6045,.F.);
#6045 = EDGE_CURVE('',#6021,#5967,#6046,.T.);
#6046 = SURFACE_CURVE('',#6047,(#6051,#6058),.PCURVE_S1.);
#6047 = LINE('',#6048,#6049);
#6048 = CARTESIAN_POINT('',(-15.635,-0.79,8.115));
#6049 = VECTOR('',#6050,1.);
#6050 = DIRECTION('',(0.,1.,0.));
#6051 = PCURVE('',#2216,#6052);
#6052 = DEFINITIONAL_REPRESENTATION('',(#6053),#6057);
#6053 = LINE('',#6054,#6055);
#6054 = CARTESIAN_POINT('',(0.,0.279307178569));
#6055 = VECTOR('',#6056,1.);
#6056 = DIRECTION('',(1.,0.));
#6057 = ( GEOMETRIC_REPRESENTATION_CONTEXT(2) 
PARAMETRIC_REPRESENTATION_CONTEXT() REPRESENTATION_CONTEXT('2D SPACE',''
  ) );
#6058 = PCURVE('',#6059,#6064);
#6059 = PLANE('',#6060);
#6060 = AXIS2_PLACEMENT_3D('',#6061,#6062,#6063);
#6061 = CARTESIAN_POINT('',(-15.635,-0.395,1.702));
#6062 = DIRECTION('',(1.,0.,0.));
#6063 = DIRECTION('',(0.,0.,1.));
#6064 = DEFINITIONAL_REPRESENTATION('',(#6065),#6069);
#6065 = LINE('',#6066,#6067);
#6066 = CARTESIAN_POINT('',(6.413,0.395));
#6067 = VECTOR('',#6068,1.);
#6068 = DIRECTION('',(0.,-1.));
#6069 = ( GEOMETRIC_REPRESENTATION_CONTEXT(2) 
PARAMETRIC_REPRESENTATION_CONTEXT() REPRESENTATION_CONTEXT('2D SPACE',''
  ) );
#6070 = ADVANCED_FACE('',(#6071),#2188,.F.);
#6071 = FACE_BOUND('',#6072,.T.);
#6072 = EDGE_LOOP('',(#6073,#6074,#6075,#6076));
#6073 = ORIENTED_EDGE('',*,*,#6020,.F.);
#6074 = ORIENTED_EDGE('',*,*,#2172,.T.);
#6075 = ORIENTED_EDGE('',*,*,#5890,.T.);
#6076 = ORIENTED_EDGE('',*,*,#6077,.F.);
#6077 = EDGE_CURVE('',#6021,#5891,#6078,.T.);
#6078 = SURFACE_CURVE('',#6079,(#6083,#6090),.PCURVE_S1.);
#6079 = LINE('',#6080,#6081);
#6080 = CARTESIAN_POINT('',(-16.03,-0.395,8.115));
#6081 = VECTOR('',#6082,1.);
#6082 = DIRECTION('',(1.,0.,0.));
#6083 = PCURVE('',#2188,#6084);
#6084 = DEFINITIONAL_REPRESENTATION('',(#6085),#6089);
#6085 = LINE('',#6086,#6087);
#6086 = CARTESIAN_POINT('',(-0.,0.279307178569));
#6087 = VECTOR('',#6088,1.);
#6088 = DIRECTION('',(-1.,0.));
#6089 = ( GEOMETRIC_REPRESENTATION_CONTEXT(2) 
PARAMETRIC_REPRESENTATION_CONTEXT() REPRESENTATION_CONTEXT('2D SPACE',''
  ) );
#6090 = PCURVE('',#6091,#6096);
#6091 = PLANE('',#6092);
#6092 = AXIS2_PLACEMENT_3D('',#6093,#6094,#6095);
#6093 = CARTESIAN_POINT('',(-15.635,-0.395,1.702));
#6094 = DIRECTION('',(0.,1.,0.));
#6095 = DIRECTION('',(0.,0.,1.));
#6096 = DEFINITIONAL_REPRESENTATION('',(#6097),#6101);
#6097 = LINE('',#6098,#6099);
#6098 = CARTESIAN_POINT('',(6.413,-0.395));
#6099 = VECTOR('',#6100,1.);
#6100 = DIRECTION('',(0.,1.));
#6101 = ( GEOMETRIC_REPRESENTATION_CONTEXT(2) 
PARAMETRIC_REPRESENTATION_CONTEXT() REPRESENTATION_CONTEXT('2D SPACE',''
  ) );
#6102 = ADVANCED_FACE('',(#6103),#2274,.F.);
#6103 = FACE_BOUND('',#6104,.T.);
#6104 = EDGE_LOOP('',(#6105,#6128,#6129,#6152));
#6105 = ORIENTED_EDGE('',*,*,#6106,.F.);
#6106 = EDGE_CURVE('',#2257,#6107,#6109,.T.);
#6107 = VERTEX_POINT('',#6108);
#6108 = CARTESIAN_POINT('',(-18.175,-0.395,8.115));
#6109 = SURFACE_CURVE('',#6110,(#6114,#6121),.PCURVE_S1.);
#6110 = LINE('',#6111,#6112);
#6111 = CARTESIAN_POINT('',(-18.43833333333,-0.658333333333,
    8.378333333333));
#6112 = VECTOR('',#6113,1.);
#6113 = DIRECTION('',(0.57735026919,0.57735026919,-0.57735026919));
#6114 = PCURVE('',#2274,#6115);
#6115 = DEFINITIONAL_REPRESENTATION('',(#6116),#6120);
#6116 = LINE('',#6117,#6118);
#6117 = CARTESIAN_POINT('',(-0.131666666667,-9.310239285623E-02));
#6118 = VECTOR('',#6119,1.);
#6119 = DIRECTION('',(-0.57735026919,0.816496580928));
#6120 = ( GEOMETRIC_REPRESENTATION_CONTEXT(2) 
PARAMETRIC_REPRESENTATION_CONTEXT() REPRESENTATION_CONTEXT('2D SPACE',''
  ) );
#6121 = PCURVE('',#2302,#6122);
#6122 = DEFINITIONAL_REPRESENTATION('',(#6123),#6127);
#6123 = LINE('',#6124,#6125);
#6124 = CARTESIAN_POINT('',(0.131666666667,-9.310239285623E-02));
#6125 = VECTOR('',#6126,1.);
#6126 = DIRECTION('',(0.57735026919,0.816496580928));
#6127 = ( GEOMETRIC_REPRESENTATION_CONTEXT(2) 
PARAMETRIC_REPRESENTATION_CONTEXT() REPRESENTATION_CONTEXT('2D SPACE',''
  ) );
#6128 = ORIENTED_EDGE('',*,*,#2256,.T.);
#6129 = ORIENTED_EDGE('',*,*,#6130,.T.);
#6130 = EDGE_CURVE('',#2259,#6131,#6133,.T.);
#6131 = VERTEX_POINT('',#6132);
#6132 = CARTESIAN_POINT('',(-17.385,-0.395,8.115));
#6133 = SURFACE_CURVE('',#6134,(#6138,#6145),.PCURVE_S1.);
#6134 = LINE('',#6135,#6136);
#6135 = CARTESIAN_POINT('',(-17.385,-0.395,8.115));
#6136 = VECTOR('',#6137,1.);
#6137 = DIRECTION('',(-0.57735026919,0.57735026919,-0.57735026919));
#6138 = PCURVE('',#2274,#6139);
#6139 = DEFINITIONAL_REPRESENTATION('',(#6140),#6144);
#6140 = LINE('',#6141,#6142);
#6141 = CARTESIAN_POINT('',(-1.185,0.279307178569));
#6142 = VECTOR('',#6143,1.);
#6143 = DIRECTION('',(0.57735026919,0.816496580928));
#6144 = ( GEOMETRIC_REPRESENTATION_CONTEXT(2) 
PARAMETRIC_REPRESENTATION_CONTEXT() REPRESENTATION_CONTEXT('2D SPACE',''
  ) );
#6145 = PCURVE('',#2356,#6146);
#6146 = DEFINITIONAL_REPRESENTATION('',(#6147),#6151);
#6147 = LINE('',#6148,#6149);
#6148 = CARTESIAN_POINT('',(0.395,0.279307178569));
#6149 = VECTOR('',#6150,1.);
#6150 = DIRECTION('',(0.57735026919,0.816496580928));
#6151 = ( GEOMETRIC_REPRESENTATION_CONTEXT(2) 
PARAMETRIC_REPRESENTATION_CONTEXT() REPRESENTATION_CONTEXT('2D SPACE',''
  ) );
#6152 = ORIENTED_EDGE('',*,*,#6153,.F.);
#6153 = EDGE_CURVE('',#6107,#6131,#6154,.T.);
#6154 = SURFACE_CURVE('',#6155,(#6159,#6166),.PCURVE_S1.);
#6155 = LINE('',#6156,#6157);
#6156 = CARTESIAN_POINT('',(-18.57,-0.395,8.115));
#6157 = VECTOR('',#6158,1.);
#6158 = DIRECTION('',(1.,0.,0.));
#6159 = PCURVE('',#2274,#6160);
#6160 = DEFINITIONAL_REPRESENTATION('',(#6161),#6165);
#6161 = LINE('',#6162,#6163);
#6162 = CARTESIAN_POINT('',(-0.,0.279307178569));
#6163 = VECTOR('',#6164,1.);
#6164 = DIRECTION('',(-1.,0.));
#6165 = ( GEOMETRIC_REPRESENTATION_CONTEXT(2) 
PARAMETRIC_REPRESENTATION_CONTEXT() REPRESENTATION_CONTEXT('2D SPACE',''
  ) );
#6166 = PCURVE('',#6167,#6172);
#6167 = PLANE('',#6168);
#6168 = AXIS2_PLACEMENT_3D('',#6169,#6170,#6171);
#6169 = CARTESIAN_POINT('',(-18.175,-0.395,1.702));
#6170 = DIRECTION('',(0.,1.,0.));
#6171 = DIRECTION('',(0.,0.,1.));
#6172 = DEFINITIONAL_REPRESENTATION('',(#6173),#6177);
#6173 = LINE('',#6174,#6175);
#6174 = CARTESIAN_POINT('',(6.413,-0.395));
#6175 = VECTOR('',#6176,1.);
#6176 = DIRECTION('',(0.,1.));
#6177 = ( GEOMETRIC_REPRESENTATION_CONTEXT(2) 
PARAMETRIC_REPRESENTATION_CONTEXT() REPRESENTATION_CONTEXT('2D SPACE',''
  ) );
#6178 = ADVANCED_FACE('',(#6179),#2356,.T.);
#6179 = FACE_BOUND('',#6180,.T.);
#6180 = EDGE_LOOP('',(#6181,#6182,#6183,#6206));
#6181 = ORIENTED_EDGE('',*,*,#6130,.F.);
#6182 = ORIENTED_EDGE('',*,*,#2342,.T.);
#6183 = ORIENTED_EDGE('',*,*,#6184,.T.);
#6184 = EDGE_CURVE('',#2315,#6185,#6187,.T.);
#6185 = VERTEX_POINT('',#6186);
#6186 = CARTESIAN_POINT('',(-17.385,0.395,8.115));
#6187 = SURFACE_CURVE('',#6188,(#6192,#6199),.PCURVE_S1.);
#6188 = LINE('',#6189,#6190);
#6189 = CARTESIAN_POINT('',(-17.64833333333,0.131666666667,
    7.851666666667));
#6190 = VECTOR('',#6191,1.);
#6191 = DIRECTION('',(-0.57735026919,-0.57735026919,-0.57735026919));
#6192 = PCURVE('',#2356,#6193);
#6193 = DEFINITIONAL_REPRESENTATION('',(#6194),#6198);
#6194 = LINE('',#6195,#6196);
#6195 = CARTESIAN_POINT('',(0.921666666667,0.651716749994));
#6196 = VECTOR('',#6197,1.);
#6197 = DIRECTION('',(-0.57735026919,0.816496580928));
#6198 = ( GEOMETRIC_REPRESENTATION_CONTEXT(2) 
PARAMETRIC_REPRESENTATION_CONTEXT() REPRESENTATION_CONTEXT('2D SPACE',''
  ) );
#6199 = PCURVE('',#2330,#6200);
#6200 = DEFINITIONAL_REPRESENTATION('',(#6201),#6205);
#6201 = LINE('',#6202,#6203);
#6202 = CARTESIAN_POINT('',(-0.921666666667,0.651716749994));
#6203 = VECTOR('',#6204,1.);
#6204 = DIRECTION('',(0.57735026919,0.816496580928));
#6205 = ( GEOMETRIC_REPRESENTATION_CONTEXT(2) 
PARAMETRIC_REPRESENTATION_CONTEXT() REPRESENTATION_CONTEXT('2D SPACE',''
  ) );
#6206 = ORIENTED_EDGE('',*,*,#6207,.F.);
#6207 = EDGE_CURVE('',#6131,#6185,#6208,.T.);
#6208 = SURFACE_CURVE('',#6209,(#6213,#6220),.PCURVE_S1.);
#6209 = LINE('',#6210,#6211);
#6210 = CARTESIAN_POINT('',(-17.385,-0.79,8.115));
#6211 = VECTOR('',#6212,1.);
#6212 = DIRECTION('',(0.,1.,0.));
#6213 = PCURVE('',#2356,#6214);
#6214 = DEFINITIONAL_REPRESENTATION('',(#6215),#6219);
#6215 = LINE('',#6216,#6217);
#6216 = CARTESIAN_POINT('',(0.,0.279307178569));
#6217 = VECTOR('',#6218,1.);
#6218 = DIRECTION('',(1.,0.));
#6219 = ( GEOMETRIC_REPRESENTATION_CONTEXT(2) 
PARAMETRIC_REPRESENTATION_CONTEXT() REPRESENTATION_CONTEXT('2D SPACE',''
  ) );
#6220 = PCURVE('',#6221,#6226);
#6221 = PLANE('',#6222);
#6222 = AXIS2_PLACEMENT_3D('',#6223,#6224,#6225);
#6223 = CARTESIAN_POINT('',(-17.385,-0.395,1.702));
#6224 = DIRECTION('',(1.,0.,0.));
#6225 = DIRECTION('',(0.,0.,1.));
#6226 = DEFINITIONAL_REPRESENTATION('',(#6227),#6231);
#6227 = LINE('',#6228,#6229);
#6228 = CARTESIAN_POINT('',(6.413,0.395));
#6229 = VECTOR('',#6230,1.);
#6230 = DIRECTION('',(0.,-1.));
#6231 = ( GEOMETRIC_REPRESENTATION_CONTEXT(2) 
PARAMETRIC_REPRESENTATION_CONTEXT() REPRESENTATION_CONTEXT('2D SPACE',''
  ) );
#6232 = ADVANCED_FACE('',(#6233),#2330,.T.);
#6233 = FACE_BOUND('',#6234,.F.);
#6234 = EDGE_LOOP('',(#6235,#6258,#6259,#6260));
#6235 = ORIENTED_EDGE('',*,*,#6236,.F.);
#6236 = EDGE_CURVE('',#2287,#6237,#6239,.T.);
#6237 = VERTEX_POINT('',#6238);
#6238 = CARTESIAN_POINT('',(-18.175,0.395,8.115));
#6239 = SURFACE_CURVE('',#6240,(#6244,#6251),.PCURVE_S1.);
#6240 = LINE('',#6241,#6242);
#6241 = CARTESIAN_POINT('',(-18.175,0.395,8.115));
#6242 = VECTOR('',#6243,1.);
#6243 = DIRECTION('',(0.57735026919,-0.57735026919,-0.57735026919));
#6244 = PCURVE('',#2330,#6245);
#6245 = DEFINITIONAL_REPRESENTATION('',(#6246),#6250);
#6246 = LINE('',#6247,#6248);
#6247 = CARTESIAN_POINT('',(-0.395,0.279307178569));
#6248 = VECTOR('',#6249,1.);
#6249 = DIRECTION('',(-0.57735026919,0.816496580928));
#6250 = ( GEOMETRIC_REPRESENTATION_CONTEXT(2) 
PARAMETRIC_REPRESENTATION_CONTEXT() REPRESENTATION_CONTEXT('2D SPACE',''
  ) );
#6251 = PCURVE('',#2302,#6252);
#6252 = DEFINITIONAL_REPRESENTATION('',(#6253),#6257);
#6253 = LINE('',#6254,#6255);
#6254 = CARTESIAN_POINT('',(1.185,0.279307178569));
#6255 = VECTOR('',#6256,1.);
#6256 = DIRECTION('',(-0.57735026919,0.816496580928));
#6257 = ( GEOMETRIC_REPRESENTATION_CONTEXT(2) 
PARAMETRIC_REPRESENTATION_CONTEXT() REPRESENTATION_CONTEXT('2D SPACE',''
  ) );
#6258 = ORIENTED_EDGE('',*,*,#2314,.T.);
#6259 = ORIENTED_EDGE('',*,*,#6184,.T.);
#6260 = ORIENTED_EDGE('',*,*,#6261,.F.);
#6261 = EDGE_CURVE('',#6237,#6185,#6262,.T.);
#6262 = SURFACE_CURVE('',#6263,(#6267,#6274),.PCURVE_S1.);
#6263 = LINE('',#6264,#6265);
#6264 = CARTESIAN_POINT('',(-18.57,0.395,8.115));
#6265 = VECTOR('',#6266,1.);
#6266 = DIRECTION('',(1.,0.,0.));
#6267 = PCURVE('',#2330,#6268);
#6268 = DEFINITIONAL_REPRESENTATION('',(#6269),#6273);
#6269 = LINE('',#6270,#6271);
#6270 = CARTESIAN_POINT('',(-0.,0.279307178569));
#6271 = VECTOR('',#6272,1.);
#6272 = DIRECTION('',(-1.,0.));
#6273 = ( GEOMETRIC_REPRESENTATION_CONTEXT(2) 
PARAMETRIC_REPRESENTATION_CONTEXT() REPRESENTATION_CONTEXT('2D SPACE',''
  ) );
#6274 = PCURVE('',#6275,#6280);
#6275 = PLANE('',#6276);
#6276 = AXIS2_PLACEMENT_3D('',#6277,#6278,#6279);
#6277 = CARTESIAN_POINT('',(-18.175,0.395,1.702));
#6278 = DIRECTION('',(0.,1.,0.));
#6279 = DIRECTION('',(0.,0.,1.));
#6280 = DEFINITIONAL_REPRESENTATION('',(#6281),#6285);
#6281 = LINE('',#6282,#6283);
#6282 = CARTESIAN_POINT('',(6.413,-0.395));
#6283 = VECTOR('',#6284,1.);
#6284 = DIRECTION('',(0.,1.));
#6285 = ( GEOMETRIC_REPRESENTATION_CONTEXT(2) 
PARAMETRIC_REPRESENTATION_CONTEXT() REPRESENTATION_CONTEXT('2D SPACE',''
  ) );
#6286 = ADVANCED_FACE('',(#6287),#2302,.F.);
#6287 = FACE_BOUND('',#6288,.F.);
#6288 = EDGE_LOOP('',(#6289,#6290,#6291,#6292));
#6289 = ORIENTED_EDGE('',*,*,#6106,.F.);
#6290 = ORIENTED_EDGE('',*,*,#2286,.T.);
#6291 = ORIENTED_EDGE('',*,*,#6236,.T.);
#6292 = ORIENTED_EDGE('',*,*,#6293,.F.);
#6293 = EDGE_CURVE('',#6107,#6237,#6294,.T.);
#6294 = SURFACE_CURVE('',#6295,(#6299,#6306),.PCURVE_S1.);
#6295 = LINE('',#6296,#6297);
#6296 = CARTESIAN_POINT('',(-18.175,-0.79,8.115));
#6297 = VECTOR('',#6298,1.);
#6298 = DIRECTION('',(0.,1.,0.));
#6299 = PCURVE('',#2302,#6300);
#6300 = DEFINITIONAL_REPRESENTATION('',(#6301),#6305);
#6301 = LINE('',#6302,#6303);
#6302 = CARTESIAN_POINT('',(0.,0.279307178569));
#6303 = VECTOR('',#6304,1.);
#6304 = DIRECTION('',(1.,0.));
#6305 = ( GEOMETRIC_REPRESENTATION_CONTEXT(2) 
PARAMETRIC_REPRESENTATION_CONTEXT() REPRESENTATION_CONTEXT('2D SPACE',''
  ) );
#6306 = PCURVE('',#6307,#6312);
#6307 = PLANE('',#6308);
#6308 = AXIS2_PLACEMENT_3D('',#6309,#6310,#6311);
#6309 = CARTESIAN_POINT('',(-18.175,-0.395,1.702));
#6310 = DIRECTION('',(1.,0.,0.));
#6311 = DIRECTION('',(0.,0.,1.));
#6312 = DEFINITIONAL_REPRESENTATION('',(#6313),#6317);
#6313 = LINE('',#6314,#6315);
#6314 = CARTESIAN_POINT('',(6.413,0.395));
#6315 = VECTOR('',#6316,1.);
#6316 = DIRECTION('',(0.,-1.));
#6317 = ( GEOMETRIC_REPRESENTATION_CONTEXT(2) 
PARAMETRIC_REPRESENTATION_CONTEXT() REPRESENTATION_CONTEXT('2D SPACE',''
  ) );
#6318 = ADVANCED_FACE('',(#6319),#2388,.T.);
#6319 = FACE_BOUND('',#6320,.T.);
#6320 = EDGE_LOOP('',(#6321,#6344,#6345,#6368));
#6321 = ORIENTED_EDGE('',*,*,#6322,.F.);
#6322 = EDGE_CURVE('',#2371,#6323,#6325,.T.);
#6323 = VERTEX_POINT('',#6324);
#6324 = CARTESIAN_POINT('',(-19.925,-0.395,8.115));
#6325 = SURFACE_CURVE('',#6326,(#6330,#6337),.PCURVE_S1.);
#6326 = LINE('',#6327,#6328);
#6327 = CARTESIAN_POINT('',(-19.925,-0.395,8.115));
#6328 = VECTOR('',#6329,1.);
#6329 = DIRECTION('',(-0.57735026919,0.57735026919,-0.57735026919));
#6330 = PCURVE('',#2388,#6331);
#6331 = DEFINITIONAL_REPRESENTATION('',(#6332),#6336);
#6332 = LINE('',#6333,#6334);
#6333 = CARTESIAN_POINT('',(0.395,0.279307178569));
#6334 = VECTOR('',#6335,1.);
#6335 = DIRECTION('',(0.57735026919,0.816496580928));
#6336 = ( GEOMETRIC_REPRESENTATION_CONTEXT(2) 
PARAMETRIC_REPRESENTATION_CONTEXT() REPRESENTATION_CONTEXT('2D SPACE',''
  ) );
#6337 = PCURVE('',#2416,#6338);
#6338 = DEFINITIONAL_REPRESENTATION('',(#6339),#6343);
#6339 = LINE('',#6340,#6341);
#6340 = CARTESIAN_POINT('',(-1.185,0.279307178569));
#6341 = VECTOR('',#6342,1.);
#6342 = DIRECTION('',(0.57735026919,0.816496580928));
#6343 = ( GEOMETRIC_REPRESENTATION_CONTEXT(2) 
PARAMETRIC_REPRESENTATION_CONTEXT() REPRESENTATION_CONTEXT('2D SPACE',''
  ) );
#6344 = ORIENTED_EDGE('',*,*,#2370,.T.);
#6345 = ORIENTED_EDGE('',*,*,#6346,.T.);
#6346 = EDGE_CURVE('',#2373,#6347,#6349,.T.);
#6347 = VERTEX_POINT('',#6348);
#6348 = CARTESIAN_POINT('',(-19.925,0.395,8.115));
#6349 = SURFACE_CURVE('',#6350,(#6354,#6361),.PCURVE_S1.);
#6350 = LINE('',#6351,#6352);
#6351 = CARTESIAN_POINT('',(-20.18833333333,0.131666666667,
    7.851666666667));
#6352 = VECTOR('',#6353,1.);
#6353 = DIRECTION('',(-0.57735026919,-0.57735026919,-0.57735026919));
#6354 = PCURVE('',#2388,#6355);
#6355 = DEFINITIONAL_REPRESENTATION('',(#6356),#6360);
#6356 = LINE('',#6357,#6358);
#6357 = CARTESIAN_POINT('',(0.921666666667,0.651716749994));
#6358 = VECTOR('',#6359,1.);
#6359 = DIRECTION('',(-0.57735026919,0.816496580928));
#6360 = ( GEOMETRIC_REPRESENTATION_CONTEXT(2) 
PARAMETRIC_REPRESENTATION_CONTEXT() REPRESENTATION_CONTEXT('2D SPACE',''
  ) );
#6361 = PCURVE('',#2470,#6362);
#6362 = DEFINITIONAL_REPRESENTATION('',(#6363),#6367);
#6363 = LINE('',#6364,#6365);
#6364 = CARTESIAN_POINT('',(-0.921666666667,0.651716749994));
#6365 = VECTOR('',#6366,1.);
#6366 = DIRECTION('',(0.57735026919,0.816496580928));
#6367 = ( GEOMETRIC_REPRESENTATION_CONTEXT(2) 
PARAMETRIC_REPRESENTATION_CONTEXT() REPRESENTATION_CONTEXT('2D SPACE',''
  ) );
#6368 = ORIENTED_EDGE('',*,*,#6369,.F.);
#6369 = EDGE_CURVE('',#6323,#6347,#6370,.T.);
#6370 = SURFACE_CURVE('',#6371,(#6375,#6382),.PCURVE_S1.);
#6371 = LINE('',#6372,#6373);
#6372 = CARTESIAN_POINT('',(-19.925,-0.79,8.115));
#6373 = VECTOR('',#6374,1.);
#6374 = DIRECTION('',(0.,1.,0.));
#6375 = PCURVE('',#2388,#6376);
#6376 = DEFINITIONAL_REPRESENTATION('',(#6377),#6381);
#6377 = LINE('',#6378,#6379);
#6378 = CARTESIAN_POINT('',(0.,0.279307178569));
#6379 = VECTOR('',#6380,1.);
#6380 = DIRECTION('',(1.,0.));
#6381 = ( GEOMETRIC_REPRESENTATION_CONTEXT(2) 
PARAMETRIC_REPRESENTATION_CONTEXT() REPRESENTATION_CONTEXT('2D SPACE',''
  ) );
#6382 = PCURVE('',#6383,#6388);
#6383 = PLANE('',#6384);
#6384 = AXIS2_PLACEMENT_3D('',#6385,#6386,#6387);
#6385 = CARTESIAN_POINT('',(-19.925,-0.395,1.702));
#6386 = DIRECTION('',(1.,0.,0.));
#6387 = DIRECTION('',(0.,0.,1.));
#6388 = DEFINITIONAL_REPRESENTATION('',(#6389),#6393);
#6389 = LINE('',#6390,#6391);
#6390 = CARTESIAN_POINT('',(6.413,0.395));
#6391 = VECTOR('',#6392,1.);
#6392 = DIRECTION('',(0.,-1.));
#6393 = ( GEOMETRIC_REPRESENTATION_CONTEXT(2) 
PARAMETRIC_REPRESENTATION_CONTEXT() REPRESENTATION_CONTEXT('2D SPACE',''
  ) );
#6394 = ADVANCED_FACE('',(#6395),#2470,.T.);
#6395 = FACE_BOUND('',#6396,.F.);
#6396 = EDGE_LOOP('',(#6397,#6420,#6421,#6422));
#6397 = ORIENTED_EDGE('',*,*,#6398,.F.);
#6398 = EDGE_CURVE('',#2429,#6399,#6401,.T.);
#6399 = VERTEX_POINT('',#6400);
#6400 = CARTESIAN_POINT('',(-20.715,0.395,8.115));
#6401 = SURFACE_CURVE('',#6402,(#6406,#6413),.PCURVE_S1.);
#6402 = LINE('',#6403,#6404);
#6403 = CARTESIAN_POINT('',(-20.715,0.395,8.115));
#6404 = VECTOR('',#6405,1.);
#6405 = DIRECTION('',(0.57735026919,-0.57735026919,-0.57735026919));
#6406 = PCURVE('',#2470,#6407);
#6407 = DEFINITIONAL_REPRESENTATION('',(#6408),#6412);
#6408 = LINE('',#6409,#6410);
#6409 = CARTESIAN_POINT('',(-0.395,0.279307178569));
#6410 = VECTOR('',#6411,1.);
#6411 = DIRECTION('',(-0.57735026919,0.816496580928));
#6412 = ( GEOMETRIC_REPRESENTATION_CONTEXT(2) 
PARAMETRIC_REPRESENTATION_CONTEXT() REPRESENTATION_CONTEXT('2D SPACE',''
  ) );
#6413 = PCURVE('',#2444,#6414);
#6414 = DEFINITIONAL_REPRESENTATION('',(#6415),#6419);
#6415 = LINE('',#6416,#6417);
#6416 = CARTESIAN_POINT('',(1.185,0.279307178569));
#6417 = VECTOR('',#6418,1.);
#6418 = DIRECTION('',(-0.57735026919,0.816496580928));
#6419 = ( GEOMETRIC_REPRESENTATION_CONTEXT(2) 
PARAMETRIC_REPRESENTATION_CONTEXT() REPRESENTATION_CONTEXT('2D SPACE',''
  ) );
#6420 = ORIENTED_EDGE('',*,*,#2456,.T.);
#6421 = ORIENTED_EDGE('',*,*,#6346,.T.);
#6422 = ORIENTED_EDGE('',*,*,#6423,.F.);
#6423 = EDGE_CURVE('',#6399,#6347,#6424,.T.);
#6424 = SURFACE_CURVE('',#6425,(#6429,#6436),.PCURVE_S1.);
#6425 = LINE('',#6426,#6427);
#6426 = CARTESIAN_POINT('',(-21.11,0.395,8.115));
#6427 = VECTOR('',#6428,1.);
#6428 = DIRECTION('',(1.,0.,0.));
#6429 = PCURVE('',#2470,#6430);
#6430 = DEFINITIONAL_REPRESENTATION('',(#6431),#6435);
#6431 = LINE('',#6432,#6433);
#6432 = CARTESIAN_POINT('',(-0.,0.279307178569));
#6433 = VECTOR('',#6434,1.);
#6434 = DIRECTION('',(-1.,0.));
#6435 = ( GEOMETRIC_REPRESENTATION_CONTEXT(2) 
PARAMETRIC_REPRESENTATION_CONTEXT() REPRESENTATION_CONTEXT('2D SPACE',''
  ) );
#6436 = PCURVE('',#6437,#6442);
#6437 = PLANE('',#6438);
#6438 = AXIS2_PLACEMENT_3D('',#6439,#6440,#6441);
#6439 = CARTESIAN_POINT('',(-20.715,0.395,1.702));
#6440 = DIRECTION('',(0.,1.,0.));
#6441 = DIRECTION('',(0.,0.,1.));
#6442 = DEFINITIONAL_REPRESENTATION('',(#6443),#6447);
#6443 = LINE('',#6444,#6445);
#6444 = CARTESIAN_POINT('',(6.413,-0.395));
#6445 = VECTOR('',#6446,1.);
#6446 = DIRECTION('',(0.,1.));
#6447 = ( GEOMETRIC_REPRESENTATION_CONTEXT(2) 
PARAMETRIC_REPRESENTATION_CONTEXT() REPRESENTATION_CONTEXT('2D SPACE',''
  ) );
#6448 = ADVANCED_FACE('',(#6449),#2444,.F.);
#6449 = FACE_BOUND('',#6450,.F.);
#6450 = EDGE_LOOP('',(#6451,#6474,#6475,#6476));
#6451 = ORIENTED_EDGE('',*,*,#6452,.F.);
#6452 = EDGE_CURVE('',#2401,#6453,#6455,.T.);
#6453 = VERTEX_POINT('',#6454);
#6454 = CARTESIAN_POINT('',(-20.715,-0.395,8.115));
#6455 = SURFACE_CURVE('',#6456,(#6460,#6467),.PCURVE_S1.);
#6456 = LINE('',#6457,#6458);
#6457 = CARTESIAN_POINT('',(-20.97833333333,-0.658333333333,
    8.378333333333));
#6458 = VECTOR('',#6459,1.);
#6459 = DIRECTION('',(0.57735026919,0.57735026919,-0.57735026919));
#6460 = PCURVE('',#2444,#6461);
#6461 = DEFINITIONAL_REPRESENTATION('',(#6462),#6466);
#6462 = LINE('',#6463,#6464);
#6463 = CARTESIAN_POINT('',(0.131666666667,-9.310239285623E-02));
#6464 = VECTOR('',#6465,1.);
#6465 = DIRECTION('',(0.57735026919,0.816496580928));
#6466 = ( GEOMETRIC_REPRESENTATION_CONTEXT(2) 
PARAMETRIC_REPRESENTATION_CONTEXT() REPRESENTATION_CONTEXT('2D SPACE',''
  ) );
#6467 = PCURVE('',#2416,#6468);
#6468 = DEFINITIONAL_REPRESENTATION('',(#6469),#6473);
#6469 = LINE('',#6470,#6471);
#6470 = CARTESIAN_POINT('',(-0.131666666667,-9.310239285623E-02));
#6471 = VECTOR('',#6472,1.);
#6472 = DIRECTION('',(-0.57735026919,0.816496580928));
#6473 = ( GEOMETRIC_REPRESENTATION_CONTEXT(2) 
PARAMETRIC_REPRESENTATION_CONTEXT() REPRESENTATION_CONTEXT('2D SPACE',''
  ) );
#6474 = ORIENTED_EDGE('',*,*,#2428,.T.);
#6475 = ORIENTED_EDGE('',*,*,#6398,.T.);
#6476 = ORIENTED_EDGE('',*,*,#6477,.F.);
#6477 = EDGE_CURVE('',#6453,#6399,#6478,.T.);
#6478 = SURFACE_CURVE('',#6479,(#6483,#6490),.PCURVE_S1.);
#6479 = LINE('',#6480,#6481);
#6480 = CARTESIAN_POINT('',(-20.715,-0.79,8.115));
#6481 = VECTOR('',#6482,1.);
#6482 = DIRECTION('',(0.,1.,0.));
#6483 = PCURVE('',#2444,#6484);
#6484 = DEFINITIONAL_REPRESENTATION('',(#6485),#6489);
#6485 = LINE('',#6486,#6487);
#6486 = CARTESIAN_POINT('',(0.,0.279307178569));
#6487 = VECTOR('',#6488,1.);
#6488 = DIRECTION('',(1.,0.));
#6489 = ( GEOMETRIC_REPRESENTATION_CONTEXT(2) 
PARAMETRIC_REPRESENTATION_CONTEXT() REPRESENTATION_CONTEXT('2D SPACE',''
  ) );
#6490 = PCURVE('',#6491,#6496);
#6491 = PLANE('',#6492);
#6492 = AXIS2_PLACEMENT_3D('',#6493,#6494,#6495);
#6493 = CARTESIAN_POINT('',(-20.715,-0.395,1.702));
#6494 = DIRECTION('',(1.,0.,0.));
#6495 = DIRECTION('',(0.,0.,1.));
#6496 = DEFINITIONAL_REPRESENTATION('',(#6497),#6501);
#6497 = LINE('',#6498,#6499);
#6498 = CARTESIAN_POINT('',(6.413,0.395));
#6499 = VECTOR('',#6500,1.);
#6500 = DIRECTION('',(0.,-1.));
#6501 = ( GEOMETRIC_REPRESENTATION_CONTEXT(2) 
PARAMETRIC_REPRESENTATION_CONTEXT() REPRESENTATION_CONTEXT('2D SPACE',''
  ) );
#6502 = ADVANCED_FACE('',(#6503),#2416,.F.);
#6503 = FACE_BOUND('',#6504,.T.);
#6504 = EDGE_LOOP('',(#6505,#6506,#6507,#6508));
#6505 = ORIENTED_EDGE('',*,*,#6452,.F.);
#6506 = ORIENTED_EDGE('',*,*,#2400,.T.);
#6507 = ORIENTED_EDGE('',*,*,#6322,.T.);
#6508 = ORIENTED_EDGE('',*,*,#6509,.F.);
#6509 = EDGE_CURVE('',#6453,#6323,#6510,.T.);
#6510 = SURFACE_CURVE('',#6511,(#6515,#6522),.PCURVE_S1.);
#6511 = LINE('',#6512,#6513);
#6512 = CARTESIAN_POINT('',(-21.11,-0.395,8.115));
#6513 = VECTOR('',#6514,1.);
#6514 = DIRECTION('',(1.,0.,0.));
#6515 = PCURVE('',#2416,#6516);
#6516 = DEFINITIONAL_REPRESENTATION('',(#6517),#6521);
#6517 = LINE('',#6518,#6519);
#6518 = CARTESIAN_POINT('',(-0.,0.279307178569));
#6519 = VECTOR('',#6520,1.);
#6520 = DIRECTION('',(-1.,0.));
#6521 = ( GEOMETRIC_REPRESENTATION_CONTEXT(2) 
PARAMETRIC_REPRESENTATION_CONTEXT() REPRESENTATION_CONTEXT('2D SPACE',''
  ) );
#6522 = PCURVE('',#6523,#6528);
#6523 = PLANE('',#6524);
#6524 = AXIS2_PLACEMENT_3D('',#6525,#6526,#6527);
#6525 = CARTESIAN_POINT('',(-20.715,-0.395,1.702));
#6526 = DIRECTION('',(0.,1.,0.));
#6527 = DIRECTION('',(0.,0.,1.));
#6528 = DEFINITIONAL_REPRESENTATION('',(#6529),#6533);
#6529 = LINE('',#6530,#6531);
#6530 = CARTESIAN_POINT('',(6.413,-0.395));
#6531 = VECTOR('',#6532,1.);
#6532 = DIRECTION('',(0.,1.));
#6533 = ( GEOMETRIC_REPRESENTATION_CONTEXT(2) 
PARAMETRIC_REPRESENTATION_CONTEXT() REPRESENTATION_CONTEXT('2D SPACE',''
  ) );
#6534 = ADVANCED_FACE('',(#6535),#2711,.T.);
#6535 = FACE_BOUND('',#6536,.T.);
#6536 = EDGE_LOOP('',(#6537,#6560,#6588,#6609));
#6537 = ORIENTED_EDGE('',*,*,#6538,.F.);
#6538 = EDGE_CURVE('',#6539,#2675,#6541,.T.);
#6539 = VERTEX_POINT('',#6540);
#6540 = CARTESIAN_POINT('',(0.395,2.145,1.702));
#6541 = SURFACE_CURVE('',#6542,(#6546,#6553),.PCURVE_S1.);
#6542 = LINE('',#6543,#6544);
#6543 = CARTESIAN_POINT('',(0.395,2.145,1.702));
#6544 = VECTOR('',#6545,1.);
#6545 = DIRECTION('',(0.,0.,1.));
#6546 = PCURVE('',#2711,#6547);
#6547 = DEFINITIONAL_REPRESENTATION('',(#6548),#6552);
#6548 = LINE('',#6549,#6550);
#6549 = CARTESIAN_POINT('',(0.,0.79));
#6550 = VECTOR('',#6551,1.);
#6551 = DIRECTION('',(1.,0.));
#6552 = ( GEOMETRIC_REPRESENTATION_CONTEXT(2) 
PARAMETRIC_REPRESENTATION_CONTEXT() REPRESENTATION_CONTEXT('2D SPACE',''
  ) );
#6553 = PCURVE('',#2765,#6554);
#6554 = DEFINITIONAL_REPRESENTATION('',(#6555),#6559);
#6555 = LINE('',#6556,#6557);
#6556 = CARTESIAN_POINT('',(0.,0.));
#6557 = VECTOR('',#6558,1.);
#6558 = DIRECTION('',(1.,0.));
#6559 = ( GEOMETRIC_REPRESENTATION_CONTEXT(2) 
PARAMETRIC_REPRESENTATION_CONTEXT() REPRESENTATION_CONTEXT('2D SPACE',''
  ) );
#6560 = ORIENTED_EDGE('',*,*,#6561,.F.);
#6561 = EDGE_CURVE('',#6562,#6539,#6564,.T.);
#6562 = VERTEX_POINT('',#6563);
#6563 = CARTESIAN_POINT('',(-0.395,2.145,1.702));
#6564 = SURFACE_CURVE('',#6565,(#6569,#6576),.PCURVE_S1.);
#6565 = LINE('',#6566,#6567);
#6566 = CARTESIAN_POINT('',(-0.395,2.145,1.702));
#6567 = VECTOR('',#6568,1.);
#6568 = DIRECTION('',(1.,0.,0.));
#6569 = PCURVE('',#2711,#6570);
#6570 = DEFINITIONAL_REPRESENTATION('',(#6571),#6575);
#6571 = LINE('',#6572,#6573);
#6572 = CARTESIAN_POINT('',(0.,0.));
#6573 = VECTOR('',#6574,1.);
#6574 = DIRECTION('',(0.,1.));
#6575 = ( GEOMETRIC_REPRESENTATION_CONTEXT(2) 
PARAMETRIC_REPRESENTATION_CONTEXT() REPRESENTATION_CONTEXT('2D SPACE',''
  ) );
#6576 = PCURVE('',#6577,#6582);
#6577 = PLANE('',#6578);
#6578 = AXIS2_PLACEMENT_3D('',#6579,#6580,#6581);
#6579 = CARTESIAN_POINT('',(-0.395,2.145,1.702));
#6580 = DIRECTION('',(0.,0.,1.));
#6581 = DIRECTION('',(1.,0.,0.));
#6582 = DEFINITIONAL_REPRESENTATION('',(#6583),#6587);
#6583 = LINE('',#6584,#6585);
#6584 = CARTESIAN_POINT('',(0.,0.));
#6585 = VECTOR('',#6586,1.);
#6586 = DIRECTION('',(1.,0.));
#6587 = ( GEOMETRIC_REPRESENTATION_CONTEXT(2) 
PARAMETRIC_REPRESENTATION_CONTEXT() REPRESENTATION_CONTEXT('2D SPACE',''
  ) );
#6588 = ORIENTED_EDGE('',*,*,#6589,.T.);
#6589 = EDGE_CURVE('',#6562,#2651,#6590,.T.);
#6590 = SURFACE_CURVE('',#6591,(#6595,#6602),.PCURVE_S1.);
#6591 = LINE('',#6592,#6593);
#6592 = CARTESIAN_POINT('',(-0.395,2.145,1.702));
#6593 = VECTOR('',#6594,1.);
#6594 = DIRECTION('',(0.,0.,1.));
#6595 = PCURVE('',#2711,#6596);
#6596 = DEFINITIONAL_REPRESENTATION('',(#6597),#6601);
#6597 = LINE('',#6598,#6599);
#6598 = CARTESIAN_POINT('',(0.,0.));
#6599 = VECTOR('',#6600,1.);
#6600 = DIRECTION('',(1.,0.));
#6601 = ( GEOMETRIC_REPRESENTATION_CONTEXT(2) 
PARAMETRIC_REPRESENTATION_CONTEXT() REPRESENTATION_CONTEXT('2D SPACE',''
  ) );
#6602 = PCURVE('',#2851,#6603);
#6603 = DEFINITIONAL_REPRESENTATION('',(#6604),#6608);
#6604 = LINE('',#6605,#6606);
#6605 = CARTESIAN_POINT('',(0.,0.));
#6606 = VECTOR('',#6607,1.);
#6607 = DIRECTION('',(1.,0.));
#6608 = ( GEOMETRIC_REPRESENTATION_CONTEXT(2) 
PARAMETRIC_REPRESENTATION_CONTEXT() REPRESENTATION_CONTEXT('2D SPACE',''
  ) );
#6609 = ORIENTED_EDGE('',*,*,#2697,.T.);
#6610 = ADVANCED_FACE('',(#6611),#2765,.F.);
#6611 = FACE_BOUND('',#6612,.F.);
#6612 = EDGE_LOOP('',(#6613,#6614,#6637,#6658));
#6613 = ORIENTED_EDGE('',*,*,#6538,.F.);
#6614 = ORIENTED_EDGE('',*,*,#6615,.T.);
#6615 = EDGE_CURVE('',#6539,#6616,#6618,.T.);
#6616 = VERTEX_POINT('',#6617);
#6617 = CARTESIAN_POINT('',(0.395,2.935,1.702));
#6618 = SURFACE_CURVE('',#6619,(#6623,#6630),.PCURVE_S1.);
#6619 = LINE('',#6620,#6621);
#6620 = CARTESIAN_POINT('',(0.395,2.145,1.702));
#6621 = VECTOR('',#6622,1.);
#6622 = DIRECTION('',(0.,1.,0.));
#6623 = PCURVE('',#2765,#6624);
#6624 = DEFINITIONAL_REPRESENTATION('',(#6625),#6629);
#6625 = LINE('',#6626,#6627);
#6626 = CARTESIAN_POINT('',(0.,0.));
#6627 = VECTOR('',#6628,1.);
#6628 = DIRECTION('',(0.,-1.));
#6629 = ( GEOMETRIC_REPRESENTATION_CONTEXT(2) 
PARAMETRIC_REPRESENTATION_CONTEXT() REPRESENTATION_CONTEXT('2D SPACE',''
  ) );
#6630 = PCURVE('',#6577,#6631);
#6631 = DEFINITIONAL_REPRESENTATION('',(#6632),#6636);
#6632 = LINE('',#6633,#6634);
#6633 = CARTESIAN_POINT('',(0.79,0.));
#6634 = VECTOR('',#6635,1.);
#6635 = DIRECTION('',(0.,1.));
#6636 = ( GEOMETRIC_REPRESENTATION_CONTEXT(2) 
PARAMETRIC_REPRESENTATION_CONTEXT() REPRESENTATION_CONTEXT('2D SPACE',''
  ) );
#6637 = ORIENTED_EDGE('',*,*,#6638,.T.);
#6638 = EDGE_CURVE('',#6616,#2729,#6639,.T.);
#6639 = SURFACE_CURVE('',#6640,(#6644,#6651),.PCURVE_S1.);
#6640 = LINE('',#6641,#6642);
#6641 = CARTESIAN_POINT('',(0.395,2.935,1.702));
#6642 = VECTOR('',#6643,1.);
#6643 = DIRECTION('',(0.,0.,1.));
#6644 = PCURVE('',#2765,#6645);
#6645 = DEFINITIONAL_REPRESENTATION('',(#6646),#6650);
#6646 = LINE('',#6647,#6648);
#6647 = CARTESIAN_POINT('',(0.,-0.79));
#6648 = VECTOR('',#6649,1.);
#6649 = DIRECTION('',(1.,0.));
#6650 = ( GEOMETRIC_REPRESENTATION_CONTEXT(2) 
PARAMETRIC_REPRESENTATION_CONTEXT() REPRESENTATION_CONTEXT('2D SPACE',''
  ) );
#6651 = PCURVE('',#2819,#6652);
#6652 = DEFINITIONAL_REPRESENTATION('',(#6653),#6657);
#6653 = LINE('',#6654,#6655);
#6654 = CARTESIAN_POINT('',(0.,0.79));
#6655 = VECTOR('',#6656,1.);
#6656 = DIRECTION('',(1.,0.));
#6657 = ( GEOMETRIC_REPRESENTATION_CONTEXT(2) 
PARAMETRIC_REPRESENTATION_CONTEXT() REPRESENTATION_CONTEXT('2D SPACE',''
  ) );
#6658 = ORIENTED_EDGE('',*,*,#2751,.F.);
#6659 = ADVANCED_FACE('',(#6660),#2819,.F.);
#6660 = FACE_BOUND('',#6661,.F.);
#6661 = EDGE_LOOP('',(#6662,#6663,#6686,#6707));
#6662 = ORIENTED_EDGE('',*,*,#6638,.F.);
#6663 = ORIENTED_EDGE('',*,*,#6664,.F.);
#6664 = EDGE_CURVE('',#6665,#6616,#6667,.T.);
#6665 = VERTEX_POINT('',#6666);
#6666 = CARTESIAN_POINT('',(-0.395,2.935,1.702));
#6667 = SURFACE_CURVE('',#6668,(#6672,#6679),.PCURVE_S1.);
#6668 = LINE('',#6669,#6670);
#6669 = CARTESIAN_POINT('',(-0.395,2.935,1.702));
#6670 = VECTOR('',#6671,1.);
#6671 = DIRECTION('',(1.,0.,0.));
#6672 = PCURVE('',#2819,#6673);
#6673 = DEFINITIONAL_REPRESENTATION('',(#6674),#6678);
#6674 = LINE('',#6675,#6676);
#6675 = CARTESIAN_POINT('',(0.,0.));
#6676 = VECTOR('',#6677,1.);
#6677 = DIRECTION('',(0.,1.));
#6678 = ( GEOMETRIC_REPRESENTATION_CONTEXT(2) 
PARAMETRIC_REPRESENTATION_CONTEXT() REPRESENTATION_CONTEXT('2D SPACE',''
  ) );
#6679 = PCURVE('',#6577,#6680);
#6680 = DEFINITIONAL_REPRESENTATION('',(#6681),#6685);
#6681 = LINE('',#6682,#6683);
#6682 = CARTESIAN_POINT('',(0.,0.79));
#6683 = VECTOR('',#6684,1.);
#6684 = DIRECTION('',(1.,0.));
#6685 = ( GEOMETRIC_REPRESENTATION_CONTEXT(2) 
PARAMETRIC_REPRESENTATION_CONTEXT() REPRESENTATION_CONTEXT('2D SPACE',''
  ) );
#6686 = ORIENTED_EDGE('',*,*,#6687,.T.);
#6687 = EDGE_CURVE('',#6665,#2781,#6688,.T.);
#6688 = SURFACE_CURVE('',#6689,(#6693,#6700),.PCURVE_S1.);
#6689 = LINE('',#6690,#6691);
#6690 = CARTESIAN_POINT('',(-0.395,2.935,1.702));
#6691 = VECTOR('',#6692,1.);
#6692 = DIRECTION('',(0.,0.,1.));
#6693 = PCURVE('',#2819,#6694);
#6694 = DEFINITIONAL_REPRESENTATION('',(#6695),#6699);
#6695 = LINE('',#6696,#6697);
#6696 = CARTESIAN_POINT('',(0.,0.));
#6697 = VECTOR('',#6698,1.);
#6698 = DIRECTION('',(1.,0.));
#6699 = ( GEOMETRIC_REPRESENTATION_CONTEXT(2) 
PARAMETRIC_REPRESENTATION_CONTEXT() REPRESENTATION_CONTEXT('2D SPACE',''
  ) );
#6700 = PCURVE('',#2851,#6701);
#6701 = DEFINITIONAL_REPRESENTATION('',(#6702),#6706);
#6702 = LINE('',#6703,#6704);
#6703 = CARTESIAN_POINT('',(0.,-0.79));
#6704 = VECTOR('',#6705,1.);
#6705 = DIRECTION('',(1.,0.));
#6706 = ( GEOMETRIC_REPRESENTATION_CONTEXT(2) 
PARAMETRIC_REPRESENTATION_CONTEXT() REPRESENTATION_CONTEXT('2D SPACE',''
  ) );
#6707 = ORIENTED_EDGE('',*,*,#2805,.T.);
#6708 = ADVANCED_FACE('',(#6709),#2851,.T.);
#6709 = FACE_BOUND('',#6710,.T.);
#6710 = EDGE_LOOP('',(#6711,#6712,#6733,#6734));
#6711 = ORIENTED_EDGE('',*,*,#6589,.F.);
#6712 = ORIENTED_EDGE('',*,*,#6713,.T.);
#6713 = EDGE_CURVE('',#6562,#6665,#6714,.T.);
#6714 = SURFACE_CURVE('',#6715,(#6719,#6726),.PCURVE_S1.);
#6715 = LINE('',#6716,#6717);
#6716 = CARTESIAN_POINT('',(-0.395,2.145,1.702));
#6717 = VECTOR('',#6718,1.);
#6718 = DIRECTION('',(0.,1.,0.));
#6719 = PCURVE('',#2851,#6720);
#6720 = DEFINITIONAL_REPRESENTATION('',(#6721),#6725);
#6721 = LINE('',#6722,#6723);
#6722 = CARTESIAN_POINT('',(0.,0.));
#6723 = VECTOR('',#6724,1.);
#6724 = DIRECTION('',(0.,-1.));
#6725 = ( GEOMETRIC_REPRESENTATION_CONTEXT(2) 
PARAMETRIC_REPRESENTATION_CONTEXT() REPRESENTATION_CONTEXT('2D SPACE',''
  ) );
#6726 = PCURVE('',#6577,#6727);
#6727 = DEFINITIONAL_REPRESENTATION('',(#6728),#6732);
#6728 = LINE('',#6729,#6730);
#6729 = CARTESIAN_POINT('',(0.,0.));
#6730 = VECTOR('',#6731,1.);
#6731 = DIRECTION('',(0.,1.));
#6732 = ( GEOMETRIC_REPRESENTATION_CONTEXT(2) 
PARAMETRIC_REPRESENTATION_CONTEXT() REPRESENTATION_CONTEXT('2D SPACE',''
  ) );
#6733 = ORIENTED_EDGE('',*,*,#6687,.T.);
#6734 = ORIENTED_EDGE('',*,*,#2837,.F.);
#6735 = ADVANCED_FACE('',(#6736),#2927,.T.);
#6736 = FACE_BOUND('',#6737,.T.);
#6737 = EDGE_LOOP('',(#6738,#6761,#6789,#6810));
#6738 = ORIENTED_EDGE('',*,*,#6739,.F.);
#6739 = EDGE_CURVE('',#6740,#2891,#6742,.T.);
#6740 = VERTEX_POINT('',#6741);
#6741 = CARTESIAN_POINT('',(-2.145,2.145,1.702));
#6742 = SURFACE_CURVE('',#6743,(#6747,#6754),.PCURVE_S1.);
#6743 = LINE('',#6744,#6745);
#6744 = CARTESIAN_POINT('',(-2.145,2.145,1.702));
#6745 = VECTOR('',#6746,1.);
#6746 = DIRECTION('',(0.,0.,1.));
#6747 = PCURVE('',#2927,#6748);
#6748 = DEFINITIONAL_REPRESENTATION('',(#6749),#6753);
#6749 = LINE('',#6750,#6751);
#6750 = CARTESIAN_POINT('',(0.,0.79));
#6751 = VECTOR('',#6752,1.);
#6752 = DIRECTION('',(1.,0.));
#6753 = ( GEOMETRIC_REPRESENTATION_CONTEXT(2) 
PARAMETRIC_REPRESENTATION_CONTEXT() REPRESENTATION_CONTEXT('2D SPACE',''
  ) );
#6754 = PCURVE('',#2981,#6755);
#6755 = DEFINITIONAL_REPRESENTATION('',(#6756),#6760);
#6756 = LINE('',#6757,#6758);
#6757 = CARTESIAN_POINT('',(0.,0.));
#6758 = VECTOR('',#6759,1.);
#6759 = DIRECTION('',(1.,0.));
#6760 = ( GEOMETRIC_REPRESENTATION_CONTEXT(2) 
PARAMETRIC_REPRESENTATION_CONTEXT() REPRESENTATION_CONTEXT('2D SPACE',''
  ) );
#6761 = ORIENTED_EDGE('',*,*,#6762,.F.);
#6762 = EDGE_CURVE('',#6763,#6740,#6765,.T.);
#6763 = VERTEX_POINT('',#6764);
#6764 = CARTESIAN_POINT('',(-2.935,2.145,1.702));
#6765 = SURFACE_CURVE('',#6766,(#6770,#6777),.PCURVE_S1.);
#6766 = LINE('',#6767,#6768);
#6767 = CARTESIAN_POINT('',(-2.935,2.145,1.702));
#6768 = VECTOR('',#6769,1.);
#6769 = DIRECTION('',(1.,0.,0.));
#6770 = PCURVE('',#2927,#6771);
#6771 = DEFINITIONAL_REPRESENTATION('',(#6772),#6776);
#6772 = LINE('',#6773,#6774);
#6773 = CARTESIAN_POINT('',(0.,0.));
#6774 = VECTOR('',#6775,1.);
#6775 = DIRECTION('',(0.,1.));
#6776 = ( GEOMETRIC_REPRESENTATION_CONTEXT(2) 
PARAMETRIC_REPRESENTATION_CONTEXT() REPRESENTATION_CONTEXT('2D SPACE',''
  ) );
#6777 = PCURVE('',#6778,#6783);
#6778 = PLANE('',#6779);
#6779 = AXIS2_PLACEMENT_3D('',#6780,#6781,#6782);
#6780 = CARTESIAN_POINT('',(-2.935,2.145,1.702));
#6781 = DIRECTION('',(0.,0.,1.));
#6782 = DIRECTION('',(1.,0.,0.));
#6783 = DEFINITIONAL_REPRESENTATION('',(#6784),#6788);
#6784 = LINE('',#6785,#6786);
#6785 = CARTESIAN_POINT('',(0.,0.));
#6786 = VECTOR('',#6787,1.);
#6787 = DIRECTION('',(1.,0.));
#6788 = ( GEOMETRIC_REPRESENTATION_CONTEXT(2) 
PARAMETRIC_REPRESENTATION_CONTEXT() REPRESENTATION_CONTEXT('2D SPACE',''
  ) );
#6789 = ORIENTED_EDGE('',*,*,#6790,.T.);
#6790 = EDGE_CURVE('',#6763,#2867,#6791,.T.);
#6791 = SURFACE_CURVE('',#6792,(#6796,#6803),.PCURVE_S1.);
#6792 = LINE('',#6793,#6794);
#6793 = CARTESIAN_POINT('',(-2.935,2.145,1.702));
#6794 = VECTOR('',#6795,1.);
#6795 = DIRECTION('',(0.,0.,1.));
#6796 = PCURVE('',#2927,#6797);
#6797 = DEFINITIONAL_REPRESENTATION('',(#6798),#6802);
#6798 = LINE('',#6799,#6800);
#6799 = CARTESIAN_POINT('',(0.,0.));
#6800 = VECTOR('',#6801,1.);
#6801 = DIRECTION('',(1.,0.));
#6802 = ( GEOMETRIC_REPRESENTATION_CONTEXT(2) 
PARAMETRIC_REPRESENTATION_CONTEXT() REPRESENTATION_CONTEXT('2D SPACE',''
  ) );
#6803 = PCURVE('',#3067,#6804);
#6804 = DEFINITIONAL_REPRESENTATION('',(#6805),#6809);
#6805 = LINE('',#6806,#6807);
#6806 = CARTESIAN_POINT('',(0.,0.));
#6807 = VECTOR('',#6808,1.);
#6808 = DIRECTION('',(1.,0.));
#6809 = ( GEOMETRIC_REPRESENTATION_CONTEXT(2) 
PARAMETRIC_REPRESENTATION_CONTEXT() REPRESENTATION_CONTEXT('2D SPACE',''
  ) );
#6810 = ORIENTED_EDGE('',*,*,#2913,.T.);
#6811 = ADVANCED_FACE('',(#6812),#2981,.F.);
#6812 = FACE_BOUND('',#6813,.F.);
#6813 = EDGE_LOOP('',(#6814,#6815,#6838,#6859));
#6814 = ORIENTED_EDGE('',*,*,#6739,.F.);
#6815 = ORIENTED_EDGE('',*,*,#6816,.T.);
#6816 = EDGE_CURVE('',#6740,#6817,#6819,.T.);
#6817 = VERTEX_POINT('',#6818);
#6818 = CARTESIAN_POINT('',(-2.145,2.935,1.702));
#6819 = SURFACE_CURVE('',#6820,(#6824,#6831),.PCURVE_S1.);
#6820 = LINE('',#6821,#6822);
#6821 = CARTESIAN_POINT('',(-2.145,2.145,1.702));
#6822 = VECTOR('',#6823,1.);
#6823 = DIRECTION('',(0.,1.,0.));
#6824 = PCURVE('',#2981,#6825);
#6825 = DEFINITIONAL_REPRESENTATION('',(#6826),#6830);
#6826 = LINE('',#6827,#6828);
#6827 = CARTESIAN_POINT('',(0.,0.));
#6828 = VECTOR('',#6829,1.);
#6829 = DIRECTION('',(0.,-1.));
#6830 = ( GEOMETRIC_REPRESENTATION_CONTEXT(2) 
PARAMETRIC_REPRESENTATION_CONTEXT() REPRESENTATION_CONTEXT('2D SPACE',''
  ) );
#6831 = PCURVE('',#6778,#6832);
#6832 = DEFINITIONAL_REPRESENTATION('',(#6833),#6837);
#6833 = LINE('',#6834,#6835);
#6834 = CARTESIAN_POINT('',(0.79,0.));
#6835 = VECTOR('',#6836,1.);
#6836 = DIRECTION('',(0.,1.));
#6837 = ( GEOMETRIC_REPRESENTATION_CONTEXT(2) 
PARAMETRIC_REPRESENTATION_CONTEXT() REPRESENTATION_CONTEXT('2D SPACE',''
  ) );
#6838 = ORIENTED_EDGE('',*,*,#6839,.T.);
#6839 = EDGE_CURVE('',#6817,#2945,#6840,.T.);
#6840 = SURFACE_CURVE('',#6841,(#6845,#6852),.PCURVE_S1.);
#6841 = LINE('',#6842,#6843);
#6842 = CARTESIAN_POINT('',(-2.145,2.935,1.702));
#6843 = VECTOR('',#6844,1.);
#6844 = DIRECTION('',(0.,0.,1.));
#6845 = PCURVE('',#2981,#6846);
#6846 = DEFINITIONAL_REPRESENTATION('',(#6847),#6851);
#6847 = LINE('',#6848,#6849);
#6848 = CARTESIAN_POINT('',(0.,-0.79));
#6849 = VECTOR('',#6850,1.);
#6850 = DIRECTION('',(1.,0.));
#6851 = ( GEOMETRIC_REPRESENTATION_CONTEXT(2) 
PARAMETRIC_REPRESENTATION_CONTEXT() REPRESENTATION_CONTEXT('2D SPACE',''
  ) );
#6852 = PCURVE('',#3035,#6853);
#6853 = DEFINITIONAL_REPRESENTATION('',(#6854),#6858);
#6854 = LINE('',#6855,#6856);
#6855 = CARTESIAN_POINT('',(0.,0.79));
#6856 = VECTOR('',#6857,1.);
#6857 = DIRECTION('',(1.,0.));
#6858 = ( GEOMETRIC_REPRESENTATION_CONTEXT(2) 
PARAMETRIC_REPRESENTATION_CONTEXT() REPRESENTATION_CONTEXT('2D SPACE',''
  ) );
#6859 = ORIENTED_EDGE('',*,*,#2967,.F.);
#6860 = ADVANCED_FACE('',(#6861),#3035,.F.);
#6861 = FACE_BOUND('',#6862,.F.);
#6862 = EDGE_LOOP('',(#6863,#6864,#6887,#6908));
#6863 = ORIENTED_EDGE('',*,*,#6839,.F.);
#6864 = ORIENTED_EDGE('',*,*,#6865,.F.);
#6865 = EDGE_CURVE('',#6866,#6817,#6868,.T.);
#6866 = VERTEX_POINT('',#6867);
#6867 = CARTESIAN_POINT('',(-2.935,2.935,1.702));
#6868 = SURFACE_CURVE('',#6869,(#6873,#6880),.PCURVE_S1.);
#6869 = LINE('',#6870,#6871);
#6870 = CARTESIAN_POINT('',(-2.935,2.935,1.702));
#6871 = VECTOR('',#6872,1.);
#6872 = DIRECTION('',(1.,0.,0.));
#6873 = PCURVE('',#3035,#6874);
#6874 = DEFINITIONAL_REPRESENTATION('',(#6875),#6879);
#6875 = LINE('',#6876,#6877);
#6876 = CARTESIAN_POINT('',(0.,0.));
#6877 = VECTOR('',#6878,1.);
#6878 = DIRECTION('',(0.,1.));
#6879 = ( GEOMETRIC_REPRESENTATION_CONTEXT(2) 
PARAMETRIC_REPRESENTATION_CONTEXT() REPRESENTATION_CONTEXT('2D SPACE',''
  ) );
#6880 = PCURVE('',#6778,#6881);
#6881 = DEFINITIONAL_REPRESENTATION('',(#6882),#6886);
#6882 = LINE('',#6883,#6884);
#6883 = CARTESIAN_POINT('',(0.,0.79));
#6884 = VECTOR('',#6885,1.);
#6885 = DIRECTION('',(1.,0.));
#6886 = ( GEOMETRIC_REPRESENTATION_CONTEXT(2) 
PARAMETRIC_REPRESENTATION_CONTEXT() REPRESENTATION_CONTEXT('2D SPACE',''
  ) );
#6887 = ORIENTED_EDGE('',*,*,#6888,.T.);
#6888 = EDGE_CURVE('',#6866,#2997,#6889,.T.);
#6889 = SURFACE_CURVE('',#6890,(#6894,#6901),.PCURVE_S1.);
#6890 = LINE('',#6891,#6892);
#6891 = CARTESIAN_POINT('',(-2.935,2.935,1.702));
#6892 = VECTOR('',#6893,1.);
#6893 = DIRECTION('',(0.,0.,1.));
#6894 = PCURVE('',#3035,#6895);
#6895 = DEFINITIONAL_REPRESENTATION('',(#6896),#6900);
#6896 = LINE('',#6897,#6898);
#6897 = CARTESIAN_POINT('',(0.,0.));
#6898 = VECTOR('',#6899,1.);
#6899 = DIRECTION('',(1.,0.));
#6900 = ( GEOMETRIC_REPRESENTATION_CONTEXT(2) 
PARAMETRIC_REPRESENTATION_CONTEXT() REPRESENTATION_CONTEXT('2D SPACE',''
  ) );
#6901 = PCURVE('',#3067,#6902);
#6902 = DEFINITIONAL_REPRESENTATION('',(#6903),#6907);
#6903 = LINE('',#6904,#6905);
#6904 = CARTESIAN_POINT('',(0.,-0.79));
#6905 = VECTOR('',#6906,1.);
#6906 = DIRECTION('',(1.,0.));
#6907 = ( GEOMETRIC_REPRESENTATION_CONTEXT(2) 
PARAMETRIC_REPRESENTATION_CONTEXT() REPRESENTATION_CONTEXT('2D SPACE',''
  ) );
#6908 = ORIENTED_EDGE('',*,*,#3021,.T.);
#6909 = ADVANCED_FACE('',(#6910),#3067,.T.);
#6910 = FACE_BOUND('',#6911,.T.);
#6911 = EDGE_LOOP('',(#6912,#6913,#6934,#6935));
#6912 = ORIENTED_EDGE('',*,*,#6790,.F.);
#6913 = ORIENTED_EDGE('',*,*,#6914,.T.);
#6914 = EDGE_CURVE('',#6763,#6866,#6915,.T.);
#6915 = SURFACE_CURVE('',#6916,(#6920,#6927),.PCURVE_S1.);
#6916 = LINE('',#6917,#6918);
#6917 = CARTESIAN_POINT('',(-2.935,2.145,1.702));
#6918 = VECTOR('',#6919,1.);
#6919 = DIRECTION('',(0.,1.,0.));
#6920 = PCURVE('',#3067,#6921);
#6921 = DEFINITIONAL_REPRESENTATION('',(#6922),#6926);
#6922 = LINE('',#6923,#6924);
#6923 = CARTESIAN_POINT('',(0.,0.));
#6924 = VECTOR('',#6925,1.);
#6925 = DIRECTION('',(0.,-1.));
#6926 = ( GEOMETRIC_REPRESENTATION_CONTEXT(2) 
PARAMETRIC_REPRESENTATION_CONTEXT() REPRESENTATION_CONTEXT('2D SPACE',''
  ) );
#6927 = PCURVE('',#6778,#6928);
#6928 = DEFINITIONAL_REPRESENTATION('',(#6929),#6933);
#6929 = LINE('',#6930,#6931);
#6930 = CARTESIAN_POINT('',(0.,0.));
#6931 = VECTOR('',#6932,1.);
#6932 = DIRECTION('',(0.,1.));
#6933 = ( GEOMETRIC_REPRESENTATION_CONTEXT(2) 
PARAMETRIC_REPRESENTATION_CONTEXT() REPRESENTATION_CONTEXT('2D SPACE',''
  ) );
#6934 = ORIENTED_EDGE('',*,*,#6888,.T.);
#6935 = ORIENTED_EDGE('',*,*,#3053,.F.);
#6936 = ADVANCED_FACE('',(#6937),#3143,.F.);
#6937 = FACE_BOUND('',#6938,.F.);
#6938 = EDGE_LOOP('',(#6939,#6962,#6990,#7011));
#6939 = ORIENTED_EDGE('',*,*,#6940,.F.);
#6940 = EDGE_CURVE('',#6941,#3083,#6943,.T.);
#6941 = VERTEX_POINT('',#6942);
#6942 = CARTESIAN_POINT('',(-4.685,2.145,1.702));
#6943 = SURFACE_CURVE('',#6944,(#6948,#6955),.PCURVE_S1.);
#6944 = LINE('',#6945,#6946);
#6945 = CARTESIAN_POINT('',(-4.685,2.145,1.702));
#6946 = VECTOR('',#6947,1.);
#6947 = DIRECTION('',(0.,0.,1.));
#6948 = PCURVE('',#3143,#6949);
#6949 = DEFINITIONAL_REPRESENTATION('',(#6950),#6954);
#6950 = LINE('',#6951,#6952);
#6951 = CARTESIAN_POINT('',(0.,0.));
#6952 = VECTOR('',#6953,1.);
#6953 = DIRECTION('',(1.,0.));
#6954 = ( GEOMETRIC_REPRESENTATION_CONTEXT(2) 
PARAMETRIC_REPRESENTATION_CONTEXT() REPRESENTATION_CONTEXT('2D SPACE',''
  ) );
#6955 = PCURVE('',#3283,#6956);
#6956 = DEFINITIONAL_REPRESENTATION('',(#6957),#6961);
#6957 = LINE('',#6958,#6959);
#6958 = CARTESIAN_POINT('',(0.,0.79));
#6959 = VECTOR('',#6960,1.);
#6960 = DIRECTION('',(1.,0.));
#6961 = ( GEOMETRIC_REPRESENTATION_CONTEXT(2) 
PARAMETRIC_REPRESENTATION_CONTEXT() REPRESENTATION_CONTEXT('2D SPACE',''
  ) );
#6962 = ORIENTED_EDGE('',*,*,#6963,.T.);
#6963 = EDGE_CURVE('',#6941,#6964,#6966,.T.);
#6964 = VERTEX_POINT('',#6965);
#6965 = CARTESIAN_POINT('',(-4.685,2.935,1.702));
#6966 = SURFACE_CURVE('',#6967,(#6971,#6978),.PCURVE_S1.);
#6967 = LINE('',#6968,#6969);
#6968 = CARTESIAN_POINT('',(-4.685,2.145,1.702));
#6969 = VECTOR('',#6970,1.);
#6970 = DIRECTION('',(0.,1.,0.));
#6971 = PCURVE('',#3143,#6972);
#6972 = DEFINITIONAL_REPRESENTATION('',(#6973),#6977);
#6973 = LINE('',#6974,#6975);
#6974 = CARTESIAN_POINT('',(0.,0.));
#6975 = VECTOR('',#6976,1.);
#6976 = DIRECTION('',(0.,-1.));
#6977 = ( GEOMETRIC_REPRESENTATION_CONTEXT(2) 
PARAMETRIC_REPRESENTATION_CONTEXT() REPRESENTATION_CONTEXT('2D SPACE',''
  ) );
#6978 = PCURVE('',#6979,#6984);
#6979 = PLANE('',#6980);
#6980 = AXIS2_PLACEMENT_3D('',#6981,#6982,#6983);
#6981 = CARTESIAN_POINT('',(-5.475,2.145,1.702));
#6982 = DIRECTION('',(0.,0.,1.));
#6983 = DIRECTION('',(1.,0.,0.));
#6984 = DEFINITIONAL_REPRESENTATION('',(#6985),#6989);
#6985 = LINE('',#6986,#6987);
#6986 = CARTESIAN_POINT('',(0.79,0.));
#6987 = VECTOR('',#6988,1.);
#6988 = DIRECTION('',(0.,1.));
#6989 = ( GEOMETRIC_REPRESENTATION_CONTEXT(2) 
PARAMETRIC_REPRESENTATION_CONTEXT() REPRESENTATION_CONTEXT('2D SPACE',''
  ) );
#6990 = ORIENTED_EDGE('',*,*,#6991,.T.);
#6991 = EDGE_CURVE('',#6964,#3107,#6992,.T.);
#6992 = SURFACE_CURVE('',#6993,(#6997,#7004),.PCURVE_S1.);
#6993 = LINE('',#6994,#6995);
#6994 = CARTESIAN_POINT('',(-4.685,2.935,1.702));
#6995 = VECTOR('',#6996,1.);
#6996 = DIRECTION('',(0.,0.,1.));
#6997 = PCURVE('',#3143,#6998);
#6998 = DEFINITIONAL_REPRESENTATION('',(#6999),#7003);
#6999 = LINE('',#7000,#7001);
#7000 = CARTESIAN_POINT('',(0.,-0.79));
#7001 = VECTOR('',#7002,1.);
#7002 = DIRECTION('',(1.,0.));
#7003 = ( GEOMETRIC_REPRESENTATION_CONTEXT(2) 
PARAMETRIC_REPRESENTATION_CONTEXT() REPRESENTATION_CONTEXT('2D SPACE',''
  ) );
#7004 = PCURVE('',#3197,#7005);
#7005 = DEFINITIONAL_REPRESENTATION('',(#7006),#7010);
#7006 = LINE('',#7007,#7008);
#7007 = CARTESIAN_POINT('',(0.,0.79));
#7008 = VECTOR('',#7009,1.);
#7009 = DIRECTION('',(1.,0.));
#7010 = ( GEOMETRIC_REPRESENTATION_CONTEXT(2) 
PARAMETRIC_REPRESENTATION_CONTEXT() REPRESENTATION_CONTEXT('2D SPACE',''
  ) );
#7011 = ORIENTED_EDGE('',*,*,#3129,.F.);
#7012 = ADVANCED_FACE('',(#7013),#3197,.F.);
#7013 = FACE_BOUND('',#7014,.F.);
#7014 = EDGE_LOOP('',(#7015,#7016,#7039,#7060));
#7015 = ORIENTED_EDGE('',*,*,#6991,.F.);
#7016 = ORIENTED_EDGE('',*,*,#7017,.F.);
#7017 = EDGE_CURVE('',#7018,#6964,#7020,.T.);
#7018 = VERTEX_POINT('',#7019);
#7019 = CARTESIAN_POINT('',(-5.475,2.935,1.702));
#7020 = SURFACE_CURVE('',#7021,(#7025,#7032),.PCURVE_S1.);
#7021 = LINE('',#7022,#7023);
#7022 = CARTESIAN_POINT('',(-5.475,2.935,1.702));
#7023 = VECTOR('',#7024,1.);
#7024 = DIRECTION('',(1.,0.,0.));
#7025 = PCURVE('',#3197,#7026);
#7026 = DEFINITIONAL_REPRESENTATION('',(#7027),#7031);
#7027 = LINE('',#7028,#7029);
#7028 = CARTESIAN_POINT('',(0.,0.));
#7029 = VECTOR('',#7030,1.);
#7030 = DIRECTION('',(0.,1.));
#7031 = ( GEOMETRIC_REPRESENTATION_CONTEXT(2) 
PARAMETRIC_REPRESENTATION_CONTEXT() REPRESENTATION_CONTEXT('2D SPACE',''
  ) );
#7032 = PCURVE('',#6979,#7033);
#7033 = DEFINITIONAL_REPRESENTATION('',(#7034),#7038);
#7034 = LINE('',#7035,#7036);
#7035 = CARTESIAN_POINT('',(0.,0.79));
#7036 = VECTOR('',#7037,1.);
#7037 = DIRECTION('',(1.,0.));
#7038 = ( GEOMETRIC_REPRESENTATION_CONTEXT(2) 
PARAMETRIC_REPRESENTATION_CONTEXT() REPRESENTATION_CONTEXT('2D SPACE',''
  ) );
#7039 = ORIENTED_EDGE('',*,*,#7040,.T.);
#7040 = EDGE_CURVE('',#7018,#3159,#7041,.T.);
#7041 = SURFACE_CURVE('',#7042,(#7046,#7053),.PCURVE_S1.);
#7042 = LINE('',#7043,#7044);
#7043 = CARTESIAN_POINT('',(-5.475,2.935,1.702));
#7044 = VECTOR('',#7045,1.);
#7045 = DIRECTION('',(0.,0.,1.));
#7046 = PCURVE('',#3197,#7047);
#7047 = DEFINITIONAL_REPRESENTATION('',(#7048),#7052);
#7048 = LINE('',#7049,#7050);
#7049 = CARTESIAN_POINT('',(0.,0.));
#7050 = VECTOR('',#7051,1.);
#7051 = DIRECTION('',(1.,0.));
#7052 = ( GEOMETRIC_REPRESENTATION_CONTEXT(2) 
PARAMETRIC_REPRESENTATION_CONTEXT() REPRESENTATION_CONTEXT('2D SPACE',''
  ) );
#7053 = PCURVE('',#3251,#7054);
#7054 = DEFINITIONAL_REPRESENTATION('',(#7055),#7059);
#7055 = LINE('',#7056,#7057);
#7056 = CARTESIAN_POINT('',(0.,-0.79));
#7057 = VECTOR('',#7058,1.);
#7058 = DIRECTION('',(1.,0.));
#7059 = ( GEOMETRIC_REPRESENTATION_CONTEXT(2) 
PARAMETRIC_REPRESENTATION_CONTEXT() REPRESENTATION_CONTEXT('2D SPACE',''
  ) );
#7060 = ORIENTED_EDGE('',*,*,#3183,.T.);
#7061 = ADVANCED_FACE('',(#7062),#3251,.T.);
#7062 = FACE_BOUND('',#7063,.T.);
#7063 = EDGE_LOOP('',(#7064,#7087,#7108,#7109));
#7064 = ORIENTED_EDGE('',*,*,#7065,.F.);
#7065 = EDGE_CURVE('',#7066,#3213,#7068,.T.);
#7066 = VERTEX_POINT('',#7067);
#7067 = CARTESIAN_POINT('',(-5.475,2.145,1.702));
#7068 = SURFACE_CURVE('',#7069,(#7073,#7080),.PCURVE_S1.);
#7069 = LINE('',#7070,#7071);
#7070 = CARTESIAN_POINT('',(-5.475,2.145,1.702));
#7071 = VECTOR('',#7072,1.);
#7072 = DIRECTION('',(0.,0.,1.));
#7073 = PCURVE('',#3251,#7074);
#7074 = DEFINITIONAL_REPRESENTATION('',(#7075),#7079);
#7075 = LINE('',#7076,#7077);
#7076 = CARTESIAN_POINT('',(0.,0.));
#7077 = VECTOR('',#7078,1.);
#7078 = DIRECTION('',(1.,0.));
#7079 = ( GEOMETRIC_REPRESENTATION_CONTEXT(2) 
PARAMETRIC_REPRESENTATION_CONTEXT() REPRESENTATION_CONTEXT('2D SPACE',''
  ) );
#7080 = PCURVE('',#3283,#7081);
#7081 = DEFINITIONAL_REPRESENTATION('',(#7082),#7086);
#7082 = LINE('',#7083,#7084);
#7083 = CARTESIAN_POINT('',(0.,0.));
#7084 = VECTOR('',#7085,1.);
#7085 = DIRECTION('',(1.,0.));
#7086 = ( GEOMETRIC_REPRESENTATION_CONTEXT(2) 
PARAMETRIC_REPRESENTATION_CONTEXT() REPRESENTATION_CONTEXT('2D SPACE',''
  ) );
#7087 = ORIENTED_EDGE('',*,*,#7088,.T.);
#7088 = EDGE_CURVE('',#7066,#7018,#7089,.T.);
#7089 = SURFACE_CURVE('',#7090,(#7094,#7101),.PCURVE_S1.);
#7090 = LINE('',#7091,#7092);
#7091 = CARTESIAN_POINT('',(-5.475,2.145,1.702));
#7092 = VECTOR('',#7093,1.);
#7093 = DIRECTION('',(0.,1.,0.));
#7094 = PCURVE('',#3251,#7095);
#7095 = DEFINITIONAL_REPRESENTATION('',(#7096),#7100);
#7096 = LINE('',#7097,#7098);
#7097 = CARTESIAN_POINT('',(0.,0.));
#7098 = VECTOR('',#7099,1.);
#7099 = DIRECTION('',(0.,-1.));
#7100 = ( GEOMETRIC_REPRESENTATION_CONTEXT(2) 
PARAMETRIC_REPRESENTATION_CONTEXT() REPRESENTATION_CONTEXT('2D SPACE',''
  ) );
#7101 = PCURVE('',#6979,#7102);
#7102 = DEFINITIONAL_REPRESENTATION('',(#7103),#7107);
#7103 = LINE('',#7104,#7105);
#7104 = CARTESIAN_POINT('',(0.,0.));
#7105 = VECTOR('',#7106,1.);
#7106 = DIRECTION('',(0.,1.));
#7107 = ( GEOMETRIC_REPRESENTATION_CONTEXT(2) 
PARAMETRIC_REPRESENTATION_CONTEXT() REPRESENTATION_CONTEXT('2D SPACE',''
  ) );
#7108 = ORIENTED_EDGE('',*,*,#7040,.T.);
#7109 = ORIENTED_EDGE('',*,*,#3237,.F.);
#7110 = ADVANCED_FACE('',(#7111),#3283,.T.);
#7111 = FACE_BOUND('',#7112,.T.);
#7112 = EDGE_LOOP('',(#7113,#7114,#7135,#7136));
#7113 = ORIENTED_EDGE('',*,*,#6940,.F.);
#7114 = ORIENTED_EDGE('',*,*,#7115,.F.);
#7115 = EDGE_CURVE('',#7066,#6941,#7116,.T.);
#7116 = SURFACE_CURVE('',#7117,(#7121,#7128),.PCURVE_S1.);
#7117 = LINE('',#7118,#7119);
#7118 = CARTESIAN_POINT('',(-5.475,2.145,1.702));
#7119 = VECTOR('',#7120,1.);
#7120 = DIRECTION('',(1.,0.,0.));
#7121 = PCURVE('',#3283,#7122);
#7122 = DEFINITIONAL_REPRESENTATION('',(#7123),#7127);
#7123 = LINE('',#7124,#7125);
#7124 = CARTESIAN_POINT('',(0.,0.));
#7125 = VECTOR('',#7126,1.);
#7126 = DIRECTION('',(0.,1.));
#7127 = ( GEOMETRIC_REPRESENTATION_CONTEXT(2) 
PARAMETRIC_REPRESENTATION_CONTEXT() REPRESENTATION_CONTEXT('2D SPACE',''
  ) );
#7128 = PCURVE('',#6979,#7129);
#7129 = DEFINITIONAL_REPRESENTATION('',(#7130),#7134);
#7130 = LINE('',#7131,#7132);
#7131 = CARTESIAN_POINT('',(0.,0.));
#7132 = VECTOR('',#7133,1.);
#7133 = DIRECTION('',(1.,0.));
#7134 = ( GEOMETRIC_REPRESENTATION_CONTEXT(2) 
PARAMETRIC_REPRESENTATION_CONTEXT() REPRESENTATION_CONTEXT('2D SPACE',''
  ) );
#7135 = ORIENTED_EDGE('',*,*,#7065,.T.);
#7136 = ORIENTED_EDGE('',*,*,#3269,.T.);
#7137 = ADVANCED_FACE('',(#7138),#3359,.F.);
#7138 = FACE_BOUND('',#7139,.F.);
#7139 = EDGE_LOOP('',(#7140,#7163,#7191,#7212));
#7140 = ORIENTED_EDGE('',*,*,#7141,.F.);
#7141 = EDGE_CURVE('',#7142,#3299,#7144,.T.);
#7142 = VERTEX_POINT('',#7143);
#7143 = CARTESIAN_POINT('',(-7.225,2.145,1.702));
#7144 = SURFACE_CURVE('',#7145,(#7149,#7156),.PCURVE_S1.);
#7145 = LINE('',#7146,#7147);
#7146 = CARTESIAN_POINT('',(-7.225,2.145,1.702));
#7147 = VECTOR('',#7148,1.);
#7148 = DIRECTION('',(0.,0.,1.));
#7149 = PCURVE('',#3359,#7150);
#7150 = DEFINITIONAL_REPRESENTATION('',(#7151),#7155);
#7151 = LINE('',#7152,#7153);
#7152 = CARTESIAN_POINT('',(0.,0.));
#7153 = VECTOR('',#7154,1.);
#7154 = DIRECTION('',(1.,0.));
#7155 = ( GEOMETRIC_REPRESENTATION_CONTEXT(2) 
PARAMETRIC_REPRESENTATION_CONTEXT() REPRESENTATION_CONTEXT('2D SPACE',''
  ) );
#7156 = PCURVE('',#3499,#7157);
#7157 = DEFINITIONAL_REPRESENTATION('',(#7158),#7162);
#7158 = LINE('',#7159,#7160);
#7159 = CARTESIAN_POINT('',(0.,0.79));
#7160 = VECTOR('',#7161,1.);
#7161 = DIRECTION('',(1.,0.));
#7162 = ( GEOMETRIC_REPRESENTATION_CONTEXT(2) 
PARAMETRIC_REPRESENTATION_CONTEXT() REPRESENTATION_CONTEXT('2D SPACE',''
  ) );
#7163 = ORIENTED_EDGE('',*,*,#7164,.T.);
#7164 = EDGE_CURVE('',#7142,#7165,#7167,.T.);
#7165 = VERTEX_POINT('',#7166);
#7166 = CARTESIAN_POINT('',(-7.225,2.935,1.702));
#7167 = SURFACE_CURVE('',#7168,(#7172,#7179),.PCURVE_S1.);
#7168 = LINE('',#7169,#7170);
#7169 = CARTESIAN_POINT('',(-7.225,2.145,1.702));
#7170 = VECTOR('',#7171,1.);
#7171 = DIRECTION('',(0.,1.,0.));
#7172 = PCURVE('',#3359,#7173);
#7173 = DEFINITIONAL_REPRESENTATION('',(#7174),#7178);
#7174 = LINE('',#7175,#7176);
#7175 = CARTESIAN_POINT('',(0.,0.));
#7176 = VECTOR('',#7177,1.);
#7177 = DIRECTION('',(0.,-1.));
#7178 = ( GEOMETRIC_REPRESENTATION_CONTEXT(2) 
PARAMETRIC_REPRESENTATION_CONTEXT() REPRESENTATION_CONTEXT('2D SPACE',''
  ) );
#7179 = PCURVE('',#7180,#7185);
#7180 = PLANE('',#7181);
#7181 = AXIS2_PLACEMENT_3D('',#7182,#7183,#7184);
#7182 = CARTESIAN_POINT('',(-8.015,2.145,1.702));
#7183 = DIRECTION('',(0.,0.,1.));
#7184 = DIRECTION('',(1.,0.,0.));
#7185 = DEFINITIONAL_REPRESENTATION('',(#7186),#7190);
#7186 = LINE('',#7187,#7188);
#7187 = CARTESIAN_POINT('',(0.79,0.));
#7188 = VECTOR('',#7189,1.);
#7189 = DIRECTION('',(0.,1.));
#7190 = ( GEOMETRIC_REPRESENTATION_CONTEXT(2) 
PARAMETRIC_REPRESENTATION_CONTEXT() REPRESENTATION_CONTEXT('2D SPACE',''
  ) );
#7191 = ORIENTED_EDGE('',*,*,#7192,.T.);
#7192 = EDGE_CURVE('',#7165,#3323,#7193,.T.);
#7193 = SURFACE_CURVE('',#7194,(#7198,#7205),.PCURVE_S1.);
#7194 = LINE('',#7195,#7196);
#7195 = CARTESIAN_POINT('',(-7.225,2.935,1.702));
#7196 = VECTOR('',#7197,1.);
#7197 = DIRECTION('',(0.,0.,1.));
#7198 = PCURVE('',#3359,#7199);
#7199 = DEFINITIONAL_REPRESENTATION('',(#7200),#7204);
#7200 = LINE('',#7201,#7202);
#7201 = CARTESIAN_POINT('',(0.,-0.79));
#7202 = VECTOR('',#7203,1.);
#7203 = DIRECTION('',(1.,0.));
#7204 = ( GEOMETRIC_REPRESENTATION_CONTEXT(2) 
PARAMETRIC_REPRESENTATION_CONTEXT() REPRESENTATION_CONTEXT('2D SPACE',''
  ) );
#7205 = PCURVE('',#3413,#7206);
#7206 = DEFINITIONAL_REPRESENTATION('',(#7207),#7211);
#7207 = LINE('',#7208,#7209);
#7208 = CARTESIAN_POINT('',(0.,0.79));
#7209 = VECTOR('',#7210,1.);
#7210 = DIRECTION('',(1.,0.));
#7211 = ( GEOMETRIC_REPRESENTATION_CONTEXT(2) 
PARAMETRIC_REPRESENTATION_CONTEXT() REPRESENTATION_CONTEXT('2D SPACE',''
  ) );
#7212 = ORIENTED_EDGE('',*,*,#3345,.F.);
#7213 = ADVANCED_FACE('',(#7214),#3413,.F.);
#7214 = FACE_BOUND('',#7215,.F.);
#7215 = EDGE_LOOP('',(#7216,#7217,#7240,#7261));
#7216 = ORIENTED_EDGE('',*,*,#7192,.F.);
#7217 = ORIENTED_EDGE('',*,*,#7218,.F.);
#7218 = EDGE_CURVE('',#7219,#7165,#7221,.T.);
#7219 = VERTEX_POINT('',#7220);
#7220 = CARTESIAN_POINT('',(-8.015,2.935,1.702));
#7221 = SURFACE_CURVE('',#7222,(#7226,#7233),.PCURVE_S1.);
#7222 = LINE('',#7223,#7224);
#7223 = CARTESIAN_POINT('',(-8.015,2.935,1.702));
#7224 = VECTOR('',#7225,1.);
#7225 = DIRECTION('',(1.,0.,0.));
#7226 = PCURVE('',#3413,#7227);
#7227 = DEFINITIONAL_REPRESENTATION('',(#7228),#7232);
#7228 = LINE('',#7229,#7230);
#7229 = CARTESIAN_POINT('',(0.,0.));
#7230 = VECTOR('',#7231,1.);
#7231 = DIRECTION('',(0.,1.));
#7232 = ( GEOMETRIC_REPRESENTATION_CONTEXT(2) 
PARAMETRIC_REPRESENTATION_CONTEXT() REPRESENTATION_CONTEXT('2D SPACE',''
  ) );
#7233 = PCURVE('',#7180,#7234);
#7234 = DEFINITIONAL_REPRESENTATION('',(#7235),#7239);
#7235 = LINE('',#7236,#7237);
#7236 = CARTESIAN_POINT('',(0.,0.79));
#7237 = VECTOR('',#7238,1.);
#7238 = DIRECTION('',(1.,0.));
#7239 = ( GEOMETRIC_REPRESENTATION_CONTEXT(2) 
PARAMETRIC_REPRESENTATION_CONTEXT() REPRESENTATION_CONTEXT('2D SPACE',''
  ) );
#7240 = ORIENTED_EDGE('',*,*,#7241,.T.);
#7241 = EDGE_CURVE('',#7219,#3375,#7242,.T.);
#7242 = SURFACE_CURVE('',#7243,(#7247,#7254),.PCURVE_S1.);
#7243 = LINE('',#7244,#7245);
#7244 = CARTESIAN_POINT('',(-8.015,2.935,1.702));
#7245 = VECTOR('',#7246,1.);
#7246 = DIRECTION('',(0.,0.,1.));
#7247 = PCURVE('',#3413,#7248);
#7248 = DEFINITIONAL_REPRESENTATION('',(#7249),#7253);
#7249 = LINE('',#7250,#7251);
#7250 = CARTESIAN_POINT('',(0.,0.));
#7251 = VECTOR('',#7252,1.);
#7252 = DIRECTION('',(1.,0.));
#7253 = ( GEOMETRIC_REPRESENTATION_CONTEXT(2) 
PARAMETRIC_REPRESENTATION_CONTEXT() REPRESENTATION_CONTEXT('2D SPACE',''
  ) );
#7254 = PCURVE('',#3467,#7255);
#7255 = DEFINITIONAL_REPRESENTATION('',(#7256),#7260);
#7256 = LINE('',#7257,#7258);
#7257 = CARTESIAN_POINT('',(0.,-0.79));
#7258 = VECTOR('',#7259,1.);
#7259 = DIRECTION('',(1.,0.));
#7260 = ( GEOMETRIC_REPRESENTATION_CONTEXT(2) 
PARAMETRIC_REPRESENTATION_CONTEXT() REPRESENTATION_CONTEXT('2D SPACE',''
  ) );
#7261 = ORIENTED_EDGE('',*,*,#3399,.T.);
#7262 = ADVANCED_FACE('',(#7263),#3467,.T.);
#7263 = FACE_BOUND('',#7264,.T.);
#7264 = EDGE_LOOP('',(#7265,#7288,#7309,#7310));
#7265 = ORIENTED_EDGE('',*,*,#7266,.F.);
#7266 = EDGE_CURVE('',#7267,#3429,#7269,.T.);
#7267 = VERTEX_POINT('',#7268);
#7268 = CARTESIAN_POINT('',(-8.015,2.145,1.702));
#7269 = SURFACE_CURVE('',#7270,(#7274,#7281),.PCURVE_S1.);
#7270 = LINE('',#7271,#7272);
#7271 = CARTESIAN_POINT('',(-8.015,2.145,1.702));
#7272 = VECTOR('',#7273,1.);
#7273 = DIRECTION('',(0.,0.,1.));
#7274 = PCURVE('',#3467,#7275);
#7275 = DEFINITIONAL_REPRESENTATION('',(#7276),#7280);
#7276 = LINE('',#7277,#7278);
#7277 = CARTESIAN_POINT('',(0.,0.));
#7278 = VECTOR('',#7279,1.);
#7279 = DIRECTION('',(1.,0.));
#7280 = ( GEOMETRIC_REPRESENTATION_CONTEXT(2) 
PARAMETRIC_REPRESENTATION_CONTEXT() REPRESENTATION_CONTEXT('2D SPACE',''
  ) );
#7281 = PCURVE('',#3499,#7282);
#7282 = DEFINITIONAL_REPRESENTATION('',(#7283),#7287);
#7283 = LINE('',#7284,#7285);
#7284 = CARTESIAN_POINT('',(0.,0.));
#7285 = VECTOR('',#7286,1.);
#7286 = DIRECTION('',(1.,0.));
#7287 = ( GEOMETRIC_REPRESENTATION_CONTEXT(2) 
PARAMETRIC_REPRESENTATION_CONTEXT() REPRESENTATION_CONTEXT('2D SPACE',''
  ) );
#7288 = ORIENTED_EDGE('',*,*,#7289,.T.);
#7289 = EDGE_CURVE('',#7267,#7219,#7290,.T.);
#7290 = SURFACE_CURVE('',#7291,(#7295,#7302),.PCURVE_S1.);
#7291 = LINE('',#7292,#7293);
#7292 = CARTESIAN_POINT('',(-8.015,2.145,1.702));
#7293 = VECTOR('',#7294,1.);
#7294 = DIRECTION('',(0.,1.,0.));
#7295 = PCURVE('',#3467,#7296);
#7296 = DEFINITIONAL_REPRESENTATION('',(#7297),#7301);
#7297 = LINE('',#7298,#7299);
#7298 = CARTESIAN_POINT('',(0.,0.));
#7299 = VECTOR('',#7300,1.);
#7300 = DIRECTION('',(0.,-1.));
#7301 = ( GEOMETRIC_REPRESENTATION_CONTEXT(2) 
PARAMETRIC_REPRESENTATION_CONTEXT() REPRESENTATION_CONTEXT('2D SPACE',''
  ) );
#7302 = PCURVE('',#7180,#7303);
#7303 = DEFINITIONAL_REPRESENTATION('',(#7304),#7308);
#7304 = LINE('',#7305,#7306);
#7305 = CARTESIAN_POINT('',(0.,0.));
#7306 = VECTOR('',#7307,1.);
#7307 = DIRECTION('',(0.,1.));
#7308 = ( GEOMETRIC_REPRESENTATION_CONTEXT(2) 
PARAMETRIC_REPRESENTATION_CONTEXT() REPRESENTATION_CONTEXT('2D SPACE',''
  ) );
#7309 = ORIENTED_EDGE('',*,*,#7241,.T.);
#7310 = ORIENTED_EDGE('',*,*,#3453,.F.);
#7311 = ADVANCED_FACE('',(#7312),#3499,.T.);
#7312 = FACE_BOUND('',#7313,.T.);
#7313 = EDGE_LOOP('',(#7314,#7315,#7336,#7337));
#7314 = ORIENTED_EDGE('',*,*,#7141,.F.);
#7315 = ORIENTED_EDGE('',*,*,#7316,.F.);
#7316 = EDGE_CURVE('',#7267,#7142,#7317,.T.);
#7317 = SURFACE_CURVE('',#7318,(#7322,#7329),.PCURVE_S1.);
#7318 = LINE('',#7319,#7320);
#7319 = CARTESIAN_POINT('',(-8.015,2.145,1.702));
#7320 = VECTOR('',#7321,1.);
#7321 = DIRECTION('',(1.,0.,0.));
#7322 = PCURVE('',#3499,#7323);
#7323 = DEFINITIONAL_REPRESENTATION('',(#7324),#7328);
#7324 = LINE('',#7325,#7326);
#7325 = CARTESIAN_POINT('',(0.,0.));
#7326 = VECTOR('',#7327,1.);
#7327 = DIRECTION('',(0.,1.));
#7328 = ( GEOMETRIC_REPRESENTATION_CONTEXT(2) 
PARAMETRIC_REPRESENTATION_CONTEXT() REPRESENTATION_CONTEXT('2D SPACE',''
  ) );
#7329 = PCURVE('',#7180,#7330);
#7330 = DEFINITIONAL_REPRESENTATION('',(#7331),#7335);
#7331 = LINE('',#7332,#7333);
#7332 = CARTESIAN_POINT('',(0.,0.));
#7333 = VECTOR('',#7334,1.);
#7334 = DIRECTION('',(1.,0.));
#7335 = ( GEOMETRIC_REPRESENTATION_CONTEXT(2) 
PARAMETRIC_REPRESENTATION_CONTEXT() REPRESENTATION_CONTEXT('2D SPACE',''
  ) );
#7336 = ORIENTED_EDGE('',*,*,#7266,.T.);
#7337 = ORIENTED_EDGE('',*,*,#3485,.T.);
#7338 = ADVANCED_FACE('',(#7339),#3575,.T.);
#7339 = FACE_BOUND('',#7340,.T.);
#7340 = EDGE_LOOP('',(#7341,#7364,#7392,#7413));
#7341 = ORIENTED_EDGE('',*,*,#7342,.F.);
#7342 = EDGE_CURVE('',#7343,#3515,#7345,.T.);
#7343 = VERTEX_POINT('',#7344);
#7344 = CARTESIAN_POINT('',(-10.555,2.145,1.702));
#7345 = SURFACE_CURVE('',#7346,(#7350,#7357),.PCURVE_S1.);
#7346 = LINE('',#7347,#7348);
#7347 = CARTESIAN_POINT('',(-10.555,2.145,1.702));
#7348 = VECTOR('',#7349,1.);
#7349 = DIRECTION('',(0.,0.,1.));
#7350 = PCURVE('',#3575,#7351);
#7351 = DEFINITIONAL_REPRESENTATION('',(#7352),#7356);
#7352 = LINE('',#7353,#7354);
#7353 = CARTESIAN_POINT('',(0.,0.));
#7354 = VECTOR('',#7355,1.);
#7355 = DIRECTION('',(1.,0.));
#7356 = ( GEOMETRIC_REPRESENTATION_CONTEXT(2) 
PARAMETRIC_REPRESENTATION_CONTEXT() REPRESENTATION_CONTEXT('2D SPACE',''
  ) );
#7357 = PCURVE('',#3629,#7358);
#7358 = DEFINITIONAL_REPRESENTATION('',(#7359),#7363);
#7359 = LINE('',#7360,#7361);
#7360 = CARTESIAN_POINT('',(0.,0.));
#7361 = VECTOR('',#7362,1.);
#7362 = DIRECTION('',(1.,0.));
#7363 = ( GEOMETRIC_REPRESENTATION_CONTEXT(2) 
PARAMETRIC_REPRESENTATION_CONTEXT() REPRESENTATION_CONTEXT('2D SPACE',''
  ) );
#7364 = ORIENTED_EDGE('',*,*,#7365,.T.);
#7365 = EDGE_CURVE('',#7343,#7366,#7368,.T.);
#7366 = VERTEX_POINT('',#7367);
#7367 = CARTESIAN_POINT('',(-10.555,2.935,1.702));
#7368 = SURFACE_CURVE('',#7369,(#7373,#7380),.PCURVE_S1.);
#7369 = LINE('',#7370,#7371);
#7370 = CARTESIAN_POINT('',(-10.555,2.145,1.702));
#7371 = VECTOR('',#7372,1.);
#7372 = DIRECTION('',(0.,1.,0.));
#7373 = PCURVE('',#3575,#7374);
#7374 = DEFINITIONAL_REPRESENTATION('',(#7375),#7379);
#7375 = LINE('',#7376,#7377);
#7376 = CARTESIAN_POINT('',(0.,0.));
#7377 = VECTOR('',#7378,1.);
#7378 = DIRECTION('',(0.,-1.));
#7379 = ( GEOMETRIC_REPRESENTATION_CONTEXT(2) 
PARAMETRIC_REPRESENTATION_CONTEXT() REPRESENTATION_CONTEXT('2D SPACE',''
  ) );
#7380 = PCURVE('',#7381,#7386);
#7381 = PLANE('',#7382);
#7382 = AXIS2_PLACEMENT_3D('',#7383,#7384,#7385);
#7383 = CARTESIAN_POINT('',(-10.555,2.145,1.702));
#7384 = DIRECTION('',(0.,0.,1.));
#7385 = DIRECTION('',(1.,0.,0.));
#7386 = DEFINITIONAL_REPRESENTATION('',(#7387),#7391);
#7387 = LINE('',#7388,#7389);
#7388 = CARTESIAN_POINT('',(0.,0.));
#7389 = VECTOR('',#7390,1.);
#7390 = DIRECTION('',(0.,1.));
#7391 = ( GEOMETRIC_REPRESENTATION_CONTEXT(2) 
PARAMETRIC_REPRESENTATION_CONTEXT() REPRESENTATION_CONTEXT('2D SPACE',''
  ) );
#7392 = ORIENTED_EDGE('',*,*,#7393,.T.);
#7393 = EDGE_CURVE('',#7366,#3539,#7394,.T.);
#7394 = SURFACE_CURVE('',#7395,(#7399,#7406),.PCURVE_S1.);
#7395 = LINE('',#7396,#7397);
#7396 = CARTESIAN_POINT('',(-10.555,2.935,1.702));
#7397 = VECTOR('',#7398,1.);
#7398 = DIRECTION('',(0.,0.,1.));
#7399 = PCURVE('',#3575,#7400);
#7400 = DEFINITIONAL_REPRESENTATION('',(#7401),#7405);
#7401 = LINE('',#7402,#7403);
#7402 = CARTESIAN_POINT('',(0.,-0.79));
#7403 = VECTOR('',#7404,1.);
#7404 = DIRECTION('',(1.,0.));
#7405 = ( GEOMETRIC_REPRESENTATION_CONTEXT(2) 
PARAMETRIC_REPRESENTATION_CONTEXT() REPRESENTATION_CONTEXT('2D SPACE',''
  ) );
#7406 = PCURVE('',#3715,#7407);
#7407 = DEFINITIONAL_REPRESENTATION('',(#7408),#7412);
#7408 = LINE('',#7409,#7410);
#7409 = CARTESIAN_POINT('',(0.,0.));
#7410 = VECTOR('',#7411,1.);
#7411 = DIRECTION('',(1.,0.));
#7412 = ( GEOMETRIC_REPRESENTATION_CONTEXT(2) 
PARAMETRIC_REPRESENTATION_CONTEXT() REPRESENTATION_CONTEXT('2D SPACE',''
  ) );
#7413 = ORIENTED_EDGE('',*,*,#3561,.F.);
#7414 = ADVANCED_FACE('',(#7415),#3629,.T.);
#7415 = FACE_BOUND('',#7416,.T.);
#7416 = EDGE_LOOP('',(#7417,#7440,#7461,#7462));
#7417 = ORIENTED_EDGE('',*,*,#7418,.F.);
#7418 = EDGE_CURVE('',#7419,#3593,#7421,.T.);
#7419 = VERTEX_POINT('',#7420);
#7420 = CARTESIAN_POINT('',(-9.765,2.145,1.702));
#7421 = SURFACE_CURVE('',#7422,(#7426,#7433),.PCURVE_S1.);
#7422 = LINE('',#7423,#7424);
#7423 = CARTESIAN_POINT('',(-9.765,2.145,1.702));
#7424 = VECTOR('',#7425,1.);
#7425 = DIRECTION('',(0.,0.,1.));
#7426 = PCURVE('',#3629,#7427);
#7427 = DEFINITIONAL_REPRESENTATION('',(#7428),#7432);
#7428 = LINE('',#7429,#7430);
#7429 = CARTESIAN_POINT('',(0.,0.79));
#7430 = VECTOR('',#7431,1.);
#7431 = DIRECTION('',(1.,0.));
#7432 = ( GEOMETRIC_REPRESENTATION_CONTEXT(2) 
PARAMETRIC_REPRESENTATION_CONTEXT() REPRESENTATION_CONTEXT('2D SPACE',''
  ) );
#7433 = PCURVE('',#3683,#7434);
#7434 = DEFINITIONAL_REPRESENTATION('',(#7435),#7439);
#7435 = LINE('',#7436,#7437);
#7436 = CARTESIAN_POINT('',(0.,0.));
#7437 = VECTOR('',#7438,1.);
#7438 = DIRECTION('',(1.,0.));
#7439 = ( GEOMETRIC_REPRESENTATION_CONTEXT(2) 
PARAMETRIC_REPRESENTATION_CONTEXT() REPRESENTATION_CONTEXT('2D SPACE',''
  ) );
#7440 = ORIENTED_EDGE('',*,*,#7441,.F.);
#7441 = EDGE_CURVE('',#7343,#7419,#7442,.T.);
#7442 = SURFACE_CURVE('',#7443,(#7447,#7454),.PCURVE_S1.);
#7443 = LINE('',#7444,#7445);
#7444 = CARTESIAN_POINT('',(-10.555,2.145,1.702));
#7445 = VECTOR('',#7446,1.);
#7446 = DIRECTION('',(1.,0.,0.));
#7447 = PCURVE('',#3629,#7448);
#7448 = DEFINITIONAL_REPRESENTATION('',(#7449),#7453);
#7449 = LINE('',#7450,#7451);
#7450 = CARTESIAN_POINT('',(0.,0.));
#7451 = VECTOR('',#7452,1.);
#7452 = DIRECTION('',(0.,1.));
#7453 = ( GEOMETRIC_REPRESENTATION_CONTEXT(2) 
PARAMETRIC_REPRESENTATION_CONTEXT() REPRESENTATION_CONTEXT('2D SPACE',''
  ) );
#7454 = PCURVE('',#7381,#7455);
#7455 = DEFINITIONAL_REPRESENTATION('',(#7456),#7460);
#7456 = LINE('',#7457,#7458);
#7457 = CARTESIAN_POINT('',(0.,0.));
#7458 = VECTOR('',#7459,1.);
#7459 = DIRECTION('',(1.,0.));
#7460 = ( GEOMETRIC_REPRESENTATION_CONTEXT(2) 
PARAMETRIC_REPRESENTATION_CONTEXT() REPRESENTATION_CONTEXT('2D SPACE',''
  ) );
#7461 = ORIENTED_EDGE('',*,*,#7342,.T.);
#7462 = ORIENTED_EDGE('',*,*,#3615,.T.);
#7463 = ADVANCED_FACE('',(#7464),#3683,.F.);
#7464 = FACE_BOUND('',#7465,.F.);
#7465 = EDGE_LOOP('',(#7466,#7467,#7490,#7511));
#7466 = ORIENTED_EDGE('',*,*,#7418,.F.);
#7467 = ORIENTED_EDGE('',*,*,#7468,.T.);
#7468 = EDGE_CURVE('',#7419,#7469,#7471,.T.);
#7469 = VERTEX_POINT('',#7470);
#7470 = CARTESIAN_POINT('',(-9.765,2.935,1.702));
#7471 = SURFACE_CURVE('',#7472,(#7476,#7483),.PCURVE_S1.);
#7472 = LINE('',#7473,#7474);
#7473 = CARTESIAN_POINT('',(-9.765,2.145,1.702));
#7474 = VECTOR('',#7475,1.);
#7475 = DIRECTION('',(0.,1.,0.));
#7476 = PCURVE('',#3683,#7477);
#7477 = DEFINITIONAL_REPRESENTATION('',(#7478),#7482);
#7478 = LINE('',#7479,#7480);
#7479 = CARTESIAN_POINT('',(0.,0.));
#7480 = VECTOR('',#7481,1.);
#7481 = DIRECTION('',(0.,-1.));
#7482 = ( GEOMETRIC_REPRESENTATION_CONTEXT(2) 
PARAMETRIC_REPRESENTATION_CONTEXT() REPRESENTATION_CONTEXT('2D SPACE',''
  ) );
#7483 = PCURVE('',#7381,#7484);
#7484 = DEFINITIONAL_REPRESENTATION('',(#7485),#7489);
#7485 = LINE('',#7486,#7487);
#7486 = CARTESIAN_POINT('',(0.79,0.));
#7487 = VECTOR('',#7488,1.);
#7488 = DIRECTION('',(0.,1.));
#7489 = ( GEOMETRIC_REPRESENTATION_CONTEXT(2) 
PARAMETRIC_REPRESENTATION_CONTEXT() REPRESENTATION_CONTEXT('2D SPACE',''
  ) );
#7490 = ORIENTED_EDGE('',*,*,#7491,.T.);
#7491 = EDGE_CURVE('',#7469,#3647,#7492,.T.);
#7492 = SURFACE_CURVE('',#7493,(#7497,#7504),.PCURVE_S1.);
#7493 = LINE('',#7494,#7495);
#7494 = CARTESIAN_POINT('',(-9.765,2.935,1.702));
#7495 = VECTOR('',#7496,1.);
#7496 = DIRECTION('',(0.,0.,1.));
#7497 = PCURVE('',#3683,#7498);
#7498 = DEFINITIONAL_REPRESENTATION('',(#7499),#7503);
#7499 = LINE('',#7500,#7501);
#7500 = CARTESIAN_POINT('',(0.,-0.79));
#7501 = VECTOR('',#7502,1.);
#7502 = DIRECTION('',(1.,0.));
#7503 = ( GEOMETRIC_REPRESENTATION_CONTEXT(2) 
PARAMETRIC_REPRESENTATION_CONTEXT() REPRESENTATION_CONTEXT('2D SPACE',''
  ) );
#7504 = PCURVE('',#3715,#7505);
#7505 = DEFINITIONAL_REPRESENTATION('',(#7506),#7510);
#7506 = LINE('',#7507,#7508);
#7507 = CARTESIAN_POINT('',(0.,0.79));
#7508 = VECTOR('',#7509,1.);
#7509 = DIRECTION('',(1.,0.));
#7510 = ( GEOMETRIC_REPRESENTATION_CONTEXT(2) 
PARAMETRIC_REPRESENTATION_CONTEXT() REPRESENTATION_CONTEXT('2D SPACE',''
  ) );
#7511 = ORIENTED_EDGE('',*,*,#3669,.F.);
#7512 = ADVANCED_FACE('',(#7513),#3715,.F.);
#7513 = FACE_BOUND('',#7514,.F.);
#7514 = EDGE_LOOP('',(#7515,#7516,#7537,#7538));
#7515 = ORIENTED_EDGE('',*,*,#7491,.F.);
#7516 = ORIENTED_EDGE('',*,*,#7517,.F.);
#7517 = EDGE_CURVE('',#7366,#7469,#7518,.T.);
#7518 = SURFACE_CURVE('',#7519,(#7523,#7530),.PCURVE_S1.);
#7519 = LINE('',#7520,#7521);
#7520 = CARTESIAN_POINT('',(-10.555,2.935,1.702));
#7521 = VECTOR('',#7522,1.);
#7522 = DIRECTION('',(1.,0.,0.));
#7523 = PCURVE('',#3715,#7524);
#7524 = DEFINITIONAL_REPRESENTATION('',(#7525),#7529);
#7525 = LINE('',#7526,#7527);
#7526 = CARTESIAN_POINT('',(0.,0.));
#7527 = VECTOR('',#7528,1.);
#7528 = DIRECTION('',(0.,1.));
#7529 = ( GEOMETRIC_REPRESENTATION_CONTEXT(2) 
PARAMETRIC_REPRESENTATION_CONTEXT() REPRESENTATION_CONTEXT('2D SPACE',''
  ) );
#7530 = PCURVE('',#7381,#7531);
#7531 = DEFINITIONAL_REPRESENTATION('',(#7532),#7536);
#7532 = LINE('',#7533,#7534);
#7533 = CARTESIAN_POINT('',(0.,0.79));
#7534 = VECTOR('',#7535,1.);
#7535 = DIRECTION('',(1.,0.));
#7536 = ( GEOMETRIC_REPRESENTATION_CONTEXT(2) 
PARAMETRIC_REPRESENTATION_CONTEXT() REPRESENTATION_CONTEXT('2D SPACE',''
  ) );
#7537 = ORIENTED_EDGE('',*,*,#7393,.T.);
#7538 = ORIENTED_EDGE('',*,*,#3701,.T.);
#7539 = ADVANCED_FACE('',(#7540),#3791,.T.);
#7540 = FACE_BOUND('',#7541,.T.);
#7541 = EDGE_LOOP('',(#7542,#7565,#7593,#7614));
#7542 = ORIENTED_EDGE('',*,*,#7543,.F.);
#7543 = EDGE_CURVE('',#7544,#3731,#7546,.T.);
#7544 = VERTEX_POINT('',#7545);
#7545 = CARTESIAN_POINT('',(-20.715,2.145,1.702));
#7546 = SURFACE_CURVE('',#7547,(#7551,#7558),.PCURVE_S1.);
#7547 = LINE('',#7548,#7549);
#7548 = CARTESIAN_POINT('',(-20.715,2.145,1.702));
#7549 = VECTOR('',#7550,1.);
#7550 = DIRECTION('',(0.,0.,1.));
#7551 = PCURVE('',#3791,#7552);
#7552 = DEFINITIONAL_REPRESENTATION('',(#7553),#7557);
#7553 = LINE('',#7554,#7555);
#7554 = CARTESIAN_POINT('',(0.,0.));
#7555 = VECTOR('',#7556,1.);
#7556 = DIRECTION('',(1.,0.));
#7557 = ( GEOMETRIC_REPRESENTATION_CONTEXT(2) 
PARAMETRIC_REPRESENTATION_CONTEXT() REPRESENTATION_CONTEXT('2D SPACE',''
  ) );
#7558 = PCURVE('',#3845,#7559);
#7559 = DEFINITIONAL_REPRESENTATION('',(#7560),#7564);
#7560 = LINE('',#7561,#7562);
#7561 = CARTESIAN_POINT('',(0.,0.));
#7562 = VECTOR('',#7563,1.);
#7563 = DIRECTION('',(1.,0.));
#7564 = ( GEOMETRIC_REPRESENTATION_CONTEXT(2) 
PARAMETRIC_REPRESENTATION_CONTEXT() REPRESENTATION_CONTEXT('2D SPACE',''
  ) );
#7565 = ORIENTED_EDGE('',*,*,#7566,.T.);
#7566 = EDGE_CURVE('',#7544,#7567,#7569,.T.);
#7567 = VERTEX_POINT('',#7568);
#7568 = CARTESIAN_POINT('',(-20.715,2.935,1.702));
#7569 = SURFACE_CURVE('',#7570,(#7574,#7581),.PCURVE_S1.);
#7570 = LINE('',#7571,#7572);
#7571 = CARTESIAN_POINT('',(-20.715,2.145,1.702));
#7572 = VECTOR('',#7573,1.);
#7573 = DIRECTION('',(0.,1.,0.));
#7574 = PCURVE('',#3791,#7575);
#7575 = DEFINITIONAL_REPRESENTATION('',(#7576),#7580);
#7576 = LINE('',#7577,#7578);
#7577 = CARTESIAN_POINT('',(0.,0.));
#7578 = VECTOR('',#7579,1.);
#7579 = DIRECTION('',(0.,-1.));
#7580 = ( GEOMETRIC_REPRESENTATION_CONTEXT(2) 
PARAMETRIC_REPRESENTATION_CONTEXT() REPRESENTATION_CONTEXT('2D SPACE',''
  ) );
#7581 = PCURVE('',#7582,#7587);
#7582 = PLANE('',#7583);
#7583 = AXIS2_PLACEMENT_3D('',#7584,#7585,#7586);
#7584 = CARTESIAN_POINT('',(-20.715,2.145,1.702));
#7585 = DIRECTION('',(0.,0.,1.));
#7586 = DIRECTION('',(1.,0.,0.));
#7587 = DEFINITIONAL_REPRESENTATION('',(#7588),#7592);
#7588 = LINE('',#7589,#7590);
#7589 = CARTESIAN_POINT('',(0.,0.));
#7590 = VECTOR('',#7591,1.);
#7591 = DIRECTION('',(0.,1.));
#7592 = ( GEOMETRIC_REPRESENTATION_CONTEXT(2) 
PARAMETRIC_REPRESENTATION_CONTEXT() REPRESENTATION_CONTEXT('2D SPACE',''
  ) );
#7593 = ORIENTED_EDGE('',*,*,#7594,.T.);
#7594 = EDGE_CURVE('',#7567,#3755,#7595,.T.);
#7595 = SURFACE_CURVE('',#7596,(#7600,#7607),.PCURVE_S1.);
#7596 = LINE('',#7597,#7598);
#7597 = CARTESIAN_POINT('',(-20.715,2.935,1.702));
#7598 = VECTOR('',#7599,1.);
#7599 = DIRECTION('',(0.,0.,1.));
#7600 = PCURVE('',#3791,#7601);
#7601 = DEFINITIONAL_REPRESENTATION('',(#7602),#7606);
#7602 = LINE('',#7603,#7604);
#7603 = CARTESIAN_POINT('',(0.,-0.79));
#7604 = VECTOR('',#7605,1.);
#7605 = DIRECTION('',(1.,0.));
#7606 = ( GEOMETRIC_REPRESENTATION_CONTEXT(2) 
PARAMETRIC_REPRESENTATION_CONTEXT() REPRESENTATION_CONTEXT('2D SPACE',''
  ) );
#7607 = PCURVE('',#3931,#7608);
#7608 = DEFINITIONAL_REPRESENTATION('',(#7609),#7613);
#7609 = LINE('',#7610,#7611);
#7610 = CARTESIAN_POINT('',(0.,0.));
#7611 = VECTOR('',#7612,1.);
#7612 = DIRECTION('',(1.,0.));
#7613 = ( GEOMETRIC_REPRESENTATION_CONTEXT(2) 
PARAMETRIC_REPRESENTATION_CONTEXT() REPRESENTATION_CONTEXT('2D SPACE',''
  ) );
#7614 = ORIENTED_EDGE('',*,*,#3777,.F.);
#7615 = ADVANCED_FACE('',(#7616),#3845,.T.);
#7616 = FACE_BOUND('',#7617,.T.);
#7617 = EDGE_LOOP('',(#7618,#7641,#7662,#7663));
#7618 = ORIENTED_EDGE('',*,*,#7619,.F.);
#7619 = EDGE_CURVE('',#7620,#3809,#7622,.T.);
#7620 = VERTEX_POINT('',#7621);
#7621 = CARTESIAN_POINT('',(-19.925,2.145,1.702));
#7622 = SURFACE_CURVE('',#7623,(#7627,#7634),.PCURVE_S1.);
#7623 = LINE('',#7624,#7625);
#7624 = CARTESIAN_POINT('',(-19.925,2.145,1.702));
#7625 = VECTOR('',#7626,1.);
#7626 = DIRECTION('',(0.,0.,1.));
#7627 = PCURVE('',#3845,#7628);
#7628 = DEFINITIONAL_REPRESENTATION('',(#7629),#7633);
#7629 = LINE('',#7630,#7631);
#7630 = CARTESIAN_POINT('',(0.,0.79));
#7631 = VECTOR('',#7632,1.);
#7632 = DIRECTION('',(1.,0.));
#7633 = ( GEOMETRIC_REPRESENTATION_CONTEXT(2) 
PARAMETRIC_REPRESENTATION_CONTEXT() REPRESENTATION_CONTEXT('2D SPACE',''
  ) );
#7634 = PCURVE('',#3899,#7635);
#7635 = DEFINITIONAL_REPRESENTATION('',(#7636),#7640);
#7636 = LINE('',#7637,#7638);
#7637 = CARTESIAN_POINT('',(0.,0.));
#7638 = VECTOR('',#7639,1.);
#7639 = DIRECTION('',(1.,0.));
#7640 = ( GEOMETRIC_REPRESENTATION_CONTEXT(2) 
PARAMETRIC_REPRESENTATION_CONTEXT() REPRESENTATION_CONTEXT('2D SPACE',''
  ) );
#7641 = ORIENTED_EDGE('',*,*,#7642,.F.);
#7642 = EDGE_CURVE('',#7544,#7620,#7643,.T.);
#7643 = SURFACE_CURVE('',#7644,(#7648,#7655),.PCURVE_S1.);
#7644 = LINE('',#7645,#7646);
#7645 = CARTESIAN_POINT('',(-20.715,2.145,1.702));
#7646 = VECTOR('',#7647,1.);
#7647 = DIRECTION('',(1.,0.,0.));
#7648 = PCURVE('',#3845,#7649);
#7649 = DEFINITIONAL_REPRESENTATION('',(#7650),#7654);
#7650 = LINE('',#7651,#7652);
#7651 = CARTESIAN_POINT('',(0.,0.));
#7652 = VECTOR('',#7653,1.);
#7653 = DIRECTION('',(0.,1.));
#7654 = ( GEOMETRIC_REPRESENTATION_CONTEXT(2) 
PARAMETRIC_REPRESENTATION_CONTEXT() REPRESENTATION_CONTEXT('2D SPACE',''
  ) );
#7655 = PCURVE('',#7582,#7656);
#7656 = DEFINITIONAL_REPRESENTATION('',(#7657),#7661);
#7657 = LINE('',#7658,#7659);
#7658 = CARTESIAN_POINT('',(0.,0.));
#7659 = VECTOR('',#7660,1.);
#7660 = DIRECTION('',(1.,0.));
#7661 = ( GEOMETRIC_REPRESENTATION_CONTEXT(2) 
PARAMETRIC_REPRESENTATION_CONTEXT() REPRESENTATION_CONTEXT('2D SPACE',''
  ) );
#7662 = ORIENTED_EDGE('',*,*,#7543,.T.);
#7663 = ORIENTED_EDGE('',*,*,#3831,.T.);
#7664 = ADVANCED_FACE('',(#7665),#3899,.F.);
#7665 = FACE_BOUND('',#7666,.F.);
#7666 = EDGE_LOOP('',(#7667,#7668,#7691,#7712));
#7667 = ORIENTED_EDGE('',*,*,#7619,.F.);
#7668 = ORIENTED_EDGE('',*,*,#7669,.T.);
#7669 = EDGE_CURVE('',#7620,#7670,#7672,.T.);
#7670 = VERTEX_POINT('',#7671);
#7671 = CARTESIAN_POINT('',(-19.925,2.935,1.702));
#7672 = SURFACE_CURVE('',#7673,(#7677,#7684),.PCURVE_S1.);
#7673 = LINE('',#7674,#7675);
#7674 = CARTESIAN_POINT('',(-19.925,2.145,1.702));
#7675 = VECTOR('',#7676,1.);
#7676 = DIRECTION('',(0.,1.,0.));
#7677 = PCURVE('',#3899,#7678);
#7678 = DEFINITIONAL_REPRESENTATION('',(#7679),#7683);
#7679 = LINE('',#7680,#7681);
#7680 = CARTESIAN_POINT('',(0.,0.));
#7681 = VECTOR('',#7682,1.);
#7682 = DIRECTION('',(0.,-1.));
#7683 = ( GEOMETRIC_REPRESENTATION_CONTEXT(2) 
PARAMETRIC_REPRESENTATION_CONTEXT() REPRESENTATION_CONTEXT('2D SPACE',''
  ) );
#7684 = PCURVE('',#7582,#7685);
#7685 = DEFINITIONAL_REPRESENTATION('',(#7686),#7690);
#7686 = LINE('',#7687,#7688);
#7687 = CARTESIAN_POINT('',(0.79,0.));
#7688 = VECTOR('',#7689,1.);
#7689 = DIRECTION('',(0.,1.));
#7690 = ( GEOMETRIC_REPRESENTATION_CONTEXT(2) 
PARAMETRIC_REPRESENTATION_CONTEXT() REPRESENTATION_CONTEXT('2D SPACE',''
  ) );
#7691 = ORIENTED_EDGE('',*,*,#7692,.T.);
#7692 = EDGE_CURVE('',#7670,#3863,#7693,.T.);
#7693 = SURFACE_CURVE('',#7694,(#7698,#7705),.PCURVE_S1.);
#7694 = LINE('',#7695,#7696);
#7695 = CARTESIAN_POINT('',(-19.925,2.935,1.702));
#7696 = VECTOR('',#7697,1.);
#7697 = DIRECTION('',(0.,0.,1.));
#7698 = PCURVE('',#3899,#7699);
#7699 = DEFINITIONAL_REPRESENTATION('',(#7700),#7704);
#7700 = LINE('',#7701,#7702);
#7701 = CARTESIAN_POINT('',(0.,-0.79));
#7702 = VECTOR('',#7703,1.);
#7703 = DIRECTION('',(1.,0.));
#7704 = ( GEOMETRIC_REPRESENTATION_CONTEXT(2) 
PARAMETRIC_REPRESENTATION_CONTEXT() REPRESENTATION_CONTEXT('2D SPACE',''
  ) );
#7705 = PCURVE('',#3931,#7706);
#7706 = DEFINITIONAL_REPRESENTATION('',(#7707),#7711);
#7707 = LINE('',#7708,#7709);
#7708 = CARTESIAN_POINT('',(0.,0.79));
#7709 = VECTOR('',#7710,1.);
#7710 = DIRECTION('',(1.,0.));
#7711 = ( GEOMETRIC_REPRESENTATION_CONTEXT(2) 
PARAMETRIC_REPRESENTATION_CONTEXT() REPRESENTATION_CONTEXT('2D SPACE',''
  ) );
#7712 = ORIENTED_EDGE('',*,*,#3885,.F.);
#7713 = ADVANCED_FACE('',(#7714),#3931,.F.);
#7714 = FACE_BOUND('',#7715,.F.);
#7715 = EDGE_LOOP('',(#7716,#7717,#7738,#7739));
#7716 = ORIENTED_EDGE('',*,*,#7692,.F.);
#7717 = ORIENTED_EDGE('',*,*,#7718,.F.);
#7718 = EDGE_CURVE('',#7567,#7670,#7719,.T.);
#7719 = SURFACE_CURVE('',#7720,(#7724,#7731),.PCURVE_S1.);
#7720 = LINE('',#7721,#7722);
#7721 = CARTESIAN_POINT('',(-20.715,2.935,1.702));
#7722 = VECTOR('',#7723,1.);
#7723 = DIRECTION('',(1.,0.,0.));
#7724 = PCURVE('',#3931,#7725);
#7725 = DEFINITIONAL_REPRESENTATION('',(#7726),#7730);
#7726 = LINE('',#7727,#7728);
#7727 = CARTESIAN_POINT('',(0.,0.));
#7728 = VECTOR('',#7729,1.);
#7729 = DIRECTION('',(0.,1.));
#7730 = ( GEOMETRIC_REPRESENTATION_CONTEXT(2) 
PARAMETRIC_REPRESENTATION_CONTEXT() REPRESENTATION_CONTEXT('2D SPACE',''
  ) );
#7731 = PCURVE('',#7582,#7732);
#7732 = DEFINITIONAL_REPRESENTATION('',(#7733),#7737);
#7733 = LINE('',#7734,#7735);
#7734 = CARTESIAN_POINT('',(0.,0.79));
#7735 = VECTOR('',#7736,1.);
#7736 = DIRECTION('',(1.,0.));
#7737 = ( GEOMETRIC_REPRESENTATION_CONTEXT(2) 
PARAMETRIC_REPRESENTATION_CONTEXT() REPRESENTATION_CONTEXT('2D SPACE',''
  ) );
#7738 = ORIENTED_EDGE('',*,*,#7594,.T.);
#7739 = ORIENTED_EDGE('',*,*,#3917,.T.);
#7740 = ADVANCED_FACE('',(#7741),#4007,.T.);
#7741 = FACE_BOUND('',#7742,.T.);
#7742 = EDGE_LOOP('',(#7743,#7766,#7794,#7815));
#7743 = ORIENTED_EDGE('',*,*,#7744,.F.);
#7744 = EDGE_CURVE('',#7745,#3971,#7747,.T.);
#7745 = VERTEX_POINT('',#7746);
#7746 = CARTESIAN_POINT('',(-17.385,2.145,1.702));
#7747 = SURFACE_CURVE('',#7748,(#7752,#7759),.PCURVE_S1.);
#7748 = LINE('',#7749,#7750);
#7749 = CARTESIAN_POINT('',(-17.385,2.145,1.702));
#7750 = VECTOR('',#7751,1.);
#7751 = DIRECTION('',(0.,0.,1.));
#7752 = PCURVE('',#4007,#7753);
#7753 = DEFINITIONAL_REPRESENTATION('',(#7754),#7758);
#7754 = LINE('',#7755,#7756);
#7755 = CARTESIAN_POINT('',(0.,0.79));
#7756 = VECTOR('',#7757,1.);
#7757 = DIRECTION('',(1.,0.));
#7758 = ( GEOMETRIC_REPRESENTATION_CONTEXT(2) 
PARAMETRIC_REPRESENTATION_CONTEXT() REPRESENTATION_CONTEXT('2D SPACE',''
  ) );
#7759 = PCURVE('',#4061,#7760);
#7760 = DEFINITIONAL_REPRESENTATION('',(#7761),#7765);
#7761 = LINE('',#7762,#7763);
#7762 = CARTESIAN_POINT('',(0.,0.));
#7763 = VECTOR('',#7764,1.);
#7764 = DIRECTION('',(1.,0.));
#7765 = ( GEOMETRIC_REPRESENTATION_CONTEXT(2) 
PARAMETRIC_REPRESENTATION_CONTEXT() REPRESENTATION_CONTEXT('2D SPACE',''
  ) );
#7766 = ORIENTED_EDGE('',*,*,#7767,.F.);
#7767 = EDGE_CURVE('',#7768,#7745,#7770,.T.);
#7768 = VERTEX_POINT('',#7769);
#7769 = CARTESIAN_POINT('',(-18.175,2.145,1.702));
#7770 = SURFACE_CURVE('',#7771,(#7775,#7782),.PCURVE_S1.);
#7771 = LINE('',#7772,#7773);
#7772 = CARTESIAN_POINT('',(-18.175,2.145,1.702));
#7773 = VECTOR('',#7774,1.);
#7774 = DIRECTION('',(1.,0.,0.));
#7775 = PCURVE('',#4007,#7776);
#7776 = DEFINITIONAL_REPRESENTATION('',(#7777),#7781);
#7777 = LINE('',#7778,#7779);
#7778 = CARTESIAN_POINT('',(0.,0.));
#7779 = VECTOR('',#7780,1.);
#7780 = DIRECTION('',(0.,1.));
#7781 = ( GEOMETRIC_REPRESENTATION_CONTEXT(2) 
PARAMETRIC_REPRESENTATION_CONTEXT() REPRESENTATION_CONTEXT('2D SPACE',''
  ) );
#7782 = PCURVE('',#7783,#7788);
#7783 = PLANE('',#7784);
#7784 = AXIS2_PLACEMENT_3D('',#7785,#7786,#7787);
#7785 = CARTESIAN_POINT('',(-18.175,2.145,1.702));
#7786 = DIRECTION('',(0.,0.,1.));
#7787 = DIRECTION('',(1.,0.,0.));
#7788 = DEFINITIONAL_REPRESENTATION('',(#7789),#7793);
#7789 = LINE('',#7790,#7791);
#7790 = CARTESIAN_POINT('',(0.,0.));
#7791 = VECTOR('',#7792,1.);
#7792 = DIRECTION('',(1.,0.));
#7793 = ( GEOMETRIC_REPRESENTATION_CONTEXT(2) 
PARAMETRIC_REPRESENTATION_CONTEXT() REPRESENTATION_CONTEXT('2D SPACE',''
  ) );
#7794 = ORIENTED_EDGE('',*,*,#7795,.T.);
#7795 = EDGE_CURVE('',#7768,#3947,#7796,.T.);
#7796 = SURFACE_CURVE('',#7797,(#7801,#7808),.PCURVE_S1.);
#7797 = LINE('',#7798,#7799);
#7798 = CARTESIAN_POINT('',(-18.175,2.145,1.702));
#7799 = VECTOR('',#7800,1.);
#7800 = DIRECTION('',(0.,0.,1.));
#7801 = PCURVE('',#4007,#7802);
#7802 = DEFINITIONAL_REPRESENTATION('',(#7803),#7807);
#7803 = LINE('',#7804,#7805);
#7804 = CARTESIAN_POINT('',(0.,0.));
#7805 = VECTOR('',#7806,1.);
#7806 = DIRECTION('',(1.,0.));
#7807 = ( GEOMETRIC_REPRESENTATION_CONTEXT(2) 
PARAMETRIC_REPRESENTATION_CONTEXT() REPRESENTATION_CONTEXT('2D SPACE',''
  ) );
#7808 = PCURVE('',#4147,#7809);
#7809 = DEFINITIONAL_REPRESENTATION('',(#7810),#7814);
#7810 = LINE('',#7811,#7812);
#7811 = CARTESIAN_POINT('',(0.,0.));
#7812 = VECTOR('',#7813,1.);
#7813 = DIRECTION('',(1.,0.));
#7814 = ( GEOMETRIC_REPRESENTATION_CONTEXT(2) 
PARAMETRIC_REPRESENTATION_CONTEXT() REPRESENTATION_CONTEXT('2D SPACE',''
  ) );
#7815 = ORIENTED_EDGE('',*,*,#3993,.T.);
#7816 = ADVANCED_FACE('',(#7817),#4061,.F.);
#7817 = FACE_BOUND('',#7818,.F.);
#7818 = EDGE_LOOP('',(#7819,#7820,#7843,#7864));
#7819 = ORIENTED_EDGE('',*,*,#7744,.F.);
#7820 = ORIENTED_EDGE('',*,*,#7821,.T.);
#7821 = EDGE_CURVE('',#7745,#7822,#7824,.T.);
#7822 = VERTEX_POINT('',#7823);
#7823 = CARTESIAN_POINT('',(-17.385,2.935,1.702));
#7824 = SURFACE_CURVE('',#7825,(#7829,#7836),.PCURVE_S1.);
#7825 = LINE('',#7826,#7827);
#7826 = CARTESIAN_POINT('',(-17.385,2.145,1.702));
#7827 = VECTOR('',#7828,1.);
#7828 = DIRECTION('',(0.,1.,0.));
#7829 = PCURVE('',#4061,#7830);
#7830 = DEFINITIONAL_REPRESENTATION('',(#7831),#7835);
#7831 = LINE('',#7832,#7833);
#7832 = CARTESIAN_POINT('',(0.,0.));
#7833 = VECTOR('',#7834,1.);
#7834 = DIRECTION('',(0.,-1.));
#7835 = ( GEOMETRIC_REPRESENTATION_CONTEXT(2) 
PARAMETRIC_REPRESENTATION_CONTEXT() REPRESENTATION_CONTEXT('2D SPACE',''
  ) );
#7836 = PCURVE('',#7783,#7837);
#7837 = DEFINITIONAL_REPRESENTATION('',(#7838),#7842);
#7838 = LINE('',#7839,#7840);
#7839 = CARTESIAN_POINT('',(0.79,0.));
#7840 = VECTOR('',#7841,1.);
#7841 = DIRECTION('',(0.,1.));
#7842 = ( GEOMETRIC_REPRESENTATION_CONTEXT(2) 
PARAMETRIC_REPRESENTATION_CONTEXT() REPRESENTATION_CONTEXT('2D SPACE',''
  ) );
#7843 = ORIENTED_EDGE('',*,*,#7844,.T.);
#7844 = EDGE_CURVE('',#7822,#4025,#7845,.T.);
#7845 = SURFACE_CURVE('',#7846,(#7850,#7857),.PCURVE_S1.);
#7846 = LINE('',#7847,#7848);
#7847 = CARTESIAN_POINT('',(-17.385,2.935,1.702));
#7848 = VECTOR('',#7849,1.);
#7849 = DIRECTION('',(0.,0.,1.));
#7850 = PCURVE('',#4061,#7851);
#7851 = DEFINITIONAL_REPRESENTATION('',(#7852),#7856);
#7852 = LINE('',#7853,#7854);
#7853 = CARTESIAN_POINT('',(0.,-0.79));
#7854 = VECTOR('',#7855,1.);
#7855 = DIRECTION('',(1.,0.));
#7856 = ( GEOMETRIC_REPRESENTATION_CONTEXT(2) 
PARAMETRIC_REPRESENTATION_CONTEXT() REPRESENTATION_CONTEXT('2D SPACE',''
  ) );
#7857 = PCURVE('',#4115,#7858);
#7858 = DEFINITIONAL_REPRESENTATION('',(#7859),#7863);
#7859 = LINE('',#7860,#7861);
#7860 = CARTESIAN_POINT('',(0.,0.79));
#7861 = VECTOR('',#7862,1.);
#7862 = DIRECTION('',(1.,0.));
#7863 = ( GEOMETRIC_REPRESENTATION_CONTEXT(2) 
PARAMETRIC_REPRESENTATION_CONTEXT() REPRESENTATION_CONTEXT('2D SPACE',''
  ) );
#7864 = ORIENTED_EDGE('',*,*,#4047,.F.);
#7865 = ADVANCED_FACE('',(#7866),#4115,.F.);
#7866 = FACE_BOUND('',#7867,.F.);
#7867 = EDGE_LOOP('',(#7868,#7869,#7892,#7913));
#7868 = ORIENTED_EDGE('',*,*,#7844,.F.);
#7869 = ORIENTED_EDGE('',*,*,#7870,.F.);
#7870 = EDGE_CURVE('',#7871,#7822,#7873,.T.);
#7871 = VERTEX_POINT('',#7872);
#7872 = CARTESIAN_POINT('',(-18.175,2.935,1.702));
#7873 = SURFACE_CURVE('',#7874,(#7878,#7885),.PCURVE_S1.);
#7874 = LINE('',#7875,#7876);
#7875 = CARTESIAN_POINT('',(-18.175,2.935,1.702));
#7876 = VECTOR('',#7877,1.);
#7877 = DIRECTION('',(1.,0.,0.));
#7878 = PCURVE('',#4115,#7879);
#7879 = DEFINITIONAL_REPRESENTATION('',(#7880),#7884);
#7880 = LINE('',#7881,#7882);
#7881 = CARTESIAN_POINT('',(0.,0.));
#7882 = VECTOR('',#7883,1.);
#7883 = DIRECTION('',(0.,1.));
#7884 = ( GEOMETRIC_REPRESENTATION_CONTEXT(2) 
PARAMETRIC_REPRESENTATION_CONTEXT() REPRESENTATION_CONTEXT('2D SPACE',''
  ) );
#7885 = PCURVE('',#7783,#7886);
#7886 = DEFINITIONAL_REPRESENTATION('',(#7887),#7891);
#7887 = LINE('',#7888,#7889);
#7888 = CARTESIAN_POINT('',(0.,0.79));
#7889 = VECTOR('',#7890,1.);
#7890 = DIRECTION('',(1.,0.));
#7891 = ( GEOMETRIC_REPRESENTATION_CONTEXT(2) 
PARAMETRIC_REPRESENTATION_CONTEXT() REPRESENTATION_CONTEXT('2D SPACE',''
  ) );
#7892 = ORIENTED_EDGE('',*,*,#7893,.T.);
#7893 = EDGE_CURVE('',#7871,#4077,#7894,.T.);
#7894 = SURFACE_CURVE('',#7895,(#7899,#7906),.PCURVE_S1.);
#7895 = LINE('',#7896,#7897);
#7896 = CARTESIAN_POINT('',(-18.175,2.935,1.702));
#7897 = VECTOR('',#7898,1.);
#7898 = DIRECTION('',(0.,0.,1.));
#7899 = PCURVE('',#4115,#7900);
#7900 = DEFINITIONAL_REPRESENTATION('',(#7901),#7905);
#7901 = LINE('',#7902,#7903);
#7902 = CARTESIAN_POINT('',(0.,0.));
#7903 = VECTOR('',#7904,1.);
#7904 = DIRECTION('',(1.,0.));
#7905 = ( GEOMETRIC_REPRESENTATION_CONTEXT(2) 
PARAMETRIC_REPRESENTATION_CONTEXT() REPRESENTATION_CONTEXT('2D SPACE',''
  ) );
#7906 = PCURVE('',#4147,#7907);
#7907 = DEFINITIONAL_REPRESENTATION('',(#7908),#7912);
#7908 = LINE('',#7909,#7910);
#7909 = CARTESIAN_POINT('',(0.,-0.79));
#7910 = VECTOR('',#7911,1.);
#7911 = DIRECTION('',(1.,0.));
#7912 = ( GEOMETRIC_REPRESENTATION_CONTEXT(2) 
PARAMETRIC_REPRESENTATION_CONTEXT() REPRESENTATION_CONTEXT('2D SPACE',''
  ) );
#7913 = ORIENTED_EDGE('',*,*,#4101,.T.);
#7914 = ADVANCED_FACE('',(#7915),#4147,.T.);
#7915 = FACE_BOUND('',#7916,.T.);
#7916 = EDGE_LOOP('',(#7917,#7918,#7939,#7940));
#7917 = ORIENTED_EDGE('',*,*,#7795,.F.);
#7918 = ORIENTED_EDGE('',*,*,#7919,.T.);
#7919 = EDGE_CURVE('',#7768,#7871,#7920,.T.);
#7920 = SURFACE_CURVE('',#7921,(#7925,#7932),.PCURVE_S1.);
#7921 = LINE('',#7922,#7923);
#7922 = CARTESIAN_POINT('',(-18.175,2.145,1.702));
#7923 = VECTOR('',#7924,1.);
#7924 = DIRECTION('',(0.,1.,0.));
#7925 = PCURVE('',#4147,#7926);
#7926 = DEFINITIONAL_REPRESENTATION('',(#7927),#7931);
#7927 = LINE('',#7928,#7929);
#7928 = CARTESIAN_POINT('',(0.,0.));
#7929 = VECTOR('',#7930,1.);
#7930 = DIRECTION('',(0.,-1.));
#7931 = ( GEOMETRIC_REPRESENTATION_CONTEXT(2) 
PARAMETRIC_REPRESENTATION_CONTEXT() REPRESENTATION_CONTEXT('2D SPACE',''
  ) );
#7932 = PCURVE('',#7783,#7933);
#7933 = DEFINITIONAL_REPRESENTATION('',(#7934),#7938);
#7934 = LINE('',#7935,#7936);
#7935 = CARTESIAN_POINT('',(0.,0.));
#7936 = VECTOR('',#7937,1.);
#7937 = DIRECTION('',(0.,1.));
#7938 = ( GEOMETRIC_REPRESENTATION_CONTEXT(2) 
PARAMETRIC_REPRESENTATION_CONTEXT() REPRESENTATION_CONTEXT('2D SPACE',''
  ) );
#7939 = ORIENTED_EDGE('',*,*,#7893,.T.);
#7940 = ORIENTED_EDGE('',*,*,#4133,.F.);
#7941 = ADVANCED_FACE('',(#7942),#4223,.T.);
#7942 = FACE_BOUND('',#7943,.T.);
#7943 = EDGE_LOOP('',(#7944,#7967,#7995,#8016));
#7944 = ORIENTED_EDGE('',*,*,#7945,.F.);
#7945 = EDGE_CURVE('',#7946,#4187,#7948,.T.);
#7946 = VERTEX_POINT('',#7947);
#7947 = CARTESIAN_POINT('',(-14.845,2.145,1.702));
#7948 = SURFACE_CURVE('',#7949,(#7953,#7960),.PCURVE_S1.);
#7949 = LINE('',#7950,#7951);
#7950 = CARTESIAN_POINT('',(-14.845,2.145,1.702));
#7951 = VECTOR('',#7952,1.);
#7952 = DIRECTION('',(0.,0.,1.));
#7953 = PCURVE('',#4223,#7954);
#7954 = DEFINITIONAL_REPRESENTATION('',(#7955),#7959);
#7955 = LINE('',#7956,#7957);
#7956 = CARTESIAN_POINT('',(0.,0.79));
#7957 = VECTOR('',#7958,1.);
#7958 = DIRECTION('',(1.,0.));
#7959 = ( GEOMETRIC_REPRESENTATION_CONTEXT(2) 
PARAMETRIC_REPRESENTATION_CONTEXT() REPRESENTATION_CONTEXT('2D SPACE',''
  ) );
#7960 = PCURVE('',#4277,#7961);
#7961 = DEFINITIONAL_REPRESENTATION('',(#7962),#7966);
#7962 = LINE('',#7963,#7964);
#7963 = CARTESIAN_POINT('',(0.,0.));
#7964 = VECTOR('',#7965,1.);
#7965 = DIRECTION('',(1.,0.));
#7966 = ( GEOMETRIC_REPRESENTATION_CONTEXT(2) 
PARAMETRIC_REPRESENTATION_CONTEXT() REPRESENTATION_CONTEXT('2D SPACE',''
  ) );
#7967 = ORIENTED_EDGE('',*,*,#7968,.F.);
#7968 = EDGE_CURVE('',#7969,#7946,#7971,.T.);
#7969 = VERTEX_POINT('',#7970);
#7970 = CARTESIAN_POINT('',(-15.635,2.145,1.702));
#7971 = SURFACE_CURVE('',#7972,(#7976,#7983),.PCURVE_S1.);
#7972 = LINE('',#7973,#7974);
#7973 = CARTESIAN_POINT('',(-15.635,2.145,1.702));
#7974 = VECTOR('',#7975,1.);
#7975 = DIRECTION('',(1.,0.,0.));
#7976 = PCURVE('',#4223,#7977);
#7977 = DEFINITIONAL_REPRESENTATION('',(#7978),#7982);
#7978 = LINE('',#7979,#7980);
#7979 = CARTESIAN_POINT('',(0.,0.));
#7980 = VECTOR('',#7981,1.);
#7981 = DIRECTION('',(0.,1.));
#7982 = ( GEOMETRIC_REPRESENTATION_CONTEXT(2) 
PARAMETRIC_REPRESENTATION_CONTEXT() REPRESENTATION_CONTEXT('2D SPACE',''
  ) );
#7983 = PCURVE('',#7984,#7989);
#7984 = PLANE('',#7985);
#7985 = AXIS2_PLACEMENT_3D('',#7986,#7987,#7988);
#7986 = CARTESIAN_POINT('',(-15.635,2.145,1.702));
#7987 = DIRECTION('',(0.,0.,1.));
#7988 = DIRECTION('',(1.,0.,0.));
#7989 = DEFINITIONAL_REPRESENTATION('',(#7990),#7994);
#7990 = LINE('',#7991,#7992);
#7991 = CARTESIAN_POINT('',(0.,0.));
#7992 = VECTOR('',#7993,1.);
#7993 = DIRECTION('',(1.,0.));
#7994 = ( GEOMETRIC_REPRESENTATION_CONTEXT(2) 
PARAMETRIC_REPRESENTATION_CONTEXT() REPRESENTATION_CONTEXT('2D SPACE',''
  ) );
#7995 = ORIENTED_EDGE('',*,*,#7996,.T.);
#7996 = EDGE_CURVE('',#7969,#4163,#7997,.T.);
#7997 = SURFACE_CURVE('',#7998,(#8002,#8009),.PCURVE_S1.);
#7998 = LINE('',#7999,#8000);
#7999 = CARTESIAN_POINT('',(-15.635,2.145,1.702));
#8000 = VECTOR('',#8001,1.);
#8001 = DIRECTION('',(0.,0.,1.));
#8002 = PCURVE('',#4223,#8003);
#8003 = DEFINITIONAL_REPRESENTATION('',(#8004),#8008);
#8004 = LINE('',#8005,#8006);
#8005 = CARTESIAN_POINT('',(0.,0.));
#8006 = VECTOR('',#8007,1.);
#8007 = DIRECTION('',(1.,0.));
#8008 = ( GEOMETRIC_REPRESENTATION_CONTEXT(2) 
PARAMETRIC_REPRESENTATION_CONTEXT() REPRESENTATION_CONTEXT('2D SPACE',''
  ) );
#8009 = PCURVE('',#4363,#8010);
#8010 = DEFINITIONAL_REPRESENTATION('',(#8011),#8015);
#8011 = LINE('',#8012,#8013);
#8012 = CARTESIAN_POINT('',(0.,0.));
#8013 = VECTOR('',#8014,1.);
#8014 = DIRECTION('',(1.,0.));
#8015 = ( GEOMETRIC_REPRESENTATION_CONTEXT(2) 
PARAMETRIC_REPRESENTATION_CONTEXT() REPRESENTATION_CONTEXT('2D SPACE',''
  ) );
#8016 = ORIENTED_EDGE('',*,*,#4209,.T.);
#8017 = ADVANCED_FACE('',(#8018),#4277,.F.);
#8018 = FACE_BOUND('',#8019,.F.);
#8019 = EDGE_LOOP('',(#8020,#8021,#8044,#8065));
#8020 = ORIENTED_EDGE('',*,*,#7945,.F.);
#8021 = ORIENTED_EDGE('',*,*,#8022,.T.);
#8022 = EDGE_CURVE('',#7946,#8023,#8025,.T.);
#8023 = VERTEX_POINT('',#8024);
#8024 = CARTESIAN_POINT('',(-14.845,2.935,1.702));
#8025 = SURFACE_CURVE('',#8026,(#8030,#8037),.PCURVE_S1.);
#8026 = LINE('',#8027,#8028);
#8027 = CARTESIAN_POINT('',(-14.845,2.145,1.702));
#8028 = VECTOR('',#8029,1.);
#8029 = DIRECTION('',(0.,1.,0.));
#8030 = PCURVE('',#4277,#8031);
#8031 = DEFINITIONAL_REPRESENTATION('',(#8032),#8036);
#8032 = LINE('',#8033,#8034);
#8033 = CARTESIAN_POINT('',(0.,0.));
#8034 = VECTOR('',#8035,1.);
#8035 = DIRECTION('',(0.,-1.));
#8036 = ( GEOMETRIC_REPRESENTATION_CONTEXT(2) 
PARAMETRIC_REPRESENTATION_CONTEXT() REPRESENTATION_CONTEXT('2D SPACE',''
  ) );
#8037 = PCURVE('',#7984,#8038);
#8038 = DEFINITIONAL_REPRESENTATION('',(#8039),#8043);
#8039 = LINE('',#8040,#8041);
#8040 = CARTESIAN_POINT('',(0.79,0.));
#8041 = VECTOR('',#8042,1.);
#8042 = DIRECTION('',(0.,1.));
#8043 = ( GEOMETRIC_REPRESENTATION_CONTEXT(2) 
PARAMETRIC_REPRESENTATION_CONTEXT() REPRESENTATION_CONTEXT('2D SPACE',''
  ) );
#8044 = ORIENTED_EDGE('',*,*,#8045,.T.);
#8045 = EDGE_CURVE('',#8023,#4241,#8046,.T.);
#8046 = SURFACE_CURVE('',#8047,(#8051,#8058),.PCURVE_S1.);
#8047 = LINE('',#8048,#8049);
#8048 = CARTESIAN_POINT('',(-14.845,2.935,1.702));
#8049 = VECTOR('',#8050,1.);
#8050 = DIRECTION('',(0.,0.,1.));
#8051 = PCURVE('',#4277,#8052);
#8052 = DEFINITIONAL_REPRESENTATION('',(#8053),#8057);
#8053 = LINE('',#8054,#8055);
#8054 = CARTESIAN_POINT('',(0.,-0.79));
#8055 = VECTOR('',#8056,1.);
#8056 = DIRECTION('',(1.,0.));
#8057 = ( GEOMETRIC_REPRESENTATION_CONTEXT(2) 
PARAMETRIC_REPRESENTATION_CONTEXT() REPRESENTATION_CONTEXT('2D SPACE',''
  ) );
#8058 = PCURVE('',#4331,#8059);
#8059 = DEFINITIONAL_REPRESENTATION('',(#8060),#8064);
#8060 = LINE('',#8061,#8062);
#8061 = CARTESIAN_POINT('',(0.,0.79));
#8062 = VECTOR('',#8063,1.);
#8063 = DIRECTION('',(1.,0.));
#8064 = ( GEOMETRIC_REPRESENTATION_CONTEXT(2) 
PARAMETRIC_REPRESENTATION_CONTEXT() REPRESENTATION_CONTEXT('2D SPACE',''
  ) );
#8065 = ORIENTED_EDGE('',*,*,#4263,.F.);
#8066 = ADVANCED_FACE('',(#8067),#4331,.F.);
#8067 = FACE_BOUND('',#8068,.F.);
#8068 = EDGE_LOOP('',(#8069,#8070,#8093,#8114));
#8069 = ORIENTED_EDGE('',*,*,#8045,.F.);
#8070 = ORIENTED_EDGE('',*,*,#8071,.F.);
#8071 = EDGE_CURVE('',#8072,#8023,#8074,.T.);
#8072 = VERTEX_POINT('',#8073);
#8073 = CARTESIAN_POINT('',(-15.635,2.935,1.702));
#8074 = SURFACE_CURVE('',#8075,(#8079,#8086),.PCURVE_S1.);
#8075 = LINE('',#8076,#8077);
#8076 = CARTESIAN_POINT('',(-15.635,2.935,1.702));
#8077 = VECTOR('',#8078,1.);
#8078 = DIRECTION('',(1.,0.,0.));
#8079 = PCURVE('',#4331,#8080);
#8080 = DEFINITIONAL_REPRESENTATION('',(#8081),#8085);
#8081 = LINE('',#8082,#8083);
#8082 = CARTESIAN_POINT('',(0.,0.));
#8083 = VECTOR('',#8084,1.);
#8084 = DIRECTION('',(0.,1.));
#8085 = ( GEOMETRIC_REPRESENTATION_CONTEXT(2) 
PARAMETRIC_REPRESENTATION_CONTEXT() REPRESENTATION_CONTEXT('2D SPACE',''
  ) );
#8086 = PCURVE('',#7984,#8087);
#8087 = DEFINITIONAL_REPRESENTATION('',(#8088),#8092);
#8088 = LINE('',#8089,#8090);
#8089 = CARTESIAN_POINT('',(0.,0.79));
#8090 = VECTOR('',#8091,1.);
#8091 = DIRECTION('',(1.,0.));
#8092 = ( GEOMETRIC_REPRESENTATION_CONTEXT(2) 
PARAMETRIC_REPRESENTATION_CONTEXT() REPRESENTATION_CONTEXT('2D SPACE',''
  ) );
#8093 = ORIENTED_EDGE('',*,*,#8094,.T.);
#8094 = EDGE_CURVE('',#8072,#4293,#8095,.T.);
#8095 = SURFACE_CURVE('',#8096,(#8100,#8107),.PCURVE_S1.);
#8096 = LINE('',#8097,#8098);
#8097 = CARTESIAN_POINT('',(-15.635,2.935,1.702));
#8098 = VECTOR('',#8099,1.);
#8099 = DIRECTION('',(0.,0.,1.));
#8100 = PCURVE('',#4331,#8101);
#8101 = DEFINITIONAL_REPRESENTATION('',(#8102),#8106);
#8102 = LINE('',#8103,#8104);
#8103 = CARTESIAN_POINT('',(0.,0.));
#8104 = VECTOR('',#8105,1.);
#8105 = DIRECTION('',(1.,0.));
#8106 = ( GEOMETRIC_REPRESENTATION_CONTEXT(2) 
PARAMETRIC_REPRESENTATION_CONTEXT() REPRESENTATION_CONTEXT('2D SPACE',''
  ) );
#8107 = PCURVE('',#4363,#8108);
#8108 = DEFINITIONAL_REPRESENTATION('',(#8109),#8113);
#8109 = LINE('',#8110,#8111);
#8110 = CARTESIAN_POINT('',(0.,-0.79));
#8111 = VECTOR('',#8112,1.);
#8112 = DIRECTION('',(1.,0.));
#8113 = ( GEOMETRIC_REPRESENTATION_CONTEXT(2) 
PARAMETRIC_REPRESENTATION_CONTEXT() REPRESENTATION_CONTEXT('2D SPACE',''
  ) );
#8114 = ORIENTED_EDGE('',*,*,#4317,.T.);
#8115 = ADVANCED_FACE('',(#8116),#4363,.T.);
#8116 = FACE_BOUND('',#8117,.T.);
#8117 = EDGE_LOOP('',(#8118,#8119,#8140,#8141));
#8118 = ORIENTED_EDGE('',*,*,#7996,.F.);
#8119 = ORIENTED_EDGE('',*,*,#8120,.T.);
#8120 = EDGE_CURVE('',#7969,#8072,#8121,.T.);
#8121 = SURFACE_CURVE('',#8122,(#8126,#8133),.PCURVE_S1.);
#8122 = LINE('',#8123,#8124);
#8123 = CARTESIAN_POINT('',(-15.635,2.145,1.702));
#8124 = VECTOR('',#8125,1.);
#8125 = DIRECTION('',(0.,1.,0.));
#8126 = PCURVE('',#4363,#8127);
#8127 = DEFINITIONAL_REPRESENTATION('',(#8128),#8132);
#8128 = LINE('',#8129,#8130);
#8129 = CARTESIAN_POINT('',(0.,0.));
#8130 = VECTOR('',#8131,1.);
#8131 = DIRECTION('',(0.,-1.));
#8132 = ( GEOMETRIC_REPRESENTATION_CONTEXT(2) 
PARAMETRIC_REPRESENTATION_CONTEXT() REPRESENTATION_CONTEXT('2D SPACE',''
  ) );
#8133 = PCURVE('',#7984,#8134);
#8134 = DEFINITIONAL_REPRESENTATION('',(#8135),#8139);
#8135 = LINE('',#8136,#8137);
#8136 = CARTESIAN_POINT('',(0.,0.));
#8137 = VECTOR('',#8138,1.);
#8138 = DIRECTION('',(0.,1.));
#8139 = ( GEOMETRIC_REPRESENTATION_CONTEXT(2) 
PARAMETRIC_REPRESENTATION_CONTEXT() REPRESENTATION_CONTEXT('2D SPACE',''
  ) );
#8140 = ORIENTED_EDGE('',*,*,#8094,.T.);
#8141 = ORIENTED_EDGE('',*,*,#4349,.F.);
#8142 = ADVANCED_FACE('',(#8143),#4439,.T.);
#8143 = FACE_BOUND('',#8144,.T.);
#8144 = EDGE_LOOP('',(#8145,#8168,#8196,#8217));
#8145 = ORIENTED_EDGE('',*,*,#8146,.F.);
#8146 = EDGE_CURVE('',#8147,#4379,#8149,.T.);
#8147 = VERTEX_POINT('',#8148);
#8148 = CARTESIAN_POINT('',(-13.095,2.145,1.702));
#8149 = SURFACE_CURVE('',#8150,(#8154,#8161),.PCURVE_S1.);
#8150 = LINE('',#8151,#8152);
#8151 = CARTESIAN_POINT('',(-13.095,2.145,1.702));
#8152 = VECTOR('',#8153,1.);
#8153 = DIRECTION('',(0.,0.,1.));
#8154 = PCURVE('',#4439,#8155);
#8155 = DEFINITIONAL_REPRESENTATION('',(#8156),#8160);
#8156 = LINE('',#8157,#8158);
#8157 = CARTESIAN_POINT('',(0.,0.));
#8158 = VECTOR('',#8159,1.);
#8159 = DIRECTION('',(1.,0.));
#8160 = ( GEOMETRIC_REPRESENTATION_CONTEXT(2) 
PARAMETRIC_REPRESENTATION_CONTEXT() REPRESENTATION_CONTEXT('2D SPACE',''
  ) );
#8161 = PCURVE('',#4493,#8162);
#8162 = DEFINITIONAL_REPRESENTATION('',(#8163),#8167);
#8163 = LINE('',#8164,#8165);
#8164 = CARTESIAN_POINT('',(0.,0.));
#8165 = VECTOR('',#8166,1.);
#8166 = DIRECTION('',(1.,0.));
#8167 = ( GEOMETRIC_REPRESENTATION_CONTEXT(2) 
PARAMETRIC_REPRESENTATION_CONTEXT() REPRESENTATION_CONTEXT('2D SPACE',''
  ) );
#8168 = ORIENTED_EDGE('',*,*,#8169,.T.);
#8169 = EDGE_CURVE('',#8147,#8170,#8172,.T.);
#8170 = VERTEX_POINT('',#8171);
#8171 = CARTESIAN_POINT('',(-13.095,2.935,1.702));
#8172 = SURFACE_CURVE('',#8173,(#8177,#8184),.PCURVE_S1.);
#8173 = LINE('',#8174,#8175);
#8174 = CARTESIAN_POINT('',(-13.095,2.145,1.702));
#8175 = VECTOR('',#8176,1.);
#8176 = DIRECTION('',(0.,1.,0.));
#8177 = PCURVE('',#4439,#8178);
#8178 = DEFINITIONAL_REPRESENTATION('',(#8179),#8183);
#8179 = LINE('',#8180,#8181);
#8180 = CARTESIAN_POINT('',(0.,0.));
#8181 = VECTOR('',#8182,1.);
#8182 = DIRECTION('',(0.,-1.));
#8183 = ( GEOMETRIC_REPRESENTATION_CONTEXT(2) 
PARAMETRIC_REPRESENTATION_CONTEXT() REPRESENTATION_CONTEXT('2D SPACE',''
  ) );
#8184 = PCURVE('',#8185,#8190);
#8185 = PLANE('',#8186);
#8186 = AXIS2_PLACEMENT_3D('',#8187,#8188,#8189);
#8187 = CARTESIAN_POINT('',(-13.095,2.145,1.702));
#8188 = DIRECTION('',(0.,0.,1.));
#8189 = DIRECTION('',(1.,0.,0.));
#8190 = DEFINITIONAL_REPRESENTATION('',(#8191),#8195);
#8191 = LINE('',#8192,#8193);
#8192 = CARTESIAN_POINT('',(0.,0.));
#8193 = VECTOR('',#8194,1.);
#8194 = DIRECTION('',(0.,1.));
#8195 = ( GEOMETRIC_REPRESENTATION_CONTEXT(2) 
PARAMETRIC_REPRESENTATION_CONTEXT() REPRESENTATION_CONTEXT('2D SPACE',''
  ) );
#8196 = ORIENTED_EDGE('',*,*,#8197,.T.);
#8197 = EDGE_CURVE('',#8170,#4403,#8198,.T.);
#8198 = SURFACE_CURVE('',#8199,(#8203,#8210),.PCURVE_S1.);
#8199 = LINE('',#8200,#8201);
#8200 = CARTESIAN_POINT('',(-13.095,2.935,1.702));
#8201 = VECTOR('',#8202,1.);
#8202 = DIRECTION('',(0.,0.,1.));
#8203 = PCURVE('',#4439,#8204);
#8204 = DEFINITIONAL_REPRESENTATION('',(#8205),#8209);
#8205 = LINE('',#8206,#8207);
#8206 = CARTESIAN_POINT('',(0.,-0.79));
#8207 = VECTOR('',#8208,1.);
#8208 = DIRECTION('',(1.,0.));
#8209 = ( GEOMETRIC_REPRESENTATION_CONTEXT(2) 
PARAMETRIC_REPRESENTATION_CONTEXT() REPRESENTATION_CONTEXT('2D SPACE',''
  ) );
#8210 = PCURVE('',#4579,#8211);
#8211 = DEFINITIONAL_REPRESENTATION('',(#8212),#8216);
#8212 = LINE('',#8213,#8214);
#8213 = CARTESIAN_POINT('',(0.,0.));
#8214 = VECTOR('',#8215,1.);
#8215 = DIRECTION('',(1.,0.));
#8216 = ( GEOMETRIC_REPRESENTATION_CONTEXT(2) 
PARAMETRIC_REPRESENTATION_CONTEXT() REPRESENTATION_CONTEXT('2D SPACE',''
  ) );
#8217 = ORIENTED_EDGE('',*,*,#4425,.F.);
#8218 = ADVANCED_FACE('',(#8219),#4493,.T.);
#8219 = FACE_BOUND('',#8220,.T.);
#8220 = EDGE_LOOP('',(#8221,#8244,#8265,#8266));
#8221 = ORIENTED_EDGE('',*,*,#8222,.F.);
#8222 = EDGE_CURVE('',#8223,#4457,#8225,.T.);
#8223 = VERTEX_POINT('',#8224);
#8224 = CARTESIAN_POINT('',(-12.305,2.145,1.702));
#8225 = SURFACE_CURVE('',#8226,(#8230,#8237),.PCURVE_S1.);
#8226 = LINE('',#8227,#8228);
#8227 = CARTESIAN_POINT('',(-12.305,2.145,1.702));
#8228 = VECTOR('',#8229,1.);
#8229 = DIRECTION('',(0.,0.,1.));
#8230 = PCURVE('',#4493,#8231);
#8231 = DEFINITIONAL_REPRESENTATION('',(#8232),#8236);
#8232 = LINE('',#8233,#8234);
#8233 = CARTESIAN_POINT('',(0.,0.79));
#8234 = VECTOR('',#8235,1.);
#8235 = DIRECTION('',(1.,0.));
#8236 = ( GEOMETRIC_REPRESENTATION_CONTEXT(2) 
PARAMETRIC_REPRESENTATION_CONTEXT() REPRESENTATION_CONTEXT('2D SPACE',''
  ) );
#8237 = PCURVE('',#4547,#8238);
#8238 = DEFINITIONAL_REPRESENTATION('',(#8239),#8243);
#8239 = LINE('',#8240,#8241);
#8240 = CARTESIAN_POINT('',(0.,0.));
#8241 = VECTOR('',#8242,1.);
#8242 = DIRECTION('',(1.,0.));
#8243 = ( GEOMETRIC_REPRESENTATION_CONTEXT(2) 
PARAMETRIC_REPRESENTATION_CONTEXT() REPRESENTATION_CONTEXT('2D SPACE',''
  ) );
#8244 = ORIENTED_EDGE('',*,*,#8245,.F.);
#8245 = EDGE_CURVE('',#8147,#8223,#8246,.T.);
#8246 = SURFACE_CURVE('',#8247,(#8251,#8258),.PCURVE_S1.);
#8247 = LINE('',#8248,#8249);
#8248 = CARTESIAN_POINT('',(-13.095,2.145,1.702));
#8249 = VECTOR('',#8250,1.);
#8250 = DIRECTION('',(1.,0.,0.));
#8251 = PCURVE('',#4493,#8252);
#8252 = DEFINITIONAL_REPRESENTATION('',(#8253),#8257);
#8253 = LINE('',#8254,#8255);
#8254 = CARTESIAN_POINT('',(0.,0.));
#8255 = VECTOR('',#8256,1.);
#8256 = DIRECTION('',(0.,1.));
#8257 = ( GEOMETRIC_REPRESENTATION_CONTEXT(2) 
PARAMETRIC_REPRESENTATION_CONTEXT() REPRESENTATION_CONTEXT('2D SPACE',''
  ) );
#8258 = PCURVE('',#8185,#8259);
#8259 = DEFINITIONAL_REPRESENTATION('',(#8260),#8264);
#8260 = LINE('',#8261,#8262);
#8261 = CARTESIAN_POINT('',(0.,0.));
#8262 = VECTOR('',#8263,1.);
#8263 = DIRECTION('',(1.,0.));
#8264 = ( GEOMETRIC_REPRESENTATION_CONTEXT(2) 
PARAMETRIC_REPRESENTATION_CONTEXT() REPRESENTATION_CONTEXT('2D SPACE',''
  ) );
#8265 = ORIENTED_EDGE('',*,*,#8146,.T.);
#8266 = ORIENTED_EDGE('',*,*,#4479,.T.);
#8267 = ADVANCED_FACE('',(#8268),#4547,.F.);
#8268 = FACE_BOUND('',#8269,.F.);
#8269 = EDGE_LOOP('',(#8270,#8271,#8294,#8315));
#8270 = ORIENTED_EDGE('',*,*,#8222,.F.);
#8271 = ORIENTED_EDGE('',*,*,#8272,.T.);
#8272 = EDGE_CURVE('',#8223,#8273,#8275,.T.);
#8273 = VERTEX_POINT('',#8274);
#8274 = CARTESIAN_POINT('',(-12.305,2.935,1.702));
#8275 = SURFACE_CURVE('',#8276,(#8280,#8287),.PCURVE_S1.);
#8276 = LINE('',#8277,#8278);
#8277 = CARTESIAN_POINT('',(-12.305,2.145,1.702));
#8278 = VECTOR('',#8279,1.);
#8279 = DIRECTION('',(0.,1.,0.));
#8280 = PCURVE('',#4547,#8281);
#8281 = DEFINITIONAL_REPRESENTATION('',(#8282),#8286);
#8282 = LINE('',#8283,#8284);
#8283 = CARTESIAN_POINT('',(0.,0.));
#8284 = VECTOR('',#8285,1.);
#8285 = DIRECTION('',(0.,-1.));
#8286 = ( GEOMETRIC_REPRESENTATION_CONTEXT(2) 
PARAMETRIC_REPRESENTATION_CONTEXT() REPRESENTATION_CONTEXT('2D SPACE',''
  ) );
#8287 = PCURVE('',#8185,#8288);
#8288 = DEFINITIONAL_REPRESENTATION('',(#8289),#8293);
#8289 = LINE('',#8290,#8291);
#8290 = CARTESIAN_POINT('',(0.79,0.));
#8291 = VECTOR('',#8292,1.);
#8292 = DIRECTION('',(0.,1.));
#8293 = ( GEOMETRIC_REPRESENTATION_CONTEXT(2) 
PARAMETRIC_REPRESENTATION_CONTEXT() REPRESENTATION_CONTEXT('2D SPACE',''
  ) );
#8294 = ORIENTED_EDGE('',*,*,#8295,.T.);
#8295 = EDGE_CURVE('',#8273,#4511,#8296,.T.);
#8296 = SURFACE_CURVE('',#8297,(#8301,#8308),.PCURVE_S1.);
#8297 = LINE('',#8298,#8299);
#8298 = CARTESIAN_POINT('',(-12.305,2.935,1.702));
#8299 = VECTOR('',#8300,1.);
#8300 = DIRECTION('',(0.,0.,1.));
#8301 = PCURVE('',#4547,#8302);
#8302 = DEFINITIONAL_REPRESENTATION('',(#8303),#8307);
#8303 = LINE('',#8304,#8305);
#8304 = CARTESIAN_POINT('',(0.,-0.79));
#8305 = VECTOR('',#8306,1.);
#8306 = DIRECTION('',(1.,0.));
#8307 = ( GEOMETRIC_REPRESENTATION_CONTEXT(2) 
PARAMETRIC_REPRESENTATION_CONTEXT() REPRESENTATION_CONTEXT('2D SPACE',''
  ) );
#8308 = PCURVE('',#4579,#8309);
#8309 = DEFINITIONAL_REPRESENTATION('',(#8310),#8314);
#8310 = LINE('',#8311,#8312);
#8311 = CARTESIAN_POINT('',(0.,0.79));
#8312 = VECTOR('',#8313,1.);
#8313 = DIRECTION('',(1.,0.));
#8314 = ( GEOMETRIC_REPRESENTATION_CONTEXT(2) 
PARAMETRIC_REPRESENTATION_CONTEXT() REPRESENTATION_CONTEXT('2D SPACE',''
  ) );
#8315 = ORIENTED_EDGE('',*,*,#4533,.F.);
#8316 = ADVANCED_FACE('',(#8317),#4579,.F.);
#8317 = FACE_BOUND('',#8318,.F.);
#8318 = EDGE_LOOP('',(#8319,#8320,#8341,#8342));
#8319 = ORIENTED_EDGE('',*,*,#8295,.F.);
#8320 = ORIENTED_EDGE('',*,*,#8321,.F.);
#8321 = EDGE_CURVE('',#8170,#8273,#8322,.T.);
#8322 = SURFACE_CURVE('',#8323,(#8327,#8334),.PCURVE_S1.);
#8323 = LINE('',#8324,#8325);
#8324 = CARTESIAN_POINT('',(-13.095,2.935,1.702));
#8325 = VECTOR('',#8326,1.);
#8326 = DIRECTION('',(1.,0.,0.));
#8327 = PCURVE('',#4579,#8328);
#8328 = DEFINITIONAL_REPRESENTATION('',(#8329),#8333);
#8329 = LINE('',#8330,#8331);
#8330 = CARTESIAN_POINT('',(0.,0.));
#8331 = VECTOR('',#8332,1.);
#8332 = DIRECTION('',(0.,1.));
#8333 = ( GEOMETRIC_REPRESENTATION_CONTEXT(2) 
PARAMETRIC_REPRESENTATION_CONTEXT() REPRESENTATION_CONTEXT('2D SPACE',''
  ) );
#8334 = PCURVE('',#8185,#8335);
#8335 = DEFINITIONAL_REPRESENTATION('',(#8336),#8340);
#8336 = LINE('',#8337,#8338);
#8337 = CARTESIAN_POINT('',(0.,0.79));
#8338 = VECTOR('',#8339,1.);
#8339 = DIRECTION('',(1.,0.));
#8340 = ( GEOMETRIC_REPRESENTATION_CONTEXT(2) 
PARAMETRIC_REPRESENTATION_CONTEXT() REPRESENTATION_CONTEXT('2D SPACE',''
  ) );
#8341 = ORIENTED_EDGE('',*,*,#8197,.T.);
#8342 = ORIENTED_EDGE('',*,*,#4565,.T.);
#8343 = ADVANCED_FACE('',(#8344),#4655,.T.);
#8344 = FACE_BOUND('',#8345,.T.);
#8345 = EDGE_LOOP('',(#8346,#8369,#8397,#8418));
#8346 = ORIENTED_EDGE('',*,*,#8347,.F.);
#8347 = EDGE_CURVE('',#8348,#4595,#8350,.T.);
#8348 = VERTEX_POINT('',#8349);
#8349 = CARTESIAN_POINT('',(-13.095,-0.395,1.702));
#8350 = SURFACE_CURVE('',#8351,(#8355,#8362),.PCURVE_S1.);
#8351 = LINE('',#8352,#8353);
#8352 = CARTESIAN_POINT('',(-13.095,-0.395,1.702));
#8353 = VECTOR('',#8354,1.);
#8354 = DIRECTION('',(0.,0.,1.));
#8355 = PCURVE('',#4655,#8356);
#8356 = DEFINITIONAL_REPRESENTATION('',(#8357),#8361);
#8357 = LINE('',#8358,#8359);
#8358 = CARTESIAN_POINT('',(0.,0.));
#8359 = VECTOR('',#8360,1.);
#8360 = DIRECTION('',(1.,0.));
#8361 = ( GEOMETRIC_REPRESENTATION_CONTEXT(2) 
PARAMETRIC_REPRESENTATION_CONTEXT() REPRESENTATION_CONTEXT('2D SPACE',''
  ) );
#8362 = PCURVE('',#4709,#8363);
#8363 = DEFINITIONAL_REPRESENTATION('',(#8364),#8368);
#8364 = LINE('',#8365,#8366);
#8365 = CARTESIAN_POINT('',(0.,0.));
#8366 = VECTOR('',#8367,1.);
#8367 = DIRECTION('',(1.,0.));
#8368 = ( GEOMETRIC_REPRESENTATION_CONTEXT(2) 
PARAMETRIC_REPRESENTATION_CONTEXT() REPRESENTATION_CONTEXT('2D SPACE',''
  ) );
#8369 = ORIENTED_EDGE('',*,*,#8370,.T.);
#8370 = EDGE_CURVE('',#8348,#8371,#8373,.T.);
#8371 = VERTEX_POINT('',#8372);
#8372 = CARTESIAN_POINT('',(-13.095,0.395,1.702));
#8373 = SURFACE_CURVE('',#8374,(#8378,#8385),.PCURVE_S1.);
#8374 = LINE('',#8375,#8376);
#8375 = CARTESIAN_POINT('',(-13.095,-0.395,1.702));
#8376 = VECTOR('',#8377,1.);
#8377 = DIRECTION('',(0.,1.,0.));
#8378 = PCURVE('',#4655,#8379);
#8379 = DEFINITIONAL_REPRESENTATION('',(#8380),#8384);
#8380 = LINE('',#8381,#8382);
#8381 = CARTESIAN_POINT('',(0.,0.));
#8382 = VECTOR('',#8383,1.);
#8383 = DIRECTION('',(0.,-1.));
#8384 = ( GEOMETRIC_REPRESENTATION_CONTEXT(2) 
PARAMETRIC_REPRESENTATION_CONTEXT() REPRESENTATION_CONTEXT('2D SPACE',''
  ) );
#8385 = PCURVE('',#8386,#8391);
#8386 = PLANE('',#8387);
#8387 = AXIS2_PLACEMENT_3D('',#8388,#8389,#8390);
#8388 = CARTESIAN_POINT('',(-13.095,-0.395,1.702));
#8389 = DIRECTION('',(0.,0.,1.));
#8390 = DIRECTION('',(1.,0.,0.));
#8391 = DEFINITIONAL_REPRESENTATION('',(#8392),#8396);
#8392 = LINE('',#8393,#8394);
#8393 = CARTESIAN_POINT('',(0.,0.));
#8394 = VECTOR('',#8395,1.);
#8395 = DIRECTION('',(0.,1.));
#8396 = ( GEOMETRIC_REPRESENTATION_CONTEXT(2) 
PARAMETRIC_REPRESENTATION_CONTEXT() REPRESENTATION_CONTEXT('2D SPACE',''
  ) );
#8397 = ORIENTED_EDGE('',*,*,#8398,.T.);
#8398 = EDGE_CURVE('',#8371,#4619,#8399,.T.);
#8399 = SURFACE_CURVE('',#8400,(#8404,#8411),.PCURVE_S1.);
#8400 = LINE('',#8401,#8402);
#8401 = CARTESIAN_POINT('',(-13.095,0.395,1.702));
#8402 = VECTOR('',#8403,1.);
#8403 = DIRECTION('',(0.,0.,1.));
#8404 = PCURVE('',#4655,#8405);
#8405 = DEFINITIONAL_REPRESENTATION('',(#8406),#8410);
#8406 = LINE('',#8407,#8408);
#8407 = CARTESIAN_POINT('',(0.,-0.79));
#8408 = VECTOR('',#8409,1.);
#8409 = DIRECTION('',(1.,0.));
#8410 = ( GEOMETRIC_REPRESENTATION_CONTEXT(2) 
PARAMETRIC_REPRESENTATION_CONTEXT() REPRESENTATION_CONTEXT('2D SPACE',''
  ) );
#8411 = PCURVE('',#4795,#8412);
#8412 = DEFINITIONAL_REPRESENTATION('',(#8413),#8417);
#8413 = LINE('',#8414,#8415);
#8414 = CARTESIAN_POINT('',(0.,0.));
#8415 = VECTOR('',#8416,1.);
#8416 = DIRECTION('',(1.,0.));
#8417 = ( GEOMETRIC_REPRESENTATION_CONTEXT(2) 
PARAMETRIC_REPRESENTATION_CONTEXT() REPRESENTATION_CONTEXT('2D SPACE',''
  ) );
#8418 = ORIENTED_EDGE('',*,*,#4641,.F.);
#8419 = ADVANCED_FACE('',(#8420),#4709,.T.);
#8420 = FACE_BOUND('',#8421,.T.);
#8421 = EDGE_LOOP('',(#8422,#8445,#8466,#8467));
#8422 = ORIENTED_EDGE('',*,*,#8423,.F.);
#8423 = EDGE_CURVE('',#8424,#4673,#8426,.T.);
#8424 = VERTEX_POINT('',#8425);
#8425 = CARTESIAN_POINT('',(-12.305,-0.395,1.702));
#8426 = SURFACE_CURVE('',#8427,(#8431,#8438),.PCURVE_S1.);
#8427 = LINE('',#8428,#8429);
#8428 = CARTESIAN_POINT('',(-12.305,-0.395,1.702));
#8429 = VECTOR('',#8430,1.);
#8430 = DIRECTION('',(0.,0.,1.));
#8431 = PCURVE('',#4709,#8432);
#8432 = DEFINITIONAL_REPRESENTATION('',(#8433),#8437);
#8433 = LINE('',#8434,#8435);
#8434 = CARTESIAN_POINT('',(0.,0.79));
#8435 = VECTOR('',#8436,1.);
#8436 = DIRECTION('',(1.,0.));
#8437 = ( GEOMETRIC_REPRESENTATION_CONTEXT(2) 
PARAMETRIC_REPRESENTATION_CONTEXT() REPRESENTATION_CONTEXT('2D SPACE',''
  ) );
#8438 = PCURVE('',#4763,#8439);
#8439 = DEFINITIONAL_REPRESENTATION('',(#8440),#8444);
#8440 = LINE('',#8441,#8442);
#8441 = CARTESIAN_POINT('',(0.,0.));
#8442 = VECTOR('',#8443,1.);
#8443 = DIRECTION('',(1.,0.));
#8444 = ( GEOMETRIC_REPRESENTATION_CONTEXT(2) 
PARAMETRIC_REPRESENTATION_CONTEXT() REPRESENTATION_CONTEXT('2D SPACE',''
  ) );
#8445 = ORIENTED_EDGE('',*,*,#8446,.F.);
#8446 = EDGE_CURVE('',#8348,#8424,#8447,.T.);
#8447 = SURFACE_CURVE('',#8448,(#8452,#8459),.PCURVE_S1.);
#8448 = LINE('',#8449,#8450);
#8449 = CARTESIAN_POINT('',(-13.095,-0.395,1.702));
#8450 = VECTOR('',#8451,1.);
#8451 = DIRECTION('',(1.,0.,0.));
#8452 = PCURVE('',#4709,#8453);
#8453 = DEFINITIONAL_REPRESENTATION('',(#8454),#8458);
#8454 = LINE('',#8455,#8456);
#8455 = CARTESIAN_POINT('',(0.,0.));
#8456 = VECTOR('',#8457,1.);
#8457 = DIRECTION('',(0.,1.));
#8458 = ( GEOMETRIC_REPRESENTATION_CONTEXT(2) 
PARAMETRIC_REPRESENTATION_CONTEXT() REPRESENTATION_CONTEXT('2D SPACE',''
  ) );
#8459 = PCURVE('',#8386,#8460);
#8460 = DEFINITIONAL_REPRESENTATION('',(#8461),#8465);
#8461 = LINE('',#8462,#8463);
#8462 = CARTESIAN_POINT('',(0.,0.));
#8463 = VECTOR('',#8464,1.);
#8464 = DIRECTION('',(1.,0.));
#8465 = ( GEOMETRIC_REPRESENTATION_CONTEXT(2) 
PARAMETRIC_REPRESENTATION_CONTEXT() REPRESENTATION_CONTEXT('2D SPACE',''
  ) );
#8466 = ORIENTED_EDGE('',*,*,#8347,.T.);
#8467 = ORIENTED_EDGE('',*,*,#4695,.T.);
#8468 = ADVANCED_FACE('',(#8469),#4763,.F.);
#8469 = FACE_BOUND('',#8470,.F.);
#8470 = EDGE_LOOP('',(#8471,#8472,#8495,#8516));
#8471 = ORIENTED_EDGE('',*,*,#8423,.F.);
#8472 = ORIENTED_EDGE('',*,*,#8473,.T.);
#8473 = EDGE_CURVE('',#8424,#8474,#8476,.T.);
#8474 = VERTEX_POINT('',#8475);
#8475 = CARTESIAN_POINT('',(-12.305,0.395,1.702));
#8476 = SURFACE_CURVE('',#8477,(#8481,#8488),.PCURVE_S1.);
#8477 = LINE('',#8478,#8479);
#8478 = CARTESIAN_POINT('',(-12.305,-0.395,1.702));
#8479 = VECTOR('',#8480,1.);
#8480 = DIRECTION('',(0.,1.,0.));
#8481 = PCURVE('',#4763,#8482);
#8482 = DEFINITIONAL_REPRESENTATION('',(#8483),#8487);
#8483 = LINE('',#8484,#8485);
#8484 = CARTESIAN_POINT('',(0.,0.));
#8485 = VECTOR('',#8486,1.);
#8486 = DIRECTION('',(0.,-1.));
#8487 = ( GEOMETRIC_REPRESENTATION_CONTEXT(2) 
PARAMETRIC_REPRESENTATION_CONTEXT() REPRESENTATION_CONTEXT('2D SPACE',''
  ) );
#8488 = PCURVE('',#8386,#8489);
#8489 = DEFINITIONAL_REPRESENTATION('',(#8490),#8494);
#8490 = LINE('',#8491,#8492);
#8491 = CARTESIAN_POINT('',(0.79,0.));
#8492 = VECTOR('',#8493,1.);
#8493 = DIRECTION('',(0.,1.));
#8494 = ( GEOMETRIC_REPRESENTATION_CONTEXT(2) 
PARAMETRIC_REPRESENTATION_CONTEXT() REPRESENTATION_CONTEXT('2D SPACE',''
  ) );
#8495 = ORIENTED_EDGE('',*,*,#8496,.T.);
#8496 = EDGE_CURVE('',#8474,#4727,#8497,.T.);
#8497 = SURFACE_CURVE('',#8498,(#8502,#8509),.PCURVE_S1.);
#8498 = LINE('',#8499,#8500);
#8499 = CARTESIAN_POINT('',(-12.305,0.395,1.702));
#8500 = VECTOR('',#8501,1.);
#8501 = DIRECTION('',(0.,0.,1.));
#8502 = PCURVE('',#4763,#8503);
#8503 = DEFINITIONAL_REPRESENTATION('',(#8504),#8508);
#8504 = LINE('',#8505,#8506);
#8505 = CARTESIAN_POINT('',(0.,-0.79));
#8506 = VECTOR('',#8507,1.);
#8507 = DIRECTION('',(1.,0.));
#8508 = ( GEOMETRIC_REPRESENTATION_CONTEXT(2) 
PARAMETRIC_REPRESENTATION_CONTEXT() REPRESENTATION_CONTEXT('2D SPACE',''
  ) );
#8509 = PCURVE('',#4795,#8510);
#8510 = DEFINITIONAL_REPRESENTATION('',(#8511),#8515);
#8511 = LINE('',#8512,#8513);
#8512 = CARTESIAN_POINT('',(0.,0.79));
#8513 = VECTOR('',#8514,1.);
#8514 = DIRECTION('',(1.,0.));
#8515 = ( GEOMETRIC_REPRESENTATION_CONTEXT(2) 
PARAMETRIC_REPRESENTATION_CONTEXT() REPRESENTATION_CONTEXT('2D SPACE',''
  ) );
#8516 = ORIENTED_EDGE('',*,*,#4749,.F.);
#8517 = ADVANCED_FACE('',(#8518),#4795,.F.);
#8518 = FACE_BOUND('',#8519,.F.);
#8519 = EDGE_LOOP('',(#8520,#8521,#8542,#8543));
#8520 = ORIENTED_EDGE('',*,*,#8496,.F.);
#8521 = ORIENTED_EDGE('',*,*,#8522,.F.);
#8522 = EDGE_CURVE('',#8371,#8474,#8523,.T.);
#8523 = SURFACE_CURVE('',#8524,(#8528,#8535),.PCURVE_S1.);
#8524 = LINE('',#8525,#8526);
#8525 = CARTESIAN_POINT('',(-13.095,0.395,1.702));
#8526 = VECTOR('',#8527,1.);
#8527 = DIRECTION('',(1.,0.,0.));
#8528 = PCURVE('',#4795,#8529);
#8529 = DEFINITIONAL_REPRESENTATION('',(#8530),#8534);
#8530 = LINE('',#8531,#8532);
#8531 = CARTESIAN_POINT('',(0.,0.));
#8532 = VECTOR('',#8533,1.);
#8533 = DIRECTION('',(0.,1.));
#8534 = ( GEOMETRIC_REPRESENTATION_CONTEXT(2) 
PARAMETRIC_REPRESENTATION_CONTEXT() REPRESENTATION_CONTEXT('2D SPACE',''
  ) );
#8535 = PCURVE('',#8386,#8536);
#8536 = DEFINITIONAL_REPRESENTATION('',(#8537),#8541);
#8537 = LINE('',#8538,#8539);
#8538 = CARTESIAN_POINT('',(0.,0.79));
#8539 = VECTOR('',#8540,1.);
#8540 = DIRECTION('',(1.,0.));
#8541 = ( GEOMETRIC_REPRESENTATION_CONTEXT(2) 
PARAMETRIC_REPRESENTATION_CONTEXT() REPRESENTATION_CONTEXT('2D SPACE',''
  ) );
#8542 = ORIENTED_EDGE('',*,*,#8398,.T.);
#8543 = ORIENTED_EDGE('',*,*,#4781,.T.);
#8544 = ADVANCED_FACE('',(#8545),#4871,.T.);
#8545 = FACE_BOUND('',#8546,.T.);
#8546 = EDGE_LOOP('',(#8547,#8570,#8598,#8619));
#8547 = ORIENTED_EDGE('',*,*,#8548,.F.);
#8548 = EDGE_CURVE('',#8549,#4811,#8551,.T.);
#8549 = VERTEX_POINT('',#8550);
#8550 = CARTESIAN_POINT('',(-10.555,-0.395,1.702));
#8551 = SURFACE_CURVE('',#8552,(#8556,#8563),.PCURVE_S1.);
#8552 = LINE('',#8553,#8554);
#8553 = CARTESIAN_POINT('',(-10.555,-0.395,1.702));
#8554 = VECTOR('',#8555,1.);
#8555 = DIRECTION('',(0.,0.,1.));
#8556 = PCURVE('',#4871,#8557);
#8557 = DEFINITIONAL_REPRESENTATION('',(#8558),#8562);
#8558 = LINE('',#8559,#8560);
#8559 = CARTESIAN_POINT('',(0.,0.));
#8560 = VECTOR('',#8561,1.);
#8561 = DIRECTION('',(1.,0.));
#8562 = ( GEOMETRIC_REPRESENTATION_CONTEXT(2) 
PARAMETRIC_REPRESENTATION_CONTEXT() REPRESENTATION_CONTEXT('2D SPACE',''
  ) );
#8563 = PCURVE('',#4925,#8564);
#8564 = DEFINITIONAL_REPRESENTATION('',(#8565),#8569);
#8565 = LINE('',#8566,#8567);
#8566 = CARTESIAN_POINT('',(0.,0.));
#8567 = VECTOR('',#8568,1.);
#8568 = DIRECTION('',(1.,0.));
#8569 = ( GEOMETRIC_REPRESENTATION_CONTEXT(2) 
PARAMETRIC_REPRESENTATION_CONTEXT() REPRESENTATION_CONTEXT('2D SPACE',''
  ) );
#8570 = ORIENTED_EDGE('',*,*,#8571,.T.);
#8571 = EDGE_CURVE('',#8549,#8572,#8574,.T.);
#8572 = VERTEX_POINT('',#8573);
#8573 = CARTESIAN_POINT('',(-10.555,0.395,1.702));
#8574 = SURFACE_CURVE('',#8575,(#8579,#8586),.PCURVE_S1.);
#8575 = LINE('',#8576,#8577);
#8576 = CARTESIAN_POINT('',(-10.555,-0.395,1.702));
#8577 = VECTOR('',#8578,1.);
#8578 = DIRECTION('',(0.,1.,0.));
#8579 = PCURVE('',#4871,#8580);
#8580 = DEFINITIONAL_REPRESENTATION('',(#8581),#8585);
#8581 = LINE('',#8582,#8583);
#8582 = CARTESIAN_POINT('',(0.,0.));
#8583 = VECTOR('',#8584,1.);
#8584 = DIRECTION('',(0.,-1.));
#8585 = ( GEOMETRIC_REPRESENTATION_CONTEXT(2) 
PARAMETRIC_REPRESENTATION_CONTEXT() REPRESENTATION_CONTEXT('2D SPACE',''
  ) );
#8586 = PCURVE('',#8587,#8592);
#8587 = PLANE('',#8588);
#8588 = AXIS2_PLACEMENT_3D('',#8589,#8590,#8591);
#8589 = CARTESIAN_POINT('',(-10.555,-0.395,1.702));
#8590 = DIRECTION('',(0.,0.,1.));
#8591 = DIRECTION('',(1.,0.,0.));
#8592 = DEFINITIONAL_REPRESENTATION('',(#8593),#8597);
#8593 = LINE('',#8594,#8595);
#8594 = CARTESIAN_POINT('',(0.,0.));
#8595 = VECTOR('',#8596,1.);
#8596 = DIRECTION('',(0.,1.));
#8597 = ( GEOMETRIC_REPRESENTATION_CONTEXT(2) 
PARAMETRIC_REPRESENTATION_CONTEXT() REPRESENTATION_CONTEXT('2D SPACE',''
  ) );
#8598 = ORIENTED_EDGE('',*,*,#8599,.T.);
#8599 = EDGE_CURVE('',#8572,#4835,#8600,.T.);
#8600 = SURFACE_CURVE('',#8601,(#8605,#8612),.PCURVE_S1.);
#8601 = LINE('',#8602,#8603);
#8602 = CARTESIAN_POINT('',(-10.555,0.395,1.702));
#8603 = VECTOR('',#8604,1.);
#8604 = DIRECTION('',(0.,0.,1.));
#8605 = PCURVE('',#4871,#8606);
#8606 = DEFINITIONAL_REPRESENTATION('',(#8607),#8611);
#8607 = LINE('',#8608,#8609);
#8608 = CARTESIAN_POINT('',(0.,-0.79));
#8609 = VECTOR('',#8610,1.);
#8610 = DIRECTION('',(1.,0.));
#8611 = ( GEOMETRIC_REPRESENTATION_CONTEXT(2) 
PARAMETRIC_REPRESENTATION_CONTEXT() REPRESENTATION_CONTEXT('2D SPACE',''
  ) );
#8612 = PCURVE('',#5011,#8613);
#8613 = DEFINITIONAL_REPRESENTATION('',(#8614),#8618);
#8614 = LINE('',#8615,#8616);
#8615 = CARTESIAN_POINT('',(0.,0.));
#8616 = VECTOR('',#8617,1.);
#8617 = DIRECTION('',(1.,0.));
#8618 = ( GEOMETRIC_REPRESENTATION_CONTEXT(2) 
PARAMETRIC_REPRESENTATION_CONTEXT() REPRESENTATION_CONTEXT('2D SPACE',''
  ) );
#8619 = ORIENTED_EDGE('',*,*,#4857,.F.);
#8620 = ADVANCED_FACE('',(#8621),#4925,.T.);
#8621 = FACE_BOUND('',#8622,.T.);
#8622 = EDGE_LOOP('',(#8623,#8646,#8667,#8668));
#8623 = ORIENTED_EDGE('',*,*,#8624,.F.);
#8624 = EDGE_CURVE('',#8625,#4889,#8627,.T.);
#8625 = VERTEX_POINT('',#8626);
#8626 = CARTESIAN_POINT('',(-9.765,-0.395,1.702));
#8627 = SURFACE_CURVE('',#8628,(#8632,#8639),.PCURVE_S1.);
#8628 = LINE('',#8629,#8630);
#8629 = CARTESIAN_POINT('',(-9.765,-0.395,1.702));
#8630 = VECTOR('',#8631,1.);
#8631 = DIRECTION('',(0.,0.,1.));
#8632 = PCURVE('',#4925,#8633);
#8633 = DEFINITIONAL_REPRESENTATION('',(#8634),#8638);
#8634 = LINE('',#8635,#8636);
#8635 = CARTESIAN_POINT('',(0.,0.79));
#8636 = VECTOR('',#8637,1.);
#8637 = DIRECTION('',(1.,0.));
#8638 = ( GEOMETRIC_REPRESENTATION_CONTEXT(2) 
PARAMETRIC_REPRESENTATION_CONTEXT() REPRESENTATION_CONTEXT('2D SPACE',''
  ) );
#8639 = PCURVE('',#4979,#8640);
#8640 = DEFINITIONAL_REPRESENTATION('',(#8641),#8645);
#8641 = LINE('',#8642,#8643);
#8642 = CARTESIAN_POINT('',(0.,0.));
#8643 = VECTOR('',#8644,1.);
#8644 = DIRECTION('',(1.,0.));
#8645 = ( GEOMETRIC_REPRESENTATION_CONTEXT(2) 
PARAMETRIC_REPRESENTATION_CONTEXT() REPRESENTATION_CONTEXT('2D SPACE',''
  ) );
#8646 = ORIENTED_EDGE('',*,*,#8647,.F.);
#8647 = EDGE_CURVE('',#8549,#8625,#8648,.T.);
#8648 = SURFACE_CURVE('',#8649,(#8653,#8660),.PCURVE_S1.);
#8649 = LINE('',#8650,#8651);
#8650 = CARTESIAN_POINT('',(-10.555,-0.395,1.702));
#8651 = VECTOR('',#8652,1.);
#8652 = DIRECTION('',(1.,0.,0.));
#8653 = PCURVE('',#4925,#8654);
#8654 = DEFINITIONAL_REPRESENTATION('',(#8655),#8659);
#8655 = LINE('',#8656,#8657);
#8656 = CARTESIAN_POINT('',(0.,0.));
#8657 = VECTOR('',#8658,1.);
#8658 = DIRECTION('',(0.,1.));
#8659 = ( GEOMETRIC_REPRESENTATION_CONTEXT(2) 
PARAMETRIC_REPRESENTATION_CONTEXT() REPRESENTATION_CONTEXT('2D SPACE',''
  ) );
#8660 = PCURVE('',#8587,#8661);
#8661 = DEFINITIONAL_REPRESENTATION('',(#8662),#8666);
#8662 = LINE('',#8663,#8664);
#8663 = CARTESIAN_POINT('',(0.,0.));
#8664 = VECTOR('',#8665,1.);
#8665 = DIRECTION('',(1.,0.));
#8666 = ( GEOMETRIC_REPRESENTATION_CONTEXT(2) 
PARAMETRIC_REPRESENTATION_CONTEXT() REPRESENTATION_CONTEXT('2D SPACE',''
  ) );
#8667 = ORIENTED_EDGE('',*,*,#8548,.T.);
#8668 = ORIENTED_EDGE('',*,*,#4911,.T.);
#8669 = ADVANCED_FACE('',(#8670),#4979,.F.);
#8670 = FACE_BOUND('',#8671,.F.);
#8671 = EDGE_LOOP('',(#8672,#8673,#8696,#8717));
#8672 = ORIENTED_EDGE('',*,*,#8624,.F.);
#8673 = ORIENTED_EDGE('',*,*,#8674,.T.);
#8674 = EDGE_CURVE('',#8625,#8675,#8677,.T.);
#8675 = VERTEX_POINT('',#8676);
#8676 = CARTESIAN_POINT('',(-9.765,0.395,1.702));
#8677 = SURFACE_CURVE('',#8678,(#8682,#8689),.PCURVE_S1.);
#8678 = LINE('',#8679,#8680);
#8679 = CARTESIAN_POINT('',(-9.765,-0.395,1.702));
#8680 = VECTOR('',#8681,1.);
#8681 = DIRECTION('',(0.,1.,0.));
#8682 = PCURVE('',#4979,#8683);
#8683 = DEFINITIONAL_REPRESENTATION('',(#8684),#8688);
#8684 = LINE('',#8685,#8686);
#8685 = CARTESIAN_POINT('',(0.,0.));
#8686 = VECTOR('',#8687,1.);
#8687 = DIRECTION('',(0.,-1.));
#8688 = ( GEOMETRIC_REPRESENTATION_CONTEXT(2) 
PARAMETRIC_REPRESENTATION_CONTEXT() REPRESENTATION_CONTEXT('2D SPACE',''
  ) );
#8689 = PCURVE('',#8587,#8690);
#8690 = DEFINITIONAL_REPRESENTATION('',(#8691),#8695);
#8691 = LINE('',#8692,#8693);
#8692 = CARTESIAN_POINT('',(0.79,0.));
#8693 = VECTOR('',#8694,1.);
#8694 = DIRECTION('',(0.,1.));
#8695 = ( GEOMETRIC_REPRESENTATION_CONTEXT(2) 
PARAMETRIC_REPRESENTATION_CONTEXT() REPRESENTATION_CONTEXT('2D SPACE',''
  ) );
#8696 = ORIENTED_EDGE('',*,*,#8697,.T.);
#8697 = EDGE_CURVE('',#8675,#4943,#8698,.T.);
#8698 = SURFACE_CURVE('',#8699,(#8703,#8710),.PCURVE_S1.);
#8699 = LINE('',#8700,#8701);
#8700 = CARTESIAN_POINT('',(-9.765,0.395,1.702));
#8701 = VECTOR('',#8702,1.);
#8702 = DIRECTION('',(0.,0.,1.));
#8703 = PCURVE('',#4979,#8704);
#8704 = DEFINITIONAL_REPRESENTATION('',(#8705),#8709);
#8705 = LINE('',#8706,#8707);
#8706 = CARTESIAN_POINT('',(0.,-0.79));
#8707 = VECTOR('',#8708,1.);
#8708 = DIRECTION('',(1.,0.));
#8709 = ( GEOMETRIC_REPRESENTATION_CONTEXT(2) 
PARAMETRIC_REPRESENTATION_CONTEXT() REPRESENTATION_CONTEXT('2D SPACE',''
  ) );
#8710 = PCURVE('',#5011,#8711);
#8711 = DEFINITIONAL_REPRESENTATION('',(#8712),#8716);
#8712 = LINE('',#8713,#8714);
#8713 = CARTESIAN_POINT('',(0.,0.79));
#8714 = VECTOR('',#8715,1.);
#8715 = DIRECTION('',(1.,0.));
#8716 = ( GEOMETRIC_REPRESENTATION_CONTEXT(2) 
PARAMETRIC_REPRESENTATION_CONTEXT() REPRESENTATION_CONTEXT('2D SPACE',''
  ) );
#8717 = ORIENTED_EDGE('',*,*,#4965,.F.);
#8718 = ADVANCED_FACE('',(#8719),#5011,.F.);
#8719 = FACE_BOUND('',#8720,.F.);
#8720 = EDGE_LOOP('',(#8721,#8722,#8743,#8744));
#8721 = ORIENTED_EDGE('',*,*,#8697,.F.);
#8722 = ORIENTED_EDGE('',*,*,#8723,.F.);
#8723 = EDGE_CURVE('',#8572,#8675,#8724,.T.);
#8724 = SURFACE_CURVE('',#8725,(#8729,#8736),.PCURVE_S1.);
#8725 = LINE('',#8726,#8727);
#8726 = CARTESIAN_POINT('',(-10.555,0.395,1.702));
#8727 = VECTOR('',#8728,1.);
#8728 = DIRECTION('',(1.,0.,0.));
#8729 = PCURVE('',#5011,#8730);
#8730 = DEFINITIONAL_REPRESENTATION('',(#8731),#8735);
#8731 = LINE('',#8732,#8733);
#8732 = CARTESIAN_POINT('',(0.,0.));
#8733 = VECTOR('',#8734,1.);
#8734 = DIRECTION('',(0.,1.));
#8735 = ( GEOMETRIC_REPRESENTATION_CONTEXT(2) 
PARAMETRIC_REPRESENTATION_CONTEXT() REPRESENTATION_CONTEXT('2D SPACE',''
  ) );
#8736 = PCURVE('',#8587,#8737);
#8737 = DEFINITIONAL_REPRESENTATION('',(#8738),#8742);
#8738 = LINE('',#8739,#8740);
#8739 = CARTESIAN_POINT('',(0.,0.79));
#8740 = VECTOR('',#8741,1.);
#8741 = DIRECTION('',(1.,0.));
#8742 = ( GEOMETRIC_REPRESENTATION_CONTEXT(2) 
PARAMETRIC_REPRESENTATION_CONTEXT() REPRESENTATION_CONTEXT('2D SPACE',''
  ) );
#8743 = ORIENTED_EDGE('',*,*,#8599,.T.);
#8744 = ORIENTED_EDGE('',*,*,#4997,.T.);
#8745 = ADVANCED_FACE('',(#8746),#5087,.T.);
#8746 = FACE_BOUND('',#8747,.T.);
#8747 = EDGE_LOOP('',(#8748,#8771,#8799,#8820));
#8748 = ORIENTED_EDGE('',*,*,#8749,.F.);
#8749 = EDGE_CURVE('',#8750,#5051,#8752,.T.);
#8750 = VERTEX_POINT('',#8751);
#8751 = CARTESIAN_POINT('',(-7.225,-0.395,1.702));
#8752 = SURFACE_CURVE('',#8753,(#8757,#8764),.PCURVE_S1.);
#8753 = LINE('',#8754,#8755);
#8754 = CARTESIAN_POINT('',(-7.225,-0.395,1.702));
#8755 = VECTOR('',#8756,1.);
#8756 = DIRECTION('',(0.,0.,1.));
#8757 = PCURVE('',#5087,#8758);
#8758 = DEFINITIONAL_REPRESENTATION('',(#8759),#8763);
#8759 = LINE('',#8760,#8761);
#8760 = CARTESIAN_POINT('',(0.,0.79));
#8761 = VECTOR('',#8762,1.);
#8762 = DIRECTION('',(1.,0.));
#8763 = ( GEOMETRIC_REPRESENTATION_CONTEXT(2) 
PARAMETRIC_REPRESENTATION_CONTEXT() REPRESENTATION_CONTEXT('2D SPACE',''
  ) );
#8764 = PCURVE('',#5141,#8765);
#8765 = DEFINITIONAL_REPRESENTATION('',(#8766),#8770);
#8766 = LINE('',#8767,#8768);
#8767 = CARTESIAN_POINT('',(0.,0.));
#8768 = VECTOR('',#8769,1.);
#8769 = DIRECTION('',(1.,0.));
#8770 = ( GEOMETRIC_REPRESENTATION_CONTEXT(2) 
PARAMETRIC_REPRESENTATION_CONTEXT() REPRESENTATION_CONTEXT('2D SPACE',''
  ) );
#8771 = ORIENTED_EDGE('',*,*,#8772,.F.);
#8772 = EDGE_CURVE('',#8773,#8750,#8775,.T.);
#8773 = VERTEX_POINT('',#8774);
#8774 = CARTESIAN_POINT('',(-8.015,-0.395,1.702));
#8775 = SURFACE_CURVE('',#8776,(#8780,#8787),.PCURVE_S1.);
#8776 = LINE('',#8777,#8778);
#8777 = CARTESIAN_POINT('',(-8.015,-0.395,1.702));
#8778 = VECTOR('',#8779,1.);
#8779 = DIRECTION('',(1.,0.,0.));
#8780 = PCURVE('',#5087,#8781);
#8781 = DEFINITIONAL_REPRESENTATION('',(#8782),#8786);
#8782 = LINE('',#8783,#8784);
#8783 = CARTESIAN_POINT('',(0.,0.));
#8784 = VECTOR('',#8785,1.);
#8785 = DIRECTION('',(0.,1.));
#8786 = ( GEOMETRIC_REPRESENTATION_CONTEXT(2) 
PARAMETRIC_REPRESENTATION_CONTEXT() REPRESENTATION_CONTEXT('2D SPACE',''
  ) );
#8787 = PCURVE('',#8788,#8793);
#8788 = PLANE('',#8789);
#8789 = AXIS2_PLACEMENT_3D('',#8790,#8791,#8792);
#8790 = CARTESIAN_POINT('',(-8.015,-0.395,1.702));
#8791 = DIRECTION('',(0.,0.,1.));
#8792 = DIRECTION('',(1.,0.,0.));
#8793 = DEFINITIONAL_REPRESENTATION('',(#8794),#8798);
#8794 = LINE('',#8795,#8796);
#8795 = CARTESIAN_POINT('',(0.,0.));
#8796 = VECTOR('',#8797,1.);
#8797 = DIRECTION('',(1.,0.));
#8798 = ( GEOMETRIC_REPRESENTATION_CONTEXT(2) 
PARAMETRIC_REPRESENTATION_CONTEXT() REPRESENTATION_CONTEXT('2D SPACE',''
  ) );
#8799 = ORIENTED_EDGE('',*,*,#8800,.T.);
#8800 = EDGE_CURVE('',#8773,#5027,#8801,.T.);
#8801 = SURFACE_CURVE('',#8802,(#8806,#8813),.PCURVE_S1.);
#8802 = LINE('',#8803,#8804);
#8803 = CARTESIAN_POINT('',(-8.015,-0.395,1.702));
#8804 = VECTOR('',#8805,1.);
#8805 = DIRECTION('',(0.,0.,1.));
#8806 = PCURVE('',#5087,#8807);
#8807 = DEFINITIONAL_REPRESENTATION('',(#8808),#8812);
#8808 = LINE('',#8809,#8810);
#8809 = CARTESIAN_POINT('',(0.,0.));
#8810 = VECTOR('',#8811,1.);
#8811 = DIRECTION('',(1.,0.));
#8812 = ( GEOMETRIC_REPRESENTATION_CONTEXT(2) 
PARAMETRIC_REPRESENTATION_CONTEXT() REPRESENTATION_CONTEXT('2D SPACE',''
  ) );
#8813 = PCURVE('',#5227,#8814);
#8814 = DEFINITIONAL_REPRESENTATION('',(#8815),#8819);
#8815 = LINE('',#8816,#8817);
#8816 = CARTESIAN_POINT('',(0.,0.));
#8817 = VECTOR('',#8818,1.);
#8818 = DIRECTION('',(1.,0.));
#8819 = ( GEOMETRIC_REPRESENTATION_CONTEXT(2) 
PARAMETRIC_REPRESENTATION_CONTEXT() REPRESENTATION_CONTEXT('2D SPACE',''
  ) );
#8820 = ORIENTED_EDGE('',*,*,#5073,.T.);
#8821 = ADVANCED_FACE('',(#8822),#5141,.F.);
#8822 = FACE_BOUND('',#8823,.F.);
#8823 = EDGE_LOOP('',(#8824,#8825,#8848,#8869));
#8824 = ORIENTED_EDGE('',*,*,#8749,.F.);
#8825 = ORIENTED_EDGE('',*,*,#8826,.T.);
#8826 = EDGE_CURVE('',#8750,#8827,#8829,.T.);
#8827 = VERTEX_POINT('',#8828);
#8828 = CARTESIAN_POINT('',(-7.225,0.395,1.702));
#8829 = SURFACE_CURVE('',#8830,(#8834,#8841),.PCURVE_S1.);
#8830 = LINE('',#8831,#8832);
#8831 = CARTESIAN_POINT('',(-7.225,-0.395,1.702));
#8832 = VECTOR('',#8833,1.);
#8833 = DIRECTION('',(0.,1.,0.));
#8834 = PCURVE('',#5141,#8835);
#8835 = DEFINITIONAL_REPRESENTATION('',(#8836),#8840);
#8836 = LINE('',#8837,#8838);
#8837 = CARTESIAN_POINT('',(0.,0.));
#8838 = VECTOR('',#8839,1.);
#8839 = DIRECTION('',(0.,-1.));
#8840 = ( GEOMETRIC_REPRESENTATION_CONTEXT(2) 
PARAMETRIC_REPRESENTATION_CONTEXT() REPRESENTATION_CONTEXT('2D SPACE',''
  ) );
#8841 = PCURVE('',#8788,#8842);
#8842 = DEFINITIONAL_REPRESENTATION('',(#8843),#8847);
#8843 = LINE('',#8844,#8845);
#8844 = CARTESIAN_POINT('',(0.79,0.));
#8845 = VECTOR('',#8846,1.);
#8846 = DIRECTION('',(0.,1.));
#8847 = ( GEOMETRIC_REPRESENTATION_CONTEXT(2) 
PARAMETRIC_REPRESENTATION_CONTEXT() REPRESENTATION_CONTEXT('2D SPACE',''
  ) );
#8848 = ORIENTED_EDGE('',*,*,#8849,.T.);
#8849 = EDGE_CURVE('',#8827,#5105,#8850,.T.);
#8850 = SURFACE_CURVE('',#8851,(#8855,#8862),.PCURVE_S1.);
#8851 = LINE('',#8852,#8853);
#8852 = CARTESIAN_POINT('',(-7.225,0.395,1.702));
#8853 = VECTOR('',#8854,1.);
#8854 = DIRECTION('',(0.,0.,1.));
#8855 = PCURVE('',#5141,#8856);
#8856 = DEFINITIONAL_REPRESENTATION('',(#8857),#8861);
#8857 = LINE('',#8858,#8859);
#8858 = CARTESIAN_POINT('',(0.,-0.79));
#8859 = VECTOR('',#8860,1.);
#8860 = DIRECTION('',(1.,0.));
#8861 = ( GEOMETRIC_REPRESENTATION_CONTEXT(2) 
PARAMETRIC_REPRESENTATION_CONTEXT() REPRESENTATION_CONTEXT('2D SPACE',''
  ) );
#8862 = PCURVE('',#5195,#8863);
#8863 = DEFINITIONAL_REPRESENTATION('',(#8864),#8868);
#8864 = LINE('',#8865,#8866);
#8865 = CARTESIAN_POINT('',(0.,0.79));
#8866 = VECTOR('',#8867,1.);
#8867 = DIRECTION('',(1.,0.));
#8868 = ( GEOMETRIC_REPRESENTATION_CONTEXT(2) 
PARAMETRIC_REPRESENTATION_CONTEXT() REPRESENTATION_CONTEXT('2D SPACE',''
  ) );
#8869 = ORIENTED_EDGE('',*,*,#5127,.F.);
#8870 = ADVANCED_FACE('',(#8871),#5195,.F.);
#8871 = FACE_BOUND('',#8872,.F.);
#8872 = EDGE_LOOP('',(#8873,#8874,#8897,#8918));
#8873 = ORIENTED_EDGE('',*,*,#8849,.F.);
#8874 = ORIENTED_EDGE('',*,*,#8875,.F.);
#8875 = EDGE_CURVE('',#8876,#8827,#8878,.T.);
#8876 = VERTEX_POINT('',#8877);
#8877 = CARTESIAN_POINT('',(-8.015,0.395,1.702));
#8878 = SURFACE_CURVE('',#8879,(#8883,#8890),.PCURVE_S1.);
#8879 = LINE('',#8880,#8881);
#8880 = CARTESIAN_POINT('',(-8.015,0.395,1.702));
#8881 = VECTOR('',#8882,1.);
#8882 = DIRECTION('',(1.,0.,0.));
#8883 = PCURVE('',#5195,#8884);
#8884 = DEFINITIONAL_REPRESENTATION('',(#8885),#8889);
#8885 = LINE('',#8886,#8887);
#8886 = CARTESIAN_POINT('',(0.,0.));
#8887 = VECTOR('',#8888,1.);
#8888 = DIRECTION('',(0.,1.));
#8889 = ( GEOMETRIC_REPRESENTATION_CONTEXT(2) 
PARAMETRIC_REPRESENTATION_CONTEXT() REPRESENTATION_CONTEXT('2D SPACE',''
  ) );
#8890 = PCURVE('',#8788,#8891);
#8891 = DEFINITIONAL_REPRESENTATION('',(#8892),#8896);
#8892 = LINE('',#8893,#8894);
#8893 = CARTESIAN_POINT('',(0.,0.79));
#8894 = VECTOR('',#8895,1.);
#8895 = DIRECTION('',(1.,0.));
#8896 = ( GEOMETRIC_REPRESENTATION_CONTEXT(2) 
PARAMETRIC_REPRESENTATION_CONTEXT() REPRESENTATION_CONTEXT('2D SPACE',''
  ) );
#8897 = ORIENTED_EDGE('',*,*,#8898,.T.);
#8898 = EDGE_CURVE('',#8876,#5157,#8899,.T.);
#8899 = SURFACE_CURVE('',#8900,(#8904,#8911),.PCURVE_S1.);
#8900 = LINE('',#8901,#8902);
#8901 = CARTESIAN_POINT('',(-8.015,0.395,1.702));
#8902 = VECTOR('',#8903,1.);
#8903 = DIRECTION('',(0.,0.,1.));
#8904 = PCURVE('',#5195,#8905);
#8905 = DEFINITIONAL_REPRESENTATION('',(#8906),#8910);
#8906 = LINE('',#8907,#8908);
#8907 = CARTESIAN_POINT('',(0.,0.));
#8908 = VECTOR('',#8909,1.);
#8909 = DIRECTION('',(1.,0.));
#8910 = ( GEOMETRIC_REPRESENTATION_CONTEXT(2) 
PARAMETRIC_REPRESENTATION_CONTEXT() REPRESENTATION_CONTEXT('2D SPACE',''
  ) );
#8911 = PCURVE('',#5227,#8912);
#8912 = DEFINITIONAL_REPRESENTATION('',(#8913),#8917);
#8913 = LINE('',#8914,#8915);
#8914 = CARTESIAN_POINT('',(0.,-0.79));
#8915 = VECTOR('',#8916,1.);
#8916 = DIRECTION('',(1.,0.));
#8917 = ( GEOMETRIC_REPRESENTATION_CONTEXT(2) 
PARAMETRIC_REPRESENTATION_CONTEXT() REPRESENTATION_CONTEXT('2D SPACE',''
  ) );
#8918 = ORIENTED_EDGE('',*,*,#5181,.T.);
#8919 = ADVANCED_FACE('',(#8920),#5227,.T.);
#8920 = FACE_BOUND('',#8921,.T.);
#8921 = EDGE_LOOP('',(#8922,#8923,#8944,#8945));
#8922 = ORIENTED_EDGE('',*,*,#8800,.F.);
#8923 = ORIENTED_EDGE('',*,*,#8924,.T.);
#8924 = EDGE_CURVE('',#8773,#8876,#8925,.T.);
#8925 = SURFACE_CURVE('',#8926,(#8930,#8937),.PCURVE_S1.);
#8926 = LINE('',#8927,#8928);
#8927 = CARTESIAN_POINT('',(-8.015,-0.395,1.702));
#8928 = VECTOR('',#8929,1.);
#8929 = DIRECTION('',(0.,1.,0.));
#8930 = PCURVE('',#5227,#8931);
#8931 = DEFINITIONAL_REPRESENTATION('',(#8932),#8936);
#8932 = LINE('',#8933,#8934);
#8933 = CARTESIAN_POINT('',(0.,0.));
#8934 = VECTOR('',#8935,1.);
#8935 = DIRECTION('',(0.,-1.));
#8936 = ( GEOMETRIC_REPRESENTATION_CONTEXT(2) 
PARAMETRIC_REPRESENTATION_CONTEXT() REPRESENTATION_CONTEXT('2D SPACE',''
  ) );
#8937 = PCURVE('',#8788,#8938);
#8938 = DEFINITIONAL_REPRESENTATION('',(#8939),#8943);
#8939 = LINE('',#8940,#8941);
#8940 = CARTESIAN_POINT('',(0.,0.));
#8941 = VECTOR('',#8942,1.);
#8942 = DIRECTION('',(0.,1.));
#8943 = ( GEOMETRIC_REPRESENTATION_CONTEXT(2) 
PARAMETRIC_REPRESENTATION_CONTEXT() REPRESENTATION_CONTEXT('2D SPACE',''
  ) );
#8944 = ORIENTED_EDGE('',*,*,#8898,.T.);
#8945 = ORIENTED_EDGE('',*,*,#5213,.F.);
#8946 = ADVANCED_FACE('',(#8947),#5303,.T.);
#8947 = FACE_BOUND('',#8948,.T.);
#8948 = EDGE_LOOP('',(#8949,#8972,#9000,#9021));
#8949 = ORIENTED_EDGE('',*,*,#8950,.F.);
#8950 = EDGE_CURVE('',#8951,#5267,#8953,.T.);
#8951 = VERTEX_POINT('',#8952);
#8952 = CARTESIAN_POINT('',(-2.145,-0.395,1.702));
#8953 = SURFACE_CURVE('',#8954,(#8958,#8965),.PCURVE_S1.);
#8954 = LINE('',#8955,#8956);
#8955 = CARTESIAN_POINT('',(-2.145,-0.395,1.702));
#8956 = VECTOR('',#8957,1.);
#8957 = DIRECTION('',(0.,0.,1.));
#8958 = PCURVE('',#5303,#8959);
#8959 = DEFINITIONAL_REPRESENTATION('',(#8960),#8964);
#8960 = LINE('',#8961,#8962);
#8961 = CARTESIAN_POINT('',(0.,0.79));
#8962 = VECTOR('',#8963,1.);
#8963 = DIRECTION('',(1.,0.));
#8964 = ( GEOMETRIC_REPRESENTATION_CONTEXT(2) 
PARAMETRIC_REPRESENTATION_CONTEXT() REPRESENTATION_CONTEXT('2D SPACE',''
  ) );
#8965 = PCURVE('',#5357,#8966);
#8966 = DEFINITIONAL_REPRESENTATION('',(#8967),#8971);
#8967 = LINE('',#8968,#8969);
#8968 = CARTESIAN_POINT('',(0.,0.));
#8969 = VECTOR('',#8970,1.);
#8970 = DIRECTION('',(1.,0.));
#8971 = ( GEOMETRIC_REPRESENTATION_CONTEXT(2) 
PARAMETRIC_REPRESENTATION_CONTEXT() REPRESENTATION_CONTEXT('2D SPACE',''
  ) );
#8972 = ORIENTED_EDGE('',*,*,#8973,.F.);
#8973 = EDGE_CURVE('',#8974,#8951,#8976,.T.);
#8974 = VERTEX_POINT('',#8975);
#8975 = CARTESIAN_POINT('',(-2.935,-0.395,1.702));
#8976 = SURFACE_CURVE('',#8977,(#8981,#8988),.PCURVE_S1.);
#8977 = LINE('',#8978,#8979);
#8978 = CARTESIAN_POINT('',(-2.935,-0.395,1.702));
#8979 = VECTOR('',#8980,1.);
#8980 = DIRECTION('',(1.,0.,0.));
#8981 = PCURVE('',#5303,#8982);
#8982 = DEFINITIONAL_REPRESENTATION('',(#8983),#8987);
#8983 = LINE('',#8984,#8985);
#8984 = CARTESIAN_POINT('',(0.,0.));
#8985 = VECTOR('',#8986,1.);
#8986 = DIRECTION('',(0.,1.));
#8987 = ( GEOMETRIC_REPRESENTATION_CONTEXT(2) 
PARAMETRIC_REPRESENTATION_CONTEXT() REPRESENTATION_CONTEXT('2D SPACE',''
  ) );
#8988 = PCURVE('',#8989,#8994);
#8989 = PLANE('',#8990);
#8990 = AXIS2_PLACEMENT_3D('',#8991,#8992,#8993);
#8991 = CARTESIAN_POINT('',(-2.935,-0.395,1.702));
#8992 = DIRECTION('',(0.,0.,1.));
#8993 = DIRECTION('',(1.,0.,0.));
#8994 = DEFINITIONAL_REPRESENTATION('',(#8995),#8999);
#8995 = LINE('',#8996,#8997);
#8996 = CARTESIAN_POINT('',(0.,0.));
#8997 = VECTOR('',#8998,1.);
#8998 = DIRECTION('',(1.,0.));
#8999 = ( GEOMETRIC_REPRESENTATION_CONTEXT(2) 
PARAMETRIC_REPRESENTATION_CONTEXT() REPRESENTATION_CONTEXT('2D SPACE',''
  ) );
#9000 = ORIENTED_EDGE('',*,*,#9001,.T.);
#9001 = EDGE_CURVE('',#8974,#5243,#9002,.T.);
#9002 = SURFACE_CURVE('',#9003,(#9007,#9014),.PCURVE_S1.);
#9003 = LINE('',#9004,#9005);
#9004 = CARTESIAN_POINT('',(-2.935,-0.395,1.702));
#9005 = VECTOR('',#9006,1.);
#9006 = DIRECTION('',(0.,0.,1.));
#9007 = PCURVE('',#5303,#9008);
#9008 = DEFINITIONAL_REPRESENTATION('',(#9009),#9013);
#9009 = LINE('',#9010,#9011);
#9010 = CARTESIAN_POINT('',(0.,0.));
#9011 = VECTOR('',#9012,1.);
#9012 = DIRECTION('',(1.,0.));
#9013 = ( GEOMETRIC_REPRESENTATION_CONTEXT(2) 
PARAMETRIC_REPRESENTATION_CONTEXT() REPRESENTATION_CONTEXT('2D SPACE',''
  ) );
#9014 = PCURVE('',#5443,#9015);
#9015 = DEFINITIONAL_REPRESENTATION('',(#9016),#9020);
#9016 = LINE('',#9017,#9018);
#9017 = CARTESIAN_POINT('',(0.,0.));
#9018 = VECTOR('',#9019,1.);
#9019 = DIRECTION('',(1.,0.));
#9020 = ( GEOMETRIC_REPRESENTATION_CONTEXT(2) 
PARAMETRIC_REPRESENTATION_CONTEXT() REPRESENTATION_CONTEXT('2D SPACE',''
  ) );
#9021 = ORIENTED_EDGE('',*,*,#5289,.T.);
#9022 = ADVANCED_FACE('',(#9023),#5357,.F.);
#9023 = FACE_BOUND('',#9024,.F.);
#9024 = EDGE_LOOP('',(#9025,#9026,#9049,#9070));
#9025 = ORIENTED_EDGE('',*,*,#8950,.F.);
#9026 = ORIENTED_EDGE('',*,*,#9027,.T.);
#9027 = EDGE_CURVE('',#8951,#9028,#9030,.T.);
#9028 = VERTEX_POINT('',#9029);
#9029 = CARTESIAN_POINT('',(-2.145,0.395,1.702));
#9030 = SURFACE_CURVE('',#9031,(#9035,#9042),.PCURVE_S1.);
#9031 = LINE('',#9032,#9033);
#9032 = CARTESIAN_POINT('',(-2.145,-0.395,1.702));
#9033 = VECTOR('',#9034,1.);
#9034 = DIRECTION('',(0.,1.,0.));
#9035 = PCURVE('',#5357,#9036);
#9036 = DEFINITIONAL_REPRESENTATION('',(#9037),#9041);
#9037 = LINE('',#9038,#9039);
#9038 = CARTESIAN_POINT('',(0.,0.));
#9039 = VECTOR('',#9040,1.);
#9040 = DIRECTION('',(0.,-1.));
#9041 = ( GEOMETRIC_REPRESENTATION_CONTEXT(2) 
PARAMETRIC_REPRESENTATION_CONTEXT() REPRESENTATION_CONTEXT('2D SPACE',''
  ) );
#9042 = PCURVE('',#8989,#9043);
#9043 = DEFINITIONAL_REPRESENTATION('',(#9044),#9048);
#9044 = LINE('',#9045,#9046);
#9045 = CARTESIAN_POINT('',(0.79,0.));
#9046 = VECTOR('',#9047,1.);
#9047 = DIRECTION('',(0.,1.));
#9048 = ( GEOMETRIC_REPRESENTATION_CONTEXT(2) 
PARAMETRIC_REPRESENTATION_CONTEXT() REPRESENTATION_CONTEXT('2D SPACE',''
  ) );
#9049 = ORIENTED_EDGE('',*,*,#9050,.T.);
#9050 = EDGE_CURVE('',#9028,#5321,#9051,.T.);
#9051 = SURFACE_CURVE('',#9052,(#9056,#9063),.PCURVE_S1.);
#9052 = LINE('',#9053,#9054);
#9053 = CARTESIAN_POINT('',(-2.145,0.395,1.702));
#9054 = VECTOR('',#9055,1.);
#9055 = DIRECTION('',(0.,0.,1.));
#9056 = PCURVE('',#5357,#9057);
#9057 = DEFINITIONAL_REPRESENTATION('',(#9058),#9062);
#9058 = LINE('',#9059,#9060);
#9059 = CARTESIAN_POINT('',(0.,-0.79));
#9060 = VECTOR('',#9061,1.);
#9061 = DIRECTION('',(1.,0.));
#9062 = ( GEOMETRIC_REPRESENTATION_CONTEXT(2) 
PARAMETRIC_REPRESENTATION_CONTEXT() REPRESENTATION_CONTEXT('2D SPACE',''
  ) );
#9063 = PCURVE('',#5411,#9064);
#9064 = DEFINITIONAL_REPRESENTATION('',(#9065),#9069);
#9065 = LINE('',#9066,#9067);
#9066 = CARTESIAN_POINT('',(0.,0.79));
#9067 = VECTOR('',#9068,1.);
#9068 = DIRECTION('',(1.,0.));
#9069 = ( GEOMETRIC_REPRESENTATION_CONTEXT(2) 
PARAMETRIC_REPRESENTATION_CONTEXT() REPRESENTATION_CONTEXT('2D SPACE',''
  ) );
#9070 = ORIENTED_EDGE('',*,*,#5343,.F.);
#9071 = ADVANCED_FACE('',(#9072),#5411,.F.);
#9072 = FACE_BOUND('',#9073,.F.);
#9073 = EDGE_LOOP('',(#9074,#9075,#9098,#9119));
#9074 = ORIENTED_EDGE('',*,*,#9050,.F.);
#9075 = ORIENTED_EDGE('',*,*,#9076,.F.);
#9076 = EDGE_CURVE('',#9077,#9028,#9079,.T.);
#9077 = VERTEX_POINT('',#9078);
#9078 = CARTESIAN_POINT('',(-2.935,0.395,1.702));
#9079 = SURFACE_CURVE('',#9080,(#9084,#9091),.PCURVE_S1.);
#9080 = LINE('',#9081,#9082);
#9081 = CARTESIAN_POINT('',(-2.935,0.395,1.702));
#9082 = VECTOR('',#9083,1.);
#9083 = DIRECTION('',(1.,0.,0.));
#9084 = PCURVE('',#5411,#9085);
#9085 = DEFINITIONAL_REPRESENTATION('',(#9086),#9090);
#9086 = LINE('',#9087,#9088);
#9087 = CARTESIAN_POINT('',(0.,0.));
#9088 = VECTOR('',#9089,1.);
#9089 = DIRECTION('',(0.,1.));
#9090 = ( GEOMETRIC_REPRESENTATION_CONTEXT(2) 
PARAMETRIC_REPRESENTATION_CONTEXT() REPRESENTATION_CONTEXT('2D SPACE',''
  ) );
#9091 = PCURVE('',#8989,#9092);
#9092 = DEFINITIONAL_REPRESENTATION('',(#9093),#9097);
#9093 = LINE('',#9094,#9095);
#9094 = CARTESIAN_POINT('',(0.,0.79));
#9095 = VECTOR('',#9096,1.);
#9096 = DIRECTION('',(1.,0.));
#9097 = ( GEOMETRIC_REPRESENTATION_CONTEXT(2) 
PARAMETRIC_REPRESENTATION_CONTEXT() REPRESENTATION_CONTEXT('2D SPACE',''
  ) );
#9098 = ORIENTED_EDGE('',*,*,#9099,.T.);
#9099 = EDGE_CURVE('',#9077,#5373,#9100,.T.);
#9100 = SURFACE_CURVE('',#9101,(#9105,#9112),.PCURVE_S1.);
#9101 = LINE('',#9102,#9103);
#9102 = CARTESIAN_POINT('',(-2.935,0.395,1.702));
#9103 = VECTOR('',#9104,1.);
#9104 = DIRECTION('',(0.,0.,1.));
#9105 = PCURVE('',#5411,#9106);
#9106 = DEFINITIONAL_REPRESENTATION('',(#9107),#9111);
#9107 = LINE('',#9108,#9109);
#9108 = CARTESIAN_POINT('',(0.,0.));
#9109 = VECTOR('',#9110,1.);
#9110 = DIRECTION('',(1.,0.));
#9111 = ( GEOMETRIC_REPRESENTATION_CONTEXT(2) 
PARAMETRIC_REPRESENTATION_CONTEXT() REPRESENTATION_CONTEXT('2D SPACE',''
  ) );
#9112 = PCURVE('',#5443,#9113);
#9113 = DEFINITIONAL_REPRESENTATION('',(#9114),#9118);
#9114 = LINE('',#9115,#9116);
#9115 = CARTESIAN_POINT('',(0.,-0.79));
#9116 = VECTOR('',#9117,1.);
#9117 = DIRECTION('',(1.,0.));
#9118 = ( GEOMETRIC_REPRESENTATION_CONTEXT(2) 
PARAMETRIC_REPRESENTATION_CONTEXT() REPRESENTATION_CONTEXT('2D SPACE',''
  ) );
#9119 = ORIENTED_EDGE('',*,*,#5397,.T.);
#9120 = ADVANCED_FACE('',(#9121),#5443,.T.);
#9121 = FACE_BOUND('',#9122,.T.);
#9122 = EDGE_LOOP('',(#9123,#9124,#9145,#9146));
#9123 = ORIENTED_EDGE('',*,*,#9001,.F.);
#9124 = ORIENTED_EDGE('',*,*,#9125,.T.);
#9125 = EDGE_CURVE('',#8974,#9077,#9126,.T.);
#9126 = SURFACE_CURVE('',#9127,(#9131,#9138),.PCURVE_S1.);
#9127 = LINE('',#9128,#9129);
#9128 = CARTESIAN_POINT('',(-2.935,-0.395,1.702));
#9129 = VECTOR('',#9130,1.);
#9130 = DIRECTION('',(0.,1.,0.));
#9131 = PCURVE('',#5443,#9132);
#9132 = DEFINITIONAL_REPRESENTATION('',(#9133),#9137);
#9133 = LINE('',#9134,#9135);
#9134 = CARTESIAN_POINT('',(0.,0.));
#9135 = VECTOR('',#9136,1.);
#9136 = DIRECTION('',(0.,-1.));
#9137 = ( GEOMETRIC_REPRESENTATION_CONTEXT(2) 
PARAMETRIC_REPRESENTATION_CONTEXT() REPRESENTATION_CONTEXT('2D SPACE',''
  ) );
#9138 = PCURVE('',#8989,#9139);
#9139 = DEFINITIONAL_REPRESENTATION('',(#9140),#9144);
#9140 = LINE('',#9141,#9142);
#9141 = CARTESIAN_POINT('',(0.,0.));
#9142 = VECTOR('',#9143,1.);
#9143 = DIRECTION('',(0.,1.));
#9144 = ( GEOMETRIC_REPRESENTATION_CONTEXT(2) 
PARAMETRIC_REPRESENTATION_CONTEXT() REPRESENTATION_CONTEXT('2D SPACE',''
  ) );
#9145 = ORIENTED_EDGE('',*,*,#9099,.T.);
#9146 = ORIENTED_EDGE('',*,*,#5429,.F.);
#9147 = ADVANCED_FACE('',(#9148),#5519,.T.);
#9148 = FACE_BOUND('',#9149,.T.);
#9149 = EDGE_LOOP('',(#9150,#9173,#9201,#9222));
#9150 = ORIENTED_EDGE('',*,*,#9151,.F.);
#9151 = EDGE_CURVE('',#9152,#5459,#9154,.T.);
#9152 = VERTEX_POINT('',#9153);
#9153 = CARTESIAN_POINT('',(-5.475,-0.395,1.702));
#9154 = SURFACE_CURVE('',#9155,(#9159,#9166),.PCURVE_S1.);
#9155 = LINE('',#9156,#9157);
#9156 = CARTESIAN_POINT('',(-5.475,-0.395,1.702));
#9157 = VECTOR('',#9158,1.);
#9158 = DIRECTION('',(0.,0.,1.));
#9159 = PCURVE('',#5519,#9160);
#9160 = DEFINITIONAL_REPRESENTATION('',(#9161),#9165);
#9161 = LINE('',#9162,#9163);
#9162 = CARTESIAN_POINT('',(0.,0.));
#9163 = VECTOR('',#9164,1.);
#9164 = DIRECTION('',(1.,0.));
#9165 = ( GEOMETRIC_REPRESENTATION_CONTEXT(2) 
PARAMETRIC_REPRESENTATION_CONTEXT() REPRESENTATION_CONTEXT('2D SPACE',''
  ) );
#9166 = PCURVE('',#5573,#9167);
#9167 = DEFINITIONAL_REPRESENTATION('',(#9168),#9172);
#9168 = LINE('',#9169,#9170);
#9169 = CARTESIAN_POINT('',(0.,0.));
#9170 = VECTOR('',#9171,1.);
#9171 = DIRECTION('',(1.,0.));
#9172 = ( GEOMETRIC_REPRESENTATION_CONTEXT(2) 
PARAMETRIC_REPRESENTATION_CONTEXT() REPRESENTATION_CONTEXT('2D SPACE',''
  ) );
#9173 = ORIENTED_EDGE('',*,*,#9174,.T.);
#9174 = EDGE_CURVE('',#9152,#9175,#9177,.T.);
#9175 = VERTEX_POINT('',#9176);
#9176 = CARTESIAN_POINT('',(-5.475,0.395,1.702));
#9177 = SURFACE_CURVE('',#9178,(#9182,#9189),.PCURVE_S1.);
#9178 = LINE('',#9179,#9180);
#9179 = CARTESIAN_POINT('',(-5.475,-0.395,1.702));
#9180 = VECTOR('',#9181,1.);
#9181 = DIRECTION('',(0.,1.,0.));
#9182 = PCURVE('',#5519,#9183);
#9183 = DEFINITIONAL_REPRESENTATION('',(#9184),#9188);
#9184 = LINE('',#9185,#9186);
#9185 = CARTESIAN_POINT('',(0.,0.));
#9186 = VECTOR('',#9187,1.);
#9187 = DIRECTION('',(0.,-1.));
#9188 = ( GEOMETRIC_REPRESENTATION_CONTEXT(2) 
PARAMETRIC_REPRESENTATION_CONTEXT() REPRESENTATION_CONTEXT('2D SPACE',''
  ) );
#9189 = PCURVE('',#9190,#9195);
#9190 = PLANE('',#9191);
#9191 = AXIS2_PLACEMENT_3D('',#9192,#9193,#9194);
#9192 = CARTESIAN_POINT('',(-5.475,-0.395,1.702));
#9193 = DIRECTION('',(0.,0.,1.));
#9194 = DIRECTION('',(1.,0.,0.));
#9195 = DEFINITIONAL_REPRESENTATION('',(#9196),#9200);
#9196 = LINE('',#9197,#9198);
#9197 = CARTESIAN_POINT('',(0.,0.));
#9198 = VECTOR('',#9199,1.);
#9199 = DIRECTION('',(0.,1.));
#9200 = ( GEOMETRIC_REPRESENTATION_CONTEXT(2) 
PARAMETRIC_REPRESENTATION_CONTEXT() REPRESENTATION_CONTEXT('2D SPACE',''
  ) );
#9201 = ORIENTED_EDGE('',*,*,#9202,.T.);
#9202 = EDGE_CURVE('',#9175,#5483,#9203,.T.);
#9203 = SURFACE_CURVE('',#9204,(#9208,#9215),.PCURVE_S1.);
#9204 = LINE('',#9205,#9206);
#9205 = CARTESIAN_POINT('',(-5.475,0.395,1.702));
#9206 = VECTOR('',#9207,1.);
#9207 = DIRECTION('',(0.,0.,1.));
#9208 = PCURVE('',#5519,#9209);
#9209 = DEFINITIONAL_REPRESENTATION('',(#9210),#9214);
#9210 = LINE('',#9211,#9212);
#9211 = CARTESIAN_POINT('',(0.,-0.79));
#9212 = VECTOR('',#9213,1.);
#9213 = DIRECTION('',(1.,0.));
#9214 = ( GEOMETRIC_REPRESENTATION_CONTEXT(2) 
PARAMETRIC_REPRESENTATION_CONTEXT() REPRESENTATION_CONTEXT('2D SPACE',''
  ) );
#9215 = PCURVE('',#5659,#9216);
#9216 = DEFINITIONAL_REPRESENTATION('',(#9217),#9221);
#9217 = LINE('',#9218,#9219);
#9218 = CARTESIAN_POINT('',(0.,0.));
#9219 = VECTOR('',#9220,1.);
#9220 = DIRECTION('',(1.,0.));
#9221 = ( GEOMETRIC_REPRESENTATION_CONTEXT(2) 
PARAMETRIC_REPRESENTATION_CONTEXT() REPRESENTATION_CONTEXT('2D SPACE',''
  ) );
#9222 = ORIENTED_EDGE('',*,*,#5505,.F.);
#9223 = ADVANCED_FACE('',(#9224),#5573,.T.);
#9224 = FACE_BOUND('',#9225,.T.);
#9225 = EDGE_LOOP('',(#9226,#9249,#9270,#9271));
#9226 = ORIENTED_EDGE('',*,*,#9227,.F.);
#9227 = EDGE_CURVE('',#9228,#5537,#9230,.T.);
#9228 = VERTEX_POINT('',#9229);
#9229 = CARTESIAN_POINT('',(-4.685,-0.395,1.702));
#9230 = SURFACE_CURVE('',#9231,(#9235,#9242),.PCURVE_S1.);
#9231 = LINE('',#9232,#9233);
#9232 = CARTESIAN_POINT('',(-4.685,-0.395,1.702));
#9233 = VECTOR('',#9234,1.);
#9234 = DIRECTION('',(0.,0.,1.));
#9235 = PCURVE('',#5573,#9236);
#9236 = DEFINITIONAL_REPRESENTATION('',(#9237),#9241);
#9237 = LINE('',#9238,#9239);
#9238 = CARTESIAN_POINT('',(0.,0.79));
#9239 = VECTOR('',#9240,1.);
#9240 = DIRECTION('',(1.,0.));
#9241 = ( GEOMETRIC_REPRESENTATION_CONTEXT(2) 
PARAMETRIC_REPRESENTATION_CONTEXT() REPRESENTATION_CONTEXT('2D SPACE',''
  ) );
#9242 = PCURVE('',#5627,#9243);
#9243 = DEFINITIONAL_REPRESENTATION('',(#9244),#9248);
#9244 = LINE('',#9245,#9246);
#9245 = CARTESIAN_POINT('',(0.,0.));
#9246 = VECTOR('',#9247,1.);
#9247 = DIRECTION('',(1.,0.));
#9248 = ( GEOMETRIC_REPRESENTATION_CONTEXT(2) 
PARAMETRIC_REPRESENTATION_CONTEXT() REPRESENTATION_CONTEXT('2D SPACE',''
  ) );
#9249 = ORIENTED_EDGE('',*,*,#9250,.F.);
#9250 = EDGE_CURVE('',#9152,#9228,#9251,.T.);
#9251 = SURFACE_CURVE('',#9252,(#9256,#9263),.PCURVE_S1.);
#9252 = LINE('',#9253,#9254);
#9253 = CARTESIAN_POINT('',(-5.475,-0.395,1.702));
#9254 = VECTOR('',#9255,1.);
#9255 = DIRECTION('',(1.,0.,0.));
#9256 = PCURVE('',#5573,#9257);
#9257 = DEFINITIONAL_REPRESENTATION('',(#9258),#9262);
#9258 = LINE('',#9259,#9260);
#9259 = CARTESIAN_POINT('',(0.,0.));
#9260 = VECTOR('',#9261,1.);
#9261 = DIRECTION('',(0.,1.));
#9262 = ( GEOMETRIC_REPRESENTATION_CONTEXT(2) 
PARAMETRIC_REPRESENTATION_CONTEXT() REPRESENTATION_CONTEXT('2D SPACE',''
  ) );
#9263 = PCURVE('',#9190,#9264);
#9264 = DEFINITIONAL_REPRESENTATION('',(#9265),#9269);
#9265 = LINE('',#9266,#9267);
#9266 = CARTESIAN_POINT('',(0.,0.));
#9267 = VECTOR('',#9268,1.);
#9268 = DIRECTION('',(1.,0.));
#9269 = ( GEOMETRIC_REPRESENTATION_CONTEXT(2) 
PARAMETRIC_REPRESENTATION_CONTEXT() REPRESENTATION_CONTEXT('2D SPACE',''
  ) );
#9270 = ORIENTED_EDGE('',*,*,#9151,.T.);
#9271 = ORIENTED_EDGE('',*,*,#5559,.T.);
#9272 = ADVANCED_FACE('',(#9273),#5627,.F.);
#9273 = FACE_BOUND('',#9274,.F.);
#9274 = EDGE_LOOP('',(#9275,#9276,#9299,#9320));
#9275 = ORIENTED_EDGE('',*,*,#9227,.F.);
#9276 = ORIENTED_EDGE('',*,*,#9277,.T.);
#9277 = EDGE_CURVE('',#9228,#9278,#9280,.T.);
#9278 = VERTEX_POINT('',#9279);
#9279 = CARTESIAN_POINT('',(-4.685,0.395,1.702));
#9280 = SURFACE_CURVE('',#9281,(#9285,#9292),.PCURVE_S1.);
#9281 = LINE('',#9282,#9283);
#9282 = CARTESIAN_POINT('',(-4.685,-0.395,1.702));
#9283 = VECTOR('',#9284,1.);
#9284 = DIRECTION('',(0.,1.,0.));
#9285 = PCURVE('',#5627,#9286);
#9286 = DEFINITIONAL_REPRESENTATION('',(#9287),#9291);
#9287 = LINE('',#9288,#9289);
#9288 = CARTESIAN_POINT('',(0.,0.));
#9289 = VECTOR('',#9290,1.);
#9290 = DIRECTION('',(0.,-1.));
#9291 = ( GEOMETRIC_REPRESENTATION_CONTEXT(2) 
PARAMETRIC_REPRESENTATION_CONTEXT() REPRESENTATION_CONTEXT('2D SPACE',''
  ) );
#9292 = PCURVE('',#9190,#9293);
#9293 = DEFINITIONAL_REPRESENTATION('',(#9294),#9298);
#9294 = LINE('',#9295,#9296);
#9295 = CARTESIAN_POINT('',(0.79,0.));
#9296 = VECTOR('',#9297,1.);
#9297 = DIRECTION('',(0.,1.));
#9298 = ( GEOMETRIC_REPRESENTATION_CONTEXT(2) 
PARAMETRIC_REPRESENTATION_CONTEXT() REPRESENTATION_CONTEXT('2D SPACE',''
  ) );
#9299 = ORIENTED_EDGE('',*,*,#9300,.T.);
#9300 = EDGE_CURVE('',#9278,#5591,#9301,.T.);
#9301 = SURFACE_CURVE('',#9302,(#9306,#9313),.PCURVE_S1.);
#9302 = LINE('',#9303,#9304);
#9303 = CARTESIAN_POINT('',(-4.685,0.395,1.702));
#9304 = VECTOR('',#9305,1.);
#9305 = DIRECTION('',(0.,0.,1.));
#9306 = PCURVE('',#5627,#9307);
#9307 = DEFINITIONAL_REPRESENTATION('',(#9308),#9312);
#9308 = LINE('',#9309,#9310);
#9309 = CARTESIAN_POINT('',(0.,-0.79));
#9310 = VECTOR('',#9311,1.);
#9311 = DIRECTION('',(1.,0.));
#9312 = ( GEOMETRIC_REPRESENTATION_CONTEXT(2) 
PARAMETRIC_REPRESENTATION_CONTEXT() REPRESENTATION_CONTEXT('2D SPACE',''
  ) );
#9313 = PCURVE('',#5659,#9314);
#9314 = DEFINITIONAL_REPRESENTATION('',(#9315),#9319);
#9315 = LINE('',#9316,#9317);
#9316 = CARTESIAN_POINT('',(0.,0.79));
#9317 = VECTOR('',#9318,1.);
#9318 = DIRECTION('',(1.,0.));
#9319 = ( GEOMETRIC_REPRESENTATION_CONTEXT(2) 
PARAMETRIC_REPRESENTATION_CONTEXT() REPRESENTATION_CONTEXT('2D SPACE',''
  ) );
#9320 = ORIENTED_EDGE('',*,*,#5613,.F.);
#9321 = ADVANCED_FACE('',(#9322),#5659,.F.);
#9322 = FACE_BOUND('',#9323,.F.);
#9323 = EDGE_LOOP('',(#9324,#9325,#9346,#9347));
#9324 = ORIENTED_EDGE('',*,*,#9300,.F.);
#9325 = ORIENTED_EDGE('',*,*,#9326,.F.);
#9326 = EDGE_CURVE('',#9175,#9278,#9327,.T.);
#9327 = SURFACE_CURVE('',#9328,(#9332,#9339),.PCURVE_S1.);
#9328 = LINE('',#9329,#9330);
#9329 = CARTESIAN_POINT('',(-5.475,0.395,1.702));
#9330 = VECTOR('',#9331,1.);
#9331 = DIRECTION('',(1.,0.,0.));
#9332 = PCURVE('',#5659,#9333);
#9333 = DEFINITIONAL_REPRESENTATION('',(#9334),#9338);
#9334 = LINE('',#9335,#9336);
#9335 = CARTESIAN_POINT('',(0.,0.));
#9336 = VECTOR('',#9337,1.);
#9337 = DIRECTION('',(0.,1.));
#9338 = ( GEOMETRIC_REPRESENTATION_CONTEXT(2) 
PARAMETRIC_REPRESENTATION_CONTEXT() REPRESENTATION_CONTEXT('2D SPACE',''
  ) );
#9339 = PCURVE('',#9190,#9340);
#9340 = DEFINITIONAL_REPRESENTATION('',(#9341),#9345);
#9341 = LINE('',#9342,#9343);
#9342 = CARTESIAN_POINT('',(0.,0.79));
#9343 = VECTOR('',#9344,1.);
#9344 = DIRECTION('',(1.,0.));
#9345 = ( GEOMETRIC_REPRESENTATION_CONTEXT(2) 
PARAMETRIC_REPRESENTATION_CONTEXT() REPRESENTATION_CONTEXT('2D SPACE',''
  ) );
#9346 = ORIENTED_EDGE('',*,*,#9202,.T.);
#9347 = ORIENTED_EDGE('',*,*,#5645,.T.);
#9348 = ADVANCED_FACE('',(#9349),#5735,.T.);
#9349 = FACE_BOUND('',#9350,.T.);
#9350 = EDGE_LOOP('',(#9351,#9374,#9402,#9423));
#9351 = ORIENTED_EDGE('',*,*,#9352,.F.);
#9352 = EDGE_CURVE('',#9353,#5699,#9355,.T.);
#9353 = VERTEX_POINT('',#9354);
#9354 = CARTESIAN_POINT('',(0.395,-0.395,1.702));
#9355 = SURFACE_CURVE('',#9356,(#9360,#9367),.PCURVE_S1.);
#9356 = LINE('',#9357,#9358);
#9357 = CARTESIAN_POINT('',(0.395,-0.395,1.702));
#9358 = VECTOR('',#9359,1.);
#9359 = DIRECTION('',(0.,0.,1.));
#9360 = PCURVE('',#5735,#9361);
#9361 = DEFINITIONAL_REPRESENTATION('',(#9362),#9366);
#9362 = LINE('',#9363,#9364);
#9363 = CARTESIAN_POINT('',(0.,0.79));
#9364 = VECTOR('',#9365,1.);
#9365 = DIRECTION('',(1.,0.));
#9366 = ( GEOMETRIC_REPRESENTATION_CONTEXT(2) 
PARAMETRIC_REPRESENTATION_CONTEXT() REPRESENTATION_CONTEXT('2D SPACE',''
  ) );
#9367 = PCURVE('',#5789,#9368);
#9368 = DEFINITIONAL_REPRESENTATION('',(#9369),#9373);
#9369 = LINE('',#9370,#9371);
#9370 = CARTESIAN_POINT('',(0.,0.));
#9371 = VECTOR('',#9372,1.);
#9372 = DIRECTION('',(1.,0.));
#9373 = ( GEOMETRIC_REPRESENTATION_CONTEXT(2) 
PARAMETRIC_REPRESENTATION_CONTEXT() REPRESENTATION_CONTEXT('2D SPACE',''
  ) );
#9374 = ORIENTED_EDGE('',*,*,#9375,.F.);
#9375 = EDGE_CURVE('',#9376,#9353,#9378,.T.);
#9376 = VERTEX_POINT('',#9377);
#9377 = CARTESIAN_POINT('',(-0.395,-0.395,1.702));
#9378 = SURFACE_CURVE('',#9379,(#9383,#9390),.PCURVE_S1.);
#9379 = LINE('',#9380,#9381);
#9380 = CARTESIAN_POINT('',(-0.395,-0.395,1.702));
#9381 = VECTOR('',#9382,1.);
#9382 = DIRECTION('',(1.,0.,0.));
#9383 = PCURVE('',#5735,#9384);
#9384 = DEFINITIONAL_REPRESENTATION('',(#9385),#9389);
#9385 = LINE('',#9386,#9387);
#9386 = CARTESIAN_POINT('',(0.,0.));
#9387 = VECTOR('',#9388,1.);
#9388 = DIRECTION('',(0.,1.));
#9389 = ( GEOMETRIC_REPRESENTATION_CONTEXT(2) 
PARAMETRIC_REPRESENTATION_CONTEXT() REPRESENTATION_CONTEXT('2D SPACE',''
  ) );
#9390 = PCURVE('',#9391,#9396);
#9391 = PLANE('',#9392);
#9392 = AXIS2_PLACEMENT_3D('',#9393,#9394,#9395);
#9393 = CARTESIAN_POINT('',(-0.395,-0.395,1.702));
#9394 = DIRECTION('',(0.,0.,1.));
#9395 = DIRECTION('',(1.,0.,0.));
#9396 = DEFINITIONAL_REPRESENTATION('',(#9397),#9401);
#9397 = LINE('',#9398,#9399);
#9398 = CARTESIAN_POINT('',(0.,0.));
#9399 = VECTOR('',#9400,1.);
#9400 = DIRECTION('',(1.,0.));
#9401 = ( GEOMETRIC_REPRESENTATION_CONTEXT(2) 
PARAMETRIC_REPRESENTATION_CONTEXT() REPRESENTATION_CONTEXT('2D SPACE',''
  ) );
#9402 = ORIENTED_EDGE('',*,*,#9403,.T.);
#9403 = EDGE_CURVE('',#9376,#5675,#9404,.T.);
#9404 = SURFACE_CURVE('',#9405,(#9409,#9416),.PCURVE_S1.);
#9405 = LINE('',#9406,#9407);
#9406 = CARTESIAN_POINT('',(-0.395,-0.395,1.702));
#9407 = VECTOR('',#9408,1.);
#9408 = DIRECTION('',(0.,0.,1.));
#9409 = PCURVE('',#5735,#9410);
#9410 = DEFINITIONAL_REPRESENTATION('',(#9411),#9415);
#9411 = LINE('',#9412,#9413);
#9412 = CARTESIAN_POINT('',(0.,0.));
#9413 = VECTOR('',#9414,1.);
#9414 = DIRECTION('',(1.,0.));
#9415 = ( GEOMETRIC_REPRESENTATION_CONTEXT(2) 
PARAMETRIC_REPRESENTATION_CONTEXT() REPRESENTATION_CONTEXT('2D SPACE',''
  ) );
#9416 = PCURVE('',#5875,#9417);
#9417 = DEFINITIONAL_REPRESENTATION('',(#9418),#9422);
#9418 = LINE('',#9419,#9420);
#9419 = CARTESIAN_POINT('',(0.,0.));
#9420 = VECTOR('',#9421,1.);
#9421 = DIRECTION('',(1.,0.));
#9422 = ( GEOMETRIC_REPRESENTATION_CONTEXT(2) 
PARAMETRIC_REPRESENTATION_CONTEXT() REPRESENTATION_CONTEXT('2D SPACE',''
  ) );
#9423 = ORIENTED_EDGE('',*,*,#5721,.T.);
#9424 = ADVANCED_FACE('',(#9425),#5789,.F.);
#9425 = FACE_BOUND('',#9426,.F.);
#9426 = EDGE_LOOP('',(#9427,#9428,#9451,#9472));
#9427 = ORIENTED_EDGE('',*,*,#9352,.F.);
#9428 = ORIENTED_EDGE('',*,*,#9429,.T.);
#9429 = EDGE_CURVE('',#9353,#9430,#9432,.T.);
#9430 = VERTEX_POINT('',#9431);
#9431 = CARTESIAN_POINT('',(0.395,0.395,1.702));
#9432 = SURFACE_CURVE('',#9433,(#9437,#9444),.PCURVE_S1.);
#9433 = LINE('',#9434,#9435);
#9434 = CARTESIAN_POINT('',(0.395,-0.395,1.702));
#9435 = VECTOR('',#9436,1.);
#9436 = DIRECTION('',(0.,1.,0.));
#9437 = PCURVE('',#5789,#9438);
#9438 = DEFINITIONAL_REPRESENTATION('',(#9439),#9443);
#9439 = LINE('',#9440,#9441);
#9440 = CARTESIAN_POINT('',(0.,0.));
#9441 = VECTOR('',#9442,1.);
#9442 = DIRECTION('',(0.,-1.));
#9443 = ( GEOMETRIC_REPRESENTATION_CONTEXT(2) 
PARAMETRIC_REPRESENTATION_CONTEXT() REPRESENTATION_CONTEXT('2D SPACE',''
  ) );
#9444 = PCURVE('',#9391,#9445);
#9445 = DEFINITIONAL_REPRESENTATION('',(#9446),#9450);
#9446 = LINE('',#9447,#9448);
#9447 = CARTESIAN_POINT('',(0.79,0.));
#9448 = VECTOR('',#9449,1.);
#9449 = DIRECTION('',(0.,1.));
#9450 = ( GEOMETRIC_REPRESENTATION_CONTEXT(2) 
PARAMETRIC_REPRESENTATION_CONTEXT() REPRESENTATION_CONTEXT('2D SPACE',''
  ) );
#9451 = ORIENTED_EDGE('',*,*,#9452,.T.);
#9452 = EDGE_CURVE('',#9430,#5753,#9453,.T.);
#9453 = SURFACE_CURVE('',#9454,(#9458,#9465),.PCURVE_S1.);
#9454 = LINE('',#9455,#9456);
#9455 = CARTESIAN_POINT('',(0.395,0.395,1.702));
#9456 = VECTOR('',#9457,1.);
#9457 = DIRECTION('',(0.,0.,1.));
#9458 = PCURVE('',#5789,#9459);
#9459 = DEFINITIONAL_REPRESENTATION('',(#9460),#9464);
#9460 = LINE('',#9461,#9462);
#9461 = CARTESIAN_POINT('',(0.,-0.79));
#9462 = VECTOR('',#9463,1.);
#9463 = DIRECTION('',(1.,0.));
#9464 = ( GEOMETRIC_REPRESENTATION_CONTEXT(2) 
PARAMETRIC_REPRESENTATION_CONTEXT() REPRESENTATION_CONTEXT('2D SPACE',''
  ) );
#9465 = PCURVE('',#5843,#9466);
#9466 = DEFINITIONAL_REPRESENTATION('',(#9467),#9471);
#9467 = LINE('',#9468,#9469);
#9468 = CARTESIAN_POINT('',(0.,0.79));
#9469 = VECTOR('',#9470,1.);
#9470 = DIRECTION('',(1.,0.));
#9471 = ( GEOMETRIC_REPRESENTATION_CONTEXT(2) 
PARAMETRIC_REPRESENTATION_CONTEXT() REPRESENTATION_CONTEXT('2D SPACE',''
  ) );
#9472 = ORIENTED_EDGE('',*,*,#5775,.F.);
#9473 = ADVANCED_FACE('',(#9474),#5843,.F.);
#9474 = FACE_BOUND('',#9475,.F.);
#9475 = EDGE_LOOP('',(#9476,#9477,#9500,#9521));
#9476 = ORIENTED_EDGE('',*,*,#9452,.F.);
#9477 = ORIENTED_EDGE('',*,*,#9478,.F.);
#9478 = EDGE_CURVE('',#9479,#9430,#9481,.T.);
#9479 = VERTEX_POINT('',#9480);
#9480 = CARTESIAN_POINT('',(-0.395,0.395,1.702));
#9481 = SURFACE_CURVE('',#9482,(#9486,#9493),.PCURVE_S1.);
#9482 = LINE('',#9483,#9484);
#9483 = CARTESIAN_POINT('',(-0.395,0.395,1.702));
#9484 = VECTOR('',#9485,1.);
#9485 = DIRECTION('',(1.,0.,0.));
#9486 = PCURVE('',#5843,#9487);
#9487 = DEFINITIONAL_REPRESENTATION('',(#9488),#9492);
#9488 = LINE('',#9489,#9490);
#9489 = CARTESIAN_POINT('',(0.,0.));
#9490 = VECTOR('',#9491,1.);
#9491 = DIRECTION('',(0.,1.));
#9492 = ( GEOMETRIC_REPRESENTATION_CONTEXT(2) 
PARAMETRIC_REPRESENTATION_CONTEXT() REPRESENTATION_CONTEXT('2D SPACE',''
  ) );
#9493 = PCURVE('',#9391,#9494);
#9494 = DEFINITIONAL_REPRESENTATION('',(#9495),#9499);
#9495 = LINE('',#9496,#9497);
#9496 = CARTESIAN_POINT('',(0.,0.79));
#9497 = VECTOR('',#9498,1.);
#9498 = DIRECTION('',(1.,0.));
#9499 = ( GEOMETRIC_REPRESENTATION_CONTEXT(2) 
PARAMETRIC_REPRESENTATION_CONTEXT() REPRESENTATION_CONTEXT('2D SPACE',''
  ) );
#9500 = ORIENTED_EDGE('',*,*,#9501,.T.);
#9501 = EDGE_CURVE('',#9479,#5805,#9502,.T.);
#9502 = SURFACE_CURVE('',#9503,(#9507,#9514),.PCURVE_S1.);
#9503 = LINE('',#9504,#9505);
#9504 = CARTESIAN_POINT('',(-0.395,0.395,1.702));
#9505 = VECTOR('',#9506,1.);
#9506 = DIRECTION('',(0.,0.,1.));
#9507 = PCURVE('',#5843,#9508);
#9508 = DEFINITIONAL_REPRESENTATION('',(#9509),#9513);
#9509 = LINE('',#9510,#9511);
#9510 = CARTESIAN_POINT('',(0.,0.));
#9511 = VECTOR('',#9512,1.);
#9512 = DIRECTION('',(1.,0.));
#9513 = ( GEOMETRIC_REPRESENTATION_CONTEXT(2) 
PARAMETRIC_REPRESENTATION_CONTEXT() REPRESENTATION_CONTEXT('2D SPACE',''
  ) );
#9514 = PCURVE('',#5875,#9515);
#9515 = DEFINITIONAL_REPRESENTATION('',(#9516),#9520);
#9516 = LINE('',#9517,#9518);
#9517 = CARTESIAN_POINT('',(0.,-0.79));
#9518 = VECTOR('',#9519,1.);
#9519 = DIRECTION('',(1.,0.));
#9520 = ( GEOMETRIC_REPRESENTATION_CONTEXT(2) 
PARAMETRIC_REPRESENTATION_CONTEXT() REPRESENTATION_CONTEXT('2D SPACE',''
  ) );
#9521 = ORIENTED_EDGE('',*,*,#5829,.T.);
#9522 = ADVANCED_FACE('',(#9523),#5875,.T.);
#9523 = FACE_BOUND('',#9524,.T.);
#9524 = EDGE_LOOP('',(#9525,#9526,#9547,#9548));
#9525 = ORIENTED_EDGE('',*,*,#9403,.F.);
#9526 = ORIENTED_EDGE('',*,*,#9527,.T.);
#9527 = EDGE_CURVE('',#9376,#9479,#9528,.T.);
#9528 = SURFACE_CURVE('',#9529,(#9533,#9540),.PCURVE_S1.);
#9529 = LINE('',#9530,#9531);
#9530 = CARTESIAN_POINT('',(-0.395,-0.395,1.702));
#9531 = VECTOR('',#9532,1.);
#9532 = DIRECTION('',(0.,1.,0.));
#9533 = PCURVE('',#5875,#9534);
#9534 = DEFINITIONAL_REPRESENTATION('',(#9535),#9539);
#9535 = LINE('',#9536,#9537);
#9536 = CARTESIAN_POINT('',(0.,0.));
#9537 = VECTOR('',#9538,1.);
#9538 = DIRECTION('',(0.,-1.));
#9539 = ( GEOMETRIC_REPRESENTATION_CONTEXT(2) 
PARAMETRIC_REPRESENTATION_CONTEXT() REPRESENTATION_CONTEXT('2D SPACE',''
  ) );
#9540 = PCURVE('',#9391,#9541);
#9541 = DEFINITIONAL_REPRESENTATION('',(#9542),#9546);
#9542 = LINE('',#9543,#9544);
#9543 = CARTESIAN_POINT('',(0.,0.));
#9544 = VECTOR('',#9545,1.);
#9545 = DIRECTION('',(0.,1.));
#9546 = ( GEOMETRIC_REPRESENTATION_CONTEXT(2) 
PARAMETRIC_REPRESENTATION_CONTEXT() REPRESENTATION_CONTEXT('2D SPACE',''
  ) );
#9547 = ORIENTED_EDGE('',*,*,#9501,.T.);
#9548 = ORIENTED_EDGE('',*,*,#5861,.F.);
#9549 = ADVANCED_FACE('',(#9550),#5951,.F.);
#9550 = FACE_BOUND('',#9551,.F.);
#9551 = EDGE_LOOP('',(#9552,#9575,#9603,#9624));
#9552 = ORIENTED_EDGE('',*,*,#9553,.F.);
#9553 = EDGE_CURVE('',#9554,#5891,#9556,.T.);
#9554 = VERTEX_POINT('',#9555);
#9555 = CARTESIAN_POINT('',(-14.845,-0.395,1.702));
#9556 = SURFACE_CURVE('',#9557,(#9561,#9568),.PCURVE_S1.);
#9557 = LINE('',#9558,#9559);
#9558 = CARTESIAN_POINT('',(-14.845,-0.395,1.702));
#9559 = VECTOR('',#9560,1.);
#9560 = DIRECTION('',(0.,0.,1.));
#9561 = PCURVE('',#5951,#9562);
#9562 = DEFINITIONAL_REPRESENTATION('',(#9563),#9567);
#9563 = LINE('',#9564,#9565);
#9564 = CARTESIAN_POINT('',(0.,0.));
#9565 = VECTOR('',#9566,1.);
#9566 = DIRECTION('',(1.,0.));
#9567 = ( GEOMETRIC_REPRESENTATION_CONTEXT(2) 
PARAMETRIC_REPRESENTATION_CONTEXT() REPRESENTATION_CONTEXT('2D SPACE',''
  ) );
#9568 = PCURVE('',#6091,#9569);
#9569 = DEFINITIONAL_REPRESENTATION('',(#9570),#9574);
#9570 = LINE('',#9571,#9572);
#9571 = CARTESIAN_POINT('',(0.,0.79));
#9572 = VECTOR('',#9573,1.);
#9573 = DIRECTION('',(1.,0.));
#9574 = ( GEOMETRIC_REPRESENTATION_CONTEXT(2) 
PARAMETRIC_REPRESENTATION_CONTEXT() REPRESENTATION_CONTEXT('2D SPACE',''
  ) );
#9575 = ORIENTED_EDGE('',*,*,#9576,.T.);
#9576 = EDGE_CURVE('',#9554,#9577,#9579,.T.);
#9577 = VERTEX_POINT('',#9578);
#9578 = CARTESIAN_POINT('',(-14.845,0.395,1.702));
#9579 = SURFACE_CURVE('',#9580,(#9584,#9591),.PCURVE_S1.);
#9580 = LINE('',#9581,#9582);
#9581 = CARTESIAN_POINT('',(-14.845,-0.395,1.702));
#9582 = VECTOR('',#9583,1.);
#9583 = DIRECTION('',(0.,1.,0.));
#9584 = PCURVE('',#5951,#9585);
#9585 = DEFINITIONAL_REPRESENTATION('',(#9586),#9590);
#9586 = LINE('',#9587,#9588);
#9587 = CARTESIAN_POINT('',(0.,0.));
#9588 = VECTOR('',#9589,1.);
#9589 = DIRECTION('',(0.,-1.));
#9590 = ( GEOMETRIC_REPRESENTATION_CONTEXT(2) 
PARAMETRIC_REPRESENTATION_CONTEXT() REPRESENTATION_CONTEXT('2D SPACE',''
  ) );
#9591 = PCURVE('',#9592,#9597);
#9592 = PLANE('',#9593);
#9593 = AXIS2_PLACEMENT_3D('',#9594,#9595,#9596);
#9594 = CARTESIAN_POINT('',(-15.635,-0.395,1.702));
#9595 = DIRECTION('',(0.,0.,1.));
#9596 = DIRECTION('',(1.,0.,0.));
#9597 = DEFINITIONAL_REPRESENTATION('',(#9598),#9602);
#9598 = LINE('',#9599,#9600);
#9599 = CARTESIAN_POINT('',(0.79,0.));
#9600 = VECTOR('',#9601,1.);
#9601 = DIRECTION('',(0.,1.));
#9602 = ( GEOMETRIC_REPRESENTATION_CONTEXT(2) 
PARAMETRIC_REPRESENTATION_CONTEXT() REPRESENTATION_CONTEXT('2D SPACE',''
  ) );
#9603 = ORIENTED_EDGE('',*,*,#9604,.T.);
#9604 = EDGE_CURVE('',#9577,#5915,#9605,.T.);
#9605 = SURFACE_CURVE('',#9606,(#9610,#9617),.PCURVE_S1.);
#9606 = LINE('',#9607,#9608);
#9607 = CARTESIAN_POINT('',(-14.845,0.395,1.702));
#9608 = VECTOR('',#9609,1.);
#9609 = DIRECTION('',(0.,0.,1.));
#9610 = PCURVE('',#5951,#9611);
#9611 = DEFINITIONAL_REPRESENTATION('',(#9612),#9616);
#9612 = LINE('',#9613,#9614);
#9613 = CARTESIAN_POINT('',(0.,-0.79));
#9614 = VECTOR('',#9615,1.);
#9615 = DIRECTION('',(1.,0.));
#9616 = ( GEOMETRIC_REPRESENTATION_CONTEXT(2) 
PARAMETRIC_REPRESENTATION_CONTEXT() REPRESENTATION_CONTEXT('2D SPACE',''
  ) );
#9617 = PCURVE('',#6005,#9618);
#9618 = DEFINITIONAL_REPRESENTATION('',(#9619),#9623);
#9619 = LINE('',#9620,#9621);
#9620 = CARTESIAN_POINT('',(0.,0.79));
#9621 = VECTOR('',#9622,1.);
#9622 = DIRECTION('',(1.,0.));
#9623 = ( GEOMETRIC_REPRESENTATION_CONTEXT(2) 
PARAMETRIC_REPRESENTATION_CONTEXT() REPRESENTATION_CONTEXT('2D SPACE',''
  ) );
#9624 = ORIENTED_EDGE('',*,*,#5937,.F.);
#9625 = ADVANCED_FACE('',(#9626),#6005,.F.);
#9626 = FACE_BOUND('',#9627,.F.);
#9627 = EDGE_LOOP('',(#9628,#9629,#9652,#9673));
#9628 = ORIENTED_EDGE('',*,*,#9604,.F.);
#9629 = ORIENTED_EDGE('',*,*,#9630,.F.);
#9630 = EDGE_CURVE('',#9631,#9577,#9633,.T.);
#9631 = VERTEX_POINT('',#9632);
#9632 = CARTESIAN_POINT('',(-15.635,0.395,1.702));
#9633 = SURFACE_CURVE('',#9634,(#9638,#9645),.PCURVE_S1.);
#9634 = LINE('',#9635,#9636);
#9635 = CARTESIAN_POINT('',(-15.635,0.395,1.702));
#9636 = VECTOR('',#9637,1.);
#9637 = DIRECTION('',(1.,0.,0.));
#9638 = PCURVE('',#6005,#9639);
#9639 = DEFINITIONAL_REPRESENTATION('',(#9640),#9644);
#9640 = LINE('',#9641,#9642);
#9641 = CARTESIAN_POINT('',(0.,0.));
#9642 = VECTOR('',#9643,1.);
#9643 = DIRECTION('',(0.,1.));
#9644 = ( GEOMETRIC_REPRESENTATION_CONTEXT(2) 
PARAMETRIC_REPRESENTATION_CONTEXT() REPRESENTATION_CONTEXT('2D SPACE',''
  ) );
#9645 = PCURVE('',#9592,#9646);
#9646 = DEFINITIONAL_REPRESENTATION('',(#9647),#9651);
#9647 = LINE('',#9648,#9649);
#9648 = CARTESIAN_POINT('',(0.,0.79));
#9649 = VECTOR('',#9650,1.);
#9650 = DIRECTION('',(1.,0.));
#9651 = ( GEOMETRIC_REPRESENTATION_CONTEXT(2) 
PARAMETRIC_REPRESENTATION_CONTEXT() REPRESENTATION_CONTEXT('2D SPACE',''
  ) );
#9652 = ORIENTED_EDGE('',*,*,#9653,.T.);
#9653 = EDGE_CURVE('',#9631,#5967,#9654,.T.);
#9654 = SURFACE_CURVE('',#9655,(#9659,#9666),.PCURVE_S1.);
#9655 = LINE('',#9656,#9657);
#9656 = CARTESIAN_POINT('',(-15.635,0.395,1.702));
#9657 = VECTOR('',#9658,1.);
#9658 = DIRECTION('',(0.,0.,1.));
#9659 = PCURVE('',#6005,#9660);
#9660 = DEFINITIONAL_REPRESENTATION('',(#9661),#9665);
#9661 = LINE('',#9662,#9663);
#9662 = CARTESIAN_POINT('',(0.,0.));
#9663 = VECTOR('',#9664,1.);
#9664 = DIRECTION('',(1.,0.));
#9665 = ( GEOMETRIC_REPRESENTATION_CONTEXT(2) 
PARAMETRIC_REPRESENTATION_CONTEXT() REPRESENTATION_CONTEXT('2D SPACE',''
  ) );
#9666 = PCURVE('',#6059,#9667);
#9667 = DEFINITIONAL_REPRESENTATION('',(#9668),#9672);
#9668 = LINE('',#9669,#9670);
#9669 = CARTESIAN_POINT('',(0.,-0.79));
#9670 = VECTOR('',#9671,1.);
#9671 = DIRECTION('',(1.,0.));
#9672 = ( GEOMETRIC_REPRESENTATION_CONTEXT(2) 
PARAMETRIC_REPRESENTATION_CONTEXT() REPRESENTATION_CONTEXT('2D SPACE',''
  ) );
#9673 = ORIENTED_EDGE('',*,*,#5991,.T.);
#9674 = ADVANCED_FACE('',(#9675),#6059,.T.);
#9675 = FACE_BOUND('',#9676,.T.);
#9676 = EDGE_LOOP('',(#9677,#9700,#9721,#9722));
#9677 = ORIENTED_EDGE('',*,*,#9678,.F.);
#9678 = EDGE_CURVE('',#9679,#6021,#9681,.T.);
#9679 = VERTEX_POINT('',#9680);
#9680 = CARTESIAN_POINT('',(-15.635,-0.395,1.702));
#9681 = SURFACE_CURVE('',#9682,(#9686,#9693),.PCURVE_S1.);
#9682 = LINE('',#9683,#9684);
#9683 = CARTESIAN_POINT('',(-15.635,-0.395,1.702));
#9684 = VECTOR('',#9685,1.);
#9685 = DIRECTION('',(0.,0.,1.));
#9686 = PCURVE('',#6059,#9687);
#9687 = DEFINITIONAL_REPRESENTATION('',(#9688),#9692);
#9688 = LINE('',#9689,#9690);
#9689 = CARTESIAN_POINT('',(0.,0.));
#9690 = VECTOR('',#9691,1.);
#9691 = DIRECTION('',(1.,0.));
#9692 = ( GEOMETRIC_REPRESENTATION_CONTEXT(2) 
PARAMETRIC_REPRESENTATION_CONTEXT() REPRESENTATION_CONTEXT('2D SPACE',''
  ) );
#9693 = PCURVE('',#6091,#9694);
#9694 = DEFINITIONAL_REPRESENTATION('',(#9695),#9699);
#9695 = LINE('',#9696,#9697);
#9696 = CARTESIAN_POINT('',(0.,0.));
#9697 = VECTOR('',#9698,1.);
#9698 = DIRECTION('',(1.,0.));
#9699 = ( GEOMETRIC_REPRESENTATION_CONTEXT(2) 
PARAMETRIC_REPRESENTATION_CONTEXT() REPRESENTATION_CONTEXT('2D SPACE',''
  ) );
#9700 = ORIENTED_EDGE('',*,*,#9701,.T.);
#9701 = EDGE_CURVE('',#9679,#9631,#9702,.T.);
#9702 = SURFACE_CURVE('',#9703,(#9707,#9714),.PCURVE_S1.);
#9703 = LINE('',#9704,#9705);
#9704 = CARTESIAN_POINT('',(-15.635,-0.395,1.702));
#9705 = VECTOR('',#9706,1.);
#9706 = DIRECTION('',(0.,1.,0.));
#9707 = PCURVE('',#6059,#9708);
#9708 = DEFINITIONAL_REPRESENTATION('',(#9709),#9713);
#9709 = LINE('',#9710,#9711);
#9710 = CARTESIAN_POINT('',(0.,0.));
#9711 = VECTOR('',#9712,1.);
#9712 = DIRECTION('',(0.,-1.));
#9713 = ( GEOMETRIC_REPRESENTATION_CONTEXT(2) 
PARAMETRIC_REPRESENTATION_CONTEXT() REPRESENTATION_CONTEXT('2D SPACE',''
  ) );
#9714 = PCURVE('',#9592,#9715);
#9715 = DEFINITIONAL_REPRESENTATION('',(#9716),#9720);
#9716 = LINE('',#9717,#9718);
#9717 = CARTESIAN_POINT('',(0.,0.));
#9718 = VECTOR('',#9719,1.);
#9719 = DIRECTION('',(0.,1.));
#9720 = ( GEOMETRIC_REPRESENTATION_CONTEXT(2) 
PARAMETRIC_REPRESENTATION_CONTEXT() REPRESENTATION_CONTEXT('2D SPACE',''
  ) );
#9721 = ORIENTED_EDGE('',*,*,#9653,.T.);
#9722 = ORIENTED_EDGE('',*,*,#6045,.F.);
#9723 = ADVANCED_FACE('',(#9724),#6091,.T.);
#9724 = FACE_BOUND('',#9725,.T.);
#9725 = EDGE_LOOP('',(#9726,#9727,#9748,#9749));
#9726 = ORIENTED_EDGE('',*,*,#9553,.F.);
#9727 = ORIENTED_EDGE('',*,*,#9728,.F.);
#9728 = EDGE_CURVE('',#9679,#9554,#9729,.T.);
#9729 = SURFACE_CURVE('',#9730,(#9734,#9741),.PCURVE_S1.);
#9730 = LINE('',#9731,#9732);
#9731 = CARTESIAN_POINT('',(-15.635,-0.395,1.702));
#9732 = VECTOR('',#9733,1.);
#9733 = DIRECTION('',(1.,0.,0.));
#9734 = PCURVE('',#6091,#9735);
#9735 = DEFINITIONAL_REPRESENTATION('',(#9736),#9740);
#9736 = LINE('',#9737,#9738);
#9737 = CARTESIAN_POINT('',(0.,0.));
#9738 = VECTOR('',#9739,1.);
#9739 = DIRECTION('',(0.,1.));
#9740 = ( GEOMETRIC_REPRESENTATION_CONTEXT(2) 
PARAMETRIC_REPRESENTATION_CONTEXT() REPRESENTATION_CONTEXT('2D SPACE',''
  ) );
#9741 = PCURVE('',#9592,#9742);
#9742 = DEFINITIONAL_REPRESENTATION('',(#9743),#9747);
#9743 = LINE('',#9744,#9745);
#9744 = CARTESIAN_POINT('',(0.,0.));
#9745 = VECTOR('',#9746,1.);
#9746 = DIRECTION('',(1.,0.));
#9747 = ( GEOMETRIC_REPRESENTATION_CONTEXT(2) 
PARAMETRIC_REPRESENTATION_CONTEXT() REPRESENTATION_CONTEXT('2D SPACE',''
  ) );
#9748 = ORIENTED_EDGE('',*,*,#9678,.T.);
#9749 = ORIENTED_EDGE('',*,*,#6077,.T.);
#9750 = ADVANCED_FACE('',(#9751),#6167,.T.);
#9751 = FACE_BOUND('',#9752,.T.);
#9752 = EDGE_LOOP('',(#9753,#9776,#9804,#9825));
#9753 = ORIENTED_EDGE('',*,*,#9754,.F.);
#9754 = EDGE_CURVE('',#9755,#6131,#9757,.T.);
#9755 = VERTEX_POINT('',#9756);
#9756 = CARTESIAN_POINT('',(-17.385,-0.395,1.702));
#9757 = SURFACE_CURVE('',#9758,(#9762,#9769),.PCURVE_S1.);
#9758 = LINE('',#9759,#9760);
#9759 = CARTESIAN_POINT('',(-17.385,-0.395,1.702));
#9760 = VECTOR('',#9761,1.);
#9761 = DIRECTION('',(0.,0.,1.));
#9762 = PCURVE('',#6167,#9763);
#9763 = DEFINITIONAL_REPRESENTATION('',(#9764),#9768);
#9764 = LINE('',#9765,#9766);
#9765 = CARTESIAN_POINT('',(0.,0.79));
#9766 = VECTOR('',#9767,1.);
#9767 = DIRECTION('',(1.,0.));
#9768 = ( GEOMETRIC_REPRESENTATION_CONTEXT(2) 
PARAMETRIC_REPRESENTATION_CONTEXT() REPRESENTATION_CONTEXT('2D SPACE',''
  ) );
#9769 = PCURVE('',#6221,#9770);
#9770 = DEFINITIONAL_REPRESENTATION('',(#9771),#9775);
#9771 = LINE('',#9772,#9773);
#9772 = CARTESIAN_POINT('',(0.,0.));
#9773 = VECTOR('',#9774,1.);
#9774 = DIRECTION('',(1.,0.));
#9775 = ( GEOMETRIC_REPRESENTATION_CONTEXT(2) 
PARAMETRIC_REPRESENTATION_CONTEXT() REPRESENTATION_CONTEXT('2D SPACE',''
  ) );
#9776 = ORIENTED_EDGE('',*,*,#9777,.F.);
#9777 = EDGE_CURVE('',#9778,#9755,#9780,.T.);
#9778 = VERTEX_POINT('',#9779);
#9779 = CARTESIAN_POINT('',(-18.175,-0.395,1.702));
#9780 = SURFACE_CURVE('',#9781,(#9785,#9792),.PCURVE_S1.);
#9781 = LINE('',#9782,#9783);
#9782 = CARTESIAN_POINT('',(-18.175,-0.395,1.702));
#9783 = VECTOR('',#9784,1.);
#9784 = DIRECTION('',(1.,0.,0.));
#9785 = PCURVE('',#6167,#9786);
#9786 = DEFINITIONAL_REPRESENTATION('',(#9787),#9791);
#9787 = LINE('',#9788,#9789);
#9788 = CARTESIAN_POINT('',(0.,0.));
#9789 = VECTOR('',#9790,1.);
#9790 = DIRECTION('',(0.,1.));
#9791 = ( GEOMETRIC_REPRESENTATION_CONTEXT(2) 
PARAMETRIC_REPRESENTATION_CONTEXT() REPRESENTATION_CONTEXT('2D SPACE',''
  ) );
#9792 = PCURVE('',#9793,#9798);
#9793 = PLANE('',#9794);
#9794 = AXIS2_PLACEMENT_3D('',#9795,#9796,#9797);
#9795 = CARTESIAN_POINT('',(-18.175,-0.395,1.702));
#9796 = DIRECTION('',(0.,0.,1.));
#9797 = DIRECTION('',(1.,0.,0.));
#9798 = DEFINITIONAL_REPRESENTATION('',(#9799),#9803);
#9799 = LINE('',#9800,#9801);
#9800 = CARTESIAN_POINT('',(0.,0.));
#9801 = VECTOR('',#9802,1.);
#9802 = DIRECTION('',(1.,0.));
#9803 = ( GEOMETRIC_REPRESENTATION_CONTEXT(2) 
PARAMETRIC_REPRESENTATION_CONTEXT() REPRESENTATION_CONTEXT('2D SPACE',''
  ) );
#9804 = ORIENTED_EDGE('',*,*,#9805,.T.);
#9805 = EDGE_CURVE('',#9778,#6107,#9806,.T.);
#9806 = SURFACE_CURVE('',#9807,(#9811,#9818),.PCURVE_S1.);
#9807 = LINE('',#9808,#9809);
#9808 = CARTESIAN_POINT('',(-18.175,-0.395,1.702));
#9809 = VECTOR('',#9810,1.);
#9810 = DIRECTION('',(0.,0.,1.));
#9811 = PCURVE('',#6167,#9812);
#9812 = DEFINITIONAL_REPRESENTATION('',(#9813),#9817);
#9813 = LINE('',#9814,#9815);
#9814 = CARTESIAN_POINT('',(0.,0.));
#9815 = VECTOR('',#9816,1.);
#9816 = DIRECTION('',(1.,0.));
#9817 = ( GEOMETRIC_REPRESENTATION_CONTEXT(2) 
PARAMETRIC_REPRESENTATION_CONTEXT() REPRESENTATION_CONTEXT('2D SPACE',''
  ) );
#9818 = PCURVE('',#6307,#9819);
#9819 = DEFINITIONAL_REPRESENTATION('',(#9820),#9824);
#9820 = LINE('',#9821,#9822);
#9821 = CARTESIAN_POINT('',(0.,0.));
#9822 = VECTOR('',#9823,1.);
#9823 = DIRECTION('',(1.,0.));
#9824 = ( GEOMETRIC_REPRESENTATION_CONTEXT(2) 
PARAMETRIC_REPRESENTATION_CONTEXT() REPRESENTATION_CONTEXT('2D SPACE',''
  ) );
#9825 = ORIENTED_EDGE('',*,*,#6153,.T.);
#9826 = ADVANCED_FACE('',(#9827),#6221,.F.);
#9827 = FACE_BOUND('',#9828,.F.);
#9828 = EDGE_LOOP('',(#9829,#9830,#9853,#9874));
#9829 = ORIENTED_EDGE('',*,*,#9754,.F.);
#9830 = ORIENTED_EDGE('',*,*,#9831,.T.);
#9831 = EDGE_CURVE('',#9755,#9832,#9834,.T.);
#9832 = VERTEX_POINT('',#9833);
#9833 = CARTESIAN_POINT('',(-17.385,0.395,1.702));
#9834 = SURFACE_CURVE('',#9835,(#9839,#9846),.PCURVE_S1.);
#9835 = LINE('',#9836,#9837);
#9836 = CARTESIAN_POINT('',(-17.385,-0.395,1.702));
#9837 = VECTOR('',#9838,1.);
#9838 = DIRECTION('',(0.,1.,0.));
#9839 = PCURVE('',#6221,#9840);
#9840 = DEFINITIONAL_REPRESENTATION('',(#9841),#9845);
#9841 = LINE('',#9842,#9843);
#9842 = CARTESIAN_POINT('',(0.,0.));
#9843 = VECTOR('',#9844,1.);
#9844 = DIRECTION('',(0.,-1.));
#9845 = ( GEOMETRIC_REPRESENTATION_CONTEXT(2) 
PARAMETRIC_REPRESENTATION_CONTEXT() REPRESENTATION_CONTEXT('2D SPACE',''
  ) );
#9846 = PCURVE('',#9793,#9847);
#9847 = DEFINITIONAL_REPRESENTATION('',(#9848),#9852);
#9848 = LINE('',#9849,#9850);
#9849 = CARTESIAN_POINT('',(0.79,0.));
#9850 = VECTOR('',#9851,1.);
#9851 = DIRECTION('',(0.,1.));
#9852 = ( GEOMETRIC_REPRESENTATION_CONTEXT(2) 
PARAMETRIC_REPRESENTATION_CONTEXT() REPRESENTATION_CONTEXT('2D SPACE',''
  ) );
#9853 = ORIENTED_EDGE('',*,*,#9854,.T.);
#9854 = EDGE_CURVE('',#9832,#6185,#9855,.T.);
#9855 = SURFACE_CURVE('',#9856,(#9860,#9867),.PCURVE_S1.);
#9856 = LINE('',#9857,#9858);
#9857 = CARTESIAN_POINT('',(-17.385,0.395,1.702));
#9858 = VECTOR('',#9859,1.);
#9859 = DIRECTION('',(0.,0.,1.));
#9860 = PCURVE('',#6221,#9861);
#9861 = DEFINITIONAL_REPRESENTATION('',(#9862),#9866);
#9862 = LINE('',#9863,#9864);
#9863 = CARTESIAN_POINT('',(0.,-0.79));
#9864 = VECTOR('',#9865,1.);
#9865 = DIRECTION('',(1.,0.));
#9866 = ( GEOMETRIC_REPRESENTATION_CONTEXT(2) 
PARAMETRIC_REPRESENTATION_CONTEXT() REPRESENTATION_CONTEXT('2D SPACE',''
  ) );
#9867 = PCURVE('',#6275,#9868);
#9868 = DEFINITIONAL_REPRESENTATION('',(#9869),#9873);
#9869 = LINE('',#9870,#9871);
#9870 = CARTESIAN_POINT('',(0.,0.79));
#9871 = VECTOR('',#9872,1.);
#9872 = DIRECTION('',(1.,0.));
#9873 = ( GEOMETRIC_REPRESENTATION_CONTEXT(2) 
PARAMETRIC_REPRESENTATION_CONTEXT() REPRESENTATION_CONTEXT('2D SPACE',''
  ) );
#9874 = ORIENTED_EDGE('',*,*,#6207,.F.);
#9875 = ADVANCED_FACE('',(#9876),#6275,.F.);
#9876 = FACE_BOUND('',#9877,.F.);
#9877 = EDGE_LOOP('',(#9878,#9879,#9902,#9923));
#9878 = ORIENTED_EDGE('',*,*,#9854,.F.);
#9879 = ORIENTED_EDGE('',*,*,#9880,.F.);
#9880 = EDGE_CURVE('',#9881,#9832,#9883,.T.);
#9881 = VERTEX_POINT('',#9882);
#9882 = CARTESIAN_POINT('',(-18.175,0.395,1.702));
#9883 = SURFACE_CURVE('',#9884,(#9888,#9895),.PCURVE_S1.);
#9884 = LINE('',#9885,#9886);
#9885 = CARTESIAN_POINT('',(-18.175,0.395,1.702));
#9886 = VECTOR('',#9887,1.);
#9887 = DIRECTION('',(1.,0.,0.));
#9888 = PCURVE('',#6275,#9889);
#9889 = DEFINITIONAL_REPRESENTATION('',(#9890),#9894);
#9890 = LINE('',#9891,#9892);
#9891 = CARTESIAN_POINT('',(0.,0.));
#9892 = VECTOR('',#9893,1.);
#9893 = DIRECTION('',(0.,1.));
#9894 = ( GEOMETRIC_REPRESENTATION_CONTEXT(2) 
PARAMETRIC_REPRESENTATION_CONTEXT() REPRESENTATION_CONTEXT('2D SPACE',''
  ) );
#9895 = PCURVE('',#9793,#9896);
#9896 = DEFINITIONAL_REPRESENTATION('',(#9897),#9901);
#9897 = LINE('',#9898,#9899);
#9898 = CARTESIAN_POINT('',(0.,0.79));
#9899 = VECTOR('',#9900,1.);
#9900 = DIRECTION('',(1.,0.));
#9901 = ( GEOMETRIC_REPRESENTATION_CONTEXT(2) 
PARAMETRIC_REPRESENTATION_CONTEXT() REPRESENTATION_CONTEXT('2D SPACE',''
  ) );
#9902 = ORIENTED_EDGE('',*,*,#9903,.T.);
#9903 = EDGE_CURVE('',#9881,#6237,#9904,.T.);
#9904 = SURFACE_CURVE('',#9905,(#9909,#9916),.PCURVE_S1.);
#9905 = LINE('',#9906,#9907);
#9906 = CARTESIAN_POINT('',(-18.175,0.395,1.702));
#9907 = VECTOR('',#9908,1.);
#9908 = DIRECTION('',(0.,0.,1.));
#9909 = PCURVE('',#6275,#9910);
#9910 = DEFINITIONAL_REPRESENTATION('',(#9911),#9915);
#9911 = LINE('',#9912,#9913);
#9912 = CARTESIAN_POINT('',(0.,0.));
#9913 = VECTOR('',#9914,1.);
#9914 = DIRECTION('',(1.,0.));
#9915 = ( GEOMETRIC_REPRESENTATION_CONTEXT(2) 
PARAMETRIC_REPRESENTATION_CONTEXT() REPRESENTATION_CONTEXT('2D SPACE',''
  ) );
#9916 = PCURVE('',#6307,#9917);
#9917 = DEFINITIONAL_REPRESENTATION('',(#9918),#9922);
#9918 = LINE('',#9919,#9920);
#9919 = CARTESIAN_POINT('',(0.,-0.79));
#9920 = VECTOR('',#9921,1.);
#9921 = DIRECTION('',(1.,0.));
#9922 = ( GEOMETRIC_REPRESENTATION_CONTEXT(2) 
PARAMETRIC_REPRESENTATION_CONTEXT() REPRESENTATION_CONTEXT('2D SPACE',''
  ) );
#9923 = ORIENTED_EDGE('',*,*,#6261,.T.);
#9924 = ADVANCED_FACE('',(#9925),#6307,.T.);
#9925 = FACE_BOUND('',#9926,.T.);
#9926 = EDGE_LOOP('',(#9927,#9928,#9949,#9950));
#9927 = ORIENTED_EDGE('',*,*,#9805,.F.);
#9928 = ORIENTED_EDGE('',*,*,#9929,.T.);
#9929 = EDGE_CURVE('',#9778,#9881,#9930,.T.);
#9930 = SURFACE_CURVE('',#9931,(#9935,#9942),.PCURVE_S1.);
#9931 = LINE('',#9932,#9933);
#9932 = CARTESIAN_POINT('',(-18.175,-0.395,1.702));
#9933 = VECTOR('',#9934,1.);
#9934 = DIRECTION('',(0.,1.,0.));
#9935 = PCURVE('',#6307,#9936);
#9936 = DEFINITIONAL_REPRESENTATION('',(#9937),#9941);
#9937 = LINE('',#9938,#9939);
#9938 = CARTESIAN_POINT('',(0.,0.));
#9939 = VECTOR('',#9940,1.);
#9940 = DIRECTION('',(0.,-1.));
#9941 = ( GEOMETRIC_REPRESENTATION_CONTEXT(2) 
PARAMETRIC_REPRESENTATION_CONTEXT() REPRESENTATION_CONTEXT('2D SPACE',''
  ) );
#9942 = PCURVE('',#9793,#9943);
#9943 = DEFINITIONAL_REPRESENTATION('',(#9944),#9948);
#9944 = LINE('',#9945,#9946);
#9945 = CARTESIAN_POINT('',(0.,0.));
#9946 = VECTOR('',#9947,1.);
#9947 = DIRECTION('',(0.,1.));
#9948 = ( GEOMETRIC_REPRESENTATION_CONTEXT(2) 
PARAMETRIC_REPRESENTATION_CONTEXT() REPRESENTATION_CONTEXT('2D SPACE',''
  ) );
#9949 = ORIENTED_EDGE('',*,*,#9903,.T.);
#9950 = ORIENTED_EDGE('',*,*,#6293,.F.);
#9951 = ADVANCED_FACE('',(#9952),#6383,.F.);
#9952 = FACE_BOUND('',#9953,.F.);
#9953 = EDGE_LOOP('',(#9954,#9977,#10005,#10026));
#9954 = ORIENTED_EDGE('',*,*,#9955,.F.);
#9955 = EDGE_CURVE('',#9956,#6323,#9958,.T.);
#9956 = VERTEX_POINT('',#9957);
#9957 = CARTESIAN_POINT('',(-19.925,-0.395,1.702));
#9958 = SURFACE_CURVE('',#9959,(#9963,#9970),.PCURVE_S1.);
#9959 = LINE('',#9960,#9961);
#9960 = CARTESIAN_POINT('',(-19.925,-0.395,1.702));
#9961 = VECTOR('',#9962,1.);
#9962 = DIRECTION('',(0.,0.,1.));
#9963 = PCURVE('',#6383,#9964);
#9964 = DEFINITIONAL_REPRESENTATION('',(#9965),#9969);
#9965 = LINE('',#9966,#9967);
#9966 = CARTESIAN_POINT('',(0.,0.));
#9967 = VECTOR('',#9968,1.);
#9968 = DIRECTION('',(1.,0.));
#9969 = ( GEOMETRIC_REPRESENTATION_CONTEXT(2) 
PARAMETRIC_REPRESENTATION_CONTEXT() REPRESENTATION_CONTEXT('2D SPACE',''
  ) );
#9970 = PCURVE('',#6523,#9971);
#9971 = DEFINITIONAL_REPRESENTATION('',(#9972),#9976);
#9972 = LINE('',#9973,#9974);
#9973 = CARTESIAN_POINT('',(0.,0.79));
#9974 = VECTOR('',#9975,1.);
#9975 = DIRECTION('',(1.,0.));
#9976 = ( GEOMETRIC_REPRESENTATION_CONTEXT(2) 
PARAMETRIC_REPRESENTATION_CONTEXT() REPRESENTATION_CONTEXT('2D SPACE',''
  ) );
#9977 = ORIENTED_EDGE('',*,*,#9978,.T.);
#9978 = EDGE_CURVE('',#9956,#9979,#9981,.T.);
#9979 = VERTEX_POINT('',#9980);
#9980 = CARTESIAN_POINT('',(-19.925,0.395,1.702));
#9981 = SURFACE_CURVE('',#9982,(#9986,#9993),.PCURVE_S1.);
#9982 = LINE('',#9983,#9984);
#9983 = CARTESIAN_POINT('',(-19.925,-0.395,1.702));
#9984 = VECTOR('',#9985,1.);
#9985 = DIRECTION('',(0.,1.,0.));
#9986 = PCURVE('',#6383,#9987);
#9987 = DEFINITIONAL_REPRESENTATION('',(#9988),#9992);
#9988 = LINE('',#9989,#9990);
#9989 = CARTESIAN_POINT('',(0.,0.));
#9990 = VECTOR('',#9991,1.);
#9991 = DIRECTION('',(0.,-1.));
#9992 = ( GEOMETRIC_REPRESENTATION_CONTEXT(2) 
PARAMETRIC_REPRESENTATION_CONTEXT() REPRESENTATION_CONTEXT('2D SPACE',''
  ) );
#9993 = PCURVE('',#9994,#9999);
#9994 = PLANE('',#9995);
#9995 = AXIS2_PLACEMENT_3D('',#9996,#9997,#9998);
#9996 = CARTESIAN_POINT('',(-20.715,-0.395,1.702));
#9997 = DIRECTION('',(0.,0.,1.));
#9998 = DIRECTION('',(1.,0.,0.));
#9999 = DEFINITIONAL_REPRESENTATION('',(#10000),#10004);
#10000 = LINE('',#10001,#10002);
#10001 = CARTESIAN_POINT('',(0.79,0.));
#10002 = VECTOR('',#10003,1.);
#10003 = DIRECTION('',(0.,1.));
#10004 = ( GEOMETRIC_REPRESENTATION_CONTEXT(2) 
PARAMETRIC_REPRESENTATION_CONTEXT() REPRESENTATION_CONTEXT('2D SPACE',''
  ) );
#10005 = ORIENTED_EDGE('',*,*,#10006,.T.);
#10006 = EDGE_CURVE('',#9979,#6347,#10007,.T.);
#10007 = SURFACE_CURVE('',#10008,(#10012,#10019),.PCURVE_S1.);
#10008 = LINE('',#10009,#10010);
#10009 = CARTESIAN_POINT('',(-19.925,0.395,1.702));
#10010 = VECTOR('',#10011,1.);
#10011 = DIRECTION('',(0.,0.,1.));
#10012 = PCURVE('',#6383,#10013);
#10013 = DEFINITIONAL_REPRESENTATION('',(#10014),#10018);
#10014 = LINE('',#10015,#10016);
#10015 = CARTESIAN_POINT('',(0.,-0.79));
#10016 = VECTOR('',#10017,1.);
#10017 = DIRECTION('',(1.,0.));
#10018 = ( GEOMETRIC_REPRESENTATION_CONTEXT(2) 
PARAMETRIC_REPRESENTATION_CONTEXT() REPRESENTATION_CONTEXT('2D SPACE',''
  ) );
#10019 = PCURVE('',#6437,#10020);
#10020 = DEFINITIONAL_REPRESENTATION('',(#10021),#10025);
#10021 = LINE('',#10022,#10023);
#10022 = CARTESIAN_POINT('',(0.,0.79));
#10023 = VECTOR('',#10024,1.);
#10024 = DIRECTION('',(1.,0.));
#10025 = ( GEOMETRIC_REPRESENTATION_CONTEXT(2) 
PARAMETRIC_REPRESENTATION_CONTEXT() REPRESENTATION_CONTEXT('2D SPACE',''
  ) );
#10026 = ORIENTED_EDGE('',*,*,#6369,.F.);
#10027 = ADVANCED_FACE('',(#10028),#6437,.F.);
#10028 = FACE_BOUND('',#10029,.F.);
#10029 = EDGE_LOOP('',(#10030,#10031,#10054,#10075));
#10030 = ORIENTED_EDGE('',*,*,#10006,.F.);
#10031 = ORIENTED_EDGE('',*,*,#10032,.F.);
#10032 = EDGE_CURVE('',#10033,#9979,#10035,.T.);
#10033 = VERTEX_POINT('',#10034);
#10034 = CARTESIAN_POINT('',(-20.715,0.395,1.702));
#10035 = SURFACE_CURVE('',#10036,(#10040,#10047),.PCURVE_S1.);
#10036 = LINE('',#10037,#10038);
#10037 = CARTESIAN_POINT('',(-20.715,0.395,1.702));
#10038 = VECTOR('',#10039,1.);
#10039 = DIRECTION('',(1.,0.,0.));
#10040 = PCURVE('',#6437,#10041);
#10041 = DEFINITIONAL_REPRESENTATION('',(#10042),#10046);
#10042 = LINE('',#10043,#10044);
#10043 = CARTESIAN_POINT('',(0.,0.));
#10044 = VECTOR('',#10045,1.);
#10045 = DIRECTION('',(0.,1.));
#10046 = ( GEOMETRIC_REPRESENTATION_CONTEXT(2) 
PARAMETRIC_REPRESENTATION_CONTEXT() REPRESENTATION_CONTEXT('2D SPACE',''
  ) );
#10047 = PCURVE('',#9994,#10048);
#10048 = DEFINITIONAL_REPRESENTATION('',(#10049),#10053);
#10049 = LINE('',#10050,#10051);
#10050 = CARTESIAN_POINT('',(0.,0.79));
#10051 = VECTOR('',#10052,1.);
#10052 = DIRECTION('',(1.,0.));
#10053 = ( GEOMETRIC_REPRESENTATION_CONTEXT(2) 
PARAMETRIC_REPRESENTATION_CONTEXT() REPRESENTATION_CONTEXT('2D SPACE',''
  ) );
#10054 = ORIENTED_EDGE('',*,*,#10055,.T.);
#10055 = EDGE_CURVE('',#10033,#6399,#10056,.T.);
#10056 = SURFACE_CURVE('',#10057,(#10061,#10068),.PCURVE_S1.);
#10057 = LINE('',#10058,#10059);
#10058 = CARTESIAN_POINT('',(-20.715,0.395,1.702));
#10059 = VECTOR('',#10060,1.);
#10060 = DIRECTION('',(0.,0.,1.));
#10061 = PCURVE('',#6437,#10062);
#10062 = DEFINITIONAL_REPRESENTATION('',(#10063),#10067);
#10063 = LINE('',#10064,#10065);
#10064 = CARTESIAN_POINT('',(0.,0.));
#10065 = VECTOR('',#10066,1.);
#10066 = DIRECTION('',(1.,0.));
#10067 = ( GEOMETRIC_REPRESENTATION_CONTEXT(2) 
PARAMETRIC_REPRESENTATION_CONTEXT() REPRESENTATION_CONTEXT('2D SPACE',''
  ) );
#10068 = PCURVE('',#6491,#10069);
#10069 = DEFINITIONAL_REPRESENTATION('',(#10070),#10074);
#10070 = LINE('',#10071,#10072);
#10071 = CARTESIAN_POINT('',(0.,-0.79));
#10072 = VECTOR('',#10073,1.);
#10073 = DIRECTION('',(1.,0.));
#10074 = ( GEOMETRIC_REPRESENTATION_CONTEXT(2) 
PARAMETRIC_REPRESENTATION_CONTEXT() REPRESENTATION_CONTEXT('2D SPACE',''
  ) );
#10075 = ORIENTED_EDGE('',*,*,#6423,.T.);
#10076 = ADVANCED_FACE('',(#10077),#6491,.T.);
#10077 = FACE_BOUND('',#10078,.T.);
#10078 = EDGE_LOOP('',(#10079,#10102,#10123,#10124));
#10079 = ORIENTED_EDGE('',*,*,#10080,.F.);
#10080 = EDGE_CURVE('',#10081,#6453,#10083,.T.);
#10081 = VERTEX_POINT('',#10082);
#10082 = CARTESIAN_POINT('',(-20.715,-0.395,1.702));
#10083 = SURFACE_CURVE('',#10084,(#10088,#10095),.PCURVE_S1.);
#10084 = LINE('',#10085,#10086);
#10085 = CARTESIAN_POINT('',(-20.715,-0.395,1.702));
#10086 = VECTOR('',#10087,1.);
#10087 = DIRECTION('',(0.,0.,1.));
#10088 = PCURVE('',#6491,#10089);
#10089 = DEFINITIONAL_REPRESENTATION('',(#10090),#10094);
#10090 = LINE('',#10091,#10092);
#10091 = CARTESIAN_POINT('',(0.,0.));
#10092 = VECTOR('',#10093,1.);
#10093 = DIRECTION('',(1.,0.));
#10094 = ( GEOMETRIC_REPRESENTATION_CONTEXT(2) 
PARAMETRIC_REPRESENTATION_CONTEXT() REPRESENTATION_CONTEXT('2D SPACE',''
  ) );
#10095 = PCURVE('',#6523,#10096);
#10096 = DEFINITIONAL_REPRESENTATION('',(#10097),#10101);
#10097 = LINE('',#10098,#10099);
#10098 = CARTESIAN_POINT('',(0.,0.));
#10099 = VECTOR('',#10100,1.);
#10100 = DIRECTION('',(1.,0.));
#10101 = ( GEOMETRIC_REPRESENTATION_CONTEXT(2) 
PARAMETRIC_REPRESENTATION_CONTEXT() REPRESENTATION_CONTEXT('2D SPACE',''
  ) );
#10102 = ORIENTED_EDGE('',*,*,#10103,.T.);
#10103 = EDGE_CURVE('',#10081,#10033,#10104,.T.);
#10104 = SURFACE_CURVE('',#10105,(#10109,#10116),.PCURVE_S1.);
#10105 = LINE('',#10106,#10107);
#10106 = CARTESIAN_POINT('',(-20.715,-0.395,1.702));
#10107 = VECTOR('',#10108,1.);
#10108 = DIRECTION('',(0.,1.,0.));
#10109 = PCURVE('',#6491,#10110);
#10110 = DEFINITIONAL_REPRESENTATION('',(#10111),#10115);
#10111 = LINE('',#10112,#10113);
#10112 = CARTESIAN_POINT('',(0.,0.));
#10113 = VECTOR('',#10114,1.);
#10114 = DIRECTION('',(0.,-1.));
#10115 = ( GEOMETRIC_REPRESENTATION_CONTEXT(2) 
PARAMETRIC_REPRESENTATION_CONTEXT() REPRESENTATION_CONTEXT('2D SPACE',''
  ) );
#10116 = PCURVE('',#9994,#10117);
#10117 = DEFINITIONAL_REPRESENTATION('',(#10118),#10122);
#10118 = LINE('',#10119,#10120);
#10119 = CARTESIAN_POINT('',(0.,0.));
#10120 = VECTOR('',#10121,1.);
#10121 = DIRECTION('',(0.,1.));
#10122 = ( GEOMETRIC_REPRESENTATION_CONTEXT(2) 
PARAMETRIC_REPRESENTATION_CONTEXT() REPRESENTATION_CONTEXT('2D SPACE',''
  ) );
#10123 = ORIENTED_EDGE('',*,*,#10055,.T.);
#10124 = ORIENTED_EDGE('',*,*,#6477,.F.);
#10125 = ADVANCED_FACE('',(#10126),#6523,.T.);
#10126 = FACE_BOUND('',#10127,.T.);
#10127 = EDGE_LOOP('',(#10128,#10129,#10150,#10151));
#10128 = ORIENTED_EDGE('',*,*,#9955,.F.);
#10129 = ORIENTED_EDGE('',*,*,#10130,.F.);
#10130 = EDGE_CURVE('',#10081,#9956,#10131,.T.);
#10131 = SURFACE_CURVE('',#10132,(#10136,#10143),.PCURVE_S1.);
#10132 = LINE('',#10133,#10134);
#10133 = CARTESIAN_POINT('',(-20.715,-0.395,1.702));
#10134 = VECTOR('',#10135,1.);
#10135 = DIRECTION('',(1.,0.,0.));
#10136 = PCURVE('',#6523,#10137);
#10137 = DEFINITIONAL_REPRESENTATION('',(#10138),#10142);
#10138 = LINE('',#10139,#10140);
#10139 = CARTESIAN_POINT('',(0.,0.));
#10140 = VECTOR('',#10141,1.);
#10141 = DIRECTION('',(0.,1.));
#10142 = ( GEOMETRIC_REPRESENTATION_CONTEXT(2) 
PARAMETRIC_REPRESENTATION_CONTEXT() REPRESENTATION_CONTEXT('2D SPACE',''
  ) );
#10143 = PCURVE('',#9994,#10144);
#10144 = DEFINITIONAL_REPRESENTATION('',(#10145),#10149);
#10145 = LINE('',#10146,#10147);
#10146 = CARTESIAN_POINT('',(0.,0.));
#10147 = VECTOR('',#10148,1.);
#10148 = DIRECTION('',(1.,0.));
#10149 = ( GEOMETRIC_REPRESENTATION_CONTEXT(2) 
PARAMETRIC_REPRESENTATION_CONTEXT() REPRESENTATION_CONTEXT('2D SPACE',''
  ) );
#10150 = ORIENTED_EDGE('',*,*,#10080,.T.);
#10151 = ORIENTED_EDGE('',*,*,#6509,.T.);
#10152 = ADVANCED_FACE('',(#10153),#6577,.T.);
#10153 = FACE_BOUND('',#10154,.T.);
#10154 = EDGE_LOOP('',(#10155,#10156,#10157,#10158));
#10155 = ORIENTED_EDGE('',*,*,#6713,.F.);
#10156 = ORIENTED_EDGE('',*,*,#6561,.T.);
#10157 = ORIENTED_EDGE('',*,*,#6615,.T.);
#10158 = ORIENTED_EDGE('',*,*,#6664,.F.);
#10159 = ADVANCED_FACE('',(#10160),#6778,.T.);
#10160 = FACE_BOUND('',#10161,.T.);
#10161 = EDGE_LOOP('',(#10162,#10163,#10164,#10165));
#10162 = ORIENTED_EDGE('',*,*,#6914,.F.);
#10163 = ORIENTED_EDGE('',*,*,#6762,.T.);
#10164 = ORIENTED_EDGE('',*,*,#6816,.T.);
#10165 = ORIENTED_EDGE('',*,*,#6865,.F.);
#10166 = ADVANCED_FACE('',(#10167),#6979,.T.);
#10167 = FACE_BOUND('',#10168,.T.);
#10168 = EDGE_LOOP('',(#10169,#10170,#10171,#10172));
#10169 = ORIENTED_EDGE('',*,*,#7088,.F.);
#10170 = ORIENTED_EDGE('',*,*,#7115,.T.);
#10171 = ORIENTED_EDGE('',*,*,#6963,.T.);
#10172 = ORIENTED_EDGE('',*,*,#7017,.F.);
#10173 = ADVANCED_FACE('',(#10174),#7180,.T.);
#10174 = FACE_BOUND('',#10175,.T.);
#10175 = EDGE_LOOP('',(#10176,#10177,#10178,#10179));
#10176 = ORIENTED_EDGE('',*,*,#7289,.F.);
#10177 = ORIENTED_EDGE('',*,*,#7316,.T.);
#10178 = ORIENTED_EDGE('',*,*,#7164,.T.);
#10179 = ORIENTED_EDGE('',*,*,#7218,.F.);
#10180 = ADVANCED_FACE('',(#10181),#7381,.T.);
#10181 = FACE_BOUND('',#10182,.T.);
#10182 = EDGE_LOOP('',(#10183,#10184,#10185,#10186));
#10183 = ORIENTED_EDGE('',*,*,#7365,.F.);
#10184 = ORIENTED_EDGE('',*,*,#7441,.T.);
#10185 = ORIENTED_EDGE('',*,*,#7468,.T.);
#10186 = ORIENTED_EDGE('',*,*,#7517,.F.);
#10187 = ADVANCED_FACE('',(#10188),#7582,.T.);
#10188 = FACE_BOUND('',#10189,.T.);
#10189 = EDGE_LOOP('',(#10190,#10191,#10192,#10193));
#10190 = ORIENTED_EDGE('',*,*,#7566,.F.);
#10191 = ORIENTED_EDGE('',*,*,#7642,.T.);
#10192 = ORIENTED_EDGE('',*,*,#7669,.T.);
#10193 = ORIENTED_EDGE('',*,*,#7718,.F.);
#10194 = ADVANCED_FACE('',(#10195),#7783,.T.);
#10195 = FACE_BOUND('',#10196,.T.);
#10196 = EDGE_LOOP('',(#10197,#10198,#10199,#10200));
#10197 = ORIENTED_EDGE('',*,*,#7919,.F.);
#10198 = ORIENTED_EDGE('',*,*,#7767,.T.);
#10199 = ORIENTED_EDGE('',*,*,#7821,.T.);
#10200 = ORIENTED_EDGE('',*,*,#7870,.F.);
#10201 = ADVANCED_FACE('',(#10202),#7984,.T.);
#10202 = FACE_BOUND('',#10203,.T.);
#10203 = EDGE_LOOP('',(#10204,#10205,#10206,#10207));
#10204 = ORIENTED_EDGE('',*,*,#8120,.F.);
#10205 = ORIENTED_EDGE('',*,*,#7968,.T.);
#10206 = ORIENTED_EDGE('',*,*,#8022,.T.);
#10207 = ORIENTED_EDGE('',*,*,#8071,.F.);
#10208 = ADVANCED_FACE('',(#10209),#8185,.T.);
#10209 = FACE_BOUND('',#10210,.T.);
#10210 = EDGE_LOOP('',(#10211,#10212,#10213,#10214));
#10211 = ORIENTED_EDGE('',*,*,#8169,.F.);
#10212 = ORIENTED_EDGE('',*,*,#8245,.T.);
#10213 = ORIENTED_EDGE('',*,*,#8272,.T.);
#10214 = ORIENTED_EDGE('',*,*,#8321,.F.);
#10215 = ADVANCED_FACE('',(#10216),#8386,.T.);
#10216 = FACE_BOUND('',#10217,.T.);
#10217 = EDGE_LOOP('',(#10218,#10219,#10220,#10221));
#10218 = ORIENTED_EDGE('',*,*,#8370,.F.);
#10219 = ORIENTED_EDGE('',*,*,#8446,.T.);
#10220 = ORIENTED_EDGE('',*,*,#8473,.T.);
#10221 = ORIENTED_EDGE('',*,*,#8522,.F.);
#10222 = ADVANCED_FACE('',(#10223),#8587,.T.);
#10223 = FACE_BOUND('',#10224,.T.);
#10224 = EDGE_LOOP('',(#10225,#10226,#10227,#10228));
#10225 = ORIENTED_EDGE('',*,*,#8571,.F.);
#10226 = ORIENTED_EDGE('',*,*,#8647,.T.);
#10227 = ORIENTED_EDGE('',*,*,#8674,.T.);
#10228 = ORIENTED_EDGE('',*,*,#8723,.F.);
#10229 = ADVANCED_FACE('',(#10230),#8788,.T.);
#10230 = FACE_BOUND('',#10231,.T.);
#10231 = EDGE_LOOP('',(#10232,#10233,#10234,#10235));
#10232 = ORIENTED_EDGE('',*,*,#8924,.F.);
#10233 = ORIENTED_EDGE('',*,*,#8772,.T.);
#10234 = ORIENTED_EDGE('',*,*,#8826,.T.);
#10235 = ORIENTED_EDGE('',*,*,#8875,.F.);
#10236 = ADVANCED_FACE('',(#10237),#8989,.T.);
#10237 = FACE_BOUND('',#10238,.T.);
#10238 = EDGE_LOOP('',(#10239,#10240,#10241,#10242));
#10239 = ORIENTED_EDGE('',*,*,#9125,.F.);
#10240 = ORIENTED_EDGE('',*,*,#8973,.T.);
#10241 = ORIENTED_EDGE('',*,*,#9027,.T.);
#10242 = ORIENTED_EDGE('',*,*,#9076,.F.);
#10243 = ADVANCED_FACE('',(#10244),#9190,.T.);
#10244 = FACE_BOUND('',#10245,.T.);
#10245 = EDGE_LOOP('',(#10246,#10247,#10248,#10249));
#10246 = ORIENTED_EDGE('',*,*,#9174,.F.);
#10247 = ORIENTED_EDGE('',*,*,#9250,.T.);
#10248 = ORIENTED_EDGE('',*,*,#9277,.T.);
#10249 = ORIENTED_EDGE('',*,*,#9326,.F.);
#10250 = ADVANCED_FACE('',(#10251),#9391,.T.);
#10251 = FACE_BOUND('',#10252,.T.);
#10252 = EDGE_LOOP('',(#10253,#10254,#10255,#10256));
#10253 = ORIENTED_EDGE('',*,*,#9527,.F.);
#10254 = ORIENTED_EDGE('',*,*,#9375,.T.);
#10255 = ORIENTED_EDGE('',*,*,#9429,.T.);
#10256 = ORIENTED_EDGE('',*,*,#9478,.F.);
#10257 = ADVANCED_FACE('',(#10258),#9592,.T.);
#10258 = FACE_BOUND('',#10259,.T.);
#10259 = EDGE_LOOP('',(#10260,#10261,#10262,#10263));
#10260 = ORIENTED_EDGE('',*,*,#9701,.F.);
#10261 = ORIENTED_EDGE('',*,*,#9728,.T.);
#10262 = ORIENTED_EDGE('',*,*,#9576,.T.);
#10263 = ORIENTED_EDGE('',*,*,#9630,.F.);
#10264 = ADVANCED_FACE('',(#10265),#9793,.T.);
#10265 = FACE_BOUND('',#10266,.T.);
#10266 = EDGE_LOOP('',(#10267,#10268,#10269,#10270));
#10267 = ORIENTED_EDGE('',*,*,#9929,.F.);
#10268 = ORIENTED_EDGE('',*,*,#9777,.T.);
#10269 = ORIENTED_EDGE('',*,*,#9831,.T.);
#10270 = ORIENTED_EDGE('',*,*,#9880,.F.);
#10271 = ADVANCED_FACE('',(#10272),#9994,.T.);
#10272 = FACE_BOUND('',#10273,.T.);
#10273 = EDGE_LOOP('',(#10274,#10275,#10276,#10277));
#10274 = ORIENTED_EDGE('',*,*,#10103,.F.);
#10275 = ORIENTED_EDGE('',*,*,#10130,.T.);
#10276 = ORIENTED_EDGE('',*,*,#9978,.T.);
#10277 = ORIENTED_EDGE('',*,*,#10032,.F.);
#10278 = ( GEOMETRIC_REPRESENTATION_CONTEXT(3) 
GLOBAL_UNCERTAINTY_ASSIGNED_CONTEXT((#10282)) 
GLOBAL_UNIT_ASSIGNED_CONTEXT((#10279,#10280,#10281)) 
REPRESENTATION_CONTEXT('Context #1',
  '3D Context with UNIT and UNCERTAINTY') );
#10279 = ( LENGTH_UNIT() NAMED_UNIT(*) SI_UNIT(.MILLI.,.METRE.) );
#10280 = ( NAMED_UNIT(*) PLANE_ANGLE_UNIT() SI_UNIT($,.RADIAN.) );
#10281 = ( NAMED_UNIT(*) SI_UNIT($,.STERADIAN.) SOLID_ANGLE_UNIT() );
#10282 = UNCERTAINTY_MEASURE_WITH_UNIT(LENGTH_MEASURE(5.E-05),#10279,
  'distance_accuracy_value','confusion accuracy');
#10283 = SHAPE_DEFINITION_REPRESENTATION(#10284,#29);
#10284 = PRODUCT_DEFINITION_SHAPE('','',#10285);
#10285 = PRODUCT_DEFINITION('design','',#10286,#10289);
#10286 = PRODUCT_DEFINITION_FORMATION('','',#10287);
#10287 = PRODUCT('Body','Body','',(#10288));
#10288 = PRODUCT_CONTEXT('',#2,'mechanical');
#10289 = PRODUCT_DEFINITION_CONTEXT('part definition',#2,'design');
#10290 = CONTEXT_DEPENDENT_SHAPE_REPRESENTATION(#10291,#10293);
#10291 = ( REPRESENTATION_RELATIONSHIP('','',#29,#10) 
REPRESENTATION_RELATIONSHIP_WITH_TRANSFORMATION(#10292) 
SHAPE_REPRESENTATION_RELATIONSHIP() );
#10292 = ITEM_DEFINED_TRANSFORMATION('','',#11,#15);
#10293 = PRODUCT_DEFINITION_SHAPE('Placement','Placement of an item',
  #10294);
#10294 = NEXT_ASSEMBLY_USAGE_OCCURRENCE('1','=>[0:1:1:2]','',#5,#10285,$
  );
#10295 = PRODUCT_RELATED_PRODUCT_CATEGORY('part',$,(#10287));
#10296 = SHAPE_REPRESENTATION('',(#11,#10297,#10843,#11389,#11935,#12481
    ,#13027,#13573,#14119,#14665,#15211,#15757,#16303,#16849,#17395,
    #17941,#18487,#19033,#19579),#20125);
#10297 = MANIFOLD_SOLID_BREP('',#10298);
#10298 = CLOSED_SHELL('',(#10299,#10419,#10500,#10581,#10630,#10679,
    #10711,#10760,#10809,#10836));
#10299 = ADVANCED_FACE('',(#10300),#10314,.F.);
#10300 = FACE_BOUND('',#10301,.F.);
#10301 = EDGE_LOOP('',(#10302,#10337,#10365,#10393));
#10302 = ORIENTED_EDGE('',*,*,#10303,.F.);
#10303 = EDGE_CURVE('',#10304,#10306,#10308,.T.);
#10304 = VERTEX_POINT('',#10305);
#10305 = CARTESIAN_POINT('',(-0.395,-0.395,-2.324));
#10306 = VERTEX_POINT('',#10307);
#10307 = CARTESIAN_POINT('',(-0.395,-0.395,1.702));
#10308 = SURFACE_CURVE('',#10309,(#10313,#10325),.PCURVE_S1.);
#10309 = LINE('',#10310,#10311);
#10310 = CARTESIAN_POINT('',(-0.395,-0.395,-2.64));
#10311 = VECTOR('',#10312,1.);
#10312 = DIRECTION('',(0.,0.,1.));
#10313 = PCURVE('',#10314,#10319);
#10314 = PLANE('',#10315);
#10315 = AXIS2_PLACEMENT_3D('',#10316,#10317,#10318);
#10316 = CARTESIAN_POINT('',(-0.395,-0.395,-2.64));
#10317 = DIRECTION('',(1.,0.,0.));
#10318 = DIRECTION('',(0.,0.,1.));
#10319 = DEFINITIONAL_REPRESENTATION('',(#10320),#10324);
#10320 = LINE('',#10321,#10322);
#10321 = CARTESIAN_POINT('',(0.,0.));
#10322 = VECTOR('',#10323,1.);
#10323 = DIRECTION('',(1.,0.));
#10324 = ( GEOMETRIC_REPRESENTATION_CONTEXT(2) 
PARAMETRIC_REPRESENTATION_CONTEXT() REPRESENTATION_CONTEXT('2D SPACE',''
  ) );
#10325 = PCURVE('',#10326,#10331);
#10326 = PLANE('',#10327);
#10327 = AXIS2_PLACEMENT_3D('',#10328,#10329,#10330);
#10328 = CARTESIAN_POINT('',(-0.395,-0.395,-2.64));
#10329 = DIRECTION('',(0.,1.,0.));
#10330 = DIRECTION('',(0.,0.,1.));
#10331 = DEFINITIONAL_REPRESENTATION('',(#10332),#10336);
#10332 = LINE('',#10333,#10334);
#10333 = CARTESIAN_POINT('',(0.,0.));
#10334 = VECTOR('',#10335,1.);
#10335 = DIRECTION('',(1.,0.));
#10336 = ( GEOMETRIC_REPRESENTATION_CONTEXT(2) 
PARAMETRIC_REPRESENTATION_CONTEXT() REPRESENTATION_CONTEXT('2D SPACE',''
  ) );
#10337 = ORIENTED_EDGE('',*,*,#10338,.T.);
#10338 = EDGE_CURVE('',#10304,#10339,#10341,.T.);
#10339 = VERTEX_POINT('',#10340);
#10340 = CARTESIAN_POINT('',(-0.395,0.395,-2.324));
#10341 = SURFACE_CURVE('',#10342,(#10346,#10353),.PCURVE_S1.);
#10342 = LINE('',#10343,#10344);
#10343 = CARTESIAN_POINT('',(-0.395,-0.395,-2.324));
#10344 = VECTOR('',#10345,1.);
#10345 = DIRECTION('',(0.,1.,0.));
#10346 = PCURVE('',#10314,#10347);
#10347 = DEFINITIONAL_REPRESENTATION('',(#10348),#10352);
#10348 = LINE('',#10349,#10350);
#10349 = CARTESIAN_POINT('',(0.316,0.));
#10350 = VECTOR('',#10351,1.);
#10351 = DIRECTION('',(0.,-1.));
#10352 = ( GEOMETRIC_REPRESENTATION_CONTEXT(2) 
PARAMETRIC_REPRESENTATION_CONTEXT() REPRESENTATION_CONTEXT('2D SPACE',''
  ) );
#10353 = PCURVE('',#10354,#10359);
#10354 = PLANE('',#10355);
#10355 = AXIS2_PLACEMENT_3D('',#10356,#10357,#10358);
#10356 = CARTESIAN_POINT('',(-0.237,-0.395,-2.482));
#10357 = DIRECTION('',(-0.707106781187,0.,-0.707106781187));
#10358 = DIRECTION('',(0.,1.,0.));
#10359 = DEFINITIONAL_REPRESENTATION('',(#10360),#10364);
#10360 = LINE('',#10361,#10362);
#10361 = CARTESIAN_POINT('',(0.,-0.223445742855));
#10362 = VECTOR('',#10363,1.);
#10363 = DIRECTION('',(1.,0.));
#10364 = ( GEOMETRIC_REPRESENTATION_CONTEXT(2) 
PARAMETRIC_REPRESENTATION_CONTEXT() REPRESENTATION_CONTEXT('2D SPACE',''
  ) );
#10365 = ORIENTED_EDGE('',*,*,#10366,.T.);
#10366 = EDGE_CURVE('',#10339,#10367,#10369,.T.);
#10367 = VERTEX_POINT('',#10368);
#10368 = CARTESIAN_POINT('',(-0.395,0.395,1.702));
#10369 = SURFACE_CURVE('',#10370,(#10374,#10381),.PCURVE_S1.);
#10370 = LINE('',#10371,#10372);
#10371 = CARTESIAN_POINT('',(-0.395,0.395,-2.64));
#10372 = VECTOR('',#10373,1.);
#10373 = DIRECTION('',(0.,0.,1.));
#10374 = PCURVE('',#10314,#10375);
#10375 = DEFINITIONAL_REPRESENTATION('',(#10376),#10380);
#10376 = LINE('',#10377,#10378);
#10377 = CARTESIAN_POINT('',(0.,-0.79));
#10378 = VECTOR('',#10379,1.);
#10379 = DIRECTION('',(1.,0.));
#10380 = ( GEOMETRIC_REPRESENTATION_CONTEXT(2) 
PARAMETRIC_REPRESENTATION_CONTEXT() REPRESENTATION_CONTEXT('2D SPACE',''
  ) );
#10381 = PCURVE('',#10382,#10387);
#10382 = PLANE('',#10383);
#10383 = AXIS2_PLACEMENT_3D('',#10384,#10385,#10386);
#10384 = CARTESIAN_POINT('',(-0.395,0.395,-2.64));
#10385 = DIRECTION('',(0.,1.,0.));
#10386 = DIRECTION('',(0.,0.,1.));
#10387 = DEFINITIONAL_REPRESENTATION('',(#10388),#10392);
#10388 = LINE('',#10389,#10390);
#10389 = CARTESIAN_POINT('',(0.,0.));
#10390 = VECTOR('',#10391,1.);
#10391 = DIRECTION('',(1.,0.));
#10392 = ( GEOMETRIC_REPRESENTATION_CONTEXT(2) 
PARAMETRIC_REPRESENTATION_CONTEXT() REPRESENTATION_CONTEXT('2D SPACE',''
  ) );
#10393 = ORIENTED_EDGE('',*,*,#10394,.F.);
#10394 = EDGE_CURVE('',#10306,#10367,#10395,.T.);
#10395 = SURFACE_CURVE('',#10396,(#10400,#10407),.PCURVE_S1.);
#10396 = LINE('',#10397,#10398);
#10397 = CARTESIAN_POINT('',(-0.395,-0.395,1.702));
#10398 = VECTOR('',#10399,1.);
#10399 = DIRECTION('',(0.,1.,0.));
#10400 = PCURVE('',#10314,#10401);
#10401 = DEFINITIONAL_REPRESENTATION('',(#10402),#10406);
#10402 = LINE('',#10403,#10404);
#10403 = CARTESIAN_POINT('',(4.342,0.));
#10404 = VECTOR('',#10405,1.);
#10405 = DIRECTION('',(0.,-1.));
#10406 = ( GEOMETRIC_REPRESENTATION_CONTEXT(2) 
PARAMETRIC_REPRESENTATION_CONTEXT() REPRESENTATION_CONTEXT('2D SPACE',''
  ) );
#10407 = PCURVE('',#10408,#10413);
#10408 = PLANE('',#10409);
#10409 = AXIS2_PLACEMENT_3D('',#10410,#10411,#10412);
#10410 = CARTESIAN_POINT('',(-0.395,-0.395,1.702));
#10411 = DIRECTION('',(0.,0.,1.));
#10412 = DIRECTION('',(1.,0.,0.));
#10413 = DEFINITIONAL_REPRESENTATION('',(#10414),#10418);
#10414 = LINE('',#10415,#10416);
#10415 = CARTESIAN_POINT('',(0.,0.));
#10416 = VECTOR('',#10417,1.);
#10417 = DIRECTION('',(0.,1.));
#10418 = ( GEOMETRIC_REPRESENTATION_CONTEXT(2) 
PARAMETRIC_REPRESENTATION_CONTEXT() REPRESENTATION_CONTEXT('2D SPACE',''
  ) );
#10419 = ADVANCED_FACE('',(#10420),#10326,.F.);
#10420 = FACE_BOUND('',#10421,.F.);
#10421 = EDGE_LOOP('',(#10422,#10452,#10478,#10479));
#10422 = ORIENTED_EDGE('',*,*,#10423,.F.);
#10423 = EDGE_CURVE('',#10424,#10426,#10428,.T.);
#10424 = VERTEX_POINT('',#10425);
#10425 = CARTESIAN_POINT('',(0.395,-0.395,-2.324));
#10426 = VERTEX_POINT('',#10427);
#10427 = CARTESIAN_POINT('',(0.395,-0.395,1.702));
#10428 = SURFACE_CURVE('',#10429,(#10433,#10440),.PCURVE_S1.);
#10429 = LINE('',#10430,#10431);
#10430 = CARTESIAN_POINT('',(0.395,-0.395,-2.64));
#10431 = VECTOR('',#10432,1.);
#10432 = DIRECTION('',(0.,0.,1.));
#10433 = PCURVE('',#10326,#10434);
#10434 = DEFINITIONAL_REPRESENTATION('',(#10435),#10439);
#10435 = LINE('',#10436,#10437);
#10436 = CARTESIAN_POINT('',(0.,0.79));
#10437 = VECTOR('',#10438,1.);
#10438 = DIRECTION('',(1.,0.));
#10439 = ( GEOMETRIC_REPRESENTATION_CONTEXT(2) 
PARAMETRIC_REPRESENTATION_CONTEXT() REPRESENTATION_CONTEXT('2D SPACE',''
  ) );
#10440 = PCURVE('',#10441,#10446);
#10441 = PLANE('',#10442);
#10442 = AXIS2_PLACEMENT_3D('',#10443,#10444,#10445);
#10443 = CARTESIAN_POINT('',(0.395,-0.395,-2.64));
#10444 = DIRECTION('',(1.,0.,0.));
#10445 = DIRECTION('',(0.,0.,1.));
#10446 = DEFINITIONAL_REPRESENTATION('',(#10447),#10451);
#10447 = LINE('',#10448,#10449);
#10448 = CARTESIAN_POINT('',(0.,0.));
#10449 = VECTOR('',#10450,1.);
#10450 = DIRECTION('',(1.,0.));
#10451 = ( GEOMETRIC_REPRESENTATION_CONTEXT(2) 
PARAMETRIC_REPRESENTATION_CONTEXT() REPRESENTATION_CONTEXT('2D SPACE',''
  ) );
#10452 = ORIENTED_EDGE('',*,*,#10453,.F.);
#10453 = EDGE_CURVE('',#10304,#10424,#10454,.T.);
#10454 = SURFACE_CURVE('',#10455,(#10459,#10466),.PCURVE_S1.);
#10455 = LINE('',#10456,#10457);
#10456 = CARTESIAN_POINT('',(-0.395,-0.395,-2.324));
#10457 = VECTOR('',#10458,1.);
#10458 = DIRECTION('',(1.,0.,0.));
#10459 = PCURVE('',#10326,#10460);
#10460 = DEFINITIONAL_REPRESENTATION('',(#10461),#10465);
#10461 = LINE('',#10462,#10463);
#10462 = CARTESIAN_POINT('',(0.316,0.));
#10463 = VECTOR('',#10464,1.);
#10464 = DIRECTION('',(0.,1.));
#10465 = ( GEOMETRIC_REPRESENTATION_CONTEXT(2) 
PARAMETRIC_REPRESENTATION_CONTEXT() REPRESENTATION_CONTEXT('2D SPACE',''
  ) );
#10466 = PCURVE('',#10467,#10472);
#10467 = PLANE('',#10468);
#10468 = AXIS2_PLACEMENT_3D('',#10469,#10470,#10471);
#10469 = CARTESIAN_POINT('',(-0.395,-0.237,-2.482));
#10470 = DIRECTION('',(0.,-0.707106781187,-0.707106781187));
#10471 = DIRECTION('',(-1.,-0.,-0.));
#10472 = DEFINITIONAL_REPRESENTATION('',(#10473),#10477);
#10473 = LINE('',#10474,#10475);
#10474 = CARTESIAN_POINT('',(-0.,-0.223445742855));
#10475 = VECTOR('',#10476,1.);
#10476 = DIRECTION('',(-1.,0.));
#10477 = ( GEOMETRIC_REPRESENTATION_CONTEXT(2) 
PARAMETRIC_REPRESENTATION_CONTEXT() REPRESENTATION_CONTEXT('2D SPACE',''
  ) );
#10478 = ORIENTED_EDGE('',*,*,#10303,.T.);
#10479 = ORIENTED_EDGE('',*,*,#10480,.T.);
#10480 = EDGE_CURVE('',#10306,#10426,#10481,.T.);
#10481 = SURFACE_CURVE('',#10482,(#10486,#10493),.PCURVE_S1.);
#10482 = LINE('',#10483,#10484);
#10483 = CARTESIAN_POINT('',(-0.395,-0.395,1.702));
#10484 = VECTOR('',#10485,1.);
#10485 = DIRECTION('',(1.,0.,0.));
#10486 = PCURVE('',#10326,#10487);
#10487 = DEFINITIONAL_REPRESENTATION('',(#10488),#10492);
#10488 = LINE('',#10489,#10490);
#10489 = CARTESIAN_POINT('',(4.342,0.));
#10490 = VECTOR('',#10491,1.);
#10491 = DIRECTION('',(0.,1.));
#10492 = ( GEOMETRIC_REPRESENTATION_CONTEXT(2) 
PARAMETRIC_REPRESENTATION_CONTEXT() REPRESENTATION_CONTEXT('2D SPACE',''
  ) );
#10493 = PCURVE('',#10408,#10494);
#10494 = DEFINITIONAL_REPRESENTATION('',(#10495),#10499);
#10495 = LINE('',#10496,#10497);
#10496 = CARTESIAN_POINT('',(0.,0.));
#10497 = VECTOR('',#10498,1.);
#10498 = DIRECTION('',(1.,0.));
#10499 = ( GEOMETRIC_REPRESENTATION_CONTEXT(2) 
PARAMETRIC_REPRESENTATION_CONTEXT() REPRESENTATION_CONTEXT('2D SPACE',''
  ) );
#10500 = ADVANCED_FACE('',(#10501),#10354,.T.);
#10501 = FACE_BOUND('',#10502,.T.);
#10502 = EDGE_LOOP('',(#10503,#10526,#10527,#10555));
#10503 = ORIENTED_EDGE('',*,*,#10504,.F.);
#10504 = EDGE_CURVE('',#10304,#10505,#10507,.T.);
#10505 = VERTEX_POINT('',#10506);
#10506 = CARTESIAN_POINT('',(-7.9E-02,-7.9E-02,-2.64));
#10507 = SURFACE_CURVE('',#10508,(#10512,#10519),.PCURVE_S1.);
#10508 = LINE('',#10509,#10510);
#10509 = CARTESIAN_POINT('',(-0.289666666667,-0.289666666667,
    -2.429333333333));
#10510 = VECTOR('',#10511,1.);
#10511 = DIRECTION('',(0.57735026919,0.57735026919,-0.57735026919));
#10512 = PCURVE('',#10354,#10513);
#10513 = DEFINITIONAL_REPRESENTATION('',(#10514),#10518);
#10514 = LINE('',#10515,#10516);
#10515 = CARTESIAN_POINT('',(0.105333333333,-7.448191428498E-02));
#10516 = VECTOR('',#10517,1.);
#10517 = DIRECTION('',(0.57735026919,0.816496580928));
#10518 = ( GEOMETRIC_REPRESENTATION_CONTEXT(2) 
PARAMETRIC_REPRESENTATION_CONTEXT() REPRESENTATION_CONTEXT('2D SPACE',''
  ) );
#10519 = PCURVE('',#10467,#10520);
#10520 = DEFINITIONAL_REPRESENTATION('',(#10521),#10525);
#10521 = LINE('',#10522,#10523);
#10522 = CARTESIAN_POINT('',(-0.105333333333,-7.448191428498E-02));
#10523 = VECTOR('',#10524,1.);
#10524 = DIRECTION('',(-0.57735026919,0.816496580928));
#10525 = ( GEOMETRIC_REPRESENTATION_CONTEXT(2) 
PARAMETRIC_REPRESENTATION_CONTEXT() REPRESENTATION_CONTEXT('2D SPACE',''
  ) );
#10526 = ORIENTED_EDGE('',*,*,#10338,.T.);
#10527 = ORIENTED_EDGE('',*,*,#10528,.T.);
#10528 = EDGE_CURVE('',#10339,#10529,#10531,.T.);
#10529 = VERTEX_POINT('',#10530);
#10530 = CARTESIAN_POINT('',(-7.9E-02,7.9E-02,-2.64));
#10531 = SURFACE_CURVE('',#10532,(#10536,#10543),.PCURVE_S1.);
#10532 = LINE('',#10533,#10534);
#10533 = CARTESIAN_POINT('',(-0.158,0.158,-2.561));
#10534 = VECTOR('',#10535,1.);
#10535 = DIRECTION('',(0.57735026919,-0.57735026919,-0.57735026919));
#10536 = PCURVE('',#10354,#10537);
#10537 = DEFINITIONAL_REPRESENTATION('',(#10538),#10542);
#10538 = LINE('',#10539,#10540);
#10539 = CARTESIAN_POINT('',(0.553,0.111722871427));
#10540 = VECTOR('',#10541,1.);
#10541 = DIRECTION('',(-0.57735026919,0.816496580928));
#10542 = ( GEOMETRIC_REPRESENTATION_CONTEXT(2) 
PARAMETRIC_REPRESENTATION_CONTEXT() REPRESENTATION_CONTEXT('2D SPACE',''
  ) );
#10543 = PCURVE('',#10544,#10549);
#10544 = PLANE('',#10545);
#10545 = AXIS2_PLACEMENT_3D('',#10546,#10547,#10548);
#10546 = CARTESIAN_POINT('',(-0.395,0.237,-2.482));
#10547 = DIRECTION('',(0.,-0.707106781187,0.707106781187));
#10548 = DIRECTION('',(-1.,-0.,-0.));
#10549 = DEFINITIONAL_REPRESENTATION('',(#10550),#10554);
#10550 = LINE('',#10551,#10552);
#10551 = CARTESIAN_POINT('',(-0.237,0.111722871427));
#10552 = VECTOR('',#10553,1.);
#10553 = DIRECTION('',(-0.57735026919,0.816496580928));
#10554 = ( GEOMETRIC_REPRESENTATION_CONTEXT(2) 
PARAMETRIC_REPRESENTATION_CONTEXT() REPRESENTATION_CONTEXT('2D SPACE',''
  ) );
#10555 = ORIENTED_EDGE('',*,*,#10556,.F.);
#10556 = EDGE_CURVE('',#10505,#10529,#10557,.T.);
#10557 = SURFACE_CURVE('',#10558,(#10562,#10569),.PCURVE_S1.);
#10558 = LINE('',#10559,#10560);
#10559 = CARTESIAN_POINT('',(-7.9E-02,-0.395,-2.64));
#10560 = VECTOR('',#10561,1.);
#10561 = DIRECTION('',(0.,1.,0.));
#10562 = PCURVE('',#10354,#10563);
#10563 = DEFINITIONAL_REPRESENTATION('',(#10564),#10568);
#10564 = LINE('',#10565,#10566);
#10565 = CARTESIAN_POINT('',(0.,0.223445742855));
#10566 = VECTOR('',#10567,1.);
#10567 = DIRECTION('',(1.,0.));
#10568 = ( GEOMETRIC_REPRESENTATION_CONTEXT(2) 
PARAMETRIC_REPRESENTATION_CONTEXT() REPRESENTATION_CONTEXT('2D SPACE',''
  ) );
#10569 = PCURVE('',#10570,#10575);
#10570 = PLANE('',#10571);
#10571 = AXIS2_PLACEMENT_3D('',#10572,#10573,#10574);
#10572 = CARTESIAN_POINT('',(-0.395,-0.395,-2.64));
#10573 = DIRECTION('',(0.,0.,1.));
#10574 = DIRECTION('',(1.,0.,0.));
#10575 = DEFINITIONAL_REPRESENTATION('',(#10576),#10580);
#10576 = LINE('',#10577,#10578);
#10577 = CARTESIAN_POINT('',(0.316,0.));
#10578 = VECTOR('',#10579,1.);
#10579 = DIRECTION('',(0.,1.));
#10580 = ( GEOMETRIC_REPRESENTATION_CONTEXT(2) 
PARAMETRIC_REPRESENTATION_CONTEXT() REPRESENTATION_CONTEXT('2D SPACE',''
  ) );
#10581 = ADVANCED_FACE('',(#10582),#10408,.T.);
#10582 = FACE_BOUND('',#10583,.T.);
#10583 = EDGE_LOOP('',(#10584,#10585,#10586,#10609));
#10584 = ORIENTED_EDGE('',*,*,#10394,.F.);
#10585 = ORIENTED_EDGE('',*,*,#10480,.T.);
#10586 = ORIENTED_EDGE('',*,*,#10587,.T.);
#10587 = EDGE_CURVE('',#10426,#10588,#10590,.T.);
#10588 = VERTEX_POINT('',#10589);
#10589 = CARTESIAN_POINT('',(0.395,0.395,1.702));
#10590 = SURFACE_CURVE('',#10591,(#10595,#10602),.PCURVE_S1.);
#10591 = LINE('',#10592,#10593);
#10592 = CARTESIAN_POINT('',(0.395,-0.395,1.702));
#10593 = VECTOR('',#10594,1.);
#10594 = DIRECTION('',(0.,1.,0.));
#10595 = PCURVE('',#10408,#10596);
#10596 = DEFINITIONAL_REPRESENTATION('',(#10597),#10601);
#10597 = LINE('',#10598,#10599);
#10598 = CARTESIAN_POINT('',(0.79,0.));
#10599 = VECTOR('',#10600,1.);
#10600 = DIRECTION('',(0.,1.));
#10601 = ( GEOMETRIC_REPRESENTATION_CONTEXT(2) 
PARAMETRIC_REPRESENTATION_CONTEXT() REPRESENTATION_CONTEXT('2D SPACE',''
  ) );
#10602 = PCURVE('',#10441,#10603);
#10603 = DEFINITIONAL_REPRESENTATION('',(#10604),#10608);
#10604 = LINE('',#10605,#10606);
#10605 = CARTESIAN_POINT('',(4.342,0.));
#10606 = VECTOR('',#10607,1.);
#10607 = DIRECTION('',(0.,-1.));
#10608 = ( GEOMETRIC_REPRESENTATION_CONTEXT(2) 
PARAMETRIC_REPRESENTATION_CONTEXT() REPRESENTATION_CONTEXT('2D SPACE',''
  ) );
#10609 = ORIENTED_EDGE('',*,*,#10610,.F.);
#10610 = EDGE_CURVE('',#10367,#10588,#10611,.T.);
#10611 = SURFACE_CURVE('',#10612,(#10616,#10623),.PCURVE_S1.);
#10612 = LINE('',#10613,#10614);
#10613 = CARTESIAN_POINT('',(-0.395,0.395,1.702));
#10614 = VECTOR('',#10615,1.);
#10615 = DIRECTION('',(1.,0.,0.));
#10616 = PCURVE('',#10408,#10617);
#10617 = DEFINITIONAL_REPRESENTATION('',(#10618),#10622);
#10618 = LINE('',#10619,#10620);
#10619 = CARTESIAN_POINT('',(0.,0.79));
#10620 = VECTOR('',#10621,1.);
#10621 = DIRECTION('',(1.,0.));
#10622 = ( GEOMETRIC_REPRESENTATION_CONTEXT(2) 
PARAMETRIC_REPRESENTATION_CONTEXT() REPRESENTATION_CONTEXT('2D SPACE',''
  ) );
#10623 = PCURVE('',#10382,#10624);
#10624 = DEFINITIONAL_REPRESENTATION('',(#10625),#10629);
#10625 = LINE('',#10626,#10627);
#10626 = CARTESIAN_POINT('',(4.342,0.));
#10627 = VECTOR('',#10628,1.);
#10628 = DIRECTION('',(0.,1.));
#10629 = ( GEOMETRIC_REPRESENTATION_CONTEXT(2) 
PARAMETRIC_REPRESENTATION_CONTEXT() REPRESENTATION_CONTEXT('2D SPACE',''
  ) );
#10630 = ADVANCED_FACE('',(#10631),#10382,.T.);
#10631 = FACE_BOUND('',#10632,.T.);
#10632 = EDGE_LOOP('',(#10633,#10656,#10677,#10678));
#10633 = ORIENTED_EDGE('',*,*,#10634,.F.);
#10634 = EDGE_CURVE('',#10635,#10588,#10637,.T.);
#10635 = VERTEX_POINT('',#10636);
#10636 = CARTESIAN_POINT('',(0.395,0.395,-2.324));
#10637 = SURFACE_CURVE('',#10638,(#10642,#10649),.PCURVE_S1.);
#10638 = LINE('',#10639,#10640);
#10639 = CARTESIAN_POINT('',(0.395,0.395,-2.64));
#10640 = VECTOR('',#10641,1.);
#10641 = DIRECTION('',(0.,0.,1.));
#10642 = PCURVE('',#10382,#10643);
#10643 = DEFINITIONAL_REPRESENTATION('',(#10644),#10648);
#10644 = LINE('',#10645,#10646);
#10645 = CARTESIAN_POINT('',(0.,0.79));
#10646 = VECTOR('',#10647,1.);
#10647 = DIRECTION('',(1.,0.));
#10648 = ( GEOMETRIC_REPRESENTATION_CONTEXT(2) 
PARAMETRIC_REPRESENTATION_CONTEXT() REPRESENTATION_CONTEXT('2D SPACE',''
  ) );
#10649 = PCURVE('',#10441,#10650);
#10650 = DEFINITIONAL_REPRESENTATION('',(#10651),#10655);
#10651 = LINE('',#10652,#10653);
#10652 = CARTESIAN_POINT('',(0.,-0.79));
#10653 = VECTOR('',#10654,1.);
#10654 = DIRECTION('',(1.,0.));
#10655 = ( GEOMETRIC_REPRESENTATION_CONTEXT(2) 
PARAMETRIC_REPRESENTATION_CONTEXT() REPRESENTATION_CONTEXT('2D SPACE',''
  ) );
#10656 = ORIENTED_EDGE('',*,*,#10657,.F.);
#10657 = EDGE_CURVE('',#10339,#10635,#10658,.T.);
#10658 = SURFACE_CURVE('',#10659,(#10663,#10670),.PCURVE_S1.);
#10659 = LINE('',#10660,#10661);
#10660 = CARTESIAN_POINT('',(-0.395,0.395,-2.324));
#10661 = VECTOR('',#10662,1.);
#10662 = DIRECTION('',(1.,0.,0.));
#10663 = PCURVE('',#10382,#10664);
#10664 = DEFINITIONAL_REPRESENTATION('',(#10665),#10669);
#10665 = LINE('',#10666,#10667);
#10666 = CARTESIAN_POINT('',(0.316,0.));
#10667 = VECTOR('',#10668,1.);
#10668 = DIRECTION('',(0.,1.));
#10669 = ( GEOMETRIC_REPRESENTATION_CONTEXT(2) 
PARAMETRIC_REPRESENTATION_CONTEXT() REPRESENTATION_CONTEXT('2D SPACE',''
  ) );
#10670 = PCURVE('',#10544,#10671);
#10671 = DEFINITIONAL_REPRESENTATION('',(#10672),#10676);
#10672 = LINE('',#10673,#10674);
#10673 = CARTESIAN_POINT('',(-0.,-0.223445742855));
#10674 = VECTOR('',#10675,1.);
#10675 = DIRECTION('',(-1.,0.));
#10676 = ( GEOMETRIC_REPRESENTATION_CONTEXT(2) 
PARAMETRIC_REPRESENTATION_CONTEXT() REPRESENTATION_CONTEXT('2D SPACE',''
  ) );
#10677 = ORIENTED_EDGE('',*,*,#10366,.T.);
#10678 = ORIENTED_EDGE('',*,*,#10610,.T.);
#10679 = ADVANCED_FACE('',(#10680),#10441,.T.);
#10680 = FACE_BOUND('',#10681,.T.);
#10681 = EDGE_LOOP('',(#10682,#10683,#10709,#10710));
#10682 = ORIENTED_EDGE('',*,*,#10423,.F.);
#10683 = ORIENTED_EDGE('',*,*,#10684,.T.);
#10684 = EDGE_CURVE('',#10424,#10635,#10685,.T.);
#10685 = SURFACE_CURVE('',#10686,(#10690,#10697),.PCURVE_S1.);
#10686 = LINE('',#10687,#10688);
#10687 = CARTESIAN_POINT('',(0.395,-0.395,-2.324));
#10688 = VECTOR('',#10689,1.);
#10689 = DIRECTION('',(0.,1.,0.));
#10690 = PCURVE('',#10441,#10691);
#10691 = DEFINITIONAL_REPRESENTATION('',(#10692),#10696);
#10692 = LINE('',#10693,#10694);
#10693 = CARTESIAN_POINT('',(0.316,0.));
#10694 = VECTOR('',#10695,1.);
#10695 = DIRECTION('',(0.,-1.));
#10696 = ( GEOMETRIC_REPRESENTATION_CONTEXT(2) 
PARAMETRIC_REPRESENTATION_CONTEXT() REPRESENTATION_CONTEXT('2D SPACE',''
  ) );
#10697 = PCURVE('',#10698,#10703);
#10698 = PLANE('',#10699);
#10699 = AXIS2_PLACEMENT_3D('',#10700,#10701,#10702);
#10700 = CARTESIAN_POINT('',(0.237,-0.395,-2.482));
#10701 = DIRECTION('',(-0.707106781187,0.,0.707106781187));
#10702 = DIRECTION('',(0.,1.,0.));
#10703 = DEFINITIONAL_REPRESENTATION('',(#10704),#10708);
#10704 = LINE('',#10705,#10706);
#10705 = CARTESIAN_POINT('',(0.,-0.223445742855));
#10706 = VECTOR('',#10707,1.);
#10707 = DIRECTION('',(1.,0.));
#10708 = ( GEOMETRIC_REPRESENTATION_CONTEXT(2) 
PARAMETRIC_REPRESENTATION_CONTEXT() REPRESENTATION_CONTEXT('2D SPACE',''
  ) );
#10709 = ORIENTED_EDGE('',*,*,#10634,.T.);
#10710 = ORIENTED_EDGE('',*,*,#10587,.F.);
#10711 = ADVANCED_FACE('',(#10712),#10467,.T.);
#10712 = FACE_BOUND('',#10713,.F.);
#10713 = EDGE_LOOP('',(#10714,#10715,#10716,#10739));
#10714 = ORIENTED_EDGE('',*,*,#10504,.F.);
#10715 = ORIENTED_EDGE('',*,*,#10453,.T.);
#10716 = ORIENTED_EDGE('',*,*,#10717,.T.);
#10717 = EDGE_CURVE('',#10424,#10718,#10720,.T.);
#10718 = VERTEX_POINT('',#10719);
#10719 = CARTESIAN_POINT('',(7.9E-02,-7.9E-02,-2.64));
#10720 = SURFACE_CURVE('',#10721,(#10725,#10732),.PCURVE_S1.);
#10721 = LINE('',#10722,#10723);
#10722 = CARTESIAN_POINT('',(0.158,-0.158,-2.561));
#10723 = VECTOR('',#10724,1.);
#10724 = DIRECTION('',(-0.57735026919,0.57735026919,-0.57735026919));
#10725 = PCURVE('',#10467,#10726);
#10726 = DEFINITIONAL_REPRESENTATION('',(#10727),#10731);
#10727 = LINE('',#10728,#10729);
#10728 = CARTESIAN_POINT('',(-0.553,0.111722871427));
#10729 = VECTOR('',#10730,1.);
#10730 = DIRECTION('',(0.57735026919,0.816496580928));
#10731 = ( GEOMETRIC_REPRESENTATION_CONTEXT(2) 
PARAMETRIC_REPRESENTATION_CONTEXT() REPRESENTATION_CONTEXT('2D SPACE',''
  ) );
#10732 = PCURVE('',#10698,#10733);
#10733 = DEFINITIONAL_REPRESENTATION('',(#10734),#10738);
#10734 = LINE('',#10735,#10736);
#10735 = CARTESIAN_POINT('',(0.237,0.111722871427));
#10736 = VECTOR('',#10737,1.);
#10737 = DIRECTION('',(0.57735026919,0.816496580928));
#10738 = ( GEOMETRIC_REPRESENTATION_CONTEXT(2) 
PARAMETRIC_REPRESENTATION_CONTEXT() REPRESENTATION_CONTEXT('2D SPACE',''
  ) );
#10739 = ORIENTED_EDGE('',*,*,#10740,.F.);
#10740 = EDGE_CURVE('',#10505,#10718,#10741,.T.);
#10741 = SURFACE_CURVE('',#10742,(#10746,#10753),.PCURVE_S1.);
#10742 = LINE('',#10743,#10744);
#10743 = CARTESIAN_POINT('',(-0.395,-7.9E-02,-2.64));
#10744 = VECTOR('',#10745,1.);
#10745 = DIRECTION('',(1.,0.,0.));
#10746 = PCURVE('',#10467,#10747);
#10747 = DEFINITIONAL_REPRESENTATION('',(#10748),#10752);
#10748 = LINE('',#10749,#10750);
#10749 = CARTESIAN_POINT('',(-0.,0.223445742855));
#10750 = VECTOR('',#10751,1.);
#10751 = DIRECTION('',(-1.,0.));
#10752 = ( GEOMETRIC_REPRESENTATION_CONTEXT(2) 
PARAMETRIC_REPRESENTATION_CONTEXT() REPRESENTATION_CONTEXT('2D SPACE',''
  ) );
#10753 = PCURVE('',#10570,#10754);
#10754 = DEFINITIONAL_REPRESENTATION('',(#10755),#10759);
#10755 = LINE('',#10756,#10757);
#10756 = CARTESIAN_POINT('',(0.,0.316));
#10757 = VECTOR('',#10758,1.);
#10758 = DIRECTION('',(1.,0.));
#10759 = ( GEOMETRIC_REPRESENTATION_CONTEXT(2) 
PARAMETRIC_REPRESENTATION_CONTEXT() REPRESENTATION_CONTEXT('2D SPACE',''
  ) );
#10760 = ADVANCED_FACE('',(#10761),#10570,.F.);
#10761 = FACE_BOUND('',#10762,.F.);
#10762 = EDGE_LOOP('',(#10763,#10764,#10787,#10808));
#10763 = ORIENTED_EDGE('',*,*,#10740,.T.);
#10764 = ORIENTED_EDGE('',*,*,#10765,.T.);
#10765 = EDGE_CURVE('',#10718,#10766,#10768,.T.);
#10766 = VERTEX_POINT('',#10767);
#10767 = CARTESIAN_POINT('',(7.9E-02,7.9E-02,-2.64));
#10768 = SURFACE_CURVE('',#10769,(#10773,#10780),.PCURVE_S1.);
#10769 = LINE('',#10770,#10771);
#10770 = CARTESIAN_POINT('',(7.9E-02,-0.395,-2.64));
#10771 = VECTOR('',#10772,1.);
#10772 = DIRECTION('',(0.,1.,0.));
#10773 = PCURVE('',#10570,#10774);
#10774 = DEFINITIONAL_REPRESENTATION('',(#10775),#10779);
#10775 = LINE('',#10776,#10777);
#10776 = CARTESIAN_POINT('',(0.474,0.));
#10777 = VECTOR('',#10778,1.);
#10778 = DIRECTION('',(0.,1.));
#10779 = ( GEOMETRIC_REPRESENTATION_CONTEXT(2) 
PARAMETRIC_REPRESENTATION_CONTEXT() REPRESENTATION_CONTEXT('2D SPACE',''
  ) );
#10780 = PCURVE('',#10698,#10781);
#10781 = DEFINITIONAL_REPRESENTATION('',(#10782),#10786);
#10782 = LINE('',#10783,#10784);
#10783 = CARTESIAN_POINT('',(0.,0.223445742855));
#10784 = VECTOR('',#10785,1.);
#10785 = DIRECTION('',(1.,0.));
#10786 = ( GEOMETRIC_REPRESENTATION_CONTEXT(2) 
PARAMETRIC_REPRESENTATION_CONTEXT() REPRESENTATION_CONTEXT('2D SPACE',''
  ) );
#10787 = ORIENTED_EDGE('',*,*,#10788,.F.);
#10788 = EDGE_CURVE('',#10529,#10766,#10789,.T.);
#10789 = SURFACE_CURVE('',#10790,(#10794,#10801),.PCURVE_S1.);
#10790 = LINE('',#10791,#10792);
#10791 = CARTESIAN_POINT('',(-0.395,7.9E-02,-2.64));
#10792 = VECTOR('',#10793,1.);
#10793 = DIRECTION('',(1.,0.,0.));
#10794 = PCURVE('',#10570,#10795);
#10795 = DEFINITIONAL_REPRESENTATION('',(#10796),#10800);
#10796 = LINE('',#10797,#10798);
#10797 = CARTESIAN_POINT('',(0.,0.474));
#10798 = VECTOR('',#10799,1.);
#10799 = DIRECTION('',(1.,0.));
#10800 = ( GEOMETRIC_REPRESENTATION_CONTEXT(2) 
PARAMETRIC_REPRESENTATION_CONTEXT() REPRESENTATION_CONTEXT('2D SPACE',''
  ) );
#10801 = PCURVE('',#10544,#10802);
#10802 = DEFINITIONAL_REPRESENTATION('',(#10803),#10807);
#10803 = LINE('',#10804,#10805);
#10804 = CARTESIAN_POINT('',(-0.,0.223445742855));
#10805 = VECTOR('',#10806,1.);
#10806 = DIRECTION('',(-1.,0.));
#10807 = ( GEOMETRIC_REPRESENTATION_CONTEXT(2) 
PARAMETRIC_REPRESENTATION_CONTEXT() REPRESENTATION_CONTEXT('2D SPACE',''
  ) );
#10808 = ORIENTED_EDGE('',*,*,#10556,.F.);
#10809 = ADVANCED_FACE('',(#10810),#10544,.F.);
#10810 = FACE_BOUND('',#10811,.T.);
#10811 = EDGE_LOOP('',(#10812,#10813,#10814,#10835));
#10812 = ORIENTED_EDGE('',*,*,#10528,.F.);
#10813 = ORIENTED_EDGE('',*,*,#10657,.T.);
#10814 = ORIENTED_EDGE('',*,*,#10815,.T.);
#10815 = EDGE_CURVE('',#10635,#10766,#10816,.T.);
#10816 = SURFACE_CURVE('',#10817,(#10821,#10828),.PCURVE_S1.);
#10817 = LINE('',#10818,#10819);
#10818 = CARTESIAN_POINT('',(2.633333333333E-02,2.633333333333E-02,
    -2.692666666667));
#10819 = VECTOR('',#10820,1.);
#10820 = DIRECTION('',(-0.57735026919,-0.57735026919,-0.57735026919));
#10821 = PCURVE('',#10544,#10822);
#10822 = DEFINITIONAL_REPRESENTATION('',(#10823),#10827);
#10823 = LINE('',#10824,#10825);
#10824 = CARTESIAN_POINT('',(-0.421333333333,0.29792765714));
#10825 = VECTOR('',#10826,1.);
#10826 = DIRECTION('',(0.57735026919,0.816496580928));
#10827 = ( GEOMETRIC_REPRESENTATION_CONTEXT(2) 
PARAMETRIC_REPRESENTATION_CONTEXT() REPRESENTATION_CONTEXT('2D SPACE',''
  ) );
#10828 = PCURVE('',#10698,#10829);
#10829 = DEFINITIONAL_REPRESENTATION('',(#10830),#10834);
#10830 = LINE('',#10831,#10832);
#10831 = CARTESIAN_POINT('',(0.421333333333,0.29792765714));
#10832 = VECTOR('',#10833,1.);
#10833 = DIRECTION('',(-0.57735026919,0.816496580928));
#10834 = ( GEOMETRIC_REPRESENTATION_CONTEXT(2) 
PARAMETRIC_REPRESENTATION_CONTEXT() REPRESENTATION_CONTEXT('2D SPACE',''
  ) );
#10835 = ORIENTED_EDGE('',*,*,#10788,.F.);
#10836 = ADVANCED_FACE('',(#10837),#10698,.F.);
#10837 = FACE_BOUND('',#10838,.F.);
#10838 = EDGE_LOOP('',(#10839,#10840,#10841,#10842));
#10839 = ORIENTED_EDGE('',*,*,#10717,.F.);
#10840 = ORIENTED_EDGE('',*,*,#10684,.T.);
#10841 = ORIENTED_EDGE('',*,*,#10815,.T.);
#10842 = ORIENTED_EDGE('',*,*,#10765,.F.);
#10843 = MANIFOLD_SOLID_BREP('',#10844);
#10844 = CLOSED_SHELL('',(#10845,#10965,#11046,#11127,#11176,#11225,
    #11257,#11306,#11355,#11382));
#10845 = ADVANCED_FACE('',(#10846),#10860,.F.);
#10846 = FACE_BOUND('',#10847,.F.);
#10847 = EDGE_LOOP('',(#10848,#10883,#10911,#10939));
#10848 = ORIENTED_EDGE('',*,*,#10849,.F.);
#10849 = EDGE_CURVE('',#10850,#10852,#10854,.T.);
#10850 = VERTEX_POINT('',#10851);
#10851 = CARTESIAN_POINT('',(-0.395,2.145,-2.324));
#10852 = VERTEX_POINT('',#10853);
#10853 = CARTESIAN_POINT('',(-0.395,2.145,1.702));
#10854 = SURFACE_CURVE('',#10855,(#10859,#10871),.PCURVE_S1.);
#10855 = LINE('',#10856,#10857);
#10856 = CARTESIAN_POINT('',(-0.395,2.145,-2.64));
#10857 = VECTOR('',#10858,1.);
#10858 = DIRECTION('',(0.,0.,1.));
#10859 = PCURVE('',#10860,#10865);
#10860 = PLANE('',#10861);
#10861 = AXIS2_PLACEMENT_3D('',#10862,#10863,#10864);
#10862 = CARTESIAN_POINT('',(-0.395,2.145,-2.64));
#10863 = DIRECTION('',(1.,0.,0.));
#10864 = DIRECTION('',(0.,0.,1.));
#10865 = DEFINITIONAL_REPRESENTATION('',(#10866),#10870);
#10866 = LINE('',#10867,#10868);
#10867 = CARTESIAN_POINT('',(0.,0.));
#10868 = VECTOR('',#10869,1.);
#10869 = DIRECTION('',(1.,0.));
#10870 = ( GEOMETRIC_REPRESENTATION_CONTEXT(2) 
PARAMETRIC_REPRESENTATION_CONTEXT() REPRESENTATION_CONTEXT('2D SPACE',''
  ) );
#10871 = PCURVE('',#10872,#10877);
#10872 = PLANE('',#10873);
#10873 = AXIS2_PLACEMENT_3D('',#10874,#10875,#10876);
#10874 = CARTESIAN_POINT('',(-0.395,2.145,-2.64));
#10875 = DIRECTION('',(0.,1.,0.));
#10876 = DIRECTION('',(0.,0.,1.));
#10877 = DEFINITIONAL_REPRESENTATION('',(#10878),#10882);
#10878 = LINE('',#10879,#10880);
#10879 = CARTESIAN_POINT('',(0.,0.));
#10880 = VECTOR('',#10881,1.);
#10881 = DIRECTION('',(1.,0.));
#10882 = ( GEOMETRIC_REPRESENTATION_CONTEXT(2) 
PARAMETRIC_REPRESENTATION_CONTEXT() REPRESENTATION_CONTEXT('2D SPACE',''
  ) );
#10883 = ORIENTED_EDGE('',*,*,#10884,.T.);
#10884 = EDGE_CURVE('',#10850,#10885,#10887,.T.);
#10885 = VERTEX_POINT('',#10886);
#10886 = CARTESIAN_POINT('',(-0.395,2.935,-2.324));
#10887 = SURFACE_CURVE('',#10888,(#10892,#10899),.PCURVE_S1.);
#10888 = LINE('',#10889,#10890);
#10889 = CARTESIAN_POINT('',(-0.395,2.145,-2.324));
#10890 = VECTOR('',#10891,1.);
#10891 = DIRECTION('',(0.,1.,0.));
#10892 = PCURVE('',#10860,#10893);
#10893 = DEFINITIONAL_REPRESENTATION('',(#10894),#10898);
#10894 = LINE('',#10895,#10896);
#10895 = CARTESIAN_POINT('',(0.316,0.));
#10896 = VECTOR('',#10897,1.);
#10897 = DIRECTION('',(0.,-1.));
#10898 = ( GEOMETRIC_REPRESENTATION_CONTEXT(2) 
PARAMETRIC_REPRESENTATION_CONTEXT() REPRESENTATION_CONTEXT('2D SPACE',''
  ) );
#10899 = PCURVE('',#10900,#10905);
#10900 = PLANE('',#10901);
#10901 = AXIS2_PLACEMENT_3D('',#10902,#10903,#10904);
#10902 = CARTESIAN_POINT('',(-0.237,2.145,-2.482));
#10903 = DIRECTION('',(-0.707106781187,0.,-0.707106781187));
#10904 = DIRECTION('',(0.,1.,0.));
#10905 = DEFINITIONAL_REPRESENTATION('',(#10906),#10910);
#10906 = LINE('',#10907,#10908);
#10907 = CARTESIAN_POINT('',(0.,-0.223445742855));
#10908 = VECTOR('',#10909,1.);
#10909 = DIRECTION('',(1.,0.));
#10910 = ( GEOMETRIC_REPRESENTATION_CONTEXT(2) 
PARAMETRIC_REPRESENTATION_CONTEXT() REPRESENTATION_CONTEXT('2D SPACE',''
  ) );
#10911 = ORIENTED_EDGE('',*,*,#10912,.T.);
#10912 = EDGE_CURVE('',#10885,#10913,#10915,.T.);
#10913 = VERTEX_POINT('',#10914);
#10914 = CARTESIAN_POINT('',(-0.395,2.935,1.702));
#10915 = SURFACE_CURVE('',#10916,(#10920,#10927),.PCURVE_S1.);
#10916 = LINE('',#10917,#10918);
#10917 = CARTESIAN_POINT('',(-0.395,2.935,-2.64));
#10918 = VECTOR('',#10919,1.);
#10919 = DIRECTION('',(0.,0.,1.));
#10920 = PCURVE('',#10860,#10921);
#10921 = DEFINITIONAL_REPRESENTATION('',(#10922),#10926);
#10922 = LINE('',#10923,#10924);
#10923 = CARTESIAN_POINT('',(0.,-0.79));
#10924 = VECTOR('',#10925,1.);
#10925 = DIRECTION('',(1.,0.));
#10926 = ( GEOMETRIC_REPRESENTATION_CONTEXT(2) 
PARAMETRIC_REPRESENTATION_CONTEXT() REPRESENTATION_CONTEXT('2D SPACE',''
  ) );
#10927 = PCURVE('',#10928,#10933);
#10928 = PLANE('',#10929);
#10929 = AXIS2_PLACEMENT_3D('',#10930,#10931,#10932);
#10930 = CARTESIAN_POINT('',(-0.395,2.935,-2.64));
#10931 = DIRECTION('',(0.,1.,0.));
#10932 = DIRECTION('',(0.,0.,1.));
#10933 = DEFINITIONAL_REPRESENTATION('',(#10934),#10938);
#10934 = LINE('',#10935,#10936);
#10935 = CARTESIAN_POINT('',(0.,0.));
#10936 = VECTOR('',#10937,1.);
#10937 = DIRECTION('',(1.,0.));
#10938 = ( GEOMETRIC_REPRESENTATION_CONTEXT(2) 
PARAMETRIC_REPRESENTATION_CONTEXT() REPRESENTATION_CONTEXT('2D SPACE',''
  ) );
#10939 = ORIENTED_EDGE('',*,*,#10940,.F.);
#10940 = EDGE_CURVE('',#10852,#10913,#10941,.T.);
#10941 = SURFACE_CURVE('',#10942,(#10946,#10953),.PCURVE_S1.);
#10942 = LINE('',#10943,#10944);
#10943 = CARTESIAN_POINT('',(-0.395,2.145,1.702));
#10944 = VECTOR('',#10945,1.);
#10945 = DIRECTION('',(0.,1.,0.));
#10946 = PCURVE('',#10860,#10947);
#10947 = DEFINITIONAL_REPRESENTATION('',(#10948),#10952);
#10948 = LINE('',#10949,#10950);
#10949 = CARTESIAN_POINT('',(4.342,0.));
#10950 = VECTOR('',#10951,1.);
#10951 = DIRECTION('',(0.,-1.));
#10952 = ( GEOMETRIC_REPRESENTATION_CONTEXT(2) 
PARAMETRIC_REPRESENTATION_CONTEXT() REPRESENTATION_CONTEXT('2D SPACE',''
  ) );
#10953 = PCURVE('',#10954,#10959);
#10954 = PLANE('',#10955);
#10955 = AXIS2_PLACEMENT_3D('',#10956,#10957,#10958);
#10956 = CARTESIAN_POINT('',(-0.395,2.145,1.702));
#10957 = DIRECTION('',(0.,0.,1.));
#10958 = DIRECTION('',(1.,0.,0.));
#10959 = DEFINITIONAL_REPRESENTATION('',(#10960),#10964);
#10960 = LINE('',#10961,#10962);
#10961 = CARTESIAN_POINT('',(0.,0.));
#10962 = VECTOR('',#10963,1.);
#10963 = DIRECTION('',(0.,1.));
#10964 = ( GEOMETRIC_REPRESENTATION_CONTEXT(2) 
PARAMETRIC_REPRESENTATION_CONTEXT() REPRESENTATION_CONTEXT('2D SPACE',''
  ) );
#10965 = ADVANCED_FACE('',(#10966),#10872,.F.);
#10966 = FACE_BOUND('',#10967,.F.);
#10967 = EDGE_LOOP('',(#10968,#10998,#11024,#11025));
#10968 = ORIENTED_EDGE('',*,*,#10969,.F.);
#10969 = EDGE_CURVE('',#10970,#10972,#10974,.T.);
#10970 = VERTEX_POINT('',#10971);
#10971 = CARTESIAN_POINT('',(0.395,2.145,-2.324));
#10972 = VERTEX_POINT('',#10973);
#10973 = CARTESIAN_POINT('',(0.395,2.145,1.702));
#10974 = SURFACE_CURVE('',#10975,(#10979,#10986),.PCURVE_S1.);
#10975 = LINE('',#10976,#10977);
#10976 = CARTESIAN_POINT('',(0.395,2.145,-2.64));
#10977 = VECTOR('',#10978,1.);
#10978 = DIRECTION('',(0.,0.,1.));
#10979 = PCURVE('',#10872,#10980);
#10980 = DEFINITIONAL_REPRESENTATION('',(#10981),#10985);
#10981 = LINE('',#10982,#10983);
#10982 = CARTESIAN_POINT('',(0.,0.79));
#10983 = VECTOR('',#10984,1.);
#10984 = DIRECTION('',(1.,0.));
#10985 = ( GEOMETRIC_REPRESENTATION_CONTEXT(2) 
PARAMETRIC_REPRESENTATION_CONTEXT() REPRESENTATION_CONTEXT('2D SPACE',''
  ) );
#10986 = PCURVE('',#10987,#10992);
#10987 = PLANE('',#10988);
#10988 = AXIS2_PLACEMENT_3D('',#10989,#10990,#10991);
#10989 = CARTESIAN_POINT('',(0.395,2.145,-2.64));
#10990 = DIRECTION('',(1.,0.,0.));
#10991 = DIRECTION('',(0.,0.,1.));
#10992 = DEFINITIONAL_REPRESENTATION('',(#10993),#10997);
#10993 = LINE('',#10994,#10995);
#10994 = CARTESIAN_POINT('',(0.,0.));
#10995 = VECTOR('',#10996,1.);
#10996 = DIRECTION('',(1.,0.));
#10997 = ( GEOMETRIC_REPRESENTATION_CONTEXT(2) 
PARAMETRIC_REPRESENTATION_CONTEXT() REPRESENTATION_CONTEXT('2D SPACE',''
  ) );
#10998 = ORIENTED_EDGE('',*,*,#10999,.F.);
#10999 = EDGE_CURVE('',#10850,#10970,#11000,.T.);
#11000 = SURFACE_CURVE('',#11001,(#11005,#11012),.PCURVE_S1.);
#11001 = LINE('',#11002,#11003);
#11002 = CARTESIAN_POINT('',(-0.395,2.145,-2.324));
#11003 = VECTOR('',#11004,1.);
#11004 = DIRECTION('',(1.,0.,0.));
#11005 = PCURVE('',#10872,#11006);
#11006 = DEFINITIONAL_REPRESENTATION('',(#11007),#11011);
#11007 = LINE('',#11008,#11009);
#11008 = CARTESIAN_POINT('',(0.316,0.));
#11009 = VECTOR('',#11010,1.);
#11010 = DIRECTION('',(0.,1.));
#11011 = ( GEOMETRIC_REPRESENTATION_CONTEXT(2) 
PARAMETRIC_REPRESENTATION_CONTEXT() REPRESENTATION_CONTEXT('2D SPACE',''
  ) );
#11012 = PCURVE('',#11013,#11018);
#11013 = PLANE('',#11014);
#11014 = AXIS2_PLACEMENT_3D('',#11015,#11016,#11017);
#11015 = CARTESIAN_POINT('',(-0.395,2.303,-2.482));
#11016 = DIRECTION('',(0.,-0.707106781187,-0.707106781187));
#11017 = DIRECTION('',(-1.,-0.,-0.));
#11018 = DEFINITIONAL_REPRESENTATION('',(#11019),#11023);
#11019 = LINE('',#11020,#11021);
#11020 = CARTESIAN_POINT('',(-0.,-0.223445742855));
#11021 = VECTOR('',#11022,1.);
#11022 = DIRECTION('',(-1.,0.));
#11023 = ( GEOMETRIC_REPRESENTATION_CONTEXT(2) 
PARAMETRIC_REPRESENTATION_CONTEXT() REPRESENTATION_CONTEXT('2D SPACE',''
  ) );
#11024 = ORIENTED_EDGE('',*,*,#10849,.T.);
#11025 = ORIENTED_EDGE('',*,*,#11026,.T.);
#11026 = EDGE_CURVE('',#10852,#10972,#11027,.T.);
#11027 = SURFACE_CURVE('',#11028,(#11032,#11039),.PCURVE_S1.);
#11028 = LINE('',#11029,#11030);
#11029 = CARTESIAN_POINT('',(-0.395,2.145,1.702));
#11030 = VECTOR('',#11031,1.);
#11031 = DIRECTION('',(1.,0.,0.));
#11032 = PCURVE('',#10872,#11033);
#11033 = DEFINITIONAL_REPRESENTATION('',(#11034),#11038);
#11034 = LINE('',#11035,#11036);
#11035 = CARTESIAN_POINT('',(4.342,0.));
#11036 = VECTOR('',#11037,1.);
#11037 = DIRECTION('',(0.,1.));
#11038 = ( GEOMETRIC_REPRESENTATION_CONTEXT(2) 
PARAMETRIC_REPRESENTATION_CONTEXT() REPRESENTATION_CONTEXT('2D SPACE',''
  ) );
#11039 = PCURVE('',#10954,#11040);
#11040 = DEFINITIONAL_REPRESENTATION('',(#11041),#11045);
#11041 = LINE('',#11042,#11043);
#11042 = CARTESIAN_POINT('',(0.,0.));
#11043 = VECTOR('',#11044,1.);
#11044 = DIRECTION('',(1.,0.));
#11045 = ( GEOMETRIC_REPRESENTATION_CONTEXT(2) 
PARAMETRIC_REPRESENTATION_CONTEXT() REPRESENTATION_CONTEXT('2D SPACE',''
  ) );
#11046 = ADVANCED_FACE('',(#11047),#10900,.T.);
#11047 = FACE_BOUND('',#11048,.T.);
#11048 = EDGE_LOOP('',(#11049,#11072,#11073,#11101));
#11049 = ORIENTED_EDGE('',*,*,#11050,.F.);
#11050 = EDGE_CURVE('',#10850,#11051,#11053,.T.);
#11051 = VERTEX_POINT('',#11052);
#11052 = CARTESIAN_POINT('',(-7.9E-02,2.461,-2.64));
#11053 = SURFACE_CURVE('',#11054,(#11058,#11065),.PCURVE_S1.);
#11054 = LINE('',#11055,#11056);
#11055 = CARTESIAN_POINT('',(-0.289666666667,2.250333333333,
    -2.429333333333));
#11056 = VECTOR('',#11057,1.);
#11057 = DIRECTION('',(0.57735026919,0.57735026919,-0.57735026919));
#11058 = PCURVE('',#10900,#11059);
#11059 = DEFINITIONAL_REPRESENTATION('',(#11060),#11064);
#11060 = LINE('',#11061,#11062);
#11061 = CARTESIAN_POINT('',(0.105333333333,-7.448191428498E-02));
#11062 = VECTOR('',#11063,1.);
#11063 = DIRECTION('',(0.57735026919,0.816496580928));
#11064 = ( GEOMETRIC_REPRESENTATION_CONTEXT(2) 
PARAMETRIC_REPRESENTATION_CONTEXT() REPRESENTATION_CONTEXT('2D SPACE',''
  ) );
#11065 = PCURVE('',#11013,#11066);
#11066 = DEFINITIONAL_REPRESENTATION('',(#11067),#11071);
#11067 = LINE('',#11068,#11069);
#11068 = CARTESIAN_POINT('',(-0.105333333333,-7.448191428498E-02));
#11069 = VECTOR('',#11070,1.);
#11070 = DIRECTION('',(-0.57735026919,0.816496580928));
#11071 = ( GEOMETRIC_REPRESENTATION_CONTEXT(2) 
PARAMETRIC_REPRESENTATION_CONTEXT() REPRESENTATION_CONTEXT('2D SPACE',''
  ) );
#11072 = ORIENTED_EDGE('',*,*,#10884,.T.);
#11073 = ORIENTED_EDGE('',*,*,#11074,.T.);
#11074 = EDGE_CURVE('',#10885,#11075,#11077,.T.);
#11075 = VERTEX_POINT('',#11076);
#11076 = CARTESIAN_POINT('',(-7.9E-02,2.619,-2.64));
#11077 = SURFACE_CURVE('',#11078,(#11082,#11089),.PCURVE_S1.);
#11078 = LINE('',#11079,#11080);
#11079 = CARTESIAN_POINT('',(-0.158,2.698,-2.561));
#11080 = VECTOR('',#11081,1.);
#11081 = DIRECTION('',(0.57735026919,-0.57735026919,-0.57735026919));
#11082 = PCURVE('',#10900,#11083);
#11083 = DEFINITIONAL_REPRESENTATION('',(#11084),#11088);
#11084 = LINE('',#11085,#11086);
#11085 = CARTESIAN_POINT('',(0.553,0.111722871427));
#11086 = VECTOR('',#11087,1.);
#11087 = DIRECTION('',(-0.57735026919,0.816496580928));
#11088 = ( GEOMETRIC_REPRESENTATION_CONTEXT(2) 
PARAMETRIC_REPRESENTATION_CONTEXT() REPRESENTATION_CONTEXT('2D SPACE',''
  ) );
#11089 = PCURVE('',#11090,#11095);
#11090 = PLANE('',#11091);
#11091 = AXIS2_PLACEMENT_3D('',#11092,#11093,#11094);
#11092 = CARTESIAN_POINT('',(-0.395,2.777,-2.482));
#11093 = DIRECTION('',(0.,-0.707106781187,0.707106781187));
#11094 = DIRECTION('',(-1.,-0.,-0.));
#11095 = DEFINITIONAL_REPRESENTATION('',(#11096),#11100);
#11096 = LINE('',#11097,#11098);
#11097 = CARTESIAN_POINT('',(-0.237,0.111722871427));
#11098 = VECTOR('',#11099,1.);
#11099 = DIRECTION('',(-0.57735026919,0.816496580928));
#11100 = ( GEOMETRIC_REPRESENTATION_CONTEXT(2) 
PARAMETRIC_REPRESENTATION_CONTEXT() REPRESENTATION_CONTEXT('2D SPACE',''
  ) );
#11101 = ORIENTED_EDGE('',*,*,#11102,.F.);
#11102 = EDGE_CURVE('',#11051,#11075,#11103,.T.);
#11103 = SURFACE_CURVE('',#11104,(#11108,#11115),.PCURVE_S1.);
#11104 = LINE('',#11105,#11106);
#11105 = CARTESIAN_POINT('',(-7.9E-02,2.145,-2.64));
#11106 = VECTOR('',#11107,1.);
#11107 = DIRECTION('',(0.,1.,0.));
#11108 = PCURVE('',#10900,#11109);
#11109 = DEFINITIONAL_REPRESENTATION('',(#11110),#11114);
#11110 = LINE('',#11111,#11112);
#11111 = CARTESIAN_POINT('',(0.,0.223445742855));
#11112 = VECTOR('',#11113,1.);
#11113 = DIRECTION('',(1.,0.));
#11114 = ( GEOMETRIC_REPRESENTATION_CONTEXT(2) 
PARAMETRIC_REPRESENTATION_CONTEXT() REPRESENTATION_CONTEXT('2D SPACE',''
  ) );
#11115 = PCURVE('',#11116,#11121);
#11116 = PLANE('',#11117);
#11117 = AXIS2_PLACEMENT_3D('',#11118,#11119,#11120);
#11118 = CARTESIAN_POINT('',(-0.395,2.145,-2.64));
#11119 = DIRECTION('',(0.,0.,1.));
#11120 = DIRECTION('',(1.,0.,0.));
#11121 = DEFINITIONAL_REPRESENTATION('',(#11122),#11126);
#11122 = LINE('',#11123,#11124);
#11123 = CARTESIAN_POINT('',(0.316,0.));
#11124 = VECTOR('',#11125,1.);
#11125 = DIRECTION('',(0.,1.));
#11126 = ( GEOMETRIC_REPRESENTATION_CONTEXT(2) 
PARAMETRIC_REPRESENTATION_CONTEXT() REPRESENTATION_CONTEXT('2D SPACE',''
  ) );
#11127 = ADVANCED_FACE('',(#11128),#10954,.T.);
#11128 = FACE_BOUND('',#11129,.T.);
#11129 = EDGE_LOOP('',(#11130,#11131,#11132,#11155));
#11130 = ORIENTED_EDGE('',*,*,#10940,.F.);
#11131 = ORIENTED_EDGE('',*,*,#11026,.T.);
#11132 = ORIENTED_EDGE('',*,*,#11133,.T.);
#11133 = EDGE_CURVE('',#10972,#11134,#11136,.T.);
#11134 = VERTEX_POINT('',#11135);
#11135 = CARTESIAN_POINT('',(0.395,2.935,1.702));
#11136 = SURFACE_CURVE('',#11137,(#11141,#11148),.PCURVE_S1.);
#11137 = LINE('',#11138,#11139);
#11138 = CARTESIAN_POINT('',(0.395,2.145,1.702));
#11139 = VECTOR('',#11140,1.);
#11140 = DIRECTION('',(0.,1.,0.));
#11141 = PCURVE('',#10954,#11142);
#11142 = DEFINITIONAL_REPRESENTATION('',(#11143),#11147);
#11143 = LINE('',#11144,#11145);
#11144 = CARTESIAN_POINT('',(0.79,0.));
#11145 = VECTOR('',#11146,1.);
#11146 = DIRECTION('',(0.,1.));
#11147 = ( GEOMETRIC_REPRESENTATION_CONTEXT(2) 
PARAMETRIC_REPRESENTATION_CONTEXT() REPRESENTATION_CONTEXT('2D SPACE',''
  ) );
#11148 = PCURVE('',#10987,#11149);
#11149 = DEFINITIONAL_REPRESENTATION('',(#11150),#11154);
#11150 = LINE('',#11151,#11152);
#11151 = CARTESIAN_POINT('',(4.342,0.));
#11152 = VECTOR('',#11153,1.);
#11153 = DIRECTION('',(0.,-1.));
#11154 = ( GEOMETRIC_REPRESENTATION_CONTEXT(2) 
PARAMETRIC_REPRESENTATION_CONTEXT() REPRESENTATION_CONTEXT('2D SPACE',''
  ) );
#11155 = ORIENTED_EDGE('',*,*,#11156,.F.);
#11156 = EDGE_CURVE('',#10913,#11134,#11157,.T.);
#11157 = SURFACE_CURVE('',#11158,(#11162,#11169),.PCURVE_S1.);
#11158 = LINE('',#11159,#11160);
#11159 = CARTESIAN_POINT('',(-0.395,2.935,1.702));
#11160 = VECTOR('',#11161,1.);
#11161 = DIRECTION('',(1.,0.,0.));
#11162 = PCURVE('',#10954,#11163);
#11163 = DEFINITIONAL_REPRESENTATION('',(#11164),#11168);
#11164 = LINE('',#11165,#11166);
#11165 = CARTESIAN_POINT('',(0.,0.79));
#11166 = VECTOR('',#11167,1.);
#11167 = DIRECTION('',(1.,0.));
#11168 = ( GEOMETRIC_REPRESENTATION_CONTEXT(2) 
PARAMETRIC_REPRESENTATION_CONTEXT() REPRESENTATION_CONTEXT('2D SPACE',''
  ) );
#11169 = PCURVE('',#10928,#11170);
#11170 = DEFINITIONAL_REPRESENTATION('',(#11171),#11175);
#11171 = LINE('',#11172,#11173);
#11172 = CARTESIAN_POINT('',(4.342,0.));
#11173 = VECTOR('',#11174,1.);
#11174 = DIRECTION('',(0.,1.));
#11175 = ( GEOMETRIC_REPRESENTATION_CONTEXT(2) 
PARAMETRIC_REPRESENTATION_CONTEXT() REPRESENTATION_CONTEXT('2D SPACE',''
  ) );
#11176 = ADVANCED_FACE('',(#11177),#10928,.T.);
#11177 = FACE_BOUND('',#11178,.T.);
#11178 = EDGE_LOOP('',(#11179,#11202,#11223,#11224));
#11179 = ORIENTED_EDGE('',*,*,#11180,.F.);
#11180 = EDGE_CURVE('',#11181,#11134,#11183,.T.);
#11181 = VERTEX_POINT('',#11182);
#11182 = CARTESIAN_POINT('',(0.395,2.935,-2.324));
#11183 = SURFACE_CURVE('',#11184,(#11188,#11195),.PCURVE_S1.);
#11184 = LINE('',#11185,#11186);
#11185 = CARTESIAN_POINT('',(0.395,2.935,-2.64));
#11186 = VECTOR('',#11187,1.);
#11187 = DIRECTION('',(0.,0.,1.));
#11188 = PCURVE('',#10928,#11189);
#11189 = DEFINITIONAL_REPRESENTATION('',(#11190),#11194);
#11190 = LINE('',#11191,#11192);
#11191 = CARTESIAN_POINT('',(0.,0.79));
#11192 = VECTOR('',#11193,1.);
#11193 = DIRECTION('',(1.,0.));
#11194 = ( GEOMETRIC_REPRESENTATION_CONTEXT(2) 
PARAMETRIC_REPRESENTATION_CONTEXT() REPRESENTATION_CONTEXT('2D SPACE',''
  ) );
#11195 = PCURVE('',#10987,#11196);
#11196 = DEFINITIONAL_REPRESENTATION('',(#11197),#11201);
#11197 = LINE('',#11198,#11199);
#11198 = CARTESIAN_POINT('',(0.,-0.79));
#11199 = VECTOR('',#11200,1.);
#11200 = DIRECTION('',(1.,0.));
#11201 = ( GEOMETRIC_REPRESENTATION_CONTEXT(2) 
PARAMETRIC_REPRESENTATION_CONTEXT() REPRESENTATION_CONTEXT('2D SPACE',''
  ) );
#11202 = ORIENTED_EDGE('',*,*,#11203,.F.);
#11203 = EDGE_CURVE('',#10885,#11181,#11204,.T.);
#11204 = SURFACE_CURVE('',#11205,(#11209,#11216),.PCURVE_S1.);
#11205 = LINE('',#11206,#11207);
#11206 = CARTESIAN_POINT('',(-0.395,2.935,-2.324));
#11207 = VECTOR('',#11208,1.);
#11208 = DIRECTION('',(1.,0.,0.));
#11209 = PCURVE('',#10928,#11210);
#11210 = DEFINITIONAL_REPRESENTATION('',(#11211),#11215);
#11211 = LINE('',#11212,#11213);
#11212 = CARTESIAN_POINT('',(0.316,0.));
#11213 = VECTOR('',#11214,1.);
#11214 = DIRECTION('',(0.,1.));
#11215 = ( GEOMETRIC_REPRESENTATION_CONTEXT(2) 
PARAMETRIC_REPRESENTATION_CONTEXT() REPRESENTATION_CONTEXT('2D SPACE',''
  ) );
#11216 = PCURVE('',#11090,#11217);
#11217 = DEFINITIONAL_REPRESENTATION('',(#11218),#11222);
#11218 = LINE('',#11219,#11220);
#11219 = CARTESIAN_POINT('',(-0.,-0.223445742855));
#11220 = VECTOR('',#11221,1.);
#11221 = DIRECTION('',(-1.,0.));
#11222 = ( GEOMETRIC_REPRESENTATION_CONTEXT(2) 
PARAMETRIC_REPRESENTATION_CONTEXT() REPRESENTATION_CONTEXT('2D SPACE',''
  ) );
#11223 = ORIENTED_EDGE('',*,*,#10912,.T.);
#11224 = ORIENTED_EDGE('',*,*,#11156,.T.);
#11225 = ADVANCED_FACE('',(#11226),#10987,.T.);
#11226 = FACE_BOUND('',#11227,.T.);
#11227 = EDGE_LOOP('',(#11228,#11229,#11255,#11256));
#11228 = ORIENTED_EDGE('',*,*,#10969,.F.);
#11229 = ORIENTED_EDGE('',*,*,#11230,.T.);
#11230 = EDGE_CURVE('',#10970,#11181,#11231,.T.);
#11231 = SURFACE_CURVE('',#11232,(#11236,#11243),.PCURVE_S1.);
#11232 = LINE('',#11233,#11234);
#11233 = CARTESIAN_POINT('',(0.395,2.145,-2.324));
#11234 = VECTOR('',#11235,1.);
#11235 = DIRECTION('',(0.,1.,0.));
#11236 = PCURVE('',#10987,#11237);
#11237 = DEFINITIONAL_REPRESENTATION('',(#11238),#11242);
#11238 = LINE('',#11239,#11240);
#11239 = CARTESIAN_POINT('',(0.316,0.));
#11240 = VECTOR('',#11241,1.);
#11241 = DIRECTION('',(0.,-1.));
#11242 = ( GEOMETRIC_REPRESENTATION_CONTEXT(2) 
PARAMETRIC_REPRESENTATION_CONTEXT() REPRESENTATION_CONTEXT('2D SPACE',''
  ) );
#11243 = PCURVE('',#11244,#11249);
#11244 = PLANE('',#11245);
#11245 = AXIS2_PLACEMENT_3D('',#11246,#11247,#11248);
#11246 = CARTESIAN_POINT('',(0.237,2.145,-2.482));
#11247 = DIRECTION('',(-0.707106781187,0.,0.707106781187));
#11248 = DIRECTION('',(0.,1.,0.));
#11249 = DEFINITIONAL_REPRESENTATION('',(#11250),#11254);
#11250 = LINE('',#11251,#11252);
#11251 = CARTESIAN_POINT('',(0.,-0.223445742855));
#11252 = VECTOR('',#11253,1.);
#11253 = DIRECTION('',(1.,0.));
#11254 = ( GEOMETRIC_REPRESENTATION_CONTEXT(2) 
PARAMETRIC_REPRESENTATION_CONTEXT() REPRESENTATION_CONTEXT('2D SPACE',''
  ) );
#11255 = ORIENTED_EDGE('',*,*,#11180,.T.);
#11256 = ORIENTED_EDGE('',*,*,#11133,.F.);
#11257 = ADVANCED_FACE('',(#11258),#11013,.T.);
#11258 = FACE_BOUND('',#11259,.F.);
#11259 = EDGE_LOOP('',(#11260,#11261,#11262,#11285));
#11260 = ORIENTED_EDGE('',*,*,#11050,.F.);
#11261 = ORIENTED_EDGE('',*,*,#10999,.T.);
#11262 = ORIENTED_EDGE('',*,*,#11263,.T.);
#11263 = EDGE_CURVE('',#10970,#11264,#11266,.T.);
#11264 = VERTEX_POINT('',#11265);
#11265 = CARTESIAN_POINT('',(7.9E-02,2.461,-2.64));
#11266 = SURFACE_CURVE('',#11267,(#11271,#11278),.PCURVE_S1.);
#11267 = LINE('',#11268,#11269);
#11268 = CARTESIAN_POINT('',(0.158,2.382,-2.561));
#11269 = VECTOR('',#11270,1.);
#11270 = DIRECTION('',(-0.57735026919,0.57735026919,-0.57735026919));
#11271 = PCURVE('',#11013,#11272);
#11272 = DEFINITIONAL_REPRESENTATION('',(#11273),#11277);
#11273 = LINE('',#11274,#11275);
#11274 = CARTESIAN_POINT('',(-0.553,0.111722871427));
#11275 = VECTOR('',#11276,1.);
#11276 = DIRECTION('',(0.57735026919,0.816496580928));
#11277 = ( GEOMETRIC_REPRESENTATION_CONTEXT(2) 
PARAMETRIC_REPRESENTATION_CONTEXT() REPRESENTATION_CONTEXT('2D SPACE',''
  ) );
#11278 = PCURVE('',#11244,#11279);
#11279 = DEFINITIONAL_REPRESENTATION('',(#11280),#11284);
#11280 = LINE('',#11281,#11282);
#11281 = CARTESIAN_POINT('',(0.237,0.111722871427));
#11282 = VECTOR('',#11283,1.);
#11283 = DIRECTION('',(0.57735026919,0.816496580928));
#11284 = ( GEOMETRIC_REPRESENTATION_CONTEXT(2) 
PARAMETRIC_REPRESENTATION_CONTEXT() REPRESENTATION_CONTEXT('2D SPACE',''
  ) );
#11285 = ORIENTED_EDGE('',*,*,#11286,.F.);
#11286 = EDGE_CURVE('',#11051,#11264,#11287,.T.);
#11287 = SURFACE_CURVE('',#11288,(#11292,#11299),.PCURVE_S1.);
#11288 = LINE('',#11289,#11290);
#11289 = CARTESIAN_POINT('',(-0.395,2.461,-2.64));
#11290 = VECTOR('',#11291,1.);
#11291 = DIRECTION('',(1.,0.,0.));
#11292 = PCURVE('',#11013,#11293);
#11293 = DEFINITIONAL_REPRESENTATION('',(#11294),#11298);
#11294 = LINE('',#11295,#11296);
#11295 = CARTESIAN_POINT('',(-0.,0.223445742855));
#11296 = VECTOR('',#11297,1.);
#11297 = DIRECTION('',(-1.,0.));
#11298 = ( GEOMETRIC_REPRESENTATION_CONTEXT(2) 
PARAMETRIC_REPRESENTATION_CONTEXT() REPRESENTATION_CONTEXT('2D SPACE',''
  ) );
#11299 = PCURVE('',#11116,#11300);
#11300 = DEFINITIONAL_REPRESENTATION('',(#11301),#11305);
#11301 = LINE('',#11302,#11303);
#11302 = CARTESIAN_POINT('',(0.,0.316));
#11303 = VECTOR('',#11304,1.);
#11304 = DIRECTION('',(1.,0.));
#11305 = ( GEOMETRIC_REPRESENTATION_CONTEXT(2) 
PARAMETRIC_REPRESENTATION_CONTEXT() REPRESENTATION_CONTEXT('2D SPACE',''
  ) );
#11306 = ADVANCED_FACE('',(#11307),#11116,.F.);
#11307 = FACE_BOUND('',#11308,.F.);
#11308 = EDGE_LOOP('',(#11309,#11310,#11333,#11354));
#11309 = ORIENTED_EDGE('',*,*,#11286,.T.);
#11310 = ORIENTED_EDGE('',*,*,#11311,.T.);
#11311 = EDGE_CURVE('',#11264,#11312,#11314,.T.);
#11312 = VERTEX_POINT('',#11313);
#11313 = CARTESIAN_POINT('',(7.9E-02,2.619,-2.64));
#11314 = SURFACE_CURVE('',#11315,(#11319,#11326),.PCURVE_S1.);
#11315 = LINE('',#11316,#11317);
#11316 = CARTESIAN_POINT('',(7.9E-02,2.145,-2.64));
#11317 = VECTOR('',#11318,1.);
#11318 = DIRECTION('',(0.,1.,0.));
#11319 = PCURVE('',#11116,#11320);
#11320 = DEFINITIONAL_REPRESENTATION('',(#11321),#11325);
#11321 = LINE('',#11322,#11323);
#11322 = CARTESIAN_POINT('',(0.474,0.));
#11323 = VECTOR('',#11324,1.);
#11324 = DIRECTION('',(0.,1.));
#11325 = ( GEOMETRIC_REPRESENTATION_CONTEXT(2) 
PARAMETRIC_REPRESENTATION_CONTEXT() REPRESENTATION_CONTEXT('2D SPACE',''
  ) );
#11326 = PCURVE('',#11244,#11327);
#11327 = DEFINITIONAL_REPRESENTATION('',(#11328),#11332);
#11328 = LINE('',#11329,#11330);
#11329 = CARTESIAN_POINT('',(0.,0.223445742855));
#11330 = VECTOR('',#11331,1.);
#11331 = DIRECTION('',(1.,0.));
#11332 = ( GEOMETRIC_REPRESENTATION_CONTEXT(2) 
PARAMETRIC_REPRESENTATION_CONTEXT() REPRESENTATION_CONTEXT('2D SPACE',''
  ) );
#11333 = ORIENTED_EDGE('',*,*,#11334,.F.);
#11334 = EDGE_CURVE('',#11075,#11312,#11335,.T.);
#11335 = SURFACE_CURVE('',#11336,(#11340,#11347),.PCURVE_S1.);
#11336 = LINE('',#11337,#11338);
#11337 = CARTESIAN_POINT('',(-0.395,2.619,-2.64));
#11338 = VECTOR('',#11339,1.);
#11339 = DIRECTION('',(1.,0.,0.));
#11340 = PCURVE('',#11116,#11341);
#11341 = DEFINITIONAL_REPRESENTATION('',(#11342),#11346);
#11342 = LINE('',#11343,#11344);
#11343 = CARTESIAN_POINT('',(0.,0.474));
#11344 = VECTOR('',#11345,1.);
#11345 = DIRECTION('',(1.,0.));
#11346 = ( GEOMETRIC_REPRESENTATION_CONTEXT(2) 
PARAMETRIC_REPRESENTATION_CONTEXT() REPRESENTATION_CONTEXT('2D SPACE',''
  ) );
#11347 = PCURVE('',#11090,#11348);
#11348 = DEFINITIONAL_REPRESENTATION('',(#11349),#11353);
#11349 = LINE('',#11350,#11351);
#11350 = CARTESIAN_POINT('',(-0.,0.223445742855));
#11351 = VECTOR('',#11352,1.);
#11352 = DIRECTION('',(-1.,0.));
#11353 = ( GEOMETRIC_REPRESENTATION_CONTEXT(2) 
PARAMETRIC_REPRESENTATION_CONTEXT() REPRESENTATION_CONTEXT('2D SPACE',''
  ) );
#11354 = ORIENTED_EDGE('',*,*,#11102,.F.);
#11355 = ADVANCED_FACE('',(#11356),#11090,.F.);
#11356 = FACE_BOUND('',#11357,.T.);
#11357 = EDGE_LOOP('',(#11358,#11359,#11360,#11381));
#11358 = ORIENTED_EDGE('',*,*,#11074,.F.);
#11359 = ORIENTED_EDGE('',*,*,#11203,.T.);
#11360 = ORIENTED_EDGE('',*,*,#11361,.T.);
#11361 = EDGE_CURVE('',#11181,#11312,#11362,.T.);
#11362 = SURFACE_CURVE('',#11363,(#11367,#11374),.PCURVE_S1.);
#11363 = LINE('',#11364,#11365);
#11364 = CARTESIAN_POINT('',(2.633333333333E-02,2.566333333333,
    -2.692666666667));
#11365 = VECTOR('',#11366,1.);
#11366 = DIRECTION('',(-0.57735026919,-0.57735026919,-0.57735026919));
#11367 = PCURVE('',#11090,#11368);
#11368 = DEFINITIONAL_REPRESENTATION('',(#11369),#11373);
#11369 = LINE('',#11370,#11371);
#11370 = CARTESIAN_POINT('',(-0.421333333333,0.29792765714));
#11371 = VECTOR('',#11372,1.);
#11372 = DIRECTION('',(0.57735026919,0.816496580928));
#11373 = ( GEOMETRIC_REPRESENTATION_CONTEXT(2) 
PARAMETRIC_REPRESENTATION_CONTEXT() REPRESENTATION_CONTEXT('2D SPACE',''
  ) );
#11374 = PCURVE('',#11244,#11375);
#11375 = DEFINITIONAL_REPRESENTATION('',(#11376),#11380);
#11376 = LINE('',#11377,#11378);
#11377 = CARTESIAN_POINT('',(0.421333333333,0.29792765714));
#11378 = VECTOR('',#11379,1.);
#11379 = DIRECTION('',(-0.57735026919,0.816496580928));
#11380 = ( GEOMETRIC_REPRESENTATION_CONTEXT(2) 
PARAMETRIC_REPRESENTATION_CONTEXT() REPRESENTATION_CONTEXT('2D SPACE',''
  ) );
#11381 = ORIENTED_EDGE('',*,*,#11334,.F.);
#11382 = ADVANCED_FACE('',(#11383),#11244,.F.);
#11383 = FACE_BOUND('',#11384,.F.);
#11384 = EDGE_LOOP('',(#11385,#11386,#11387,#11388));
#11385 = ORIENTED_EDGE('',*,*,#11263,.F.);
#11386 = ORIENTED_EDGE('',*,*,#11230,.T.);
#11387 = ORIENTED_EDGE('',*,*,#11361,.T.);
#11388 = ORIENTED_EDGE('',*,*,#11311,.F.);
#11389 = MANIFOLD_SOLID_BREP('',#11390);
#11390 = CLOSED_SHELL('',(#11391,#11511,#11592,#11673,#11722,#11771,
    #11803,#11852,#11901,#11928));
#11391 = ADVANCED_FACE('',(#11392),#11406,.F.);
#11392 = FACE_BOUND('',#11393,.F.);
#11393 = EDGE_LOOP('',(#11394,#11429,#11457,#11485));
#11394 = ORIENTED_EDGE('',*,*,#11395,.F.);
#11395 = EDGE_CURVE('',#11396,#11398,#11400,.T.);
#11396 = VERTEX_POINT('',#11397);
#11397 = CARTESIAN_POINT('',(-2.935,-0.395,-2.324));
#11398 = VERTEX_POINT('',#11399);
#11399 = CARTESIAN_POINT('',(-2.935,-0.395,1.702));
#11400 = SURFACE_CURVE('',#11401,(#11405,#11417),.PCURVE_S1.);
#11401 = LINE('',#11402,#11403);
#11402 = CARTESIAN_POINT('',(-2.935,-0.395,-2.64));
#11403 = VECTOR('',#11404,1.);
#11404 = DIRECTION('',(0.,0.,1.));
#11405 = PCURVE('',#11406,#11411);
#11406 = PLANE('',#11407);
#11407 = AXIS2_PLACEMENT_3D('',#11408,#11409,#11410);
#11408 = CARTESIAN_POINT('',(-2.935,-0.395,-2.64));
#11409 = DIRECTION('',(1.,0.,0.));
#11410 = DIRECTION('',(0.,0.,1.));
#11411 = DEFINITIONAL_REPRESENTATION('',(#11412),#11416);
#11412 = LINE('',#11413,#11414);
#11413 = CARTESIAN_POINT('',(0.,0.));
#11414 = VECTOR('',#11415,1.);
#11415 = DIRECTION('',(1.,0.));
#11416 = ( GEOMETRIC_REPRESENTATION_CONTEXT(2) 
PARAMETRIC_REPRESENTATION_CONTEXT() REPRESENTATION_CONTEXT('2D SPACE',''
  ) );
#11417 = PCURVE('',#11418,#11423);
#11418 = PLANE('',#11419);
#11419 = AXIS2_PLACEMENT_3D('',#11420,#11421,#11422);
#11420 = CARTESIAN_POINT('',(-2.935,-0.395,-2.64));
#11421 = DIRECTION('',(0.,1.,0.));
#11422 = DIRECTION('',(0.,0.,1.));
#11423 = DEFINITIONAL_REPRESENTATION('',(#11424),#11428);
#11424 = LINE('',#11425,#11426);
#11425 = CARTESIAN_POINT('',(0.,0.));
#11426 = VECTOR('',#11427,1.);
#11427 = DIRECTION('',(1.,0.));
#11428 = ( GEOMETRIC_REPRESENTATION_CONTEXT(2) 
PARAMETRIC_REPRESENTATION_CONTEXT() REPRESENTATION_CONTEXT('2D SPACE',''
  ) );
#11429 = ORIENTED_EDGE('',*,*,#11430,.T.);
#11430 = EDGE_CURVE('',#11396,#11431,#11433,.T.);
#11431 = VERTEX_POINT('',#11432);
#11432 = CARTESIAN_POINT('',(-2.935,0.395,-2.324));
#11433 = SURFACE_CURVE('',#11434,(#11438,#11445),.PCURVE_S1.);
#11434 = LINE('',#11435,#11436);
#11435 = CARTESIAN_POINT('',(-2.935,-0.395,-2.324));
#11436 = VECTOR('',#11437,1.);
#11437 = DIRECTION('',(0.,1.,0.));
#11438 = PCURVE('',#11406,#11439);
#11439 = DEFINITIONAL_REPRESENTATION('',(#11440),#11444);
#11440 = LINE('',#11441,#11442);
#11441 = CARTESIAN_POINT('',(0.316,0.));
#11442 = VECTOR('',#11443,1.);
#11443 = DIRECTION('',(0.,-1.));
#11444 = ( GEOMETRIC_REPRESENTATION_CONTEXT(2) 
PARAMETRIC_REPRESENTATION_CONTEXT() REPRESENTATION_CONTEXT('2D SPACE',''
  ) );
#11445 = PCURVE('',#11446,#11451);
#11446 = PLANE('',#11447);
#11447 = AXIS2_PLACEMENT_3D('',#11448,#11449,#11450);
#11448 = CARTESIAN_POINT('',(-2.777,-0.395,-2.482));
#11449 = DIRECTION('',(-0.707106781187,0.,-0.707106781187));
#11450 = DIRECTION('',(0.,1.,0.));
#11451 = DEFINITIONAL_REPRESENTATION('',(#11452),#11456);
#11452 = LINE('',#11453,#11454);
#11453 = CARTESIAN_POINT('',(0.,-0.223445742855));
#11454 = VECTOR('',#11455,1.);
#11455 = DIRECTION('',(1.,0.));
#11456 = ( GEOMETRIC_REPRESENTATION_CONTEXT(2) 
PARAMETRIC_REPRESENTATION_CONTEXT() REPRESENTATION_CONTEXT('2D SPACE',''
  ) );
#11457 = ORIENTED_EDGE('',*,*,#11458,.T.);
#11458 = EDGE_CURVE('',#11431,#11459,#11461,.T.);
#11459 = VERTEX_POINT('',#11460);
#11460 = CARTESIAN_POINT('',(-2.935,0.395,1.702));
#11461 = SURFACE_CURVE('',#11462,(#11466,#11473),.PCURVE_S1.);
#11462 = LINE('',#11463,#11464);
#11463 = CARTESIAN_POINT('',(-2.935,0.395,-2.64));
#11464 = VECTOR('',#11465,1.);
#11465 = DIRECTION('',(0.,0.,1.));
#11466 = PCURVE('',#11406,#11467);
#11467 = DEFINITIONAL_REPRESENTATION('',(#11468),#11472);
#11468 = LINE('',#11469,#11470);
#11469 = CARTESIAN_POINT('',(0.,-0.79));
#11470 = VECTOR('',#11471,1.);
#11471 = DIRECTION('',(1.,0.));
#11472 = ( GEOMETRIC_REPRESENTATION_CONTEXT(2) 
PARAMETRIC_REPRESENTATION_CONTEXT() REPRESENTATION_CONTEXT('2D SPACE',''
  ) );
#11473 = PCURVE('',#11474,#11479);
#11474 = PLANE('',#11475);
#11475 = AXIS2_PLACEMENT_3D('',#11476,#11477,#11478);
#11476 = CARTESIAN_POINT('',(-2.935,0.395,-2.64));
#11477 = DIRECTION('',(0.,1.,0.));
#11478 = DIRECTION('',(0.,0.,1.));
#11479 = DEFINITIONAL_REPRESENTATION('',(#11480),#11484);
#11480 = LINE('',#11481,#11482);
#11481 = CARTESIAN_POINT('',(0.,0.));
#11482 = VECTOR('',#11483,1.);
#11483 = DIRECTION('',(1.,0.));
#11484 = ( GEOMETRIC_REPRESENTATION_CONTEXT(2) 
PARAMETRIC_REPRESENTATION_CONTEXT() REPRESENTATION_CONTEXT('2D SPACE',''
  ) );
#11485 = ORIENTED_EDGE('',*,*,#11486,.F.);
#11486 = EDGE_CURVE('',#11398,#11459,#11487,.T.);
#11487 = SURFACE_CURVE('',#11488,(#11492,#11499),.PCURVE_S1.);
#11488 = LINE('',#11489,#11490);
#11489 = CARTESIAN_POINT('',(-2.935,-0.395,1.702));
#11490 = VECTOR('',#11491,1.);
#11491 = DIRECTION('',(0.,1.,0.));
#11492 = PCURVE('',#11406,#11493);
#11493 = DEFINITIONAL_REPRESENTATION('',(#11494),#11498);
#11494 = LINE('',#11495,#11496);
#11495 = CARTESIAN_POINT('',(4.342,0.));
#11496 = VECTOR('',#11497,1.);
#11497 = DIRECTION('',(0.,-1.));
#11498 = ( GEOMETRIC_REPRESENTATION_CONTEXT(2) 
PARAMETRIC_REPRESENTATION_CONTEXT() REPRESENTATION_CONTEXT('2D SPACE',''
  ) );
#11499 = PCURVE('',#11500,#11505);
#11500 = PLANE('',#11501);
#11501 = AXIS2_PLACEMENT_3D('',#11502,#11503,#11504);
#11502 = CARTESIAN_POINT('',(-2.935,-0.395,1.702));
#11503 = DIRECTION('',(0.,0.,1.));
#11504 = DIRECTION('',(1.,0.,0.));
#11505 = DEFINITIONAL_REPRESENTATION('',(#11506),#11510);
#11506 = LINE('',#11507,#11508);
#11507 = CARTESIAN_POINT('',(0.,0.));
#11508 = VECTOR('',#11509,1.);
#11509 = DIRECTION('',(0.,1.));
#11510 = ( GEOMETRIC_REPRESENTATION_CONTEXT(2) 
PARAMETRIC_REPRESENTATION_CONTEXT() REPRESENTATION_CONTEXT('2D SPACE',''
  ) );
#11511 = ADVANCED_FACE('',(#11512),#11418,.F.);
#11512 = FACE_BOUND('',#11513,.F.);
#11513 = EDGE_LOOP('',(#11514,#11544,#11570,#11571));
#11514 = ORIENTED_EDGE('',*,*,#11515,.F.);
#11515 = EDGE_CURVE('',#11516,#11518,#11520,.T.);
#11516 = VERTEX_POINT('',#11517);
#11517 = CARTESIAN_POINT('',(-2.145,-0.395,-2.324));
#11518 = VERTEX_POINT('',#11519);
#11519 = CARTESIAN_POINT('',(-2.145,-0.395,1.702));
#11520 = SURFACE_CURVE('',#11521,(#11525,#11532),.PCURVE_S1.);
#11521 = LINE('',#11522,#11523);
#11522 = CARTESIAN_POINT('',(-2.145,-0.395,-2.64));
#11523 = VECTOR('',#11524,1.);
#11524 = DIRECTION('',(0.,0.,1.));
#11525 = PCURVE('',#11418,#11526);
#11526 = DEFINITIONAL_REPRESENTATION('',(#11527),#11531);
#11527 = LINE('',#11528,#11529);
#11528 = CARTESIAN_POINT('',(0.,0.79));
#11529 = VECTOR('',#11530,1.);
#11530 = DIRECTION('',(1.,0.));
#11531 = ( GEOMETRIC_REPRESENTATION_CONTEXT(2) 
PARAMETRIC_REPRESENTATION_CONTEXT() REPRESENTATION_CONTEXT('2D SPACE',''
  ) );
#11532 = PCURVE('',#11533,#11538);
#11533 = PLANE('',#11534);
#11534 = AXIS2_PLACEMENT_3D('',#11535,#11536,#11537);
#11535 = CARTESIAN_POINT('',(-2.145,-0.395,-2.64));
#11536 = DIRECTION('',(1.,0.,0.));
#11537 = DIRECTION('',(0.,0.,1.));
#11538 = DEFINITIONAL_REPRESENTATION('',(#11539),#11543);
#11539 = LINE('',#11540,#11541);
#11540 = CARTESIAN_POINT('',(0.,0.));
#11541 = VECTOR('',#11542,1.);
#11542 = DIRECTION('',(1.,0.));
#11543 = ( GEOMETRIC_REPRESENTATION_CONTEXT(2) 
PARAMETRIC_REPRESENTATION_CONTEXT() REPRESENTATION_CONTEXT('2D SPACE',''
  ) );
#11544 = ORIENTED_EDGE('',*,*,#11545,.F.);
#11545 = EDGE_CURVE('',#11396,#11516,#11546,.T.);
#11546 = SURFACE_CURVE('',#11547,(#11551,#11558),.PCURVE_S1.);
#11547 = LINE('',#11548,#11549);
#11548 = CARTESIAN_POINT('',(-2.935,-0.395,-2.324));
#11549 = VECTOR('',#11550,1.);
#11550 = DIRECTION('',(1.,0.,0.));
#11551 = PCURVE('',#11418,#11552);
#11552 = DEFINITIONAL_REPRESENTATION('',(#11553),#11557);
#11553 = LINE('',#11554,#11555);
#11554 = CARTESIAN_POINT('',(0.316,0.));
#11555 = VECTOR('',#11556,1.);
#11556 = DIRECTION('',(0.,1.));
#11557 = ( GEOMETRIC_REPRESENTATION_CONTEXT(2) 
PARAMETRIC_REPRESENTATION_CONTEXT() REPRESENTATION_CONTEXT('2D SPACE',''
  ) );
#11558 = PCURVE('',#11559,#11564);
#11559 = PLANE('',#11560);
#11560 = AXIS2_PLACEMENT_3D('',#11561,#11562,#11563);
#11561 = CARTESIAN_POINT('',(-2.935,-0.237,-2.482));
#11562 = DIRECTION('',(0.,-0.707106781187,-0.707106781187));
#11563 = DIRECTION('',(-1.,-0.,-0.));
#11564 = DEFINITIONAL_REPRESENTATION('',(#11565),#11569);
#11565 = LINE('',#11566,#11567);
#11566 = CARTESIAN_POINT('',(-0.,-0.223445742855));
#11567 = VECTOR('',#11568,1.);
#11568 = DIRECTION('',(-1.,0.));
#11569 = ( GEOMETRIC_REPRESENTATION_CONTEXT(2) 
PARAMETRIC_REPRESENTATION_CONTEXT() REPRESENTATION_CONTEXT('2D SPACE',''
  ) );
#11570 = ORIENTED_EDGE('',*,*,#11395,.T.);
#11571 = ORIENTED_EDGE('',*,*,#11572,.T.);
#11572 = EDGE_CURVE('',#11398,#11518,#11573,.T.);
#11573 = SURFACE_CURVE('',#11574,(#11578,#11585),.PCURVE_S1.);
#11574 = LINE('',#11575,#11576);
#11575 = CARTESIAN_POINT('',(-2.935,-0.395,1.702));
#11576 = VECTOR('',#11577,1.);
#11577 = DIRECTION('',(1.,0.,0.));
#11578 = PCURVE('',#11418,#11579);
#11579 = DEFINITIONAL_REPRESENTATION('',(#11580),#11584);
#11580 = LINE('',#11581,#11582);
#11581 = CARTESIAN_POINT('',(4.342,0.));
#11582 = VECTOR('',#11583,1.);
#11583 = DIRECTION('',(0.,1.));
#11584 = ( GEOMETRIC_REPRESENTATION_CONTEXT(2) 
PARAMETRIC_REPRESENTATION_CONTEXT() REPRESENTATION_CONTEXT('2D SPACE',''
  ) );
#11585 = PCURVE('',#11500,#11586);
#11586 = DEFINITIONAL_REPRESENTATION('',(#11587),#11591);
#11587 = LINE('',#11588,#11589);
#11588 = CARTESIAN_POINT('',(0.,0.));
#11589 = VECTOR('',#11590,1.);
#11590 = DIRECTION('',(1.,0.));
#11591 = ( GEOMETRIC_REPRESENTATION_CONTEXT(2) 
PARAMETRIC_REPRESENTATION_CONTEXT() REPRESENTATION_CONTEXT('2D SPACE',''
  ) );
#11592 = ADVANCED_FACE('',(#11593),#11446,.T.);
#11593 = FACE_BOUND('',#11594,.T.);
#11594 = EDGE_LOOP('',(#11595,#11618,#11619,#11647));
#11595 = ORIENTED_EDGE('',*,*,#11596,.F.);
#11596 = EDGE_CURVE('',#11396,#11597,#11599,.T.);
#11597 = VERTEX_POINT('',#11598);
#11598 = CARTESIAN_POINT('',(-2.619,-7.9E-02,-2.64));
#11599 = SURFACE_CURVE('',#11600,(#11604,#11611),.PCURVE_S1.);
#11600 = LINE('',#11601,#11602);
#11601 = CARTESIAN_POINT('',(-2.829666666667,-0.289666666667,
    -2.429333333333));
#11602 = VECTOR('',#11603,1.);
#11603 = DIRECTION('',(0.57735026919,0.57735026919,-0.57735026919));
#11604 = PCURVE('',#11446,#11605);
#11605 = DEFINITIONAL_REPRESENTATION('',(#11606),#11610);
#11606 = LINE('',#11607,#11608);
#11607 = CARTESIAN_POINT('',(0.105333333333,-7.448191428498E-02));
#11608 = VECTOR('',#11609,1.);
#11609 = DIRECTION('',(0.57735026919,0.816496580928));
#11610 = ( GEOMETRIC_REPRESENTATION_CONTEXT(2) 
PARAMETRIC_REPRESENTATION_CONTEXT() REPRESENTATION_CONTEXT('2D SPACE',''
  ) );
#11611 = PCURVE('',#11559,#11612);
#11612 = DEFINITIONAL_REPRESENTATION('',(#11613),#11617);
#11613 = LINE('',#11614,#11615);
#11614 = CARTESIAN_POINT('',(-0.105333333333,-7.448191428498E-02));
#11615 = VECTOR('',#11616,1.);
#11616 = DIRECTION('',(-0.57735026919,0.816496580928));
#11617 = ( GEOMETRIC_REPRESENTATION_CONTEXT(2) 
PARAMETRIC_REPRESENTATION_CONTEXT() REPRESENTATION_CONTEXT('2D SPACE',''
  ) );
#11618 = ORIENTED_EDGE('',*,*,#11430,.T.);
#11619 = ORIENTED_EDGE('',*,*,#11620,.T.);
#11620 = EDGE_CURVE('',#11431,#11621,#11623,.T.);
#11621 = VERTEX_POINT('',#11622);
#11622 = CARTESIAN_POINT('',(-2.619,7.9E-02,-2.64));
#11623 = SURFACE_CURVE('',#11624,(#11628,#11635),.PCURVE_S1.);
#11624 = LINE('',#11625,#11626);
#11625 = CARTESIAN_POINT('',(-2.698,0.158,-2.561));
#11626 = VECTOR('',#11627,1.);
#11627 = DIRECTION('',(0.57735026919,-0.57735026919,-0.57735026919));
#11628 = PCURVE('',#11446,#11629);
#11629 = DEFINITIONAL_REPRESENTATION('',(#11630),#11634);
#11630 = LINE('',#11631,#11632);
#11631 = CARTESIAN_POINT('',(0.553,0.111722871427));
#11632 = VECTOR('',#11633,1.);
#11633 = DIRECTION('',(-0.57735026919,0.816496580928));
#11634 = ( GEOMETRIC_REPRESENTATION_CONTEXT(2) 
PARAMETRIC_REPRESENTATION_CONTEXT() REPRESENTATION_CONTEXT('2D SPACE',''
  ) );
#11635 = PCURVE('',#11636,#11641);
#11636 = PLANE('',#11637);
#11637 = AXIS2_PLACEMENT_3D('',#11638,#11639,#11640);
#11638 = CARTESIAN_POINT('',(-2.935,0.237,-2.482));
#11639 = DIRECTION('',(0.,-0.707106781187,0.707106781187));
#11640 = DIRECTION('',(-1.,-0.,-0.));
#11641 = DEFINITIONAL_REPRESENTATION('',(#11642),#11646);
#11642 = LINE('',#11643,#11644);
#11643 = CARTESIAN_POINT('',(-0.237,0.111722871427));
#11644 = VECTOR('',#11645,1.);
#11645 = DIRECTION('',(-0.57735026919,0.816496580928));
#11646 = ( GEOMETRIC_REPRESENTATION_CONTEXT(2) 
PARAMETRIC_REPRESENTATION_CONTEXT() REPRESENTATION_CONTEXT('2D SPACE',''
  ) );
#11647 = ORIENTED_EDGE('',*,*,#11648,.F.);
#11648 = EDGE_CURVE('',#11597,#11621,#11649,.T.);
#11649 = SURFACE_CURVE('',#11650,(#11654,#11661),.PCURVE_S1.);
#11650 = LINE('',#11651,#11652);
#11651 = CARTESIAN_POINT('',(-2.619,-0.395,-2.64));
#11652 = VECTOR('',#11653,1.);
#11653 = DIRECTION('',(0.,1.,0.));
#11654 = PCURVE('',#11446,#11655);
#11655 = DEFINITIONAL_REPRESENTATION('',(#11656),#11660);
#11656 = LINE('',#11657,#11658);
#11657 = CARTESIAN_POINT('',(0.,0.223445742855));
#11658 = VECTOR('',#11659,1.);
#11659 = DIRECTION('',(1.,0.));
#11660 = ( GEOMETRIC_REPRESENTATION_CONTEXT(2) 
PARAMETRIC_REPRESENTATION_CONTEXT() REPRESENTATION_CONTEXT('2D SPACE',''
  ) );
#11661 = PCURVE('',#11662,#11667);
#11662 = PLANE('',#11663);
#11663 = AXIS2_PLACEMENT_3D('',#11664,#11665,#11666);
#11664 = CARTESIAN_POINT('',(-2.935,-0.395,-2.64));
#11665 = DIRECTION('',(0.,0.,1.));
#11666 = DIRECTION('',(1.,0.,0.));
#11667 = DEFINITIONAL_REPRESENTATION('',(#11668),#11672);
#11668 = LINE('',#11669,#11670);
#11669 = CARTESIAN_POINT('',(0.316,0.));
#11670 = VECTOR('',#11671,1.);
#11671 = DIRECTION('',(0.,1.));
#11672 = ( GEOMETRIC_REPRESENTATION_CONTEXT(2) 
PARAMETRIC_REPRESENTATION_CONTEXT() REPRESENTATION_CONTEXT('2D SPACE',''
  ) );
#11673 = ADVANCED_FACE('',(#11674),#11500,.T.);
#11674 = FACE_BOUND('',#11675,.T.);
#11675 = EDGE_LOOP('',(#11676,#11677,#11678,#11701));
#11676 = ORIENTED_EDGE('',*,*,#11486,.F.);
#11677 = ORIENTED_EDGE('',*,*,#11572,.T.);
#11678 = ORIENTED_EDGE('',*,*,#11679,.T.);
#11679 = EDGE_CURVE('',#11518,#11680,#11682,.T.);
#11680 = VERTEX_POINT('',#11681);
#11681 = CARTESIAN_POINT('',(-2.145,0.395,1.702));
#11682 = SURFACE_CURVE('',#11683,(#11687,#11694),.PCURVE_S1.);
#11683 = LINE('',#11684,#11685);
#11684 = CARTESIAN_POINT('',(-2.145,-0.395,1.702));
#11685 = VECTOR('',#11686,1.);
#11686 = DIRECTION('',(0.,1.,0.));
#11687 = PCURVE('',#11500,#11688);
#11688 = DEFINITIONAL_REPRESENTATION('',(#11689),#11693);
#11689 = LINE('',#11690,#11691);
#11690 = CARTESIAN_POINT('',(0.79,0.));
#11691 = VECTOR('',#11692,1.);
#11692 = DIRECTION('',(0.,1.));
#11693 = ( GEOMETRIC_REPRESENTATION_CONTEXT(2) 
PARAMETRIC_REPRESENTATION_CONTEXT() REPRESENTATION_CONTEXT('2D SPACE',''
  ) );
#11694 = PCURVE('',#11533,#11695);
#11695 = DEFINITIONAL_REPRESENTATION('',(#11696),#11700);
#11696 = LINE('',#11697,#11698);
#11697 = CARTESIAN_POINT('',(4.342,0.));
#11698 = VECTOR('',#11699,1.);
#11699 = DIRECTION('',(0.,-1.));
#11700 = ( GEOMETRIC_REPRESENTATION_CONTEXT(2) 
PARAMETRIC_REPRESENTATION_CONTEXT() REPRESENTATION_CONTEXT('2D SPACE',''
  ) );
#11701 = ORIENTED_EDGE('',*,*,#11702,.F.);
#11702 = EDGE_CURVE('',#11459,#11680,#11703,.T.);
#11703 = SURFACE_CURVE('',#11704,(#11708,#11715),.PCURVE_S1.);
#11704 = LINE('',#11705,#11706);
#11705 = CARTESIAN_POINT('',(-2.935,0.395,1.702));
#11706 = VECTOR('',#11707,1.);
#11707 = DIRECTION('',(1.,0.,0.));
#11708 = PCURVE('',#11500,#11709);
#11709 = DEFINITIONAL_REPRESENTATION('',(#11710),#11714);
#11710 = LINE('',#11711,#11712);
#11711 = CARTESIAN_POINT('',(0.,0.79));
#11712 = VECTOR('',#11713,1.);
#11713 = DIRECTION('',(1.,0.));
#11714 = ( GEOMETRIC_REPRESENTATION_CONTEXT(2) 
PARAMETRIC_REPRESENTATION_CONTEXT() REPRESENTATION_CONTEXT('2D SPACE',''
  ) );
#11715 = PCURVE('',#11474,#11716);
#11716 = DEFINITIONAL_REPRESENTATION('',(#11717),#11721);
#11717 = LINE('',#11718,#11719);
#11718 = CARTESIAN_POINT('',(4.342,0.));
#11719 = VECTOR('',#11720,1.);
#11720 = DIRECTION('',(0.,1.));
#11721 = ( GEOMETRIC_REPRESENTATION_CONTEXT(2) 
PARAMETRIC_REPRESENTATION_CONTEXT() REPRESENTATION_CONTEXT('2D SPACE',''
  ) );
#11722 = ADVANCED_FACE('',(#11723),#11474,.T.);
#11723 = FACE_BOUND('',#11724,.T.);
#11724 = EDGE_LOOP('',(#11725,#11748,#11769,#11770));
#11725 = ORIENTED_EDGE('',*,*,#11726,.F.);
#11726 = EDGE_CURVE('',#11727,#11680,#11729,.T.);
#11727 = VERTEX_POINT('',#11728);
#11728 = CARTESIAN_POINT('',(-2.145,0.395,-2.324));
#11729 = SURFACE_CURVE('',#11730,(#11734,#11741),.PCURVE_S1.);
#11730 = LINE('',#11731,#11732);
#11731 = CARTESIAN_POINT('',(-2.145,0.395,-2.64));
#11732 = VECTOR('',#11733,1.);
#11733 = DIRECTION('',(0.,0.,1.));
#11734 = PCURVE('',#11474,#11735);
#11735 = DEFINITIONAL_REPRESENTATION('',(#11736),#11740);
#11736 = LINE('',#11737,#11738);
#11737 = CARTESIAN_POINT('',(0.,0.79));
#11738 = VECTOR('',#11739,1.);
#11739 = DIRECTION('',(1.,0.));
#11740 = ( GEOMETRIC_REPRESENTATION_CONTEXT(2) 
PARAMETRIC_REPRESENTATION_CONTEXT() REPRESENTATION_CONTEXT('2D SPACE',''
  ) );
#11741 = PCURVE('',#11533,#11742);
#11742 = DEFINITIONAL_REPRESENTATION('',(#11743),#11747);
#11743 = LINE('',#11744,#11745);
#11744 = CARTESIAN_POINT('',(0.,-0.79));
#11745 = VECTOR('',#11746,1.);
#11746 = DIRECTION('',(1.,0.));
#11747 = ( GEOMETRIC_REPRESENTATION_CONTEXT(2) 
PARAMETRIC_REPRESENTATION_CONTEXT() REPRESENTATION_CONTEXT('2D SPACE',''
  ) );
#11748 = ORIENTED_EDGE('',*,*,#11749,.F.);
#11749 = EDGE_CURVE('',#11431,#11727,#11750,.T.);
#11750 = SURFACE_CURVE('',#11751,(#11755,#11762),.PCURVE_S1.);
#11751 = LINE('',#11752,#11753);
#11752 = CARTESIAN_POINT('',(-2.935,0.395,-2.324));
#11753 = VECTOR('',#11754,1.);
#11754 = DIRECTION('',(1.,0.,0.));
#11755 = PCURVE('',#11474,#11756);
#11756 = DEFINITIONAL_REPRESENTATION('',(#11757),#11761);
#11757 = LINE('',#11758,#11759);
#11758 = CARTESIAN_POINT('',(0.316,0.));
#11759 = VECTOR('',#11760,1.);
#11760 = DIRECTION('',(0.,1.));
#11761 = ( GEOMETRIC_REPRESENTATION_CONTEXT(2) 
PARAMETRIC_REPRESENTATION_CONTEXT() REPRESENTATION_CONTEXT('2D SPACE',''
  ) );
#11762 = PCURVE('',#11636,#11763);
#11763 = DEFINITIONAL_REPRESENTATION('',(#11764),#11768);
#11764 = LINE('',#11765,#11766);
#11765 = CARTESIAN_POINT('',(-0.,-0.223445742855));
#11766 = VECTOR('',#11767,1.);
#11767 = DIRECTION('',(-1.,0.));
#11768 = ( GEOMETRIC_REPRESENTATION_CONTEXT(2) 
PARAMETRIC_REPRESENTATION_CONTEXT() REPRESENTATION_CONTEXT('2D SPACE',''
  ) );
#11769 = ORIENTED_EDGE('',*,*,#11458,.T.);
#11770 = ORIENTED_EDGE('',*,*,#11702,.T.);
#11771 = ADVANCED_FACE('',(#11772),#11533,.T.);
#11772 = FACE_BOUND('',#11773,.T.);
#11773 = EDGE_LOOP('',(#11774,#11775,#11801,#11802));
#11774 = ORIENTED_EDGE('',*,*,#11515,.F.);
#11775 = ORIENTED_EDGE('',*,*,#11776,.T.);
#11776 = EDGE_CURVE('',#11516,#11727,#11777,.T.);
#11777 = SURFACE_CURVE('',#11778,(#11782,#11789),.PCURVE_S1.);
#11778 = LINE('',#11779,#11780);
#11779 = CARTESIAN_POINT('',(-2.145,-0.395,-2.324));
#11780 = VECTOR('',#11781,1.);
#11781 = DIRECTION('',(0.,1.,0.));
#11782 = PCURVE('',#11533,#11783);
#11783 = DEFINITIONAL_REPRESENTATION('',(#11784),#11788);
#11784 = LINE('',#11785,#11786);
#11785 = CARTESIAN_POINT('',(0.316,0.));
#11786 = VECTOR('',#11787,1.);
#11787 = DIRECTION('',(0.,-1.));
#11788 = ( GEOMETRIC_REPRESENTATION_CONTEXT(2) 
PARAMETRIC_REPRESENTATION_CONTEXT() REPRESENTATION_CONTEXT('2D SPACE',''
  ) );
#11789 = PCURVE('',#11790,#11795);
#11790 = PLANE('',#11791);
#11791 = AXIS2_PLACEMENT_3D('',#11792,#11793,#11794);
#11792 = CARTESIAN_POINT('',(-2.303,-0.395,-2.482));
#11793 = DIRECTION('',(-0.707106781187,0.,0.707106781187));
#11794 = DIRECTION('',(0.,1.,0.));
#11795 = DEFINITIONAL_REPRESENTATION('',(#11796),#11800);
#11796 = LINE('',#11797,#11798);
#11797 = CARTESIAN_POINT('',(0.,-0.223445742855));
#11798 = VECTOR('',#11799,1.);
#11799 = DIRECTION('',(1.,0.));
#11800 = ( GEOMETRIC_REPRESENTATION_CONTEXT(2) 
PARAMETRIC_REPRESENTATION_CONTEXT() REPRESENTATION_CONTEXT('2D SPACE',''
  ) );
#11801 = ORIENTED_EDGE('',*,*,#11726,.T.);
#11802 = ORIENTED_EDGE('',*,*,#11679,.F.);
#11803 = ADVANCED_FACE('',(#11804),#11559,.T.);
#11804 = FACE_BOUND('',#11805,.F.);
#11805 = EDGE_LOOP('',(#11806,#11807,#11808,#11831));
#11806 = ORIENTED_EDGE('',*,*,#11596,.F.);
#11807 = ORIENTED_EDGE('',*,*,#11545,.T.);
#11808 = ORIENTED_EDGE('',*,*,#11809,.T.);
#11809 = EDGE_CURVE('',#11516,#11810,#11812,.T.);
#11810 = VERTEX_POINT('',#11811);
#11811 = CARTESIAN_POINT('',(-2.461,-7.9E-02,-2.64));
#11812 = SURFACE_CURVE('',#11813,(#11817,#11824),.PCURVE_S1.);
#11813 = LINE('',#11814,#11815);
#11814 = CARTESIAN_POINT('',(-2.382,-0.158,-2.561));
#11815 = VECTOR('',#11816,1.);
#11816 = DIRECTION('',(-0.57735026919,0.57735026919,-0.57735026919));
#11817 = PCURVE('',#11559,#11818);
#11818 = DEFINITIONAL_REPRESENTATION('',(#11819),#11823);
#11819 = LINE('',#11820,#11821);
#11820 = CARTESIAN_POINT('',(-0.553,0.111722871427));
#11821 = VECTOR('',#11822,1.);
#11822 = DIRECTION('',(0.57735026919,0.816496580928));
#11823 = ( GEOMETRIC_REPRESENTATION_CONTEXT(2) 
PARAMETRIC_REPRESENTATION_CONTEXT() REPRESENTATION_CONTEXT('2D SPACE',''
  ) );
#11824 = PCURVE('',#11790,#11825);
#11825 = DEFINITIONAL_REPRESENTATION('',(#11826),#11830);
#11826 = LINE('',#11827,#11828);
#11827 = CARTESIAN_POINT('',(0.237,0.111722871427));
#11828 = VECTOR('',#11829,1.);
#11829 = DIRECTION('',(0.57735026919,0.816496580928));
#11830 = ( GEOMETRIC_REPRESENTATION_CONTEXT(2) 
PARAMETRIC_REPRESENTATION_CONTEXT() REPRESENTATION_CONTEXT('2D SPACE',''
  ) );
#11831 = ORIENTED_EDGE('',*,*,#11832,.F.);
#11832 = EDGE_CURVE('',#11597,#11810,#11833,.T.);
#11833 = SURFACE_CURVE('',#11834,(#11838,#11845),.PCURVE_S1.);
#11834 = LINE('',#11835,#11836);
#11835 = CARTESIAN_POINT('',(-2.935,-7.9E-02,-2.64));
#11836 = VECTOR('',#11837,1.);
#11837 = DIRECTION('',(1.,0.,0.));
#11838 = PCURVE('',#11559,#11839);
#11839 = DEFINITIONAL_REPRESENTATION('',(#11840),#11844);
#11840 = LINE('',#11841,#11842);
#11841 = CARTESIAN_POINT('',(-0.,0.223445742855));
#11842 = VECTOR('',#11843,1.);
#11843 = DIRECTION('',(-1.,0.));
#11844 = ( GEOMETRIC_REPRESENTATION_CONTEXT(2) 
PARAMETRIC_REPRESENTATION_CONTEXT() REPRESENTATION_CONTEXT('2D SPACE',''
  ) );
#11845 = PCURVE('',#11662,#11846);
#11846 = DEFINITIONAL_REPRESENTATION('',(#11847),#11851);
#11847 = LINE('',#11848,#11849);
#11848 = CARTESIAN_POINT('',(0.,0.316));
#11849 = VECTOR('',#11850,1.);
#11850 = DIRECTION('',(1.,0.));
#11851 = ( GEOMETRIC_REPRESENTATION_CONTEXT(2) 
PARAMETRIC_REPRESENTATION_CONTEXT() REPRESENTATION_CONTEXT('2D SPACE',''
  ) );
#11852 = ADVANCED_FACE('',(#11853),#11662,.F.);
#11853 = FACE_BOUND('',#11854,.F.);
#11854 = EDGE_LOOP('',(#11855,#11856,#11879,#11900));
#11855 = ORIENTED_EDGE('',*,*,#11832,.T.);
#11856 = ORIENTED_EDGE('',*,*,#11857,.T.);
#11857 = EDGE_CURVE('',#11810,#11858,#11860,.T.);
#11858 = VERTEX_POINT('',#11859);
#11859 = CARTESIAN_POINT('',(-2.461,7.9E-02,-2.64));
#11860 = SURFACE_CURVE('',#11861,(#11865,#11872),.PCURVE_S1.);
#11861 = LINE('',#11862,#11863);
#11862 = CARTESIAN_POINT('',(-2.461,-0.395,-2.64));
#11863 = VECTOR('',#11864,1.);
#11864 = DIRECTION('',(0.,1.,0.));
#11865 = PCURVE('',#11662,#11866);
#11866 = DEFINITIONAL_REPRESENTATION('',(#11867),#11871);
#11867 = LINE('',#11868,#11869);
#11868 = CARTESIAN_POINT('',(0.474,0.));
#11869 = VECTOR('',#11870,1.);
#11870 = DIRECTION('',(0.,1.));
#11871 = ( GEOMETRIC_REPRESENTATION_CONTEXT(2) 
PARAMETRIC_REPRESENTATION_CONTEXT() REPRESENTATION_CONTEXT('2D SPACE',''
  ) );
#11872 = PCURVE('',#11790,#11873);
#11873 = DEFINITIONAL_REPRESENTATION('',(#11874),#11878);
#11874 = LINE('',#11875,#11876);
#11875 = CARTESIAN_POINT('',(0.,0.223445742855));
#11876 = VECTOR('',#11877,1.);
#11877 = DIRECTION('',(1.,0.));
#11878 = ( GEOMETRIC_REPRESENTATION_CONTEXT(2) 
PARAMETRIC_REPRESENTATION_CONTEXT() REPRESENTATION_CONTEXT('2D SPACE',''
  ) );
#11879 = ORIENTED_EDGE('',*,*,#11880,.F.);
#11880 = EDGE_CURVE('',#11621,#11858,#11881,.T.);
#11881 = SURFACE_CURVE('',#11882,(#11886,#11893),.PCURVE_S1.);
#11882 = LINE('',#11883,#11884);
#11883 = CARTESIAN_POINT('',(-2.935,7.9E-02,-2.64));
#11884 = VECTOR('',#11885,1.);
#11885 = DIRECTION('',(1.,0.,0.));
#11886 = PCURVE('',#11662,#11887);
#11887 = DEFINITIONAL_REPRESENTATION('',(#11888),#11892);
#11888 = LINE('',#11889,#11890);
#11889 = CARTESIAN_POINT('',(0.,0.474));
#11890 = VECTOR('',#11891,1.);
#11891 = DIRECTION('',(1.,0.));
#11892 = ( GEOMETRIC_REPRESENTATION_CONTEXT(2) 
PARAMETRIC_REPRESENTATION_CONTEXT() REPRESENTATION_CONTEXT('2D SPACE',''
  ) );
#11893 = PCURVE('',#11636,#11894);
#11894 = DEFINITIONAL_REPRESENTATION('',(#11895),#11899);
#11895 = LINE('',#11896,#11897);
#11896 = CARTESIAN_POINT('',(-0.,0.223445742855));
#11897 = VECTOR('',#11898,1.);
#11898 = DIRECTION('',(-1.,0.));
#11899 = ( GEOMETRIC_REPRESENTATION_CONTEXT(2) 
PARAMETRIC_REPRESENTATION_CONTEXT() REPRESENTATION_CONTEXT('2D SPACE',''
  ) );
#11900 = ORIENTED_EDGE('',*,*,#11648,.F.);
#11901 = ADVANCED_FACE('',(#11902),#11636,.F.);
#11902 = FACE_BOUND('',#11903,.T.);
#11903 = EDGE_LOOP('',(#11904,#11905,#11906,#11927));
#11904 = ORIENTED_EDGE('',*,*,#11620,.F.);
#11905 = ORIENTED_EDGE('',*,*,#11749,.T.);
#11906 = ORIENTED_EDGE('',*,*,#11907,.T.);
#11907 = EDGE_CURVE('',#11727,#11858,#11908,.T.);
#11908 = SURFACE_CURVE('',#11909,(#11913,#11920),.PCURVE_S1.);
#11909 = LINE('',#11910,#11911);
#11910 = CARTESIAN_POINT('',(-2.513666666667,2.633333333333E-02,
    -2.692666666667));
#11911 = VECTOR('',#11912,1.);
#11912 = DIRECTION('',(-0.57735026919,-0.57735026919,-0.57735026919));
#11913 = PCURVE('',#11636,#11914);
#11914 = DEFINITIONAL_REPRESENTATION('',(#11915),#11919);
#11915 = LINE('',#11916,#11917);
#11916 = CARTESIAN_POINT('',(-0.421333333333,0.29792765714));
#11917 = VECTOR('',#11918,1.);
#11918 = DIRECTION('',(0.57735026919,0.816496580928));
#11919 = ( GEOMETRIC_REPRESENTATION_CONTEXT(2) 
PARAMETRIC_REPRESENTATION_CONTEXT() REPRESENTATION_CONTEXT('2D SPACE',''
  ) );
#11920 = PCURVE('',#11790,#11921);
#11921 = DEFINITIONAL_REPRESENTATION('',(#11922),#11926);
#11922 = LINE('',#11923,#11924);
#11923 = CARTESIAN_POINT('',(0.421333333333,0.29792765714));
#11924 = VECTOR('',#11925,1.);
#11925 = DIRECTION('',(-0.57735026919,0.816496580928));
#11926 = ( GEOMETRIC_REPRESENTATION_CONTEXT(2) 
PARAMETRIC_REPRESENTATION_CONTEXT() REPRESENTATION_CONTEXT('2D SPACE',''
  ) );
#11927 = ORIENTED_EDGE('',*,*,#11880,.F.);
#11928 = ADVANCED_FACE('',(#11929),#11790,.F.);
#11929 = FACE_BOUND('',#11930,.F.);
#11930 = EDGE_LOOP('',(#11931,#11932,#11933,#11934));
#11931 = ORIENTED_EDGE('',*,*,#11809,.F.);
#11932 = ORIENTED_EDGE('',*,*,#11776,.T.);
#11933 = ORIENTED_EDGE('',*,*,#11907,.T.);
#11934 = ORIENTED_EDGE('',*,*,#11857,.F.);
#11935 = MANIFOLD_SOLID_BREP('',#11936);
#11936 = CLOSED_SHELL('',(#11937,#12057,#12138,#12219,#12268,#12317,
    #12349,#12398,#12447,#12474));
#11937 = ADVANCED_FACE('',(#11938),#11952,.F.);
#11938 = FACE_BOUND('',#11939,.F.);
#11939 = EDGE_LOOP('',(#11940,#11975,#12003,#12031));
#11940 = ORIENTED_EDGE('',*,*,#11941,.F.);
#11941 = EDGE_CURVE('',#11942,#11944,#11946,.T.);
#11942 = VERTEX_POINT('',#11943);
#11943 = CARTESIAN_POINT('',(-2.935,2.145,-2.324));
#11944 = VERTEX_POINT('',#11945);
#11945 = CARTESIAN_POINT('',(-2.935,2.145,1.702));
#11946 = SURFACE_CURVE('',#11947,(#11951,#11963),.PCURVE_S1.);
#11947 = LINE('',#11948,#11949);
#11948 = CARTESIAN_POINT('',(-2.935,2.145,-2.64));
#11949 = VECTOR('',#11950,1.);
#11950 = DIRECTION('',(0.,0.,1.));
#11951 = PCURVE('',#11952,#11957);
#11952 = PLANE('',#11953);
#11953 = AXIS2_PLACEMENT_3D('',#11954,#11955,#11956);
#11954 = CARTESIAN_POINT('',(-2.935,2.145,-2.64));
#11955 = DIRECTION('',(1.,0.,0.));
#11956 = DIRECTION('',(0.,0.,1.));
#11957 = DEFINITIONAL_REPRESENTATION('',(#11958),#11962);
#11958 = LINE('',#11959,#11960);
#11959 = CARTESIAN_POINT('',(0.,0.));
#11960 = VECTOR('',#11961,1.);
#11961 = DIRECTION('',(1.,0.));
#11962 = ( GEOMETRIC_REPRESENTATION_CONTEXT(2) 
PARAMETRIC_REPRESENTATION_CONTEXT() REPRESENTATION_CONTEXT('2D SPACE',''
  ) );
#11963 = PCURVE('',#11964,#11969);
#11964 = PLANE('',#11965);
#11965 = AXIS2_PLACEMENT_3D('',#11966,#11967,#11968);
#11966 = CARTESIAN_POINT('',(-2.935,2.145,-2.64));
#11967 = DIRECTION('',(0.,1.,0.));
#11968 = DIRECTION('',(0.,0.,1.));
#11969 = DEFINITIONAL_REPRESENTATION('',(#11970),#11974);
#11970 = LINE('',#11971,#11972);
#11971 = CARTESIAN_POINT('',(0.,0.));
#11972 = VECTOR('',#11973,1.);
#11973 = DIRECTION('',(1.,0.));
#11974 = ( GEOMETRIC_REPRESENTATION_CONTEXT(2) 
PARAMETRIC_REPRESENTATION_CONTEXT() REPRESENTATION_CONTEXT('2D SPACE',''
  ) );
#11975 = ORIENTED_EDGE('',*,*,#11976,.T.);
#11976 = EDGE_CURVE('',#11942,#11977,#11979,.T.);
#11977 = VERTEX_POINT('',#11978);
#11978 = CARTESIAN_POINT('',(-2.935,2.935,-2.324));
#11979 = SURFACE_CURVE('',#11980,(#11984,#11991),.PCURVE_S1.);
#11980 = LINE('',#11981,#11982);
#11981 = CARTESIAN_POINT('',(-2.935,2.145,-2.324));
#11982 = VECTOR('',#11983,1.);
#11983 = DIRECTION('',(0.,1.,0.));
#11984 = PCURVE('',#11952,#11985);
#11985 = DEFINITIONAL_REPRESENTATION('',(#11986),#11990);
#11986 = LINE('',#11987,#11988);
#11987 = CARTESIAN_POINT('',(0.316,0.));
#11988 = VECTOR('',#11989,1.);
#11989 = DIRECTION('',(0.,-1.));
#11990 = ( GEOMETRIC_REPRESENTATION_CONTEXT(2) 
PARAMETRIC_REPRESENTATION_CONTEXT() REPRESENTATION_CONTEXT('2D SPACE',''
  ) );
#11991 = PCURVE('',#11992,#11997);
#11992 = PLANE('',#11993);
#11993 = AXIS2_PLACEMENT_3D('',#11994,#11995,#11996);
#11994 = CARTESIAN_POINT('',(-2.777,2.145,-2.482));
#11995 = DIRECTION('',(-0.707106781187,0.,-0.707106781187));
#11996 = DIRECTION('',(0.,1.,0.));
#11997 = DEFINITIONAL_REPRESENTATION('',(#11998),#12002);
#11998 = LINE('',#11999,#12000);
#11999 = CARTESIAN_POINT('',(0.,-0.223445742855));
#12000 = VECTOR('',#12001,1.);
#12001 = DIRECTION('',(1.,0.));
#12002 = ( GEOMETRIC_REPRESENTATION_CONTEXT(2) 
PARAMETRIC_REPRESENTATION_CONTEXT() REPRESENTATION_CONTEXT('2D SPACE',''
  ) );
#12003 = ORIENTED_EDGE('',*,*,#12004,.T.);
#12004 = EDGE_CURVE('',#11977,#12005,#12007,.T.);
#12005 = VERTEX_POINT('',#12006);
#12006 = CARTESIAN_POINT('',(-2.935,2.935,1.702));
#12007 = SURFACE_CURVE('',#12008,(#12012,#12019),.PCURVE_S1.);
#12008 = LINE('',#12009,#12010);
#12009 = CARTESIAN_POINT('',(-2.935,2.935,-2.64));
#12010 = VECTOR('',#12011,1.);
#12011 = DIRECTION('',(0.,0.,1.));
#12012 = PCURVE('',#11952,#12013);
#12013 = DEFINITIONAL_REPRESENTATION('',(#12014),#12018);
#12014 = LINE('',#12015,#12016);
#12015 = CARTESIAN_POINT('',(0.,-0.79));
#12016 = VECTOR('',#12017,1.);
#12017 = DIRECTION('',(1.,0.));
#12018 = ( GEOMETRIC_REPRESENTATION_CONTEXT(2) 
PARAMETRIC_REPRESENTATION_CONTEXT() REPRESENTATION_CONTEXT('2D SPACE',''
  ) );
#12019 = PCURVE('',#12020,#12025);
#12020 = PLANE('',#12021);
#12021 = AXIS2_PLACEMENT_3D('',#12022,#12023,#12024);
#12022 = CARTESIAN_POINT('',(-2.935,2.935,-2.64));
#12023 = DIRECTION('',(0.,1.,0.));
#12024 = DIRECTION('',(0.,0.,1.));
#12025 = DEFINITIONAL_REPRESENTATION('',(#12026),#12030);
#12026 = LINE('',#12027,#12028);
#12027 = CARTESIAN_POINT('',(0.,0.));
#12028 = VECTOR('',#12029,1.);
#12029 = DIRECTION('',(1.,0.));
#12030 = ( GEOMETRIC_REPRESENTATION_CONTEXT(2) 
PARAMETRIC_REPRESENTATION_CONTEXT() REPRESENTATION_CONTEXT('2D SPACE',''
  ) );
#12031 = ORIENTED_EDGE('',*,*,#12032,.F.);
#12032 = EDGE_CURVE('',#11944,#12005,#12033,.T.);
#12033 = SURFACE_CURVE('',#12034,(#12038,#12045),.PCURVE_S1.);
#12034 = LINE('',#12035,#12036);
#12035 = CARTESIAN_POINT('',(-2.935,2.145,1.702));
#12036 = VECTOR('',#12037,1.);
#12037 = DIRECTION('',(0.,1.,0.));
#12038 = PCURVE('',#11952,#12039);
#12039 = DEFINITIONAL_REPRESENTATION('',(#12040),#12044);
#12040 = LINE('',#12041,#12042);
#12041 = CARTESIAN_POINT('',(4.342,0.));
#12042 = VECTOR('',#12043,1.);
#12043 = DIRECTION('',(0.,-1.));
#12044 = ( GEOMETRIC_REPRESENTATION_CONTEXT(2) 
PARAMETRIC_REPRESENTATION_CONTEXT() REPRESENTATION_CONTEXT('2D SPACE',''
  ) );
#12045 = PCURVE('',#12046,#12051);
#12046 = PLANE('',#12047);
#12047 = AXIS2_PLACEMENT_3D('',#12048,#12049,#12050);
#12048 = CARTESIAN_POINT('',(-2.935,2.145,1.702));
#12049 = DIRECTION('',(0.,0.,1.));
#12050 = DIRECTION('',(1.,0.,0.));
#12051 = DEFINITIONAL_REPRESENTATION('',(#12052),#12056);
#12052 = LINE('',#12053,#12054);
#12053 = CARTESIAN_POINT('',(0.,0.));
#12054 = VECTOR('',#12055,1.);
#12055 = DIRECTION('',(0.,1.));
#12056 = ( GEOMETRIC_REPRESENTATION_CONTEXT(2) 
PARAMETRIC_REPRESENTATION_CONTEXT() REPRESENTATION_CONTEXT('2D SPACE',''
  ) );
#12057 = ADVANCED_FACE('',(#12058),#11964,.F.);
#12058 = FACE_BOUND('',#12059,.F.);
#12059 = EDGE_LOOP('',(#12060,#12090,#12116,#12117));
#12060 = ORIENTED_EDGE('',*,*,#12061,.F.);
#12061 = EDGE_CURVE('',#12062,#12064,#12066,.T.);
#12062 = VERTEX_POINT('',#12063);
#12063 = CARTESIAN_POINT('',(-2.145,2.145,-2.324));
#12064 = VERTEX_POINT('',#12065);
#12065 = CARTESIAN_POINT('',(-2.145,2.145,1.702));
#12066 = SURFACE_CURVE('',#12067,(#12071,#12078),.PCURVE_S1.);
#12067 = LINE('',#12068,#12069);
#12068 = CARTESIAN_POINT('',(-2.145,2.145,-2.64));
#12069 = VECTOR('',#12070,1.);
#12070 = DIRECTION('',(0.,0.,1.));
#12071 = PCURVE('',#11964,#12072);
#12072 = DEFINITIONAL_REPRESENTATION('',(#12073),#12077);
#12073 = LINE('',#12074,#12075);
#12074 = CARTESIAN_POINT('',(0.,0.79));
#12075 = VECTOR('',#12076,1.);
#12076 = DIRECTION('',(1.,0.));
#12077 = ( GEOMETRIC_REPRESENTATION_CONTEXT(2) 
PARAMETRIC_REPRESENTATION_CONTEXT() REPRESENTATION_CONTEXT('2D SPACE',''
  ) );
#12078 = PCURVE('',#12079,#12084);
#12079 = PLANE('',#12080);
#12080 = AXIS2_PLACEMENT_3D('',#12081,#12082,#12083);
#12081 = CARTESIAN_POINT('',(-2.145,2.145,-2.64));
#12082 = DIRECTION('',(1.,0.,0.));
#12083 = DIRECTION('',(0.,0.,1.));
#12084 = DEFINITIONAL_REPRESENTATION('',(#12085),#12089);
#12085 = LINE('',#12086,#12087);
#12086 = CARTESIAN_POINT('',(0.,0.));
#12087 = VECTOR('',#12088,1.);
#12088 = DIRECTION('',(1.,0.));
#12089 = ( GEOMETRIC_REPRESENTATION_CONTEXT(2) 
PARAMETRIC_REPRESENTATION_CONTEXT() REPRESENTATION_CONTEXT('2D SPACE',''
  ) );
#12090 = ORIENTED_EDGE('',*,*,#12091,.F.);
#12091 = EDGE_CURVE('',#11942,#12062,#12092,.T.);
#12092 = SURFACE_CURVE('',#12093,(#12097,#12104),.PCURVE_S1.);
#12093 = LINE('',#12094,#12095);
#12094 = CARTESIAN_POINT('',(-2.935,2.145,-2.324));
#12095 = VECTOR('',#12096,1.);
#12096 = DIRECTION('',(1.,0.,0.));
#12097 = PCURVE('',#11964,#12098);
#12098 = DEFINITIONAL_REPRESENTATION('',(#12099),#12103);
#12099 = LINE('',#12100,#12101);
#12100 = CARTESIAN_POINT('',(0.316,0.));
#12101 = VECTOR('',#12102,1.);
#12102 = DIRECTION('',(0.,1.));
#12103 = ( GEOMETRIC_REPRESENTATION_CONTEXT(2) 
PARAMETRIC_REPRESENTATION_CONTEXT() REPRESENTATION_CONTEXT('2D SPACE',''
  ) );
#12104 = PCURVE('',#12105,#12110);
#12105 = PLANE('',#12106);
#12106 = AXIS2_PLACEMENT_3D('',#12107,#12108,#12109);
#12107 = CARTESIAN_POINT('',(-2.935,2.303,-2.482));
#12108 = DIRECTION('',(0.,-0.707106781187,-0.707106781187));
#12109 = DIRECTION('',(-1.,-0.,-0.));
#12110 = DEFINITIONAL_REPRESENTATION('',(#12111),#12115);
#12111 = LINE('',#12112,#12113);
#12112 = CARTESIAN_POINT('',(-0.,-0.223445742855));
#12113 = VECTOR('',#12114,1.);
#12114 = DIRECTION('',(-1.,0.));
#12115 = ( GEOMETRIC_REPRESENTATION_CONTEXT(2) 
PARAMETRIC_REPRESENTATION_CONTEXT() REPRESENTATION_CONTEXT('2D SPACE',''
  ) );
#12116 = ORIENTED_EDGE('',*,*,#11941,.T.);
#12117 = ORIENTED_EDGE('',*,*,#12118,.T.);
#12118 = EDGE_CURVE('',#11944,#12064,#12119,.T.);
#12119 = SURFACE_CURVE('',#12120,(#12124,#12131),.PCURVE_S1.);
#12120 = LINE('',#12121,#12122);
#12121 = CARTESIAN_POINT('',(-2.935,2.145,1.702));
#12122 = VECTOR('',#12123,1.);
#12123 = DIRECTION('',(1.,0.,0.));
#12124 = PCURVE('',#11964,#12125);
#12125 = DEFINITIONAL_REPRESENTATION('',(#12126),#12130);
#12126 = LINE('',#12127,#12128);
#12127 = CARTESIAN_POINT('',(4.342,0.));
#12128 = VECTOR('',#12129,1.);
#12129 = DIRECTION('',(0.,1.));
#12130 = ( GEOMETRIC_REPRESENTATION_CONTEXT(2) 
PARAMETRIC_REPRESENTATION_CONTEXT() REPRESENTATION_CONTEXT('2D SPACE',''
  ) );
#12131 = PCURVE('',#12046,#12132);
#12132 = DEFINITIONAL_REPRESENTATION('',(#12133),#12137);
#12133 = LINE('',#12134,#12135);
#12134 = CARTESIAN_POINT('',(0.,0.));
#12135 = VECTOR('',#12136,1.);
#12136 = DIRECTION('',(1.,0.));
#12137 = ( GEOMETRIC_REPRESENTATION_CONTEXT(2) 
PARAMETRIC_REPRESENTATION_CONTEXT() REPRESENTATION_CONTEXT('2D SPACE',''
  ) );
#12138 = ADVANCED_FACE('',(#12139),#11992,.T.);
#12139 = FACE_BOUND('',#12140,.T.);
#12140 = EDGE_LOOP('',(#12141,#12164,#12165,#12193));
#12141 = ORIENTED_EDGE('',*,*,#12142,.F.);
#12142 = EDGE_CURVE('',#11942,#12143,#12145,.T.);
#12143 = VERTEX_POINT('',#12144);
#12144 = CARTESIAN_POINT('',(-2.619,2.461,-2.64));
#12145 = SURFACE_CURVE('',#12146,(#12150,#12157),.PCURVE_S1.);
#12146 = LINE('',#12147,#12148);
#12147 = CARTESIAN_POINT('',(-2.829666666667,2.250333333333,
    -2.429333333333));
#12148 = VECTOR('',#12149,1.);
#12149 = DIRECTION('',(0.57735026919,0.57735026919,-0.57735026919));
#12150 = PCURVE('',#11992,#12151);
#12151 = DEFINITIONAL_REPRESENTATION('',(#12152),#12156);
#12152 = LINE('',#12153,#12154);
#12153 = CARTESIAN_POINT('',(0.105333333333,-7.448191428498E-02));
#12154 = VECTOR('',#12155,1.);
#12155 = DIRECTION('',(0.57735026919,0.816496580928));
#12156 = ( GEOMETRIC_REPRESENTATION_CONTEXT(2) 
PARAMETRIC_REPRESENTATION_CONTEXT() REPRESENTATION_CONTEXT('2D SPACE',''
  ) );
#12157 = PCURVE('',#12105,#12158);
#12158 = DEFINITIONAL_REPRESENTATION('',(#12159),#12163);
#12159 = LINE('',#12160,#12161);
#12160 = CARTESIAN_POINT('',(-0.105333333333,-7.448191428498E-02));
#12161 = VECTOR('',#12162,1.);
#12162 = DIRECTION('',(-0.57735026919,0.816496580928));
#12163 = ( GEOMETRIC_REPRESENTATION_CONTEXT(2) 
PARAMETRIC_REPRESENTATION_CONTEXT() REPRESENTATION_CONTEXT('2D SPACE',''
  ) );
#12164 = ORIENTED_EDGE('',*,*,#11976,.T.);
#12165 = ORIENTED_EDGE('',*,*,#12166,.T.);
#12166 = EDGE_CURVE('',#11977,#12167,#12169,.T.);
#12167 = VERTEX_POINT('',#12168);
#12168 = CARTESIAN_POINT('',(-2.619,2.619,-2.64));
#12169 = SURFACE_CURVE('',#12170,(#12174,#12181),.PCURVE_S1.);
#12170 = LINE('',#12171,#12172);
#12171 = CARTESIAN_POINT('',(-2.698,2.698,-2.561));
#12172 = VECTOR('',#12173,1.);
#12173 = DIRECTION('',(0.57735026919,-0.57735026919,-0.57735026919));
#12174 = PCURVE('',#11992,#12175);
#12175 = DEFINITIONAL_REPRESENTATION('',(#12176),#12180);
#12176 = LINE('',#12177,#12178);
#12177 = CARTESIAN_POINT('',(0.553,0.111722871427));
#12178 = VECTOR('',#12179,1.);
#12179 = DIRECTION('',(-0.57735026919,0.816496580928));
#12180 = ( GEOMETRIC_REPRESENTATION_CONTEXT(2) 
PARAMETRIC_REPRESENTATION_CONTEXT() REPRESENTATION_CONTEXT('2D SPACE',''
  ) );
#12181 = PCURVE('',#12182,#12187);
#12182 = PLANE('',#12183);
#12183 = AXIS2_PLACEMENT_3D('',#12184,#12185,#12186);
#12184 = CARTESIAN_POINT('',(-2.935,2.777,-2.482));
#12185 = DIRECTION('',(0.,-0.707106781187,0.707106781187));
#12186 = DIRECTION('',(-1.,-0.,-0.));
#12187 = DEFINITIONAL_REPRESENTATION('',(#12188),#12192);
#12188 = LINE('',#12189,#12190);
#12189 = CARTESIAN_POINT('',(-0.237,0.111722871427));
#12190 = VECTOR('',#12191,1.);
#12191 = DIRECTION('',(-0.57735026919,0.816496580928));
#12192 = ( GEOMETRIC_REPRESENTATION_CONTEXT(2) 
PARAMETRIC_REPRESENTATION_CONTEXT() REPRESENTATION_CONTEXT('2D SPACE',''
  ) );
#12193 = ORIENTED_EDGE('',*,*,#12194,.F.);
#12194 = EDGE_CURVE('',#12143,#12167,#12195,.T.);
#12195 = SURFACE_CURVE('',#12196,(#12200,#12207),.PCURVE_S1.);
#12196 = LINE('',#12197,#12198);
#12197 = CARTESIAN_POINT('',(-2.619,2.145,-2.64));
#12198 = VECTOR('',#12199,1.);
#12199 = DIRECTION('',(0.,1.,0.));
#12200 = PCURVE('',#11992,#12201);
#12201 = DEFINITIONAL_REPRESENTATION('',(#12202),#12206);
#12202 = LINE('',#12203,#12204);
#12203 = CARTESIAN_POINT('',(0.,0.223445742855));
#12204 = VECTOR('',#12205,1.);
#12205 = DIRECTION('',(1.,0.));
#12206 = ( GEOMETRIC_REPRESENTATION_CONTEXT(2) 
PARAMETRIC_REPRESENTATION_CONTEXT() REPRESENTATION_CONTEXT('2D SPACE',''
  ) );
#12207 = PCURVE('',#12208,#12213);
#12208 = PLANE('',#12209);
#12209 = AXIS2_PLACEMENT_3D('',#12210,#12211,#12212);
#12210 = CARTESIAN_POINT('',(-2.935,2.145,-2.64));
#12211 = DIRECTION('',(0.,0.,1.));
#12212 = DIRECTION('',(1.,0.,0.));
#12213 = DEFINITIONAL_REPRESENTATION('',(#12214),#12218);
#12214 = LINE('',#12215,#12216);
#12215 = CARTESIAN_POINT('',(0.316,0.));
#12216 = VECTOR('',#12217,1.);
#12217 = DIRECTION('',(0.,1.));
#12218 = ( GEOMETRIC_REPRESENTATION_CONTEXT(2) 
PARAMETRIC_REPRESENTATION_CONTEXT() REPRESENTATION_CONTEXT('2D SPACE',''
  ) );
#12219 = ADVANCED_FACE('',(#12220),#12046,.T.);
#12220 = FACE_BOUND('',#12221,.T.);
#12221 = EDGE_LOOP('',(#12222,#12223,#12224,#12247));
#12222 = ORIENTED_EDGE('',*,*,#12032,.F.);
#12223 = ORIENTED_EDGE('',*,*,#12118,.T.);
#12224 = ORIENTED_EDGE('',*,*,#12225,.T.);
#12225 = EDGE_CURVE('',#12064,#12226,#12228,.T.);
#12226 = VERTEX_POINT('',#12227);
#12227 = CARTESIAN_POINT('',(-2.145,2.935,1.702));
#12228 = SURFACE_CURVE('',#12229,(#12233,#12240),.PCURVE_S1.);
#12229 = LINE('',#12230,#12231);
#12230 = CARTESIAN_POINT('',(-2.145,2.145,1.702));
#12231 = VECTOR('',#12232,1.);
#12232 = DIRECTION('',(0.,1.,0.));
#12233 = PCURVE('',#12046,#12234);
#12234 = DEFINITIONAL_REPRESENTATION('',(#12235),#12239);
#12235 = LINE('',#12236,#12237);
#12236 = CARTESIAN_POINT('',(0.79,0.));
#12237 = VECTOR('',#12238,1.);
#12238 = DIRECTION('',(0.,1.));
#12239 = ( GEOMETRIC_REPRESENTATION_CONTEXT(2) 
PARAMETRIC_REPRESENTATION_CONTEXT() REPRESENTATION_CONTEXT('2D SPACE',''
  ) );
#12240 = PCURVE('',#12079,#12241);
#12241 = DEFINITIONAL_REPRESENTATION('',(#12242),#12246);
#12242 = LINE('',#12243,#12244);
#12243 = CARTESIAN_POINT('',(4.342,0.));
#12244 = VECTOR('',#12245,1.);
#12245 = DIRECTION('',(0.,-1.));
#12246 = ( GEOMETRIC_REPRESENTATION_CONTEXT(2) 
PARAMETRIC_REPRESENTATION_CONTEXT() REPRESENTATION_CONTEXT('2D SPACE',''
  ) );
#12247 = ORIENTED_EDGE('',*,*,#12248,.F.);
#12248 = EDGE_CURVE('',#12005,#12226,#12249,.T.);
#12249 = SURFACE_CURVE('',#12250,(#12254,#12261),.PCURVE_S1.);
#12250 = LINE('',#12251,#12252);
#12251 = CARTESIAN_POINT('',(-2.935,2.935,1.702));
#12252 = VECTOR('',#12253,1.);
#12253 = DIRECTION('',(1.,0.,0.));
#12254 = PCURVE('',#12046,#12255);
#12255 = DEFINITIONAL_REPRESENTATION('',(#12256),#12260);
#12256 = LINE('',#12257,#12258);
#12257 = CARTESIAN_POINT('',(0.,0.79));
#12258 = VECTOR('',#12259,1.);
#12259 = DIRECTION('',(1.,0.));
#12260 = ( GEOMETRIC_REPRESENTATION_CONTEXT(2) 
PARAMETRIC_REPRESENTATION_CONTEXT() REPRESENTATION_CONTEXT('2D SPACE',''
  ) );
#12261 = PCURVE('',#12020,#12262);
#12262 = DEFINITIONAL_REPRESENTATION('',(#12263),#12267);
#12263 = LINE('',#12264,#12265);
#12264 = CARTESIAN_POINT('',(4.342,0.));
#12265 = VECTOR('',#12266,1.);
#12266 = DIRECTION('',(0.,1.));
#12267 = ( GEOMETRIC_REPRESENTATION_CONTEXT(2) 
PARAMETRIC_REPRESENTATION_CONTEXT() REPRESENTATION_CONTEXT('2D SPACE',''
  ) );
#12268 = ADVANCED_FACE('',(#12269),#12020,.T.);
#12269 = FACE_BOUND('',#12270,.T.);
#12270 = EDGE_LOOP('',(#12271,#12294,#12315,#12316));
#12271 = ORIENTED_EDGE('',*,*,#12272,.F.);
#12272 = EDGE_CURVE('',#12273,#12226,#12275,.T.);
#12273 = VERTEX_POINT('',#12274);
#12274 = CARTESIAN_POINT('',(-2.145,2.935,-2.324));
#12275 = SURFACE_CURVE('',#12276,(#12280,#12287),.PCURVE_S1.);
#12276 = LINE('',#12277,#12278);
#12277 = CARTESIAN_POINT('',(-2.145,2.935,-2.64));
#12278 = VECTOR('',#12279,1.);
#12279 = DIRECTION('',(0.,0.,1.));
#12280 = PCURVE('',#12020,#12281);
#12281 = DEFINITIONAL_REPRESENTATION('',(#12282),#12286);
#12282 = LINE('',#12283,#12284);
#12283 = CARTESIAN_POINT('',(0.,0.79));
#12284 = VECTOR('',#12285,1.);
#12285 = DIRECTION('',(1.,0.));
#12286 = ( GEOMETRIC_REPRESENTATION_CONTEXT(2) 
PARAMETRIC_REPRESENTATION_CONTEXT() REPRESENTATION_CONTEXT('2D SPACE',''
  ) );
#12287 = PCURVE('',#12079,#12288);
#12288 = DEFINITIONAL_REPRESENTATION('',(#12289),#12293);
#12289 = LINE('',#12290,#12291);
#12290 = CARTESIAN_POINT('',(0.,-0.79));
#12291 = VECTOR('',#12292,1.);
#12292 = DIRECTION('',(1.,0.));
#12293 = ( GEOMETRIC_REPRESENTATION_CONTEXT(2) 
PARAMETRIC_REPRESENTATION_CONTEXT() REPRESENTATION_CONTEXT('2D SPACE',''
  ) );
#12294 = ORIENTED_EDGE('',*,*,#12295,.F.);
#12295 = EDGE_CURVE('',#11977,#12273,#12296,.T.);
#12296 = SURFACE_CURVE('',#12297,(#12301,#12308),.PCURVE_S1.);
#12297 = LINE('',#12298,#12299);
#12298 = CARTESIAN_POINT('',(-2.935,2.935,-2.324));
#12299 = VECTOR('',#12300,1.);
#12300 = DIRECTION('',(1.,0.,0.));
#12301 = PCURVE('',#12020,#12302);
#12302 = DEFINITIONAL_REPRESENTATION('',(#12303),#12307);
#12303 = LINE('',#12304,#12305);
#12304 = CARTESIAN_POINT('',(0.316,0.));
#12305 = VECTOR('',#12306,1.);
#12306 = DIRECTION('',(0.,1.));
#12307 = ( GEOMETRIC_REPRESENTATION_CONTEXT(2) 
PARAMETRIC_REPRESENTATION_CONTEXT() REPRESENTATION_CONTEXT('2D SPACE',''
  ) );
#12308 = PCURVE('',#12182,#12309);
#12309 = DEFINITIONAL_REPRESENTATION('',(#12310),#12314);
#12310 = LINE('',#12311,#12312);
#12311 = CARTESIAN_POINT('',(-0.,-0.223445742855));
#12312 = VECTOR('',#12313,1.);
#12313 = DIRECTION('',(-1.,0.));
#12314 = ( GEOMETRIC_REPRESENTATION_CONTEXT(2) 
PARAMETRIC_REPRESENTATION_CONTEXT() REPRESENTATION_CONTEXT('2D SPACE',''
  ) );
#12315 = ORIENTED_EDGE('',*,*,#12004,.T.);
#12316 = ORIENTED_EDGE('',*,*,#12248,.T.);
#12317 = ADVANCED_FACE('',(#12318),#12079,.T.);
#12318 = FACE_BOUND('',#12319,.T.);
#12319 = EDGE_LOOP('',(#12320,#12321,#12347,#12348));
#12320 = ORIENTED_EDGE('',*,*,#12061,.F.);
#12321 = ORIENTED_EDGE('',*,*,#12322,.T.);
#12322 = EDGE_CURVE('',#12062,#12273,#12323,.T.);
#12323 = SURFACE_CURVE('',#12324,(#12328,#12335),.PCURVE_S1.);
#12324 = LINE('',#12325,#12326);
#12325 = CARTESIAN_POINT('',(-2.145,2.145,-2.324));
#12326 = VECTOR('',#12327,1.);
#12327 = DIRECTION('',(0.,1.,0.));
#12328 = PCURVE('',#12079,#12329);
#12329 = DEFINITIONAL_REPRESENTATION('',(#12330),#12334);
#12330 = LINE('',#12331,#12332);
#12331 = CARTESIAN_POINT('',(0.316,0.));
#12332 = VECTOR('',#12333,1.);
#12333 = DIRECTION('',(0.,-1.));
#12334 = ( GEOMETRIC_REPRESENTATION_CONTEXT(2) 
PARAMETRIC_REPRESENTATION_CONTEXT() REPRESENTATION_CONTEXT('2D SPACE',''
  ) );
#12335 = PCURVE('',#12336,#12341);
#12336 = PLANE('',#12337);
#12337 = AXIS2_PLACEMENT_3D('',#12338,#12339,#12340);
#12338 = CARTESIAN_POINT('',(-2.303,2.145,-2.482));
#12339 = DIRECTION('',(-0.707106781187,0.,0.707106781187));
#12340 = DIRECTION('',(0.,1.,0.));
#12341 = DEFINITIONAL_REPRESENTATION('',(#12342),#12346);
#12342 = LINE('',#12343,#12344);
#12343 = CARTESIAN_POINT('',(0.,-0.223445742855));
#12344 = VECTOR('',#12345,1.);
#12345 = DIRECTION('',(1.,0.));
#12346 = ( GEOMETRIC_REPRESENTATION_CONTEXT(2) 
PARAMETRIC_REPRESENTATION_CONTEXT() REPRESENTATION_CONTEXT('2D SPACE',''
  ) );
#12347 = ORIENTED_EDGE('',*,*,#12272,.T.);
#12348 = ORIENTED_EDGE('',*,*,#12225,.F.);
#12349 = ADVANCED_FACE('',(#12350),#12105,.T.);
#12350 = FACE_BOUND('',#12351,.F.);
#12351 = EDGE_LOOP('',(#12352,#12353,#12354,#12377));
#12352 = ORIENTED_EDGE('',*,*,#12142,.F.);
#12353 = ORIENTED_EDGE('',*,*,#12091,.T.);
#12354 = ORIENTED_EDGE('',*,*,#12355,.T.);
#12355 = EDGE_CURVE('',#12062,#12356,#12358,.T.);
#12356 = VERTEX_POINT('',#12357);
#12357 = CARTESIAN_POINT('',(-2.461,2.461,-2.64));
#12358 = SURFACE_CURVE('',#12359,(#12363,#12370),.PCURVE_S1.);
#12359 = LINE('',#12360,#12361);
#12360 = CARTESIAN_POINT('',(-2.382,2.382,-2.561));
#12361 = VECTOR('',#12362,1.);
#12362 = DIRECTION('',(-0.57735026919,0.57735026919,-0.57735026919));
#12363 = PCURVE('',#12105,#12364);
#12364 = DEFINITIONAL_REPRESENTATION('',(#12365),#12369);
#12365 = LINE('',#12366,#12367);
#12366 = CARTESIAN_POINT('',(-0.553,0.111722871427));
#12367 = VECTOR('',#12368,1.);
#12368 = DIRECTION('',(0.57735026919,0.816496580928));
#12369 = ( GEOMETRIC_REPRESENTATION_CONTEXT(2) 
PARAMETRIC_REPRESENTATION_CONTEXT() REPRESENTATION_CONTEXT('2D SPACE',''
  ) );
#12370 = PCURVE('',#12336,#12371);
#12371 = DEFINITIONAL_REPRESENTATION('',(#12372),#12376);
#12372 = LINE('',#12373,#12374);
#12373 = CARTESIAN_POINT('',(0.237,0.111722871427));
#12374 = VECTOR('',#12375,1.);
#12375 = DIRECTION('',(0.57735026919,0.816496580928));
#12376 = ( GEOMETRIC_REPRESENTATION_CONTEXT(2) 
PARAMETRIC_REPRESENTATION_CONTEXT() REPRESENTATION_CONTEXT('2D SPACE',''
  ) );
#12377 = ORIENTED_EDGE('',*,*,#12378,.F.);
#12378 = EDGE_CURVE('',#12143,#12356,#12379,.T.);
#12379 = SURFACE_CURVE('',#12380,(#12384,#12391),.PCURVE_S1.);
#12380 = LINE('',#12381,#12382);
#12381 = CARTESIAN_POINT('',(-2.935,2.461,-2.64));
#12382 = VECTOR('',#12383,1.);
#12383 = DIRECTION('',(1.,0.,0.));
#12384 = PCURVE('',#12105,#12385);
#12385 = DEFINITIONAL_REPRESENTATION('',(#12386),#12390);
#12386 = LINE('',#12387,#12388);
#12387 = CARTESIAN_POINT('',(-0.,0.223445742855));
#12388 = VECTOR('',#12389,1.);
#12389 = DIRECTION('',(-1.,0.));
#12390 = ( GEOMETRIC_REPRESENTATION_CONTEXT(2) 
PARAMETRIC_REPRESENTATION_CONTEXT() REPRESENTATION_CONTEXT('2D SPACE',''
  ) );
#12391 = PCURVE('',#12208,#12392);
#12392 = DEFINITIONAL_REPRESENTATION('',(#12393),#12397);
#12393 = LINE('',#12394,#12395);
#12394 = CARTESIAN_POINT('',(0.,0.316));
#12395 = VECTOR('',#12396,1.);
#12396 = DIRECTION('',(1.,0.));
#12397 = ( GEOMETRIC_REPRESENTATION_CONTEXT(2) 
PARAMETRIC_REPRESENTATION_CONTEXT() REPRESENTATION_CONTEXT('2D SPACE',''
  ) );
#12398 = ADVANCED_FACE('',(#12399),#12208,.F.);
#12399 = FACE_BOUND('',#12400,.F.);
#12400 = EDGE_LOOP('',(#12401,#12402,#12425,#12446));
#12401 = ORIENTED_EDGE('',*,*,#12378,.T.);
#12402 = ORIENTED_EDGE('',*,*,#12403,.T.);
#12403 = EDGE_CURVE('',#12356,#12404,#12406,.T.);
#12404 = VERTEX_POINT('',#12405);
#12405 = CARTESIAN_POINT('',(-2.461,2.619,-2.64));
#12406 = SURFACE_CURVE('',#12407,(#12411,#12418),.PCURVE_S1.);
#12407 = LINE('',#12408,#12409);
#12408 = CARTESIAN_POINT('',(-2.461,2.145,-2.64));
#12409 = VECTOR('',#12410,1.);
#12410 = DIRECTION('',(0.,1.,0.));
#12411 = PCURVE('',#12208,#12412);
#12412 = DEFINITIONAL_REPRESENTATION('',(#12413),#12417);
#12413 = LINE('',#12414,#12415);
#12414 = CARTESIAN_POINT('',(0.474,0.));
#12415 = VECTOR('',#12416,1.);
#12416 = DIRECTION('',(0.,1.));
#12417 = ( GEOMETRIC_REPRESENTATION_CONTEXT(2) 
PARAMETRIC_REPRESENTATION_CONTEXT() REPRESENTATION_CONTEXT('2D SPACE',''
  ) );
#12418 = PCURVE('',#12336,#12419);
#12419 = DEFINITIONAL_REPRESENTATION('',(#12420),#12424);
#12420 = LINE('',#12421,#12422);
#12421 = CARTESIAN_POINT('',(0.,0.223445742855));
#12422 = VECTOR('',#12423,1.);
#12423 = DIRECTION('',(1.,0.));
#12424 = ( GEOMETRIC_REPRESENTATION_CONTEXT(2) 
PARAMETRIC_REPRESENTATION_CONTEXT() REPRESENTATION_CONTEXT('2D SPACE',''
  ) );
#12425 = ORIENTED_EDGE('',*,*,#12426,.F.);
#12426 = EDGE_CURVE('',#12167,#12404,#12427,.T.);
#12427 = SURFACE_CURVE('',#12428,(#12432,#12439),.PCURVE_S1.);
#12428 = LINE('',#12429,#12430);
#12429 = CARTESIAN_POINT('',(-2.935,2.619,-2.64));
#12430 = VECTOR('',#12431,1.);
#12431 = DIRECTION('',(1.,0.,0.));
#12432 = PCURVE('',#12208,#12433);
#12433 = DEFINITIONAL_REPRESENTATION('',(#12434),#12438);
#12434 = LINE('',#12435,#12436);
#12435 = CARTESIAN_POINT('',(0.,0.474));
#12436 = VECTOR('',#12437,1.);
#12437 = DIRECTION('',(1.,0.));
#12438 = ( GEOMETRIC_REPRESENTATION_CONTEXT(2) 
PARAMETRIC_REPRESENTATION_CONTEXT() REPRESENTATION_CONTEXT('2D SPACE',''
  ) );
#12439 = PCURVE('',#12182,#12440);
#12440 = DEFINITIONAL_REPRESENTATION('',(#12441),#12445);
#12441 = LINE('',#12442,#12443);
#12442 = CARTESIAN_POINT('',(-0.,0.223445742855));
#12443 = VECTOR('',#12444,1.);
#12444 = DIRECTION('',(-1.,0.));
#12445 = ( GEOMETRIC_REPRESENTATION_CONTEXT(2) 
PARAMETRIC_REPRESENTATION_CONTEXT() REPRESENTATION_CONTEXT('2D SPACE',''
  ) );
#12446 = ORIENTED_EDGE('',*,*,#12194,.F.);
#12447 = ADVANCED_FACE('',(#12448),#12182,.F.);
#12448 = FACE_BOUND('',#12449,.T.);
#12449 = EDGE_LOOP('',(#12450,#12451,#12452,#12473));
#12450 = ORIENTED_EDGE('',*,*,#12166,.F.);
#12451 = ORIENTED_EDGE('',*,*,#12295,.T.);
#12452 = ORIENTED_EDGE('',*,*,#12453,.T.);
#12453 = EDGE_CURVE('',#12273,#12404,#12454,.T.);
#12454 = SURFACE_CURVE('',#12455,(#12459,#12466),.PCURVE_S1.);
#12455 = LINE('',#12456,#12457);
#12456 = CARTESIAN_POINT('',(-2.513666666667,2.566333333333,
    -2.692666666667));
#12457 = VECTOR('',#12458,1.);
#12458 = DIRECTION('',(-0.57735026919,-0.57735026919,-0.57735026919));
#12459 = PCURVE('',#12182,#12460);
#12460 = DEFINITIONAL_REPRESENTATION('',(#12461),#12465);
#12461 = LINE('',#12462,#12463);
#12462 = CARTESIAN_POINT('',(-0.421333333333,0.29792765714));
#12463 = VECTOR('',#12464,1.);
#12464 = DIRECTION('',(0.57735026919,0.816496580928));
#12465 = ( GEOMETRIC_REPRESENTATION_CONTEXT(2) 
PARAMETRIC_REPRESENTATION_CONTEXT() REPRESENTATION_CONTEXT('2D SPACE',''
  ) );
#12466 = PCURVE('',#12336,#12467);
#12467 = DEFINITIONAL_REPRESENTATION('',(#12468),#12472);
#12468 = LINE('',#12469,#12470);
#12469 = CARTESIAN_POINT('',(0.421333333333,0.29792765714));
#12470 = VECTOR('',#12471,1.);
#12471 = DIRECTION('',(-0.57735026919,0.816496580928));
#12472 = ( GEOMETRIC_REPRESENTATION_CONTEXT(2) 
PARAMETRIC_REPRESENTATION_CONTEXT() REPRESENTATION_CONTEXT('2D SPACE',''
  ) );
#12473 = ORIENTED_EDGE('',*,*,#12426,.F.);
#12474 = ADVANCED_FACE('',(#12475),#12336,.F.);
#12475 = FACE_BOUND('',#12476,.F.);
#12476 = EDGE_LOOP('',(#12477,#12478,#12479,#12480));
#12477 = ORIENTED_EDGE('',*,*,#12355,.F.);
#12478 = ORIENTED_EDGE('',*,*,#12322,.T.);
#12479 = ORIENTED_EDGE('',*,*,#12453,.T.);
#12480 = ORIENTED_EDGE('',*,*,#12403,.F.);
#12481 = MANIFOLD_SOLID_BREP('',#12482);
#12482 = CLOSED_SHELL('',(#12483,#12603,#12684,#12765,#12814,#12863,
    #12895,#12944,#12993,#13020));
#12483 = ADVANCED_FACE('',(#12484),#12498,.F.);
#12484 = FACE_BOUND('',#12485,.F.);
#12485 = EDGE_LOOP('',(#12486,#12521,#12549,#12577));
#12486 = ORIENTED_EDGE('',*,*,#12487,.F.);
#12487 = EDGE_CURVE('',#12488,#12490,#12492,.T.);
#12488 = VERTEX_POINT('',#12489);
#12489 = CARTESIAN_POINT('',(-5.475,-0.395,-2.324));
#12490 = VERTEX_POINT('',#12491);
#12491 = CARTESIAN_POINT('',(-5.475,-0.395,1.702));
#12492 = SURFACE_CURVE('',#12493,(#12497,#12509),.PCURVE_S1.);
#12493 = LINE('',#12494,#12495);
#12494 = CARTESIAN_POINT('',(-5.475,-0.395,-2.64));
#12495 = VECTOR('',#12496,1.);
#12496 = DIRECTION('',(0.,0.,1.));
#12497 = PCURVE('',#12498,#12503);
#12498 = PLANE('',#12499);
#12499 = AXIS2_PLACEMENT_3D('',#12500,#12501,#12502);
#12500 = CARTESIAN_POINT('',(-5.475,-0.395,-2.64));
#12501 = DIRECTION('',(1.,0.,0.));
#12502 = DIRECTION('',(0.,0.,1.));
#12503 = DEFINITIONAL_REPRESENTATION('',(#12504),#12508);
#12504 = LINE('',#12505,#12506);
#12505 = CARTESIAN_POINT('',(0.,0.));
#12506 = VECTOR('',#12507,1.);
#12507 = DIRECTION('',(1.,0.));
#12508 = ( GEOMETRIC_REPRESENTATION_CONTEXT(2) 
PARAMETRIC_REPRESENTATION_CONTEXT() REPRESENTATION_CONTEXT('2D SPACE',''
  ) );
#12509 = PCURVE('',#12510,#12515);
#12510 = PLANE('',#12511);
#12511 = AXIS2_PLACEMENT_3D('',#12512,#12513,#12514);
#12512 = CARTESIAN_POINT('',(-5.475,-0.395,-2.64));
#12513 = DIRECTION('',(0.,1.,0.));
#12514 = DIRECTION('',(0.,0.,1.));
#12515 = DEFINITIONAL_REPRESENTATION('',(#12516),#12520);
#12516 = LINE('',#12517,#12518);
#12517 = CARTESIAN_POINT('',(0.,0.));
#12518 = VECTOR('',#12519,1.);
#12519 = DIRECTION('',(1.,0.));
#12520 = ( GEOMETRIC_REPRESENTATION_CONTEXT(2) 
PARAMETRIC_REPRESENTATION_CONTEXT() REPRESENTATION_CONTEXT('2D SPACE',''
  ) );
#12521 = ORIENTED_EDGE('',*,*,#12522,.T.);
#12522 = EDGE_CURVE('',#12488,#12523,#12525,.T.);
#12523 = VERTEX_POINT('',#12524);
#12524 = CARTESIAN_POINT('',(-5.475,0.395,-2.324));
#12525 = SURFACE_CURVE('',#12526,(#12530,#12537),.PCURVE_S1.);
#12526 = LINE('',#12527,#12528);
#12527 = CARTESIAN_POINT('',(-5.475,-0.395,-2.324));
#12528 = VECTOR('',#12529,1.);
#12529 = DIRECTION('',(0.,1.,0.));
#12530 = PCURVE('',#12498,#12531);
#12531 = DEFINITIONAL_REPRESENTATION('',(#12532),#12536);
#12532 = LINE('',#12533,#12534);
#12533 = CARTESIAN_POINT('',(0.316,0.));
#12534 = VECTOR('',#12535,1.);
#12535 = DIRECTION('',(0.,-1.));
#12536 = ( GEOMETRIC_REPRESENTATION_CONTEXT(2) 
PARAMETRIC_REPRESENTATION_CONTEXT() REPRESENTATION_CONTEXT('2D SPACE',''
  ) );
#12537 = PCURVE('',#12538,#12543);
#12538 = PLANE('',#12539);
#12539 = AXIS2_PLACEMENT_3D('',#12540,#12541,#12542);
#12540 = CARTESIAN_POINT('',(-5.317,-0.395,-2.482));
#12541 = DIRECTION('',(-0.707106781187,0.,-0.707106781187));
#12542 = DIRECTION('',(0.,1.,0.));
#12543 = DEFINITIONAL_REPRESENTATION('',(#12544),#12548);
#12544 = LINE('',#12545,#12546);
#12545 = CARTESIAN_POINT('',(0.,-0.223445742855));
#12546 = VECTOR('',#12547,1.);
#12547 = DIRECTION('',(1.,0.));
#12548 = ( GEOMETRIC_REPRESENTATION_CONTEXT(2) 
PARAMETRIC_REPRESENTATION_CONTEXT() REPRESENTATION_CONTEXT('2D SPACE',''
  ) );
#12549 = ORIENTED_EDGE('',*,*,#12550,.T.);
#12550 = EDGE_CURVE('',#12523,#12551,#12553,.T.);
#12551 = VERTEX_POINT('',#12552);
#12552 = CARTESIAN_POINT('',(-5.475,0.395,1.702));
#12553 = SURFACE_CURVE('',#12554,(#12558,#12565),.PCURVE_S1.);
#12554 = LINE('',#12555,#12556);
#12555 = CARTESIAN_POINT('',(-5.475,0.395,-2.64));
#12556 = VECTOR('',#12557,1.);
#12557 = DIRECTION('',(0.,0.,1.));
#12558 = PCURVE('',#12498,#12559);
#12559 = DEFINITIONAL_REPRESENTATION('',(#12560),#12564);
#12560 = LINE('',#12561,#12562);
#12561 = CARTESIAN_POINT('',(0.,-0.79));
#12562 = VECTOR('',#12563,1.);
#12563 = DIRECTION('',(1.,0.));
#12564 = ( GEOMETRIC_REPRESENTATION_CONTEXT(2) 
PARAMETRIC_REPRESENTATION_CONTEXT() REPRESENTATION_CONTEXT('2D SPACE',''
  ) );
#12565 = PCURVE('',#12566,#12571);
#12566 = PLANE('',#12567);
#12567 = AXIS2_PLACEMENT_3D('',#12568,#12569,#12570);
#12568 = CARTESIAN_POINT('',(-5.475,0.395,-2.64));
#12569 = DIRECTION('',(0.,1.,0.));
#12570 = DIRECTION('',(0.,0.,1.));
#12571 = DEFINITIONAL_REPRESENTATION('',(#12572),#12576);
#12572 = LINE('',#12573,#12574);
#12573 = CARTESIAN_POINT('',(0.,0.));
#12574 = VECTOR('',#12575,1.);
#12575 = DIRECTION('',(1.,0.));
#12576 = ( GEOMETRIC_REPRESENTATION_CONTEXT(2) 
PARAMETRIC_REPRESENTATION_CONTEXT() REPRESENTATION_CONTEXT('2D SPACE',''
  ) );
#12577 = ORIENTED_EDGE('',*,*,#12578,.F.);
#12578 = EDGE_CURVE('',#12490,#12551,#12579,.T.);
#12579 = SURFACE_CURVE('',#12580,(#12584,#12591),.PCURVE_S1.);
#12580 = LINE('',#12581,#12582);
#12581 = CARTESIAN_POINT('',(-5.475,-0.395,1.702));
#12582 = VECTOR('',#12583,1.);
#12583 = DIRECTION('',(0.,1.,0.));
#12584 = PCURVE('',#12498,#12585);
#12585 = DEFINITIONAL_REPRESENTATION('',(#12586),#12590);
#12586 = LINE('',#12587,#12588);
#12587 = CARTESIAN_POINT('',(4.342,0.));
#12588 = VECTOR('',#12589,1.);
#12589 = DIRECTION('',(0.,-1.));
#12590 = ( GEOMETRIC_REPRESENTATION_CONTEXT(2) 
PARAMETRIC_REPRESENTATION_CONTEXT() REPRESENTATION_CONTEXT('2D SPACE',''
  ) );
#12591 = PCURVE('',#12592,#12597);
#12592 = PLANE('',#12593);
#12593 = AXIS2_PLACEMENT_3D('',#12594,#12595,#12596);
#12594 = CARTESIAN_POINT('',(-5.475,-0.395,1.702));
#12595 = DIRECTION('',(0.,0.,1.));
#12596 = DIRECTION('',(1.,0.,0.));
#12597 = DEFINITIONAL_REPRESENTATION('',(#12598),#12602);
#12598 = LINE('',#12599,#12600);
#12599 = CARTESIAN_POINT('',(0.,0.));
#12600 = VECTOR('',#12601,1.);
#12601 = DIRECTION('',(0.,1.));
#12602 = ( GEOMETRIC_REPRESENTATION_CONTEXT(2) 
PARAMETRIC_REPRESENTATION_CONTEXT() REPRESENTATION_CONTEXT('2D SPACE',''
  ) );
#12603 = ADVANCED_FACE('',(#12604),#12510,.F.);
#12604 = FACE_BOUND('',#12605,.F.);
#12605 = EDGE_LOOP('',(#12606,#12636,#12662,#12663));
#12606 = ORIENTED_EDGE('',*,*,#12607,.F.);
#12607 = EDGE_CURVE('',#12608,#12610,#12612,.T.);
#12608 = VERTEX_POINT('',#12609);
#12609 = CARTESIAN_POINT('',(-4.685,-0.395,-2.324));
#12610 = VERTEX_POINT('',#12611);
#12611 = CARTESIAN_POINT('',(-4.685,-0.395,1.702));
#12612 = SURFACE_CURVE('',#12613,(#12617,#12624),.PCURVE_S1.);
#12613 = LINE('',#12614,#12615);
#12614 = CARTESIAN_POINT('',(-4.685,-0.395,-2.64));
#12615 = VECTOR('',#12616,1.);
#12616 = DIRECTION('',(0.,0.,1.));
#12617 = PCURVE('',#12510,#12618);
#12618 = DEFINITIONAL_REPRESENTATION('',(#12619),#12623);
#12619 = LINE('',#12620,#12621);
#12620 = CARTESIAN_POINT('',(0.,0.79));
#12621 = VECTOR('',#12622,1.);
#12622 = DIRECTION('',(1.,0.));
#12623 = ( GEOMETRIC_REPRESENTATION_CONTEXT(2) 
PARAMETRIC_REPRESENTATION_CONTEXT() REPRESENTATION_CONTEXT('2D SPACE',''
  ) );
#12624 = PCURVE('',#12625,#12630);
#12625 = PLANE('',#12626);
#12626 = AXIS2_PLACEMENT_3D('',#12627,#12628,#12629);
#12627 = CARTESIAN_POINT('',(-4.685,-0.395,-2.64));
#12628 = DIRECTION('',(1.,0.,0.));
#12629 = DIRECTION('',(0.,0.,1.));
#12630 = DEFINITIONAL_REPRESENTATION('',(#12631),#12635);
#12631 = LINE('',#12632,#12633);
#12632 = CARTESIAN_POINT('',(0.,0.));
#12633 = VECTOR('',#12634,1.);
#12634 = DIRECTION('',(1.,0.));
#12635 = ( GEOMETRIC_REPRESENTATION_CONTEXT(2) 
PARAMETRIC_REPRESENTATION_CONTEXT() REPRESENTATION_CONTEXT('2D SPACE',''
  ) );
#12636 = ORIENTED_EDGE('',*,*,#12637,.F.);
#12637 = EDGE_CURVE('',#12488,#12608,#12638,.T.);
#12638 = SURFACE_CURVE('',#12639,(#12643,#12650),.PCURVE_S1.);
#12639 = LINE('',#12640,#12641);
#12640 = CARTESIAN_POINT('',(-5.475,-0.395,-2.324));
#12641 = VECTOR('',#12642,1.);
#12642 = DIRECTION('',(1.,0.,0.));
#12643 = PCURVE('',#12510,#12644);
#12644 = DEFINITIONAL_REPRESENTATION('',(#12645),#12649);
#12645 = LINE('',#12646,#12647);
#12646 = CARTESIAN_POINT('',(0.316,0.));
#12647 = VECTOR('',#12648,1.);
#12648 = DIRECTION('',(0.,1.));
#12649 = ( GEOMETRIC_REPRESENTATION_CONTEXT(2) 
PARAMETRIC_REPRESENTATION_CONTEXT() REPRESENTATION_CONTEXT('2D SPACE',''
  ) );
#12650 = PCURVE('',#12651,#12656);
#12651 = PLANE('',#12652);
#12652 = AXIS2_PLACEMENT_3D('',#12653,#12654,#12655);
#12653 = CARTESIAN_POINT('',(-5.475,-0.237,-2.482));
#12654 = DIRECTION('',(0.,-0.707106781187,-0.707106781187));
#12655 = DIRECTION('',(-1.,-0.,-0.));
#12656 = DEFINITIONAL_REPRESENTATION('',(#12657),#12661);
#12657 = LINE('',#12658,#12659);
#12658 = CARTESIAN_POINT('',(-0.,-0.223445742855));
#12659 = VECTOR('',#12660,1.);
#12660 = DIRECTION('',(-1.,0.));
#12661 = ( GEOMETRIC_REPRESENTATION_CONTEXT(2) 
PARAMETRIC_REPRESENTATION_CONTEXT() REPRESENTATION_CONTEXT('2D SPACE',''
  ) );
#12662 = ORIENTED_EDGE('',*,*,#12487,.T.);
#12663 = ORIENTED_EDGE('',*,*,#12664,.T.);
#12664 = EDGE_CURVE('',#12490,#12610,#12665,.T.);
#12665 = SURFACE_CURVE('',#12666,(#12670,#12677),.PCURVE_S1.);
#12666 = LINE('',#12667,#12668);
#12667 = CARTESIAN_POINT('',(-5.475,-0.395,1.702));
#12668 = VECTOR('',#12669,1.);
#12669 = DIRECTION('',(1.,0.,0.));
#12670 = PCURVE('',#12510,#12671);
#12671 = DEFINITIONAL_REPRESENTATION('',(#12672),#12676);
#12672 = LINE('',#12673,#12674);
#12673 = CARTESIAN_POINT('',(4.342,0.));
#12674 = VECTOR('',#12675,1.);
#12675 = DIRECTION('',(0.,1.));
#12676 = ( GEOMETRIC_REPRESENTATION_CONTEXT(2) 
PARAMETRIC_REPRESENTATION_CONTEXT() REPRESENTATION_CONTEXT('2D SPACE',''
  ) );
#12677 = PCURVE('',#12592,#12678);
#12678 = DEFINITIONAL_REPRESENTATION('',(#12679),#12683);
#12679 = LINE('',#12680,#12681);
#12680 = CARTESIAN_POINT('',(0.,0.));
#12681 = VECTOR('',#12682,1.);
#12682 = DIRECTION('',(1.,0.));
#12683 = ( GEOMETRIC_REPRESENTATION_CONTEXT(2) 
PARAMETRIC_REPRESENTATION_CONTEXT() REPRESENTATION_CONTEXT('2D SPACE',''
  ) );
#12684 = ADVANCED_FACE('',(#12685),#12538,.T.);
#12685 = FACE_BOUND('',#12686,.T.);
#12686 = EDGE_LOOP('',(#12687,#12710,#12711,#12739));
#12687 = ORIENTED_EDGE('',*,*,#12688,.F.);
#12688 = EDGE_CURVE('',#12488,#12689,#12691,.T.);
#12689 = VERTEX_POINT('',#12690);
#12690 = CARTESIAN_POINT('',(-5.159,-7.9E-02,-2.64));
#12691 = SURFACE_CURVE('',#12692,(#12696,#12703),.PCURVE_S1.);
#12692 = LINE('',#12693,#12694);
#12693 = CARTESIAN_POINT('',(-5.369666666667,-0.289666666667,
    -2.429333333333));
#12694 = VECTOR('',#12695,1.);
#12695 = DIRECTION('',(0.57735026919,0.57735026919,-0.57735026919));
#12696 = PCURVE('',#12538,#12697);
#12697 = DEFINITIONAL_REPRESENTATION('',(#12698),#12702);
#12698 = LINE('',#12699,#12700);
#12699 = CARTESIAN_POINT('',(0.105333333333,-7.448191428498E-02));
#12700 = VECTOR('',#12701,1.);
#12701 = DIRECTION('',(0.57735026919,0.816496580928));
#12702 = ( GEOMETRIC_REPRESENTATION_CONTEXT(2) 
PARAMETRIC_REPRESENTATION_CONTEXT() REPRESENTATION_CONTEXT('2D SPACE',''
  ) );
#12703 = PCURVE('',#12651,#12704);
#12704 = DEFINITIONAL_REPRESENTATION('',(#12705),#12709);
#12705 = LINE('',#12706,#12707);
#12706 = CARTESIAN_POINT('',(-0.105333333333,-7.448191428498E-02));
#12707 = VECTOR('',#12708,1.);
#12708 = DIRECTION('',(-0.57735026919,0.816496580928));
#12709 = ( GEOMETRIC_REPRESENTATION_CONTEXT(2) 
PARAMETRIC_REPRESENTATION_CONTEXT() REPRESENTATION_CONTEXT('2D SPACE',''
  ) );
#12710 = ORIENTED_EDGE('',*,*,#12522,.T.);
#12711 = ORIENTED_EDGE('',*,*,#12712,.T.);
#12712 = EDGE_CURVE('',#12523,#12713,#12715,.T.);
#12713 = VERTEX_POINT('',#12714);
#12714 = CARTESIAN_POINT('',(-5.159,7.9E-02,-2.64));
#12715 = SURFACE_CURVE('',#12716,(#12720,#12727),.PCURVE_S1.);
#12716 = LINE('',#12717,#12718);
#12717 = CARTESIAN_POINT('',(-5.238,0.158,-2.561));
#12718 = VECTOR('',#12719,1.);
#12719 = DIRECTION('',(0.57735026919,-0.57735026919,-0.57735026919));
#12720 = PCURVE('',#12538,#12721);
#12721 = DEFINITIONAL_REPRESENTATION('',(#12722),#12726);
#12722 = LINE('',#12723,#12724);
#12723 = CARTESIAN_POINT('',(0.553,0.111722871427));
#12724 = VECTOR('',#12725,1.);
#12725 = DIRECTION('',(-0.57735026919,0.816496580928));
#12726 = ( GEOMETRIC_REPRESENTATION_CONTEXT(2) 
PARAMETRIC_REPRESENTATION_CONTEXT() REPRESENTATION_CONTEXT('2D SPACE',''
  ) );
#12727 = PCURVE('',#12728,#12733);
#12728 = PLANE('',#12729);
#12729 = AXIS2_PLACEMENT_3D('',#12730,#12731,#12732);
#12730 = CARTESIAN_POINT('',(-5.475,0.237,-2.482));
#12731 = DIRECTION('',(0.,-0.707106781187,0.707106781187));
#12732 = DIRECTION('',(-1.,-0.,-0.));
#12733 = DEFINITIONAL_REPRESENTATION('',(#12734),#12738);
#12734 = LINE('',#12735,#12736);
#12735 = CARTESIAN_POINT('',(-0.237,0.111722871427));
#12736 = VECTOR('',#12737,1.);
#12737 = DIRECTION('',(-0.57735026919,0.816496580928));
#12738 = ( GEOMETRIC_REPRESENTATION_CONTEXT(2) 
PARAMETRIC_REPRESENTATION_CONTEXT() REPRESENTATION_CONTEXT('2D SPACE',''
  ) );
#12739 = ORIENTED_EDGE('',*,*,#12740,.F.);
#12740 = EDGE_CURVE('',#12689,#12713,#12741,.T.);
#12741 = SURFACE_CURVE('',#12742,(#12746,#12753),.PCURVE_S1.);
#12742 = LINE('',#12743,#12744);
#12743 = CARTESIAN_POINT('',(-5.159,-0.395,-2.64));
#12744 = VECTOR('',#12745,1.);
#12745 = DIRECTION('',(0.,1.,0.));
#12746 = PCURVE('',#12538,#12747);
#12747 = DEFINITIONAL_REPRESENTATION('',(#12748),#12752);
#12748 = LINE('',#12749,#12750);
#12749 = CARTESIAN_POINT('',(0.,0.223445742855));
#12750 = VECTOR('',#12751,1.);
#12751 = DIRECTION('',(1.,0.));
#12752 = ( GEOMETRIC_REPRESENTATION_CONTEXT(2) 
PARAMETRIC_REPRESENTATION_CONTEXT() REPRESENTATION_CONTEXT('2D SPACE',''
  ) );
#12753 = PCURVE('',#12754,#12759);
#12754 = PLANE('',#12755);
#12755 = AXIS2_PLACEMENT_3D('',#12756,#12757,#12758);
#12756 = CARTESIAN_POINT('',(-5.475,-0.395,-2.64));
#12757 = DIRECTION('',(0.,0.,1.));
#12758 = DIRECTION('',(1.,0.,0.));
#12759 = DEFINITIONAL_REPRESENTATION('',(#12760),#12764);
#12760 = LINE('',#12761,#12762);
#12761 = CARTESIAN_POINT('',(0.316,0.));
#12762 = VECTOR('',#12763,1.);
#12763 = DIRECTION('',(0.,1.));
#12764 = ( GEOMETRIC_REPRESENTATION_CONTEXT(2) 
PARAMETRIC_REPRESENTATION_CONTEXT() REPRESENTATION_CONTEXT('2D SPACE',''
  ) );
#12765 = ADVANCED_FACE('',(#12766),#12592,.T.);
#12766 = FACE_BOUND('',#12767,.T.);
#12767 = EDGE_LOOP('',(#12768,#12769,#12770,#12793));
#12768 = ORIENTED_EDGE('',*,*,#12578,.F.);
#12769 = ORIENTED_EDGE('',*,*,#12664,.T.);
#12770 = ORIENTED_EDGE('',*,*,#12771,.T.);
#12771 = EDGE_CURVE('',#12610,#12772,#12774,.T.);
#12772 = VERTEX_POINT('',#12773);
#12773 = CARTESIAN_POINT('',(-4.685,0.395,1.702));
#12774 = SURFACE_CURVE('',#12775,(#12779,#12786),.PCURVE_S1.);
#12775 = LINE('',#12776,#12777);
#12776 = CARTESIAN_POINT('',(-4.685,-0.395,1.702));
#12777 = VECTOR('',#12778,1.);
#12778 = DIRECTION('',(0.,1.,0.));
#12779 = PCURVE('',#12592,#12780);
#12780 = DEFINITIONAL_REPRESENTATION('',(#12781),#12785);
#12781 = LINE('',#12782,#12783);
#12782 = CARTESIAN_POINT('',(0.79,0.));
#12783 = VECTOR('',#12784,1.);
#12784 = DIRECTION('',(0.,1.));
#12785 = ( GEOMETRIC_REPRESENTATION_CONTEXT(2) 
PARAMETRIC_REPRESENTATION_CONTEXT() REPRESENTATION_CONTEXT('2D SPACE',''
  ) );
#12786 = PCURVE('',#12625,#12787);
#12787 = DEFINITIONAL_REPRESENTATION('',(#12788),#12792);
#12788 = LINE('',#12789,#12790);
#12789 = CARTESIAN_POINT('',(4.342,0.));
#12790 = VECTOR('',#12791,1.);
#12791 = DIRECTION('',(0.,-1.));
#12792 = ( GEOMETRIC_REPRESENTATION_CONTEXT(2) 
PARAMETRIC_REPRESENTATION_CONTEXT() REPRESENTATION_CONTEXT('2D SPACE',''
  ) );
#12793 = ORIENTED_EDGE('',*,*,#12794,.F.);
#12794 = EDGE_CURVE('',#12551,#12772,#12795,.T.);
#12795 = SURFACE_CURVE('',#12796,(#12800,#12807),.PCURVE_S1.);
#12796 = LINE('',#12797,#12798);
#12797 = CARTESIAN_POINT('',(-5.475,0.395,1.702));
#12798 = VECTOR('',#12799,1.);
#12799 = DIRECTION('',(1.,0.,0.));
#12800 = PCURVE('',#12592,#12801);
#12801 = DEFINITIONAL_REPRESENTATION('',(#12802),#12806);
#12802 = LINE('',#12803,#12804);
#12803 = CARTESIAN_POINT('',(0.,0.79));
#12804 = VECTOR('',#12805,1.);
#12805 = DIRECTION('',(1.,0.));
#12806 = ( GEOMETRIC_REPRESENTATION_CONTEXT(2) 
PARAMETRIC_REPRESENTATION_CONTEXT() REPRESENTATION_CONTEXT('2D SPACE',''
  ) );
#12807 = PCURVE('',#12566,#12808);
#12808 = DEFINITIONAL_REPRESENTATION('',(#12809),#12813);
#12809 = LINE('',#12810,#12811);
#12810 = CARTESIAN_POINT('',(4.342,0.));
#12811 = VECTOR('',#12812,1.);
#12812 = DIRECTION('',(0.,1.));
#12813 = ( GEOMETRIC_REPRESENTATION_CONTEXT(2) 
PARAMETRIC_REPRESENTATION_CONTEXT() REPRESENTATION_CONTEXT('2D SPACE',''
  ) );
#12814 = ADVANCED_FACE('',(#12815),#12566,.T.);
#12815 = FACE_BOUND('',#12816,.T.);
#12816 = EDGE_LOOP('',(#12817,#12840,#12861,#12862));
#12817 = ORIENTED_EDGE('',*,*,#12818,.F.);
#12818 = EDGE_CURVE('',#12819,#12772,#12821,.T.);
#12819 = VERTEX_POINT('',#12820);
#12820 = CARTESIAN_POINT('',(-4.685,0.395,-2.324));
#12821 = SURFACE_CURVE('',#12822,(#12826,#12833),.PCURVE_S1.);
#12822 = LINE('',#12823,#12824);
#12823 = CARTESIAN_POINT('',(-4.685,0.395,-2.64));
#12824 = VECTOR('',#12825,1.);
#12825 = DIRECTION('',(0.,0.,1.));
#12826 = PCURVE('',#12566,#12827);
#12827 = DEFINITIONAL_REPRESENTATION('',(#12828),#12832);
#12828 = LINE('',#12829,#12830);
#12829 = CARTESIAN_POINT('',(0.,0.79));
#12830 = VECTOR('',#12831,1.);
#12831 = DIRECTION('',(1.,0.));
#12832 = ( GEOMETRIC_REPRESENTATION_CONTEXT(2) 
PARAMETRIC_REPRESENTATION_CONTEXT() REPRESENTATION_CONTEXT('2D SPACE',''
  ) );
#12833 = PCURVE('',#12625,#12834);
#12834 = DEFINITIONAL_REPRESENTATION('',(#12835),#12839);
#12835 = LINE('',#12836,#12837);
#12836 = CARTESIAN_POINT('',(0.,-0.79));
#12837 = VECTOR('',#12838,1.);
#12838 = DIRECTION('',(1.,0.));
#12839 = ( GEOMETRIC_REPRESENTATION_CONTEXT(2) 
PARAMETRIC_REPRESENTATION_CONTEXT() REPRESENTATION_CONTEXT('2D SPACE',''
  ) );
#12840 = ORIENTED_EDGE('',*,*,#12841,.F.);
#12841 = EDGE_CURVE('',#12523,#12819,#12842,.T.);
#12842 = SURFACE_CURVE('',#12843,(#12847,#12854),.PCURVE_S1.);
#12843 = LINE('',#12844,#12845);
#12844 = CARTESIAN_POINT('',(-5.475,0.395,-2.324));
#12845 = VECTOR('',#12846,1.);
#12846 = DIRECTION('',(1.,0.,0.));
#12847 = PCURVE('',#12566,#12848);
#12848 = DEFINITIONAL_REPRESENTATION('',(#12849),#12853);
#12849 = LINE('',#12850,#12851);
#12850 = CARTESIAN_POINT('',(0.316,0.));
#12851 = VECTOR('',#12852,1.);
#12852 = DIRECTION('',(0.,1.));
#12853 = ( GEOMETRIC_REPRESENTATION_CONTEXT(2) 
PARAMETRIC_REPRESENTATION_CONTEXT() REPRESENTATION_CONTEXT('2D SPACE',''
  ) );
#12854 = PCURVE('',#12728,#12855);
#12855 = DEFINITIONAL_REPRESENTATION('',(#12856),#12860);
#12856 = LINE('',#12857,#12858);
#12857 = CARTESIAN_POINT('',(-0.,-0.223445742855));
#12858 = VECTOR('',#12859,1.);
#12859 = DIRECTION('',(-1.,0.));
#12860 = ( GEOMETRIC_REPRESENTATION_CONTEXT(2) 
PARAMETRIC_REPRESENTATION_CONTEXT() REPRESENTATION_CONTEXT('2D SPACE',''
  ) );
#12861 = ORIENTED_EDGE('',*,*,#12550,.T.);
#12862 = ORIENTED_EDGE('',*,*,#12794,.T.);
#12863 = ADVANCED_FACE('',(#12864),#12625,.T.);
#12864 = FACE_BOUND('',#12865,.T.);
#12865 = EDGE_LOOP('',(#12866,#12867,#12893,#12894));
#12866 = ORIENTED_EDGE('',*,*,#12607,.F.);
#12867 = ORIENTED_EDGE('',*,*,#12868,.T.);
#12868 = EDGE_CURVE('',#12608,#12819,#12869,.T.);
#12869 = SURFACE_CURVE('',#12870,(#12874,#12881),.PCURVE_S1.);
#12870 = LINE('',#12871,#12872);
#12871 = CARTESIAN_POINT('',(-4.685,-0.395,-2.324));
#12872 = VECTOR('',#12873,1.);
#12873 = DIRECTION('',(0.,1.,0.));
#12874 = PCURVE('',#12625,#12875);
#12875 = DEFINITIONAL_REPRESENTATION('',(#12876),#12880);
#12876 = LINE('',#12877,#12878);
#12877 = CARTESIAN_POINT('',(0.316,0.));
#12878 = VECTOR('',#12879,1.);
#12879 = DIRECTION('',(0.,-1.));
#12880 = ( GEOMETRIC_REPRESENTATION_CONTEXT(2) 
PARAMETRIC_REPRESENTATION_CONTEXT() REPRESENTATION_CONTEXT('2D SPACE',''
  ) );
#12881 = PCURVE('',#12882,#12887);
#12882 = PLANE('',#12883);
#12883 = AXIS2_PLACEMENT_3D('',#12884,#12885,#12886);
#12884 = CARTESIAN_POINT('',(-4.843,-0.395,-2.482));
#12885 = DIRECTION('',(-0.707106781187,0.,0.707106781187));
#12886 = DIRECTION('',(0.,1.,0.));
#12887 = DEFINITIONAL_REPRESENTATION('',(#12888),#12892);
#12888 = LINE('',#12889,#12890);
#12889 = CARTESIAN_POINT('',(0.,-0.223445742855));
#12890 = VECTOR('',#12891,1.);
#12891 = DIRECTION('',(1.,0.));
#12892 = ( GEOMETRIC_REPRESENTATION_CONTEXT(2) 
PARAMETRIC_REPRESENTATION_CONTEXT() REPRESENTATION_CONTEXT('2D SPACE',''
  ) );
#12893 = ORIENTED_EDGE('',*,*,#12818,.T.);
#12894 = ORIENTED_EDGE('',*,*,#12771,.F.);
#12895 = ADVANCED_FACE('',(#12896),#12651,.T.);
#12896 = FACE_BOUND('',#12897,.F.);
#12897 = EDGE_LOOP('',(#12898,#12899,#12900,#12923));
#12898 = ORIENTED_EDGE('',*,*,#12688,.F.);
#12899 = ORIENTED_EDGE('',*,*,#12637,.T.);
#12900 = ORIENTED_EDGE('',*,*,#12901,.T.);
#12901 = EDGE_CURVE('',#12608,#12902,#12904,.T.);
#12902 = VERTEX_POINT('',#12903);
#12903 = CARTESIAN_POINT('',(-5.001,-7.9E-02,-2.64));
#12904 = SURFACE_CURVE('',#12905,(#12909,#12916),.PCURVE_S1.);
#12905 = LINE('',#12906,#12907);
#12906 = CARTESIAN_POINT('',(-4.922,-0.158,-2.561));
#12907 = VECTOR('',#12908,1.);
#12908 = DIRECTION('',(-0.57735026919,0.57735026919,-0.57735026919));
#12909 = PCURVE('',#12651,#12910);
#12910 = DEFINITIONAL_REPRESENTATION('',(#12911),#12915);
#12911 = LINE('',#12912,#12913);
#12912 = CARTESIAN_POINT('',(-0.553,0.111722871427));
#12913 = VECTOR('',#12914,1.);
#12914 = DIRECTION('',(0.57735026919,0.816496580928));
#12915 = ( GEOMETRIC_REPRESENTATION_CONTEXT(2) 
PARAMETRIC_REPRESENTATION_CONTEXT() REPRESENTATION_CONTEXT('2D SPACE',''
  ) );
#12916 = PCURVE('',#12882,#12917);
#12917 = DEFINITIONAL_REPRESENTATION('',(#12918),#12922);
#12918 = LINE('',#12919,#12920);
#12919 = CARTESIAN_POINT('',(0.237,0.111722871427));
#12920 = VECTOR('',#12921,1.);
#12921 = DIRECTION('',(0.57735026919,0.816496580928));
#12922 = ( GEOMETRIC_REPRESENTATION_CONTEXT(2) 
PARAMETRIC_REPRESENTATION_CONTEXT() REPRESENTATION_CONTEXT('2D SPACE',''
  ) );
#12923 = ORIENTED_EDGE('',*,*,#12924,.F.);
#12924 = EDGE_CURVE('',#12689,#12902,#12925,.T.);
#12925 = SURFACE_CURVE('',#12926,(#12930,#12937),.PCURVE_S1.);
#12926 = LINE('',#12927,#12928);
#12927 = CARTESIAN_POINT('',(-5.475,-7.9E-02,-2.64));
#12928 = VECTOR('',#12929,1.);
#12929 = DIRECTION('',(1.,0.,0.));
#12930 = PCURVE('',#12651,#12931);
#12931 = DEFINITIONAL_REPRESENTATION('',(#12932),#12936);
#12932 = LINE('',#12933,#12934);
#12933 = CARTESIAN_POINT('',(-0.,0.223445742855));
#12934 = VECTOR('',#12935,1.);
#12935 = DIRECTION('',(-1.,0.));
#12936 = ( GEOMETRIC_REPRESENTATION_CONTEXT(2) 
PARAMETRIC_REPRESENTATION_CONTEXT() REPRESENTATION_CONTEXT('2D SPACE',''
  ) );
#12937 = PCURVE('',#12754,#12938);
#12938 = DEFINITIONAL_REPRESENTATION('',(#12939),#12943);
#12939 = LINE('',#12940,#12941);
#12940 = CARTESIAN_POINT('',(0.,0.316));
#12941 = VECTOR('',#12942,1.);
#12942 = DIRECTION('',(1.,0.));
#12943 = ( GEOMETRIC_REPRESENTATION_CONTEXT(2) 
PARAMETRIC_REPRESENTATION_CONTEXT() REPRESENTATION_CONTEXT('2D SPACE',''
  ) );
#12944 = ADVANCED_FACE('',(#12945),#12754,.F.);
#12945 = FACE_BOUND('',#12946,.F.);
#12946 = EDGE_LOOP('',(#12947,#12948,#12971,#12992));
#12947 = ORIENTED_EDGE('',*,*,#12924,.T.);
#12948 = ORIENTED_EDGE('',*,*,#12949,.T.);
#12949 = EDGE_CURVE('',#12902,#12950,#12952,.T.);
#12950 = VERTEX_POINT('',#12951);
#12951 = CARTESIAN_POINT('',(-5.001,7.9E-02,-2.64));
#12952 = SURFACE_CURVE('',#12953,(#12957,#12964),.PCURVE_S1.);
#12953 = LINE('',#12954,#12955);
#12954 = CARTESIAN_POINT('',(-5.001,-0.395,-2.64));
#12955 = VECTOR('',#12956,1.);
#12956 = DIRECTION('',(0.,1.,0.));
#12957 = PCURVE('',#12754,#12958);
#12958 = DEFINITIONAL_REPRESENTATION('',(#12959),#12963);
#12959 = LINE('',#12960,#12961);
#12960 = CARTESIAN_POINT('',(0.474,0.));
#12961 = VECTOR('',#12962,1.);
#12962 = DIRECTION('',(0.,1.));
#12963 = ( GEOMETRIC_REPRESENTATION_CONTEXT(2) 
PARAMETRIC_REPRESENTATION_CONTEXT() REPRESENTATION_CONTEXT('2D SPACE',''
  ) );
#12964 = PCURVE('',#12882,#12965);
#12965 = DEFINITIONAL_REPRESENTATION('',(#12966),#12970);
#12966 = LINE('',#12967,#12968);
#12967 = CARTESIAN_POINT('',(0.,0.223445742855));
#12968 = VECTOR('',#12969,1.);
#12969 = DIRECTION('',(1.,0.));
#12970 = ( GEOMETRIC_REPRESENTATION_CONTEXT(2) 
PARAMETRIC_REPRESENTATION_CONTEXT() REPRESENTATION_CONTEXT('2D SPACE',''
  ) );
#12971 = ORIENTED_EDGE('',*,*,#12972,.F.);
#12972 = EDGE_CURVE('',#12713,#12950,#12973,.T.);
#12973 = SURFACE_CURVE('',#12974,(#12978,#12985),.PCURVE_S1.);
#12974 = LINE('',#12975,#12976);
#12975 = CARTESIAN_POINT('',(-5.475,7.9E-02,-2.64));
#12976 = VECTOR('',#12977,1.);
#12977 = DIRECTION('',(1.,0.,0.));
#12978 = PCURVE('',#12754,#12979);
#12979 = DEFINITIONAL_REPRESENTATION('',(#12980),#12984);
#12980 = LINE('',#12981,#12982);
#12981 = CARTESIAN_POINT('',(0.,0.474));
#12982 = VECTOR('',#12983,1.);
#12983 = DIRECTION('',(1.,0.));
#12984 = ( GEOMETRIC_REPRESENTATION_CONTEXT(2) 
PARAMETRIC_REPRESENTATION_CONTEXT() REPRESENTATION_CONTEXT('2D SPACE',''
  ) );
#12985 = PCURVE('',#12728,#12986);
#12986 = DEFINITIONAL_REPRESENTATION('',(#12987),#12991);
#12987 = LINE('',#12988,#12989);
#12988 = CARTESIAN_POINT('',(-0.,0.223445742855));
#12989 = VECTOR('',#12990,1.);
#12990 = DIRECTION('',(-1.,0.));
#12991 = ( GEOMETRIC_REPRESENTATION_CONTEXT(2) 
PARAMETRIC_REPRESENTATION_CONTEXT() REPRESENTATION_CONTEXT('2D SPACE',''
  ) );
#12992 = ORIENTED_EDGE('',*,*,#12740,.F.);
#12993 = ADVANCED_FACE('',(#12994),#12728,.F.);
#12994 = FACE_BOUND('',#12995,.T.);
#12995 = EDGE_LOOP('',(#12996,#12997,#12998,#13019));
#12996 = ORIENTED_EDGE('',*,*,#12712,.F.);
#12997 = ORIENTED_EDGE('',*,*,#12841,.T.);
#12998 = ORIENTED_EDGE('',*,*,#12999,.T.);
#12999 = EDGE_CURVE('',#12819,#12950,#13000,.T.);
#13000 = SURFACE_CURVE('',#13001,(#13005,#13012),.PCURVE_S1.);
#13001 = LINE('',#13002,#13003);
#13002 = CARTESIAN_POINT('',(-5.053666666667,2.633333333333E-02,
    -2.692666666667));
#13003 = VECTOR('',#13004,1.);
#13004 = DIRECTION('',(-0.57735026919,-0.57735026919,-0.57735026919));
#13005 = PCURVE('',#12728,#13006);
#13006 = DEFINITIONAL_REPRESENTATION('',(#13007),#13011);
#13007 = LINE('',#13008,#13009);
#13008 = CARTESIAN_POINT('',(-0.421333333333,0.29792765714));
#13009 = VECTOR('',#13010,1.);
#13010 = DIRECTION('',(0.57735026919,0.816496580928));
#13011 = ( GEOMETRIC_REPRESENTATION_CONTEXT(2) 
PARAMETRIC_REPRESENTATION_CONTEXT() REPRESENTATION_CONTEXT('2D SPACE',''
  ) );
#13012 = PCURVE('',#12882,#13013);
#13013 = DEFINITIONAL_REPRESENTATION('',(#13014),#13018);
#13014 = LINE('',#13015,#13016);
#13015 = CARTESIAN_POINT('',(0.421333333333,0.29792765714));
#13016 = VECTOR('',#13017,1.);
#13017 = DIRECTION('',(-0.57735026919,0.816496580928));
#13018 = ( GEOMETRIC_REPRESENTATION_CONTEXT(2) 
PARAMETRIC_REPRESENTATION_CONTEXT() REPRESENTATION_CONTEXT('2D SPACE',''
  ) );
#13019 = ORIENTED_EDGE('',*,*,#12972,.F.);
#13020 = ADVANCED_FACE('',(#13021),#12882,.F.);
#13021 = FACE_BOUND('',#13022,.F.);
#13022 = EDGE_LOOP('',(#13023,#13024,#13025,#13026));
#13023 = ORIENTED_EDGE('',*,*,#12901,.F.);
#13024 = ORIENTED_EDGE('',*,*,#12868,.T.);
#13025 = ORIENTED_EDGE('',*,*,#12999,.T.);
#13026 = ORIENTED_EDGE('',*,*,#12949,.F.);
#13027 = MANIFOLD_SOLID_BREP('',#13028);
#13028 = CLOSED_SHELL('',(#13029,#13149,#13230,#13311,#13360,#13409,
    #13441,#13490,#13539,#13566));
#13029 = ADVANCED_FACE('',(#13030),#13044,.F.);
#13030 = FACE_BOUND('',#13031,.F.);
#13031 = EDGE_LOOP('',(#13032,#13067,#13095,#13123));
#13032 = ORIENTED_EDGE('',*,*,#13033,.F.);
#13033 = EDGE_CURVE('',#13034,#13036,#13038,.T.);
#13034 = VERTEX_POINT('',#13035);
#13035 = CARTESIAN_POINT('',(-5.475,2.145,-2.324));
#13036 = VERTEX_POINT('',#13037);
#13037 = CARTESIAN_POINT('',(-5.475,2.145,1.702));
#13038 = SURFACE_CURVE('',#13039,(#13043,#13055),.PCURVE_S1.);
#13039 = LINE('',#13040,#13041);
#13040 = CARTESIAN_POINT('',(-5.475,2.145,-2.64));
#13041 = VECTOR('',#13042,1.);
#13042 = DIRECTION('',(0.,0.,1.));
#13043 = PCURVE('',#13044,#13049);
#13044 = PLANE('',#13045);
#13045 = AXIS2_PLACEMENT_3D('',#13046,#13047,#13048);
#13046 = CARTESIAN_POINT('',(-5.475,2.145,-2.64));
#13047 = DIRECTION('',(1.,0.,0.));
#13048 = DIRECTION('',(0.,0.,1.));
#13049 = DEFINITIONAL_REPRESENTATION('',(#13050),#13054);
#13050 = LINE('',#13051,#13052);
#13051 = CARTESIAN_POINT('',(0.,0.));
#13052 = VECTOR('',#13053,1.);
#13053 = DIRECTION('',(1.,0.));
#13054 = ( GEOMETRIC_REPRESENTATION_CONTEXT(2) 
PARAMETRIC_REPRESENTATION_CONTEXT() REPRESENTATION_CONTEXT('2D SPACE',''
  ) );
#13055 = PCURVE('',#13056,#13061);
#13056 = PLANE('',#13057);
#13057 = AXIS2_PLACEMENT_3D('',#13058,#13059,#13060);
#13058 = CARTESIAN_POINT('',(-5.475,2.145,-2.64));
#13059 = DIRECTION('',(0.,1.,0.));
#13060 = DIRECTION('',(0.,0.,1.));
#13061 = DEFINITIONAL_REPRESENTATION('',(#13062),#13066);
#13062 = LINE('',#13063,#13064);
#13063 = CARTESIAN_POINT('',(0.,0.));
#13064 = VECTOR('',#13065,1.);
#13065 = DIRECTION('',(1.,0.));
#13066 = ( GEOMETRIC_REPRESENTATION_CONTEXT(2) 
PARAMETRIC_REPRESENTATION_CONTEXT() REPRESENTATION_CONTEXT('2D SPACE',''
  ) );
#13067 = ORIENTED_EDGE('',*,*,#13068,.T.);
#13068 = EDGE_CURVE('',#13034,#13069,#13071,.T.);
#13069 = VERTEX_POINT('',#13070);
#13070 = CARTESIAN_POINT('',(-5.475,2.935,-2.324));
#13071 = SURFACE_CURVE('',#13072,(#13076,#13083),.PCURVE_S1.);
#13072 = LINE('',#13073,#13074);
#13073 = CARTESIAN_POINT('',(-5.475,2.145,-2.324));
#13074 = VECTOR('',#13075,1.);
#13075 = DIRECTION('',(0.,1.,0.));
#13076 = PCURVE('',#13044,#13077);
#13077 = DEFINITIONAL_REPRESENTATION('',(#13078),#13082);
#13078 = LINE('',#13079,#13080);
#13079 = CARTESIAN_POINT('',(0.316,0.));
#13080 = VECTOR('',#13081,1.);
#13081 = DIRECTION('',(0.,-1.));
#13082 = ( GEOMETRIC_REPRESENTATION_CONTEXT(2) 
PARAMETRIC_REPRESENTATION_CONTEXT() REPRESENTATION_CONTEXT('2D SPACE',''
  ) );
#13083 = PCURVE('',#13084,#13089);
#13084 = PLANE('',#13085);
#13085 = AXIS2_PLACEMENT_3D('',#13086,#13087,#13088);
#13086 = CARTESIAN_POINT('',(-5.317,2.145,-2.482));
#13087 = DIRECTION('',(-0.707106781187,0.,-0.707106781187));
#13088 = DIRECTION('',(0.,1.,0.));
#13089 = DEFINITIONAL_REPRESENTATION('',(#13090),#13094);
#13090 = LINE('',#13091,#13092);
#13091 = CARTESIAN_POINT('',(0.,-0.223445742855));
#13092 = VECTOR('',#13093,1.);
#13093 = DIRECTION('',(1.,0.));
#13094 = ( GEOMETRIC_REPRESENTATION_CONTEXT(2) 
PARAMETRIC_REPRESENTATION_CONTEXT() REPRESENTATION_CONTEXT('2D SPACE',''
  ) );
#13095 = ORIENTED_EDGE('',*,*,#13096,.T.);
#13096 = EDGE_CURVE('',#13069,#13097,#13099,.T.);
#13097 = VERTEX_POINT('',#13098);
#13098 = CARTESIAN_POINT('',(-5.475,2.935,1.702));
#13099 = SURFACE_CURVE('',#13100,(#13104,#13111),.PCURVE_S1.);
#13100 = LINE('',#13101,#13102);
#13101 = CARTESIAN_POINT('',(-5.475,2.935,-2.64));
#13102 = VECTOR('',#13103,1.);
#13103 = DIRECTION('',(0.,0.,1.));
#13104 = PCURVE('',#13044,#13105);
#13105 = DEFINITIONAL_REPRESENTATION('',(#13106),#13110);
#13106 = LINE('',#13107,#13108);
#13107 = CARTESIAN_POINT('',(0.,-0.79));
#13108 = VECTOR('',#13109,1.);
#13109 = DIRECTION('',(1.,0.));
#13110 = ( GEOMETRIC_REPRESENTATION_CONTEXT(2) 
PARAMETRIC_REPRESENTATION_CONTEXT() REPRESENTATION_CONTEXT('2D SPACE',''
  ) );
#13111 = PCURVE('',#13112,#13117);
#13112 = PLANE('',#13113);
#13113 = AXIS2_PLACEMENT_3D('',#13114,#13115,#13116);
#13114 = CARTESIAN_POINT('',(-5.475,2.935,-2.64));
#13115 = DIRECTION('',(0.,1.,0.));
#13116 = DIRECTION('',(0.,0.,1.));
#13117 = DEFINITIONAL_REPRESENTATION('',(#13118),#13122);
#13118 = LINE('',#13119,#13120);
#13119 = CARTESIAN_POINT('',(0.,0.));
#13120 = VECTOR('',#13121,1.);
#13121 = DIRECTION('',(1.,0.));
#13122 = ( GEOMETRIC_REPRESENTATION_CONTEXT(2) 
PARAMETRIC_REPRESENTATION_CONTEXT() REPRESENTATION_CONTEXT('2D SPACE',''
  ) );
#13123 = ORIENTED_EDGE('',*,*,#13124,.F.);
#13124 = EDGE_CURVE('',#13036,#13097,#13125,.T.);
#13125 = SURFACE_CURVE('',#13126,(#13130,#13137),.PCURVE_S1.);
#13126 = LINE('',#13127,#13128);
#13127 = CARTESIAN_POINT('',(-5.475,2.145,1.702));
#13128 = VECTOR('',#13129,1.);
#13129 = DIRECTION('',(0.,1.,0.));
#13130 = PCURVE('',#13044,#13131);
#13131 = DEFINITIONAL_REPRESENTATION('',(#13132),#13136);
#13132 = LINE('',#13133,#13134);
#13133 = CARTESIAN_POINT('',(4.342,0.));
#13134 = VECTOR('',#13135,1.);
#13135 = DIRECTION('',(0.,-1.));
#13136 = ( GEOMETRIC_REPRESENTATION_CONTEXT(2) 
PARAMETRIC_REPRESENTATION_CONTEXT() REPRESENTATION_CONTEXT('2D SPACE',''
  ) );
#13137 = PCURVE('',#13138,#13143);
#13138 = PLANE('',#13139);
#13139 = AXIS2_PLACEMENT_3D('',#13140,#13141,#13142);
#13140 = CARTESIAN_POINT('',(-5.475,2.145,1.702));
#13141 = DIRECTION('',(0.,0.,1.));
#13142 = DIRECTION('',(1.,0.,0.));
#13143 = DEFINITIONAL_REPRESENTATION('',(#13144),#13148);
#13144 = LINE('',#13145,#13146);
#13145 = CARTESIAN_POINT('',(0.,0.));
#13146 = VECTOR('',#13147,1.);
#13147 = DIRECTION('',(0.,1.));
#13148 = ( GEOMETRIC_REPRESENTATION_CONTEXT(2) 
PARAMETRIC_REPRESENTATION_CONTEXT() REPRESENTATION_CONTEXT('2D SPACE',''
  ) );
#13149 = ADVANCED_FACE('',(#13150),#13056,.F.);
#13150 = FACE_BOUND('',#13151,.F.);
#13151 = EDGE_LOOP('',(#13152,#13182,#13208,#13209));
#13152 = ORIENTED_EDGE('',*,*,#13153,.F.);
#13153 = EDGE_CURVE('',#13154,#13156,#13158,.T.);
#13154 = VERTEX_POINT('',#13155);
#13155 = CARTESIAN_POINT('',(-4.685,2.145,-2.324));
#13156 = VERTEX_POINT('',#13157);
#13157 = CARTESIAN_POINT('',(-4.685,2.145,1.702));
#13158 = SURFACE_CURVE('',#13159,(#13163,#13170),.PCURVE_S1.);
#13159 = LINE('',#13160,#13161);
#13160 = CARTESIAN_POINT('',(-4.685,2.145,-2.64));
#13161 = VECTOR('',#13162,1.);
#13162 = DIRECTION('',(0.,0.,1.));
#13163 = PCURVE('',#13056,#13164);
#13164 = DEFINITIONAL_REPRESENTATION('',(#13165),#13169);
#13165 = LINE('',#13166,#13167);
#13166 = CARTESIAN_POINT('',(0.,0.79));
#13167 = VECTOR('',#13168,1.);
#13168 = DIRECTION('',(1.,0.));
#13169 = ( GEOMETRIC_REPRESENTATION_CONTEXT(2) 
PARAMETRIC_REPRESENTATION_CONTEXT() REPRESENTATION_CONTEXT('2D SPACE',''
  ) );
#13170 = PCURVE('',#13171,#13176);
#13171 = PLANE('',#13172);
#13172 = AXIS2_PLACEMENT_3D('',#13173,#13174,#13175);
#13173 = CARTESIAN_POINT('',(-4.685,2.145,-2.64));
#13174 = DIRECTION('',(1.,0.,0.));
#13175 = DIRECTION('',(0.,0.,1.));
#13176 = DEFINITIONAL_REPRESENTATION('',(#13177),#13181);
#13177 = LINE('',#13178,#13179);
#13178 = CARTESIAN_POINT('',(0.,0.));
#13179 = VECTOR('',#13180,1.);
#13180 = DIRECTION('',(1.,0.));
#13181 = ( GEOMETRIC_REPRESENTATION_CONTEXT(2) 
PARAMETRIC_REPRESENTATION_CONTEXT() REPRESENTATION_CONTEXT('2D SPACE',''
  ) );
#13182 = ORIENTED_EDGE('',*,*,#13183,.F.);
#13183 = EDGE_CURVE('',#13034,#13154,#13184,.T.);
#13184 = SURFACE_CURVE('',#13185,(#13189,#13196),.PCURVE_S1.);
#13185 = LINE('',#13186,#13187);
#13186 = CARTESIAN_POINT('',(-5.475,2.145,-2.324));
#13187 = VECTOR('',#13188,1.);
#13188 = DIRECTION('',(1.,0.,0.));
#13189 = PCURVE('',#13056,#13190);
#13190 = DEFINITIONAL_REPRESENTATION('',(#13191),#13195);
#13191 = LINE('',#13192,#13193);
#13192 = CARTESIAN_POINT('',(0.316,0.));
#13193 = VECTOR('',#13194,1.);
#13194 = DIRECTION('',(0.,1.));
#13195 = ( GEOMETRIC_REPRESENTATION_CONTEXT(2) 
PARAMETRIC_REPRESENTATION_CONTEXT() REPRESENTATION_CONTEXT('2D SPACE',''
  ) );
#13196 = PCURVE('',#13197,#13202);
#13197 = PLANE('',#13198);
#13198 = AXIS2_PLACEMENT_3D('',#13199,#13200,#13201);
#13199 = CARTESIAN_POINT('',(-5.475,2.303,-2.482));
#13200 = DIRECTION('',(0.,-0.707106781187,-0.707106781187));
#13201 = DIRECTION('',(-1.,-0.,-0.));
#13202 = DEFINITIONAL_REPRESENTATION('',(#13203),#13207);
#13203 = LINE('',#13204,#13205);
#13204 = CARTESIAN_POINT('',(-0.,-0.223445742855));
#13205 = VECTOR('',#13206,1.);
#13206 = DIRECTION('',(-1.,0.));
#13207 = ( GEOMETRIC_REPRESENTATION_CONTEXT(2) 
PARAMETRIC_REPRESENTATION_CONTEXT() REPRESENTATION_CONTEXT('2D SPACE',''
  ) );
#13208 = ORIENTED_EDGE('',*,*,#13033,.T.);
#13209 = ORIENTED_EDGE('',*,*,#13210,.T.);
#13210 = EDGE_CURVE('',#13036,#13156,#13211,.T.);
#13211 = SURFACE_CURVE('',#13212,(#13216,#13223),.PCURVE_S1.);
#13212 = LINE('',#13213,#13214);
#13213 = CARTESIAN_POINT('',(-5.475,2.145,1.702));
#13214 = VECTOR('',#13215,1.);
#13215 = DIRECTION('',(1.,0.,0.));
#13216 = PCURVE('',#13056,#13217);
#13217 = DEFINITIONAL_REPRESENTATION('',(#13218),#13222);
#13218 = LINE('',#13219,#13220);
#13219 = CARTESIAN_POINT('',(4.342,0.));
#13220 = VECTOR('',#13221,1.);
#13221 = DIRECTION('',(0.,1.));
#13222 = ( GEOMETRIC_REPRESENTATION_CONTEXT(2) 
PARAMETRIC_REPRESENTATION_CONTEXT() REPRESENTATION_CONTEXT('2D SPACE',''
  ) );
#13223 = PCURVE('',#13138,#13224);
#13224 = DEFINITIONAL_REPRESENTATION('',(#13225),#13229);
#13225 = LINE('',#13226,#13227);
#13226 = CARTESIAN_POINT('',(0.,0.));
#13227 = VECTOR('',#13228,1.);
#13228 = DIRECTION('',(1.,0.));
#13229 = ( GEOMETRIC_REPRESENTATION_CONTEXT(2) 
PARAMETRIC_REPRESENTATION_CONTEXT() REPRESENTATION_CONTEXT('2D SPACE',''
  ) );
#13230 = ADVANCED_FACE('',(#13231),#13084,.T.);
#13231 = FACE_BOUND('',#13232,.T.);
#13232 = EDGE_LOOP('',(#13233,#13256,#13257,#13285));
#13233 = ORIENTED_EDGE('',*,*,#13234,.F.);
#13234 = EDGE_CURVE('',#13034,#13235,#13237,.T.);
#13235 = VERTEX_POINT('',#13236);
#13236 = CARTESIAN_POINT('',(-5.159,2.461,-2.64));
#13237 = SURFACE_CURVE('',#13238,(#13242,#13249),.PCURVE_S1.);
#13238 = LINE('',#13239,#13240);
#13239 = CARTESIAN_POINT('',(-5.369666666667,2.250333333333,
    -2.429333333333));
#13240 = VECTOR('',#13241,1.);
#13241 = DIRECTION('',(0.57735026919,0.57735026919,-0.57735026919));
#13242 = PCURVE('',#13084,#13243);
#13243 = DEFINITIONAL_REPRESENTATION('',(#13244),#13248);
#13244 = LINE('',#13245,#13246);
#13245 = CARTESIAN_POINT('',(0.105333333333,-7.448191428498E-02));
#13246 = VECTOR('',#13247,1.);
#13247 = DIRECTION('',(0.57735026919,0.816496580928));
#13248 = ( GEOMETRIC_REPRESENTATION_CONTEXT(2) 
PARAMETRIC_REPRESENTATION_CONTEXT() REPRESENTATION_CONTEXT('2D SPACE',''
  ) );
#13249 = PCURVE('',#13197,#13250);
#13250 = DEFINITIONAL_REPRESENTATION('',(#13251),#13255);
#13251 = LINE('',#13252,#13253);
#13252 = CARTESIAN_POINT('',(-0.105333333333,-7.448191428498E-02));
#13253 = VECTOR('',#13254,1.);
#13254 = DIRECTION('',(-0.57735026919,0.816496580928));
#13255 = ( GEOMETRIC_REPRESENTATION_CONTEXT(2) 
PARAMETRIC_REPRESENTATION_CONTEXT() REPRESENTATION_CONTEXT('2D SPACE',''
  ) );
#13256 = ORIENTED_EDGE('',*,*,#13068,.T.);
#13257 = ORIENTED_EDGE('',*,*,#13258,.T.);
#13258 = EDGE_CURVE('',#13069,#13259,#13261,.T.);
#13259 = VERTEX_POINT('',#13260);
#13260 = CARTESIAN_POINT('',(-5.159,2.619,-2.64));
#13261 = SURFACE_CURVE('',#13262,(#13266,#13273),.PCURVE_S1.);
#13262 = LINE('',#13263,#13264);
#13263 = CARTESIAN_POINT('',(-5.238,2.698,-2.561));
#13264 = VECTOR('',#13265,1.);
#13265 = DIRECTION('',(0.57735026919,-0.57735026919,-0.57735026919));
#13266 = PCURVE('',#13084,#13267);
#13267 = DEFINITIONAL_REPRESENTATION('',(#13268),#13272);
#13268 = LINE('',#13269,#13270);
#13269 = CARTESIAN_POINT('',(0.553,0.111722871427));
#13270 = VECTOR('',#13271,1.);
#13271 = DIRECTION('',(-0.57735026919,0.816496580928));
#13272 = ( GEOMETRIC_REPRESENTATION_CONTEXT(2) 
PARAMETRIC_REPRESENTATION_CONTEXT() REPRESENTATION_CONTEXT('2D SPACE',''
  ) );
#13273 = PCURVE('',#13274,#13279);
#13274 = PLANE('',#13275);
#13275 = AXIS2_PLACEMENT_3D('',#13276,#13277,#13278);
#13276 = CARTESIAN_POINT('',(-5.475,2.777,-2.482));
#13277 = DIRECTION('',(0.,-0.707106781187,0.707106781187));
#13278 = DIRECTION('',(-1.,-0.,-0.));
#13279 = DEFINITIONAL_REPRESENTATION('',(#13280),#13284);
#13280 = LINE('',#13281,#13282);
#13281 = CARTESIAN_POINT('',(-0.237,0.111722871427));
#13282 = VECTOR('',#13283,1.);
#13283 = DIRECTION('',(-0.57735026919,0.816496580928));
#13284 = ( GEOMETRIC_REPRESENTATION_CONTEXT(2) 
PARAMETRIC_REPRESENTATION_CONTEXT() REPRESENTATION_CONTEXT('2D SPACE',''
  ) );
#13285 = ORIENTED_EDGE('',*,*,#13286,.F.);
#13286 = EDGE_CURVE('',#13235,#13259,#13287,.T.);
#13287 = SURFACE_CURVE('',#13288,(#13292,#13299),.PCURVE_S1.);
#13288 = LINE('',#13289,#13290);
#13289 = CARTESIAN_POINT('',(-5.159,2.145,-2.64));
#13290 = VECTOR('',#13291,1.);
#13291 = DIRECTION('',(0.,1.,0.));
#13292 = PCURVE('',#13084,#13293);
#13293 = DEFINITIONAL_REPRESENTATION('',(#13294),#13298);
#13294 = LINE('',#13295,#13296);
#13295 = CARTESIAN_POINT('',(0.,0.223445742855));
#13296 = VECTOR('',#13297,1.);
#13297 = DIRECTION('',(1.,0.));
#13298 = ( GEOMETRIC_REPRESENTATION_CONTEXT(2) 
PARAMETRIC_REPRESENTATION_CONTEXT() REPRESENTATION_CONTEXT('2D SPACE',''
  ) );
#13299 = PCURVE('',#13300,#13305);
#13300 = PLANE('',#13301);
#13301 = AXIS2_PLACEMENT_3D('',#13302,#13303,#13304);
#13302 = CARTESIAN_POINT('',(-5.475,2.145,-2.64));
#13303 = DIRECTION('',(0.,0.,1.));
#13304 = DIRECTION('',(1.,0.,0.));
#13305 = DEFINITIONAL_REPRESENTATION('',(#13306),#13310);
#13306 = LINE('',#13307,#13308);
#13307 = CARTESIAN_POINT('',(0.316,0.));
#13308 = VECTOR('',#13309,1.);
#13309 = DIRECTION('',(0.,1.));
#13310 = ( GEOMETRIC_REPRESENTATION_CONTEXT(2) 
PARAMETRIC_REPRESENTATION_CONTEXT() REPRESENTATION_CONTEXT('2D SPACE',''
  ) );
#13311 = ADVANCED_FACE('',(#13312),#13138,.T.);
#13312 = FACE_BOUND('',#13313,.T.);
#13313 = EDGE_LOOP('',(#13314,#13315,#13316,#13339));
#13314 = ORIENTED_EDGE('',*,*,#13124,.F.);
#13315 = ORIENTED_EDGE('',*,*,#13210,.T.);
#13316 = ORIENTED_EDGE('',*,*,#13317,.T.);
#13317 = EDGE_CURVE('',#13156,#13318,#13320,.T.);
#13318 = VERTEX_POINT('',#13319);
#13319 = CARTESIAN_POINT('',(-4.685,2.935,1.702));
#13320 = SURFACE_CURVE('',#13321,(#13325,#13332),.PCURVE_S1.);
#13321 = LINE('',#13322,#13323);
#13322 = CARTESIAN_POINT('',(-4.685,2.145,1.702));
#13323 = VECTOR('',#13324,1.);
#13324 = DIRECTION('',(0.,1.,0.));
#13325 = PCURVE('',#13138,#13326);
#13326 = DEFINITIONAL_REPRESENTATION('',(#13327),#13331);
#13327 = LINE('',#13328,#13329);
#13328 = CARTESIAN_POINT('',(0.79,0.));
#13329 = VECTOR('',#13330,1.);
#13330 = DIRECTION('',(0.,1.));
#13331 = ( GEOMETRIC_REPRESENTATION_CONTEXT(2) 
PARAMETRIC_REPRESENTATION_CONTEXT() REPRESENTATION_CONTEXT('2D SPACE',''
  ) );
#13332 = PCURVE('',#13171,#13333);
#13333 = DEFINITIONAL_REPRESENTATION('',(#13334),#13338);
#13334 = LINE('',#13335,#13336);
#13335 = CARTESIAN_POINT('',(4.342,0.));
#13336 = VECTOR('',#13337,1.);
#13337 = DIRECTION('',(0.,-1.));
#13338 = ( GEOMETRIC_REPRESENTATION_CONTEXT(2) 
PARAMETRIC_REPRESENTATION_CONTEXT() REPRESENTATION_CONTEXT('2D SPACE',''
  ) );
#13339 = ORIENTED_EDGE('',*,*,#13340,.F.);
#13340 = EDGE_CURVE('',#13097,#13318,#13341,.T.);
#13341 = SURFACE_CURVE('',#13342,(#13346,#13353),.PCURVE_S1.);
#13342 = LINE('',#13343,#13344);
#13343 = CARTESIAN_POINT('',(-5.475,2.935,1.702));
#13344 = VECTOR('',#13345,1.);
#13345 = DIRECTION('',(1.,0.,0.));
#13346 = PCURVE('',#13138,#13347);
#13347 = DEFINITIONAL_REPRESENTATION('',(#13348),#13352);
#13348 = LINE('',#13349,#13350);
#13349 = CARTESIAN_POINT('',(0.,0.79));
#13350 = VECTOR('',#13351,1.);
#13351 = DIRECTION('',(1.,0.));
#13352 = ( GEOMETRIC_REPRESENTATION_CONTEXT(2) 
PARAMETRIC_REPRESENTATION_CONTEXT() REPRESENTATION_CONTEXT('2D SPACE',''
  ) );
#13353 = PCURVE('',#13112,#13354);
#13354 = DEFINITIONAL_REPRESENTATION('',(#13355),#13359);
#13355 = LINE('',#13356,#13357);
#13356 = CARTESIAN_POINT('',(4.342,0.));
#13357 = VECTOR('',#13358,1.);
#13358 = DIRECTION('',(0.,1.));
#13359 = ( GEOMETRIC_REPRESENTATION_CONTEXT(2) 
PARAMETRIC_REPRESENTATION_CONTEXT() REPRESENTATION_CONTEXT('2D SPACE',''
  ) );
#13360 = ADVANCED_FACE('',(#13361),#13112,.T.);
#13361 = FACE_BOUND('',#13362,.T.);
#13362 = EDGE_LOOP('',(#13363,#13386,#13407,#13408));
#13363 = ORIENTED_EDGE('',*,*,#13364,.F.);
#13364 = EDGE_CURVE('',#13365,#13318,#13367,.T.);
#13365 = VERTEX_POINT('',#13366);
#13366 = CARTESIAN_POINT('',(-4.685,2.935,-2.324));
#13367 = SURFACE_CURVE('',#13368,(#13372,#13379),.PCURVE_S1.);
#13368 = LINE('',#13369,#13370);
#13369 = CARTESIAN_POINT('',(-4.685,2.935,-2.64));
#13370 = VECTOR('',#13371,1.);
#13371 = DIRECTION('',(0.,0.,1.));
#13372 = PCURVE('',#13112,#13373);
#13373 = DEFINITIONAL_REPRESENTATION('',(#13374),#13378);
#13374 = LINE('',#13375,#13376);
#13375 = CARTESIAN_POINT('',(0.,0.79));
#13376 = VECTOR('',#13377,1.);
#13377 = DIRECTION('',(1.,0.));
#13378 = ( GEOMETRIC_REPRESENTATION_CONTEXT(2) 
PARAMETRIC_REPRESENTATION_CONTEXT() REPRESENTATION_CONTEXT('2D SPACE',''
  ) );
#13379 = PCURVE('',#13171,#13380);
#13380 = DEFINITIONAL_REPRESENTATION('',(#13381),#13385);
#13381 = LINE('',#13382,#13383);
#13382 = CARTESIAN_POINT('',(0.,-0.79));
#13383 = VECTOR('',#13384,1.);
#13384 = DIRECTION('',(1.,0.));
#13385 = ( GEOMETRIC_REPRESENTATION_CONTEXT(2) 
PARAMETRIC_REPRESENTATION_CONTEXT() REPRESENTATION_CONTEXT('2D SPACE',''
  ) );
#13386 = ORIENTED_EDGE('',*,*,#13387,.F.);
#13387 = EDGE_CURVE('',#13069,#13365,#13388,.T.);
#13388 = SURFACE_CURVE('',#13389,(#13393,#13400),.PCURVE_S1.);
#13389 = LINE('',#13390,#13391);
#13390 = CARTESIAN_POINT('',(-5.475,2.935,-2.324));
#13391 = VECTOR('',#13392,1.);
#13392 = DIRECTION('',(1.,0.,0.));
#13393 = PCURVE('',#13112,#13394);
#13394 = DEFINITIONAL_REPRESENTATION('',(#13395),#13399);
#13395 = LINE('',#13396,#13397);
#13396 = CARTESIAN_POINT('',(0.316,0.));
#13397 = VECTOR('',#13398,1.);
#13398 = DIRECTION('',(0.,1.));
#13399 = ( GEOMETRIC_REPRESENTATION_CONTEXT(2) 
PARAMETRIC_REPRESENTATION_CONTEXT() REPRESENTATION_CONTEXT('2D SPACE',''
  ) );
#13400 = PCURVE('',#13274,#13401);
#13401 = DEFINITIONAL_REPRESENTATION('',(#13402),#13406);
#13402 = LINE('',#13403,#13404);
#13403 = CARTESIAN_POINT('',(-0.,-0.223445742855));
#13404 = VECTOR('',#13405,1.);
#13405 = DIRECTION('',(-1.,0.));
#13406 = ( GEOMETRIC_REPRESENTATION_CONTEXT(2) 
PARAMETRIC_REPRESENTATION_CONTEXT() REPRESENTATION_CONTEXT('2D SPACE',''
  ) );
#13407 = ORIENTED_EDGE('',*,*,#13096,.T.);
#13408 = ORIENTED_EDGE('',*,*,#13340,.T.);
#13409 = ADVANCED_FACE('',(#13410),#13171,.T.);
#13410 = FACE_BOUND('',#13411,.T.);
#13411 = EDGE_LOOP('',(#13412,#13413,#13439,#13440));
#13412 = ORIENTED_EDGE('',*,*,#13153,.F.);
#13413 = ORIENTED_EDGE('',*,*,#13414,.T.);
#13414 = EDGE_CURVE('',#13154,#13365,#13415,.T.);
#13415 = SURFACE_CURVE('',#13416,(#13420,#13427),.PCURVE_S1.);
#13416 = LINE('',#13417,#13418);
#13417 = CARTESIAN_POINT('',(-4.685,2.145,-2.324));
#13418 = VECTOR('',#13419,1.);
#13419 = DIRECTION('',(0.,1.,0.));
#13420 = PCURVE('',#13171,#13421);
#13421 = DEFINITIONAL_REPRESENTATION('',(#13422),#13426);
#13422 = LINE('',#13423,#13424);
#13423 = CARTESIAN_POINT('',(0.316,0.));
#13424 = VECTOR('',#13425,1.);
#13425 = DIRECTION('',(0.,-1.));
#13426 = ( GEOMETRIC_REPRESENTATION_CONTEXT(2) 
PARAMETRIC_REPRESENTATION_CONTEXT() REPRESENTATION_CONTEXT('2D SPACE',''
  ) );
#13427 = PCURVE('',#13428,#13433);
#13428 = PLANE('',#13429);
#13429 = AXIS2_PLACEMENT_3D('',#13430,#13431,#13432);
#13430 = CARTESIAN_POINT('',(-4.843,2.145,-2.482));
#13431 = DIRECTION('',(-0.707106781187,0.,0.707106781187));
#13432 = DIRECTION('',(0.,1.,0.));
#13433 = DEFINITIONAL_REPRESENTATION('',(#13434),#13438);
#13434 = LINE('',#13435,#13436);
#13435 = CARTESIAN_POINT('',(0.,-0.223445742855));
#13436 = VECTOR('',#13437,1.);
#13437 = DIRECTION('',(1.,0.));
#13438 = ( GEOMETRIC_REPRESENTATION_CONTEXT(2) 
PARAMETRIC_REPRESENTATION_CONTEXT() REPRESENTATION_CONTEXT('2D SPACE',''
  ) );
#13439 = ORIENTED_EDGE('',*,*,#13364,.T.);
#13440 = ORIENTED_EDGE('',*,*,#13317,.F.);
#13441 = ADVANCED_FACE('',(#13442),#13197,.T.);
#13442 = FACE_BOUND('',#13443,.F.);
#13443 = EDGE_LOOP('',(#13444,#13445,#13446,#13469));
#13444 = ORIENTED_EDGE('',*,*,#13234,.F.);
#13445 = ORIENTED_EDGE('',*,*,#13183,.T.);
#13446 = ORIENTED_EDGE('',*,*,#13447,.T.);
#13447 = EDGE_CURVE('',#13154,#13448,#13450,.T.);
#13448 = VERTEX_POINT('',#13449);
#13449 = CARTESIAN_POINT('',(-5.001,2.461,-2.64));
#13450 = SURFACE_CURVE('',#13451,(#13455,#13462),.PCURVE_S1.);
#13451 = LINE('',#13452,#13453);
#13452 = CARTESIAN_POINT('',(-4.922,2.382,-2.561));
#13453 = VECTOR('',#13454,1.);
#13454 = DIRECTION('',(-0.57735026919,0.57735026919,-0.57735026919));
#13455 = PCURVE('',#13197,#13456);
#13456 = DEFINITIONAL_REPRESENTATION('',(#13457),#13461);
#13457 = LINE('',#13458,#13459);
#13458 = CARTESIAN_POINT('',(-0.553,0.111722871427));
#13459 = VECTOR('',#13460,1.);
#13460 = DIRECTION('',(0.57735026919,0.816496580928));
#13461 = ( GEOMETRIC_REPRESENTATION_CONTEXT(2) 
PARAMETRIC_REPRESENTATION_CONTEXT() REPRESENTATION_CONTEXT('2D SPACE',''
  ) );
#13462 = PCURVE('',#13428,#13463);
#13463 = DEFINITIONAL_REPRESENTATION('',(#13464),#13468);
#13464 = LINE('',#13465,#13466);
#13465 = CARTESIAN_POINT('',(0.237,0.111722871427));
#13466 = VECTOR('',#13467,1.);
#13467 = DIRECTION('',(0.57735026919,0.816496580928));
#13468 = ( GEOMETRIC_REPRESENTATION_CONTEXT(2) 
PARAMETRIC_REPRESENTATION_CONTEXT() REPRESENTATION_CONTEXT('2D SPACE',''
  ) );
#13469 = ORIENTED_EDGE('',*,*,#13470,.F.);
#13470 = EDGE_CURVE('',#13235,#13448,#13471,.T.);
#13471 = SURFACE_CURVE('',#13472,(#13476,#13483),.PCURVE_S1.);
#13472 = LINE('',#13473,#13474);
#13473 = CARTESIAN_POINT('',(-5.475,2.461,-2.64));
#13474 = VECTOR('',#13475,1.);
#13475 = DIRECTION('',(1.,0.,0.));
#13476 = PCURVE('',#13197,#13477);
#13477 = DEFINITIONAL_REPRESENTATION('',(#13478),#13482);
#13478 = LINE('',#13479,#13480);
#13479 = CARTESIAN_POINT('',(-0.,0.223445742855));
#13480 = VECTOR('',#13481,1.);
#13481 = DIRECTION('',(-1.,0.));
#13482 = ( GEOMETRIC_REPRESENTATION_CONTEXT(2) 
PARAMETRIC_REPRESENTATION_CONTEXT() REPRESENTATION_CONTEXT('2D SPACE',''
  ) );
#13483 = PCURVE('',#13300,#13484);
#13484 = DEFINITIONAL_REPRESENTATION('',(#13485),#13489);
#13485 = LINE('',#13486,#13487);
#13486 = CARTESIAN_POINT('',(0.,0.316));
#13487 = VECTOR('',#13488,1.);
#13488 = DIRECTION('',(1.,0.));
#13489 = ( GEOMETRIC_REPRESENTATION_CONTEXT(2) 
PARAMETRIC_REPRESENTATION_CONTEXT() REPRESENTATION_CONTEXT('2D SPACE',''
  ) );
#13490 = ADVANCED_FACE('',(#13491),#13300,.F.);
#13491 = FACE_BOUND('',#13492,.F.);
#13492 = EDGE_LOOP('',(#13493,#13494,#13517,#13538));
#13493 = ORIENTED_EDGE('',*,*,#13470,.T.);
#13494 = ORIENTED_EDGE('',*,*,#13495,.T.);
#13495 = EDGE_CURVE('',#13448,#13496,#13498,.T.);
#13496 = VERTEX_POINT('',#13497);
#13497 = CARTESIAN_POINT('',(-5.001,2.619,-2.64));
#13498 = SURFACE_CURVE('',#13499,(#13503,#13510),.PCURVE_S1.);
#13499 = LINE('',#13500,#13501);
#13500 = CARTESIAN_POINT('',(-5.001,2.145,-2.64));
#13501 = VECTOR('',#13502,1.);
#13502 = DIRECTION('',(0.,1.,0.));
#13503 = PCURVE('',#13300,#13504);
#13504 = DEFINITIONAL_REPRESENTATION('',(#13505),#13509);
#13505 = LINE('',#13506,#13507);
#13506 = CARTESIAN_POINT('',(0.474,0.));
#13507 = VECTOR('',#13508,1.);
#13508 = DIRECTION('',(0.,1.));
#13509 = ( GEOMETRIC_REPRESENTATION_CONTEXT(2) 
PARAMETRIC_REPRESENTATION_CONTEXT() REPRESENTATION_CONTEXT('2D SPACE',''
  ) );
#13510 = PCURVE('',#13428,#13511);
#13511 = DEFINITIONAL_REPRESENTATION('',(#13512),#13516);
#13512 = LINE('',#13513,#13514);
#13513 = CARTESIAN_POINT('',(0.,0.223445742855));
#13514 = VECTOR('',#13515,1.);
#13515 = DIRECTION('',(1.,0.));
#13516 = ( GEOMETRIC_REPRESENTATION_CONTEXT(2) 
PARAMETRIC_REPRESENTATION_CONTEXT() REPRESENTATION_CONTEXT('2D SPACE',''
  ) );
#13517 = ORIENTED_EDGE('',*,*,#13518,.F.);
#13518 = EDGE_CURVE('',#13259,#13496,#13519,.T.);
#13519 = SURFACE_CURVE('',#13520,(#13524,#13531),.PCURVE_S1.);
#13520 = LINE('',#13521,#13522);
#13521 = CARTESIAN_POINT('',(-5.475,2.619,-2.64));
#13522 = VECTOR('',#13523,1.);
#13523 = DIRECTION('',(1.,0.,0.));
#13524 = PCURVE('',#13300,#13525);
#13525 = DEFINITIONAL_REPRESENTATION('',(#13526),#13530);
#13526 = LINE('',#13527,#13528);
#13527 = CARTESIAN_POINT('',(0.,0.474));
#13528 = VECTOR('',#13529,1.);
#13529 = DIRECTION('',(1.,0.));
#13530 = ( GEOMETRIC_REPRESENTATION_CONTEXT(2) 
PARAMETRIC_REPRESENTATION_CONTEXT() REPRESENTATION_CONTEXT('2D SPACE',''
  ) );
#13531 = PCURVE('',#13274,#13532);
#13532 = DEFINITIONAL_REPRESENTATION('',(#13533),#13537);
#13533 = LINE('',#13534,#13535);
#13534 = CARTESIAN_POINT('',(-0.,0.223445742855));
#13535 = VECTOR('',#13536,1.);
#13536 = DIRECTION('',(-1.,0.));
#13537 = ( GEOMETRIC_REPRESENTATION_CONTEXT(2) 
PARAMETRIC_REPRESENTATION_CONTEXT() REPRESENTATION_CONTEXT('2D SPACE',''
  ) );
#13538 = ORIENTED_EDGE('',*,*,#13286,.F.);
#13539 = ADVANCED_FACE('',(#13540),#13274,.F.);
#13540 = FACE_BOUND('',#13541,.T.);
#13541 = EDGE_LOOP('',(#13542,#13543,#13544,#13565));
#13542 = ORIENTED_EDGE('',*,*,#13258,.F.);
#13543 = ORIENTED_EDGE('',*,*,#13387,.T.);
#13544 = ORIENTED_EDGE('',*,*,#13545,.T.);
#13545 = EDGE_CURVE('',#13365,#13496,#13546,.T.);
#13546 = SURFACE_CURVE('',#13547,(#13551,#13558),.PCURVE_S1.);
#13547 = LINE('',#13548,#13549);
#13548 = CARTESIAN_POINT('',(-5.053666666667,2.566333333333,
    -2.692666666667));
#13549 = VECTOR('',#13550,1.);
#13550 = DIRECTION('',(-0.57735026919,-0.57735026919,-0.57735026919));
#13551 = PCURVE('',#13274,#13552);
#13552 = DEFINITIONAL_REPRESENTATION('',(#13553),#13557);
#13553 = LINE('',#13554,#13555);
#13554 = CARTESIAN_POINT('',(-0.421333333333,0.29792765714));
#13555 = VECTOR('',#13556,1.);
#13556 = DIRECTION('',(0.57735026919,0.816496580928));
#13557 = ( GEOMETRIC_REPRESENTATION_CONTEXT(2) 
PARAMETRIC_REPRESENTATION_CONTEXT() REPRESENTATION_CONTEXT('2D SPACE',''
  ) );
#13558 = PCURVE('',#13428,#13559);
#13559 = DEFINITIONAL_REPRESENTATION('',(#13560),#13564);
#13560 = LINE('',#13561,#13562);
#13561 = CARTESIAN_POINT('',(0.421333333333,0.29792765714));
#13562 = VECTOR('',#13563,1.);
#13563 = DIRECTION('',(-0.57735026919,0.816496580928));
#13564 = ( GEOMETRIC_REPRESENTATION_CONTEXT(2) 
PARAMETRIC_REPRESENTATION_CONTEXT() REPRESENTATION_CONTEXT('2D SPACE',''
  ) );
#13565 = ORIENTED_EDGE('',*,*,#13518,.F.);
#13566 = ADVANCED_FACE('',(#13567),#13428,.F.);
#13567 = FACE_BOUND('',#13568,.F.);
#13568 = EDGE_LOOP('',(#13569,#13570,#13571,#13572));
#13569 = ORIENTED_EDGE('',*,*,#13447,.F.);
#13570 = ORIENTED_EDGE('',*,*,#13414,.T.);
#13571 = ORIENTED_EDGE('',*,*,#13545,.T.);
#13572 = ORIENTED_EDGE('',*,*,#13495,.F.);
#13573 = MANIFOLD_SOLID_BREP('',#13574);
#13574 = CLOSED_SHELL('',(#13575,#13695,#13776,#13857,#13906,#13955,
    #13987,#14036,#14085,#14112));
#13575 = ADVANCED_FACE('',(#13576),#13590,.F.);
#13576 = FACE_BOUND('',#13577,.F.);
#13577 = EDGE_LOOP('',(#13578,#13613,#13641,#13669));
#13578 = ORIENTED_EDGE('',*,*,#13579,.F.);
#13579 = EDGE_CURVE('',#13580,#13582,#13584,.T.);
#13580 = VERTEX_POINT('',#13581);
#13581 = CARTESIAN_POINT('',(-8.015,-0.395,-2.324));
#13582 = VERTEX_POINT('',#13583);
#13583 = CARTESIAN_POINT('',(-8.015,-0.395,1.702));
#13584 = SURFACE_CURVE('',#13585,(#13589,#13601),.PCURVE_S1.);
#13585 = LINE('',#13586,#13587);
#13586 = CARTESIAN_POINT('',(-8.015,-0.395,-2.64));
#13587 = VECTOR('',#13588,1.);
#13588 = DIRECTION('',(0.,0.,1.));
#13589 = PCURVE('',#13590,#13595);
#13590 = PLANE('',#13591);
#13591 = AXIS2_PLACEMENT_3D('',#13592,#13593,#13594);
#13592 = CARTESIAN_POINT('',(-8.015,-0.395,-2.64));
#13593 = DIRECTION('',(1.,0.,0.));
#13594 = DIRECTION('',(0.,0.,1.));
#13595 = DEFINITIONAL_REPRESENTATION('',(#13596),#13600);
#13596 = LINE('',#13597,#13598);
#13597 = CARTESIAN_POINT('',(0.,0.));
#13598 = VECTOR('',#13599,1.);
#13599 = DIRECTION('',(1.,0.));
#13600 = ( GEOMETRIC_REPRESENTATION_CONTEXT(2) 
PARAMETRIC_REPRESENTATION_CONTEXT() REPRESENTATION_CONTEXT('2D SPACE',''
  ) );
#13601 = PCURVE('',#13602,#13607);
#13602 = PLANE('',#13603);
#13603 = AXIS2_PLACEMENT_3D('',#13604,#13605,#13606);
#13604 = CARTESIAN_POINT('',(-8.015,-0.395,-2.64));
#13605 = DIRECTION('',(0.,1.,0.));
#13606 = DIRECTION('',(0.,0.,1.));
#13607 = DEFINITIONAL_REPRESENTATION('',(#13608),#13612);
#13608 = LINE('',#13609,#13610);
#13609 = CARTESIAN_POINT('',(0.,0.));
#13610 = VECTOR('',#13611,1.);
#13611 = DIRECTION('',(1.,0.));
#13612 = ( GEOMETRIC_REPRESENTATION_CONTEXT(2) 
PARAMETRIC_REPRESENTATION_CONTEXT() REPRESENTATION_CONTEXT('2D SPACE',''
  ) );
#13613 = ORIENTED_EDGE('',*,*,#13614,.T.);
#13614 = EDGE_CURVE('',#13580,#13615,#13617,.T.);
#13615 = VERTEX_POINT('',#13616);
#13616 = CARTESIAN_POINT('',(-8.015,0.395,-2.324));
#13617 = SURFACE_CURVE('',#13618,(#13622,#13629),.PCURVE_S1.);
#13618 = LINE('',#13619,#13620);
#13619 = CARTESIAN_POINT('',(-8.015,-0.395,-2.324));
#13620 = VECTOR('',#13621,1.);
#13621 = DIRECTION('',(0.,1.,0.));
#13622 = PCURVE('',#13590,#13623);
#13623 = DEFINITIONAL_REPRESENTATION('',(#13624),#13628);
#13624 = LINE('',#13625,#13626);
#13625 = CARTESIAN_POINT('',(0.316,0.));
#13626 = VECTOR('',#13627,1.);
#13627 = DIRECTION('',(0.,-1.));
#13628 = ( GEOMETRIC_REPRESENTATION_CONTEXT(2) 
PARAMETRIC_REPRESENTATION_CONTEXT() REPRESENTATION_CONTEXT('2D SPACE',''
  ) );
#13629 = PCURVE('',#13630,#13635);
#13630 = PLANE('',#13631);
#13631 = AXIS2_PLACEMENT_3D('',#13632,#13633,#13634);
#13632 = CARTESIAN_POINT('',(-7.857,-0.395,-2.482));
#13633 = DIRECTION('',(-0.707106781187,0.,-0.707106781187));
#13634 = DIRECTION('',(0.,1.,0.));
#13635 = DEFINITIONAL_REPRESENTATION('',(#13636),#13640);
#13636 = LINE('',#13637,#13638);
#13637 = CARTESIAN_POINT('',(0.,-0.223445742855));
#13638 = VECTOR('',#13639,1.);
#13639 = DIRECTION('',(1.,0.));
#13640 = ( GEOMETRIC_REPRESENTATION_CONTEXT(2) 
PARAMETRIC_REPRESENTATION_CONTEXT() REPRESENTATION_CONTEXT('2D SPACE',''
  ) );
#13641 = ORIENTED_EDGE('',*,*,#13642,.T.);
#13642 = EDGE_CURVE('',#13615,#13643,#13645,.T.);
#13643 = VERTEX_POINT('',#13644);
#13644 = CARTESIAN_POINT('',(-8.015,0.395,1.702));
#13645 = SURFACE_CURVE('',#13646,(#13650,#13657),.PCURVE_S1.);
#13646 = LINE('',#13647,#13648);
#13647 = CARTESIAN_POINT('',(-8.015,0.395,-2.64));
#13648 = VECTOR('',#13649,1.);
#13649 = DIRECTION('',(0.,0.,1.));
#13650 = PCURVE('',#13590,#13651);
#13651 = DEFINITIONAL_REPRESENTATION('',(#13652),#13656);
#13652 = LINE('',#13653,#13654);
#13653 = CARTESIAN_POINT('',(0.,-0.79));
#13654 = VECTOR('',#13655,1.);
#13655 = DIRECTION('',(1.,0.));
#13656 = ( GEOMETRIC_REPRESENTATION_CONTEXT(2) 
PARAMETRIC_REPRESENTATION_CONTEXT() REPRESENTATION_CONTEXT('2D SPACE',''
  ) );
#13657 = PCURVE('',#13658,#13663);
#13658 = PLANE('',#13659);
#13659 = AXIS2_PLACEMENT_3D('',#13660,#13661,#13662);
#13660 = CARTESIAN_POINT('',(-8.015,0.395,-2.64));
#13661 = DIRECTION('',(0.,1.,0.));
#13662 = DIRECTION('',(0.,0.,1.));
#13663 = DEFINITIONAL_REPRESENTATION('',(#13664),#13668);
#13664 = LINE('',#13665,#13666);
#13665 = CARTESIAN_POINT('',(0.,0.));
#13666 = VECTOR('',#13667,1.);
#13667 = DIRECTION('',(1.,0.));
#13668 = ( GEOMETRIC_REPRESENTATION_CONTEXT(2) 
PARAMETRIC_REPRESENTATION_CONTEXT() REPRESENTATION_CONTEXT('2D SPACE',''
  ) );
#13669 = ORIENTED_EDGE('',*,*,#13670,.F.);
#13670 = EDGE_CURVE('',#13582,#13643,#13671,.T.);
#13671 = SURFACE_CURVE('',#13672,(#13676,#13683),.PCURVE_S1.);
#13672 = LINE('',#13673,#13674);
#13673 = CARTESIAN_POINT('',(-8.015,-0.395,1.702));
#13674 = VECTOR('',#13675,1.);
#13675 = DIRECTION('',(0.,1.,0.));
#13676 = PCURVE('',#13590,#13677);
#13677 = DEFINITIONAL_REPRESENTATION('',(#13678),#13682);
#13678 = LINE('',#13679,#13680);
#13679 = CARTESIAN_POINT('',(4.342,0.));
#13680 = VECTOR('',#13681,1.);
#13681 = DIRECTION('',(0.,-1.));
#13682 = ( GEOMETRIC_REPRESENTATION_CONTEXT(2) 
PARAMETRIC_REPRESENTATION_CONTEXT() REPRESENTATION_CONTEXT('2D SPACE',''
  ) );
#13683 = PCURVE('',#13684,#13689);
#13684 = PLANE('',#13685);
#13685 = AXIS2_PLACEMENT_3D('',#13686,#13687,#13688);
#13686 = CARTESIAN_POINT('',(-8.015,-0.395,1.702));
#13687 = DIRECTION('',(0.,0.,1.));
#13688 = DIRECTION('',(1.,0.,0.));
#13689 = DEFINITIONAL_REPRESENTATION('',(#13690),#13694);
#13690 = LINE('',#13691,#13692);
#13691 = CARTESIAN_POINT('',(0.,0.));
#13692 = VECTOR('',#13693,1.);
#13693 = DIRECTION('',(0.,1.));
#13694 = ( GEOMETRIC_REPRESENTATION_CONTEXT(2) 
PARAMETRIC_REPRESENTATION_CONTEXT() REPRESENTATION_CONTEXT('2D SPACE',''
  ) );
#13695 = ADVANCED_FACE('',(#13696),#13602,.F.);
#13696 = FACE_BOUND('',#13697,.F.);
#13697 = EDGE_LOOP('',(#13698,#13728,#13754,#13755));
#13698 = ORIENTED_EDGE('',*,*,#13699,.F.);
#13699 = EDGE_CURVE('',#13700,#13702,#13704,.T.);
#13700 = VERTEX_POINT('',#13701);
#13701 = CARTESIAN_POINT('',(-7.225,-0.395,-2.324));
#13702 = VERTEX_POINT('',#13703);
#13703 = CARTESIAN_POINT('',(-7.225,-0.395,1.702));
#13704 = SURFACE_CURVE('',#13705,(#13709,#13716),.PCURVE_S1.);
#13705 = LINE('',#13706,#13707);
#13706 = CARTESIAN_POINT('',(-7.225,-0.395,-2.64));
#13707 = VECTOR('',#13708,1.);
#13708 = DIRECTION('',(0.,0.,1.));
#13709 = PCURVE('',#13602,#13710);
#13710 = DEFINITIONAL_REPRESENTATION('',(#13711),#13715);
#13711 = LINE('',#13712,#13713);
#13712 = CARTESIAN_POINT('',(0.,0.79));
#13713 = VECTOR('',#13714,1.);
#13714 = DIRECTION('',(1.,0.));
#13715 = ( GEOMETRIC_REPRESENTATION_CONTEXT(2) 
PARAMETRIC_REPRESENTATION_CONTEXT() REPRESENTATION_CONTEXT('2D SPACE',''
  ) );
#13716 = PCURVE('',#13717,#13722);
#13717 = PLANE('',#13718);
#13718 = AXIS2_PLACEMENT_3D('',#13719,#13720,#13721);
#13719 = CARTESIAN_POINT('',(-7.225,-0.395,-2.64));
#13720 = DIRECTION('',(1.,0.,0.));
#13721 = DIRECTION('',(0.,0.,1.));
#13722 = DEFINITIONAL_REPRESENTATION('',(#13723),#13727);
#13723 = LINE('',#13724,#13725);
#13724 = CARTESIAN_POINT('',(0.,0.));
#13725 = VECTOR('',#13726,1.);
#13726 = DIRECTION('',(1.,0.));
#13727 = ( GEOMETRIC_REPRESENTATION_CONTEXT(2) 
PARAMETRIC_REPRESENTATION_CONTEXT() REPRESENTATION_CONTEXT('2D SPACE',''
  ) );
#13728 = ORIENTED_EDGE('',*,*,#13729,.F.);
#13729 = EDGE_CURVE('',#13580,#13700,#13730,.T.);
#13730 = SURFACE_CURVE('',#13731,(#13735,#13742),.PCURVE_S1.);
#13731 = LINE('',#13732,#13733);
#13732 = CARTESIAN_POINT('',(-8.015,-0.395,-2.324));
#13733 = VECTOR('',#13734,1.);
#13734 = DIRECTION('',(1.,0.,0.));
#13735 = PCURVE('',#13602,#13736);
#13736 = DEFINITIONAL_REPRESENTATION('',(#13737),#13741);
#13737 = LINE('',#13738,#13739);
#13738 = CARTESIAN_POINT('',(0.316,0.));
#13739 = VECTOR('',#13740,1.);
#13740 = DIRECTION('',(0.,1.));
#13741 = ( GEOMETRIC_REPRESENTATION_CONTEXT(2) 
PARAMETRIC_REPRESENTATION_CONTEXT() REPRESENTATION_CONTEXT('2D SPACE',''
  ) );
#13742 = PCURVE('',#13743,#13748);
#13743 = PLANE('',#13744);
#13744 = AXIS2_PLACEMENT_3D('',#13745,#13746,#13747);
#13745 = CARTESIAN_POINT('',(-8.015,-0.237,-2.482));
#13746 = DIRECTION('',(0.,-0.707106781187,-0.707106781187));
#13747 = DIRECTION('',(-1.,-0.,-0.));
#13748 = DEFINITIONAL_REPRESENTATION('',(#13749),#13753);
#13749 = LINE('',#13750,#13751);
#13750 = CARTESIAN_POINT('',(-0.,-0.223445742855));
#13751 = VECTOR('',#13752,1.);
#13752 = DIRECTION('',(-1.,0.));
#13753 = ( GEOMETRIC_REPRESENTATION_CONTEXT(2) 
PARAMETRIC_REPRESENTATION_CONTEXT() REPRESENTATION_CONTEXT('2D SPACE',''
  ) );
#13754 = ORIENTED_EDGE('',*,*,#13579,.T.);
#13755 = ORIENTED_EDGE('',*,*,#13756,.T.);
#13756 = EDGE_CURVE('',#13582,#13702,#13757,.T.);
#13757 = SURFACE_CURVE('',#13758,(#13762,#13769),.PCURVE_S1.);
#13758 = LINE('',#13759,#13760);
#13759 = CARTESIAN_POINT('',(-8.015,-0.395,1.702));
#13760 = VECTOR('',#13761,1.);
#13761 = DIRECTION('',(1.,0.,0.));
#13762 = PCURVE('',#13602,#13763);
#13763 = DEFINITIONAL_REPRESENTATION('',(#13764),#13768);
#13764 = LINE('',#13765,#13766);
#13765 = CARTESIAN_POINT('',(4.342,0.));
#13766 = VECTOR('',#13767,1.);
#13767 = DIRECTION('',(0.,1.));
#13768 = ( GEOMETRIC_REPRESENTATION_CONTEXT(2) 
PARAMETRIC_REPRESENTATION_CONTEXT() REPRESENTATION_CONTEXT('2D SPACE',''
  ) );
#13769 = PCURVE('',#13684,#13770);
#13770 = DEFINITIONAL_REPRESENTATION('',(#13771),#13775);
#13771 = LINE('',#13772,#13773);
#13772 = CARTESIAN_POINT('',(0.,0.));
#13773 = VECTOR('',#13774,1.);
#13774 = DIRECTION('',(1.,0.));
#13775 = ( GEOMETRIC_REPRESENTATION_CONTEXT(2) 
PARAMETRIC_REPRESENTATION_CONTEXT() REPRESENTATION_CONTEXT('2D SPACE',''
  ) );
#13776 = ADVANCED_FACE('',(#13777),#13630,.T.);
#13777 = FACE_BOUND('',#13778,.T.);
#13778 = EDGE_LOOP('',(#13779,#13802,#13803,#13831));
#13779 = ORIENTED_EDGE('',*,*,#13780,.F.);
#13780 = EDGE_CURVE('',#13580,#13781,#13783,.T.);
#13781 = VERTEX_POINT('',#13782);
#13782 = CARTESIAN_POINT('',(-7.699,-7.9E-02,-2.64));
#13783 = SURFACE_CURVE('',#13784,(#13788,#13795),.PCURVE_S1.);
#13784 = LINE('',#13785,#13786);
#13785 = CARTESIAN_POINT('',(-7.909666666667,-0.289666666667,
    -2.429333333333));
#13786 = VECTOR('',#13787,1.);
#13787 = DIRECTION('',(0.57735026919,0.57735026919,-0.57735026919));
#13788 = PCURVE('',#13630,#13789);
#13789 = DEFINITIONAL_REPRESENTATION('',(#13790),#13794);
#13790 = LINE('',#13791,#13792);
#13791 = CARTESIAN_POINT('',(0.105333333333,-7.448191428498E-02));
#13792 = VECTOR('',#13793,1.);
#13793 = DIRECTION('',(0.57735026919,0.816496580928));
#13794 = ( GEOMETRIC_REPRESENTATION_CONTEXT(2) 
PARAMETRIC_REPRESENTATION_CONTEXT() REPRESENTATION_CONTEXT('2D SPACE',''
  ) );
#13795 = PCURVE('',#13743,#13796);
#13796 = DEFINITIONAL_REPRESENTATION('',(#13797),#13801);
#13797 = LINE('',#13798,#13799);
#13798 = CARTESIAN_POINT('',(-0.105333333333,-7.448191428498E-02));
#13799 = VECTOR('',#13800,1.);
#13800 = DIRECTION('',(-0.57735026919,0.816496580928));
#13801 = ( GEOMETRIC_REPRESENTATION_CONTEXT(2) 
PARAMETRIC_REPRESENTATION_CONTEXT() REPRESENTATION_CONTEXT('2D SPACE',''
  ) );
#13802 = ORIENTED_EDGE('',*,*,#13614,.T.);
#13803 = ORIENTED_EDGE('',*,*,#13804,.T.);
#13804 = EDGE_CURVE('',#13615,#13805,#13807,.T.);
#13805 = VERTEX_POINT('',#13806);
#13806 = CARTESIAN_POINT('',(-7.699,7.9E-02,-2.64));
#13807 = SURFACE_CURVE('',#13808,(#13812,#13819),.PCURVE_S1.);
#13808 = LINE('',#13809,#13810);
#13809 = CARTESIAN_POINT('',(-7.778,0.158,-2.561));
#13810 = VECTOR('',#13811,1.);
#13811 = DIRECTION('',(0.57735026919,-0.57735026919,-0.57735026919));
#13812 = PCURVE('',#13630,#13813);
#13813 = DEFINITIONAL_REPRESENTATION('',(#13814),#13818);
#13814 = LINE('',#13815,#13816);
#13815 = CARTESIAN_POINT('',(0.553,0.111722871427));
#13816 = VECTOR('',#13817,1.);
#13817 = DIRECTION('',(-0.57735026919,0.816496580928));
#13818 = ( GEOMETRIC_REPRESENTATION_CONTEXT(2) 
PARAMETRIC_REPRESENTATION_CONTEXT() REPRESENTATION_CONTEXT('2D SPACE',''
  ) );
#13819 = PCURVE('',#13820,#13825);
#13820 = PLANE('',#13821);
#13821 = AXIS2_PLACEMENT_3D('',#13822,#13823,#13824);
#13822 = CARTESIAN_POINT('',(-8.015,0.237,-2.482));
#13823 = DIRECTION('',(0.,-0.707106781187,0.707106781187));
#13824 = DIRECTION('',(-1.,-0.,-0.));
#13825 = DEFINITIONAL_REPRESENTATION('',(#13826),#13830);
#13826 = LINE('',#13827,#13828);
#13827 = CARTESIAN_POINT('',(-0.237,0.111722871427));
#13828 = VECTOR('',#13829,1.);
#13829 = DIRECTION('',(-0.57735026919,0.816496580928));
#13830 = ( GEOMETRIC_REPRESENTATION_CONTEXT(2) 
PARAMETRIC_REPRESENTATION_CONTEXT() REPRESENTATION_CONTEXT('2D SPACE',''
  ) );
#13831 = ORIENTED_EDGE('',*,*,#13832,.F.);
#13832 = EDGE_CURVE('',#13781,#13805,#13833,.T.);
#13833 = SURFACE_CURVE('',#13834,(#13838,#13845),.PCURVE_S1.);
#13834 = LINE('',#13835,#13836);
#13835 = CARTESIAN_POINT('',(-7.699,-0.395,-2.64));
#13836 = VECTOR('',#13837,1.);
#13837 = DIRECTION('',(0.,1.,0.));
#13838 = PCURVE('',#13630,#13839);
#13839 = DEFINITIONAL_REPRESENTATION('',(#13840),#13844);
#13840 = LINE('',#13841,#13842);
#13841 = CARTESIAN_POINT('',(0.,0.223445742855));
#13842 = VECTOR('',#13843,1.);
#13843 = DIRECTION('',(1.,0.));
#13844 = ( GEOMETRIC_REPRESENTATION_CONTEXT(2) 
PARAMETRIC_REPRESENTATION_CONTEXT() REPRESENTATION_CONTEXT('2D SPACE',''
  ) );
#13845 = PCURVE('',#13846,#13851);
#13846 = PLANE('',#13847);
#13847 = AXIS2_PLACEMENT_3D('',#13848,#13849,#13850);
#13848 = CARTESIAN_POINT('',(-8.015,-0.395,-2.64));
#13849 = DIRECTION('',(0.,0.,1.));
#13850 = DIRECTION('',(1.,0.,0.));
#13851 = DEFINITIONAL_REPRESENTATION('',(#13852),#13856);
#13852 = LINE('',#13853,#13854);
#13853 = CARTESIAN_POINT('',(0.316,0.));
#13854 = VECTOR('',#13855,1.);
#13855 = DIRECTION('',(0.,1.));
#13856 = ( GEOMETRIC_REPRESENTATION_CONTEXT(2) 
PARAMETRIC_REPRESENTATION_CONTEXT() REPRESENTATION_CONTEXT('2D SPACE',''
  ) );
#13857 = ADVANCED_FACE('',(#13858),#13684,.T.);
#13858 = FACE_BOUND('',#13859,.T.);
#13859 = EDGE_LOOP('',(#13860,#13861,#13862,#13885));
#13860 = ORIENTED_EDGE('',*,*,#13670,.F.);
#13861 = ORIENTED_EDGE('',*,*,#13756,.T.);
#13862 = ORIENTED_EDGE('',*,*,#13863,.T.);
#13863 = EDGE_CURVE('',#13702,#13864,#13866,.T.);
#13864 = VERTEX_POINT('',#13865);
#13865 = CARTESIAN_POINT('',(-7.225,0.395,1.702));
#13866 = SURFACE_CURVE('',#13867,(#13871,#13878),.PCURVE_S1.);
#13867 = LINE('',#13868,#13869);
#13868 = CARTESIAN_POINT('',(-7.225,-0.395,1.702));
#13869 = VECTOR('',#13870,1.);
#13870 = DIRECTION('',(0.,1.,0.));
#13871 = PCURVE('',#13684,#13872);
#13872 = DEFINITIONAL_REPRESENTATION('',(#13873),#13877);
#13873 = LINE('',#13874,#13875);
#13874 = CARTESIAN_POINT('',(0.79,0.));
#13875 = VECTOR('',#13876,1.);
#13876 = DIRECTION('',(0.,1.));
#13877 = ( GEOMETRIC_REPRESENTATION_CONTEXT(2) 
PARAMETRIC_REPRESENTATION_CONTEXT() REPRESENTATION_CONTEXT('2D SPACE',''
  ) );
#13878 = PCURVE('',#13717,#13879);
#13879 = DEFINITIONAL_REPRESENTATION('',(#13880),#13884);
#13880 = LINE('',#13881,#13882);
#13881 = CARTESIAN_POINT('',(4.342,0.));
#13882 = VECTOR('',#13883,1.);
#13883 = DIRECTION('',(0.,-1.));
#13884 = ( GEOMETRIC_REPRESENTATION_CONTEXT(2) 
PARAMETRIC_REPRESENTATION_CONTEXT() REPRESENTATION_CONTEXT('2D SPACE',''
  ) );
#13885 = ORIENTED_EDGE('',*,*,#13886,.F.);
#13886 = EDGE_CURVE('',#13643,#13864,#13887,.T.);
#13887 = SURFACE_CURVE('',#13888,(#13892,#13899),.PCURVE_S1.);
#13888 = LINE('',#13889,#13890);
#13889 = CARTESIAN_POINT('',(-8.015,0.395,1.702));
#13890 = VECTOR('',#13891,1.);
#13891 = DIRECTION('',(1.,0.,0.));
#13892 = PCURVE('',#13684,#13893);
#13893 = DEFINITIONAL_REPRESENTATION('',(#13894),#13898);
#13894 = LINE('',#13895,#13896);
#13895 = CARTESIAN_POINT('',(0.,0.79));
#13896 = VECTOR('',#13897,1.);
#13897 = DIRECTION('',(1.,0.));
#13898 = ( GEOMETRIC_REPRESENTATION_CONTEXT(2) 
PARAMETRIC_REPRESENTATION_CONTEXT() REPRESENTATION_CONTEXT('2D SPACE',''
  ) );
#13899 = PCURVE('',#13658,#13900);
#13900 = DEFINITIONAL_REPRESENTATION('',(#13901),#13905);
#13901 = LINE('',#13902,#13903);
#13902 = CARTESIAN_POINT('',(4.342,0.));
#13903 = VECTOR('',#13904,1.);
#13904 = DIRECTION('',(0.,1.));
#13905 = ( GEOMETRIC_REPRESENTATION_CONTEXT(2) 
PARAMETRIC_REPRESENTATION_CONTEXT() REPRESENTATION_CONTEXT('2D SPACE',''
  ) );
#13906 = ADVANCED_FACE('',(#13907),#13658,.T.);
#13907 = FACE_BOUND('',#13908,.T.);
#13908 = EDGE_LOOP('',(#13909,#13932,#13953,#13954));
#13909 = ORIENTED_EDGE('',*,*,#13910,.F.);
#13910 = EDGE_CURVE('',#13911,#13864,#13913,.T.);
#13911 = VERTEX_POINT('',#13912);
#13912 = CARTESIAN_POINT('',(-7.225,0.395,-2.324));
#13913 = SURFACE_CURVE('',#13914,(#13918,#13925),.PCURVE_S1.);
#13914 = LINE('',#13915,#13916);
#13915 = CARTESIAN_POINT('',(-7.225,0.395,-2.64));
#13916 = VECTOR('',#13917,1.);
#13917 = DIRECTION('',(0.,0.,1.));
#13918 = PCURVE('',#13658,#13919);
#13919 = DEFINITIONAL_REPRESENTATION('',(#13920),#13924);
#13920 = LINE('',#13921,#13922);
#13921 = CARTESIAN_POINT('',(0.,0.79));
#13922 = VECTOR('',#13923,1.);
#13923 = DIRECTION('',(1.,0.));
#13924 = ( GEOMETRIC_REPRESENTATION_CONTEXT(2) 
PARAMETRIC_REPRESENTATION_CONTEXT() REPRESENTATION_CONTEXT('2D SPACE',''
  ) );
#13925 = PCURVE('',#13717,#13926);
#13926 = DEFINITIONAL_REPRESENTATION('',(#13927),#13931);
#13927 = LINE('',#13928,#13929);
#13928 = CARTESIAN_POINT('',(0.,-0.79));
#13929 = VECTOR('',#13930,1.);
#13930 = DIRECTION('',(1.,0.));
#13931 = ( GEOMETRIC_REPRESENTATION_CONTEXT(2) 
PARAMETRIC_REPRESENTATION_CONTEXT() REPRESENTATION_CONTEXT('2D SPACE',''
  ) );
#13932 = ORIENTED_EDGE('',*,*,#13933,.F.);
#13933 = EDGE_CURVE('',#13615,#13911,#13934,.T.);
#13934 = SURFACE_CURVE('',#13935,(#13939,#13946),.PCURVE_S1.);
#13935 = LINE('',#13936,#13937);
#13936 = CARTESIAN_POINT('',(-8.015,0.395,-2.324));
#13937 = VECTOR('',#13938,1.);
#13938 = DIRECTION('',(1.,0.,0.));
#13939 = PCURVE('',#13658,#13940);
#13940 = DEFINITIONAL_REPRESENTATION('',(#13941),#13945);
#13941 = LINE('',#13942,#13943);
#13942 = CARTESIAN_POINT('',(0.316,0.));
#13943 = VECTOR('',#13944,1.);
#13944 = DIRECTION('',(0.,1.));
#13945 = ( GEOMETRIC_REPRESENTATION_CONTEXT(2) 
PARAMETRIC_REPRESENTATION_CONTEXT() REPRESENTATION_CONTEXT('2D SPACE',''
  ) );
#13946 = PCURVE('',#13820,#13947);
#13947 = DEFINITIONAL_REPRESENTATION('',(#13948),#13952);
#13948 = LINE('',#13949,#13950);
#13949 = CARTESIAN_POINT('',(-0.,-0.223445742855));
#13950 = VECTOR('',#13951,1.);
#13951 = DIRECTION('',(-1.,0.));
#13952 = ( GEOMETRIC_REPRESENTATION_CONTEXT(2) 
PARAMETRIC_REPRESENTATION_CONTEXT() REPRESENTATION_CONTEXT('2D SPACE',''
  ) );
#13953 = ORIENTED_EDGE('',*,*,#13642,.T.);
#13954 = ORIENTED_EDGE('',*,*,#13886,.T.);
#13955 = ADVANCED_FACE('',(#13956),#13717,.T.);
#13956 = FACE_BOUND('',#13957,.T.);
#13957 = EDGE_LOOP('',(#13958,#13959,#13985,#13986));
#13958 = ORIENTED_EDGE('',*,*,#13699,.F.);
#13959 = ORIENTED_EDGE('',*,*,#13960,.T.);
#13960 = EDGE_CURVE('',#13700,#13911,#13961,.T.);
#13961 = SURFACE_CURVE('',#13962,(#13966,#13973),.PCURVE_S1.);
#13962 = LINE('',#13963,#13964);
#13963 = CARTESIAN_POINT('',(-7.225,-0.395,-2.324));
#13964 = VECTOR('',#13965,1.);
#13965 = DIRECTION('',(0.,1.,0.));
#13966 = PCURVE('',#13717,#13967);
#13967 = DEFINITIONAL_REPRESENTATION('',(#13968),#13972);
#13968 = LINE('',#13969,#13970);
#13969 = CARTESIAN_POINT('',(0.316,0.));
#13970 = VECTOR('',#13971,1.);
#13971 = DIRECTION('',(0.,-1.));
#13972 = ( GEOMETRIC_REPRESENTATION_CONTEXT(2) 
PARAMETRIC_REPRESENTATION_CONTEXT() REPRESENTATION_CONTEXT('2D SPACE',''
  ) );
#13973 = PCURVE('',#13974,#13979);
#13974 = PLANE('',#13975);
#13975 = AXIS2_PLACEMENT_3D('',#13976,#13977,#13978);
#13976 = CARTESIAN_POINT('',(-7.383,-0.395,-2.482));
#13977 = DIRECTION('',(-0.707106781187,0.,0.707106781187));
#13978 = DIRECTION('',(0.,1.,0.));
#13979 = DEFINITIONAL_REPRESENTATION('',(#13980),#13984);
#13980 = LINE('',#13981,#13982);
#13981 = CARTESIAN_POINT('',(0.,-0.223445742855));
#13982 = VECTOR('',#13983,1.);
#13983 = DIRECTION('',(1.,0.));
#13984 = ( GEOMETRIC_REPRESENTATION_CONTEXT(2) 
PARAMETRIC_REPRESENTATION_CONTEXT() REPRESENTATION_CONTEXT('2D SPACE',''
  ) );
#13985 = ORIENTED_EDGE('',*,*,#13910,.T.);
#13986 = ORIENTED_EDGE('',*,*,#13863,.F.);
#13987 = ADVANCED_FACE('',(#13988),#13743,.T.);
#13988 = FACE_BOUND('',#13989,.F.);
#13989 = EDGE_LOOP('',(#13990,#13991,#13992,#14015));
#13990 = ORIENTED_EDGE('',*,*,#13780,.F.);
#13991 = ORIENTED_EDGE('',*,*,#13729,.T.);
#13992 = ORIENTED_EDGE('',*,*,#13993,.T.);
#13993 = EDGE_CURVE('',#13700,#13994,#13996,.T.);
#13994 = VERTEX_POINT('',#13995);
#13995 = CARTESIAN_POINT('',(-7.541,-7.9E-02,-2.64));
#13996 = SURFACE_CURVE('',#13997,(#14001,#14008),.PCURVE_S1.);
#13997 = LINE('',#13998,#13999);
#13998 = CARTESIAN_POINT('',(-7.462,-0.158,-2.561));
#13999 = VECTOR('',#14000,1.);
#14000 = DIRECTION('',(-0.57735026919,0.57735026919,-0.57735026919));
#14001 = PCURVE('',#13743,#14002);
#14002 = DEFINITIONAL_REPRESENTATION('',(#14003),#14007);
#14003 = LINE('',#14004,#14005);
#14004 = CARTESIAN_POINT('',(-0.553,0.111722871427));
#14005 = VECTOR('',#14006,1.);
#14006 = DIRECTION('',(0.57735026919,0.816496580928));
#14007 = ( GEOMETRIC_REPRESENTATION_CONTEXT(2) 
PARAMETRIC_REPRESENTATION_CONTEXT() REPRESENTATION_CONTEXT('2D SPACE',''
  ) );
#14008 = PCURVE('',#13974,#14009);
#14009 = DEFINITIONAL_REPRESENTATION('',(#14010),#14014);
#14010 = LINE('',#14011,#14012);
#14011 = CARTESIAN_POINT('',(0.237,0.111722871427));
#14012 = VECTOR('',#14013,1.);
#14013 = DIRECTION('',(0.57735026919,0.816496580928));
#14014 = ( GEOMETRIC_REPRESENTATION_CONTEXT(2) 
PARAMETRIC_REPRESENTATION_CONTEXT() REPRESENTATION_CONTEXT('2D SPACE',''
  ) );
#14015 = ORIENTED_EDGE('',*,*,#14016,.F.);
#14016 = EDGE_CURVE('',#13781,#13994,#14017,.T.);
#14017 = SURFACE_CURVE('',#14018,(#14022,#14029),.PCURVE_S1.);
#14018 = LINE('',#14019,#14020);
#14019 = CARTESIAN_POINT('',(-8.015,-7.9E-02,-2.64));
#14020 = VECTOR('',#14021,1.);
#14021 = DIRECTION('',(1.,0.,0.));
#14022 = PCURVE('',#13743,#14023);
#14023 = DEFINITIONAL_REPRESENTATION('',(#14024),#14028);
#14024 = LINE('',#14025,#14026);
#14025 = CARTESIAN_POINT('',(-0.,0.223445742855));
#14026 = VECTOR('',#14027,1.);
#14027 = DIRECTION('',(-1.,0.));
#14028 = ( GEOMETRIC_REPRESENTATION_CONTEXT(2) 
PARAMETRIC_REPRESENTATION_CONTEXT() REPRESENTATION_CONTEXT('2D SPACE',''
  ) );
#14029 = PCURVE('',#13846,#14030);
#14030 = DEFINITIONAL_REPRESENTATION('',(#14031),#14035);
#14031 = LINE('',#14032,#14033);
#14032 = CARTESIAN_POINT('',(0.,0.316));
#14033 = VECTOR('',#14034,1.);
#14034 = DIRECTION('',(1.,0.));
#14035 = ( GEOMETRIC_REPRESENTATION_CONTEXT(2) 
PARAMETRIC_REPRESENTATION_CONTEXT() REPRESENTATION_CONTEXT('2D SPACE',''
  ) );
#14036 = ADVANCED_FACE('',(#14037),#13846,.F.);
#14037 = FACE_BOUND('',#14038,.F.);
#14038 = EDGE_LOOP('',(#14039,#14040,#14063,#14084));
#14039 = ORIENTED_EDGE('',*,*,#14016,.T.);
#14040 = ORIENTED_EDGE('',*,*,#14041,.T.);
#14041 = EDGE_CURVE('',#13994,#14042,#14044,.T.);
#14042 = VERTEX_POINT('',#14043);
#14043 = CARTESIAN_POINT('',(-7.541,7.9E-02,-2.64));
#14044 = SURFACE_CURVE('',#14045,(#14049,#14056),.PCURVE_S1.);
#14045 = LINE('',#14046,#14047);
#14046 = CARTESIAN_POINT('',(-7.541,-0.395,-2.64));
#14047 = VECTOR('',#14048,1.);
#14048 = DIRECTION('',(0.,1.,0.));
#14049 = PCURVE('',#13846,#14050);
#14050 = DEFINITIONAL_REPRESENTATION('',(#14051),#14055);
#14051 = LINE('',#14052,#14053);
#14052 = CARTESIAN_POINT('',(0.474,0.));
#14053 = VECTOR('',#14054,1.);
#14054 = DIRECTION('',(0.,1.));
#14055 = ( GEOMETRIC_REPRESENTATION_CONTEXT(2) 
PARAMETRIC_REPRESENTATION_CONTEXT() REPRESENTATION_CONTEXT('2D SPACE',''
  ) );
#14056 = PCURVE('',#13974,#14057);
#14057 = DEFINITIONAL_REPRESENTATION('',(#14058),#14062);
#14058 = LINE('',#14059,#14060);
#14059 = CARTESIAN_POINT('',(0.,0.223445742855));
#14060 = VECTOR('',#14061,1.);
#14061 = DIRECTION('',(1.,0.));
#14062 = ( GEOMETRIC_REPRESENTATION_CONTEXT(2) 
PARAMETRIC_REPRESENTATION_CONTEXT() REPRESENTATION_CONTEXT('2D SPACE',''
  ) );
#14063 = ORIENTED_EDGE('',*,*,#14064,.F.);
#14064 = EDGE_CURVE('',#13805,#14042,#14065,.T.);
#14065 = SURFACE_CURVE('',#14066,(#14070,#14077),.PCURVE_S1.);
#14066 = LINE('',#14067,#14068);
#14067 = CARTESIAN_POINT('',(-8.015,7.9E-02,-2.64));
#14068 = VECTOR('',#14069,1.);
#14069 = DIRECTION('',(1.,0.,0.));
#14070 = PCURVE('',#13846,#14071);
#14071 = DEFINITIONAL_REPRESENTATION('',(#14072),#14076);
#14072 = LINE('',#14073,#14074);
#14073 = CARTESIAN_POINT('',(0.,0.474));
#14074 = VECTOR('',#14075,1.);
#14075 = DIRECTION('',(1.,0.));
#14076 = ( GEOMETRIC_REPRESENTATION_CONTEXT(2) 
PARAMETRIC_REPRESENTATION_CONTEXT() REPRESENTATION_CONTEXT('2D SPACE',''
  ) );
#14077 = PCURVE('',#13820,#14078);
#14078 = DEFINITIONAL_REPRESENTATION('',(#14079),#14083);
#14079 = LINE('',#14080,#14081);
#14080 = CARTESIAN_POINT('',(-0.,0.223445742855));
#14081 = VECTOR('',#14082,1.);
#14082 = DIRECTION('',(-1.,0.));
#14083 = ( GEOMETRIC_REPRESENTATION_CONTEXT(2) 
PARAMETRIC_REPRESENTATION_CONTEXT() REPRESENTATION_CONTEXT('2D SPACE',''
  ) );
#14084 = ORIENTED_EDGE('',*,*,#13832,.F.);
#14085 = ADVANCED_FACE('',(#14086),#13820,.F.);
#14086 = FACE_BOUND('',#14087,.T.);
#14087 = EDGE_LOOP('',(#14088,#14089,#14090,#14111));
#14088 = ORIENTED_EDGE('',*,*,#13804,.F.);
#14089 = ORIENTED_EDGE('',*,*,#13933,.T.);
#14090 = ORIENTED_EDGE('',*,*,#14091,.T.);
#14091 = EDGE_CURVE('',#13911,#14042,#14092,.T.);
#14092 = SURFACE_CURVE('',#14093,(#14097,#14104),.PCURVE_S1.);
#14093 = LINE('',#14094,#14095);
#14094 = CARTESIAN_POINT('',(-7.593666666667,2.633333333333E-02,
    -2.692666666667));
#14095 = VECTOR('',#14096,1.);
#14096 = DIRECTION('',(-0.57735026919,-0.57735026919,-0.57735026919));
#14097 = PCURVE('',#13820,#14098);
#14098 = DEFINITIONAL_REPRESENTATION('',(#14099),#14103);
#14099 = LINE('',#14100,#14101);
#14100 = CARTESIAN_POINT('',(-0.421333333333,0.29792765714));
#14101 = VECTOR('',#14102,1.);
#14102 = DIRECTION('',(0.57735026919,0.816496580928));
#14103 = ( GEOMETRIC_REPRESENTATION_CONTEXT(2) 
PARAMETRIC_REPRESENTATION_CONTEXT() REPRESENTATION_CONTEXT('2D SPACE',''
  ) );
#14104 = PCURVE('',#13974,#14105);
#14105 = DEFINITIONAL_REPRESENTATION('',(#14106),#14110);
#14106 = LINE('',#14107,#14108);
#14107 = CARTESIAN_POINT('',(0.421333333333,0.29792765714));
#14108 = VECTOR('',#14109,1.);
#14109 = DIRECTION('',(-0.57735026919,0.816496580928));
#14110 = ( GEOMETRIC_REPRESENTATION_CONTEXT(2) 
PARAMETRIC_REPRESENTATION_CONTEXT() REPRESENTATION_CONTEXT('2D SPACE',''
  ) );
#14111 = ORIENTED_EDGE('',*,*,#14064,.F.);
#14112 = ADVANCED_FACE('',(#14113),#13974,.F.);
#14113 = FACE_BOUND('',#14114,.F.);
#14114 = EDGE_LOOP('',(#14115,#14116,#14117,#14118));
#14115 = ORIENTED_EDGE('',*,*,#13993,.F.);
#14116 = ORIENTED_EDGE('',*,*,#13960,.T.);
#14117 = ORIENTED_EDGE('',*,*,#14091,.T.);
#14118 = ORIENTED_EDGE('',*,*,#14041,.F.);
#14119 = MANIFOLD_SOLID_BREP('',#14120);
#14120 = CLOSED_SHELL('',(#14121,#14241,#14322,#14403,#14452,#14501,
    #14533,#14582,#14631,#14658));
#14121 = ADVANCED_FACE('',(#14122),#14136,.F.);
#14122 = FACE_BOUND('',#14123,.F.);
#14123 = EDGE_LOOP('',(#14124,#14159,#14187,#14215));
#14124 = ORIENTED_EDGE('',*,*,#14125,.F.);
#14125 = EDGE_CURVE('',#14126,#14128,#14130,.T.);
#14126 = VERTEX_POINT('',#14127);
#14127 = CARTESIAN_POINT('',(-8.015,2.145,-2.324));
#14128 = VERTEX_POINT('',#14129);
#14129 = CARTESIAN_POINT('',(-8.015,2.145,1.702));
#14130 = SURFACE_CURVE('',#14131,(#14135,#14147),.PCURVE_S1.);
#14131 = LINE('',#14132,#14133);
#14132 = CARTESIAN_POINT('',(-8.015,2.145,-2.64));
#14133 = VECTOR('',#14134,1.);
#14134 = DIRECTION('',(0.,0.,1.));
#14135 = PCURVE('',#14136,#14141);
#14136 = PLANE('',#14137);
#14137 = AXIS2_PLACEMENT_3D('',#14138,#14139,#14140);
#14138 = CARTESIAN_POINT('',(-8.015,2.145,-2.64));
#14139 = DIRECTION('',(1.,0.,0.));
#14140 = DIRECTION('',(0.,0.,1.));
#14141 = DEFINITIONAL_REPRESENTATION('',(#14142),#14146);
#14142 = LINE('',#14143,#14144);
#14143 = CARTESIAN_POINT('',(0.,0.));
#14144 = VECTOR('',#14145,1.);
#14145 = DIRECTION('',(1.,0.));
#14146 = ( GEOMETRIC_REPRESENTATION_CONTEXT(2) 
PARAMETRIC_REPRESENTATION_CONTEXT() REPRESENTATION_CONTEXT('2D SPACE',''
  ) );
#14147 = PCURVE('',#14148,#14153);
#14148 = PLANE('',#14149);
#14149 = AXIS2_PLACEMENT_3D('',#14150,#14151,#14152);
#14150 = CARTESIAN_POINT('',(-8.015,2.145,-2.64));
#14151 = DIRECTION('',(0.,1.,0.));
#14152 = DIRECTION('',(0.,0.,1.));
#14153 = DEFINITIONAL_REPRESENTATION('',(#14154),#14158);
#14154 = LINE('',#14155,#14156);
#14155 = CARTESIAN_POINT('',(0.,0.));
#14156 = VECTOR('',#14157,1.);
#14157 = DIRECTION('',(1.,0.));
#14158 = ( GEOMETRIC_REPRESENTATION_CONTEXT(2) 
PARAMETRIC_REPRESENTATION_CONTEXT() REPRESENTATION_CONTEXT('2D SPACE',''
  ) );
#14159 = ORIENTED_EDGE('',*,*,#14160,.T.);
#14160 = EDGE_CURVE('',#14126,#14161,#14163,.T.);
#14161 = VERTEX_POINT('',#14162);
#14162 = CARTESIAN_POINT('',(-8.015,2.935,-2.324));
#14163 = SURFACE_CURVE('',#14164,(#14168,#14175),.PCURVE_S1.);
#14164 = LINE('',#14165,#14166);
#14165 = CARTESIAN_POINT('',(-8.015,2.145,-2.324));
#14166 = VECTOR('',#14167,1.);
#14167 = DIRECTION('',(0.,1.,0.));
#14168 = PCURVE('',#14136,#14169);
#14169 = DEFINITIONAL_REPRESENTATION('',(#14170),#14174);
#14170 = LINE('',#14171,#14172);
#14171 = CARTESIAN_POINT('',(0.316,0.));
#14172 = VECTOR('',#14173,1.);
#14173 = DIRECTION('',(0.,-1.));
#14174 = ( GEOMETRIC_REPRESENTATION_CONTEXT(2) 
PARAMETRIC_REPRESENTATION_CONTEXT() REPRESENTATION_CONTEXT('2D SPACE',''
  ) );
#14175 = PCURVE('',#14176,#14181);
#14176 = PLANE('',#14177);
#14177 = AXIS2_PLACEMENT_3D('',#14178,#14179,#14180);
#14178 = CARTESIAN_POINT('',(-7.857,2.145,-2.482));
#14179 = DIRECTION('',(-0.707106781187,0.,-0.707106781187));
#14180 = DIRECTION('',(0.,1.,0.));
#14181 = DEFINITIONAL_REPRESENTATION('',(#14182),#14186);
#14182 = LINE('',#14183,#14184);
#14183 = CARTESIAN_POINT('',(0.,-0.223445742855));
#14184 = VECTOR('',#14185,1.);
#14185 = DIRECTION('',(1.,0.));
#14186 = ( GEOMETRIC_REPRESENTATION_CONTEXT(2) 
PARAMETRIC_REPRESENTATION_CONTEXT() REPRESENTATION_CONTEXT('2D SPACE',''
  ) );
#14187 = ORIENTED_EDGE('',*,*,#14188,.T.);
#14188 = EDGE_CURVE('',#14161,#14189,#14191,.T.);
#14189 = VERTEX_POINT('',#14190);
#14190 = CARTESIAN_POINT('',(-8.015,2.935,1.702));
#14191 = SURFACE_CURVE('',#14192,(#14196,#14203),.PCURVE_S1.);
#14192 = LINE('',#14193,#14194);
#14193 = CARTESIAN_POINT('',(-8.015,2.935,-2.64));
#14194 = VECTOR('',#14195,1.);
#14195 = DIRECTION('',(0.,0.,1.));
#14196 = PCURVE('',#14136,#14197);
#14197 = DEFINITIONAL_REPRESENTATION('',(#14198),#14202);
#14198 = LINE('',#14199,#14200);
#14199 = CARTESIAN_POINT('',(0.,-0.79));
#14200 = VECTOR('',#14201,1.);
#14201 = DIRECTION('',(1.,0.));
#14202 = ( GEOMETRIC_REPRESENTATION_CONTEXT(2) 
PARAMETRIC_REPRESENTATION_CONTEXT() REPRESENTATION_CONTEXT('2D SPACE',''
  ) );
#14203 = PCURVE('',#14204,#14209);
#14204 = PLANE('',#14205);
#14205 = AXIS2_PLACEMENT_3D('',#14206,#14207,#14208);
#14206 = CARTESIAN_POINT('',(-8.015,2.935,-2.64));
#14207 = DIRECTION('',(0.,1.,0.));
#14208 = DIRECTION('',(0.,0.,1.));
#14209 = DEFINITIONAL_REPRESENTATION('',(#14210),#14214);
#14210 = LINE('',#14211,#14212);
#14211 = CARTESIAN_POINT('',(0.,0.));
#14212 = VECTOR('',#14213,1.);
#14213 = DIRECTION('',(1.,0.));
#14214 = ( GEOMETRIC_REPRESENTATION_CONTEXT(2) 
PARAMETRIC_REPRESENTATION_CONTEXT() REPRESENTATION_CONTEXT('2D SPACE',''
  ) );
#14215 = ORIENTED_EDGE('',*,*,#14216,.F.);
#14216 = EDGE_CURVE('',#14128,#14189,#14217,.T.);
#14217 = SURFACE_CURVE('',#14218,(#14222,#14229),.PCURVE_S1.);
#14218 = LINE('',#14219,#14220);
#14219 = CARTESIAN_POINT('',(-8.015,2.145,1.702));
#14220 = VECTOR('',#14221,1.);
#14221 = DIRECTION('',(0.,1.,0.));
#14222 = PCURVE('',#14136,#14223);
#14223 = DEFINITIONAL_REPRESENTATION('',(#14224),#14228);
#14224 = LINE('',#14225,#14226);
#14225 = CARTESIAN_POINT('',(4.342,0.));
#14226 = VECTOR('',#14227,1.);
#14227 = DIRECTION('',(0.,-1.));
#14228 = ( GEOMETRIC_REPRESENTATION_CONTEXT(2) 
PARAMETRIC_REPRESENTATION_CONTEXT() REPRESENTATION_CONTEXT('2D SPACE',''
  ) );
#14229 = PCURVE('',#14230,#14235);
#14230 = PLANE('',#14231);
#14231 = AXIS2_PLACEMENT_3D('',#14232,#14233,#14234);
#14232 = CARTESIAN_POINT('',(-8.015,2.145,1.702));
#14233 = DIRECTION('',(0.,0.,1.));
#14234 = DIRECTION('',(1.,0.,0.));
#14235 = DEFINITIONAL_REPRESENTATION('',(#14236),#14240);
#14236 = LINE('',#14237,#14238);
#14237 = CARTESIAN_POINT('',(0.,0.));
#14238 = VECTOR('',#14239,1.);
#14239 = DIRECTION('',(0.,1.));
#14240 = ( GEOMETRIC_REPRESENTATION_CONTEXT(2) 
PARAMETRIC_REPRESENTATION_CONTEXT() REPRESENTATION_CONTEXT('2D SPACE',''
  ) );
#14241 = ADVANCED_FACE('',(#14242),#14148,.F.);
#14242 = FACE_BOUND('',#14243,.F.);
#14243 = EDGE_LOOP('',(#14244,#14274,#14300,#14301));
#14244 = ORIENTED_EDGE('',*,*,#14245,.F.);
#14245 = EDGE_CURVE('',#14246,#14248,#14250,.T.);
#14246 = VERTEX_POINT('',#14247);
#14247 = CARTESIAN_POINT('',(-7.225,2.145,-2.324));
#14248 = VERTEX_POINT('',#14249);
#14249 = CARTESIAN_POINT('',(-7.225,2.145,1.702));
#14250 = SURFACE_CURVE('',#14251,(#14255,#14262),.PCURVE_S1.);
#14251 = LINE('',#14252,#14253);
#14252 = CARTESIAN_POINT('',(-7.225,2.145,-2.64));
#14253 = VECTOR('',#14254,1.);
#14254 = DIRECTION('',(0.,0.,1.));
#14255 = PCURVE('',#14148,#14256);
#14256 = DEFINITIONAL_REPRESENTATION('',(#14257),#14261);
#14257 = LINE('',#14258,#14259);
#14258 = CARTESIAN_POINT('',(0.,0.79));
#14259 = VECTOR('',#14260,1.);
#14260 = DIRECTION('',(1.,0.));
#14261 = ( GEOMETRIC_REPRESENTATION_CONTEXT(2) 
PARAMETRIC_REPRESENTATION_CONTEXT() REPRESENTATION_CONTEXT('2D SPACE',''
  ) );
#14262 = PCURVE('',#14263,#14268);
#14263 = PLANE('',#14264);
#14264 = AXIS2_PLACEMENT_3D('',#14265,#14266,#14267);
#14265 = CARTESIAN_POINT('',(-7.225,2.145,-2.64));
#14266 = DIRECTION('',(1.,0.,0.));
#14267 = DIRECTION('',(0.,0.,1.));
#14268 = DEFINITIONAL_REPRESENTATION('',(#14269),#14273);
#14269 = LINE('',#14270,#14271);
#14270 = CARTESIAN_POINT('',(0.,0.));
#14271 = VECTOR('',#14272,1.);
#14272 = DIRECTION('',(1.,0.));
#14273 = ( GEOMETRIC_REPRESENTATION_CONTEXT(2) 
PARAMETRIC_REPRESENTATION_CONTEXT() REPRESENTATION_CONTEXT('2D SPACE',''
  ) );
#14274 = ORIENTED_EDGE('',*,*,#14275,.F.);
#14275 = EDGE_CURVE('',#14126,#14246,#14276,.T.);
#14276 = SURFACE_CURVE('',#14277,(#14281,#14288),.PCURVE_S1.);
#14277 = LINE('',#14278,#14279);
#14278 = CARTESIAN_POINT('',(-8.015,2.145,-2.324));
#14279 = VECTOR('',#14280,1.);
#14280 = DIRECTION('',(1.,0.,0.));
#14281 = PCURVE('',#14148,#14282);
#14282 = DEFINITIONAL_REPRESENTATION('',(#14283),#14287);
#14283 = LINE('',#14284,#14285);
#14284 = CARTESIAN_POINT('',(0.316,0.));
#14285 = VECTOR('',#14286,1.);
#14286 = DIRECTION('',(0.,1.));
#14287 = ( GEOMETRIC_REPRESENTATION_CONTEXT(2) 
PARAMETRIC_REPRESENTATION_CONTEXT() REPRESENTATION_CONTEXT('2D SPACE',''
  ) );
#14288 = PCURVE('',#14289,#14294);
#14289 = PLANE('',#14290);
#14290 = AXIS2_PLACEMENT_3D('',#14291,#14292,#14293);
#14291 = CARTESIAN_POINT('',(-8.015,2.303,-2.482));
#14292 = DIRECTION('',(0.,-0.707106781187,-0.707106781187));
#14293 = DIRECTION('',(-1.,-0.,-0.));
#14294 = DEFINITIONAL_REPRESENTATION('',(#14295),#14299);
#14295 = LINE('',#14296,#14297);
#14296 = CARTESIAN_POINT('',(-0.,-0.223445742855));
#14297 = VECTOR('',#14298,1.);
#14298 = DIRECTION('',(-1.,0.));
#14299 = ( GEOMETRIC_REPRESENTATION_CONTEXT(2) 
PARAMETRIC_REPRESENTATION_CONTEXT() REPRESENTATION_CONTEXT('2D SPACE',''
  ) );
#14300 = ORIENTED_EDGE('',*,*,#14125,.T.);
#14301 = ORIENTED_EDGE('',*,*,#14302,.T.);
#14302 = EDGE_CURVE('',#14128,#14248,#14303,.T.);
#14303 = SURFACE_CURVE('',#14304,(#14308,#14315),.PCURVE_S1.);
#14304 = LINE('',#14305,#14306);
#14305 = CARTESIAN_POINT('',(-8.015,2.145,1.702));
#14306 = VECTOR('',#14307,1.);
#14307 = DIRECTION('',(1.,0.,0.));
#14308 = PCURVE('',#14148,#14309);
#14309 = DEFINITIONAL_REPRESENTATION('',(#14310),#14314);
#14310 = LINE('',#14311,#14312);
#14311 = CARTESIAN_POINT('',(4.342,0.));
#14312 = VECTOR('',#14313,1.);
#14313 = DIRECTION('',(0.,1.));
#14314 = ( GEOMETRIC_REPRESENTATION_CONTEXT(2) 
PARAMETRIC_REPRESENTATION_CONTEXT() REPRESENTATION_CONTEXT('2D SPACE',''
  ) );
#14315 = PCURVE('',#14230,#14316);
#14316 = DEFINITIONAL_REPRESENTATION('',(#14317),#14321);
#14317 = LINE('',#14318,#14319);
#14318 = CARTESIAN_POINT('',(0.,0.));
#14319 = VECTOR('',#14320,1.);
#14320 = DIRECTION('',(1.,0.));
#14321 = ( GEOMETRIC_REPRESENTATION_CONTEXT(2) 
PARAMETRIC_REPRESENTATION_CONTEXT() REPRESENTATION_CONTEXT('2D SPACE',''
  ) );
#14322 = ADVANCED_FACE('',(#14323),#14176,.T.);
#14323 = FACE_BOUND('',#14324,.T.);
#14324 = EDGE_LOOP('',(#14325,#14348,#14349,#14377));
#14325 = ORIENTED_EDGE('',*,*,#14326,.F.);
#14326 = EDGE_CURVE('',#14126,#14327,#14329,.T.);
#14327 = VERTEX_POINT('',#14328);
#14328 = CARTESIAN_POINT('',(-7.699,2.461,-2.64));
#14329 = SURFACE_CURVE('',#14330,(#14334,#14341),.PCURVE_S1.);
#14330 = LINE('',#14331,#14332);
#14331 = CARTESIAN_POINT('',(-7.909666666667,2.250333333333,
    -2.429333333333));
#14332 = VECTOR('',#14333,1.);
#14333 = DIRECTION('',(0.57735026919,0.57735026919,-0.57735026919));
#14334 = PCURVE('',#14176,#14335);
#14335 = DEFINITIONAL_REPRESENTATION('',(#14336),#14340);
#14336 = LINE('',#14337,#14338);
#14337 = CARTESIAN_POINT('',(0.105333333333,-7.448191428498E-02));
#14338 = VECTOR('',#14339,1.);
#14339 = DIRECTION('',(0.57735026919,0.816496580928));
#14340 = ( GEOMETRIC_REPRESENTATION_CONTEXT(2) 
PARAMETRIC_REPRESENTATION_CONTEXT() REPRESENTATION_CONTEXT('2D SPACE',''
  ) );
#14341 = PCURVE('',#14289,#14342);
#14342 = DEFINITIONAL_REPRESENTATION('',(#14343),#14347);
#14343 = LINE('',#14344,#14345);
#14344 = CARTESIAN_POINT('',(-0.105333333333,-7.448191428498E-02));
#14345 = VECTOR('',#14346,1.);
#14346 = DIRECTION('',(-0.57735026919,0.816496580928));
#14347 = ( GEOMETRIC_REPRESENTATION_CONTEXT(2) 
PARAMETRIC_REPRESENTATION_CONTEXT() REPRESENTATION_CONTEXT('2D SPACE',''
  ) );
#14348 = ORIENTED_EDGE('',*,*,#14160,.T.);
#14349 = ORIENTED_EDGE('',*,*,#14350,.T.);
#14350 = EDGE_CURVE('',#14161,#14351,#14353,.T.);
#14351 = VERTEX_POINT('',#14352);
#14352 = CARTESIAN_POINT('',(-7.699,2.619,-2.64));
#14353 = SURFACE_CURVE('',#14354,(#14358,#14365),.PCURVE_S1.);
#14354 = LINE('',#14355,#14356);
#14355 = CARTESIAN_POINT('',(-7.778,2.698,-2.561));
#14356 = VECTOR('',#14357,1.);
#14357 = DIRECTION('',(0.57735026919,-0.57735026919,-0.57735026919));
#14358 = PCURVE('',#14176,#14359);
#14359 = DEFINITIONAL_REPRESENTATION('',(#14360),#14364);
#14360 = LINE('',#14361,#14362);
#14361 = CARTESIAN_POINT('',(0.553,0.111722871427));
#14362 = VECTOR('',#14363,1.);
#14363 = DIRECTION('',(-0.57735026919,0.816496580928));
#14364 = ( GEOMETRIC_REPRESENTATION_CONTEXT(2) 
PARAMETRIC_REPRESENTATION_CONTEXT() REPRESENTATION_CONTEXT('2D SPACE',''
  ) );
#14365 = PCURVE('',#14366,#14371);
#14366 = PLANE('',#14367);
#14367 = AXIS2_PLACEMENT_3D('',#14368,#14369,#14370);
#14368 = CARTESIAN_POINT('',(-8.015,2.777,-2.482));
#14369 = DIRECTION('',(0.,-0.707106781187,0.707106781187));
#14370 = DIRECTION('',(-1.,-0.,-0.));
#14371 = DEFINITIONAL_REPRESENTATION('',(#14372),#14376);
#14372 = LINE('',#14373,#14374);
#14373 = CARTESIAN_POINT('',(-0.237,0.111722871427));
#14374 = VECTOR('',#14375,1.);
#14375 = DIRECTION('',(-0.57735026919,0.816496580928));
#14376 = ( GEOMETRIC_REPRESENTATION_CONTEXT(2) 
PARAMETRIC_REPRESENTATION_CONTEXT() REPRESENTATION_CONTEXT('2D SPACE',''
  ) );
#14377 = ORIENTED_EDGE('',*,*,#14378,.F.);
#14378 = EDGE_CURVE('',#14327,#14351,#14379,.T.);
#14379 = SURFACE_CURVE('',#14380,(#14384,#14391),.PCURVE_S1.);
#14380 = LINE('',#14381,#14382);
#14381 = CARTESIAN_POINT('',(-7.699,2.145,-2.64));
#14382 = VECTOR('',#14383,1.);
#14383 = DIRECTION('',(0.,1.,0.));
#14384 = PCURVE('',#14176,#14385);
#14385 = DEFINITIONAL_REPRESENTATION('',(#14386),#14390);
#14386 = LINE('',#14387,#14388);
#14387 = CARTESIAN_POINT('',(0.,0.223445742855));
#14388 = VECTOR('',#14389,1.);
#14389 = DIRECTION('',(1.,0.));
#14390 = ( GEOMETRIC_REPRESENTATION_CONTEXT(2) 
PARAMETRIC_REPRESENTATION_CONTEXT() REPRESENTATION_CONTEXT('2D SPACE',''
  ) );
#14391 = PCURVE('',#14392,#14397);
#14392 = PLANE('',#14393);
#14393 = AXIS2_PLACEMENT_3D('',#14394,#14395,#14396);
#14394 = CARTESIAN_POINT('',(-8.015,2.145,-2.64));
#14395 = DIRECTION('',(0.,0.,1.));
#14396 = DIRECTION('',(1.,0.,0.));
#14397 = DEFINITIONAL_REPRESENTATION('',(#14398),#14402);
#14398 = LINE('',#14399,#14400);
#14399 = CARTESIAN_POINT('',(0.316,0.));
#14400 = VECTOR('',#14401,1.);
#14401 = DIRECTION('',(0.,1.));
#14402 = ( GEOMETRIC_REPRESENTATION_CONTEXT(2) 
PARAMETRIC_REPRESENTATION_CONTEXT() REPRESENTATION_CONTEXT('2D SPACE',''
  ) );
#14403 = ADVANCED_FACE('',(#14404),#14230,.T.);
#14404 = FACE_BOUND('',#14405,.T.);
#14405 = EDGE_LOOP('',(#14406,#14407,#14408,#14431));
#14406 = ORIENTED_EDGE('',*,*,#14216,.F.);
#14407 = ORIENTED_EDGE('',*,*,#14302,.T.);
#14408 = ORIENTED_EDGE('',*,*,#14409,.T.);
#14409 = EDGE_CURVE('',#14248,#14410,#14412,.T.);
#14410 = VERTEX_POINT('',#14411);
#14411 = CARTESIAN_POINT('',(-7.225,2.935,1.702));
#14412 = SURFACE_CURVE('',#14413,(#14417,#14424),.PCURVE_S1.);
#14413 = LINE('',#14414,#14415);
#14414 = CARTESIAN_POINT('',(-7.225,2.145,1.702));
#14415 = VECTOR('',#14416,1.);
#14416 = DIRECTION('',(0.,1.,0.));
#14417 = PCURVE('',#14230,#14418);
#14418 = DEFINITIONAL_REPRESENTATION('',(#14419),#14423);
#14419 = LINE('',#14420,#14421);
#14420 = CARTESIAN_POINT('',(0.79,0.));
#14421 = VECTOR('',#14422,1.);
#14422 = DIRECTION('',(0.,1.));
#14423 = ( GEOMETRIC_REPRESENTATION_CONTEXT(2) 
PARAMETRIC_REPRESENTATION_CONTEXT() REPRESENTATION_CONTEXT('2D SPACE',''
  ) );
#14424 = PCURVE('',#14263,#14425);
#14425 = DEFINITIONAL_REPRESENTATION('',(#14426),#14430);
#14426 = LINE('',#14427,#14428);
#14427 = CARTESIAN_POINT('',(4.342,0.));
#14428 = VECTOR('',#14429,1.);
#14429 = DIRECTION('',(0.,-1.));
#14430 = ( GEOMETRIC_REPRESENTATION_CONTEXT(2) 
PARAMETRIC_REPRESENTATION_CONTEXT() REPRESENTATION_CONTEXT('2D SPACE',''
  ) );
#14431 = ORIENTED_EDGE('',*,*,#14432,.F.);
#14432 = EDGE_CURVE('',#14189,#14410,#14433,.T.);
#14433 = SURFACE_CURVE('',#14434,(#14438,#14445),.PCURVE_S1.);
#14434 = LINE('',#14435,#14436);
#14435 = CARTESIAN_POINT('',(-8.015,2.935,1.702));
#14436 = VECTOR('',#14437,1.);
#14437 = DIRECTION('',(1.,0.,0.));
#14438 = PCURVE('',#14230,#14439);
#14439 = DEFINITIONAL_REPRESENTATION('',(#14440),#14444);
#14440 = LINE('',#14441,#14442);
#14441 = CARTESIAN_POINT('',(0.,0.79));
#14442 = VECTOR('',#14443,1.);
#14443 = DIRECTION('',(1.,0.));
#14444 = ( GEOMETRIC_REPRESENTATION_CONTEXT(2) 
PARAMETRIC_REPRESENTATION_CONTEXT() REPRESENTATION_CONTEXT('2D SPACE',''
  ) );
#14445 = PCURVE('',#14204,#14446);
#14446 = DEFINITIONAL_REPRESENTATION('',(#14447),#14451);
#14447 = LINE('',#14448,#14449);
#14448 = CARTESIAN_POINT('',(4.342,0.));
#14449 = VECTOR('',#14450,1.);
#14450 = DIRECTION('',(0.,1.));
#14451 = ( GEOMETRIC_REPRESENTATION_CONTEXT(2) 
PARAMETRIC_REPRESENTATION_CONTEXT() REPRESENTATION_CONTEXT('2D SPACE',''
  ) );
#14452 = ADVANCED_FACE('',(#14453),#14204,.T.);
#14453 = FACE_BOUND('',#14454,.T.);
#14454 = EDGE_LOOP('',(#14455,#14478,#14499,#14500));
#14455 = ORIENTED_EDGE('',*,*,#14456,.F.);
#14456 = EDGE_CURVE('',#14457,#14410,#14459,.T.);
#14457 = VERTEX_POINT('',#14458);
#14458 = CARTESIAN_POINT('',(-7.225,2.935,-2.324));
#14459 = SURFACE_CURVE('',#14460,(#14464,#14471),.PCURVE_S1.);
#14460 = LINE('',#14461,#14462);
#14461 = CARTESIAN_POINT('',(-7.225,2.935,-2.64));
#14462 = VECTOR('',#14463,1.);
#14463 = DIRECTION('',(0.,0.,1.));
#14464 = PCURVE('',#14204,#14465);
#14465 = DEFINITIONAL_REPRESENTATION('',(#14466),#14470);
#14466 = LINE('',#14467,#14468);
#14467 = CARTESIAN_POINT('',(0.,0.79));
#14468 = VECTOR('',#14469,1.);
#14469 = DIRECTION('',(1.,0.));
#14470 = ( GEOMETRIC_REPRESENTATION_CONTEXT(2) 
PARAMETRIC_REPRESENTATION_CONTEXT() REPRESENTATION_CONTEXT('2D SPACE',''
  ) );
#14471 = PCURVE('',#14263,#14472);
#14472 = DEFINITIONAL_REPRESENTATION('',(#14473),#14477);
#14473 = LINE('',#14474,#14475);
#14474 = CARTESIAN_POINT('',(0.,-0.79));
#14475 = VECTOR('',#14476,1.);
#14476 = DIRECTION('',(1.,0.));
#14477 = ( GEOMETRIC_REPRESENTATION_CONTEXT(2) 
PARAMETRIC_REPRESENTATION_CONTEXT() REPRESENTATION_CONTEXT('2D SPACE',''
  ) );
#14478 = ORIENTED_EDGE('',*,*,#14479,.F.);
#14479 = EDGE_CURVE('',#14161,#14457,#14480,.T.);
#14480 = SURFACE_CURVE('',#14481,(#14485,#14492),.PCURVE_S1.);
#14481 = LINE('',#14482,#14483);
#14482 = CARTESIAN_POINT('',(-8.015,2.935,-2.324));
#14483 = VECTOR('',#14484,1.);
#14484 = DIRECTION('',(1.,0.,0.));
#14485 = PCURVE('',#14204,#14486);
#14486 = DEFINITIONAL_REPRESENTATION('',(#14487),#14491);
#14487 = LINE('',#14488,#14489);
#14488 = CARTESIAN_POINT('',(0.316,0.));
#14489 = VECTOR('',#14490,1.);
#14490 = DIRECTION('',(0.,1.));
#14491 = ( GEOMETRIC_REPRESENTATION_CONTEXT(2) 
PARAMETRIC_REPRESENTATION_CONTEXT() REPRESENTATION_CONTEXT('2D SPACE',''
  ) );
#14492 = PCURVE('',#14366,#14493);
#14493 = DEFINITIONAL_REPRESENTATION('',(#14494),#14498);
#14494 = LINE('',#14495,#14496);
#14495 = CARTESIAN_POINT('',(-0.,-0.223445742855));
#14496 = VECTOR('',#14497,1.);
#14497 = DIRECTION('',(-1.,0.));
#14498 = ( GEOMETRIC_REPRESENTATION_CONTEXT(2) 
PARAMETRIC_REPRESENTATION_CONTEXT() REPRESENTATION_CONTEXT('2D SPACE',''
  ) );
#14499 = ORIENTED_EDGE('',*,*,#14188,.T.);
#14500 = ORIENTED_EDGE('',*,*,#14432,.T.);
#14501 = ADVANCED_FACE('',(#14502),#14263,.T.);
#14502 = FACE_BOUND('',#14503,.T.);
#14503 = EDGE_LOOP('',(#14504,#14505,#14531,#14532));
#14504 = ORIENTED_EDGE('',*,*,#14245,.F.);
#14505 = ORIENTED_EDGE('',*,*,#14506,.T.);
#14506 = EDGE_CURVE('',#14246,#14457,#14507,.T.);
#14507 = SURFACE_CURVE('',#14508,(#14512,#14519),.PCURVE_S1.);
#14508 = LINE('',#14509,#14510);
#14509 = CARTESIAN_POINT('',(-7.225,2.145,-2.324));
#14510 = VECTOR('',#14511,1.);
#14511 = DIRECTION('',(0.,1.,0.));
#14512 = PCURVE('',#14263,#14513);
#14513 = DEFINITIONAL_REPRESENTATION('',(#14514),#14518);
#14514 = LINE('',#14515,#14516);
#14515 = CARTESIAN_POINT('',(0.316,0.));
#14516 = VECTOR('',#14517,1.);
#14517 = DIRECTION('',(0.,-1.));
#14518 = ( GEOMETRIC_REPRESENTATION_CONTEXT(2) 
PARAMETRIC_REPRESENTATION_CONTEXT() REPRESENTATION_CONTEXT('2D SPACE',''
  ) );
#14519 = PCURVE('',#14520,#14525);
#14520 = PLANE('',#14521);
#14521 = AXIS2_PLACEMENT_3D('',#14522,#14523,#14524);
#14522 = CARTESIAN_POINT('',(-7.383,2.145,-2.482));
#14523 = DIRECTION('',(-0.707106781187,0.,0.707106781187));
#14524 = DIRECTION('',(0.,1.,0.));
#14525 = DEFINITIONAL_REPRESENTATION('',(#14526),#14530);
#14526 = LINE('',#14527,#14528);
#14527 = CARTESIAN_POINT('',(0.,-0.223445742855));
#14528 = VECTOR('',#14529,1.);
#14529 = DIRECTION('',(1.,0.));
#14530 = ( GEOMETRIC_REPRESENTATION_CONTEXT(2) 
PARAMETRIC_REPRESENTATION_CONTEXT() REPRESENTATION_CONTEXT('2D SPACE',''
  ) );
#14531 = ORIENTED_EDGE('',*,*,#14456,.T.);
#14532 = ORIENTED_EDGE('',*,*,#14409,.F.);
#14533 = ADVANCED_FACE('',(#14534),#14289,.T.);
#14534 = FACE_BOUND('',#14535,.F.);
#14535 = EDGE_LOOP('',(#14536,#14537,#14538,#14561));
#14536 = ORIENTED_EDGE('',*,*,#14326,.F.);
#14537 = ORIENTED_EDGE('',*,*,#14275,.T.);
#14538 = ORIENTED_EDGE('',*,*,#14539,.T.);
#14539 = EDGE_CURVE('',#14246,#14540,#14542,.T.);
#14540 = VERTEX_POINT('',#14541);
#14541 = CARTESIAN_POINT('',(-7.541,2.461,-2.64));
#14542 = SURFACE_CURVE('',#14543,(#14547,#14554),.PCURVE_S1.);
#14543 = LINE('',#14544,#14545);
#14544 = CARTESIAN_POINT('',(-7.462,2.382,-2.561));
#14545 = VECTOR('',#14546,1.);
#14546 = DIRECTION('',(-0.57735026919,0.57735026919,-0.57735026919));
#14547 = PCURVE('',#14289,#14548);
#14548 = DEFINITIONAL_REPRESENTATION('',(#14549),#14553);
#14549 = LINE('',#14550,#14551);
#14550 = CARTESIAN_POINT('',(-0.553,0.111722871427));
#14551 = VECTOR('',#14552,1.);
#14552 = DIRECTION('',(0.57735026919,0.816496580928));
#14553 = ( GEOMETRIC_REPRESENTATION_CONTEXT(2) 
PARAMETRIC_REPRESENTATION_CONTEXT() REPRESENTATION_CONTEXT('2D SPACE',''
  ) );
#14554 = PCURVE('',#14520,#14555);
#14555 = DEFINITIONAL_REPRESENTATION('',(#14556),#14560);
#14556 = LINE('',#14557,#14558);
#14557 = CARTESIAN_POINT('',(0.237,0.111722871427));
#14558 = VECTOR('',#14559,1.);
#14559 = DIRECTION('',(0.57735026919,0.816496580928));
#14560 = ( GEOMETRIC_REPRESENTATION_CONTEXT(2) 
PARAMETRIC_REPRESENTATION_CONTEXT() REPRESENTATION_CONTEXT('2D SPACE',''
  ) );
#14561 = ORIENTED_EDGE('',*,*,#14562,.F.);
#14562 = EDGE_CURVE('',#14327,#14540,#14563,.T.);
#14563 = SURFACE_CURVE('',#14564,(#14568,#14575),.PCURVE_S1.);
#14564 = LINE('',#14565,#14566);
#14565 = CARTESIAN_POINT('',(-8.015,2.461,-2.64));
#14566 = VECTOR('',#14567,1.);
#14567 = DIRECTION('',(1.,0.,0.));
#14568 = PCURVE('',#14289,#14569);
#14569 = DEFINITIONAL_REPRESENTATION('',(#14570),#14574);
#14570 = LINE('',#14571,#14572);
#14571 = CARTESIAN_POINT('',(-0.,0.223445742855));
#14572 = VECTOR('',#14573,1.);
#14573 = DIRECTION('',(-1.,0.));
#14574 = ( GEOMETRIC_REPRESENTATION_CONTEXT(2) 
PARAMETRIC_REPRESENTATION_CONTEXT() REPRESENTATION_CONTEXT('2D SPACE',''
  ) );
#14575 = PCURVE('',#14392,#14576);
#14576 = DEFINITIONAL_REPRESENTATION('',(#14577),#14581);
#14577 = LINE('',#14578,#14579);
#14578 = CARTESIAN_POINT('',(0.,0.316));
#14579 = VECTOR('',#14580,1.);
#14580 = DIRECTION('',(1.,0.));
#14581 = ( GEOMETRIC_REPRESENTATION_CONTEXT(2) 
PARAMETRIC_REPRESENTATION_CONTEXT() REPRESENTATION_CONTEXT('2D SPACE',''
  ) );
#14582 = ADVANCED_FACE('',(#14583),#14392,.F.);
#14583 = FACE_BOUND('',#14584,.F.);
#14584 = EDGE_LOOP('',(#14585,#14586,#14609,#14630));
#14585 = ORIENTED_EDGE('',*,*,#14562,.T.);
#14586 = ORIENTED_EDGE('',*,*,#14587,.T.);
#14587 = EDGE_CURVE('',#14540,#14588,#14590,.T.);
#14588 = VERTEX_POINT('',#14589);
#14589 = CARTESIAN_POINT('',(-7.541,2.619,-2.64));
#14590 = SURFACE_CURVE('',#14591,(#14595,#14602),.PCURVE_S1.);
#14591 = LINE('',#14592,#14593);
#14592 = CARTESIAN_POINT('',(-7.541,2.145,-2.64));
#14593 = VECTOR('',#14594,1.);
#14594 = DIRECTION('',(0.,1.,0.));
#14595 = PCURVE('',#14392,#14596);
#14596 = DEFINITIONAL_REPRESENTATION('',(#14597),#14601);
#14597 = LINE('',#14598,#14599);
#14598 = CARTESIAN_POINT('',(0.474,0.));
#14599 = VECTOR('',#14600,1.);
#14600 = DIRECTION('',(0.,1.));
#14601 = ( GEOMETRIC_REPRESENTATION_CONTEXT(2) 
PARAMETRIC_REPRESENTATION_CONTEXT() REPRESENTATION_CONTEXT('2D SPACE',''
  ) );
#14602 = PCURVE('',#14520,#14603);
#14603 = DEFINITIONAL_REPRESENTATION('',(#14604),#14608);
#14604 = LINE('',#14605,#14606);
#14605 = CARTESIAN_POINT('',(0.,0.223445742855));
#14606 = VECTOR('',#14607,1.);
#14607 = DIRECTION('',(1.,0.));
#14608 = ( GEOMETRIC_REPRESENTATION_CONTEXT(2) 
PARAMETRIC_REPRESENTATION_CONTEXT() REPRESENTATION_CONTEXT('2D SPACE',''
  ) );
#14609 = ORIENTED_EDGE('',*,*,#14610,.F.);
#14610 = EDGE_CURVE('',#14351,#14588,#14611,.T.);
#14611 = SURFACE_CURVE('',#14612,(#14616,#14623),.PCURVE_S1.);
#14612 = LINE('',#14613,#14614);
#14613 = CARTESIAN_POINT('',(-8.015,2.619,-2.64));
#14614 = VECTOR('',#14615,1.);
#14615 = DIRECTION('',(1.,0.,0.));
#14616 = PCURVE('',#14392,#14617);
#14617 = DEFINITIONAL_REPRESENTATION('',(#14618),#14622);
#14618 = LINE('',#14619,#14620);
#14619 = CARTESIAN_POINT('',(0.,0.474));
#14620 = VECTOR('',#14621,1.);
#14621 = DIRECTION('',(1.,0.));
#14622 = ( GEOMETRIC_REPRESENTATION_CONTEXT(2) 
PARAMETRIC_REPRESENTATION_CONTEXT() REPRESENTATION_CONTEXT('2D SPACE',''
  ) );
#14623 = PCURVE('',#14366,#14624);
#14624 = DEFINITIONAL_REPRESENTATION('',(#14625),#14629);
#14625 = LINE('',#14626,#14627);
#14626 = CARTESIAN_POINT('',(-0.,0.223445742855));
#14627 = VECTOR('',#14628,1.);
#14628 = DIRECTION('',(-1.,0.));
#14629 = ( GEOMETRIC_REPRESENTATION_CONTEXT(2) 
PARAMETRIC_REPRESENTATION_CONTEXT() REPRESENTATION_CONTEXT('2D SPACE',''
  ) );
#14630 = ORIENTED_EDGE('',*,*,#14378,.F.);
#14631 = ADVANCED_FACE('',(#14632),#14366,.F.);
#14632 = FACE_BOUND('',#14633,.T.);
#14633 = EDGE_LOOP('',(#14634,#14635,#14636,#14657));
#14634 = ORIENTED_EDGE('',*,*,#14350,.F.);
#14635 = ORIENTED_EDGE('',*,*,#14479,.T.);
#14636 = ORIENTED_EDGE('',*,*,#14637,.T.);
#14637 = EDGE_CURVE('',#14457,#14588,#14638,.T.);
#14638 = SURFACE_CURVE('',#14639,(#14643,#14650),.PCURVE_S1.);
#14639 = LINE('',#14640,#14641);
#14640 = CARTESIAN_POINT('',(-7.593666666667,2.566333333333,
    -2.692666666667));
#14641 = VECTOR('',#14642,1.);
#14642 = DIRECTION('',(-0.57735026919,-0.57735026919,-0.57735026919));
#14643 = PCURVE('',#14366,#14644);
#14644 = DEFINITIONAL_REPRESENTATION('',(#14645),#14649);
#14645 = LINE('',#14646,#14647);
#14646 = CARTESIAN_POINT('',(-0.421333333333,0.29792765714));
#14647 = VECTOR('',#14648,1.);
#14648 = DIRECTION('',(0.57735026919,0.816496580928));
#14649 = ( GEOMETRIC_REPRESENTATION_CONTEXT(2) 
PARAMETRIC_REPRESENTATION_CONTEXT() REPRESENTATION_CONTEXT('2D SPACE',''
  ) );
#14650 = PCURVE('',#14520,#14651);
#14651 = DEFINITIONAL_REPRESENTATION('',(#14652),#14656);
#14652 = LINE('',#14653,#14654);
#14653 = CARTESIAN_POINT('',(0.421333333333,0.29792765714));
#14654 = VECTOR('',#14655,1.);
#14655 = DIRECTION('',(-0.57735026919,0.816496580928));
#14656 = ( GEOMETRIC_REPRESENTATION_CONTEXT(2) 
PARAMETRIC_REPRESENTATION_CONTEXT() REPRESENTATION_CONTEXT('2D SPACE',''
  ) );
#14657 = ORIENTED_EDGE('',*,*,#14610,.F.);
#14658 = ADVANCED_FACE('',(#14659),#14520,.F.);
#14659 = FACE_BOUND('',#14660,.F.);
#14660 = EDGE_LOOP('',(#14661,#14662,#14663,#14664));
#14661 = ORIENTED_EDGE('',*,*,#14539,.F.);
#14662 = ORIENTED_EDGE('',*,*,#14506,.T.);
#14663 = ORIENTED_EDGE('',*,*,#14637,.T.);
#14664 = ORIENTED_EDGE('',*,*,#14587,.F.);
#14665 = MANIFOLD_SOLID_BREP('',#14666);
#14666 = CLOSED_SHELL('',(#14667,#14787,#14868,#14949,#14998,#15047,
    #15079,#15128,#15177,#15204));
#14667 = ADVANCED_FACE('',(#14668),#14682,.F.);
#14668 = FACE_BOUND('',#14669,.F.);
#14669 = EDGE_LOOP('',(#14670,#14705,#14733,#14761));
#14670 = ORIENTED_EDGE('',*,*,#14671,.F.);
#14671 = EDGE_CURVE('',#14672,#14674,#14676,.T.);
#14672 = VERTEX_POINT('',#14673);
#14673 = CARTESIAN_POINT('',(-10.555,-0.395,-2.324));
#14674 = VERTEX_POINT('',#14675);
#14675 = CARTESIAN_POINT('',(-10.555,-0.395,1.702));
#14676 = SURFACE_CURVE('',#14677,(#14681,#14693),.PCURVE_S1.);
#14677 = LINE('',#14678,#14679);
#14678 = CARTESIAN_POINT('',(-10.555,-0.395,-2.64));
#14679 = VECTOR('',#14680,1.);
#14680 = DIRECTION('',(0.,0.,1.));
#14681 = PCURVE('',#14682,#14687);
#14682 = PLANE('',#14683);
#14683 = AXIS2_PLACEMENT_3D('',#14684,#14685,#14686);
#14684 = CARTESIAN_POINT('',(-10.555,-0.395,-2.64));
#14685 = DIRECTION('',(1.,0.,0.));
#14686 = DIRECTION('',(0.,0.,1.));
#14687 = DEFINITIONAL_REPRESENTATION('',(#14688),#14692);
#14688 = LINE('',#14689,#14690);
#14689 = CARTESIAN_POINT('',(0.,0.));
#14690 = VECTOR('',#14691,1.);
#14691 = DIRECTION('',(1.,0.));
#14692 = ( GEOMETRIC_REPRESENTATION_CONTEXT(2) 
PARAMETRIC_REPRESENTATION_CONTEXT() REPRESENTATION_CONTEXT('2D SPACE',''
  ) );
#14693 = PCURVE('',#14694,#14699);
#14694 = PLANE('',#14695);
#14695 = AXIS2_PLACEMENT_3D('',#14696,#14697,#14698);
#14696 = CARTESIAN_POINT('',(-10.555,-0.395,-2.64));
#14697 = DIRECTION('',(0.,1.,0.));
#14698 = DIRECTION('',(0.,0.,1.));
#14699 = DEFINITIONAL_REPRESENTATION('',(#14700),#14704);
#14700 = LINE('',#14701,#14702);
#14701 = CARTESIAN_POINT('',(0.,0.));
#14702 = VECTOR('',#14703,1.);
#14703 = DIRECTION('',(1.,0.));
#14704 = ( GEOMETRIC_REPRESENTATION_CONTEXT(2) 
PARAMETRIC_REPRESENTATION_CONTEXT() REPRESENTATION_CONTEXT('2D SPACE',''
  ) );
#14705 = ORIENTED_EDGE('',*,*,#14706,.T.);
#14706 = EDGE_CURVE('',#14672,#14707,#14709,.T.);
#14707 = VERTEX_POINT('',#14708);
#14708 = CARTESIAN_POINT('',(-10.555,0.395,-2.324));
#14709 = SURFACE_CURVE('',#14710,(#14714,#14721),.PCURVE_S1.);
#14710 = LINE('',#14711,#14712);
#14711 = CARTESIAN_POINT('',(-10.555,-0.395,-2.324));
#14712 = VECTOR('',#14713,1.);
#14713 = DIRECTION('',(0.,1.,0.));
#14714 = PCURVE('',#14682,#14715);
#14715 = DEFINITIONAL_REPRESENTATION('',(#14716),#14720);
#14716 = LINE('',#14717,#14718);
#14717 = CARTESIAN_POINT('',(0.316,0.));
#14718 = VECTOR('',#14719,1.);
#14719 = DIRECTION('',(0.,-1.));
#14720 = ( GEOMETRIC_REPRESENTATION_CONTEXT(2) 
PARAMETRIC_REPRESENTATION_CONTEXT() REPRESENTATION_CONTEXT('2D SPACE',''
  ) );
#14721 = PCURVE('',#14722,#14727);
#14722 = PLANE('',#14723);
#14723 = AXIS2_PLACEMENT_3D('',#14724,#14725,#14726);
#14724 = CARTESIAN_POINT('',(-10.397,-0.395,-2.482));
#14725 = DIRECTION('',(-0.707106781187,0.,-0.707106781187));
#14726 = DIRECTION('',(0.,1.,0.));
#14727 = DEFINITIONAL_REPRESENTATION('',(#14728),#14732);
#14728 = LINE('',#14729,#14730);
#14729 = CARTESIAN_POINT('',(0.,-0.223445742855));
#14730 = VECTOR('',#14731,1.);
#14731 = DIRECTION('',(1.,0.));
#14732 = ( GEOMETRIC_REPRESENTATION_CONTEXT(2) 
PARAMETRIC_REPRESENTATION_CONTEXT() REPRESENTATION_CONTEXT('2D SPACE',''
  ) );
#14733 = ORIENTED_EDGE('',*,*,#14734,.T.);
#14734 = EDGE_CURVE('',#14707,#14735,#14737,.T.);
#14735 = VERTEX_POINT('',#14736);
#14736 = CARTESIAN_POINT('',(-10.555,0.395,1.702));
#14737 = SURFACE_CURVE('',#14738,(#14742,#14749),.PCURVE_S1.);
#14738 = LINE('',#14739,#14740);
#14739 = CARTESIAN_POINT('',(-10.555,0.395,-2.64));
#14740 = VECTOR('',#14741,1.);
#14741 = DIRECTION('',(0.,0.,1.));
#14742 = PCURVE('',#14682,#14743);
#14743 = DEFINITIONAL_REPRESENTATION('',(#14744),#14748);
#14744 = LINE('',#14745,#14746);
#14745 = CARTESIAN_POINT('',(0.,-0.79));
#14746 = VECTOR('',#14747,1.);
#14747 = DIRECTION('',(1.,0.));
#14748 = ( GEOMETRIC_REPRESENTATION_CONTEXT(2) 
PARAMETRIC_REPRESENTATION_CONTEXT() REPRESENTATION_CONTEXT('2D SPACE',''
  ) );
#14749 = PCURVE('',#14750,#14755);
#14750 = PLANE('',#14751);
#14751 = AXIS2_PLACEMENT_3D('',#14752,#14753,#14754);
#14752 = CARTESIAN_POINT('',(-10.555,0.395,-2.64));
#14753 = DIRECTION('',(0.,1.,0.));
#14754 = DIRECTION('',(0.,0.,1.));
#14755 = DEFINITIONAL_REPRESENTATION('',(#14756),#14760);
#14756 = LINE('',#14757,#14758);
#14757 = CARTESIAN_POINT('',(0.,0.));
#14758 = VECTOR('',#14759,1.);
#14759 = DIRECTION('',(1.,0.));
#14760 = ( GEOMETRIC_REPRESENTATION_CONTEXT(2) 
PARAMETRIC_REPRESENTATION_CONTEXT() REPRESENTATION_CONTEXT('2D SPACE',''
  ) );
#14761 = ORIENTED_EDGE('',*,*,#14762,.F.);
#14762 = EDGE_CURVE('',#14674,#14735,#14763,.T.);
#14763 = SURFACE_CURVE('',#14764,(#14768,#14775),.PCURVE_S1.);
#14764 = LINE('',#14765,#14766);
#14765 = CARTESIAN_POINT('',(-10.555,-0.395,1.702));
#14766 = VECTOR('',#14767,1.);
#14767 = DIRECTION('',(0.,1.,0.));
#14768 = PCURVE('',#14682,#14769);
#14769 = DEFINITIONAL_REPRESENTATION('',(#14770),#14774);
#14770 = LINE('',#14771,#14772);
#14771 = CARTESIAN_POINT('',(4.342,0.));
#14772 = VECTOR('',#14773,1.);
#14773 = DIRECTION('',(0.,-1.));
#14774 = ( GEOMETRIC_REPRESENTATION_CONTEXT(2) 
PARAMETRIC_REPRESENTATION_CONTEXT() REPRESENTATION_CONTEXT('2D SPACE',''
  ) );
#14775 = PCURVE('',#14776,#14781);
#14776 = PLANE('',#14777);
#14777 = AXIS2_PLACEMENT_3D('',#14778,#14779,#14780);
#14778 = CARTESIAN_POINT('',(-10.555,-0.395,1.702));
#14779 = DIRECTION('',(0.,0.,1.));
#14780 = DIRECTION('',(1.,0.,0.));
#14781 = DEFINITIONAL_REPRESENTATION('',(#14782),#14786);
#14782 = LINE('',#14783,#14784);
#14783 = CARTESIAN_POINT('',(0.,0.));
#14784 = VECTOR('',#14785,1.);
#14785 = DIRECTION('',(0.,1.));
#14786 = ( GEOMETRIC_REPRESENTATION_CONTEXT(2) 
PARAMETRIC_REPRESENTATION_CONTEXT() REPRESENTATION_CONTEXT('2D SPACE',''
  ) );
#14787 = ADVANCED_FACE('',(#14788),#14694,.F.);
#14788 = FACE_BOUND('',#14789,.F.);
#14789 = EDGE_LOOP('',(#14790,#14820,#14846,#14847));
#14790 = ORIENTED_EDGE('',*,*,#14791,.F.);
#14791 = EDGE_CURVE('',#14792,#14794,#14796,.T.);
#14792 = VERTEX_POINT('',#14793);
#14793 = CARTESIAN_POINT('',(-9.765,-0.395,-2.324));
#14794 = VERTEX_POINT('',#14795);
#14795 = CARTESIAN_POINT('',(-9.765,-0.395,1.702));
#14796 = SURFACE_CURVE('',#14797,(#14801,#14808),.PCURVE_S1.);
#14797 = LINE('',#14798,#14799);
#14798 = CARTESIAN_POINT('',(-9.765,-0.395,-2.64));
#14799 = VECTOR('',#14800,1.);
#14800 = DIRECTION('',(0.,0.,1.));
#14801 = PCURVE('',#14694,#14802);
#14802 = DEFINITIONAL_REPRESENTATION('',(#14803),#14807);
#14803 = LINE('',#14804,#14805);
#14804 = CARTESIAN_POINT('',(0.,0.79));
#14805 = VECTOR('',#14806,1.);
#14806 = DIRECTION('',(1.,0.));
#14807 = ( GEOMETRIC_REPRESENTATION_CONTEXT(2) 
PARAMETRIC_REPRESENTATION_CONTEXT() REPRESENTATION_CONTEXT('2D SPACE',''
  ) );
#14808 = PCURVE('',#14809,#14814);
#14809 = PLANE('',#14810);
#14810 = AXIS2_PLACEMENT_3D('',#14811,#14812,#14813);
#14811 = CARTESIAN_POINT('',(-9.765,-0.395,-2.64));
#14812 = DIRECTION('',(1.,0.,0.));
#14813 = DIRECTION('',(0.,0.,1.));
#14814 = DEFINITIONAL_REPRESENTATION('',(#14815),#14819);
#14815 = LINE('',#14816,#14817);
#14816 = CARTESIAN_POINT('',(0.,0.));
#14817 = VECTOR('',#14818,1.);
#14818 = DIRECTION('',(1.,0.));
#14819 = ( GEOMETRIC_REPRESENTATION_CONTEXT(2) 
PARAMETRIC_REPRESENTATION_CONTEXT() REPRESENTATION_CONTEXT('2D SPACE',''
  ) );
#14820 = ORIENTED_EDGE('',*,*,#14821,.F.);
#14821 = EDGE_CURVE('',#14672,#14792,#14822,.T.);
#14822 = SURFACE_CURVE('',#14823,(#14827,#14834),.PCURVE_S1.);
#14823 = LINE('',#14824,#14825);
#14824 = CARTESIAN_POINT('',(-10.555,-0.395,-2.324));
#14825 = VECTOR('',#14826,1.);
#14826 = DIRECTION('',(1.,0.,0.));
#14827 = PCURVE('',#14694,#14828);
#14828 = DEFINITIONAL_REPRESENTATION('',(#14829),#14833);
#14829 = LINE('',#14830,#14831);
#14830 = CARTESIAN_POINT('',(0.316,0.));
#14831 = VECTOR('',#14832,1.);
#14832 = DIRECTION('',(0.,1.));
#14833 = ( GEOMETRIC_REPRESENTATION_CONTEXT(2) 
PARAMETRIC_REPRESENTATION_CONTEXT() REPRESENTATION_CONTEXT('2D SPACE',''
  ) );
#14834 = PCURVE('',#14835,#14840);
#14835 = PLANE('',#14836);
#14836 = AXIS2_PLACEMENT_3D('',#14837,#14838,#14839);
#14837 = CARTESIAN_POINT('',(-10.555,-0.237,-2.482));
#14838 = DIRECTION('',(0.,-0.707106781187,-0.707106781187));
#14839 = DIRECTION('',(-1.,-0.,-0.));
#14840 = DEFINITIONAL_REPRESENTATION('',(#14841),#14845);
#14841 = LINE('',#14842,#14843);
#14842 = CARTESIAN_POINT('',(-0.,-0.223445742855));
#14843 = VECTOR('',#14844,1.);
#14844 = DIRECTION('',(-1.,0.));
#14845 = ( GEOMETRIC_REPRESENTATION_CONTEXT(2) 
PARAMETRIC_REPRESENTATION_CONTEXT() REPRESENTATION_CONTEXT('2D SPACE',''
  ) );
#14846 = ORIENTED_EDGE('',*,*,#14671,.T.);
#14847 = ORIENTED_EDGE('',*,*,#14848,.T.);
#14848 = EDGE_CURVE('',#14674,#14794,#14849,.T.);
#14849 = SURFACE_CURVE('',#14850,(#14854,#14861),.PCURVE_S1.);
#14850 = LINE('',#14851,#14852);
#14851 = CARTESIAN_POINT('',(-10.555,-0.395,1.702));
#14852 = VECTOR('',#14853,1.);
#14853 = DIRECTION('',(1.,0.,0.));
#14854 = PCURVE('',#14694,#14855);
#14855 = DEFINITIONAL_REPRESENTATION('',(#14856),#14860);
#14856 = LINE('',#14857,#14858);
#14857 = CARTESIAN_POINT('',(4.342,0.));
#14858 = VECTOR('',#14859,1.);
#14859 = DIRECTION('',(0.,1.));
#14860 = ( GEOMETRIC_REPRESENTATION_CONTEXT(2) 
PARAMETRIC_REPRESENTATION_CONTEXT() REPRESENTATION_CONTEXT('2D SPACE',''
  ) );
#14861 = PCURVE('',#14776,#14862);
#14862 = DEFINITIONAL_REPRESENTATION('',(#14863),#14867);
#14863 = LINE('',#14864,#14865);
#14864 = CARTESIAN_POINT('',(0.,0.));
#14865 = VECTOR('',#14866,1.);
#14866 = DIRECTION('',(1.,0.));
#14867 = ( GEOMETRIC_REPRESENTATION_CONTEXT(2) 
PARAMETRIC_REPRESENTATION_CONTEXT() REPRESENTATION_CONTEXT('2D SPACE',''
  ) );
#14868 = ADVANCED_FACE('',(#14869),#14722,.T.);
#14869 = FACE_BOUND('',#14870,.T.);
#14870 = EDGE_LOOP('',(#14871,#14894,#14895,#14923));
#14871 = ORIENTED_EDGE('',*,*,#14872,.F.);
#14872 = EDGE_CURVE('',#14672,#14873,#14875,.T.);
#14873 = VERTEX_POINT('',#14874);
#14874 = CARTESIAN_POINT('',(-10.239,-7.9E-02,-2.64));
#14875 = SURFACE_CURVE('',#14876,(#14880,#14887),.PCURVE_S1.);
#14876 = LINE('',#14877,#14878);
#14877 = CARTESIAN_POINT('',(-10.44966666666,-0.289666666667,
    -2.429333333333));
#14878 = VECTOR('',#14879,1.);
#14879 = DIRECTION('',(0.57735026919,0.57735026919,-0.57735026919));
#14880 = PCURVE('',#14722,#14881);
#14881 = DEFINITIONAL_REPRESENTATION('',(#14882),#14886);
#14882 = LINE('',#14883,#14884);
#14883 = CARTESIAN_POINT('',(0.105333333333,-7.448191428498E-02));
#14884 = VECTOR('',#14885,1.);
#14885 = DIRECTION('',(0.57735026919,0.816496580928));
#14886 = ( GEOMETRIC_REPRESENTATION_CONTEXT(2) 
PARAMETRIC_REPRESENTATION_CONTEXT() REPRESENTATION_CONTEXT('2D SPACE',''
  ) );
#14887 = PCURVE('',#14835,#14888);
#14888 = DEFINITIONAL_REPRESENTATION('',(#14889),#14893);
#14889 = LINE('',#14890,#14891);
#14890 = CARTESIAN_POINT('',(-0.105333333333,-7.448191428498E-02));
#14891 = VECTOR('',#14892,1.);
#14892 = DIRECTION('',(-0.57735026919,0.816496580928));
#14893 = ( GEOMETRIC_REPRESENTATION_CONTEXT(2) 
PARAMETRIC_REPRESENTATION_CONTEXT() REPRESENTATION_CONTEXT('2D SPACE',''
  ) );
#14894 = ORIENTED_EDGE('',*,*,#14706,.T.);
#14895 = ORIENTED_EDGE('',*,*,#14896,.T.);
#14896 = EDGE_CURVE('',#14707,#14897,#14899,.T.);
#14897 = VERTEX_POINT('',#14898);
#14898 = CARTESIAN_POINT('',(-10.239,7.9E-02,-2.64));
#14899 = SURFACE_CURVE('',#14900,(#14904,#14911),.PCURVE_S1.);
#14900 = LINE('',#14901,#14902);
#14901 = CARTESIAN_POINT('',(-10.318,0.158,-2.561));
#14902 = VECTOR('',#14903,1.);
#14903 = DIRECTION('',(0.57735026919,-0.57735026919,-0.57735026919));
#14904 = PCURVE('',#14722,#14905);
#14905 = DEFINITIONAL_REPRESENTATION('',(#14906),#14910);
#14906 = LINE('',#14907,#14908);
#14907 = CARTESIAN_POINT('',(0.553,0.111722871427));
#14908 = VECTOR('',#14909,1.);
#14909 = DIRECTION('',(-0.57735026919,0.816496580928));
#14910 = ( GEOMETRIC_REPRESENTATION_CONTEXT(2) 
PARAMETRIC_REPRESENTATION_CONTEXT() REPRESENTATION_CONTEXT('2D SPACE',''
  ) );
#14911 = PCURVE('',#14912,#14917);
#14912 = PLANE('',#14913);
#14913 = AXIS2_PLACEMENT_3D('',#14914,#14915,#14916);
#14914 = CARTESIAN_POINT('',(-10.555,0.237,-2.482));
#14915 = DIRECTION('',(0.,-0.707106781187,0.707106781187));
#14916 = DIRECTION('',(-1.,-0.,-0.));
#14917 = DEFINITIONAL_REPRESENTATION('',(#14918),#14922);
#14918 = LINE('',#14919,#14920);
#14919 = CARTESIAN_POINT('',(-0.237,0.111722871427));
#14920 = VECTOR('',#14921,1.);
#14921 = DIRECTION('',(-0.57735026919,0.816496580928));
#14922 = ( GEOMETRIC_REPRESENTATION_CONTEXT(2) 
PARAMETRIC_REPRESENTATION_CONTEXT() REPRESENTATION_CONTEXT('2D SPACE',''
  ) );
#14923 = ORIENTED_EDGE('',*,*,#14924,.F.);
#14924 = EDGE_CURVE('',#14873,#14897,#14925,.T.);
#14925 = SURFACE_CURVE('',#14926,(#14930,#14937),.PCURVE_S1.);
#14926 = LINE('',#14927,#14928);
#14927 = CARTESIAN_POINT('',(-10.239,-0.395,-2.64));
#14928 = VECTOR('',#14929,1.);
#14929 = DIRECTION('',(0.,1.,0.));
#14930 = PCURVE('',#14722,#14931);
#14931 = DEFINITIONAL_REPRESENTATION('',(#14932),#14936);
#14932 = LINE('',#14933,#14934);
#14933 = CARTESIAN_POINT('',(0.,0.223445742855));
#14934 = VECTOR('',#14935,1.);
#14935 = DIRECTION('',(1.,0.));
#14936 = ( GEOMETRIC_REPRESENTATION_CONTEXT(2) 
PARAMETRIC_REPRESENTATION_CONTEXT() REPRESENTATION_CONTEXT('2D SPACE',''
  ) );
#14937 = PCURVE('',#14938,#14943);
#14938 = PLANE('',#14939);
#14939 = AXIS2_PLACEMENT_3D('',#14940,#14941,#14942);
#14940 = CARTESIAN_POINT('',(-10.555,-0.395,-2.64));
#14941 = DIRECTION('',(0.,0.,1.));
#14942 = DIRECTION('',(1.,0.,0.));
#14943 = DEFINITIONAL_REPRESENTATION('',(#14944),#14948);
#14944 = LINE('',#14945,#14946);
#14945 = CARTESIAN_POINT('',(0.316,0.));
#14946 = VECTOR('',#14947,1.);
#14947 = DIRECTION('',(0.,1.));
#14948 = ( GEOMETRIC_REPRESENTATION_CONTEXT(2) 
PARAMETRIC_REPRESENTATION_CONTEXT() REPRESENTATION_CONTEXT('2D SPACE',''
  ) );
#14949 = ADVANCED_FACE('',(#14950),#14776,.T.);
#14950 = FACE_BOUND('',#14951,.T.);
#14951 = EDGE_LOOP('',(#14952,#14953,#14954,#14977));
#14952 = ORIENTED_EDGE('',*,*,#14762,.F.);
#14953 = ORIENTED_EDGE('',*,*,#14848,.T.);
#14954 = ORIENTED_EDGE('',*,*,#14955,.T.);
#14955 = EDGE_CURVE('',#14794,#14956,#14958,.T.);
#14956 = VERTEX_POINT('',#14957);
#14957 = CARTESIAN_POINT('',(-9.765,0.395,1.702));
#14958 = SURFACE_CURVE('',#14959,(#14963,#14970),.PCURVE_S1.);
#14959 = LINE('',#14960,#14961);
#14960 = CARTESIAN_POINT('',(-9.765,-0.395,1.702));
#14961 = VECTOR('',#14962,1.);
#14962 = DIRECTION('',(0.,1.,0.));
#14963 = PCURVE('',#14776,#14964);
#14964 = DEFINITIONAL_REPRESENTATION('',(#14965),#14969);
#14965 = LINE('',#14966,#14967);
#14966 = CARTESIAN_POINT('',(0.79,0.));
#14967 = VECTOR('',#14968,1.);
#14968 = DIRECTION('',(0.,1.));
#14969 = ( GEOMETRIC_REPRESENTATION_CONTEXT(2) 
PARAMETRIC_REPRESENTATION_CONTEXT() REPRESENTATION_CONTEXT('2D SPACE',''
  ) );
#14970 = PCURVE('',#14809,#14971);
#14971 = DEFINITIONAL_REPRESENTATION('',(#14972),#14976);
#14972 = LINE('',#14973,#14974);
#14973 = CARTESIAN_POINT('',(4.342,0.));
#14974 = VECTOR('',#14975,1.);
#14975 = DIRECTION('',(0.,-1.));
#14976 = ( GEOMETRIC_REPRESENTATION_CONTEXT(2) 
PARAMETRIC_REPRESENTATION_CONTEXT() REPRESENTATION_CONTEXT('2D SPACE',''
  ) );
#14977 = ORIENTED_EDGE('',*,*,#14978,.F.);
#14978 = EDGE_CURVE('',#14735,#14956,#14979,.T.);
#14979 = SURFACE_CURVE('',#14980,(#14984,#14991),.PCURVE_S1.);
#14980 = LINE('',#14981,#14982);
#14981 = CARTESIAN_POINT('',(-10.555,0.395,1.702));
#14982 = VECTOR('',#14983,1.);
#14983 = DIRECTION('',(1.,0.,0.));
#14984 = PCURVE('',#14776,#14985);
#14985 = DEFINITIONAL_REPRESENTATION('',(#14986),#14990);
#14986 = LINE('',#14987,#14988);
#14987 = CARTESIAN_POINT('',(0.,0.79));
#14988 = VECTOR('',#14989,1.);
#14989 = DIRECTION('',(1.,0.));
#14990 = ( GEOMETRIC_REPRESENTATION_CONTEXT(2) 
PARAMETRIC_REPRESENTATION_CONTEXT() REPRESENTATION_CONTEXT('2D SPACE',''
  ) );
#14991 = PCURVE('',#14750,#14992);
#14992 = DEFINITIONAL_REPRESENTATION('',(#14993),#14997);
#14993 = LINE('',#14994,#14995);
#14994 = CARTESIAN_POINT('',(4.342,0.));
#14995 = VECTOR('',#14996,1.);
#14996 = DIRECTION('',(0.,1.));
#14997 = ( GEOMETRIC_REPRESENTATION_CONTEXT(2) 
PARAMETRIC_REPRESENTATION_CONTEXT() REPRESENTATION_CONTEXT('2D SPACE',''
  ) );
#14998 = ADVANCED_FACE('',(#14999),#14750,.T.);
#14999 = FACE_BOUND('',#15000,.T.);
#15000 = EDGE_LOOP('',(#15001,#15024,#15045,#15046));
#15001 = ORIENTED_EDGE('',*,*,#15002,.F.);
#15002 = EDGE_CURVE('',#15003,#14956,#15005,.T.);
#15003 = VERTEX_POINT('',#15004);
#15004 = CARTESIAN_POINT('',(-9.765,0.395,-2.324));
#15005 = SURFACE_CURVE('',#15006,(#15010,#15017),.PCURVE_S1.);
#15006 = LINE('',#15007,#15008);
#15007 = CARTESIAN_POINT('',(-9.765,0.395,-2.64));
#15008 = VECTOR('',#15009,1.);
#15009 = DIRECTION('',(0.,0.,1.));
#15010 = PCURVE('',#14750,#15011);
#15011 = DEFINITIONAL_REPRESENTATION('',(#15012),#15016);
#15012 = LINE('',#15013,#15014);
#15013 = CARTESIAN_POINT('',(0.,0.79));
#15014 = VECTOR('',#15015,1.);
#15015 = DIRECTION('',(1.,0.));
#15016 = ( GEOMETRIC_REPRESENTATION_CONTEXT(2) 
PARAMETRIC_REPRESENTATION_CONTEXT() REPRESENTATION_CONTEXT('2D SPACE',''
  ) );
#15017 = PCURVE('',#14809,#15018);
#15018 = DEFINITIONAL_REPRESENTATION('',(#15019),#15023);
#15019 = LINE('',#15020,#15021);
#15020 = CARTESIAN_POINT('',(0.,-0.79));
#15021 = VECTOR('',#15022,1.);
#15022 = DIRECTION('',(1.,0.));
#15023 = ( GEOMETRIC_REPRESENTATION_CONTEXT(2) 
PARAMETRIC_REPRESENTATION_CONTEXT() REPRESENTATION_CONTEXT('2D SPACE',''
  ) );
#15024 = ORIENTED_EDGE('',*,*,#15025,.F.);
#15025 = EDGE_CURVE('',#14707,#15003,#15026,.T.);
#15026 = SURFACE_CURVE('',#15027,(#15031,#15038),.PCURVE_S1.);
#15027 = LINE('',#15028,#15029);
#15028 = CARTESIAN_POINT('',(-10.555,0.395,-2.324));
#15029 = VECTOR('',#15030,1.);
#15030 = DIRECTION('',(1.,0.,0.));
#15031 = PCURVE('',#14750,#15032);
#15032 = DEFINITIONAL_REPRESENTATION('',(#15033),#15037);
#15033 = LINE('',#15034,#15035);
#15034 = CARTESIAN_POINT('',(0.316,0.));
#15035 = VECTOR('',#15036,1.);
#15036 = DIRECTION('',(0.,1.));
#15037 = ( GEOMETRIC_REPRESENTATION_CONTEXT(2) 
PARAMETRIC_REPRESENTATION_CONTEXT() REPRESENTATION_CONTEXT('2D SPACE',''
  ) );
#15038 = PCURVE('',#14912,#15039);
#15039 = DEFINITIONAL_REPRESENTATION('',(#15040),#15044);
#15040 = LINE('',#15041,#15042);
#15041 = CARTESIAN_POINT('',(-0.,-0.223445742855));
#15042 = VECTOR('',#15043,1.);
#15043 = DIRECTION('',(-1.,0.));
#15044 = ( GEOMETRIC_REPRESENTATION_CONTEXT(2) 
PARAMETRIC_REPRESENTATION_CONTEXT() REPRESENTATION_CONTEXT('2D SPACE',''
  ) );
#15045 = ORIENTED_EDGE('',*,*,#14734,.T.);
#15046 = ORIENTED_EDGE('',*,*,#14978,.T.);
#15047 = ADVANCED_FACE('',(#15048),#14809,.T.);
#15048 = FACE_BOUND('',#15049,.T.);
#15049 = EDGE_LOOP('',(#15050,#15051,#15077,#15078));
#15050 = ORIENTED_EDGE('',*,*,#14791,.F.);
#15051 = ORIENTED_EDGE('',*,*,#15052,.T.);
#15052 = EDGE_CURVE('',#14792,#15003,#15053,.T.);
#15053 = SURFACE_CURVE('',#15054,(#15058,#15065),.PCURVE_S1.);
#15054 = LINE('',#15055,#15056);
#15055 = CARTESIAN_POINT('',(-9.765,-0.395,-2.324));
#15056 = VECTOR('',#15057,1.);
#15057 = DIRECTION('',(0.,1.,0.));
#15058 = PCURVE('',#14809,#15059);
#15059 = DEFINITIONAL_REPRESENTATION('',(#15060),#15064);
#15060 = LINE('',#15061,#15062);
#15061 = CARTESIAN_POINT('',(0.316,0.));
#15062 = VECTOR('',#15063,1.);
#15063 = DIRECTION('',(0.,-1.));
#15064 = ( GEOMETRIC_REPRESENTATION_CONTEXT(2) 
PARAMETRIC_REPRESENTATION_CONTEXT() REPRESENTATION_CONTEXT('2D SPACE',''
  ) );
#15065 = PCURVE('',#15066,#15071);
#15066 = PLANE('',#15067);
#15067 = AXIS2_PLACEMENT_3D('',#15068,#15069,#15070);
#15068 = CARTESIAN_POINT('',(-9.923,-0.395,-2.482));
#15069 = DIRECTION('',(-0.707106781187,0.,0.707106781187));
#15070 = DIRECTION('',(0.,1.,0.));
#15071 = DEFINITIONAL_REPRESENTATION('',(#15072),#15076);
#15072 = LINE('',#15073,#15074);
#15073 = CARTESIAN_POINT('',(0.,-0.223445742855));
#15074 = VECTOR('',#15075,1.);
#15075 = DIRECTION('',(1.,0.));
#15076 = ( GEOMETRIC_REPRESENTATION_CONTEXT(2) 
PARAMETRIC_REPRESENTATION_CONTEXT() REPRESENTATION_CONTEXT('2D SPACE',''
  ) );
#15077 = ORIENTED_EDGE('',*,*,#15002,.T.);
#15078 = ORIENTED_EDGE('',*,*,#14955,.F.);
#15079 = ADVANCED_FACE('',(#15080),#14835,.T.);
#15080 = FACE_BOUND('',#15081,.F.);
#15081 = EDGE_LOOP('',(#15082,#15083,#15084,#15107));
#15082 = ORIENTED_EDGE('',*,*,#14872,.F.);
#15083 = ORIENTED_EDGE('',*,*,#14821,.T.);
#15084 = ORIENTED_EDGE('',*,*,#15085,.T.);
#15085 = EDGE_CURVE('',#14792,#15086,#15088,.T.);
#15086 = VERTEX_POINT('',#15087);
#15087 = CARTESIAN_POINT('',(-10.081,-7.9E-02,-2.64));
#15088 = SURFACE_CURVE('',#15089,(#15093,#15100),.PCURVE_S1.);
#15089 = LINE('',#15090,#15091);
#15090 = CARTESIAN_POINT('',(-10.002,-0.158,-2.561));
#15091 = VECTOR('',#15092,1.);
#15092 = DIRECTION('',(-0.57735026919,0.57735026919,-0.57735026919));
#15093 = PCURVE('',#14835,#15094);
#15094 = DEFINITIONAL_REPRESENTATION('',(#15095),#15099);
#15095 = LINE('',#15096,#15097);
#15096 = CARTESIAN_POINT('',(-0.553,0.111722871427));
#15097 = VECTOR('',#15098,1.);
#15098 = DIRECTION('',(0.57735026919,0.816496580928));
#15099 = ( GEOMETRIC_REPRESENTATION_CONTEXT(2) 
PARAMETRIC_REPRESENTATION_CONTEXT() REPRESENTATION_CONTEXT('2D SPACE',''
  ) );
#15100 = PCURVE('',#15066,#15101);
#15101 = DEFINITIONAL_REPRESENTATION('',(#15102),#15106);
#15102 = LINE('',#15103,#15104);
#15103 = CARTESIAN_POINT('',(0.237,0.111722871427));
#15104 = VECTOR('',#15105,1.);
#15105 = DIRECTION('',(0.57735026919,0.816496580928));
#15106 = ( GEOMETRIC_REPRESENTATION_CONTEXT(2) 
PARAMETRIC_REPRESENTATION_CONTEXT() REPRESENTATION_CONTEXT('2D SPACE',''
  ) );
#15107 = ORIENTED_EDGE('',*,*,#15108,.F.);
#15108 = EDGE_CURVE('',#14873,#15086,#15109,.T.);
#15109 = SURFACE_CURVE('',#15110,(#15114,#15121),.PCURVE_S1.);
#15110 = LINE('',#15111,#15112);
#15111 = CARTESIAN_POINT('',(-10.555,-7.9E-02,-2.64));
#15112 = VECTOR('',#15113,1.);
#15113 = DIRECTION('',(1.,0.,0.));
#15114 = PCURVE('',#14835,#15115);
#15115 = DEFINITIONAL_REPRESENTATION('',(#15116),#15120);
#15116 = LINE('',#15117,#15118);
#15117 = CARTESIAN_POINT('',(-0.,0.223445742855));
#15118 = VECTOR('',#15119,1.);
#15119 = DIRECTION('',(-1.,0.));
#15120 = ( GEOMETRIC_REPRESENTATION_CONTEXT(2) 
PARAMETRIC_REPRESENTATION_CONTEXT() REPRESENTATION_CONTEXT('2D SPACE',''
  ) );
#15121 = PCURVE('',#14938,#15122);
#15122 = DEFINITIONAL_REPRESENTATION('',(#15123),#15127);
#15123 = LINE('',#15124,#15125);
#15124 = CARTESIAN_POINT('',(0.,0.316));
#15125 = VECTOR('',#15126,1.);
#15126 = DIRECTION('',(1.,0.));
#15127 = ( GEOMETRIC_REPRESENTATION_CONTEXT(2) 
PARAMETRIC_REPRESENTATION_CONTEXT() REPRESENTATION_CONTEXT('2D SPACE',''
  ) );
#15128 = ADVANCED_FACE('',(#15129),#14938,.F.);
#15129 = FACE_BOUND('',#15130,.F.);
#15130 = EDGE_LOOP('',(#15131,#15132,#15155,#15176));
#15131 = ORIENTED_EDGE('',*,*,#15108,.T.);
#15132 = ORIENTED_EDGE('',*,*,#15133,.T.);
#15133 = EDGE_CURVE('',#15086,#15134,#15136,.T.);
#15134 = VERTEX_POINT('',#15135);
#15135 = CARTESIAN_POINT('',(-10.081,7.9E-02,-2.64));
#15136 = SURFACE_CURVE('',#15137,(#15141,#15148),.PCURVE_S1.);
#15137 = LINE('',#15138,#15139);
#15138 = CARTESIAN_POINT('',(-10.081,-0.395,-2.64));
#15139 = VECTOR('',#15140,1.);
#15140 = DIRECTION('',(0.,1.,0.));
#15141 = PCURVE('',#14938,#15142);
#15142 = DEFINITIONAL_REPRESENTATION('',(#15143),#15147);
#15143 = LINE('',#15144,#15145);
#15144 = CARTESIAN_POINT('',(0.474,0.));
#15145 = VECTOR('',#15146,1.);
#15146 = DIRECTION('',(0.,1.));
#15147 = ( GEOMETRIC_REPRESENTATION_CONTEXT(2) 
PARAMETRIC_REPRESENTATION_CONTEXT() REPRESENTATION_CONTEXT('2D SPACE',''
  ) );
#15148 = PCURVE('',#15066,#15149);
#15149 = DEFINITIONAL_REPRESENTATION('',(#15150),#15154);
#15150 = LINE('',#15151,#15152);
#15151 = CARTESIAN_POINT('',(0.,0.223445742855));
#15152 = VECTOR('',#15153,1.);
#15153 = DIRECTION('',(1.,0.));
#15154 = ( GEOMETRIC_REPRESENTATION_CONTEXT(2) 
PARAMETRIC_REPRESENTATION_CONTEXT() REPRESENTATION_CONTEXT('2D SPACE',''
  ) );
#15155 = ORIENTED_EDGE('',*,*,#15156,.F.);
#15156 = EDGE_CURVE('',#14897,#15134,#15157,.T.);
#15157 = SURFACE_CURVE('',#15158,(#15162,#15169),.PCURVE_S1.);
#15158 = LINE('',#15159,#15160);
#15159 = CARTESIAN_POINT('',(-10.555,7.9E-02,-2.64));
#15160 = VECTOR('',#15161,1.);
#15161 = DIRECTION('',(1.,0.,0.));
#15162 = PCURVE('',#14938,#15163);
#15163 = DEFINITIONAL_REPRESENTATION('',(#15164),#15168);
#15164 = LINE('',#15165,#15166);
#15165 = CARTESIAN_POINT('',(0.,0.474));
#15166 = VECTOR('',#15167,1.);
#15167 = DIRECTION('',(1.,0.));
#15168 = ( GEOMETRIC_REPRESENTATION_CONTEXT(2) 
PARAMETRIC_REPRESENTATION_CONTEXT() REPRESENTATION_CONTEXT('2D SPACE',''
  ) );
#15169 = PCURVE('',#14912,#15170);
#15170 = DEFINITIONAL_REPRESENTATION('',(#15171),#15175);
#15171 = LINE('',#15172,#15173);
#15172 = CARTESIAN_POINT('',(-0.,0.223445742855));
#15173 = VECTOR('',#15174,1.);
#15174 = DIRECTION('',(-1.,0.));
#15175 = ( GEOMETRIC_REPRESENTATION_CONTEXT(2) 
PARAMETRIC_REPRESENTATION_CONTEXT() REPRESENTATION_CONTEXT('2D SPACE',''
  ) );
#15176 = ORIENTED_EDGE('',*,*,#14924,.F.);
#15177 = ADVANCED_FACE('',(#15178),#14912,.F.);
#15178 = FACE_BOUND('',#15179,.T.);
#15179 = EDGE_LOOP('',(#15180,#15181,#15182,#15203));
#15180 = ORIENTED_EDGE('',*,*,#14896,.F.);
#15181 = ORIENTED_EDGE('',*,*,#15025,.T.);
#15182 = ORIENTED_EDGE('',*,*,#15183,.T.);
#15183 = EDGE_CURVE('',#15003,#15134,#15184,.T.);
#15184 = SURFACE_CURVE('',#15185,(#15189,#15196),.PCURVE_S1.);
#15185 = LINE('',#15186,#15187);
#15186 = CARTESIAN_POINT('',(-10.13366666666,2.633333333333E-02,
    -2.692666666667));
#15187 = VECTOR('',#15188,1.);
#15188 = DIRECTION('',(-0.57735026919,-0.57735026919,-0.57735026919));
#15189 = PCURVE('',#14912,#15190);
#15190 = DEFINITIONAL_REPRESENTATION('',(#15191),#15195);
#15191 = LINE('',#15192,#15193);
#15192 = CARTESIAN_POINT('',(-0.421333333333,0.29792765714));
#15193 = VECTOR('',#15194,1.);
#15194 = DIRECTION('',(0.57735026919,0.816496580928));
#15195 = ( GEOMETRIC_REPRESENTATION_CONTEXT(2) 
PARAMETRIC_REPRESENTATION_CONTEXT() REPRESENTATION_CONTEXT('2D SPACE',''
  ) );
#15196 = PCURVE('',#15066,#15197);
#15197 = DEFINITIONAL_REPRESENTATION('',(#15198),#15202);
#15198 = LINE('',#15199,#15200);
#15199 = CARTESIAN_POINT('',(0.421333333333,0.29792765714));
#15200 = VECTOR('',#15201,1.);
#15201 = DIRECTION('',(-0.57735026919,0.816496580928));
#15202 = ( GEOMETRIC_REPRESENTATION_CONTEXT(2) 
PARAMETRIC_REPRESENTATION_CONTEXT() REPRESENTATION_CONTEXT('2D SPACE',''
  ) );
#15203 = ORIENTED_EDGE('',*,*,#15156,.F.);
#15204 = ADVANCED_FACE('',(#15205),#15066,.F.);
#15205 = FACE_BOUND('',#15206,.F.);
#15206 = EDGE_LOOP('',(#15207,#15208,#15209,#15210));
#15207 = ORIENTED_EDGE('',*,*,#15085,.F.);
#15208 = ORIENTED_EDGE('',*,*,#15052,.T.);
#15209 = ORIENTED_EDGE('',*,*,#15183,.T.);
#15210 = ORIENTED_EDGE('',*,*,#15133,.F.);
#15211 = MANIFOLD_SOLID_BREP('',#15212);
#15212 = CLOSED_SHELL('',(#15213,#15333,#15414,#15495,#15544,#15593,
    #15625,#15674,#15723,#15750));
#15213 = ADVANCED_FACE('',(#15214),#15228,.F.);
#15214 = FACE_BOUND('',#15215,.F.);
#15215 = EDGE_LOOP('',(#15216,#15251,#15279,#15307));
#15216 = ORIENTED_EDGE('',*,*,#15217,.F.);
#15217 = EDGE_CURVE('',#15218,#15220,#15222,.T.);
#15218 = VERTEX_POINT('',#15219);
#15219 = CARTESIAN_POINT('',(-10.555,2.145,-2.324));
#15220 = VERTEX_POINT('',#15221);
#15221 = CARTESIAN_POINT('',(-10.555,2.145,1.702));
#15222 = SURFACE_CURVE('',#15223,(#15227,#15239),.PCURVE_S1.);
#15223 = LINE('',#15224,#15225);
#15224 = CARTESIAN_POINT('',(-10.555,2.145,-2.64));
#15225 = VECTOR('',#15226,1.);
#15226 = DIRECTION('',(0.,0.,1.));
#15227 = PCURVE('',#15228,#15233);
#15228 = PLANE('',#15229);
#15229 = AXIS2_PLACEMENT_3D('',#15230,#15231,#15232);
#15230 = CARTESIAN_POINT('',(-10.555,2.145,-2.64));
#15231 = DIRECTION('',(1.,0.,0.));
#15232 = DIRECTION('',(0.,0.,1.));
#15233 = DEFINITIONAL_REPRESENTATION('',(#15234),#15238);
#15234 = LINE('',#15235,#15236);
#15235 = CARTESIAN_POINT('',(0.,0.));
#15236 = VECTOR('',#15237,1.);
#15237 = DIRECTION('',(1.,0.));
#15238 = ( GEOMETRIC_REPRESENTATION_CONTEXT(2) 
PARAMETRIC_REPRESENTATION_CONTEXT() REPRESENTATION_CONTEXT('2D SPACE',''
  ) );
#15239 = PCURVE('',#15240,#15245);
#15240 = PLANE('',#15241);
#15241 = AXIS2_PLACEMENT_3D('',#15242,#15243,#15244);
#15242 = CARTESIAN_POINT('',(-10.555,2.145,-2.64));
#15243 = DIRECTION('',(0.,1.,0.));
#15244 = DIRECTION('',(0.,0.,1.));
#15245 = DEFINITIONAL_REPRESENTATION('',(#15246),#15250);
#15246 = LINE('',#15247,#15248);
#15247 = CARTESIAN_POINT('',(0.,0.));
#15248 = VECTOR('',#15249,1.);
#15249 = DIRECTION('',(1.,0.));
#15250 = ( GEOMETRIC_REPRESENTATION_CONTEXT(2) 
PARAMETRIC_REPRESENTATION_CONTEXT() REPRESENTATION_CONTEXT('2D SPACE',''
  ) );
#15251 = ORIENTED_EDGE('',*,*,#15252,.T.);
#15252 = EDGE_CURVE('',#15218,#15253,#15255,.T.);
#15253 = VERTEX_POINT('',#15254);
#15254 = CARTESIAN_POINT('',(-10.555,2.935,-2.324));
#15255 = SURFACE_CURVE('',#15256,(#15260,#15267),.PCURVE_S1.);
#15256 = LINE('',#15257,#15258);
#15257 = CARTESIAN_POINT('',(-10.555,2.145,-2.324));
#15258 = VECTOR('',#15259,1.);
#15259 = DIRECTION('',(0.,1.,0.));
#15260 = PCURVE('',#15228,#15261);
#15261 = DEFINITIONAL_REPRESENTATION('',(#15262),#15266);
#15262 = LINE('',#15263,#15264);
#15263 = CARTESIAN_POINT('',(0.316,0.));
#15264 = VECTOR('',#15265,1.);
#15265 = DIRECTION('',(0.,-1.));
#15266 = ( GEOMETRIC_REPRESENTATION_CONTEXT(2) 
PARAMETRIC_REPRESENTATION_CONTEXT() REPRESENTATION_CONTEXT('2D SPACE',''
  ) );
#15267 = PCURVE('',#15268,#15273);
#15268 = PLANE('',#15269);
#15269 = AXIS2_PLACEMENT_3D('',#15270,#15271,#15272);
#15270 = CARTESIAN_POINT('',(-10.397,2.145,-2.482));
#15271 = DIRECTION('',(-0.707106781187,0.,-0.707106781187));
#15272 = DIRECTION('',(0.,1.,0.));
#15273 = DEFINITIONAL_REPRESENTATION('',(#15274),#15278);
#15274 = LINE('',#15275,#15276);
#15275 = CARTESIAN_POINT('',(0.,-0.223445742855));
#15276 = VECTOR('',#15277,1.);
#15277 = DIRECTION('',(1.,0.));
#15278 = ( GEOMETRIC_REPRESENTATION_CONTEXT(2) 
PARAMETRIC_REPRESENTATION_CONTEXT() REPRESENTATION_CONTEXT('2D SPACE',''
  ) );
#15279 = ORIENTED_EDGE('',*,*,#15280,.T.);
#15280 = EDGE_CURVE('',#15253,#15281,#15283,.T.);
#15281 = VERTEX_POINT('',#15282);
#15282 = CARTESIAN_POINT('',(-10.555,2.935,1.702));
#15283 = SURFACE_CURVE('',#15284,(#15288,#15295),.PCURVE_S1.);
#15284 = LINE('',#15285,#15286);
#15285 = CARTESIAN_POINT('',(-10.555,2.935,-2.64));
#15286 = VECTOR('',#15287,1.);
#15287 = DIRECTION('',(0.,0.,1.));
#15288 = PCURVE('',#15228,#15289);
#15289 = DEFINITIONAL_REPRESENTATION('',(#15290),#15294);
#15290 = LINE('',#15291,#15292);
#15291 = CARTESIAN_POINT('',(0.,-0.79));
#15292 = VECTOR('',#15293,1.);
#15293 = DIRECTION('',(1.,0.));
#15294 = ( GEOMETRIC_REPRESENTATION_CONTEXT(2) 
PARAMETRIC_REPRESENTATION_CONTEXT() REPRESENTATION_CONTEXT('2D SPACE',''
  ) );
#15295 = PCURVE('',#15296,#15301);
#15296 = PLANE('',#15297);
#15297 = AXIS2_PLACEMENT_3D('',#15298,#15299,#15300);
#15298 = CARTESIAN_POINT('',(-10.555,2.935,-2.64));
#15299 = DIRECTION('',(0.,1.,0.));
#15300 = DIRECTION('',(0.,0.,1.));
#15301 = DEFINITIONAL_REPRESENTATION('',(#15302),#15306);
#15302 = LINE('',#15303,#15304);
#15303 = CARTESIAN_POINT('',(0.,0.));
#15304 = VECTOR('',#15305,1.);
#15305 = DIRECTION('',(1.,0.));
#15306 = ( GEOMETRIC_REPRESENTATION_CONTEXT(2) 
PARAMETRIC_REPRESENTATION_CONTEXT() REPRESENTATION_CONTEXT('2D SPACE',''
  ) );
#15307 = ORIENTED_EDGE('',*,*,#15308,.F.);
#15308 = EDGE_CURVE('',#15220,#15281,#15309,.T.);
#15309 = SURFACE_CURVE('',#15310,(#15314,#15321),.PCURVE_S1.);
#15310 = LINE('',#15311,#15312);
#15311 = CARTESIAN_POINT('',(-10.555,2.145,1.702));
#15312 = VECTOR('',#15313,1.);
#15313 = DIRECTION('',(0.,1.,0.));
#15314 = PCURVE('',#15228,#15315);
#15315 = DEFINITIONAL_REPRESENTATION('',(#15316),#15320);
#15316 = LINE('',#15317,#15318);
#15317 = CARTESIAN_POINT('',(4.342,0.));
#15318 = VECTOR('',#15319,1.);
#15319 = DIRECTION('',(0.,-1.));
#15320 = ( GEOMETRIC_REPRESENTATION_CONTEXT(2) 
PARAMETRIC_REPRESENTATION_CONTEXT() REPRESENTATION_CONTEXT('2D SPACE',''
  ) );
#15321 = PCURVE('',#15322,#15327);
#15322 = PLANE('',#15323);
#15323 = AXIS2_PLACEMENT_3D('',#15324,#15325,#15326);
#15324 = CARTESIAN_POINT('',(-10.555,2.145,1.702));
#15325 = DIRECTION('',(0.,0.,1.));
#15326 = DIRECTION('',(1.,0.,0.));
#15327 = DEFINITIONAL_REPRESENTATION('',(#15328),#15332);
#15328 = LINE('',#15329,#15330);
#15329 = CARTESIAN_POINT('',(0.,0.));
#15330 = VECTOR('',#15331,1.);
#15331 = DIRECTION('',(0.,1.));
#15332 = ( GEOMETRIC_REPRESENTATION_CONTEXT(2) 
PARAMETRIC_REPRESENTATION_CONTEXT() REPRESENTATION_CONTEXT('2D SPACE',''
  ) );
#15333 = ADVANCED_FACE('',(#15334),#15240,.F.);
#15334 = FACE_BOUND('',#15335,.F.);
#15335 = EDGE_LOOP('',(#15336,#15366,#15392,#15393));
#15336 = ORIENTED_EDGE('',*,*,#15337,.F.);
#15337 = EDGE_CURVE('',#15338,#15340,#15342,.T.);
#15338 = VERTEX_POINT('',#15339);
#15339 = CARTESIAN_POINT('',(-9.765,2.145,-2.324));
#15340 = VERTEX_POINT('',#15341);
#15341 = CARTESIAN_POINT('',(-9.765,2.145,1.702));
#15342 = SURFACE_CURVE('',#15343,(#15347,#15354),.PCURVE_S1.);
#15343 = LINE('',#15344,#15345);
#15344 = CARTESIAN_POINT('',(-9.765,2.145,-2.64));
#15345 = VECTOR('',#15346,1.);
#15346 = DIRECTION('',(0.,0.,1.));
#15347 = PCURVE('',#15240,#15348);
#15348 = DEFINITIONAL_REPRESENTATION('',(#15349),#15353);
#15349 = LINE('',#15350,#15351);
#15350 = CARTESIAN_POINT('',(0.,0.79));
#15351 = VECTOR('',#15352,1.);
#15352 = DIRECTION('',(1.,0.));
#15353 = ( GEOMETRIC_REPRESENTATION_CONTEXT(2) 
PARAMETRIC_REPRESENTATION_CONTEXT() REPRESENTATION_CONTEXT('2D SPACE',''
  ) );
#15354 = PCURVE('',#15355,#15360);
#15355 = PLANE('',#15356);
#15356 = AXIS2_PLACEMENT_3D('',#15357,#15358,#15359);
#15357 = CARTESIAN_POINT('',(-9.765,2.145,-2.64));
#15358 = DIRECTION('',(1.,0.,0.));
#15359 = DIRECTION('',(0.,0.,1.));
#15360 = DEFINITIONAL_REPRESENTATION('',(#15361),#15365);
#15361 = LINE('',#15362,#15363);
#15362 = CARTESIAN_POINT('',(0.,0.));
#15363 = VECTOR('',#15364,1.);
#15364 = DIRECTION('',(1.,0.));
#15365 = ( GEOMETRIC_REPRESENTATION_CONTEXT(2) 
PARAMETRIC_REPRESENTATION_CONTEXT() REPRESENTATION_CONTEXT('2D SPACE',''
  ) );
#15366 = ORIENTED_EDGE('',*,*,#15367,.F.);
#15367 = EDGE_CURVE('',#15218,#15338,#15368,.T.);
#15368 = SURFACE_CURVE('',#15369,(#15373,#15380),.PCURVE_S1.);
#15369 = LINE('',#15370,#15371);
#15370 = CARTESIAN_POINT('',(-10.555,2.145,-2.324));
#15371 = VECTOR('',#15372,1.);
#15372 = DIRECTION('',(1.,0.,0.));
#15373 = PCURVE('',#15240,#15374);
#15374 = DEFINITIONAL_REPRESENTATION('',(#15375),#15379);
#15375 = LINE('',#15376,#15377);
#15376 = CARTESIAN_POINT('',(0.316,0.));
#15377 = VECTOR('',#15378,1.);
#15378 = DIRECTION('',(0.,1.));
#15379 = ( GEOMETRIC_REPRESENTATION_CONTEXT(2) 
PARAMETRIC_REPRESENTATION_CONTEXT() REPRESENTATION_CONTEXT('2D SPACE',''
  ) );
#15380 = PCURVE('',#15381,#15386);
#15381 = PLANE('',#15382);
#15382 = AXIS2_PLACEMENT_3D('',#15383,#15384,#15385);
#15383 = CARTESIAN_POINT('',(-10.555,2.303,-2.482));
#15384 = DIRECTION('',(0.,-0.707106781187,-0.707106781187));
#15385 = DIRECTION('',(-1.,-0.,-0.));
#15386 = DEFINITIONAL_REPRESENTATION('',(#15387),#15391);
#15387 = LINE('',#15388,#15389);
#15388 = CARTESIAN_POINT('',(-0.,-0.223445742855));
#15389 = VECTOR('',#15390,1.);
#15390 = DIRECTION('',(-1.,0.));
#15391 = ( GEOMETRIC_REPRESENTATION_CONTEXT(2) 
PARAMETRIC_REPRESENTATION_CONTEXT() REPRESENTATION_CONTEXT('2D SPACE',''
  ) );
#15392 = ORIENTED_EDGE('',*,*,#15217,.T.);
#15393 = ORIENTED_EDGE('',*,*,#15394,.T.);
#15394 = EDGE_CURVE('',#15220,#15340,#15395,.T.);
#15395 = SURFACE_CURVE('',#15396,(#15400,#15407),.PCURVE_S1.);
#15396 = LINE('',#15397,#15398);
#15397 = CARTESIAN_POINT('',(-10.555,2.145,1.702));
#15398 = VECTOR('',#15399,1.);
#15399 = DIRECTION('',(1.,0.,0.));
#15400 = PCURVE('',#15240,#15401);
#15401 = DEFINITIONAL_REPRESENTATION('',(#15402),#15406);
#15402 = LINE('',#15403,#15404);
#15403 = CARTESIAN_POINT('',(4.342,0.));
#15404 = VECTOR('',#15405,1.);
#15405 = DIRECTION('',(0.,1.));
#15406 = ( GEOMETRIC_REPRESENTATION_CONTEXT(2) 
PARAMETRIC_REPRESENTATION_CONTEXT() REPRESENTATION_CONTEXT('2D SPACE',''
  ) );
#15407 = PCURVE('',#15322,#15408);
#15408 = DEFINITIONAL_REPRESENTATION('',(#15409),#15413);
#15409 = LINE('',#15410,#15411);
#15410 = CARTESIAN_POINT('',(0.,0.));
#15411 = VECTOR('',#15412,1.);
#15412 = DIRECTION('',(1.,0.));
#15413 = ( GEOMETRIC_REPRESENTATION_CONTEXT(2) 
PARAMETRIC_REPRESENTATION_CONTEXT() REPRESENTATION_CONTEXT('2D SPACE',''
  ) );
#15414 = ADVANCED_FACE('',(#15415),#15268,.T.);
#15415 = FACE_BOUND('',#15416,.T.);
#15416 = EDGE_LOOP('',(#15417,#15440,#15441,#15469));
#15417 = ORIENTED_EDGE('',*,*,#15418,.F.);
#15418 = EDGE_CURVE('',#15218,#15419,#15421,.T.);
#15419 = VERTEX_POINT('',#15420);
#15420 = CARTESIAN_POINT('',(-10.239,2.461,-2.64));
#15421 = SURFACE_CURVE('',#15422,(#15426,#15433),.PCURVE_S1.);
#15422 = LINE('',#15423,#15424);
#15423 = CARTESIAN_POINT('',(-10.44966666666,2.250333333333,
    -2.429333333333));
#15424 = VECTOR('',#15425,1.);
#15425 = DIRECTION('',(0.57735026919,0.57735026919,-0.57735026919));
#15426 = PCURVE('',#15268,#15427);
#15427 = DEFINITIONAL_REPRESENTATION('',(#15428),#15432);
#15428 = LINE('',#15429,#15430);
#15429 = CARTESIAN_POINT('',(0.105333333333,-7.448191428498E-02));
#15430 = VECTOR('',#15431,1.);
#15431 = DIRECTION('',(0.57735026919,0.816496580928));
#15432 = ( GEOMETRIC_REPRESENTATION_CONTEXT(2) 
PARAMETRIC_REPRESENTATION_CONTEXT() REPRESENTATION_CONTEXT('2D SPACE',''
  ) );
#15433 = PCURVE('',#15381,#15434);
#15434 = DEFINITIONAL_REPRESENTATION('',(#15435),#15439);
#15435 = LINE('',#15436,#15437);
#15436 = CARTESIAN_POINT('',(-0.105333333333,-7.448191428498E-02));
#15437 = VECTOR('',#15438,1.);
#15438 = DIRECTION('',(-0.57735026919,0.816496580928));
#15439 = ( GEOMETRIC_REPRESENTATION_CONTEXT(2) 
PARAMETRIC_REPRESENTATION_CONTEXT() REPRESENTATION_CONTEXT('2D SPACE',''
  ) );
#15440 = ORIENTED_EDGE('',*,*,#15252,.T.);
#15441 = ORIENTED_EDGE('',*,*,#15442,.T.);
#15442 = EDGE_CURVE('',#15253,#15443,#15445,.T.);
#15443 = VERTEX_POINT('',#15444);
#15444 = CARTESIAN_POINT('',(-10.239,2.619,-2.64));
#15445 = SURFACE_CURVE('',#15446,(#15450,#15457),.PCURVE_S1.);
#15446 = LINE('',#15447,#15448);
#15447 = CARTESIAN_POINT('',(-10.318,2.698,-2.561));
#15448 = VECTOR('',#15449,1.);
#15449 = DIRECTION('',(0.57735026919,-0.57735026919,-0.57735026919));
#15450 = PCURVE('',#15268,#15451);
#15451 = DEFINITIONAL_REPRESENTATION('',(#15452),#15456);
#15452 = LINE('',#15453,#15454);
#15453 = CARTESIAN_POINT('',(0.553,0.111722871427));
#15454 = VECTOR('',#15455,1.);
#15455 = DIRECTION('',(-0.57735026919,0.816496580928));
#15456 = ( GEOMETRIC_REPRESENTATION_CONTEXT(2) 
PARAMETRIC_REPRESENTATION_CONTEXT() REPRESENTATION_CONTEXT('2D SPACE',''
  ) );
#15457 = PCURVE('',#15458,#15463);
#15458 = PLANE('',#15459);
#15459 = AXIS2_PLACEMENT_3D('',#15460,#15461,#15462);
#15460 = CARTESIAN_POINT('',(-10.555,2.777,-2.482));
#15461 = DIRECTION('',(0.,-0.707106781187,0.707106781187));
#15462 = DIRECTION('',(-1.,-0.,-0.));
#15463 = DEFINITIONAL_REPRESENTATION('',(#15464),#15468);
#15464 = LINE('',#15465,#15466);
#15465 = CARTESIAN_POINT('',(-0.237,0.111722871427));
#15466 = VECTOR('',#15467,1.);
#15467 = DIRECTION('',(-0.57735026919,0.816496580928));
#15468 = ( GEOMETRIC_REPRESENTATION_CONTEXT(2) 
PARAMETRIC_REPRESENTATION_CONTEXT() REPRESENTATION_CONTEXT('2D SPACE',''
  ) );
#15469 = ORIENTED_EDGE('',*,*,#15470,.F.);
#15470 = EDGE_CURVE('',#15419,#15443,#15471,.T.);
#15471 = SURFACE_CURVE('',#15472,(#15476,#15483),.PCURVE_S1.);
#15472 = LINE('',#15473,#15474);
#15473 = CARTESIAN_POINT('',(-10.239,2.145,-2.64));
#15474 = VECTOR('',#15475,1.);
#15475 = DIRECTION('',(0.,1.,0.));
#15476 = PCURVE('',#15268,#15477);
#15477 = DEFINITIONAL_REPRESENTATION('',(#15478),#15482);
#15478 = LINE('',#15479,#15480);
#15479 = CARTESIAN_POINT('',(0.,0.223445742855));
#15480 = VECTOR('',#15481,1.);
#15481 = DIRECTION('',(1.,0.));
#15482 = ( GEOMETRIC_REPRESENTATION_CONTEXT(2) 
PARAMETRIC_REPRESENTATION_CONTEXT() REPRESENTATION_CONTEXT('2D SPACE',''
  ) );
#15483 = PCURVE('',#15484,#15489);
#15484 = PLANE('',#15485);
#15485 = AXIS2_PLACEMENT_3D('',#15486,#15487,#15488);
#15486 = CARTESIAN_POINT('',(-10.555,2.145,-2.64));
#15487 = DIRECTION('',(0.,0.,1.));
#15488 = DIRECTION('',(1.,0.,0.));
#15489 = DEFINITIONAL_REPRESENTATION('',(#15490),#15494);
#15490 = LINE('',#15491,#15492);
#15491 = CARTESIAN_POINT('',(0.316,0.));
#15492 = VECTOR('',#15493,1.);
#15493 = DIRECTION('',(0.,1.));
#15494 = ( GEOMETRIC_REPRESENTATION_CONTEXT(2) 
PARAMETRIC_REPRESENTATION_CONTEXT() REPRESENTATION_CONTEXT('2D SPACE',''
  ) );
#15495 = ADVANCED_FACE('',(#15496),#15322,.T.);
#15496 = FACE_BOUND('',#15497,.T.);
#15497 = EDGE_LOOP('',(#15498,#15499,#15500,#15523));
#15498 = ORIENTED_EDGE('',*,*,#15308,.F.);
#15499 = ORIENTED_EDGE('',*,*,#15394,.T.);
#15500 = ORIENTED_EDGE('',*,*,#15501,.T.);
#15501 = EDGE_CURVE('',#15340,#15502,#15504,.T.);
#15502 = VERTEX_POINT('',#15503);
#15503 = CARTESIAN_POINT('',(-9.765,2.935,1.702));
#15504 = SURFACE_CURVE('',#15505,(#15509,#15516),.PCURVE_S1.);
#15505 = LINE('',#15506,#15507);
#15506 = CARTESIAN_POINT('',(-9.765,2.145,1.702));
#15507 = VECTOR('',#15508,1.);
#15508 = DIRECTION('',(0.,1.,0.));
#15509 = PCURVE('',#15322,#15510);
#15510 = DEFINITIONAL_REPRESENTATION('',(#15511),#15515);
#15511 = LINE('',#15512,#15513);
#15512 = CARTESIAN_POINT('',(0.79,0.));
#15513 = VECTOR('',#15514,1.);
#15514 = DIRECTION('',(0.,1.));
#15515 = ( GEOMETRIC_REPRESENTATION_CONTEXT(2) 
PARAMETRIC_REPRESENTATION_CONTEXT() REPRESENTATION_CONTEXT('2D SPACE',''
  ) );
#15516 = PCURVE('',#15355,#15517);
#15517 = DEFINITIONAL_REPRESENTATION('',(#15518),#15522);
#15518 = LINE('',#15519,#15520);
#15519 = CARTESIAN_POINT('',(4.342,0.));
#15520 = VECTOR('',#15521,1.);
#15521 = DIRECTION('',(0.,-1.));
#15522 = ( GEOMETRIC_REPRESENTATION_CONTEXT(2) 
PARAMETRIC_REPRESENTATION_CONTEXT() REPRESENTATION_CONTEXT('2D SPACE',''
  ) );
#15523 = ORIENTED_EDGE('',*,*,#15524,.F.);
#15524 = EDGE_CURVE('',#15281,#15502,#15525,.T.);
#15525 = SURFACE_CURVE('',#15526,(#15530,#15537),.PCURVE_S1.);
#15526 = LINE('',#15527,#15528);
#15527 = CARTESIAN_POINT('',(-10.555,2.935,1.702));
#15528 = VECTOR('',#15529,1.);
#15529 = DIRECTION('',(1.,0.,0.));
#15530 = PCURVE('',#15322,#15531);
#15531 = DEFINITIONAL_REPRESENTATION('',(#15532),#15536);
#15532 = LINE('',#15533,#15534);
#15533 = CARTESIAN_POINT('',(0.,0.79));
#15534 = VECTOR('',#15535,1.);
#15535 = DIRECTION('',(1.,0.));
#15536 = ( GEOMETRIC_REPRESENTATION_CONTEXT(2) 
PARAMETRIC_REPRESENTATION_CONTEXT() REPRESENTATION_CONTEXT('2D SPACE',''
  ) );
#15537 = PCURVE('',#15296,#15538);
#15538 = DEFINITIONAL_REPRESENTATION('',(#15539),#15543);
#15539 = LINE('',#15540,#15541);
#15540 = CARTESIAN_POINT('',(4.342,0.));
#15541 = VECTOR('',#15542,1.);
#15542 = DIRECTION('',(0.,1.));
#15543 = ( GEOMETRIC_REPRESENTATION_CONTEXT(2) 
PARAMETRIC_REPRESENTATION_CONTEXT() REPRESENTATION_CONTEXT('2D SPACE',''
  ) );
#15544 = ADVANCED_FACE('',(#15545),#15296,.T.);
#15545 = FACE_BOUND('',#15546,.T.);
#15546 = EDGE_LOOP('',(#15547,#15570,#15591,#15592));
#15547 = ORIENTED_EDGE('',*,*,#15548,.F.);
#15548 = EDGE_CURVE('',#15549,#15502,#15551,.T.);
#15549 = VERTEX_POINT('',#15550);
#15550 = CARTESIAN_POINT('',(-9.765,2.935,-2.324));
#15551 = SURFACE_CURVE('',#15552,(#15556,#15563),.PCURVE_S1.);
#15552 = LINE('',#15553,#15554);
#15553 = CARTESIAN_POINT('',(-9.765,2.935,-2.64));
#15554 = VECTOR('',#15555,1.);
#15555 = DIRECTION('',(0.,0.,1.));
#15556 = PCURVE('',#15296,#15557);
#15557 = DEFINITIONAL_REPRESENTATION('',(#15558),#15562);
#15558 = LINE('',#15559,#15560);
#15559 = CARTESIAN_POINT('',(0.,0.79));
#15560 = VECTOR('',#15561,1.);
#15561 = DIRECTION('',(1.,0.));
#15562 = ( GEOMETRIC_REPRESENTATION_CONTEXT(2) 
PARAMETRIC_REPRESENTATION_CONTEXT() REPRESENTATION_CONTEXT('2D SPACE',''
  ) );
#15563 = PCURVE('',#15355,#15564);
#15564 = DEFINITIONAL_REPRESENTATION('',(#15565),#15569);
#15565 = LINE('',#15566,#15567);
#15566 = CARTESIAN_POINT('',(0.,-0.79));
#15567 = VECTOR('',#15568,1.);
#15568 = DIRECTION('',(1.,0.));
#15569 = ( GEOMETRIC_REPRESENTATION_CONTEXT(2) 
PARAMETRIC_REPRESENTATION_CONTEXT() REPRESENTATION_CONTEXT('2D SPACE',''
  ) );
#15570 = ORIENTED_EDGE('',*,*,#15571,.F.);
#15571 = EDGE_CURVE('',#15253,#15549,#15572,.T.);
#15572 = SURFACE_CURVE('',#15573,(#15577,#15584),.PCURVE_S1.);
#15573 = LINE('',#15574,#15575);
#15574 = CARTESIAN_POINT('',(-10.555,2.935,-2.324));
#15575 = VECTOR('',#15576,1.);
#15576 = DIRECTION('',(1.,0.,0.));
#15577 = PCURVE('',#15296,#15578);
#15578 = DEFINITIONAL_REPRESENTATION('',(#15579),#15583);
#15579 = LINE('',#15580,#15581);
#15580 = CARTESIAN_POINT('',(0.316,0.));
#15581 = VECTOR('',#15582,1.);
#15582 = DIRECTION('',(0.,1.));
#15583 = ( GEOMETRIC_REPRESENTATION_CONTEXT(2) 
PARAMETRIC_REPRESENTATION_CONTEXT() REPRESENTATION_CONTEXT('2D SPACE',''
  ) );
#15584 = PCURVE('',#15458,#15585);
#15585 = DEFINITIONAL_REPRESENTATION('',(#15586),#15590);
#15586 = LINE('',#15587,#15588);
#15587 = CARTESIAN_POINT('',(-0.,-0.223445742855));
#15588 = VECTOR('',#15589,1.);
#15589 = DIRECTION('',(-1.,0.));
#15590 = ( GEOMETRIC_REPRESENTATION_CONTEXT(2) 
PARAMETRIC_REPRESENTATION_CONTEXT() REPRESENTATION_CONTEXT('2D SPACE',''
  ) );
#15591 = ORIENTED_EDGE('',*,*,#15280,.T.);
#15592 = ORIENTED_EDGE('',*,*,#15524,.T.);
#15593 = ADVANCED_FACE('',(#15594),#15355,.T.);
#15594 = FACE_BOUND('',#15595,.T.);
#15595 = EDGE_LOOP('',(#15596,#15597,#15623,#15624));
#15596 = ORIENTED_EDGE('',*,*,#15337,.F.);
#15597 = ORIENTED_EDGE('',*,*,#15598,.T.);
#15598 = EDGE_CURVE('',#15338,#15549,#15599,.T.);
#15599 = SURFACE_CURVE('',#15600,(#15604,#15611),.PCURVE_S1.);
#15600 = LINE('',#15601,#15602);
#15601 = CARTESIAN_POINT('',(-9.765,2.145,-2.324));
#15602 = VECTOR('',#15603,1.);
#15603 = DIRECTION('',(0.,1.,0.));
#15604 = PCURVE('',#15355,#15605);
#15605 = DEFINITIONAL_REPRESENTATION('',(#15606),#15610);
#15606 = LINE('',#15607,#15608);
#15607 = CARTESIAN_POINT('',(0.316,0.));
#15608 = VECTOR('',#15609,1.);
#15609 = DIRECTION('',(0.,-1.));
#15610 = ( GEOMETRIC_REPRESENTATION_CONTEXT(2) 
PARAMETRIC_REPRESENTATION_CONTEXT() REPRESENTATION_CONTEXT('2D SPACE',''
  ) );
#15611 = PCURVE('',#15612,#15617);
#15612 = PLANE('',#15613);
#15613 = AXIS2_PLACEMENT_3D('',#15614,#15615,#15616);
#15614 = CARTESIAN_POINT('',(-9.923,2.145,-2.482));
#15615 = DIRECTION('',(-0.707106781187,0.,0.707106781187));
#15616 = DIRECTION('',(0.,1.,0.));
#15617 = DEFINITIONAL_REPRESENTATION('',(#15618),#15622);
#15618 = LINE('',#15619,#15620);
#15619 = CARTESIAN_POINT('',(0.,-0.223445742855));
#15620 = VECTOR('',#15621,1.);
#15621 = DIRECTION('',(1.,0.));
#15622 = ( GEOMETRIC_REPRESENTATION_CONTEXT(2) 
PARAMETRIC_REPRESENTATION_CONTEXT() REPRESENTATION_CONTEXT('2D SPACE',''
  ) );
#15623 = ORIENTED_EDGE('',*,*,#15548,.T.);
#15624 = ORIENTED_EDGE('',*,*,#15501,.F.);
#15625 = ADVANCED_FACE('',(#15626),#15381,.T.);
#15626 = FACE_BOUND('',#15627,.F.);
#15627 = EDGE_LOOP('',(#15628,#15629,#15630,#15653));
#15628 = ORIENTED_EDGE('',*,*,#15418,.F.);
#15629 = ORIENTED_EDGE('',*,*,#15367,.T.);
#15630 = ORIENTED_EDGE('',*,*,#15631,.T.);
#15631 = EDGE_CURVE('',#15338,#15632,#15634,.T.);
#15632 = VERTEX_POINT('',#15633);
#15633 = CARTESIAN_POINT('',(-10.081,2.461,-2.64));
#15634 = SURFACE_CURVE('',#15635,(#15639,#15646),.PCURVE_S1.);
#15635 = LINE('',#15636,#15637);
#15636 = CARTESIAN_POINT('',(-10.002,2.382,-2.561));
#15637 = VECTOR('',#15638,1.);
#15638 = DIRECTION('',(-0.57735026919,0.57735026919,-0.57735026919));
#15639 = PCURVE('',#15381,#15640);
#15640 = DEFINITIONAL_REPRESENTATION('',(#15641),#15645);
#15641 = LINE('',#15642,#15643);
#15642 = CARTESIAN_POINT('',(-0.553,0.111722871427));
#15643 = VECTOR('',#15644,1.);
#15644 = DIRECTION('',(0.57735026919,0.816496580928));
#15645 = ( GEOMETRIC_REPRESENTATION_CONTEXT(2) 
PARAMETRIC_REPRESENTATION_CONTEXT() REPRESENTATION_CONTEXT('2D SPACE',''
  ) );
#15646 = PCURVE('',#15612,#15647);
#15647 = DEFINITIONAL_REPRESENTATION('',(#15648),#15652);
#15648 = LINE('',#15649,#15650);
#15649 = CARTESIAN_POINT('',(0.237,0.111722871427));
#15650 = VECTOR('',#15651,1.);
#15651 = DIRECTION('',(0.57735026919,0.816496580928));
#15652 = ( GEOMETRIC_REPRESENTATION_CONTEXT(2) 
PARAMETRIC_REPRESENTATION_CONTEXT() REPRESENTATION_CONTEXT('2D SPACE',''
  ) );
#15653 = ORIENTED_EDGE('',*,*,#15654,.F.);
#15654 = EDGE_CURVE('',#15419,#15632,#15655,.T.);
#15655 = SURFACE_CURVE('',#15656,(#15660,#15667),.PCURVE_S1.);
#15656 = LINE('',#15657,#15658);
#15657 = CARTESIAN_POINT('',(-10.555,2.461,-2.64));
#15658 = VECTOR('',#15659,1.);
#15659 = DIRECTION('',(1.,0.,0.));
#15660 = PCURVE('',#15381,#15661);
#15661 = DEFINITIONAL_REPRESENTATION('',(#15662),#15666);
#15662 = LINE('',#15663,#15664);
#15663 = CARTESIAN_POINT('',(-0.,0.223445742855));
#15664 = VECTOR('',#15665,1.);
#15665 = DIRECTION('',(-1.,0.));
#15666 = ( GEOMETRIC_REPRESENTATION_CONTEXT(2) 
PARAMETRIC_REPRESENTATION_CONTEXT() REPRESENTATION_CONTEXT('2D SPACE',''
  ) );
#15667 = PCURVE('',#15484,#15668);
#15668 = DEFINITIONAL_REPRESENTATION('',(#15669),#15673);
#15669 = LINE('',#15670,#15671);
#15670 = CARTESIAN_POINT('',(0.,0.316));
#15671 = VECTOR('',#15672,1.);
#15672 = DIRECTION('',(1.,0.));
#15673 = ( GEOMETRIC_REPRESENTATION_CONTEXT(2) 
PARAMETRIC_REPRESENTATION_CONTEXT() REPRESENTATION_CONTEXT('2D SPACE',''
  ) );
#15674 = ADVANCED_FACE('',(#15675),#15484,.F.);
#15675 = FACE_BOUND('',#15676,.F.);
#15676 = EDGE_LOOP('',(#15677,#15678,#15701,#15722));
#15677 = ORIENTED_EDGE('',*,*,#15654,.T.);
#15678 = ORIENTED_EDGE('',*,*,#15679,.T.);
#15679 = EDGE_CURVE('',#15632,#15680,#15682,.T.);
#15680 = VERTEX_POINT('',#15681);
#15681 = CARTESIAN_POINT('',(-10.081,2.619,-2.64));
#15682 = SURFACE_CURVE('',#15683,(#15687,#15694),.PCURVE_S1.);
#15683 = LINE('',#15684,#15685);
#15684 = CARTESIAN_POINT('',(-10.081,2.145,-2.64));
#15685 = VECTOR('',#15686,1.);
#15686 = DIRECTION('',(0.,1.,0.));
#15687 = PCURVE('',#15484,#15688);
#15688 = DEFINITIONAL_REPRESENTATION('',(#15689),#15693);
#15689 = LINE('',#15690,#15691);
#15690 = CARTESIAN_POINT('',(0.474,0.));
#15691 = VECTOR('',#15692,1.);
#15692 = DIRECTION('',(0.,1.));
#15693 = ( GEOMETRIC_REPRESENTATION_CONTEXT(2) 
PARAMETRIC_REPRESENTATION_CONTEXT() REPRESENTATION_CONTEXT('2D SPACE',''
  ) );
#15694 = PCURVE('',#15612,#15695);
#15695 = DEFINITIONAL_REPRESENTATION('',(#15696),#15700);
#15696 = LINE('',#15697,#15698);
#15697 = CARTESIAN_POINT('',(0.,0.223445742855));
#15698 = VECTOR('',#15699,1.);
#15699 = DIRECTION('',(1.,0.));
#15700 = ( GEOMETRIC_REPRESENTATION_CONTEXT(2) 
PARAMETRIC_REPRESENTATION_CONTEXT() REPRESENTATION_CONTEXT('2D SPACE',''
  ) );
#15701 = ORIENTED_EDGE('',*,*,#15702,.F.);
#15702 = EDGE_CURVE('',#15443,#15680,#15703,.T.);
#15703 = SURFACE_CURVE('',#15704,(#15708,#15715),.PCURVE_S1.);
#15704 = LINE('',#15705,#15706);
#15705 = CARTESIAN_POINT('',(-10.555,2.619,-2.64));
#15706 = VECTOR('',#15707,1.);
#15707 = DIRECTION('',(1.,0.,0.));
#15708 = PCURVE('',#15484,#15709);
#15709 = DEFINITIONAL_REPRESENTATION('',(#15710),#15714);
#15710 = LINE('',#15711,#15712);
#15711 = CARTESIAN_POINT('',(0.,0.474));
#15712 = VECTOR('',#15713,1.);
#15713 = DIRECTION('',(1.,0.));
#15714 = ( GEOMETRIC_REPRESENTATION_CONTEXT(2) 
PARAMETRIC_REPRESENTATION_CONTEXT() REPRESENTATION_CONTEXT('2D SPACE',''
  ) );
#15715 = PCURVE('',#15458,#15716);
#15716 = DEFINITIONAL_REPRESENTATION('',(#15717),#15721);
#15717 = LINE('',#15718,#15719);
#15718 = CARTESIAN_POINT('',(-0.,0.223445742855));
#15719 = VECTOR('',#15720,1.);
#15720 = DIRECTION('',(-1.,0.));
#15721 = ( GEOMETRIC_REPRESENTATION_CONTEXT(2) 
PARAMETRIC_REPRESENTATION_CONTEXT() REPRESENTATION_CONTEXT('2D SPACE',''
  ) );
#15722 = ORIENTED_EDGE('',*,*,#15470,.F.);
#15723 = ADVANCED_FACE('',(#15724),#15458,.F.);
#15724 = FACE_BOUND('',#15725,.T.);
#15725 = EDGE_LOOP('',(#15726,#15727,#15728,#15749));
#15726 = ORIENTED_EDGE('',*,*,#15442,.F.);
#15727 = ORIENTED_EDGE('',*,*,#15571,.T.);
#15728 = ORIENTED_EDGE('',*,*,#15729,.T.);
#15729 = EDGE_CURVE('',#15549,#15680,#15730,.T.);
#15730 = SURFACE_CURVE('',#15731,(#15735,#15742),.PCURVE_S1.);
#15731 = LINE('',#15732,#15733);
#15732 = CARTESIAN_POINT('',(-10.13366666666,2.566333333333,
    -2.692666666667));
#15733 = VECTOR('',#15734,1.);
#15734 = DIRECTION('',(-0.57735026919,-0.57735026919,-0.57735026919));
#15735 = PCURVE('',#15458,#15736);
#15736 = DEFINITIONAL_REPRESENTATION('',(#15737),#15741);
#15737 = LINE('',#15738,#15739);
#15738 = CARTESIAN_POINT('',(-0.421333333333,0.29792765714));
#15739 = VECTOR('',#15740,1.);
#15740 = DIRECTION('',(0.57735026919,0.816496580928));
#15741 = ( GEOMETRIC_REPRESENTATION_CONTEXT(2) 
PARAMETRIC_REPRESENTATION_CONTEXT() REPRESENTATION_CONTEXT('2D SPACE',''
  ) );
#15742 = PCURVE('',#15612,#15743);
#15743 = DEFINITIONAL_REPRESENTATION('',(#15744),#15748);
#15744 = LINE('',#15745,#15746);
#15745 = CARTESIAN_POINT('',(0.421333333333,0.29792765714));
#15746 = VECTOR('',#15747,1.);
#15747 = DIRECTION('',(-0.57735026919,0.816496580928));
#15748 = ( GEOMETRIC_REPRESENTATION_CONTEXT(2) 
PARAMETRIC_REPRESENTATION_CONTEXT() REPRESENTATION_CONTEXT('2D SPACE',''
  ) );
#15749 = ORIENTED_EDGE('',*,*,#15702,.F.);
#15750 = ADVANCED_FACE('',(#15751),#15612,.F.);
#15751 = FACE_BOUND('',#15752,.F.);
#15752 = EDGE_LOOP('',(#15753,#15754,#15755,#15756));
#15753 = ORIENTED_EDGE('',*,*,#15631,.F.);
#15754 = ORIENTED_EDGE('',*,*,#15598,.T.);
#15755 = ORIENTED_EDGE('',*,*,#15729,.T.);
#15756 = ORIENTED_EDGE('',*,*,#15679,.F.);
#15757 = MANIFOLD_SOLID_BREP('',#15758);
#15758 = CLOSED_SHELL('',(#15759,#15879,#15960,#16041,#16090,#16139,
    #16171,#16220,#16269,#16296));
#15759 = ADVANCED_FACE('',(#15760),#15774,.F.);
#15760 = FACE_BOUND('',#15761,.F.);
#15761 = EDGE_LOOP('',(#15762,#15797,#15825,#15853));
#15762 = ORIENTED_EDGE('',*,*,#15763,.F.);
#15763 = EDGE_CURVE('',#15764,#15766,#15768,.T.);
#15764 = VERTEX_POINT('',#15765);
#15765 = CARTESIAN_POINT('',(-13.095,-0.395,-2.324));
#15766 = VERTEX_POINT('',#15767);
#15767 = CARTESIAN_POINT('',(-13.095,-0.395,1.702));
#15768 = SURFACE_CURVE('',#15769,(#15773,#15785),.PCURVE_S1.);
#15769 = LINE('',#15770,#15771);
#15770 = CARTESIAN_POINT('',(-13.095,-0.395,-2.64));
#15771 = VECTOR('',#15772,1.);
#15772 = DIRECTION('',(0.,0.,1.));
#15773 = PCURVE('',#15774,#15779);
#15774 = PLANE('',#15775);
#15775 = AXIS2_PLACEMENT_3D('',#15776,#15777,#15778);
#15776 = CARTESIAN_POINT('',(-13.095,-0.395,-2.64));
#15777 = DIRECTION('',(1.,0.,0.));
#15778 = DIRECTION('',(0.,0.,1.));
#15779 = DEFINITIONAL_REPRESENTATION('',(#15780),#15784);
#15780 = LINE('',#15781,#15782);
#15781 = CARTESIAN_POINT('',(0.,0.));
#15782 = VECTOR('',#15783,1.);
#15783 = DIRECTION('',(1.,0.));
#15784 = ( GEOMETRIC_REPRESENTATION_CONTEXT(2) 
PARAMETRIC_REPRESENTATION_CONTEXT() REPRESENTATION_CONTEXT('2D SPACE',''
  ) );
#15785 = PCURVE('',#15786,#15791);
#15786 = PLANE('',#15787);
#15787 = AXIS2_PLACEMENT_3D('',#15788,#15789,#15790);
#15788 = CARTESIAN_POINT('',(-13.095,-0.395,-2.64));
#15789 = DIRECTION('',(0.,1.,0.));
#15790 = DIRECTION('',(0.,0.,1.));
#15791 = DEFINITIONAL_REPRESENTATION('',(#15792),#15796);
#15792 = LINE('',#15793,#15794);
#15793 = CARTESIAN_POINT('',(0.,0.));
#15794 = VECTOR('',#15795,1.);
#15795 = DIRECTION('',(1.,0.));
#15796 = ( GEOMETRIC_REPRESENTATION_CONTEXT(2) 
PARAMETRIC_REPRESENTATION_CONTEXT() REPRESENTATION_CONTEXT('2D SPACE',''
  ) );
#15797 = ORIENTED_EDGE('',*,*,#15798,.T.);
#15798 = EDGE_CURVE('',#15764,#15799,#15801,.T.);
#15799 = VERTEX_POINT('',#15800);
#15800 = CARTESIAN_POINT('',(-13.095,0.395,-2.324));
#15801 = SURFACE_CURVE('',#15802,(#15806,#15813),.PCURVE_S1.);
#15802 = LINE('',#15803,#15804);
#15803 = CARTESIAN_POINT('',(-13.095,-0.395,-2.324));
#15804 = VECTOR('',#15805,1.);
#15805 = DIRECTION('',(0.,1.,0.));
#15806 = PCURVE('',#15774,#15807);
#15807 = DEFINITIONAL_REPRESENTATION('',(#15808),#15812);
#15808 = LINE('',#15809,#15810);
#15809 = CARTESIAN_POINT('',(0.316,0.));
#15810 = VECTOR('',#15811,1.);
#15811 = DIRECTION('',(0.,-1.));
#15812 = ( GEOMETRIC_REPRESENTATION_CONTEXT(2) 
PARAMETRIC_REPRESENTATION_CONTEXT() REPRESENTATION_CONTEXT('2D SPACE',''
  ) );
#15813 = PCURVE('',#15814,#15819);
#15814 = PLANE('',#15815);
#15815 = AXIS2_PLACEMENT_3D('',#15816,#15817,#15818);
#15816 = CARTESIAN_POINT('',(-12.937,-0.395,-2.482));
#15817 = DIRECTION('',(-0.707106781187,0.,-0.707106781187));
#15818 = DIRECTION('',(0.,1.,0.));
#15819 = DEFINITIONAL_REPRESENTATION('',(#15820),#15824);
#15820 = LINE('',#15821,#15822);
#15821 = CARTESIAN_POINT('',(0.,-0.223445742855));
#15822 = VECTOR('',#15823,1.);
#15823 = DIRECTION('',(1.,0.));
#15824 = ( GEOMETRIC_REPRESENTATION_CONTEXT(2) 
PARAMETRIC_REPRESENTATION_CONTEXT() REPRESENTATION_CONTEXT('2D SPACE',''
  ) );
#15825 = ORIENTED_EDGE('',*,*,#15826,.T.);
#15826 = EDGE_CURVE('',#15799,#15827,#15829,.T.);
#15827 = VERTEX_POINT('',#15828);
#15828 = CARTESIAN_POINT('',(-13.095,0.395,1.702));
#15829 = SURFACE_CURVE('',#15830,(#15834,#15841),.PCURVE_S1.);
#15830 = LINE('',#15831,#15832);
#15831 = CARTESIAN_POINT('',(-13.095,0.395,-2.64));
#15832 = VECTOR('',#15833,1.);
#15833 = DIRECTION('',(0.,0.,1.));
#15834 = PCURVE('',#15774,#15835);
#15835 = DEFINITIONAL_REPRESENTATION('',(#15836),#15840);
#15836 = LINE('',#15837,#15838);
#15837 = CARTESIAN_POINT('',(0.,-0.79));
#15838 = VECTOR('',#15839,1.);
#15839 = DIRECTION('',(1.,0.));
#15840 = ( GEOMETRIC_REPRESENTATION_CONTEXT(2) 
PARAMETRIC_REPRESENTATION_CONTEXT() REPRESENTATION_CONTEXT('2D SPACE',''
  ) );
#15841 = PCURVE('',#15842,#15847);
#15842 = PLANE('',#15843);
#15843 = AXIS2_PLACEMENT_3D('',#15844,#15845,#15846);
#15844 = CARTESIAN_POINT('',(-13.095,0.395,-2.64));
#15845 = DIRECTION('',(0.,1.,0.));
#15846 = DIRECTION('',(0.,0.,1.));
#15847 = DEFINITIONAL_REPRESENTATION('',(#15848),#15852);
#15848 = LINE('',#15849,#15850);
#15849 = CARTESIAN_POINT('',(0.,0.));
#15850 = VECTOR('',#15851,1.);
#15851 = DIRECTION('',(1.,0.));
#15852 = ( GEOMETRIC_REPRESENTATION_CONTEXT(2) 
PARAMETRIC_REPRESENTATION_CONTEXT() REPRESENTATION_CONTEXT('2D SPACE',''
  ) );
#15853 = ORIENTED_EDGE('',*,*,#15854,.F.);
#15854 = EDGE_CURVE('',#15766,#15827,#15855,.T.);
#15855 = SURFACE_CURVE('',#15856,(#15860,#15867),.PCURVE_S1.);
#15856 = LINE('',#15857,#15858);
#15857 = CARTESIAN_POINT('',(-13.095,-0.395,1.702));
#15858 = VECTOR('',#15859,1.);
#15859 = DIRECTION('',(0.,1.,0.));
#15860 = PCURVE('',#15774,#15861);
#15861 = DEFINITIONAL_REPRESENTATION('',(#15862),#15866);
#15862 = LINE('',#15863,#15864);
#15863 = CARTESIAN_POINT('',(4.342,0.));
#15864 = VECTOR('',#15865,1.);
#15865 = DIRECTION('',(0.,-1.));
#15866 = ( GEOMETRIC_REPRESENTATION_CONTEXT(2) 
PARAMETRIC_REPRESENTATION_CONTEXT() REPRESENTATION_CONTEXT('2D SPACE',''
  ) );
#15867 = PCURVE('',#15868,#15873);
#15868 = PLANE('',#15869);
#15869 = AXIS2_PLACEMENT_3D('',#15870,#15871,#15872);
#15870 = CARTESIAN_POINT('',(-13.095,-0.395,1.702));
#15871 = DIRECTION('',(0.,0.,1.));
#15872 = DIRECTION('',(1.,0.,0.));
#15873 = DEFINITIONAL_REPRESENTATION('',(#15874),#15878);
#15874 = LINE('',#15875,#15876);
#15875 = CARTESIAN_POINT('',(0.,0.));
#15876 = VECTOR('',#15877,1.);
#15877 = DIRECTION('',(0.,1.));
#15878 = ( GEOMETRIC_REPRESENTATION_CONTEXT(2) 
PARAMETRIC_REPRESENTATION_CONTEXT() REPRESENTATION_CONTEXT('2D SPACE',''
  ) );
#15879 = ADVANCED_FACE('',(#15880),#15786,.F.);
#15880 = FACE_BOUND('',#15881,.F.);
#15881 = EDGE_LOOP('',(#15882,#15912,#15938,#15939));
#15882 = ORIENTED_EDGE('',*,*,#15883,.F.);
#15883 = EDGE_CURVE('',#15884,#15886,#15888,.T.);
#15884 = VERTEX_POINT('',#15885);
#15885 = CARTESIAN_POINT('',(-12.305,-0.395,-2.324));
#15886 = VERTEX_POINT('',#15887);
#15887 = CARTESIAN_POINT('',(-12.305,-0.395,1.702));
#15888 = SURFACE_CURVE('',#15889,(#15893,#15900),.PCURVE_S1.);
#15889 = LINE('',#15890,#15891);
#15890 = CARTESIAN_POINT('',(-12.305,-0.395,-2.64));
#15891 = VECTOR('',#15892,1.);
#15892 = DIRECTION('',(0.,0.,1.));
#15893 = PCURVE('',#15786,#15894);
#15894 = DEFINITIONAL_REPRESENTATION('',(#15895),#15899);
#15895 = LINE('',#15896,#15897);
#15896 = CARTESIAN_POINT('',(0.,0.79));
#15897 = VECTOR('',#15898,1.);
#15898 = DIRECTION('',(1.,0.));
#15899 = ( GEOMETRIC_REPRESENTATION_CONTEXT(2) 
PARAMETRIC_REPRESENTATION_CONTEXT() REPRESENTATION_CONTEXT('2D SPACE',''
  ) );
#15900 = PCURVE('',#15901,#15906);
#15901 = PLANE('',#15902);
#15902 = AXIS2_PLACEMENT_3D('',#15903,#15904,#15905);
#15903 = CARTESIAN_POINT('',(-12.305,-0.395,-2.64));
#15904 = DIRECTION('',(1.,0.,0.));
#15905 = DIRECTION('',(0.,0.,1.));
#15906 = DEFINITIONAL_REPRESENTATION('',(#15907),#15911);
#15907 = LINE('',#15908,#15909);
#15908 = CARTESIAN_POINT('',(0.,0.));
#15909 = VECTOR('',#15910,1.);
#15910 = DIRECTION('',(1.,0.));
#15911 = ( GEOMETRIC_REPRESENTATION_CONTEXT(2) 
PARAMETRIC_REPRESENTATION_CONTEXT() REPRESENTATION_CONTEXT('2D SPACE',''
  ) );
#15912 = ORIENTED_EDGE('',*,*,#15913,.F.);
#15913 = EDGE_CURVE('',#15764,#15884,#15914,.T.);
#15914 = SURFACE_CURVE('',#15915,(#15919,#15926),.PCURVE_S1.);
#15915 = LINE('',#15916,#15917);
#15916 = CARTESIAN_POINT('',(-13.095,-0.395,-2.324));
#15917 = VECTOR('',#15918,1.);
#15918 = DIRECTION('',(1.,0.,0.));
#15919 = PCURVE('',#15786,#15920);
#15920 = DEFINITIONAL_REPRESENTATION('',(#15921),#15925);
#15921 = LINE('',#15922,#15923);
#15922 = CARTESIAN_POINT('',(0.316,0.));
#15923 = VECTOR('',#15924,1.);
#15924 = DIRECTION('',(0.,1.));
#15925 = ( GEOMETRIC_REPRESENTATION_CONTEXT(2) 
PARAMETRIC_REPRESENTATION_CONTEXT() REPRESENTATION_CONTEXT('2D SPACE',''
  ) );
#15926 = PCURVE('',#15927,#15932);
#15927 = PLANE('',#15928);
#15928 = AXIS2_PLACEMENT_3D('',#15929,#15930,#15931);
#15929 = CARTESIAN_POINT('',(-13.095,-0.237,-2.482));
#15930 = DIRECTION('',(0.,-0.707106781187,-0.707106781187));
#15931 = DIRECTION('',(-1.,-0.,-0.));
#15932 = DEFINITIONAL_REPRESENTATION('',(#15933),#15937);
#15933 = LINE('',#15934,#15935);
#15934 = CARTESIAN_POINT('',(-0.,-0.223445742855));
#15935 = VECTOR('',#15936,1.);
#15936 = DIRECTION('',(-1.,0.));
#15937 = ( GEOMETRIC_REPRESENTATION_CONTEXT(2) 
PARAMETRIC_REPRESENTATION_CONTEXT() REPRESENTATION_CONTEXT('2D SPACE',''
  ) );
#15938 = ORIENTED_EDGE('',*,*,#15763,.T.);
#15939 = ORIENTED_EDGE('',*,*,#15940,.T.);
#15940 = EDGE_CURVE('',#15766,#15886,#15941,.T.);
#15941 = SURFACE_CURVE('',#15942,(#15946,#15953),.PCURVE_S1.);
#15942 = LINE('',#15943,#15944);
#15943 = CARTESIAN_POINT('',(-13.095,-0.395,1.702));
#15944 = VECTOR('',#15945,1.);
#15945 = DIRECTION('',(1.,0.,0.));
#15946 = PCURVE('',#15786,#15947);
#15947 = DEFINITIONAL_REPRESENTATION('',(#15948),#15952);
#15948 = LINE('',#15949,#15950);
#15949 = CARTESIAN_POINT('',(4.342,0.));
#15950 = VECTOR('',#15951,1.);
#15951 = DIRECTION('',(0.,1.));
#15952 = ( GEOMETRIC_REPRESENTATION_CONTEXT(2) 
PARAMETRIC_REPRESENTATION_CONTEXT() REPRESENTATION_CONTEXT('2D SPACE',''
  ) );
#15953 = PCURVE('',#15868,#15954);
#15954 = DEFINITIONAL_REPRESENTATION('',(#15955),#15959);
#15955 = LINE('',#15956,#15957);
#15956 = CARTESIAN_POINT('',(0.,0.));
#15957 = VECTOR('',#15958,1.);
#15958 = DIRECTION('',(1.,0.));
#15959 = ( GEOMETRIC_REPRESENTATION_CONTEXT(2) 
PARAMETRIC_REPRESENTATION_CONTEXT() REPRESENTATION_CONTEXT('2D SPACE',''
  ) );
#15960 = ADVANCED_FACE('',(#15961),#15814,.T.);
#15961 = FACE_BOUND('',#15962,.T.);
#15962 = EDGE_LOOP('',(#15963,#15986,#15987,#16015));
#15963 = ORIENTED_EDGE('',*,*,#15964,.F.);
#15964 = EDGE_CURVE('',#15764,#15965,#15967,.T.);
#15965 = VERTEX_POINT('',#15966);
#15966 = CARTESIAN_POINT('',(-12.779,-7.9E-02,-2.64));
#15967 = SURFACE_CURVE('',#15968,(#15972,#15979),.PCURVE_S1.);
#15968 = LINE('',#15969,#15970);
#15969 = CARTESIAN_POINT('',(-12.98966666666,-0.289666666667,
    -2.429333333333));
#15970 = VECTOR('',#15971,1.);
#15971 = DIRECTION('',(0.57735026919,0.57735026919,-0.57735026919));
#15972 = PCURVE('',#15814,#15973);
#15973 = DEFINITIONAL_REPRESENTATION('',(#15974),#15978);
#15974 = LINE('',#15975,#15976);
#15975 = CARTESIAN_POINT('',(0.105333333333,-7.448191428498E-02));
#15976 = VECTOR('',#15977,1.);
#15977 = DIRECTION('',(0.57735026919,0.816496580928));
#15978 = ( GEOMETRIC_REPRESENTATION_CONTEXT(2) 
PARAMETRIC_REPRESENTATION_CONTEXT() REPRESENTATION_CONTEXT('2D SPACE',''
  ) );
#15979 = PCURVE('',#15927,#15980);
#15980 = DEFINITIONAL_REPRESENTATION('',(#15981),#15985);
#15981 = LINE('',#15982,#15983);
#15982 = CARTESIAN_POINT('',(-0.105333333333,-7.448191428498E-02));
#15983 = VECTOR('',#15984,1.);
#15984 = DIRECTION('',(-0.57735026919,0.816496580928));
#15985 = ( GEOMETRIC_REPRESENTATION_CONTEXT(2) 
PARAMETRIC_REPRESENTATION_CONTEXT() REPRESENTATION_CONTEXT('2D SPACE',''
  ) );
#15986 = ORIENTED_EDGE('',*,*,#15798,.T.);
#15987 = ORIENTED_EDGE('',*,*,#15988,.T.);
#15988 = EDGE_CURVE('',#15799,#15989,#15991,.T.);
#15989 = VERTEX_POINT('',#15990);
#15990 = CARTESIAN_POINT('',(-12.779,7.9E-02,-2.64));
#15991 = SURFACE_CURVE('',#15992,(#15996,#16003),.PCURVE_S1.);
#15992 = LINE('',#15993,#15994);
#15993 = CARTESIAN_POINT('',(-12.858,0.158,-2.561));
#15994 = VECTOR('',#15995,1.);
#15995 = DIRECTION('',(0.57735026919,-0.57735026919,-0.57735026919));
#15996 = PCURVE('',#15814,#15997);
#15997 = DEFINITIONAL_REPRESENTATION('',(#15998),#16002);
#15998 = LINE('',#15999,#16000);
#15999 = CARTESIAN_POINT('',(0.553,0.111722871427));
#16000 = VECTOR('',#16001,1.);
#16001 = DIRECTION('',(-0.57735026919,0.816496580928));
#16002 = ( GEOMETRIC_REPRESENTATION_CONTEXT(2) 
PARAMETRIC_REPRESENTATION_CONTEXT() REPRESENTATION_CONTEXT('2D SPACE',''
  ) );
#16003 = PCURVE('',#16004,#16009);
#16004 = PLANE('',#16005);
#16005 = AXIS2_PLACEMENT_3D('',#16006,#16007,#16008);
#16006 = CARTESIAN_POINT('',(-13.095,0.237,-2.482));
#16007 = DIRECTION('',(0.,-0.707106781187,0.707106781187));
#16008 = DIRECTION('',(-1.,-0.,-0.));
#16009 = DEFINITIONAL_REPRESENTATION('',(#16010),#16014);
#16010 = LINE('',#16011,#16012);
#16011 = CARTESIAN_POINT('',(-0.237,0.111722871427));
#16012 = VECTOR('',#16013,1.);
#16013 = DIRECTION('',(-0.57735026919,0.816496580928));
#16014 = ( GEOMETRIC_REPRESENTATION_CONTEXT(2) 
PARAMETRIC_REPRESENTATION_CONTEXT() REPRESENTATION_CONTEXT('2D SPACE',''
  ) );
#16015 = ORIENTED_EDGE('',*,*,#16016,.F.);
#16016 = EDGE_CURVE('',#15965,#15989,#16017,.T.);
#16017 = SURFACE_CURVE('',#16018,(#16022,#16029),.PCURVE_S1.);
#16018 = LINE('',#16019,#16020);
#16019 = CARTESIAN_POINT('',(-12.779,-0.395,-2.64));
#16020 = VECTOR('',#16021,1.);
#16021 = DIRECTION('',(0.,1.,0.));
#16022 = PCURVE('',#15814,#16023);
#16023 = DEFINITIONAL_REPRESENTATION('',(#16024),#16028);
#16024 = LINE('',#16025,#16026);
#16025 = CARTESIAN_POINT('',(0.,0.223445742855));
#16026 = VECTOR('',#16027,1.);
#16027 = DIRECTION('',(1.,0.));
#16028 = ( GEOMETRIC_REPRESENTATION_CONTEXT(2) 
PARAMETRIC_REPRESENTATION_CONTEXT() REPRESENTATION_CONTEXT('2D SPACE',''
  ) );
#16029 = PCURVE('',#16030,#16035);
#16030 = PLANE('',#16031);
#16031 = AXIS2_PLACEMENT_3D('',#16032,#16033,#16034);
#16032 = CARTESIAN_POINT('',(-13.095,-0.395,-2.64));
#16033 = DIRECTION('',(0.,0.,1.));
#16034 = DIRECTION('',(1.,0.,0.));
#16035 = DEFINITIONAL_REPRESENTATION('',(#16036),#16040);
#16036 = LINE('',#16037,#16038);
#16037 = CARTESIAN_POINT('',(0.316,0.));
#16038 = VECTOR('',#16039,1.);
#16039 = DIRECTION('',(0.,1.));
#16040 = ( GEOMETRIC_REPRESENTATION_CONTEXT(2) 
PARAMETRIC_REPRESENTATION_CONTEXT() REPRESENTATION_CONTEXT('2D SPACE',''
  ) );
#16041 = ADVANCED_FACE('',(#16042),#15868,.T.);
#16042 = FACE_BOUND('',#16043,.T.);
#16043 = EDGE_LOOP('',(#16044,#16045,#16046,#16069));
#16044 = ORIENTED_EDGE('',*,*,#15854,.F.);
#16045 = ORIENTED_EDGE('',*,*,#15940,.T.);
#16046 = ORIENTED_EDGE('',*,*,#16047,.T.);
#16047 = EDGE_CURVE('',#15886,#16048,#16050,.T.);
#16048 = VERTEX_POINT('',#16049);
#16049 = CARTESIAN_POINT('',(-12.305,0.395,1.702));
#16050 = SURFACE_CURVE('',#16051,(#16055,#16062),.PCURVE_S1.);
#16051 = LINE('',#16052,#16053);
#16052 = CARTESIAN_POINT('',(-12.305,-0.395,1.702));
#16053 = VECTOR('',#16054,1.);
#16054 = DIRECTION('',(0.,1.,0.));
#16055 = PCURVE('',#15868,#16056);
#16056 = DEFINITIONAL_REPRESENTATION('',(#16057),#16061);
#16057 = LINE('',#16058,#16059);
#16058 = CARTESIAN_POINT('',(0.79,0.));
#16059 = VECTOR('',#16060,1.);
#16060 = DIRECTION('',(0.,1.));
#16061 = ( GEOMETRIC_REPRESENTATION_CONTEXT(2) 
PARAMETRIC_REPRESENTATION_CONTEXT() REPRESENTATION_CONTEXT('2D SPACE',''
  ) );
#16062 = PCURVE('',#15901,#16063);
#16063 = DEFINITIONAL_REPRESENTATION('',(#16064),#16068);
#16064 = LINE('',#16065,#16066);
#16065 = CARTESIAN_POINT('',(4.342,0.));
#16066 = VECTOR('',#16067,1.);
#16067 = DIRECTION('',(0.,-1.));
#16068 = ( GEOMETRIC_REPRESENTATION_CONTEXT(2) 
PARAMETRIC_REPRESENTATION_CONTEXT() REPRESENTATION_CONTEXT('2D SPACE',''
  ) );
#16069 = ORIENTED_EDGE('',*,*,#16070,.F.);
#16070 = EDGE_CURVE('',#15827,#16048,#16071,.T.);
#16071 = SURFACE_CURVE('',#16072,(#16076,#16083),.PCURVE_S1.);
#16072 = LINE('',#16073,#16074);
#16073 = CARTESIAN_POINT('',(-13.095,0.395,1.702));
#16074 = VECTOR('',#16075,1.);
#16075 = DIRECTION('',(1.,0.,0.));
#16076 = PCURVE('',#15868,#16077);
#16077 = DEFINITIONAL_REPRESENTATION('',(#16078),#16082);
#16078 = LINE('',#16079,#16080);
#16079 = CARTESIAN_POINT('',(0.,0.79));
#16080 = VECTOR('',#16081,1.);
#16081 = DIRECTION('',(1.,0.));
#16082 = ( GEOMETRIC_REPRESENTATION_CONTEXT(2) 
PARAMETRIC_REPRESENTATION_CONTEXT() REPRESENTATION_CONTEXT('2D SPACE',''
  ) );
#16083 = PCURVE('',#15842,#16084);
#16084 = DEFINITIONAL_REPRESENTATION('',(#16085),#16089);
#16085 = LINE('',#16086,#16087);
#16086 = CARTESIAN_POINT('',(4.342,0.));
#16087 = VECTOR('',#16088,1.);
#16088 = DIRECTION('',(0.,1.));
#16089 = ( GEOMETRIC_REPRESENTATION_CONTEXT(2) 
PARAMETRIC_REPRESENTATION_CONTEXT() REPRESENTATION_CONTEXT('2D SPACE',''
  ) );
#16090 = ADVANCED_FACE('',(#16091),#15842,.T.);
#16091 = FACE_BOUND('',#16092,.T.);
#16092 = EDGE_LOOP('',(#16093,#16116,#16137,#16138));
#16093 = ORIENTED_EDGE('',*,*,#16094,.F.);
#16094 = EDGE_CURVE('',#16095,#16048,#16097,.T.);
#16095 = VERTEX_POINT('',#16096);
#16096 = CARTESIAN_POINT('',(-12.305,0.395,-2.324));
#16097 = SURFACE_CURVE('',#16098,(#16102,#16109),.PCURVE_S1.);
#16098 = LINE('',#16099,#16100);
#16099 = CARTESIAN_POINT('',(-12.305,0.395,-2.64));
#16100 = VECTOR('',#16101,1.);
#16101 = DIRECTION('',(0.,0.,1.));
#16102 = PCURVE('',#15842,#16103);
#16103 = DEFINITIONAL_REPRESENTATION('',(#16104),#16108);
#16104 = LINE('',#16105,#16106);
#16105 = CARTESIAN_POINT('',(0.,0.79));
#16106 = VECTOR('',#16107,1.);
#16107 = DIRECTION('',(1.,0.));
#16108 = ( GEOMETRIC_REPRESENTATION_CONTEXT(2) 
PARAMETRIC_REPRESENTATION_CONTEXT() REPRESENTATION_CONTEXT('2D SPACE',''
  ) );
#16109 = PCURVE('',#15901,#16110);
#16110 = DEFINITIONAL_REPRESENTATION('',(#16111),#16115);
#16111 = LINE('',#16112,#16113);
#16112 = CARTESIAN_POINT('',(0.,-0.79));
#16113 = VECTOR('',#16114,1.);
#16114 = DIRECTION('',(1.,0.));
#16115 = ( GEOMETRIC_REPRESENTATION_CONTEXT(2) 
PARAMETRIC_REPRESENTATION_CONTEXT() REPRESENTATION_CONTEXT('2D SPACE',''
  ) );
#16116 = ORIENTED_EDGE('',*,*,#16117,.F.);
#16117 = EDGE_CURVE('',#15799,#16095,#16118,.T.);
#16118 = SURFACE_CURVE('',#16119,(#16123,#16130),.PCURVE_S1.);
#16119 = LINE('',#16120,#16121);
#16120 = CARTESIAN_POINT('',(-13.095,0.395,-2.324));
#16121 = VECTOR('',#16122,1.);
#16122 = DIRECTION('',(1.,0.,0.));
#16123 = PCURVE('',#15842,#16124);
#16124 = DEFINITIONAL_REPRESENTATION('',(#16125),#16129);
#16125 = LINE('',#16126,#16127);
#16126 = CARTESIAN_POINT('',(0.316,0.));
#16127 = VECTOR('',#16128,1.);
#16128 = DIRECTION('',(0.,1.));
#16129 = ( GEOMETRIC_REPRESENTATION_CONTEXT(2) 
PARAMETRIC_REPRESENTATION_CONTEXT() REPRESENTATION_CONTEXT('2D SPACE',''
  ) );
#16130 = PCURVE('',#16004,#16131);
#16131 = DEFINITIONAL_REPRESENTATION('',(#16132),#16136);
#16132 = LINE('',#16133,#16134);
#16133 = CARTESIAN_POINT('',(-0.,-0.223445742855));
#16134 = VECTOR('',#16135,1.);
#16135 = DIRECTION('',(-1.,0.));
#16136 = ( GEOMETRIC_REPRESENTATION_CONTEXT(2) 
PARAMETRIC_REPRESENTATION_CONTEXT() REPRESENTATION_CONTEXT('2D SPACE',''
  ) );
#16137 = ORIENTED_EDGE('',*,*,#15826,.T.);
#16138 = ORIENTED_EDGE('',*,*,#16070,.T.);
#16139 = ADVANCED_FACE('',(#16140),#15901,.T.);
#16140 = FACE_BOUND('',#16141,.T.);
#16141 = EDGE_LOOP('',(#16142,#16143,#16169,#16170));
#16142 = ORIENTED_EDGE('',*,*,#15883,.F.);
#16143 = ORIENTED_EDGE('',*,*,#16144,.T.);
#16144 = EDGE_CURVE('',#15884,#16095,#16145,.T.);
#16145 = SURFACE_CURVE('',#16146,(#16150,#16157),.PCURVE_S1.);
#16146 = LINE('',#16147,#16148);
#16147 = CARTESIAN_POINT('',(-12.305,-0.395,-2.324));
#16148 = VECTOR('',#16149,1.);
#16149 = DIRECTION('',(0.,1.,0.));
#16150 = PCURVE('',#15901,#16151);
#16151 = DEFINITIONAL_REPRESENTATION('',(#16152),#16156);
#16152 = LINE('',#16153,#16154);
#16153 = CARTESIAN_POINT('',(0.316,0.));
#16154 = VECTOR('',#16155,1.);
#16155 = DIRECTION('',(0.,-1.));
#16156 = ( GEOMETRIC_REPRESENTATION_CONTEXT(2) 
PARAMETRIC_REPRESENTATION_CONTEXT() REPRESENTATION_CONTEXT('2D SPACE',''
  ) );
#16157 = PCURVE('',#16158,#16163);
#16158 = PLANE('',#16159);
#16159 = AXIS2_PLACEMENT_3D('',#16160,#16161,#16162);
#16160 = CARTESIAN_POINT('',(-12.463,-0.395,-2.482));
#16161 = DIRECTION('',(-0.707106781187,0.,0.707106781187));
#16162 = DIRECTION('',(0.,1.,0.));
#16163 = DEFINITIONAL_REPRESENTATION('',(#16164),#16168);
#16164 = LINE('',#16165,#16166);
#16165 = CARTESIAN_POINT('',(0.,-0.223445742855));
#16166 = VECTOR('',#16167,1.);
#16167 = DIRECTION('',(1.,0.));
#16168 = ( GEOMETRIC_REPRESENTATION_CONTEXT(2) 
PARAMETRIC_REPRESENTATION_CONTEXT() REPRESENTATION_CONTEXT('2D SPACE',''
  ) );
#16169 = ORIENTED_EDGE('',*,*,#16094,.T.);
#16170 = ORIENTED_EDGE('',*,*,#16047,.F.);
#16171 = ADVANCED_FACE('',(#16172),#15927,.T.);
#16172 = FACE_BOUND('',#16173,.F.);
#16173 = EDGE_LOOP('',(#16174,#16175,#16176,#16199));
#16174 = ORIENTED_EDGE('',*,*,#15964,.F.);
#16175 = ORIENTED_EDGE('',*,*,#15913,.T.);
#16176 = ORIENTED_EDGE('',*,*,#16177,.T.);
#16177 = EDGE_CURVE('',#15884,#16178,#16180,.T.);
#16178 = VERTEX_POINT('',#16179);
#16179 = CARTESIAN_POINT('',(-12.621,-7.9E-02,-2.64));
#16180 = SURFACE_CURVE('',#16181,(#16185,#16192),.PCURVE_S1.);
#16181 = LINE('',#16182,#16183);
#16182 = CARTESIAN_POINT('',(-12.542,-0.158,-2.561));
#16183 = VECTOR('',#16184,1.);
#16184 = DIRECTION('',(-0.57735026919,0.57735026919,-0.57735026919));
#16185 = PCURVE('',#15927,#16186);
#16186 = DEFINITIONAL_REPRESENTATION('',(#16187),#16191);
#16187 = LINE('',#16188,#16189);
#16188 = CARTESIAN_POINT('',(-0.553,0.111722871427));
#16189 = VECTOR('',#16190,1.);
#16190 = DIRECTION('',(0.57735026919,0.816496580928));
#16191 = ( GEOMETRIC_REPRESENTATION_CONTEXT(2) 
PARAMETRIC_REPRESENTATION_CONTEXT() REPRESENTATION_CONTEXT('2D SPACE',''
  ) );
#16192 = PCURVE('',#16158,#16193);
#16193 = DEFINITIONAL_REPRESENTATION('',(#16194),#16198);
#16194 = LINE('',#16195,#16196);
#16195 = CARTESIAN_POINT('',(0.237,0.111722871427));
#16196 = VECTOR('',#16197,1.);
#16197 = DIRECTION('',(0.57735026919,0.816496580928));
#16198 = ( GEOMETRIC_REPRESENTATION_CONTEXT(2) 
PARAMETRIC_REPRESENTATION_CONTEXT() REPRESENTATION_CONTEXT('2D SPACE',''
  ) );
#16199 = ORIENTED_EDGE('',*,*,#16200,.F.);
#16200 = EDGE_CURVE('',#15965,#16178,#16201,.T.);
#16201 = SURFACE_CURVE('',#16202,(#16206,#16213),.PCURVE_S1.);
#16202 = LINE('',#16203,#16204);
#16203 = CARTESIAN_POINT('',(-13.095,-7.9E-02,-2.64));
#16204 = VECTOR('',#16205,1.);
#16205 = DIRECTION('',(1.,0.,0.));
#16206 = PCURVE('',#15927,#16207);
#16207 = DEFINITIONAL_REPRESENTATION('',(#16208),#16212);
#16208 = LINE('',#16209,#16210);
#16209 = CARTESIAN_POINT('',(-0.,0.223445742855));
#16210 = VECTOR('',#16211,1.);
#16211 = DIRECTION('',(-1.,0.));
#16212 = ( GEOMETRIC_REPRESENTATION_CONTEXT(2) 
PARAMETRIC_REPRESENTATION_CONTEXT() REPRESENTATION_CONTEXT('2D SPACE',''
  ) );
#16213 = PCURVE('',#16030,#16214);
#16214 = DEFINITIONAL_REPRESENTATION('',(#16215),#16219);
#16215 = LINE('',#16216,#16217);
#16216 = CARTESIAN_POINT('',(0.,0.316));
#16217 = VECTOR('',#16218,1.);
#16218 = DIRECTION('',(1.,0.));
#16219 = ( GEOMETRIC_REPRESENTATION_CONTEXT(2) 
PARAMETRIC_REPRESENTATION_CONTEXT() REPRESENTATION_CONTEXT('2D SPACE',''
  ) );
#16220 = ADVANCED_FACE('',(#16221),#16030,.F.);
#16221 = FACE_BOUND('',#16222,.F.);
#16222 = EDGE_LOOP('',(#16223,#16224,#16247,#16268));
#16223 = ORIENTED_EDGE('',*,*,#16200,.T.);
#16224 = ORIENTED_EDGE('',*,*,#16225,.T.);
#16225 = EDGE_CURVE('',#16178,#16226,#16228,.T.);
#16226 = VERTEX_POINT('',#16227);
#16227 = CARTESIAN_POINT('',(-12.621,7.9E-02,-2.64));
#16228 = SURFACE_CURVE('',#16229,(#16233,#16240),.PCURVE_S1.);
#16229 = LINE('',#16230,#16231);
#16230 = CARTESIAN_POINT('',(-12.621,-0.395,-2.64));
#16231 = VECTOR('',#16232,1.);
#16232 = DIRECTION('',(0.,1.,0.));
#16233 = PCURVE('',#16030,#16234);
#16234 = DEFINITIONAL_REPRESENTATION('',(#16235),#16239);
#16235 = LINE('',#16236,#16237);
#16236 = CARTESIAN_POINT('',(0.474,0.));
#16237 = VECTOR('',#16238,1.);
#16238 = DIRECTION('',(0.,1.));
#16239 = ( GEOMETRIC_REPRESENTATION_CONTEXT(2) 
PARAMETRIC_REPRESENTATION_CONTEXT() REPRESENTATION_CONTEXT('2D SPACE',''
  ) );
#16240 = PCURVE('',#16158,#16241);
#16241 = DEFINITIONAL_REPRESENTATION('',(#16242),#16246);
#16242 = LINE('',#16243,#16244);
#16243 = CARTESIAN_POINT('',(0.,0.223445742855));
#16244 = VECTOR('',#16245,1.);
#16245 = DIRECTION('',(1.,0.));
#16246 = ( GEOMETRIC_REPRESENTATION_CONTEXT(2) 
PARAMETRIC_REPRESENTATION_CONTEXT() REPRESENTATION_CONTEXT('2D SPACE',''
  ) );
#16247 = ORIENTED_EDGE('',*,*,#16248,.F.);
#16248 = EDGE_CURVE('',#15989,#16226,#16249,.T.);
#16249 = SURFACE_CURVE('',#16250,(#16254,#16261),.PCURVE_S1.);
#16250 = LINE('',#16251,#16252);
#16251 = CARTESIAN_POINT('',(-13.095,7.9E-02,-2.64));
#16252 = VECTOR('',#16253,1.);
#16253 = DIRECTION('',(1.,0.,0.));
#16254 = PCURVE('',#16030,#16255);
#16255 = DEFINITIONAL_REPRESENTATION('',(#16256),#16260);
#16256 = LINE('',#16257,#16258);
#16257 = CARTESIAN_POINT('',(0.,0.474));
#16258 = VECTOR('',#16259,1.);
#16259 = DIRECTION('',(1.,0.));
#16260 = ( GEOMETRIC_REPRESENTATION_CONTEXT(2) 
PARAMETRIC_REPRESENTATION_CONTEXT() REPRESENTATION_CONTEXT('2D SPACE',''
  ) );
#16261 = PCURVE('',#16004,#16262);
#16262 = DEFINITIONAL_REPRESENTATION('',(#16263),#16267);
#16263 = LINE('',#16264,#16265);
#16264 = CARTESIAN_POINT('',(-0.,0.223445742855));
#16265 = VECTOR('',#16266,1.);
#16266 = DIRECTION('',(-1.,0.));
#16267 = ( GEOMETRIC_REPRESENTATION_CONTEXT(2) 
PARAMETRIC_REPRESENTATION_CONTEXT() REPRESENTATION_CONTEXT('2D SPACE',''
  ) );
#16268 = ORIENTED_EDGE('',*,*,#16016,.F.);
#16269 = ADVANCED_FACE('',(#16270),#16004,.F.);
#16270 = FACE_BOUND('',#16271,.T.);
#16271 = EDGE_LOOP('',(#16272,#16273,#16274,#16295));
#16272 = ORIENTED_EDGE('',*,*,#15988,.F.);
#16273 = ORIENTED_EDGE('',*,*,#16117,.T.);
#16274 = ORIENTED_EDGE('',*,*,#16275,.T.);
#16275 = EDGE_CURVE('',#16095,#16226,#16276,.T.);
#16276 = SURFACE_CURVE('',#16277,(#16281,#16288),.PCURVE_S1.);
#16277 = LINE('',#16278,#16279);
#16278 = CARTESIAN_POINT('',(-12.67366666666,2.633333333333E-02,
    -2.692666666667));
#16279 = VECTOR('',#16280,1.);
#16280 = DIRECTION('',(-0.57735026919,-0.57735026919,-0.57735026919));
#16281 = PCURVE('',#16004,#16282);
#16282 = DEFINITIONAL_REPRESENTATION('',(#16283),#16287);
#16283 = LINE('',#16284,#16285);
#16284 = CARTESIAN_POINT('',(-0.421333333333,0.29792765714));
#16285 = VECTOR('',#16286,1.);
#16286 = DIRECTION('',(0.57735026919,0.816496580928));
#16287 = ( GEOMETRIC_REPRESENTATION_CONTEXT(2) 
PARAMETRIC_REPRESENTATION_CONTEXT() REPRESENTATION_CONTEXT('2D SPACE',''
  ) );
#16288 = PCURVE('',#16158,#16289);
#16289 = DEFINITIONAL_REPRESENTATION('',(#16290),#16294);
#16290 = LINE('',#16291,#16292);
#16291 = CARTESIAN_POINT('',(0.421333333333,0.29792765714));
#16292 = VECTOR('',#16293,1.);
#16293 = DIRECTION('',(-0.57735026919,0.816496580928));
#16294 = ( GEOMETRIC_REPRESENTATION_CONTEXT(2) 
PARAMETRIC_REPRESENTATION_CONTEXT() REPRESENTATION_CONTEXT('2D SPACE',''
  ) );
#16295 = ORIENTED_EDGE('',*,*,#16248,.F.);
#16296 = ADVANCED_FACE('',(#16297),#16158,.F.);
#16297 = FACE_BOUND('',#16298,.F.);
#16298 = EDGE_LOOP('',(#16299,#16300,#16301,#16302));
#16299 = ORIENTED_EDGE('',*,*,#16177,.F.);
#16300 = ORIENTED_EDGE('',*,*,#16144,.T.);
#16301 = ORIENTED_EDGE('',*,*,#16275,.T.);
#16302 = ORIENTED_EDGE('',*,*,#16225,.F.);
#16303 = MANIFOLD_SOLID_BREP('',#16304);
#16304 = CLOSED_SHELL('',(#16305,#16425,#16506,#16587,#16636,#16685,
    #16717,#16766,#16815,#16842));
#16305 = ADVANCED_FACE('',(#16306),#16320,.F.);
#16306 = FACE_BOUND('',#16307,.F.);
#16307 = EDGE_LOOP('',(#16308,#16343,#16371,#16399));
#16308 = ORIENTED_EDGE('',*,*,#16309,.F.);
#16309 = EDGE_CURVE('',#16310,#16312,#16314,.T.);
#16310 = VERTEX_POINT('',#16311);
#16311 = CARTESIAN_POINT('',(-13.095,2.145,-2.324));
#16312 = VERTEX_POINT('',#16313);
#16313 = CARTESIAN_POINT('',(-13.095,2.145,1.702));
#16314 = SURFACE_CURVE('',#16315,(#16319,#16331),.PCURVE_S1.);
#16315 = LINE('',#16316,#16317);
#16316 = CARTESIAN_POINT('',(-13.095,2.145,-2.64));
#16317 = VECTOR('',#16318,1.);
#16318 = DIRECTION('',(0.,0.,1.));
#16319 = PCURVE('',#16320,#16325);
#16320 = PLANE('',#16321);
#16321 = AXIS2_PLACEMENT_3D('',#16322,#16323,#16324);
#16322 = CARTESIAN_POINT('',(-13.095,2.145,-2.64));
#16323 = DIRECTION('',(1.,0.,0.));
#16324 = DIRECTION('',(0.,0.,1.));
#16325 = DEFINITIONAL_REPRESENTATION('',(#16326),#16330);
#16326 = LINE('',#16327,#16328);
#16327 = CARTESIAN_POINT('',(0.,0.));
#16328 = VECTOR('',#16329,1.);
#16329 = DIRECTION('',(1.,0.));
#16330 = ( GEOMETRIC_REPRESENTATION_CONTEXT(2) 
PARAMETRIC_REPRESENTATION_CONTEXT() REPRESENTATION_CONTEXT('2D SPACE',''
  ) );
#16331 = PCURVE('',#16332,#16337);
#16332 = PLANE('',#16333);
#16333 = AXIS2_PLACEMENT_3D('',#16334,#16335,#16336);
#16334 = CARTESIAN_POINT('',(-13.095,2.145,-2.64));
#16335 = DIRECTION('',(0.,1.,0.));
#16336 = DIRECTION('',(0.,0.,1.));
#16337 = DEFINITIONAL_REPRESENTATION('',(#16338),#16342);
#16338 = LINE('',#16339,#16340);
#16339 = CARTESIAN_POINT('',(0.,0.));
#16340 = VECTOR('',#16341,1.);
#16341 = DIRECTION('',(1.,0.));
#16342 = ( GEOMETRIC_REPRESENTATION_CONTEXT(2) 
PARAMETRIC_REPRESENTATION_CONTEXT() REPRESENTATION_CONTEXT('2D SPACE',''
  ) );
#16343 = ORIENTED_EDGE('',*,*,#16344,.T.);
#16344 = EDGE_CURVE('',#16310,#16345,#16347,.T.);
#16345 = VERTEX_POINT('',#16346);
#16346 = CARTESIAN_POINT('',(-13.095,2.935,-2.324));
#16347 = SURFACE_CURVE('',#16348,(#16352,#16359),.PCURVE_S1.);
#16348 = LINE('',#16349,#16350);
#16349 = CARTESIAN_POINT('',(-13.095,2.145,-2.324));
#16350 = VECTOR('',#16351,1.);
#16351 = DIRECTION('',(0.,1.,0.));
#16352 = PCURVE('',#16320,#16353);
#16353 = DEFINITIONAL_REPRESENTATION('',(#16354),#16358);
#16354 = LINE('',#16355,#16356);
#16355 = CARTESIAN_POINT('',(0.316,0.));
#16356 = VECTOR('',#16357,1.);
#16357 = DIRECTION('',(0.,-1.));
#16358 = ( GEOMETRIC_REPRESENTATION_CONTEXT(2) 
PARAMETRIC_REPRESENTATION_CONTEXT() REPRESENTATION_CONTEXT('2D SPACE',''
  ) );
#16359 = PCURVE('',#16360,#16365);
#16360 = PLANE('',#16361);
#16361 = AXIS2_PLACEMENT_3D('',#16362,#16363,#16364);
#16362 = CARTESIAN_POINT('',(-12.937,2.145,-2.482));
#16363 = DIRECTION('',(-0.707106781187,0.,-0.707106781187));
#16364 = DIRECTION('',(0.,1.,0.));
#16365 = DEFINITIONAL_REPRESENTATION('',(#16366),#16370);
#16366 = LINE('',#16367,#16368);
#16367 = CARTESIAN_POINT('',(0.,-0.223445742855));
#16368 = VECTOR('',#16369,1.);
#16369 = DIRECTION('',(1.,0.));
#16370 = ( GEOMETRIC_REPRESENTATION_CONTEXT(2) 
PARAMETRIC_REPRESENTATION_CONTEXT() REPRESENTATION_CONTEXT('2D SPACE',''
  ) );
#16371 = ORIENTED_EDGE('',*,*,#16372,.T.);
#16372 = EDGE_CURVE('',#16345,#16373,#16375,.T.);
#16373 = VERTEX_POINT('',#16374);
#16374 = CARTESIAN_POINT('',(-13.095,2.935,1.702));
#16375 = SURFACE_CURVE('',#16376,(#16380,#16387),.PCURVE_S1.);
#16376 = LINE('',#16377,#16378);
#16377 = CARTESIAN_POINT('',(-13.095,2.935,-2.64));
#16378 = VECTOR('',#16379,1.);
#16379 = DIRECTION('',(0.,0.,1.));
#16380 = PCURVE('',#16320,#16381);
#16381 = DEFINITIONAL_REPRESENTATION('',(#16382),#16386);
#16382 = LINE('',#16383,#16384);
#16383 = CARTESIAN_POINT('',(0.,-0.79));
#16384 = VECTOR('',#16385,1.);
#16385 = DIRECTION('',(1.,0.));
#16386 = ( GEOMETRIC_REPRESENTATION_CONTEXT(2) 
PARAMETRIC_REPRESENTATION_CONTEXT() REPRESENTATION_CONTEXT('2D SPACE',''
  ) );
#16387 = PCURVE('',#16388,#16393);
#16388 = PLANE('',#16389);
#16389 = AXIS2_PLACEMENT_3D('',#16390,#16391,#16392);
#16390 = CARTESIAN_POINT('',(-13.095,2.935,-2.64));
#16391 = DIRECTION('',(0.,1.,0.));
#16392 = DIRECTION('',(0.,0.,1.));
#16393 = DEFINITIONAL_REPRESENTATION('',(#16394),#16398);
#16394 = LINE('',#16395,#16396);
#16395 = CARTESIAN_POINT('',(0.,0.));
#16396 = VECTOR('',#16397,1.);
#16397 = DIRECTION('',(1.,0.));
#16398 = ( GEOMETRIC_REPRESENTATION_CONTEXT(2) 
PARAMETRIC_REPRESENTATION_CONTEXT() REPRESENTATION_CONTEXT('2D SPACE',''
  ) );
#16399 = ORIENTED_EDGE('',*,*,#16400,.F.);
#16400 = EDGE_CURVE('',#16312,#16373,#16401,.T.);
#16401 = SURFACE_CURVE('',#16402,(#16406,#16413),.PCURVE_S1.);
#16402 = LINE('',#16403,#16404);
#16403 = CARTESIAN_POINT('',(-13.095,2.145,1.702));
#16404 = VECTOR('',#16405,1.);
#16405 = DIRECTION('',(0.,1.,0.));
#16406 = PCURVE('',#16320,#16407);
#16407 = DEFINITIONAL_REPRESENTATION('',(#16408),#16412);
#16408 = LINE('',#16409,#16410);
#16409 = CARTESIAN_POINT('',(4.342,0.));
#16410 = VECTOR('',#16411,1.);
#16411 = DIRECTION('',(0.,-1.));
#16412 = ( GEOMETRIC_REPRESENTATION_CONTEXT(2) 
PARAMETRIC_REPRESENTATION_CONTEXT() REPRESENTATION_CONTEXT('2D SPACE',''
  ) );
#16413 = PCURVE('',#16414,#16419);
#16414 = PLANE('',#16415);
#16415 = AXIS2_PLACEMENT_3D('',#16416,#16417,#16418);
#16416 = CARTESIAN_POINT('',(-13.095,2.145,1.702));
#16417 = DIRECTION('',(0.,0.,1.));
#16418 = DIRECTION('',(1.,0.,0.));
#16419 = DEFINITIONAL_REPRESENTATION('',(#16420),#16424);
#16420 = LINE('',#16421,#16422);
#16421 = CARTESIAN_POINT('',(0.,0.));
#16422 = VECTOR('',#16423,1.);
#16423 = DIRECTION('',(0.,1.));
#16424 = ( GEOMETRIC_REPRESENTATION_CONTEXT(2) 
PARAMETRIC_REPRESENTATION_CONTEXT() REPRESENTATION_CONTEXT('2D SPACE',''
  ) );
#16425 = ADVANCED_FACE('',(#16426),#16332,.F.);
#16426 = FACE_BOUND('',#16427,.F.);
#16427 = EDGE_LOOP('',(#16428,#16458,#16484,#16485));
#16428 = ORIENTED_EDGE('',*,*,#16429,.F.);
#16429 = EDGE_CURVE('',#16430,#16432,#16434,.T.);
#16430 = VERTEX_POINT('',#16431);
#16431 = CARTESIAN_POINT('',(-12.305,2.145,-2.324));
#16432 = VERTEX_POINT('',#16433);
#16433 = CARTESIAN_POINT('',(-12.305,2.145,1.702));
#16434 = SURFACE_CURVE('',#16435,(#16439,#16446),.PCURVE_S1.);
#16435 = LINE('',#16436,#16437);
#16436 = CARTESIAN_POINT('',(-12.305,2.145,-2.64));
#16437 = VECTOR('',#16438,1.);
#16438 = DIRECTION('',(0.,0.,1.));
#16439 = PCURVE('',#16332,#16440);
#16440 = DEFINITIONAL_REPRESENTATION('',(#16441),#16445);
#16441 = LINE('',#16442,#16443);
#16442 = CARTESIAN_POINT('',(0.,0.79));
#16443 = VECTOR('',#16444,1.);
#16444 = DIRECTION('',(1.,0.));
#16445 = ( GEOMETRIC_REPRESENTATION_CONTEXT(2) 
PARAMETRIC_REPRESENTATION_CONTEXT() REPRESENTATION_CONTEXT('2D SPACE',''
  ) );
#16446 = PCURVE('',#16447,#16452);
#16447 = PLANE('',#16448);
#16448 = AXIS2_PLACEMENT_3D('',#16449,#16450,#16451);
#16449 = CARTESIAN_POINT('',(-12.305,2.145,-2.64));
#16450 = DIRECTION('',(1.,0.,0.));
#16451 = DIRECTION('',(0.,0.,1.));
#16452 = DEFINITIONAL_REPRESENTATION('',(#16453),#16457);
#16453 = LINE('',#16454,#16455);
#16454 = CARTESIAN_POINT('',(0.,0.));
#16455 = VECTOR('',#16456,1.);
#16456 = DIRECTION('',(1.,0.));
#16457 = ( GEOMETRIC_REPRESENTATION_CONTEXT(2) 
PARAMETRIC_REPRESENTATION_CONTEXT() REPRESENTATION_CONTEXT('2D SPACE',''
  ) );
#16458 = ORIENTED_EDGE('',*,*,#16459,.F.);
#16459 = EDGE_CURVE('',#16310,#16430,#16460,.T.);
#16460 = SURFACE_CURVE('',#16461,(#16465,#16472),.PCURVE_S1.);
#16461 = LINE('',#16462,#16463);
#16462 = CARTESIAN_POINT('',(-13.095,2.145,-2.324));
#16463 = VECTOR('',#16464,1.);
#16464 = DIRECTION('',(1.,0.,0.));
#16465 = PCURVE('',#16332,#16466);
#16466 = DEFINITIONAL_REPRESENTATION('',(#16467),#16471);
#16467 = LINE('',#16468,#16469);
#16468 = CARTESIAN_POINT('',(0.316,0.));
#16469 = VECTOR('',#16470,1.);
#16470 = DIRECTION('',(0.,1.));
#16471 = ( GEOMETRIC_REPRESENTATION_CONTEXT(2) 
PARAMETRIC_REPRESENTATION_CONTEXT() REPRESENTATION_CONTEXT('2D SPACE',''
  ) );
#16472 = PCURVE('',#16473,#16478);
#16473 = PLANE('',#16474);
#16474 = AXIS2_PLACEMENT_3D('',#16475,#16476,#16477);
#16475 = CARTESIAN_POINT('',(-13.095,2.303,-2.482));
#16476 = DIRECTION('',(0.,-0.707106781187,-0.707106781187));
#16477 = DIRECTION('',(-1.,-0.,-0.));
#16478 = DEFINITIONAL_REPRESENTATION('',(#16479),#16483);
#16479 = LINE('',#16480,#16481);
#16480 = CARTESIAN_POINT('',(-0.,-0.223445742855));
#16481 = VECTOR('',#16482,1.);
#16482 = DIRECTION('',(-1.,0.));
#16483 = ( GEOMETRIC_REPRESENTATION_CONTEXT(2) 
PARAMETRIC_REPRESENTATION_CONTEXT() REPRESENTATION_CONTEXT('2D SPACE',''
  ) );
#16484 = ORIENTED_EDGE('',*,*,#16309,.T.);
#16485 = ORIENTED_EDGE('',*,*,#16486,.T.);
#16486 = EDGE_CURVE('',#16312,#16432,#16487,.T.);
#16487 = SURFACE_CURVE('',#16488,(#16492,#16499),.PCURVE_S1.);
#16488 = LINE('',#16489,#16490);
#16489 = CARTESIAN_POINT('',(-13.095,2.145,1.702));
#16490 = VECTOR('',#16491,1.);
#16491 = DIRECTION('',(1.,0.,0.));
#16492 = PCURVE('',#16332,#16493);
#16493 = DEFINITIONAL_REPRESENTATION('',(#16494),#16498);
#16494 = LINE('',#16495,#16496);
#16495 = CARTESIAN_POINT('',(4.342,0.));
#16496 = VECTOR('',#16497,1.);
#16497 = DIRECTION('',(0.,1.));
#16498 = ( GEOMETRIC_REPRESENTATION_CONTEXT(2) 
PARAMETRIC_REPRESENTATION_CONTEXT() REPRESENTATION_CONTEXT('2D SPACE',''
  ) );
#16499 = PCURVE('',#16414,#16500);
#16500 = DEFINITIONAL_REPRESENTATION('',(#16501),#16505);
#16501 = LINE('',#16502,#16503);
#16502 = CARTESIAN_POINT('',(0.,0.));
#16503 = VECTOR('',#16504,1.);
#16504 = DIRECTION('',(1.,0.));
#16505 = ( GEOMETRIC_REPRESENTATION_CONTEXT(2) 
PARAMETRIC_REPRESENTATION_CONTEXT() REPRESENTATION_CONTEXT('2D SPACE',''
  ) );
#16506 = ADVANCED_FACE('',(#16507),#16360,.T.);
#16507 = FACE_BOUND('',#16508,.T.);
#16508 = EDGE_LOOP('',(#16509,#16532,#16533,#16561));
#16509 = ORIENTED_EDGE('',*,*,#16510,.F.);
#16510 = EDGE_CURVE('',#16310,#16511,#16513,.T.);
#16511 = VERTEX_POINT('',#16512);
#16512 = CARTESIAN_POINT('',(-12.779,2.461,-2.64));
#16513 = SURFACE_CURVE('',#16514,(#16518,#16525),.PCURVE_S1.);
#16514 = LINE('',#16515,#16516);
#16515 = CARTESIAN_POINT('',(-12.98966666666,2.250333333333,
    -2.429333333333));
#16516 = VECTOR('',#16517,1.);
#16517 = DIRECTION('',(0.57735026919,0.57735026919,-0.57735026919));
#16518 = PCURVE('',#16360,#16519);
#16519 = DEFINITIONAL_REPRESENTATION('',(#16520),#16524);
#16520 = LINE('',#16521,#16522);
#16521 = CARTESIAN_POINT('',(0.105333333333,-7.448191428498E-02));
#16522 = VECTOR('',#16523,1.);
#16523 = DIRECTION('',(0.57735026919,0.816496580928));
#16524 = ( GEOMETRIC_REPRESENTATION_CONTEXT(2) 
PARAMETRIC_REPRESENTATION_CONTEXT() REPRESENTATION_CONTEXT('2D SPACE',''
  ) );
#16525 = PCURVE('',#16473,#16526);
#16526 = DEFINITIONAL_REPRESENTATION('',(#16527),#16531);
#16527 = LINE('',#16528,#16529);
#16528 = CARTESIAN_POINT('',(-0.105333333333,-7.448191428498E-02));
#16529 = VECTOR('',#16530,1.);
#16530 = DIRECTION('',(-0.57735026919,0.816496580928));
#16531 = ( GEOMETRIC_REPRESENTATION_CONTEXT(2) 
PARAMETRIC_REPRESENTATION_CONTEXT() REPRESENTATION_CONTEXT('2D SPACE',''
  ) );
#16532 = ORIENTED_EDGE('',*,*,#16344,.T.);
#16533 = ORIENTED_EDGE('',*,*,#16534,.T.);
#16534 = EDGE_CURVE('',#16345,#16535,#16537,.T.);
#16535 = VERTEX_POINT('',#16536);
#16536 = CARTESIAN_POINT('',(-12.779,2.619,-2.64));
#16537 = SURFACE_CURVE('',#16538,(#16542,#16549),.PCURVE_S1.);
#16538 = LINE('',#16539,#16540);
#16539 = CARTESIAN_POINT('',(-12.858,2.698,-2.561));
#16540 = VECTOR('',#16541,1.);
#16541 = DIRECTION('',(0.57735026919,-0.57735026919,-0.57735026919));
#16542 = PCURVE('',#16360,#16543);
#16543 = DEFINITIONAL_REPRESENTATION('',(#16544),#16548);
#16544 = LINE('',#16545,#16546);
#16545 = CARTESIAN_POINT('',(0.553,0.111722871427));
#16546 = VECTOR('',#16547,1.);
#16547 = DIRECTION('',(-0.57735026919,0.816496580928));
#16548 = ( GEOMETRIC_REPRESENTATION_CONTEXT(2) 
PARAMETRIC_REPRESENTATION_CONTEXT() REPRESENTATION_CONTEXT('2D SPACE',''
  ) );
#16549 = PCURVE('',#16550,#16555);
#16550 = PLANE('',#16551);
#16551 = AXIS2_PLACEMENT_3D('',#16552,#16553,#16554);
#16552 = CARTESIAN_POINT('',(-13.095,2.777,-2.482));
#16553 = DIRECTION('',(0.,-0.707106781187,0.707106781187));
#16554 = DIRECTION('',(-1.,-0.,-0.));
#16555 = DEFINITIONAL_REPRESENTATION('',(#16556),#16560);
#16556 = LINE('',#16557,#16558);
#16557 = CARTESIAN_POINT('',(-0.237,0.111722871427));
#16558 = VECTOR('',#16559,1.);
#16559 = DIRECTION('',(-0.57735026919,0.816496580928));
#16560 = ( GEOMETRIC_REPRESENTATION_CONTEXT(2) 
PARAMETRIC_REPRESENTATION_CONTEXT() REPRESENTATION_CONTEXT('2D SPACE',''
  ) );
#16561 = ORIENTED_EDGE('',*,*,#16562,.F.);
#16562 = EDGE_CURVE('',#16511,#16535,#16563,.T.);
#16563 = SURFACE_CURVE('',#16564,(#16568,#16575),.PCURVE_S1.);
#16564 = LINE('',#16565,#16566);
#16565 = CARTESIAN_POINT('',(-12.779,2.145,-2.64));
#16566 = VECTOR('',#16567,1.);
#16567 = DIRECTION('',(0.,1.,0.));
#16568 = PCURVE('',#16360,#16569);
#16569 = DEFINITIONAL_REPRESENTATION('',(#16570),#16574);
#16570 = LINE('',#16571,#16572);
#16571 = CARTESIAN_POINT('',(0.,0.223445742855));
#16572 = VECTOR('',#16573,1.);
#16573 = DIRECTION('',(1.,0.));
#16574 = ( GEOMETRIC_REPRESENTATION_CONTEXT(2) 
PARAMETRIC_REPRESENTATION_CONTEXT() REPRESENTATION_CONTEXT('2D SPACE',''
  ) );
#16575 = PCURVE('',#16576,#16581);
#16576 = PLANE('',#16577);
#16577 = AXIS2_PLACEMENT_3D('',#16578,#16579,#16580);
#16578 = CARTESIAN_POINT('',(-13.095,2.145,-2.64));
#16579 = DIRECTION('',(0.,0.,1.));
#16580 = DIRECTION('',(1.,0.,0.));
#16581 = DEFINITIONAL_REPRESENTATION('',(#16582),#16586);
#16582 = LINE('',#16583,#16584);
#16583 = CARTESIAN_POINT('',(0.316,0.));
#16584 = VECTOR('',#16585,1.);
#16585 = DIRECTION('',(0.,1.));
#16586 = ( GEOMETRIC_REPRESENTATION_CONTEXT(2) 
PARAMETRIC_REPRESENTATION_CONTEXT() REPRESENTATION_CONTEXT('2D SPACE',''
  ) );
#16587 = ADVANCED_FACE('',(#16588),#16414,.T.);
#16588 = FACE_BOUND('',#16589,.T.);
#16589 = EDGE_LOOP('',(#16590,#16591,#16592,#16615));
#16590 = ORIENTED_EDGE('',*,*,#16400,.F.);
#16591 = ORIENTED_EDGE('',*,*,#16486,.T.);
#16592 = ORIENTED_EDGE('',*,*,#16593,.T.);
#16593 = EDGE_CURVE('',#16432,#16594,#16596,.T.);
#16594 = VERTEX_POINT('',#16595);
#16595 = CARTESIAN_POINT('',(-12.305,2.935,1.702));
#16596 = SURFACE_CURVE('',#16597,(#16601,#16608),.PCURVE_S1.);
#16597 = LINE('',#16598,#16599);
#16598 = CARTESIAN_POINT('',(-12.305,2.145,1.702));
#16599 = VECTOR('',#16600,1.);
#16600 = DIRECTION('',(0.,1.,0.));
#16601 = PCURVE('',#16414,#16602);
#16602 = DEFINITIONAL_REPRESENTATION('',(#16603),#16607);
#16603 = LINE('',#16604,#16605);
#16604 = CARTESIAN_POINT('',(0.79,0.));
#16605 = VECTOR('',#16606,1.);
#16606 = DIRECTION('',(0.,1.));
#16607 = ( GEOMETRIC_REPRESENTATION_CONTEXT(2) 
PARAMETRIC_REPRESENTATION_CONTEXT() REPRESENTATION_CONTEXT('2D SPACE',''
  ) );
#16608 = PCURVE('',#16447,#16609);
#16609 = DEFINITIONAL_REPRESENTATION('',(#16610),#16614);
#16610 = LINE('',#16611,#16612);
#16611 = CARTESIAN_POINT('',(4.342,0.));
#16612 = VECTOR('',#16613,1.);
#16613 = DIRECTION('',(0.,-1.));
#16614 = ( GEOMETRIC_REPRESENTATION_CONTEXT(2) 
PARAMETRIC_REPRESENTATION_CONTEXT() REPRESENTATION_CONTEXT('2D SPACE',''
  ) );
#16615 = ORIENTED_EDGE('',*,*,#16616,.F.);
#16616 = EDGE_CURVE('',#16373,#16594,#16617,.T.);
#16617 = SURFACE_CURVE('',#16618,(#16622,#16629),.PCURVE_S1.);
#16618 = LINE('',#16619,#16620);
#16619 = CARTESIAN_POINT('',(-13.095,2.935,1.702));
#16620 = VECTOR('',#16621,1.);
#16621 = DIRECTION('',(1.,0.,0.));
#16622 = PCURVE('',#16414,#16623);
#16623 = DEFINITIONAL_REPRESENTATION('',(#16624),#16628);
#16624 = LINE('',#16625,#16626);
#16625 = CARTESIAN_POINT('',(0.,0.79));
#16626 = VECTOR('',#16627,1.);
#16627 = DIRECTION('',(1.,0.));
#16628 = ( GEOMETRIC_REPRESENTATION_CONTEXT(2) 
PARAMETRIC_REPRESENTATION_CONTEXT() REPRESENTATION_CONTEXT('2D SPACE',''
  ) );
#16629 = PCURVE('',#16388,#16630);
#16630 = DEFINITIONAL_REPRESENTATION('',(#16631),#16635);
#16631 = LINE('',#16632,#16633);
#16632 = CARTESIAN_POINT('',(4.342,0.));
#16633 = VECTOR('',#16634,1.);
#16634 = DIRECTION('',(0.,1.));
#16635 = ( GEOMETRIC_REPRESENTATION_CONTEXT(2) 
PARAMETRIC_REPRESENTATION_CONTEXT() REPRESENTATION_CONTEXT('2D SPACE',''
  ) );
#16636 = ADVANCED_FACE('',(#16637),#16388,.T.);
#16637 = FACE_BOUND('',#16638,.T.);
#16638 = EDGE_LOOP('',(#16639,#16662,#16683,#16684));
#16639 = ORIENTED_EDGE('',*,*,#16640,.F.);
#16640 = EDGE_CURVE('',#16641,#16594,#16643,.T.);
#16641 = VERTEX_POINT('',#16642);
#16642 = CARTESIAN_POINT('',(-12.305,2.935,-2.324));
#16643 = SURFACE_CURVE('',#16644,(#16648,#16655),.PCURVE_S1.);
#16644 = LINE('',#16645,#16646);
#16645 = CARTESIAN_POINT('',(-12.305,2.935,-2.64));
#16646 = VECTOR('',#16647,1.);
#16647 = DIRECTION('',(0.,0.,1.));
#16648 = PCURVE('',#16388,#16649);
#16649 = DEFINITIONAL_REPRESENTATION('',(#16650),#16654);
#16650 = LINE('',#16651,#16652);
#16651 = CARTESIAN_POINT('',(0.,0.79));
#16652 = VECTOR('',#16653,1.);
#16653 = DIRECTION('',(1.,0.));
#16654 = ( GEOMETRIC_REPRESENTATION_CONTEXT(2) 
PARAMETRIC_REPRESENTATION_CONTEXT() REPRESENTATION_CONTEXT('2D SPACE',''
  ) );
#16655 = PCURVE('',#16447,#16656);
#16656 = DEFINITIONAL_REPRESENTATION('',(#16657),#16661);
#16657 = LINE('',#16658,#16659);
#16658 = CARTESIAN_POINT('',(0.,-0.79));
#16659 = VECTOR('',#16660,1.);
#16660 = DIRECTION('',(1.,0.));
#16661 = ( GEOMETRIC_REPRESENTATION_CONTEXT(2) 
PARAMETRIC_REPRESENTATION_CONTEXT() REPRESENTATION_CONTEXT('2D SPACE',''
  ) );
#16662 = ORIENTED_EDGE('',*,*,#16663,.F.);
#16663 = EDGE_CURVE('',#16345,#16641,#16664,.T.);
#16664 = SURFACE_CURVE('',#16665,(#16669,#16676),.PCURVE_S1.);
#16665 = LINE('',#16666,#16667);
#16666 = CARTESIAN_POINT('',(-13.095,2.935,-2.324));
#16667 = VECTOR('',#16668,1.);
#16668 = DIRECTION('',(1.,0.,0.));
#16669 = PCURVE('',#16388,#16670);
#16670 = DEFINITIONAL_REPRESENTATION('',(#16671),#16675);
#16671 = LINE('',#16672,#16673);
#16672 = CARTESIAN_POINT('',(0.316,0.));
#16673 = VECTOR('',#16674,1.);
#16674 = DIRECTION('',(0.,1.));
#16675 = ( GEOMETRIC_REPRESENTATION_CONTEXT(2) 
PARAMETRIC_REPRESENTATION_CONTEXT() REPRESENTATION_CONTEXT('2D SPACE',''
  ) );
#16676 = PCURVE('',#16550,#16677);
#16677 = DEFINITIONAL_REPRESENTATION('',(#16678),#16682);
#16678 = LINE('',#16679,#16680);
#16679 = CARTESIAN_POINT('',(-0.,-0.223445742855));
#16680 = VECTOR('',#16681,1.);
#16681 = DIRECTION('',(-1.,0.));
#16682 = ( GEOMETRIC_REPRESENTATION_CONTEXT(2) 
PARAMETRIC_REPRESENTATION_CONTEXT() REPRESENTATION_CONTEXT('2D SPACE',''
  ) );
#16683 = ORIENTED_EDGE('',*,*,#16372,.T.);
#16684 = ORIENTED_EDGE('',*,*,#16616,.T.);
#16685 = ADVANCED_FACE('',(#16686),#16447,.T.);
#16686 = FACE_BOUND('',#16687,.T.);
#16687 = EDGE_LOOP('',(#16688,#16689,#16715,#16716));
#16688 = ORIENTED_EDGE('',*,*,#16429,.F.);
#16689 = ORIENTED_EDGE('',*,*,#16690,.T.);
#16690 = EDGE_CURVE('',#16430,#16641,#16691,.T.);
#16691 = SURFACE_CURVE('',#16692,(#16696,#16703),.PCURVE_S1.);
#16692 = LINE('',#16693,#16694);
#16693 = CARTESIAN_POINT('',(-12.305,2.145,-2.324));
#16694 = VECTOR('',#16695,1.);
#16695 = DIRECTION('',(0.,1.,0.));
#16696 = PCURVE('',#16447,#16697);
#16697 = DEFINITIONAL_REPRESENTATION('',(#16698),#16702);
#16698 = LINE('',#16699,#16700);
#16699 = CARTESIAN_POINT('',(0.316,0.));
#16700 = VECTOR('',#16701,1.);
#16701 = DIRECTION('',(0.,-1.));
#16702 = ( GEOMETRIC_REPRESENTATION_CONTEXT(2) 
PARAMETRIC_REPRESENTATION_CONTEXT() REPRESENTATION_CONTEXT('2D SPACE',''
  ) );
#16703 = PCURVE('',#16704,#16709);
#16704 = PLANE('',#16705);
#16705 = AXIS2_PLACEMENT_3D('',#16706,#16707,#16708);
#16706 = CARTESIAN_POINT('',(-12.463,2.145,-2.482));
#16707 = DIRECTION('',(-0.707106781187,0.,0.707106781187));
#16708 = DIRECTION('',(0.,1.,0.));
#16709 = DEFINITIONAL_REPRESENTATION('',(#16710),#16714);
#16710 = LINE('',#16711,#16712);
#16711 = CARTESIAN_POINT('',(0.,-0.223445742855));
#16712 = VECTOR('',#16713,1.);
#16713 = DIRECTION('',(1.,0.));
#16714 = ( GEOMETRIC_REPRESENTATION_CONTEXT(2) 
PARAMETRIC_REPRESENTATION_CONTEXT() REPRESENTATION_CONTEXT('2D SPACE',''
  ) );
#16715 = ORIENTED_EDGE('',*,*,#16640,.T.);
#16716 = ORIENTED_EDGE('',*,*,#16593,.F.);
#16717 = ADVANCED_FACE('',(#16718),#16473,.T.);
#16718 = FACE_BOUND('',#16719,.F.);
#16719 = EDGE_LOOP('',(#16720,#16721,#16722,#16745));
#16720 = ORIENTED_EDGE('',*,*,#16510,.F.);
#16721 = ORIENTED_EDGE('',*,*,#16459,.T.);
#16722 = ORIENTED_EDGE('',*,*,#16723,.T.);
#16723 = EDGE_CURVE('',#16430,#16724,#16726,.T.);
#16724 = VERTEX_POINT('',#16725);
#16725 = CARTESIAN_POINT('',(-12.621,2.461,-2.64));
#16726 = SURFACE_CURVE('',#16727,(#16731,#16738),.PCURVE_S1.);
#16727 = LINE('',#16728,#16729);
#16728 = CARTESIAN_POINT('',(-12.542,2.382,-2.561));
#16729 = VECTOR('',#16730,1.);
#16730 = DIRECTION('',(-0.57735026919,0.57735026919,-0.57735026919));
#16731 = PCURVE('',#16473,#16732);
#16732 = DEFINITIONAL_REPRESENTATION('',(#16733),#16737);
#16733 = LINE('',#16734,#16735);
#16734 = CARTESIAN_POINT('',(-0.553,0.111722871427));
#16735 = VECTOR('',#16736,1.);
#16736 = DIRECTION('',(0.57735026919,0.816496580928));
#16737 = ( GEOMETRIC_REPRESENTATION_CONTEXT(2) 
PARAMETRIC_REPRESENTATION_CONTEXT() REPRESENTATION_CONTEXT('2D SPACE',''
  ) );
#16738 = PCURVE('',#16704,#16739);
#16739 = DEFINITIONAL_REPRESENTATION('',(#16740),#16744);
#16740 = LINE('',#16741,#16742);
#16741 = CARTESIAN_POINT('',(0.237,0.111722871427));
#16742 = VECTOR('',#16743,1.);
#16743 = DIRECTION('',(0.57735026919,0.816496580928));
#16744 = ( GEOMETRIC_REPRESENTATION_CONTEXT(2) 
PARAMETRIC_REPRESENTATION_CONTEXT() REPRESENTATION_CONTEXT('2D SPACE',''
  ) );
#16745 = ORIENTED_EDGE('',*,*,#16746,.F.);
#16746 = EDGE_CURVE('',#16511,#16724,#16747,.T.);
#16747 = SURFACE_CURVE('',#16748,(#16752,#16759),.PCURVE_S1.);
#16748 = LINE('',#16749,#16750);
#16749 = CARTESIAN_POINT('',(-13.095,2.461,-2.64));
#16750 = VECTOR('',#16751,1.);
#16751 = DIRECTION('',(1.,0.,0.));
#16752 = PCURVE('',#16473,#16753);
#16753 = DEFINITIONAL_REPRESENTATION('',(#16754),#16758);
#16754 = LINE('',#16755,#16756);
#16755 = CARTESIAN_POINT('',(-0.,0.223445742855));
#16756 = VECTOR('',#16757,1.);
#16757 = DIRECTION('',(-1.,0.));
#16758 = ( GEOMETRIC_REPRESENTATION_CONTEXT(2) 
PARAMETRIC_REPRESENTATION_CONTEXT() REPRESENTATION_CONTEXT('2D SPACE',''
  ) );
#16759 = PCURVE('',#16576,#16760);
#16760 = DEFINITIONAL_REPRESENTATION('',(#16761),#16765);
#16761 = LINE('',#16762,#16763);
#16762 = CARTESIAN_POINT('',(0.,0.316));
#16763 = VECTOR('',#16764,1.);
#16764 = DIRECTION('',(1.,0.));
#16765 = ( GEOMETRIC_REPRESENTATION_CONTEXT(2) 
PARAMETRIC_REPRESENTATION_CONTEXT() REPRESENTATION_CONTEXT('2D SPACE',''
  ) );
#16766 = ADVANCED_FACE('',(#16767),#16576,.F.);
#16767 = FACE_BOUND('',#16768,.F.);
#16768 = EDGE_LOOP('',(#16769,#16770,#16793,#16814));
#16769 = ORIENTED_EDGE('',*,*,#16746,.T.);
#16770 = ORIENTED_EDGE('',*,*,#16771,.T.);
#16771 = EDGE_CURVE('',#16724,#16772,#16774,.T.);
#16772 = VERTEX_POINT('',#16773);
#16773 = CARTESIAN_POINT('',(-12.621,2.619,-2.64));
#16774 = SURFACE_CURVE('',#16775,(#16779,#16786),.PCURVE_S1.);
#16775 = LINE('',#16776,#16777);
#16776 = CARTESIAN_POINT('',(-12.621,2.145,-2.64));
#16777 = VECTOR('',#16778,1.);
#16778 = DIRECTION('',(0.,1.,0.));
#16779 = PCURVE('',#16576,#16780);
#16780 = DEFINITIONAL_REPRESENTATION('',(#16781),#16785);
#16781 = LINE('',#16782,#16783);
#16782 = CARTESIAN_POINT('',(0.474,0.));
#16783 = VECTOR('',#16784,1.);
#16784 = DIRECTION('',(0.,1.));
#16785 = ( GEOMETRIC_REPRESENTATION_CONTEXT(2) 
PARAMETRIC_REPRESENTATION_CONTEXT() REPRESENTATION_CONTEXT('2D SPACE',''
  ) );
#16786 = PCURVE('',#16704,#16787);
#16787 = DEFINITIONAL_REPRESENTATION('',(#16788),#16792);
#16788 = LINE('',#16789,#16790);
#16789 = CARTESIAN_POINT('',(0.,0.223445742855));
#16790 = VECTOR('',#16791,1.);
#16791 = DIRECTION('',(1.,0.));
#16792 = ( GEOMETRIC_REPRESENTATION_CONTEXT(2) 
PARAMETRIC_REPRESENTATION_CONTEXT() REPRESENTATION_CONTEXT('2D SPACE',''
  ) );
#16793 = ORIENTED_EDGE('',*,*,#16794,.F.);
#16794 = EDGE_CURVE('',#16535,#16772,#16795,.T.);
#16795 = SURFACE_CURVE('',#16796,(#16800,#16807),.PCURVE_S1.);
#16796 = LINE('',#16797,#16798);
#16797 = CARTESIAN_POINT('',(-13.095,2.619,-2.64));
#16798 = VECTOR('',#16799,1.);
#16799 = DIRECTION('',(1.,0.,0.));
#16800 = PCURVE('',#16576,#16801);
#16801 = DEFINITIONAL_REPRESENTATION('',(#16802),#16806);
#16802 = LINE('',#16803,#16804);
#16803 = CARTESIAN_POINT('',(0.,0.474));
#16804 = VECTOR('',#16805,1.);
#16805 = DIRECTION('',(1.,0.));
#16806 = ( GEOMETRIC_REPRESENTATION_CONTEXT(2) 
PARAMETRIC_REPRESENTATION_CONTEXT() REPRESENTATION_CONTEXT('2D SPACE',''
  ) );
#16807 = PCURVE('',#16550,#16808);
#16808 = DEFINITIONAL_REPRESENTATION('',(#16809),#16813);
#16809 = LINE('',#16810,#16811);
#16810 = CARTESIAN_POINT('',(-0.,0.223445742855));
#16811 = VECTOR('',#16812,1.);
#16812 = DIRECTION('',(-1.,0.));
#16813 = ( GEOMETRIC_REPRESENTATION_CONTEXT(2) 
PARAMETRIC_REPRESENTATION_CONTEXT() REPRESENTATION_CONTEXT('2D SPACE',''
  ) );
#16814 = ORIENTED_EDGE('',*,*,#16562,.F.);
#16815 = ADVANCED_FACE('',(#16816),#16550,.F.);
#16816 = FACE_BOUND('',#16817,.T.);
#16817 = EDGE_LOOP('',(#16818,#16819,#16820,#16841));
#16818 = ORIENTED_EDGE('',*,*,#16534,.F.);
#16819 = ORIENTED_EDGE('',*,*,#16663,.T.);
#16820 = ORIENTED_EDGE('',*,*,#16821,.T.);
#16821 = EDGE_CURVE('',#16641,#16772,#16822,.T.);
#16822 = SURFACE_CURVE('',#16823,(#16827,#16834),.PCURVE_S1.);
#16823 = LINE('',#16824,#16825);
#16824 = CARTESIAN_POINT('',(-12.67366666666,2.566333333333,
    -2.692666666667));
#16825 = VECTOR('',#16826,1.);
#16826 = DIRECTION('',(-0.57735026919,-0.57735026919,-0.57735026919));
#16827 = PCURVE('',#16550,#16828);
#16828 = DEFINITIONAL_REPRESENTATION('',(#16829),#16833);
#16829 = LINE('',#16830,#16831);
#16830 = CARTESIAN_POINT('',(-0.421333333333,0.29792765714));
#16831 = VECTOR('',#16832,1.);
#16832 = DIRECTION('',(0.57735026919,0.816496580928));
#16833 = ( GEOMETRIC_REPRESENTATION_CONTEXT(2) 
PARAMETRIC_REPRESENTATION_CONTEXT() REPRESENTATION_CONTEXT('2D SPACE',''
  ) );
#16834 = PCURVE('',#16704,#16835);
#16835 = DEFINITIONAL_REPRESENTATION('',(#16836),#16840);
#16836 = LINE('',#16837,#16838);
#16837 = CARTESIAN_POINT('',(0.421333333333,0.29792765714));
#16838 = VECTOR('',#16839,1.);
#16839 = DIRECTION('',(-0.57735026919,0.816496580928));
#16840 = ( GEOMETRIC_REPRESENTATION_CONTEXT(2) 
PARAMETRIC_REPRESENTATION_CONTEXT() REPRESENTATION_CONTEXT('2D SPACE',''
  ) );
#16841 = ORIENTED_EDGE('',*,*,#16794,.F.);
#16842 = ADVANCED_FACE('',(#16843),#16704,.F.);
#16843 = FACE_BOUND('',#16844,.F.);
#16844 = EDGE_LOOP('',(#16845,#16846,#16847,#16848));
#16845 = ORIENTED_EDGE('',*,*,#16723,.F.);
#16846 = ORIENTED_EDGE('',*,*,#16690,.T.);
#16847 = ORIENTED_EDGE('',*,*,#16821,.T.);
#16848 = ORIENTED_EDGE('',*,*,#16771,.F.);
#16849 = MANIFOLD_SOLID_BREP('',#16850);
#16850 = CLOSED_SHELL('',(#16851,#16971,#17052,#17133,#17182,#17231,
    #17263,#17312,#17361,#17388));
#16851 = ADVANCED_FACE('',(#16852),#16866,.F.);
#16852 = FACE_BOUND('',#16853,.F.);
#16853 = EDGE_LOOP('',(#16854,#16889,#16917,#16945));
#16854 = ORIENTED_EDGE('',*,*,#16855,.F.);
#16855 = EDGE_CURVE('',#16856,#16858,#16860,.T.);
#16856 = VERTEX_POINT('',#16857);
#16857 = CARTESIAN_POINT('',(-15.635,-0.395,-2.324));
#16858 = VERTEX_POINT('',#16859);
#16859 = CARTESIAN_POINT('',(-15.635,-0.395,1.702));
#16860 = SURFACE_CURVE('',#16861,(#16865,#16877),.PCURVE_S1.);
#16861 = LINE('',#16862,#16863);
#16862 = CARTESIAN_POINT('',(-15.635,-0.395,-2.64));
#16863 = VECTOR('',#16864,1.);
#16864 = DIRECTION('',(0.,0.,1.));
#16865 = PCURVE('',#16866,#16871);
#16866 = PLANE('',#16867);
#16867 = AXIS2_PLACEMENT_3D('',#16868,#16869,#16870);
#16868 = CARTESIAN_POINT('',(-15.635,-0.395,-2.64));
#16869 = DIRECTION('',(1.,0.,0.));
#16870 = DIRECTION('',(0.,0.,1.));
#16871 = DEFINITIONAL_REPRESENTATION('',(#16872),#16876);
#16872 = LINE('',#16873,#16874);
#16873 = CARTESIAN_POINT('',(0.,0.));
#16874 = VECTOR('',#16875,1.);
#16875 = DIRECTION('',(1.,0.));
#16876 = ( GEOMETRIC_REPRESENTATION_CONTEXT(2) 
PARAMETRIC_REPRESENTATION_CONTEXT() REPRESENTATION_CONTEXT('2D SPACE',''
  ) );
#16877 = PCURVE('',#16878,#16883);
#16878 = PLANE('',#16879);
#16879 = AXIS2_PLACEMENT_3D('',#16880,#16881,#16882);
#16880 = CARTESIAN_POINT('',(-15.635,-0.395,-2.64));
#16881 = DIRECTION('',(0.,1.,0.));
#16882 = DIRECTION('',(0.,0.,1.));
#16883 = DEFINITIONAL_REPRESENTATION('',(#16884),#16888);
#16884 = LINE('',#16885,#16886);
#16885 = CARTESIAN_POINT('',(0.,0.));
#16886 = VECTOR('',#16887,1.);
#16887 = DIRECTION('',(1.,0.));
#16888 = ( GEOMETRIC_REPRESENTATION_CONTEXT(2) 
PARAMETRIC_REPRESENTATION_CONTEXT() REPRESENTATION_CONTEXT('2D SPACE',''
  ) );
#16889 = ORIENTED_EDGE('',*,*,#16890,.T.);
#16890 = EDGE_CURVE('',#16856,#16891,#16893,.T.);
#16891 = VERTEX_POINT('',#16892);
#16892 = CARTESIAN_POINT('',(-15.635,0.395,-2.324));
#16893 = SURFACE_CURVE('',#16894,(#16898,#16905),.PCURVE_S1.);
#16894 = LINE('',#16895,#16896);
#16895 = CARTESIAN_POINT('',(-15.635,-0.395,-2.324));
#16896 = VECTOR('',#16897,1.);
#16897 = DIRECTION('',(0.,1.,0.));
#16898 = PCURVE('',#16866,#16899);
#16899 = DEFINITIONAL_REPRESENTATION('',(#16900),#16904);
#16900 = LINE('',#16901,#16902);
#16901 = CARTESIAN_POINT('',(0.316,0.));
#16902 = VECTOR('',#16903,1.);
#16903 = DIRECTION('',(0.,-1.));
#16904 = ( GEOMETRIC_REPRESENTATION_CONTEXT(2) 
PARAMETRIC_REPRESENTATION_CONTEXT() REPRESENTATION_CONTEXT('2D SPACE',''
  ) );
#16905 = PCURVE('',#16906,#16911);
#16906 = PLANE('',#16907);
#16907 = AXIS2_PLACEMENT_3D('',#16908,#16909,#16910);
#16908 = CARTESIAN_POINT('',(-15.477,-0.395,-2.482));
#16909 = DIRECTION('',(-0.707106781187,0.,-0.707106781187));
#16910 = DIRECTION('',(0.,1.,0.));
#16911 = DEFINITIONAL_REPRESENTATION('',(#16912),#16916);
#16912 = LINE('',#16913,#16914);
#16913 = CARTESIAN_POINT('',(0.,-0.223445742855));
#16914 = VECTOR('',#16915,1.);
#16915 = DIRECTION('',(1.,0.));
#16916 = ( GEOMETRIC_REPRESENTATION_CONTEXT(2) 
PARAMETRIC_REPRESENTATION_CONTEXT() REPRESENTATION_CONTEXT('2D SPACE',''
  ) );
#16917 = ORIENTED_EDGE('',*,*,#16918,.T.);
#16918 = EDGE_CURVE('',#16891,#16919,#16921,.T.);
#16919 = VERTEX_POINT('',#16920);
#16920 = CARTESIAN_POINT('',(-15.635,0.395,1.702));
#16921 = SURFACE_CURVE('',#16922,(#16926,#16933),.PCURVE_S1.);
#16922 = LINE('',#16923,#16924);
#16923 = CARTESIAN_POINT('',(-15.635,0.395,-2.64));
#16924 = VECTOR('',#16925,1.);
#16925 = DIRECTION('',(0.,0.,1.));
#16926 = PCURVE('',#16866,#16927);
#16927 = DEFINITIONAL_REPRESENTATION('',(#16928),#16932);
#16928 = LINE('',#16929,#16930);
#16929 = CARTESIAN_POINT('',(0.,-0.79));
#16930 = VECTOR('',#16931,1.);
#16931 = DIRECTION('',(1.,0.));
#16932 = ( GEOMETRIC_REPRESENTATION_CONTEXT(2) 
PARAMETRIC_REPRESENTATION_CONTEXT() REPRESENTATION_CONTEXT('2D SPACE',''
  ) );
#16933 = PCURVE('',#16934,#16939);
#16934 = PLANE('',#16935);
#16935 = AXIS2_PLACEMENT_3D('',#16936,#16937,#16938);
#16936 = CARTESIAN_POINT('',(-15.635,0.395,-2.64));
#16937 = DIRECTION('',(0.,1.,0.));
#16938 = DIRECTION('',(0.,0.,1.));
#16939 = DEFINITIONAL_REPRESENTATION('',(#16940),#16944);
#16940 = LINE('',#16941,#16942);
#16941 = CARTESIAN_POINT('',(0.,0.));
#16942 = VECTOR('',#16943,1.);
#16943 = DIRECTION('',(1.,0.));
#16944 = ( GEOMETRIC_REPRESENTATION_CONTEXT(2) 
PARAMETRIC_REPRESENTATION_CONTEXT() REPRESENTATION_CONTEXT('2D SPACE',''
  ) );
#16945 = ORIENTED_EDGE('',*,*,#16946,.F.);
#16946 = EDGE_CURVE('',#16858,#16919,#16947,.T.);
#16947 = SURFACE_CURVE('',#16948,(#16952,#16959),.PCURVE_S1.);
#16948 = LINE('',#16949,#16950);
#16949 = CARTESIAN_POINT('',(-15.635,-0.395,1.702));
#16950 = VECTOR('',#16951,1.);
#16951 = DIRECTION('',(0.,1.,0.));
#16952 = PCURVE('',#16866,#16953);
#16953 = DEFINITIONAL_REPRESENTATION('',(#16954),#16958);
#16954 = LINE('',#16955,#16956);
#16955 = CARTESIAN_POINT('',(4.342,0.));
#16956 = VECTOR('',#16957,1.);
#16957 = DIRECTION('',(0.,-1.));
#16958 = ( GEOMETRIC_REPRESENTATION_CONTEXT(2) 
PARAMETRIC_REPRESENTATION_CONTEXT() REPRESENTATION_CONTEXT('2D SPACE',''
  ) );
#16959 = PCURVE('',#16960,#16965);
#16960 = PLANE('',#16961);
#16961 = AXIS2_PLACEMENT_3D('',#16962,#16963,#16964);
#16962 = CARTESIAN_POINT('',(-15.635,-0.395,1.702));
#16963 = DIRECTION('',(0.,0.,1.));
#16964 = DIRECTION('',(1.,0.,0.));
#16965 = DEFINITIONAL_REPRESENTATION('',(#16966),#16970);
#16966 = LINE('',#16967,#16968);
#16967 = CARTESIAN_POINT('',(0.,0.));
#16968 = VECTOR('',#16969,1.);
#16969 = DIRECTION('',(0.,1.));
#16970 = ( GEOMETRIC_REPRESENTATION_CONTEXT(2) 
PARAMETRIC_REPRESENTATION_CONTEXT() REPRESENTATION_CONTEXT('2D SPACE',''
  ) );
#16971 = ADVANCED_FACE('',(#16972),#16878,.F.);
#16972 = FACE_BOUND('',#16973,.F.);
#16973 = EDGE_LOOP('',(#16974,#17004,#17030,#17031));
#16974 = ORIENTED_EDGE('',*,*,#16975,.F.);
#16975 = EDGE_CURVE('',#16976,#16978,#16980,.T.);
#16976 = VERTEX_POINT('',#16977);
#16977 = CARTESIAN_POINT('',(-14.845,-0.395,-2.324));
#16978 = VERTEX_POINT('',#16979);
#16979 = CARTESIAN_POINT('',(-14.845,-0.395,1.702));
#16980 = SURFACE_CURVE('',#16981,(#16985,#16992),.PCURVE_S1.);
#16981 = LINE('',#16982,#16983);
#16982 = CARTESIAN_POINT('',(-14.845,-0.395,-2.64));
#16983 = VECTOR('',#16984,1.);
#16984 = DIRECTION('',(0.,0.,1.));
#16985 = PCURVE('',#16878,#16986);
#16986 = DEFINITIONAL_REPRESENTATION('',(#16987),#16991);
#16987 = LINE('',#16988,#16989);
#16988 = CARTESIAN_POINT('',(0.,0.79));
#16989 = VECTOR('',#16990,1.);
#16990 = DIRECTION('',(1.,0.));
#16991 = ( GEOMETRIC_REPRESENTATION_CONTEXT(2) 
PARAMETRIC_REPRESENTATION_CONTEXT() REPRESENTATION_CONTEXT('2D SPACE',''
  ) );
#16992 = PCURVE('',#16993,#16998);
#16993 = PLANE('',#16994);
#16994 = AXIS2_PLACEMENT_3D('',#16995,#16996,#16997);
#16995 = CARTESIAN_POINT('',(-14.845,-0.395,-2.64));
#16996 = DIRECTION('',(1.,0.,0.));
#16997 = DIRECTION('',(0.,0.,1.));
#16998 = DEFINITIONAL_REPRESENTATION('',(#16999),#17003);
#16999 = LINE('',#17000,#17001);
#17000 = CARTESIAN_POINT('',(0.,0.));
#17001 = VECTOR('',#17002,1.);
#17002 = DIRECTION('',(1.,0.));
#17003 = ( GEOMETRIC_REPRESENTATION_CONTEXT(2) 
PARAMETRIC_REPRESENTATION_CONTEXT() REPRESENTATION_CONTEXT('2D SPACE',''
  ) );
#17004 = ORIENTED_EDGE('',*,*,#17005,.F.);
#17005 = EDGE_CURVE('',#16856,#16976,#17006,.T.);
#17006 = SURFACE_CURVE('',#17007,(#17011,#17018),.PCURVE_S1.);
#17007 = LINE('',#17008,#17009);
#17008 = CARTESIAN_POINT('',(-15.635,-0.395,-2.324));
#17009 = VECTOR('',#17010,1.);
#17010 = DIRECTION('',(1.,0.,0.));
#17011 = PCURVE('',#16878,#17012);
#17012 = DEFINITIONAL_REPRESENTATION('',(#17013),#17017);
#17013 = LINE('',#17014,#17015);
#17014 = CARTESIAN_POINT('',(0.316,0.));
#17015 = VECTOR('',#17016,1.);
#17016 = DIRECTION('',(0.,1.));
#17017 = ( GEOMETRIC_REPRESENTATION_CONTEXT(2) 
PARAMETRIC_REPRESENTATION_CONTEXT() REPRESENTATION_CONTEXT('2D SPACE',''
  ) );
#17018 = PCURVE('',#17019,#17024);
#17019 = PLANE('',#17020);
#17020 = AXIS2_PLACEMENT_3D('',#17021,#17022,#17023);
#17021 = CARTESIAN_POINT('',(-15.635,-0.237,-2.482));
#17022 = DIRECTION('',(0.,-0.707106781187,-0.707106781187));
#17023 = DIRECTION('',(-1.,-0.,-0.));
#17024 = DEFINITIONAL_REPRESENTATION('',(#17025),#17029);
#17025 = LINE('',#17026,#17027);
#17026 = CARTESIAN_POINT('',(-0.,-0.223445742855));
#17027 = VECTOR('',#17028,1.);
#17028 = DIRECTION('',(-1.,0.));
#17029 = ( GEOMETRIC_REPRESENTATION_CONTEXT(2) 
PARAMETRIC_REPRESENTATION_CONTEXT() REPRESENTATION_CONTEXT('2D SPACE',''
  ) );
#17030 = ORIENTED_EDGE('',*,*,#16855,.T.);
#17031 = ORIENTED_EDGE('',*,*,#17032,.T.);
#17032 = EDGE_CURVE('',#16858,#16978,#17033,.T.);
#17033 = SURFACE_CURVE('',#17034,(#17038,#17045),.PCURVE_S1.);
#17034 = LINE('',#17035,#17036);
#17035 = CARTESIAN_POINT('',(-15.635,-0.395,1.702));
#17036 = VECTOR('',#17037,1.);
#17037 = DIRECTION('',(1.,0.,0.));
#17038 = PCURVE('',#16878,#17039);
#17039 = DEFINITIONAL_REPRESENTATION('',(#17040),#17044);
#17040 = LINE('',#17041,#17042);
#17041 = CARTESIAN_POINT('',(4.342,0.));
#17042 = VECTOR('',#17043,1.);
#17043 = DIRECTION('',(0.,1.));
#17044 = ( GEOMETRIC_REPRESENTATION_CONTEXT(2) 
PARAMETRIC_REPRESENTATION_CONTEXT() REPRESENTATION_CONTEXT('2D SPACE',''
  ) );
#17045 = PCURVE('',#16960,#17046);
#17046 = DEFINITIONAL_REPRESENTATION('',(#17047),#17051);
#17047 = LINE('',#17048,#17049);
#17048 = CARTESIAN_POINT('',(0.,0.));
#17049 = VECTOR('',#17050,1.);
#17050 = DIRECTION('',(1.,0.));
#17051 = ( GEOMETRIC_REPRESENTATION_CONTEXT(2) 
PARAMETRIC_REPRESENTATION_CONTEXT() REPRESENTATION_CONTEXT('2D SPACE',''
  ) );
#17052 = ADVANCED_FACE('',(#17053),#16906,.T.);
#17053 = FACE_BOUND('',#17054,.T.);
#17054 = EDGE_LOOP('',(#17055,#17078,#17079,#17107));
#17055 = ORIENTED_EDGE('',*,*,#17056,.F.);
#17056 = EDGE_CURVE('',#16856,#17057,#17059,.T.);
#17057 = VERTEX_POINT('',#17058);
#17058 = CARTESIAN_POINT('',(-15.319,-7.9E-02,-2.64));
#17059 = SURFACE_CURVE('',#17060,(#17064,#17071),.PCURVE_S1.);
#17060 = LINE('',#17061,#17062);
#17061 = CARTESIAN_POINT('',(-15.52966666666,-0.289666666667,
    -2.429333333333));
#17062 = VECTOR('',#17063,1.);
#17063 = DIRECTION('',(0.57735026919,0.57735026919,-0.57735026919));
#17064 = PCURVE('',#16906,#17065);
#17065 = DEFINITIONAL_REPRESENTATION('',(#17066),#17070);
#17066 = LINE('',#17067,#17068);
#17067 = CARTESIAN_POINT('',(0.105333333333,-7.448191428498E-02));
#17068 = VECTOR('',#17069,1.);
#17069 = DIRECTION('',(0.57735026919,0.816496580928));
#17070 = ( GEOMETRIC_REPRESENTATION_CONTEXT(2) 
PARAMETRIC_REPRESENTATION_CONTEXT() REPRESENTATION_CONTEXT('2D SPACE',''
  ) );
#17071 = PCURVE('',#17019,#17072);
#17072 = DEFINITIONAL_REPRESENTATION('',(#17073),#17077);
#17073 = LINE('',#17074,#17075);
#17074 = CARTESIAN_POINT('',(-0.105333333333,-7.448191428498E-02));
#17075 = VECTOR('',#17076,1.);
#17076 = DIRECTION('',(-0.57735026919,0.816496580928));
#17077 = ( GEOMETRIC_REPRESENTATION_CONTEXT(2) 
PARAMETRIC_REPRESENTATION_CONTEXT() REPRESENTATION_CONTEXT('2D SPACE',''
  ) );
#17078 = ORIENTED_EDGE('',*,*,#16890,.T.);
#17079 = ORIENTED_EDGE('',*,*,#17080,.T.);
#17080 = EDGE_CURVE('',#16891,#17081,#17083,.T.);
#17081 = VERTEX_POINT('',#17082);
#17082 = CARTESIAN_POINT('',(-15.319,7.9E-02,-2.64));
#17083 = SURFACE_CURVE('',#17084,(#17088,#17095),.PCURVE_S1.);
#17084 = LINE('',#17085,#17086);
#17085 = CARTESIAN_POINT('',(-15.398,0.158,-2.561));
#17086 = VECTOR('',#17087,1.);
#17087 = DIRECTION('',(0.57735026919,-0.57735026919,-0.57735026919));
#17088 = PCURVE('',#16906,#17089);
#17089 = DEFINITIONAL_REPRESENTATION('',(#17090),#17094);
#17090 = LINE('',#17091,#17092);
#17091 = CARTESIAN_POINT('',(0.553,0.111722871427));
#17092 = VECTOR('',#17093,1.);
#17093 = DIRECTION('',(-0.57735026919,0.816496580928));
#17094 = ( GEOMETRIC_REPRESENTATION_CONTEXT(2) 
PARAMETRIC_REPRESENTATION_CONTEXT() REPRESENTATION_CONTEXT('2D SPACE',''
  ) );
#17095 = PCURVE('',#17096,#17101);
#17096 = PLANE('',#17097);
#17097 = AXIS2_PLACEMENT_3D('',#17098,#17099,#17100);
#17098 = CARTESIAN_POINT('',(-15.635,0.237,-2.482));
#17099 = DIRECTION('',(0.,-0.707106781187,0.707106781187));
#17100 = DIRECTION('',(-1.,-0.,-0.));
#17101 = DEFINITIONAL_REPRESENTATION('',(#17102),#17106);
#17102 = LINE('',#17103,#17104);
#17103 = CARTESIAN_POINT('',(-0.237,0.111722871427));
#17104 = VECTOR('',#17105,1.);
#17105 = DIRECTION('',(-0.57735026919,0.816496580928));
#17106 = ( GEOMETRIC_REPRESENTATION_CONTEXT(2) 
PARAMETRIC_REPRESENTATION_CONTEXT() REPRESENTATION_CONTEXT('2D SPACE',''
  ) );
#17107 = ORIENTED_EDGE('',*,*,#17108,.F.);
#17108 = EDGE_CURVE('',#17057,#17081,#17109,.T.);
#17109 = SURFACE_CURVE('',#17110,(#17114,#17121),.PCURVE_S1.);
#17110 = LINE('',#17111,#17112);
#17111 = CARTESIAN_POINT('',(-15.319,-0.395,-2.64));
#17112 = VECTOR('',#17113,1.);
#17113 = DIRECTION('',(0.,1.,0.));
#17114 = PCURVE('',#16906,#17115);
#17115 = DEFINITIONAL_REPRESENTATION('',(#17116),#17120);
#17116 = LINE('',#17117,#17118);
#17117 = CARTESIAN_POINT('',(0.,0.223445742855));
#17118 = VECTOR('',#17119,1.);
#17119 = DIRECTION('',(1.,0.));
#17120 = ( GEOMETRIC_REPRESENTATION_CONTEXT(2) 
PARAMETRIC_REPRESENTATION_CONTEXT() REPRESENTATION_CONTEXT('2D SPACE',''
  ) );
#17121 = PCURVE('',#17122,#17127);
#17122 = PLANE('',#17123);
#17123 = AXIS2_PLACEMENT_3D('',#17124,#17125,#17126);
#17124 = CARTESIAN_POINT('',(-15.635,-0.395,-2.64));
#17125 = DIRECTION('',(0.,0.,1.));
#17126 = DIRECTION('',(1.,0.,0.));
#17127 = DEFINITIONAL_REPRESENTATION('',(#17128),#17132);
#17128 = LINE('',#17129,#17130);
#17129 = CARTESIAN_POINT('',(0.316,0.));
#17130 = VECTOR('',#17131,1.);
#17131 = DIRECTION('',(0.,1.));
#17132 = ( GEOMETRIC_REPRESENTATION_CONTEXT(2) 
PARAMETRIC_REPRESENTATION_CONTEXT() REPRESENTATION_CONTEXT('2D SPACE',''
  ) );
#17133 = ADVANCED_FACE('',(#17134),#16960,.T.);
#17134 = FACE_BOUND('',#17135,.T.);
#17135 = EDGE_LOOP('',(#17136,#17137,#17138,#17161));
#17136 = ORIENTED_EDGE('',*,*,#16946,.F.);
#17137 = ORIENTED_EDGE('',*,*,#17032,.T.);
#17138 = ORIENTED_EDGE('',*,*,#17139,.T.);
#17139 = EDGE_CURVE('',#16978,#17140,#17142,.T.);
#17140 = VERTEX_POINT('',#17141);
#17141 = CARTESIAN_POINT('',(-14.845,0.395,1.702));
#17142 = SURFACE_CURVE('',#17143,(#17147,#17154),.PCURVE_S1.);
#17143 = LINE('',#17144,#17145);
#17144 = CARTESIAN_POINT('',(-14.845,-0.395,1.702));
#17145 = VECTOR('',#17146,1.);
#17146 = DIRECTION('',(0.,1.,0.));
#17147 = PCURVE('',#16960,#17148);
#17148 = DEFINITIONAL_REPRESENTATION('',(#17149),#17153);
#17149 = LINE('',#17150,#17151);
#17150 = CARTESIAN_POINT('',(0.79,0.));
#17151 = VECTOR('',#17152,1.);
#17152 = DIRECTION('',(0.,1.));
#17153 = ( GEOMETRIC_REPRESENTATION_CONTEXT(2) 
PARAMETRIC_REPRESENTATION_CONTEXT() REPRESENTATION_CONTEXT('2D SPACE',''
  ) );
#17154 = PCURVE('',#16993,#17155);
#17155 = DEFINITIONAL_REPRESENTATION('',(#17156),#17160);
#17156 = LINE('',#17157,#17158);
#17157 = CARTESIAN_POINT('',(4.342,0.));
#17158 = VECTOR('',#17159,1.);
#17159 = DIRECTION('',(0.,-1.));
#17160 = ( GEOMETRIC_REPRESENTATION_CONTEXT(2) 
PARAMETRIC_REPRESENTATION_CONTEXT() REPRESENTATION_CONTEXT('2D SPACE',''
  ) );
#17161 = ORIENTED_EDGE('',*,*,#17162,.F.);
#17162 = EDGE_CURVE('',#16919,#17140,#17163,.T.);
#17163 = SURFACE_CURVE('',#17164,(#17168,#17175),.PCURVE_S1.);
#17164 = LINE('',#17165,#17166);
#17165 = CARTESIAN_POINT('',(-15.635,0.395,1.702));
#17166 = VECTOR('',#17167,1.);
#17167 = DIRECTION('',(1.,0.,0.));
#17168 = PCURVE('',#16960,#17169);
#17169 = DEFINITIONAL_REPRESENTATION('',(#17170),#17174);
#17170 = LINE('',#17171,#17172);
#17171 = CARTESIAN_POINT('',(0.,0.79));
#17172 = VECTOR('',#17173,1.);
#17173 = DIRECTION('',(1.,0.));
#17174 = ( GEOMETRIC_REPRESENTATION_CONTEXT(2) 
PARAMETRIC_REPRESENTATION_CONTEXT() REPRESENTATION_CONTEXT('2D SPACE',''
  ) );
#17175 = PCURVE('',#16934,#17176);
#17176 = DEFINITIONAL_REPRESENTATION('',(#17177),#17181);
#17177 = LINE('',#17178,#17179);
#17178 = CARTESIAN_POINT('',(4.342,0.));
#17179 = VECTOR('',#17180,1.);
#17180 = DIRECTION('',(0.,1.));
#17181 = ( GEOMETRIC_REPRESENTATION_CONTEXT(2) 
PARAMETRIC_REPRESENTATION_CONTEXT() REPRESENTATION_CONTEXT('2D SPACE',''
  ) );
#17182 = ADVANCED_FACE('',(#17183),#16934,.T.);
#17183 = FACE_BOUND('',#17184,.T.);
#17184 = EDGE_LOOP('',(#17185,#17208,#17229,#17230));
#17185 = ORIENTED_EDGE('',*,*,#17186,.F.);
#17186 = EDGE_CURVE('',#17187,#17140,#17189,.T.);
#17187 = VERTEX_POINT('',#17188);
#17188 = CARTESIAN_POINT('',(-14.845,0.395,-2.324));
#17189 = SURFACE_CURVE('',#17190,(#17194,#17201),.PCURVE_S1.);
#17190 = LINE('',#17191,#17192);
#17191 = CARTESIAN_POINT('',(-14.845,0.395,-2.64));
#17192 = VECTOR('',#17193,1.);
#17193 = DIRECTION('',(0.,0.,1.));
#17194 = PCURVE('',#16934,#17195);
#17195 = DEFINITIONAL_REPRESENTATION('',(#17196),#17200);
#17196 = LINE('',#17197,#17198);
#17197 = CARTESIAN_POINT('',(0.,0.79));
#17198 = VECTOR('',#17199,1.);
#17199 = DIRECTION('',(1.,0.));
#17200 = ( GEOMETRIC_REPRESENTATION_CONTEXT(2) 
PARAMETRIC_REPRESENTATION_CONTEXT() REPRESENTATION_CONTEXT('2D SPACE',''
  ) );
#17201 = PCURVE('',#16993,#17202);
#17202 = DEFINITIONAL_REPRESENTATION('',(#17203),#17207);
#17203 = LINE('',#17204,#17205);
#17204 = CARTESIAN_POINT('',(0.,-0.79));
#17205 = VECTOR('',#17206,1.);
#17206 = DIRECTION('',(1.,0.));
#17207 = ( GEOMETRIC_REPRESENTATION_CONTEXT(2) 
PARAMETRIC_REPRESENTATION_CONTEXT() REPRESENTATION_CONTEXT('2D SPACE',''
  ) );
#17208 = ORIENTED_EDGE('',*,*,#17209,.F.);
#17209 = EDGE_CURVE('',#16891,#17187,#17210,.T.);
#17210 = SURFACE_CURVE('',#17211,(#17215,#17222),.PCURVE_S1.);
#17211 = LINE('',#17212,#17213);
#17212 = CARTESIAN_POINT('',(-15.635,0.395,-2.324));
#17213 = VECTOR('',#17214,1.);
#17214 = DIRECTION('',(1.,0.,0.));
#17215 = PCURVE('',#16934,#17216);
#17216 = DEFINITIONAL_REPRESENTATION('',(#17217),#17221);
#17217 = LINE('',#17218,#17219);
#17218 = CARTESIAN_POINT('',(0.316,0.));
#17219 = VECTOR('',#17220,1.);
#17220 = DIRECTION('',(0.,1.));
#17221 = ( GEOMETRIC_REPRESENTATION_CONTEXT(2) 
PARAMETRIC_REPRESENTATION_CONTEXT() REPRESENTATION_CONTEXT('2D SPACE',''
  ) );
#17222 = PCURVE('',#17096,#17223);
#17223 = DEFINITIONAL_REPRESENTATION('',(#17224),#17228);
#17224 = LINE('',#17225,#17226);
#17225 = CARTESIAN_POINT('',(-0.,-0.223445742855));
#17226 = VECTOR('',#17227,1.);
#17227 = DIRECTION('',(-1.,0.));
#17228 = ( GEOMETRIC_REPRESENTATION_CONTEXT(2) 
PARAMETRIC_REPRESENTATION_CONTEXT() REPRESENTATION_CONTEXT('2D SPACE',''
  ) );
#17229 = ORIENTED_EDGE('',*,*,#16918,.T.);
#17230 = ORIENTED_EDGE('',*,*,#17162,.T.);
#17231 = ADVANCED_FACE('',(#17232),#16993,.T.);
#17232 = FACE_BOUND('',#17233,.T.);
#17233 = EDGE_LOOP('',(#17234,#17235,#17261,#17262));
#17234 = ORIENTED_EDGE('',*,*,#16975,.F.);
#17235 = ORIENTED_EDGE('',*,*,#17236,.T.);
#17236 = EDGE_CURVE('',#16976,#17187,#17237,.T.);
#17237 = SURFACE_CURVE('',#17238,(#17242,#17249),.PCURVE_S1.);
#17238 = LINE('',#17239,#17240);
#17239 = CARTESIAN_POINT('',(-14.845,-0.395,-2.324));
#17240 = VECTOR('',#17241,1.);
#17241 = DIRECTION('',(0.,1.,0.));
#17242 = PCURVE('',#16993,#17243);
#17243 = DEFINITIONAL_REPRESENTATION('',(#17244),#17248);
#17244 = LINE('',#17245,#17246);
#17245 = CARTESIAN_POINT('',(0.316,0.));
#17246 = VECTOR('',#17247,1.);
#17247 = DIRECTION('',(0.,-1.));
#17248 = ( GEOMETRIC_REPRESENTATION_CONTEXT(2) 
PARAMETRIC_REPRESENTATION_CONTEXT() REPRESENTATION_CONTEXT('2D SPACE',''
  ) );
#17249 = PCURVE('',#17250,#17255);
#17250 = PLANE('',#17251);
#17251 = AXIS2_PLACEMENT_3D('',#17252,#17253,#17254);
#17252 = CARTESIAN_POINT('',(-15.003,-0.395,-2.482));
#17253 = DIRECTION('',(-0.707106781187,0.,0.707106781187));
#17254 = DIRECTION('',(0.,1.,0.));
#17255 = DEFINITIONAL_REPRESENTATION('',(#17256),#17260);
#17256 = LINE('',#17257,#17258);
#17257 = CARTESIAN_POINT('',(0.,-0.223445742855));
#17258 = VECTOR('',#17259,1.);
#17259 = DIRECTION('',(1.,0.));
#17260 = ( GEOMETRIC_REPRESENTATION_CONTEXT(2) 
PARAMETRIC_REPRESENTATION_CONTEXT() REPRESENTATION_CONTEXT('2D SPACE',''
  ) );
#17261 = ORIENTED_EDGE('',*,*,#17186,.T.);
#17262 = ORIENTED_EDGE('',*,*,#17139,.F.);
#17263 = ADVANCED_FACE('',(#17264),#17019,.T.);
#17264 = FACE_BOUND('',#17265,.F.);
#17265 = EDGE_LOOP('',(#17266,#17267,#17268,#17291));
#17266 = ORIENTED_EDGE('',*,*,#17056,.F.);
#17267 = ORIENTED_EDGE('',*,*,#17005,.T.);
#17268 = ORIENTED_EDGE('',*,*,#17269,.T.);
#17269 = EDGE_CURVE('',#16976,#17270,#17272,.T.);
#17270 = VERTEX_POINT('',#17271);
#17271 = CARTESIAN_POINT('',(-15.161,-7.9E-02,-2.64));
#17272 = SURFACE_CURVE('',#17273,(#17277,#17284),.PCURVE_S1.);
#17273 = LINE('',#17274,#17275);
#17274 = CARTESIAN_POINT('',(-15.082,-0.158,-2.561));
#17275 = VECTOR('',#17276,1.);
#17276 = DIRECTION('',(-0.57735026919,0.57735026919,-0.57735026919));
#17277 = PCURVE('',#17019,#17278);
#17278 = DEFINITIONAL_REPRESENTATION('',(#17279),#17283);
#17279 = LINE('',#17280,#17281);
#17280 = CARTESIAN_POINT('',(-0.553,0.111722871427));
#17281 = VECTOR('',#17282,1.);
#17282 = DIRECTION('',(0.57735026919,0.816496580928));
#17283 = ( GEOMETRIC_REPRESENTATION_CONTEXT(2) 
PARAMETRIC_REPRESENTATION_CONTEXT() REPRESENTATION_CONTEXT('2D SPACE',''
  ) );
#17284 = PCURVE('',#17250,#17285);
#17285 = DEFINITIONAL_REPRESENTATION('',(#17286),#17290);
#17286 = LINE('',#17287,#17288);
#17287 = CARTESIAN_POINT('',(0.237,0.111722871427));
#17288 = VECTOR('',#17289,1.);
#17289 = DIRECTION('',(0.57735026919,0.816496580928));
#17290 = ( GEOMETRIC_REPRESENTATION_CONTEXT(2) 
PARAMETRIC_REPRESENTATION_CONTEXT() REPRESENTATION_CONTEXT('2D SPACE',''
  ) );
#17291 = ORIENTED_EDGE('',*,*,#17292,.F.);
#17292 = EDGE_CURVE('',#17057,#17270,#17293,.T.);
#17293 = SURFACE_CURVE('',#17294,(#17298,#17305),.PCURVE_S1.);
#17294 = LINE('',#17295,#17296);
#17295 = CARTESIAN_POINT('',(-15.635,-7.9E-02,-2.64));
#17296 = VECTOR('',#17297,1.);
#17297 = DIRECTION('',(1.,0.,0.));
#17298 = PCURVE('',#17019,#17299);
#17299 = DEFINITIONAL_REPRESENTATION('',(#17300),#17304);
#17300 = LINE('',#17301,#17302);
#17301 = CARTESIAN_POINT('',(-0.,0.223445742855));
#17302 = VECTOR('',#17303,1.);
#17303 = DIRECTION('',(-1.,0.));
#17304 = ( GEOMETRIC_REPRESENTATION_CONTEXT(2) 
PARAMETRIC_REPRESENTATION_CONTEXT() REPRESENTATION_CONTEXT('2D SPACE',''
  ) );
#17305 = PCURVE('',#17122,#17306);
#17306 = DEFINITIONAL_REPRESENTATION('',(#17307),#17311);
#17307 = LINE('',#17308,#17309);
#17308 = CARTESIAN_POINT('',(0.,0.316));
#17309 = VECTOR('',#17310,1.);
#17310 = DIRECTION('',(1.,0.));
#17311 = ( GEOMETRIC_REPRESENTATION_CONTEXT(2) 
PARAMETRIC_REPRESENTATION_CONTEXT() REPRESENTATION_CONTEXT('2D SPACE',''
  ) );
#17312 = ADVANCED_FACE('',(#17313),#17122,.F.);
#17313 = FACE_BOUND('',#17314,.F.);
#17314 = EDGE_LOOP('',(#17315,#17316,#17339,#17360));
#17315 = ORIENTED_EDGE('',*,*,#17292,.T.);
#17316 = ORIENTED_EDGE('',*,*,#17317,.T.);
#17317 = EDGE_CURVE('',#17270,#17318,#17320,.T.);
#17318 = VERTEX_POINT('',#17319);
#17319 = CARTESIAN_POINT('',(-15.161,7.9E-02,-2.64));
#17320 = SURFACE_CURVE('',#17321,(#17325,#17332),.PCURVE_S1.);
#17321 = LINE('',#17322,#17323);
#17322 = CARTESIAN_POINT('',(-15.161,-0.395,-2.64));
#17323 = VECTOR('',#17324,1.);
#17324 = DIRECTION('',(0.,1.,0.));
#17325 = PCURVE('',#17122,#17326);
#17326 = DEFINITIONAL_REPRESENTATION('',(#17327),#17331);
#17327 = LINE('',#17328,#17329);
#17328 = CARTESIAN_POINT('',(0.474,0.));
#17329 = VECTOR('',#17330,1.);
#17330 = DIRECTION('',(0.,1.));
#17331 = ( GEOMETRIC_REPRESENTATION_CONTEXT(2) 
PARAMETRIC_REPRESENTATION_CONTEXT() REPRESENTATION_CONTEXT('2D SPACE',''
  ) );
#17332 = PCURVE('',#17250,#17333);
#17333 = DEFINITIONAL_REPRESENTATION('',(#17334),#17338);
#17334 = LINE('',#17335,#17336);
#17335 = CARTESIAN_POINT('',(0.,0.223445742855));
#17336 = VECTOR('',#17337,1.);
#17337 = DIRECTION('',(1.,0.));
#17338 = ( GEOMETRIC_REPRESENTATION_CONTEXT(2) 
PARAMETRIC_REPRESENTATION_CONTEXT() REPRESENTATION_CONTEXT('2D SPACE',''
  ) );
#17339 = ORIENTED_EDGE('',*,*,#17340,.F.);
#17340 = EDGE_CURVE('',#17081,#17318,#17341,.T.);
#17341 = SURFACE_CURVE('',#17342,(#17346,#17353),.PCURVE_S1.);
#17342 = LINE('',#17343,#17344);
#17343 = CARTESIAN_POINT('',(-15.635,7.9E-02,-2.64));
#17344 = VECTOR('',#17345,1.);
#17345 = DIRECTION('',(1.,0.,0.));
#17346 = PCURVE('',#17122,#17347);
#17347 = DEFINITIONAL_REPRESENTATION('',(#17348),#17352);
#17348 = LINE('',#17349,#17350);
#17349 = CARTESIAN_POINT('',(0.,0.474));
#17350 = VECTOR('',#17351,1.);
#17351 = DIRECTION('',(1.,0.));
#17352 = ( GEOMETRIC_REPRESENTATION_CONTEXT(2) 
PARAMETRIC_REPRESENTATION_CONTEXT() REPRESENTATION_CONTEXT('2D SPACE',''
  ) );
#17353 = PCURVE('',#17096,#17354);
#17354 = DEFINITIONAL_REPRESENTATION('',(#17355),#17359);
#17355 = LINE('',#17356,#17357);
#17356 = CARTESIAN_POINT('',(-0.,0.223445742855));
#17357 = VECTOR('',#17358,1.);
#17358 = DIRECTION('',(-1.,0.));
#17359 = ( GEOMETRIC_REPRESENTATION_CONTEXT(2) 
PARAMETRIC_REPRESENTATION_CONTEXT() REPRESENTATION_CONTEXT('2D SPACE',''
  ) );
#17360 = ORIENTED_EDGE('',*,*,#17108,.F.);
#17361 = ADVANCED_FACE('',(#17362),#17096,.F.);
#17362 = FACE_BOUND('',#17363,.T.);
#17363 = EDGE_LOOP('',(#17364,#17365,#17366,#17387));
#17364 = ORIENTED_EDGE('',*,*,#17080,.F.);
#17365 = ORIENTED_EDGE('',*,*,#17209,.T.);
#17366 = ORIENTED_EDGE('',*,*,#17367,.T.);
#17367 = EDGE_CURVE('',#17187,#17318,#17368,.T.);
#17368 = SURFACE_CURVE('',#17369,(#17373,#17380),.PCURVE_S1.);
#17369 = LINE('',#17370,#17371);
#17370 = CARTESIAN_POINT('',(-15.21366666666,2.633333333333E-02,
    -2.692666666667));
#17371 = VECTOR('',#17372,1.);
#17372 = DIRECTION('',(-0.57735026919,-0.57735026919,-0.57735026919));
#17373 = PCURVE('',#17096,#17374);
#17374 = DEFINITIONAL_REPRESENTATION('',(#17375),#17379);
#17375 = LINE('',#17376,#17377);
#17376 = CARTESIAN_POINT('',(-0.421333333333,0.29792765714));
#17377 = VECTOR('',#17378,1.);
#17378 = DIRECTION('',(0.57735026919,0.816496580928));
#17379 = ( GEOMETRIC_REPRESENTATION_CONTEXT(2) 
PARAMETRIC_REPRESENTATION_CONTEXT() REPRESENTATION_CONTEXT('2D SPACE',''
  ) );
#17380 = PCURVE('',#17250,#17381);
#17381 = DEFINITIONAL_REPRESENTATION('',(#17382),#17386);
#17382 = LINE('',#17383,#17384);
#17383 = CARTESIAN_POINT('',(0.421333333333,0.29792765714));
#17384 = VECTOR('',#17385,1.);
#17385 = DIRECTION('',(-0.57735026919,0.816496580928));
#17386 = ( GEOMETRIC_REPRESENTATION_CONTEXT(2) 
PARAMETRIC_REPRESENTATION_CONTEXT() REPRESENTATION_CONTEXT('2D SPACE',''
  ) );
#17387 = ORIENTED_EDGE('',*,*,#17340,.F.);
#17388 = ADVANCED_FACE('',(#17389),#17250,.F.);
#17389 = FACE_BOUND('',#17390,.F.);
#17390 = EDGE_LOOP('',(#17391,#17392,#17393,#17394));
#17391 = ORIENTED_EDGE('',*,*,#17269,.F.);
#17392 = ORIENTED_EDGE('',*,*,#17236,.T.);
#17393 = ORIENTED_EDGE('',*,*,#17367,.T.);
#17394 = ORIENTED_EDGE('',*,*,#17317,.F.);
#17395 = MANIFOLD_SOLID_BREP('',#17396);
#17396 = CLOSED_SHELL('',(#17397,#17517,#17598,#17679,#17728,#17777,
    #17809,#17858,#17907,#17934));
#17397 = ADVANCED_FACE('',(#17398),#17412,.F.);
#17398 = FACE_BOUND('',#17399,.F.);
#17399 = EDGE_LOOP('',(#17400,#17435,#17463,#17491));
#17400 = ORIENTED_EDGE('',*,*,#17401,.F.);
#17401 = EDGE_CURVE('',#17402,#17404,#17406,.T.);
#17402 = VERTEX_POINT('',#17403);
#17403 = CARTESIAN_POINT('',(-15.635,2.145,-2.324));
#17404 = VERTEX_POINT('',#17405);
#17405 = CARTESIAN_POINT('',(-15.635,2.145,1.702));
#17406 = SURFACE_CURVE('',#17407,(#17411,#17423),.PCURVE_S1.);
#17407 = LINE('',#17408,#17409);
#17408 = CARTESIAN_POINT('',(-15.635,2.145,-2.64));
#17409 = VECTOR('',#17410,1.);
#17410 = DIRECTION('',(0.,0.,1.));
#17411 = PCURVE('',#17412,#17417);
#17412 = PLANE('',#17413);
#17413 = AXIS2_PLACEMENT_3D('',#17414,#17415,#17416);
#17414 = CARTESIAN_POINT('',(-15.635,2.145,-2.64));
#17415 = DIRECTION('',(1.,0.,0.));
#17416 = DIRECTION('',(0.,0.,1.));
#17417 = DEFINITIONAL_REPRESENTATION('',(#17418),#17422);
#17418 = LINE('',#17419,#17420);
#17419 = CARTESIAN_POINT('',(0.,0.));
#17420 = VECTOR('',#17421,1.);
#17421 = DIRECTION('',(1.,0.));
#17422 = ( GEOMETRIC_REPRESENTATION_CONTEXT(2) 
PARAMETRIC_REPRESENTATION_CONTEXT() REPRESENTATION_CONTEXT('2D SPACE',''
  ) );
#17423 = PCURVE('',#17424,#17429);
#17424 = PLANE('',#17425);
#17425 = AXIS2_PLACEMENT_3D('',#17426,#17427,#17428);
#17426 = CARTESIAN_POINT('',(-15.635,2.145,-2.64));
#17427 = DIRECTION('',(0.,1.,0.));
#17428 = DIRECTION('',(0.,0.,1.));
#17429 = DEFINITIONAL_REPRESENTATION('',(#17430),#17434);
#17430 = LINE('',#17431,#17432);
#17431 = CARTESIAN_POINT('',(0.,0.));
#17432 = VECTOR('',#17433,1.);
#17433 = DIRECTION('',(1.,0.));
#17434 = ( GEOMETRIC_REPRESENTATION_CONTEXT(2) 
PARAMETRIC_REPRESENTATION_CONTEXT() REPRESENTATION_CONTEXT('2D SPACE',''
  ) );
#17435 = ORIENTED_EDGE('',*,*,#17436,.T.);
#17436 = EDGE_CURVE('',#17402,#17437,#17439,.T.);
#17437 = VERTEX_POINT('',#17438);
#17438 = CARTESIAN_POINT('',(-15.635,2.935,-2.324));
#17439 = SURFACE_CURVE('',#17440,(#17444,#17451),.PCURVE_S1.);
#17440 = LINE('',#17441,#17442);
#17441 = CARTESIAN_POINT('',(-15.635,2.145,-2.324));
#17442 = VECTOR('',#17443,1.);
#17443 = DIRECTION('',(0.,1.,0.));
#17444 = PCURVE('',#17412,#17445);
#17445 = DEFINITIONAL_REPRESENTATION('',(#17446),#17450);
#17446 = LINE('',#17447,#17448);
#17447 = CARTESIAN_POINT('',(0.316,0.));
#17448 = VECTOR('',#17449,1.);
#17449 = DIRECTION('',(0.,-1.));
#17450 = ( GEOMETRIC_REPRESENTATION_CONTEXT(2) 
PARAMETRIC_REPRESENTATION_CONTEXT() REPRESENTATION_CONTEXT('2D SPACE',''
  ) );
#17451 = PCURVE('',#17452,#17457);
#17452 = PLANE('',#17453);
#17453 = AXIS2_PLACEMENT_3D('',#17454,#17455,#17456);
#17454 = CARTESIAN_POINT('',(-15.477,2.145,-2.482));
#17455 = DIRECTION('',(-0.707106781187,0.,-0.707106781187));
#17456 = DIRECTION('',(0.,1.,0.));
#17457 = DEFINITIONAL_REPRESENTATION('',(#17458),#17462);
#17458 = LINE('',#17459,#17460);
#17459 = CARTESIAN_POINT('',(0.,-0.223445742855));
#17460 = VECTOR('',#17461,1.);
#17461 = DIRECTION('',(1.,0.));
#17462 = ( GEOMETRIC_REPRESENTATION_CONTEXT(2) 
PARAMETRIC_REPRESENTATION_CONTEXT() REPRESENTATION_CONTEXT('2D SPACE',''
  ) );
#17463 = ORIENTED_EDGE('',*,*,#17464,.T.);
#17464 = EDGE_CURVE('',#17437,#17465,#17467,.T.);
#17465 = VERTEX_POINT('',#17466);
#17466 = CARTESIAN_POINT('',(-15.635,2.935,1.702));
#17467 = SURFACE_CURVE('',#17468,(#17472,#17479),.PCURVE_S1.);
#17468 = LINE('',#17469,#17470);
#17469 = CARTESIAN_POINT('',(-15.635,2.935,-2.64));
#17470 = VECTOR('',#17471,1.);
#17471 = DIRECTION('',(0.,0.,1.));
#17472 = PCURVE('',#17412,#17473);
#17473 = DEFINITIONAL_REPRESENTATION('',(#17474),#17478);
#17474 = LINE('',#17475,#17476);
#17475 = CARTESIAN_POINT('',(0.,-0.79));
#17476 = VECTOR('',#17477,1.);
#17477 = DIRECTION('',(1.,0.));
#17478 = ( GEOMETRIC_REPRESENTATION_CONTEXT(2) 
PARAMETRIC_REPRESENTATION_CONTEXT() REPRESENTATION_CONTEXT('2D SPACE',''
  ) );
#17479 = PCURVE('',#17480,#17485);
#17480 = PLANE('',#17481);
#17481 = AXIS2_PLACEMENT_3D('',#17482,#17483,#17484);
#17482 = CARTESIAN_POINT('',(-15.635,2.935,-2.64));
#17483 = DIRECTION('',(0.,1.,0.));
#17484 = DIRECTION('',(0.,0.,1.));
#17485 = DEFINITIONAL_REPRESENTATION('',(#17486),#17490);
#17486 = LINE('',#17487,#17488);
#17487 = CARTESIAN_POINT('',(0.,0.));
#17488 = VECTOR('',#17489,1.);
#17489 = DIRECTION('',(1.,0.));
#17490 = ( GEOMETRIC_REPRESENTATION_CONTEXT(2) 
PARAMETRIC_REPRESENTATION_CONTEXT() REPRESENTATION_CONTEXT('2D SPACE',''
  ) );
#17491 = ORIENTED_EDGE('',*,*,#17492,.F.);
#17492 = EDGE_CURVE('',#17404,#17465,#17493,.T.);
#17493 = SURFACE_CURVE('',#17494,(#17498,#17505),.PCURVE_S1.);
#17494 = LINE('',#17495,#17496);
#17495 = CARTESIAN_POINT('',(-15.635,2.145,1.702));
#17496 = VECTOR('',#17497,1.);
#17497 = DIRECTION('',(0.,1.,0.));
#17498 = PCURVE('',#17412,#17499);
#17499 = DEFINITIONAL_REPRESENTATION('',(#17500),#17504);
#17500 = LINE('',#17501,#17502);
#17501 = CARTESIAN_POINT('',(4.342,0.));
#17502 = VECTOR('',#17503,1.);
#17503 = DIRECTION('',(0.,-1.));
#17504 = ( GEOMETRIC_REPRESENTATION_CONTEXT(2) 
PARAMETRIC_REPRESENTATION_CONTEXT() REPRESENTATION_CONTEXT('2D SPACE',''
  ) );
#17505 = PCURVE('',#17506,#17511);
#17506 = PLANE('',#17507);
#17507 = AXIS2_PLACEMENT_3D('',#17508,#17509,#17510);
#17508 = CARTESIAN_POINT('',(-15.635,2.145,1.702));
#17509 = DIRECTION('',(0.,0.,1.));
#17510 = DIRECTION('',(1.,0.,0.));
#17511 = DEFINITIONAL_REPRESENTATION('',(#17512),#17516);
#17512 = LINE('',#17513,#17514);
#17513 = CARTESIAN_POINT('',(0.,0.));
#17514 = VECTOR('',#17515,1.);
#17515 = DIRECTION('',(0.,1.));
#17516 = ( GEOMETRIC_REPRESENTATION_CONTEXT(2) 
PARAMETRIC_REPRESENTATION_CONTEXT() REPRESENTATION_CONTEXT('2D SPACE',''
  ) );
#17517 = ADVANCED_FACE('',(#17518),#17424,.F.);
#17518 = FACE_BOUND('',#17519,.F.);
#17519 = EDGE_LOOP('',(#17520,#17550,#17576,#17577));
#17520 = ORIENTED_EDGE('',*,*,#17521,.F.);
#17521 = EDGE_CURVE('',#17522,#17524,#17526,.T.);
#17522 = VERTEX_POINT('',#17523);
#17523 = CARTESIAN_POINT('',(-14.845,2.145,-2.324));
#17524 = VERTEX_POINT('',#17525);
#17525 = CARTESIAN_POINT('',(-14.845,2.145,1.702));
#17526 = SURFACE_CURVE('',#17527,(#17531,#17538),.PCURVE_S1.);
#17527 = LINE('',#17528,#17529);
#17528 = CARTESIAN_POINT('',(-14.845,2.145,-2.64));
#17529 = VECTOR('',#17530,1.);
#17530 = DIRECTION('',(0.,0.,1.));
#17531 = PCURVE('',#17424,#17532);
#17532 = DEFINITIONAL_REPRESENTATION('',(#17533),#17537);
#17533 = LINE('',#17534,#17535);
#17534 = CARTESIAN_POINT('',(0.,0.79));
#17535 = VECTOR('',#17536,1.);
#17536 = DIRECTION('',(1.,0.));
#17537 = ( GEOMETRIC_REPRESENTATION_CONTEXT(2) 
PARAMETRIC_REPRESENTATION_CONTEXT() REPRESENTATION_CONTEXT('2D SPACE',''
  ) );
#17538 = PCURVE('',#17539,#17544);
#17539 = PLANE('',#17540);
#17540 = AXIS2_PLACEMENT_3D('',#17541,#17542,#17543);
#17541 = CARTESIAN_POINT('',(-14.845,2.145,-2.64));
#17542 = DIRECTION('',(1.,0.,0.));
#17543 = DIRECTION('',(0.,0.,1.));
#17544 = DEFINITIONAL_REPRESENTATION('',(#17545),#17549);
#17545 = LINE('',#17546,#17547);
#17546 = CARTESIAN_POINT('',(0.,0.));
#17547 = VECTOR('',#17548,1.);
#17548 = DIRECTION('',(1.,0.));
#17549 = ( GEOMETRIC_REPRESENTATION_CONTEXT(2) 
PARAMETRIC_REPRESENTATION_CONTEXT() REPRESENTATION_CONTEXT('2D SPACE',''
  ) );
#17550 = ORIENTED_EDGE('',*,*,#17551,.F.);
#17551 = EDGE_CURVE('',#17402,#17522,#17552,.T.);
#17552 = SURFACE_CURVE('',#17553,(#17557,#17564),.PCURVE_S1.);
#17553 = LINE('',#17554,#17555);
#17554 = CARTESIAN_POINT('',(-15.635,2.145,-2.324));
#17555 = VECTOR('',#17556,1.);
#17556 = DIRECTION('',(1.,0.,0.));
#17557 = PCURVE('',#17424,#17558);
#17558 = DEFINITIONAL_REPRESENTATION('',(#17559),#17563);
#17559 = LINE('',#17560,#17561);
#17560 = CARTESIAN_POINT('',(0.316,0.));
#17561 = VECTOR('',#17562,1.);
#17562 = DIRECTION('',(0.,1.));
#17563 = ( GEOMETRIC_REPRESENTATION_CONTEXT(2) 
PARAMETRIC_REPRESENTATION_CONTEXT() REPRESENTATION_CONTEXT('2D SPACE',''
  ) );
#17564 = PCURVE('',#17565,#17570);
#17565 = PLANE('',#17566);
#17566 = AXIS2_PLACEMENT_3D('',#17567,#17568,#17569);
#17567 = CARTESIAN_POINT('',(-15.635,2.303,-2.482));
#17568 = DIRECTION('',(0.,-0.707106781187,-0.707106781187));
#17569 = DIRECTION('',(-1.,-0.,-0.));
#17570 = DEFINITIONAL_REPRESENTATION('',(#17571),#17575);
#17571 = LINE('',#17572,#17573);
#17572 = CARTESIAN_POINT('',(-0.,-0.223445742855));
#17573 = VECTOR('',#17574,1.);
#17574 = DIRECTION('',(-1.,0.));
#17575 = ( GEOMETRIC_REPRESENTATION_CONTEXT(2) 
PARAMETRIC_REPRESENTATION_CONTEXT() REPRESENTATION_CONTEXT('2D SPACE',''
  ) );
#17576 = ORIENTED_EDGE('',*,*,#17401,.T.);
#17577 = ORIENTED_EDGE('',*,*,#17578,.T.);
#17578 = EDGE_CURVE('',#17404,#17524,#17579,.T.);
#17579 = SURFACE_CURVE('',#17580,(#17584,#17591),.PCURVE_S1.);
#17580 = LINE('',#17581,#17582);
#17581 = CARTESIAN_POINT('',(-15.635,2.145,1.702));
#17582 = VECTOR('',#17583,1.);
#17583 = DIRECTION('',(1.,0.,0.));
#17584 = PCURVE('',#17424,#17585);
#17585 = DEFINITIONAL_REPRESENTATION('',(#17586),#17590);
#17586 = LINE('',#17587,#17588);
#17587 = CARTESIAN_POINT('',(4.342,0.));
#17588 = VECTOR('',#17589,1.);
#17589 = DIRECTION('',(0.,1.));
#17590 = ( GEOMETRIC_REPRESENTATION_CONTEXT(2) 
PARAMETRIC_REPRESENTATION_CONTEXT() REPRESENTATION_CONTEXT('2D SPACE',''
  ) );
#17591 = PCURVE('',#17506,#17592);
#17592 = DEFINITIONAL_REPRESENTATION('',(#17593),#17597);
#17593 = LINE('',#17594,#17595);
#17594 = CARTESIAN_POINT('',(0.,0.));
#17595 = VECTOR('',#17596,1.);
#17596 = DIRECTION('',(1.,0.));
#17597 = ( GEOMETRIC_REPRESENTATION_CONTEXT(2) 
PARAMETRIC_REPRESENTATION_CONTEXT() REPRESENTATION_CONTEXT('2D SPACE',''
  ) );
#17598 = ADVANCED_FACE('',(#17599),#17452,.T.);
#17599 = FACE_BOUND('',#17600,.T.);
#17600 = EDGE_LOOP('',(#17601,#17624,#17625,#17653));
#17601 = ORIENTED_EDGE('',*,*,#17602,.F.);
#17602 = EDGE_CURVE('',#17402,#17603,#17605,.T.);
#17603 = VERTEX_POINT('',#17604);
#17604 = CARTESIAN_POINT('',(-15.319,2.461,-2.64));
#17605 = SURFACE_CURVE('',#17606,(#17610,#17617),.PCURVE_S1.);
#17606 = LINE('',#17607,#17608);
#17607 = CARTESIAN_POINT('',(-15.52966666666,2.250333333333,
    -2.429333333333));
#17608 = VECTOR('',#17609,1.);
#17609 = DIRECTION('',(0.57735026919,0.57735026919,-0.57735026919));
#17610 = PCURVE('',#17452,#17611);
#17611 = DEFINITIONAL_REPRESENTATION('',(#17612),#17616);
#17612 = LINE('',#17613,#17614);
#17613 = CARTESIAN_POINT('',(0.105333333333,-7.448191428498E-02));
#17614 = VECTOR('',#17615,1.);
#17615 = DIRECTION('',(0.57735026919,0.816496580928));
#17616 = ( GEOMETRIC_REPRESENTATION_CONTEXT(2) 
PARAMETRIC_REPRESENTATION_CONTEXT() REPRESENTATION_CONTEXT('2D SPACE',''
  ) );
#17617 = PCURVE('',#17565,#17618);
#17618 = DEFINITIONAL_REPRESENTATION('',(#17619),#17623);
#17619 = LINE('',#17620,#17621);
#17620 = CARTESIAN_POINT('',(-0.105333333333,-7.448191428498E-02));
#17621 = VECTOR('',#17622,1.);
#17622 = DIRECTION('',(-0.57735026919,0.816496580928));
#17623 = ( GEOMETRIC_REPRESENTATION_CONTEXT(2) 
PARAMETRIC_REPRESENTATION_CONTEXT() REPRESENTATION_CONTEXT('2D SPACE',''
  ) );
#17624 = ORIENTED_EDGE('',*,*,#17436,.T.);
#17625 = ORIENTED_EDGE('',*,*,#17626,.T.);
#17626 = EDGE_CURVE('',#17437,#17627,#17629,.T.);
#17627 = VERTEX_POINT('',#17628);
#17628 = CARTESIAN_POINT('',(-15.319,2.619,-2.64));
#17629 = SURFACE_CURVE('',#17630,(#17634,#17641),.PCURVE_S1.);
#17630 = LINE('',#17631,#17632);
#17631 = CARTESIAN_POINT('',(-15.398,2.698,-2.561));
#17632 = VECTOR('',#17633,1.);
#17633 = DIRECTION('',(0.57735026919,-0.57735026919,-0.57735026919));
#17634 = PCURVE('',#17452,#17635);
#17635 = DEFINITIONAL_REPRESENTATION('',(#17636),#17640);
#17636 = LINE('',#17637,#17638);
#17637 = CARTESIAN_POINT('',(0.553,0.111722871427));
#17638 = VECTOR('',#17639,1.);
#17639 = DIRECTION('',(-0.57735026919,0.816496580928));
#17640 = ( GEOMETRIC_REPRESENTATION_CONTEXT(2) 
PARAMETRIC_REPRESENTATION_CONTEXT() REPRESENTATION_CONTEXT('2D SPACE',''
  ) );
#17641 = PCURVE('',#17642,#17647);
#17642 = PLANE('',#17643);
#17643 = AXIS2_PLACEMENT_3D('',#17644,#17645,#17646);
#17644 = CARTESIAN_POINT('',(-15.635,2.777,-2.482));
#17645 = DIRECTION('',(0.,-0.707106781187,0.707106781187));
#17646 = DIRECTION('',(-1.,-0.,-0.));
#17647 = DEFINITIONAL_REPRESENTATION('',(#17648),#17652);
#17648 = LINE('',#17649,#17650);
#17649 = CARTESIAN_POINT('',(-0.237,0.111722871427));
#17650 = VECTOR('',#17651,1.);
#17651 = DIRECTION('',(-0.57735026919,0.816496580928));
#17652 = ( GEOMETRIC_REPRESENTATION_CONTEXT(2) 
PARAMETRIC_REPRESENTATION_CONTEXT() REPRESENTATION_CONTEXT('2D SPACE',''
  ) );
#17653 = ORIENTED_EDGE('',*,*,#17654,.F.);
#17654 = EDGE_CURVE('',#17603,#17627,#17655,.T.);
#17655 = SURFACE_CURVE('',#17656,(#17660,#17667),.PCURVE_S1.);
#17656 = LINE('',#17657,#17658);
#17657 = CARTESIAN_POINT('',(-15.319,2.145,-2.64));
#17658 = VECTOR('',#17659,1.);
#17659 = DIRECTION('',(0.,1.,0.));
#17660 = PCURVE('',#17452,#17661);
#17661 = DEFINITIONAL_REPRESENTATION('',(#17662),#17666);
#17662 = LINE('',#17663,#17664);
#17663 = CARTESIAN_POINT('',(0.,0.223445742855));
#17664 = VECTOR('',#17665,1.);
#17665 = DIRECTION('',(1.,0.));
#17666 = ( GEOMETRIC_REPRESENTATION_CONTEXT(2) 
PARAMETRIC_REPRESENTATION_CONTEXT() REPRESENTATION_CONTEXT('2D SPACE',''
  ) );
#17667 = PCURVE('',#17668,#17673);
#17668 = PLANE('',#17669);
#17669 = AXIS2_PLACEMENT_3D('',#17670,#17671,#17672);
#17670 = CARTESIAN_POINT('',(-15.635,2.145,-2.64));
#17671 = DIRECTION('',(0.,0.,1.));
#17672 = DIRECTION('',(1.,0.,0.));
#17673 = DEFINITIONAL_REPRESENTATION('',(#17674),#17678);
#17674 = LINE('',#17675,#17676);
#17675 = CARTESIAN_POINT('',(0.316,0.));
#17676 = VECTOR('',#17677,1.);
#17677 = DIRECTION('',(0.,1.));
#17678 = ( GEOMETRIC_REPRESENTATION_CONTEXT(2) 
PARAMETRIC_REPRESENTATION_CONTEXT() REPRESENTATION_CONTEXT('2D SPACE',''
  ) );
#17679 = ADVANCED_FACE('',(#17680),#17506,.T.);
#17680 = FACE_BOUND('',#17681,.T.);
#17681 = EDGE_LOOP('',(#17682,#17683,#17684,#17707));
#17682 = ORIENTED_EDGE('',*,*,#17492,.F.);
#17683 = ORIENTED_EDGE('',*,*,#17578,.T.);
#17684 = ORIENTED_EDGE('',*,*,#17685,.T.);
#17685 = EDGE_CURVE('',#17524,#17686,#17688,.T.);
#17686 = VERTEX_POINT('',#17687);
#17687 = CARTESIAN_POINT('',(-14.845,2.935,1.702));
#17688 = SURFACE_CURVE('',#17689,(#17693,#17700),.PCURVE_S1.);
#17689 = LINE('',#17690,#17691);
#17690 = CARTESIAN_POINT('',(-14.845,2.145,1.702));
#17691 = VECTOR('',#17692,1.);
#17692 = DIRECTION('',(0.,1.,0.));
#17693 = PCURVE('',#17506,#17694);
#17694 = DEFINITIONAL_REPRESENTATION('',(#17695),#17699);
#17695 = LINE('',#17696,#17697);
#17696 = CARTESIAN_POINT('',(0.79,0.));
#17697 = VECTOR('',#17698,1.);
#17698 = DIRECTION('',(0.,1.));
#17699 = ( GEOMETRIC_REPRESENTATION_CONTEXT(2) 
PARAMETRIC_REPRESENTATION_CONTEXT() REPRESENTATION_CONTEXT('2D SPACE',''
  ) );
#17700 = PCURVE('',#17539,#17701);
#17701 = DEFINITIONAL_REPRESENTATION('',(#17702),#17706);
#17702 = LINE('',#17703,#17704);
#17703 = CARTESIAN_POINT('',(4.342,0.));
#17704 = VECTOR('',#17705,1.);
#17705 = DIRECTION('',(0.,-1.));
#17706 = ( GEOMETRIC_REPRESENTATION_CONTEXT(2) 
PARAMETRIC_REPRESENTATION_CONTEXT() REPRESENTATION_CONTEXT('2D SPACE',''
  ) );
#17707 = ORIENTED_EDGE('',*,*,#17708,.F.);
#17708 = EDGE_CURVE('',#17465,#17686,#17709,.T.);
#17709 = SURFACE_CURVE('',#17710,(#17714,#17721),.PCURVE_S1.);
#17710 = LINE('',#17711,#17712);
#17711 = CARTESIAN_POINT('',(-15.635,2.935,1.702));
#17712 = VECTOR('',#17713,1.);
#17713 = DIRECTION('',(1.,0.,0.));
#17714 = PCURVE('',#17506,#17715);
#17715 = DEFINITIONAL_REPRESENTATION('',(#17716),#17720);
#17716 = LINE('',#17717,#17718);
#17717 = CARTESIAN_POINT('',(0.,0.79));
#17718 = VECTOR('',#17719,1.);
#17719 = DIRECTION('',(1.,0.));
#17720 = ( GEOMETRIC_REPRESENTATION_CONTEXT(2) 
PARAMETRIC_REPRESENTATION_CONTEXT() REPRESENTATION_CONTEXT('2D SPACE',''
  ) );
#17721 = PCURVE('',#17480,#17722);
#17722 = DEFINITIONAL_REPRESENTATION('',(#17723),#17727);
#17723 = LINE('',#17724,#17725);
#17724 = CARTESIAN_POINT('',(4.342,0.));
#17725 = VECTOR('',#17726,1.);
#17726 = DIRECTION('',(0.,1.));
#17727 = ( GEOMETRIC_REPRESENTATION_CONTEXT(2) 
PARAMETRIC_REPRESENTATION_CONTEXT() REPRESENTATION_CONTEXT('2D SPACE',''
  ) );
#17728 = ADVANCED_FACE('',(#17729),#17480,.T.);
#17729 = FACE_BOUND('',#17730,.T.);
#17730 = EDGE_LOOP('',(#17731,#17754,#17775,#17776));
#17731 = ORIENTED_EDGE('',*,*,#17732,.F.);
#17732 = EDGE_CURVE('',#17733,#17686,#17735,.T.);
#17733 = VERTEX_POINT('',#17734);
#17734 = CARTESIAN_POINT('',(-14.845,2.935,-2.324));
#17735 = SURFACE_CURVE('',#17736,(#17740,#17747),.PCURVE_S1.);
#17736 = LINE('',#17737,#17738);
#17737 = CARTESIAN_POINT('',(-14.845,2.935,-2.64));
#17738 = VECTOR('',#17739,1.);
#17739 = DIRECTION('',(0.,0.,1.));
#17740 = PCURVE('',#17480,#17741);
#17741 = DEFINITIONAL_REPRESENTATION('',(#17742),#17746);
#17742 = LINE('',#17743,#17744);
#17743 = CARTESIAN_POINT('',(0.,0.79));
#17744 = VECTOR('',#17745,1.);
#17745 = DIRECTION('',(1.,0.));
#17746 = ( GEOMETRIC_REPRESENTATION_CONTEXT(2) 
PARAMETRIC_REPRESENTATION_CONTEXT() REPRESENTATION_CONTEXT('2D SPACE',''
  ) );
#17747 = PCURVE('',#17539,#17748);
#17748 = DEFINITIONAL_REPRESENTATION('',(#17749),#17753);
#17749 = LINE('',#17750,#17751);
#17750 = CARTESIAN_POINT('',(0.,-0.79));
#17751 = VECTOR('',#17752,1.);
#17752 = DIRECTION('',(1.,0.));
#17753 = ( GEOMETRIC_REPRESENTATION_CONTEXT(2) 
PARAMETRIC_REPRESENTATION_CONTEXT() REPRESENTATION_CONTEXT('2D SPACE',''
  ) );
#17754 = ORIENTED_EDGE('',*,*,#17755,.F.);
#17755 = EDGE_CURVE('',#17437,#17733,#17756,.T.);
#17756 = SURFACE_CURVE('',#17757,(#17761,#17768),.PCURVE_S1.);
#17757 = LINE('',#17758,#17759);
#17758 = CARTESIAN_POINT('',(-15.635,2.935,-2.324));
#17759 = VECTOR('',#17760,1.);
#17760 = DIRECTION('',(1.,0.,0.));
#17761 = PCURVE('',#17480,#17762);
#17762 = DEFINITIONAL_REPRESENTATION('',(#17763),#17767);
#17763 = LINE('',#17764,#17765);
#17764 = CARTESIAN_POINT('',(0.316,0.));
#17765 = VECTOR('',#17766,1.);
#17766 = DIRECTION('',(0.,1.));
#17767 = ( GEOMETRIC_REPRESENTATION_CONTEXT(2) 
PARAMETRIC_REPRESENTATION_CONTEXT() REPRESENTATION_CONTEXT('2D SPACE',''
  ) );
#17768 = PCURVE('',#17642,#17769);
#17769 = DEFINITIONAL_REPRESENTATION('',(#17770),#17774);
#17770 = LINE('',#17771,#17772);
#17771 = CARTESIAN_POINT('',(-0.,-0.223445742855));
#17772 = VECTOR('',#17773,1.);
#17773 = DIRECTION('',(-1.,0.));
#17774 = ( GEOMETRIC_REPRESENTATION_CONTEXT(2) 
PARAMETRIC_REPRESENTATION_CONTEXT() REPRESENTATION_CONTEXT('2D SPACE',''
  ) );
#17775 = ORIENTED_EDGE('',*,*,#17464,.T.);
#17776 = ORIENTED_EDGE('',*,*,#17708,.T.);
#17777 = ADVANCED_FACE('',(#17778),#17539,.T.);
#17778 = FACE_BOUND('',#17779,.T.);
#17779 = EDGE_LOOP('',(#17780,#17781,#17807,#17808));
#17780 = ORIENTED_EDGE('',*,*,#17521,.F.);
#17781 = ORIENTED_EDGE('',*,*,#17782,.T.);
#17782 = EDGE_CURVE('',#17522,#17733,#17783,.T.);
#17783 = SURFACE_CURVE('',#17784,(#17788,#17795),.PCURVE_S1.);
#17784 = LINE('',#17785,#17786);
#17785 = CARTESIAN_POINT('',(-14.845,2.145,-2.324));
#17786 = VECTOR('',#17787,1.);
#17787 = DIRECTION('',(0.,1.,0.));
#17788 = PCURVE('',#17539,#17789);
#17789 = DEFINITIONAL_REPRESENTATION('',(#17790),#17794);
#17790 = LINE('',#17791,#17792);
#17791 = CARTESIAN_POINT('',(0.316,0.));
#17792 = VECTOR('',#17793,1.);
#17793 = DIRECTION('',(0.,-1.));
#17794 = ( GEOMETRIC_REPRESENTATION_CONTEXT(2) 
PARAMETRIC_REPRESENTATION_CONTEXT() REPRESENTATION_CONTEXT('2D SPACE',''
  ) );
#17795 = PCURVE('',#17796,#17801);
#17796 = PLANE('',#17797);
#17797 = AXIS2_PLACEMENT_3D('',#17798,#17799,#17800);
#17798 = CARTESIAN_POINT('',(-15.003,2.145,-2.482));
#17799 = DIRECTION('',(-0.707106781187,0.,0.707106781187));
#17800 = DIRECTION('',(0.,1.,0.));
#17801 = DEFINITIONAL_REPRESENTATION('',(#17802),#17806);
#17802 = LINE('',#17803,#17804);
#17803 = CARTESIAN_POINT('',(0.,-0.223445742855));
#17804 = VECTOR('',#17805,1.);
#17805 = DIRECTION('',(1.,0.));
#17806 = ( GEOMETRIC_REPRESENTATION_CONTEXT(2) 
PARAMETRIC_REPRESENTATION_CONTEXT() REPRESENTATION_CONTEXT('2D SPACE',''
  ) );
#17807 = ORIENTED_EDGE('',*,*,#17732,.T.);
#17808 = ORIENTED_EDGE('',*,*,#17685,.F.);
#17809 = ADVANCED_FACE('',(#17810),#17565,.T.);
#17810 = FACE_BOUND('',#17811,.F.);
#17811 = EDGE_LOOP('',(#17812,#17813,#17814,#17837));
#17812 = ORIENTED_EDGE('',*,*,#17602,.F.);
#17813 = ORIENTED_EDGE('',*,*,#17551,.T.);
#17814 = ORIENTED_EDGE('',*,*,#17815,.T.);
#17815 = EDGE_CURVE('',#17522,#17816,#17818,.T.);
#17816 = VERTEX_POINT('',#17817);
#17817 = CARTESIAN_POINT('',(-15.161,2.461,-2.64));
#17818 = SURFACE_CURVE('',#17819,(#17823,#17830),.PCURVE_S1.);
#17819 = LINE('',#17820,#17821);
#17820 = CARTESIAN_POINT('',(-15.082,2.382,-2.561));
#17821 = VECTOR('',#17822,1.);
#17822 = DIRECTION('',(-0.57735026919,0.57735026919,-0.57735026919));
#17823 = PCURVE('',#17565,#17824);
#17824 = DEFINITIONAL_REPRESENTATION('',(#17825),#17829);
#17825 = LINE('',#17826,#17827);
#17826 = CARTESIAN_POINT('',(-0.553,0.111722871427));
#17827 = VECTOR('',#17828,1.);
#17828 = DIRECTION('',(0.57735026919,0.816496580928));
#17829 = ( GEOMETRIC_REPRESENTATION_CONTEXT(2) 
PARAMETRIC_REPRESENTATION_CONTEXT() REPRESENTATION_CONTEXT('2D SPACE',''
  ) );
#17830 = PCURVE('',#17796,#17831);
#17831 = DEFINITIONAL_REPRESENTATION('',(#17832),#17836);
#17832 = LINE('',#17833,#17834);
#17833 = CARTESIAN_POINT('',(0.237,0.111722871427));
#17834 = VECTOR('',#17835,1.);
#17835 = DIRECTION('',(0.57735026919,0.816496580928));
#17836 = ( GEOMETRIC_REPRESENTATION_CONTEXT(2) 
PARAMETRIC_REPRESENTATION_CONTEXT() REPRESENTATION_CONTEXT('2D SPACE',''
  ) );
#17837 = ORIENTED_EDGE('',*,*,#17838,.F.);
#17838 = EDGE_CURVE('',#17603,#17816,#17839,.T.);
#17839 = SURFACE_CURVE('',#17840,(#17844,#17851),.PCURVE_S1.);
#17840 = LINE('',#17841,#17842);
#17841 = CARTESIAN_POINT('',(-15.635,2.461,-2.64));
#17842 = VECTOR('',#17843,1.);
#17843 = DIRECTION('',(1.,0.,0.));
#17844 = PCURVE('',#17565,#17845);
#17845 = DEFINITIONAL_REPRESENTATION('',(#17846),#17850);
#17846 = LINE('',#17847,#17848);
#17847 = CARTESIAN_POINT('',(-0.,0.223445742855));
#17848 = VECTOR('',#17849,1.);
#17849 = DIRECTION('',(-1.,0.));
#17850 = ( GEOMETRIC_REPRESENTATION_CONTEXT(2) 
PARAMETRIC_REPRESENTATION_CONTEXT() REPRESENTATION_CONTEXT('2D SPACE',''
  ) );
#17851 = PCURVE('',#17668,#17852);
#17852 = DEFINITIONAL_REPRESENTATION('',(#17853),#17857);
#17853 = LINE('',#17854,#17855);
#17854 = CARTESIAN_POINT('',(0.,0.316));
#17855 = VECTOR('',#17856,1.);
#17856 = DIRECTION('',(1.,0.));
#17857 = ( GEOMETRIC_REPRESENTATION_CONTEXT(2) 
PARAMETRIC_REPRESENTATION_CONTEXT() REPRESENTATION_CONTEXT('2D SPACE',''
  ) );
#17858 = ADVANCED_FACE('',(#17859),#17668,.F.);
#17859 = FACE_BOUND('',#17860,.F.);
#17860 = EDGE_LOOP('',(#17861,#17862,#17885,#17906));
#17861 = ORIENTED_EDGE('',*,*,#17838,.T.);
#17862 = ORIENTED_EDGE('',*,*,#17863,.T.);
#17863 = EDGE_CURVE('',#17816,#17864,#17866,.T.);
#17864 = VERTEX_POINT('',#17865);
#17865 = CARTESIAN_POINT('',(-15.161,2.619,-2.64));
#17866 = SURFACE_CURVE('',#17867,(#17871,#17878),.PCURVE_S1.);
#17867 = LINE('',#17868,#17869);
#17868 = CARTESIAN_POINT('',(-15.161,2.145,-2.64));
#17869 = VECTOR('',#17870,1.);
#17870 = DIRECTION('',(0.,1.,0.));
#17871 = PCURVE('',#17668,#17872);
#17872 = DEFINITIONAL_REPRESENTATION('',(#17873),#17877);
#17873 = LINE('',#17874,#17875);
#17874 = CARTESIAN_POINT('',(0.474,0.));
#17875 = VECTOR('',#17876,1.);
#17876 = DIRECTION('',(0.,1.));
#17877 = ( GEOMETRIC_REPRESENTATION_CONTEXT(2) 
PARAMETRIC_REPRESENTATION_CONTEXT() REPRESENTATION_CONTEXT('2D SPACE',''
  ) );
#17878 = PCURVE('',#17796,#17879);
#17879 = DEFINITIONAL_REPRESENTATION('',(#17880),#17884);
#17880 = LINE('',#17881,#17882);
#17881 = CARTESIAN_POINT('',(0.,0.223445742855));
#17882 = VECTOR('',#17883,1.);
#17883 = DIRECTION('',(1.,0.));
#17884 = ( GEOMETRIC_REPRESENTATION_CONTEXT(2) 
PARAMETRIC_REPRESENTATION_CONTEXT() REPRESENTATION_CONTEXT('2D SPACE',''
  ) );
#17885 = ORIENTED_EDGE('',*,*,#17886,.F.);
#17886 = EDGE_CURVE('',#17627,#17864,#17887,.T.);
#17887 = SURFACE_CURVE('',#17888,(#17892,#17899),.PCURVE_S1.);
#17888 = LINE('',#17889,#17890);
#17889 = CARTESIAN_POINT('',(-15.635,2.619,-2.64));
#17890 = VECTOR('',#17891,1.);
#17891 = DIRECTION('',(1.,0.,0.));
#17892 = PCURVE('',#17668,#17893);
#17893 = DEFINITIONAL_REPRESENTATION('',(#17894),#17898);
#17894 = LINE('',#17895,#17896);
#17895 = CARTESIAN_POINT('',(0.,0.474));
#17896 = VECTOR('',#17897,1.);
#17897 = DIRECTION('',(1.,0.));
#17898 = ( GEOMETRIC_REPRESENTATION_CONTEXT(2) 
PARAMETRIC_REPRESENTATION_CONTEXT() REPRESENTATION_CONTEXT('2D SPACE',''
  ) );
#17899 = PCURVE('',#17642,#17900);
#17900 = DEFINITIONAL_REPRESENTATION('',(#17901),#17905);
#17901 = LINE('',#17902,#17903);
#17902 = CARTESIAN_POINT('',(-0.,0.223445742855));
#17903 = VECTOR('',#17904,1.);
#17904 = DIRECTION('',(-1.,0.));
#17905 = ( GEOMETRIC_REPRESENTATION_CONTEXT(2) 
PARAMETRIC_REPRESENTATION_CONTEXT() REPRESENTATION_CONTEXT('2D SPACE',''
  ) );
#17906 = ORIENTED_EDGE('',*,*,#17654,.F.);
#17907 = ADVANCED_FACE('',(#17908),#17642,.F.);
#17908 = FACE_BOUND('',#17909,.T.);
#17909 = EDGE_LOOP('',(#17910,#17911,#17912,#17933));
#17910 = ORIENTED_EDGE('',*,*,#17626,.F.);
#17911 = ORIENTED_EDGE('',*,*,#17755,.T.);
#17912 = ORIENTED_EDGE('',*,*,#17913,.T.);
#17913 = EDGE_CURVE('',#17733,#17864,#17914,.T.);
#17914 = SURFACE_CURVE('',#17915,(#17919,#17926),.PCURVE_S1.);
#17915 = LINE('',#17916,#17917);
#17916 = CARTESIAN_POINT('',(-15.21366666666,2.566333333333,
    -2.692666666667));
#17917 = VECTOR('',#17918,1.);
#17918 = DIRECTION('',(-0.57735026919,-0.57735026919,-0.57735026919));
#17919 = PCURVE('',#17642,#17920);
#17920 = DEFINITIONAL_REPRESENTATION('',(#17921),#17925);
#17921 = LINE('',#17922,#17923);
#17922 = CARTESIAN_POINT('',(-0.421333333333,0.29792765714));
#17923 = VECTOR('',#17924,1.);
#17924 = DIRECTION('',(0.57735026919,0.816496580928));
#17925 = ( GEOMETRIC_REPRESENTATION_CONTEXT(2) 
PARAMETRIC_REPRESENTATION_CONTEXT() REPRESENTATION_CONTEXT('2D SPACE',''
  ) );
#17926 = PCURVE('',#17796,#17927);
#17927 = DEFINITIONAL_REPRESENTATION('',(#17928),#17932);
#17928 = LINE('',#17929,#17930);
#17929 = CARTESIAN_POINT('',(0.421333333333,0.29792765714));
#17930 = VECTOR('',#17931,1.);
#17931 = DIRECTION('',(-0.57735026919,0.816496580928));
#17932 = ( GEOMETRIC_REPRESENTATION_CONTEXT(2) 
PARAMETRIC_REPRESENTATION_CONTEXT() REPRESENTATION_CONTEXT('2D SPACE',''
  ) );
#17933 = ORIENTED_EDGE('',*,*,#17886,.F.);
#17934 = ADVANCED_FACE('',(#17935),#17796,.F.);
#17935 = FACE_BOUND('',#17936,.F.);
#17936 = EDGE_LOOP('',(#17937,#17938,#17939,#17940));
#17937 = ORIENTED_EDGE('',*,*,#17815,.F.);
#17938 = ORIENTED_EDGE('',*,*,#17782,.T.);
#17939 = ORIENTED_EDGE('',*,*,#17913,.T.);
#17940 = ORIENTED_EDGE('',*,*,#17863,.F.);
#17941 = MANIFOLD_SOLID_BREP('',#17942);
#17942 = CLOSED_SHELL('',(#17943,#18063,#18144,#18225,#18274,#18323,
    #18355,#18404,#18453,#18480));
#17943 = ADVANCED_FACE('',(#17944),#17958,.F.);
#17944 = FACE_BOUND('',#17945,.F.);
#17945 = EDGE_LOOP('',(#17946,#17981,#18009,#18037));
#17946 = ORIENTED_EDGE('',*,*,#17947,.F.);
#17947 = EDGE_CURVE('',#17948,#17950,#17952,.T.);
#17948 = VERTEX_POINT('',#17949);
#17949 = CARTESIAN_POINT('',(-18.175,-0.395,-2.324));
#17950 = VERTEX_POINT('',#17951);
#17951 = CARTESIAN_POINT('',(-18.175,-0.395,1.702));
#17952 = SURFACE_CURVE('',#17953,(#17957,#17969),.PCURVE_S1.);
#17953 = LINE('',#17954,#17955);
#17954 = CARTESIAN_POINT('',(-18.175,-0.395,-2.64));
#17955 = VECTOR('',#17956,1.);
#17956 = DIRECTION('',(0.,0.,1.));
#17957 = PCURVE('',#17958,#17963);
#17958 = PLANE('',#17959);
#17959 = AXIS2_PLACEMENT_3D('',#17960,#17961,#17962);
#17960 = CARTESIAN_POINT('',(-18.175,-0.395,-2.64));
#17961 = DIRECTION('',(1.,0.,0.));
#17962 = DIRECTION('',(0.,0.,1.));
#17963 = DEFINITIONAL_REPRESENTATION('',(#17964),#17968);
#17964 = LINE('',#17965,#17966);
#17965 = CARTESIAN_POINT('',(0.,0.));
#17966 = VECTOR('',#17967,1.);
#17967 = DIRECTION('',(1.,0.));
#17968 = ( GEOMETRIC_REPRESENTATION_CONTEXT(2) 
PARAMETRIC_REPRESENTATION_CONTEXT() REPRESENTATION_CONTEXT('2D SPACE',''
  ) );
#17969 = PCURVE('',#17970,#17975);
#17970 = PLANE('',#17971);
#17971 = AXIS2_PLACEMENT_3D('',#17972,#17973,#17974);
#17972 = CARTESIAN_POINT('',(-18.175,-0.395,-2.64));
#17973 = DIRECTION('',(0.,1.,0.));
#17974 = DIRECTION('',(0.,0.,1.));
#17975 = DEFINITIONAL_REPRESENTATION('',(#17976),#17980);
#17976 = LINE('',#17977,#17978);
#17977 = CARTESIAN_POINT('',(0.,0.));
#17978 = VECTOR('',#17979,1.);
#17979 = DIRECTION('',(1.,0.));
#17980 = ( GEOMETRIC_REPRESENTATION_CONTEXT(2) 
PARAMETRIC_REPRESENTATION_CONTEXT() REPRESENTATION_CONTEXT('2D SPACE',''
  ) );
#17981 = ORIENTED_EDGE('',*,*,#17982,.T.);
#17982 = EDGE_CURVE('',#17948,#17983,#17985,.T.);
#17983 = VERTEX_POINT('',#17984);
#17984 = CARTESIAN_POINT('',(-18.175,0.395,-2.324));
#17985 = SURFACE_CURVE('',#17986,(#17990,#17997),.PCURVE_S1.);
#17986 = LINE('',#17987,#17988);
#17987 = CARTESIAN_POINT('',(-18.175,-0.395,-2.324));
#17988 = VECTOR('',#17989,1.);
#17989 = DIRECTION('',(0.,1.,0.));
#17990 = PCURVE('',#17958,#17991);
#17991 = DEFINITIONAL_REPRESENTATION('',(#17992),#17996);
#17992 = LINE('',#17993,#17994);
#17993 = CARTESIAN_POINT('',(0.316,0.));
#17994 = VECTOR('',#17995,1.);
#17995 = DIRECTION('',(0.,-1.));
#17996 = ( GEOMETRIC_REPRESENTATION_CONTEXT(2) 
PARAMETRIC_REPRESENTATION_CONTEXT() REPRESENTATION_CONTEXT('2D SPACE',''
  ) );
#17997 = PCURVE('',#17998,#18003);
#17998 = PLANE('',#17999);
#17999 = AXIS2_PLACEMENT_3D('',#18000,#18001,#18002);
#18000 = CARTESIAN_POINT('',(-18.017,-0.395,-2.482));
#18001 = DIRECTION('',(-0.707106781187,0.,-0.707106781187));
#18002 = DIRECTION('',(0.,1.,0.));
#18003 = DEFINITIONAL_REPRESENTATION('',(#18004),#18008);
#18004 = LINE('',#18005,#18006);
#18005 = CARTESIAN_POINT('',(0.,-0.223445742855));
#18006 = VECTOR('',#18007,1.);
#18007 = DIRECTION('',(1.,0.));
#18008 = ( GEOMETRIC_REPRESENTATION_CONTEXT(2) 
PARAMETRIC_REPRESENTATION_CONTEXT() REPRESENTATION_CONTEXT('2D SPACE',''
  ) );
#18009 = ORIENTED_EDGE('',*,*,#18010,.T.);
#18010 = EDGE_CURVE('',#17983,#18011,#18013,.T.);
#18011 = VERTEX_POINT('',#18012);
#18012 = CARTESIAN_POINT('',(-18.175,0.395,1.702));
#18013 = SURFACE_CURVE('',#18014,(#18018,#18025),.PCURVE_S1.);
#18014 = LINE('',#18015,#18016);
#18015 = CARTESIAN_POINT('',(-18.175,0.395,-2.64));
#18016 = VECTOR('',#18017,1.);
#18017 = DIRECTION('',(0.,0.,1.));
#18018 = PCURVE('',#17958,#18019);
#18019 = DEFINITIONAL_REPRESENTATION('',(#18020),#18024);
#18020 = LINE('',#18021,#18022);
#18021 = CARTESIAN_POINT('',(0.,-0.79));
#18022 = VECTOR('',#18023,1.);
#18023 = DIRECTION('',(1.,0.));
#18024 = ( GEOMETRIC_REPRESENTATION_CONTEXT(2) 
PARAMETRIC_REPRESENTATION_CONTEXT() REPRESENTATION_CONTEXT('2D SPACE',''
  ) );
#18025 = PCURVE('',#18026,#18031);
#18026 = PLANE('',#18027);
#18027 = AXIS2_PLACEMENT_3D('',#18028,#18029,#18030);
#18028 = CARTESIAN_POINT('',(-18.175,0.395,-2.64));
#18029 = DIRECTION('',(0.,1.,0.));
#18030 = DIRECTION('',(0.,0.,1.));
#18031 = DEFINITIONAL_REPRESENTATION('',(#18032),#18036);
#18032 = LINE('',#18033,#18034);
#18033 = CARTESIAN_POINT('',(0.,0.));
#18034 = VECTOR('',#18035,1.);
#18035 = DIRECTION('',(1.,0.));
#18036 = ( GEOMETRIC_REPRESENTATION_CONTEXT(2) 
PARAMETRIC_REPRESENTATION_CONTEXT() REPRESENTATION_CONTEXT('2D SPACE',''
  ) );
#18037 = ORIENTED_EDGE('',*,*,#18038,.F.);
#18038 = EDGE_CURVE('',#17950,#18011,#18039,.T.);
#18039 = SURFACE_CURVE('',#18040,(#18044,#18051),.PCURVE_S1.);
#18040 = LINE('',#18041,#18042);
#18041 = CARTESIAN_POINT('',(-18.175,-0.395,1.702));
#18042 = VECTOR('',#18043,1.);
#18043 = DIRECTION('',(0.,1.,0.));
#18044 = PCURVE('',#17958,#18045);
#18045 = DEFINITIONAL_REPRESENTATION('',(#18046),#18050);
#18046 = LINE('',#18047,#18048);
#18047 = CARTESIAN_POINT('',(4.342,0.));
#18048 = VECTOR('',#18049,1.);
#18049 = DIRECTION('',(0.,-1.));
#18050 = ( GEOMETRIC_REPRESENTATION_CONTEXT(2) 
PARAMETRIC_REPRESENTATION_CONTEXT() REPRESENTATION_CONTEXT('2D SPACE',''
  ) );
#18051 = PCURVE('',#18052,#18057);
#18052 = PLANE('',#18053);
#18053 = AXIS2_PLACEMENT_3D('',#18054,#18055,#18056);
#18054 = CARTESIAN_POINT('',(-18.175,-0.395,1.702));
#18055 = DIRECTION('',(0.,0.,1.));
#18056 = DIRECTION('',(1.,0.,0.));
#18057 = DEFINITIONAL_REPRESENTATION('',(#18058),#18062);
#18058 = LINE('',#18059,#18060);
#18059 = CARTESIAN_POINT('',(0.,0.));
#18060 = VECTOR('',#18061,1.);
#18061 = DIRECTION('',(0.,1.));
#18062 = ( GEOMETRIC_REPRESENTATION_CONTEXT(2) 
PARAMETRIC_REPRESENTATION_CONTEXT() REPRESENTATION_CONTEXT('2D SPACE',''
  ) );
#18063 = ADVANCED_FACE('',(#18064),#17970,.F.);
#18064 = FACE_BOUND('',#18065,.F.);
#18065 = EDGE_LOOP('',(#18066,#18096,#18122,#18123));
#18066 = ORIENTED_EDGE('',*,*,#18067,.F.);
#18067 = EDGE_CURVE('',#18068,#18070,#18072,.T.);
#18068 = VERTEX_POINT('',#18069);
#18069 = CARTESIAN_POINT('',(-17.385,-0.395,-2.324));
#18070 = VERTEX_POINT('',#18071);
#18071 = CARTESIAN_POINT('',(-17.385,-0.395,1.702));
#18072 = SURFACE_CURVE('',#18073,(#18077,#18084),.PCURVE_S1.);
#18073 = LINE('',#18074,#18075);
#18074 = CARTESIAN_POINT('',(-17.385,-0.395,-2.64));
#18075 = VECTOR('',#18076,1.);
#18076 = DIRECTION('',(0.,0.,1.));
#18077 = PCURVE('',#17970,#18078);
#18078 = DEFINITIONAL_REPRESENTATION('',(#18079),#18083);
#18079 = LINE('',#18080,#18081);
#18080 = CARTESIAN_POINT('',(0.,0.79));
#18081 = VECTOR('',#18082,1.);
#18082 = DIRECTION('',(1.,0.));
#18083 = ( GEOMETRIC_REPRESENTATION_CONTEXT(2) 
PARAMETRIC_REPRESENTATION_CONTEXT() REPRESENTATION_CONTEXT('2D SPACE',''
  ) );
#18084 = PCURVE('',#18085,#18090);
#18085 = PLANE('',#18086);
#18086 = AXIS2_PLACEMENT_3D('',#18087,#18088,#18089);
#18087 = CARTESIAN_POINT('',(-17.385,-0.395,-2.64));
#18088 = DIRECTION('',(1.,0.,0.));
#18089 = DIRECTION('',(0.,0.,1.));
#18090 = DEFINITIONAL_REPRESENTATION('',(#18091),#18095);
#18091 = LINE('',#18092,#18093);
#18092 = CARTESIAN_POINT('',(0.,0.));
#18093 = VECTOR('',#18094,1.);
#18094 = DIRECTION('',(1.,0.));
#18095 = ( GEOMETRIC_REPRESENTATION_CONTEXT(2) 
PARAMETRIC_REPRESENTATION_CONTEXT() REPRESENTATION_CONTEXT('2D SPACE',''
  ) );
#18096 = ORIENTED_EDGE('',*,*,#18097,.F.);
#18097 = EDGE_CURVE('',#17948,#18068,#18098,.T.);
#18098 = SURFACE_CURVE('',#18099,(#18103,#18110),.PCURVE_S1.);
#18099 = LINE('',#18100,#18101);
#18100 = CARTESIAN_POINT('',(-18.175,-0.395,-2.324));
#18101 = VECTOR('',#18102,1.);
#18102 = DIRECTION('',(1.,0.,0.));
#18103 = PCURVE('',#17970,#18104);
#18104 = DEFINITIONAL_REPRESENTATION('',(#18105),#18109);
#18105 = LINE('',#18106,#18107);
#18106 = CARTESIAN_POINT('',(0.316,0.));
#18107 = VECTOR('',#18108,1.);
#18108 = DIRECTION('',(0.,1.));
#18109 = ( GEOMETRIC_REPRESENTATION_CONTEXT(2) 
PARAMETRIC_REPRESENTATION_CONTEXT() REPRESENTATION_CONTEXT('2D SPACE',''
  ) );
#18110 = PCURVE('',#18111,#18116);
#18111 = PLANE('',#18112);
#18112 = AXIS2_PLACEMENT_3D('',#18113,#18114,#18115);
#18113 = CARTESIAN_POINT('',(-18.175,-0.237,-2.482));
#18114 = DIRECTION('',(0.,-0.707106781187,-0.707106781187));
#18115 = DIRECTION('',(-1.,-0.,-0.));
#18116 = DEFINITIONAL_REPRESENTATION('',(#18117),#18121);
#18117 = LINE('',#18118,#18119);
#18118 = CARTESIAN_POINT('',(-0.,-0.223445742855));
#18119 = VECTOR('',#18120,1.);
#18120 = DIRECTION('',(-1.,0.));
#18121 = ( GEOMETRIC_REPRESENTATION_CONTEXT(2) 
PARAMETRIC_REPRESENTATION_CONTEXT() REPRESENTATION_CONTEXT('2D SPACE',''
  ) );
#18122 = ORIENTED_EDGE('',*,*,#17947,.T.);
#18123 = ORIENTED_EDGE('',*,*,#18124,.T.);
#18124 = EDGE_CURVE('',#17950,#18070,#18125,.T.);
#18125 = SURFACE_CURVE('',#18126,(#18130,#18137),.PCURVE_S1.);
#18126 = LINE('',#18127,#18128);
#18127 = CARTESIAN_POINT('',(-18.175,-0.395,1.702));
#18128 = VECTOR('',#18129,1.);
#18129 = DIRECTION('',(1.,0.,0.));
#18130 = PCURVE('',#17970,#18131);
#18131 = DEFINITIONAL_REPRESENTATION('',(#18132),#18136);
#18132 = LINE('',#18133,#18134);
#18133 = CARTESIAN_POINT('',(4.342,0.));
#18134 = VECTOR('',#18135,1.);
#18135 = DIRECTION('',(0.,1.));
#18136 = ( GEOMETRIC_REPRESENTATION_CONTEXT(2) 
PARAMETRIC_REPRESENTATION_CONTEXT() REPRESENTATION_CONTEXT('2D SPACE',''
  ) );
#18137 = PCURVE('',#18052,#18138);
#18138 = DEFINITIONAL_REPRESENTATION('',(#18139),#18143);
#18139 = LINE('',#18140,#18141);
#18140 = CARTESIAN_POINT('',(0.,0.));
#18141 = VECTOR('',#18142,1.);
#18142 = DIRECTION('',(1.,0.));
#18143 = ( GEOMETRIC_REPRESENTATION_CONTEXT(2) 
PARAMETRIC_REPRESENTATION_CONTEXT() REPRESENTATION_CONTEXT('2D SPACE',''
  ) );
#18144 = ADVANCED_FACE('',(#18145),#17998,.T.);
#18145 = FACE_BOUND('',#18146,.T.);
#18146 = EDGE_LOOP('',(#18147,#18170,#18171,#18199));
#18147 = ORIENTED_EDGE('',*,*,#18148,.F.);
#18148 = EDGE_CURVE('',#17948,#18149,#18151,.T.);
#18149 = VERTEX_POINT('',#18150);
#18150 = CARTESIAN_POINT('',(-17.859,-7.9E-02,-2.64));
#18151 = SURFACE_CURVE('',#18152,(#18156,#18163),.PCURVE_S1.);
#18152 = LINE('',#18153,#18154);
#18153 = CARTESIAN_POINT('',(-18.06966666666,-0.289666666667,
    -2.429333333333));
#18154 = VECTOR('',#18155,1.);
#18155 = DIRECTION('',(0.57735026919,0.57735026919,-0.57735026919));
#18156 = PCURVE('',#17998,#18157);
#18157 = DEFINITIONAL_REPRESENTATION('',(#18158),#18162);
#18158 = LINE('',#18159,#18160);
#18159 = CARTESIAN_POINT('',(0.105333333333,-7.448191428498E-02));
#18160 = VECTOR('',#18161,1.);
#18161 = DIRECTION('',(0.57735026919,0.816496580928));
#18162 = ( GEOMETRIC_REPRESENTATION_CONTEXT(2) 
PARAMETRIC_REPRESENTATION_CONTEXT() REPRESENTATION_CONTEXT('2D SPACE',''
  ) );
#18163 = PCURVE('',#18111,#18164);
#18164 = DEFINITIONAL_REPRESENTATION('',(#18165),#18169);
#18165 = LINE('',#18166,#18167);
#18166 = CARTESIAN_POINT('',(-0.105333333333,-7.448191428498E-02));
#18167 = VECTOR('',#18168,1.);
#18168 = DIRECTION('',(-0.57735026919,0.816496580928));
#18169 = ( GEOMETRIC_REPRESENTATION_CONTEXT(2) 
PARAMETRIC_REPRESENTATION_CONTEXT() REPRESENTATION_CONTEXT('2D SPACE',''
  ) );
#18170 = ORIENTED_EDGE('',*,*,#17982,.T.);
#18171 = ORIENTED_EDGE('',*,*,#18172,.T.);
#18172 = EDGE_CURVE('',#17983,#18173,#18175,.T.);
#18173 = VERTEX_POINT('',#18174);
#18174 = CARTESIAN_POINT('',(-17.859,7.9E-02,-2.64));
#18175 = SURFACE_CURVE('',#18176,(#18180,#18187),.PCURVE_S1.);
#18176 = LINE('',#18177,#18178);
#18177 = CARTESIAN_POINT('',(-17.938,0.158,-2.561));
#18178 = VECTOR('',#18179,1.);
#18179 = DIRECTION('',(0.57735026919,-0.57735026919,-0.57735026919));
#18180 = PCURVE('',#17998,#18181);
#18181 = DEFINITIONAL_REPRESENTATION('',(#18182),#18186);
#18182 = LINE('',#18183,#18184);
#18183 = CARTESIAN_POINT('',(0.553,0.111722871427));
#18184 = VECTOR('',#18185,1.);
#18185 = DIRECTION('',(-0.57735026919,0.816496580928));
#18186 = ( GEOMETRIC_REPRESENTATION_CONTEXT(2) 
PARAMETRIC_REPRESENTATION_CONTEXT() REPRESENTATION_CONTEXT('2D SPACE',''
  ) );
#18187 = PCURVE('',#18188,#18193);
#18188 = PLANE('',#18189);
#18189 = AXIS2_PLACEMENT_3D('',#18190,#18191,#18192);
#18190 = CARTESIAN_POINT('',(-18.175,0.237,-2.482));
#18191 = DIRECTION('',(0.,-0.707106781187,0.707106781187));
#18192 = DIRECTION('',(-1.,-0.,-0.));
#18193 = DEFINITIONAL_REPRESENTATION('',(#18194),#18198);
#18194 = LINE('',#18195,#18196);
#18195 = CARTESIAN_POINT('',(-0.237,0.111722871427));
#18196 = VECTOR('',#18197,1.);
#18197 = DIRECTION('',(-0.57735026919,0.816496580928));
#18198 = ( GEOMETRIC_REPRESENTATION_CONTEXT(2) 
PARAMETRIC_REPRESENTATION_CONTEXT() REPRESENTATION_CONTEXT('2D SPACE',''
  ) );
#18199 = ORIENTED_EDGE('',*,*,#18200,.F.);
#18200 = EDGE_CURVE('',#18149,#18173,#18201,.T.);
#18201 = SURFACE_CURVE('',#18202,(#18206,#18213),.PCURVE_S1.);
#18202 = LINE('',#18203,#18204);
#18203 = CARTESIAN_POINT('',(-17.859,-0.395,-2.64));
#18204 = VECTOR('',#18205,1.);
#18205 = DIRECTION('',(0.,1.,0.));
#18206 = PCURVE('',#17998,#18207);
#18207 = DEFINITIONAL_REPRESENTATION('',(#18208),#18212);
#18208 = LINE('',#18209,#18210);
#18209 = CARTESIAN_POINT('',(0.,0.223445742855));
#18210 = VECTOR('',#18211,1.);
#18211 = DIRECTION('',(1.,0.));
#18212 = ( GEOMETRIC_REPRESENTATION_CONTEXT(2) 
PARAMETRIC_REPRESENTATION_CONTEXT() REPRESENTATION_CONTEXT('2D SPACE',''
  ) );
#18213 = PCURVE('',#18214,#18219);
#18214 = PLANE('',#18215);
#18215 = AXIS2_PLACEMENT_3D('',#18216,#18217,#18218);
#18216 = CARTESIAN_POINT('',(-18.175,-0.395,-2.64));
#18217 = DIRECTION('',(0.,0.,1.));
#18218 = DIRECTION('',(1.,0.,0.));
#18219 = DEFINITIONAL_REPRESENTATION('',(#18220),#18224);
#18220 = LINE('',#18221,#18222);
#18221 = CARTESIAN_POINT('',(0.316,0.));
#18222 = VECTOR('',#18223,1.);
#18223 = DIRECTION('',(0.,1.));
#18224 = ( GEOMETRIC_REPRESENTATION_CONTEXT(2) 
PARAMETRIC_REPRESENTATION_CONTEXT() REPRESENTATION_CONTEXT('2D SPACE',''
  ) );
#18225 = ADVANCED_FACE('',(#18226),#18052,.T.);
#18226 = FACE_BOUND('',#18227,.T.);
#18227 = EDGE_LOOP('',(#18228,#18229,#18230,#18253));
#18228 = ORIENTED_EDGE('',*,*,#18038,.F.);
#18229 = ORIENTED_EDGE('',*,*,#18124,.T.);
#18230 = ORIENTED_EDGE('',*,*,#18231,.T.);
#18231 = EDGE_CURVE('',#18070,#18232,#18234,.T.);
#18232 = VERTEX_POINT('',#18233);
#18233 = CARTESIAN_POINT('',(-17.385,0.395,1.702));
#18234 = SURFACE_CURVE('',#18235,(#18239,#18246),.PCURVE_S1.);
#18235 = LINE('',#18236,#18237);
#18236 = CARTESIAN_POINT('',(-17.385,-0.395,1.702));
#18237 = VECTOR('',#18238,1.);
#18238 = DIRECTION('',(0.,1.,0.));
#18239 = PCURVE('',#18052,#18240);
#18240 = DEFINITIONAL_REPRESENTATION('',(#18241),#18245);
#18241 = LINE('',#18242,#18243);
#18242 = CARTESIAN_POINT('',(0.79,0.));
#18243 = VECTOR('',#18244,1.);
#18244 = DIRECTION('',(0.,1.));
#18245 = ( GEOMETRIC_REPRESENTATION_CONTEXT(2) 
PARAMETRIC_REPRESENTATION_CONTEXT() REPRESENTATION_CONTEXT('2D SPACE',''
  ) );
#18246 = PCURVE('',#18085,#18247);
#18247 = DEFINITIONAL_REPRESENTATION('',(#18248),#18252);
#18248 = LINE('',#18249,#18250);
#18249 = CARTESIAN_POINT('',(4.342,0.));
#18250 = VECTOR('',#18251,1.);
#18251 = DIRECTION('',(0.,-1.));
#18252 = ( GEOMETRIC_REPRESENTATION_CONTEXT(2) 
PARAMETRIC_REPRESENTATION_CONTEXT() REPRESENTATION_CONTEXT('2D SPACE',''
  ) );
#18253 = ORIENTED_EDGE('',*,*,#18254,.F.);
#18254 = EDGE_CURVE('',#18011,#18232,#18255,.T.);
#18255 = SURFACE_CURVE('',#18256,(#18260,#18267),.PCURVE_S1.);
#18256 = LINE('',#18257,#18258);
#18257 = CARTESIAN_POINT('',(-18.175,0.395,1.702));
#18258 = VECTOR('',#18259,1.);
#18259 = DIRECTION('',(1.,0.,0.));
#18260 = PCURVE('',#18052,#18261);
#18261 = DEFINITIONAL_REPRESENTATION('',(#18262),#18266);
#18262 = LINE('',#18263,#18264);
#18263 = CARTESIAN_POINT('',(0.,0.79));
#18264 = VECTOR('',#18265,1.);
#18265 = DIRECTION('',(1.,0.));
#18266 = ( GEOMETRIC_REPRESENTATION_CONTEXT(2) 
PARAMETRIC_REPRESENTATION_CONTEXT() REPRESENTATION_CONTEXT('2D SPACE',''
  ) );
#18267 = PCURVE('',#18026,#18268);
#18268 = DEFINITIONAL_REPRESENTATION('',(#18269),#18273);
#18269 = LINE('',#18270,#18271);
#18270 = CARTESIAN_POINT('',(4.342,0.));
#18271 = VECTOR('',#18272,1.);
#18272 = DIRECTION('',(0.,1.));
#18273 = ( GEOMETRIC_REPRESENTATION_CONTEXT(2) 
PARAMETRIC_REPRESENTATION_CONTEXT() REPRESENTATION_CONTEXT('2D SPACE',''
  ) );
#18274 = ADVANCED_FACE('',(#18275),#18026,.T.);
#18275 = FACE_BOUND('',#18276,.T.);
#18276 = EDGE_LOOP('',(#18277,#18300,#18321,#18322));
#18277 = ORIENTED_EDGE('',*,*,#18278,.F.);
#18278 = EDGE_CURVE('',#18279,#18232,#18281,.T.);
#18279 = VERTEX_POINT('',#18280);
#18280 = CARTESIAN_POINT('',(-17.385,0.395,-2.324));
#18281 = SURFACE_CURVE('',#18282,(#18286,#18293),.PCURVE_S1.);
#18282 = LINE('',#18283,#18284);
#18283 = CARTESIAN_POINT('',(-17.385,0.395,-2.64));
#18284 = VECTOR('',#18285,1.);
#18285 = DIRECTION('',(0.,0.,1.));
#18286 = PCURVE('',#18026,#18287);
#18287 = DEFINITIONAL_REPRESENTATION('',(#18288),#18292);
#18288 = LINE('',#18289,#18290);
#18289 = CARTESIAN_POINT('',(0.,0.79));
#18290 = VECTOR('',#18291,1.);
#18291 = DIRECTION('',(1.,0.));
#18292 = ( GEOMETRIC_REPRESENTATION_CONTEXT(2) 
PARAMETRIC_REPRESENTATION_CONTEXT() REPRESENTATION_CONTEXT('2D SPACE',''
  ) );
#18293 = PCURVE('',#18085,#18294);
#18294 = DEFINITIONAL_REPRESENTATION('',(#18295),#18299);
#18295 = LINE('',#18296,#18297);
#18296 = CARTESIAN_POINT('',(0.,-0.79));
#18297 = VECTOR('',#18298,1.);
#18298 = DIRECTION('',(1.,0.));
#18299 = ( GEOMETRIC_REPRESENTATION_CONTEXT(2) 
PARAMETRIC_REPRESENTATION_CONTEXT() REPRESENTATION_CONTEXT('2D SPACE',''
  ) );
#18300 = ORIENTED_EDGE('',*,*,#18301,.F.);
#18301 = EDGE_CURVE('',#17983,#18279,#18302,.T.);
#18302 = SURFACE_CURVE('',#18303,(#18307,#18314),.PCURVE_S1.);
#18303 = LINE('',#18304,#18305);
#18304 = CARTESIAN_POINT('',(-18.175,0.395,-2.324));
#18305 = VECTOR('',#18306,1.);
#18306 = DIRECTION('',(1.,0.,0.));
#18307 = PCURVE('',#18026,#18308);
#18308 = DEFINITIONAL_REPRESENTATION('',(#18309),#18313);
#18309 = LINE('',#18310,#18311);
#18310 = CARTESIAN_POINT('',(0.316,0.));
#18311 = VECTOR('',#18312,1.);
#18312 = DIRECTION('',(0.,1.));
#18313 = ( GEOMETRIC_REPRESENTATION_CONTEXT(2) 
PARAMETRIC_REPRESENTATION_CONTEXT() REPRESENTATION_CONTEXT('2D SPACE',''
  ) );
#18314 = PCURVE('',#18188,#18315);
#18315 = DEFINITIONAL_REPRESENTATION('',(#18316),#18320);
#18316 = LINE('',#18317,#18318);
#18317 = CARTESIAN_POINT('',(-0.,-0.223445742855));
#18318 = VECTOR('',#18319,1.);
#18319 = DIRECTION('',(-1.,0.));
#18320 = ( GEOMETRIC_REPRESENTATION_CONTEXT(2) 
PARAMETRIC_REPRESENTATION_CONTEXT() REPRESENTATION_CONTEXT('2D SPACE',''
  ) );
#18321 = ORIENTED_EDGE('',*,*,#18010,.T.);
#18322 = ORIENTED_EDGE('',*,*,#18254,.T.);
#18323 = ADVANCED_FACE('',(#18324),#18085,.T.);
#18324 = FACE_BOUND('',#18325,.T.);
#18325 = EDGE_LOOP('',(#18326,#18327,#18353,#18354));
#18326 = ORIENTED_EDGE('',*,*,#18067,.F.);
#18327 = ORIENTED_EDGE('',*,*,#18328,.T.);
#18328 = EDGE_CURVE('',#18068,#18279,#18329,.T.);
#18329 = SURFACE_CURVE('',#18330,(#18334,#18341),.PCURVE_S1.);
#18330 = LINE('',#18331,#18332);
#18331 = CARTESIAN_POINT('',(-17.385,-0.395,-2.324));
#18332 = VECTOR('',#18333,1.);
#18333 = DIRECTION('',(0.,1.,0.));
#18334 = PCURVE('',#18085,#18335);
#18335 = DEFINITIONAL_REPRESENTATION('',(#18336),#18340);
#18336 = LINE('',#18337,#18338);
#18337 = CARTESIAN_POINT('',(0.316,0.));
#18338 = VECTOR('',#18339,1.);
#18339 = DIRECTION('',(0.,-1.));
#18340 = ( GEOMETRIC_REPRESENTATION_CONTEXT(2) 
PARAMETRIC_REPRESENTATION_CONTEXT() REPRESENTATION_CONTEXT('2D SPACE',''
  ) );
#18341 = PCURVE('',#18342,#18347);
#18342 = PLANE('',#18343);
#18343 = AXIS2_PLACEMENT_3D('',#18344,#18345,#18346);
#18344 = CARTESIAN_POINT('',(-17.543,-0.395,-2.482));
#18345 = DIRECTION('',(-0.707106781187,0.,0.707106781187));
#18346 = DIRECTION('',(0.,1.,0.));
#18347 = DEFINITIONAL_REPRESENTATION('',(#18348),#18352);
#18348 = LINE('',#18349,#18350);
#18349 = CARTESIAN_POINT('',(0.,-0.223445742855));
#18350 = VECTOR('',#18351,1.);
#18351 = DIRECTION('',(1.,0.));
#18352 = ( GEOMETRIC_REPRESENTATION_CONTEXT(2) 
PARAMETRIC_REPRESENTATION_CONTEXT() REPRESENTATION_CONTEXT('2D SPACE',''
  ) );
#18353 = ORIENTED_EDGE('',*,*,#18278,.T.);
#18354 = ORIENTED_EDGE('',*,*,#18231,.F.);
#18355 = ADVANCED_FACE('',(#18356),#18111,.T.);
#18356 = FACE_BOUND('',#18357,.F.);
#18357 = EDGE_LOOP('',(#18358,#18359,#18360,#18383));
#18358 = ORIENTED_EDGE('',*,*,#18148,.F.);
#18359 = ORIENTED_EDGE('',*,*,#18097,.T.);
#18360 = ORIENTED_EDGE('',*,*,#18361,.T.);
#18361 = EDGE_CURVE('',#18068,#18362,#18364,.T.);
#18362 = VERTEX_POINT('',#18363);
#18363 = CARTESIAN_POINT('',(-17.701,-7.9E-02,-2.64));
#18364 = SURFACE_CURVE('',#18365,(#18369,#18376),.PCURVE_S1.);
#18365 = LINE('',#18366,#18367);
#18366 = CARTESIAN_POINT('',(-17.622,-0.158,-2.561));
#18367 = VECTOR('',#18368,1.);
#18368 = DIRECTION('',(-0.57735026919,0.57735026919,-0.57735026919));
#18369 = PCURVE('',#18111,#18370);
#18370 = DEFINITIONAL_REPRESENTATION('',(#18371),#18375);
#18371 = LINE('',#18372,#18373);
#18372 = CARTESIAN_POINT('',(-0.553,0.111722871427));
#18373 = VECTOR('',#18374,1.);
#18374 = DIRECTION('',(0.57735026919,0.816496580928));
#18375 = ( GEOMETRIC_REPRESENTATION_CONTEXT(2) 
PARAMETRIC_REPRESENTATION_CONTEXT() REPRESENTATION_CONTEXT('2D SPACE',''
  ) );
#18376 = PCURVE('',#18342,#18377);
#18377 = DEFINITIONAL_REPRESENTATION('',(#18378),#18382);
#18378 = LINE('',#18379,#18380);
#18379 = CARTESIAN_POINT('',(0.237,0.111722871427));
#18380 = VECTOR('',#18381,1.);
#18381 = DIRECTION('',(0.57735026919,0.816496580928));
#18382 = ( GEOMETRIC_REPRESENTATION_CONTEXT(2) 
PARAMETRIC_REPRESENTATION_CONTEXT() REPRESENTATION_CONTEXT('2D SPACE',''
  ) );
#18383 = ORIENTED_EDGE('',*,*,#18384,.F.);
#18384 = EDGE_CURVE('',#18149,#18362,#18385,.T.);
#18385 = SURFACE_CURVE('',#18386,(#18390,#18397),.PCURVE_S1.);
#18386 = LINE('',#18387,#18388);
#18387 = CARTESIAN_POINT('',(-18.175,-7.9E-02,-2.64));
#18388 = VECTOR('',#18389,1.);
#18389 = DIRECTION('',(1.,0.,0.));
#18390 = PCURVE('',#18111,#18391);
#18391 = DEFINITIONAL_REPRESENTATION('',(#18392),#18396);
#18392 = LINE('',#18393,#18394);
#18393 = CARTESIAN_POINT('',(-0.,0.223445742855));
#18394 = VECTOR('',#18395,1.);
#18395 = DIRECTION('',(-1.,0.));
#18396 = ( GEOMETRIC_REPRESENTATION_CONTEXT(2) 
PARAMETRIC_REPRESENTATION_CONTEXT() REPRESENTATION_CONTEXT('2D SPACE',''
  ) );
#18397 = PCURVE('',#18214,#18398);
#18398 = DEFINITIONAL_REPRESENTATION('',(#18399),#18403);
#18399 = LINE('',#18400,#18401);
#18400 = CARTESIAN_POINT('',(0.,0.316));
#18401 = VECTOR('',#18402,1.);
#18402 = DIRECTION('',(1.,0.));
#18403 = ( GEOMETRIC_REPRESENTATION_CONTEXT(2) 
PARAMETRIC_REPRESENTATION_CONTEXT() REPRESENTATION_CONTEXT('2D SPACE',''
  ) );
#18404 = ADVANCED_FACE('',(#18405),#18214,.F.);
#18405 = FACE_BOUND('',#18406,.F.);
#18406 = EDGE_LOOP('',(#18407,#18408,#18431,#18452));
#18407 = ORIENTED_EDGE('',*,*,#18384,.T.);
#18408 = ORIENTED_EDGE('',*,*,#18409,.T.);
#18409 = EDGE_CURVE('',#18362,#18410,#18412,.T.);
#18410 = VERTEX_POINT('',#18411);
#18411 = CARTESIAN_POINT('',(-17.701,7.9E-02,-2.64));
#18412 = SURFACE_CURVE('',#18413,(#18417,#18424),.PCURVE_S1.);
#18413 = LINE('',#18414,#18415);
#18414 = CARTESIAN_POINT('',(-17.701,-0.395,-2.64));
#18415 = VECTOR('',#18416,1.);
#18416 = DIRECTION('',(0.,1.,0.));
#18417 = PCURVE('',#18214,#18418);
#18418 = DEFINITIONAL_REPRESENTATION('',(#18419),#18423);
#18419 = LINE('',#18420,#18421);
#18420 = CARTESIAN_POINT('',(0.474,0.));
#18421 = VECTOR('',#18422,1.);
#18422 = DIRECTION('',(0.,1.));
#18423 = ( GEOMETRIC_REPRESENTATION_CONTEXT(2) 
PARAMETRIC_REPRESENTATION_CONTEXT() REPRESENTATION_CONTEXT('2D SPACE',''
  ) );
#18424 = PCURVE('',#18342,#18425);
#18425 = DEFINITIONAL_REPRESENTATION('',(#18426),#18430);
#18426 = LINE('',#18427,#18428);
#18427 = CARTESIAN_POINT('',(0.,0.223445742855));
#18428 = VECTOR('',#18429,1.);
#18429 = DIRECTION('',(1.,0.));
#18430 = ( GEOMETRIC_REPRESENTATION_CONTEXT(2) 
PARAMETRIC_REPRESENTATION_CONTEXT() REPRESENTATION_CONTEXT('2D SPACE',''
  ) );
#18431 = ORIENTED_EDGE('',*,*,#18432,.F.);
#18432 = EDGE_CURVE('',#18173,#18410,#18433,.T.);
#18433 = SURFACE_CURVE('',#18434,(#18438,#18445),.PCURVE_S1.);
#18434 = LINE('',#18435,#18436);
#18435 = CARTESIAN_POINT('',(-18.175,7.9E-02,-2.64));
#18436 = VECTOR('',#18437,1.);
#18437 = DIRECTION('',(1.,0.,0.));
#18438 = PCURVE('',#18214,#18439);
#18439 = DEFINITIONAL_REPRESENTATION('',(#18440),#18444);
#18440 = LINE('',#18441,#18442);
#18441 = CARTESIAN_POINT('',(0.,0.474));
#18442 = VECTOR('',#18443,1.);
#18443 = DIRECTION('',(1.,0.));
#18444 = ( GEOMETRIC_REPRESENTATION_CONTEXT(2) 
PARAMETRIC_REPRESENTATION_CONTEXT() REPRESENTATION_CONTEXT('2D SPACE',''
  ) );
#18445 = PCURVE('',#18188,#18446);
#18446 = DEFINITIONAL_REPRESENTATION('',(#18447),#18451);
#18447 = LINE('',#18448,#18449);
#18448 = CARTESIAN_POINT('',(-0.,0.223445742855));
#18449 = VECTOR('',#18450,1.);
#18450 = DIRECTION('',(-1.,0.));
#18451 = ( GEOMETRIC_REPRESENTATION_CONTEXT(2) 
PARAMETRIC_REPRESENTATION_CONTEXT() REPRESENTATION_CONTEXT('2D SPACE',''
  ) );
#18452 = ORIENTED_EDGE('',*,*,#18200,.F.);
#18453 = ADVANCED_FACE('',(#18454),#18188,.F.);
#18454 = FACE_BOUND('',#18455,.T.);
#18455 = EDGE_LOOP('',(#18456,#18457,#18458,#18479));
#18456 = ORIENTED_EDGE('',*,*,#18172,.F.);
#18457 = ORIENTED_EDGE('',*,*,#18301,.T.);
#18458 = ORIENTED_EDGE('',*,*,#18459,.T.);
#18459 = EDGE_CURVE('',#18279,#18410,#18460,.T.);
#18460 = SURFACE_CURVE('',#18461,(#18465,#18472),.PCURVE_S1.);
#18461 = LINE('',#18462,#18463);
#18462 = CARTESIAN_POINT('',(-17.75366666666,2.633333333333E-02,
    -2.692666666667));
#18463 = VECTOR('',#18464,1.);
#18464 = DIRECTION('',(-0.57735026919,-0.57735026919,-0.57735026919));
#18465 = PCURVE('',#18188,#18466);
#18466 = DEFINITIONAL_REPRESENTATION('',(#18467),#18471);
#18467 = LINE('',#18468,#18469);
#18468 = CARTESIAN_POINT('',(-0.421333333333,0.29792765714));
#18469 = VECTOR('',#18470,1.);
#18470 = DIRECTION('',(0.57735026919,0.816496580928));
#18471 = ( GEOMETRIC_REPRESENTATION_CONTEXT(2) 
PARAMETRIC_REPRESENTATION_CONTEXT() REPRESENTATION_CONTEXT('2D SPACE',''
  ) );
#18472 = PCURVE('',#18342,#18473);
#18473 = DEFINITIONAL_REPRESENTATION('',(#18474),#18478);
#18474 = LINE('',#18475,#18476);
#18475 = CARTESIAN_POINT('',(0.421333333333,0.29792765714));
#18476 = VECTOR('',#18477,1.);
#18477 = DIRECTION('',(-0.57735026919,0.816496580928));
#18478 = ( GEOMETRIC_REPRESENTATION_CONTEXT(2) 
PARAMETRIC_REPRESENTATION_CONTEXT() REPRESENTATION_CONTEXT('2D SPACE',''
  ) );
#18479 = ORIENTED_EDGE('',*,*,#18432,.F.);
#18480 = ADVANCED_FACE('',(#18481),#18342,.F.);
#18481 = FACE_BOUND('',#18482,.F.);
#18482 = EDGE_LOOP('',(#18483,#18484,#18485,#18486));
#18483 = ORIENTED_EDGE('',*,*,#18361,.F.);
#18484 = ORIENTED_EDGE('',*,*,#18328,.T.);
#18485 = ORIENTED_EDGE('',*,*,#18459,.T.);
#18486 = ORIENTED_EDGE('',*,*,#18409,.F.);
#18487 = MANIFOLD_SOLID_BREP('',#18488);
#18488 = CLOSED_SHELL('',(#18489,#18609,#18690,#18771,#18820,#18869,
    #18901,#18950,#18999,#19026));
#18489 = ADVANCED_FACE('',(#18490),#18504,.F.);
#18490 = FACE_BOUND('',#18491,.F.);
#18491 = EDGE_LOOP('',(#18492,#18527,#18555,#18583));
#18492 = ORIENTED_EDGE('',*,*,#18493,.F.);
#18493 = EDGE_CURVE('',#18494,#18496,#18498,.T.);
#18494 = VERTEX_POINT('',#18495);
#18495 = CARTESIAN_POINT('',(-18.175,2.145,-2.324));
#18496 = VERTEX_POINT('',#18497);
#18497 = CARTESIAN_POINT('',(-18.175,2.145,1.702));
#18498 = SURFACE_CURVE('',#18499,(#18503,#18515),.PCURVE_S1.);
#18499 = LINE('',#18500,#18501);
#18500 = CARTESIAN_POINT('',(-18.175,2.145,-2.64));
#18501 = VECTOR('',#18502,1.);
#18502 = DIRECTION('',(0.,0.,1.));
#18503 = PCURVE('',#18504,#18509);
#18504 = PLANE('',#18505);
#18505 = AXIS2_PLACEMENT_3D('',#18506,#18507,#18508);
#18506 = CARTESIAN_POINT('',(-18.175,2.145,-2.64));
#18507 = DIRECTION('',(1.,0.,0.));
#18508 = DIRECTION('',(0.,0.,1.));
#18509 = DEFINITIONAL_REPRESENTATION('',(#18510),#18514);
#18510 = LINE('',#18511,#18512);
#18511 = CARTESIAN_POINT('',(0.,0.));
#18512 = VECTOR('',#18513,1.);
#18513 = DIRECTION('',(1.,0.));
#18514 = ( GEOMETRIC_REPRESENTATION_CONTEXT(2) 
PARAMETRIC_REPRESENTATION_CONTEXT() REPRESENTATION_CONTEXT('2D SPACE',''
  ) );
#18515 = PCURVE('',#18516,#18521);
#18516 = PLANE('',#18517);
#18517 = AXIS2_PLACEMENT_3D('',#18518,#18519,#18520);
#18518 = CARTESIAN_POINT('',(-18.175,2.145,-2.64));
#18519 = DIRECTION('',(0.,1.,0.));
#18520 = DIRECTION('',(0.,0.,1.));
#18521 = DEFINITIONAL_REPRESENTATION('',(#18522),#18526);
#18522 = LINE('',#18523,#18524);
#18523 = CARTESIAN_POINT('',(0.,0.));
#18524 = VECTOR('',#18525,1.);
#18525 = DIRECTION('',(1.,0.));
#18526 = ( GEOMETRIC_REPRESENTATION_CONTEXT(2) 
PARAMETRIC_REPRESENTATION_CONTEXT() REPRESENTATION_CONTEXT('2D SPACE',''
  ) );
#18527 = ORIENTED_EDGE('',*,*,#18528,.T.);
#18528 = EDGE_CURVE('',#18494,#18529,#18531,.T.);
#18529 = VERTEX_POINT('',#18530);
#18530 = CARTESIAN_POINT('',(-18.175,2.935,-2.324));
#18531 = SURFACE_CURVE('',#18532,(#18536,#18543),.PCURVE_S1.);
#18532 = LINE('',#18533,#18534);
#18533 = CARTESIAN_POINT('',(-18.175,2.145,-2.324));
#18534 = VECTOR('',#18535,1.);
#18535 = DIRECTION('',(0.,1.,0.));
#18536 = PCURVE('',#18504,#18537);
#18537 = DEFINITIONAL_REPRESENTATION('',(#18538),#18542);
#18538 = LINE('',#18539,#18540);
#18539 = CARTESIAN_POINT('',(0.316,0.));
#18540 = VECTOR('',#18541,1.);
#18541 = DIRECTION('',(0.,-1.));
#18542 = ( GEOMETRIC_REPRESENTATION_CONTEXT(2) 
PARAMETRIC_REPRESENTATION_CONTEXT() REPRESENTATION_CONTEXT('2D SPACE',''
  ) );
#18543 = PCURVE('',#18544,#18549);
#18544 = PLANE('',#18545);
#18545 = AXIS2_PLACEMENT_3D('',#18546,#18547,#18548);
#18546 = CARTESIAN_POINT('',(-18.017,2.145,-2.482));
#18547 = DIRECTION('',(-0.707106781187,0.,-0.707106781187));
#18548 = DIRECTION('',(0.,1.,0.));
#18549 = DEFINITIONAL_REPRESENTATION('',(#18550),#18554);
#18550 = LINE('',#18551,#18552);
#18551 = CARTESIAN_POINT('',(0.,-0.223445742855));
#18552 = VECTOR('',#18553,1.);
#18553 = DIRECTION('',(1.,0.));
#18554 = ( GEOMETRIC_REPRESENTATION_CONTEXT(2) 
PARAMETRIC_REPRESENTATION_CONTEXT() REPRESENTATION_CONTEXT('2D SPACE',''
  ) );
#18555 = ORIENTED_EDGE('',*,*,#18556,.T.);
#18556 = EDGE_CURVE('',#18529,#18557,#18559,.T.);
#18557 = VERTEX_POINT('',#18558);
#18558 = CARTESIAN_POINT('',(-18.175,2.935,1.702));
#18559 = SURFACE_CURVE('',#18560,(#18564,#18571),.PCURVE_S1.);
#18560 = LINE('',#18561,#18562);
#18561 = CARTESIAN_POINT('',(-18.175,2.935,-2.64));
#18562 = VECTOR('',#18563,1.);
#18563 = DIRECTION('',(0.,0.,1.));
#18564 = PCURVE('',#18504,#18565);
#18565 = DEFINITIONAL_REPRESENTATION('',(#18566),#18570);
#18566 = LINE('',#18567,#18568);
#18567 = CARTESIAN_POINT('',(0.,-0.79));
#18568 = VECTOR('',#18569,1.);
#18569 = DIRECTION('',(1.,0.));
#18570 = ( GEOMETRIC_REPRESENTATION_CONTEXT(2) 
PARAMETRIC_REPRESENTATION_CONTEXT() REPRESENTATION_CONTEXT('2D SPACE',''
  ) );
#18571 = PCURVE('',#18572,#18577);
#18572 = PLANE('',#18573);
#18573 = AXIS2_PLACEMENT_3D('',#18574,#18575,#18576);
#18574 = CARTESIAN_POINT('',(-18.175,2.935,-2.64));
#18575 = DIRECTION('',(0.,1.,0.));
#18576 = DIRECTION('',(0.,0.,1.));
#18577 = DEFINITIONAL_REPRESENTATION('',(#18578),#18582);
#18578 = LINE('',#18579,#18580);
#18579 = CARTESIAN_POINT('',(0.,0.));
#18580 = VECTOR('',#18581,1.);
#18581 = DIRECTION('',(1.,0.));
#18582 = ( GEOMETRIC_REPRESENTATION_CONTEXT(2) 
PARAMETRIC_REPRESENTATION_CONTEXT() REPRESENTATION_CONTEXT('2D SPACE',''
  ) );
#18583 = ORIENTED_EDGE('',*,*,#18584,.F.);
#18584 = EDGE_CURVE('',#18496,#18557,#18585,.T.);
#18585 = SURFACE_CURVE('',#18586,(#18590,#18597),.PCURVE_S1.);
#18586 = LINE('',#18587,#18588);
#18587 = CARTESIAN_POINT('',(-18.175,2.145,1.702));
#18588 = VECTOR('',#18589,1.);
#18589 = DIRECTION('',(0.,1.,0.));
#18590 = PCURVE('',#18504,#18591);
#18591 = DEFINITIONAL_REPRESENTATION('',(#18592),#18596);
#18592 = LINE('',#18593,#18594);
#18593 = CARTESIAN_POINT('',(4.342,0.));
#18594 = VECTOR('',#18595,1.);
#18595 = DIRECTION('',(0.,-1.));
#18596 = ( GEOMETRIC_REPRESENTATION_CONTEXT(2) 
PARAMETRIC_REPRESENTATION_CONTEXT() REPRESENTATION_CONTEXT('2D SPACE',''
  ) );
#18597 = PCURVE('',#18598,#18603);
#18598 = PLANE('',#18599);
#18599 = AXIS2_PLACEMENT_3D('',#18600,#18601,#18602);
#18600 = CARTESIAN_POINT('',(-18.175,2.145,1.702));
#18601 = DIRECTION('',(0.,0.,1.));
#18602 = DIRECTION('',(1.,0.,0.));
#18603 = DEFINITIONAL_REPRESENTATION('',(#18604),#18608);
#18604 = LINE('',#18605,#18606);
#18605 = CARTESIAN_POINT('',(0.,0.));
#18606 = VECTOR('',#18607,1.);
#18607 = DIRECTION('',(0.,1.));
#18608 = ( GEOMETRIC_REPRESENTATION_CONTEXT(2) 
PARAMETRIC_REPRESENTATION_CONTEXT() REPRESENTATION_CONTEXT('2D SPACE',''
  ) );
#18609 = ADVANCED_FACE('',(#18610),#18516,.F.);
#18610 = FACE_BOUND('',#18611,.F.);
#18611 = EDGE_LOOP('',(#18612,#18642,#18668,#18669));
#18612 = ORIENTED_EDGE('',*,*,#18613,.F.);
#18613 = EDGE_CURVE('',#18614,#18616,#18618,.T.);
#18614 = VERTEX_POINT('',#18615);
#18615 = CARTESIAN_POINT('',(-17.385,2.145,-2.324));
#18616 = VERTEX_POINT('',#18617);
#18617 = CARTESIAN_POINT('',(-17.385,2.145,1.702));
#18618 = SURFACE_CURVE('',#18619,(#18623,#18630),.PCURVE_S1.);
#18619 = LINE('',#18620,#18621);
#18620 = CARTESIAN_POINT('',(-17.385,2.145,-2.64));
#18621 = VECTOR('',#18622,1.);
#18622 = DIRECTION('',(0.,0.,1.));
#18623 = PCURVE('',#18516,#18624);
#18624 = DEFINITIONAL_REPRESENTATION('',(#18625),#18629);
#18625 = LINE('',#18626,#18627);
#18626 = CARTESIAN_POINT('',(0.,0.79));
#18627 = VECTOR('',#18628,1.);
#18628 = DIRECTION('',(1.,0.));
#18629 = ( GEOMETRIC_REPRESENTATION_CONTEXT(2) 
PARAMETRIC_REPRESENTATION_CONTEXT() REPRESENTATION_CONTEXT('2D SPACE',''
  ) );
#18630 = PCURVE('',#18631,#18636);
#18631 = PLANE('',#18632);
#18632 = AXIS2_PLACEMENT_3D('',#18633,#18634,#18635);
#18633 = CARTESIAN_POINT('',(-17.385,2.145,-2.64));
#18634 = DIRECTION('',(1.,0.,0.));
#18635 = DIRECTION('',(0.,0.,1.));
#18636 = DEFINITIONAL_REPRESENTATION('',(#18637),#18641);
#18637 = LINE('',#18638,#18639);
#18638 = CARTESIAN_POINT('',(0.,0.));
#18639 = VECTOR('',#18640,1.);
#18640 = DIRECTION('',(1.,0.));
#18641 = ( GEOMETRIC_REPRESENTATION_CONTEXT(2) 
PARAMETRIC_REPRESENTATION_CONTEXT() REPRESENTATION_CONTEXT('2D SPACE',''
  ) );
#18642 = ORIENTED_EDGE('',*,*,#18643,.F.);
#18643 = EDGE_CURVE('',#18494,#18614,#18644,.T.);
#18644 = SURFACE_CURVE('',#18645,(#18649,#18656),.PCURVE_S1.);
#18645 = LINE('',#18646,#18647);
#18646 = CARTESIAN_POINT('',(-18.175,2.145,-2.324));
#18647 = VECTOR('',#18648,1.);
#18648 = DIRECTION('',(1.,0.,0.));
#18649 = PCURVE('',#18516,#18650);
#18650 = DEFINITIONAL_REPRESENTATION('',(#18651),#18655);
#18651 = LINE('',#18652,#18653);
#18652 = CARTESIAN_POINT('',(0.316,0.));
#18653 = VECTOR('',#18654,1.);
#18654 = DIRECTION('',(0.,1.));
#18655 = ( GEOMETRIC_REPRESENTATION_CONTEXT(2) 
PARAMETRIC_REPRESENTATION_CONTEXT() REPRESENTATION_CONTEXT('2D SPACE',''
  ) );
#18656 = PCURVE('',#18657,#18662);
#18657 = PLANE('',#18658);
#18658 = AXIS2_PLACEMENT_3D('',#18659,#18660,#18661);
#18659 = CARTESIAN_POINT('',(-18.175,2.303,-2.482));
#18660 = DIRECTION('',(0.,-0.707106781187,-0.707106781187));
#18661 = DIRECTION('',(-1.,-0.,-0.));
#18662 = DEFINITIONAL_REPRESENTATION('',(#18663),#18667);
#18663 = LINE('',#18664,#18665);
#18664 = CARTESIAN_POINT('',(-0.,-0.223445742855));
#18665 = VECTOR('',#18666,1.);
#18666 = DIRECTION('',(-1.,0.));
#18667 = ( GEOMETRIC_REPRESENTATION_CONTEXT(2) 
PARAMETRIC_REPRESENTATION_CONTEXT() REPRESENTATION_CONTEXT('2D SPACE',''
  ) );
#18668 = ORIENTED_EDGE('',*,*,#18493,.T.);
#18669 = ORIENTED_EDGE('',*,*,#18670,.T.);
#18670 = EDGE_CURVE('',#18496,#18616,#18671,.T.);
#18671 = SURFACE_CURVE('',#18672,(#18676,#18683),.PCURVE_S1.);
#18672 = LINE('',#18673,#18674);
#18673 = CARTESIAN_POINT('',(-18.175,2.145,1.702));
#18674 = VECTOR('',#18675,1.);
#18675 = DIRECTION('',(1.,0.,0.));
#18676 = PCURVE('',#18516,#18677);
#18677 = DEFINITIONAL_REPRESENTATION('',(#18678),#18682);
#18678 = LINE('',#18679,#18680);
#18679 = CARTESIAN_POINT('',(4.342,0.));
#18680 = VECTOR('',#18681,1.);
#18681 = DIRECTION('',(0.,1.));
#18682 = ( GEOMETRIC_REPRESENTATION_CONTEXT(2) 
PARAMETRIC_REPRESENTATION_CONTEXT() REPRESENTATION_CONTEXT('2D SPACE',''
  ) );
#18683 = PCURVE('',#18598,#18684);
#18684 = DEFINITIONAL_REPRESENTATION('',(#18685),#18689);
#18685 = LINE('',#18686,#18687);
#18686 = CARTESIAN_POINT('',(0.,0.));
#18687 = VECTOR('',#18688,1.);
#18688 = DIRECTION('',(1.,0.));
#18689 = ( GEOMETRIC_REPRESENTATION_CONTEXT(2) 
PARAMETRIC_REPRESENTATION_CONTEXT() REPRESENTATION_CONTEXT('2D SPACE',''
  ) );
#18690 = ADVANCED_FACE('',(#18691),#18544,.T.);
#18691 = FACE_BOUND('',#18692,.T.);
#18692 = EDGE_LOOP('',(#18693,#18716,#18717,#18745));
#18693 = ORIENTED_EDGE('',*,*,#18694,.F.);
#18694 = EDGE_CURVE('',#18494,#18695,#18697,.T.);
#18695 = VERTEX_POINT('',#18696);
#18696 = CARTESIAN_POINT('',(-17.859,2.461,-2.64));
#18697 = SURFACE_CURVE('',#18698,(#18702,#18709),.PCURVE_S1.);
#18698 = LINE('',#18699,#18700);
#18699 = CARTESIAN_POINT('',(-18.06966666666,2.250333333333,
    -2.429333333333));
#18700 = VECTOR('',#18701,1.);
#18701 = DIRECTION('',(0.57735026919,0.57735026919,-0.57735026919));
#18702 = PCURVE('',#18544,#18703);
#18703 = DEFINITIONAL_REPRESENTATION('',(#18704),#18708);
#18704 = LINE('',#18705,#18706);
#18705 = CARTESIAN_POINT('',(0.105333333333,-7.448191428498E-02));
#18706 = VECTOR('',#18707,1.);
#18707 = DIRECTION('',(0.57735026919,0.816496580928));
#18708 = ( GEOMETRIC_REPRESENTATION_CONTEXT(2) 
PARAMETRIC_REPRESENTATION_CONTEXT() REPRESENTATION_CONTEXT('2D SPACE',''
  ) );
#18709 = PCURVE('',#18657,#18710);
#18710 = DEFINITIONAL_REPRESENTATION('',(#18711),#18715);
#18711 = LINE('',#18712,#18713);
#18712 = CARTESIAN_POINT('',(-0.105333333333,-7.448191428498E-02));
#18713 = VECTOR('',#18714,1.);
#18714 = DIRECTION('',(-0.57735026919,0.816496580928));
#18715 = ( GEOMETRIC_REPRESENTATION_CONTEXT(2) 
PARAMETRIC_REPRESENTATION_CONTEXT() REPRESENTATION_CONTEXT('2D SPACE',''
  ) );
#18716 = ORIENTED_EDGE('',*,*,#18528,.T.);
#18717 = ORIENTED_EDGE('',*,*,#18718,.T.);
#18718 = EDGE_CURVE('',#18529,#18719,#18721,.T.);
#18719 = VERTEX_POINT('',#18720);
#18720 = CARTESIAN_POINT('',(-17.859,2.619,-2.64));
#18721 = SURFACE_CURVE('',#18722,(#18726,#18733),.PCURVE_S1.);
#18722 = LINE('',#18723,#18724);
#18723 = CARTESIAN_POINT('',(-17.938,2.698,-2.561));
#18724 = VECTOR('',#18725,1.);
#18725 = DIRECTION('',(0.57735026919,-0.57735026919,-0.57735026919));
#18726 = PCURVE('',#18544,#18727);
#18727 = DEFINITIONAL_REPRESENTATION('',(#18728),#18732);
#18728 = LINE('',#18729,#18730);
#18729 = CARTESIAN_POINT('',(0.553,0.111722871427));
#18730 = VECTOR('',#18731,1.);
#18731 = DIRECTION('',(-0.57735026919,0.816496580928));
#18732 = ( GEOMETRIC_REPRESENTATION_CONTEXT(2) 
PARAMETRIC_REPRESENTATION_CONTEXT() REPRESENTATION_CONTEXT('2D SPACE',''
  ) );
#18733 = PCURVE('',#18734,#18739);
#18734 = PLANE('',#18735);
#18735 = AXIS2_PLACEMENT_3D('',#18736,#18737,#18738);
#18736 = CARTESIAN_POINT('',(-18.175,2.777,-2.482));
#18737 = DIRECTION('',(0.,-0.707106781187,0.707106781187));
#18738 = DIRECTION('',(-1.,-0.,-0.));
#18739 = DEFINITIONAL_REPRESENTATION('',(#18740),#18744);
#18740 = LINE('',#18741,#18742);
#18741 = CARTESIAN_POINT('',(-0.237,0.111722871427));
#18742 = VECTOR('',#18743,1.);
#18743 = DIRECTION('',(-0.57735026919,0.816496580928));
#18744 = ( GEOMETRIC_REPRESENTATION_CONTEXT(2) 
PARAMETRIC_REPRESENTATION_CONTEXT() REPRESENTATION_CONTEXT('2D SPACE',''
  ) );
#18745 = ORIENTED_EDGE('',*,*,#18746,.F.);
#18746 = EDGE_CURVE('',#18695,#18719,#18747,.T.);
#18747 = SURFACE_CURVE('',#18748,(#18752,#18759),.PCURVE_S1.);
#18748 = LINE('',#18749,#18750);
#18749 = CARTESIAN_POINT('',(-17.859,2.145,-2.64));
#18750 = VECTOR('',#18751,1.);
#18751 = DIRECTION('',(0.,1.,0.));
#18752 = PCURVE('',#18544,#18753);
#18753 = DEFINITIONAL_REPRESENTATION('',(#18754),#18758);
#18754 = LINE('',#18755,#18756);
#18755 = CARTESIAN_POINT('',(0.,0.223445742855));
#18756 = VECTOR('',#18757,1.);
#18757 = DIRECTION('',(1.,0.));
#18758 = ( GEOMETRIC_REPRESENTATION_CONTEXT(2) 
PARAMETRIC_REPRESENTATION_CONTEXT() REPRESENTATION_CONTEXT('2D SPACE',''
  ) );
#18759 = PCURVE('',#18760,#18765);
#18760 = PLANE('',#18761);
#18761 = AXIS2_PLACEMENT_3D('',#18762,#18763,#18764);
#18762 = CARTESIAN_POINT('',(-18.175,2.145,-2.64));
#18763 = DIRECTION('',(0.,0.,1.));
#18764 = DIRECTION('',(1.,0.,0.));
#18765 = DEFINITIONAL_REPRESENTATION('',(#18766),#18770);
#18766 = LINE('',#18767,#18768);
#18767 = CARTESIAN_POINT('',(0.316,0.));
#18768 = VECTOR('',#18769,1.);
#18769 = DIRECTION('',(0.,1.));
#18770 = ( GEOMETRIC_REPRESENTATION_CONTEXT(2) 
PARAMETRIC_REPRESENTATION_CONTEXT() REPRESENTATION_CONTEXT('2D SPACE',''
  ) );
#18771 = ADVANCED_FACE('',(#18772),#18598,.T.);
#18772 = FACE_BOUND('',#18773,.T.);
#18773 = EDGE_LOOP('',(#18774,#18775,#18776,#18799));
#18774 = ORIENTED_EDGE('',*,*,#18584,.F.);
#18775 = ORIENTED_EDGE('',*,*,#18670,.T.);
#18776 = ORIENTED_EDGE('',*,*,#18777,.T.);
#18777 = EDGE_CURVE('',#18616,#18778,#18780,.T.);
#18778 = VERTEX_POINT('',#18779);
#18779 = CARTESIAN_POINT('',(-17.385,2.935,1.702));
#18780 = SURFACE_CURVE('',#18781,(#18785,#18792),.PCURVE_S1.);
#18781 = LINE('',#18782,#18783);
#18782 = CARTESIAN_POINT('',(-17.385,2.145,1.702));
#18783 = VECTOR('',#18784,1.);
#18784 = DIRECTION('',(0.,1.,0.));
#18785 = PCURVE('',#18598,#18786);
#18786 = DEFINITIONAL_REPRESENTATION('',(#18787),#18791);
#18787 = LINE('',#18788,#18789);
#18788 = CARTESIAN_POINT('',(0.79,0.));
#18789 = VECTOR('',#18790,1.);
#18790 = DIRECTION('',(0.,1.));
#18791 = ( GEOMETRIC_REPRESENTATION_CONTEXT(2) 
PARAMETRIC_REPRESENTATION_CONTEXT() REPRESENTATION_CONTEXT('2D SPACE',''
  ) );
#18792 = PCURVE('',#18631,#18793);
#18793 = DEFINITIONAL_REPRESENTATION('',(#18794),#18798);
#18794 = LINE('',#18795,#18796);
#18795 = CARTESIAN_POINT('',(4.342,0.));
#18796 = VECTOR('',#18797,1.);
#18797 = DIRECTION('',(0.,-1.));
#18798 = ( GEOMETRIC_REPRESENTATION_CONTEXT(2) 
PARAMETRIC_REPRESENTATION_CONTEXT() REPRESENTATION_CONTEXT('2D SPACE',''
  ) );
#18799 = ORIENTED_EDGE('',*,*,#18800,.F.);
#18800 = EDGE_CURVE('',#18557,#18778,#18801,.T.);
#18801 = SURFACE_CURVE('',#18802,(#18806,#18813),.PCURVE_S1.);
#18802 = LINE('',#18803,#18804);
#18803 = CARTESIAN_POINT('',(-18.175,2.935,1.702));
#18804 = VECTOR('',#18805,1.);
#18805 = DIRECTION('',(1.,0.,0.));
#18806 = PCURVE('',#18598,#18807);
#18807 = DEFINITIONAL_REPRESENTATION('',(#18808),#18812);
#18808 = LINE('',#18809,#18810);
#18809 = CARTESIAN_POINT('',(0.,0.79));
#18810 = VECTOR('',#18811,1.);
#18811 = DIRECTION('',(1.,0.));
#18812 = ( GEOMETRIC_REPRESENTATION_CONTEXT(2) 
PARAMETRIC_REPRESENTATION_CONTEXT() REPRESENTATION_CONTEXT('2D SPACE',''
  ) );
#18813 = PCURVE('',#18572,#18814);
#18814 = DEFINITIONAL_REPRESENTATION('',(#18815),#18819);
#18815 = LINE('',#18816,#18817);
#18816 = CARTESIAN_POINT('',(4.342,0.));
#18817 = VECTOR('',#18818,1.);
#18818 = DIRECTION('',(0.,1.));
#18819 = ( GEOMETRIC_REPRESENTATION_CONTEXT(2) 
PARAMETRIC_REPRESENTATION_CONTEXT() REPRESENTATION_CONTEXT('2D SPACE',''
  ) );
#18820 = ADVANCED_FACE('',(#18821),#18572,.T.);
#18821 = FACE_BOUND('',#18822,.T.);
#18822 = EDGE_LOOP('',(#18823,#18846,#18867,#18868));
#18823 = ORIENTED_EDGE('',*,*,#18824,.F.);
#18824 = EDGE_CURVE('',#18825,#18778,#18827,.T.);
#18825 = VERTEX_POINT('',#18826);
#18826 = CARTESIAN_POINT('',(-17.385,2.935,-2.324));
#18827 = SURFACE_CURVE('',#18828,(#18832,#18839),.PCURVE_S1.);
#18828 = LINE('',#18829,#18830);
#18829 = CARTESIAN_POINT('',(-17.385,2.935,-2.64));
#18830 = VECTOR('',#18831,1.);
#18831 = DIRECTION('',(0.,0.,1.));
#18832 = PCURVE('',#18572,#18833);
#18833 = DEFINITIONAL_REPRESENTATION('',(#18834),#18838);
#18834 = LINE('',#18835,#18836);
#18835 = CARTESIAN_POINT('',(0.,0.79));
#18836 = VECTOR('',#18837,1.);
#18837 = DIRECTION('',(1.,0.));
#18838 = ( GEOMETRIC_REPRESENTATION_CONTEXT(2) 
PARAMETRIC_REPRESENTATION_CONTEXT() REPRESENTATION_CONTEXT('2D SPACE',''
  ) );
#18839 = PCURVE('',#18631,#18840);
#18840 = DEFINITIONAL_REPRESENTATION('',(#18841),#18845);
#18841 = LINE('',#18842,#18843);
#18842 = CARTESIAN_POINT('',(0.,-0.79));
#18843 = VECTOR('',#18844,1.);
#18844 = DIRECTION('',(1.,0.));
#18845 = ( GEOMETRIC_REPRESENTATION_CONTEXT(2) 
PARAMETRIC_REPRESENTATION_CONTEXT() REPRESENTATION_CONTEXT('2D SPACE',''
  ) );
#18846 = ORIENTED_EDGE('',*,*,#18847,.F.);
#18847 = EDGE_CURVE('',#18529,#18825,#18848,.T.);
#18848 = SURFACE_CURVE('',#18849,(#18853,#18860),.PCURVE_S1.);
#18849 = LINE('',#18850,#18851);
#18850 = CARTESIAN_POINT('',(-18.175,2.935,-2.324));
#18851 = VECTOR('',#18852,1.);
#18852 = DIRECTION('',(1.,0.,0.));
#18853 = PCURVE('',#18572,#18854);
#18854 = DEFINITIONAL_REPRESENTATION('',(#18855),#18859);
#18855 = LINE('',#18856,#18857);
#18856 = CARTESIAN_POINT('',(0.316,0.));
#18857 = VECTOR('',#18858,1.);
#18858 = DIRECTION('',(0.,1.));
#18859 = ( GEOMETRIC_REPRESENTATION_CONTEXT(2) 
PARAMETRIC_REPRESENTATION_CONTEXT() REPRESENTATION_CONTEXT('2D SPACE',''
  ) );
#18860 = PCURVE('',#18734,#18861);
#18861 = DEFINITIONAL_REPRESENTATION('',(#18862),#18866);
#18862 = LINE('',#18863,#18864);
#18863 = CARTESIAN_POINT('',(-0.,-0.223445742855));
#18864 = VECTOR('',#18865,1.);
#18865 = DIRECTION('',(-1.,0.));
#18866 = ( GEOMETRIC_REPRESENTATION_CONTEXT(2) 
PARAMETRIC_REPRESENTATION_CONTEXT() REPRESENTATION_CONTEXT('2D SPACE',''
  ) );
#18867 = ORIENTED_EDGE('',*,*,#18556,.T.);
#18868 = ORIENTED_EDGE('',*,*,#18800,.T.);
#18869 = ADVANCED_FACE('',(#18870),#18631,.T.);
#18870 = FACE_BOUND('',#18871,.T.);
#18871 = EDGE_LOOP('',(#18872,#18873,#18899,#18900));
#18872 = ORIENTED_EDGE('',*,*,#18613,.F.);
#18873 = ORIENTED_EDGE('',*,*,#18874,.T.);
#18874 = EDGE_CURVE('',#18614,#18825,#18875,.T.);
#18875 = SURFACE_CURVE('',#18876,(#18880,#18887),.PCURVE_S1.);
#18876 = LINE('',#18877,#18878);
#18877 = CARTESIAN_POINT('',(-17.385,2.145,-2.324));
#18878 = VECTOR('',#18879,1.);
#18879 = DIRECTION('',(0.,1.,0.));
#18880 = PCURVE('',#18631,#18881);
#18881 = DEFINITIONAL_REPRESENTATION('',(#18882),#18886);
#18882 = LINE('',#18883,#18884);
#18883 = CARTESIAN_POINT('',(0.316,0.));
#18884 = VECTOR('',#18885,1.);
#18885 = DIRECTION('',(0.,-1.));
#18886 = ( GEOMETRIC_REPRESENTATION_CONTEXT(2) 
PARAMETRIC_REPRESENTATION_CONTEXT() REPRESENTATION_CONTEXT('2D SPACE',''
  ) );
#18887 = PCURVE('',#18888,#18893);
#18888 = PLANE('',#18889);
#18889 = AXIS2_PLACEMENT_3D('',#18890,#18891,#18892);
#18890 = CARTESIAN_POINT('',(-17.543,2.145,-2.482));
#18891 = DIRECTION('',(-0.707106781187,0.,0.707106781187));
#18892 = DIRECTION('',(0.,1.,0.));
#18893 = DEFINITIONAL_REPRESENTATION('',(#18894),#18898);
#18894 = LINE('',#18895,#18896);
#18895 = CARTESIAN_POINT('',(0.,-0.223445742855));
#18896 = VECTOR('',#18897,1.);
#18897 = DIRECTION('',(1.,0.));
#18898 = ( GEOMETRIC_REPRESENTATION_CONTEXT(2) 
PARAMETRIC_REPRESENTATION_CONTEXT() REPRESENTATION_CONTEXT('2D SPACE',''
  ) );
#18899 = ORIENTED_EDGE('',*,*,#18824,.T.);
#18900 = ORIENTED_EDGE('',*,*,#18777,.F.);
#18901 = ADVANCED_FACE('',(#18902),#18657,.T.);
#18902 = FACE_BOUND('',#18903,.F.);
#18903 = EDGE_LOOP('',(#18904,#18905,#18906,#18929));
#18904 = ORIENTED_EDGE('',*,*,#18694,.F.);
#18905 = ORIENTED_EDGE('',*,*,#18643,.T.);
#18906 = ORIENTED_EDGE('',*,*,#18907,.T.);
#18907 = EDGE_CURVE('',#18614,#18908,#18910,.T.);
#18908 = VERTEX_POINT('',#18909);
#18909 = CARTESIAN_POINT('',(-17.701,2.461,-2.64));
#18910 = SURFACE_CURVE('',#18911,(#18915,#18922),.PCURVE_S1.);
#18911 = LINE('',#18912,#18913);
#18912 = CARTESIAN_POINT('',(-17.622,2.382,-2.561));
#18913 = VECTOR('',#18914,1.);
#18914 = DIRECTION('',(-0.57735026919,0.57735026919,-0.57735026919));
#18915 = PCURVE('',#18657,#18916);
#18916 = DEFINITIONAL_REPRESENTATION('',(#18917),#18921);
#18917 = LINE('',#18918,#18919);
#18918 = CARTESIAN_POINT('',(-0.553,0.111722871427));
#18919 = VECTOR('',#18920,1.);
#18920 = DIRECTION('',(0.57735026919,0.816496580928));
#18921 = ( GEOMETRIC_REPRESENTATION_CONTEXT(2) 
PARAMETRIC_REPRESENTATION_CONTEXT() REPRESENTATION_CONTEXT('2D SPACE',''
  ) );
#18922 = PCURVE('',#18888,#18923);
#18923 = DEFINITIONAL_REPRESENTATION('',(#18924),#18928);
#18924 = LINE('',#18925,#18926);
#18925 = CARTESIAN_POINT('',(0.237,0.111722871427));
#18926 = VECTOR('',#18927,1.);
#18927 = DIRECTION('',(0.57735026919,0.816496580928));
#18928 = ( GEOMETRIC_REPRESENTATION_CONTEXT(2) 
PARAMETRIC_REPRESENTATION_CONTEXT() REPRESENTATION_CONTEXT('2D SPACE',''
  ) );
#18929 = ORIENTED_EDGE('',*,*,#18930,.F.);
#18930 = EDGE_CURVE('',#18695,#18908,#18931,.T.);
#18931 = SURFACE_CURVE('',#18932,(#18936,#18943),.PCURVE_S1.);
#18932 = LINE('',#18933,#18934);
#18933 = CARTESIAN_POINT('',(-18.175,2.461,-2.64));
#18934 = VECTOR('',#18935,1.);
#18935 = DIRECTION('',(1.,0.,0.));
#18936 = PCURVE('',#18657,#18937);
#18937 = DEFINITIONAL_REPRESENTATION('',(#18938),#18942);
#18938 = LINE('',#18939,#18940);
#18939 = CARTESIAN_POINT('',(-0.,0.223445742855));
#18940 = VECTOR('',#18941,1.);
#18941 = DIRECTION('',(-1.,0.));
#18942 = ( GEOMETRIC_REPRESENTATION_CONTEXT(2) 
PARAMETRIC_REPRESENTATION_CONTEXT() REPRESENTATION_CONTEXT('2D SPACE',''
  ) );
#18943 = PCURVE('',#18760,#18944);
#18944 = DEFINITIONAL_REPRESENTATION('',(#18945),#18949);
#18945 = LINE('',#18946,#18947);
#18946 = CARTESIAN_POINT('',(0.,0.316));
#18947 = VECTOR('',#18948,1.);
#18948 = DIRECTION('',(1.,0.));
#18949 = ( GEOMETRIC_REPRESENTATION_CONTEXT(2) 
PARAMETRIC_REPRESENTATION_CONTEXT() REPRESENTATION_CONTEXT('2D SPACE',''
  ) );
#18950 = ADVANCED_FACE('',(#18951),#18760,.F.);
#18951 = FACE_BOUND('',#18952,.F.);
#18952 = EDGE_LOOP('',(#18953,#18954,#18977,#18998));
#18953 = ORIENTED_EDGE('',*,*,#18930,.T.);
#18954 = ORIENTED_EDGE('',*,*,#18955,.T.);
#18955 = EDGE_CURVE('',#18908,#18956,#18958,.T.);
#18956 = VERTEX_POINT('',#18957);
#18957 = CARTESIAN_POINT('',(-17.701,2.619,-2.64));
#18958 = SURFACE_CURVE('',#18959,(#18963,#18970),.PCURVE_S1.);
#18959 = LINE('',#18960,#18961);
#18960 = CARTESIAN_POINT('',(-17.701,2.145,-2.64));
#18961 = VECTOR('',#18962,1.);
#18962 = DIRECTION('',(0.,1.,0.));
#18963 = PCURVE('',#18760,#18964);
#18964 = DEFINITIONAL_REPRESENTATION('',(#18965),#18969);
#18965 = LINE('',#18966,#18967);
#18966 = CARTESIAN_POINT('',(0.474,0.));
#18967 = VECTOR('',#18968,1.);
#18968 = DIRECTION('',(0.,1.));
#18969 = ( GEOMETRIC_REPRESENTATION_CONTEXT(2) 
PARAMETRIC_REPRESENTATION_CONTEXT() REPRESENTATION_CONTEXT('2D SPACE',''
  ) );
#18970 = PCURVE('',#18888,#18971);
#18971 = DEFINITIONAL_REPRESENTATION('',(#18972),#18976);
#18972 = LINE('',#18973,#18974);
#18973 = CARTESIAN_POINT('',(0.,0.223445742855));
#18974 = VECTOR('',#18975,1.);
#18975 = DIRECTION('',(1.,0.));
#18976 = ( GEOMETRIC_REPRESENTATION_CONTEXT(2) 
PARAMETRIC_REPRESENTATION_CONTEXT() REPRESENTATION_CONTEXT('2D SPACE',''
  ) );
#18977 = ORIENTED_EDGE('',*,*,#18978,.F.);
#18978 = EDGE_CURVE('',#18719,#18956,#18979,.T.);
#18979 = SURFACE_CURVE('',#18980,(#18984,#18991),.PCURVE_S1.);
#18980 = LINE('',#18981,#18982);
#18981 = CARTESIAN_POINT('',(-18.175,2.619,-2.64));
#18982 = VECTOR('',#18983,1.);
#18983 = DIRECTION('',(1.,0.,0.));
#18984 = PCURVE('',#18760,#18985);
#18985 = DEFINITIONAL_REPRESENTATION('',(#18986),#18990);
#18986 = LINE('',#18987,#18988);
#18987 = CARTESIAN_POINT('',(0.,0.474));
#18988 = VECTOR('',#18989,1.);
#18989 = DIRECTION('',(1.,0.));
#18990 = ( GEOMETRIC_REPRESENTATION_CONTEXT(2) 
PARAMETRIC_REPRESENTATION_CONTEXT() REPRESENTATION_CONTEXT('2D SPACE',''
  ) );
#18991 = PCURVE('',#18734,#18992);
#18992 = DEFINITIONAL_REPRESENTATION('',(#18993),#18997);
#18993 = LINE('',#18994,#18995);
#18994 = CARTESIAN_POINT('',(-0.,0.223445742855));
#18995 = VECTOR('',#18996,1.);
#18996 = DIRECTION('',(-1.,0.));
#18997 = ( GEOMETRIC_REPRESENTATION_CONTEXT(2) 
PARAMETRIC_REPRESENTATION_CONTEXT() REPRESENTATION_CONTEXT('2D SPACE',''
  ) );
#18998 = ORIENTED_EDGE('',*,*,#18746,.F.);
#18999 = ADVANCED_FACE('',(#19000),#18734,.F.);
#19000 = FACE_BOUND('',#19001,.T.);
#19001 = EDGE_LOOP('',(#19002,#19003,#19004,#19025));
#19002 = ORIENTED_EDGE('',*,*,#18718,.F.);
#19003 = ORIENTED_EDGE('',*,*,#18847,.T.);
#19004 = ORIENTED_EDGE('',*,*,#19005,.T.);
#19005 = EDGE_CURVE('',#18825,#18956,#19006,.T.);
#19006 = SURFACE_CURVE('',#19007,(#19011,#19018),.PCURVE_S1.);
#19007 = LINE('',#19008,#19009);
#19008 = CARTESIAN_POINT('',(-17.75366666666,2.566333333333,
    -2.692666666667));
#19009 = VECTOR('',#19010,1.);
#19010 = DIRECTION('',(-0.57735026919,-0.57735026919,-0.57735026919));
#19011 = PCURVE('',#18734,#19012);
#19012 = DEFINITIONAL_REPRESENTATION('',(#19013),#19017);
#19013 = LINE('',#19014,#19015);
#19014 = CARTESIAN_POINT('',(-0.421333333333,0.29792765714));
#19015 = VECTOR('',#19016,1.);
#19016 = DIRECTION('',(0.57735026919,0.816496580928));
#19017 = ( GEOMETRIC_REPRESENTATION_CONTEXT(2) 
PARAMETRIC_REPRESENTATION_CONTEXT() REPRESENTATION_CONTEXT('2D SPACE',''
  ) );
#19018 = PCURVE('',#18888,#19019);
#19019 = DEFINITIONAL_REPRESENTATION('',(#19020),#19024);
#19020 = LINE('',#19021,#19022);
#19021 = CARTESIAN_POINT('',(0.421333333333,0.29792765714));
#19022 = VECTOR('',#19023,1.);
#19023 = DIRECTION('',(-0.57735026919,0.816496580928));
#19024 = ( GEOMETRIC_REPRESENTATION_CONTEXT(2) 
PARAMETRIC_REPRESENTATION_CONTEXT() REPRESENTATION_CONTEXT('2D SPACE',''
  ) );
#19025 = ORIENTED_EDGE('',*,*,#18978,.F.);
#19026 = ADVANCED_FACE('',(#19027),#18888,.F.);
#19027 = FACE_BOUND('',#19028,.F.);
#19028 = EDGE_LOOP('',(#19029,#19030,#19031,#19032));
#19029 = ORIENTED_EDGE('',*,*,#18907,.F.);
#19030 = ORIENTED_EDGE('',*,*,#18874,.T.);
#19031 = ORIENTED_EDGE('',*,*,#19005,.T.);
#19032 = ORIENTED_EDGE('',*,*,#18955,.F.);
#19033 = MANIFOLD_SOLID_BREP('',#19034);
#19034 = CLOSED_SHELL('',(#19035,#19155,#19236,#19317,#19366,#19415,
    #19447,#19496,#19545,#19572));
#19035 = ADVANCED_FACE('',(#19036),#19050,.F.);
#19036 = FACE_BOUND('',#19037,.F.);
#19037 = EDGE_LOOP('',(#19038,#19073,#19101,#19129));
#19038 = ORIENTED_EDGE('',*,*,#19039,.F.);
#19039 = EDGE_CURVE('',#19040,#19042,#19044,.T.);
#19040 = VERTEX_POINT('',#19041);
#19041 = CARTESIAN_POINT('',(-20.715,-0.395,-2.324));
#19042 = VERTEX_POINT('',#19043);
#19043 = CARTESIAN_POINT('',(-20.715,-0.395,1.702));
#19044 = SURFACE_CURVE('',#19045,(#19049,#19061),.PCURVE_S1.);
#19045 = LINE('',#19046,#19047);
#19046 = CARTESIAN_POINT('',(-20.715,-0.395,-2.64));
#19047 = VECTOR('',#19048,1.);
#19048 = DIRECTION('',(0.,0.,1.));
#19049 = PCURVE('',#19050,#19055);
#19050 = PLANE('',#19051);
#19051 = AXIS2_PLACEMENT_3D('',#19052,#19053,#19054);
#19052 = CARTESIAN_POINT('',(-20.715,-0.395,-2.64));
#19053 = DIRECTION('',(1.,0.,0.));
#19054 = DIRECTION('',(0.,0.,1.));
#19055 = DEFINITIONAL_REPRESENTATION('',(#19056),#19060);
#19056 = LINE('',#19057,#19058);
#19057 = CARTESIAN_POINT('',(0.,0.));
#19058 = VECTOR('',#19059,1.);
#19059 = DIRECTION('',(1.,0.));
#19060 = ( GEOMETRIC_REPRESENTATION_CONTEXT(2) 
PARAMETRIC_REPRESENTATION_CONTEXT() REPRESENTATION_CONTEXT('2D SPACE',''
  ) );
#19061 = PCURVE('',#19062,#19067);
#19062 = PLANE('',#19063);
#19063 = AXIS2_PLACEMENT_3D('',#19064,#19065,#19066);
#19064 = CARTESIAN_POINT('',(-20.715,-0.395,-2.64));
#19065 = DIRECTION('',(0.,1.,0.));
#19066 = DIRECTION('',(0.,0.,1.));
#19067 = DEFINITIONAL_REPRESENTATION('',(#19068),#19072);
#19068 = LINE('',#19069,#19070);
#19069 = CARTESIAN_POINT('',(0.,0.));
#19070 = VECTOR('',#19071,1.);
#19071 = DIRECTION('',(1.,0.));
#19072 = ( GEOMETRIC_REPRESENTATION_CONTEXT(2) 
PARAMETRIC_REPRESENTATION_CONTEXT() REPRESENTATION_CONTEXT('2D SPACE',''
  ) );
#19073 = ORIENTED_EDGE('',*,*,#19074,.T.);
#19074 = EDGE_CURVE('',#19040,#19075,#19077,.T.);
#19075 = VERTEX_POINT('',#19076);
#19076 = CARTESIAN_POINT('',(-20.715,0.395,-2.324));
#19077 = SURFACE_CURVE('',#19078,(#19082,#19089),.PCURVE_S1.);
#19078 = LINE('',#19079,#19080);
#19079 = CARTESIAN_POINT('',(-20.715,-0.395,-2.324));
#19080 = VECTOR('',#19081,1.);
#19081 = DIRECTION('',(0.,1.,0.));
#19082 = PCURVE('',#19050,#19083);
#19083 = DEFINITIONAL_REPRESENTATION('',(#19084),#19088);
#19084 = LINE('',#19085,#19086);
#19085 = CARTESIAN_POINT('',(0.316,0.));
#19086 = VECTOR('',#19087,1.);
#19087 = DIRECTION('',(0.,-1.));
#19088 = ( GEOMETRIC_REPRESENTATION_CONTEXT(2) 
PARAMETRIC_REPRESENTATION_CONTEXT() REPRESENTATION_CONTEXT('2D SPACE',''
  ) );
#19089 = PCURVE('',#19090,#19095);
#19090 = PLANE('',#19091);
#19091 = AXIS2_PLACEMENT_3D('',#19092,#19093,#19094);
#19092 = CARTESIAN_POINT('',(-20.557,-0.395,-2.482));
#19093 = DIRECTION('',(-0.707106781187,0.,-0.707106781187));
#19094 = DIRECTION('',(0.,1.,0.));
#19095 = DEFINITIONAL_REPRESENTATION('',(#19096),#19100);
#19096 = LINE('',#19097,#19098);
#19097 = CARTESIAN_POINT('',(0.,-0.223445742855));
#19098 = VECTOR('',#19099,1.);
#19099 = DIRECTION('',(1.,0.));
#19100 = ( GEOMETRIC_REPRESENTATION_CONTEXT(2) 
PARAMETRIC_REPRESENTATION_CONTEXT() REPRESENTATION_CONTEXT('2D SPACE',''
  ) );
#19101 = ORIENTED_EDGE('',*,*,#19102,.T.);
#19102 = EDGE_CURVE('',#19075,#19103,#19105,.T.);
#19103 = VERTEX_POINT('',#19104);
#19104 = CARTESIAN_POINT('',(-20.715,0.395,1.702));
#19105 = SURFACE_CURVE('',#19106,(#19110,#19117),.PCURVE_S1.);
#19106 = LINE('',#19107,#19108);
#19107 = CARTESIAN_POINT('',(-20.715,0.395,-2.64));
#19108 = VECTOR('',#19109,1.);
#19109 = DIRECTION('',(0.,0.,1.));
#19110 = PCURVE('',#19050,#19111);
#19111 = DEFINITIONAL_REPRESENTATION('',(#19112),#19116);
#19112 = LINE('',#19113,#19114);
#19113 = CARTESIAN_POINT('',(0.,-0.79));
#19114 = VECTOR('',#19115,1.);
#19115 = DIRECTION('',(1.,0.));
#19116 = ( GEOMETRIC_REPRESENTATION_CONTEXT(2) 
PARAMETRIC_REPRESENTATION_CONTEXT() REPRESENTATION_CONTEXT('2D SPACE',''
  ) );
#19117 = PCURVE('',#19118,#19123);
#19118 = PLANE('',#19119);
#19119 = AXIS2_PLACEMENT_3D('',#19120,#19121,#19122);
#19120 = CARTESIAN_POINT('',(-20.715,0.395,-2.64));
#19121 = DIRECTION('',(0.,1.,0.));
#19122 = DIRECTION('',(0.,0.,1.));
#19123 = DEFINITIONAL_REPRESENTATION('',(#19124),#19128);
#19124 = LINE('',#19125,#19126);
#19125 = CARTESIAN_POINT('',(0.,0.));
#19126 = VECTOR('',#19127,1.);
#19127 = DIRECTION('',(1.,0.));
#19128 = ( GEOMETRIC_REPRESENTATION_CONTEXT(2) 
PARAMETRIC_REPRESENTATION_CONTEXT() REPRESENTATION_CONTEXT('2D SPACE',''
  ) );
#19129 = ORIENTED_EDGE('',*,*,#19130,.F.);
#19130 = EDGE_CURVE('',#19042,#19103,#19131,.T.);
#19131 = SURFACE_CURVE('',#19132,(#19136,#19143),.PCURVE_S1.);
#19132 = LINE('',#19133,#19134);
#19133 = CARTESIAN_POINT('',(-20.715,-0.395,1.702));
#19134 = VECTOR('',#19135,1.);
#19135 = DIRECTION('',(0.,1.,0.));
#19136 = PCURVE('',#19050,#19137);
#19137 = DEFINITIONAL_REPRESENTATION('',(#19138),#19142);
#19138 = LINE('',#19139,#19140);
#19139 = CARTESIAN_POINT('',(4.342,0.));
#19140 = VECTOR('',#19141,1.);
#19141 = DIRECTION('',(0.,-1.));
#19142 = ( GEOMETRIC_REPRESENTATION_CONTEXT(2) 
PARAMETRIC_REPRESENTATION_CONTEXT() REPRESENTATION_CONTEXT('2D SPACE',''
  ) );
#19143 = PCURVE('',#19144,#19149);
#19144 = PLANE('',#19145);
#19145 = AXIS2_PLACEMENT_3D('',#19146,#19147,#19148);
#19146 = CARTESIAN_POINT('',(-20.715,-0.395,1.702));
#19147 = DIRECTION('',(0.,0.,1.));
#19148 = DIRECTION('',(1.,0.,0.));
#19149 = DEFINITIONAL_REPRESENTATION('',(#19150),#19154);
#19150 = LINE('',#19151,#19152);
#19151 = CARTESIAN_POINT('',(0.,0.));
#19152 = VECTOR('',#19153,1.);
#19153 = DIRECTION('',(0.,1.));
#19154 = ( GEOMETRIC_REPRESENTATION_CONTEXT(2) 
PARAMETRIC_REPRESENTATION_CONTEXT() REPRESENTATION_CONTEXT('2D SPACE',''
  ) );
#19155 = ADVANCED_FACE('',(#19156),#19062,.F.);
#19156 = FACE_BOUND('',#19157,.F.);
#19157 = EDGE_LOOP('',(#19158,#19188,#19214,#19215));
#19158 = ORIENTED_EDGE('',*,*,#19159,.F.);
#19159 = EDGE_CURVE('',#19160,#19162,#19164,.T.);
#19160 = VERTEX_POINT('',#19161);
#19161 = CARTESIAN_POINT('',(-19.925,-0.395,-2.324));
#19162 = VERTEX_POINT('',#19163);
#19163 = CARTESIAN_POINT('',(-19.925,-0.395,1.702));
#19164 = SURFACE_CURVE('',#19165,(#19169,#19176),.PCURVE_S1.);
#19165 = LINE('',#19166,#19167);
#19166 = CARTESIAN_POINT('',(-19.925,-0.395,-2.64));
#19167 = VECTOR('',#19168,1.);
#19168 = DIRECTION('',(0.,0.,1.));
#19169 = PCURVE('',#19062,#19170);
#19170 = DEFINITIONAL_REPRESENTATION('',(#19171),#19175);
#19171 = LINE('',#19172,#19173);
#19172 = CARTESIAN_POINT('',(0.,0.79));
#19173 = VECTOR('',#19174,1.);
#19174 = DIRECTION('',(1.,0.));
#19175 = ( GEOMETRIC_REPRESENTATION_CONTEXT(2) 
PARAMETRIC_REPRESENTATION_CONTEXT() REPRESENTATION_CONTEXT('2D SPACE',''
  ) );
#19176 = PCURVE('',#19177,#19182);
#19177 = PLANE('',#19178);
#19178 = AXIS2_PLACEMENT_3D('',#19179,#19180,#19181);
#19179 = CARTESIAN_POINT('',(-19.925,-0.395,-2.64));
#19180 = DIRECTION('',(1.,0.,0.));
#19181 = DIRECTION('',(0.,0.,1.));
#19182 = DEFINITIONAL_REPRESENTATION('',(#19183),#19187);
#19183 = LINE('',#19184,#19185);
#19184 = CARTESIAN_POINT('',(0.,0.));
#19185 = VECTOR('',#19186,1.);
#19186 = DIRECTION('',(1.,0.));
#19187 = ( GEOMETRIC_REPRESENTATION_CONTEXT(2) 
PARAMETRIC_REPRESENTATION_CONTEXT() REPRESENTATION_CONTEXT('2D SPACE',''
  ) );
#19188 = ORIENTED_EDGE('',*,*,#19189,.F.);
#19189 = EDGE_CURVE('',#19040,#19160,#19190,.T.);
#19190 = SURFACE_CURVE('',#19191,(#19195,#19202),.PCURVE_S1.);
#19191 = LINE('',#19192,#19193);
#19192 = CARTESIAN_POINT('',(-20.715,-0.395,-2.324));
#19193 = VECTOR('',#19194,1.);
#19194 = DIRECTION('',(1.,0.,0.));
#19195 = PCURVE('',#19062,#19196);
#19196 = DEFINITIONAL_REPRESENTATION('',(#19197),#19201);
#19197 = LINE('',#19198,#19199);
#19198 = CARTESIAN_POINT('',(0.316,0.));
#19199 = VECTOR('',#19200,1.);
#19200 = DIRECTION('',(0.,1.));
#19201 = ( GEOMETRIC_REPRESENTATION_CONTEXT(2) 
PARAMETRIC_REPRESENTATION_CONTEXT() REPRESENTATION_CONTEXT('2D SPACE',''
  ) );
#19202 = PCURVE('',#19203,#19208);
#19203 = PLANE('',#19204);
#19204 = AXIS2_PLACEMENT_3D('',#19205,#19206,#19207);
#19205 = CARTESIAN_POINT('',(-20.715,-0.237,-2.482));
#19206 = DIRECTION('',(0.,-0.707106781187,-0.707106781187));
#19207 = DIRECTION('',(-1.,-0.,-0.));
#19208 = DEFINITIONAL_REPRESENTATION('',(#19209),#19213);
#19209 = LINE('',#19210,#19211);
#19210 = CARTESIAN_POINT('',(-0.,-0.223445742855));
#19211 = VECTOR('',#19212,1.);
#19212 = DIRECTION('',(-1.,0.));
#19213 = ( GEOMETRIC_REPRESENTATION_CONTEXT(2) 
PARAMETRIC_REPRESENTATION_CONTEXT() REPRESENTATION_CONTEXT('2D SPACE',''
  ) );
#19214 = ORIENTED_EDGE('',*,*,#19039,.T.);
#19215 = ORIENTED_EDGE('',*,*,#19216,.T.);
#19216 = EDGE_CURVE('',#19042,#19162,#19217,.T.);
#19217 = SURFACE_CURVE('',#19218,(#19222,#19229),.PCURVE_S1.);
#19218 = LINE('',#19219,#19220);
#19219 = CARTESIAN_POINT('',(-20.715,-0.395,1.702));
#19220 = VECTOR('',#19221,1.);
#19221 = DIRECTION('',(1.,0.,0.));
#19222 = PCURVE('',#19062,#19223);
#19223 = DEFINITIONAL_REPRESENTATION('',(#19224),#19228);
#19224 = LINE('',#19225,#19226);
#19225 = CARTESIAN_POINT('',(4.342,0.));
#19226 = VECTOR('',#19227,1.);
#19227 = DIRECTION('',(0.,1.));
#19228 = ( GEOMETRIC_REPRESENTATION_CONTEXT(2) 
PARAMETRIC_REPRESENTATION_CONTEXT() REPRESENTATION_CONTEXT('2D SPACE',''
  ) );
#19229 = PCURVE('',#19144,#19230);
#19230 = DEFINITIONAL_REPRESENTATION('',(#19231),#19235);
#19231 = LINE('',#19232,#19233);
#19232 = CARTESIAN_POINT('',(0.,0.));
#19233 = VECTOR('',#19234,1.);
#19234 = DIRECTION('',(1.,0.));
#19235 = ( GEOMETRIC_REPRESENTATION_CONTEXT(2) 
PARAMETRIC_REPRESENTATION_CONTEXT() REPRESENTATION_CONTEXT('2D SPACE',''
  ) );
#19236 = ADVANCED_FACE('',(#19237),#19090,.T.);
#19237 = FACE_BOUND('',#19238,.T.);
#19238 = EDGE_LOOP('',(#19239,#19262,#19263,#19291));
#19239 = ORIENTED_EDGE('',*,*,#19240,.F.);
#19240 = EDGE_CURVE('',#19040,#19241,#19243,.T.);
#19241 = VERTEX_POINT('',#19242);
#19242 = CARTESIAN_POINT('',(-20.399,-7.9E-02,-2.64));
#19243 = SURFACE_CURVE('',#19244,(#19248,#19255),.PCURVE_S1.);
#19244 = LINE('',#19245,#19246);
#19245 = CARTESIAN_POINT('',(-20.60966666666,-0.289666666667,
    -2.429333333333));
#19246 = VECTOR('',#19247,1.);
#19247 = DIRECTION('',(0.57735026919,0.57735026919,-0.57735026919));
#19248 = PCURVE('',#19090,#19249);
#19249 = DEFINITIONAL_REPRESENTATION('',(#19250),#19254);
#19250 = LINE('',#19251,#19252);
#19251 = CARTESIAN_POINT('',(0.105333333333,-7.448191428498E-02));
#19252 = VECTOR('',#19253,1.);
#19253 = DIRECTION('',(0.57735026919,0.816496580928));
#19254 = ( GEOMETRIC_REPRESENTATION_CONTEXT(2) 
PARAMETRIC_REPRESENTATION_CONTEXT() REPRESENTATION_CONTEXT('2D SPACE',''
  ) );
#19255 = PCURVE('',#19203,#19256);
#19256 = DEFINITIONAL_REPRESENTATION('',(#19257),#19261);
#19257 = LINE('',#19258,#19259);
#19258 = CARTESIAN_POINT('',(-0.105333333333,-7.448191428498E-02));
#19259 = VECTOR('',#19260,1.);
#19260 = DIRECTION('',(-0.57735026919,0.816496580928));
#19261 = ( GEOMETRIC_REPRESENTATION_CONTEXT(2) 
PARAMETRIC_REPRESENTATION_CONTEXT() REPRESENTATION_CONTEXT('2D SPACE',''
  ) );
#19262 = ORIENTED_EDGE('',*,*,#19074,.T.);
#19263 = ORIENTED_EDGE('',*,*,#19264,.T.);
#19264 = EDGE_CURVE('',#19075,#19265,#19267,.T.);
#19265 = VERTEX_POINT('',#19266);
#19266 = CARTESIAN_POINT('',(-20.399,7.9E-02,-2.64));
#19267 = SURFACE_CURVE('',#19268,(#19272,#19279),.PCURVE_S1.);
#19268 = LINE('',#19269,#19270);
#19269 = CARTESIAN_POINT('',(-20.478,0.158,-2.561));
#19270 = VECTOR('',#19271,1.);
#19271 = DIRECTION('',(0.57735026919,-0.57735026919,-0.57735026919));
#19272 = PCURVE('',#19090,#19273);
#19273 = DEFINITIONAL_REPRESENTATION('',(#19274),#19278);
#19274 = LINE('',#19275,#19276);
#19275 = CARTESIAN_POINT('',(0.553,0.111722871427));
#19276 = VECTOR('',#19277,1.);
#19277 = DIRECTION('',(-0.57735026919,0.816496580928));
#19278 = ( GEOMETRIC_REPRESENTATION_CONTEXT(2) 
PARAMETRIC_REPRESENTATION_CONTEXT() REPRESENTATION_CONTEXT('2D SPACE',''
  ) );
#19279 = PCURVE('',#19280,#19285);
#19280 = PLANE('',#19281);
#19281 = AXIS2_PLACEMENT_3D('',#19282,#19283,#19284);
#19282 = CARTESIAN_POINT('',(-20.715,0.237,-2.482));
#19283 = DIRECTION('',(0.,-0.707106781187,0.707106781187));
#19284 = DIRECTION('',(-1.,-0.,-0.));
#19285 = DEFINITIONAL_REPRESENTATION('',(#19286),#19290);
#19286 = LINE('',#19287,#19288);
#19287 = CARTESIAN_POINT('',(-0.237,0.111722871427));
#19288 = VECTOR('',#19289,1.);
#19289 = DIRECTION('',(-0.57735026919,0.816496580928));
#19290 = ( GEOMETRIC_REPRESENTATION_CONTEXT(2) 
PARAMETRIC_REPRESENTATION_CONTEXT() REPRESENTATION_CONTEXT('2D SPACE',''
  ) );
#19291 = ORIENTED_EDGE('',*,*,#19292,.F.);
#19292 = EDGE_CURVE('',#19241,#19265,#19293,.T.);
#19293 = SURFACE_CURVE('',#19294,(#19298,#19305),.PCURVE_S1.);
#19294 = LINE('',#19295,#19296);
#19295 = CARTESIAN_POINT('',(-20.399,-0.395,-2.64));
#19296 = VECTOR('',#19297,1.);
#19297 = DIRECTION('',(0.,1.,0.));
#19298 = PCURVE('',#19090,#19299);
#19299 = DEFINITIONAL_REPRESENTATION('',(#19300),#19304);
#19300 = LINE('',#19301,#19302);
#19301 = CARTESIAN_POINT('',(0.,0.223445742855));
#19302 = VECTOR('',#19303,1.);
#19303 = DIRECTION('',(1.,0.));
#19304 = ( GEOMETRIC_REPRESENTATION_CONTEXT(2) 
PARAMETRIC_REPRESENTATION_CONTEXT() REPRESENTATION_CONTEXT('2D SPACE',''
  ) );
#19305 = PCURVE('',#19306,#19311);
#19306 = PLANE('',#19307);
#19307 = AXIS2_PLACEMENT_3D('',#19308,#19309,#19310);
#19308 = CARTESIAN_POINT('',(-20.715,-0.395,-2.64));
#19309 = DIRECTION('',(0.,0.,1.));
#19310 = DIRECTION('',(1.,0.,0.));
#19311 = DEFINITIONAL_REPRESENTATION('',(#19312),#19316);
#19312 = LINE('',#19313,#19314);
#19313 = CARTESIAN_POINT('',(0.316,0.));
#19314 = VECTOR('',#19315,1.);
#19315 = DIRECTION('',(0.,1.));
#19316 = ( GEOMETRIC_REPRESENTATION_CONTEXT(2) 
PARAMETRIC_REPRESENTATION_CONTEXT() REPRESENTATION_CONTEXT('2D SPACE',''
  ) );
#19317 = ADVANCED_FACE('',(#19318),#19144,.T.);
#19318 = FACE_BOUND('',#19319,.T.);
#19319 = EDGE_LOOP('',(#19320,#19321,#19322,#19345));
#19320 = ORIENTED_EDGE('',*,*,#19130,.F.);
#19321 = ORIENTED_EDGE('',*,*,#19216,.T.);
#19322 = ORIENTED_EDGE('',*,*,#19323,.T.);
#19323 = EDGE_CURVE('',#19162,#19324,#19326,.T.);
#19324 = VERTEX_POINT('',#19325);
#19325 = CARTESIAN_POINT('',(-19.925,0.395,1.702));
#19326 = SURFACE_CURVE('',#19327,(#19331,#19338),.PCURVE_S1.);
#19327 = LINE('',#19328,#19329);
#19328 = CARTESIAN_POINT('',(-19.925,-0.395,1.702));
#19329 = VECTOR('',#19330,1.);
#19330 = DIRECTION('',(0.,1.,0.));
#19331 = PCURVE('',#19144,#19332);
#19332 = DEFINITIONAL_REPRESENTATION('',(#19333),#19337);
#19333 = LINE('',#19334,#19335);
#19334 = CARTESIAN_POINT('',(0.79,0.));
#19335 = VECTOR('',#19336,1.);
#19336 = DIRECTION('',(0.,1.));
#19337 = ( GEOMETRIC_REPRESENTATION_CONTEXT(2) 
PARAMETRIC_REPRESENTATION_CONTEXT() REPRESENTATION_CONTEXT('2D SPACE',''
  ) );
#19338 = PCURVE('',#19177,#19339);
#19339 = DEFINITIONAL_REPRESENTATION('',(#19340),#19344);
#19340 = LINE('',#19341,#19342);
#19341 = CARTESIAN_POINT('',(4.342,0.));
#19342 = VECTOR('',#19343,1.);
#19343 = DIRECTION('',(0.,-1.));
#19344 = ( GEOMETRIC_REPRESENTATION_CONTEXT(2) 
PARAMETRIC_REPRESENTATION_CONTEXT() REPRESENTATION_CONTEXT('2D SPACE',''
  ) );
#19345 = ORIENTED_EDGE('',*,*,#19346,.F.);
#19346 = EDGE_CURVE('',#19103,#19324,#19347,.T.);
#19347 = SURFACE_CURVE('',#19348,(#19352,#19359),.PCURVE_S1.);
#19348 = LINE('',#19349,#19350);
#19349 = CARTESIAN_POINT('',(-20.715,0.395,1.702));
#19350 = VECTOR('',#19351,1.);
#19351 = DIRECTION('',(1.,0.,0.));
#19352 = PCURVE('',#19144,#19353);
#19353 = DEFINITIONAL_REPRESENTATION('',(#19354),#19358);
#19354 = LINE('',#19355,#19356);
#19355 = CARTESIAN_POINT('',(0.,0.79));
#19356 = VECTOR('',#19357,1.);
#19357 = DIRECTION('',(1.,0.));
#19358 = ( GEOMETRIC_REPRESENTATION_CONTEXT(2) 
PARAMETRIC_REPRESENTATION_CONTEXT() REPRESENTATION_CONTEXT('2D SPACE',''
  ) );
#19359 = PCURVE('',#19118,#19360);
#19360 = DEFINITIONAL_REPRESENTATION('',(#19361),#19365);
#19361 = LINE('',#19362,#19363);
#19362 = CARTESIAN_POINT('',(4.342,0.));
#19363 = VECTOR('',#19364,1.);
#19364 = DIRECTION('',(0.,1.));
#19365 = ( GEOMETRIC_REPRESENTATION_CONTEXT(2) 
PARAMETRIC_REPRESENTATION_CONTEXT() REPRESENTATION_CONTEXT('2D SPACE',''
  ) );
#19366 = ADVANCED_FACE('',(#19367),#19118,.T.);
#19367 = FACE_BOUND('',#19368,.T.);
#19368 = EDGE_LOOP('',(#19369,#19392,#19413,#19414));
#19369 = ORIENTED_EDGE('',*,*,#19370,.F.);
#19370 = EDGE_CURVE('',#19371,#19324,#19373,.T.);
#19371 = VERTEX_POINT('',#19372);
#19372 = CARTESIAN_POINT('',(-19.925,0.395,-2.324));
#19373 = SURFACE_CURVE('',#19374,(#19378,#19385),.PCURVE_S1.);
#19374 = LINE('',#19375,#19376);
#19375 = CARTESIAN_POINT('',(-19.925,0.395,-2.64));
#19376 = VECTOR('',#19377,1.);
#19377 = DIRECTION('',(0.,0.,1.));
#19378 = PCURVE('',#19118,#19379);
#19379 = DEFINITIONAL_REPRESENTATION('',(#19380),#19384);
#19380 = LINE('',#19381,#19382);
#19381 = CARTESIAN_POINT('',(0.,0.79));
#19382 = VECTOR('',#19383,1.);
#19383 = DIRECTION('',(1.,0.));
#19384 = ( GEOMETRIC_REPRESENTATION_CONTEXT(2) 
PARAMETRIC_REPRESENTATION_CONTEXT() REPRESENTATION_CONTEXT('2D SPACE',''
  ) );
#19385 = PCURVE('',#19177,#19386);
#19386 = DEFINITIONAL_REPRESENTATION('',(#19387),#19391);
#19387 = LINE('',#19388,#19389);
#19388 = CARTESIAN_POINT('',(0.,-0.79));
#19389 = VECTOR('',#19390,1.);
#19390 = DIRECTION('',(1.,0.));
#19391 = ( GEOMETRIC_REPRESENTATION_CONTEXT(2) 
PARAMETRIC_REPRESENTATION_CONTEXT() REPRESENTATION_CONTEXT('2D SPACE',''
  ) );
#19392 = ORIENTED_EDGE('',*,*,#19393,.F.);
#19393 = EDGE_CURVE('',#19075,#19371,#19394,.T.);
#19394 = SURFACE_CURVE('',#19395,(#19399,#19406),.PCURVE_S1.);
#19395 = LINE('',#19396,#19397);
#19396 = CARTESIAN_POINT('',(-20.715,0.395,-2.324));
#19397 = VECTOR('',#19398,1.);
#19398 = DIRECTION('',(1.,0.,0.));
#19399 = PCURVE('',#19118,#19400);
#19400 = DEFINITIONAL_REPRESENTATION('',(#19401),#19405);
#19401 = LINE('',#19402,#19403);
#19402 = CARTESIAN_POINT('',(0.316,0.));
#19403 = VECTOR('',#19404,1.);
#19404 = DIRECTION('',(0.,1.));
#19405 = ( GEOMETRIC_REPRESENTATION_CONTEXT(2) 
PARAMETRIC_REPRESENTATION_CONTEXT() REPRESENTATION_CONTEXT('2D SPACE',''
  ) );
#19406 = PCURVE('',#19280,#19407);
#19407 = DEFINITIONAL_REPRESENTATION('',(#19408),#19412);
#19408 = LINE('',#19409,#19410);
#19409 = CARTESIAN_POINT('',(-0.,-0.223445742855));
#19410 = VECTOR('',#19411,1.);
#19411 = DIRECTION('',(-1.,0.));
#19412 = ( GEOMETRIC_REPRESENTATION_CONTEXT(2) 
PARAMETRIC_REPRESENTATION_CONTEXT() REPRESENTATION_CONTEXT('2D SPACE',''
  ) );
#19413 = ORIENTED_EDGE('',*,*,#19102,.T.);
#19414 = ORIENTED_EDGE('',*,*,#19346,.T.);
#19415 = ADVANCED_FACE('',(#19416),#19177,.T.);
#19416 = FACE_BOUND('',#19417,.T.);
#19417 = EDGE_LOOP('',(#19418,#19419,#19445,#19446));
#19418 = ORIENTED_EDGE('',*,*,#19159,.F.);
#19419 = ORIENTED_EDGE('',*,*,#19420,.T.);
#19420 = EDGE_CURVE('',#19160,#19371,#19421,.T.);
#19421 = SURFACE_CURVE('',#19422,(#19426,#19433),.PCURVE_S1.);
#19422 = LINE('',#19423,#19424);
#19423 = CARTESIAN_POINT('',(-19.925,-0.395,-2.324));
#19424 = VECTOR('',#19425,1.);
#19425 = DIRECTION('',(0.,1.,0.));
#19426 = PCURVE('',#19177,#19427);
#19427 = DEFINITIONAL_REPRESENTATION('',(#19428),#19432);
#19428 = LINE('',#19429,#19430);
#19429 = CARTESIAN_POINT('',(0.316,0.));
#19430 = VECTOR('',#19431,1.);
#19431 = DIRECTION('',(0.,-1.));
#19432 = ( GEOMETRIC_REPRESENTATION_CONTEXT(2) 
PARAMETRIC_REPRESENTATION_CONTEXT() REPRESENTATION_CONTEXT('2D SPACE',''
  ) );
#19433 = PCURVE('',#19434,#19439);
#19434 = PLANE('',#19435);
#19435 = AXIS2_PLACEMENT_3D('',#19436,#19437,#19438);
#19436 = CARTESIAN_POINT('',(-20.083,-0.395,-2.482));
#19437 = DIRECTION('',(-0.707106781187,0.,0.707106781187));
#19438 = DIRECTION('',(0.,1.,0.));
#19439 = DEFINITIONAL_REPRESENTATION('',(#19440),#19444);
#19440 = LINE('',#19441,#19442);
#19441 = CARTESIAN_POINT('',(0.,-0.223445742855));
#19442 = VECTOR('',#19443,1.);
#19443 = DIRECTION('',(1.,0.));
#19444 = ( GEOMETRIC_REPRESENTATION_CONTEXT(2) 
PARAMETRIC_REPRESENTATION_CONTEXT() REPRESENTATION_CONTEXT('2D SPACE',''
  ) );
#19445 = ORIENTED_EDGE('',*,*,#19370,.T.);
#19446 = ORIENTED_EDGE('',*,*,#19323,.F.);
#19447 = ADVANCED_FACE('',(#19448),#19203,.T.);
#19448 = FACE_BOUND('',#19449,.F.);
#19449 = EDGE_LOOP('',(#19450,#19451,#19452,#19475));
#19450 = ORIENTED_EDGE('',*,*,#19240,.F.);
#19451 = ORIENTED_EDGE('',*,*,#19189,.T.);
#19452 = ORIENTED_EDGE('',*,*,#19453,.T.);
#19453 = EDGE_CURVE('',#19160,#19454,#19456,.T.);
#19454 = VERTEX_POINT('',#19455);
#19455 = CARTESIAN_POINT('',(-20.241,-7.9E-02,-2.64));
#19456 = SURFACE_CURVE('',#19457,(#19461,#19468),.PCURVE_S1.);
#19457 = LINE('',#19458,#19459);
#19458 = CARTESIAN_POINT('',(-20.162,-0.158,-2.561));
#19459 = VECTOR('',#19460,1.);
#19460 = DIRECTION('',(-0.57735026919,0.57735026919,-0.57735026919));
#19461 = PCURVE('',#19203,#19462);
#19462 = DEFINITIONAL_REPRESENTATION('',(#19463),#19467);
#19463 = LINE('',#19464,#19465);
#19464 = CARTESIAN_POINT('',(-0.553,0.111722871427));
#19465 = VECTOR('',#19466,1.);
#19466 = DIRECTION('',(0.57735026919,0.816496580928));
#19467 = ( GEOMETRIC_REPRESENTATION_CONTEXT(2) 
PARAMETRIC_REPRESENTATION_CONTEXT() REPRESENTATION_CONTEXT('2D SPACE',''
  ) );
#19468 = PCURVE('',#19434,#19469);
#19469 = DEFINITIONAL_REPRESENTATION('',(#19470),#19474);
#19470 = LINE('',#19471,#19472);
#19471 = CARTESIAN_POINT('',(0.237,0.111722871427));
#19472 = VECTOR('',#19473,1.);
#19473 = DIRECTION('',(0.57735026919,0.816496580928));
#19474 = ( GEOMETRIC_REPRESENTATION_CONTEXT(2) 
PARAMETRIC_REPRESENTATION_CONTEXT() REPRESENTATION_CONTEXT('2D SPACE',''
  ) );
#19475 = ORIENTED_EDGE('',*,*,#19476,.F.);
#19476 = EDGE_CURVE('',#19241,#19454,#19477,.T.);
#19477 = SURFACE_CURVE('',#19478,(#19482,#19489),.PCURVE_S1.);
#19478 = LINE('',#19479,#19480);
#19479 = CARTESIAN_POINT('',(-20.715,-7.9E-02,-2.64));
#19480 = VECTOR('',#19481,1.);
#19481 = DIRECTION('',(1.,0.,0.));
#19482 = PCURVE('',#19203,#19483);
#19483 = DEFINITIONAL_REPRESENTATION('',(#19484),#19488);
#19484 = LINE('',#19485,#19486);
#19485 = CARTESIAN_POINT('',(-0.,0.223445742855));
#19486 = VECTOR('',#19487,1.);
#19487 = DIRECTION('',(-1.,0.));
#19488 = ( GEOMETRIC_REPRESENTATION_CONTEXT(2) 
PARAMETRIC_REPRESENTATION_CONTEXT() REPRESENTATION_CONTEXT('2D SPACE',''
  ) );
#19489 = PCURVE('',#19306,#19490);
#19490 = DEFINITIONAL_REPRESENTATION('',(#19491),#19495);
#19491 = LINE('',#19492,#19493);
#19492 = CARTESIAN_POINT('',(0.,0.316));
#19493 = VECTOR('',#19494,1.);
#19494 = DIRECTION('',(1.,0.));
#19495 = ( GEOMETRIC_REPRESENTATION_CONTEXT(2) 
PARAMETRIC_REPRESENTATION_CONTEXT() REPRESENTATION_CONTEXT('2D SPACE',''
  ) );
#19496 = ADVANCED_FACE('',(#19497),#19306,.F.);
#19497 = FACE_BOUND('',#19498,.F.);
#19498 = EDGE_LOOP('',(#19499,#19500,#19523,#19544));
#19499 = ORIENTED_EDGE('',*,*,#19476,.T.);
#19500 = ORIENTED_EDGE('',*,*,#19501,.T.);
#19501 = EDGE_CURVE('',#19454,#19502,#19504,.T.);
#19502 = VERTEX_POINT('',#19503);
#19503 = CARTESIAN_POINT('',(-20.241,7.9E-02,-2.64));
#19504 = SURFACE_CURVE('',#19505,(#19509,#19516),.PCURVE_S1.);
#19505 = LINE('',#19506,#19507);
#19506 = CARTESIAN_POINT('',(-20.241,-0.395,-2.64));
#19507 = VECTOR('',#19508,1.);
#19508 = DIRECTION('',(0.,1.,0.));
#19509 = PCURVE('',#19306,#19510);
#19510 = DEFINITIONAL_REPRESENTATION('',(#19511),#19515);
#19511 = LINE('',#19512,#19513);
#19512 = CARTESIAN_POINT('',(0.474,0.));
#19513 = VECTOR('',#19514,1.);
#19514 = DIRECTION('',(0.,1.));
#19515 = ( GEOMETRIC_REPRESENTATION_CONTEXT(2) 
PARAMETRIC_REPRESENTATION_CONTEXT() REPRESENTATION_CONTEXT('2D SPACE',''
  ) );
#19516 = PCURVE('',#19434,#19517);
#19517 = DEFINITIONAL_REPRESENTATION('',(#19518),#19522);
#19518 = LINE('',#19519,#19520);
#19519 = CARTESIAN_POINT('',(0.,0.223445742855));
#19520 = VECTOR('',#19521,1.);
#19521 = DIRECTION('',(1.,0.));
#19522 = ( GEOMETRIC_REPRESENTATION_CONTEXT(2) 
PARAMETRIC_REPRESENTATION_CONTEXT() REPRESENTATION_CONTEXT('2D SPACE',''
  ) );
#19523 = ORIENTED_EDGE('',*,*,#19524,.F.);
#19524 = EDGE_CURVE('',#19265,#19502,#19525,.T.);
#19525 = SURFACE_CURVE('',#19526,(#19530,#19537),.PCURVE_S1.);
#19526 = LINE('',#19527,#19528);
#19527 = CARTESIAN_POINT('',(-20.715,7.9E-02,-2.64));
#19528 = VECTOR('',#19529,1.);
#19529 = DIRECTION('',(1.,0.,0.));
#19530 = PCURVE('',#19306,#19531);
#19531 = DEFINITIONAL_REPRESENTATION('',(#19532),#19536);
#19532 = LINE('',#19533,#19534);
#19533 = CARTESIAN_POINT('',(0.,0.474));
#19534 = VECTOR('',#19535,1.);
#19535 = DIRECTION('',(1.,0.));
#19536 = ( GEOMETRIC_REPRESENTATION_CONTEXT(2) 
PARAMETRIC_REPRESENTATION_CONTEXT() REPRESENTATION_CONTEXT('2D SPACE',''
  ) );
#19537 = PCURVE('',#19280,#19538);
#19538 = DEFINITIONAL_REPRESENTATION('',(#19539),#19543);
#19539 = LINE('',#19540,#19541);
#19540 = CARTESIAN_POINT('',(-0.,0.223445742855));
#19541 = VECTOR('',#19542,1.);
#19542 = DIRECTION('',(-1.,0.));
#19543 = ( GEOMETRIC_REPRESENTATION_CONTEXT(2) 
PARAMETRIC_REPRESENTATION_CONTEXT() REPRESENTATION_CONTEXT('2D SPACE',''
  ) );
#19544 = ORIENTED_EDGE('',*,*,#19292,.F.);
#19545 = ADVANCED_FACE('',(#19546),#19280,.F.);
#19546 = FACE_BOUND('',#19547,.T.);
#19547 = EDGE_LOOP('',(#19548,#19549,#19550,#19571));
#19548 = ORIENTED_EDGE('',*,*,#19264,.F.);
#19549 = ORIENTED_EDGE('',*,*,#19393,.T.);
#19550 = ORIENTED_EDGE('',*,*,#19551,.T.);
#19551 = EDGE_CURVE('',#19371,#19502,#19552,.T.);
#19552 = SURFACE_CURVE('',#19553,(#19557,#19564),.PCURVE_S1.);
#19553 = LINE('',#19554,#19555);
#19554 = CARTESIAN_POINT('',(-20.29366666666,2.633333333333E-02,
    -2.692666666667));
#19555 = VECTOR('',#19556,1.);
#19556 = DIRECTION('',(-0.57735026919,-0.57735026919,-0.57735026919));
#19557 = PCURVE('',#19280,#19558);
#19558 = DEFINITIONAL_REPRESENTATION('',(#19559),#19563);
#19559 = LINE('',#19560,#19561);
#19560 = CARTESIAN_POINT('',(-0.421333333333,0.29792765714));
#19561 = VECTOR('',#19562,1.);
#19562 = DIRECTION('',(0.57735026919,0.816496580928));
#19563 = ( GEOMETRIC_REPRESENTATION_CONTEXT(2) 
PARAMETRIC_REPRESENTATION_CONTEXT() REPRESENTATION_CONTEXT('2D SPACE',''
  ) );
#19564 = PCURVE('',#19434,#19565);
#19565 = DEFINITIONAL_REPRESENTATION('',(#19566),#19570);
#19566 = LINE('',#19567,#19568);
#19567 = CARTESIAN_POINT('',(0.421333333333,0.29792765714));
#19568 = VECTOR('',#19569,1.);
#19569 = DIRECTION('',(-0.57735026919,0.816496580928));
#19570 = ( GEOMETRIC_REPRESENTATION_CONTEXT(2) 
PARAMETRIC_REPRESENTATION_CONTEXT() REPRESENTATION_CONTEXT('2D SPACE',''
  ) );
#19571 = ORIENTED_EDGE('',*,*,#19524,.F.);
#19572 = ADVANCED_FACE('',(#19573),#19434,.F.);
#19573 = FACE_BOUND('',#19574,.F.);
#19574 = EDGE_LOOP('',(#19575,#19576,#19577,#19578));
#19575 = ORIENTED_EDGE('',*,*,#19453,.F.);
#19576 = ORIENTED_EDGE('',*,*,#19420,.T.);
#19577 = ORIENTED_EDGE('',*,*,#19551,.T.);
#19578 = ORIENTED_EDGE('',*,*,#19501,.F.);
#19579 = MANIFOLD_SOLID_BREP('',#19580);
#19580 = CLOSED_SHELL('',(#19581,#19701,#19782,#19863,#19912,#19961,
    #19993,#20042,#20091,#20118));
#19581 = ADVANCED_FACE('',(#19582),#19596,.F.);
#19582 = FACE_BOUND('',#19583,.F.);
#19583 = EDGE_LOOP('',(#19584,#19619,#19647,#19675));
#19584 = ORIENTED_EDGE('',*,*,#19585,.F.);
#19585 = EDGE_CURVE('',#19586,#19588,#19590,.T.);
#19586 = VERTEX_POINT('',#19587);
#19587 = CARTESIAN_POINT('',(-20.715,2.145,-2.324));
#19588 = VERTEX_POINT('',#19589);
#19589 = CARTESIAN_POINT('',(-20.715,2.145,1.702));
#19590 = SURFACE_CURVE('',#19591,(#19595,#19607),.PCURVE_S1.);
#19591 = LINE('',#19592,#19593);
#19592 = CARTESIAN_POINT('',(-20.715,2.145,-2.64));
#19593 = VECTOR('',#19594,1.);
#19594 = DIRECTION('',(0.,0.,1.));
#19595 = PCURVE('',#19596,#19601);
#19596 = PLANE('',#19597);
#19597 = AXIS2_PLACEMENT_3D('',#19598,#19599,#19600);
#19598 = CARTESIAN_POINT('',(-20.715,2.145,-2.64));
#19599 = DIRECTION('',(1.,0.,0.));
#19600 = DIRECTION('',(0.,0.,1.));
#19601 = DEFINITIONAL_REPRESENTATION('',(#19602),#19606);
#19602 = LINE('',#19603,#19604);
#19603 = CARTESIAN_POINT('',(0.,0.));
#19604 = VECTOR('',#19605,1.);
#19605 = DIRECTION('',(1.,0.));
#19606 = ( GEOMETRIC_REPRESENTATION_CONTEXT(2) 
PARAMETRIC_REPRESENTATION_CONTEXT() REPRESENTATION_CONTEXT('2D SPACE',''
  ) );
#19607 = PCURVE('',#19608,#19613);
#19608 = PLANE('',#19609);
#19609 = AXIS2_PLACEMENT_3D('',#19610,#19611,#19612);
#19610 = CARTESIAN_POINT('',(-20.715,2.145,-2.64));
#19611 = DIRECTION('',(0.,1.,0.));
#19612 = DIRECTION('',(0.,0.,1.));
#19613 = DEFINITIONAL_REPRESENTATION('',(#19614),#19618);
#19614 = LINE('',#19615,#19616);
#19615 = CARTESIAN_POINT('',(0.,0.));
#19616 = VECTOR('',#19617,1.);
#19617 = DIRECTION('',(1.,0.));
#19618 = ( GEOMETRIC_REPRESENTATION_CONTEXT(2) 
PARAMETRIC_REPRESENTATION_CONTEXT() REPRESENTATION_CONTEXT('2D SPACE',''
  ) );
#19619 = ORIENTED_EDGE('',*,*,#19620,.T.);
#19620 = EDGE_CURVE('',#19586,#19621,#19623,.T.);
#19621 = VERTEX_POINT('',#19622);
#19622 = CARTESIAN_POINT('',(-20.715,2.935,-2.324));
#19623 = SURFACE_CURVE('',#19624,(#19628,#19635),.PCURVE_S1.);
#19624 = LINE('',#19625,#19626);
#19625 = CARTESIAN_POINT('',(-20.715,2.145,-2.324));
#19626 = VECTOR('',#19627,1.);
#19627 = DIRECTION('',(0.,1.,0.));
#19628 = PCURVE('',#19596,#19629);
#19629 = DEFINITIONAL_REPRESENTATION('',(#19630),#19634);
#19630 = LINE('',#19631,#19632);
#19631 = CARTESIAN_POINT('',(0.316,0.));
#19632 = VECTOR('',#19633,1.);
#19633 = DIRECTION('',(0.,-1.));
#19634 = ( GEOMETRIC_REPRESENTATION_CONTEXT(2) 
PARAMETRIC_REPRESENTATION_CONTEXT() REPRESENTATION_CONTEXT('2D SPACE',''
  ) );
#19635 = PCURVE('',#19636,#19641);
#19636 = PLANE('',#19637);
#19637 = AXIS2_PLACEMENT_3D('',#19638,#19639,#19640);
#19638 = CARTESIAN_POINT('',(-20.557,2.145,-2.482));
#19639 = DIRECTION('',(-0.707106781187,0.,-0.707106781187));
#19640 = DIRECTION('',(0.,1.,0.));
#19641 = DEFINITIONAL_REPRESENTATION('',(#19642),#19646);
#19642 = LINE('',#19643,#19644);
#19643 = CARTESIAN_POINT('',(0.,-0.223445742855));
#19644 = VECTOR('',#19645,1.);
#19645 = DIRECTION('',(1.,0.));
#19646 = ( GEOMETRIC_REPRESENTATION_CONTEXT(2) 
PARAMETRIC_REPRESENTATION_CONTEXT() REPRESENTATION_CONTEXT('2D SPACE',''
  ) );
#19647 = ORIENTED_EDGE('',*,*,#19648,.T.);
#19648 = EDGE_CURVE('',#19621,#19649,#19651,.T.);
#19649 = VERTEX_POINT('',#19650);
#19650 = CARTESIAN_POINT('',(-20.715,2.935,1.702));
#19651 = SURFACE_CURVE('',#19652,(#19656,#19663),.PCURVE_S1.);
#19652 = LINE('',#19653,#19654);
#19653 = CARTESIAN_POINT('',(-20.715,2.935,-2.64));
#19654 = VECTOR('',#19655,1.);
#19655 = DIRECTION('',(0.,0.,1.));
#19656 = PCURVE('',#19596,#19657);
#19657 = DEFINITIONAL_REPRESENTATION('',(#19658),#19662);
#19658 = LINE('',#19659,#19660);
#19659 = CARTESIAN_POINT('',(0.,-0.79));
#19660 = VECTOR('',#19661,1.);
#19661 = DIRECTION('',(1.,0.));
#19662 = ( GEOMETRIC_REPRESENTATION_CONTEXT(2) 
PARAMETRIC_REPRESENTATION_CONTEXT() REPRESENTATION_CONTEXT('2D SPACE',''
  ) );
#19663 = PCURVE('',#19664,#19669);
#19664 = PLANE('',#19665);
#19665 = AXIS2_PLACEMENT_3D('',#19666,#19667,#19668);
#19666 = CARTESIAN_POINT('',(-20.715,2.935,-2.64));
#19667 = DIRECTION('',(0.,1.,0.));
#19668 = DIRECTION('',(0.,0.,1.));
#19669 = DEFINITIONAL_REPRESENTATION('',(#19670),#19674);
#19670 = LINE('',#19671,#19672);
#19671 = CARTESIAN_POINT('',(0.,0.));
#19672 = VECTOR('',#19673,1.);
#19673 = DIRECTION('',(1.,0.));
#19674 = ( GEOMETRIC_REPRESENTATION_CONTEXT(2) 
PARAMETRIC_REPRESENTATION_CONTEXT() REPRESENTATION_CONTEXT('2D SPACE',''
  ) );
#19675 = ORIENTED_EDGE('',*,*,#19676,.F.);
#19676 = EDGE_CURVE('',#19588,#19649,#19677,.T.);
#19677 = SURFACE_CURVE('',#19678,(#19682,#19689),.PCURVE_S1.);
#19678 = LINE('',#19679,#19680);
#19679 = CARTESIAN_POINT('',(-20.715,2.145,1.702));
#19680 = VECTOR('',#19681,1.);
#19681 = DIRECTION('',(0.,1.,0.));
#19682 = PCURVE('',#19596,#19683);
#19683 = DEFINITIONAL_REPRESENTATION('',(#19684),#19688);
#19684 = LINE('',#19685,#19686);
#19685 = CARTESIAN_POINT('',(4.342,0.));
#19686 = VECTOR('',#19687,1.);
#19687 = DIRECTION('',(0.,-1.));
#19688 = ( GEOMETRIC_REPRESENTATION_CONTEXT(2) 
PARAMETRIC_REPRESENTATION_CONTEXT() REPRESENTATION_CONTEXT('2D SPACE',''
  ) );
#19689 = PCURVE('',#19690,#19695);
#19690 = PLANE('',#19691);
#19691 = AXIS2_PLACEMENT_3D('',#19692,#19693,#19694);
#19692 = CARTESIAN_POINT('',(-20.715,2.145,1.702));
#19693 = DIRECTION('',(0.,0.,1.));
#19694 = DIRECTION('',(1.,0.,0.));
#19695 = DEFINITIONAL_REPRESENTATION('',(#19696),#19700);
#19696 = LINE('',#19697,#19698);
#19697 = CARTESIAN_POINT('',(0.,0.));
#19698 = VECTOR('',#19699,1.);
#19699 = DIRECTION('',(0.,1.));
#19700 = ( GEOMETRIC_REPRESENTATION_CONTEXT(2) 
PARAMETRIC_REPRESENTATION_CONTEXT() REPRESENTATION_CONTEXT('2D SPACE',''
  ) );
#19701 = ADVANCED_FACE('',(#19702),#19608,.F.);
#19702 = FACE_BOUND('',#19703,.F.);
#19703 = EDGE_LOOP('',(#19704,#19734,#19760,#19761));
#19704 = ORIENTED_EDGE('',*,*,#19705,.F.);
#19705 = EDGE_CURVE('',#19706,#19708,#19710,.T.);
#19706 = VERTEX_POINT('',#19707);
#19707 = CARTESIAN_POINT('',(-19.925,2.145,-2.324));
#19708 = VERTEX_POINT('',#19709);
#19709 = CARTESIAN_POINT('',(-19.925,2.145,1.702));
#19710 = SURFACE_CURVE('',#19711,(#19715,#19722),.PCURVE_S1.);
#19711 = LINE('',#19712,#19713);
#19712 = CARTESIAN_POINT('',(-19.925,2.145,-2.64));
#19713 = VECTOR('',#19714,1.);
#19714 = DIRECTION('',(0.,0.,1.));
#19715 = PCURVE('',#19608,#19716);
#19716 = DEFINITIONAL_REPRESENTATION('',(#19717),#19721);
#19717 = LINE('',#19718,#19719);
#19718 = CARTESIAN_POINT('',(0.,0.79));
#19719 = VECTOR('',#19720,1.);
#19720 = DIRECTION('',(1.,0.));
#19721 = ( GEOMETRIC_REPRESENTATION_CONTEXT(2) 
PARAMETRIC_REPRESENTATION_CONTEXT() REPRESENTATION_CONTEXT('2D SPACE',''
  ) );
#19722 = PCURVE('',#19723,#19728);
#19723 = PLANE('',#19724);
#19724 = AXIS2_PLACEMENT_3D('',#19725,#19726,#19727);
#19725 = CARTESIAN_POINT('',(-19.925,2.145,-2.64));
#19726 = DIRECTION('',(1.,0.,0.));
#19727 = DIRECTION('',(0.,0.,1.));
#19728 = DEFINITIONAL_REPRESENTATION('',(#19729),#19733);
#19729 = LINE('',#19730,#19731);
#19730 = CARTESIAN_POINT('',(0.,0.));
#19731 = VECTOR('',#19732,1.);
#19732 = DIRECTION('',(1.,0.));
#19733 = ( GEOMETRIC_REPRESENTATION_CONTEXT(2) 
PARAMETRIC_REPRESENTATION_CONTEXT() REPRESENTATION_CONTEXT('2D SPACE',''
  ) );
#19734 = ORIENTED_EDGE('',*,*,#19735,.F.);
#19735 = EDGE_CURVE('',#19586,#19706,#19736,.T.);
#19736 = SURFACE_CURVE('',#19737,(#19741,#19748),.PCURVE_S1.);
#19737 = LINE('',#19738,#19739);
#19738 = CARTESIAN_POINT('',(-20.715,2.145,-2.324));
#19739 = VECTOR('',#19740,1.);
#19740 = DIRECTION('',(1.,0.,0.));
#19741 = PCURVE('',#19608,#19742);
#19742 = DEFINITIONAL_REPRESENTATION('',(#19743),#19747);
#19743 = LINE('',#19744,#19745);
#19744 = CARTESIAN_POINT('',(0.316,0.));
#19745 = VECTOR('',#19746,1.);
#19746 = DIRECTION('',(0.,1.));
#19747 = ( GEOMETRIC_REPRESENTATION_CONTEXT(2) 
PARAMETRIC_REPRESENTATION_CONTEXT() REPRESENTATION_CONTEXT('2D SPACE',''
  ) );
#19748 = PCURVE('',#19749,#19754);
#19749 = PLANE('',#19750);
#19750 = AXIS2_PLACEMENT_3D('',#19751,#19752,#19753);
#19751 = CARTESIAN_POINT('',(-20.715,2.303,-2.482));
#19752 = DIRECTION('',(0.,-0.707106781187,-0.707106781187));
#19753 = DIRECTION('',(-1.,-0.,-0.));
#19754 = DEFINITIONAL_REPRESENTATION('',(#19755),#19759);
#19755 = LINE('',#19756,#19757);
#19756 = CARTESIAN_POINT('',(-0.,-0.223445742855));
#19757 = VECTOR('',#19758,1.);
#19758 = DIRECTION('',(-1.,0.));
#19759 = ( GEOMETRIC_REPRESENTATION_CONTEXT(2) 
PARAMETRIC_REPRESENTATION_CONTEXT() REPRESENTATION_CONTEXT('2D SPACE',''
  ) );
#19760 = ORIENTED_EDGE('',*,*,#19585,.T.);
#19761 = ORIENTED_EDGE('',*,*,#19762,.T.);
#19762 = EDGE_CURVE('',#19588,#19708,#19763,.T.);
#19763 = SURFACE_CURVE('',#19764,(#19768,#19775),.PCURVE_S1.);
#19764 = LINE('',#19765,#19766);
#19765 = CARTESIAN_POINT('',(-20.715,2.145,1.702));
#19766 = VECTOR('',#19767,1.);
#19767 = DIRECTION('',(1.,0.,0.));
#19768 = PCURVE('',#19608,#19769);
#19769 = DEFINITIONAL_REPRESENTATION('',(#19770),#19774);
#19770 = LINE('',#19771,#19772);
#19771 = CARTESIAN_POINT('',(4.342,0.));
#19772 = VECTOR('',#19773,1.);
#19773 = DIRECTION('',(0.,1.));
#19774 = ( GEOMETRIC_REPRESENTATION_CONTEXT(2) 
PARAMETRIC_REPRESENTATION_CONTEXT() REPRESENTATION_CONTEXT('2D SPACE',''
  ) );
#19775 = PCURVE('',#19690,#19776);
#19776 = DEFINITIONAL_REPRESENTATION('',(#19777),#19781);
#19777 = LINE('',#19778,#19779);
#19778 = CARTESIAN_POINT('',(0.,0.));
#19779 = VECTOR('',#19780,1.);
#19780 = DIRECTION('',(1.,0.));
#19781 = ( GEOMETRIC_REPRESENTATION_CONTEXT(2) 
PARAMETRIC_REPRESENTATION_CONTEXT() REPRESENTATION_CONTEXT('2D SPACE',''
  ) );
#19782 = ADVANCED_FACE('',(#19783),#19636,.T.);
#19783 = FACE_BOUND('',#19784,.T.);
#19784 = EDGE_LOOP('',(#19785,#19808,#19809,#19837));
#19785 = ORIENTED_EDGE('',*,*,#19786,.F.);
#19786 = EDGE_CURVE('',#19586,#19787,#19789,.T.);
#19787 = VERTEX_POINT('',#19788);
#19788 = CARTESIAN_POINT('',(-20.399,2.461,-2.64));
#19789 = SURFACE_CURVE('',#19790,(#19794,#19801),.PCURVE_S1.);
#19790 = LINE('',#19791,#19792);
#19791 = CARTESIAN_POINT('',(-20.60966666666,2.250333333333,
    -2.429333333333));
#19792 = VECTOR('',#19793,1.);
#19793 = DIRECTION('',(0.57735026919,0.57735026919,-0.57735026919));
#19794 = PCURVE('',#19636,#19795);
#19795 = DEFINITIONAL_REPRESENTATION('',(#19796),#19800);
#19796 = LINE('',#19797,#19798);
#19797 = CARTESIAN_POINT('',(0.105333333333,-7.448191428498E-02));
#19798 = VECTOR('',#19799,1.);
#19799 = DIRECTION('',(0.57735026919,0.816496580928));
#19800 = ( GEOMETRIC_REPRESENTATION_CONTEXT(2) 
PARAMETRIC_REPRESENTATION_CONTEXT() REPRESENTATION_CONTEXT('2D SPACE',''
  ) );
#19801 = PCURVE('',#19749,#19802);
#19802 = DEFINITIONAL_REPRESENTATION('',(#19803),#19807);
#19803 = LINE('',#19804,#19805);
#19804 = CARTESIAN_POINT('',(-0.105333333333,-7.448191428498E-02));
#19805 = VECTOR('',#19806,1.);
#19806 = DIRECTION('',(-0.57735026919,0.816496580928));
#19807 = ( GEOMETRIC_REPRESENTATION_CONTEXT(2) 
PARAMETRIC_REPRESENTATION_CONTEXT() REPRESENTATION_CONTEXT('2D SPACE',''
  ) );
#19808 = ORIENTED_EDGE('',*,*,#19620,.T.);
#19809 = ORIENTED_EDGE('',*,*,#19810,.T.);
#19810 = EDGE_CURVE('',#19621,#19811,#19813,.T.);
#19811 = VERTEX_POINT('',#19812);
#19812 = CARTESIAN_POINT('',(-20.399,2.619,-2.64));
#19813 = SURFACE_CURVE('',#19814,(#19818,#19825),.PCURVE_S1.);
#19814 = LINE('',#19815,#19816);
#19815 = CARTESIAN_POINT('',(-20.478,2.698,-2.561));
#19816 = VECTOR('',#19817,1.);
#19817 = DIRECTION('',(0.57735026919,-0.57735026919,-0.57735026919));
#19818 = PCURVE('',#19636,#19819);
#19819 = DEFINITIONAL_REPRESENTATION('',(#19820),#19824);
#19820 = LINE('',#19821,#19822);
#19821 = CARTESIAN_POINT('',(0.553,0.111722871427));
#19822 = VECTOR('',#19823,1.);
#19823 = DIRECTION('',(-0.57735026919,0.816496580928));
#19824 = ( GEOMETRIC_REPRESENTATION_CONTEXT(2) 
PARAMETRIC_REPRESENTATION_CONTEXT() REPRESENTATION_CONTEXT('2D SPACE',''
  ) );
#19825 = PCURVE('',#19826,#19831);
#19826 = PLANE('',#19827);
#19827 = AXIS2_PLACEMENT_3D('',#19828,#19829,#19830);
#19828 = CARTESIAN_POINT('',(-20.715,2.777,-2.482));
#19829 = DIRECTION('',(0.,-0.707106781187,0.707106781187));
#19830 = DIRECTION('',(-1.,-0.,-0.));
#19831 = DEFINITIONAL_REPRESENTATION('',(#19832),#19836);
#19832 = LINE('',#19833,#19834);
#19833 = CARTESIAN_POINT('',(-0.237,0.111722871427));
#19834 = VECTOR('',#19835,1.);
#19835 = DIRECTION('',(-0.57735026919,0.816496580928));
#19836 = ( GEOMETRIC_REPRESENTATION_CONTEXT(2) 
PARAMETRIC_REPRESENTATION_CONTEXT() REPRESENTATION_CONTEXT('2D SPACE',''
  ) );
#19837 = ORIENTED_EDGE('',*,*,#19838,.F.);
#19838 = EDGE_CURVE('',#19787,#19811,#19839,.T.);
#19839 = SURFACE_CURVE('',#19840,(#19844,#19851),.PCURVE_S1.);
#19840 = LINE('',#19841,#19842);
#19841 = CARTESIAN_POINT('',(-20.399,2.145,-2.64));
#19842 = VECTOR('',#19843,1.);
#19843 = DIRECTION('',(0.,1.,0.));
#19844 = PCURVE('',#19636,#19845);
#19845 = DEFINITIONAL_REPRESENTATION('',(#19846),#19850);
#19846 = LINE('',#19847,#19848);
#19847 = CARTESIAN_POINT('',(0.,0.223445742855));
#19848 = VECTOR('',#19849,1.);
#19849 = DIRECTION('',(1.,0.));
#19850 = ( GEOMETRIC_REPRESENTATION_CONTEXT(2) 
PARAMETRIC_REPRESENTATION_CONTEXT() REPRESENTATION_CONTEXT('2D SPACE',''
  ) );
#19851 = PCURVE('',#19852,#19857);
#19852 = PLANE('',#19853);
#19853 = AXIS2_PLACEMENT_3D('',#19854,#19855,#19856);
#19854 = CARTESIAN_POINT('',(-20.715,2.145,-2.64));
#19855 = DIRECTION('',(0.,0.,1.));
#19856 = DIRECTION('',(1.,0.,0.));
#19857 = DEFINITIONAL_REPRESENTATION('',(#19858),#19862);
#19858 = LINE('',#19859,#19860);
#19859 = CARTESIAN_POINT('',(0.316,0.));
#19860 = VECTOR('',#19861,1.);
#19861 = DIRECTION('',(0.,1.));
#19862 = ( GEOMETRIC_REPRESENTATION_CONTEXT(2) 
PARAMETRIC_REPRESENTATION_CONTEXT() REPRESENTATION_CONTEXT('2D SPACE',''
  ) );
#19863 = ADVANCED_FACE('',(#19864),#19690,.T.);
#19864 = FACE_BOUND('',#19865,.T.);
#19865 = EDGE_LOOP('',(#19866,#19867,#19868,#19891));
#19866 = ORIENTED_EDGE('',*,*,#19676,.F.);
#19867 = ORIENTED_EDGE('',*,*,#19762,.T.);
#19868 = ORIENTED_EDGE('',*,*,#19869,.T.);
#19869 = EDGE_CURVE('',#19708,#19870,#19872,.T.);
#19870 = VERTEX_POINT('',#19871);
#19871 = CARTESIAN_POINT('',(-19.925,2.935,1.702));
#19872 = SURFACE_CURVE('',#19873,(#19877,#19884),.PCURVE_S1.);
#19873 = LINE('',#19874,#19875);
#19874 = CARTESIAN_POINT('',(-19.925,2.145,1.702));
#19875 = VECTOR('',#19876,1.);
#19876 = DIRECTION('',(0.,1.,0.));
#19877 = PCURVE('',#19690,#19878);
#19878 = DEFINITIONAL_REPRESENTATION('',(#19879),#19883);
#19879 = LINE('',#19880,#19881);
#19880 = CARTESIAN_POINT('',(0.79,0.));
#19881 = VECTOR('',#19882,1.);
#19882 = DIRECTION('',(0.,1.));
#19883 = ( GEOMETRIC_REPRESENTATION_CONTEXT(2) 
PARAMETRIC_REPRESENTATION_CONTEXT() REPRESENTATION_CONTEXT('2D SPACE',''
  ) );
#19884 = PCURVE('',#19723,#19885);
#19885 = DEFINITIONAL_REPRESENTATION('',(#19886),#19890);
#19886 = LINE('',#19887,#19888);
#19887 = CARTESIAN_POINT('',(4.342,0.));
#19888 = VECTOR('',#19889,1.);
#19889 = DIRECTION('',(0.,-1.));
#19890 = ( GEOMETRIC_REPRESENTATION_CONTEXT(2) 
PARAMETRIC_REPRESENTATION_CONTEXT() REPRESENTATION_CONTEXT('2D SPACE',''
  ) );
#19891 = ORIENTED_EDGE('',*,*,#19892,.F.);
#19892 = EDGE_CURVE('',#19649,#19870,#19893,.T.);
#19893 = SURFACE_CURVE('',#19894,(#19898,#19905),.PCURVE_S1.);
#19894 = LINE('',#19895,#19896);
#19895 = CARTESIAN_POINT('',(-20.715,2.935,1.702));
#19896 = VECTOR('',#19897,1.);
#19897 = DIRECTION('',(1.,0.,0.));
#19898 = PCURVE('',#19690,#19899);
#19899 = DEFINITIONAL_REPRESENTATION('',(#19900),#19904);
#19900 = LINE('',#19901,#19902);
#19901 = CARTESIAN_POINT('',(0.,0.79));
#19902 = VECTOR('',#19903,1.);
#19903 = DIRECTION('',(1.,0.));
#19904 = ( GEOMETRIC_REPRESENTATION_CONTEXT(2) 
PARAMETRIC_REPRESENTATION_CONTEXT() REPRESENTATION_CONTEXT('2D SPACE',''
  ) );
#19905 = PCURVE('',#19664,#19906);
#19906 = DEFINITIONAL_REPRESENTATION('',(#19907),#19911);
#19907 = LINE('',#19908,#19909);
#19908 = CARTESIAN_POINT('',(4.342,0.));
#19909 = VECTOR('',#19910,1.);
#19910 = DIRECTION('',(0.,1.));
#19911 = ( GEOMETRIC_REPRESENTATION_CONTEXT(2) 
PARAMETRIC_REPRESENTATION_CONTEXT() REPRESENTATION_CONTEXT('2D SPACE',''
  ) );
#19912 = ADVANCED_FACE('',(#19913),#19664,.T.);
#19913 = FACE_BOUND('',#19914,.T.);
#19914 = EDGE_LOOP('',(#19915,#19938,#19959,#19960));
#19915 = ORIENTED_EDGE('',*,*,#19916,.F.);
#19916 = EDGE_CURVE('',#19917,#19870,#19919,.T.);
#19917 = VERTEX_POINT('',#19918);
#19918 = CARTESIAN_POINT('',(-19.925,2.935,-2.324));
#19919 = SURFACE_CURVE('',#19920,(#19924,#19931),.PCURVE_S1.);
#19920 = LINE('',#19921,#19922);
#19921 = CARTESIAN_POINT('',(-19.925,2.935,-2.64));
#19922 = VECTOR('',#19923,1.);
#19923 = DIRECTION('',(0.,0.,1.));
#19924 = PCURVE('',#19664,#19925);
#19925 = DEFINITIONAL_REPRESENTATION('',(#19926),#19930);
#19926 = LINE('',#19927,#19928);
#19927 = CARTESIAN_POINT('',(0.,0.79));
#19928 = VECTOR('',#19929,1.);
#19929 = DIRECTION('',(1.,0.));
#19930 = ( GEOMETRIC_REPRESENTATION_CONTEXT(2) 
PARAMETRIC_REPRESENTATION_CONTEXT() REPRESENTATION_CONTEXT('2D SPACE',''
  ) );
#19931 = PCURVE('',#19723,#19932);
#19932 = DEFINITIONAL_REPRESENTATION('',(#19933),#19937);
#19933 = LINE('',#19934,#19935);
#19934 = CARTESIAN_POINT('',(0.,-0.79));
#19935 = VECTOR('',#19936,1.);
#19936 = DIRECTION('',(1.,0.));
#19937 = ( GEOMETRIC_REPRESENTATION_CONTEXT(2) 
PARAMETRIC_REPRESENTATION_CONTEXT() REPRESENTATION_CONTEXT('2D SPACE',''
  ) );
#19938 = ORIENTED_EDGE('',*,*,#19939,.F.);
#19939 = EDGE_CURVE('',#19621,#19917,#19940,.T.);
#19940 = SURFACE_CURVE('',#19941,(#19945,#19952),.PCURVE_S1.);
#19941 = LINE('',#19942,#19943);
#19942 = CARTESIAN_POINT('',(-20.715,2.935,-2.324));
#19943 = VECTOR('',#19944,1.);
#19944 = DIRECTION('',(1.,0.,0.));
#19945 = PCURVE('',#19664,#19946);
#19946 = DEFINITIONAL_REPRESENTATION('',(#19947),#19951);
#19947 = LINE('',#19948,#19949);
#19948 = CARTESIAN_POINT('',(0.316,0.));
#19949 = VECTOR('',#19950,1.);
#19950 = DIRECTION('',(0.,1.));
#19951 = ( GEOMETRIC_REPRESENTATION_CONTEXT(2) 
PARAMETRIC_REPRESENTATION_CONTEXT() REPRESENTATION_CONTEXT('2D SPACE',''
  ) );
#19952 = PCURVE('',#19826,#19953);
#19953 = DEFINITIONAL_REPRESENTATION('',(#19954),#19958);
#19954 = LINE('',#19955,#19956);
#19955 = CARTESIAN_POINT('',(-0.,-0.223445742855));
#19956 = VECTOR('',#19957,1.);
#19957 = DIRECTION('',(-1.,0.));
#19958 = ( GEOMETRIC_REPRESENTATION_CONTEXT(2) 
PARAMETRIC_REPRESENTATION_CONTEXT() REPRESENTATION_CONTEXT('2D SPACE',''
  ) );
#19959 = ORIENTED_EDGE('',*,*,#19648,.T.);
#19960 = ORIENTED_EDGE('',*,*,#19892,.T.);
#19961 = ADVANCED_FACE('',(#19962),#19723,.T.);
#19962 = FACE_BOUND('',#19963,.T.);
#19963 = EDGE_LOOP('',(#19964,#19965,#19991,#19992));
#19964 = ORIENTED_EDGE('',*,*,#19705,.F.);
#19965 = ORIENTED_EDGE('',*,*,#19966,.T.);
#19966 = EDGE_CURVE('',#19706,#19917,#19967,.T.);
#19967 = SURFACE_CURVE('',#19968,(#19972,#19979),.PCURVE_S1.);
#19968 = LINE('',#19969,#19970);
#19969 = CARTESIAN_POINT('',(-19.925,2.145,-2.324));
#19970 = VECTOR('',#19971,1.);
#19971 = DIRECTION('',(0.,1.,0.));
#19972 = PCURVE('',#19723,#19973);
#19973 = DEFINITIONAL_REPRESENTATION('',(#19974),#19978);
#19974 = LINE('',#19975,#19976);
#19975 = CARTESIAN_POINT('',(0.316,0.));
#19976 = VECTOR('',#19977,1.);
#19977 = DIRECTION('',(0.,-1.));
#19978 = ( GEOMETRIC_REPRESENTATION_CONTEXT(2) 
PARAMETRIC_REPRESENTATION_CONTEXT() REPRESENTATION_CONTEXT('2D SPACE',''
  ) );
#19979 = PCURVE('',#19980,#19985);
#19980 = PLANE('',#19981);
#19981 = AXIS2_PLACEMENT_3D('',#19982,#19983,#19984);
#19982 = CARTESIAN_POINT('',(-20.083,2.145,-2.482));
#19983 = DIRECTION('',(-0.707106781187,0.,0.707106781187));
#19984 = DIRECTION('',(0.,1.,0.));
#19985 = DEFINITIONAL_REPRESENTATION('',(#19986),#19990);
#19986 = LINE('',#19987,#19988);
#19987 = CARTESIAN_POINT('',(0.,-0.223445742855));
#19988 = VECTOR('',#19989,1.);
#19989 = DIRECTION('',(1.,0.));
#19990 = ( GEOMETRIC_REPRESENTATION_CONTEXT(2) 
PARAMETRIC_REPRESENTATION_CONTEXT() REPRESENTATION_CONTEXT('2D SPACE',''
  ) );
#19991 = ORIENTED_EDGE('',*,*,#19916,.T.);
#19992 = ORIENTED_EDGE('',*,*,#19869,.F.);
#19993 = ADVANCED_FACE('',(#19994),#19749,.T.);
#19994 = FACE_BOUND('',#19995,.F.);
#19995 = EDGE_LOOP('',(#19996,#19997,#19998,#20021));
#19996 = ORIENTED_EDGE('',*,*,#19786,.F.);
#19997 = ORIENTED_EDGE('',*,*,#19735,.T.);
#19998 = ORIENTED_EDGE('',*,*,#19999,.T.);
#19999 = EDGE_CURVE('',#19706,#20000,#20002,.T.);
#20000 = VERTEX_POINT('',#20001);
#20001 = CARTESIAN_POINT('',(-20.241,2.461,-2.64));
#20002 = SURFACE_CURVE('',#20003,(#20007,#20014),.PCURVE_S1.);
#20003 = LINE('',#20004,#20005);
#20004 = CARTESIAN_POINT('',(-20.162,2.382,-2.561));
#20005 = VECTOR('',#20006,1.);
#20006 = DIRECTION('',(-0.57735026919,0.57735026919,-0.57735026919));
#20007 = PCURVE('',#19749,#20008);
#20008 = DEFINITIONAL_REPRESENTATION('',(#20009),#20013);
#20009 = LINE('',#20010,#20011);
#20010 = CARTESIAN_POINT('',(-0.553,0.111722871427));
#20011 = VECTOR('',#20012,1.);
#20012 = DIRECTION('',(0.57735026919,0.816496580928));
#20013 = ( GEOMETRIC_REPRESENTATION_CONTEXT(2) 
PARAMETRIC_REPRESENTATION_CONTEXT() REPRESENTATION_CONTEXT('2D SPACE',''
  ) );
#20014 = PCURVE('',#19980,#20015);
#20015 = DEFINITIONAL_REPRESENTATION('',(#20016),#20020);
#20016 = LINE('',#20017,#20018);
#20017 = CARTESIAN_POINT('',(0.237,0.111722871427));
#20018 = VECTOR('',#20019,1.);
#20019 = DIRECTION('',(0.57735026919,0.816496580928));
#20020 = ( GEOMETRIC_REPRESENTATION_CONTEXT(2) 
PARAMETRIC_REPRESENTATION_CONTEXT() REPRESENTATION_CONTEXT('2D SPACE',''
  ) );
#20021 = ORIENTED_EDGE('',*,*,#20022,.F.);
#20022 = EDGE_CURVE('',#19787,#20000,#20023,.T.);
#20023 = SURFACE_CURVE('',#20024,(#20028,#20035),.PCURVE_S1.);
#20024 = LINE('',#20025,#20026);
#20025 = CARTESIAN_POINT('',(-20.715,2.461,-2.64));
#20026 = VECTOR('',#20027,1.);
#20027 = DIRECTION('',(1.,0.,0.));
#20028 = PCURVE('',#19749,#20029);
#20029 = DEFINITIONAL_REPRESENTATION('',(#20030),#20034);
#20030 = LINE('',#20031,#20032);
#20031 = CARTESIAN_POINT('',(-0.,0.223445742855));
#20032 = VECTOR('',#20033,1.);
#20033 = DIRECTION('',(-1.,0.));
#20034 = ( GEOMETRIC_REPRESENTATION_CONTEXT(2) 
PARAMETRIC_REPRESENTATION_CONTEXT() REPRESENTATION_CONTEXT('2D SPACE',''
  ) );
#20035 = PCURVE('',#19852,#20036);
#20036 = DEFINITIONAL_REPRESENTATION('',(#20037),#20041);
#20037 = LINE('',#20038,#20039);
#20038 = CARTESIAN_POINT('',(0.,0.316));
#20039 = VECTOR('',#20040,1.);
#20040 = DIRECTION('',(1.,0.));
#20041 = ( GEOMETRIC_REPRESENTATION_CONTEXT(2) 
PARAMETRIC_REPRESENTATION_CONTEXT() REPRESENTATION_CONTEXT('2D SPACE',''
  ) );
#20042 = ADVANCED_FACE('',(#20043),#19852,.F.);
#20043 = FACE_BOUND('',#20044,.F.);
#20044 = EDGE_LOOP('',(#20045,#20046,#20069,#20090));
#20045 = ORIENTED_EDGE('',*,*,#20022,.T.);
#20046 = ORIENTED_EDGE('',*,*,#20047,.T.);
#20047 = EDGE_CURVE('',#20000,#20048,#20050,.T.);
#20048 = VERTEX_POINT('',#20049);
#20049 = CARTESIAN_POINT('',(-20.241,2.619,-2.64));
#20050 = SURFACE_CURVE('',#20051,(#20055,#20062),.PCURVE_S1.);
#20051 = LINE('',#20052,#20053);
#20052 = CARTESIAN_POINT('',(-20.241,2.145,-2.64));
#20053 = VECTOR('',#20054,1.);
#20054 = DIRECTION('',(0.,1.,0.));
#20055 = PCURVE('',#19852,#20056);
#20056 = DEFINITIONAL_REPRESENTATION('',(#20057),#20061);
#20057 = LINE('',#20058,#20059);
#20058 = CARTESIAN_POINT('',(0.474,0.));
#20059 = VECTOR('',#20060,1.);
#20060 = DIRECTION('',(0.,1.));
#20061 = ( GEOMETRIC_REPRESENTATION_CONTEXT(2) 
PARAMETRIC_REPRESENTATION_CONTEXT() REPRESENTATION_CONTEXT('2D SPACE',''
  ) );
#20062 = PCURVE('',#19980,#20063);
#20063 = DEFINITIONAL_REPRESENTATION('',(#20064),#20068);
#20064 = LINE('',#20065,#20066);
#20065 = CARTESIAN_POINT('',(0.,0.223445742855));
#20066 = VECTOR('',#20067,1.);
#20067 = DIRECTION('',(1.,0.));
#20068 = ( GEOMETRIC_REPRESENTATION_CONTEXT(2) 
PARAMETRIC_REPRESENTATION_CONTEXT() REPRESENTATION_CONTEXT('2D SPACE',''
  ) );
#20069 = ORIENTED_EDGE('',*,*,#20070,.F.);
#20070 = EDGE_CURVE('',#19811,#20048,#20071,.T.);
#20071 = SURFACE_CURVE('',#20072,(#20076,#20083),.PCURVE_S1.);
#20072 = LINE('',#20073,#20074);
#20073 = CARTESIAN_POINT('',(-20.715,2.619,-2.64));
#20074 = VECTOR('',#20075,1.);
#20075 = DIRECTION('',(1.,0.,0.));
#20076 = PCURVE('',#19852,#20077);
#20077 = DEFINITIONAL_REPRESENTATION('',(#20078),#20082);
#20078 = LINE('',#20079,#20080);
#20079 = CARTESIAN_POINT('',(0.,0.474));
#20080 = VECTOR('',#20081,1.);
#20081 = DIRECTION('',(1.,0.));
#20082 = ( GEOMETRIC_REPRESENTATION_CONTEXT(2) 
PARAMETRIC_REPRESENTATION_CONTEXT() REPRESENTATION_CONTEXT('2D SPACE',''
  ) );
#20083 = PCURVE('',#19826,#20084);
#20084 = DEFINITIONAL_REPRESENTATION('',(#20085),#20089);
#20085 = LINE('',#20086,#20087);
#20086 = CARTESIAN_POINT('',(-0.,0.223445742855));
#20087 = VECTOR('',#20088,1.);
#20088 = DIRECTION('',(-1.,0.));
#20089 = ( GEOMETRIC_REPRESENTATION_CONTEXT(2) 
PARAMETRIC_REPRESENTATION_CONTEXT() REPRESENTATION_CONTEXT('2D SPACE',''
  ) );
#20090 = ORIENTED_EDGE('',*,*,#19838,.F.);
#20091 = ADVANCED_FACE('',(#20092),#19826,.F.);
#20092 = FACE_BOUND('',#20093,.T.);
#20093 = EDGE_LOOP('',(#20094,#20095,#20096,#20117));
#20094 = ORIENTED_EDGE('',*,*,#19810,.F.);
#20095 = ORIENTED_EDGE('',*,*,#19939,.T.);
#20096 = ORIENTED_EDGE('',*,*,#20097,.T.);
#20097 = EDGE_CURVE('',#19917,#20048,#20098,.T.);
#20098 = SURFACE_CURVE('',#20099,(#20103,#20110),.PCURVE_S1.);
#20099 = LINE('',#20100,#20101);
#20100 = CARTESIAN_POINT('',(-20.29366666666,2.566333333333,
    -2.692666666667));
#20101 = VECTOR('',#20102,1.);
#20102 = DIRECTION('',(-0.57735026919,-0.57735026919,-0.57735026919));
#20103 = PCURVE('',#19826,#20104);
#20104 = DEFINITIONAL_REPRESENTATION('',(#20105),#20109);
#20105 = LINE('',#20106,#20107);
#20106 = CARTESIAN_POINT('',(-0.421333333333,0.29792765714));
#20107 = VECTOR('',#20108,1.);
#20108 = DIRECTION('',(0.57735026919,0.816496580928));
#20109 = ( GEOMETRIC_REPRESENTATION_CONTEXT(2) 
PARAMETRIC_REPRESENTATION_CONTEXT() REPRESENTATION_CONTEXT('2D SPACE',''
  ) );
#20110 = PCURVE('',#19980,#20111);
#20111 = DEFINITIONAL_REPRESENTATION('',(#20112),#20116);
#20112 = LINE('',#20113,#20114);
#20113 = CARTESIAN_POINT('',(0.421333333333,0.29792765714));
#20114 = VECTOR('',#20115,1.);
#20115 = DIRECTION('',(-0.57735026919,0.816496580928));
#20116 = ( GEOMETRIC_REPRESENTATION_CONTEXT(2) 
PARAMETRIC_REPRESENTATION_CONTEXT() REPRESENTATION_CONTEXT('2D SPACE',''
  ) );
#20117 = ORIENTED_EDGE('',*,*,#20070,.F.);
#20118 = ADVANCED_FACE('',(#20119),#19980,.F.);
#20119 = FACE_BOUND('',#20120,.F.);
#20120 = EDGE_LOOP('',(#20121,#20122,#20123,#20124));
#20121 = ORIENTED_EDGE('',*,*,#19999,.F.);
#20122 = ORIENTED_EDGE('',*,*,#19966,.T.);
#20123 = ORIENTED_EDGE('',*,*,#20097,.T.);
#20124 = ORIENTED_EDGE('',*,*,#20047,.F.);
#20125 = ( GEOMETRIC_REPRESENTATION_CONTEXT(3) 
GLOBAL_UNCERTAINTY_ASSIGNED_CONTEXT((#20129)) 
GLOBAL_UNIT_ASSIGNED_CONTEXT((#20126,#20127,#20128)) 
REPRESENTATION_CONTEXT('Context #1',
  '3D Context with UNIT and UNCERTAINTY') );
#20126 = ( LENGTH_UNIT() NAMED_UNIT(*) SI_UNIT(.MILLI.,.METRE.) );
#20127 = ( NAMED_UNIT(*) PLANE_ANGLE_UNIT() SI_UNIT($,.RADIAN.) );
#20128 = ( NAMED_UNIT(*) SI_UNIT($,.STERADIAN.) SOLID_ANGLE_UNIT() );
#20129 = UNCERTAINTY_MEASURE_WITH_UNIT(LENGTH_MEASURE(5.E-05),#20126,
  'distance_accuracy_value','confusion accuracy');
#20130 = SHAPE_DEFINITION_REPRESENTATION(#20131,#10296);
#20131 = PRODUCT_DEFINITION_SHAPE('','',#20132);
#20132 = PRODUCT_DEFINITION('design','',#20133,#20136);
#20133 = PRODUCT_DEFINITION_FORMATION('','',#20134);
#20134 = PRODUCT('LeadsArray','LeadsArray','',(#20135));
#20135 = PRODUCT_CONTEXT('',#2,'mechanical');
#20136 = PRODUCT_DEFINITION_CONTEXT('part definition',#2,'design');
#20137 = CONTEXT_DEPENDENT_SHAPE_REPRESENTATION(#20138,#20140);
#20138 = ( REPRESENTATION_RELATIONSHIP('','',#10296,#10) 
REPRESENTATION_RELATIONSHIP_WITH_TRANSFORMATION(#20139) 
SHAPE_REPRESENTATION_RELATIONSHIP() );
#20139 = ITEM_DEFINED_TRANSFORMATION('','',#11,#19);
#20140 = PRODUCT_DEFINITION_SHAPE('Placement','Placement of an item',
  #20141);
#20141 = NEXT_ASSEMBLY_USAGE_OCCURRENCE('2','=>[0:1:1:3]','',#5,#20132,$
  );
#20142 = PRODUCT_RELATED_PRODUCT_CATEGORY('part',$,(#20134));
#20143 = MECHANICAL_DESIGN_GEOMETRIC_PRESENTATION_REPRESENTATION('',(
    #20144,#20154,#20163,#20172,#20181,#20190,#20199,#20208,#20217,
    #20226,#20235,#20244,#20253,#20262,#20271,#20280,#20289,#20298),
  #20125);
#20144 = STYLED_ITEM('color',(#20145),#10297);
#20145 = PRESENTATION_STYLE_ASSIGNMENT((#20146,#20152));
#20146 = SURFACE_STYLE_USAGE(.BOTH.,#20147);
#20147 = SURFACE_SIDE_STYLE('',(#20148));
#20148 = SURFACE_STYLE_FILL_AREA(#20149);
#20149 = FILL_AREA_STYLE('',(#20150));
#20150 = FILL_AREA_STYLE_COLOUR('',#20151);
#20151 = COLOUR_RGB('',0.73400002718,0.773000001907,0.79699999094);
#20152 = CURVE_STYLE('',#20153,POSITIVE_LENGTH_MEASURE(0.1),#20151);
#20153 = DRAUGHTING_PRE_DEFINED_CURVE_FONT('continuous');
#20154 = STYLED_ITEM('color',(#20155),#10843);
#20155 = PRESENTATION_STYLE_ASSIGNMENT((#20156,#20161));
#20156 = SURFACE_STYLE_USAGE(.BOTH.,#20157);
#20157 = SURFACE_SIDE_STYLE('',(#20158));
#20158 = SURFACE_STYLE_FILL_AREA(#20159);
#20159 = FILL_AREA_STYLE('',(#20160));
#20160 = FILL_AREA_STYLE_COLOUR('',#20151);
#20161 = CURVE_STYLE('',#20162,POSITIVE_LENGTH_MEASURE(0.1),#20151);
#20162 = DRAUGHTING_PRE_DEFINED_CURVE_FONT('continuous');
#20163 = STYLED_ITEM('color',(#20164),#11389);
#20164 = PRESENTATION_STYLE_ASSIGNMENT((#20165,#20170));
#20165 = SURFACE_STYLE_USAGE(.BOTH.,#20166);
#20166 = SURFACE_SIDE_STYLE('',(#20167));
#20167 = SURFACE_STYLE_FILL_AREA(#20168);
#20168 = FILL_AREA_STYLE('',(#20169));
#20169 = FILL_AREA_STYLE_COLOUR('',#20151);
#20170 = CURVE_STYLE('',#20171,POSITIVE_LENGTH_MEASURE(0.1),#20151);
#20171 = DRAUGHTING_PRE_DEFINED_CURVE_FONT('continuous');
#20172 = STYLED_ITEM('color',(#20173),#11935);
#20173 = PRESENTATION_STYLE_ASSIGNMENT((#20174,#20179));
#20174 = SURFACE_STYLE_USAGE(.BOTH.,#20175);
#20175 = SURFACE_SIDE_STYLE('',(#20176));
#20176 = SURFACE_STYLE_FILL_AREA(#20177);
#20177 = FILL_AREA_STYLE('',(#20178));
#20178 = FILL_AREA_STYLE_COLOUR('',#20151);
#20179 = CURVE_STYLE('',#20180,POSITIVE_LENGTH_MEASURE(0.1),#20151);
#20180 = DRAUGHTING_PRE_DEFINED_CURVE_FONT('continuous');
#20181 = STYLED_ITEM('color',(#20182),#12481);
#20182 = PRESENTATION_STYLE_ASSIGNMENT((#20183,#20188));
#20183 = SURFACE_STYLE_USAGE(.BOTH.,#20184);
#20184 = SURFACE_SIDE_STYLE('',(#20185));
#20185 = SURFACE_STYLE_FILL_AREA(#20186);
#20186 = FILL_AREA_STYLE('',(#20187));
#20187 = FILL_AREA_STYLE_COLOUR('',#20151);
#20188 = CURVE_STYLE('',#20189,POSITIVE_LENGTH_MEASURE(0.1),#20151);
#20189 = DRAUGHTING_PRE_DEFINED_CURVE_FONT('continuous');
#20190 = STYLED_ITEM('color',(#20191),#13027);
#20191 = PRESENTATION_STYLE_ASSIGNMENT((#20192,#20197));
#20192 = SURFACE_STYLE_USAGE(.BOTH.,#20193);
#20193 = SURFACE_SIDE_STYLE('',(#20194));
#20194 = SURFACE_STYLE_FILL_AREA(#20195);
#20195 = FILL_AREA_STYLE('',(#20196));
#20196 = FILL_AREA_STYLE_COLOUR('',#20151);
#20197 = CURVE_STYLE('',#20198,POSITIVE_LENGTH_MEASURE(0.1),#20151);
#20198 = DRAUGHTING_PRE_DEFINED_CURVE_FONT('continuous');
#20199 = STYLED_ITEM('color',(#20200),#13573);
#20200 = PRESENTATION_STYLE_ASSIGNMENT((#20201,#20206));
#20201 = SURFACE_STYLE_USAGE(.BOTH.,#20202);
#20202 = SURFACE_SIDE_STYLE('',(#20203));
#20203 = SURFACE_STYLE_FILL_AREA(#20204);
#20204 = FILL_AREA_STYLE('',(#20205));
#20205 = FILL_AREA_STYLE_COLOUR('',#20151);
#20206 = CURVE_STYLE('',#20207,POSITIVE_LENGTH_MEASURE(0.1),#20151);
#20207 = DRAUGHTING_PRE_DEFINED_CURVE_FONT('continuous');
#20208 = STYLED_ITEM('color',(#20209),#14119);
#20209 = PRESENTATION_STYLE_ASSIGNMENT((#20210,#20215));
#20210 = SURFACE_STYLE_USAGE(.BOTH.,#20211);
#20211 = SURFACE_SIDE_STYLE('',(#20212));
#20212 = SURFACE_STYLE_FILL_AREA(#20213);
#20213 = FILL_AREA_STYLE('',(#20214));
#20214 = FILL_AREA_STYLE_COLOUR('',#20151);
#20215 = CURVE_STYLE('',#20216,POSITIVE_LENGTH_MEASURE(0.1),#20151);
#20216 = DRAUGHTING_PRE_DEFINED_CURVE_FONT('continuous');
#20217 = STYLED_ITEM('color',(#20218),#14665);
#20218 = PRESENTATION_STYLE_ASSIGNMENT((#20219,#20224));
#20219 = SURFACE_STYLE_USAGE(.BOTH.,#20220);
#20220 = SURFACE_SIDE_STYLE('',(#20221));
#20221 = SURFACE_STYLE_FILL_AREA(#20222);
#20222 = FILL_AREA_STYLE('',(#20223));
#20223 = FILL_AREA_STYLE_COLOUR('',#20151);
#20224 = CURVE_STYLE('',#20225,POSITIVE_LENGTH_MEASURE(0.1),#20151);
#20225 = DRAUGHTING_PRE_DEFINED_CURVE_FONT('continuous');
#20226 = STYLED_ITEM('color',(#20227),#15211);
#20227 = PRESENTATION_STYLE_ASSIGNMENT((#20228,#20233));
#20228 = SURFACE_STYLE_USAGE(.BOTH.,#20229);
#20229 = SURFACE_SIDE_STYLE('',(#20230));
#20230 = SURFACE_STYLE_FILL_AREA(#20231);
#20231 = FILL_AREA_STYLE('',(#20232));
#20232 = FILL_AREA_STYLE_COLOUR('',#20151);
#20233 = CURVE_STYLE('',#20234,POSITIVE_LENGTH_MEASURE(0.1),#20151);
#20234 = DRAUGHTING_PRE_DEFINED_CURVE_FONT('continuous');
#20235 = STYLED_ITEM('color',(#20236),#15757);
#20236 = PRESENTATION_STYLE_ASSIGNMENT((#20237,#20242));
#20237 = SURFACE_STYLE_USAGE(.BOTH.,#20238);
#20238 = SURFACE_SIDE_STYLE('',(#20239));
#20239 = SURFACE_STYLE_FILL_AREA(#20240);
#20240 = FILL_AREA_STYLE('',(#20241));
#20241 = FILL_AREA_STYLE_COLOUR('',#20151);
#20242 = CURVE_STYLE('',#20243,POSITIVE_LENGTH_MEASURE(0.1),#20151);
#20243 = DRAUGHTING_PRE_DEFINED_CURVE_FONT('continuous');
#20244 = STYLED_ITEM('color',(#20245),#16303);
#20245 = PRESENTATION_STYLE_ASSIGNMENT((#20246,#20251));
#20246 = SURFACE_STYLE_USAGE(.BOTH.,#20247);
#20247 = SURFACE_SIDE_STYLE('',(#20248));
#20248 = SURFACE_STYLE_FILL_AREA(#20249);
#20249 = FILL_AREA_STYLE('',(#20250));
#20250 = FILL_AREA_STYLE_COLOUR('',#20151);
#20251 = CURVE_STYLE('',#20252,POSITIVE_LENGTH_MEASURE(0.1),#20151);
#20252 = DRAUGHTING_PRE_DEFINED_CURVE_FONT('continuous');
#20253 = STYLED_ITEM('color',(#20254),#16849);
#20254 = PRESENTATION_STYLE_ASSIGNMENT((#20255,#20260));
#20255 = SURFACE_STYLE_USAGE(.BOTH.,#20256);
#20256 = SURFACE_SIDE_STYLE('',(#20257));
#20257 = SURFACE_STYLE_FILL_AREA(#20258);
#20258 = FILL_AREA_STYLE('',(#20259));
#20259 = FILL_AREA_STYLE_COLOUR('',#20151);
#20260 = CURVE_STYLE('',#20261,POSITIVE_LENGTH_MEASURE(0.1),#20151);
#20261 = DRAUGHTING_PRE_DEFINED_CURVE_FONT('continuous');
#20262 = STYLED_ITEM('color',(#20263),#17395);
#20263 = PRESENTATION_STYLE_ASSIGNMENT((#20264,#20269));
#20264 = SURFACE_STYLE_USAGE(.BOTH.,#20265);
#20265 = SURFACE_SIDE_STYLE('',(#20266));
#20266 = SURFACE_STYLE_FILL_AREA(#20267);
#20267 = FILL_AREA_STYLE('',(#20268));
#20268 = FILL_AREA_STYLE_COLOUR('',#20151);
#20269 = CURVE_STYLE('',#20270,POSITIVE_LENGTH_MEASURE(0.1),#20151);
#20270 = DRAUGHTING_PRE_DEFINED_CURVE_FONT('continuous');
#20271 = STYLED_ITEM('color',(#20272),#17941);
#20272 = PRESENTATION_STYLE_ASSIGNMENT((#20273,#20278));
#20273 = SURFACE_STYLE_USAGE(.BOTH.,#20274);
#20274 = SURFACE_SIDE_STYLE('',(#20275));
#20275 = SURFACE_STYLE_FILL_AREA(#20276);
#20276 = FILL_AREA_STYLE('',(#20277));
#20277 = FILL_AREA_STYLE_COLOUR('',#20151);
#20278 = CURVE_STYLE('',#20279,POSITIVE_LENGTH_MEASURE(0.1),#20151);
#20279 = DRAUGHTING_PRE_DEFINED_CURVE_FONT('continuous');
#20280 = STYLED_ITEM('color',(#20281),#18487);
#20281 = PRESENTATION_STYLE_ASSIGNMENT((#20282,#20287));
#20282 = SURFACE_STYLE_USAGE(.BOTH.,#20283);
#20283 = SURFACE_SIDE_STYLE('',(#20284));
#20284 = SURFACE_STYLE_FILL_AREA(#20285);
#20285 = FILL_AREA_STYLE('',(#20286));
#20286 = FILL_AREA_STYLE_COLOUR('',#20151);
#20287 = CURVE_STYLE('',#20288,POSITIVE_LENGTH_MEASURE(0.1),#20151);
#20288 = DRAUGHTING_PRE_DEFINED_CURVE_FONT('continuous');
#20289 = STYLED_ITEM('color',(#20290),#19033);
#20290 = PRESENTATION_STYLE_ASSIGNMENT((#20291,#20296));
#20291 = SURFACE_STYLE_USAGE(.BOTH.,#20292);
#20292 = SURFACE_SIDE_STYLE('',(#20293));
#20293 = SURFACE_STYLE_FILL_AREA(#20294);
#20294 = FILL_AREA_STYLE('',(#20295));
#20295 = FILL_AREA_STYLE_COLOUR('',#20151);
#20296 = CURVE_STYLE('',#20297,POSITIVE_LENGTH_MEASURE(0.1),#20151);
#20297 = DRAUGHTING_PRE_DEFINED_CURVE_FONT('continuous');
#20298 = STYLED_ITEM('color',(#20299),#19579);
#20299 = PRESENTATION_STYLE_ASSIGNMENT((#20300,#20305));
#20300 = SURFACE_STYLE_USAGE(.BOTH.,#20301);
#20301 = SURFACE_SIDE_STYLE('',(#20302));
#20302 = SURFACE_STYLE_FILL_AREA(#20303);
#20303 = FILL_AREA_STYLE('',(#20304));
#20304 = FILL_AREA_STYLE_COLOUR('',#20151);
#20305 = CURVE_STYLE('',#20306,POSITIVE_LENGTH_MEASURE(0.1),#20151);
#20306 = DRAUGHTING_PRE_DEFINED_CURVE_FONT('continuous');
#20307 = MECHANICAL_DESIGN_GEOMETRIC_PRESENTATION_REPRESENTATION('',(
    #20308),#10278);
#20308 = STYLED_ITEM('color',(#20309),#30);
#20309 = PRESENTATION_STYLE_ASSIGNMENT((#20310,#20316));
#20310 = SURFACE_STYLE_USAGE(.BOTH.,#20311);
#20311 = SURFACE_SIDE_STYLE('',(#20312));
#20312 = SURFACE_STYLE_FILL_AREA(#20313);
#20313 = FILL_AREA_STYLE('',(#20314));
#20314 = FILL_AREA_STYLE_COLOUR('',#20315);
#20315 = COLOUR_RGB('',0.300000011921,0.300000011921,0.300000011921);
#20316 = CURVE_STYLE('',#20317,POSITIVE_LENGTH_MEASURE(0.1),#20315);
#20317 = DRAUGHTING_PRE_DEFINED_CURVE_FONT('continuous');
ENDSEC;
END-ISO-10303-21;
