ISO-10303-21;
HEADER;
FILE_DESCRIPTION(('STEP AP242'),'1');
FILE_NAME('ssw-104-01-g-s.stp','2024-12-11T13:01:53',('TraceParts'),('TraceParts S.A.'),'Spatial InterOp 3D',' ',' ');
FILE_SCHEMA(('AP242_MANAGED_MODEL_BASED_3D_ENGINEERING_MIM_LF  {1 0 10303 442 1 1 4}'));
ENDSEC;
DATA;
#1=MECHANICAL_DESIGN_GEOMETRIC_PRESENTATION_REPRESENTATION(' ',(#10,#11,#12,#13,#14,#15,#16,#17,#18,#19,#20,#21,#22,#23,#24,#25,#26,#27,#28,#29,#30,#31,#32,#33,#34,#35,#36,#37,#38,#39,#40,#41,#42,#43,#44,#45,#46,#47,#48,#49,#50,#51,#52,#53,#54,#55,#56,#57,#58,#59,#60,#61,#62,#63,#64,#65,#66,#67,#68,#69,#70,#71,#72,#73,#74,#75,#76,#77,#78,#79,#80,#81,#82,#83,#84,#85,#86,#87,#88,#89,#90,#91,#92,#93,#94,#95),#6);
#2=PRODUCT_DEFINITION_CONTEXT('',#96,'design');
#3=APPLICATION_PROTOCOL_DEFINITION('INTERNATIONAL STANDARD','ap242_managed_model_based_3d_engineering',2014,#96);
#4=PRODUCT_CATEGORY_RELATIONSHIP('NONE','NONE',#97,#98);
#5=SHAPE_DEFINITION_REPRESENTATION(#99,#100);
#6= (GEOMETRIC_REPRESENTATION_CONTEXT(3)GLOBAL_UNCERTAINTY_ASSIGNED_CONTEXT((#103))GLOBAL_UNIT_ASSIGNED_CONTEXT((#105,#106,#107))REPRESENTATION_CONTEXT('NONE','WORKSPACE'));
#10=STYLED_ITEM('',(#109),#110);
#11=STYLED_ITEM('',(#111),#112);
#12=STYLED_ITEM('',(#113),#114);
#13=STYLED_ITEM('',(#115),#116);
#14=STYLED_ITEM('',(#117),#118);
#15=STYLED_ITEM('',(#119),#120);
#16=STYLED_ITEM('',(#121),#122);
#17=STYLED_ITEM('',(#123),#124);
#18=STYLED_ITEM('',(#125),#126);
#19=STYLED_ITEM('',(#127),#128);
#20=STYLED_ITEM('',(#129),#130);
#21=STYLED_ITEM('',(#131),#132);
#22=STYLED_ITEM('',(#133),#134);
#23=STYLED_ITEM('',(#135),#136);
#24=STYLED_ITEM('',(#137),#138);
#25=STYLED_ITEM('',(#139),#140);
#26=STYLED_ITEM('',(#141),#142);
#27=STYLED_ITEM('',(#143),#144);
#28=STYLED_ITEM('',(#145),#146);
#29=STYLED_ITEM('',(#147),#148);
#30=STYLED_ITEM('',(#149),#150);
#31=STYLED_ITEM('',(#151),#152);
#32=STYLED_ITEM('',(#153),#154);
#33=STYLED_ITEM('',(#155),#156);
#34=STYLED_ITEM('',(#157),#158);
#35=STYLED_ITEM('',(#159),#160);
#36=STYLED_ITEM('',(#161),#162);
#37=STYLED_ITEM('',(#163),#164);
#38=STYLED_ITEM('',(#165),#166);
#39=STYLED_ITEM('',(#167),#168);
#40=STYLED_ITEM('',(#169),#170);
#41=STYLED_ITEM('',(#171),#172);
#42=STYLED_ITEM('',(#173),#174);
#43=STYLED_ITEM('',(#175),#176);
#44=STYLED_ITEM('',(#177),#178);
#45=STYLED_ITEM('',(#179),#180);
#46=STYLED_ITEM('',(#181),#182);
#47=STYLED_ITEM('',(#183),#184);
#48=STYLED_ITEM('',(#185),#186);
#49=STYLED_ITEM('',(#187),#188);
#50=STYLED_ITEM('',(#189),#190);
#51=STYLED_ITEM('',(#191),#192);
#52=STYLED_ITEM('',(#193),#194);
#53=STYLED_ITEM('',(#195),#196);
#54=STYLED_ITEM('',(#197),#198);
#55=STYLED_ITEM('',(#199),#200);
#56=STYLED_ITEM('',(#201),#202);
#57=STYLED_ITEM('',(#203),#204);
#58=STYLED_ITEM('',(#205),#206);
#59=STYLED_ITEM('',(#207),#208);
#60=STYLED_ITEM('',(#209),#210);
#61=STYLED_ITEM('',(#211),#212);
#62=STYLED_ITEM('',(#213),#214);
#63=STYLED_ITEM('',(#215),#216);
#64=STYLED_ITEM('',(#217),#218);
#65=STYLED_ITEM('',(#219),#220);
#66=STYLED_ITEM('',(#221),#222);
#67=STYLED_ITEM('',(#223),#224);
#68=STYLED_ITEM('',(#225),#226);
#69=STYLED_ITEM('',(#227),#228);
#70=STYLED_ITEM('',(#229),#230);
#71=STYLED_ITEM('',(#231),#232);
#72=STYLED_ITEM('',(#233),#234);
#73=STYLED_ITEM('',(#235),#236);
#74=STYLED_ITEM('',(#237),#238);
#75=STYLED_ITEM('',(#239),#240);
#76=STYLED_ITEM('',(#241),#242);
#77=STYLED_ITEM('',(#243),#244);
#78=STYLED_ITEM('',(#245),#246);
#79=STYLED_ITEM('',(#247),#248);
#80=STYLED_ITEM('',(#249),#250);
#81=STYLED_ITEM('',(#251),#252);
#82=STYLED_ITEM('',(#253),#254);
#83=STYLED_ITEM('',(#255),#256);
#84=STYLED_ITEM('',(#257),#258);
#85=STYLED_ITEM('',(#259),#260);
#86=STYLED_ITEM('',(#261),#262);
#87=STYLED_ITEM('',(#263),#264);
#88=STYLED_ITEM('',(#265),#266);
#89=STYLED_ITEM('',(#267),#268);
#90=STYLED_ITEM('',(#269),#270);
#91=STYLED_ITEM('',(#271),#272);
#92=STYLED_ITEM('',(#273),#274);
#93=STYLED_ITEM('',(#275),#276);
#94=STYLED_ITEM('',(#277),#278);
#95=STYLED_ITEM('',(#279),#280);
#96=APPLICATION_CONTEXT('managed model based 3d engineering');
#97=PRODUCT_CATEGORY('part','NONE');
#98=PRODUCT_RELATED_PRODUCT_CATEGORY('detail',' ',(#281));
#99=PRODUCT_DEFINITION_SHAPE('NONE','NONE',#282);
#100=ADVANCED_BREP_SHAPE_REPRESENTATION('ssw-104-01-g-s',(#283,#284),#6);
#103=UNCERTAINTY_MEASURE_WITH_UNIT(LENGTH_MEASURE(1.0E-06),#105,'','');
#105= (CONVERSION_BASED_UNIT('MILLIMETRE',#287)LENGTH_UNIT()NAMED_UNIT(#290));
#106= (NAMED_UNIT(#292)PLANE_ANGLE_UNIT()SI_UNIT($,.RADIAN.));
#107= (NAMED_UNIT(#292)SOLID_ANGLE_UNIT()SI_UNIT($,.STERADIAN.));
#109=PRESENTATION_STYLE_ASSIGNMENT((#298));
#110=ADVANCED_FACE('',(#299),#300,.F.);
#111=PRESENTATION_STYLE_ASSIGNMENT((#301));
#112=ADVANCED_FACE('',(#302),#303,.T.);
#113=PRESENTATION_STYLE_ASSIGNMENT((#304));
#114=ADVANCED_FACE('',(#305),#306,.T.);
#115=PRESENTATION_STYLE_ASSIGNMENT((#307));
#116=ADVANCED_FACE('',(#308),#309,.T.);
#117=PRESENTATION_STYLE_ASSIGNMENT((#310));
#118=ADVANCED_FACE('',(#311),#312,.T.);
#119=PRESENTATION_STYLE_ASSIGNMENT((#313));
#120=ADVANCED_FACE('',(#314),#315,.T.);
#121=PRESENTATION_STYLE_ASSIGNMENT((#316));
#122=ADVANCED_FACE('',(#317),#318,.T.);
#123=PRESENTATION_STYLE_ASSIGNMENT((#319));
#124=ADVANCED_FACE('',(#320),#321,.F.);
#125=PRESENTATION_STYLE_ASSIGNMENT((#322));
#126=ADVANCED_FACE('',(#323),#324,.T.);
#127=PRESENTATION_STYLE_ASSIGNMENT((#325));
#128=ADVANCED_FACE('',(#326),#327,.T.);
#129=PRESENTATION_STYLE_ASSIGNMENT((#328));
#130=ADVANCED_FACE('',(#329),#330,.T.);
#131=PRESENTATION_STYLE_ASSIGNMENT((#331));
#132=ADVANCED_FACE('',(#332),#333,.T.);
#133=PRESENTATION_STYLE_ASSIGNMENT((#334));
#134=ADVANCED_FACE('',(#335),#336,.T.);
#135=PRESENTATION_STYLE_ASSIGNMENT((#337));
#136=ADVANCED_FACE('',(#338),#339,.T.);
#137=PRESENTATION_STYLE_ASSIGNMENT((#340));
#138=ADVANCED_FACE('',(#341),#342,.F.);
#139=PRESENTATION_STYLE_ASSIGNMENT((#343));
#140=ADVANCED_FACE('',(#344),#345,.T.);
#141=PRESENTATION_STYLE_ASSIGNMENT((#346));
#142=ADVANCED_FACE('',(#347),#348,.T.);
#143=PRESENTATION_STYLE_ASSIGNMENT((#349));
#144=ADVANCED_FACE('',(#350),#351,.T.);
#145=PRESENTATION_STYLE_ASSIGNMENT((#352));
#146=ADVANCED_FACE('',(#353),#354,.T.);
#147=PRESENTATION_STYLE_ASSIGNMENT((#355));
#148=ADVANCED_FACE('',(#356),#357,.T.);
#149=PRESENTATION_STYLE_ASSIGNMENT((#358));
#150=ADVANCED_FACE('',(#359),#360,.T.);
#151=PRESENTATION_STYLE_ASSIGNMENT((#361));
#152=ADVANCED_FACE('',(#362),#363,.F.);
#153=PRESENTATION_STYLE_ASSIGNMENT((#364));
#154=ADVANCED_FACE('',(#365),#366,.T.);
#155=PRESENTATION_STYLE_ASSIGNMENT((#367));
#156=ADVANCED_FACE('',(#368),#369,.T.);
#157=PRESENTATION_STYLE_ASSIGNMENT((#370));
#158=ADVANCED_FACE('',(#371),#372,.T.);
#159=PRESENTATION_STYLE_ASSIGNMENT((#373));
#160=ADVANCED_FACE('',(#374),#375,.T.);
#161=PRESENTATION_STYLE_ASSIGNMENT((#376));
#162=ADVANCED_FACE('',(#377),#378,.T.);
#163=PRESENTATION_STYLE_ASSIGNMENT((#379));
#164=ADVANCED_FACE('',(#380),#381,.T.);
#165=PRESENTATION_STYLE_ASSIGNMENT((#382));
#166=ADVANCED_FACE('',(#383),#384,.T.);
#167=PRESENTATION_STYLE_ASSIGNMENT((#385));
#168=ADVANCED_FACE('',(#386),#387,.T.);
#169=PRESENTATION_STYLE_ASSIGNMENT((#388));
#170=ADVANCED_FACE('',(#389),#390,.T.);
#171=PRESENTATION_STYLE_ASSIGNMENT((#391));
#172=ADVANCED_FACE('',(#392),#393,.T.);
#173=PRESENTATION_STYLE_ASSIGNMENT((#394));
#174=ADVANCED_FACE('',(#395),#396,.T.);
#175=PRESENTATION_STYLE_ASSIGNMENT((#397));
#176=ADVANCED_FACE('',(#398),#399,.T.);
#177=PRESENTATION_STYLE_ASSIGNMENT((#400));
#178=ADVANCED_FACE('',(#401),#402,.F.);
#179=PRESENTATION_STYLE_ASSIGNMENT((#403));
#180=ADVANCED_FACE('',(#404),#405,.T.);
#181=PRESENTATION_STYLE_ASSIGNMENT((#406));
#182=ADVANCED_FACE('',(#407),#408,.T.);
#183=PRESENTATION_STYLE_ASSIGNMENT((#409));
#184=ADVANCED_FACE('',(#410),#411,.T.);
#185=PRESENTATION_STYLE_ASSIGNMENT((#412));
#186=ADVANCED_FACE('',(#413),#414,.T.);
#187=PRESENTATION_STYLE_ASSIGNMENT((#415));
#188=ADVANCED_FACE('',(#416),#417,.T.);
#189=PRESENTATION_STYLE_ASSIGNMENT((#418));
#190=ADVANCED_FACE('',(#419),#420,.T.);
#191=PRESENTATION_STYLE_ASSIGNMENT((#421));
#192=ADVANCED_FACE('',(#422),#423,.T.);
#193=PRESENTATION_STYLE_ASSIGNMENT((#424));
#194=ADVANCED_FACE('',(#425),#426,.T.);
#195=PRESENTATION_STYLE_ASSIGNMENT((#427));
#196=ADVANCED_FACE('',(#428),#429,.F.);
#197=PRESENTATION_STYLE_ASSIGNMENT((#430));
#198=ADVANCED_FACE('',(#431),#432,.T.);
#199=PRESENTATION_STYLE_ASSIGNMENT((#433));
#200=ADVANCED_FACE('',(#434),#435,.T.);
#201=PRESENTATION_STYLE_ASSIGNMENT((#436));
#202=ADVANCED_FACE('',(#437),#438,.T.);
#203=PRESENTATION_STYLE_ASSIGNMENT((#439));
#204=ADVANCED_FACE('',(#440),#441,.T.);
#205=PRESENTATION_STYLE_ASSIGNMENT((#442));
#206=ADVANCED_FACE('',(#443),#444,.T.);
#207=PRESENTATION_STYLE_ASSIGNMENT((#445));
#208=ADVANCED_FACE('',(#446),#447,.T.);
#209=PRESENTATION_STYLE_ASSIGNMENT((#448));
#210=ADVANCED_FACE('',(#449),#450,.T.);
#211=PRESENTATION_STYLE_ASSIGNMENT((#451));
#212=ADVANCED_FACE('',(#452),#453,.T.);
#213=PRESENTATION_STYLE_ASSIGNMENT((#454));
#214=ADVANCED_FACE('',(#455),#456,.F.);
#215=PRESENTATION_STYLE_ASSIGNMENT((#457));
#216=ADVANCED_FACE('',(#458),#459,.T.);
#217=PRESENTATION_STYLE_ASSIGNMENT((#460));
#218=ADVANCED_FACE('',(#461),#462,.T.);
#219=PRESENTATION_STYLE_ASSIGNMENT((#463));
#220=ADVANCED_FACE('',(#464),#465,.T.);
#221=PRESENTATION_STYLE_ASSIGNMENT((#466));
#222=ADVANCED_FACE('',(#467),#468,.T.);
#223=PRESENTATION_STYLE_ASSIGNMENT((#469));
#224=ADVANCED_FACE('',(#470),#471,.T.);
#225=PRESENTATION_STYLE_ASSIGNMENT((#472));
#226=ADVANCED_FACE('',(#473),#474,.T.);
#227=PRESENTATION_STYLE_ASSIGNMENT((#475));
#228=ADVANCED_FACE('',(#476),#477,.T.);
#229=PRESENTATION_STYLE_ASSIGNMENT((#478));
#230=ADVANCED_FACE('',(#479),#480,.T.);
#231=PRESENTATION_STYLE_ASSIGNMENT((#481));
#232=ADVANCED_FACE('',(#482),#483,.F.);
#233=PRESENTATION_STYLE_ASSIGNMENT((#484));
#234=ADVANCED_FACE('',(#485),#486,.T.);
#235=PRESENTATION_STYLE_ASSIGNMENT((#487));
#236=ADVANCED_FACE('',(#488),#489,.T.);
#237=PRESENTATION_STYLE_ASSIGNMENT((#490));
#238=ADVANCED_FACE('',(#491),#492,.T.);
#239=PRESENTATION_STYLE_ASSIGNMENT((#493));
#240=ADVANCED_FACE('',(#494),#495,.T.);
#241=PRESENTATION_STYLE_ASSIGNMENT((#496));
#242=ADVANCED_FACE('',(#497,#498),#499,.T.);
#243=PRESENTATION_STYLE_ASSIGNMENT((#500));
#244=ADVANCED_FACE('',(#501),#502,.F.);
#245=PRESENTATION_STYLE_ASSIGNMENT((#503));
#246=ADVANCED_FACE('',(#504),#505,.F.);
#247=PRESENTATION_STYLE_ASSIGNMENT((#506));
#248=ADVANCED_FACE('',(#507),#508,.F.);
#249=PRESENTATION_STYLE_ASSIGNMENT((#509));
#250=ADVANCED_FACE('',(#510),#511,.T.);
#251=PRESENTATION_STYLE_ASSIGNMENT((#512));
#252=ADVANCED_FACE('',(#513),#514,.T.);
#253=PRESENTATION_STYLE_ASSIGNMENT((#515));
#254=ADVANCED_FACE('',(#516,#517),#518,.T.);
#255=PRESENTATION_STYLE_ASSIGNMENT((#519));
#256=ADVANCED_FACE('',(#520),#521,.F.);
#257=PRESENTATION_STYLE_ASSIGNMENT((#522));
#258=ADVANCED_FACE('',(#523),#524,.T.);
#259=PRESENTATION_STYLE_ASSIGNMENT((#525));
#260=ADVANCED_FACE('',(#526),#527,.T.);
#261=PRESENTATION_STYLE_ASSIGNMENT((#528));
#262=ADVANCED_FACE('',(#529,#530),#531,.T.);
#263=PRESENTATION_STYLE_ASSIGNMENT((#532));
#264=ADVANCED_FACE('',(#533),#534,.F.);
#265=PRESENTATION_STYLE_ASSIGNMENT((#535));
#266=ADVANCED_FACE('',(#536),#537,.T.);
#267=PRESENTATION_STYLE_ASSIGNMENT((#538));
#268=ADVANCED_FACE('',(#539),#540,.T.);
#269=PRESENTATION_STYLE_ASSIGNMENT((#541));
#270=ADVANCED_FACE('',(#542,#543),#544,.T.);
#271=PRESENTATION_STYLE_ASSIGNMENT((#545));
#272=ADVANCED_FACE('',(#546),#547,.F.);
#273=PRESENTATION_STYLE_ASSIGNMENT((#548));
#274=ADVANCED_FACE('',(#549),#550,.T.);
#275=PRESENTATION_STYLE_ASSIGNMENT((#551));
#276=ADVANCED_FACE('',(#552),#553,.F.);
#277=PRESENTATION_STYLE_ASSIGNMENT((#554));
#278=ADVANCED_FACE('',(#555,#556,#557,#558,#559),#560,.F.);
#279=PRESENTATION_STYLE_ASSIGNMENT((#561));
#280=ADVANCED_FACE('',(#562),#563,.F.);
#281=PRODUCT('ssw-104-01-g-s','ssw-104-01-g-s','PART-ssw-104-01-g-s-DESC',(#564));
#282=PRODUCT_DEFINITION('','NONE',#565,#2);
#283=MANIFOLD_SOLID_BREP('ssw-104-01-g-s',#566);
#284=AXIS2_PLACEMENT_3D('',#567,#568,#569);
#287=LENGTH_MEASURE_WITH_UNIT(LENGTH_MEASURE(1.0),#570);
#290=DIMENSIONAL_EXPONENTS(1.0,0.0,0.0,0.0,0.0,0.0,0.0);
#292=DIMENSIONAL_EXPONENTS(0.0,0.0,0.0,0.0,0.0,0.0,0.0);
#298=SURFACE_STYLE_USAGE(.BOTH.,#571);
#299=FACE_OUTER_BOUND('',#572,.T.);
#300=PLANE('',#573);
#301=SURFACE_STYLE_USAGE(.BOTH.,#574);
#302=FACE_OUTER_BOUND('',#575,.T.);
#303=PLANE('',#576);
#304=SURFACE_STYLE_USAGE(.BOTH.,#577);
#305=FACE_OUTER_BOUND('',#578,.T.);
#306=PLANE('',#579);
#307=SURFACE_STYLE_USAGE(.BOTH.,#580);
#308=FACE_OUTER_BOUND('',#581,.T.);
#309=PLANE('',#582);
#310=SURFACE_STYLE_USAGE(.BOTH.,#583);
#311=FACE_OUTER_BOUND('',#584,.T.);
#312=PLANE('',#585);
#313=SURFACE_STYLE_USAGE(.BOTH.,#586);
#314=FACE_OUTER_BOUND('',#587,.T.);
#315=PLANE('',#588);
#316=SURFACE_STYLE_USAGE(.BOTH.,#589);
#317=FACE_OUTER_BOUND('',#590,.T.);
#318=PLANE('',#591);
#319=SURFACE_STYLE_USAGE(.BOTH.,#592);
#320=FACE_OUTER_BOUND('',#593,.T.);
#321=PLANE('',#594);
#322=SURFACE_STYLE_USAGE(.BOTH.,#595);
#323=FACE_OUTER_BOUND('',#596,.T.);
#324=PLANE('',#597);
#325=SURFACE_STYLE_USAGE(.BOTH.,#598);
#326=FACE_OUTER_BOUND('',#599,.T.);
#327=PLANE('',#600);
#328=SURFACE_STYLE_USAGE(.BOTH.,#601);
#329=FACE_OUTER_BOUND('',#602,.T.);
#330=PLANE('',#603);
#331=SURFACE_STYLE_USAGE(.BOTH.,#604);
#332=FACE_OUTER_BOUND('',#605,.T.);
#333=PLANE('',#606);
#334=SURFACE_STYLE_USAGE(.BOTH.,#607);
#335=FACE_OUTER_BOUND('',#608,.T.);
#336=PLANE('',#609);
#337=SURFACE_STYLE_USAGE(.BOTH.,#610);
#338=FACE_OUTER_BOUND('',#611,.T.);
#339=PLANE('',#612);
#340=SURFACE_STYLE_USAGE(.BOTH.,#613);
#341=FACE_OUTER_BOUND('',#614,.T.);
#342=PLANE('',#615);
#343=SURFACE_STYLE_USAGE(.BOTH.,#616);
#344=FACE_OUTER_BOUND('',#617,.T.);
#345=PLANE('',#618);
#346=SURFACE_STYLE_USAGE(.BOTH.,#619);
#347=FACE_OUTER_BOUND('',#620,.T.);
#348=PLANE('',#621);
#349=SURFACE_STYLE_USAGE(.BOTH.,#622);
#350=FACE_OUTER_BOUND('',#623,.T.);
#351=PLANE('',#624);
#352=SURFACE_STYLE_USAGE(.BOTH.,#625);
#353=FACE_OUTER_BOUND('',#626,.T.);
#354=PLANE('',#627);
#355=SURFACE_STYLE_USAGE(.BOTH.,#628);
#356=FACE_OUTER_BOUND('',#629,.T.);
#357=PLANE('',#630);
#358=SURFACE_STYLE_USAGE(.BOTH.,#631);
#359=FACE_OUTER_BOUND('',#632,.T.);
#360=PLANE('',#633);
#361=SURFACE_STYLE_USAGE(.BOTH.,#634);
#362=FACE_OUTER_BOUND('',#635,.T.);
#363=PLANE('',#636);
#364=SURFACE_STYLE_USAGE(.BOTH.,#637);
#365=FACE_OUTER_BOUND('',#638,.T.);
#366=PLANE('',#639);
#367=SURFACE_STYLE_USAGE(.BOTH.,#640);
#368=FACE_OUTER_BOUND('',#641,.T.);
#369=PLANE('',#642);
#370=SURFACE_STYLE_USAGE(.BOTH.,#643);
#371=FACE_OUTER_BOUND('',#644,.T.);
#372=PLANE('',#645);
#373=SURFACE_STYLE_USAGE(.BOTH.,#646);
#374=FACE_OUTER_BOUND('',#647,.T.);
#375=PLANE('',#648);
#376=SURFACE_STYLE_USAGE(.BOTH.,#649);
#377=FACE_OUTER_BOUND('',#650,.T.);
#378=PLANE('',#651);
#379=SURFACE_STYLE_USAGE(.BOTH.,#652);
#380=FACE_OUTER_BOUND('',#653,.T.);
#381=PLANE('',#654);
#382=SURFACE_STYLE_USAGE(.BOTH.,#655);
#383=FACE_OUTER_BOUND('',#656,.T.);
#384=PLANE('',#657);
#385=SURFACE_STYLE_USAGE(.BOTH.,#658);
#386=FACE_OUTER_BOUND('',#659,.T.);
#387=PLANE('',#660);
#388=SURFACE_STYLE_USAGE(.BOTH.,#661);
#389=FACE_OUTER_BOUND('',#662,.T.);
#390=PLANE('',#663);
#391=SURFACE_STYLE_USAGE(.BOTH.,#664);
#392=FACE_OUTER_BOUND('',#665,.T.);
#393=PLANE('',#666);
#394=SURFACE_STYLE_USAGE(.BOTH.,#667);
#395=FACE_OUTER_BOUND('',#668,.T.);
#396=PLANE('',#669);
#397=SURFACE_STYLE_USAGE(.BOTH.,#670);
#398=FACE_OUTER_BOUND('',#671,.T.);
#399=PLANE('',#672);
#400=SURFACE_STYLE_USAGE(.BOTH.,#673);
#401=FACE_OUTER_BOUND('',#674,.T.);
#402=PLANE('',#675);
#403=SURFACE_STYLE_USAGE(.BOTH.,#676);
#404=FACE_OUTER_BOUND('',#677,.T.);
#405=PLANE('',#678);
#406=SURFACE_STYLE_USAGE(.BOTH.,#679);
#407=FACE_OUTER_BOUND('',#680,.T.);
#408=PLANE('',#681);
#409=SURFACE_STYLE_USAGE(.BOTH.,#682);
#410=FACE_OUTER_BOUND('',#683,.T.);
#411=PLANE('',#684);
#412=SURFACE_STYLE_USAGE(.BOTH.,#685);
#413=FACE_OUTER_BOUND('',#686,.T.);
#414=PLANE('',#687);
#415=SURFACE_STYLE_USAGE(.BOTH.,#688);
#416=FACE_OUTER_BOUND('',#689,.T.);
#417=PLANE('',#690);
#418=SURFACE_STYLE_USAGE(.BOTH.,#691);
#419=FACE_OUTER_BOUND('',#692,.T.);
#420=PLANE('',#693);
#421=SURFACE_STYLE_USAGE(.BOTH.,#694);
#422=FACE_OUTER_BOUND('',#695,.T.);
#423=PLANE('',#696);
#424=SURFACE_STYLE_USAGE(.BOTH.,#697);
#425=FACE_OUTER_BOUND('',#698,.T.);
#426=PLANE('',#699);
#427=SURFACE_STYLE_USAGE(.BOTH.,#700);
#428=FACE_OUTER_BOUND('',#701,.T.);
#429=PLANE('',#702);
#430=SURFACE_STYLE_USAGE(.BOTH.,#703);
#431=FACE_OUTER_BOUND('',#704,.T.);
#432=PLANE('',#705);
#433=SURFACE_STYLE_USAGE(.BOTH.,#706);
#434=FACE_OUTER_BOUND('',#707,.T.);
#435=PLANE('',#708);
#436=SURFACE_STYLE_USAGE(.BOTH.,#709);
#437=FACE_OUTER_BOUND('',#710,.T.);
#438=PLANE('',#711);
#439=SURFACE_STYLE_USAGE(.BOTH.,#712);
#440=FACE_OUTER_BOUND('',#713,.T.);
#441=PLANE('',#714);
#442=SURFACE_STYLE_USAGE(.BOTH.,#715);
#443=FACE_OUTER_BOUND('',#716,.T.);
#444=PLANE('',#717);
#445=SURFACE_STYLE_USAGE(.BOTH.,#718);
#446=FACE_OUTER_BOUND('',#719,.T.);
#447=PLANE('',#720);
#448=SURFACE_STYLE_USAGE(.BOTH.,#721);
#449=FACE_OUTER_BOUND('',#722,.T.);
#450=PLANE('',#723);
#451=SURFACE_STYLE_USAGE(.BOTH.,#724);
#452=FACE_OUTER_BOUND('',#725,.T.);
#453=PLANE('',#726);
#454=SURFACE_STYLE_USAGE(.BOTH.,#727);
#455=FACE_OUTER_BOUND('',#728,.T.);
#456=PLANE('',#729);
#457=SURFACE_STYLE_USAGE(.BOTH.,#730);
#458=FACE_OUTER_BOUND('',#731,.T.);
#459=PLANE('',#732);
#460=SURFACE_STYLE_USAGE(.BOTH.,#733);
#461=FACE_OUTER_BOUND('',#734,.T.);
#462=PLANE('',#735);
#463=SURFACE_STYLE_USAGE(.BOTH.,#736);
#464=FACE_OUTER_BOUND('',#737,.T.);
#465=PLANE('',#738);
#466=SURFACE_STYLE_USAGE(.BOTH.,#739);
#467=FACE_OUTER_BOUND('',#740,.T.);
#468=PLANE('',#741);
#469=SURFACE_STYLE_USAGE(.BOTH.,#742);
#470=FACE_OUTER_BOUND('',#743,.T.);
#471=PLANE('',#744);
#472=SURFACE_STYLE_USAGE(.BOTH.,#745);
#473=FACE_OUTER_BOUND('',#746,.T.);
#474=PLANE('',#747);
#475=SURFACE_STYLE_USAGE(.BOTH.,#748);
#476=FACE_OUTER_BOUND('',#749,.T.);
#477=PLANE('',#750);
#478=SURFACE_STYLE_USAGE(.BOTH.,#751);
#479=FACE_OUTER_BOUND('',#752,.T.);
#480=PLANE('',#753);
#481=SURFACE_STYLE_USAGE(.BOTH.,#754);
#482=FACE_OUTER_BOUND('',#755,.T.);
#483=PLANE('',#756);
#484=SURFACE_STYLE_USAGE(.BOTH.,#757);
#485=FACE_OUTER_BOUND('',#758,.T.);
#486=PLANE('',#759);
#487=SURFACE_STYLE_USAGE(.BOTH.,#760);
#488=FACE_OUTER_BOUND('',#761,.T.);
#489=PLANE('',#762);
#490=SURFACE_STYLE_USAGE(.BOTH.,#763);
#491=FACE_OUTER_BOUND('',#764,.T.);
#492=PLANE('',#765);
#493=SURFACE_STYLE_USAGE(.BOTH.,#766);
#494=FACE_OUTER_BOUND('',#767,.T.);
#495=PLANE('',#768);
#496=SURFACE_STYLE_USAGE(.BOTH.,#769);
#497=FACE_BOUND('',#770,.T.);
#498=FACE_OUTER_BOUND('',#771,.T.);
#499=PLANE('',#772);
#500=SURFACE_STYLE_USAGE(.BOTH.,#773);
#501=FACE_OUTER_BOUND('',#774,.T.);
#502=PLANE('',#775);
#503=SURFACE_STYLE_USAGE(.BOTH.,#776);
#504=FACE_OUTER_BOUND('',#777,.T.);
#505=PLANE('',#778);
#506=SURFACE_STYLE_USAGE(.BOTH.,#779);
#507=FACE_OUTER_BOUND('',#780,.T.);
#508=PLANE('',#781);
#509=SURFACE_STYLE_USAGE(.BOTH.,#782);
#510=FACE_OUTER_BOUND('',#783,.T.);
#511=PLANE('',#784);
#512=SURFACE_STYLE_USAGE(.BOTH.,#785);
#513=FACE_OUTER_BOUND('',#786,.T.);
#514=PLANE('',#787);
#515=SURFACE_STYLE_USAGE(.BOTH.,#788);
#516=FACE_BOUND('',#789,.T.);
#517=FACE_OUTER_BOUND('',#790,.T.);
#518=PLANE('',#791);
#519=SURFACE_STYLE_USAGE(.BOTH.,#792);
#520=FACE_OUTER_BOUND('',#793,.T.);
#521=PLANE('',#794);
#522=SURFACE_STYLE_USAGE(.BOTH.,#795);
#523=FACE_OUTER_BOUND('',#796,.T.);
#524=PLANE('',#797);
#525=SURFACE_STYLE_USAGE(.BOTH.,#798);
#526=FACE_OUTER_BOUND('',#799,.T.);
#527=PLANE('',#800);
#528=SURFACE_STYLE_USAGE(.BOTH.,#801);
#529=FACE_BOUND('',#802,.T.);
#530=FACE_OUTER_BOUND('',#803,.T.);
#531=PLANE('',#804);
#532=SURFACE_STYLE_USAGE(.BOTH.,#805);
#533=FACE_OUTER_BOUND('',#806,.T.);
#534=PLANE('',#807);
#535=SURFACE_STYLE_USAGE(.BOTH.,#808);
#536=FACE_OUTER_BOUND('',#809,.T.);
#537=PLANE('',#810);
#538=SURFACE_STYLE_USAGE(.BOTH.,#811);
#539=FACE_OUTER_BOUND('',#812,.T.);
#540=PLANE('',#813);
#541=SURFACE_STYLE_USAGE(.BOTH.,#814);
#542=FACE_BOUND('',#815,.T.);
#543=FACE_OUTER_BOUND('',#816,.T.);
#544=PLANE('',#817);
#545=SURFACE_STYLE_USAGE(.BOTH.,#818);
#546=FACE_OUTER_BOUND('',#819,.T.);
#547=PLANE('',#820);
#548=SURFACE_STYLE_USAGE(.BOTH.,#821);
#549=FACE_OUTER_BOUND('',#822,.T.);
#550=PLANE('',#823);
#551=SURFACE_STYLE_USAGE(.BOTH.,#824);
#552=FACE_OUTER_BOUND('',#825,.T.);
#553=PLANE('',#826);
#554=SURFACE_STYLE_USAGE(.BOTH.,#827);
#555=FACE_BOUND('',#828,.T.);
#556=FACE_BOUND('',#829,.T.);
#557=FACE_BOUND('',#830,.T.);
#558=FACE_BOUND('',#831,.T.);
#559=FACE_OUTER_BOUND('',#832,.T.);
#560=PLANE('',#833);
#561=SURFACE_STYLE_USAGE(.BOTH.,#834);
#562=FACE_OUTER_BOUND('',#835,.T.);
#563=PLANE('',#836);
#564=PRODUCT_CONTEXT('',#96,'mechanical');
#565=PRODUCT_DEFINITION_FORMATION_WITH_SPECIFIED_SOURCE(' ','NONE',#281,.NOT_KNOWN.);
#566=CLOSED_SHELL('',(#110,#112,#114,#116,#118,#120,#122,#124,#126,#128,#130,#132,#134,#136,#138,#140,#142,#144,#146,#148,#150,#152,#154,#156,#158,#160,#162,#164,#166,#168,#170,#172,#174,#176,#178,#180,#182,#184,#186,#188,#190,#192,#194,#196,#198,#200,#202,#204,#206,#208,#210,#212,#214,#216,#218,#220,#222,#224,#226,#228,#230,#232,#234,#236,#238,#240,#242,#244,#246,#248,#250,#252,#254,#256,#258,#260,#262,#264,#266,#268,#270,#272,#274,#276,#278,#280));
#567=CARTESIAN_POINT('',(0.0,0.0,0.0));
#568=DIRECTION('',(0.0,0.0,1.0));
#569=DIRECTION('',(1.0,0.0,0.0));
#570= (NAMED_UNIT(#290)LENGTH_UNIT()SI_UNIT(.MILLI.,.METRE.));
#571=SURFACE_SIDE_STYLE('',(#838));
#572=EDGE_LOOP('',(#839,#840,#841,#842,#843,#844));
#573=AXIS2_PLACEMENT_3D('',#845,#846,#847);
#574=SURFACE_SIDE_STYLE('',(#848));
#575=EDGE_LOOP('',(#849,#850,#851,#852));
#576=AXIS2_PLACEMENT_3D('',#853,#854,#855);
#577=SURFACE_SIDE_STYLE('',(#856));
#578=EDGE_LOOP('',(#857,#858,#859,#860));
#579=AXIS2_PLACEMENT_3D('',#861,#862,#863);
#580=SURFACE_SIDE_STYLE('',(#864));
#581=EDGE_LOOP('',(#865,#866,#867,#868));
#582=AXIS2_PLACEMENT_3D('',#869,#870,#871);
#583=SURFACE_SIDE_STYLE('',(#872));
#584=EDGE_LOOP('',(#873,#874,#875,#876));
#585=AXIS2_PLACEMENT_3D('',#877,#878,#879);
#586=SURFACE_SIDE_STYLE('',(#880));
#587=EDGE_LOOP('',(#881,#882,#883,#884));
#588=AXIS2_PLACEMENT_3D('',#885,#886,#887);
#589=SURFACE_SIDE_STYLE('',(#888));
#590=EDGE_LOOP('',(#889,#890,#891,#892,#893,#894));
#591=AXIS2_PLACEMENT_3D('',#895,#896,#897);
#592=SURFACE_SIDE_STYLE('',(#898));
#593=EDGE_LOOP('',(#899,#900,#901,#902,#903,#904));
#594=AXIS2_PLACEMENT_3D('',#905,#906,#907);
#595=SURFACE_SIDE_STYLE('',(#908));
#596=EDGE_LOOP('',(#909,#910,#911,#912));
#597=AXIS2_PLACEMENT_3D('',#913,#914,#915);
#598=SURFACE_SIDE_STYLE('',(#916));
#599=EDGE_LOOP('',(#917,#918,#919,#920));
#600=AXIS2_PLACEMENT_3D('',#921,#922,#923);
#601=SURFACE_SIDE_STYLE('',(#924));
#602=EDGE_LOOP('',(#925,#926,#927,#928));
#603=AXIS2_PLACEMENT_3D('',#929,#930,#931);
#604=SURFACE_SIDE_STYLE('',(#932));
#605=EDGE_LOOP('',(#933,#934,#935,#936));
#606=AXIS2_PLACEMENT_3D('',#937,#938,#939);
#607=SURFACE_SIDE_STYLE('',(#940));
#608=EDGE_LOOP('',(#941,#942,#943,#944));
#609=AXIS2_PLACEMENT_3D('',#945,#946,#947);
#610=SURFACE_SIDE_STYLE('',(#948));
#611=EDGE_LOOP('',(#949,#950,#951,#952,#953,#954));
#612=AXIS2_PLACEMENT_3D('',#955,#956,#957);
#613=SURFACE_SIDE_STYLE('',(#958));
#614=EDGE_LOOP('',(#959,#960,#961,#962,#963,#964));
#615=AXIS2_PLACEMENT_3D('',#965,#966,#967);
#616=SURFACE_SIDE_STYLE('',(#968));
#617=EDGE_LOOP('',(#969,#970,#971,#972));
#618=AXIS2_PLACEMENT_3D('',#973,#974,#975);
#619=SURFACE_SIDE_STYLE('',(#976));
#620=EDGE_LOOP('',(#977,#978,#979,#980));
#621=AXIS2_PLACEMENT_3D('',#981,#982,#983);
#622=SURFACE_SIDE_STYLE('',(#984));
#623=EDGE_LOOP('',(#985,#986,#987,#988));
#624=AXIS2_PLACEMENT_3D('',#989,#990,#991);
#625=SURFACE_SIDE_STYLE('',(#992));
#626=EDGE_LOOP('',(#993,#994,#995,#996));
#627=AXIS2_PLACEMENT_3D('',#997,#998,#999);
#628=SURFACE_SIDE_STYLE('',(#1000));
#629=EDGE_LOOP('',(#1001,#1002,#1003,#1004));
#630=AXIS2_PLACEMENT_3D('',#1005,#1006,#1007);
#631=SURFACE_SIDE_STYLE('',(#1008));
#632=EDGE_LOOP('',(#1009,#1010,#1011,#1012,#1013,#1014));
#633=AXIS2_PLACEMENT_3D('',#1015,#1016,#1017);
#634=SURFACE_SIDE_STYLE('',(#1018));
#635=EDGE_LOOP('',(#1019,#1020,#1021,#1022,#1023,#1024));
#636=AXIS2_PLACEMENT_3D('',#1025,#1026,#1027);
#637=SURFACE_SIDE_STYLE('',(#1028));
#638=EDGE_LOOP('',(#1029,#1030,#1031,#1032));
#639=AXIS2_PLACEMENT_3D('',#1033,#1034,#1035);
#640=SURFACE_SIDE_STYLE('',(#1036));
#641=EDGE_LOOP('',(#1037,#1038,#1039,#1040));
#642=AXIS2_PLACEMENT_3D('',#1041,#1042,#1043);
#643=SURFACE_SIDE_STYLE('',(#1044));
#644=EDGE_LOOP('',(#1045,#1046,#1047,#1048));
#645=AXIS2_PLACEMENT_3D('',#1049,#1050,#1051);
#646=SURFACE_SIDE_STYLE('',(#1052));
#647=EDGE_LOOP('',(#1053,#1054,#1055,#1056));
#648=AXIS2_PLACEMENT_3D('',#1057,#1058,#1059);
#649=SURFACE_SIDE_STYLE('',(#1060));
#650=EDGE_LOOP('',(#1061,#1062,#1063,#1064));
#651=AXIS2_PLACEMENT_3D('',#1065,#1066,#1067);
#652=SURFACE_SIDE_STYLE('',(#1068));
#653=EDGE_LOOP('',(#1069,#1070,#1071,#1072,#1073,#1074));
#654=AXIS2_PLACEMENT_3D('',#1075,#1076,#1077);
#655=SURFACE_SIDE_STYLE('',(#1078));
#656=EDGE_LOOP('',(#1079,#1080,#1081,#1082));
#657=AXIS2_PLACEMENT_3D('',#1083,#1084,#1085);
#658=SURFACE_SIDE_STYLE('',(#1086));
#659=EDGE_LOOP('',(#1087,#1088,#1089,#1090));
#660=AXIS2_PLACEMENT_3D('',#1091,#1092,#1093);
#661=SURFACE_SIDE_STYLE('',(#1094));
#662=EDGE_LOOP('',(#1095,#1096,#1097,#1098));
#663=AXIS2_PLACEMENT_3D('',#1099,#1100,#1101);
#664=SURFACE_SIDE_STYLE('',(#1102));
#665=EDGE_LOOP('',(#1103,#1104,#1105,#1106));
#666=AXIS2_PLACEMENT_3D('',#1107,#1108,#1109);
#667=SURFACE_SIDE_STYLE('',(#1110));
#668=EDGE_LOOP('',(#1111,#1112,#1113,#1114));
#669=AXIS2_PLACEMENT_3D('',#1115,#1116,#1117);
#670=SURFACE_SIDE_STYLE('',(#1118));
#671=EDGE_LOOP('',(#1119,#1120,#1121,#1122));
#672=AXIS2_PLACEMENT_3D('',#1123,#1124,#1125);
#673=SURFACE_SIDE_STYLE('',(#1126));
#674=EDGE_LOOP('',(#1127,#1128,#1129,#1130));
#675=AXIS2_PLACEMENT_3D('',#1131,#1132,#1133);
#676=SURFACE_SIDE_STYLE('',(#1134));
#677=EDGE_LOOP('',(#1135,#1136,#1137,#1138));
#678=AXIS2_PLACEMENT_3D('',#1139,#1140,#1141);
#679=SURFACE_SIDE_STYLE('',(#1142));
#680=EDGE_LOOP('',(#1143,#1144,#1145,#1146));
#681=AXIS2_PLACEMENT_3D('',#1147,#1148,#1149);
#682=SURFACE_SIDE_STYLE('',(#1150));
#683=EDGE_LOOP('',(#1151,#1152,#1153,#1154));
#684=AXIS2_PLACEMENT_3D('',#1155,#1156,#1157);
#685=SURFACE_SIDE_STYLE('',(#1158));
#686=EDGE_LOOP('',(#1159,#1160,#1161,#1162));
#687=AXIS2_PLACEMENT_3D('',#1163,#1164,#1165);
#688=SURFACE_SIDE_STYLE('',(#1166));
#689=EDGE_LOOP('',(#1167,#1168,#1169,#1170));
#690=AXIS2_PLACEMENT_3D('',#1171,#1172,#1173);
#691=SURFACE_SIDE_STYLE('',(#1174));
#692=EDGE_LOOP('',(#1175,#1176,#1177,#1178));
#693=AXIS2_PLACEMENT_3D('',#1179,#1180,#1181);
#694=SURFACE_SIDE_STYLE('',(#1182));
#695=EDGE_LOOP('',(#1183,#1184,#1185,#1186));
#696=AXIS2_PLACEMENT_3D('',#1187,#1188,#1189);
#697=SURFACE_SIDE_STYLE('',(#1190));
#698=EDGE_LOOP('',(#1191,#1192,#1193,#1194));
#699=AXIS2_PLACEMENT_3D('',#1195,#1196,#1197);
#700=SURFACE_SIDE_STYLE('',(#1198));
#701=EDGE_LOOP('',(#1199,#1200,#1201,#1202));
#702=AXIS2_PLACEMENT_3D('',#1203,#1204,#1205);
#703=SURFACE_SIDE_STYLE('',(#1206));
#704=EDGE_LOOP('',(#1207,#1208,#1209,#1210));
#705=AXIS2_PLACEMENT_3D('',#1211,#1212,#1213);
#706=SURFACE_SIDE_STYLE('',(#1214));
#707=EDGE_LOOP('',(#1215,#1216,#1217,#1218));
#708=AXIS2_PLACEMENT_3D('',#1219,#1220,#1221);
#709=SURFACE_SIDE_STYLE('',(#1222));
#710=EDGE_LOOP('',(#1223,#1224,#1225,#1226));
#711=AXIS2_PLACEMENT_3D('',#1227,#1228,#1229);
#712=SURFACE_SIDE_STYLE('',(#1230));
#713=EDGE_LOOP('',(#1231,#1232,#1233,#1234));
#714=AXIS2_PLACEMENT_3D('',#1235,#1236,#1237);
#715=SURFACE_SIDE_STYLE('',(#1238));
#716=EDGE_LOOP('',(#1239,#1240,#1241,#1242));
#717=AXIS2_PLACEMENT_3D('',#1243,#1244,#1245);
#718=SURFACE_SIDE_STYLE('',(#1246));
#719=EDGE_LOOP('',(#1247,#1248,#1249,#1250));
#720=AXIS2_PLACEMENT_3D('',#1251,#1252,#1253);
#721=SURFACE_SIDE_STYLE('',(#1254));
#722=EDGE_LOOP('',(#1255,#1256,#1257,#1258));
#723=AXIS2_PLACEMENT_3D('',#1259,#1260,#1261);
#724=SURFACE_SIDE_STYLE('',(#1262));
#725=EDGE_LOOP('',(#1263,#1264,#1265,#1266));
#726=AXIS2_PLACEMENT_3D('',#1267,#1268,#1269);
#727=SURFACE_SIDE_STYLE('',(#1270));
#728=EDGE_LOOP('',(#1271,#1272,#1273,#1274));
#729=AXIS2_PLACEMENT_3D('',#1275,#1276,#1277);
#730=SURFACE_SIDE_STYLE('',(#1278));
#731=EDGE_LOOP('',(#1279,#1280,#1281,#1282));
#732=AXIS2_PLACEMENT_3D('',#1283,#1284,#1285);
#733=SURFACE_SIDE_STYLE('',(#1286));
#734=EDGE_LOOP('',(#1287,#1288,#1289,#1290));
#735=AXIS2_PLACEMENT_3D('',#1291,#1292,#1293);
#736=SURFACE_SIDE_STYLE('',(#1294));
#737=EDGE_LOOP('',(#1295,#1296,#1297,#1298));
#738=AXIS2_PLACEMENT_3D('',#1299,#1300,#1301);
#739=SURFACE_SIDE_STYLE('',(#1302));
#740=EDGE_LOOP('',(#1303,#1304,#1305,#1306));
#741=AXIS2_PLACEMENT_3D('',#1307,#1308,#1309);
#742=SURFACE_SIDE_STYLE('',(#1310));
#743=EDGE_LOOP('',(#1311,#1312,#1313,#1314));
#744=AXIS2_PLACEMENT_3D('',#1315,#1316,#1317);
#745=SURFACE_SIDE_STYLE('',(#1318));
#746=EDGE_LOOP('',(#1319,#1320,#1321,#1322));
#747=AXIS2_PLACEMENT_3D('',#1323,#1324,#1325);
#748=SURFACE_SIDE_STYLE('',(#1326));
#749=EDGE_LOOP('',(#1327,#1328,#1329,#1330));
#750=AXIS2_PLACEMENT_3D('',#1331,#1332,#1333);
#751=SURFACE_SIDE_STYLE('',(#1334));
#752=EDGE_LOOP('',(#1335,#1336,#1337,#1338));
#753=AXIS2_PLACEMENT_3D('',#1339,#1340,#1341);
#754=SURFACE_SIDE_STYLE('',(#1342));
#755=EDGE_LOOP('',(#1343,#1344,#1345,#1346));
#756=AXIS2_PLACEMENT_3D('',#1347,#1348,#1349);
#757=SURFACE_SIDE_STYLE('',(#1350));
#758=EDGE_LOOP('',(#1351,#1352,#1353,#1354));
#759=AXIS2_PLACEMENT_3D('',#1355,#1356,#1357);
#760=SURFACE_SIDE_STYLE('',(#1358));
#761=EDGE_LOOP('',(#1359,#1360,#1361,#1362));
#762=AXIS2_PLACEMENT_3D('',#1363,#1364,#1365);
#763=SURFACE_SIDE_STYLE('',(#1366));
#764=EDGE_LOOP('',(#1367,#1368,#1369,#1370));
#765=AXIS2_PLACEMENT_3D('',#1371,#1372,#1373);
#766=SURFACE_SIDE_STYLE('',(#1374));
#767=EDGE_LOOP('',(#1375,#1376,#1377,#1378));
#768=AXIS2_PLACEMENT_3D('',#1379,#1380,#1381);
#769=SURFACE_SIDE_STYLE('',(#1382));
#770=EDGE_LOOP('',(#1383,#1384,#1385,#1386));
#771=EDGE_LOOP('',(#1387,#1388,#1389,#1390));
#772=AXIS2_PLACEMENT_3D('',#1391,#1392,#1393);
#773=SURFACE_SIDE_STYLE('',(#1394));
#774=EDGE_LOOP('',(#1395,#1396,#1397,#1398,#1399,#1400,#1401,#1402,#1403,#1404,#1405,#1406,#1407,#1408,#1409,#1410,#1411,#1412,#1413,#1414));
#775=AXIS2_PLACEMENT_3D('',#1415,#1416,#1417);
#776=SURFACE_SIDE_STYLE('',(#1418));
#777=EDGE_LOOP('',(#1419,#1420,#1421,#1422));
#778=AXIS2_PLACEMENT_3D('',#1423,#1424,#1425);
#779=SURFACE_SIDE_STYLE('',(#1426));
#780=EDGE_LOOP('',(#1427,#1428,#1429,#1430));
#781=AXIS2_PLACEMENT_3D('',#1431,#1432,#1433);
#782=SURFACE_SIDE_STYLE('',(#1434));
#783=EDGE_LOOP('',(#1435,#1436,#1437,#1438));
#784=AXIS2_PLACEMENT_3D('',#1439,#1440,#1441);
#785=SURFACE_SIDE_STYLE('',(#1442));
#786=EDGE_LOOP('',(#1443,#1444,#1445,#1446));
#787=AXIS2_PLACEMENT_3D('',#1447,#1448,#1449);
#788=SURFACE_SIDE_STYLE('',(#1450));
#789=EDGE_LOOP('',(#1451,#1452,#1453,#1454));
#790=EDGE_LOOP('',(#1455,#1456,#1457,#1458));
#791=AXIS2_PLACEMENT_3D('',#1459,#1460,#1461);
#792=SURFACE_SIDE_STYLE('',(#1462));
#793=EDGE_LOOP('',(#1463,#1464,#1465,#1466));
#794=AXIS2_PLACEMENT_3D('',#1467,#1468,#1469);
#795=SURFACE_SIDE_STYLE('',(#1470));
#796=EDGE_LOOP('',(#1471,#1472,#1473,#1474));
#797=AXIS2_PLACEMENT_3D('',#1475,#1476,#1477);
#798=SURFACE_SIDE_STYLE('',(#1478));
#799=EDGE_LOOP('',(#1479,#1480,#1481,#1482));
#800=AXIS2_PLACEMENT_3D('',#1483,#1484,#1485);
#801=SURFACE_SIDE_STYLE('',(#1486));
#802=EDGE_LOOP('',(#1487,#1488,#1489,#1490));
#803=EDGE_LOOP('',(#1491,#1492,#1493,#1494));
#804=AXIS2_PLACEMENT_3D('',#1495,#1496,#1497);
#805=SURFACE_SIDE_STYLE('',(#1498));
#806=EDGE_LOOP('',(#1499,#1500,#1501,#1502));
#807=AXIS2_PLACEMENT_3D('',#1503,#1504,#1505);
#808=SURFACE_SIDE_STYLE('',(#1506));
#809=EDGE_LOOP('',(#1507,#1508,#1509,#1510));
#810=AXIS2_PLACEMENT_3D('',#1511,#1512,#1513);
#811=SURFACE_SIDE_STYLE('',(#1514));
#812=EDGE_LOOP('',(#1515,#1516,#1517,#1518));
#813=AXIS2_PLACEMENT_3D('',#1519,#1520,#1521);
#814=SURFACE_SIDE_STYLE('',(#1522));
#815=EDGE_LOOP('',(#1523,#1524,#1525,#1526));
#816=EDGE_LOOP('',(#1527,#1528,#1529,#1530));
#817=AXIS2_PLACEMENT_3D('',#1531,#1532,#1533);
#818=SURFACE_SIDE_STYLE('',(#1534));
#819=EDGE_LOOP('',(#1535,#1536,#1537,#1538));
#820=AXIS2_PLACEMENT_3D('',#1539,#1540,#1541);
#821=SURFACE_SIDE_STYLE('',(#1542));
#822=EDGE_LOOP('',(#1543,#1544,#1545,#1546,#1547,#1548,#1549,#1550,#1551,#1552,#1553,#1554,#1555,#1556,#1557,#1558,#1559,#1560,#1561,#1562));
#823=AXIS2_PLACEMENT_3D('',#1563,#1564,#1565);
#824=SURFACE_SIDE_STYLE('',(#1566));
#825=EDGE_LOOP('',(#1567,#1568,#1569,#1570));
#826=AXIS2_PLACEMENT_3D('',#1571,#1572,#1573);
#827=SURFACE_SIDE_STYLE('',(#1574));
#828=EDGE_LOOP('',(#1575,#1576,#1577,#1578));
#829=EDGE_LOOP('',(#1579,#1580,#1581,#1582));
#830=EDGE_LOOP('',(#1583,#1584,#1585,#1586));
#831=EDGE_LOOP('',(#1587,#1588,#1589,#1590));
#832=EDGE_LOOP('',(#1591,#1592,#1593,#1594));
#833=AXIS2_PLACEMENT_3D('',#1595,#1596,#1597);
#834=SURFACE_SIDE_STYLE('',(#1598));
#835=EDGE_LOOP('',(#1599,#1600,#1601,#1602));
#836=AXIS2_PLACEMENT_3D('',#1603,#1604,#1605);
#838=SURFACE_STYLE_FILL_AREA(#1606);
#839=ORIENTED_EDGE('',*,*,#1607,.F.);
#840=ORIENTED_EDGE('',*,*,#1608,.F.);
#841=ORIENTED_EDGE('',*,*,#1609,.F.);
#842=ORIENTED_EDGE('',*,*,#1610,.F.);
#843=ORIENTED_EDGE('',*,*,#1611,.T.);
#844=ORIENTED_EDGE('',*,*,#1612,.T.);
#845=CARTESIAN_POINT('',(9.144,-0.938484323578236,-0.2032));
#846=DIRECTION('',(0.0,0.0,1.0));
#847=DIRECTION('',(1.0,0.0,0.0));
#848=SURFACE_STYLE_FILL_AREA(#1613);
#849=ORIENTED_EDGE('',*,*,#1614,.F.);
#850=ORIENTED_EDGE('',*,*,#1615,.T.);
#851=ORIENTED_EDGE('',*,*,#1616,.F.);
#852=ORIENTED_EDGE('',*,*,#1608,.T.);
#853=CARTESIAN_POINT('',(9.5377,-0.800829547438753,-0.2032));
#854=DIRECTION('',(1.0,-7.92546835305598E-17,0.0));
#855=DIRECTION('',(7.92546835305598E-17,1.0,0.0));
#856=SURFACE_STYLE_FILL_AREA(#1617);
#857=ORIENTED_EDGE('',*,*,#1618,.T.);
#858=ORIENTED_EDGE('',*,*,#1619,.F.);
#859=ORIENTED_EDGE('',*,*,#1610,.T.);
#860=ORIENTED_EDGE('',*,*,#1620,.T.);
#861=CARTESIAN_POINT('',(9.07415,-2.6416,-0.2032));
#862=DIRECTION('',(-1.22460635382238E-16,-1.0,0.0));
#863=DIRECTION('',(1.0,-1.22460635382238E-16,0.0));
#864=SURFACE_STYLE_FILL_AREA(#1621);
#865=ORIENTED_EDGE('',*,*,#1622,.T.);
#866=ORIENTED_EDGE('',*,*,#1623,.F.);
#867=ORIENTED_EDGE('',*,*,#1611,.F.);
#868=ORIENTED_EDGE('',*,*,#1619,.T.);
#869=CARTESIAN_POINT('',(8.8773,-2.42162954743875,-0.2032));
#870=DIRECTION('',(-0.866025403784439,-0.5,0.0));
#871=DIRECTION('',(0.5,-0.866025403784439,0.0));
#872=SURFACE_STYLE_FILL_AREA(#1624);
#873=ORIENTED_EDGE('',*,*,#1625,.F.);
#874=ORIENTED_EDGE('',*,*,#1612,.F.);
#875=ORIENTED_EDGE('',*,*,#1623,.T.);
#876=ORIENTED_EDGE('',*,*,#1626,.T.);
#877=CARTESIAN_POINT('',(8.7503,-0.800829547438753,-0.2032));
#878=DIRECTION('',(-1.0,-7.92546835305598E-17,0.0));
#879=DIRECTION('',(7.92546835305598E-17,-1.0,0.0));
#880=SURFACE_STYLE_FILL_AREA(#1627);
#881=ORIENTED_EDGE('',*,*,#1628,.T.);
#882=ORIENTED_EDGE('',*,*,#1620,.F.);
#883=ORIENTED_EDGE('',*,*,#1609,.T.);
#884=ORIENTED_EDGE('',*,*,#1616,.T.);
#885=CARTESIAN_POINT('',(9.4107,-2.42162954743875,-0.2032));
#886=DIRECTION('',(0.866025403784439,-0.5,0.0));
#887=DIRECTION('',(0.5,0.866025403784439,0.0));
#888=SURFACE_STYLE_FILL_AREA(#1629);
#889=ORIENTED_EDGE('',*,*,#1630,.F.);
#890=ORIENTED_EDGE('',*,*,#1626,.F.);
#891=ORIENTED_EDGE('',*,*,#1622,.F.);
#892=ORIENTED_EDGE('',*,*,#1618,.F.);
#893=ORIENTED_EDGE('',*,*,#1628,.F.);
#894=ORIENTED_EDGE('',*,*,#1615,.F.);
#895=CARTESIAN_POINT('',(9.144,-0.938484323578236,0.2032));
#896=DIRECTION('',(0.0,0.0,1.0));
#897=DIRECTION('',(1.0,0.0,0.0));
#898=SURFACE_STYLE_FILL_AREA(#1631);
#899=ORIENTED_EDGE('',*,*,#1632,.F.);
#900=ORIENTED_EDGE('',*,*,#1633,.F.);
#901=ORIENTED_EDGE('',*,*,#1634,.F.);
#902=ORIENTED_EDGE('',*,*,#1635,.F.);
#903=ORIENTED_EDGE('',*,*,#1636,.T.);
#904=ORIENTED_EDGE('',*,*,#1637,.T.);
#905=CARTESIAN_POINT('',(6.604,-0.938484323578236,-0.2032));
#906=DIRECTION('',(0.0,0.0,1.0));
#907=DIRECTION('',(1.0,0.0,0.0));
#908=SURFACE_STYLE_FILL_AREA(#1638);
#909=ORIENTED_EDGE('',*,*,#1639,.F.);
#910=ORIENTED_EDGE('',*,*,#1640,.T.);
#911=ORIENTED_EDGE('',*,*,#1641,.F.);
#912=ORIENTED_EDGE('',*,*,#1633,.T.);
#913=CARTESIAN_POINT('',(6.9977,-0.800829547438753,-0.2032));
#914=DIRECTION('',(1.0,-7.92546835305598E-17,0.0));
#915=DIRECTION('',(7.92546835305598E-17,1.0,0.0));
#916=SURFACE_STYLE_FILL_AREA(#1642);
#917=ORIENTED_EDGE('',*,*,#1643,.T.);
#918=ORIENTED_EDGE('',*,*,#1644,.F.);
#919=ORIENTED_EDGE('',*,*,#1635,.T.);
#920=ORIENTED_EDGE('',*,*,#1645,.T.);
#921=CARTESIAN_POINT('',(6.53415,-2.6416,-0.2032));
#922=DIRECTION('',(-1.22460635382238E-16,-1.0,0.0));
#923=DIRECTION('',(1.0,-1.22460635382238E-16,0.0));
#924=SURFACE_STYLE_FILL_AREA(#1646);
#925=ORIENTED_EDGE('',*,*,#1647,.T.);
#926=ORIENTED_EDGE('',*,*,#1648,.F.);
#927=ORIENTED_EDGE('',*,*,#1636,.F.);
#928=ORIENTED_EDGE('',*,*,#1644,.T.);
#929=CARTESIAN_POINT('',(6.3373,-2.42162954743875,-0.2032));
#930=DIRECTION('',(-0.866025403784439,-0.5,0.0));
#931=DIRECTION('',(0.5,-0.866025403784439,0.0));
#932=SURFACE_STYLE_FILL_AREA(#1649);
#933=ORIENTED_EDGE('',*,*,#1650,.F.);
#934=ORIENTED_EDGE('',*,*,#1637,.F.);
#935=ORIENTED_EDGE('',*,*,#1648,.T.);
#936=ORIENTED_EDGE('',*,*,#1651,.T.);
#937=CARTESIAN_POINT('',(6.2103,-0.800829547438753,-0.2032));
#938=DIRECTION('',(-1.0,-7.92546835305598E-17,0.0));
#939=DIRECTION('',(7.92546835305598E-17,-1.0,0.0));
#940=SURFACE_STYLE_FILL_AREA(#1652);
#941=ORIENTED_EDGE('',*,*,#1653,.T.);
#942=ORIENTED_EDGE('',*,*,#1645,.F.);
#943=ORIENTED_EDGE('',*,*,#1634,.T.);
#944=ORIENTED_EDGE('',*,*,#1641,.T.);
#945=CARTESIAN_POINT('',(6.8707,-2.42162954743875,-0.2032));
#946=DIRECTION('',(0.866025403784439,-0.5,0.0));
#947=DIRECTION('',(0.5,0.866025403784439,0.0));
#948=SURFACE_STYLE_FILL_AREA(#1654);
#949=ORIENTED_EDGE('',*,*,#1655,.F.);
#950=ORIENTED_EDGE('',*,*,#1651,.F.);
#951=ORIENTED_EDGE('',*,*,#1647,.F.);
#952=ORIENTED_EDGE('',*,*,#1643,.F.);
#953=ORIENTED_EDGE('',*,*,#1653,.F.);
#954=ORIENTED_EDGE('',*,*,#1640,.F.);
#955=CARTESIAN_POINT('',(6.604,-0.938484323578236,0.2032));
#956=DIRECTION('',(0.0,0.0,1.0));
#957=DIRECTION('',(1.0,0.0,0.0));
#958=SURFACE_STYLE_FILL_AREA(#1656);
#959=ORIENTED_EDGE('',*,*,#1657,.F.);
#960=ORIENTED_EDGE('',*,*,#1658,.F.);
#961=ORIENTED_EDGE('',*,*,#1659,.F.);
#962=ORIENTED_EDGE('',*,*,#1660,.F.);
#963=ORIENTED_EDGE('',*,*,#1661,.T.);
#964=ORIENTED_EDGE('',*,*,#1662,.T.);
#965=CARTESIAN_POINT('',(4.064,-0.938484323578236,-0.2032));
#966=DIRECTION('',(0.0,0.0,1.0));
#967=DIRECTION('',(1.0,0.0,0.0));
#968=SURFACE_STYLE_FILL_AREA(#1663);
#969=ORIENTED_EDGE('',*,*,#1664,.F.);
#970=ORIENTED_EDGE('',*,*,#1665,.T.);
#971=ORIENTED_EDGE('',*,*,#1666,.F.);
#972=ORIENTED_EDGE('',*,*,#1658,.T.);
#973=CARTESIAN_POINT('',(4.4577,-0.800829547438753,-0.2032));
#974=DIRECTION('',(1.0,-7.92546835305598E-17,0.0));
#975=DIRECTION('',(7.92546835305598E-17,1.0,0.0));
#976=SURFACE_STYLE_FILL_AREA(#1667);
#977=ORIENTED_EDGE('',*,*,#1668,.T.);
#978=ORIENTED_EDGE('',*,*,#1669,.F.);
#979=ORIENTED_EDGE('',*,*,#1660,.T.);
#980=ORIENTED_EDGE('',*,*,#1670,.T.);
#981=CARTESIAN_POINT('',(3.99415,-2.6416,-0.2032));
#982=DIRECTION('',(-1.22460635382238E-16,-1.0,0.0));
#983=DIRECTION('',(1.0,-1.22460635382238E-16,0.0));
#984=SURFACE_STYLE_FILL_AREA(#1671);
#985=ORIENTED_EDGE('',*,*,#1672,.T.);
#986=ORIENTED_EDGE('',*,*,#1673,.F.);
#987=ORIENTED_EDGE('',*,*,#1661,.F.);
#988=ORIENTED_EDGE('',*,*,#1669,.T.);
#989=CARTESIAN_POINT('',(3.7973,-2.42162954743875,-0.2032));
#990=DIRECTION('',(-0.866025403784439,-0.5,0.0));
#991=DIRECTION('',(0.5,-0.866025403784439,0.0));
#992=SURFACE_STYLE_FILL_AREA(#1674);
#993=ORIENTED_EDGE('',*,*,#1675,.F.);
#994=ORIENTED_EDGE('',*,*,#1662,.F.);
#995=ORIENTED_EDGE('',*,*,#1673,.T.);
#996=ORIENTED_EDGE('',*,*,#1676,.T.);
#997=CARTESIAN_POINT('',(3.6703,-0.800829547438753,-0.2032));
#998=DIRECTION('',(-1.0,-7.92546835305598E-17,0.0));
#999=DIRECTION('',(7.92546835305598E-17,-1.0,0.0));
#1000=SURFACE_STYLE_FILL_AREA(#1677);
#1001=ORIENTED_EDGE('',*,*,#1678,.T.);
#1002=ORIENTED_EDGE('',*,*,#1670,.F.);
#1003=ORIENTED_EDGE('',*,*,#1659,.T.);
#1004=ORIENTED_EDGE('',*,*,#1666,.T.);
#1005=CARTESIAN_POINT('',(4.3307,-2.42162954743875,-0.2032));
#1006=DIRECTION('',(0.866025403784439,-0.5,0.0));
#1007=DIRECTION('',(0.5,0.866025403784439,0.0));
#1008=SURFACE_STYLE_FILL_AREA(#1679);
#1009=ORIENTED_EDGE('',*,*,#1680,.F.);
#1010=ORIENTED_EDGE('',*,*,#1676,.F.);
#1011=ORIENTED_EDGE('',*,*,#1672,.F.);
#1012=ORIENTED_EDGE('',*,*,#1668,.F.);
#1013=ORIENTED_EDGE('',*,*,#1678,.F.);
#1014=ORIENTED_EDGE('',*,*,#1665,.F.);
#1015=CARTESIAN_POINT('',(4.064,-0.938484323578236,0.2032));
#1016=DIRECTION('',(0.0,0.0,1.0));
#1017=DIRECTION('',(1.0,0.0,0.0));
#1018=SURFACE_STYLE_FILL_AREA(#1681);
#1019=ORIENTED_EDGE('',*,*,#1682,.F.);
#1020=ORIENTED_EDGE('',*,*,#1683,.F.);
#1021=ORIENTED_EDGE('',*,*,#1684,.F.);
#1022=ORIENTED_EDGE('',*,*,#1685,.F.);
#1023=ORIENTED_EDGE('',*,*,#1686,.T.);
#1024=ORIENTED_EDGE('',*,*,#1687,.T.);
#1025=CARTESIAN_POINT('',(1.524,-0.938484323578236,-0.2032));
#1026=DIRECTION('',(0.0,0.0,1.0));
#1027=DIRECTION('',(1.0,0.0,0.0));
#1028=SURFACE_STYLE_FILL_AREA(#1688);
#1029=ORIENTED_EDGE('',*,*,#1689,.F.);
#1030=ORIENTED_EDGE('',*,*,#1690,.T.);
#1031=ORIENTED_EDGE('',*,*,#1691,.F.);
#1032=ORIENTED_EDGE('',*,*,#1683,.T.);
#1033=CARTESIAN_POINT('',(1.9177,-0.800829547438753,-0.2032));
#1034=DIRECTION('',(1.0,-7.92546835305598E-17,0.0));
#1035=DIRECTION('',(7.92546835305598E-17,1.0,0.0));
#1036=SURFACE_STYLE_FILL_AREA(#1692);
#1037=ORIENTED_EDGE('',*,*,#1693,.T.);
#1038=ORIENTED_EDGE('',*,*,#1694,.F.);
#1039=ORIENTED_EDGE('',*,*,#1685,.T.);
#1040=ORIENTED_EDGE('',*,*,#1695,.T.);
#1041=CARTESIAN_POINT('',(1.45415,-2.6416,-0.2032));
#1042=DIRECTION('',(-1.22460635382238E-16,-1.0,0.0));
#1043=DIRECTION('',(1.0,-1.22460635382238E-16,0.0));
#1044=SURFACE_STYLE_FILL_AREA(#1696);
#1045=ORIENTED_EDGE('',*,*,#1697,.T.);
#1046=ORIENTED_EDGE('',*,*,#1698,.F.);
#1047=ORIENTED_EDGE('',*,*,#1686,.F.);
#1048=ORIENTED_EDGE('',*,*,#1694,.T.);
#1049=CARTESIAN_POINT('',(1.2573,-2.42162954743875,-0.2032));
#1050=DIRECTION('',(-0.866025403784439,-0.5,0.0));
#1051=DIRECTION('',(0.5,-0.866025403784439,0.0));
#1052=SURFACE_STYLE_FILL_AREA(#1699);
#1053=ORIENTED_EDGE('',*,*,#1700,.F.);
#1054=ORIENTED_EDGE('',*,*,#1687,.F.);
#1055=ORIENTED_EDGE('',*,*,#1698,.T.);
#1056=ORIENTED_EDGE('',*,*,#1701,.T.);
#1057=CARTESIAN_POINT('',(1.1303,-0.800829547438753,-0.2032));
#1058=DIRECTION('',(-1.0,-7.92546835305598E-17,0.0));
#1059=DIRECTION('',(7.92546835305598E-17,-1.0,0.0));
#1060=SURFACE_STYLE_FILL_AREA(#1702);
#1061=ORIENTED_EDGE('',*,*,#1703,.T.);
#1062=ORIENTED_EDGE('',*,*,#1695,.F.);
#1063=ORIENTED_EDGE('',*,*,#1684,.T.);
#1064=ORIENTED_EDGE('',*,*,#1691,.T.);
#1065=CARTESIAN_POINT('',(1.7907,-2.42162954743875,-0.2032));
#1066=DIRECTION('',(0.866025403784439,-0.5,0.0));
#1067=DIRECTION('',(0.5,0.866025403784439,0.0));
#1068=SURFACE_STYLE_FILL_AREA(#1704);
#1069=ORIENTED_EDGE('',*,*,#1705,.F.);
#1070=ORIENTED_EDGE('',*,*,#1701,.F.);
#1071=ORIENTED_EDGE('',*,*,#1697,.F.);
#1072=ORIENTED_EDGE('',*,*,#1693,.F.);
#1073=ORIENTED_EDGE('',*,*,#1703,.F.);
#1074=ORIENTED_EDGE('',*,*,#1690,.F.);
#1075=CARTESIAN_POINT('',(1.524,-0.938484323578236,0.2032));
#1076=DIRECTION('',(0.0,0.0,1.0));
#1077=DIRECTION('',(1.0,0.0,0.0));
#1078=SURFACE_STYLE_FILL_AREA(#1706);
#1079=ORIENTED_EDGE('',*,*,#1707,.T.);
#1080=ORIENTED_EDGE('',*,*,#1708,.F.);
#1081=ORIENTED_EDGE('',*,*,#1709,.T.);
#1082=ORIENTED_EDGE('',*,*,#1710,.T.);
#1083=CARTESIAN_POINT('',(10.144,8.3185,0.5842));
#1084=DIRECTION('',(1.2988911856079E-16,0.707106781186548,-0.707106781186547));
#1085=DIRECTION('',(1.2988911856079E-16,-0.707106781186547,-0.707106781186548));
#1086=SURFACE_STYLE_FILL_AREA(#1711);
#1087=ORIENTED_EDGE('',*,*,#1709,.F.);
#1088=ORIENTED_EDGE('',*,*,#1712,.F.);
#1089=ORIENTED_EDGE('',*,*,#1713,.F.);
#1090=ORIENTED_EDGE('',*,*,#1714,.T.);
#1091=CARTESIAN_POINT('',(9.7282,8.3185,-1.0));
#1092=DIRECTION('',(-0.707106781186547,0.707106781186548,0.0));
#1093=DIRECTION('',(-0.707106781186548,-0.707106781186547,-0.0));
#1094=SURFACE_STYLE_FILL_AREA(#1715);
#1095=ORIENTED_EDGE('',*,*,#1707,.F.);
#1096=ORIENTED_EDGE('',*,*,#1716,.T.);
#1097=ORIENTED_EDGE('',*,*,#1717,.T.);
#1098=ORIENTED_EDGE('',*,*,#1718,.F.);
#1099=CARTESIAN_POINT('',(8.5598,8.3185,1.0));
#1100=DIRECTION('',(0.707106781186547,0.707106781186548,8.65927457071935E-17));
#1101=DIRECTION('',(0.707106781186548,-0.707106781186547,8.65927457071935E-17));
#1102=SURFACE_STYLE_FILL_AREA(#1719);
#1103=ORIENTED_EDGE('',*,*,#1717,.F.);
#1104=ORIENTED_EDGE('',*,*,#1720,.T.);
#1105=ORIENTED_EDGE('',*,*,#1713,.T.);
#1106=ORIENTED_EDGE('',*,*,#1721,.F.);
#1107=CARTESIAN_POINT('',(8.144,8.3185,-0.5842));
#1108=DIRECTION('',(-4.32963728535968E-17,0.707106781186548,0.707106781186547));
#1109=DIRECTION('',(-4.32963728535968E-17,-0.707106781186547,0.707106781186548));
#1110=SURFACE_STYLE_FILL_AREA(#1722);
#1111=ORIENTED_EDGE('',*,*,#1714,.F.);
#1112=ORIENTED_EDGE('',*,*,#1723,.T.);
#1113=ORIENTED_EDGE('',*,*,#1724,.F.);
#1114=ORIENTED_EDGE('',*,*,#1725,.T.);
#1115=CARTESIAN_POINT('',(9.5377,5.2625,0.0));
#1116=DIRECTION('',(-1.0,0.0,0.0));
#1117=DIRECTION('',(0.0,0.0,1.0));
#1118=SURFACE_STYLE_FILL_AREA(#1726);
#1119=ORIENTED_EDGE('',*,*,#1720,.F.);
#1120=ORIENTED_EDGE('',*,*,#1727,.F.);
#1121=ORIENTED_EDGE('',*,*,#1728,.F.);
#1122=ORIENTED_EDGE('',*,*,#1723,.F.);
#1123=CARTESIAN_POINT('',(9.144,5.2625,-0.3937));
#1124=DIRECTION('',(0.0,0.0,1.0));
#1125=DIRECTION('',(1.0,0.0,0.0));
#1126=SURFACE_STYLE_FILL_AREA(#1729);
#1127=ORIENTED_EDGE('',*,*,#1710,.F.);
#1128=ORIENTED_EDGE('',*,*,#1725,.F.);
#1129=ORIENTED_EDGE('',*,*,#1730,.F.);
#1130=ORIENTED_EDGE('',*,*,#1731,.F.);
#1131=CARTESIAN_POINT('',(9.144,5.2625,0.3937));
#1132=DIRECTION('',(0.0,0.0,1.0));
#1133=DIRECTION('',(1.0,0.0,0.0));
#1134=SURFACE_STYLE_FILL_AREA(#1732);
#1135=ORIENTED_EDGE('',*,*,#1733,.F.);
#1136=ORIENTED_EDGE('',*,*,#1730,.T.);
#1137=ORIENTED_EDGE('',*,*,#1724,.T.);
#1138=ORIENTED_EDGE('',*,*,#1728,.T.);
#1139=CARTESIAN_POINT('',(9.144,1.008,0.0));
#1140=DIRECTION('',(0.0,1.0,0.0));
#1141=DIRECTION('',(0.0,0.0,1.0));
#1142=SURFACE_STYLE_FILL_AREA(#1734);
#1143=ORIENTED_EDGE('',*,*,#1716,.F.);
#1144=ORIENTED_EDGE('',*,*,#1731,.T.);
#1145=ORIENTED_EDGE('',*,*,#1733,.T.);
#1146=ORIENTED_EDGE('',*,*,#1727,.T.);
#1147=CARTESIAN_POINT('',(8.7503,5.2625,0.0));
#1148=DIRECTION('',(1.0,0.0,0.0));
#1149=DIRECTION('',(0.0,0.0,-1.0));
#1150=SURFACE_STYLE_FILL_AREA(#1735);
#1151=ORIENTED_EDGE('',*,*,#1736,.T.);
#1152=ORIENTED_EDGE('',*,*,#1737,.F.);
#1153=ORIENTED_EDGE('',*,*,#1738,.T.);
#1154=ORIENTED_EDGE('',*,*,#1739,.T.);
#1155=CARTESIAN_POINT('',(7.604,8.3185,0.5842));
#1156=DIRECTION('',(1.2988911856079E-16,0.707106781186548,-0.707106781186547));
#1157=DIRECTION('',(1.2988911856079E-16,-0.707106781186547,-0.707106781186548));
#1158=SURFACE_STYLE_FILL_AREA(#1740);
#1159=ORIENTED_EDGE('',*,*,#1738,.F.);
#1160=ORIENTED_EDGE('',*,*,#1741,.F.);
#1161=ORIENTED_EDGE('',*,*,#1742,.F.);
#1162=ORIENTED_EDGE('',*,*,#1743,.T.);
#1163=CARTESIAN_POINT('',(7.1882,8.3185,-1.0));
#1164=DIRECTION('',(-0.707106781186547,0.707106781186548,0.0));
#1165=DIRECTION('',(-0.707106781186548,-0.707106781186547,-0.0));
#1166=SURFACE_STYLE_FILL_AREA(#1744);
#1167=ORIENTED_EDGE('',*,*,#1736,.F.);
#1168=ORIENTED_EDGE('',*,*,#1745,.T.);
#1169=ORIENTED_EDGE('',*,*,#1746,.T.);
#1170=ORIENTED_EDGE('',*,*,#1747,.F.);
#1171=CARTESIAN_POINT('',(6.0198,8.3185,1.0));
#1172=DIRECTION('',(0.707106781186547,0.707106781186548,8.65927457071935E-17));
#1173=DIRECTION('',(0.707106781186548,-0.707106781186547,8.65927457071935E-17));
#1174=SURFACE_STYLE_FILL_AREA(#1748);
#1175=ORIENTED_EDGE('',*,*,#1746,.F.);
#1176=ORIENTED_EDGE('',*,*,#1749,.T.);
#1177=ORIENTED_EDGE('',*,*,#1742,.T.);
#1178=ORIENTED_EDGE('',*,*,#1750,.F.);
#1179=CARTESIAN_POINT('',(5.604,8.3185,-0.5842));
#1180=DIRECTION('',(-4.32963728535968E-17,0.707106781186548,0.707106781186547));
#1181=DIRECTION('',(-4.32963728535968E-17,-0.707106781186547,0.707106781186548));
#1182=SURFACE_STYLE_FILL_AREA(#1751);
#1183=ORIENTED_EDGE('',*,*,#1743,.F.);
#1184=ORIENTED_EDGE('',*,*,#1752,.T.);
#1185=ORIENTED_EDGE('',*,*,#1753,.F.);
#1186=ORIENTED_EDGE('',*,*,#1754,.T.);
#1187=CARTESIAN_POINT('',(6.9977,5.2625,0.0));
#1188=DIRECTION('',(-1.0,0.0,0.0));
#1189=DIRECTION('',(0.0,0.0,1.0));
#1190=SURFACE_STYLE_FILL_AREA(#1755);
#1191=ORIENTED_EDGE('',*,*,#1749,.F.);
#1192=ORIENTED_EDGE('',*,*,#1756,.F.);
#1193=ORIENTED_EDGE('',*,*,#1757,.F.);
#1194=ORIENTED_EDGE('',*,*,#1752,.F.);
#1195=CARTESIAN_POINT('',(6.604,5.2625,-0.3937));
#1196=DIRECTION('',(0.0,0.0,1.0));
#1197=DIRECTION('',(1.0,0.0,0.0));
#1198=SURFACE_STYLE_FILL_AREA(#1758);
#1199=ORIENTED_EDGE('',*,*,#1739,.F.);
#1200=ORIENTED_EDGE('',*,*,#1754,.F.);
#1201=ORIENTED_EDGE('',*,*,#1759,.F.);
#1202=ORIENTED_EDGE('',*,*,#1760,.F.);
#1203=CARTESIAN_POINT('',(6.604,5.2625,0.3937));
#1204=DIRECTION('',(0.0,0.0,1.0));
#1205=DIRECTION('',(1.0,0.0,0.0));
#1206=SURFACE_STYLE_FILL_AREA(#1761);
#1207=ORIENTED_EDGE('',*,*,#1762,.F.);
#1208=ORIENTED_EDGE('',*,*,#1759,.T.);
#1209=ORIENTED_EDGE('',*,*,#1753,.T.);
#1210=ORIENTED_EDGE('',*,*,#1757,.T.);
#1211=CARTESIAN_POINT('',(6.604,1.008,0.0));
#1212=DIRECTION('',(0.0,1.0,0.0));
#1213=DIRECTION('',(0.0,0.0,1.0));
#1214=SURFACE_STYLE_FILL_AREA(#1763);
#1215=ORIENTED_EDGE('',*,*,#1745,.F.);
#1216=ORIENTED_EDGE('',*,*,#1760,.T.);
#1217=ORIENTED_EDGE('',*,*,#1762,.T.);
#1218=ORIENTED_EDGE('',*,*,#1756,.T.);
#1219=CARTESIAN_POINT('',(6.2103,5.2625,0.0));
#1220=DIRECTION('',(1.0,0.0,0.0));
#1221=DIRECTION('',(0.0,0.0,-1.0));
#1222=SURFACE_STYLE_FILL_AREA(#1764);
#1223=ORIENTED_EDGE('',*,*,#1765,.T.);
#1224=ORIENTED_EDGE('',*,*,#1766,.F.);
#1225=ORIENTED_EDGE('',*,*,#1767,.T.);
#1226=ORIENTED_EDGE('',*,*,#1768,.T.);
#1227=CARTESIAN_POINT('',(5.064,8.3185,0.5842));
#1228=DIRECTION('',(1.2988911856079E-16,0.707106781186548,-0.707106781186547));
#1229=DIRECTION('',(1.2988911856079E-16,-0.707106781186547,-0.707106781186548));
#1230=SURFACE_STYLE_FILL_AREA(#1769);
#1231=ORIENTED_EDGE('',*,*,#1767,.F.);
#1232=ORIENTED_EDGE('',*,*,#1770,.F.);
#1233=ORIENTED_EDGE('',*,*,#1771,.F.);
#1234=ORIENTED_EDGE('',*,*,#1772,.T.);
#1235=CARTESIAN_POINT('',(4.6482,8.3185,-1.0));
#1236=DIRECTION('',(-0.707106781186547,0.707106781186548,0.0));
#1237=DIRECTION('',(-0.707106781186548,-0.707106781186547,-0.0));
#1238=SURFACE_STYLE_FILL_AREA(#1773);
#1239=ORIENTED_EDGE('',*,*,#1765,.F.);
#1240=ORIENTED_EDGE('',*,*,#1774,.T.);
#1241=ORIENTED_EDGE('',*,*,#1775,.T.);
#1242=ORIENTED_EDGE('',*,*,#1776,.F.);
#1243=CARTESIAN_POINT('',(3.4798,8.3185,1.0));
#1244=DIRECTION('',(0.707106781186547,0.707106781186548,8.65927457071935E-17));
#1245=DIRECTION('',(0.707106781186548,-0.707106781186547,8.65927457071935E-17));
#1246=SURFACE_STYLE_FILL_AREA(#1777);
#1247=ORIENTED_EDGE('',*,*,#1775,.F.);
#1248=ORIENTED_EDGE('',*,*,#1778,.T.);
#1249=ORIENTED_EDGE('',*,*,#1771,.T.);
#1250=ORIENTED_EDGE('',*,*,#1779,.F.);
#1251=CARTESIAN_POINT('',(3.064,8.3185,-0.5842));
#1252=DIRECTION('',(-4.32963728535968E-17,0.707106781186548,0.707106781186547));
#1253=DIRECTION('',(-4.32963728535968E-17,-0.707106781186547,0.707106781186548));
#1254=SURFACE_STYLE_FILL_AREA(#1780);
#1255=ORIENTED_EDGE('',*,*,#1772,.F.);
#1256=ORIENTED_EDGE('',*,*,#1781,.T.);
#1257=ORIENTED_EDGE('',*,*,#1782,.F.);
#1258=ORIENTED_EDGE('',*,*,#1783,.T.);
#1259=CARTESIAN_POINT('',(4.4577,5.2625,0.0));
#1260=DIRECTION('',(-1.0,0.0,0.0));
#1261=DIRECTION('',(0.0,0.0,1.0));
#1262=SURFACE_STYLE_FILL_AREA(#1784);
#1263=ORIENTED_EDGE('',*,*,#1778,.F.);
#1264=ORIENTED_EDGE('',*,*,#1785,.F.);
#1265=ORIENTED_EDGE('',*,*,#1786,.F.);
#1266=ORIENTED_EDGE('',*,*,#1781,.F.);
#1267=CARTESIAN_POINT('',(4.064,5.2625,-0.3937));
#1268=DIRECTION('',(0.0,0.0,1.0));
#1269=DIRECTION('',(1.0,0.0,0.0));
#1270=SURFACE_STYLE_FILL_AREA(#1787);
#1271=ORIENTED_EDGE('',*,*,#1768,.F.);
#1272=ORIENTED_EDGE('',*,*,#1783,.F.);
#1273=ORIENTED_EDGE('',*,*,#1788,.F.);
#1274=ORIENTED_EDGE('',*,*,#1789,.F.);
#1275=CARTESIAN_POINT('',(4.064,5.2625,0.3937));
#1276=DIRECTION('',(0.0,0.0,1.0));
#1277=DIRECTION('',(1.0,0.0,0.0));
#1278=SURFACE_STYLE_FILL_AREA(#1790);
#1279=ORIENTED_EDGE('',*,*,#1791,.F.);
#1280=ORIENTED_EDGE('',*,*,#1788,.T.);
#1281=ORIENTED_EDGE('',*,*,#1782,.T.);
#1282=ORIENTED_EDGE('',*,*,#1786,.T.);
#1283=CARTESIAN_POINT('',(4.064,1.008,0.0));
#1284=DIRECTION('',(0.0,1.0,0.0));
#1285=DIRECTION('',(0.0,0.0,1.0));
#1286=SURFACE_STYLE_FILL_AREA(#1792);
#1287=ORIENTED_EDGE('',*,*,#1774,.F.);
#1288=ORIENTED_EDGE('',*,*,#1789,.T.);
#1289=ORIENTED_EDGE('',*,*,#1791,.T.);
#1290=ORIENTED_EDGE('',*,*,#1785,.T.);
#1291=CARTESIAN_POINT('',(3.6703,5.2625,0.0));
#1292=DIRECTION('',(1.0,0.0,0.0));
#1293=DIRECTION('',(0.0,0.0,-1.0));
#1294=SURFACE_STYLE_FILL_AREA(#1793);
#1295=ORIENTED_EDGE('',*,*,#1794,.T.);
#1296=ORIENTED_EDGE('',*,*,#1795,.F.);
#1297=ORIENTED_EDGE('',*,*,#1796,.T.);
#1298=ORIENTED_EDGE('',*,*,#1797,.T.);
#1299=CARTESIAN_POINT('',(2.524,8.3185,0.5842));
#1300=DIRECTION('',(1.2988911856079E-16,0.707106781186548,-0.707106781186547));
#1301=DIRECTION('',(1.2988911856079E-16,-0.707106781186547,-0.707106781186548));
#1302=SURFACE_STYLE_FILL_AREA(#1798);
#1303=ORIENTED_EDGE('',*,*,#1796,.F.);
#1304=ORIENTED_EDGE('',*,*,#1799,.F.);
#1305=ORIENTED_EDGE('',*,*,#1800,.F.);
#1306=ORIENTED_EDGE('',*,*,#1801,.T.);
#1307=CARTESIAN_POINT('',(2.1082,8.3185,-1.0));
#1308=DIRECTION('',(-0.707106781186547,0.707106781186548,0.0));
#1309=DIRECTION('',(-0.707106781186548,-0.707106781186547,-0.0));
#1310=SURFACE_STYLE_FILL_AREA(#1802);
#1311=ORIENTED_EDGE('',*,*,#1794,.F.);
#1312=ORIENTED_EDGE('',*,*,#1803,.T.);
#1313=ORIENTED_EDGE('',*,*,#1804,.T.);
#1314=ORIENTED_EDGE('',*,*,#1805,.F.);
#1315=CARTESIAN_POINT('',(0.9398,8.3185,1.0));
#1316=DIRECTION('',(0.707106781186547,0.707106781186548,8.65927457071935E-17));
#1317=DIRECTION('',(0.707106781186548,-0.707106781186547,8.65927457071935E-17));
#1318=SURFACE_STYLE_FILL_AREA(#1806);
#1319=ORIENTED_EDGE('',*,*,#1804,.F.);
#1320=ORIENTED_EDGE('',*,*,#1807,.T.);
#1321=ORIENTED_EDGE('',*,*,#1800,.T.);
#1322=ORIENTED_EDGE('',*,*,#1808,.F.);
#1323=CARTESIAN_POINT('',(0.524,8.3185,-0.5842));
#1324=DIRECTION('',(-4.32963728535968E-17,0.707106781186548,0.707106781186547));
#1325=DIRECTION('',(-4.32963728535968E-17,-0.707106781186547,0.707106781186548));
#1326=SURFACE_STYLE_FILL_AREA(#1809);
#1327=ORIENTED_EDGE('',*,*,#1801,.F.);
#1328=ORIENTED_EDGE('',*,*,#1810,.T.);
#1329=ORIENTED_EDGE('',*,*,#1811,.F.);
#1330=ORIENTED_EDGE('',*,*,#1812,.T.);
#1331=CARTESIAN_POINT('',(1.9177,5.2625,0.0));
#1332=DIRECTION('',(-1.0,0.0,0.0));
#1333=DIRECTION('',(0.0,0.0,1.0));
#1334=SURFACE_STYLE_FILL_AREA(#1813);
#1335=ORIENTED_EDGE('',*,*,#1807,.F.);
#1336=ORIENTED_EDGE('',*,*,#1814,.F.);
#1337=ORIENTED_EDGE('',*,*,#1815,.F.);
#1338=ORIENTED_EDGE('',*,*,#1810,.F.);
#1339=CARTESIAN_POINT('',(1.524,5.2625,-0.3937));
#1340=DIRECTION('',(0.0,0.0,1.0));
#1341=DIRECTION('',(1.0,0.0,0.0));
#1342=SURFACE_STYLE_FILL_AREA(#1816);
#1343=ORIENTED_EDGE('',*,*,#1797,.F.);
#1344=ORIENTED_EDGE('',*,*,#1812,.F.);
#1345=ORIENTED_EDGE('',*,*,#1817,.F.);
#1346=ORIENTED_EDGE('',*,*,#1818,.F.);
#1347=CARTESIAN_POINT('',(1.524,5.2625,0.3937));
#1348=DIRECTION('',(0.0,0.0,1.0));
#1349=DIRECTION('',(1.0,0.0,0.0));
#1350=SURFACE_STYLE_FILL_AREA(#1819);
#1351=ORIENTED_EDGE('',*,*,#1820,.F.);
#1352=ORIENTED_EDGE('',*,*,#1817,.T.);
#1353=ORIENTED_EDGE('',*,*,#1811,.T.);
#1354=ORIENTED_EDGE('',*,*,#1815,.T.);
#1355=CARTESIAN_POINT('',(1.524,1.008,0.0));
#1356=DIRECTION('',(0.0,1.0,0.0));
#1357=DIRECTION('',(0.0,0.0,1.0));
#1358=SURFACE_STYLE_FILL_AREA(#1821);
#1359=ORIENTED_EDGE('',*,*,#1803,.F.);
#1360=ORIENTED_EDGE('',*,*,#1818,.T.);
#1361=ORIENTED_EDGE('',*,*,#1820,.T.);
#1362=ORIENTED_EDGE('',*,*,#1814,.T.);
#1363=CARTESIAN_POINT('',(1.1303,5.2625,0.0));
#1364=DIRECTION('',(1.0,0.0,0.0));
#1365=DIRECTION('',(0.0,0.0,-1.0));
#1366=SURFACE_STYLE_FILL_AREA(#1822);
#1367=ORIENTED_EDGE('',*,*,#1823,.F.);
#1368=ORIENTED_EDGE('',*,*,#1824,.T.);
#1369=ORIENTED_EDGE('',*,*,#1825,.F.);
#1370=ORIENTED_EDGE('',*,*,#1826,.F.);
#1371=CARTESIAN_POINT('',(10.16,0.00800000000000001,0.0));
#1372=DIRECTION('',(-1.0,0.0,0.0));
#1373=DIRECTION('',(0.0,0.0,1.0));
#1374=SURFACE_STYLE_FILL_AREA(#1827);
#1375=ORIENTED_EDGE('',*,*,#1828,.F.);
#1376=ORIENTED_EDGE('',*,*,#1829,.F.);
#1377=ORIENTED_EDGE('',*,*,#1830,.F.);
#1378=ORIENTED_EDGE('',*,*,#1831,.F.);
#1379=CARTESIAN_POINT('',(8.128,0.00800000000000001,0.0));
#1380=DIRECTION('',(1.0,0.0,0.0));
#1381=DIRECTION('',(0.0,0.0,-1.0));
#1382=SURFACE_STYLE_FILL_AREA(#1832);
#1383=ORIENTED_EDGE('',*,*,#1614,.T.);
#1384=ORIENTED_EDGE('',*,*,#1607,.T.);
#1385=ORIENTED_EDGE('',*,*,#1625,.T.);
#1386=ORIENTED_EDGE('',*,*,#1630,.T.);
#1387=ORIENTED_EDGE('',*,*,#1833,.F.);
#1388=ORIENTED_EDGE('',*,*,#1831,.T.);
#1389=ORIENTED_EDGE('',*,*,#1834,.F.);
#1390=ORIENTED_EDGE('',*,*,#1824,.F.);
#1391=CARTESIAN_POINT('',(9.144,0.508,0.0));
#1392=DIRECTION('',(0.0,-1.0,0.0));
#1393=DIRECTION('',(0.0,0.0,-1.0));
#1394=SURFACE_STYLE_FILL_AREA(#1835);
#1395=ORIENTED_EDGE('',*,*,#1825,.T.);
#1396=ORIENTED_EDGE('',*,*,#1834,.T.);
#1397=ORIENTED_EDGE('',*,*,#1830,.T.);
#1398=ORIENTED_EDGE('',*,*,#1836,.T.);
#1399=ORIENTED_EDGE('',*,*,#1837,.T.);
#1400=ORIENTED_EDGE('',*,*,#1838,.T.);
#1401=ORIENTED_EDGE('',*,*,#1839,.T.);
#1402=ORIENTED_EDGE('',*,*,#1840,.T.);
#1403=ORIENTED_EDGE('',*,*,#1841,.T.);
#1404=ORIENTED_EDGE('',*,*,#1842,.T.);
#1405=ORIENTED_EDGE('',*,*,#1843,.T.);
#1406=ORIENTED_EDGE('',*,*,#1844,.T.);
#1407=ORIENTED_EDGE('',*,*,#1845,.T.);
#1408=ORIENTED_EDGE('',*,*,#1846,.T.);
#1409=ORIENTED_EDGE('',*,*,#1847,.T.);
#1410=ORIENTED_EDGE('',*,*,#1848,.T.);
#1411=ORIENTED_EDGE('',*,*,#1849,.T.);
#1412=ORIENTED_EDGE('',*,*,#1850,.T.);
#1413=ORIENTED_EDGE('',*,*,#1851,.T.);
#1414=ORIENTED_EDGE('',*,*,#1852,.T.);
#1415=CARTESIAN_POINT('',(5.334,4.2545,-1.2065));
#1416=DIRECTION('',(0.0,0.0,1.0));
#1417=DIRECTION('',(1.0,0.0,0.0));
#1418=SURFACE_STYLE_FILL_AREA(#1853);
#1419=ORIENTED_EDGE('',*,*,#1829,.T.);
#1420=ORIENTED_EDGE('',*,*,#1854,.F.);
#1421=ORIENTED_EDGE('',*,*,#1855,.T.);
#1422=ORIENTED_EDGE('',*,*,#1836,.F.);
#1423=CARTESIAN_POINT('',(5.334,0.0,0.0));
#1424=DIRECTION('',(0.0,1.0,0.0));
#1425=DIRECTION('',(0.0,0.0,1.0));
#1426=SURFACE_STYLE_FILL_AREA(#1856);
#1427=ORIENTED_EDGE('',*,*,#1826,.T.);
#1428=ORIENTED_EDGE('',*,*,#1852,.F.);
#1429=ORIENTED_EDGE('',*,*,#1857,.F.);
#1430=ORIENTED_EDGE('',*,*,#1858,.F.);
#1431=CARTESIAN_POINT('',(5.334,0.0,0.0));
#1432=DIRECTION('',(0.0,1.0,0.0));
#1433=DIRECTION('',(0.0,0.0,1.0));
#1434=SURFACE_STYLE_FILL_AREA(#1859);
#1435=ORIENTED_EDGE('',*,*,#1860,.F.);
#1436=ORIENTED_EDGE('',*,*,#1861,.T.);
#1437=ORIENTED_EDGE('',*,*,#1837,.F.);
#1438=ORIENTED_EDGE('',*,*,#1855,.F.);
#1439=CARTESIAN_POINT('',(7.62,0.00800000000000001,0.0));
#1440=DIRECTION('',(-1.0,0.0,0.0));
#1441=DIRECTION('',(0.0,0.0,1.0));
#1442=SURFACE_STYLE_FILL_AREA(#1862);
#1443=ORIENTED_EDGE('',*,*,#1863,.F.);
#1444=ORIENTED_EDGE('',*,*,#1864,.F.);
#1445=ORIENTED_EDGE('',*,*,#1839,.F.);
#1446=ORIENTED_EDGE('',*,*,#1865,.F.);
#1447=CARTESIAN_POINT('',(5.588,0.00800000000000001,0.0));
#1448=DIRECTION('',(1.0,0.0,0.0));
#1449=DIRECTION('',(0.0,0.0,-1.0));
#1450=SURFACE_STYLE_FILL_AREA(#1866);
#1451=ORIENTED_EDGE('',*,*,#1639,.T.);
#1452=ORIENTED_EDGE('',*,*,#1632,.T.);
#1453=ORIENTED_EDGE('',*,*,#1650,.T.);
#1454=ORIENTED_EDGE('',*,*,#1655,.T.);
#1455=ORIENTED_EDGE('',*,*,#1867,.F.);
#1456=ORIENTED_EDGE('',*,*,#1865,.T.);
#1457=ORIENTED_EDGE('',*,*,#1838,.F.);
#1458=ORIENTED_EDGE('',*,*,#1861,.F.);
#1459=CARTESIAN_POINT('',(6.604,0.508,0.0));
#1460=DIRECTION('',(0.0,-1.0,0.0));
#1461=DIRECTION('',(0.0,0.0,-1.0));
#1462=SURFACE_STYLE_FILL_AREA(#1868);
#1463=ORIENTED_EDGE('',*,*,#1864,.T.);
#1464=ORIENTED_EDGE('',*,*,#1869,.F.);
#1465=ORIENTED_EDGE('',*,*,#1870,.T.);
#1466=ORIENTED_EDGE('',*,*,#1840,.F.);
#1467=CARTESIAN_POINT('',(5.334,0.0,0.0));
#1468=DIRECTION('',(0.0,1.0,0.0));
#1469=DIRECTION('',(0.0,0.0,1.0));
#1470=SURFACE_STYLE_FILL_AREA(#1871);
#1471=ORIENTED_EDGE('',*,*,#1872,.F.);
#1472=ORIENTED_EDGE('',*,*,#1873,.T.);
#1473=ORIENTED_EDGE('',*,*,#1841,.F.);
#1474=ORIENTED_EDGE('',*,*,#1870,.F.);
#1475=CARTESIAN_POINT('',(5.08,0.00800000000000001,0.0));
#1476=DIRECTION('',(-1.0,0.0,0.0));
#1477=DIRECTION('',(0.0,0.0,1.0));
#1478=SURFACE_STYLE_FILL_AREA(#1874);
#1479=ORIENTED_EDGE('',*,*,#1875,.F.);
#1480=ORIENTED_EDGE('',*,*,#1876,.F.);
#1481=ORIENTED_EDGE('',*,*,#1843,.F.);
#1482=ORIENTED_EDGE('',*,*,#1877,.F.);
#1483=CARTESIAN_POINT('',(3.048,0.00800000000000001,0.0));
#1484=DIRECTION('',(1.0,0.0,0.0));
#1485=DIRECTION('',(0.0,0.0,-1.0));
#1486=SURFACE_STYLE_FILL_AREA(#1878);
#1487=ORIENTED_EDGE('',*,*,#1664,.T.);
#1488=ORIENTED_EDGE('',*,*,#1657,.T.);
#1489=ORIENTED_EDGE('',*,*,#1675,.T.);
#1490=ORIENTED_EDGE('',*,*,#1680,.T.);
#1491=ORIENTED_EDGE('',*,*,#1879,.F.);
#1492=ORIENTED_EDGE('',*,*,#1877,.T.);
#1493=ORIENTED_EDGE('',*,*,#1842,.F.);
#1494=ORIENTED_EDGE('',*,*,#1873,.F.);
#1495=CARTESIAN_POINT('',(4.064,0.508,0.0));
#1496=DIRECTION('',(0.0,-1.0,0.0));
#1497=DIRECTION('',(0.0,0.0,-1.0));
#1498=SURFACE_STYLE_FILL_AREA(#1880);
#1499=ORIENTED_EDGE('',*,*,#1876,.T.);
#1500=ORIENTED_EDGE('',*,*,#1881,.F.);
#1501=ORIENTED_EDGE('',*,*,#1882,.T.);
#1502=ORIENTED_EDGE('',*,*,#1844,.F.);
#1503=CARTESIAN_POINT('',(5.334,0.0,0.0));
#1504=DIRECTION('',(0.0,1.0,0.0));
#1505=DIRECTION('',(0.0,0.0,1.0));
#1506=SURFACE_STYLE_FILL_AREA(#1883);
#1507=ORIENTED_EDGE('',*,*,#1884,.F.);
#1508=ORIENTED_EDGE('',*,*,#1885,.T.);
#1509=ORIENTED_EDGE('',*,*,#1845,.F.);
#1510=ORIENTED_EDGE('',*,*,#1882,.F.);
#1511=CARTESIAN_POINT('',(2.54,0.00800000000000001,0.0));
#1512=DIRECTION('',(-1.0,0.0,0.0));
#1513=DIRECTION('',(0.0,0.0,1.0));
#1514=SURFACE_STYLE_FILL_AREA(#1886);
#1515=ORIENTED_EDGE('',*,*,#1887,.F.);
#1516=ORIENTED_EDGE('',*,*,#1888,.F.);
#1517=ORIENTED_EDGE('',*,*,#1847,.F.);
#1518=ORIENTED_EDGE('',*,*,#1889,.F.);
#1519=CARTESIAN_POINT('',(0.508,0.00800000000000001,0.0));
#1520=DIRECTION('',(1.0,0.0,0.0));
#1521=DIRECTION('',(0.0,0.0,-1.0));
#1522=SURFACE_STYLE_FILL_AREA(#1890);
#1523=ORIENTED_EDGE('',*,*,#1689,.T.);
#1524=ORIENTED_EDGE('',*,*,#1682,.T.);
#1525=ORIENTED_EDGE('',*,*,#1700,.T.);
#1526=ORIENTED_EDGE('',*,*,#1705,.T.);
#1527=ORIENTED_EDGE('',*,*,#1891,.F.);
#1528=ORIENTED_EDGE('',*,*,#1889,.T.);
#1529=ORIENTED_EDGE('',*,*,#1846,.F.);
#1530=ORIENTED_EDGE('',*,*,#1885,.F.);
#1531=CARTESIAN_POINT('',(1.524,0.508,0.0));
#1532=DIRECTION('',(0.0,-1.0,0.0));
#1533=DIRECTION('',(0.0,0.0,-1.0));
#1534=SURFACE_STYLE_FILL_AREA(#1892);
#1535=ORIENTED_EDGE('',*,*,#1888,.T.);
#1536=ORIENTED_EDGE('',*,*,#1893,.F.);
#1537=ORIENTED_EDGE('',*,*,#1894,.T.);
#1538=ORIENTED_EDGE('',*,*,#1848,.F.);
#1539=CARTESIAN_POINT('',(5.334,0.0,0.0));
#1540=DIRECTION('',(0.0,1.0,0.0));
#1541=DIRECTION('',(0.0,0.0,1.0));
#1542=SURFACE_STYLE_FILL_AREA(#1895);
#1543=ORIENTED_EDGE('',*,*,#1823,.T.);
#1544=ORIENTED_EDGE('',*,*,#1858,.T.);
#1545=ORIENTED_EDGE('',*,*,#1896,.T.);
#1546=ORIENTED_EDGE('',*,*,#1897,.T.);
#1547=ORIENTED_EDGE('',*,*,#1898,.T.);
#1548=ORIENTED_EDGE('',*,*,#1893,.T.);
#1549=ORIENTED_EDGE('',*,*,#1887,.T.);
#1550=ORIENTED_EDGE('',*,*,#1891,.T.);
#1551=ORIENTED_EDGE('',*,*,#1884,.T.);
#1552=ORIENTED_EDGE('',*,*,#1881,.T.);
#1553=ORIENTED_EDGE('',*,*,#1875,.T.);
#1554=ORIENTED_EDGE('',*,*,#1879,.T.);
#1555=ORIENTED_EDGE('',*,*,#1872,.T.);
#1556=ORIENTED_EDGE('',*,*,#1869,.T.);
#1557=ORIENTED_EDGE('',*,*,#1863,.T.);
#1558=ORIENTED_EDGE('',*,*,#1867,.T.);
#1559=ORIENTED_EDGE('',*,*,#1860,.T.);
#1560=ORIENTED_EDGE('',*,*,#1854,.T.);
#1561=ORIENTED_EDGE('',*,*,#1828,.T.);
#1562=ORIENTED_EDGE('',*,*,#1833,.T.);
#1563=CARTESIAN_POINT('',(5.334,4.2545,1.2065));
#1564=DIRECTION('',(0.0,0.0,1.0));
#1565=DIRECTION('',(1.0,0.0,0.0));
#1566=SURFACE_STYLE_FILL_AREA(#1899);
#1567=ORIENTED_EDGE('',*,*,#1900,.T.);
#1568=ORIENTED_EDGE('',*,*,#1849,.F.);
#1569=ORIENTED_EDGE('',*,*,#1894,.F.);
#1570=ORIENTED_EDGE('',*,*,#1898,.F.);
#1571=CARTESIAN_POINT('',(0.0,4.2545,0.0));
#1572=DIRECTION('',(1.0,0.0,0.0));
#1573=DIRECTION('',(0.0,0.0,-1.0));
#1574=SURFACE_STYLE_FILL_AREA(#1901);
#1575=ORIENTED_EDGE('',*,*,#1708,.T.);
#1576=ORIENTED_EDGE('',*,*,#1718,.T.);
#1577=ORIENTED_EDGE('',*,*,#1721,.T.);
#1578=ORIENTED_EDGE('',*,*,#1712,.T.);
#1579=ORIENTED_EDGE('',*,*,#1737,.T.);
#1580=ORIENTED_EDGE('',*,*,#1747,.T.);
#1581=ORIENTED_EDGE('',*,*,#1750,.T.);
#1582=ORIENTED_EDGE('',*,*,#1741,.T.);
#1583=ORIENTED_EDGE('',*,*,#1766,.T.);
#1584=ORIENTED_EDGE('',*,*,#1776,.T.);
#1585=ORIENTED_EDGE('',*,*,#1779,.T.);
#1586=ORIENTED_EDGE('',*,*,#1770,.T.);
#1587=ORIENTED_EDGE('',*,*,#1795,.T.);
#1588=ORIENTED_EDGE('',*,*,#1805,.T.);
#1589=ORIENTED_EDGE('',*,*,#1808,.T.);
#1590=ORIENTED_EDGE('',*,*,#1799,.T.);
#1591=ORIENTED_EDGE('',*,*,#1902,.T.);
#1592=ORIENTED_EDGE('',*,*,#1850,.F.);
#1593=ORIENTED_EDGE('',*,*,#1900,.F.);
#1594=ORIENTED_EDGE('',*,*,#1897,.F.);
#1595=CARTESIAN_POINT('',(5.334,8.509,0.0));
#1596=DIRECTION('',(0.0,-1.0,0.0));
#1597=DIRECTION('',(0.0,0.0,-1.0));
#1598=SURFACE_STYLE_FILL_AREA(#1903);
#1599=ORIENTED_EDGE('',*,*,#1857,.T.);
#1600=ORIENTED_EDGE('',*,*,#1851,.F.);
#1601=ORIENTED_EDGE('',*,*,#1902,.F.);
#1602=ORIENTED_EDGE('',*,*,#1896,.F.);
#1603=CARTESIAN_POINT('',(10.668,4.2545,0.0));
#1604=DIRECTION('',(-1.0,0.0,0.0));
#1605=DIRECTION('',(0.0,0.0,1.0));
#1606=FILL_AREA_STYLE('',(#1904));
#1607=EDGE_CURVE('',#1905,#1906,#1907,.T.);
#1608=EDGE_CURVE('',#1908,#1905,#1909,.T.);
#1609=EDGE_CURVE('',#1910,#1908,#1911,.T.);
#1610=EDGE_CURVE('',#1912,#1910,#1913,.T.);
#1611=EDGE_CURVE('',#1912,#1914,#1915,.T.);
#1612=EDGE_CURVE('',#1914,#1906,#1916,.T.);
#1613=FILL_AREA_STYLE('',(#1917));
#1614=EDGE_CURVE('',#1918,#1905,#1919,.T.);
#1615=EDGE_CURVE('',#1918,#1920,#1921,.T.);
#1616=EDGE_CURVE('',#1908,#1920,#1922,.T.);
#1617=FILL_AREA_STYLE('',(#1923));
#1618=EDGE_CURVE('',#1924,#1925,#1926,.T.);
#1619=EDGE_CURVE('',#1912,#1925,#1927,.T.);
#1620=EDGE_CURVE('',#1910,#1924,#1928,.T.);
#1621=FILL_AREA_STYLE('',(#1929));
#1622=EDGE_CURVE('',#1925,#1930,#1931,.T.);
#1623=EDGE_CURVE('',#1914,#1930,#1932,.T.);
#1624=FILL_AREA_STYLE('',(#1933));
#1625=EDGE_CURVE('',#1906,#1934,#1935,.T.);
#1626=EDGE_CURVE('',#1930,#1934,#1936,.T.);
#1627=FILL_AREA_STYLE('',(#1937));
#1628=EDGE_CURVE('',#1920,#1924,#1938,.T.);
#1629=FILL_AREA_STYLE('',(#1939));
#1630=EDGE_CURVE('',#1934,#1918,#1940,.T.);
#1631=FILL_AREA_STYLE('',(#1941));
#1632=EDGE_CURVE('',#1942,#1943,#1944,.T.);
#1633=EDGE_CURVE('',#1945,#1942,#1946,.T.);
#1634=EDGE_CURVE('',#1947,#1945,#1948,.T.);
#1635=EDGE_CURVE('',#1949,#1947,#1950,.T.);
#1636=EDGE_CURVE('',#1949,#1951,#1952,.T.);
#1637=EDGE_CURVE('',#1951,#1943,#1953,.T.);
#1638=FILL_AREA_STYLE('',(#1954));
#1639=EDGE_CURVE('',#1955,#1942,#1956,.T.);
#1640=EDGE_CURVE('',#1955,#1957,#1958,.T.);
#1641=EDGE_CURVE('',#1945,#1957,#1959,.T.);
#1642=FILL_AREA_STYLE('',(#1960));
#1643=EDGE_CURVE('',#1961,#1962,#1963,.T.);
#1644=EDGE_CURVE('',#1949,#1962,#1964,.T.);
#1645=EDGE_CURVE('',#1947,#1961,#1965,.T.);
#1646=FILL_AREA_STYLE('',(#1966));
#1647=EDGE_CURVE('',#1962,#1967,#1968,.T.);
#1648=EDGE_CURVE('',#1951,#1967,#1969,.T.);
#1649=FILL_AREA_STYLE('',(#1970));
#1650=EDGE_CURVE('',#1943,#1971,#1972,.T.);
#1651=EDGE_CURVE('',#1967,#1971,#1973,.T.);
#1652=FILL_AREA_STYLE('',(#1974));
#1653=EDGE_CURVE('',#1957,#1961,#1975,.T.);
#1654=FILL_AREA_STYLE('',(#1976));
#1655=EDGE_CURVE('',#1971,#1955,#1977,.T.);
#1656=FILL_AREA_STYLE('',(#1978));
#1657=EDGE_CURVE('',#1979,#1980,#1981,.T.);
#1658=EDGE_CURVE('',#1982,#1979,#1983,.T.);
#1659=EDGE_CURVE('',#1984,#1982,#1985,.T.);
#1660=EDGE_CURVE('',#1986,#1984,#1987,.T.);
#1661=EDGE_CURVE('',#1986,#1988,#1989,.T.);
#1662=EDGE_CURVE('',#1988,#1980,#1990,.T.);
#1663=FILL_AREA_STYLE('',(#1991));
#1664=EDGE_CURVE('',#1992,#1979,#1993,.T.);
#1665=EDGE_CURVE('',#1992,#1994,#1995,.T.);
#1666=EDGE_CURVE('',#1982,#1994,#1996,.T.);
#1667=FILL_AREA_STYLE('',(#1997));
#1668=EDGE_CURVE('',#1998,#1999,#2000,.T.);
#1669=EDGE_CURVE('',#1986,#1999,#2001,.T.);
#1670=EDGE_CURVE('',#1984,#1998,#2002,.T.);
#1671=FILL_AREA_STYLE('',(#2003));
#1672=EDGE_CURVE('',#1999,#2004,#2005,.T.);
#1673=EDGE_CURVE('',#1988,#2004,#2006,.T.);
#1674=FILL_AREA_STYLE('',(#2007));
#1675=EDGE_CURVE('',#1980,#2008,#2009,.T.);
#1676=EDGE_CURVE('',#2004,#2008,#2010,.T.);
#1677=FILL_AREA_STYLE('',(#2011));
#1678=EDGE_CURVE('',#1994,#1998,#2012,.T.);
#1679=FILL_AREA_STYLE('',(#2013));
#1680=EDGE_CURVE('',#2008,#1992,#2014,.T.);
#1681=FILL_AREA_STYLE('',(#2015));
#1682=EDGE_CURVE('',#2016,#2017,#2018,.T.);
#1683=EDGE_CURVE('',#2019,#2016,#2020,.T.);
#1684=EDGE_CURVE('',#2021,#2019,#2022,.T.);
#1685=EDGE_CURVE('',#2023,#2021,#2024,.T.);
#1686=EDGE_CURVE('',#2023,#2025,#2026,.T.);
#1687=EDGE_CURVE('',#2025,#2017,#2027,.T.);
#1688=FILL_AREA_STYLE('',(#2028));
#1689=EDGE_CURVE('',#2029,#2016,#2030,.T.);
#1690=EDGE_CURVE('',#2029,#2031,#2032,.T.);
#1691=EDGE_CURVE('',#2019,#2031,#2033,.T.);
#1692=FILL_AREA_STYLE('',(#2034));
#1693=EDGE_CURVE('',#2035,#2036,#2037,.T.);
#1694=EDGE_CURVE('',#2023,#2036,#2038,.T.);
#1695=EDGE_CURVE('',#2021,#2035,#2039,.T.);
#1696=FILL_AREA_STYLE('',(#2040));
#1697=EDGE_CURVE('',#2036,#2041,#2042,.T.);
#1698=EDGE_CURVE('',#2025,#2041,#2043,.T.);
#1699=FILL_AREA_STYLE('',(#2044));
#1700=EDGE_CURVE('',#2017,#2045,#2046,.T.);
#1701=EDGE_CURVE('',#2041,#2045,#2047,.T.);
#1702=FILL_AREA_STYLE('',(#2048));
#1703=EDGE_CURVE('',#2031,#2035,#2049,.T.);
#1704=FILL_AREA_STYLE('',(#2050));
#1705=EDGE_CURVE('',#2045,#2029,#2051,.T.);
#1706=FILL_AREA_STYLE('',(#2052));
#1707=EDGE_CURVE('',#2053,#2054,#2055,.T.);
#1708=EDGE_CURVE('',#2056,#2054,#2057,.T.);
#1709=EDGE_CURVE('',#2056,#2058,#2059,.T.);
#1710=EDGE_CURVE('',#2058,#2053,#2060,.T.);
#1711=FILL_AREA_STYLE('',(#2061));
#1712=EDGE_CURVE('',#2062,#2056,#2063,.T.);
#1713=EDGE_CURVE('',#2064,#2062,#2065,.T.);
#1714=EDGE_CURVE('',#2064,#2058,#2066,.T.);
#1715=FILL_AREA_STYLE('',(#2067));
#1716=EDGE_CURVE('',#2053,#2068,#2069,.T.);
#1717=EDGE_CURVE('',#2068,#2070,#2071,.T.);
#1718=EDGE_CURVE('',#2054,#2070,#2072,.T.);
#1719=FILL_AREA_STYLE('',(#2073));
#1720=EDGE_CURVE('',#2068,#2064,#2074,.T.);
#1721=EDGE_CURVE('',#2070,#2062,#2075,.T.);
#1722=FILL_AREA_STYLE('',(#2076));
#1723=EDGE_CURVE('',#2064,#2077,#2078,.T.);
#1724=EDGE_CURVE('',#2079,#2077,#2080,.T.);
#1725=EDGE_CURVE('',#2079,#2058,#2081,.T.);
#1726=FILL_AREA_STYLE('',(#2082));
#1727=EDGE_CURVE('',#2083,#2068,#2084,.T.);
#1728=EDGE_CURVE('',#2077,#2083,#2085,.T.);
#1729=FILL_AREA_STYLE('',(#2086));
#1730=EDGE_CURVE('',#2087,#2079,#2088,.T.);
#1731=EDGE_CURVE('',#2053,#2087,#2089,.T.);
#1732=FILL_AREA_STYLE('',(#2090));
#1733=EDGE_CURVE('',#2087,#2083,#2091,.T.);
#1734=FILL_AREA_STYLE('',(#2092));
#1735=FILL_AREA_STYLE('',(#2093));
#1736=EDGE_CURVE('',#2094,#2095,#2096,.T.);
#1737=EDGE_CURVE('',#2097,#2095,#2098,.T.);
#1738=EDGE_CURVE('',#2097,#2099,#2100,.T.);
#1739=EDGE_CURVE('',#2099,#2094,#2101,.T.);
#1740=FILL_AREA_STYLE('',(#2102));
#1741=EDGE_CURVE('',#2103,#2097,#2104,.T.);
#1742=EDGE_CURVE('',#2105,#2103,#2106,.T.);
#1743=EDGE_CURVE('',#2105,#2099,#2107,.T.);
#1744=FILL_AREA_STYLE('',(#2108));
#1745=EDGE_CURVE('',#2094,#2109,#2110,.T.);
#1746=EDGE_CURVE('',#2109,#2111,#2112,.T.);
#1747=EDGE_CURVE('',#2095,#2111,#2113,.T.);
#1748=FILL_AREA_STYLE('',(#2114));
#1749=EDGE_CURVE('',#2109,#2105,#2115,.T.);
#1750=EDGE_CURVE('',#2111,#2103,#2116,.T.);
#1751=FILL_AREA_STYLE('',(#2117));
#1752=EDGE_CURVE('',#2105,#2118,#2119,.T.);
#1753=EDGE_CURVE('',#2120,#2118,#2121,.T.);
#1754=EDGE_CURVE('',#2120,#2099,#2122,.T.);
#1755=FILL_AREA_STYLE('',(#2123));
#1756=EDGE_CURVE('',#2124,#2109,#2125,.T.);
#1757=EDGE_CURVE('',#2118,#2124,#2126,.T.);
#1758=FILL_AREA_STYLE('',(#2127));
#1759=EDGE_CURVE('',#2128,#2120,#2129,.T.);
#1760=EDGE_CURVE('',#2094,#2128,#2130,.T.);
#1761=FILL_AREA_STYLE('',(#2131));
#1762=EDGE_CURVE('',#2128,#2124,#2132,.T.);
#1763=FILL_AREA_STYLE('',(#2133));
#1764=FILL_AREA_STYLE('',(#2134));
#1765=EDGE_CURVE('',#2135,#2136,#2137,.T.);
#1766=EDGE_CURVE('',#2138,#2136,#2139,.T.);
#1767=EDGE_CURVE('',#2138,#2140,#2141,.T.);
#1768=EDGE_CURVE('',#2140,#2135,#2142,.T.);
#1769=FILL_AREA_STYLE('',(#2143));
#1770=EDGE_CURVE('',#2144,#2138,#2145,.T.);
#1771=EDGE_CURVE('',#2146,#2144,#2147,.T.);
#1772=EDGE_CURVE('',#2146,#2140,#2148,.T.);
#1773=FILL_AREA_STYLE('',(#2149));
#1774=EDGE_CURVE('',#2135,#2150,#2151,.T.);
#1775=EDGE_CURVE('',#2150,#2152,#2153,.T.);
#1776=EDGE_CURVE('',#2136,#2152,#2154,.T.);
#1777=FILL_AREA_STYLE('',(#2155));
#1778=EDGE_CURVE('',#2150,#2146,#2156,.T.);
#1779=EDGE_CURVE('',#2152,#2144,#2157,.T.);
#1780=FILL_AREA_STYLE('',(#2158));
#1781=EDGE_CURVE('',#2146,#2159,#2160,.T.);
#1782=EDGE_CURVE('',#2161,#2159,#2162,.T.);
#1783=EDGE_CURVE('',#2161,#2140,#2163,.T.);
#1784=FILL_AREA_STYLE('',(#2164));
#1785=EDGE_CURVE('',#2165,#2150,#2166,.T.);
#1786=EDGE_CURVE('',#2159,#2165,#2167,.T.);
#1787=FILL_AREA_STYLE('',(#2168));
#1788=EDGE_CURVE('',#2169,#2161,#2170,.T.);
#1789=EDGE_CURVE('',#2135,#2169,#2171,.T.);
#1790=FILL_AREA_STYLE('',(#2172));
#1791=EDGE_CURVE('',#2169,#2165,#2173,.T.);
#1792=FILL_AREA_STYLE('',(#2174));
#1793=FILL_AREA_STYLE('',(#2175));
#1794=EDGE_CURVE('',#2176,#2177,#2178,.T.);
#1795=EDGE_CURVE('',#2179,#2177,#2180,.T.);
#1796=EDGE_CURVE('',#2179,#2181,#2182,.T.);
#1797=EDGE_CURVE('',#2181,#2176,#2183,.T.);
#1798=FILL_AREA_STYLE('',(#2184));
#1799=EDGE_CURVE('',#2185,#2179,#2186,.T.);
#1800=EDGE_CURVE('',#2187,#2185,#2188,.T.);
#1801=EDGE_CURVE('',#2187,#2181,#2189,.T.);
#1802=FILL_AREA_STYLE('',(#2190));
#1803=EDGE_CURVE('',#2176,#2191,#2192,.T.);
#1804=EDGE_CURVE('',#2191,#2193,#2194,.T.);
#1805=EDGE_CURVE('',#2177,#2193,#2195,.T.);
#1806=FILL_AREA_STYLE('',(#2196));
#1807=EDGE_CURVE('',#2191,#2187,#2197,.T.);
#1808=EDGE_CURVE('',#2193,#2185,#2198,.T.);
#1809=FILL_AREA_STYLE('',(#2199));
#1810=EDGE_CURVE('',#2187,#2200,#2201,.T.);
#1811=EDGE_CURVE('',#2202,#2200,#2203,.T.);
#1812=EDGE_CURVE('',#2202,#2181,#2204,.T.);
#1813=FILL_AREA_STYLE('',(#2205));
#1814=EDGE_CURVE('',#2206,#2191,#2207,.T.);
#1815=EDGE_CURVE('',#2200,#2206,#2208,.T.);
#1816=FILL_AREA_STYLE('',(#2209));
#1817=EDGE_CURVE('',#2210,#2202,#2211,.T.);
#1818=EDGE_CURVE('',#2176,#2210,#2212,.T.);
#1819=FILL_AREA_STYLE('',(#2213));
#1820=EDGE_CURVE('',#2210,#2206,#2214,.T.);
#1821=FILL_AREA_STYLE('',(#2215));
#1822=FILL_AREA_STYLE('',(#2216));
#1823=EDGE_CURVE('',#2217,#2218,#2219,.T.);
#1824=EDGE_CURVE('',#2217,#2220,#2221,.T.);
#1825=EDGE_CURVE('',#2222,#2220,#2223,.T.);
#1826=EDGE_CURVE('',#2218,#2222,#2224,.T.);
#1827=FILL_AREA_STYLE('',(#2225));
#1828=EDGE_CURVE('',#2226,#2227,#2228,.T.);
#1829=EDGE_CURVE('',#2229,#2226,#2230,.T.);
#1830=EDGE_CURVE('',#2231,#2229,#2232,.T.);
#1831=EDGE_CURVE('',#2227,#2231,#2233,.T.);
#1832=FILL_AREA_STYLE('',(#2234));
#1833=EDGE_CURVE('',#2227,#2217,#2235,.T.);
#1834=EDGE_CURVE('',#2220,#2231,#2236,.T.);
#1835=FILL_AREA_STYLE('',(#2237));
#1836=EDGE_CURVE('',#2229,#2238,#2239,.T.);
#1837=EDGE_CURVE('',#2238,#2240,#2241,.T.);
#1838=EDGE_CURVE('',#2240,#2242,#2243,.T.);
#1839=EDGE_CURVE('',#2242,#2244,#2245,.T.);
#1840=EDGE_CURVE('',#2244,#2246,#2247,.T.);
#1841=EDGE_CURVE('',#2246,#2248,#2249,.T.);
#1842=EDGE_CURVE('',#2248,#2250,#2251,.T.);
#1843=EDGE_CURVE('',#2250,#2252,#2253,.T.);
#1844=EDGE_CURVE('',#2252,#2254,#2255,.T.);
#1845=EDGE_CURVE('',#2254,#2256,#2257,.T.);
#1846=EDGE_CURVE('',#2256,#2258,#2259,.T.);
#1847=EDGE_CURVE('',#2258,#2260,#2261,.T.);
#1848=EDGE_CURVE('',#2260,#2262,#2263,.T.);
#1849=EDGE_CURVE('',#2262,#2264,#2265,.T.);
#1850=EDGE_CURVE('',#2264,#2266,#2267,.T.);
#1851=EDGE_CURVE('',#2266,#2268,#2269,.T.);
#1852=EDGE_CURVE('',#2268,#2222,#2270,.T.);
#1853=FILL_AREA_STYLE('',(#2271));
#1854=EDGE_CURVE('',#2272,#2226,#2273,.T.);
#1855=EDGE_CURVE('',#2272,#2238,#2274,.T.);
#1856=FILL_AREA_STYLE('',(#2275));
#1857=EDGE_CURVE('',#2276,#2268,#2277,.T.);
#1858=EDGE_CURVE('',#2218,#2276,#2278,.T.);
#1859=FILL_AREA_STYLE('',(#2279));
#1860=EDGE_CURVE('',#2280,#2272,#2281,.T.);
#1861=EDGE_CURVE('',#2280,#2240,#2282,.T.);
#1862=FILL_AREA_STYLE('',(#2283));
#1863=EDGE_CURVE('',#2284,#2285,#2286,.T.);
#1864=EDGE_CURVE('',#2244,#2284,#2287,.T.);
#1865=EDGE_CURVE('',#2285,#2242,#2288,.T.);
#1866=FILL_AREA_STYLE('',(#2289));
#1867=EDGE_CURVE('',#2285,#2280,#2290,.T.);
#1868=FILL_AREA_STYLE('',(#2291));
#1869=EDGE_CURVE('',#2292,#2284,#2293,.T.);
#1870=EDGE_CURVE('',#2292,#2246,#2294,.T.);
#1871=FILL_AREA_STYLE('',(#2295));
#1872=EDGE_CURVE('',#2296,#2292,#2297,.T.);
#1873=EDGE_CURVE('',#2296,#2248,#2298,.T.);
#1874=FILL_AREA_STYLE('',(#2299));
#1875=EDGE_CURVE('',#2300,#2301,#2302,.T.);
#1876=EDGE_CURVE('',#2252,#2300,#2303,.T.);
#1877=EDGE_CURVE('',#2301,#2250,#2304,.T.);
#1878=FILL_AREA_STYLE('',(#2305));
#1879=EDGE_CURVE('',#2301,#2296,#2306,.T.);
#1880=FILL_AREA_STYLE('',(#2307));
#1881=EDGE_CURVE('',#2308,#2300,#2309,.T.);
#1882=EDGE_CURVE('',#2308,#2254,#2310,.T.);
#1883=FILL_AREA_STYLE('',(#2311));
#1884=EDGE_CURVE('',#2312,#2308,#2313,.T.);
#1885=EDGE_CURVE('',#2312,#2256,#2314,.T.);
#1886=FILL_AREA_STYLE('',(#2315));
#1887=EDGE_CURVE('',#2316,#2317,#2318,.T.);
#1888=EDGE_CURVE('',#2260,#2316,#2319,.T.);
#1889=EDGE_CURVE('',#2317,#2258,#2320,.T.);
#1890=FILL_AREA_STYLE('',(#2321));
#1891=EDGE_CURVE('',#2317,#2312,#2322,.T.);
#1892=FILL_AREA_STYLE('',(#2323));
#1893=EDGE_CURVE('',#2324,#2316,#2325,.T.);
#1894=EDGE_CURVE('',#2324,#2262,#2326,.T.);
#1895=FILL_AREA_STYLE('',(#2327));
#1896=EDGE_CURVE('',#2276,#2328,#2329,.T.);
#1897=EDGE_CURVE('',#2328,#2330,#2331,.T.);
#1898=EDGE_CURVE('',#2330,#2324,#2332,.T.);
#1899=FILL_AREA_STYLE('',(#2333));
#1900=EDGE_CURVE('',#2330,#2264,#2334,.T.);
#1901=FILL_AREA_STYLE('',(#2335));
#1902=EDGE_CURVE('',#2328,#2266,#2336,.T.);
#1903=FILL_AREA_STYLE('',(#2337));
#1904=FILL_AREA_STYLE_COLOUR('',#2338);
#1905=VERTEX_POINT('',#2339);
#1906=VERTEX_POINT('',#2340);
#1907=LINE('',#2341,#2342);
#1908=VERTEX_POINT('',#2343);
#1909=LINE('',#2344,#2345);
#1910=VERTEX_POINT('',#2346);
#1911=LINE('',#2347,#2348);
#1912=VERTEX_POINT('',#2349);
#1913=LINE('',#2350,#2351);
#1914=VERTEX_POINT('',#2352);
#1915=LINE('',#2353,#2354);
#1916=LINE('',#2355,#2356);
#1917=FILL_AREA_STYLE_COLOUR('',#2357);
#1918=VERTEX_POINT('',#2358);
#1919=LINE('',#2359,#2360);
#1920=VERTEX_POINT('',#2361);
#1921=LINE('',#2362,#2363);
#1922=LINE('',#2364,#2365);
#1923=FILL_AREA_STYLE_COLOUR('',#2366);
#1924=VERTEX_POINT('',#2367);
#1925=VERTEX_POINT('',#2368);
#1926=LINE('',#2369,#2370);
#1927=LINE('',#2371,#2372);
#1928=LINE('',#2373,#2374);
#1929=FILL_AREA_STYLE_COLOUR('',#2375);
#1930=VERTEX_POINT('',#2376);
#1931=LINE('',#2377,#2378);
#1932=LINE('',#2379,#2380);
#1933=FILL_AREA_STYLE_COLOUR('',#2381);
#1934=VERTEX_POINT('',#2382);
#1935=LINE('',#2383,#2384);
#1936=LINE('',#2385,#2386);
#1937=FILL_AREA_STYLE_COLOUR('',#2387);
#1938=LINE('',#2388,#2389);
#1939=FILL_AREA_STYLE_COLOUR('',#2390);
#1940=LINE('',#2391,#2392);
#1941=FILL_AREA_STYLE_COLOUR('',#2393);
#1942=VERTEX_POINT('',#2394);
#1943=VERTEX_POINT('',#2395);
#1944=LINE('',#2396,#2397);
#1945=VERTEX_POINT('',#2398);
#1946=LINE('',#2399,#2400);
#1947=VERTEX_POINT('',#2401);
#1948=LINE('',#2402,#2403);
#1949=VERTEX_POINT('',#2404);
#1950=LINE('',#2405,#2406);
#1951=VERTEX_POINT('',#2407);
#1952=LINE('',#2408,#2409);
#1953=LINE('',#2410,#2411);
#1954=FILL_AREA_STYLE_COLOUR('',#2412);
#1955=VERTEX_POINT('',#2413);
#1956=LINE('',#2414,#2415);
#1957=VERTEX_POINT('',#2416);
#1958=LINE('',#2417,#2418);
#1959=LINE('',#2419,#2420);
#1960=FILL_AREA_STYLE_COLOUR('',#2421);
#1961=VERTEX_POINT('',#2422);
#1962=VERTEX_POINT('',#2423);
#1963=LINE('',#2424,#2425);
#1964=LINE('',#2426,#2427);
#1965=LINE('',#2428,#2429);
#1966=FILL_AREA_STYLE_COLOUR('',#2430);
#1967=VERTEX_POINT('',#2431);
#1968=LINE('',#2432,#2433);
#1969=LINE('',#2434,#2435);
#1970=FILL_AREA_STYLE_COLOUR('',#2436);
#1971=VERTEX_POINT('',#2437);
#1972=LINE('',#2438,#2439);
#1973=LINE('',#2440,#2441);
#1974=FILL_AREA_STYLE_COLOUR('',#2442);
#1975=LINE('',#2443,#2444);
#1976=FILL_AREA_STYLE_COLOUR('',#2445);
#1977=LINE('',#2446,#2447);
#1978=FILL_AREA_STYLE_COLOUR('',#2448);
#1979=VERTEX_POINT('',#2449);
#1980=VERTEX_POINT('',#2450);
#1981=LINE('',#2451,#2452);
#1982=VERTEX_POINT('',#2453);
#1983=LINE('',#2454,#2455);
#1984=VERTEX_POINT('',#2456);
#1985=LINE('',#2457,#2458);
#1986=VERTEX_POINT('',#2459);
#1987=LINE('',#2460,#2461);
#1988=VERTEX_POINT('',#2462);
#1989=LINE('',#2463,#2464);
#1990=LINE('',#2465,#2466);
#1991=FILL_AREA_STYLE_COLOUR('',#2467);
#1992=VERTEX_POINT('',#2468);
#1993=LINE('',#2469,#2470);
#1994=VERTEX_POINT('',#2471);
#1995=LINE('',#2472,#2473);
#1996=LINE('',#2474,#2475);
#1997=FILL_AREA_STYLE_COLOUR('',#2476);
#1998=VERTEX_POINT('',#2477);
#1999=VERTEX_POINT('',#2478);
#2000=LINE('',#2479,#2480);
#2001=LINE('',#2481,#2482);
#2002=LINE('',#2483,#2484);
#2003=FILL_AREA_STYLE_COLOUR('',#2485);
#2004=VERTEX_POINT('',#2486);
#2005=LINE('',#2487,#2488);
#2006=LINE('',#2489,#2490);
#2007=FILL_AREA_STYLE_COLOUR('',#2491);
#2008=VERTEX_POINT('',#2492);
#2009=LINE('',#2493,#2494);
#2010=LINE('',#2495,#2496);
#2011=FILL_AREA_STYLE_COLOUR('',#2497);
#2012=LINE('',#2498,#2499);
#2013=FILL_AREA_STYLE_COLOUR('',#2500);
#2014=LINE('',#2501,#2502);
#2015=FILL_AREA_STYLE_COLOUR('',#2503);
#2016=VERTEX_POINT('',#2504);
#2017=VERTEX_POINT('',#2505);
#2018=LINE('',#2506,#2507);
#2019=VERTEX_POINT('',#2508);
#2020=LINE('',#2509,#2510);
#2021=VERTEX_POINT('',#2511);
#2022=LINE('',#2512,#2513);
#2023=VERTEX_POINT('',#2514);
#2024=LINE('',#2515,#2516);
#2025=VERTEX_POINT('',#2517);
#2026=LINE('',#2518,#2519);
#2027=LINE('',#2520,#2521);
#2028=FILL_AREA_STYLE_COLOUR('',#2522);
#2029=VERTEX_POINT('',#2523);
#2030=LINE('',#2524,#2525);
#2031=VERTEX_POINT('',#2526);
#2032=LINE('',#2527,#2528);
#2033=LINE('',#2529,#2530);
#2034=FILL_AREA_STYLE_COLOUR('',#2531);
#2035=VERTEX_POINT('',#2532);
#2036=VERTEX_POINT('',#2533);
#2037=LINE('',#2534,#2535);
#2038=LINE('',#2536,#2537);
#2039=LINE('',#2538,#2539);
#2040=FILL_AREA_STYLE_COLOUR('',#2540);
#2041=VERTEX_POINT('',#2541);
#2042=LINE('',#2542,#2543);
#2043=LINE('',#2544,#2545);
#2044=FILL_AREA_STYLE_COLOUR('',#2546);
#2045=VERTEX_POINT('',#2547);
#2046=LINE('',#2548,#2549);
#2047=LINE('',#2550,#2551);
#2048=FILL_AREA_STYLE_COLOUR('',#2552);
#2049=LINE('',#2553,#2554);
#2050=FILL_AREA_STYLE_COLOUR('',#2555);
#2051=LINE('',#2556,#2557);
#2052=FILL_AREA_STYLE_COLOUR('',#2558);
#2053=VERTEX_POINT('',#2559);
#2054=VERTEX_POINT('',#2560);
#2055=LINE('',#2561,#2562);
#2056=VERTEX_POINT('',#2563);
#2057=LINE('',#2564,#2565);
#2058=VERTEX_POINT('',#2566);
#2059=LINE('',#2567,#2568);
#2060=LINE('',#2569,#2570);
#2061=FILL_AREA_STYLE_COLOUR('',#2571);
#2062=VERTEX_POINT('',#2572);
#2063=LINE('',#2573,#2574);
#2064=VERTEX_POINT('',#2575);
#2065=LINE('',#2576,#2577);
#2066=LINE('',#2578,#2579);
#2067=FILL_AREA_STYLE_COLOUR('',#2580);
#2068=VERTEX_POINT('',#2581);
#2069=LINE('',#2582,#2583);
#2070=VERTEX_POINT('',#2584);
#2071=LINE('',#2585,#2586);
#2072=LINE('',#2587,#2588);
#2073=FILL_AREA_STYLE_COLOUR('',#2589);
#2074=LINE('',#2590,#2591);
#2075=LINE('',#2592,#2593);
#2076=FILL_AREA_STYLE_COLOUR('',#2594);
#2077=VERTEX_POINT('',#2595);
#2078=LINE('',#2596,#2597);
#2079=VERTEX_POINT('',#2598);
#2080=LINE('',#2599,#2600);
#2081=LINE('',#2601,#2602);
#2082=FILL_AREA_STYLE_COLOUR('',#2603);
#2083=VERTEX_POINT('',#2604);
#2084=LINE('',#2605,#2606);
#2085=LINE('',#2607,#2608);
#2086=FILL_AREA_STYLE_COLOUR('',#2609);
#2087=VERTEX_POINT('',#2610);
#2088=LINE('',#2611,#2612);
#2089=LINE('',#2613,#2614);
#2090=FILL_AREA_STYLE_COLOUR('',#2615);
#2091=LINE('',#2616,#2617);
#2092=FILL_AREA_STYLE_COLOUR('',#2618);
#2093=FILL_AREA_STYLE_COLOUR('',#2619);
#2094=VERTEX_POINT('',#2620);
#2095=VERTEX_POINT('',#2621);
#2096=LINE('',#2622,#2623);
#2097=VERTEX_POINT('',#2624);
#2098=LINE('',#2625,#2626);
#2099=VERTEX_POINT('',#2627);
#2100=LINE('',#2628,#2629);
#2101=LINE('',#2630,#2631);
#2102=FILL_AREA_STYLE_COLOUR('',#2632);
#2103=VERTEX_POINT('',#2633);
#2104=LINE('',#2634,#2635);
#2105=VERTEX_POINT('',#2636);
#2106=LINE('',#2637,#2638);
#2107=LINE('',#2639,#2640);
#2108=FILL_AREA_STYLE_COLOUR('',#2641);
#2109=VERTEX_POINT('',#2642);
#2110=LINE('',#2643,#2644);
#2111=VERTEX_POINT('',#2645);
#2112=LINE('',#2646,#2647);
#2113=LINE('',#2648,#2649);
#2114=FILL_AREA_STYLE_COLOUR('',#2650);
#2115=LINE('',#2651,#2652);
#2116=LINE('',#2653,#2654);
#2117=FILL_AREA_STYLE_COLOUR('',#2655);
#2118=VERTEX_POINT('',#2656);
#2119=LINE('',#2657,#2658);
#2120=VERTEX_POINT('',#2659);
#2121=LINE('',#2660,#2661);
#2122=LINE('',#2662,#2663);
#2123=FILL_AREA_STYLE_COLOUR('',#2664);
#2124=VERTEX_POINT('',#2665);
#2125=LINE('',#2666,#2667);
#2126=LINE('',#2668,#2669);
#2127=FILL_AREA_STYLE_COLOUR('',#2670);
#2128=VERTEX_POINT('',#2671);
#2129=LINE('',#2672,#2673);
#2130=LINE('',#2674,#2675);
#2131=FILL_AREA_STYLE_COLOUR('',#2676);
#2132=LINE('',#2677,#2678);
#2133=FILL_AREA_STYLE_COLOUR('',#2679);
#2134=FILL_AREA_STYLE_COLOUR('',#2680);
#2135=VERTEX_POINT('',#2681);
#2136=VERTEX_POINT('',#2682);
#2137=LINE('',#2683,#2684);
#2138=VERTEX_POINT('',#2685);
#2139=LINE('',#2686,#2687);
#2140=VERTEX_POINT('',#2688);
#2141=LINE('',#2689,#2690);
#2142=LINE('',#2691,#2692);
#2143=FILL_AREA_STYLE_COLOUR('',#2693);
#2144=VERTEX_POINT('',#2694);
#2145=LINE('',#2695,#2696);
#2146=VERTEX_POINT('',#2697);
#2147=LINE('',#2698,#2699);
#2148=LINE('',#2700,#2701);
#2149=FILL_AREA_STYLE_COLOUR('',#2702);
#2150=VERTEX_POINT('',#2703);
#2151=LINE('',#2704,#2705);
#2152=VERTEX_POINT('',#2706);
#2153=LINE('',#2707,#2708);
#2154=LINE('',#2709,#2710);
#2155=FILL_AREA_STYLE_COLOUR('',#2711);
#2156=LINE('',#2712,#2713);
#2157=LINE('',#2714,#2715);
#2158=FILL_AREA_STYLE_COLOUR('',#2716);
#2159=VERTEX_POINT('',#2717);
#2160=LINE('',#2718,#2719);
#2161=VERTEX_POINT('',#2720);
#2162=LINE('',#2721,#2722);
#2163=LINE('',#2723,#2724);
#2164=FILL_AREA_STYLE_COLOUR('',#2725);
#2165=VERTEX_POINT('',#2726);
#2166=LINE('',#2727,#2728);
#2167=LINE('',#2729,#2730);
#2168=FILL_AREA_STYLE_COLOUR('',#2731);
#2169=VERTEX_POINT('',#2732);
#2170=LINE('',#2733,#2734);
#2171=LINE('',#2735,#2736);
#2172=FILL_AREA_STYLE_COLOUR('',#2737);
#2173=LINE('',#2738,#2739);
#2174=FILL_AREA_STYLE_COLOUR('',#2740);
#2175=FILL_AREA_STYLE_COLOUR('',#2741);
#2176=VERTEX_POINT('',#2742);
#2177=VERTEX_POINT('',#2743);
#2178=LINE('',#2744,#2745);
#2179=VERTEX_POINT('',#2746);
#2180=LINE('',#2747,#2748);
#2181=VERTEX_POINT('',#2749);
#2182=LINE('',#2750,#2751);
#2183=LINE('',#2752,#2753);
#2184=FILL_AREA_STYLE_COLOUR('',#2754);
#2185=VERTEX_POINT('',#2755);
#2186=LINE('',#2756,#2757);
#2187=VERTEX_POINT('',#2758);
#2188=LINE('',#2759,#2760);
#2189=LINE('',#2761,#2762);
#2190=FILL_AREA_STYLE_COLOUR('',#2763);
#2191=VERTEX_POINT('',#2764);
#2192=LINE('',#2765,#2766);
#2193=VERTEX_POINT('',#2767);
#2194=LINE('',#2768,#2769);
#2195=LINE('',#2770,#2771);
#2196=FILL_AREA_STYLE_COLOUR('',#2772);
#2197=LINE('',#2773,#2774);
#2198=LINE('',#2775,#2776);
#2199=FILL_AREA_STYLE_COLOUR('',#2777);
#2200=VERTEX_POINT('',#2778);
#2201=LINE('',#2779,#2780);
#2202=VERTEX_POINT('',#2781);
#2203=LINE('',#2782,#2783);
#2204=LINE('',#2784,#2785);
#2205=FILL_AREA_STYLE_COLOUR('',#2786);
#2206=VERTEX_POINT('',#2787);
#2207=LINE('',#2788,#2789);
#2208=LINE('',#2790,#2791);
#2209=FILL_AREA_STYLE_COLOUR('',#2792);
#2210=VERTEX_POINT('',#2793);
#2211=LINE('',#2794,#2795);
#2212=LINE('',#2796,#2797);
#2213=FILL_AREA_STYLE_COLOUR('',#2798);
#2214=LINE('',#2799,#2800);
#2215=FILL_AREA_STYLE_COLOUR('',#2801);
#2216=FILL_AREA_STYLE_COLOUR('',#2802);
#2217=VERTEX_POINT('',#2803);
#2218=VERTEX_POINT('',#2804);
#2219=LINE('',#2805,#2806);
#2220=VERTEX_POINT('',#2807);
#2221=LINE('',#2808,#2809);
#2222=VERTEX_POINT('',#2810);
#2223=LINE('',#2811,#2812);
#2224=LINE('',#2813,#2814);
#2225=FILL_AREA_STYLE_COLOUR('',#2815);
#2226=VERTEX_POINT('',#2816);
#2227=VERTEX_POINT('',#2817);
#2228=LINE('',#2818,#2819);
#2229=VERTEX_POINT('',#2820);
#2230=LINE('',#2821,#2822);
#2231=VERTEX_POINT('',#2823);
#2232=LINE('',#2824,#2825);
#2233=LINE('',#2826,#2827);
#2234=FILL_AREA_STYLE_COLOUR('',#2828);
#2235=LINE('',#2829,#2830);
#2236=LINE('',#2831,#2832);
#2237=FILL_AREA_STYLE_COLOUR('',#2833);
#2238=VERTEX_POINT('',#2834);
#2239=LINE('',#2835,#2836);
#2240=VERTEX_POINT('',#2837);
#2241=LINE('',#2838,#2839);
#2242=VERTEX_POINT('',#2840);
#2243=LINE('',#2841,#2842);
#2244=VERTEX_POINT('',#2843);
#2245=LINE('',#2844,#2845);
#2246=VERTEX_POINT('',#2846);
#2247=LINE('',#2847,#2848);
#2248=VERTEX_POINT('',#2849);
#2249=LINE('',#2850,#2851);
#2250=VERTEX_POINT('',#2852);
#2251=LINE('',#2853,#2854);
#2252=VERTEX_POINT('',#2855);
#2253=LINE('',#2856,#2857);
#2254=VERTEX_POINT('',#2858);
#2255=LINE('',#2859,#2860);
#2256=VERTEX_POINT('',#2861);
#2257=LINE('',#2862,#2863);
#2258=VERTEX_POINT('',#2864);
#2259=LINE('',#2865,#2866);
#2260=VERTEX_POINT('',#2867);
#2261=LINE('',#2868,#2869);
#2262=VERTEX_POINT('',#2870);
#2263=LINE('',#2871,#2872);
#2264=VERTEX_POINT('',#2873);
#2265=LINE('',#2874,#2875);
#2266=VERTEX_POINT('',#2876);
#2267=LINE('',#2877,#2878);
#2268=VERTEX_POINT('',#2879);
#2269=LINE('',#2880,#2881);
#2270=LINE('',#2882,#2883);
#2271=FILL_AREA_STYLE_COLOUR('',#2884);
#2272=VERTEX_POINT('',#2885);
#2273=LINE('',#2886,#2887);
#2274=LINE('',#2888,#2889);
#2275=FILL_AREA_STYLE_COLOUR('',#2890);
#2276=VERTEX_POINT('',#2891);
#2277=LINE('',#2892,#2893);
#2278=LINE('',#2894,#2895);
#2279=FILL_AREA_STYLE_COLOUR('',#2896);
#2280=VERTEX_POINT('',#2897);
#2281=LINE('',#2898,#2899);
#2282=LINE('',#2900,#2901);
#2283=FILL_AREA_STYLE_COLOUR('',#2902);
#2284=VERTEX_POINT('',#2903);
#2285=VERTEX_POINT('',#2904);
#2286=LINE('',#2905,#2906);
#2287=LINE('',#2907,#2908);
#2288=LINE('',#2909,#2910);
#2289=FILL_AREA_STYLE_COLOUR('',#2911);
#2290=LINE('',#2912,#2913);
#2291=FILL_AREA_STYLE_COLOUR('',#2914);
#2292=VERTEX_POINT('',#2915);
#2293=LINE('',#2916,#2917);
#2294=LINE('',#2918,#2919);
#2295=FILL_AREA_STYLE_COLOUR('',#2920);
#2296=VERTEX_POINT('',#2921);
#2297=LINE('',#2922,#2923);
#2298=LINE('',#2924,#2925);
#2299=FILL_AREA_STYLE_COLOUR('',#2926);
#2300=VERTEX_POINT('',#2927);
#2301=VERTEX_POINT('',#2928);
#2302=LINE('',#2929,#2930);
#2303=LINE('',#2931,#2932);
#2304=LINE('',#2933,#2934);
#2305=FILL_AREA_STYLE_COLOUR('',#2935);
#2306=LINE('',#2936,#2937);
#2307=FILL_AREA_STYLE_COLOUR('',#2938);
#2308=VERTEX_POINT('',#2939);
#2309=LINE('',#2940,#2941);
#2310=LINE('',#2942,#2943);
#2311=FILL_AREA_STYLE_COLOUR('',#2944);
#2312=VERTEX_POINT('',#2945);
#2313=LINE('',#2946,#2947);
#2314=LINE('',#2948,#2949);
#2315=FILL_AREA_STYLE_COLOUR('',#2950);
#2316=VERTEX_POINT('',#2951);
#2317=VERTEX_POINT('',#2952);
#2318=LINE('',#2953,#2954);
#2319=LINE('',#2955,#2956);
#2320=LINE('',#2957,#2958);
#2321=FILL_AREA_STYLE_COLOUR('',#2959);
#2322=LINE('',#2960,#2961);
#2323=FILL_AREA_STYLE_COLOUR('',#2962);
#2324=VERTEX_POINT('',#2963);
#2325=LINE('',#2964,#2965);
#2326=LINE('',#2966,#2967);
#2327=FILL_AREA_STYLE_COLOUR('',#2968);
#2328=VERTEX_POINT('',#2969);
#2329=LINE('',#2970,#2971);
#2330=VERTEX_POINT('',#2972);
#2331=LINE('',#2973,#2974);
#2332=LINE('',#2975,#2976);
#2333=FILL_AREA_STYLE_COLOUR('',#2977);
#2334=LINE('',#2978,#2979);
#2335=FILL_AREA_STYLE_COLOUR('',#2980);
#2336=LINE('',#2981,#2982);
#2337=FILL_AREA_STYLE_COLOUR('',#2983);
#2338=COLOUR_RGB('',1.0,1.0,0.0);
#2339=CARTESIAN_POINT('',(9.5377,0.508,-0.2032));
#2340=CARTESIAN_POINT('',(8.7503,0.508,-0.2032));
#2341=CARTESIAN_POINT('',(9.144,0.508,-0.2032));
#2342=VECTOR('',#2984,1.0);
#2343=CARTESIAN_POINT('',(9.5377,-2.20165909487751,-0.2032));
#2344=CARTESIAN_POINT('',(9.5377,-2.20165909487751,-0.2032));
#2345=VECTOR('',#2985,1.0);
#2346=CARTESIAN_POINT('',(9.2837,-2.6416,-0.2032));
#2347=CARTESIAN_POINT('',(9.2837,-2.6416,-0.2032));
#2348=VECTOR('',#2986,1.0);
#2349=CARTESIAN_POINT('',(9.0043,-2.6416,-0.2032));
#2350=CARTESIAN_POINT('',(9.144,-2.6416,-0.2032));
#2351=VECTOR('',#2987,1.0);
#2352=CARTESIAN_POINT('',(8.7503,-2.20165909487751,-0.2032));
#2353=CARTESIAN_POINT('',(9.0043,-2.6416,-0.2032));
#2354=VECTOR('',#2988,1.0);
#2355=CARTESIAN_POINT('',(8.7503,-2.20165909487751,-0.2032));
#2356=VECTOR('',#2989,1.0);
#2357=COLOUR_RGB('',1.0,1.0,0.0);
#2358=CARTESIAN_POINT('',(9.5377,0.508,0.2032));
#2359=CARTESIAN_POINT('',(9.5377,0.508,-0.1016));
#2360=VECTOR('',#2990,1.0);
#2361=CARTESIAN_POINT('',(9.5377,-2.20165909487751,0.2032));
#2362=CARTESIAN_POINT('',(9.5377,-2.20165909487751,0.2032));
#2363=VECTOR('',#2991,1.0);
#2364=CARTESIAN_POINT('',(9.5377,-2.20165909487751,-0.2032));
#2365=VECTOR('',#2992,1.0);
#2366=COLOUR_RGB('',1.0,1.0,0.0);
#2367=CARTESIAN_POINT('',(9.2837,-2.6416,0.2032));
#2368=CARTESIAN_POINT('',(9.0043,-2.6416,0.2032));
#2369=CARTESIAN_POINT('',(9.144,-2.6416,0.2032));
#2370=VECTOR('',#2993,1.0);
#2371=CARTESIAN_POINT('',(9.0043,-2.6416,-0.2032));
#2372=VECTOR('',#2994,1.0);
#2373=CARTESIAN_POINT('',(9.2837,-2.6416,-0.2032));
#2374=VECTOR('',#2995,1.0);
#2375=COLOUR_RGB('',1.0,1.0,0.0);
#2376=CARTESIAN_POINT('',(8.7503,-2.20165909487751,0.2032));
#2377=CARTESIAN_POINT('',(9.0043,-2.6416,0.2032));
#2378=VECTOR('',#2996,1.0);
#2379=CARTESIAN_POINT('',(8.7503,-2.20165909487751,-0.2032));
#2380=VECTOR('',#2997,1.0);
#2381=COLOUR_RGB('',1.0,1.0,0.0);
#2382=CARTESIAN_POINT('',(8.7503,0.508,0.2032));
#2383=CARTESIAN_POINT('',(8.7503,0.508,-0.1016));
#2384=VECTOR('',#2998,1.0);
#2385=CARTESIAN_POINT('',(8.7503,-2.20165909487751,0.2032));
#2386=VECTOR('',#2999,1.0);
#2387=COLOUR_RGB('',1.0,1.0,0.0);
#2388=CARTESIAN_POINT('',(9.2837,-2.6416,0.2032));
#2389=VECTOR('',#3000,0.999999999999999);
#2390=COLOUR_RGB('',1.0,1.0,0.0);
#2391=CARTESIAN_POINT('',(9.144,0.508,0.2032));
#2392=VECTOR('',#3001,1.0);
#2393=COLOUR_RGB('',1.0,1.0,0.0);
#2394=CARTESIAN_POINT('',(6.9977,0.508,-0.2032));
#2395=CARTESIAN_POINT('',(6.2103,0.508,-0.2032));
#2396=CARTESIAN_POINT('',(6.604,0.508,-0.2032));
#2397=VECTOR('',#3002,1.0);
#2398=CARTESIAN_POINT('',(6.9977,-2.20165909487751,-0.2032));
#2399=CARTESIAN_POINT('',(6.9977,-2.20165909487751,-0.2032));
#2400=VECTOR('',#3003,1.0);
#2401=CARTESIAN_POINT('',(6.7437,-2.6416,-0.2032));
#2402=CARTESIAN_POINT('',(6.7437,-2.6416,-0.2032));
#2403=VECTOR('',#3004,1.0);
#2404=CARTESIAN_POINT('',(6.4643,-2.6416,-0.2032));
#2405=CARTESIAN_POINT('',(6.604,-2.6416,-0.2032));
#2406=VECTOR('',#3005,1.0);
#2407=CARTESIAN_POINT('',(6.2103,-2.20165909487751,-0.2032));
#2408=CARTESIAN_POINT('',(6.4643,-2.6416,-0.2032));
#2409=VECTOR('',#3006,1.0);
#2410=CARTESIAN_POINT('',(6.2103,-2.20165909487751,-0.2032));
#2411=VECTOR('',#3007,1.0);
#2412=COLOUR_RGB('',1.0,1.0,0.0);
#2413=CARTESIAN_POINT('',(6.9977,0.508,0.2032));
#2414=CARTESIAN_POINT('',(6.9977,0.508,-0.1016));
#2415=VECTOR('',#3008,1.0);
#2416=CARTESIAN_POINT('',(6.9977,-2.20165909487751,0.2032));
#2417=CARTESIAN_POINT('',(6.9977,-2.20165909487751,0.2032));
#2418=VECTOR('',#3009,1.0);
#2419=CARTESIAN_POINT('',(6.9977,-2.20165909487751,-0.2032));
#2420=VECTOR('',#3010,1.0);
#2421=COLOUR_RGB('',1.0,1.0,0.0);
#2422=CARTESIAN_POINT('',(6.7437,-2.6416,0.2032));
#2423=CARTESIAN_POINT('',(6.4643,-2.6416,0.2032));
#2424=CARTESIAN_POINT('',(6.604,-2.6416,0.2032));
#2425=VECTOR('',#3011,1.0);
#2426=CARTESIAN_POINT('',(6.4643,-2.6416,-0.2032));
#2427=VECTOR('',#3012,1.0);
#2428=CARTESIAN_POINT('',(6.7437,-2.6416,-0.2032));
#2429=VECTOR('',#3013,1.0);
#2430=COLOUR_RGB('',1.0,1.0,0.0);
#2431=CARTESIAN_POINT('',(6.2103,-2.20165909487751,0.2032));
#2432=CARTESIAN_POINT('',(6.4643,-2.6416,0.2032));
#2433=VECTOR('',#3014,1.0);
#2434=CARTESIAN_POINT('',(6.2103,-2.20165909487751,-0.2032));
#2435=VECTOR('',#3015,1.0);
#2436=COLOUR_RGB('',1.0,1.0,0.0);
#2437=CARTESIAN_POINT('',(6.2103,0.508,0.2032));
#2438=CARTESIAN_POINT('',(6.2103,0.508,-0.1016));
#2439=VECTOR('',#3016,1.0);
#2440=CARTESIAN_POINT('',(6.2103,-2.20165909487751,0.2032));
#2441=VECTOR('',#3017,1.0);
#2442=COLOUR_RGB('',1.0,1.0,0.0);
#2443=CARTESIAN_POINT('',(6.7437,-2.6416,0.2032));
#2444=VECTOR('',#3018,0.999999999999999);
#2445=COLOUR_RGB('',1.0,1.0,0.0);
#2446=CARTESIAN_POINT('',(6.604,0.508,0.2032));
#2447=VECTOR('',#3019,1.0);
#2448=COLOUR_RGB('',1.0,1.0,0.0);
#2449=CARTESIAN_POINT('',(4.4577,0.508,-0.2032));
#2450=CARTESIAN_POINT('',(3.6703,0.508,-0.2032));
#2451=CARTESIAN_POINT('',(4.064,0.508,-0.2032));
#2452=VECTOR('',#3020,1.0);
#2453=CARTESIAN_POINT('',(4.4577,-2.20165909487751,-0.2032));
#2454=CARTESIAN_POINT('',(4.4577,-2.20165909487751,-0.2032));
#2455=VECTOR('',#3021,1.0);
#2456=CARTESIAN_POINT('',(4.2037,-2.6416,-0.2032));
#2457=CARTESIAN_POINT('',(4.2037,-2.6416,-0.2032));
#2458=VECTOR('',#3022,1.0);
#2459=CARTESIAN_POINT('',(3.9243,-2.6416,-0.2032));
#2460=CARTESIAN_POINT('',(4.064,-2.6416,-0.2032));
#2461=VECTOR('',#3023,1.0);
#2462=CARTESIAN_POINT('',(3.6703,-2.20165909487751,-0.2032));
#2463=CARTESIAN_POINT('',(3.9243,-2.6416,-0.2032));
#2464=VECTOR('',#3024,1.0);
#2465=CARTESIAN_POINT('',(3.6703,-2.20165909487751,-0.2032));
#2466=VECTOR('',#3025,1.0);
#2467=COLOUR_RGB('',1.0,1.0,0.0);
#2468=CARTESIAN_POINT('',(4.4577,0.508,0.2032));
#2469=CARTESIAN_POINT('',(4.4577,0.508,-0.1016));
#2470=VECTOR('',#3026,1.0);
#2471=CARTESIAN_POINT('',(4.4577,-2.20165909487751,0.2032));
#2472=CARTESIAN_POINT('',(4.4577,-2.20165909487751,0.2032));
#2473=VECTOR('',#3027,1.0);
#2474=CARTESIAN_POINT('',(4.4577,-2.20165909487751,-0.2032));
#2475=VECTOR('',#3028,1.0);
#2476=COLOUR_RGB('',1.0,1.0,0.0);
#2477=CARTESIAN_POINT('',(4.2037,-2.6416,0.2032));
#2478=CARTESIAN_POINT('',(3.9243,-2.6416,0.2032));
#2479=CARTESIAN_POINT('',(4.064,-2.6416,0.2032));
#2480=VECTOR('',#3029,1.0);
#2481=CARTESIAN_POINT('',(3.9243,-2.6416,-0.2032));
#2482=VECTOR('',#3030,1.0);
#2483=CARTESIAN_POINT('',(4.2037,-2.6416,-0.2032));
#2484=VECTOR('',#3031,1.0);
#2485=COLOUR_RGB('',1.0,1.0,0.0);
#2486=CARTESIAN_POINT('',(3.6703,-2.20165909487751,0.2032));
#2487=CARTESIAN_POINT('',(3.9243,-2.6416,0.2032));
#2488=VECTOR('',#3032,1.0);
#2489=CARTESIAN_POINT('',(3.6703,-2.20165909487751,-0.2032));
#2490=VECTOR('',#3033,1.0);
#2491=COLOUR_RGB('',1.0,1.0,0.0);
#2492=CARTESIAN_POINT('',(3.6703,0.508,0.2032));
#2493=CARTESIAN_POINT('',(3.6703,0.508,-0.1016));
#2494=VECTOR('',#3034,1.0);
#2495=CARTESIAN_POINT('',(3.6703,-2.20165909487751,0.2032));
#2496=VECTOR('',#3035,1.0);
#2497=COLOUR_RGB('',1.0,1.0,0.0);
#2498=CARTESIAN_POINT('',(4.2037,-2.6416,0.2032));
#2499=VECTOR('',#3036,0.999999999999999);
#2500=COLOUR_RGB('',1.0,1.0,0.0);
#2501=CARTESIAN_POINT('',(4.064,0.508,0.2032));
#2502=VECTOR('',#3037,1.0);
#2503=COLOUR_RGB('',1.0,1.0,0.0);
#2504=CARTESIAN_POINT('',(1.9177,0.508,-0.2032));
#2505=CARTESIAN_POINT('',(1.1303,0.508,-0.2032));
#2506=CARTESIAN_POINT('',(1.524,0.508,-0.2032));
#2507=VECTOR('',#3038,1.0);
#2508=CARTESIAN_POINT('',(1.9177,-2.20165909487751,-0.2032));
#2509=CARTESIAN_POINT('',(1.9177,-2.20165909487751,-0.2032));
#2510=VECTOR('',#3039,1.0);
#2511=CARTESIAN_POINT('',(1.6637,-2.6416,-0.2032));
#2512=CARTESIAN_POINT('',(1.6637,-2.6416,-0.2032));
#2513=VECTOR('',#3040,1.0);
#2514=CARTESIAN_POINT('',(1.3843,-2.6416,-0.2032));
#2515=CARTESIAN_POINT('',(1.524,-2.6416,-0.2032));
#2516=VECTOR('',#3041,1.0);
#2517=CARTESIAN_POINT('',(1.1303,-2.20165909487751,-0.2032));
#2518=CARTESIAN_POINT('',(1.3843,-2.6416,-0.2032));
#2519=VECTOR('',#3042,1.0);
#2520=CARTESIAN_POINT('',(1.1303,-2.20165909487751,-0.2032));
#2521=VECTOR('',#3043,1.0);
#2522=COLOUR_RGB('',1.0,1.0,0.0);
#2523=CARTESIAN_POINT('',(1.9177,0.508,0.2032));
#2524=CARTESIAN_POINT('',(1.9177,0.508,-0.1016));
#2525=VECTOR('',#3044,1.0);
#2526=CARTESIAN_POINT('',(1.9177,-2.20165909487751,0.2032));
#2527=CARTESIAN_POINT('',(1.9177,-2.20165909487751,0.2032));
#2528=VECTOR('',#3045,1.0);
#2529=CARTESIAN_POINT('',(1.9177,-2.20165909487751,-0.2032));
#2530=VECTOR('',#3046,1.0);
#2531=COLOUR_RGB('',1.0,1.0,0.0);
#2532=CARTESIAN_POINT('',(1.6637,-2.6416,0.2032));
#2533=CARTESIAN_POINT('',(1.3843,-2.6416,0.2032));
#2534=CARTESIAN_POINT('',(1.524,-2.6416,0.2032));
#2535=VECTOR('',#3047,1.0);
#2536=CARTESIAN_POINT('',(1.3843,-2.6416,-0.2032));
#2537=VECTOR('',#3048,1.0);
#2538=CARTESIAN_POINT('',(1.6637,-2.6416,-0.2032));
#2539=VECTOR('',#3049,1.0);
#2540=COLOUR_RGB('',1.0,1.0,0.0);
#2541=CARTESIAN_POINT('',(1.1303,-2.20165909487751,0.2032));
#2542=CARTESIAN_POINT('',(1.3843,-2.6416,0.2032));
#2543=VECTOR('',#3050,1.0);
#2544=CARTESIAN_POINT('',(1.1303,-2.20165909487751,-0.2032));
#2545=VECTOR('',#3051,1.0);
#2546=COLOUR_RGB('',1.0,1.0,0.0);
#2547=CARTESIAN_POINT('',(1.1303,0.508,0.2032));
#2548=CARTESIAN_POINT('',(1.1303,0.508,-0.1016));
#2549=VECTOR('',#3052,1.0);
#2550=CARTESIAN_POINT('',(1.1303,-2.20165909487751,0.2032));
#2551=VECTOR('',#3053,1.0);
#2552=COLOUR_RGB('',1.0,1.0,0.0);
#2553=CARTESIAN_POINT('',(1.6637,-2.6416,0.2032));
#2554=VECTOR('',#3054,1.0);
#2555=COLOUR_RGB('',1.0,1.0,0.0);
#2556=CARTESIAN_POINT('',(1.524,0.508,0.2032));
#2557=VECTOR('',#3055,1.0);
#2558=COLOUR_RGB('',0.196078434586525,0.196078434586525,0.196078434586525);
#2559=CARTESIAN_POINT('',(8.7503,8.128,0.3937));
#2560=CARTESIAN_POINT('',(8.3693,8.509,0.7747));
#2561=CARTESIAN_POINT('',(8.75453333333333,8.12376666666667,0.389466666666667));
#2562=VECTOR('',#3056,1.0);
#2563=CARTESIAN_POINT('',(9.9187,8.509,0.7747));
#2564=CARTESIAN_POINT('',(7.739,8.509,0.7747));
#2565=VECTOR('',#3057,1.0);
#2566=CARTESIAN_POINT('',(9.5377,8.128,0.3937));
#2567=CARTESIAN_POINT('',(9.53346666666667,8.12376666666667,0.389466666666667));
#2568=VECTOR('',#3058,1.0);
#2569=CARTESIAN_POINT('',(9.644,8.128,0.3937));
#2570=VECTOR('',#3059,1.0);
#2571=COLOUR_RGB('',0.196078434586525,0.196078434586525,0.196078434586525);
#2572=CARTESIAN_POINT('',(9.9187,8.509,-0.7747));
#2573=CARTESIAN_POINT('',(9.9187,8.509,-0.5));
#2574=VECTOR('',#3060,1.0);
#2575=CARTESIAN_POINT('',(9.5377,8.128,-0.3937));
#2576=CARTESIAN_POINT('',(9.53346666666667,8.12376666666667,-0.389466666666667));
#2577=VECTOR('',#3061,1.0);
#2578=CARTESIAN_POINT('',(9.5377,8.128,-0.5));
#2579=VECTOR('',#3062,1.0);
#2580=COLOUR_RGB('',0.196078434586525,0.196078434586525,0.196078434586525);
#2581=CARTESIAN_POINT('',(8.7503,8.128,-0.393699999999999));
#2582=CARTESIAN_POINT('',(8.7503,8.128,0.5));
#2583=VECTOR('',#3063,1.0);
#2584=CARTESIAN_POINT('',(8.3693,8.509,-0.7747));
#2585=CARTESIAN_POINT('',(8.75453333333333,8.12376666666667,-0.389466666666666));
#2586=VECTOR('',#3064,1.0);
#2587=CARTESIAN_POINT('',(8.3693,8.509,0.5));
#2588=VECTOR('',#3065,1.0);
#2589=COLOUR_RGB('',0.196078434586525,0.196078434586525,0.196078434586525);
#2590=CARTESIAN_POINT('',(8.644,8.128,-0.3937));
#2591=VECTOR('',#3066,1.0);
#2592=CARTESIAN_POINT('',(6.739,8.509,-0.7747));
#2593=VECTOR('',#3067,1.0);
#2594=COLOUR_RGB('',0.196078434586525,0.196078434586525,0.196078434586525);
#2595=CARTESIAN_POINT('',(9.5377,1.008,-0.3937));
#2596=CARTESIAN_POINT('',(9.5377,5.2625,-0.3937));
#2597=VECTOR('',#3068,1.0);
#2598=CARTESIAN_POINT('',(9.5377,1.008,0.3937));
#2599=CARTESIAN_POINT('',(9.5377,1.008,0.0));
#2600=VECTOR('',#3069,1.0);
#2601=CARTESIAN_POINT('',(9.5377,5.2625,0.3937));
#2602=VECTOR('',#3070,1.0);
#2603=COLOUR_RGB('',0.196078434586525,0.196078434586525,0.196078434586525);
#2604=CARTESIAN_POINT('',(8.7503,1.008,-0.3937));
#2605=CARTESIAN_POINT('',(8.7503,5.2625,-0.3937));
#2606=VECTOR('',#3071,1.0);
#2607=CARTESIAN_POINT('',(9.144,1.008,-0.3937));
#2608=VECTOR('',#3072,1.0);
#2609=COLOUR_RGB('',0.196078434586525,0.196078434586525,0.196078434586525);
#2610=CARTESIAN_POINT('',(8.7503,1.008,0.3937));
#2611=CARTESIAN_POINT('',(9.144,1.008,0.3937));
#2612=VECTOR('',#3073,1.0);
#2613=CARTESIAN_POINT('',(8.7503,5.2625,0.3937));
#2614=VECTOR('',#3074,1.0);
#2615=COLOUR_RGB('',0.196078434586525,0.196078434586525,0.196078434586525);
#2616=CARTESIAN_POINT('',(8.7503,1.008,0.0));
#2617=VECTOR('',#3075,1.0);
#2618=COLOUR_RGB('',0.196078434586525,0.196078434586525,0.196078434586525);
#2619=COLOUR_RGB('',0.196078434586525,0.196078434586525,0.196078434586525);
#2620=CARTESIAN_POINT('',(6.2103,8.128,0.3937));
#2621=CARTESIAN_POINT('',(5.8293,8.509,0.7747));
#2622=CARTESIAN_POINT('',(6.21453333333333,8.12376666666667,0.389466666666667));
#2623=VECTOR('',#3076,1.0);
#2624=CARTESIAN_POINT('',(7.3787,8.509,0.7747));
#2625=CARTESIAN_POINT('',(6.469,8.509,0.7747));
#2626=VECTOR('',#3077,1.0);
#2627=CARTESIAN_POINT('',(6.9977,8.128,0.3937));
#2628=CARTESIAN_POINT('',(6.99346666666667,8.12376666666667,0.389466666666667));
#2629=VECTOR('',#3078,1.0);
#2630=CARTESIAN_POINT('',(7.104,8.128,0.3937));
#2631=VECTOR('',#3079,1.0);
#2632=COLOUR_RGB('',0.196078434586525,0.196078434586525,0.196078434586525);
#2633=CARTESIAN_POINT('',(7.3787,8.509,-0.7747));
#2634=CARTESIAN_POINT('',(7.3787,8.509,-0.5));
#2635=VECTOR('',#3080,1.0);
#2636=CARTESIAN_POINT('',(6.9977,8.128,-0.3937));
#2637=CARTESIAN_POINT('',(6.99346666666667,8.12376666666667,-0.389466666666667));
#2638=VECTOR('',#3081,1.0);
#2639=CARTESIAN_POINT('',(6.9977,8.128,-0.5));
#2640=VECTOR('',#3082,1.0);
#2641=COLOUR_RGB('',0.196078434586525,0.196078434586525,0.196078434586525);
#2642=CARTESIAN_POINT('',(6.2103,8.128,-0.393699999999999));
#2643=CARTESIAN_POINT('',(6.2103,8.128,0.5));
#2644=VECTOR('',#3083,1.0);
#2645=CARTESIAN_POINT('',(5.8293,8.509,-0.7747));
#2646=CARTESIAN_POINT('',(6.21453333333333,8.12376666666667,-0.389466666666666));
#2647=VECTOR('',#3084,1.0);
#2648=CARTESIAN_POINT('',(5.8293,8.509,0.5));
#2649=VECTOR('',#3085,1.0);
#2650=COLOUR_RGB('',0.196078434586525,0.196078434586525,0.196078434586525);
#2651=CARTESIAN_POINT('',(6.104,8.128,-0.3937));
#2652=VECTOR('',#3086,1.0);
#2653=CARTESIAN_POINT('',(5.469,8.509,-0.7747));
#2654=VECTOR('',#3087,1.0);
#2655=COLOUR_RGB('',0.196078434586525,0.196078434586525,0.196078434586525);
#2656=CARTESIAN_POINT('',(6.9977,1.008,-0.3937));
#2657=CARTESIAN_POINT('',(6.9977,5.2625,-0.3937));
#2658=VECTOR('',#3088,1.0);
#2659=CARTESIAN_POINT('',(6.9977,1.008,0.3937));
#2660=CARTESIAN_POINT('',(6.9977,1.008,0.0));
#2661=VECTOR('',#3089,1.0);
#2662=CARTESIAN_POINT('',(6.9977,5.2625,0.3937));
#2663=VECTOR('',#3090,1.0);
#2664=COLOUR_RGB('',0.196078434586525,0.196078434586525,0.196078434586525);
#2665=CARTESIAN_POINT('',(6.2103,1.008,-0.3937));
#2666=CARTESIAN_POINT('',(6.2103,5.2625,-0.3937));
#2667=VECTOR('',#3091,1.0);
#2668=CARTESIAN_POINT('',(6.604,1.008,-0.3937));
#2669=VECTOR('',#3092,1.0);
#2670=COLOUR_RGB('',0.196078434586525,0.196078434586525,0.196078434586525);
#2671=CARTESIAN_POINT('',(6.2103,1.008,0.3937));
#2672=CARTESIAN_POINT('',(6.604,1.008,0.3937));
#2673=VECTOR('',#3093,1.0);
#2674=CARTESIAN_POINT('',(6.2103,5.2625,0.3937));
#2675=VECTOR('',#3094,1.0);
#2676=COLOUR_RGB('',0.196078434586525,0.196078434586525,0.196078434586525);
#2677=CARTESIAN_POINT('',(6.2103,1.008,0.0));
#2678=VECTOR('',#3095,1.0);
#2679=COLOUR_RGB('',0.196078434586525,0.196078434586525,0.196078434586525);
#2680=COLOUR_RGB('',0.196078434586525,0.196078434586525,0.196078434586525);
#2681=CARTESIAN_POINT('',(3.6703,8.128,0.3937));
#2682=CARTESIAN_POINT('',(3.2893,8.509,0.7747));
#2683=CARTESIAN_POINT('',(3.67453333333333,8.12376666666667,0.389466666666667));
#2684=VECTOR('',#3096,1.0);
#2685=CARTESIAN_POINT('',(4.8387,8.509,0.7747));
#2686=CARTESIAN_POINT('',(5.199,8.509,0.7747));
#2687=VECTOR('',#3097,1.0);
#2688=CARTESIAN_POINT('',(4.4577,8.128,0.3937));
#2689=CARTESIAN_POINT('',(4.45346666666667,8.12376666666667,0.389466666666667));
#2690=VECTOR('',#3098,1.0);
#2691=CARTESIAN_POINT('',(4.564,8.128,0.3937));
#2692=VECTOR('',#3099,1.0);
#2693=COLOUR_RGB('',0.196078434586525,0.196078434586525,0.196078434586525);
#2694=CARTESIAN_POINT('',(4.8387,8.509,-0.7747));
#2695=CARTESIAN_POINT('',(4.8387,8.509,-0.5));
#2696=VECTOR('',#3100,1.0);
#2697=CARTESIAN_POINT('',(4.4577,8.128,-0.3937));
#2698=CARTESIAN_POINT('',(4.45346666666667,8.12376666666667,-0.389466666666667));
#2699=VECTOR('',#3101,1.0);
#2700=CARTESIAN_POINT('',(4.4577,8.128,-0.5));
#2701=VECTOR('',#3102,1.0);
#2702=COLOUR_RGB('',0.196078434586525,0.196078434586525,0.196078434586525);
#2703=CARTESIAN_POINT('',(3.6703,8.128,-0.393699999999999));
#2704=CARTESIAN_POINT('',(3.6703,8.128,0.5));
#2705=VECTOR('',#3103,1.0);
#2706=CARTESIAN_POINT('',(3.2893,8.509,-0.7747));
#2707=CARTESIAN_POINT('',(3.67453333333333,8.12376666666667,-0.389466666666666));
#2708=VECTOR('',#3104,1.0);
#2709=CARTESIAN_POINT('',(3.2893,8.509,0.5));
#2710=VECTOR('',#3105,1.0);
#2711=COLOUR_RGB('',0.196078434586525,0.196078434586525,0.196078434586525);
#2712=CARTESIAN_POINT('',(3.564,8.128,-0.3937));
#2713=VECTOR('',#3106,1.0);
#2714=CARTESIAN_POINT('',(4.199,8.509,-0.7747));
#2715=VECTOR('',#3107,1.0);
#2716=COLOUR_RGB('',0.196078434586525,0.196078434586525,0.196078434586525);
#2717=CARTESIAN_POINT('',(4.4577,1.008,-0.3937));
#2718=CARTESIAN_POINT('',(4.4577,5.2625,-0.3937));
#2719=VECTOR('',#3108,1.0);
#2720=CARTESIAN_POINT('',(4.4577,1.008,0.3937));
#2721=CARTESIAN_POINT('',(4.4577,1.008,0.0));
#2722=VECTOR('',#3109,1.0);
#2723=CARTESIAN_POINT('',(4.4577,5.2625,0.3937));
#2724=VECTOR('',#3110,1.0);
#2725=COLOUR_RGB('',0.196078434586525,0.196078434586525,0.196078434586525);
#2726=CARTESIAN_POINT('',(3.6703,1.008,-0.3937));
#2727=CARTESIAN_POINT('',(3.6703,5.2625,-0.3937));
#2728=VECTOR('',#3111,1.0);
#2729=CARTESIAN_POINT('',(4.064,1.008,-0.3937));
#2730=VECTOR('',#3112,1.0);
#2731=COLOUR_RGB('',0.196078434586525,0.196078434586525,0.196078434586525);
#2732=CARTESIAN_POINT('',(3.6703,1.008,0.3937));
#2733=CARTESIAN_POINT('',(4.064,1.008,0.3937));
#2734=VECTOR('',#3113,1.0);
#2735=CARTESIAN_POINT('',(3.6703,5.2625,0.3937));
#2736=VECTOR('',#3114,1.0);
#2737=COLOUR_RGB('',0.196078434586525,0.196078434586525,0.196078434586525);
#2738=CARTESIAN_POINT('',(3.6703,1.008,0.0));
#2739=VECTOR('',#3115,1.0);
#2740=COLOUR_RGB('',0.196078434586525,0.196078434586525,0.196078434586525);
#2741=COLOUR_RGB('',0.196078434586525,0.196078434586525,0.196078434586525);
#2742=CARTESIAN_POINT('',(1.1303,8.128,0.3937));
#2743=CARTESIAN_POINT('',(0.7493,8.509,0.7747));
#2744=CARTESIAN_POINT('',(1.13453333333333,8.12376666666667,0.389466666666667));
#2745=VECTOR('',#3116,1.0);
#2746=CARTESIAN_POINT('',(2.2987,8.509,0.7747));
#2747=CARTESIAN_POINT('',(3.929,8.509,0.7747));
#2748=VECTOR('',#3117,1.0);
#2749=CARTESIAN_POINT('',(1.9177,8.128,0.3937));
#2750=CARTESIAN_POINT('',(1.91346666666667,8.12376666666667,0.389466666666667));
#2751=VECTOR('',#3118,1.0);
#2752=CARTESIAN_POINT('',(2.024,8.128,0.3937));
#2753=VECTOR('',#3119,1.0);
#2754=COLOUR_RGB('',0.196078434586525,0.196078434586525,0.196078434586525);
#2755=CARTESIAN_POINT('',(2.2987,8.509,-0.7747));
#2756=CARTESIAN_POINT('',(2.2987,8.509,-0.5));
#2757=VECTOR('',#3120,1.0);
#2758=CARTESIAN_POINT('',(1.9177,8.128,-0.3937));
#2759=CARTESIAN_POINT('',(1.91346666666667,8.12376666666667,-0.389466666666667));
#2760=VECTOR('',#3121,1.0);
#2761=CARTESIAN_POINT('',(1.9177,8.128,-0.5));
#2762=VECTOR('',#3122,1.0);
#2763=COLOUR_RGB('',0.196078434586525,0.196078434586525,0.196078434586525);
#2764=CARTESIAN_POINT('',(1.1303,8.128,-0.393699999999999));
#2765=CARTESIAN_POINT('',(1.1303,8.128,0.5));
#2766=VECTOR('',#3123,1.0);
#2767=CARTESIAN_POINT('',(0.7493,8.509,-0.7747));
#2768=CARTESIAN_POINT('',(1.13453333333333,8.12376666666667,-0.389466666666666));
#2769=VECTOR('',#3124,1.0);
#2770=CARTESIAN_POINT('',(0.749299999999999,8.509,0.5));
#2771=VECTOR('',#3125,1.0);
#2772=COLOUR_RGB('',0.196078434586525,0.196078434586525,0.196078434586525);
#2773=CARTESIAN_POINT('',(1.024,8.128,-0.3937));
#2774=VECTOR('',#3126,1.0);
#2775=CARTESIAN_POINT('',(2.929,8.509,-0.7747));
#2776=VECTOR('',#3127,1.0);
#2777=COLOUR_RGB('',0.196078434586525,0.196078434586525,0.196078434586525);
#2778=CARTESIAN_POINT('',(1.9177,1.008,-0.3937));
#2779=CARTESIAN_POINT('',(1.9177,5.2625,-0.3937));
#2780=VECTOR('',#3128,1.0);
#2781=CARTESIAN_POINT('',(1.9177,1.008,0.3937));
#2782=CARTESIAN_POINT('',(1.9177,1.008,0.0));
#2783=VECTOR('',#3129,1.0);
#2784=CARTESIAN_POINT('',(1.9177,5.2625,0.3937));
#2785=VECTOR('',#3130,1.0);
#2786=COLOUR_RGB('',0.196078434586525,0.196078434586525,0.196078434586525);
#2787=CARTESIAN_POINT('',(1.1303,1.008,-0.3937));
#2788=CARTESIAN_POINT('',(1.1303,5.2625,-0.3937));
#2789=VECTOR('',#3131,1.0);
#2790=CARTESIAN_POINT('',(1.524,1.008,-0.3937));
#2791=VECTOR('',#3132,1.0);
#2792=COLOUR_RGB('',0.196078434586525,0.196078434586525,0.196078434586525);
#2793=CARTESIAN_POINT('',(1.1303,1.008,0.3937));
#2794=CARTESIAN_POINT('',(1.524,1.008,0.3937));
#2795=VECTOR('',#3133,1.0);
#2796=CARTESIAN_POINT('',(1.1303,5.2625,0.3937));
#2797=VECTOR('',#3134,1.0);
#2798=COLOUR_RGB('',0.196078434586525,0.196078434586525,0.196078434586525);
#2799=CARTESIAN_POINT('',(1.1303,1.008,0.0));
#2800=VECTOR('',#3135,1.0);
#2801=COLOUR_RGB('',0.196078434586525,0.196078434586525,0.196078434586525);
#2802=COLOUR_RGB('',0.196078434586525,0.196078434586525,0.196078434586525);
#2803=CARTESIAN_POINT('',(10.16,0.508,1.2065));
#2804=CARTESIAN_POINT('',(10.16,0.0,1.2065));
#2805=CARTESIAN_POINT('',(10.16,2.13125,1.2065));
#2806=VECTOR('',#3136,1.0);
#2807=CARTESIAN_POINT('',(10.16,0.508,-1.2065));
#2808=CARTESIAN_POINT('',(10.16,0.508,0.0));
#2809=VECTOR('',#3137,1.0);
#2810=CARTESIAN_POINT('',(10.16,0.0,-1.2065));
#2811=CARTESIAN_POINT('',(10.16,2.13125,-1.2065));
#2812=VECTOR('',#3138,1.0);
#2813=CARTESIAN_POINT('',(10.16,0.0,0.0));
#2814=VECTOR('',#3139,1.0);
#2815=COLOUR_RGB('',0.196078434586525,0.196078434586525,0.196078434586525);
#2816=CARTESIAN_POINT('',(8.128,0.0,1.2065));
#2817=CARTESIAN_POINT('',(8.128,0.508,1.2065));
#2818=CARTESIAN_POINT('',(8.128,2.13125,1.2065));
#2819=VECTOR('',#3140,1.0);
#2820=CARTESIAN_POINT('',(8.128,0.0,-1.2065));
#2821=CARTESIAN_POINT('',(8.128,0.0,0.0));
#2822=VECTOR('',#3141,1.0);
#2823=CARTESIAN_POINT('',(8.128,0.508,-1.2065));
#2824=CARTESIAN_POINT('',(8.128,2.13125,-1.2065));
#2825=VECTOR('',#3142,1.0);
#2826=CARTESIAN_POINT('',(8.128,0.508,0.0));
#2827=VECTOR('',#3143,1.0);
#2828=COLOUR_RGB('',0.196078434586525,0.196078434586525,0.196078434586525);
#2829=CARTESIAN_POINT('',(7.239,0.508,1.2065));
#2830=VECTOR('',#3144,1.0);
#2831=CARTESIAN_POINT('',(7.239,0.508,-1.2065));
#2832=VECTOR('',#3145,1.0);
#2833=COLOUR_RGB('',0.196078434586525,0.196078434586525,0.196078434586525);
#2834=CARTESIAN_POINT('',(7.62,0.0,-1.2065));
#2835=CARTESIAN_POINT('',(5.334,0.0,-1.2065));
#2836=VECTOR('',#3146,1.0);
#2837=CARTESIAN_POINT('',(7.62,0.508,-1.2065));
#2838=CARTESIAN_POINT('',(7.62,2.13125,-1.2065));
#2839=VECTOR('',#3147,1.0);
#2840=CARTESIAN_POINT('',(5.588,0.508,-1.2065));
#2841=CARTESIAN_POINT('',(5.969,0.508,-1.2065));
#2842=VECTOR('',#3148,1.0);
#2843=CARTESIAN_POINT('',(5.588,0.0,-1.2065));
#2844=CARTESIAN_POINT('',(5.588,2.13125,-1.2065));
#2845=VECTOR('',#3149,1.0);
#2846=CARTESIAN_POINT('',(5.08,0.0,-1.2065));
#2847=CARTESIAN_POINT('',(5.334,0.0,-1.2065));
#2848=VECTOR('',#3150,1.0);
#2849=CARTESIAN_POINT('',(5.08,0.508,-1.2065));
#2850=CARTESIAN_POINT('',(5.08,2.13125,-1.2065));
#2851=VECTOR('',#3151,1.0);
#2852=CARTESIAN_POINT('',(3.048,0.508,-1.2065));
#2853=CARTESIAN_POINT('',(4.699,0.508,-1.2065));
#2854=VECTOR('',#3152,1.0);
#2855=CARTESIAN_POINT('',(3.048,0.0,-1.2065));
#2856=CARTESIAN_POINT('',(3.048,2.13125,-1.2065));
#2857=VECTOR('',#3153,1.0);
#2858=CARTESIAN_POINT('',(2.54,0.0,-1.2065));
#2859=CARTESIAN_POINT('',(5.334,0.0,-1.2065));
#2860=VECTOR('',#3154,1.0);
#2861=CARTESIAN_POINT('',(2.54,0.508,-1.2065));
#2862=CARTESIAN_POINT('',(2.54,2.13125,-1.2065));
#2863=VECTOR('',#3155,1.0);
#2864=CARTESIAN_POINT('',(0.508,0.508,-1.2065));
#2865=CARTESIAN_POINT('',(3.429,0.508,-1.2065));
#2866=VECTOR('',#3156,1.0);
#2867=CARTESIAN_POINT('',(0.508,0.0,-1.2065));
#2868=CARTESIAN_POINT('',(0.508,2.13125,-1.2065));
#2869=VECTOR('',#3157,1.0);
#2870=CARTESIAN_POINT('',(0.0,0.0,-1.2065));
#2871=CARTESIAN_POINT('',(5.334,0.0,-1.2065));
#2872=VECTOR('',#3158,1.0);
#2873=CARTESIAN_POINT('',(0.0,8.509,-1.2065));
#2874=CARTESIAN_POINT('',(0.0,4.2545,-1.2065));
#2875=VECTOR('',#3159,1.0);
#2876=CARTESIAN_POINT('',(10.668,8.509,-1.2065));
#2877=CARTESIAN_POINT('',(5.334,8.509,-1.2065));
#2878=VECTOR('',#3160,1.0);
#2879=CARTESIAN_POINT('',(10.668,0.0,-1.2065));
#2880=CARTESIAN_POINT('',(10.668,4.2545,-1.2065));
#2881=VECTOR('',#3161,1.0);
#2882=CARTESIAN_POINT('',(5.334,0.0,-1.2065));
#2883=VECTOR('',#3162,1.0);
#2884=COLOUR_RGB('',0.196078434586525,0.196078434586525,0.196078434586525);
#2885=CARTESIAN_POINT('',(7.62,0.0,1.2065));
#2886=CARTESIAN_POINT('',(5.334,0.0,1.2065));
#2887=VECTOR('',#3163,1.0);
#2888=CARTESIAN_POINT('',(7.62,0.0,0.0));
#2889=VECTOR('',#3164,1.0);
#2890=COLOUR_RGB('',0.196078434586525,0.196078434586525,0.196078434586525);
#2891=CARTESIAN_POINT('',(10.668,0.0,1.2065));
#2892=CARTESIAN_POINT('',(10.668,0.0,0.0));
#2893=VECTOR('',#3165,1.0);
#2894=CARTESIAN_POINT('',(5.334,0.0,1.2065));
#2895=VECTOR('',#3166,1.0);
#2896=COLOUR_RGB('',0.196078434586525,0.196078434586525,0.196078434586525);
#2897=CARTESIAN_POINT('',(7.62,0.508,1.2065));
#2898=CARTESIAN_POINT('',(7.62,2.13125,1.2065));
#2899=VECTOR('',#3167,1.0);
#2900=CARTESIAN_POINT('',(7.62,0.508,0.0));
#2901=VECTOR('',#3168,1.0);
#2902=COLOUR_RGB('',0.196078434586525,0.196078434586525,0.196078434586525);
#2903=CARTESIAN_POINT('',(5.588,0.0,1.2065));
#2904=CARTESIAN_POINT('',(5.588,0.508,1.2065));
#2905=CARTESIAN_POINT('',(5.588,2.13125,1.2065));
#2906=VECTOR('',#3169,1.0);
#2907=CARTESIAN_POINT('',(5.588,0.0,0.0));
#2908=VECTOR('',#3170,1.0);
#2909=CARTESIAN_POINT('',(5.588,0.508,0.0));
#2910=VECTOR('',#3171,1.0);
#2911=COLOUR_RGB('',0.196078434586525,0.196078434586525,0.196078434586525);
#2912=CARTESIAN_POINT('',(5.969,0.508,1.2065));
#2913=VECTOR('',#3172,1.0);
#2914=COLOUR_RGB('',0.196078434586525,0.196078434586525,0.196078434586525);
#2915=CARTESIAN_POINT('',(5.08,0.0,1.2065));
#2916=CARTESIAN_POINT('',(5.334,0.0,1.2065));
#2917=VECTOR('',#3173,1.0);
#2918=CARTESIAN_POINT('',(5.08,0.0,0.0));
#2919=VECTOR('',#3174,1.0);
#2920=COLOUR_RGB('',0.196078434586525,0.196078434586525,0.196078434586525);
#2921=CARTESIAN_POINT('',(5.08,0.508,1.2065));
#2922=CARTESIAN_POINT('',(5.08,2.13125,1.2065));
#2923=VECTOR('',#3175,1.0);
#2924=CARTESIAN_POINT('',(5.08,0.508,0.0));
#2925=VECTOR('',#3176,1.0);
#2926=COLOUR_RGB('',0.196078434586525,0.196078434586525,0.196078434586525);
#2927=CARTESIAN_POINT('',(3.048,0.0,1.2065));
#2928=CARTESIAN_POINT('',(3.048,0.508,1.2065));
#2929=CARTESIAN_POINT('',(3.048,2.13125,1.2065));
#2930=VECTOR('',#3177,1.0);
#2931=CARTESIAN_POINT('',(3.048,0.0,0.0));
#2932=VECTOR('',#3178,1.0);
#2933=CARTESIAN_POINT('',(3.048,0.508,0.0));
#2934=VECTOR('',#3179,1.0);
#2935=COLOUR_RGB('',0.196078434586525,0.196078434586525,0.196078434586525);
#2936=CARTESIAN_POINT('',(4.699,0.508,1.2065));
#2937=VECTOR('',#3180,1.0);
#2938=COLOUR_RGB('',0.196078434586525,0.196078434586525,0.196078434586525);
#2939=CARTESIAN_POINT('',(2.54,0.0,1.2065));
#2940=CARTESIAN_POINT('',(5.334,0.0,1.2065));
#2941=VECTOR('',#3181,1.0);
#2942=CARTESIAN_POINT('',(2.54,0.0,0.0));
#2943=VECTOR('',#3182,1.0);
#2944=COLOUR_RGB('',0.196078434586525,0.196078434586525,0.196078434586525);
#2945=CARTESIAN_POINT('',(2.54,0.508,1.2065));
#2946=CARTESIAN_POINT('',(2.54,2.13125,1.2065));
#2947=VECTOR('',#3183,1.0);
#2948=CARTESIAN_POINT('',(2.54,0.508,0.0));
#2949=VECTOR('',#3184,1.0);
#2950=COLOUR_RGB('',0.196078434586525,0.196078434586525,0.196078434586525);
#2951=CARTESIAN_POINT('',(0.508,0.0,1.2065));
#2952=CARTESIAN_POINT('',(0.508,0.508,1.2065));
#2953=CARTESIAN_POINT('',(0.508,2.13125,1.2065));
#2954=VECTOR('',#3185,1.0);
#2955=CARTESIAN_POINT('',(0.508,0.0,0.0));
#2956=VECTOR('',#3186,1.0);
#2957=CARTESIAN_POINT('',(0.508,0.508,0.0));
#2958=VECTOR('',#3187,1.0);
#2959=COLOUR_RGB('',0.196078434586525,0.196078434586525,0.196078434586525);
#2960=CARTESIAN_POINT('',(3.429,0.508,1.2065));
#2961=VECTOR('',#3188,1.0);
#2962=COLOUR_RGB('',0.196078434586525,0.196078434586525,0.196078434586525);
#2963=CARTESIAN_POINT('',(0.0,0.0,1.2065));
#2964=CARTESIAN_POINT('',(5.334,0.0,1.2065));
#2965=VECTOR('',#3189,1.0);
#2966=CARTESIAN_POINT('',(0.0,0.0,0.0));
#2967=VECTOR('',#3190,1.0);
#2968=COLOUR_RGB('',0.196078434586525,0.196078434586525,0.196078434586525);
#2969=CARTESIAN_POINT('',(10.668,8.509,1.2065));
#2970=CARTESIAN_POINT('',(10.668,4.2545,1.2065));
#2971=VECTOR('',#3191,1.0);
#2972=CARTESIAN_POINT('',(0.0,8.509,1.2065));
#2973=CARTESIAN_POINT('',(5.334,8.509,1.2065));
#2974=VECTOR('',#3192,1.0);
#2975=CARTESIAN_POINT('',(0.0,4.2545,1.2065));
#2976=VECTOR('',#3193,1.0);
#2977=COLOUR_RGB('',0.196078434586525,0.196078434586525,0.196078434586525);
#2978=CARTESIAN_POINT('',(0.0,8.509,0.0));
#2979=VECTOR('',#3194,1.0);
#2980=COLOUR_RGB('',0.196078434586525,0.196078434586525,0.196078434586525);
#2981=CARTESIAN_POINT('',(10.668,8.509,0.0));
#2982=VECTOR('',#3195,1.0);
#2983=COLOUR_RGB('',0.196078434586525,0.196078434586525,0.196078434586525);
#2984=DIRECTION('',(-1.0,0.0,0.0));
#2985=DIRECTION('',(7.92546835305598E-17,1.0,0.0));
#2986=DIRECTION('',(0.5,0.866025403784439,0.0));
#2987=DIRECTION('',(1.0,0.0,0.0));
#2988=DIRECTION('',(-0.5,0.866025403784439,0.0));
#2989=DIRECTION('',(-7.92546835305598E-17,1.0,0.0));
#2990=DIRECTION('',(0.0,0.0,-1.0));
#2991=DIRECTION('',(-7.92546835305598E-17,-1.0,-0.0));
#2992=DIRECTION('',(0.0,0.0,1.0));
#2993=DIRECTION('',(-1.0,-0.0,-0.0));
#2994=DIRECTION('',(0.0,0.0,1.0));
#2995=DIRECTION('',(0.0,0.0,1.0));
#2996=DIRECTION('',(-0.5,0.866025403784439,0.0));
#2997=DIRECTION('',(0.0,0.0,1.0));
#2998=DIRECTION('',(0.0,0.0,1.0));
#2999=DIRECTION('',(-7.92546835305598E-17,1.0,0.0));
#3000=DIRECTION('',(-0.5,-0.866025403784439,-0.0));
#3001=DIRECTION('',(1.0,0.0,-0.0));
#3002=DIRECTION('',(-1.0,0.0,0.0));
#3003=DIRECTION('',(7.92546835305598E-17,1.0,0.0));
#3004=DIRECTION('',(0.5,0.866025403784439,0.0));
#3005=DIRECTION('',(1.0,0.0,0.0));
#3006=DIRECTION('',(-0.5,0.866025403784439,0.0));
#3007=DIRECTION('',(-7.92546835305598E-17,1.0,0.0));
#3008=DIRECTION('',(0.0,0.0,-1.0));
#3009=DIRECTION('',(-7.92546835305598E-17,-1.0,-0.0));
#3010=DIRECTION('',(0.0,0.0,1.0));
#3011=DIRECTION('',(-1.0,-0.0,-0.0));
#3012=DIRECTION('',(0.0,0.0,1.0));
#3013=DIRECTION('',(0.0,0.0,1.0));
#3014=DIRECTION('',(-0.5,0.866025403784439,0.0));
#3015=DIRECTION('',(0.0,0.0,1.0));
#3016=DIRECTION('',(0.0,0.0,1.0));
#3017=DIRECTION('',(-7.92546835305598E-17,1.0,0.0));
#3018=DIRECTION('',(-0.5,-0.866025403784439,-0.0));
#3019=DIRECTION('',(1.0,0.0,-0.0));
#3020=DIRECTION('',(-1.0,0.0,0.0));
#3021=DIRECTION('',(7.92546835305598E-17,1.0,0.0));
#3022=DIRECTION('',(0.5,0.866025403784439,0.0));
#3023=DIRECTION('',(1.0,0.0,0.0));
#3024=DIRECTION('',(-0.5,0.866025403784439,0.0));
#3025=DIRECTION('',(-7.92546835305598E-17,1.0,0.0));
#3026=DIRECTION('',(0.0,0.0,-1.0));
#3027=DIRECTION('',(-7.92546835305598E-17,-1.0,-0.0));
#3028=DIRECTION('',(0.0,0.0,1.0));
#3029=DIRECTION('',(-1.0,-0.0,-0.0));
#3030=DIRECTION('',(0.0,0.0,1.0));
#3031=DIRECTION('',(0.0,0.0,1.0));
#3032=DIRECTION('',(-0.5,0.866025403784439,0.0));
#3033=DIRECTION('',(0.0,0.0,1.0));
#3034=DIRECTION('',(0.0,0.0,1.0));
#3035=DIRECTION('',(-7.92546835305598E-17,1.0,0.0));
#3036=DIRECTION('',(-0.5,-0.866025403784439,-0.0));
#3037=DIRECTION('',(1.0,0.0,-0.0));
#3038=DIRECTION('',(-1.0,0.0,0.0));
#3039=DIRECTION('',(7.92546835305598E-17,1.0,0.0));
#3040=DIRECTION('',(0.5,0.866025403784439,0.0));
#3041=DIRECTION('',(1.0,0.0,0.0));
#3042=DIRECTION('',(-0.5,0.866025403784439,0.0));
#3043=DIRECTION('',(-7.92546835305598E-17,1.0,0.0));
#3044=DIRECTION('',(0.0,0.0,-1.0));
#3045=DIRECTION('',(-7.92546835305598E-17,-1.0,-0.0));
#3046=DIRECTION('',(0.0,0.0,1.0));
#3047=DIRECTION('',(-1.0,-0.0,-0.0));
#3048=DIRECTION('',(0.0,0.0,1.0));
#3049=DIRECTION('',(0.0,0.0,1.0));
#3050=DIRECTION('',(-0.5,0.866025403784439,0.0));
#3051=DIRECTION('',(0.0,0.0,1.0));
#3052=DIRECTION('',(0.0,0.0,1.0));
#3053=DIRECTION('',(-7.92546835305598E-17,1.0,0.0));
#3054=DIRECTION('',(-0.5,-0.866025403784439,-0.0));
#3055=DIRECTION('',(1.0,0.0,-0.0));
#3056=DIRECTION('',(-0.577350269189626,0.577350269189626,0.577350269189626));
#3057=DIRECTION('',(-1.0,-0.0,-1.83690953073357E-16));
#3058=DIRECTION('',(-0.577350269189626,-0.577350269189626,-0.577350269189626));
#3059=DIRECTION('',(-1.0,1.83690953073357E-16,0.0));
#3060=DIRECTION('',(0.0,0.0,1.0));
#3061=DIRECTION('',(0.577350269189626,0.577350269189626,-0.577350269189626));
#3062=DIRECTION('',(0.0,0.0,1.0));
#3063=DIRECTION('',(0.0,1.22460635382238E-16,-1.0));
#3064=DIRECTION('',(-0.577350269189626,0.577350269189626,-0.577350269189626));
#3065=DIRECTION('',(1.22460635382238E-16,0.0,-1.0));
#3066=DIRECTION('',(1.0,6.12303176911189E-17,0.0));
#3067=DIRECTION('',(1.0,0.0,6.12303176911189E-17));
#3068=DIRECTION('',(0.0,-1.0,0.0));
#3069=DIRECTION('',(0.0,0.0,-1.0));
#3070=DIRECTION('',(0.0,1.0,0.0));
#3071=DIRECTION('',(0.0,1.0,0.0));
#3072=DIRECTION('',(-1.0,0.0,0.0));
#3073=DIRECTION('',(1.0,0.0,0.0));
#3074=DIRECTION('',(0.0,-1.0,0.0));
#3075=DIRECTION('',(0.0,0.0,-1.0));
#3076=DIRECTION('',(-0.577350269189626,0.577350269189626,0.577350269189626));
#3077=DIRECTION('',(-1.0,-0.0,-1.83690953073357E-16));
#3078=DIRECTION('',(-0.577350269189626,-0.577350269189626,-0.577350269189626));
#3079=DIRECTION('',(-1.0,1.83690953073357E-16,0.0));
#3080=DIRECTION('',(0.0,0.0,1.0));
#3081=DIRECTION('',(0.577350269189626,0.577350269189626,-0.577350269189626));
#3082=DIRECTION('',(0.0,0.0,1.0));
#3083=DIRECTION('',(0.0,1.22460635382238E-16,-1.0));
#3084=DIRECTION('',(-0.577350269189626,0.577350269189626,-0.577350269189626));
#3085=DIRECTION('',(1.22460635382238E-16,0.0,-1.0));
#3086=DIRECTION('',(1.0,6.12303176911189E-17,0.0));
#3087=DIRECTION('',(1.0,0.0,6.12303176911189E-17));
#3088=DIRECTION('',(0.0,-1.0,0.0));
#3089=DIRECTION('',(0.0,0.0,-1.0));
#3090=DIRECTION('',(0.0,1.0,0.0));
#3091=DIRECTION('',(0.0,1.0,0.0));
#3092=DIRECTION('',(-1.0,0.0,0.0));
#3093=DIRECTION('',(1.0,0.0,0.0));
#3094=DIRECTION('',(0.0,-1.0,0.0));
#3095=DIRECTION('',(0.0,0.0,-1.0));
#3096=DIRECTION('',(-0.577350269189626,0.577350269189626,0.577350269189626));
#3097=DIRECTION('',(-1.0,-0.0,-1.83690953073357E-16));
#3098=DIRECTION('',(-0.577350269189626,-0.577350269189626,-0.577350269189626));
#3099=DIRECTION('',(-1.0,1.83690953073357E-16,0.0));
#3100=DIRECTION('',(0.0,0.0,1.0));
#3101=DIRECTION('',(0.577350269189626,0.577350269189626,-0.577350269189626));
#3102=DIRECTION('',(0.0,0.0,1.0));
#3103=DIRECTION('',(0.0,1.22460635382238E-16,-1.0));
#3104=DIRECTION('',(-0.577350269189626,0.577350269189626,-0.577350269189626));
#3105=DIRECTION('',(1.22460635382238E-16,0.0,-1.0));
#3106=DIRECTION('',(1.0,6.12303176911189E-17,0.0));
#3107=DIRECTION('',(1.0,0.0,6.12303176911189E-17));
#3108=DIRECTION('',(0.0,-1.0,0.0));
#3109=DIRECTION('',(0.0,0.0,-1.0));
#3110=DIRECTION('',(0.0,1.0,0.0));
#3111=DIRECTION('',(0.0,1.0,0.0));
#3112=DIRECTION('',(-1.0,0.0,0.0));
#3113=DIRECTION('',(1.0,0.0,0.0));
#3114=DIRECTION('',(0.0,-1.0,0.0));
#3115=DIRECTION('',(0.0,0.0,-1.0));
#3116=DIRECTION('',(-0.577350269189626,0.577350269189626,0.577350269189626));
#3117=DIRECTION('',(-1.0,-0.0,-1.83690953073357E-16));
#3118=DIRECTION('',(-0.577350269189626,-0.577350269189626,-0.577350269189626));
#3119=DIRECTION('',(-1.0,1.83690953073357E-16,0.0));
#3120=DIRECTION('',(0.0,0.0,1.0));
#3121=DIRECTION('',(0.577350269189626,0.577350269189626,-0.577350269189626));
#3122=DIRECTION('',(0.0,0.0,1.0));
#3123=DIRECTION('',(0.0,1.22460635382238E-16,-1.0));
#3124=DIRECTION('',(-0.577350269189626,0.577350269189626,-0.577350269189626));
#3125=DIRECTION('',(1.22460635382238E-16,0.0,-1.0));
#3126=DIRECTION('',(1.0,6.12303176911189E-17,-0.0));
#3127=DIRECTION('',(1.0,0.0,6.12303176911189E-17));
#3128=DIRECTION('',(0.0,-1.0,0.0));
#3129=DIRECTION('',(0.0,0.0,-1.0));
#3130=DIRECTION('',(0.0,1.0,0.0));
#3131=DIRECTION('',(0.0,1.0,0.0));
#3132=DIRECTION('',(-1.0,0.0,0.0));
#3133=DIRECTION('',(1.0,0.0,0.0));
#3134=DIRECTION('',(0.0,-1.0,0.0));
#3135=DIRECTION('',(0.0,0.0,-1.0));
#3136=DIRECTION('',(0.0,-1.0,0.0));
#3137=DIRECTION('',(0.0,0.0,-1.0));
#3138=DIRECTION('',(0.0,1.0,-0.0));
#3139=DIRECTION('',(0.0,0.0,-1.0));
#3140=DIRECTION('',(0.0,1.0,0.0));
#3141=DIRECTION('',(0.0,0.0,1.0));
#3142=DIRECTION('',(0.0,-1.0,0.0));
#3143=DIRECTION('',(0.0,0.0,-1.0));
#3144=DIRECTION('',(1.0,0.0,-0.0));
#3145=DIRECTION('',(-1.0,0.0,0.0));
#3146=DIRECTION('',(-1.0,0.0,0.0));
#3147=DIRECTION('',(0.0,1.0,-0.0));
#3148=DIRECTION('',(-1.0,0.0,0.0));
#3149=DIRECTION('',(0.0,-1.0,0.0));
#3150=DIRECTION('',(-1.0,0.0,0.0));
#3151=DIRECTION('',(0.0,1.0,-0.0));
#3152=DIRECTION('',(-1.0,0.0,0.0));
#3153=DIRECTION('',(0.0,-1.0,0.0));
#3154=DIRECTION('',(-1.0,0.0,0.0));
#3155=DIRECTION('',(0.0,1.0,-0.0));
#3156=DIRECTION('',(-1.0,0.0,0.0));
#3157=DIRECTION('',(0.0,-1.0,0.0));
#3158=DIRECTION('',(-1.0,0.0,0.0));
#3159=DIRECTION('',(0.0,1.0,0.0));
#3160=DIRECTION('',(1.0,0.0,0.0));
#3161=DIRECTION('',(0.0,-1.0,0.0));
#3162=DIRECTION('',(-1.0,0.0,0.0));
#3163=DIRECTION('',(1.0,0.0,0.0));
#3164=DIRECTION('',(0.0,0.0,-1.0));
#3165=DIRECTION('',(0.0,0.0,-1.0));
#3166=DIRECTION('',(1.0,0.0,0.0));
#3167=DIRECTION('',(0.0,-1.0,0.0));
#3168=DIRECTION('',(0.0,0.0,-1.0));
#3169=DIRECTION('',(0.0,1.0,0.0));
#3170=DIRECTION('',(0.0,0.0,1.0));
#3171=DIRECTION('',(0.0,0.0,-1.0));
#3172=DIRECTION('',(1.0,0.0,-0.0));
#3173=DIRECTION('',(1.0,0.0,0.0));
#3174=DIRECTION('',(0.0,0.0,-1.0));
#3175=DIRECTION('',(0.0,-1.0,0.0));
#3176=DIRECTION('',(0.0,0.0,-1.0));
#3177=DIRECTION('',(0.0,1.0,0.0));
#3178=DIRECTION('',(0.0,0.0,1.0));
#3179=DIRECTION('',(0.0,0.0,-1.0));
#3180=DIRECTION('',(1.0,0.0,-0.0));
#3181=DIRECTION('',(1.0,0.0,0.0));
#3182=DIRECTION('',(0.0,0.0,-1.0));
#3183=DIRECTION('',(0.0,-1.0,0.0));
#3184=DIRECTION('',(0.0,0.0,-1.0));
#3185=DIRECTION('',(0.0,1.0,0.0));
#3186=DIRECTION('',(0.0,0.0,1.0));
#3187=DIRECTION('',(0.0,0.0,-1.0));
#3188=DIRECTION('',(1.0,0.0,-0.0));
#3189=DIRECTION('',(1.0,0.0,0.0));
#3190=DIRECTION('',(0.0,0.0,-1.0));
#3191=DIRECTION('',(0.0,1.0,0.0));
#3192=DIRECTION('',(-1.0,0.0,0.0));
#3193=DIRECTION('',(0.0,-1.0,0.0));
#3194=DIRECTION('',(0.0,0.0,-1.0));
#3195=DIRECTION('',(0.0,0.0,-1.0));
ENDSEC;
END-ISO-10303-21;
