ISO-10303-21;
HEADER;
FILE_DESCRIPTION(('STEP AP242'),'1');
FILE_NAME('ssw-110-01-l-d.stp','2024-08-05T08:31:04',('TraceParts'),('TraceParts S.A.'),'Spatial InterOp 3D',' ',' ');
FILE_SCHEMA(('AP242_MANAGED_MODEL_BASED_3D_ENGINEERING_MIM_LF  {1 0 10303 442 1 1 4}'));
ENDSEC;
DATA;
#1=MECHANICAL_DESIGN_GEOMETRIC_PRESENTATION_REPRESENTATION(' ',(#10,#11,#12,#13,#14,#15,#16,#17,#18,#19,#20,#21,#22,#23,#24,#25,#26,#27,#28,#29,#30,#31,#32,#33,#34,#35,#36,#37,#38,#39,#40,#41,#42,#43,#44,#45,#46,#47,#48,#49,#50,#51,#52,#53,#54,#55,#56,#57,#58,#59,#60,#61,#62,#63,#64,#65,#66,#67,#68,#69,#70,#71,#72,#73,#74,#75,#76,#77,#78,#79,#80,#81,#82,#83,#84,#85,#86,#87,#88,#89,#90,#91,#92,#93,#94,#95,#96,#97,#98,#99,#100,#101,#102,#103,#104,#105,#106,#107,#108,#109,#110,#111,#112,#113,#114,#115,#116,#117,#118,#119,#120,#121,#122,#123,#124,#125,#126,#127,#128,#129,#130,#131,#132,#133,#134,#135,#136,#137,#138,#139,#140,#141,#142,#143,#144,#145,#146,#147,#148,#149,#150,#151,#152,#153,#154,#155,#156,#157,#158,#159,#160,#161,#162,#163,#164,#165,#166,#167,#168,#169,#170,#171,#172,#173,#174,#175,#176,#177,#178,#179,#180,#181,#182,#183,#184,#185,#186,#187,#188,#189,#190,#191,#192,#193,#194,#195,#196,#197,#198,#199,#200,#201,#202,#203,#204,#205,#206,#207,#208,#209,#210,#211,#212,#213,#214,#215,#216,#217,#218,#219,#220,#221,#222,#223,#224,#225,#226,#227,#228,#229,#230,#231,#232,#233,#234,#235,#236,#237,#238,#239,#240,#241,#242,#243,#244,#245,#246,#247,#248,#249,#250,#251,#252,#253,#254,#255,#256,#257,#258,#259,#260,#261,#262,#263,#264,#265,#266,#267,#268,#269,#270,#271,#272,#273,#274,#275,#276,#277,#278,#279,#280,#281,#282,#283,#284,#285,#286,#287,#288,#289,#290,#291,#292,#293,#294,#295,#296,#297,#298,#299,#300,#301,#302,#303,#304,#305,#306,#307,#308,#309,#310,#311,#312,#313,#314,#315,#316,#317,#318,#319,#320,#321,#322,#323,#324,#325,#326,#327,#328,#329,#330,#331,#332,#333,#334,#335,#336,#337,#338,#339,#340,#341,#342,#343,#344,#345,#346,#347,#348,#349,#350,#351,#352,#353,#354,#355,#356,#357,#358,#359,#360,#361,#362,#363,#364,#365,#366,#367,#368,#369,#370,#371,#372,#373,#374,#375),#6);
#2=PRODUCT_DEFINITION_CONTEXT('',#376,'design');
#3=APPLICATION_PROTOCOL_DEFINITION('INTERNATIONAL STANDARD','ap242_managed_model_based_3d_engineering',2014,#376);
#4=PRODUCT_CATEGORY_RELATIONSHIP('NONE','NONE',#377,#378);
#5=SHAPE_DEFINITION_REPRESENTATION(#379,#380);
#6= (GEOMETRIC_REPRESENTATION_CONTEXT(3)GLOBAL_UNCERTAINTY_ASSIGNED_CONTEXT((#383))GLOBAL_UNIT_ASSIGNED_CONTEXT((#385,#386,#387))REPRESENTATION_CONTEXT('NONE','WORKSPACE'));
#10=STYLED_ITEM('',(#389),#390);
#11=STYLED_ITEM('',(#391),#392);
#12=STYLED_ITEM('',(#393),#394);
#13=STYLED_ITEM('',(#395),#396);
#14=STYLED_ITEM('',(#397),#398);
#15=STYLED_ITEM('',(#399),#400);
#16=STYLED_ITEM('',(#401),#402);
#17=STYLED_ITEM('',(#403),#404);
#18=STYLED_ITEM('',(#405),#406);
#19=STYLED_ITEM('',(#407),#408);
#20=STYLED_ITEM('',(#409),#410);
#21=STYLED_ITEM('',(#411),#412);
#22=STYLED_ITEM('',(#413),#414);
#23=STYLED_ITEM('',(#415),#416);
#24=STYLED_ITEM('',(#417),#418);
#25=STYLED_ITEM('',(#419),#420);
#26=STYLED_ITEM('',(#421),#422);
#27=STYLED_ITEM('',(#423),#424);
#28=STYLED_ITEM('',(#425),#426);
#29=STYLED_ITEM('',(#427),#428);
#30=STYLED_ITEM('',(#429),#430);
#31=STYLED_ITEM('',(#431),#432);
#32=STYLED_ITEM('',(#433),#434);
#33=STYLED_ITEM('',(#435),#436);
#34=STYLED_ITEM('',(#437),#438);
#35=STYLED_ITEM('',(#439),#440);
#36=STYLED_ITEM('',(#441),#442);
#37=STYLED_ITEM('',(#443),#444);
#38=STYLED_ITEM('',(#445),#446);
#39=STYLED_ITEM('',(#447),#448);
#40=STYLED_ITEM('',(#449),#450);
#41=STYLED_ITEM('',(#451),#452);
#42=STYLED_ITEM('',(#453),#454);
#43=STYLED_ITEM('',(#455),#456);
#44=STYLED_ITEM('',(#457),#458);
#45=STYLED_ITEM('',(#459),#460);
#46=STYLED_ITEM('',(#461),#462);
#47=STYLED_ITEM('',(#463),#464);
#48=STYLED_ITEM('',(#465),#466);
#49=STYLED_ITEM('',(#467),#468);
#50=STYLED_ITEM('',(#469),#470);
#51=STYLED_ITEM('',(#471),#472);
#52=STYLED_ITEM('',(#473),#474);
#53=STYLED_ITEM('',(#475),#476);
#54=STYLED_ITEM('',(#477),#478);
#55=STYLED_ITEM('',(#479),#480);
#56=STYLED_ITEM('',(#481),#482);
#57=STYLED_ITEM('',(#483),#484);
#58=STYLED_ITEM('',(#485),#486);
#59=STYLED_ITEM('',(#487),#488);
#60=STYLED_ITEM('',(#489),#490);
#61=STYLED_ITEM('',(#491),#492);
#62=STYLED_ITEM('',(#493),#494);
#63=STYLED_ITEM('',(#495),#496);
#64=STYLED_ITEM('',(#497),#498);
#65=STYLED_ITEM('',(#499),#500);
#66=STYLED_ITEM('',(#501),#502);
#67=STYLED_ITEM('',(#503),#504);
#68=STYLED_ITEM('',(#505),#506);
#69=STYLED_ITEM('',(#507),#508);
#70=STYLED_ITEM('',(#509),#510);
#71=STYLED_ITEM('',(#511),#512);
#72=STYLED_ITEM('',(#513),#514);
#73=STYLED_ITEM('',(#515),#516);
#74=STYLED_ITEM('',(#517),#518);
#75=STYLED_ITEM('',(#519),#520);
#76=STYLED_ITEM('',(#521),#522);
#77=STYLED_ITEM('',(#523),#524);
#78=STYLED_ITEM('',(#525),#526);
#79=STYLED_ITEM('',(#527),#528);
#80=STYLED_ITEM('',(#529),#530);
#81=STYLED_ITEM('',(#531),#532);
#82=STYLED_ITEM('',(#533),#534);
#83=STYLED_ITEM('',(#535),#536);
#84=STYLED_ITEM('',(#537),#538);
#85=STYLED_ITEM('',(#539),#540);
#86=STYLED_ITEM('',(#541),#542);
#87=STYLED_ITEM('',(#543),#544);
#88=STYLED_ITEM('',(#545),#546);
#89=STYLED_ITEM('',(#547),#548);
#90=STYLED_ITEM('',(#549),#550);
#91=STYLED_ITEM('',(#551),#552);
#92=STYLED_ITEM('',(#553),#554);
#93=STYLED_ITEM('',(#555),#556);
#94=STYLED_ITEM('',(#557),#558);
#95=STYLED_ITEM('',(#559),#560);
#96=STYLED_ITEM('',(#561),#562);
#97=STYLED_ITEM('',(#563),#564);
#98=STYLED_ITEM('',(#565),#566);
#99=STYLED_ITEM('',(#567),#568);
#100=STYLED_ITEM('',(#569),#570);
#101=STYLED_ITEM('',(#571),#572);
#102=STYLED_ITEM('',(#573),#574);
#103=STYLED_ITEM('',(#575),#576);
#104=STYLED_ITEM('',(#577),#578);
#105=STYLED_ITEM('',(#579),#580);
#106=STYLED_ITEM('',(#581),#582);
#107=STYLED_ITEM('',(#583),#584);
#108=STYLED_ITEM('',(#585),#586);
#109=STYLED_ITEM('',(#587),#588);
#110=STYLED_ITEM('',(#589),#590);
#111=STYLED_ITEM('',(#591),#592);
#112=STYLED_ITEM('',(#593),#594);
#113=STYLED_ITEM('',(#595),#596);
#114=STYLED_ITEM('',(#597),#598);
#115=STYLED_ITEM('',(#599),#600);
#116=STYLED_ITEM('',(#601),#602);
#117=STYLED_ITEM('',(#603),#604);
#118=STYLED_ITEM('',(#605),#606);
#119=STYLED_ITEM('',(#607),#608);
#120=STYLED_ITEM('',(#609),#610);
#121=STYLED_ITEM('',(#611),#612);
#122=STYLED_ITEM('',(#613),#614);
#123=STYLED_ITEM('',(#615),#616);
#124=STYLED_ITEM('',(#617),#618);
#125=STYLED_ITEM('',(#619),#620);
#126=STYLED_ITEM('',(#621),#622);
#127=STYLED_ITEM('',(#623),#624);
#128=STYLED_ITEM('',(#625),#626);
#129=STYLED_ITEM('',(#627),#628);
#130=STYLED_ITEM('',(#629),#630);
#131=STYLED_ITEM('',(#631),#632);
#132=STYLED_ITEM('',(#633),#634);
#133=STYLED_ITEM('',(#635),#636);
#134=STYLED_ITEM('',(#637),#638);
#135=STYLED_ITEM('',(#639),#640);
#136=STYLED_ITEM('',(#641),#642);
#137=STYLED_ITEM('',(#643),#644);
#138=STYLED_ITEM('',(#645),#646);
#139=STYLED_ITEM('',(#647),#648);
#140=STYLED_ITEM('',(#649),#650);
#141=STYLED_ITEM('',(#651),#652);
#142=STYLED_ITEM('',(#653),#654);
#143=STYLED_ITEM('',(#655),#656);
#144=STYLED_ITEM('',(#657),#658);
#145=STYLED_ITEM('',(#659),#660);
#146=STYLED_ITEM('',(#661),#662);
#147=STYLED_ITEM('',(#663),#664);
#148=STYLED_ITEM('',(#665),#666);
#149=STYLED_ITEM('',(#667),#668);
#150=STYLED_ITEM('',(#669),#670);
#151=STYLED_ITEM('',(#671),#672);
#152=STYLED_ITEM('',(#673),#674);
#153=STYLED_ITEM('',(#675),#676);
#154=STYLED_ITEM('',(#677),#678);
#155=STYLED_ITEM('',(#679),#680);
#156=STYLED_ITEM('',(#681),#682);
#157=STYLED_ITEM('',(#683),#684);
#158=STYLED_ITEM('',(#685),#686);
#159=STYLED_ITEM('',(#687),#688);
#160=STYLED_ITEM('',(#689),#690);
#161=STYLED_ITEM('',(#691),#692);
#162=STYLED_ITEM('',(#693),#694);
#163=STYLED_ITEM('',(#695),#696);
#164=STYLED_ITEM('',(#697),#698);
#165=STYLED_ITEM('',(#699),#700);
#166=STYLED_ITEM('',(#701),#702);
#167=STYLED_ITEM('',(#703),#704);
#168=STYLED_ITEM('',(#705),#706);
#169=STYLED_ITEM('',(#707),#708);
#170=STYLED_ITEM('',(#709),#710);
#171=STYLED_ITEM('',(#711),#712);
#172=STYLED_ITEM('',(#713),#714);
#173=STYLED_ITEM('',(#715),#716);
#174=STYLED_ITEM('',(#717),#718);
#175=STYLED_ITEM('',(#719),#720);
#176=STYLED_ITEM('',(#721),#722);
#177=STYLED_ITEM('',(#723),#724);
#178=STYLED_ITEM('',(#725),#726);
#179=STYLED_ITEM('',(#727),#728);
#180=STYLED_ITEM('',(#729),#730);
#181=STYLED_ITEM('',(#731),#732);
#182=STYLED_ITEM('',(#733),#734);
#183=STYLED_ITEM('',(#735),#736);
#184=STYLED_ITEM('',(#737),#738);
#185=STYLED_ITEM('',(#739),#740);
#186=STYLED_ITEM('',(#741),#742);
#187=STYLED_ITEM('',(#743),#744);
#188=STYLED_ITEM('',(#745),#746);
#189=STYLED_ITEM('',(#747),#748);
#190=STYLED_ITEM('',(#749),#750);
#191=STYLED_ITEM('',(#751),#752);
#192=STYLED_ITEM('',(#753),#754);
#193=STYLED_ITEM('',(#755),#756);
#194=STYLED_ITEM('',(#757),#758);
#195=STYLED_ITEM('',(#759),#760);
#196=STYLED_ITEM('',(#761),#762);
#197=STYLED_ITEM('',(#763),#764);
#198=STYLED_ITEM('',(#765),#766);
#199=STYLED_ITEM('',(#767),#768);
#200=STYLED_ITEM('',(#769),#770);
#201=STYLED_ITEM('',(#771),#772);
#202=STYLED_ITEM('',(#773),#774);
#203=STYLED_ITEM('',(#775),#776);
#204=STYLED_ITEM('',(#777),#778);
#205=STYLED_ITEM('',(#779),#780);
#206=STYLED_ITEM('',(#781),#782);
#207=STYLED_ITEM('',(#783),#784);
#208=STYLED_ITEM('',(#785),#786);
#209=STYLED_ITEM('',(#787),#788);
#210=STYLED_ITEM('',(#789),#790);
#211=STYLED_ITEM('',(#791),#792);
#212=STYLED_ITEM('',(#793),#794);
#213=STYLED_ITEM('',(#795),#796);
#214=STYLED_ITEM('',(#797),#798);
#215=STYLED_ITEM('',(#799),#800);
#216=STYLED_ITEM('',(#801),#802);
#217=STYLED_ITEM('',(#803),#804);
#218=STYLED_ITEM('',(#805),#806);
#219=STYLED_ITEM('',(#807),#808);
#220=STYLED_ITEM('',(#809),#810);
#221=STYLED_ITEM('',(#811),#812);
#222=STYLED_ITEM('',(#813),#814);
#223=STYLED_ITEM('',(#815),#816);
#224=STYLED_ITEM('',(#817),#818);
#225=STYLED_ITEM('',(#819),#820);
#226=STYLED_ITEM('',(#821),#822);
#227=STYLED_ITEM('',(#823),#824);
#228=STYLED_ITEM('',(#825),#826);
#229=STYLED_ITEM('',(#827),#828);
#230=STYLED_ITEM('',(#829),#830);
#231=STYLED_ITEM('',(#831),#832);
#232=STYLED_ITEM('',(#833),#834);
#233=STYLED_ITEM('',(#835),#836);
#234=STYLED_ITEM('',(#837),#838);
#235=STYLED_ITEM('',(#839),#840);
#236=STYLED_ITEM('',(#841),#842);
#237=STYLED_ITEM('',(#843),#844);
#238=STYLED_ITEM('',(#845),#846);
#239=STYLED_ITEM('',(#847),#848);
#240=STYLED_ITEM('',(#849),#850);
#241=STYLED_ITEM('',(#851),#852);
#242=STYLED_ITEM('',(#853),#854);
#243=STYLED_ITEM('',(#855),#856);
#244=STYLED_ITEM('',(#857),#858);
#245=STYLED_ITEM('',(#859),#860);
#246=STYLED_ITEM('',(#861),#862);
#247=STYLED_ITEM('',(#863),#864);
#248=STYLED_ITEM('',(#865),#866);
#249=STYLED_ITEM('',(#867),#868);
#250=STYLED_ITEM('',(#869),#870);
#251=STYLED_ITEM('',(#871),#872);
#252=STYLED_ITEM('',(#873),#874);
#253=STYLED_ITEM('',(#875),#876);
#254=STYLED_ITEM('',(#877),#878);
#255=STYLED_ITEM('',(#879),#880);
#256=STYLED_ITEM('',(#881),#882);
#257=STYLED_ITEM('',(#883),#884);
#258=STYLED_ITEM('',(#885),#886);
#259=STYLED_ITEM('',(#887),#888);
#260=STYLED_ITEM('',(#889),#890);
#261=STYLED_ITEM('',(#891),#892);
#262=STYLED_ITEM('',(#893),#894);
#263=STYLED_ITEM('',(#895),#896);
#264=STYLED_ITEM('',(#897),#898);
#265=STYLED_ITEM('',(#899),#900);
#266=STYLED_ITEM('',(#901),#902);
#267=STYLED_ITEM('',(#903),#904);
#268=STYLED_ITEM('',(#905),#906);
#269=STYLED_ITEM('',(#907),#908);
#270=STYLED_ITEM('',(#909),#910);
#271=STYLED_ITEM('',(#911),#912);
#272=STYLED_ITEM('',(#913),#914);
#273=STYLED_ITEM('',(#915),#916);
#274=STYLED_ITEM('',(#917),#918);
#275=STYLED_ITEM('',(#919),#920);
#276=STYLED_ITEM('',(#921),#922);
#277=STYLED_ITEM('',(#923),#924);
#278=STYLED_ITEM('',(#925),#926);
#279=STYLED_ITEM('',(#927),#928);
#280=STYLED_ITEM('',(#929),#930);
#281=STYLED_ITEM('',(#931),#932);
#282=STYLED_ITEM('',(#933),#934);
#283=STYLED_ITEM('',(#935),#936);
#284=STYLED_ITEM('',(#937),#938);
#285=STYLED_ITEM('',(#939),#940);
#286=STYLED_ITEM('',(#941),#942);
#287=STYLED_ITEM('',(#943),#944);
#288=STYLED_ITEM('',(#945),#946);
#289=STYLED_ITEM('',(#947),#948);
#290=STYLED_ITEM('',(#949),#950);
#291=STYLED_ITEM('',(#951),#952);
#292=STYLED_ITEM('',(#953),#954);
#293=STYLED_ITEM('',(#955),#956);
#294=STYLED_ITEM('',(#957),#958);
#295=STYLED_ITEM('',(#959),#960);
#296=STYLED_ITEM('',(#961),#962);
#297=STYLED_ITEM('',(#963),#964);
#298=STYLED_ITEM('',(#965),#966);
#299=STYLED_ITEM('',(#967),#968);
#300=STYLED_ITEM('',(#969),#970);
#301=STYLED_ITEM('',(#971),#972);
#302=STYLED_ITEM('',(#973),#974);
#303=STYLED_ITEM('',(#975),#976);
#304=STYLED_ITEM('',(#977),#978);
#305=STYLED_ITEM('',(#979),#980);
#306=STYLED_ITEM('',(#981),#982);
#307=STYLED_ITEM('',(#983),#984);
#308=STYLED_ITEM('',(#985),#986);
#309=STYLED_ITEM('',(#987),#988);
#310=STYLED_ITEM('',(#989),#990);
#311=STYLED_ITEM('',(#991),#992);
#312=STYLED_ITEM('',(#993),#994);
#313=STYLED_ITEM('',(#995),#996);
#314=STYLED_ITEM('',(#997),#998);
#315=STYLED_ITEM('',(#999),#1000);
#316=STYLED_ITEM('',(#1001),#1002);
#317=STYLED_ITEM('',(#1003),#1004);
#318=STYLED_ITEM('',(#1005),#1006);
#319=STYLED_ITEM('',(#1007),#1008);
#320=STYLED_ITEM('',(#1009),#1010);
#321=STYLED_ITEM('',(#1011),#1012);
#322=STYLED_ITEM('',(#1013),#1014);
#323=STYLED_ITEM('',(#1015),#1016);
#324=STYLED_ITEM('',(#1017),#1018);
#325=STYLED_ITEM('',(#1019),#1020);
#326=STYLED_ITEM('',(#1021),#1022);
#327=STYLED_ITEM('',(#1023),#1024);
#328=STYLED_ITEM('',(#1025),#1026);
#329=STYLED_ITEM('',(#1027),#1028);
#330=STYLED_ITEM('',(#1029),#1030);
#331=STYLED_ITEM('',(#1031),#1032);
#332=STYLED_ITEM('',(#1033),#1034);
#333=STYLED_ITEM('',(#1035),#1036);
#334=STYLED_ITEM('',(#1037),#1038);
#335=STYLED_ITEM('',(#1039),#1040);
#336=STYLED_ITEM('',(#1041),#1042);
#337=STYLED_ITEM('',(#1043),#1044);
#338=STYLED_ITEM('',(#1045),#1046);
#339=STYLED_ITEM('',(#1047),#1048);
#340=STYLED_ITEM('',(#1049),#1050);
#341=STYLED_ITEM('',(#1051),#1052);
#342=STYLED_ITEM('',(#1053),#1054);
#343=STYLED_ITEM('',(#1055),#1056);
#344=STYLED_ITEM('',(#1057),#1058);
#345=STYLED_ITEM('',(#1059),#1060);
#346=STYLED_ITEM('',(#1061),#1062);
#347=STYLED_ITEM('',(#1063),#1064);
#348=STYLED_ITEM('',(#1065),#1066);
#349=STYLED_ITEM('',(#1067),#1068);
#350=STYLED_ITEM('',(#1069),#1070);
#351=STYLED_ITEM('',(#1071),#1072);
#352=STYLED_ITEM('',(#1073),#1074);
#353=STYLED_ITEM('',(#1075),#1076);
#354=STYLED_ITEM('',(#1077),#1078);
#355=STYLED_ITEM('',(#1079),#1080);
#356=STYLED_ITEM('',(#1081),#1082);
#357=STYLED_ITEM('',(#1083),#1084);
#358=STYLED_ITEM('',(#1085),#1086);
#359=STYLED_ITEM('',(#1087),#1088);
#360=STYLED_ITEM('',(#1089),#1090);
#361=STYLED_ITEM('',(#1091),#1092);
#362=STYLED_ITEM('',(#1093),#1094);
#363=STYLED_ITEM('',(#1095),#1096);
#364=STYLED_ITEM('',(#1097),#1098);
#365=STYLED_ITEM('',(#1099),#1100);
#366=STYLED_ITEM('',(#1101),#1102);
#367=STYLED_ITEM('',(#1103),#1104);
#368=STYLED_ITEM('',(#1105),#1106);
#369=STYLED_ITEM('',(#1107),#1108);
#370=STYLED_ITEM('',(#1109),#1110);
#371=STYLED_ITEM('',(#1111),#1112);
#372=STYLED_ITEM('',(#1113),#1114);
#373=STYLED_ITEM('',(#1115),#1116);
#374=STYLED_ITEM('',(#1117),#1118);
#375=STYLED_ITEM('',(#1119),#1120);
#376=APPLICATION_CONTEXT('managed model based 3d engineering');
#377=PRODUCT_CATEGORY('part','NONE');
#378=PRODUCT_RELATED_PRODUCT_CATEGORY('detail',' ',(#1121));
#379=PRODUCT_DEFINITION_SHAPE('NONE','NONE',#1122);
#380=ADVANCED_BREP_SHAPE_REPRESENTATION('ssw-110-01-l-d',(#1123,#1124),#6);
#383=UNCERTAINTY_MEASURE_WITH_UNIT(LENGTH_MEASURE(1.0E-06),#385,'','');
#385= (CONVERSION_BASED_UNIT('MILLIMETRE',#1127)LENGTH_UNIT()NAMED_UNIT(#1130));
#386= (NAMED_UNIT(#1132)PLANE_ANGLE_UNIT()SI_UNIT($,.RADIAN.));
#387= (NAMED_UNIT(#1132)SOLID_ANGLE_UNIT()SI_UNIT($,.STERADIAN.));
#389=PRESENTATION_STYLE_ASSIGNMENT((#1138));
#390=ADVANCED_FACE('',(#1139),#1140,.F.);
#391=PRESENTATION_STYLE_ASSIGNMENT((#1141));
#392=ADVANCED_FACE('',(#1142),#1143,.T.);
#393=PRESENTATION_STYLE_ASSIGNMENT((#1144));
#394=ADVANCED_FACE('',(#1145),#1146,.T.);
#395=PRESENTATION_STYLE_ASSIGNMENT((#1147));
#396=ADVANCED_FACE('',(#1148),#1149,.T.);
#397=PRESENTATION_STYLE_ASSIGNMENT((#1150));
#398=ADVANCED_FACE('',(#1151),#1152,.T.);
#399=PRESENTATION_STYLE_ASSIGNMENT((#1153));
#400=ADVANCED_FACE('',(#1154),#1155,.T.);
#401=PRESENTATION_STYLE_ASSIGNMENT((#1156));
#402=ADVANCED_FACE('',(#1157),#1158,.T.);
#403=PRESENTATION_STYLE_ASSIGNMENT((#1159));
#404=ADVANCED_FACE('',(#1160),#1161,.F.);
#405=PRESENTATION_STYLE_ASSIGNMENT((#1162));
#406=ADVANCED_FACE('',(#1163),#1164,.T.);
#407=PRESENTATION_STYLE_ASSIGNMENT((#1165));
#408=ADVANCED_FACE('',(#1166),#1167,.T.);
#409=PRESENTATION_STYLE_ASSIGNMENT((#1168));
#410=ADVANCED_FACE('',(#1169),#1170,.T.);
#411=PRESENTATION_STYLE_ASSIGNMENT((#1171));
#412=ADVANCED_FACE('',(#1172),#1173,.T.);
#413=PRESENTATION_STYLE_ASSIGNMENT((#1174));
#414=ADVANCED_FACE('',(#1175),#1176,.T.);
#415=PRESENTATION_STYLE_ASSIGNMENT((#1177));
#416=ADVANCED_FACE('',(#1178),#1179,.T.);
#417=PRESENTATION_STYLE_ASSIGNMENT((#1180));
#418=ADVANCED_FACE('',(#1181),#1182,.F.);
#419=PRESENTATION_STYLE_ASSIGNMENT((#1183));
#420=ADVANCED_FACE('',(#1184),#1185,.T.);
#421=PRESENTATION_STYLE_ASSIGNMENT((#1186));
#422=ADVANCED_FACE('',(#1187),#1188,.T.);
#423=PRESENTATION_STYLE_ASSIGNMENT((#1189));
#424=ADVANCED_FACE('',(#1190),#1191,.T.);
#425=PRESENTATION_STYLE_ASSIGNMENT((#1192));
#426=ADVANCED_FACE('',(#1193),#1194,.T.);
#427=PRESENTATION_STYLE_ASSIGNMENT((#1195));
#428=ADVANCED_FACE('',(#1196),#1197,.T.);
#429=PRESENTATION_STYLE_ASSIGNMENT((#1198));
#430=ADVANCED_FACE('',(#1199),#1200,.T.);
#431=PRESENTATION_STYLE_ASSIGNMENT((#1201));
#432=ADVANCED_FACE('',(#1202),#1203,.F.);
#433=PRESENTATION_STYLE_ASSIGNMENT((#1204));
#434=ADVANCED_FACE('',(#1205),#1206,.T.);
#435=PRESENTATION_STYLE_ASSIGNMENT((#1207));
#436=ADVANCED_FACE('',(#1208),#1209,.T.);
#437=PRESENTATION_STYLE_ASSIGNMENT((#1210));
#438=ADVANCED_FACE('',(#1211),#1212,.T.);
#439=PRESENTATION_STYLE_ASSIGNMENT((#1213));
#440=ADVANCED_FACE('',(#1214),#1215,.T.);
#441=PRESENTATION_STYLE_ASSIGNMENT((#1216));
#442=ADVANCED_FACE('',(#1217),#1218,.T.);
#443=PRESENTATION_STYLE_ASSIGNMENT((#1219));
#444=ADVANCED_FACE('',(#1220),#1221,.T.);
#445=PRESENTATION_STYLE_ASSIGNMENT((#1222));
#446=ADVANCED_FACE('',(#1223),#1224,.F.);
#447=PRESENTATION_STYLE_ASSIGNMENT((#1225));
#448=ADVANCED_FACE('',(#1226),#1227,.T.);
#449=PRESENTATION_STYLE_ASSIGNMENT((#1228));
#450=ADVANCED_FACE('',(#1229),#1230,.T.);
#451=PRESENTATION_STYLE_ASSIGNMENT((#1231));
#452=ADVANCED_FACE('',(#1232),#1233,.T.);
#453=PRESENTATION_STYLE_ASSIGNMENT((#1234));
#454=ADVANCED_FACE('',(#1235),#1236,.T.);
#455=PRESENTATION_STYLE_ASSIGNMENT((#1237));
#456=ADVANCED_FACE('',(#1238),#1239,.T.);
#457=PRESENTATION_STYLE_ASSIGNMENT((#1240));
#458=ADVANCED_FACE('',(#1241),#1242,.T.);
#459=PRESENTATION_STYLE_ASSIGNMENT((#1243));
#460=ADVANCED_FACE('',(#1244),#1245,.F.);
#461=PRESENTATION_STYLE_ASSIGNMENT((#1246));
#462=ADVANCED_FACE('',(#1247),#1248,.T.);
#463=PRESENTATION_STYLE_ASSIGNMENT((#1249));
#464=ADVANCED_FACE('',(#1250),#1251,.T.);
#465=PRESENTATION_STYLE_ASSIGNMENT((#1252));
#466=ADVANCED_FACE('',(#1253),#1254,.T.);
#467=PRESENTATION_STYLE_ASSIGNMENT((#1255));
#468=ADVANCED_FACE('',(#1256),#1257,.T.);
#469=PRESENTATION_STYLE_ASSIGNMENT((#1258));
#470=ADVANCED_FACE('',(#1259),#1260,.T.);
#471=PRESENTATION_STYLE_ASSIGNMENT((#1261));
#472=ADVANCED_FACE('',(#1262),#1263,.T.);
#473=PRESENTATION_STYLE_ASSIGNMENT((#1264));
#474=ADVANCED_FACE('',(#1265),#1266,.F.);
#475=PRESENTATION_STYLE_ASSIGNMENT((#1267));
#476=ADVANCED_FACE('',(#1268),#1269,.T.);
#477=PRESENTATION_STYLE_ASSIGNMENT((#1270));
#478=ADVANCED_FACE('',(#1271),#1272,.T.);
#479=PRESENTATION_STYLE_ASSIGNMENT((#1273));
#480=ADVANCED_FACE('',(#1274),#1275,.T.);
#481=PRESENTATION_STYLE_ASSIGNMENT((#1276));
#482=ADVANCED_FACE('',(#1277),#1278,.T.);
#483=PRESENTATION_STYLE_ASSIGNMENT((#1279));
#484=ADVANCED_FACE('',(#1280),#1281,.T.);
#485=PRESENTATION_STYLE_ASSIGNMENT((#1282));
#486=ADVANCED_FACE('',(#1283),#1284,.T.);
#487=PRESENTATION_STYLE_ASSIGNMENT((#1285));
#488=ADVANCED_FACE('',(#1286),#1287,.F.);
#489=PRESENTATION_STYLE_ASSIGNMENT((#1288));
#490=ADVANCED_FACE('',(#1289),#1290,.T.);
#491=PRESENTATION_STYLE_ASSIGNMENT((#1291));
#492=ADVANCED_FACE('',(#1292),#1293,.T.);
#493=PRESENTATION_STYLE_ASSIGNMENT((#1294));
#494=ADVANCED_FACE('',(#1295),#1296,.T.);
#495=PRESENTATION_STYLE_ASSIGNMENT((#1297));
#496=ADVANCED_FACE('',(#1298),#1299,.T.);
#497=PRESENTATION_STYLE_ASSIGNMENT((#1300));
#498=ADVANCED_FACE('',(#1301),#1302,.T.);
#499=PRESENTATION_STYLE_ASSIGNMENT((#1303));
#500=ADVANCED_FACE('',(#1304),#1305,.T.);
#501=PRESENTATION_STYLE_ASSIGNMENT((#1306));
#502=ADVANCED_FACE('',(#1307),#1308,.F.);
#503=PRESENTATION_STYLE_ASSIGNMENT((#1309));
#504=ADVANCED_FACE('',(#1310),#1311,.T.);
#505=PRESENTATION_STYLE_ASSIGNMENT((#1312));
#506=ADVANCED_FACE('',(#1313),#1314,.T.);
#507=PRESENTATION_STYLE_ASSIGNMENT((#1315));
#508=ADVANCED_FACE('',(#1316),#1317,.T.);
#509=PRESENTATION_STYLE_ASSIGNMENT((#1318));
#510=ADVANCED_FACE('',(#1319),#1320,.T.);
#511=PRESENTATION_STYLE_ASSIGNMENT((#1321));
#512=ADVANCED_FACE('',(#1322),#1323,.T.);
#513=PRESENTATION_STYLE_ASSIGNMENT((#1324));
#514=ADVANCED_FACE('',(#1325),#1326,.T.);
#515=PRESENTATION_STYLE_ASSIGNMENT((#1327));
#516=ADVANCED_FACE('',(#1328),#1329,.F.);
#517=PRESENTATION_STYLE_ASSIGNMENT((#1330));
#518=ADVANCED_FACE('',(#1331),#1332,.T.);
#519=PRESENTATION_STYLE_ASSIGNMENT((#1333));
#520=ADVANCED_FACE('',(#1334),#1335,.T.);
#521=PRESENTATION_STYLE_ASSIGNMENT((#1336));
#522=ADVANCED_FACE('',(#1337),#1338,.T.);
#523=PRESENTATION_STYLE_ASSIGNMENT((#1339));
#524=ADVANCED_FACE('',(#1340),#1341,.T.);
#525=PRESENTATION_STYLE_ASSIGNMENT((#1342));
#526=ADVANCED_FACE('',(#1343),#1344,.T.);
#527=PRESENTATION_STYLE_ASSIGNMENT((#1345));
#528=ADVANCED_FACE('',(#1346),#1347,.T.);
#529=PRESENTATION_STYLE_ASSIGNMENT((#1348));
#530=ADVANCED_FACE('',(#1349),#1350,.F.);
#531=PRESENTATION_STYLE_ASSIGNMENT((#1351));
#532=ADVANCED_FACE('',(#1352),#1353,.T.);
#533=PRESENTATION_STYLE_ASSIGNMENT((#1354));
#534=ADVANCED_FACE('',(#1355),#1356,.T.);
#535=PRESENTATION_STYLE_ASSIGNMENT((#1357));
#536=ADVANCED_FACE('',(#1358),#1359,.T.);
#537=PRESENTATION_STYLE_ASSIGNMENT((#1360));
#538=ADVANCED_FACE('',(#1361),#1362,.T.);
#539=PRESENTATION_STYLE_ASSIGNMENT((#1363));
#540=ADVANCED_FACE('',(#1364),#1365,.T.);
#541=PRESENTATION_STYLE_ASSIGNMENT((#1366));
#542=ADVANCED_FACE('',(#1367),#1368,.T.);
#543=PRESENTATION_STYLE_ASSIGNMENT((#1369));
#544=ADVANCED_FACE('',(#1370),#1371,.F.);
#545=PRESENTATION_STYLE_ASSIGNMENT((#1372));
#546=ADVANCED_FACE('',(#1373),#1374,.T.);
#547=PRESENTATION_STYLE_ASSIGNMENT((#1375));
#548=ADVANCED_FACE('',(#1376),#1377,.T.);
#549=PRESENTATION_STYLE_ASSIGNMENT((#1378));
#550=ADVANCED_FACE('',(#1379),#1380,.T.);
#551=PRESENTATION_STYLE_ASSIGNMENT((#1381));
#552=ADVANCED_FACE('',(#1382),#1383,.T.);
#553=PRESENTATION_STYLE_ASSIGNMENT((#1384));
#554=ADVANCED_FACE('',(#1385),#1386,.T.);
#555=PRESENTATION_STYLE_ASSIGNMENT((#1387));
#556=ADVANCED_FACE('',(#1388),#1389,.T.);
#557=PRESENTATION_STYLE_ASSIGNMENT((#1390));
#558=ADVANCED_FACE('',(#1391),#1392,.F.);
#559=PRESENTATION_STYLE_ASSIGNMENT((#1393));
#560=ADVANCED_FACE('',(#1394),#1395,.T.);
#561=PRESENTATION_STYLE_ASSIGNMENT((#1396));
#562=ADVANCED_FACE('',(#1397),#1398,.T.);
#563=PRESENTATION_STYLE_ASSIGNMENT((#1399));
#564=ADVANCED_FACE('',(#1400),#1401,.T.);
#565=PRESENTATION_STYLE_ASSIGNMENT((#1402));
#566=ADVANCED_FACE('',(#1403),#1404,.T.);
#567=PRESENTATION_STYLE_ASSIGNMENT((#1405));
#568=ADVANCED_FACE('',(#1406),#1407,.T.);
#569=PRESENTATION_STYLE_ASSIGNMENT((#1408));
#570=ADVANCED_FACE('',(#1409),#1410,.T.);
#571=PRESENTATION_STYLE_ASSIGNMENT((#1411));
#572=ADVANCED_FACE('',(#1412),#1413,.F.);
#573=PRESENTATION_STYLE_ASSIGNMENT((#1414));
#574=ADVANCED_FACE('',(#1415),#1416,.T.);
#575=PRESENTATION_STYLE_ASSIGNMENT((#1417));
#576=ADVANCED_FACE('',(#1418),#1419,.T.);
#577=PRESENTATION_STYLE_ASSIGNMENT((#1420));
#578=ADVANCED_FACE('',(#1421),#1422,.T.);
#579=PRESENTATION_STYLE_ASSIGNMENT((#1423));
#580=ADVANCED_FACE('',(#1424),#1425,.T.);
#581=PRESENTATION_STYLE_ASSIGNMENT((#1426));
#582=ADVANCED_FACE('',(#1427),#1428,.T.);
#583=PRESENTATION_STYLE_ASSIGNMENT((#1429));
#584=ADVANCED_FACE('',(#1430),#1431,.T.);
#585=PRESENTATION_STYLE_ASSIGNMENT((#1432));
#586=ADVANCED_FACE('',(#1433),#1434,.F.);
#587=PRESENTATION_STYLE_ASSIGNMENT((#1435));
#588=ADVANCED_FACE('',(#1436),#1437,.T.);
#589=PRESENTATION_STYLE_ASSIGNMENT((#1438));
#590=ADVANCED_FACE('',(#1439),#1440,.T.);
#591=PRESENTATION_STYLE_ASSIGNMENT((#1441));
#592=ADVANCED_FACE('',(#1442),#1443,.T.);
#593=PRESENTATION_STYLE_ASSIGNMENT((#1444));
#594=ADVANCED_FACE('',(#1445),#1446,.T.);
#595=PRESENTATION_STYLE_ASSIGNMENT((#1447));
#596=ADVANCED_FACE('',(#1448),#1449,.T.);
#597=PRESENTATION_STYLE_ASSIGNMENT((#1450));
#598=ADVANCED_FACE('',(#1451),#1452,.T.);
#599=PRESENTATION_STYLE_ASSIGNMENT((#1453));
#600=ADVANCED_FACE('',(#1454),#1455,.F.);
#601=PRESENTATION_STYLE_ASSIGNMENT((#1456));
#602=ADVANCED_FACE('',(#1457),#1458,.T.);
#603=PRESENTATION_STYLE_ASSIGNMENT((#1459));
#604=ADVANCED_FACE('',(#1460),#1461,.T.);
#605=PRESENTATION_STYLE_ASSIGNMENT((#1462));
#606=ADVANCED_FACE('',(#1463),#1464,.T.);
#607=PRESENTATION_STYLE_ASSIGNMENT((#1465));
#608=ADVANCED_FACE('',(#1466),#1467,.T.);
#609=PRESENTATION_STYLE_ASSIGNMENT((#1468));
#610=ADVANCED_FACE('',(#1469),#1470,.T.);
#611=PRESENTATION_STYLE_ASSIGNMENT((#1471));
#612=ADVANCED_FACE('',(#1472),#1473,.T.);
#613=PRESENTATION_STYLE_ASSIGNMENT((#1474));
#614=ADVANCED_FACE('',(#1475),#1476,.F.);
#615=PRESENTATION_STYLE_ASSIGNMENT((#1477));
#616=ADVANCED_FACE('',(#1478),#1479,.T.);
#617=PRESENTATION_STYLE_ASSIGNMENT((#1480));
#618=ADVANCED_FACE('',(#1481),#1482,.T.);
#619=PRESENTATION_STYLE_ASSIGNMENT((#1483));
#620=ADVANCED_FACE('',(#1484),#1485,.T.);
#621=PRESENTATION_STYLE_ASSIGNMENT((#1486));
#622=ADVANCED_FACE('',(#1487),#1488,.T.);
#623=PRESENTATION_STYLE_ASSIGNMENT((#1489));
#624=ADVANCED_FACE('',(#1490),#1491,.T.);
#625=PRESENTATION_STYLE_ASSIGNMENT((#1492));
#626=ADVANCED_FACE('',(#1493),#1494,.T.);
#627=PRESENTATION_STYLE_ASSIGNMENT((#1495));
#628=ADVANCED_FACE('',(#1496),#1497,.F.);
#629=PRESENTATION_STYLE_ASSIGNMENT((#1498));
#630=ADVANCED_FACE('',(#1499),#1500,.T.);
#631=PRESENTATION_STYLE_ASSIGNMENT((#1501));
#632=ADVANCED_FACE('',(#1502),#1503,.T.);
#633=PRESENTATION_STYLE_ASSIGNMENT((#1504));
#634=ADVANCED_FACE('',(#1505),#1506,.T.);
#635=PRESENTATION_STYLE_ASSIGNMENT((#1507));
#636=ADVANCED_FACE('',(#1508),#1509,.T.);
#637=PRESENTATION_STYLE_ASSIGNMENT((#1510));
#638=ADVANCED_FACE('',(#1511),#1512,.T.);
#639=PRESENTATION_STYLE_ASSIGNMENT((#1513));
#640=ADVANCED_FACE('',(#1514),#1515,.T.);
#641=PRESENTATION_STYLE_ASSIGNMENT((#1516));
#642=ADVANCED_FACE('',(#1517),#1518,.F.);
#643=PRESENTATION_STYLE_ASSIGNMENT((#1519));
#644=ADVANCED_FACE('',(#1520),#1521,.T.);
#645=PRESENTATION_STYLE_ASSIGNMENT((#1522));
#646=ADVANCED_FACE('',(#1523),#1524,.T.);
#647=PRESENTATION_STYLE_ASSIGNMENT((#1525));
#648=ADVANCED_FACE('',(#1526),#1527,.T.);
#649=PRESENTATION_STYLE_ASSIGNMENT((#1528));
#650=ADVANCED_FACE('',(#1529),#1530,.T.);
#651=PRESENTATION_STYLE_ASSIGNMENT((#1531));
#652=ADVANCED_FACE('',(#1532),#1533,.T.);
#653=PRESENTATION_STYLE_ASSIGNMENT((#1534));
#654=ADVANCED_FACE('',(#1535),#1536,.T.);
#655=PRESENTATION_STYLE_ASSIGNMENT((#1537));
#656=ADVANCED_FACE('',(#1538),#1539,.F.);
#657=PRESENTATION_STYLE_ASSIGNMENT((#1540));
#658=ADVANCED_FACE('',(#1541),#1542,.T.);
#659=PRESENTATION_STYLE_ASSIGNMENT((#1543));
#660=ADVANCED_FACE('',(#1544),#1545,.T.);
#661=PRESENTATION_STYLE_ASSIGNMENT((#1546));
#662=ADVANCED_FACE('',(#1547),#1548,.T.);
#663=PRESENTATION_STYLE_ASSIGNMENT((#1549));
#664=ADVANCED_FACE('',(#1550),#1551,.T.);
#665=PRESENTATION_STYLE_ASSIGNMENT((#1552));
#666=ADVANCED_FACE('',(#1553),#1554,.T.);
#667=PRESENTATION_STYLE_ASSIGNMENT((#1555));
#668=ADVANCED_FACE('',(#1556),#1557,.T.);
#669=PRESENTATION_STYLE_ASSIGNMENT((#1558));
#670=ADVANCED_FACE('',(#1559),#1560,.T.);
#671=PRESENTATION_STYLE_ASSIGNMENT((#1561));
#672=ADVANCED_FACE('',(#1562),#1563,.T.);
#673=PRESENTATION_STYLE_ASSIGNMENT((#1564));
#674=ADVANCED_FACE('',(#1565),#1566,.T.);
#675=PRESENTATION_STYLE_ASSIGNMENT((#1567));
#676=ADVANCED_FACE('',(#1568),#1569,.T.);
#677=PRESENTATION_STYLE_ASSIGNMENT((#1570));
#678=ADVANCED_FACE('',(#1571),#1572,.T.);
#679=PRESENTATION_STYLE_ASSIGNMENT((#1573));
#680=ADVANCED_FACE('',(#1574),#1575,.T.);
#681=PRESENTATION_STYLE_ASSIGNMENT((#1576));
#682=ADVANCED_FACE('',(#1577),#1578,.F.);
#683=PRESENTATION_STYLE_ASSIGNMENT((#1579));
#684=ADVANCED_FACE('',(#1580),#1581,.T.);
#685=PRESENTATION_STYLE_ASSIGNMENT((#1582));
#686=ADVANCED_FACE('',(#1583),#1584,.T.);
#687=PRESENTATION_STYLE_ASSIGNMENT((#1585));
#688=ADVANCED_FACE('',(#1586),#1587,.T.);
#689=PRESENTATION_STYLE_ASSIGNMENT((#1588));
#690=ADVANCED_FACE('',(#1589),#1590,.T.);
#691=PRESENTATION_STYLE_ASSIGNMENT((#1591));
#692=ADVANCED_FACE('',(#1592),#1593,.T.);
#693=PRESENTATION_STYLE_ASSIGNMENT((#1594));
#694=ADVANCED_FACE('',(#1595),#1596,.T.);
#695=PRESENTATION_STYLE_ASSIGNMENT((#1597));
#696=ADVANCED_FACE('',(#1598),#1599,.T.);
#697=PRESENTATION_STYLE_ASSIGNMENT((#1600));
#698=ADVANCED_FACE('',(#1601),#1602,.T.);
#699=PRESENTATION_STYLE_ASSIGNMENT((#1603));
#700=ADVANCED_FACE('',(#1604),#1605,.F.);
#701=PRESENTATION_STYLE_ASSIGNMENT((#1606));
#702=ADVANCED_FACE('',(#1607),#1608,.T.);
#703=PRESENTATION_STYLE_ASSIGNMENT((#1609));
#704=ADVANCED_FACE('',(#1610),#1611,.T.);
#705=PRESENTATION_STYLE_ASSIGNMENT((#1612));
#706=ADVANCED_FACE('',(#1613),#1614,.T.);
#707=PRESENTATION_STYLE_ASSIGNMENT((#1615));
#708=ADVANCED_FACE('',(#1616),#1617,.T.);
#709=PRESENTATION_STYLE_ASSIGNMENT((#1618));
#710=ADVANCED_FACE('',(#1619),#1620,.T.);
#711=PRESENTATION_STYLE_ASSIGNMENT((#1621));
#712=ADVANCED_FACE('',(#1622),#1623,.T.);
#713=PRESENTATION_STYLE_ASSIGNMENT((#1624));
#714=ADVANCED_FACE('',(#1625),#1626,.T.);
#715=PRESENTATION_STYLE_ASSIGNMENT((#1627));
#716=ADVANCED_FACE('',(#1628),#1629,.T.);
#717=PRESENTATION_STYLE_ASSIGNMENT((#1630));
#718=ADVANCED_FACE('',(#1631),#1632,.F.);
#719=PRESENTATION_STYLE_ASSIGNMENT((#1633));
#720=ADVANCED_FACE('',(#1634),#1635,.T.);
#721=PRESENTATION_STYLE_ASSIGNMENT((#1636));
#722=ADVANCED_FACE('',(#1637),#1638,.T.);
#723=PRESENTATION_STYLE_ASSIGNMENT((#1639));
#724=ADVANCED_FACE('',(#1640),#1641,.T.);
#725=PRESENTATION_STYLE_ASSIGNMENT((#1642));
#726=ADVANCED_FACE('',(#1643),#1644,.T.);
#727=PRESENTATION_STYLE_ASSIGNMENT((#1645));
#728=ADVANCED_FACE('',(#1646),#1647,.T.);
#729=PRESENTATION_STYLE_ASSIGNMENT((#1648));
#730=ADVANCED_FACE('',(#1649),#1650,.T.);
#731=PRESENTATION_STYLE_ASSIGNMENT((#1651));
#732=ADVANCED_FACE('',(#1652),#1653,.T.);
#733=PRESENTATION_STYLE_ASSIGNMENT((#1654));
#734=ADVANCED_FACE('',(#1655),#1656,.T.);
#735=PRESENTATION_STYLE_ASSIGNMENT((#1657));
#736=ADVANCED_FACE('',(#1658),#1659,.F.);
#737=PRESENTATION_STYLE_ASSIGNMENT((#1660));
#738=ADVANCED_FACE('',(#1661),#1662,.T.);
#739=PRESENTATION_STYLE_ASSIGNMENT((#1663));
#740=ADVANCED_FACE('',(#1664),#1665,.T.);
#741=PRESENTATION_STYLE_ASSIGNMENT((#1666));
#742=ADVANCED_FACE('',(#1667),#1668,.T.);
#743=PRESENTATION_STYLE_ASSIGNMENT((#1669));
#744=ADVANCED_FACE('',(#1670),#1671,.T.);
#745=PRESENTATION_STYLE_ASSIGNMENT((#1672));
#746=ADVANCED_FACE('',(#1673),#1674,.T.);
#747=PRESENTATION_STYLE_ASSIGNMENT((#1675));
#748=ADVANCED_FACE('',(#1676),#1677,.T.);
#749=PRESENTATION_STYLE_ASSIGNMENT((#1678));
#750=ADVANCED_FACE('',(#1679),#1680,.T.);
#751=PRESENTATION_STYLE_ASSIGNMENT((#1681));
#752=ADVANCED_FACE('',(#1682),#1683,.T.);
#753=PRESENTATION_STYLE_ASSIGNMENT((#1684));
#754=ADVANCED_FACE('',(#1685),#1686,.F.);
#755=PRESENTATION_STYLE_ASSIGNMENT((#1687));
#756=ADVANCED_FACE('',(#1688),#1689,.T.);
#757=PRESENTATION_STYLE_ASSIGNMENT((#1690));
#758=ADVANCED_FACE('',(#1691),#1692,.T.);
#759=PRESENTATION_STYLE_ASSIGNMENT((#1693));
#760=ADVANCED_FACE('',(#1694),#1695,.T.);
#761=PRESENTATION_STYLE_ASSIGNMENT((#1696));
#762=ADVANCED_FACE('',(#1697),#1698,.T.);
#763=PRESENTATION_STYLE_ASSIGNMENT((#1699));
#764=ADVANCED_FACE('',(#1700),#1701,.T.);
#765=PRESENTATION_STYLE_ASSIGNMENT((#1702));
#766=ADVANCED_FACE('',(#1703),#1704,.T.);
#767=PRESENTATION_STYLE_ASSIGNMENT((#1705));
#768=ADVANCED_FACE('',(#1706),#1707,.T.);
#769=PRESENTATION_STYLE_ASSIGNMENT((#1708));
#770=ADVANCED_FACE('',(#1709),#1710,.T.);
#771=PRESENTATION_STYLE_ASSIGNMENT((#1711));
#772=ADVANCED_FACE('',(#1712),#1713,.F.);
#773=PRESENTATION_STYLE_ASSIGNMENT((#1714));
#774=ADVANCED_FACE('',(#1715),#1716,.T.);
#775=PRESENTATION_STYLE_ASSIGNMENT((#1717));
#776=ADVANCED_FACE('',(#1718),#1719,.T.);
#777=PRESENTATION_STYLE_ASSIGNMENT((#1720));
#778=ADVANCED_FACE('',(#1721),#1722,.T.);
#779=PRESENTATION_STYLE_ASSIGNMENT((#1723));
#780=ADVANCED_FACE('',(#1724),#1725,.T.);
#781=PRESENTATION_STYLE_ASSIGNMENT((#1726));
#782=ADVANCED_FACE('',(#1727),#1728,.T.);
#783=PRESENTATION_STYLE_ASSIGNMENT((#1729));
#784=ADVANCED_FACE('',(#1730),#1731,.T.);
#785=PRESENTATION_STYLE_ASSIGNMENT((#1732));
#786=ADVANCED_FACE('',(#1733),#1734,.T.);
#787=PRESENTATION_STYLE_ASSIGNMENT((#1735));
#788=ADVANCED_FACE('',(#1736),#1737,.T.);
#789=PRESENTATION_STYLE_ASSIGNMENT((#1738));
#790=ADVANCED_FACE('',(#1739),#1740,.F.);
#791=PRESENTATION_STYLE_ASSIGNMENT((#1741));
#792=ADVANCED_FACE('',(#1742),#1743,.T.);
#793=PRESENTATION_STYLE_ASSIGNMENT((#1744));
#794=ADVANCED_FACE('',(#1745),#1746,.T.);
#795=PRESENTATION_STYLE_ASSIGNMENT((#1747));
#796=ADVANCED_FACE('',(#1748),#1749,.T.);
#797=PRESENTATION_STYLE_ASSIGNMENT((#1750));
#798=ADVANCED_FACE('',(#1751),#1752,.T.);
#799=PRESENTATION_STYLE_ASSIGNMENT((#1753));
#800=ADVANCED_FACE('',(#1754),#1755,.T.);
#801=PRESENTATION_STYLE_ASSIGNMENT((#1756));
#802=ADVANCED_FACE('',(#1757),#1758,.T.);
#803=PRESENTATION_STYLE_ASSIGNMENT((#1759));
#804=ADVANCED_FACE('',(#1760),#1761,.T.);
#805=PRESENTATION_STYLE_ASSIGNMENT((#1762));
#806=ADVANCED_FACE('',(#1763),#1764,.T.);
#807=PRESENTATION_STYLE_ASSIGNMENT((#1765));
#808=ADVANCED_FACE('',(#1766),#1767,.F.);
#809=PRESENTATION_STYLE_ASSIGNMENT((#1768));
#810=ADVANCED_FACE('',(#1769),#1770,.T.);
#811=PRESENTATION_STYLE_ASSIGNMENT((#1771));
#812=ADVANCED_FACE('',(#1772),#1773,.T.);
#813=PRESENTATION_STYLE_ASSIGNMENT((#1774));
#814=ADVANCED_FACE('',(#1775),#1776,.T.);
#815=PRESENTATION_STYLE_ASSIGNMENT((#1777));
#816=ADVANCED_FACE('',(#1778),#1779,.T.);
#817=PRESENTATION_STYLE_ASSIGNMENT((#1780));
#818=ADVANCED_FACE('',(#1781),#1782,.T.);
#819=PRESENTATION_STYLE_ASSIGNMENT((#1783));
#820=ADVANCED_FACE('',(#1784),#1785,.T.);
#821=PRESENTATION_STYLE_ASSIGNMENT((#1786));
#822=ADVANCED_FACE('',(#1787),#1788,.T.);
#823=PRESENTATION_STYLE_ASSIGNMENT((#1789));
#824=ADVANCED_FACE('',(#1790),#1791,.T.);
#825=PRESENTATION_STYLE_ASSIGNMENT((#1792));
#826=ADVANCED_FACE('',(#1793),#1794,.F.);
#827=PRESENTATION_STYLE_ASSIGNMENT((#1795));
#828=ADVANCED_FACE('',(#1796),#1797,.T.);
#829=PRESENTATION_STYLE_ASSIGNMENT((#1798));
#830=ADVANCED_FACE('',(#1799),#1800,.T.);
#831=PRESENTATION_STYLE_ASSIGNMENT((#1801));
#832=ADVANCED_FACE('',(#1802),#1803,.T.);
#833=PRESENTATION_STYLE_ASSIGNMENT((#1804));
#834=ADVANCED_FACE('',(#1805),#1806,.T.);
#835=PRESENTATION_STYLE_ASSIGNMENT((#1807));
#836=ADVANCED_FACE('',(#1808),#1809,.T.);
#837=PRESENTATION_STYLE_ASSIGNMENT((#1810));
#838=ADVANCED_FACE('',(#1811),#1812,.T.);
#839=PRESENTATION_STYLE_ASSIGNMENT((#1813));
#840=ADVANCED_FACE('',(#1814),#1815,.T.);
#841=PRESENTATION_STYLE_ASSIGNMENT((#1816));
#842=ADVANCED_FACE('',(#1817),#1818,.T.);
#843=PRESENTATION_STYLE_ASSIGNMENT((#1819));
#844=ADVANCED_FACE('',(#1820),#1821,.F.);
#845=PRESENTATION_STYLE_ASSIGNMENT((#1822));
#846=ADVANCED_FACE('',(#1823),#1824,.T.);
#847=PRESENTATION_STYLE_ASSIGNMENT((#1825));
#848=ADVANCED_FACE('',(#1826),#1827,.T.);
#849=PRESENTATION_STYLE_ASSIGNMENT((#1828));
#850=ADVANCED_FACE('',(#1829),#1830,.T.);
#851=PRESENTATION_STYLE_ASSIGNMENT((#1831));
#852=ADVANCED_FACE('',(#1832),#1833,.T.);
#853=PRESENTATION_STYLE_ASSIGNMENT((#1834));
#854=ADVANCED_FACE('',(#1835),#1836,.T.);
#855=PRESENTATION_STYLE_ASSIGNMENT((#1837));
#856=ADVANCED_FACE('',(#1838),#1839,.T.);
#857=PRESENTATION_STYLE_ASSIGNMENT((#1840));
#858=ADVANCED_FACE('',(#1841),#1842,.T.);
#859=PRESENTATION_STYLE_ASSIGNMENT((#1843));
#860=ADVANCED_FACE('',(#1844),#1845,.T.);
#861=PRESENTATION_STYLE_ASSIGNMENT((#1846));
#862=ADVANCED_FACE('',(#1847),#1848,.F.);
#863=PRESENTATION_STYLE_ASSIGNMENT((#1849));
#864=ADVANCED_FACE('',(#1850),#1851,.T.);
#865=PRESENTATION_STYLE_ASSIGNMENT((#1852));
#866=ADVANCED_FACE('',(#1853),#1854,.T.);
#867=PRESENTATION_STYLE_ASSIGNMENT((#1855));
#868=ADVANCED_FACE('',(#1856),#1857,.T.);
#869=PRESENTATION_STYLE_ASSIGNMENT((#1858));
#870=ADVANCED_FACE('',(#1859),#1860,.T.);
#871=PRESENTATION_STYLE_ASSIGNMENT((#1861));
#872=ADVANCED_FACE('',(#1862),#1863,.T.);
#873=PRESENTATION_STYLE_ASSIGNMENT((#1864));
#874=ADVANCED_FACE('',(#1865),#1866,.T.);
#875=PRESENTATION_STYLE_ASSIGNMENT((#1867));
#876=ADVANCED_FACE('',(#1868),#1869,.T.);
#877=PRESENTATION_STYLE_ASSIGNMENT((#1870));
#878=ADVANCED_FACE('',(#1871),#1872,.T.);
#879=PRESENTATION_STYLE_ASSIGNMENT((#1873));
#880=ADVANCED_FACE('',(#1874),#1875,.F.);
#881=PRESENTATION_STYLE_ASSIGNMENT((#1876));
#882=ADVANCED_FACE('',(#1877),#1878,.T.);
#883=PRESENTATION_STYLE_ASSIGNMENT((#1879));
#884=ADVANCED_FACE('',(#1880),#1881,.T.);
#885=PRESENTATION_STYLE_ASSIGNMENT((#1882));
#886=ADVANCED_FACE('',(#1883),#1884,.T.);
#887=PRESENTATION_STYLE_ASSIGNMENT((#1885));
#888=ADVANCED_FACE('',(#1886),#1887,.T.);
#889=PRESENTATION_STYLE_ASSIGNMENT((#1888));
#890=ADVANCED_FACE('',(#1889),#1890,.T.);
#891=PRESENTATION_STYLE_ASSIGNMENT((#1891));
#892=ADVANCED_FACE('',(#1892),#1893,.T.);
#893=PRESENTATION_STYLE_ASSIGNMENT((#1894));
#894=ADVANCED_FACE('',(#1895),#1896,.T.);
#895=PRESENTATION_STYLE_ASSIGNMENT((#1897));
#896=ADVANCED_FACE('',(#1898),#1899,.T.);
#897=PRESENTATION_STYLE_ASSIGNMENT((#1900));
#898=ADVANCED_FACE('',(#1901),#1902,.F.);
#899=PRESENTATION_STYLE_ASSIGNMENT((#1903));
#900=ADVANCED_FACE('',(#1904),#1905,.T.);
#901=PRESENTATION_STYLE_ASSIGNMENT((#1906));
#902=ADVANCED_FACE('',(#1907),#1908,.T.);
#903=PRESENTATION_STYLE_ASSIGNMENT((#1909));
#904=ADVANCED_FACE('',(#1910),#1911,.T.);
#905=PRESENTATION_STYLE_ASSIGNMENT((#1912));
#906=ADVANCED_FACE('',(#1913),#1914,.T.);
#907=PRESENTATION_STYLE_ASSIGNMENT((#1915));
#908=ADVANCED_FACE('',(#1916),#1917,.T.);
#909=PRESENTATION_STYLE_ASSIGNMENT((#1918));
#910=ADVANCED_FACE('',(#1919),#1920,.T.);
#911=PRESENTATION_STYLE_ASSIGNMENT((#1921));
#912=ADVANCED_FACE('',(#1922),#1923,.T.);
#913=PRESENTATION_STYLE_ASSIGNMENT((#1924));
#914=ADVANCED_FACE('',(#1925),#1926,.T.);
#915=PRESENTATION_STYLE_ASSIGNMENT((#1927));
#916=ADVANCED_FACE('',(#1928),#1929,.F.);
#917=PRESENTATION_STYLE_ASSIGNMENT((#1930));
#918=ADVANCED_FACE('',(#1931),#1932,.T.);
#919=PRESENTATION_STYLE_ASSIGNMENT((#1933));
#920=ADVANCED_FACE('',(#1934),#1935,.T.);
#921=PRESENTATION_STYLE_ASSIGNMENT((#1936));
#922=ADVANCED_FACE('',(#1937),#1938,.T.);
#923=PRESENTATION_STYLE_ASSIGNMENT((#1939));
#924=ADVANCED_FACE('',(#1940),#1941,.T.);
#925=PRESENTATION_STYLE_ASSIGNMENT((#1942));
#926=ADVANCED_FACE('',(#1943),#1944,.T.);
#927=PRESENTATION_STYLE_ASSIGNMENT((#1945));
#928=ADVANCED_FACE('',(#1946),#1947,.T.);
#929=PRESENTATION_STYLE_ASSIGNMENT((#1948));
#930=ADVANCED_FACE('',(#1949),#1950,.T.);
#931=PRESENTATION_STYLE_ASSIGNMENT((#1951));
#932=ADVANCED_FACE('',(#1952),#1953,.T.);
#933=PRESENTATION_STYLE_ASSIGNMENT((#1954));
#934=ADVANCED_FACE('',(#1955),#1956,.F.);
#935=PRESENTATION_STYLE_ASSIGNMENT((#1957));
#936=ADVANCED_FACE('',(#1958),#1959,.T.);
#937=PRESENTATION_STYLE_ASSIGNMENT((#1960));
#938=ADVANCED_FACE('',(#1961),#1962,.T.);
#939=PRESENTATION_STYLE_ASSIGNMENT((#1963));
#940=ADVANCED_FACE('',(#1964),#1965,.T.);
#941=PRESENTATION_STYLE_ASSIGNMENT((#1966));
#942=ADVANCED_FACE('',(#1967),#1968,.T.);
#943=PRESENTATION_STYLE_ASSIGNMENT((#1969));
#944=ADVANCED_FACE('',(#1970),#1971,.T.);
#945=PRESENTATION_STYLE_ASSIGNMENT((#1972));
#946=ADVANCED_FACE('',(#1973),#1974,.T.);
#947=PRESENTATION_STYLE_ASSIGNMENT((#1975));
#948=ADVANCED_FACE('',(#1976),#1977,.T.);
#949=PRESENTATION_STYLE_ASSIGNMENT((#1978));
#950=ADVANCED_FACE('',(#1979),#1980,.T.);
#951=PRESENTATION_STYLE_ASSIGNMENT((#1981));
#952=ADVANCED_FACE('',(#1982),#1983,.F.);
#953=PRESENTATION_STYLE_ASSIGNMENT((#1984));
#954=ADVANCED_FACE('',(#1985),#1986,.T.);
#955=PRESENTATION_STYLE_ASSIGNMENT((#1987));
#956=ADVANCED_FACE('',(#1988),#1989,.T.);
#957=PRESENTATION_STYLE_ASSIGNMENT((#1990));
#958=ADVANCED_FACE('',(#1991),#1992,.T.);
#959=PRESENTATION_STYLE_ASSIGNMENT((#1993));
#960=ADVANCED_FACE('',(#1994),#1995,.T.);
#961=PRESENTATION_STYLE_ASSIGNMENT((#1996));
#962=ADVANCED_FACE('',(#1997),#1998,.T.);
#963=PRESENTATION_STYLE_ASSIGNMENT((#1999));
#964=ADVANCED_FACE('',(#2000),#2001,.T.);
#965=PRESENTATION_STYLE_ASSIGNMENT((#2002));
#966=ADVANCED_FACE('',(#2003),#2004,.T.);
#967=PRESENTATION_STYLE_ASSIGNMENT((#2005));
#968=ADVANCED_FACE('',(#2006),#2007,.T.);
#969=PRESENTATION_STYLE_ASSIGNMENT((#2008));
#970=ADVANCED_FACE('',(#2009),#2010,.F.);
#971=PRESENTATION_STYLE_ASSIGNMENT((#2011));
#972=ADVANCED_FACE('',(#2012),#2013,.T.);
#973=PRESENTATION_STYLE_ASSIGNMENT((#2014));
#974=ADVANCED_FACE('',(#2015),#2016,.T.);
#975=PRESENTATION_STYLE_ASSIGNMENT((#2017));
#976=ADVANCED_FACE('',(#2018),#2019,.T.);
#977=PRESENTATION_STYLE_ASSIGNMENT((#2020));
#978=ADVANCED_FACE('',(#2021),#2022,.T.);
#979=PRESENTATION_STYLE_ASSIGNMENT((#2023));
#980=ADVANCED_FACE('',(#2024),#2025,.T.);
#981=PRESENTATION_STYLE_ASSIGNMENT((#2026));
#982=ADVANCED_FACE('',(#2027),#2028,.T.);
#983=PRESENTATION_STYLE_ASSIGNMENT((#2029));
#984=ADVANCED_FACE('',(#2030),#2031,.T.);
#985=PRESENTATION_STYLE_ASSIGNMENT((#2032));
#986=ADVANCED_FACE('',(#2033),#2034,.T.);
#987=PRESENTATION_STYLE_ASSIGNMENT((#2035));
#988=ADVANCED_FACE('',(#2036),#2037,.F.);
#989=PRESENTATION_STYLE_ASSIGNMENT((#2038));
#990=ADVANCED_FACE('',(#2039),#2040,.T.);
#991=PRESENTATION_STYLE_ASSIGNMENT((#2041));
#992=ADVANCED_FACE('',(#2042),#2043,.T.);
#993=PRESENTATION_STYLE_ASSIGNMENT((#2044));
#994=ADVANCED_FACE('',(#2045),#2046,.T.);
#995=PRESENTATION_STYLE_ASSIGNMENT((#2047));
#996=ADVANCED_FACE('',(#2048),#2049,.T.);
#997=PRESENTATION_STYLE_ASSIGNMENT((#2050));
#998=ADVANCED_FACE('',(#2051),#2052,.T.);
#999=PRESENTATION_STYLE_ASSIGNMENT((#2053));
#1000=ADVANCED_FACE('',(#2054),#2055,.T.);
#1001=PRESENTATION_STYLE_ASSIGNMENT((#2056));
#1002=ADVANCED_FACE('',(#2057),#2058,.T.);
#1003=PRESENTATION_STYLE_ASSIGNMENT((#2059));
#1004=ADVANCED_FACE('',(#2060),#2061,.T.);
#1005=PRESENTATION_STYLE_ASSIGNMENT((#2062));
#1006=ADVANCED_FACE('',(#2063),#2064,.F.);
#1007=PRESENTATION_STYLE_ASSIGNMENT((#2065));
#1008=ADVANCED_FACE('',(#2066),#2067,.T.);
#1009=PRESENTATION_STYLE_ASSIGNMENT((#2068));
#1010=ADVANCED_FACE('',(#2069),#2070,.T.);
#1011=PRESENTATION_STYLE_ASSIGNMENT((#2071));
#1012=ADVANCED_FACE('',(#2072),#2073,.T.);
#1013=PRESENTATION_STYLE_ASSIGNMENT((#2074));
#1014=ADVANCED_FACE('',(#2075),#2076,.T.);
#1015=PRESENTATION_STYLE_ASSIGNMENT((#2077));
#1016=ADVANCED_FACE('',(#2078),#2079,.T.);
#1017=PRESENTATION_STYLE_ASSIGNMENT((#2080));
#1018=ADVANCED_FACE('',(#2081),#2082,.T.);
#1019=PRESENTATION_STYLE_ASSIGNMENT((#2083));
#1020=ADVANCED_FACE('',(#2084),#2085,.T.);
#1021=PRESENTATION_STYLE_ASSIGNMENT((#2086));
#1022=ADVANCED_FACE('',(#2087),#2088,.T.);
#1023=PRESENTATION_STYLE_ASSIGNMENT((#2089));
#1024=ADVANCED_FACE('',(#2090),#2091,.F.);
#1025=PRESENTATION_STYLE_ASSIGNMENT((#2092));
#1026=ADVANCED_FACE('',(#2093),#2094,.T.);
#1027=PRESENTATION_STYLE_ASSIGNMENT((#2095));
#1028=ADVANCED_FACE('',(#2096),#2097,.T.);
#1029=PRESENTATION_STYLE_ASSIGNMENT((#2098));
#1030=ADVANCED_FACE('',(#2099),#2100,.T.);
#1031=PRESENTATION_STYLE_ASSIGNMENT((#2101));
#1032=ADVANCED_FACE('',(#2102),#2103,.T.);
#1033=PRESENTATION_STYLE_ASSIGNMENT((#2104));
#1034=ADVANCED_FACE('',(#2105,#2106,#2107),#2108,.T.);
#1035=PRESENTATION_STYLE_ASSIGNMENT((#2109));
#1036=ADVANCED_FACE('',(#2110),#2111,.F.);
#1037=PRESENTATION_STYLE_ASSIGNMENT((#2112));
#1038=ADVANCED_FACE('',(#2113),#2114,.F.);
#1039=PRESENTATION_STYLE_ASSIGNMENT((#2115));
#1040=ADVANCED_FACE('',(#2116),#2117,.F.);
#1041=PRESENTATION_STYLE_ASSIGNMENT((#2118));
#1042=ADVANCED_FACE('',(#2119),#2120,.T.);
#1043=PRESENTATION_STYLE_ASSIGNMENT((#2121));
#1044=ADVANCED_FACE('',(#2122),#2123,.T.);
#1045=PRESENTATION_STYLE_ASSIGNMENT((#2124));
#1046=ADVANCED_FACE('',(#2125,#2126,#2127),#2128,.T.);
#1047=PRESENTATION_STYLE_ASSIGNMENT((#2129));
#1048=ADVANCED_FACE('',(#2130),#2131,.F.);
#1049=PRESENTATION_STYLE_ASSIGNMENT((#2132));
#1050=ADVANCED_FACE('',(#2133),#2134,.T.);
#1051=PRESENTATION_STYLE_ASSIGNMENT((#2135));
#1052=ADVANCED_FACE('',(#2136),#2137,.T.);
#1053=PRESENTATION_STYLE_ASSIGNMENT((#2138));
#1054=ADVANCED_FACE('',(#2139,#2140,#2141),#2142,.T.);
#1055=PRESENTATION_STYLE_ASSIGNMENT((#2143));
#1056=ADVANCED_FACE('',(#2144),#2145,.F.);
#1057=PRESENTATION_STYLE_ASSIGNMENT((#2146));
#1058=ADVANCED_FACE('',(#2147),#2148,.T.);
#1059=PRESENTATION_STYLE_ASSIGNMENT((#2149));
#1060=ADVANCED_FACE('',(#2150),#2151,.T.);
#1061=PRESENTATION_STYLE_ASSIGNMENT((#2152));
#1062=ADVANCED_FACE('',(#2153,#2154,#2155),#2156,.T.);
#1063=PRESENTATION_STYLE_ASSIGNMENT((#2157));
#1064=ADVANCED_FACE('',(#2158),#2159,.F.);
#1065=PRESENTATION_STYLE_ASSIGNMENT((#2160));
#1066=ADVANCED_FACE('',(#2161),#2162,.T.);
#1067=PRESENTATION_STYLE_ASSIGNMENT((#2163));
#1068=ADVANCED_FACE('',(#2164),#2165,.T.);
#1069=PRESENTATION_STYLE_ASSIGNMENT((#2166));
#1070=ADVANCED_FACE('',(#2167,#2168,#2169),#2170,.T.);
#1071=PRESENTATION_STYLE_ASSIGNMENT((#2171));
#1072=ADVANCED_FACE('',(#2172),#2173,.F.);
#1073=PRESENTATION_STYLE_ASSIGNMENT((#2174));
#1074=ADVANCED_FACE('',(#2175),#2176,.T.);
#1075=PRESENTATION_STYLE_ASSIGNMENT((#2177));
#1076=ADVANCED_FACE('',(#2178),#2179,.T.);
#1077=PRESENTATION_STYLE_ASSIGNMENT((#2180));
#1078=ADVANCED_FACE('',(#2181,#2182,#2183),#2184,.T.);
#1079=PRESENTATION_STYLE_ASSIGNMENT((#2185));
#1080=ADVANCED_FACE('',(#2186),#2187,.F.);
#1081=PRESENTATION_STYLE_ASSIGNMENT((#2188));
#1082=ADVANCED_FACE('',(#2189),#2190,.T.);
#1083=PRESENTATION_STYLE_ASSIGNMENT((#2191));
#1084=ADVANCED_FACE('',(#2192),#2193,.T.);
#1085=PRESENTATION_STYLE_ASSIGNMENT((#2194));
#1086=ADVANCED_FACE('',(#2195,#2196,#2197),#2198,.T.);
#1087=PRESENTATION_STYLE_ASSIGNMENT((#2199));
#1088=ADVANCED_FACE('',(#2200),#2201,.F.);
#1089=PRESENTATION_STYLE_ASSIGNMENT((#2202));
#1090=ADVANCED_FACE('',(#2203),#2204,.T.);
#1091=PRESENTATION_STYLE_ASSIGNMENT((#2205));
#1092=ADVANCED_FACE('',(#2206),#2207,.T.);
#1093=PRESENTATION_STYLE_ASSIGNMENT((#2208));
#1094=ADVANCED_FACE('',(#2209,#2210,#2211),#2212,.T.);
#1095=PRESENTATION_STYLE_ASSIGNMENT((#2213));
#1096=ADVANCED_FACE('',(#2214),#2215,.F.);
#1097=PRESENTATION_STYLE_ASSIGNMENT((#2216));
#1098=ADVANCED_FACE('',(#2217),#2218,.T.);
#1099=PRESENTATION_STYLE_ASSIGNMENT((#2219));
#1100=ADVANCED_FACE('',(#2220),#2221,.T.);
#1101=PRESENTATION_STYLE_ASSIGNMENT((#2222));
#1102=ADVANCED_FACE('',(#2223,#2224,#2225),#2226,.T.);
#1103=PRESENTATION_STYLE_ASSIGNMENT((#2227));
#1104=ADVANCED_FACE('',(#2228),#2229,.F.);
#1105=PRESENTATION_STYLE_ASSIGNMENT((#2230));
#1106=ADVANCED_FACE('',(#2231),#2232,.T.);
#1107=PRESENTATION_STYLE_ASSIGNMENT((#2233));
#1108=ADVANCED_FACE('',(#2234),#2235,.T.);
#1109=PRESENTATION_STYLE_ASSIGNMENT((#2236));
#1110=ADVANCED_FACE('',(#2237,#2238,#2239),#2240,.T.);
#1111=PRESENTATION_STYLE_ASSIGNMENT((#2241));
#1112=ADVANCED_FACE('',(#2242),#2243,.F.);
#1113=PRESENTATION_STYLE_ASSIGNMENT((#2244));
#1114=ADVANCED_FACE('',(#2245),#2246,.T.);
#1115=PRESENTATION_STYLE_ASSIGNMENT((#2247));
#1116=ADVANCED_FACE('',(#2248),#2249,.F.);
#1117=PRESENTATION_STYLE_ASSIGNMENT((#2250));
#1118=ADVANCED_FACE('',(#2251,#2252,#2253,#2254,#2255,#2256,#2257,#2258,#2259,#2260,#2261,#2262,#2263,#2264,#2265,#2266,#2267,#2268,#2269,#2270,#2271),#2272,.F.);
#1119=PRESENTATION_STYLE_ASSIGNMENT((#2273));
#1120=ADVANCED_FACE('',(#2274),#2275,.F.);
#1121=PRODUCT('ssw-110-01-l-d','ssw-110-01-l-d','PART-ssw-110-01-l-d-DESC',(#2276));
#1122=PRODUCT_DEFINITION('','NONE',#2277,#2);
#1123=MANIFOLD_SOLID_BREP('ssw-110-01-l-d',#2278);
#1124=AXIS2_PLACEMENT_3D('',#2279,#2280,#2281);
#1127=LENGTH_MEASURE_WITH_UNIT(LENGTH_MEASURE(1.0),#2282);
#1130=DIMENSIONAL_EXPONENTS(1.0,0.0,0.0,0.0,0.0,0.0,0.0);
#1132=DIMENSIONAL_EXPONENTS(0.0,0.0,0.0,0.0,0.0,0.0,0.0);
#1138=SURFACE_STYLE_USAGE(.BOTH.,#2283);
#1139=FACE_OUTER_BOUND('',#2284,.T.);
#1140=PLANE('',#2285);
#1141=SURFACE_STYLE_USAGE(.BOTH.,#2286);
#1142=FACE_OUTER_BOUND('',#2287,.T.);
#1143=PLANE('',#2288);
#1144=SURFACE_STYLE_USAGE(.BOTH.,#2289);
#1145=FACE_OUTER_BOUND('',#2290,.T.);
#1146=PLANE('',#2291);
#1147=SURFACE_STYLE_USAGE(.BOTH.,#2292);
#1148=FACE_OUTER_BOUND('',#2293,.T.);
#1149=PLANE('',#2294);
#1150=SURFACE_STYLE_USAGE(.BOTH.,#2295);
#1151=FACE_OUTER_BOUND('',#2296,.T.);
#1152=PLANE('',#2297);
#1153=SURFACE_STYLE_USAGE(.BOTH.,#2298);
#1154=FACE_OUTER_BOUND('',#2299,.T.);
#1155=PLANE('',#2300);
#1156=SURFACE_STYLE_USAGE(.BOTH.,#2301);
#1157=FACE_OUTER_BOUND('',#2302,.T.);
#1158=PLANE('',#2303);
#1159=SURFACE_STYLE_USAGE(.BOTH.,#2304);
#1160=FACE_OUTER_BOUND('',#2305,.T.);
#1161=PLANE('',#2306);
#1162=SURFACE_STYLE_USAGE(.BOTH.,#2307);
#1163=FACE_OUTER_BOUND('',#2308,.T.);
#1164=PLANE('',#2309);
#1165=SURFACE_STYLE_USAGE(.BOTH.,#2310);
#1166=FACE_OUTER_BOUND('',#2311,.T.);
#1167=PLANE('',#2312);
#1168=SURFACE_STYLE_USAGE(.BOTH.,#2313);
#1169=FACE_OUTER_BOUND('',#2314,.T.);
#1170=PLANE('',#2315);
#1171=SURFACE_STYLE_USAGE(.BOTH.,#2316);
#1172=FACE_OUTER_BOUND('',#2317,.T.);
#1173=PLANE('',#2318);
#1174=SURFACE_STYLE_USAGE(.BOTH.,#2319);
#1175=FACE_OUTER_BOUND('',#2320,.T.);
#1176=PLANE('',#2321);
#1177=SURFACE_STYLE_USAGE(.BOTH.,#2322);
#1178=FACE_OUTER_BOUND('',#2323,.T.);
#1179=PLANE('',#2324);
#1180=SURFACE_STYLE_USAGE(.BOTH.,#2325);
#1181=FACE_OUTER_BOUND('',#2326,.T.);
#1182=PLANE('',#2327);
#1183=SURFACE_STYLE_USAGE(.BOTH.,#2328);
#1184=FACE_OUTER_BOUND('',#2329,.T.);
#1185=PLANE('',#2330);
#1186=SURFACE_STYLE_USAGE(.BOTH.,#2331);
#1187=FACE_OUTER_BOUND('',#2332,.T.);
#1188=PLANE('',#2333);
#1189=SURFACE_STYLE_USAGE(.BOTH.,#2334);
#1190=FACE_OUTER_BOUND('',#2335,.T.);
#1191=PLANE('',#2336);
#1192=SURFACE_STYLE_USAGE(.BOTH.,#2337);
#1193=FACE_OUTER_BOUND('',#2338,.T.);
#1194=PLANE('',#2339);
#1195=SURFACE_STYLE_USAGE(.BOTH.,#2340);
#1196=FACE_OUTER_BOUND('',#2341,.T.);
#1197=PLANE('',#2342);
#1198=SURFACE_STYLE_USAGE(.BOTH.,#2343);
#1199=FACE_OUTER_BOUND('',#2344,.T.);
#1200=PLANE('',#2345);
#1201=SURFACE_STYLE_USAGE(.BOTH.,#2346);
#1202=FACE_OUTER_BOUND('',#2347,.T.);
#1203=PLANE('',#2348);
#1204=SURFACE_STYLE_USAGE(.BOTH.,#2349);
#1205=FACE_OUTER_BOUND('',#2350,.T.);
#1206=PLANE('',#2351);
#1207=SURFACE_STYLE_USAGE(.BOTH.,#2352);
#1208=FACE_OUTER_BOUND('',#2353,.T.);
#1209=PLANE('',#2354);
#1210=SURFACE_STYLE_USAGE(.BOTH.,#2355);
#1211=FACE_OUTER_BOUND('',#2356,.T.);
#1212=PLANE('',#2357);
#1213=SURFACE_STYLE_USAGE(.BOTH.,#2358);
#1214=FACE_OUTER_BOUND('',#2359,.T.);
#1215=PLANE('',#2360);
#1216=SURFACE_STYLE_USAGE(.BOTH.,#2361);
#1217=FACE_OUTER_BOUND('',#2362,.T.);
#1218=PLANE('',#2363);
#1219=SURFACE_STYLE_USAGE(.BOTH.,#2364);
#1220=FACE_OUTER_BOUND('',#2365,.T.);
#1221=PLANE('',#2366);
#1222=SURFACE_STYLE_USAGE(.BOTH.,#2367);
#1223=FACE_OUTER_BOUND('',#2368,.T.);
#1224=PLANE('',#2369);
#1225=SURFACE_STYLE_USAGE(.BOTH.,#2370);
#1226=FACE_OUTER_BOUND('',#2371,.T.);
#1227=PLANE('',#2372);
#1228=SURFACE_STYLE_USAGE(.BOTH.,#2373);
#1229=FACE_OUTER_BOUND('',#2374,.T.);
#1230=PLANE('',#2375);
#1231=SURFACE_STYLE_USAGE(.BOTH.,#2376);
#1232=FACE_OUTER_BOUND('',#2377,.T.);
#1233=PLANE('',#2378);
#1234=SURFACE_STYLE_USAGE(.BOTH.,#2379);
#1235=FACE_OUTER_BOUND('',#2380,.T.);
#1236=PLANE('',#2381);
#1237=SURFACE_STYLE_USAGE(.BOTH.,#2382);
#1238=FACE_OUTER_BOUND('',#2383,.T.);
#1239=PLANE('',#2384);
#1240=SURFACE_STYLE_USAGE(.BOTH.,#2385);
#1241=FACE_OUTER_BOUND('',#2386,.T.);
#1242=PLANE('',#2387);
#1243=SURFACE_STYLE_USAGE(.BOTH.,#2388);
#1244=FACE_OUTER_BOUND('',#2389,.T.);
#1245=PLANE('',#2390);
#1246=SURFACE_STYLE_USAGE(.BOTH.,#2391);
#1247=FACE_OUTER_BOUND('',#2392,.T.);
#1248=PLANE('',#2393);
#1249=SURFACE_STYLE_USAGE(.BOTH.,#2394);
#1250=FACE_OUTER_BOUND('',#2395,.T.);
#1251=PLANE('',#2396);
#1252=SURFACE_STYLE_USAGE(.BOTH.,#2397);
#1253=FACE_OUTER_BOUND('',#2398,.T.);
#1254=PLANE('',#2399);
#1255=SURFACE_STYLE_USAGE(.BOTH.,#2400);
#1256=FACE_OUTER_BOUND('',#2401,.T.);
#1257=PLANE('',#2402);
#1258=SURFACE_STYLE_USAGE(.BOTH.,#2403);
#1259=FACE_OUTER_BOUND('',#2404,.T.);
#1260=PLANE('',#2405);
#1261=SURFACE_STYLE_USAGE(.BOTH.,#2406);
#1262=FACE_OUTER_BOUND('',#2407,.T.);
#1263=PLANE('',#2408);
#1264=SURFACE_STYLE_USAGE(.BOTH.,#2409);
#1265=FACE_OUTER_BOUND('',#2410,.T.);
#1266=PLANE('',#2411);
#1267=SURFACE_STYLE_USAGE(.BOTH.,#2412);
#1268=FACE_OUTER_BOUND('',#2413,.T.);
#1269=PLANE('',#2414);
#1270=SURFACE_STYLE_USAGE(.BOTH.,#2415);
#1271=FACE_OUTER_BOUND('',#2416,.T.);
#1272=PLANE('',#2417);
#1273=SURFACE_STYLE_USAGE(.BOTH.,#2418);
#1274=FACE_OUTER_BOUND('',#2419,.T.);
#1275=PLANE('',#2420);
#1276=SURFACE_STYLE_USAGE(.BOTH.,#2421);
#1277=FACE_OUTER_BOUND('',#2422,.T.);
#1278=PLANE('',#2423);
#1279=SURFACE_STYLE_USAGE(.BOTH.,#2424);
#1280=FACE_OUTER_BOUND('',#2425,.T.);
#1281=PLANE('',#2426);
#1282=SURFACE_STYLE_USAGE(.BOTH.,#2427);
#1283=FACE_OUTER_BOUND('',#2428,.T.);
#1284=PLANE('',#2429);
#1285=SURFACE_STYLE_USAGE(.BOTH.,#2430);
#1286=FACE_OUTER_BOUND('',#2431,.T.);
#1287=PLANE('',#2432);
#1288=SURFACE_STYLE_USAGE(.BOTH.,#2433);
#1289=FACE_OUTER_BOUND('',#2434,.T.);
#1290=PLANE('',#2435);
#1291=SURFACE_STYLE_USAGE(.BOTH.,#2436);
#1292=FACE_OUTER_BOUND('',#2437,.T.);
#1293=PLANE('',#2438);
#1294=SURFACE_STYLE_USAGE(.BOTH.,#2439);
#1295=FACE_OUTER_BOUND('',#2440,.T.);
#1296=PLANE('',#2441);
#1297=SURFACE_STYLE_USAGE(.BOTH.,#2442);
#1298=FACE_OUTER_BOUND('',#2443,.T.);
#1299=PLANE('',#2444);
#1300=SURFACE_STYLE_USAGE(.BOTH.,#2445);
#1301=FACE_OUTER_BOUND('',#2446,.T.);
#1302=PLANE('',#2447);
#1303=SURFACE_STYLE_USAGE(.BOTH.,#2448);
#1304=FACE_OUTER_BOUND('',#2449,.T.);
#1305=PLANE('',#2450);
#1306=SURFACE_STYLE_USAGE(.BOTH.,#2451);
#1307=FACE_OUTER_BOUND('',#2452,.T.);
#1308=PLANE('',#2453);
#1309=SURFACE_STYLE_USAGE(.BOTH.,#2454);
#1310=FACE_OUTER_BOUND('',#2455,.T.);
#1311=PLANE('',#2456);
#1312=SURFACE_STYLE_USAGE(.BOTH.,#2457);
#1313=FACE_OUTER_BOUND('',#2458,.T.);
#1314=PLANE('',#2459);
#1315=SURFACE_STYLE_USAGE(.BOTH.,#2460);
#1316=FACE_OUTER_BOUND('',#2461,.T.);
#1317=PLANE('',#2462);
#1318=SURFACE_STYLE_USAGE(.BOTH.,#2463);
#1319=FACE_OUTER_BOUND('',#2464,.T.);
#1320=PLANE('',#2465);
#1321=SURFACE_STYLE_USAGE(.BOTH.,#2466);
#1322=FACE_OUTER_BOUND('',#2467,.T.);
#1323=PLANE('',#2468);
#1324=SURFACE_STYLE_USAGE(.BOTH.,#2469);
#1325=FACE_OUTER_BOUND('',#2470,.T.);
#1326=PLANE('',#2471);
#1327=SURFACE_STYLE_USAGE(.BOTH.,#2472);
#1328=FACE_OUTER_BOUND('',#2473,.T.);
#1329=PLANE('',#2474);
#1330=SURFACE_STYLE_USAGE(.BOTH.,#2475);
#1331=FACE_OUTER_BOUND('',#2476,.T.);
#1332=PLANE('',#2477);
#1333=SURFACE_STYLE_USAGE(.BOTH.,#2478);
#1334=FACE_OUTER_BOUND('',#2479,.T.);
#1335=PLANE('',#2480);
#1336=SURFACE_STYLE_USAGE(.BOTH.,#2481);
#1337=FACE_OUTER_BOUND('',#2482,.T.);
#1338=PLANE('',#2483);
#1339=SURFACE_STYLE_USAGE(.BOTH.,#2484);
#1340=FACE_OUTER_BOUND('',#2485,.T.);
#1341=PLANE('',#2486);
#1342=SURFACE_STYLE_USAGE(.BOTH.,#2487);
#1343=FACE_OUTER_BOUND('',#2488,.T.);
#1344=PLANE('',#2489);
#1345=SURFACE_STYLE_USAGE(.BOTH.,#2490);
#1346=FACE_OUTER_BOUND('',#2491,.T.);
#1347=PLANE('',#2492);
#1348=SURFACE_STYLE_USAGE(.BOTH.,#2493);
#1349=FACE_OUTER_BOUND('',#2494,.T.);
#1350=PLANE('',#2495);
#1351=SURFACE_STYLE_USAGE(.BOTH.,#2496);
#1352=FACE_OUTER_BOUND('',#2497,.T.);
#1353=PLANE('',#2498);
#1354=SURFACE_STYLE_USAGE(.BOTH.,#2499);
#1355=FACE_OUTER_BOUND('',#2500,.T.);
#1356=PLANE('',#2501);
#1357=SURFACE_STYLE_USAGE(.BOTH.,#2502);
#1358=FACE_OUTER_BOUND('',#2503,.T.);
#1359=PLANE('',#2504);
#1360=SURFACE_STYLE_USAGE(.BOTH.,#2505);
#1361=FACE_OUTER_BOUND('',#2506,.T.);
#1362=PLANE('',#2507);
#1363=SURFACE_STYLE_USAGE(.BOTH.,#2508);
#1364=FACE_OUTER_BOUND('',#2509,.T.);
#1365=PLANE('',#2510);
#1366=SURFACE_STYLE_USAGE(.BOTH.,#2511);
#1367=FACE_OUTER_BOUND('',#2512,.T.);
#1368=PLANE('',#2513);
#1369=SURFACE_STYLE_USAGE(.BOTH.,#2514);
#1370=FACE_OUTER_BOUND('',#2515,.T.);
#1371=PLANE('',#2516);
#1372=SURFACE_STYLE_USAGE(.BOTH.,#2517);
#1373=FACE_OUTER_BOUND('',#2518,.T.);
#1374=PLANE('',#2519);
#1375=SURFACE_STYLE_USAGE(.BOTH.,#2520);
#1376=FACE_OUTER_BOUND('',#2521,.T.);
#1377=PLANE('',#2522);
#1378=SURFACE_STYLE_USAGE(.BOTH.,#2523);
#1379=FACE_OUTER_BOUND('',#2524,.T.);
#1380=PLANE('',#2525);
#1381=SURFACE_STYLE_USAGE(.BOTH.,#2526);
#1382=FACE_OUTER_BOUND('',#2527,.T.);
#1383=PLANE('',#2528);
#1384=SURFACE_STYLE_USAGE(.BOTH.,#2529);
#1385=FACE_OUTER_BOUND('',#2530,.T.);
#1386=PLANE('',#2531);
#1387=SURFACE_STYLE_USAGE(.BOTH.,#2532);
#1388=FACE_OUTER_BOUND('',#2533,.T.);
#1389=PLANE('',#2534);
#1390=SURFACE_STYLE_USAGE(.BOTH.,#2535);
#1391=FACE_OUTER_BOUND('',#2536,.T.);
#1392=PLANE('',#2537);
#1393=SURFACE_STYLE_USAGE(.BOTH.,#2538);
#1394=FACE_OUTER_BOUND('',#2539,.T.);
#1395=PLANE('',#2540);
#1396=SURFACE_STYLE_USAGE(.BOTH.,#2541);
#1397=FACE_OUTER_BOUND('',#2542,.T.);
#1398=PLANE('',#2543);
#1399=SURFACE_STYLE_USAGE(.BOTH.,#2544);
#1400=FACE_OUTER_BOUND('',#2545,.T.);
#1401=PLANE('',#2546);
#1402=SURFACE_STYLE_USAGE(.BOTH.,#2547);
#1403=FACE_OUTER_BOUND('',#2548,.T.);
#1404=PLANE('',#2549);
#1405=SURFACE_STYLE_USAGE(.BOTH.,#2550);
#1406=FACE_OUTER_BOUND('',#2551,.T.);
#1407=PLANE('',#2552);
#1408=SURFACE_STYLE_USAGE(.BOTH.,#2553);
#1409=FACE_OUTER_BOUND('',#2554,.T.);
#1410=PLANE('',#2555);
#1411=SURFACE_STYLE_USAGE(.BOTH.,#2556);
#1412=FACE_OUTER_BOUND('',#2557,.T.);
#1413=PLANE('',#2558);
#1414=SURFACE_STYLE_USAGE(.BOTH.,#2559);
#1415=FACE_OUTER_BOUND('',#2560,.T.);
#1416=PLANE('',#2561);
#1417=SURFACE_STYLE_USAGE(.BOTH.,#2562);
#1418=FACE_OUTER_BOUND('',#2563,.T.);
#1419=PLANE('',#2564);
#1420=SURFACE_STYLE_USAGE(.BOTH.,#2565);
#1421=FACE_OUTER_BOUND('',#2566,.T.);
#1422=PLANE('',#2567);
#1423=SURFACE_STYLE_USAGE(.BOTH.,#2568);
#1424=FACE_OUTER_BOUND('',#2569,.T.);
#1425=PLANE('',#2570);
#1426=SURFACE_STYLE_USAGE(.BOTH.,#2571);
#1427=FACE_OUTER_BOUND('',#2572,.T.);
#1428=PLANE('',#2573);
#1429=SURFACE_STYLE_USAGE(.BOTH.,#2574);
#1430=FACE_OUTER_BOUND('',#2575,.T.);
#1431=PLANE('',#2576);
#1432=SURFACE_STYLE_USAGE(.BOTH.,#2577);
#1433=FACE_OUTER_BOUND('',#2578,.T.);
#1434=PLANE('',#2579);
#1435=SURFACE_STYLE_USAGE(.BOTH.,#2580);
#1436=FACE_OUTER_BOUND('',#2581,.T.);
#1437=PLANE('',#2582);
#1438=SURFACE_STYLE_USAGE(.BOTH.,#2583);
#1439=FACE_OUTER_BOUND('',#2584,.T.);
#1440=PLANE('',#2585);
#1441=SURFACE_STYLE_USAGE(.BOTH.,#2586);
#1442=FACE_OUTER_BOUND('',#2587,.T.);
#1443=PLANE('',#2588);
#1444=SURFACE_STYLE_USAGE(.BOTH.,#2589);
#1445=FACE_OUTER_BOUND('',#2590,.T.);
#1446=PLANE('',#2591);
#1447=SURFACE_STYLE_USAGE(.BOTH.,#2592);
#1448=FACE_OUTER_BOUND('',#2593,.T.);
#1449=PLANE('',#2594);
#1450=SURFACE_STYLE_USAGE(.BOTH.,#2595);
#1451=FACE_OUTER_BOUND('',#2596,.T.);
#1452=PLANE('',#2597);
#1453=SURFACE_STYLE_USAGE(.BOTH.,#2598);
#1454=FACE_OUTER_BOUND('',#2599,.T.);
#1455=PLANE('',#2600);
#1456=SURFACE_STYLE_USAGE(.BOTH.,#2601);
#1457=FACE_OUTER_BOUND('',#2602,.T.);
#1458=PLANE('',#2603);
#1459=SURFACE_STYLE_USAGE(.BOTH.,#2604);
#1460=FACE_OUTER_BOUND('',#2605,.T.);
#1461=PLANE('',#2606);
#1462=SURFACE_STYLE_USAGE(.BOTH.,#2607);
#1463=FACE_OUTER_BOUND('',#2608,.T.);
#1464=PLANE('',#2609);
#1465=SURFACE_STYLE_USAGE(.BOTH.,#2610);
#1466=FACE_OUTER_BOUND('',#2611,.T.);
#1467=PLANE('',#2612);
#1468=SURFACE_STYLE_USAGE(.BOTH.,#2613);
#1469=FACE_OUTER_BOUND('',#2614,.T.);
#1470=PLANE('',#2615);
#1471=SURFACE_STYLE_USAGE(.BOTH.,#2616);
#1472=FACE_OUTER_BOUND('',#2617,.T.);
#1473=PLANE('',#2618);
#1474=SURFACE_STYLE_USAGE(.BOTH.,#2619);
#1475=FACE_OUTER_BOUND('',#2620,.T.);
#1476=PLANE('',#2621);
#1477=SURFACE_STYLE_USAGE(.BOTH.,#2622);
#1478=FACE_OUTER_BOUND('',#2623,.T.);
#1479=PLANE('',#2624);
#1480=SURFACE_STYLE_USAGE(.BOTH.,#2625);
#1481=FACE_OUTER_BOUND('',#2626,.T.);
#1482=PLANE('',#2627);
#1483=SURFACE_STYLE_USAGE(.BOTH.,#2628);
#1484=FACE_OUTER_BOUND('',#2629,.T.);
#1485=PLANE('',#2630);
#1486=SURFACE_STYLE_USAGE(.BOTH.,#2631);
#1487=FACE_OUTER_BOUND('',#2632,.T.);
#1488=PLANE('',#2633);
#1489=SURFACE_STYLE_USAGE(.BOTH.,#2634);
#1490=FACE_OUTER_BOUND('',#2635,.T.);
#1491=PLANE('',#2636);
#1492=SURFACE_STYLE_USAGE(.BOTH.,#2637);
#1493=FACE_OUTER_BOUND('',#2638,.T.);
#1494=PLANE('',#2639);
#1495=SURFACE_STYLE_USAGE(.BOTH.,#2640);
#1496=FACE_OUTER_BOUND('',#2641,.T.);
#1497=PLANE('',#2642);
#1498=SURFACE_STYLE_USAGE(.BOTH.,#2643);
#1499=FACE_OUTER_BOUND('',#2644,.T.);
#1500=PLANE('',#2645);
#1501=SURFACE_STYLE_USAGE(.BOTH.,#2646);
#1502=FACE_OUTER_BOUND('',#2647,.T.);
#1503=PLANE('',#2648);
#1504=SURFACE_STYLE_USAGE(.BOTH.,#2649);
#1505=FACE_OUTER_BOUND('',#2650,.T.);
#1506=PLANE('',#2651);
#1507=SURFACE_STYLE_USAGE(.BOTH.,#2652);
#1508=FACE_OUTER_BOUND('',#2653,.T.);
#1509=PLANE('',#2654);
#1510=SURFACE_STYLE_USAGE(.BOTH.,#2655);
#1511=FACE_OUTER_BOUND('',#2656,.T.);
#1512=PLANE('',#2657);
#1513=SURFACE_STYLE_USAGE(.BOTH.,#2658);
#1514=FACE_OUTER_BOUND('',#2659,.T.);
#1515=PLANE('',#2660);
#1516=SURFACE_STYLE_USAGE(.BOTH.,#2661);
#1517=FACE_OUTER_BOUND('',#2662,.T.);
#1518=PLANE('',#2663);
#1519=SURFACE_STYLE_USAGE(.BOTH.,#2664);
#1520=FACE_OUTER_BOUND('',#2665,.T.);
#1521=PLANE('',#2666);
#1522=SURFACE_STYLE_USAGE(.BOTH.,#2667);
#1523=FACE_OUTER_BOUND('',#2668,.T.);
#1524=PLANE('',#2669);
#1525=SURFACE_STYLE_USAGE(.BOTH.,#2670);
#1526=FACE_OUTER_BOUND('',#2671,.T.);
#1527=PLANE('',#2672);
#1528=SURFACE_STYLE_USAGE(.BOTH.,#2673);
#1529=FACE_OUTER_BOUND('',#2674,.T.);
#1530=PLANE('',#2675);
#1531=SURFACE_STYLE_USAGE(.BOTH.,#2676);
#1532=FACE_OUTER_BOUND('',#2677,.T.);
#1533=PLANE('',#2678);
#1534=SURFACE_STYLE_USAGE(.BOTH.,#2679);
#1535=FACE_OUTER_BOUND('',#2680,.T.);
#1536=PLANE('',#2681);
#1537=SURFACE_STYLE_USAGE(.BOTH.,#2682);
#1538=FACE_OUTER_BOUND('',#2683,.T.);
#1539=PLANE('',#2684);
#1540=SURFACE_STYLE_USAGE(.BOTH.,#2685);
#1541=FACE_OUTER_BOUND('',#2686,.T.);
#1542=PLANE('',#2687);
#1543=SURFACE_STYLE_USAGE(.BOTH.,#2688);
#1544=FACE_OUTER_BOUND('',#2689,.T.);
#1545=PLANE('',#2690);
#1546=SURFACE_STYLE_USAGE(.BOTH.,#2691);
#1547=FACE_OUTER_BOUND('',#2692,.T.);
#1548=PLANE('',#2693);
#1549=SURFACE_STYLE_USAGE(.BOTH.,#2694);
#1550=FACE_OUTER_BOUND('',#2695,.T.);
#1551=PLANE('',#2696);
#1552=SURFACE_STYLE_USAGE(.BOTH.,#2697);
#1553=FACE_OUTER_BOUND('',#2698,.T.);
#1554=PLANE('',#2699);
#1555=SURFACE_STYLE_USAGE(.BOTH.,#2700);
#1556=FACE_OUTER_BOUND('',#2701,.T.);
#1557=PLANE('',#2702);
#1558=SURFACE_STYLE_USAGE(.BOTH.,#2703);
#1559=FACE_OUTER_BOUND('',#2704,.T.);
#1560=PLANE('',#2705);
#1561=SURFACE_STYLE_USAGE(.BOTH.,#2706);
#1562=FACE_OUTER_BOUND('',#2707,.T.);
#1563=PLANE('',#2708);
#1564=SURFACE_STYLE_USAGE(.BOTH.,#2709);
#1565=FACE_OUTER_BOUND('',#2710,.T.);
#1566=PLANE('',#2711);
#1567=SURFACE_STYLE_USAGE(.BOTH.,#2712);
#1568=FACE_OUTER_BOUND('',#2713,.T.);
#1569=PLANE('',#2714);
#1570=SURFACE_STYLE_USAGE(.BOTH.,#2715);
#1571=FACE_OUTER_BOUND('',#2716,.T.);
#1572=PLANE('',#2717);
#1573=SURFACE_STYLE_USAGE(.BOTH.,#2718);
#1574=FACE_OUTER_BOUND('',#2719,.T.);
#1575=PLANE('',#2720);
#1576=SURFACE_STYLE_USAGE(.BOTH.,#2721);
#1577=FACE_OUTER_BOUND('',#2722,.T.);
#1578=PLANE('',#2723);
#1579=SURFACE_STYLE_USAGE(.BOTH.,#2724);
#1580=FACE_OUTER_BOUND('',#2725,.T.);
#1581=PLANE('',#2726);
#1582=SURFACE_STYLE_USAGE(.BOTH.,#2727);
#1583=FACE_OUTER_BOUND('',#2728,.T.);
#1584=PLANE('',#2729);
#1585=SURFACE_STYLE_USAGE(.BOTH.,#2730);
#1586=FACE_OUTER_BOUND('',#2731,.T.);
#1587=PLANE('',#2732);
#1588=SURFACE_STYLE_USAGE(.BOTH.,#2733);
#1589=FACE_OUTER_BOUND('',#2734,.T.);
#1590=PLANE('',#2735);
#1591=SURFACE_STYLE_USAGE(.BOTH.,#2736);
#1592=FACE_OUTER_BOUND('',#2737,.T.);
#1593=PLANE('',#2738);
#1594=SURFACE_STYLE_USAGE(.BOTH.,#2739);
#1595=FACE_OUTER_BOUND('',#2740,.T.);
#1596=PLANE('',#2741);
#1597=SURFACE_STYLE_USAGE(.BOTH.,#2742);
#1598=FACE_OUTER_BOUND('',#2743,.T.);
#1599=PLANE('',#2744);
#1600=SURFACE_STYLE_USAGE(.BOTH.,#2745);
#1601=FACE_OUTER_BOUND('',#2746,.T.);
#1602=PLANE('',#2747);
#1603=SURFACE_STYLE_USAGE(.BOTH.,#2748);
#1604=FACE_OUTER_BOUND('',#2749,.T.);
#1605=PLANE('',#2750);
#1606=SURFACE_STYLE_USAGE(.BOTH.,#2751);
#1607=FACE_OUTER_BOUND('',#2752,.T.);
#1608=PLANE('',#2753);
#1609=SURFACE_STYLE_USAGE(.BOTH.,#2754);
#1610=FACE_OUTER_BOUND('',#2755,.T.);
#1611=PLANE('',#2756);
#1612=SURFACE_STYLE_USAGE(.BOTH.,#2757);
#1613=FACE_OUTER_BOUND('',#2758,.T.);
#1614=PLANE('',#2759);
#1615=SURFACE_STYLE_USAGE(.BOTH.,#2760);
#1616=FACE_OUTER_BOUND('',#2761,.T.);
#1617=PLANE('',#2762);
#1618=SURFACE_STYLE_USAGE(.BOTH.,#2763);
#1619=FACE_OUTER_BOUND('',#2764,.T.);
#1620=PLANE('',#2765);
#1621=SURFACE_STYLE_USAGE(.BOTH.,#2766);
#1622=FACE_OUTER_BOUND('',#2767,.T.);
#1623=PLANE('',#2768);
#1624=SURFACE_STYLE_USAGE(.BOTH.,#2769);
#1625=FACE_OUTER_BOUND('',#2770,.T.);
#1626=PLANE('',#2771);
#1627=SURFACE_STYLE_USAGE(.BOTH.,#2772);
#1628=FACE_OUTER_BOUND('',#2773,.T.);
#1629=PLANE('',#2774);
#1630=SURFACE_STYLE_USAGE(.BOTH.,#2775);
#1631=FACE_OUTER_BOUND('',#2776,.T.);
#1632=PLANE('',#2777);
#1633=SURFACE_STYLE_USAGE(.BOTH.,#2778);
#1634=FACE_OUTER_BOUND('',#2779,.T.);
#1635=PLANE('',#2780);
#1636=SURFACE_STYLE_USAGE(.BOTH.,#2781);
#1637=FACE_OUTER_BOUND('',#2782,.T.);
#1638=PLANE('',#2783);
#1639=SURFACE_STYLE_USAGE(.BOTH.,#2784);
#1640=FACE_OUTER_BOUND('',#2785,.T.);
#1641=PLANE('',#2786);
#1642=SURFACE_STYLE_USAGE(.BOTH.,#2787);
#1643=FACE_OUTER_BOUND('',#2788,.T.);
#1644=PLANE('',#2789);
#1645=SURFACE_STYLE_USAGE(.BOTH.,#2790);
#1646=FACE_OUTER_BOUND('',#2791,.T.);
#1647=PLANE('',#2792);
#1648=SURFACE_STYLE_USAGE(.BOTH.,#2793);
#1649=FACE_OUTER_BOUND('',#2794,.T.);
#1650=PLANE('',#2795);
#1651=SURFACE_STYLE_USAGE(.BOTH.,#2796);
#1652=FACE_OUTER_BOUND('',#2797,.T.);
#1653=PLANE('',#2798);
#1654=SURFACE_STYLE_USAGE(.BOTH.,#2799);
#1655=FACE_OUTER_BOUND('',#2800,.T.);
#1656=PLANE('',#2801);
#1657=SURFACE_STYLE_USAGE(.BOTH.,#2802);
#1658=FACE_OUTER_BOUND('',#2803,.T.);
#1659=PLANE('',#2804);
#1660=SURFACE_STYLE_USAGE(.BOTH.,#2805);
#1661=FACE_OUTER_BOUND('',#2806,.T.);
#1662=PLANE('',#2807);
#1663=SURFACE_STYLE_USAGE(.BOTH.,#2808);
#1664=FACE_OUTER_BOUND('',#2809,.T.);
#1665=PLANE('',#2810);
#1666=SURFACE_STYLE_USAGE(.BOTH.,#2811);
#1667=FACE_OUTER_BOUND('',#2812,.T.);
#1668=PLANE('',#2813);
#1669=SURFACE_STYLE_USAGE(.BOTH.,#2814);
#1670=FACE_OUTER_BOUND('',#2815,.T.);
#1671=PLANE('',#2816);
#1672=SURFACE_STYLE_USAGE(.BOTH.,#2817);
#1673=FACE_OUTER_BOUND('',#2818,.T.);
#1674=PLANE('',#2819);
#1675=SURFACE_STYLE_USAGE(.BOTH.,#2820);
#1676=FACE_OUTER_BOUND('',#2821,.T.);
#1677=PLANE('',#2822);
#1678=SURFACE_STYLE_USAGE(.BOTH.,#2823);
#1679=FACE_OUTER_BOUND('',#2824,.T.);
#1680=PLANE('',#2825);
#1681=SURFACE_STYLE_USAGE(.BOTH.,#2826);
#1682=FACE_OUTER_BOUND('',#2827,.T.);
#1683=PLANE('',#2828);
#1684=SURFACE_STYLE_USAGE(.BOTH.,#2829);
#1685=FACE_OUTER_BOUND('',#2830,.T.);
#1686=PLANE('',#2831);
#1687=SURFACE_STYLE_USAGE(.BOTH.,#2832);
#1688=FACE_OUTER_BOUND('',#2833,.T.);
#1689=PLANE('',#2834);
#1690=SURFACE_STYLE_USAGE(.BOTH.,#2835);
#1691=FACE_OUTER_BOUND('',#2836,.T.);
#1692=PLANE('',#2837);
#1693=SURFACE_STYLE_USAGE(.BOTH.,#2838);
#1694=FACE_OUTER_BOUND('',#2839,.T.);
#1695=PLANE('',#2840);
#1696=SURFACE_STYLE_USAGE(.BOTH.,#2841);
#1697=FACE_OUTER_BOUND('',#2842,.T.);
#1698=PLANE('',#2843);
#1699=SURFACE_STYLE_USAGE(.BOTH.,#2844);
#1700=FACE_OUTER_BOUND('',#2845,.T.);
#1701=PLANE('',#2846);
#1702=SURFACE_STYLE_USAGE(.BOTH.,#2847);
#1703=FACE_OUTER_BOUND('',#2848,.T.);
#1704=PLANE('',#2849);
#1705=SURFACE_STYLE_USAGE(.BOTH.,#2850);
#1706=FACE_OUTER_BOUND('',#2851,.T.);
#1707=PLANE('',#2852);
#1708=SURFACE_STYLE_USAGE(.BOTH.,#2853);
#1709=FACE_OUTER_BOUND('',#2854,.T.);
#1710=PLANE('',#2855);
#1711=SURFACE_STYLE_USAGE(.BOTH.,#2856);
#1712=FACE_OUTER_BOUND('',#2857,.T.);
#1713=PLANE('',#2858);
#1714=SURFACE_STYLE_USAGE(.BOTH.,#2859);
#1715=FACE_OUTER_BOUND('',#2860,.T.);
#1716=PLANE('',#2861);
#1717=SURFACE_STYLE_USAGE(.BOTH.,#2862);
#1718=FACE_OUTER_BOUND('',#2863,.T.);
#1719=PLANE('',#2864);
#1720=SURFACE_STYLE_USAGE(.BOTH.,#2865);
#1721=FACE_OUTER_BOUND('',#2866,.T.);
#1722=PLANE('',#2867);
#1723=SURFACE_STYLE_USAGE(.BOTH.,#2868);
#1724=FACE_OUTER_BOUND('',#2869,.T.);
#1725=PLANE('',#2870);
#1726=SURFACE_STYLE_USAGE(.BOTH.,#2871);
#1727=FACE_OUTER_BOUND('',#2872,.T.);
#1728=PLANE('',#2873);
#1729=SURFACE_STYLE_USAGE(.BOTH.,#2874);
#1730=FACE_OUTER_BOUND('',#2875,.T.);
#1731=PLANE('',#2876);
#1732=SURFACE_STYLE_USAGE(.BOTH.,#2877);
#1733=FACE_OUTER_BOUND('',#2878,.T.);
#1734=PLANE('',#2879);
#1735=SURFACE_STYLE_USAGE(.BOTH.,#2880);
#1736=FACE_OUTER_BOUND('',#2881,.T.);
#1737=PLANE('',#2882);
#1738=SURFACE_STYLE_USAGE(.BOTH.,#2883);
#1739=FACE_OUTER_BOUND('',#2884,.T.);
#1740=PLANE('',#2885);
#1741=SURFACE_STYLE_USAGE(.BOTH.,#2886);
#1742=FACE_OUTER_BOUND('',#2887,.T.);
#1743=PLANE('',#2888);
#1744=SURFACE_STYLE_USAGE(.BOTH.,#2889);
#1745=FACE_OUTER_BOUND('',#2890,.T.);
#1746=PLANE('',#2891);
#1747=SURFACE_STYLE_USAGE(.BOTH.,#2892);
#1748=FACE_OUTER_BOUND('',#2893,.T.);
#1749=PLANE('',#2894);
#1750=SURFACE_STYLE_USAGE(.BOTH.,#2895);
#1751=FACE_OUTER_BOUND('',#2896,.T.);
#1752=PLANE('',#2897);
#1753=SURFACE_STYLE_USAGE(.BOTH.,#2898);
#1754=FACE_OUTER_BOUND('',#2899,.T.);
#1755=PLANE('',#2900);
#1756=SURFACE_STYLE_USAGE(.BOTH.,#2901);
#1757=FACE_OUTER_BOUND('',#2902,.T.);
#1758=PLANE('',#2903);
#1759=SURFACE_STYLE_USAGE(.BOTH.,#2904);
#1760=FACE_OUTER_BOUND('',#2905,.T.);
#1761=PLANE('',#2906);
#1762=SURFACE_STYLE_USAGE(.BOTH.,#2907);
#1763=FACE_OUTER_BOUND('',#2908,.T.);
#1764=PLANE('',#2909);
#1765=SURFACE_STYLE_USAGE(.BOTH.,#2910);
#1766=FACE_OUTER_BOUND('',#2911,.T.);
#1767=PLANE('',#2912);
#1768=SURFACE_STYLE_USAGE(.BOTH.,#2913);
#1769=FACE_OUTER_BOUND('',#2914,.T.);
#1770=PLANE('',#2915);
#1771=SURFACE_STYLE_USAGE(.BOTH.,#2916);
#1772=FACE_OUTER_BOUND('',#2917,.T.);
#1773=PLANE('',#2918);
#1774=SURFACE_STYLE_USAGE(.BOTH.,#2919);
#1775=FACE_OUTER_BOUND('',#2920,.T.);
#1776=PLANE('',#2921);
#1777=SURFACE_STYLE_USAGE(.BOTH.,#2922);
#1778=FACE_OUTER_BOUND('',#2923,.T.);
#1779=PLANE('',#2924);
#1780=SURFACE_STYLE_USAGE(.BOTH.,#2925);
#1781=FACE_OUTER_BOUND('',#2926,.T.);
#1782=PLANE('',#2927);
#1783=SURFACE_STYLE_USAGE(.BOTH.,#2928);
#1784=FACE_OUTER_BOUND('',#2929,.T.);
#1785=PLANE('',#2930);
#1786=SURFACE_STYLE_USAGE(.BOTH.,#2931);
#1787=FACE_OUTER_BOUND('',#2932,.T.);
#1788=PLANE('',#2933);
#1789=SURFACE_STYLE_USAGE(.BOTH.,#2934);
#1790=FACE_OUTER_BOUND('',#2935,.T.);
#1791=PLANE('',#2936);
#1792=SURFACE_STYLE_USAGE(.BOTH.,#2937);
#1793=FACE_OUTER_BOUND('',#2938,.T.);
#1794=PLANE('',#2939);
#1795=SURFACE_STYLE_USAGE(.BOTH.,#2940);
#1796=FACE_OUTER_BOUND('',#2941,.T.);
#1797=PLANE('',#2942);
#1798=SURFACE_STYLE_USAGE(.BOTH.,#2943);
#1799=FACE_OUTER_BOUND('',#2944,.T.);
#1800=PLANE('',#2945);
#1801=SURFACE_STYLE_USAGE(.BOTH.,#2946);
#1802=FACE_OUTER_BOUND('',#2947,.T.);
#1803=PLANE('',#2948);
#1804=SURFACE_STYLE_USAGE(.BOTH.,#2949);
#1805=FACE_OUTER_BOUND('',#2950,.T.);
#1806=PLANE('',#2951);
#1807=SURFACE_STYLE_USAGE(.BOTH.,#2952);
#1808=FACE_OUTER_BOUND('',#2953,.T.);
#1809=PLANE('',#2954);
#1810=SURFACE_STYLE_USAGE(.BOTH.,#2955);
#1811=FACE_OUTER_BOUND('',#2956,.T.);
#1812=PLANE('',#2957);
#1813=SURFACE_STYLE_USAGE(.BOTH.,#2958);
#1814=FACE_OUTER_BOUND('',#2959,.T.);
#1815=PLANE('',#2960);
#1816=SURFACE_STYLE_USAGE(.BOTH.,#2961);
#1817=FACE_OUTER_BOUND('',#2962,.T.);
#1818=PLANE('',#2963);
#1819=SURFACE_STYLE_USAGE(.BOTH.,#2964);
#1820=FACE_OUTER_BOUND('',#2965,.T.);
#1821=PLANE('',#2966);
#1822=SURFACE_STYLE_USAGE(.BOTH.,#2967);
#1823=FACE_OUTER_BOUND('',#2968,.T.);
#1824=PLANE('',#2969);
#1825=SURFACE_STYLE_USAGE(.BOTH.,#2970);
#1826=FACE_OUTER_BOUND('',#2971,.T.);
#1827=PLANE('',#2972);
#1828=SURFACE_STYLE_USAGE(.BOTH.,#2973);
#1829=FACE_OUTER_BOUND('',#2974,.T.);
#1830=PLANE('',#2975);
#1831=SURFACE_STYLE_USAGE(.BOTH.,#2976);
#1832=FACE_OUTER_BOUND('',#2977,.T.);
#1833=PLANE('',#2978);
#1834=SURFACE_STYLE_USAGE(.BOTH.,#2979);
#1835=FACE_OUTER_BOUND('',#2980,.T.);
#1836=PLANE('',#2981);
#1837=SURFACE_STYLE_USAGE(.BOTH.,#2982);
#1838=FACE_OUTER_BOUND('',#2983,.T.);
#1839=PLANE('',#2984);
#1840=SURFACE_STYLE_USAGE(.BOTH.,#2985);
#1841=FACE_OUTER_BOUND('',#2986,.T.);
#1842=PLANE('',#2987);
#1843=SURFACE_STYLE_USAGE(.BOTH.,#2988);
#1844=FACE_OUTER_BOUND('',#2989,.T.);
#1845=PLANE('',#2990);
#1846=SURFACE_STYLE_USAGE(.BOTH.,#2991);
#1847=FACE_OUTER_BOUND('',#2992,.T.);
#1848=PLANE('',#2993);
#1849=SURFACE_STYLE_USAGE(.BOTH.,#2994);
#1850=FACE_OUTER_BOUND('',#2995,.T.);
#1851=PLANE('',#2996);
#1852=SURFACE_STYLE_USAGE(.BOTH.,#2997);
#1853=FACE_OUTER_BOUND('',#2998,.T.);
#1854=PLANE('',#2999);
#1855=SURFACE_STYLE_USAGE(.BOTH.,#3000);
#1856=FACE_OUTER_BOUND('',#3001,.T.);
#1857=PLANE('',#3002);
#1858=SURFACE_STYLE_USAGE(.BOTH.,#3003);
#1859=FACE_OUTER_BOUND('',#3004,.T.);
#1860=PLANE('',#3005);
#1861=SURFACE_STYLE_USAGE(.BOTH.,#3006);
#1862=FACE_OUTER_BOUND('',#3007,.T.);
#1863=PLANE('',#3008);
#1864=SURFACE_STYLE_USAGE(.BOTH.,#3009);
#1865=FACE_OUTER_BOUND('',#3010,.T.);
#1866=PLANE('',#3011);
#1867=SURFACE_STYLE_USAGE(.BOTH.,#3012);
#1868=FACE_OUTER_BOUND('',#3013,.T.);
#1869=PLANE('',#3014);
#1870=SURFACE_STYLE_USAGE(.BOTH.,#3015);
#1871=FACE_OUTER_BOUND('',#3016,.T.);
#1872=PLANE('',#3017);
#1873=SURFACE_STYLE_USAGE(.BOTH.,#3018);
#1874=FACE_OUTER_BOUND('',#3019,.T.);
#1875=PLANE('',#3020);
#1876=SURFACE_STYLE_USAGE(.BOTH.,#3021);
#1877=FACE_OUTER_BOUND('',#3022,.T.);
#1878=PLANE('',#3023);
#1879=SURFACE_STYLE_USAGE(.BOTH.,#3024);
#1880=FACE_OUTER_BOUND('',#3025,.T.);
#1881=PLANE('',#3026);
#1882=SURFACE_STYLE_USAGE(.BOTH.,#3027);
#1883=FACE_OUTER_BOUND('',#3028,.T.);
#1884=PLANE('',#3029);
#1885=SURFACE_STYLE_USAGE(.BOTH.,#3030);
#1886=FACE_OUTER_BOUND('',#3031,.T.);
#1887=PLANE('',#3032);
#1888=SURFACE_STYLE_USAGE(.BOTH.,#3033);
#1889=FACE_OUTER_BOUND('',#3034,.T.);
#1890=PLANE('',#3035);
#1891=SURFACE_STYLE_USAGE(.BOTH.,#3036);
#1892=FACE_OUTER_BOUND('',#3037,.T.);
#1893=PLANE('',#3038);
#1894=SURFACE_STYLE_USAGE(.BOTH.,#3039);
#1895=FACE_OUTER_BOUND('',#3040,.T.);
#1896=PLANE('',#3041);
#1897=SURFACE_STYLE_USAGE(.BOTH.,#3042);
#1898=FACE_OUTER_BOUND('',#3043,.T.);
#1899=PLANE('',#3044);
#1900=SURFACE_STYLE_USAGE(.BOTH.,#3045);
#1901=FACE_OUTER_BOUND('',#3046,.T.);
#1902=PLANE('',#3047);
#1903=SURFACE_STYLE_USAGE(.BOTH.,#3048);
#1904=FACE_OUTER_BOUND('',#3049,.T.);
#1905=PLANE('',#3050);
#1906=SURFACE_STYLE_USAGE(.BOTH.,#3051);
#1907=FACE_OUTER_BOUND('',#3052,.T.);
#1908=PLANE('',#3053);
#1909=SURFACE_STYLE_USAGE(.BOTH.,#3054);
#1910=FACE_OUTER_BOUND('',#3055,.T.);
#1911=PLANE('',#3056);
#1912=SURFACE_STYLE_USAGE(.BOTH.,#3057);
#1913=FACE_OUTER_BOUND('',#3058,.T.);
#1914=PLANE('',#3059);
#1915=SURFACE_STYLE_USAGE(.BOTH.,#3060);
#1916=FACE_OUTER_BOUND('',#3061,.T.);
#1917=PLANE('',#3062);
#1918=SURFACE_STYLE_USAGE(.BOTH.,#3063);
#1919=FACE_OUTER_BOUND('',#3064,.T.);
#1920=PLANE('',#3065);
#1921=SURFACE_STYLE_USAGE(.BOTH.,#3066);
#1922=FACE_OUTER_BOUND('',#3067,.T.);
#1923=PLANE('',#3068);
#1924=SURFACE_STYLE_USAGE(.BOTH.,#3069);
#1925=FACE_OUTER_BOUND('',#3070,.T.);
#1926=PLANE('',#3071);
#1927=SURFACE_STYLE_USAGE(.BOTH.,#3072);
#1928=FACE_OUTER_BOUND('',#3073,.T.);
#1929=PLANE('',#3074);
#1930=SURFACE_STYLE_USAGE(.BOTH.,#3075);
#1931=FACE_OUTER_BOUND('',#3076,.T.);
#1932=PLANE('',#3077);
#1933=SURFACE_STYLE_USAGE(.BOTH.,#3078);
#1934=FACE_OUTER_BOUND('',#3079,.T.);
#1935=PLANE('',#3080);
#1936=SURFACE_STYLE_USAGE(.BOTH.,#3081);
#1937=FACE_OUTER_BOUND('',#3082,.T.);
#1938=PLANE('',#3083);
#1939=SURFACE_STYLE_USAGE(.BOTH.,#3084);
#1940=FACE_OUTER_BOUND('',#3085,.T.);
#1941=PLANE('',#3086);
#1942=SURFACE_STYLE_USAGE(.BOTH.,#3087);
#1943=FACE_OUTER_BOUND('',#3088,.T.);
#1944=PLANE('',#3089);
#1945=SURFACE_STYLE_USAGE(.BOTH.,#3090);
#1946=FACE_OUTER_BOUND('',#3091,.T.);
#1947=PLANE('',#3092);
#1948=SURFACE_STYLE_USAGE(.BOTH.,#3093);
#1949=FACE_OUTER_BOUND('',#3094,.T.);
#1950=PLANE('',#3095);
#1951=SURFACE_STYLE_USAGE(.BOTH.,#3096);
#1952=FACE_OUTER_BOUND('',#3097,.T.);
#1953=PLANE('',#3098);
#1954=SURFACE_STYLE_USAGE(.BOTH.,#3099);
#1955=FACE_OUTER_BOUND('',#3100,.T.);
#1956=PLANE('',#3101);
#1957=SURFACE_STYLE_USAGE(.BOTH.,#3102);
#1958=FACE_OUTER_BOUND('',#3103,.T.);
#1959=PLANE('',#3104);
#1960=SURFACE_STYLE_USAGE(.BOTH.,#3105);
#1961=FACE_OUTER_BOUND('',#3106,.T.);
#1962=PLANE('',#3107);
#1963=SURFACE_STYLE_USAGE(.BOTH.,#3108);
#1964=FACE_OUTER_BOUND('',#3109,.T.);
#1965=PLANE('',#3110);
#1966=SURFACE_STYLE_USAGE(.BOTH.,#3111);
#1967=FACE_OUTER_BOUND('',#3112,.T.);
#1968=PLANE('',#3113);
#1969=SURFACE_STYLE_USAGE(.BOTH.,#3114);
#1970=FACE_OUTER_BOUND('',#3115,.T.);
#1971=PLANE('',#3116);
#1972=SURFACE_STYLE_USAGE(.BOTH.,#3117);
#1973=FACE_OUTER_BOUND('',#3118,.T.);
#1974=PLANE('',#3119);
#1975=SURFACE_STYLE_USAGE(.BOTH.,#3120);
#1976=FACE_OUTER_BOUND('',#3121,.T.);
#1977=PLANE('',#3122);
#1978=SURFACE_STYLE_USAGE(.BOTH.,#3123);
#1979=FACE_OUTER_BOUND('',#3124,.T.);
#1980=PLANE('',#3125);
#1981=SURFACE_STYLE_USAGE(.BOTH.,#3126);
#1982=FACE_OUTER_BOUND('',#3127,.T.);
#1983=PLANE('',#3128);
#1984=SURFACE_STYLE_USAGE(.BOTH.,#3129);
#1985=FACE_OUTER_BOUND('',#3130,.T.);
#1986=PLANE('',#3131);
#1987=SURFACE_STYLE_USAGE(.BOTH.,#3132);
#1988=FACE_OUTER_BOUND('',#3133,.T.);
#1989=PLANE('',#3134);
#1990=SURFACE_STYLE_USAGE(.BOTH.,#3135);
#1991=FACE_OUTER_BOUND('',#3136,.T.);
#1992=PLANE('',#3137);
#1993=SURFACE_STYLE_USAGE(.BOTH.,#3138);
#1994=FACE_OUTER_BOUND('',#3139,.T.);
#1995=PLANE('',#3140);
#1996=SURFACE_STYLE_USAGE(.BOTH.,#3141);
#1997=FACE_OUTER_BOUND('',#3142,.T.);
#1998=PLANE('',#3143);
#1999=SURFACE_STYLE_USAGE(.BOTH.,#3144);
#2000=FACE_OUTER_BOUND('',#3145,.T.);
#2001=PLANE('',#3146);
#2002=SURFACE_STYLE_USAGE(.BOTH.,#3147);
#2003=FACE_OUTER_BOUND('',#3148,.T.);
#2004=PLANE('',#3149);
#2005=SURFACE_STYLE_USAGE(.BOTH.,#3150);
#2006=FACE_OUTER_BOUND('',#3151,.T.);
#2007=PLANE('',#3152);
#2008=SURFACE_STYLE_USAGE(.BOTH.,#3153);
#2009=FACE_OUTER_BOUND('',#3154,.T.);
#2010=PLANE('',#3155);
#2011=SURFACE_STYLE_USAGE(.BOTH.,#3156);
#2012=FACE_OUTER_BOUND('',#3157,.T.);
#2013=PLANE('',#3158);
#2014=SURFACE_STYLE_USAGE(.BOTH.,#3159);
#2015=FACE_OUTER_BOUND('',#3160,.T.);
#2016=PLANE('',#3161);
#2017=SURFACE_STYLE_USAGE(.BOTH.,#3162);
#2018=FACE_OUTER_BOUND('',#3163,.T.);
#2019=PLANE('',#3164);
#2020=SURFACE_STYLE_USAGE(.BOTH.,#3165);
#2021=FACE_OUTER_BOUND('',#3166,.T.);
#2022=PLANE('',#3167);
#2023=SURFACE_STYLE_USAGE(.BOTH.,#3168);
#2024=FACE_OUTER_BOUND('',#3169,.T.);
#2025=PLANE('',#3170);
#2026=SURFACE_STYLE_USAGE(.BOTH.,#3171);
#2027=FACE_OUTER_BOUND('',#3172,.T.);
#2028=PLANE('',#3173);
#2029=SURFACE_STYLE_USAGE(.BOTH.,#3174);
#2030=FACE_OUTER_BOUND('',#3175,.T.);
#2031=PLANE('',#3176);
#2032=SURFACE_STYLE_USAGE(.BOTH.,#3177);
#2033=FACE_OUTER_BOUND('',#3178,.T.);
#2034=PLANE('',#3179);
#2035=SURFACE_STYLE_USAGE(.BOTH.,#3180);
#2036=FACE_OUTER_BOUND('',#3181,.T.);
#2037=PLANE('',#3182);
#2038=SURFACE_STYLE_USAGE(.BOTH.,#3183);
#2039=FACE_OUTER_BOUND('',#3184,.T.);
#2040=PLANE('',#3185);
#2041=SURFACE_STYLE_USAGE(.BOTH.,#3186);
#2042=FACE_OUTER_BOUND('',#3187,.T.);
#2043=PLANE('',#3188);
#2044=SURFACE_STYLE_USAGE(.BOTH.,#3189);
#2045=FACE_OUTER_BOUND('',#3190,.T.);
#2046=PLANE('',#3191);
#2047=SURFACE_STYLE_USAGE(.BOTH.,#3192);
#2048=FACE_OUTER_BOUND('',#3193,.T.);
#2049=PLANE('',#3194);
#2050=SURFACE_STYLE_USAGE(.BOTH.,#3195);
#2051=FACE_OUTER_BOUND('',#3196,.T.);
#2052=PLANE('',#3197);
#2053=SURFACE_STYLE_USAGE(.BOTH.,#3198);
#2054=FACE_OUTER_BOUND('',#3199,.T.);
#2055=PLANE('',#3200);
#2056=SURFACE_STYLE_USAGE(.BOTH.,#3201);
#2057=FACE_OUTER_BOUND('',#3202,.T.);
#2058=PLANE('',#3203);
#2059=SURFACE_STYLE_USAGE(.BOTH.,#3204);
#2060=FACE_OUTER_BOUND('',#3205,.T.);
#2061=PLANE('',#3206);
#2062=SURFACE_STYLE_USAGE(.BOTH.,#3207);
#2063=FACE_OUTER_BOUND('',#3208,.T.);
#2064=PLANE('',#3209);
#2065=SURFACE_STYLE_USAGE(.BOTH.,#3210);
#2066=FACE_OUTER_BOUND('',#3211,.T.);
#2067=PLANE('',#3212);
#2068=SURFACE_STYLE_USAGE(.BOTH.,#3213);
#2069=FACE_OUTER_BOUND('',#3214,.T.);
#2070=PLANE('',#3215);
#2071=SURFACE_STYLE_USAGE(.BOTH.,#3216);
#2072=FACE_OUTER_BOUND('',#3217,.T.);
#2073=PLANE('',#3218);
#2074=SURFACE_STYLE_USAGE(.BOTH.,#3219);
#2075=FACE_OUTER_BOUND('',#3220,.T.);
#2076=PLANE('',#3221);
#2077=SURFACE_STYLE_USAGE(.BOTH.,#3222);
#2078=FACE_OUTER_BOUND('',#3223,.T.);
#2079=PLANE('',#3224);
#2080=SURFACE_STYLE_USAGE(.BOTH.,#3225);
#2081=FACE_OUTER_BOUND('',#3226,.T.);
#2082=PLANE('',#3227);
#2083=SURFACE_STYLE_USAGE(.BOTH.,#3228);
#2084=FACE_OUTER_BOUND('',#3229,.T.);
#2085=PLANE('',#3230);
#2086=SURFACE_STYLE_USAGE(.BOTH.,#3231);
#2087=FACE_OUTER_BOUND('',#3232,.T.);
#2088=PLANE('',#3233);
#2089=SURFACE_STYLE_USAGE(.BOTH.,#3234);
#2090=FACE_OUTER_BOUND('',#3235,.T.);
#2091=PLANE('',#3236);
#2092=SURFACE_STYLE_USAGE(.BOTH.,#3237);
#2093=FACE_OUTER_BOUND('',#3238,.T.);
#2094=PLANE('',#3239);
#2095=SURFACE_STYLE_USAGE(.BOTH.,#3240);
#2096=FACE_OUTER_BOUND('',#3241,.T.);
#2097=PLANE('',#3242);
#2098=SURFACE_STYLE_USAGE(.BOTH.,#3243);
#2099=FACE_OUTER_BOUND('',#3244,.T.);
#2100=PLANE('',#3245);
#2101=SURFACE_STYLE_USAGE(.BOTH.,#3246);
#2102=FACE_OUTER_BOUND('',#3247,.T.);
#2103=PLANE('',#3248);
#2104=SURFACE_STYLE_USAGE(.BOTH.,#3249);
#2105=FACE_BOUND('',#3250,.T.);
#2106=FACE_BOUND('',#3251,.T.);
#2107=FACE_OUTER_BOUND('',#3252,.T.);
#2108=PLANE('',#3253);
#2109=SURFACE_STYLE_USAGE(.BOTH.,#3254);
#2110=FACE_OUTER_BOUND('',#3255,.T.);
#2111=PLANE('',#3256);
#2112=SURFACE_STYLE_USAGE(.BOTH.,#3257);
#2113=FACE_OUTER_BOUND('',#3258,.T.);
#2114=PLANE('',#3259);
#2115=SURFACE_STYLE_USAGE(.BOTH.,#3260);
#2116=FACE_OUTER_BOUND('',#3261,.T.);
#2117=PLANE('',#3262);
#2118=SURFACE_STYLE_USAGE(.BOTH.,#3263);
#2119=FACE_OUTER_BOUND('',#3264,.T.);
#2120=PLANE('',#3265);
#2121=SURFACE_STYLE_USAGE(.BOTH.,#3266);
#2122=FACE_OUTER_BOUND('',#3267,.T.);
#2123=PLANE('',#3268);
#2124=SURFACE_STYLE_USAGE(.BOTH.,#3269);
#2125=FACE_BOUND('',#3270,.T.);
#2126=FACE_BOUND('',#3271,.T.);
#2127=FACE_OUTER_BOUND('',#3272,.T.);
#2128=PLANE('',#3273);
#2129=SURFACE_STYLE_USAGE(.BOTH.,#3274);
#2130=FACE_OUTER_BOUND('',#3275,.T.);
#2131=PLANE('',#3276);
#2132=SURFACE_STYLE_USAGE(.BOTH.,#3277);
#2133=FACE_OUTER_BOUND('',#3278,.T.);
#2134=PLANE('',#3279);
#2135=SURFACE_STYLE_USAGE(.BOTH.,#3280);
#2136=FACE_OUTER_BOUND('',#3281,.T.);
#2137=PLANE('',#3282);
#2138=SURFACE_STYLE_USAGE(.BOTH.,#3283);
#2139=FACE_BOUND('',#3284,.T.);
#2140=FACE_BOUND('',#3285,.T.);
#2141=FACE_OUTER_BOUND('',#3286,.T.);
#2142=PLANE('',#3287);
#2143=SURFACE_STYLE_USAGE(.BOTH.,#3288);
#2144=FACE_OUTER_BOUND('',#3289,.T.);
#2145=PLANE('',#3290);
#2146=SURFACE_STYLE_USAGE(.BOTH.,#3291);
#2147=FACE_OUTER_BOUND('',#3292,.T.);
#2148=PLANE('',#3293);
#2149=SURFACE_STYLE_USAGE(.BOTH.,#3294);
#2150=FACE_OUTER_BOUND('',#3295,.T.);
#2151=PLANE('',#3296);
#2152=SURFACE_STYLE_USAGE(.BOTH.,#3297);
#2153=FACE_BOUND('',#3298,.T.);
#2154=FACE_BOUND('',#3299,.T.);
#2155=FACE_OUTER_BOUND('',#3300,.T.);
#2156=PLANE('',#3301);
#2157=SURFACE_STYLE_USAGE(.BOTH.,#3302);
#2158=FACE_OUTER_BOUND('',#3303,.T.);
#2159=PLANE('',#3304);
#2160=SURFACE_STYLE_USAGE(.BOTH.,#3305);
#2161=FACE_OUTER_BOUND('',#3306,.T.);
#2162=PLANE('',#3307);
#2163=SURFACE_STYLE_USAGE(.BOTH.,#3308);
#2164=FACE_OUTER_BOUND('',#3309,.T.);
#2165=PLANE('',#3310);
#2166=SURFACE_STYLE_USAGE(.BOTH.,#3311);
#2167=FACE_BOUND('',#3312,.T.);
#2168=FACE_BOUND('',#3313,.T.);
#2169=FACE_OUTER_BOUND('',#3314,.T.);
#2170=PLANE('',#3315);
#2171=SURFACE_STYLE_USAGE(.BOTH.,#3316);
#2172=FACE_OUTER_BOUND('',#3317,.T.);
#2173=PLANE('',#3318);
#2174=SURFACE_STYLE_USAGE(.BOTH.,#3319);
#2175=FACE_OUTER_BOUND('',#3320,.T.);
#2176=PLANE('',#3321);
#2177=SURFACE_STYLE_USAGE(.BOTH.,#3322);
#2178=FACE_OUTER_BOUND('',#3323,.T.);
#2179=PLANE('',#3324);
#2180=SURFACE_STYLE_USAGE(.BOTH.,#3325);
#2181=FACE_BOUND('',#3326,.T.);
#2182=FACE_BOUND('',#3327,.T.);
#2183=FACE_OUTER_BOUND('',#3328,.T.);
#2184=PLANE('',#3329);
#2185=SURFACE_STYLE_USAGE(.BOTH.,#3330);
#2186=FACE_OUTER_BOUND('',#3331,.T.);
#2187=PLANE('',#3332);
#2188=SURFACE_STYLE_USAGE(.BOTH.,#3333);
#2189=FACE_OUTER_BOUND('',#3334,.T.);
#2190=PLANE('',#3335);
#2191=SURFACE_STYLE_USAGE(.BOTH.,#3336);
#2192=FACE_OUTER_BOUND('',#3337,.T.);
#2193=PLANE('',#3338);
#2194=SURFACE_STYLE_USAGE(.BOTH.,#3339);
#2195=FACE_BOUND('',#3340,.T.);
#2196=FACE_BOUND('',#3341,.T.);
#2197=FACE_OUTER_BOUND('',#3342,.T.);
#2198=PLANE('',#3343);
#2199=SURFACE_STYLE_USAGE(.BOTH.,#3344);
#2200=FACE_OUTER_BOUND('',#3345,.T.);
#2201=PLANE('',#3346);
#2202=SURFACE_STYLE_USAGE(.BOTH.,#3347);
#2203=FACE_OUTER_BOUND('',#3348,.T.);
#2204=PLANE('',#3349);
#2205=SURFACE_STYLE_USAGE(.BOTH.,#3350);
#2206=FACE_OUTER_BOUND('',#3351,.T.);
#2207=PLANE('',#3352);
#2208=SURFACE_STYLE_USAGE(.BOTH.,#3353);
#2209=FACE_BOUND('',#3354,.T.);
#2210=FACE_BOUND('',#3355,.T.);
#2211=FACE_OUTER_BOUND('',#3356,.T.);
#2212=PLANE('',#3357);
#2213=SURFACE_STYLE_USAGE(.BOTH.,#3358);
#2214=FACE_OUTER_BOUND('',#3359,.T.);
#2215=PLANE('',#3360);
#2216=SURFACE_STYLE_USAGE(.BOTH.,#3361);
#2217=FACE_OUTER_BOUND('',#3362,.T.);
#2218=PLANE('',#3363);
#2219=SURFACE_STYLE_USAGE(.BOTH.,#3364);
#2220=FACE_OUTER_BOUND('',#3365,.T.);
#2221=PLANE('',#3366);
#2222=SURFACE_STYLE_USAGE(.BOTH.,#3367);
#2223=FACE_BOUND('',#3368,.T.);
#2224=FACE_BOUND('',#3369,.T.);
#2225=FACE_OUTER_BOUND('',#3370,.T.);
#2226=PLANE('',#3371);
#2227=SURFACE_STYLE_USAGE(.BOTH.,#3372);
#2228=FACE_OUTER_BOUND('',#3373,.T.);
#2229=PLANE('',#3374);
#2230=SURFACE_STYLE_USAGE(.BOTH.,#3375);
#2231=FACE_OUTER_BOUND('',#3376,.T.);
#2232=PLANE('',#3377);
#2233=SURFACE_STYLE_USAGE(.BOTH.,#3378);
#2234=FACE_OUTER_BOUND('',#3379,.T.);
#2235=PLANE('',#3380);
#2236=SURFACE_STYLE_USAGE(.BOTH.,#3381);
#2237=FACE_BOUND('',#3382,.T.);
#2238=FACE_BOUND('',#3383,.T.);
#2239=FACE_OUTER_BOUND('',#3384,.T.);
#2240=PLANE('',#3385);
#2241=SURFACE_STYLE_USAGE(.BOTH.,#3386);
#2242=FACE_OUTER_BOUND('',#3387,.T.);
#2243=PLANE('',#3388);
#2244=SURFACE_STYLE_USAGE(.BOTH.,#3389);
#2245=FACE_OUTER_BOUND('',#3390,.T.);
#2246=PLANE('',#3391);
#2247=SURFACE_STYLE_USAGE(.BOTH.,#3392);
#2248=FACE_OUTER_BOUND('',#3393,.T.);
#2249=PLANE('',#3394);
#2250=SURFACE_STYLE_USAGE(.BOTH.,#3395);
#2251=FACE_BOUND('',#3396,.T.);
#2252=FACE_BOUND('',#3397,.T.);
#2253=FACE_BOUND('',#3398,.T.);
#2254=FACE_BOUND('',#3399,.T.);
#2255=FACE_BOUND('',#3400,.T.);
#2256=FACE_BOUND('',#3401,.T.);
#2257=FACE_BOUND('',#3402,.T.);
#2258=FACE_BOUND('',#3403,.T.);
#2259=FACE_BOUND('',#3404,.T.);
#2260=FACE_BOUND('',#3405,.T.);
#2261=FACE_BOUND('',#3406,.T.);
#2262=FACE_BOUND('',#3407,.T.);
#2263=FACE_BOUND('',#3408,.T.);
#2264=FACE_BOUND('',#3409,.T.);
#2265=FACE_BOUND('',#3410,.T.);
#2266=FACE_BOUND('',#3411,.T.);
#2267=FACE_BOUND('',#3412,.T.);
#2268=FACE_BOUND('',#3413,.T.);
#2269=FACE_BOUND('',#3414,.T.);
#2270=FACE_BOUND('',#3415,.T.);
#2271=FACE_OUTER_BOUND('',#3416,.T.);
#2272=PLANE('',#3417);
#2273=SURFACE_STYLE_USAGE(.BOTH.,#3418);
#2274=FACE_OUTER_BOUND('',#3419,.T.);
#2275=PLANE('',#3420);
#2276=PRODUCT_CONTEXT('',#376,'mechanical');
#2277=PRODUCT_DEFINITION_FORMATION_WITH_SPECIFIED_SOURCE(' ','NONE',#1121,.NOT_KNOWN.);
#2278=CLOSED_SHELL('',(#390,#392,#394,#396,#398,#400,#402,#404,#406,#408,#410,#412,#414,#416,#418,#420,#422,#424,#426,#428,#430,#432,#434,#436,#438,#440,#442,#444,#446,#448,#450,#452,#454,#456,#458,#460,#462,#464,#466,#468,#470,#472,#474,#476,#478,#480,#482,#484,#486,#488,#490,#492,#494,#496,#498,#500,#502,#504,#506,#508,#510,#512,#514,#516,#518,#520,#522,#524,#526,#528,#530,#532,#534,#536,#538,#540,#542,#544,#546,#548,#550,#552,#554,#556,#558,#560,#562,#564,#566,#568,#570,#572,#574,#576,#578,#580,#582,#584,#586,#588,#590,#592,#594,#596,#598,#600,#602,#604,#606,#608,#610,#612,#614,#616,#618,#620,#622,#624,#626,#628,#630,#632,#634,#636,#638,#640,#642,#644,#646,#648,#650,#652,#654,#656,#658,#660,#662,#664,#666,#668,#670,#672,#674,#676,#678,#680,#682,#684,#686,#688,#690,#692,#694,#696,#698,#700,#702,#704,#706,#708,#710,#712,#714,#716,#718,#720,#722,#724,#726,#728,#730,#732,#734,#736,#738,#740,#742,#744,#746,#748,#750,#752,#754,#756,#758,#760,#762,#764,#766,#768,#770,#772,#774,#776,#778,#780,#782,#784,#786,#788,#790,#792,#794,#796,#798,#800,#802,#804,#806,#808,#810,#812,#814,#816,#818,#820,#822,#824,#826,#828,#830,#832,#834,#836,#838,#840,#842,#844,#846,#848,#850,#852,#854,#856,#858,#860,#862,#864,#866,#868,#870,#872,#874,#876,#878,#880,#882,#884,#886,#888,#890,#892,#894,#896,#898,#900,#902,#904,#906,#908,#910,#912,#914,#916,#918,#920,#922,#924,#926,#928,#930,#932,#934,#936,#938,#940,#942,#944,#946,#948,#950,#952,#954,#956,#958,#960,#962,#964,#966,#968,#970,#972,#974,#976,#978,#980,#982,#984,#986,#988,#990,#992,#994,#996,#998,#1000,#1002,#1004,#1006,#1008,#1010,#1012,#1014,#1016,#1018,#1020,#1022,#1024,#1026,#1028,#1030,#1032,#1034,#1036,#1038,#1040,#1042,#1044,#1046,#1048,#1050,#1052,#1054,#1056,#1058,#1060,#1062,#1064,#1066,#1068,#1070,#1072,#1074,#1076,#1078,#1080,#1082,#1084,#1086,#1088,#1090,#1092,#1094,#1096,#1098,#1100,#1102,#1104,#1106,#1108,#1110,#1112,#1114,#1116,#1118,#1120));
#2279=CARTESIAN_POINT('',(0.0,0.0,0.0));
#2280=DIRECTION('',(0.0,0.0,1.0));
#2281=DIRECTION('',(1.0,0.0,0.0));
#2282= (NAMED_UNIT(#1130)LENGTH_UNIT()SI_UNIT(.MILLI.,.METRE.));
#2283=SURFACE_SIDE_STYLE('',(#3422));
#2284=EDGE_LOOP('',(#3423,#3424,#3425,#3426,#3427,#3428));
#2285=AXIS2_PLACEMENT_3D('',#3429,#3430,#3431);
#2286=SURFACE_SIDE_STYLE('',(#3432));
#2287=EDGE_LOOP('',(#3433,#3434,#3435,#3436));
#2288=AXIS2_PLACEMENT_3D('',#3437,#3438,#3439);
#2289=SURFACE_SIDE_STYLE('',(#3440));
#2290=EDGE_LOOP('',(#3441,#3442,#3443,#3444));
#2291=AXIS2_PLACEMENT_3D('',#3445,#3446,#3447);
#2292=SURFACE_SIDE_STYLE('',(#3448));
#2293=EDGE_LOOP('',(#3449,#3450,#3451,#3452));
#2294=AXIS2_PLACEMENT_3D('',#3453,#3454,#3455);
#2295=SURFACE_SIDE_STYLE('',(#3456));
#2296=EDGE_LOOP('',(#3457,#3458,#3459,#3460));
#2297=AXIS2_PLACEMENT_3D('',#3461,#3462,#3463);
#2298=SURFACE_SIDE_STYLE('',(#3464));
#2299=EDGE_LOOP('',(#3465,#3466,#3467,#3468));
#2300=AXIS2_PLACEMENT_3D('',#3469,#3470,#3471);
#2301=SURFACE_SIDE_STYLE('',(#3472));
#2302=EDGE_LOOP('',(#3473,#3474,#3475,#3476,#3477,#3478));
#2303=AXIS2_PLACEMENT_3D('',#3479,#3480,#3481);
#2304=SURFACE_SIDE_STYLE('',(#3482));
#2305=EDGE_LOOP('',(#3483,#3484,#3485,#3486,#3487,#3488));
#2306=AXIS2_PLACEMENT_3D('',#3489,#3490,#3491);
#2307=SURFACE_SIDE_STYLE('',(#3492));
#2308=EDGE_LOOP('',(#3493,#3494,#3495,#3496));
#2309=AXIS2_PLACEMENT_3D('',#3497,#3498,#3499);
#2310=SURFACE_SIDE_STYLE('',(#3500));
#2311=EDGE_LOOP('',(#3501,#3502,#3503,#3504));
#2312=AXIS2_PLACEMENT_3D('',#3505,#3506,#3507);
#2313=SURFACE_SIDE_STYLE('',(#3508));
#2314=EDGE_LOOP('',(#3509,#3510,#3511,#3512));
#2315=AXIS2_PLACEMENT_3D('',#3513,#3514,#3515);
#2316=SURFACE_SIDE_STYLE('',(#3516));
#2317=EDGE_LOOP('',(#3517,#3518,#3519,#3520));
#2318=AXIS2_PLACEMENT_3D('',#3521,#3522,#3523);
#2319=SURFACE_SIDE_STYLE('',(#3524));
#2320=EDGE_LOOP('',(#3525,#3526,#3527,#3528));
#2321=AXIS2_PLACEMENT_3D('',#3529,#3530,#3531);
#2322=SURFACE_SIDE_STYLE('',(#3532));
#2323=EDGE_LOOP('',(#3533,#3534,#3535,#3536,#3537,#3538));
#2324=AXIS2_PLACEMENT_3D('',#3539,#3540,#3541);
#2325=SURFACE_SIDE_STYLE('',(#3542));
#2326=EDGE_LOOP('',(#3543,#3544,#3545,#3546,#3547,#3548));
#2327=AXIS2_PLACEMENT_3D('',#3549,#3550,#3551);
#2328=SURFACE_SIDE_STYLE('',(#3552));
#2329=EDGE_LOOP('',(#3553,#3554,#3555,#3556));
#2330=AXIS2_PLACEMENT_3D('',#3557,#3558,#3559);
#2331=SURFACE_SIDE_STYLE('',(#3560));
#2332=EDGE_LOOP('',(#3561,#3562,#3563,#3564));
#2333=AXIS2_PLACEMENT_3D('',#3565,#3566,#3567);
#2334=SURFACE_SIDE_STYLE('',(#3568));
#2335=EDGE_LOOP('',(#3569,#3570,#3571,#3572));
#2336=AXIS2_PLACEMENT_3D('',#3573,#3574,#3575);
#2337=SURFACE_SIDE_STYLE('',(#3576));
#2338=EDGE_LOOP('',(#3577,#3578,#3579,#3580));
#2339=AXIS2_PLACEMENT_3D('',#3581,#3582,#3583);
#2340=SURFACE_SIDE_STYLE('',(#3584));
#2341=EDGE_LOOP('',(#3585,#3586,#3587,#3588));
#2342=AXIS2_PLACEMENT_3D('',#3589,#3590,#3591);
#2343=SURFACE_SIDE_STYLE('',(#3592));
#2344=EDGE_LOOP('',(#3593,#3594,#3595,#3596,#3597,#3598));
#2345=AXIS2_PLACEMENT_3D('',#3599,#3600,#3601);
#2346=SURFACE_SIDE_STYLE('',(#3602));
#2347=EDGE_LOOP('',(#3603,#3604,#3605,#3606,#3607,#3608));
#2348=AXIS2_PLACEMENT_3D('',#3609,#3610,#3611);
#2349=SURFACE_SIDE_STYLE('',(#3612));
#2350=EDGE_LOOP('',(#3613,#3614,#3615,#3616));
#2351=AXIS2_PLACEMENT_3D('',#3617,#3618,#3619);
#2352=SURFACE_SIDE_STYLE('',(#3620));
#2353=EDGE_LOOP('',(#3621,#3622,#3623,#3624));
#2354=AXIS2_PLACEMENT_3D('',#3625,#3626,#3627);
#2355=SURFACE_SIDE_STYLE('',(#3628));
#2356=EDGE_LOOP('',(#3629,#3630,#3631,#3632));
#2357=AXIS2_PLACEMENT_3D('',#3633,#3634,#3635);
#2358=SURFACE_SIDE_STYLE('',(#3636));
#2359=EDGE_LOOP('',(#3637,#3638,#3639,#3640));
#2360=AXIS2_PLACEMENT_3D('',#3641,#3642,#3643);
#2361=SURFACE_SIDE_STYLE('',(#3644));
#2362=EDGE_LOOP('',(#3645,#3646,#3647,#3648));
#2363=AXIS2_PLACEMENT_3D('',#3649,#3650,#3651);
#2364=SURFACE_SIDE_STYLE('',(#3652));
#2365=EDGE_LOOP('',(#3653,#3654,#3655,#3656,#3657,#3658));
#2366=AXIS2_PLACEMENT_3D('',#3659,#3660,#3661);
#2367=SURFACE_SIDE_STYLE('',(#3662));
#2368=EDGE_LOOP('',(#3663,#3664,#3665,#3666,#3667,#3668));
#2369=AXIS2_PLACEMENT_3D('',#3669,#3670,#3671);
#2370=SURFACE_SIDE_STYLE('',(#3672));
#2371=EDGE_LOOP('',(#3673,#3674,#3675,#3676));
#2372=AXIS2_PLACEMENT_3D('',#3677,#3678,#3679);
#2373=SURFACE_SIDE_STYLE('',(#3680));
#2374=EDGE_LOOP('',(#3681,#3682,#3683,#3684));
#2375=AXIS2_PLACEMENT_3D('',#3685,#3686,#3687);
#2376=SURFACE_SIDE_STYLE('',(#3688));
#2377=EDGE_LOOP('',(#3689,#3690,#3691,#3692));
#2378=AXIS2_PLACEMENT_3D('',#3693,#3694,#3695);
#2379=SURFACE_SIDE_STYLE('',(#3696));
#2380=EDGE_LOOP('',(#3697,#3698,#3699,#3700));
#2381=AXIS2_PLACEMENT_3D('',#3701,#3702,#3703);
#2382=SURFACE_SIDE_STYLE('',(#3704));
#2383=EDGE_LOOP('',(#3705,#3706,#3707,#3708));
#2384=AXIS2_PLACEMENT_3D('',#3709,#3710,#3711);
#2385=SURFACE_SIDE_STYLE('',(#3712));
#2386=EDGE_LOOP('',(#3713,#3714,#3715,#3716,#3717,#3718));
#2387=AXIS2_PLACEMENT_3D('',#3719,#3720,#3721);
#2388=SURFACE_SIDE_STYLE('',(#3722));
#2389=EDGE_LOOP('',(#3723,#3724,#3725,#3726,#3727,#3728));
#2390=AXIS2_PLACEMENT_3D('',#3729,#3730,#3731);
#2391=SURFACE_SIDE_STYLE('',(#3732));
#2392=EDGE_LOOP('',(#3733,#3734,#3735,#3736));
#2393=AXIS2_PLACEMENT_3D('',#3737,#3738,#3739);
#2394=SURFACE_SIDE_STYLE('',(#3740));
#2395=EDGE_LOOP('',(#3741,#3742,#3743,#3744));
#2396=AXIS2_PLACEMENT_3D('',#3745,#3746,#3747);
#2397=SURFACE_SIDE_STYLE('',(#3748));
#2398=EDGE_LOOP('',(#3749,#3750,#3751,#3752));
#2399=AXIS2_PLACEMENT_3D('',#3753,#3754,#3755);
#2400=SURFACE_SIDE_STYLE('',(#3756));
#2401=EDGE_LOOP('',(#3757,#3758,#3759,#3760));
#2402=AXIS2_PLACEMENT_3D('',#3761,#3762,#3763);
#2403=SURFACE_SIDE_STYLE('',(#3764));
#2404=EDGE_LOOP('',(#3765,#3766,#3767,#3768));
#2405=AXIS2_PLACEMENT_3D('',#3769,#3770,#3771);
#2406=SURFACE_SIDE_STYLE('',(#3772));
#2407=EDGE_LOOP('',(#3773,#3774,#3775,#3776,#3777,#3778));
#2408=AXIS2_PLACEMENT_3D('',#3779,#3780,#3781);
#2409=SURFACE_SIDE_STYLE('',(#3782));
#2410=EDGE_LOOP('',(#3783,#3784,#3785,#3786,#3787,#3788));
#2411=AXIS2_PLACEMENT_3D('',#3789,#3790,#3791);
#2412=SURFACE_SIDE_STYLE('',(#3792));
#2413=EDGE_LOOP('',(#3793,#3794,#3795,#3796));
#2414=AXIS2_PLACEMENT_3D('',#3797,#3798,#3799);
#2415=SURFACE_SIDE_STYLE('',(#3800));
#2416=EDGE_LOOP('',(#3801,#3802,#3803,#3804));
#2417=AXIS2_PLACEMENT_3D('',#3805,#3806,#3807);
#2418=SURFACE_SIDE_STYLE('',(#3808));
#2419=EDGE_LOOP('',(#3809,#3810,#3811,#3812));
#2420=AXIS2_PLACEMENT_3D('',#3813,#3814,#3815);
#2421=SURFACE_SIDE_STYLE('',(#3816));
#2422=EDGE_LOOP('',(#3817,#3818,#3819,#3820));
#2423=AXIS2_PLACEMENT_3D('',#3821,#3822,#3823);
#2424=SURFACE_SIDE_STYLE('',(#3824));
#2425=EDGE_LOOP('',(#3825,#3826,#3827,#3828));
#2426=AXIS2_PLACEMENT_3D('',#3829,#3830,#3831);
#2427=SURFACE_SIDE_STYLE('',(#3832));
#2428=EDGE_LOOP('',(#3833,#3834,#3835,#3836,#3837,#3838));
#2429=AXIS2_PLACEMENT_3D('',#3839,#3840,#3841);
#2430=SURFACE_SIDE_STYLE('',(#3842));
#2431=EDGE_LOOP('',(#3843,#3844,#3845,#3846,#3847,#3848));
#2432=AXIS2_PLACEMENT_3D('',#3849,#3850,#3851);
#2433=SURFACE_SIDE_STYLE('',(#3852));
#2434=EDGE_LOOP('',(#3853,#3854,#3855,#3856));
#2435=AXIS2_PLACEMENT_3D('',#3857,#3858,#3859);
#2436=SURFACE_SIDE_STYLE('',(#3860));
#2437=EDGE_LOOP('',(#3861,#3862,#3863,#3864));
#2438=AXIS2_PLACEMENT_3D('',#3865,#3866,#3867);
#2439=SURFACE_SIDE_STYLE('',(#3868));
#2440=EDGE_LOOP('',(#3869,#3870,#3871,#3872));
#2441=AXIS2_PLACEMENT_3D('',#3873,#3874,#3875);
#2442=SURFACE_SIDE_STYLE('',(#3876));
#2443=EDGE_LOOP('',(#3877,#3878,#3879,#3880));
#2444=AXIS2_PLACEMENT_3D('',#3881,#3882,#3883);
#2445=SURFACE_SIDE_STYLE('',(#3884));
#2446=EDGE_LOOP('',(#3885,#3886,#3887,#3888));
#2447=AXIS2_PLACEMENT_3D('',#3889,#3890,#3891);
#2448=SURFACE_SIDE_STYLE('',(#3892));
#2449=EDGE_LOOP('',(#3893,#3894,#3895,#3896,#3897,#3898));
#2450=AXIS2_PLACEMENT_3D('',#3899,#3900,#3901);
#2451=SURFACE_SIDE_STYLE('',(#3902));
#2452=EDGE_LOOP('',(#3903,#3904,#3905,#3906,#3907,#3908));
#2453=AXIS2_PLACEMENT_3D('',#3909,#3910,#3911);
#2454=SURFACE_SIDE_STYLE('',(#3912));
#2455=EDGE_LOOP('',(#3913,#3914,#3915,#3916));
#2456=AXIS2_PLACEMENT_3D('',#3917,#3918,#3919);
#2457=SURFACE_SIDE_STYLE('',(#3920));
#2458=EDGE_LOOP('',(#3921,#3922,#3923,#3924));
#2459=AXIS2_PLACEMENT_3D('',#3925,#3926,#3927);
#2460=SURFACE_SIDE_STYLE('',(#3928));
#2461=EDGE_LOOP('',(#3929,#3930,#3931,#3932));
#2462=AXIS2_PLACEMENT_3D('',#3933,#3934,#3935);
#2463=SURFACE_SIDE_STYLE('',(#3936));
#2464=EDGE_LOOP('',(#3937,#3938,#3939,#3940));
#2465=AXIS2_PLACEMENT_3D('',#3941,#3942,#3943);
#2466=SURFACE_SIDE_STYLE('',(#3944));
#2467=EDGE_LOOP('',(#3945,#3946,#3947,#3948));
#2468=AXIS2_PLACEMENT_3D('',#3949,#3950,#3951);
#2469=SURFACE_SIDE_STYLE('',(#3952));
#2470=EDGE_LOOP('',(#3953,#3954,#3955,#3956,#3957,#3958));
#2471=AXIS2_PLACEMENT_3D('',#3959,#3960,#3961);
#2472=SURFACE_SIDE_STYLE('',(#3962));
#2473=EDGE_LOOP('',(#3963,#3964,#3965,#3966,#3967,#3968));
#2474=AXIS2_PLACEMENT_3D('',#3969,#3970,#3971);
#2475=SURFACE_SIDE_STYLE('',(#3972));
#2476=EDGE_LOOP('',(#3973,#3974,#3975,#3976));
#2477=AXIS2_PLACEMENT_3D('',#3977,#3978,#3979);
#2478=SURFACE_SIDE_STYLE('',(#3980));
#2479=EDGE_LOOP('',(#3981,#3982,#3983,#3984));
#2480=AXIS2_PLACEMENT_3D('',#3985,#3986,#3987);
#2481=SURFACE_SIDE_STYLE('',(#3988));
#2482=EDGE_LOOP('',(#3989,#3990,#3991,#3992));
#2483=AXIS2_PLACEMENT_3D('',#3993,#3994,#3995);
#2484=SURFACE_SIDE_STYLE('',(#3996));
#2485=EDGE_LOOP('',(#3997,#3998,#3999,#4000));
#2486=AXIS2_PLACEMENT_3D('',#4001,#4002,#4003);
#2487=SURFACE_SIDE_STYLE('',(#4004));
#2488=EDGE_LOOP('',(#4005,#4006,#4007,#4008));
#2489=AXIS2_PLACEMENT_3D('',#4009,#4010,#4011);
#2490=SURFACE_SIDE_STYLE('',(#4012));
#2491=EDGE_LOOP('',(#4013,#4014,#4015,#4016,#4017,#4018));
#2492=AXIS2_PLACEMENT_3D('',#4019,#4020,#4021);
#2493=SURFACE_SIDE_STYLE('',(#4022));
#2494=EDGE_LOOP('',(#4023,#4024,#4025,#4026,#4027,#4028));
#2495=AXIS2_PLACEMENT_3D('',#4029,#4030,#4031);
#2496=SURFACE_SIDE_STYLE('',(#4032));
#2497=EDGE_LOOP('',(#4033,#4034,#4035,#4036));
#2498=AXIS2_PLACEMENT_3D('',#4037,#4038,#4039);
#2499=SURFACE_SIDE_STYLE('',(#4040));
#2500=EDGE_LOOP('',(#4041,#4042,#4043,#4044));
#2501=AXIS2_PLACEMENT_3D('',#4045,#4046,#4047);
#2502=SURFACE_SIDE_STYLE('',(#4048));
#2503=EDGE_LOOP('',(#4049,#4050,#4051,#4052));
#2504=AXIS2_PLACEMENT_3D('',#4053,#4054,#4055);
#2505=SURFACE_SIDE_STYLE('',(#4056));
#2506=EDGE_LOOP('',(#4057,#4058,#4059,#4060));
#2507=AXIS2_PLACEMENT_3D('',#4061,#4062,#4063);
#2508=SURFACE_SIDE_STYLE('',(#4064));
#2509=EDGE_LOOP('',(#4065,#4066,#4067,#4068));
#2510=AXIS2_PLACEMENT_3D('',#4069,#4070,#4071);
#2511=SURFACE_SIDE_STYLE('',(#4072));
#2512=EDGE_LOOP('',(#4073,#4074,#4075,#4076,#4077,#4078));
#2513=AXIS2_PLACEMENT_3D('',#4079,#4080,#4081);
#2514=SURFACE_SIDE_STYLE('',(#4082));
#2515=EDGE_LOOP('',(#4083,#4084,#4085,#4086,#4087,#4088));
#2516=AXIS2_PLACEMENT_3D('',#4089,#4090,#4091);
#2517=SURFACE_SIDE_STYLE('',(#4092));
#2518=EDGE_LOOP('',(#4093,#4094,#4095,#4096));
#2519=AXIS2_PLACEMENT_3D('',#4097,#4098,#4099);
#2520=SURFACE_SIDE_STYLE('',(#4100));
#2521=EDGE_LOOP('',(#4101,#4102,#4103,#4104));
#2522=AXIS2_PLACEMENT_3D('',#4105,#4106,#4107);
#2523=SURFACE_SIDE_STYLE('',(#4108));
#2524=EDGE_LOOP('',(#4109,#4110,#4111,#4112));
#2525=AXIS2_PLACEMENT_3D('',#4113,#4114,#4115);
#2526=SURFACE_SIDE_STYLE('',(#4116));
#2527=EDGE_LOOP('',(#4117,#4118,#4119,#4120));
#2528=AXIS2_PLACEMENT_3D('',#4121,#4122,#4123);
#2529=SURFACE_SIDE_STYLE('',(#4124));
#2530=EDGE_LOOP('',(#4125,#4126,#4127,#4128));
#2531=AXIS2_PLACEMENT_3D('',#4129,#4130,#4131);
#2532=SURFACE_SIDE_STYLE('',(#4132));
#2533=EDGE_LOOP('',(#4133,#4134,#4135,#4136,#4137,#4138));
#2534=AXIS2_PLACEMENT_3D('',#4139,#4140,#4141);
#2535=SURFACE_SIDE_STYLE('',(#4142));
#2536=EDGE_LOOP('',(#4143,#4144,#4145,#4146,#4147,#4148));
#2537=AXIS2_PLACEMENT_3D('',#4149,#4150,#4151);
#2538=SURFACE_SIDE_STYLE('',(#4152));
#2539=EDGE_LOOP('',(#4153,#4154,#4155,#4156));
#2540=AXIS2_PLACEMENT_3D('',#4157,#4158,#4159);
#2541=SURFACE_SIDE_STYLE('',(#4160));
#2542=EDGE_LOOP('',(#4161,#4162,#4163,#4164));
#2543=AXIS2_PLACEMENT_3D('',#4165,#4166,#4167);
#2544=SURFACE_SIDE_STYLE('',(#4168));
#2545=EDGE_LOOP('',(#4169,#4170,#4171,#4172));
#2546=AXIS2_PLACEMENT_3D('',#4173,#4174,#4175);
#2547=SURFACE_SIDE_STYLE('',(#4176));
#2548=EDGE_LOOP('',(#4177,#4178,#4179,#4180));
#2549=AXIS2_PLACEMENT_3D('',#4181,#4182,#4183);
#2550=SURFACE_SIDE_STYLE('',(#4184));
#2551=EDGE_LOOP('',(#4185,#4186,#4187,#4188));
#2552=AXIS2_PLACEMENT_3D('',#4189,#4190,#4191);
#2553=SURFACE_SIDE_STYLE('',(#4192));
#2554=EDGE_LOOP('',(#4193,#4194,#4195,#4196,#4197,#4198));
#2555=AXIS2_PLACEMENT_3D('',#4199,#4200,#4201);
#2556=SURFACE_SIDE_STYLE('',(#4202));
#2557=EDGE_LOOP('',(#4203,#4204,#4205,#4206,#4207,#4208));
#2558=AXIS2_PLACEMENT_3D('',#4209,#4210,#4211);
#2559=SURFACE_SIDE_STYLE('',(#4212));
#2560=EDGE_LOOP('',(#4213,#4214,#4215,#4216));
#2561=AXIS2_PLACEMENT_3D('',#4217,#4218,#4219);
#2562=SURFACE_SIDE_STYLE('',(#4220));
#2563=EDGE_LOOP('',(#4221,#4222,#4223,#4224));
#2564=AXIS2_PLACEMENT_3D('',#4225,#4226,#4227);
#2565=SURFACE_SIDE_STYLE('',(#4228));
#2566=EDGE_LOOP('',(#4229,#4230,#4231,#4232));
#2567=AXIS2_PLACEMENT_3D('',#4233,#4234,#4235);
#2568=SURFACE_SIDE_STYLE('',(#4236));
#2569=EDGE_LOOP('',(#4237,#4238,#4239,#4240));
#2570=AXIS2_PLACEMENT_3D('',#4241,#4242,#4243);
#2571=SURFACE_SIDE_STYLE('',(#4244));
#2572=EDGE_LOOP('',(#4245,#4246,#4247,#4248));
#2573=AXIS2_PLACEMENT_3D('',#4249,#4250,#4251);
#2574=SURFACE_SIDE_STYLE('',(#4252));
#2575=EDGE_LOOP('',(#4253,#4254,#4255,#4256,#4257,#4258));
#2576=AXIS2_PLACEMENT_3D('',#4259,#4260,#4261);
#2577=SURFACE_SIDE_STYLE('',(#4262));
#2578=EDGE_LOOP('',(#4263,#4264,#4265,#4266,#4267,#4268));
#2579=AXIS2_PLACEMENT_3D('',#4269,#4270,#4271);
#2580=SURFACE_SIDE_STYLE('',(#4272));
#2581=EDGE_LOOP('',(#4273,#4274,#4275,#4276));
#2582=AXIS2_PLACEMENT_3D('',#4277,#4278,#4279);
#2583=SURFACE_SIDE_STYLE('',(#4280));
#2584=EDGE_LOOP('',(#4281,#4282,#4283,#4284));
#2585=AXIS2_PLACEMENT_3D('',#4285,#4286,#4287);
#2586=SURFACE_SIDE_STYLE('',(#4288));
#2587=EDGE_LOOP('',(#4289,#4290,#4291,#4292));
#2588=AXIS2_PLACEMENT_3D('',#4293,#4294,#4295);
#2589=SURFACE_SIDE_STYLE('',(#4296));
#2590=EDGE_LOOP('',(#4297,#4298,#4299,#4300));
#2591=AXIS2_PLACEMENT_3D('',#4301,#4302,#4303);
#2592=SURFACE_SIDE_STYLE('',(#4304));
#2593=EDGE_LOOP('',(#4305,#4306,#4307,#4308));
#2594=AXIS2_PLACEMENT_3D('',#4309,#4310,#4311);
#2595=SURFACE_SIDE_STYLE('',(#4312));
#2596=EDGE_LOOP('',(#4313,#4314,#4315,#4316,#4317,#4318));
#2597=AXIS2_PLACEMENT_3D('',#4319,#4320,#4321);
#2598=SURFACE_SIDE_STYLE('',(#4322));
#2599=EDGE_LOOP('',(#4323,#4324,#4325,#4326,#4327,#4328));
#2600=AXIS2_PLACEMENT_3D('',#4329,#4330,#4331);
#2601=SURFACE_SIDE_STYLE('',(#4332));
#2602=EDGE_LOOP('',(#4333,#4334,#4335,#4336));
#2603=AXIS2_PLACEMENT_3D('',#4337,#4338,#4339);
#2604=SURFACE_SIDE_STYLE('',(#4340));
#2605=EDGE_LOOP('',(#4341,#4342,#4343,#4344));
#2606=AXIS2_PLACEMENT_3D('',#4345,#4346,#4347);
#2607=SURFACE_SIDE_STYLE('',(#4348));
#2608=EDGE_LOOP('',(#4349,#4350,#4351,#4352));
#2609=AXIS2_PLACEMENT_3D('',#4353,#4354,#4355);
#2610=SURFACE_SIDE_STYLE('',(#4356));
#2611=EDGE_LOOP('',(#4357,#4358,#4359,#4360));
#2612=AXIS2_PLACEMENT_3D('',#4361,#4362,#4363);
#2613=SURFACE_SIDE_STYLE('',(#4364));
#2614=EDGE_LOOP('',(#4365,#4366,#4367,#4368));
#2615=AXIS2_PLACEMENT_3D('',#4369,#4370,#4371);
#2616=SURFACE_SIDE_STYLE('',(#4372));
#2617=EDGE_LOOP('',(#4373,#4374,#4375,#4376,#4377,#4378));
#2618=AXIS2_PLACEMENT_3D('',#4379,#4380,#4381);
#2619=SURFACE_SIDE_STYLE('',(#4382));
#2620=EDGE_LOOP('',(#4383,#4384,#4385,#4386,#4387,#4388));
#2621=AXIS2_PLACEMENT_3D('',#4389,#4390,#4391);
#2622=SURFACE_SIDE_STYLE('',(#4392));
#2623=EDGE_LOOP('',(#4393,#4394,#4395,#4396));
#2624=AXIS2_PLACEMENT_3D('',#4397,#4398,#4399);
#2625=SURFACE_SIDE_STYLE('',(#4400));
#2626=EDGE_LOOP('',(#4401,#4402,#4403,#4404));
#2627=AXIS2_PLACEMENT_3D('',#4405,#4406,#4407);
#2628=SURFACE_SIDE_STYLE('',(#4408));
#2629=EDGE_LOOP('',(#4409,#4410,#4411,#4412));
#2630=AXIS2_PLACEMENT_3D('',#4413,#4414,#4415);
#2631=SURFACE_SIDE_STYLE('',(#4416));
#2632=EDGE_LOOP('',(#4417,#4418,#4419,#4420));
#2633=AXIS2_PLACEMENT_3D('',#4421,#4422,#4423);
#2634=SURFACE_SIDE_STYLE('',(#4424));
#2635=EDGE_LOOP('',(#4425,#4426,#4427,#4428));
#2636=AXIS2_PLACEMENT_3D('',#4429,#4430,#4431);
#2637=SURFACE_SIDE_STYLE('',(#4432));
#2638=EDGE_LOOP('',(#4433,#4434,#4435,#4436,#4437,#4438));
#2639=AXIS2_PLACEMENT_3D('',#4439,#4440,#4441);
#2640=SURFACE_SIDE_STYLE('',(#4442));
#2641=EDGE_LOOP('',(#4443,#4444,#4445,#4446,#4447,#4448));
#2642=AXIS2_PLACEMENT_3D('',#4449,#4450,#4451);
#2643=SURFACE_SIDE_STYLE('',(#4452));
#2644=EDGE_LOOP('',(#4453,#4454,#4455,#4456));
#2645=AXIS2_PLACEMENT_3D('',#4457,#4458,#4459);
#2646=SURFACE_SIDE_STYLE('',(#4460));
#2647=EDGE_LOOP('',(#4461,#4462,#4463,#4464));
#2648=AXIS2_PLACEMENT_3D('',#4465,#4466,#4467);
#2649=SURFACE_SIDE_STYLE('',(#4468));
#2650=EDGE_LOOP('',(#4469,#4470,#4471,#4472));
#2651=AXIS2_PLACEMENT_3D('',#4473,#4474,#4475);
#2652=SURFACE_SIDE_STYLE('',(#4476));
#2653=EDGE_LOOP('',(#4477,#4478,#4479,#4480));
#2654=AXIS2_PLACEMENT_3D('',#4481,#4482,#4483);
#2655=SURFACE_SIDE_STYLE('',(#4484));
#2656=EDGE_LOOP('',(#4485,#4486,#4487,#4488));
#2657=AXIS2_PLACEMENT_3D('',#4489,#4490,#4491);
#2658=SURFACE_SIDE_STYLE('',(#4492));
#2659=EDGE_LOOP('',(#4493,#4494,#4495,#4496,#4497,#4498));
#2660=AXIS2_PLACEMENT_3D('',#4499,#4500,#4501);
#2661=SURFACE_SIDE_STYLE('',(#4502));
#2662=EDGE_LOOP('',(#4503,#4504,#4505,#4506,#4507,#4508));
#2663=AXIS2_PLACEMENT_3D('',#4509,#4510,#4511);
#2664=SURFACE_SIDE_STYLE('',(#4512));
#2665=EDGE_LOOP('',(#4513,#4514,#4515,#4516));
#2666=AXIS2_PLACEMENT_3D('',#4517,#4518,#4519);
#2667=SURFACE_SIDE_STYLE('',(#4520));
#2668=EDGE_LOOP('',(#4521,#4522,#4523,#4524));
#2669=AXIS2_PLACEMENT_3D('',#4525,#4526,#4527);
#2670=SURFACE_SIDE_STYLE('',(#4528));
#2671=EDGE_LOOP('',(#4529,#4530,#4531,#4532));
#2672=AXIS2_PLACEMENT_3D('',#4533,#4534,#4535);
#2673=SURFACE_SIDE_STYLE('',(#4536));
#2674=EDGE_LOOP('',(#4537,#4538,#4539,#4540));
#2675=AXIS2_PLACEMENT_3D('',#4541,#4542,#4543);
#2676=SURFACE_SIDE_STYLE('',(#4544));
#2677=EDGE_LOOP('',(#4545,#4546,#4547,#4548));
#2678=AXIS2_PLACEMENT_3D('',#4549,#4550,#4551);
#2679=SURFACE_SIDE_STYLE('',(#4552));
#2680=EDGE_LOOP('',(#4553,#4554,#4555,#4556,#4557,#4558));
#2681=AXIS2_PLACEMENT_3D('',#4559,#4560,#4561);
#2682=SURFACE_SIDE_STYLE('',(#4562));
#2683=EDGE_LOOP('',(#4563,#4564,#4565,#4566,#4567,#4568));
#2684=AXIS2_PLACEMENT_3D('',#4569,#4570,#4571);
#2685=SURFACE_SIDE_STYLE('',(#4572));
#2686=EDGE_LOOP('',(#4573,#4574,#4575,#4576));
#2687=AXIS2_PLACEMENT_3D('',#4577,#4578,#4579);
#2688=SURFACE_SIDE_STYLE('',(#4580));
#2689=EDGE_LOOP('',(#4581,#4582,#4583,#4584));
#2690=AXIS2_PLACEMENT_3D('',#4585,#4586,#4587);
#2691=SURFACE_SIDE_STYLE('',(#4588));
#2692=EDGE_LOOP('',(#4589,#4590,#4591,#4592));
#2693=AXIS2_PLACEMENT_3D('',#4593,#4594,#4595);
#2694=SURFACE_SIDE_STYLE('',(#4596));
#2695=EDGE_LOOP('',(#4597,#4598,#4599,#4600));
#2696=AXIS2_PLACEMENT_3D('',#4601,#4602,#4603);
#2697=SURFACE_SIDE_STYLE('',(#4604));
#2698=EDGE_LOOP('',(#4605,#4606,#4607,#4608));
#2699=AXIS2_PLACEMENT_3D('',#4609,#4610,#4611);
#2700=SURFACE_SIDE_STYLE('',(#4612));
#2701=EDGE_LOOP('',(#4613,#4614,#4615,#4616,#4617,#4618));
#2702=AXIS2_PLACEMENT_3D('',#4619,#4620,#4621);
#2703=SURFACE_SIDE_STYLE('',(#4622));
#2704=EDGE_LOOP('',(#4623,#4624,#4625,#4626));
#2705=AXIS2_PLACEMENT_3D('',#4627,#4628,#4629);
#2706=SURFACE_SIDE_STYLE('',(#4630));
#2707=EDGE_LOOP('',(#4631,#4632,#4633,#4634));
#2708=AXIS2_PLACEMENT_3D('',#4635,#4636,#4637);
#2709=SURFACE_SIDE_STYLE('',(#4638));
#2710=EDGE_LOOP('',(#4639,#4640,#4641,#4642));
#2711=AXIS2_PLACEMENT_3D('',#4643,#4644,#4645);
#2712=SURFACE_SIDE_STYLE('',(#4646));
#2713=EDGE_LOOP('',(#4647,#4648,#4649,#4650));
#2714=AXIS2_PLACEMENT_3D('',#4651,#4652,#4653);
#2715=SURFACE_SIDE_STYLE('',(#4654));
#2716=EDGE_LOOP('',(#4655,#4656,#4657,#4658));
#2717=AXIS2_PLACEMENT_3D('',#4659,#4660,#4661);
#2718=SURFACE_SIDE_STYLE('',(#4662));
#2719=EDGE_LOOP('',(#4663,#4664,#4665,#4666));
#2720=AXIS2_PLACEMENT_3D('',#4667,#4668,#4669);
#2721=SURFACE_SIDE_STYLE('',(#4670));
#2722=EDGE_LOOP('',(#4671,#4672,#4673,#4674));
#2723=AXIS2_PLACEMENT_3D('',#4675,#4676,#4677);
#2724=SURFACE_SIDE_STYLE('',(#4678));
#2725=EDGE_LOOP('',(#4679,#4680,#4681,#4682));
#2726=AXIS2_PLACEMENT_3D('',#4683,#4684,#4685);
#2727=SURFACE_SIDE_STYLE('',(#4686));
#2728=EDGE_LOOP('',(#4687,#4688,#4689,#4690));
#2729=AXIS2_PLACEMENT_3D('',#4691,#4692,#4693);
#2730=SURFACE_SIDE_STYLE('',(#4694));
#2731=EDGE_LOOP('',(#4695,#4696,#4697,#4698));
#2732=AXIS2_PLACEMENT_3D('',#4699,#4700,#4701);
#2733=SURFACE_SIDE_STYLE('',(#4702));
#2734=EDGE_LOOP('',(#4703,#4704,#4705,#4706));
#2735=AXIS2_PLACEMENT_3D('',#4707,#4708,#4709);
#2736=SURFACE_SIDE_STYLE('',(#4710));
#2737=EDGE_LOOP('',(#4711,#4712,#4713,#4714));
#2738=AXIS2_PLACEMENT_3D('',#4715,#4716,#4717);
#2739=SURFACE_SIDE_STYLE('',(#4718));
#2740=EDGE_LOOP('',(#4719,#4720,#4721,#4722));
#2741=AXIS2_PLACEMENT_3D('',#4723,#4724,#4725);
#2742=SURFACE_SIDE_STYLE('',(#4726));
#2743=EDGE_LOOP('',(#4727,#4728,#4729,#4730));
#2744=AXIS2_PLACEMENT_3D('',#4731,#4732,#4733);
#2745=SURFACE_SIDE_STYLE('',(#4734));
#2746=EDGE_LOOP('',(#4735,#4736,#4737,#4738));
#2747=AXIS2_PLACEMENT_3D('',#4739,#4740,#4741);
#2748=SURFACE_SIDE_STYLE('',(#4742));
#2749=EDGE_LOOP('',(#4743,#4744,#4745,#4746));
#2750=AXIS2_PLACEMENT_3D('',#4747,#4748,#4749);
#2751=SURFACE_SIDE_STYLE('',(#4750));
#2752=EDGE_LOOP('',(#4751,#4752,#4753,#4754));
#2753=AXIS2_PLACEMENT_3D('',#4755,#4756,#4757);
#2754=SURFACE_SIDE_STYLE('',(#4758));
#2755=EDGE_LOOP('',(#4759,#4760,#4761,#4762));
#2756=AXIS2_PLACEMENT_3D('',#4763,#4764,#4765);
#2757=SURFACE_SIDE_STYLE('',(#4766));
#2758=EDGE_LOOP('',(#4767,#4768,#4769,#4770));
#2759=AXIS2_PLACEMENT_3D('',#4771,#4772,#4773);
#2760=SURFACE_SIDE_STYLE('',(#4774));
#2761=EDGE_LOOP('',(#4775,#4776,#4777,#4778));
#2762=AXIS2_PLACEMENT_3D('',#4779,#4780,#4781);
#2763=SURFACE_SIDE_STYLE('',(#4782));
#2764=EDGE_LOOP('',(#4783,#4784,#4785,#4786));
#2765=AXIS2_PLACEMENT_3D('',#4787,#4788,#4789);
#2766=SURFACE_SIDE_STYLE('',(#4790));
#2767=EDGE_LOOP('',(#4791,#4792,#4793,#4794));
#2768=AXIS2_PLACEMENT_3D('',#4795,#4796,#4797);
#2769=SURFACE_SIDE_STYLE('',(#4798));
#2770=EDGE_LOOP('',(#4799,#4800,#4801,#4802));
#2771=AXIS2_PLACEMENT_3D('',#4803,#4804,#4805);
#2772=SURFACE_SIDE_STYLE('',(#4806));
#2773=EDGE_LOOP('',(#4807,#4808,#4809,#4810));
#2774=AXIS2_PLACEMENT_3D('',#4811,#4812,#4813);
#2775=SURFACE_SIDE_STYLE('',(#4814));
#2776=EDGE_LOOP('',(#4815,#4816,#4817,#4818));
#2777=AXIS2_PLACEMENT_3D('',#4819,#4820,#4821);
#2778=SURFACE_SIDE_STYLE('',(#4822));
#2779=EDGE_LOOP('',(#4823,#4824,#4825,#4826));
#2780=AXIS2_PLACEMENT_3D('',#4827,#4828,#4829);
#2781=SURFACE_SIDE_STYLE('',(#4830));
#2782=EDGE_LOOP('',(#4831,#4832,#4833,#4834));
#2783=AXIS2_PLACEMENT_3D('',#4835,#4836,#4837);
#2784=SURFACE_SIDE_STYLE('',(#4838));
#2785=EDGE_LOOP('',(#4839,#4840,#4841,#4842));
#2786=AXIS2_PLACEMENT_3D('',#4843,#4844,#4845);
#2787=SURFACE_SIDE_STYLE('',(#4846));
#2788=EDGE_LOOP('',(#4847,#4848,#4849,#4850));
#2789=AXIS2_PLACEMENT_3D('',#4851,#4852,#4853);
#2790=SURFACE_SIDE_STYLE('',(#4854));
#2791=EDGE_LOOP('',(#4855,#4856,#4857,#4858));
#2792=AXIS2_PLACEMENT_3D('',#4859,#4860,#4861);
#2793=SURFACE_SIDE_STYLE('',(#4862));
#2794=EDGE_LOOP('',(#4863,#4864,#4865,#4866));
#2795=AXIS2_PLACEMENT_3D('',#4867,#4868,#4869);
#2796=SURFACE_SIDE_STYLE('',(#4870));
#2797=EDGE_LOOP('',(#4871,#4872,#4873,#4874));
#2798=AXIS2_PLACEMENT_3D('',#4875,#4876,#4877);
#2799=SURFACE_SIDE_STYLE('',(#4878));
#2800=EDGE_LOOP('',(#4879,#4880,#4881,#4882));
#2801=AXIS2_PLACEMENT_3D('',#4883,#4884,#4885);
#2802=SURFACE_SIDE_STYLE('',(#4886));
#2803=EDGE_LOOP('',(#4887,#4888,#4889,#4890));
#2804=AXIS2_PLACEMENT_3D('',#4891,#4892,#4893);
#2805=SURFACE_SIDE_STYLE('',(#4894));
#2806=EDGE_LOOP('',(#4895,#4896,#4897,#4898));
#2807=AXIS2_PLACEMENT_3D('',#4899,#4900,#4901);
#2808=SURFACE_SIDE_STYLE('',(#4902));
#2809=EDGE_LOOP('',(#4903,#4904,#4905,#4906));
#2810=AXIS2_PLACEMENT_3D('',#4907,#4908,#4909);
#2811=SURFACE_SIDE_STYLE('',(#4910));
#2812=EDGE_LOOP('',(#4911,#4912,#4913,#4914));
#2813=AXIS2_PLACEMENT_3D('',#4915,#4916,#4917);
#2814=SURFACE_SIDE_STYLE('',(#4918));
#2815=EDGE_LOOP('',(#4919,#4920,#4921,#4922));
#2816=AXIS2_PLACEMENT_3D('',#4923,#4924,#4925);
#2817=SURFACE_SIDE_STYLE('',(#4926));
#2818=EDGE_LOOP('',(#4927,#4928,#4929,#4930));
#2819=AXIS2_PLACEMENT_3D('',#4931,#4932,#4933);
#2820=SURFACE_SIDE_STYLE('',(#4934));
#2821=EDGE_LOOP('',(#4935,#4936,#4937,#4938));
#2822=AXIS2_PLACEMENT_3D('',#4939,#4940,#4941);
#2823=SURFACE_SIDE_STYLE('',(#4942));
#2824=EDGE_LOOP('',(#4943,#4944,#4945,#4946));
#2825=AXIS2_PLACEMENT_3D('',#4947,#4948,#4949);
#2826=SURFACE_SIDE_STYLE('',(#4950));
#2827=EDGE_LOOP('',(#4951,#4952,#4953,#4954));
#2828=AXIS2_PLACEMENT_3D('',#4955,#4956,#4957);
#2829=SURFACE_SIDE_STYLE('',(#4958));
#2830=EDGE_LOOP('',(#4959,#4960,#4961,#4962));
#2831=AXIS2_PLACEMENT_3D('',#4963,#4964,#4965);
#2832=SURFACE_SIDE_STYLE('',(#4966));
#2833=EDGE_LOOP('',(#4967,#4968,#4969,#4970));
#2834=AXIS2_PLACEMENT_3D('',#4971,#4972,#4973);
#2835=SURFACE_SIDE_STYLE('',(#4974));
#2836=EDGE_LOOP('',(#4975,#4976,#4977,#4978));
#2837=AXIS2_PLACEMENT_3D('',#4979,#4980,#4981);
#2838=SURFACE_SIDE_STYLE('',(#4982));
#2839=EDGE_LOOP('',(#4983,#4984,#4985,#4986));
#2840=AXIS2_PLACEMENT_3D('',#4987,#4988,#4989);
#2841=SURFACE_SIDE_STYLE('',(#4990));
#2842=EDGE_LOOP('',(#4991,#4992,#4993,#4994));
#2843=AXIS2_PLACEMENT_3D('',#4995,#4996,#4997);
#2844=SURFACE_SIDE_STYLE('',(#4998));
#2845=EDGE_LOOP('',(#4999,#5000,#5001,#5002));
#2846=AXIS2_PLACEMENT_3D('',#5003,#5004,#5005);
#2847=SURFACE_SIDE_STYLE('',(#5006));
#2848=EDGE_LOOP('',(#5007,#5008,#5009,#5010));
#2849=AXIS2_PLACEMENT_3D('',#5011,#5012,#5013);
#2850=SURFACE_SIDE_STYLE('',(#5014));
#2851=EDGE_LOOP('',(#5015,#5016,#5017,#5018));
#2852=AXIS2_PLACEMENT_3D('',#5019,#5020,#5021);
#2853=SURFACE_SIDE_STYLE('',(#5022));
#2854=EDGE_LOOP('',(#5023,#5024,#5025,#5026));
#2855=AXIS2_PLACEMENT_3D('',#5027,#5028,#5029);
#2856=SURFACE_SIDE_STYLE('',(#5030));
#2857=EDGE_LOOP('',(#5031,#5032,#5033,#5034));
#2858=AXIS2_PLACEMENT_3D('',#5035,#5036,#5037);
#2859=SURFACE_SIDE_STYLE('',(#5038));
#2860=EDGE_LOOP('',(#5039,#5040,#5041,#5042));
#2861=AXIS2_PLACEMENT_3D('',#5043,#5044,#5045);
#2862=SURFACE_SIDE_STYLE('',(#5046));
#2863=EDGE_LOOP('',(#5047,#5048,#5049,#5050));
#2864=AXIS2_PLACEMENT_3D('',#5051,#5052,#5053);
#2865=SURFACE_SIDE_STYLE('',(#5054));
#2866=EDGE_LOOP('',(#5055,#5056,#5057,#5058));
#2867=AXIS2_PLACEMENT_3D('',#5059,#5060,#5061);
#2868=SURFACE_SIDE_STYLE('',(#5062));
#2869=EDGE_LOOP('',(#5063,#5064,#5065,#5066));
#2870=AXIS2_PLACEMENT_3D('',#5067,#5068,#5069);
#2871=SURFACE_SIDE_STYLE('',(#5070));
#2872=EDGE_LOOP('',(#5071,#5072,#5073,#5074));
#2873=AXIS2_PLACEMENT_3D('',#5075,#5076,#5077);
#2874=SURFACE_SIDE_STYLE('',(#5078));
#2875=EDGE_LOOP('',(#5079,#5080,#5081,#5082));
#2876=AXIS2_PLACEMENT_3D('',#5083,#5084,#5085);
#2877=SURFACE_SIDE_STYLE('',(#5086));
#2878=EDGE_LOOP('',(#5087,#5088,#5089,#5090));
#2879=AXIS2_PLACEMENT_3D('',#5091,#5092,#5093);
#2880=SURFACE_SIDE_STYLE('',(#5094));
#2881=EDGE_LOOP('',(#5095,#5096,#5097,#5098));
#2882=AXIS2_PLACEMENT_3D('',#5099,#5100,#5101);
#2883=SURFACE_SIDE_STYLE('',(#5102));
#2884=EDGE_LOOP('',(#5103,#5104,#5105,#5106));
#2885=AXIS2_PLACEMENT_3D('',#5107,#5108,#5109);
#2886=SURFACE_SIDE_STYLE('',(#5110));
#2887=EDGE_LOOP('',(#5111,#5112,#5113,#5114));
#2888=AXIS2_PLACEMENT_3D('',#5115,#5116,#5117);
#2889=SURFACE_SIDE_STYLE('',(#5118));
#2890=EDGE_LOOP('',(#5119,#5120,#5121,#5122));
#2891=AXIS2_PLACEMENT_3D('',#5123,#5124,#5125);
#2892=SURFACE_SIDE_STYLE('',(#5126));
#2893=EDGE_LOOP('',(#5127,#5128,#5129,#5130));
#2894=AXIS2_PLACEMENT_3D('',#5131,#5132,#5133);
#2895=SURFACE_SIDE_STYLE('',(#5134));
#2896=EDGE_LOOP('',(#5135,#5136,#5137,#5138));
#2897=AXIS2_PLACEMENT_3D('',#5139,#5140,#5141);
#2898=SURFACE_SIDE_STYLE('',(#5142));
#2899=EDGE_LOOP('',(#5143,#5144,#5145,#5146));
#2900=AXIS2_PLACEMENT_3D('',#5147,#5148,#5149);
#2901=SURFACE_SIDE_STYLE('',(#5150));
#2902=EDGE_LOOP('',(#5151,#5152,#5153,#5154));
#2903=AXIS2_PLACEMENT_3D('',#5155,#5156,#5157);
#2904=SURFACE_SIDE_STYLE('',(#5158));
#2905=EDGE_LOOP('',(#5159,#5160,#5161,#5162));
#2906=AXIS2_PLACEMENT_3D('',#5163,#5164,#5165);
#2907=SURFACE_SIDE_STYLE('',(#5166));
#2908=EDGE_LOOP('',(#5167,#5168,#5169,#5170));
#2909=AXIS2_PLACEMENT_3D('',#5171,#5172,#5173);
#2910=SURFACE_SIDE_STYLE('',(#5174));
#2911=EDGE_LOOP('',(#5175,#5176,#5177,#5178));
#2912=AXIS2_PLACEMENT_3D('',#5179,#5180,#5181);
#2913=SURFACE_SIDE_STYLE('',(#5182));
#2914=EDGE_LOOP('',(#5183,#5184,#5185,#5186));
#2915=AXIS2_PLACEMENT_3D('',#5187,#5188,#5189);
#2916=SURFACE_SIDE_STYLE('',(#5190));
#2917=EDGE_LOOP('',(#5191,#5192,#5193,#5194));
#2918=AXIS2_PLACEMENT_3D('',#5195,#5196,#5197);
#2919=SURFACE_SIDE_STYLE('',(#5198));
#2920=EDGE_LOOP('',(#5199,#5200,#5201,#5202));
#2921=AXIS2_PLACEMENT_3D('',#5203,#5204,#5205);
#2922=SURFACE_SIDE_STYLE('',(#5206));
#2923=EDGE_LOOP('',(#5207,#5208,#5209,#5210));
#2924=AXIS2_PLACEMENT_3D('',#5211,#5212,#5213);
#2925=SURFACE_SIDE_STYLE('',(#5214));
#2926=EDGE_LOOP('',(#5215,#5216,#5217,#5218));
#2927=AXIS2_PLACEMENT_3D('',#5219,#5220,#5221);
#2928=SURFACE_SIDE_STYLE('',(#5222));
#2929=EDGE_LOOP('',(#5223,#5224,#5225,#5226));
#2930=AXIS2_PLACEMENT_3D('',#5227,#5228,#5229);
#2931=SURFACE_SIDE_STYLE('',(#5230));
#2932=EDGE_LOOP('',(#5231,#5232,#5233,#5234));
#2933=AXIS2_PLACEMENT_3D('',#5235,#5236,#5237);
#2934=SURFACE_SIDE_STYLE('',(#5238));
#2935=EDGE_LOOP('',(#5239,#5240,#5241,#5242));
#2936=AXIS2_PLACEMENT_3D('',#5243,#5244,#5245);
#2937=SURFACE_SIDE_STYLE('',(#5246));
#2938=EDGE_LOOP('',(#5247,#5248,#5249,#5250));
#2939=AXIS2_PLACEMENT_3D('',#5251,#5252,#5253);
#2940=SURFACE_SIDE_STYLE('',(#5254));
#2941=EDGE_LOOP('',(#5255,#5256,#5257,#5258));
#2942=AXIS2_PLACEMENT_3D('',#5259,#5260,#5261);
#2943=SURFACE_SIDE_STYLE('',(#5262));
#2944=EDGE_LOOP('',(#5263,#5264,#5265,#5266));
#2945=AXIS2_PLACEMENT_3D('',#5267,#5268,#5269);
#2946=SURFACE_SIDE_STYLE('',(#5270));
#2947=EDGE_LOOP('',(#5271,#5272,#5273,#5274));
#2948=AXIS2_PLACEMENT_3D('',#5275,#5276,#5277);
#2949=SURFACE_SIDE_STYLE('',(#5278));
#2950=EDGE_LOOP('',(#5279,#5280,#5281,#5282));
#2951=AXIS2_PLACEMENT_3D('',#5283,#5284,#5285);
#2952=SURFACE_SIDE_STYLE('',(#5286));
#2953=EDGE_LOOP('',(#5287,#5288,#5289,#5290));
#2954=AXIS2_PLACEMENT_3D('',#5291,#5292,#5293);
#2955=SURFACE_SIDE_STYLE('',(#5294));
#2956=EDGE_LOOP('',(#5295,#5296,#5297,#5298));
#2957=AXIS2_PLACEMENT_3D('',#5299,#5300,#5301);
#2958=SURFACE_SIDE_STYLE('',(#5302));
#2959=EDGE_LOOP('',(#5303,#5304,#5305,#5306));
#2960=AXIS2_PLACEMENT_3D('',#5307,#5308,#5309);
#2961=SURFACE_SIDE_STYLE('',(#5310));
#2962=EDGE_LOOP('',(#5311,#5312,#5313,#5314));
#2963=AXIS2_PLACEMENT_3D('',#5315,#5316,#5317);
#2964=SURFACE_SIDE_STYLE('',(#5318));
#2965=EDGE_LOOP('',(#5319,#5320,#5321,#5322));
#2966=AXIS2_PLACEMENT_3D('',#5323,#5324,#5325);
#2967=SURFACE_SIDE_STYLE('',(#5326));
#2968=EDGE_LOOP('',(#5327,#5328,#5329,#5330));
#2969=AXIS2_PLACEMENT_3D('',#5331,#5332,#5333);
#2970=SURFACE_SIDE_STYLE('',(#5334));
#2971=EDGE_LOOP('',(#5335,#5336,#5337,#5338));
#2972=AXIS2_PLACEMENT_3D('',#5339,#5340,#5341);
#2973=SURFACE_SIDE_STYLE('',(#5342));
#2974=EDGE_LOOP('',(#5343,#5344,#5345,#5346));
#2975=AXIS2_PLACEMENT_3D('',#5347,#5348,#5349);
#2976=SURFACE_SIDE_STYLE('',(#5350));
#2977=EDGE_LOOP('',(#5351,#5352,#5353,#5354));
#2978=AXIS2_PLACEMENT_3D('',#5355,#5356,#5357);
#2979=SURFACE_SIDE_STYLE('',(#5358));
#2980=EDGE_LOOP('',(#5359,#5360,#5361,#5362));
#2981=AXIS2_PLACEMENT_3D('',#5363,#5364,#5365);
#2982=SURFACE_SIDE_STYLE('',(#5366));
#2983=EDGE_LOOP('',(#5367,#5368,#5369,#5370));
#2984=AXIS2_PLACEMENT_3D('',#5371,#5372,#5373);
#2985=SURFACE_SIDE_STYLE('',(#5374));
#2986=EDGE_LOOP('',(#5375,#5376,#5377,#5378));
#2987=AXIS2_PLACEMENT_3D('',#5379,#5380,#5381);
#2988=SURFACE_SIDE_STYLE('',(#5382));
#2989=EDGE_LOOP('',(#5383,#5384,#5385,#5386));
#2990=AXIS2_PLACEMENT_3D('',#5387,#5388,#5389);
#2991=SURFACE_SIDE_STYLE('',(#5390));
#2992=EDGE_LOOP('',(#5391,#5392,#5393,#5394));
#2993=AXIS2_PLACEMENT_3D('',#5395,#5396,#5397);
#2994=SURFACE_SIDE_STYLE('',(#5398));
#2995=EDGE_LOOP('',(#5399,#5400,#5401,#5402));
#2996=AXIS2_PLACEMENT_3D('',#5403,#5404,#5405);
#2997=SURFACE_SIDE_STYLE('',(#5406));
#2998=EDGE_LOOP('',(#5407,#5408,#5409,#5410));
#2999=AXIS2_PLACEMENT_3D('',#5411,#5412,#5413);
#3000=SURFACE_SIDE_STYLE('',(#5414));
#3001=EDGE_LOOP('',(#5415,#5416,#5417,#5418));
#3002=AXIS2_PLACEMENT_3D('',#5419,#5420,#5421);
#3003=SURFACE_SIDE_STYLE('',(#5422));
#3004=EDGE_LOOP('',(#5423,#5424,#5425,#5426));
#3005=AXIS2_PLACEMENT_3D('',#5427,#5428,#5429);
#3006=SURFACE_SIDE_STYLE('',(#5430));
#3007=EDGE_LOOP('',(#5431,#5432,#5433,#5434));
#3008=AXIS2_PLACEMENT_3D('',#5435,#5436,#5437);
#3009=SURFACE_SIDE_STYLE('',(#5438));
#3010=EDGE_LOOP('',(#5439,#5440,#5441,#5442));
#3011=AXIS2_PLACEMENT_3D('',#5443,#5444,#5445);
#3012=SURFACE_SIDE_STYLE('',(#5446));
#3013=EDGE_LOOP('',(#5447,#5448,#5449,#5450));
#3014=AXIS2_PLACEMENT_3D('',#5451,#5452,#5453);
#3015=SURFACE_SIDE_STYLE('',(#5454));
#3016=EDGE_LOOP('',(#5455,#5456,#5457,#5458));
#3017=AXIS2_PLACEMENT_3D('',#5459,#5460,#5461);
#3018=SURFACE_SIDE_STYLE('',(#5462));
#3019=EDGE_LOOP('',(#5463,#5464,#5465,#5466));
#3020=AXIS2_PLACEMENT_3D('',#5467,#5468,#5469);
#3021=SURFACE_SIDE_STYLE('',(#5470));
#3022=EDGE_LOOP('',(#5471,#5472,#5473,#5474));
#3023=AXIS2_PLACEMENT_3D('',#5475,#5476,#5477);
#3024=SURFACE_SIDE_STYLE('',(#5478));
#3025=EDGE_LOOP('',(#5479,#5480,#5481,#5482));
#3026=AXIS2_PLACEMENT_3D('',#5483,#5484,#5485);
#3027=SURFACE_SIDE_STYLE('',(#5486));
#3028=EDGE_LOOP('',(#5487,#5488,#5489,#5490));
#3029=AXIS2_PLACEMENT_3D('',#5491,#5492,#5493);
#3030=SURFACE_SIDE_STYLE('',(#5494));
#3031=EDGE_LOOP('',(#5495,#5496,#5497,#5498));
#3032=AXIS2_PLACEMENT_3D('',#5499,#5500,#5501);
#3033=SURFACE_SIDE_STYLE('',(#5502));
#3034=EDGE_LOOP('',(#5503,#5504,#5505,#5506));
#3035=AXIS2_PLACEMENT_3D('',#5507,#5508,#5509);
#3036=SURFACE_SIDE_STYLE('',(#5510));
#3037=EDGE_LOOP('',(#5511,#5512,#5513,#5514));
#3038=AXIS2_PLACEMENT_3D('',#5515,#5516,#5517);
#3039=SURFACE_SIDE_STYLE('',(#5518));
#3040=EDGE_LOOP('',(#5519,#5520,#5521,#5522));
#3041=AXIS2_PLACEMENT_3D('',#5523,#5524,#5525);
#3042=SURFACE_SIDE_STYLE('',(#5526));
#3043=EDGE_LOOP('',(#5527,#5528,#5529,#5530));
#3044=AXIS2_PLACEMENT_3D('',#5531,#5532,#5533);
#3045=SURFACE_SIDE_STYLE('',(#5534));
#3046=EDGE_LOOP('',(#5535,#5536,#5537,#5538));
#3047=AXIS2_PLACEMENT_3D('',#5539,#5540,#5541);
#3048=SURFACE_SIDE_STYLE('',(#5542));
#3049=EDGE_LOOP('',(#5543,#5544,#5545,#5546));
#3050=AXIS2_PLACEMENT_3D('',#5547,#5548,#5549);
#3051=SURFACE_SIDE_STYLE('',(#5550));
#3052=EDGE_LOOP('',(#5551,#5552,#5553,#5554));
#3053=AXIS2_PLACEMENT_3D('',#5555,#5556,#5557);
#3054=SURFACE_SIDE_STYLE('',(#5558));
#3055=EDGE_LOOP('',(#5559,#5560,#5561,#5562));
#3056=AXIS2_PLACEMENT_3D('',#5563,#5564,#5565);
#3057=SURFACE_SIDE_STYLE('',(#5566));
#3058=EDGE_LOOP('',(#5567,#5568,#5569,#5570));
#3059=AXIS2_PLACEMENT_3D('',#5571,#5572,#5573);
#3060=SURFACE_SIDE_STYLE('',(#5574));
#3061=EDGE_LOOP('',(#5575,#5576,#5577,#5578));
#3062=AXIS2_PLACEMENT_3D('',#5579,#5580,#5581);
#3063=SURFACE_SIDE_STYLE('',(#5582));
#3064=EDGE_LOOP('',(#5583,#5584,#5585,#5586));
#3065=AXIS2_PLACEMENT_3D('',#5587,#5588,#5589);
#3066=SURFACE_SIDE_STYLE('',(#5590));
#3067=EDGE_LOOP('',(#5591,#5592,#5593,#5594));
#3068=AXIS2_PLACEMENT_3D('',#5595,#5596,#5597);
#3069=SURFACE_SIDE_STYLE('',(#5598));
#3070=EDGE_LOOP('',(#5599,#5600,#5601,#5602));
#3071=AXIS2_PLACEMENT_3D('',#5603,#5604,#5605);
#3072=SURFACE_SIDE_STYLE('',(#5606));
#3073=EDGE_LOOP('',(#5607,#5608,#5609,#5610));
#3074=AXIS2_PLACEMENT_3D('',#5611,#5612,#5613);
#3075=SURFACE_SIDE_STYLE('',(#5614));
#3076=EDGE_LOOP('',(#5615,#5616,#5617,#5618));
#3077=AXIS2_PLACEMENT_3D('',#5619,#5620,#5621);
#3078=SURFACE_SIDE_STYLE('',(#5622));
#3079=EDGE_LOOP('',(#5623,#5624,#5625,#5626));
#3080=AXIS2_PLACEMENT_3D('',#5627,#5628,#5629);
#3081=SURFACE_SIDE_STYLE('',(#5630));
#3082=EDGE_LOOP('',(#5631,#5632,#5633,#5634));
#3083=AXIS2_PLACEMENT_3D('',#5635,#5636,#5637);
#3084=SURFACE_SIDE_STYLE('',(#5638));
#3085=EDGE_LOOP('',(#5639,#5640,#5641,#5642));
#3086=AXIS2_PLACEMENT_3D('',#5643,#5644,#5645);
#3087=SURFACE_SIDE_STYLE('',(#5646));
#3088=EDGE_LOOP('',(#5647,#5648,#5649,#5650));
#3089=AXIS2_PLACEMENT_3D('',#5651,#5652,#5653);
#3090=SURFACE_SIDE_STYLE('',(#5654));
#3091=EDGE_LOOP('',(#5655,#5656,#5657,#5658));
#3092=AXIS2_PLACEMENT_3D('',#5659,#5660,#5661);
#3093=SURFACE_SIDE_STYLE('',(#5662));
#3094=EDGE_LOOP('',(#5663,#5664,#5665,#5666));
#3095=AXIS2_PLACEMENT_3D('',#5667,#5668,#5669);
#3096=SURFACE_SIDE_STYLE('',(#5670));
#3097=EDGE_LOOP('',(#5671,#5672,#5673,#5674));
#3098=AXIS2_PLACEMENT_3D('',#5675,#5676,#5677);
#3099=SURFACE_SIDE_STYLE('',(#5678));
#3100=EDGE_LOOP('',(#5679,#5680,#5681,#5682));
#3101=AXIS2_PLACEMENT_3D('',#5683,#5684,#5685);
#3102=SURFACE_SIDE_STYLE('',(#5686));
#3103=EDGE_LOOP('',(#5687,#5688,#5689,#5690));
#3104=AXIS2_PLACEMENT_3D('',#5691,#5692,#5693);
#3105=SURFACE_SIDE_STYLE('',(#5694));
#3106=EDGE_LOOP('',(#5695,#5696,#5697,#5698));
#3107=AXIS2_PLACEMENT_3D('',#5699,#5700,#5701);
#3108=SURFACE_SIDE_STYLE('',(#5702));
#3109=EDGE_LOOP('',(#5703,#5704,#5705,#5706));
#3110=AXIS2_PLACEMENT_3D('',#5707,#5708,#5709);
#3111=SURFACE_SIDE_STYLE('',(#5710));
#3112=EDGE_LOOP('',(#5711,#5712,#5713,#5714));
#3113=AXIS2_PLACEMENT_3D('',#5715,#5716,#5717);
#3114=SURFACE_SIDE_STYLE('',(#5718));
#3115=EDGE_LOOP('',(#5719,#5720,#5721,#5722));
#3116=AXIS2_PLACEMENT_3D('',#5723,#5724,#5725);
#3117=SURFACE_SIDE_STYLE('',(#5726));
#3118=EDGE_LOOP('',(#5727,#5728,#5729,#5730));
#3119=AXIS2_PLACEMENT_3D('',#5731,#5732,#5733);
#3120=SURFACE_SIDE_STYLE('',(#5734));
#3121=EDGE_LOOP('',(#5735,#5736,#5737,#5738));
#3122=AXIS2_PLACEMENT_3D('',#5739,#5740,#5741);
#3123=SURFACE_SIDE_STYLE('',(#5742));
#3124=EDGE_LOOP('',(#5743,#5744,#5745,#5746));
#3125=AXIS2_PLACEMENT_3D('',#5747,#5748,#5749);
#3126=SURFACE_SIDE_STYLE('',(#5750));
#3127=EDGE_LOOP('',(#5751,#5752,#5753,#5754));
#3128=AXIS2_PLACEMENT_3D('',#5755,#5756,#5757);
#3129=SURFACE_SIDE_STYLE('',(#5758));
#3130=EDGE_LOOP('',(#5759,#5760,#5761,#5762));
#3131=AXIS2_PLACEMENT_3D('',#5763,#5764,#5765);
#3132=SURFACE_SIDE_STYLE('',(#5766));
#3133=EDGE_LOOP('',(#5767,#5768,#5769,#5770));
#3134=AXIS2_PLACEMENT_3D('',#5771,#5772,#5773);
#3135=SURFACE_SIDE_STYLE('',(#5774));
#3136=EDGE_LOOP('',(#5775,#5776,#5777,#5778));
#3137=AXIS2_PLACEMENT_3D('',#5779,#5780,#5781);
#3138=SURFACE_SIDE_STYLE('',(#5782));
#3139=EDGE_LOOP('',(#5783,#5784,#5785,#5786));
#3140=AXIS2_PLACEMENT_3D('',#5787,#5788,#5789);
#3141=SURFACE_SIDE_STYLE('',(#5790));
#3142=EDGE_LOOP('',(#5791,#5792,#5793,#5794));
#3143=AXIS2_PLACEMENT_3D('',#5795,#5796,#5797);
#3144=SURFACE_SIDE_STYLE('',(#5798));
#3145=EDGE_LOOP('',(#5799,#5800,#5801,#5802));
#3146=AXIS2_PLACEMENT_3D('',#5803,#5804,#5805);
#3147=SURFACE_SIDE_STYLE('',(#5806));
#3148=EDGE_LOOP('',(#5807,#5808,#5809,#5810));
#3149=AXIS2_PLACEMENT_3D('',#5811,#5812,#5813);
#3150=SURFACE_SIDE_STYLE('',(#5814));
#3151=EDGE_LOOP('',(#5815,#5816,#5817,#5818));
#3152=AXIS2_PLACEMENT_3D('',#5819,#5820,#5821);
#3153=SURFACE_SIDE_STYLE('',(#5822));
#3154=EDGE_LOOP('',(#5823,#5824,#5825,#5826));
#3155=AXIS2_PLACEMENT_3D('',#5827,#5828,#5829);
#3156=SURFACE_SIDE_STYLE('',(#5830));
#3157=EDGE_LOOP('',(#5831,#5832,#5833,#5834));
#3158=AXIS2_PLACEMENT_3D('',#5835,#5836,#5837);
#3159=SURFACE_SIDE_STYLE('',(#5838));
#3160=EDGE_LOOP('',(#5839,#5840,#5841,#5842));
#3161=AXIS2_PLACEMENT_3D('',#5843,#5844,#5845);
#3162=SURFACE_SIDE_STYLE('',(#5846));
#3163=EDGE_LOOP('',(#5847,#5848,#5849,#5850));
#3164=AXIS2_PLACEMENT_3D('',#5851,#5852,#5853);
#3165=SURFACE_SIDE_STYLE('',(#5854));
#3166=EDGE_LOOP('',(#5855,#5856,#5857,#5858));
#3167=AXIS2_PLACEMENT_3D('',#5859,#5860,#5861);
#3168=SURFACE_SIDE_STYLE('',(#5862));
#3169=EDGE_LOOP('',(#5863,#5864,#5865,#5866));
#3170=AXIS2_PLACEMENT_3D('',#5867,#5868,#5869);
#3171=SURFACE_SIDE_STYLE('',(#5870));
#3172=EDGE_LOOP('',(#5871,#5872,#5873,#5874));
#3173=AXIS2_PLACEMENT_3D('',#5875,#5876,#5877);
#3174=SURFACE_SIDE_STYLE('',(#5878));
#3175=EDGE_LOOP('',(#5879,#5880,#5881,#5882));
#3176=AXIS2_PLACEMENT_3D('',#5883,#5884,#5885);
#3177=SURFACE_SIDE_STYLE('',(#5886));
#3178=EDGE_LOOP('',(#5887,#5888,#5889,#5890));
#3179=AXIS2_PLACEMENT_3D('',#5891,#5892,#5893);
#3180=SURFACE_SIDE_STYLE('',(#5894));
#3181=EDGE_LOOP('',(#5895,#5896,#5897,#5898));
#3182=AXIS2_PLACEMENT_3D('',#5899,#5900,#5901);
#3183=SURFACE_SIDE_STYLE('',(#5902));
#3184=EDGE_LOOP('',(#5903,#5904,#5905,#5906));
#3185=AXIS2_PLACEMENT_3D('',#5907,#5908,#5909);
#3186=SURFACE_SIDE_STYLE('',(#5910));
#3187=EDGE_LOOP('',(#5911,#5912,#5913,#5914));
#3188=AXIS2_PLACEMENT_3D('',#5915,#5916,#5917);
#3189=SURFACE_SIDE_STYLE('',(#5918));
#3190=EDGE_LOOP('',(#5919,#5920,#5921,#5922));
#3191=AXIS2_PLACEMENT_3D('',#5923,#5924,#5925);
#3192=SURFACE_SIDE_STYLE('',(#5926));
#3193=EDGE_LOOP('',(#5927,#5928,#5929,#5930));
#3194=AXIS2_PLACEMENT_3D('',#5931,#5932,#5933);
#3195=SURFACE_SIDE_STYLE('',(#5934));
#3196=EDGE_LOOP('',(#5935,#5936,#5937,#5938));
#3197=AXIS2_PLACEMENT_3D('',#5939,#5940,#5941);
#3198=SURFACE_SIDE_STYLE('',(#5942));
#3199=EDGE_LOOP('',(#5943,#5944,#5945,#5946));
#3200=AXIS2_PLACEMENT_3D('',#5947,#5948,#5949);
#3201=SURFACE_SIDE_STYLE('',(#5950));
#3202=EDGE_LOOP('',(#5951,#5952,#5953,#5954));
#3203=AXIS2_PLACEMENT_3D('',#5955,#5956,#5957);
#3204=SURFACE_SIDE_STYLE('',(#5958));
#3205=EDGE_LOOP('',(#5959,#5960,#5961,#5962));
#3206=AXIS2_PLACEMENT_3D('',#5963,#5964,#5965);
#3207=SURFACE_SIDE_STYLE('',(#5966));
#3208=EDGE_LOOP('',(#5967,#5968,#5969,#5970));
#3209=AXIS2_PLACEMENT_3D('',#5971,#5972,#5973);
#3210=SURFACE_SIDE_STYLE('',(#5974));
#3211=EDGE_LOOP('',(#5975,#5976,#5977,#5978));
#3212=AXIS2_PLACEMENT_3D('',#5979,#5980,#5981);
#3213=SURFACE_SIDE_STYLE('',(#5982));
#3214=EDGE_LOOP('',(#5983,#5984,#5985,#5986));
#3215=AXIS2_PLACEMENT_3D('',#5987,#5988,#5989);
#3216=SURFACE_SIDE_STYLE('',(#5990));
#3217=EDGE_LOOP('',(#5991,#5992,#5993,#5994));
#3218=AXIS2_PLACEMENT_3D('',#5995,#5996,#5997);
#3219=SURFACE_SIDE_STYLE('',(#5998));
#3220=EDGE_LOOP('',(#5999,#6000,#6001,#6002));
#3221=AXIS2_PLACEMENT_3D('',#6003,#6004,#6005);
#3222=SURFACE_SIDE_STYLE('',(#6006));
#3223=EDGE_LOOP('',(#6007,#6008,#6009,#6010));
#3224=AXIS2_PLACEMENT_3D('',#6011,#6012,#6013);
#3225=SURFACE_SIDE_STYLE('',(#6014));
#3226=EDGE_LOOP('',(#6015,#6016,#6017,#6018));
#3227=AXIS2_PLACEMENT_3D('',#6019,#6020,#6021);
#3228=SURFACE_SIDE_STYLE('',(#6022));
#3229=EDGE_LOOP('',(#6023,#6024,#6025,#6026));
#3230=AXIS2_PLACEMENT_3D('',#6027,#6028,#6029);
#3231=SURFACE_SIDE_STYLE('',(#6030));
#3232=EDGE_LOOP('',(#6031,#6032,#6033,#6034));
#3233=AXIS2_PLACEMENT_3D('',#6035,#6036,#6037);
#3234=SURFACE_SIDE_STYLE('',(#6038));
#3235=EDGE_LOOP('',(#6039,#6040,#6041,#6042));
#3236=AXIS2_PLACEMENT_3D('',#6043,#6044,#6045);
#3237=SURFACE_SIDE_STYLE('',(#6046));
#3238=EDGE_LOOP('',(#6047,#6048,#6049,#6050));
#3239=AXIS2_PLACEMENT_3D('',#6051,#6052,#6053);
#3240=SURFACE_SIDE_STYLE('',(#6054));
#3241=EDGE_LOOP('',(#6055,#6056,#6057,#6058));
#3242=AXIS2_PLACEMENT_3D('',#6059,#6060,#6061);
#3243=SURFACE_SIDE_STYLE('',(#6062));
#3244=EDGE_LOOP('',(#6063,#6064,#6065,#6066));
#3245=AXIS2_PLACEMENT_3D('',#6067,#6068,#6069);
#3246=SURFACE_SIDE_STYLE('',(#6070));
#3247=EDGE_LOOP('',(#6071,#6072,#6073,#6074));
#3248=AXIS2_PLACEMENT_3D('',#6075,#6076,#6077);
#3249=SURFACE_SIDE_STYLE('',(#6078));
#3250=EDGE_LOOP('',(#6079,#6080,#6081,#6082));
#3251=EDGE_LOOP('',(#6083,#6084,#6085,#6086));
#3252=EDGE_LOOP('',(#6087,#6088,#6089,#6090));
#3253=AXIS2_PLACEMENT_3D('',#6091,#6092,#6093);
#3254=SURFACE_SIDE_STYLE('',(#6094));
#3255=EDGE_LOOP('',(#6095,#6096,#6097,#6098,#6099,#6100,#6101,#6102,#6103,#6104,#6105,#6106,#6107,#6108,#6109,#6110,#6111,#6112,#6113,#6114,#6115,#6116,#6117,#6118,#6119,#6120,#6121,#6122,#6123,#6124,#6125,#6126,#6127,#6128,#6129,#6130,#6131,#6132,#6133,#6134,#6135,#6136,#6137,#6138));
#3256=AXIS2_PLACEMENT_3D('',#6139,#6140,#6141);
#3257=SURFACE_SIDE_STYLE('',(#6142));
#3258=EDGE_LOOP('',(#6143,#6144,#6145,#6146));
#3259=AXIS2_PLACEMENT_3D('',#6147,#6148,#6149);
#3260=SURFACE_SIDE_STYLE('',(#6150));
#3261=EDGE_LOOP('',(#6151,#6152,#6153,#6154));
#3262=AXIS2_PLACEMENT_3D('',#6155,#6156,#6157);
#3263=SURFACE_SIDE_STYLE('',(#6158));
#3264=EDGE_LOOP('',(#6159,#6160,#6161,#6162));
#3265=AXIS2_PLACEMENT_3D('',#6163,#6164,#6165);
#3266=SURFACE_SIDE_STYLE('',(#6166));
#3267=EDGE_LOOP('',(#6167,#6168,#6169,#6170));
#3268=AXIS2_PLACEMENT_3D('',#6171,#6172,#6173);
#3269=SURFACE_SIDE_STYLE('',(#6174));
#3270=EDGE_LOOP('',(#6175,#6176,#6177,#6178));
#3271=EDGE_LOOP('',(#6179,#6180,#6181,#6182));
#3272=EDGE_LOOP('',(#6183,#6184,#6185,#6186));
#3273=AXIS2_PLACEMENT_3D('',#6187,#6188,#6189);
#3274=SURFACE_SIDE_STYLE('',(#6190));
#3275=EDGE_LOOP('',(#6191,#6192,#6193,#6194));
#3276=AXIS2_PLACEMENT_3D('',#6195,#6196,#6197);
#3277=SURFACE_SIDE_STYLE('',(#6198));
#3278=EDGE_LOOP('',(#6199,#6200,#6201,#6202));
#3279=AXIS2_PLACEMENT_3D('',#6203,#6204,#6205);
#3280=SURFACE_SIDE_STYLE('',(#6206));
#3281=EDGE_LOOP('',(#6207,#6208,#6209,#6210));
#3282=AXIS2_PLACEMENT_3D('',#6211,#6212,#6213);
#3283=SURFACE_SIDE_STYLE('',(#6214));
#3284=EDGE_LOOP('',(#6215,#6216,#6217,#6218));
#3285=EDGE_LOOP('',(#6219,#6220,#6221,#6222));
#3286=EDGE_LOOP('',(#6223,#6224,#6225,#6226));
#3287=AXIS2_PLACEMENT_3D('',#6227,#6228,#6229);
#3288=SURFACE_SIDE_STYLE('',(#6230));
#3289=EDGE_LOOP('',(#6231,#6232,#6233,#6234));
#3290=AXIS2_PLACEMENT_3D('',#6235,#6236,#6237);
#3291=SURFACE_SIDE_STYLE('',(#6238));
#3292=EDGE_LOOP('',(#6239,#6240,#6241,#6242));
#3293=AXIS2_PLACEMENT_3D('',#6243,#6244,#6245);
#3294=SURFACE_SIDE_STYLE('',(#6246));
#3295=EDGE_LOOP('',(#6247,#6248,#6249,#6250));
#3296=AXIS2_PLACEMENT_3D('',#6251,#6252,#6253);
#3297=SURFACE_SIDE_STYLE('',(#6254));
#3298=EDGE_LOOP('',(#6255,#6256,#6257,#6258));
#3299=EDGE_LOOP('',(#6259,#6260,#6261,#6262));
#3300=EDGE_LOOP('',(#6263,#6264,#6265,#6266));
#3301=AXIS2_PLACEMENT_3D('',#6267,#6268,#6269);
#3302=SURFACE_SIDE_STYLE('',(#6270));
#3303=EDGE_LOOP('',(#6271,#6272,#6273,#6274));
#3304=AXIS2_PLACEMENT_3D('',#6275,#6276,#6277);
#3305=SURFACE_SIDE_STYLE('',(#6278));
#3306=EDGE_LOOP('',(#6279,#6280,#6281,#6282));
#3307=AXIS2_PLACEMENT_3D('',#6283,#6284,#6285);
#3308=SURFACE_SIDE_STYLE('',(#6286));
#3309=EDGE_LOOP('',(#6287,#6288,#6289,#6290));
#3310=AXIS2_PLACEMENT_3D('',#6291,#6292,#6293);
#3311=SURFACE_SIDE_STYLE('',(#6294));
#3312=EDGE_LOOP('',(#6295,#6296,#6297,#6298));
#3313=EDGE_LOOP('',(#6299,#6300,#6301,#6302));
#3314=EDGE_LOOP('',(#6303,#6304,#6305,#6306));
#3315=AXIS2_PLACEMENT_3D('',#6307,#6308,#6309);
#3316=SURFACE_SIDE_STYLE('',(#6310));
#3317=EDGE_LOOP('',(#6311,#6312,#6313,#6314));
#3318=AXIS2_PLACEMENT_3D('',#6315,#6316,#6317);
#3319=SURFACE_SIDE_STYLE('',(#6318));
#3320=EDGE_LOOP('',(#6319,#6320,#6321,#6322));
#3321=AXIS2_PLACEMENT_3D('',#6323,#6324,#6325);
#3322=SURFACE_SIDE_STYLE('',(#6326));
#3323=EDGE_LOOP('',(#6327,#6328,#6329,#6330));
#3324=AXIS2_PLACEMENT_3D('',#6331,#6332,#6333);
#3325=SURFACE_SIDE_STYLE('',(#6334));
#3326=EDGE_LOOP('',(#6335,#6336,#6337,#6338));
#3327=EDGE_LOOP('',(#6339,#6340,#6341,#6342));
#3328=EDGE_LOOP('',(#6343,#6344,#6345,#6346));
#3329=AXIS2_PLACEMENT_3D('',#6347,#6348,#6349);
#3330=SURFACE_SIDE_STYLE('',(#6350));
#3331=EDGE_LOOP('',(#6351,#6352,#6353,#6354));
#3332=AXIS2_PLACEMENT_3D('',#6355,#6356,#6357);
#3333=SURFACE_SIDE_STYLE('',(#6358));
#3334=EDGE_LOOP('',(#6359,#6360,#6361,#6362));
#3335=AXIS2_PLACEMENT_3D('',#6363,#6364,#6365);
#3336=SURFACE_SIDE_STYLE('',(#6366));
#3337=EDGE_LOOP('',(#6367,#6368,#6369,#6370));
#3338=AXIS2_PLACEMENT_3D('',#6371,#6372,#6373);
#3339=SURFACE_SIDE_STYLE('',(#6374));
#3340=EDGE_LOOP('',(#6375,#6376,#6377,#6378));
#3341=EDGE_LOOP('',(#6379,#6380,#6381,#6382));
#3342=EDGE_LOOP('',(#6383,#6384,#6385,#6386));
#3343=AXIS2_PLACEMENT_3D('',#6387,#6388,#6389);
#3344=SURFACE_SIDE_STYLE('',(#6390));
#3345=EDGE_LOOP('',(#6391,#6392,#6393,#6394));
#3346=AXIS2_PLACEMENT_3D('',#6395,#6396,#6397);
#3347=SURFACE_SIDE_STYLE('',(#6398));
#3348=EDGE_LOOP('',(#6399,#6400,#6401,#6402));
#3349=AXIS2_PLACEMENT_3D('',#6403,#6404,#6405);
#3350=SURFACE_SIDE_STYLE('',(#6406));
#3351=EDGE_LOOP('',(#6407,#6408,#6409,#6410));
#3352=AXIS2_PLACEMENT_3D('',#6411,#6412,#6413);
#3353=SURFACE_SIDE_STYLE('',(#6414));
#3354=EDGE_LOOP('',(#6415,#6416,#6417,#6418));
#3355=EDGE_LOOP('',(#6419,#6420,#6421,#6422));
#3356=EDGE_LOOP('',(#6423,#6424,#6425,#6426));
#3357=AXIS2_PLACEMENT_3D('',#6427,#6428,#6429);
#3358=SURFACE_SIDE_STYLE('',(#6430));
#3359=EDGE_LOOP('',(#6431,#6432,#6433,#6434));
#3360=AXIS2_PLACEMENT_3D('',#6435,#6436,#6437);
#3361=SURFACE_SIDE_STYLE('',(#6438));
#3362=EDGE_LOOP('',(#6439,#6440,#6441,#6442));
#3363=AXIS2_PLACEMENT_3D('',#6443,#6444,#6445);
#3364=SURFACE_SIDE_STYLE('',(#6446));
#3365=EDGE_LOOP('',(#6447,#6448,#6449,#6450));
#3366=AXIS2_PLACEMENT_3D('',#6451,#6452,#6453);
#3367=SURFACE_SIDE_STYLE('',(#6454));
#3368=EDGE_LOOP('',(#6455,#6456,#6457,#6458));
#3369=EDGE_LOOP('',(#6459,#6460,#6461,#6462));
#3370=EDGE_LOOP('',(#6463,#6464,#6465,#6466));
#3371=AXIS2_PLACEMENT_3D('',#6467,#6468,#6469);
#3372=SURFACE_SIDE_STYLE('',(#6470));
#3373=EDGE_LOOP('',(#6471,#6472,#6473,#6474));
#3374=AXIS2_PLACEMENT_3D('',#6475,#6476,#6477);
#3375=SURFACE_SIDE_STYLE('',(#6478));
#3376=EDGE_LOOP('',(#6479,#6480,#6481,#6482));
#3377=AXIS2_PLACEMENT_3D('',#6483,#6484,#6485);
#3378=SURFACE_SIDE_STYLE('',(#6486));
#3379=EDGE_LOOP('',(#6487,#6488,#6489,#6490));
#3380=AXIS2_PLACEMENT_3D('',#6491,#6492,#6493);
#3381=SURFACE_SIDE_STYLE('',(#6494));
#3382=EDGE_LOOP('',(#6495,#6496,#6497,#6498));
#3383=EDGE_LOOP('',(#6499,#6500,#6501,#6502));
#3384=EDGE_LOOP('',(#6503,#6504,#6505,#6506));
#3385=AXIS2_PLACEMENT_3D('',#6507,#6508,#6509);
#3386=SURFACE_SIDE_STYLE('',(#6510));
#3387=EDGE_LOOP('',(#6511,#6512,#6513,#6514));
#3388=AXIS2_PLACEMENT_3D('',#6515,#6516,#6517);
#3389=SURFACE_SIDE_STYLE('',(#6518));
#3390=EDGE_LOOP('',(#6519,#6520,#6521,#6522,#6523,#6524,#6525,#6526,#6527,#6528,#6529,#6530,#6531,#6532,#6533,#6534,#6535,#6536,#6537,#6538,#6539,#6540,#6541,#6542,#6543,#6544,#6545,#6546,#6547,#6548,#6549,#6550,#6551,#6552,#6553,#6554,#6555,#6556,#6557,#6558,#6559,#6560,#6561,#6562));
#3391=AXIS2_PLACEMENT_3D('',#6563,#6564,#6565);
#3392=SURFACE_SIDE_STYLE('',(#6566));
#3393=EDGE_LOOP('',(#6567,#6568,#6569,#6570));
#3394=AXIS2_PLACEMENT_3D('',#6571,#6572,#6573);
#3395=SURFACE_SIDE_STYLE('',(#6574));
#3396=EDGE_LOOP('',(#6575,#6576,#6577,#6578));
#3397=EDGE_LOOP('',(#6579,#6580,#6581,#6582));
#3398=EDGE_LOOP('',(#6583,#6584,#6585,#6586));
#3399=EDGE_LOOP('',(#6587,#6588,#6589,#6590));
#3400=EDGE_LOOP('',(#6591,#6592,#6593,#6594));
#3401=EDGE_LOOP('',(#6595,#6596,#6597,#6598));
#3402=EDGE_LOOP('',(#6599,#6600,#6601,#6602));
#3403=EDGE_LOOP('',(#6603,#6604,#6605,#6606));
#3404=EDGE_LOOP('',(#6607,#6608,#6609,#6610));
#3405=EDGE_LOOP('',(#6611,#6612,#6613,#6614));
#3406=EDGE_LOOP('',(#6615,#6616,#6617,#6618));
#3407=EDGE_LOOP('',(#6619,#6620,#6621,#6622));
#3408=EDGE_LOOP('',(#6623,#6624,#6625,#6626));
#3409=EDGE_LOOP('',(#6627,#6628,#6629,#6630));
#3410=EDGE_LOOP('',(#6631,#6632,#6633,#6634));
#3411=EDGE_LOOP('',(#6635,#6636,#6637,#6638));
#3412=EDGE_LOOP('',(#6639,#6640,#6641,#6642));
#3413=EDGE_LOOP('',(#6643,#6644,#6645,#6646));
#3414=EDGE_LOOP('',(#6647,#6648,#6649,#6650));
#3415=EDGE_LOOP('',(#6651,#6652,#6653,#6654));
#3416=EDGE_LOOP('',(#6655,#6656,#6657,#6658));
#3417=AXIS2_PLACEMENT_3D('',#6659,#6660,#6661);
#3418=SURFACE_SIDE_STYLE('',(#6662));
#3419=EDGE_LOOP('',(#6663,#6664,#6665,#6666));
#3420=AXIS2_PLACEMENT_3D('',#6667,#6668,#6669);
#3422=SURFACE_STYLE_FILL_AREA(#6670);
#3423=ORIENTED_EDGE('',*,*,#6671,.F.);
#3424=ORIENTED_EDGE('',*,*,#6672,.F.);
#3425=ORIENTED_EDGE('',*,*,#6673,.F.);
#3426=ORIENTED_EDGE('',*,*,#6674,.F.);
#3427=ORIENTED_EDGE('',*,*,#6675,.T.);
#3428=ORIENTED_EDGE('',*,*,#6676,.T.);
#3429=CARTESIAN_POINT('',(24.384,-0.938484323578236,-1.4732));
#3430=DIRECTION('',(0.0,0.0,1.0));
#3431=DIRECTION('',(1.0,0.0,0.0));
#3432=SURFACE_STYLE_FILL_AREA(#6677);
#3433=ORIENTED_EDGE('',*,*,#6678,.F.);
#3434=ORIENTED_EDGE('',*,*,#6679,.T.);
#3435=ORIENTED_EDGE('',*,*,#6680,.F.);
#3436=ORIENTED_EDGE('',*,*,#6672,.T.);
#3437=CARTESIAN_POINT('',(24.7777,-0.800829547438753,-1.4732));
#3438=DIRECTION('',(1.0,-7.92546835305598E-17,0.0));
#3439=DIRECTION('',(7.92546835305598E-17,1.0,0.0));
#3440=SURFACE_STYLE_FILL_AREA(#6681);
#3441=ORIENTED_EDGE('',*,*,#6682,.T.);
#3442=ORIENTED_EDGE('',*,*,#6683,.F.);
#3443=ORIENTED_EDGE('',*,*,#6674,.T.);
#3444=ORIENTED_EDGE('',*,*,#6684,.T.);
#3445=CARTESIAN_POINT('',(24.31415,-2.6416,-1.4732));
#3446=DIRECTION('',(-1.22460635382238E-16,-1.0,0.0));
#3447=DIRECTION('',(1.0,-1.22460635382238E-16,0.0));
#3448=SURFACE_STYLE_FILL_AREA(#6685);
#3449=ORIENTED_EDGE('',*,*,#6686,.T.);
#3450=ORIENTED_EDGE('',*,*,#6687,.F.);
#3451=ORIENTED_EDGE('',*,*,#6675,.F.);
#3452=ORIENTED_EDGE('',*,*,#6683,.T.);
#3453=CARTESIAN_POINT('',(24.1173,-2.42162954743875,-1.4732));
#3454=DIRECTION('',(-0.866025403784439,-0.5,0.0));
#3455=DIRECTION('',(0.5,-0.866025403784439,0.0));
#3456=SURFACE_STYLE_FILL_AREA(#6688);
#3457=ORIENTED_EDGE('',*,*,#6689,.F.);
#3458=ORIENTED_EDGE('',*,*,#6676,.F.);
#3459=ORIENTED_EDGE('',*,*,#6687,.T.);
#3460=ORIENTED_EDGE('',*,*,#6690,.T.);
#3461=CARTESIAN_POINT('',(23.9903,-0.800829547438753,-1.4732));
#3462=DIRECTION('',(-1.0,-7.92546835305598E-17,0.0));
#3463=DIRECTION('',(7.92546835305598E-17,-1.0,0.0));
#3464=SURFACE_STYLE_FILL_AREA(#6691);
#3465=ORIENTED_EDGE('',*,*,#6692,.T.);
#3466=ORIENTED_EDGE('',*,*,#6684,.F.);
#3467=ORIENTED_EDGE('',*,*,#6673,.T.);
#3468=ORIENTED_EDGE('',*,*,#6680,.T.);
#3469=CARTESIAN_POINT('',(24.6507,-2.42162954743875,-1.4732));
#3470=DIRECTION('',(0.866025403784439,-0.5,0.0));
#3471=DIRECTION('',(0.5,0.866025403784439,0.0));
#3472=SURFACE_STYLE_FILL_AREA(#6693);
#3473=ORIENTED_EDGE('',*,*,#6694,.F.);
#3474=ORIENTED_EDGE('',*,*,#6690,.F.);
#3475=ORIENTED_EDGE('',*,*,#6686,.F.);
#3476=ORIENTED_EDGE('',*,*,#6682,.F.);
#3477=ORIENTED_EDGE('',*,*,#6692,.F.);
#3478=ORIENTED_EDGE('',*,*,#6679,.F.);
#3479=CARTESIAN_POINT('',(24.384,-0.938484323578236,-1.0668));
#3480=DIRECTION('',(0.0,0.0,1.0));
#3481=DIRECTION('',(1.0,0.0,0.0));
#3482=SURFACE_STYLE_FILL_AREA(#6695);
#3483=ORIENTED_EDGE('',*,*,#6696,.F.);
#3484=ORIENTED_EDGE('',*,*,#6697,.F.);
#3485=ORIENTED_EDGE('',*,*,#6698,.F.);
#3486=ORIENTED_EDGE('',*,*,#6699,.F.);
#3487=ORIENTED_EDGE('',*,*,#6700,.T.);
#3488=ORIENTED_EDGE('',*,*,#6701,.T.);
#3489=CARTESIAN_POINT('',(24.384,-0.938484323578236,1.0668));
#3490=DIRECTION('',(0.0,0.0,1.0));
#3491=DIRECTION('',(1.0,0.0,0.0));
#3492=SURFACE_STYLE_FILL_AREA(#6702);
#3493=ORIENTED_EDGE('',*,*,#6703,.F.);
#3494=ORIENTED_EDGE('',*,*,#6704,.T.);
#3495=ORIENTED_EDGE('',*,*,#6705,.F.);
#3496=ORIENTED_EDGE('',*,*,#6697,.T.);
#3497=CARTESIAN_POINT('',(24.7777,-0.800829547438753,1.0668));
#3498=DIRECTION('',(1.0,-7.92546835305598E-17,0.0));
#3499=DIRECTION('',(7.92546835305598E-17,1.0,0.0));
#3500=SURFACE_STYLE_FILL_AREA(#6706);
#3501=ORIENTED_EDGE('',*,*,#6707,.T.);
#3502=ORIENTED_EDGE('',*,*,#6708,.F.);
#3503=ORIENTED_EDGE('',*,*,#6699,.T.);
#3504=ORIENTED_EDGE('',*,*,#6709,.T.);
#3505=CARTESIAN_POINT('',(24.31415,-2.6416,1.0668));
#3506=DIRECTION('',(-1.22460635382238E-16,-1.0,0.0));
#3507=DIRECTION('',(1.0,-1.22460635382238E-16,0.0));
#3508=SURFACE_STYLE_FILL_AREA(#6710);
#3509=ORIENTED_EDGE('',*,*,#6711,.T.);
#3510=ORIENTED_EDGE('',*,*,#6712,.F.);
#3511=ORIENTED_EDGE('',*,*,#6700,.F.);
#3512=ORIENTED_EDGE('',*,*,#6708,.T.);
#3513=CARTESIAN_POINT('',(24.1173,-2.42162954743875,1.0668));
#3514=DIRECTION('',(-0.866025403784439,-0.5,0.0));
#3515=DIRECTION('',(0.5,-0.866025403784439,0.0));
#3516=SURFACE_STYLE_FILL_AREA(#6713);
#3517=ORIENTED_EDGE('',*,*,#6714,.F.);
#3518=ORIENTED_EDGE('',*,*,#6701,.F.);
#3519=ORIENTED_EDGE('',*,*,#6712,.T.);
#3520=ORIENTED_EDGE('',*,*,#6715,.T.);
#3521=CARTESIAN_POINT('',(23.9903,-0.800829547438753,1.0668));
#3522=DIRECTION('',(-1.0,-7.92546835305598E-17,0.0));
#3523=DIRECTION('',(7.92546835305598E-17,-1.0,0.0));
#3524=SURFACE_STYLE_FILL_AREA(#6716);
#3525=ORIENTED_EDGE('',*,*,#6717,.T.);
#3526=ORIENTED_EDGE('',*,*,#6709,.F.);
#3527=ORIENTED_EDGE('',*,*,#6698,.T.);
#3528=ORIENTED_EDGE('',*,*,#6705,.T.);
#3529=CARTESIAN_POINT('',(24.6507,-2.42162954743875,1.0668));
#3530=DIRECTION('',(0.866025403784439,-0.5,0.0));
#3531=DIRECTION('',(0.5,0.866025403784439,0.0));
#3532=SURFACE_STYLE_FILL_AREA(#6718);
#3533=ORIENTED_EDGE('',*,*,#6719,.F.);
#3534=ORIENTED_EDGE('',*,*,#6715,.F.);
#3535=ORIENTED_EDGE('',*,*,#6711,.F.);
#3536=ORIENTED_EDGE('',*,*,#6707,.F.);
#3537=ORIENTED_EDGE('',*,*,#6717,.F.);
#3538=ORIENTED_EDGE('',*,*,#6704,.F.);
#3539=CARTESIAN_POINT('',(24.384,-0.938484323578236,1.4732));
#3540=DIRECTION('',(0.0,0.0,1.0));
#3541=DIRECTION('',(1.0,0.0,0.0));
#3542=SURFACE_STYLE_FILL_AREA(#6720);
#3543=ORIENTED_EDGE('',*,*,#6721,.F.);
#3544=ORIENTED_EDGE('',*,*,#6722,.F.);
#3545=ORIENTED_EDGE('',*,*,#6723,.F.);
#3546=ORIENTED_EDGE('',*,*,#6724,.F.);
#3547=ORIENTED_EDGE('',*,*,#6725,.T.);
#3548=ORIENTED_EDGE('',*,*,#6726,.T.);
#3549=CARTESIAN_POINT('',(21.844,-0.938484323578236,-1.4732));
#3550=DIRECTION('',(0.0,0.0,1.0));
#3551=DIRECTION('',(1.0,0.0,0.0));
#3552=SURFACE_STYLE_FILL_AREA(#6727);
#3553=ORIENTED_EDGE('',*,*,#6728,.F.);
#3554=ORIENTED_EDGE('',*,*,#6729,.T.);
#3555=ORIENTED_EDGE('',*,*,#6730,.F.);
#3556=ORIENTED_EDGE('',*,*,#6722,.T.);
#3557=CARTESIAN_POINT('',(22.2377,-0.800829547438753,-1.4732));
#3558=DIRECTION('',(1.0,-7.92546835305598E-17,0.0));
#3559=DIRECTION('',(7.92546835305598E-17,1.0,0.0));
#3560=SURFACE_STYLE_FILL_AREA(#6731);
#3561=ORIENTED_EDGE('',*,*,#6732,.T.);
#3562=ORIENTED_EDGE('',*,*,#6733,.F.);
#3563=ORIENTED_EDGE('',*,*,#6724,.T.);
#3564=ORIENTED_EDGE('',*,*,#6734,.T.);
#3565=CARTESIAN_POINT('',(21.77415,-2.6416,-1.4732));
#3566=DIRECTION('',(-1.22460635382238E-16,-1.0,0.0));
#3567=DIRECTION('',(1.0,-1.22460635382238E-16,0.0));
#3568=SURFACE_STYLE_FILL_AREA(#6735);
#3569=ORIENTED_EDGE('',*,*,#6736,.T.);
#3570=ORIENTED_EDGE('',*,*,#6737,.F.);
#3571=ORIENTED_EDGE('',*,*,#6725,.F.);
#3572=ORIENTED_EDGE('',*,*,#6733,.T.);
#3573=CARTESIAN_POINT('',(21.5773,-2.42162954743875,-1.4732));
#3574=DIRECTION('',(-0.866025403784439,-0.5,0.0));
#3575=DIRECTION('',(0.5,-0.866025403784439,0.0));
#3576=SURFACE_STYLE_FILL_AREA(#6738);
#3577=ORIENTED_EDGE('',*,*,#6739,.F.);
#3578=ORIENTED_EDGE('',*,*,#6726,.F.);
#3579=ORIENTED_EDGE('',*,*,#6737,.T.);
#3580=ORIENTED_EDGE('',*,*,#6740,.T.);
#3581=CARTESIAN_POINT('',(21.4503,-0.800829547438753,-1.4732));
#3582=DIRECTION('',(-1.0,-7.92546835305598E-17,0.0));
#3583=DIRECTION('',(7.92546835305598E-17,-1.0,0.0));
#3584=SURFACE_STYLE_FILL_AREA(#6741);
#3585=ORIENTED_EDGE('',*,*,#6742,.T.);
#3586=ORIENTED_EDGE('',*,*,#6734,.F.);
#3587=ORIENTED_EDGE('',*,*,#6723,.T.);
#3588=ORIENTED_EDGE('',*,*,#6730,.T.);
#3589=CARTESIAN_POINT('',(22.1107,-2.42162954743875,-1.4732));
#3590=DIRECTION('',(0.866025403784439,-0.5,0.0));
#3591=DIRECTION('',(0.5,0.866025403784439,0.0));
#3592=SURFACE_STYLE_FILL_AREA(#6743);
#3593=ORIENTED_EDGE('',*,*,#6744,.F.);
#3594=ORIENTED_EDGE('',*,*,#6740,.F.);
#3595=ORIENTED_EDGE('',*,*,#6736,.F.);
#3596=ORIENTED_EDGE('',*,*,#6732,.F.);
#3597=ORIENTED_EDGE('',*,*,#6742,.F.);
#3598=ORIENTED_EDGE('',*,*,#6729,.F.);
#3599=CARTESIAN_POINT('',(21.844,-0.938484323578236,-1.0668));
#3600=DIRECTION('',(0.0,0.0,1.0));
#3601=DIRECTION('',(1.0,0.0,0.0));
#3602=SURFACE_STYLE_FILL_AREA(#6745);
#3603=ORIENTED_EDGE('',*,*,#6746,.F.);
#3604=ORIENTED_EDGE('',*,*,#6747,.F.);
#3605=ORIENTED_EDGE('',*,*,#6748,.F.);
#3606=ORIENTED_EDGE('',*,*,#6749,.F.);
#3607=ORIENTED_EDGE('',*,*,#6750,.T.);
#3608=ORIENTED_EDGE('',*,*,#6751,.T.);
#3609=CARTESIAN_POINT('',(21.844,-0.938484323578236,1.0668));
#3610=DIRECTION('',(0.0,0.0,1.0));
#3611=DIRECTION('',(1.0,0.0,0.0));
#3612=SURFACE_STYLE_FILL_AREA(#6752);
#3613=ORIENTED_EDGE('',*,*,#6753,.F.);
#3614=ORIENTED_EDGE('',*,*,#6754,.T.);
#3615=ORIENTED_EDGE('',*,*,#6755,.F.);
#3616=ORIENTED_EDGE('',*,*,#6747,.T.);
#3617=CARTESIAN_POINT('',(22.2377,-0.800829547438753,1.0668));
#3618=DIRECTION('',(1.0,-7.92546835305598E-17,0.0));
#3619=DIRECTION('',(7.92546835305598E-17,1.0,0.0));
#3620=SURFACE_STYLE_FILL_AREA(#6756);
#3621=ORIENTED_EDGE('',*,*,#6757,.T.);
#3622=ORIENTED_EDGE('',*,*,#6758,.F.);
#3623=ORIENTED_EDGE('',*,*,#6749,.T.);
#3624=ORIENTED_EDGE('',*,*,#6759,.T.);
#3625=CARTESIAN_POINT('',(21.77415,-2.6416,1.0668));
#3626=DIRECTION('',(-1.22460635382238E-16,-1.0,0.0));
#3627=DIRECTION('',(1.0,-1.22460635382238E-16,0.0));
#3628=SURFACE_STYLE_FILL_AREA(#6760);
#3629=ORIENTED_EDGE('',*,*,#6761,.T.);
#3630=ORIENTED_EDGE('',*,*,#6762,.F.);
#3631=ORIENTED_EDGE('',*,*,#6750,.F.);
#3632=ORIENTED_EDGE('',*,*,#6758,.T.);
#3633=CARTESIAN_POINT('',(21.5773,-2.42162954743875,1.0668));
#3634=DIRECTION('',(-0.866025403784439,-0.5,0.0));
#3635=DIRECTION('',(0.5,-0.866025403784439,0.0));
#3636=SURFACE_STYLE_FILL_AREA(#6763);
#3637=ORIENTED_EDGE('',*,*,#6764,.F.);
#3638=ORIENTED_EDGE('',*,*,#6751,.F.);
#3639=ORIENTED_EDGE('',*,*,#6762,.T.);
#3640=ORIENTED_EDGE('',*,*,#6765,.T.);
#3641=CARTESIAN_POINT('',(21.4503,-0.800829547438753,1.0668));
#3642=DIRECTION('',(-1.0,-7.92546835305598E-17,0.0));
#3643=DIRECTION('',(7.92546835305598E-17,-1.0,0.0));
#3644=SURFACE_STYLE_FILL_AREA(#6766);
#3645=ORIENTED_EDGE('',*,*,#6767,.T.);
#3646=ORIENTED_EDGE('',*,*,#6759,.F.);
#3647=ORIENTED_EDGE('',*,*,#6748,.T.);
#3648=ORIENTED_EDGE('',*,*,#6755,.T.);
#3649=CARTESIAN_POINT('',(22.1107,-2.42162954743875,1.0668));
#3650=DIRECTION('',(0.866025403784439,-0.5,0.0));
#3651=DIRECTION('',(0.5,0.866025403784439,0.0));
#3652=SURFACE_STYLE_FILL_AREA(#6768);
#3653=ORIENTED_EDGE('',*,*,#6769,.F.);
#3654=ORIENTED_EDGE('',*,*,#6765,.F.);
#3655=ORIENTED_EDGE('',*,*,#6761,.F.);
#3656=ORIENTED_EDGE('',*,*,#6757,.F.);
#3657=ORIENTED_EDGE('',*,*,#6767,.F.);
#3658=ORIENTED_EDGE('',*,*,#6754,.F.);
#3659=CARTESIAN_POINT('',(21.844,-0.938484323578236,1.4732));
#3660=DIRECTION('',(0.0,0.0,1.0));
#3661=DIRECTION('',(1.0,0.0,0.0));
#3662=SURFACE_STYLE_FILL_AREA(#6770);
#3663=ORIENTED_EDGE('',*,*,#6771,.F.);
#3664=ORIENTED_EDGE('',*,*,#6772,.F.);
#3665=ORIENTED_EDGE('',*,*,#6773,.F.);
#3666=ORIENTED_EDGE('',*,*,#6774,.F.);
#3667=ORIENTED_EDGE('',*,*,#6775,.T.);
#3668=ORIENTED_EDGE('',*,*,#6776,.T.);
#3669=CARTESIAN_POINT('',(19.304,-0.938484323578236,-1.4732));
#3670=DIRECTION('',(0.0,0.0,1.0));
#3671=DIRECTION('',(1.0,0.0,0.0));
#3672=SURFACE_STYLE_FILL_AREA(#6777);
#3673=ORIENTED_EDGE('',*,*,#6778,.F.);
#3674=ORIENTED_EDGE('',*,*,#6779,.T.);
#3675=ORIENTED_EDGE('',*,*,#6780,.F.);
#3676=ORIENTED_EDGE('',*,*,#6772,.T.);
#3677=CARTESIAN_POINT('',(19.6977,-0.800829547438753,-1.4732));
#3678=DIRECTION('',(1.0,-7.92546835305598E-17,0.0));
#3679=DIRECTION('',(7.92546835305598E-17,1.0,0.0));
#3680=SURFACE_STYLE_FILL_AREA(#6781);
#3681=ORIENTED_EDGE('',*,*,#6782,.T.);
#3682=ORIENTED_EDGE('',*,*,#6783,.F.);
#3683=ORIENTED_EDGE('',*,*,#6774,.T.);
#3684=ORIENTED_EDGE('',*,*,#6784,.T.);
#3685=CARTESIAN_POINT('',(19.23415,-2.6416,-1.4732));
#3686=DIRECTION('',(-1.22460635382238E-16,-1.0,0.0));
#3687=DIRECTION('',(1.0,-1.22460635382238E-16,0.0));
#3688=SURFACE_STYLE_FILL_AREA(#6785);
#3689=ORIENTED_EDGE('',*,*,#6786,.T.);
#3690=ORIENTED_EDGE('',*,*,#6787,.F.);
#3691=ORIENTED_EDGE('',*,*,#6775,.F.);
#3692=ORIENTED_EDGE('',*,*,#6783,.T.);
#3693=CARTESIAN_POINT('',(19.0373,-2.42162954743875,-1.4732));
#3694=DIRECTION('',(-0.866025403784439,-0.5,0.0));
#3695=DIRECTION('',(0.5,-0.866025403784439,0.0));
#3696=SURFACE_STYLE_FILL_AREA(#6788);
#3697=ORIENTED_EDGE('',*,*,#6789,.F.);
#3698=ORIENTED_EDGE('',*,*,#6776,.F.);
#3699=ORIENTED_EDGE('',*,*,#6787,.T.);
#3700=ORIENTED_EDGE('',*,*,#6790,.T.);
#3701=CARTESIAN_POINT('',(18.9103,-0.800829547438753,-1.4732));
#3702=DIRECTION('',(-1.0,-7.92546835305598E-17,0.0));
#3703=DIRECTION('',(7.92546835305598E-17,-1.0,0.0));
#3704=SURFACE_STYLE_FILL_AREA(#6791);
#3705=ORIENTED_EDGE('',*,*,#6792,.T.);
#3706=ORIENTED_EDGE('',*,*,#6784,.F.);
#3707=ORIENTED_EDGE('',*,*,#6773,.T.);
#3708=ORIENTED_EDGE('',*,*,#6780,.T.);
#3709=CARTESIAN_POINT('',(19.5707,-2.42162954743875,-1.4732));
#3710=DIRECTION('',(0.866025403784439,-0.5,0.0));
#3711=DIRECTION('',(0.5,0.866025403784439,0.0));
#3712=SURFACE_STYLE_FILL_AREA(#6793);
#3713=ORIENTED_EDGE('',*,*,#6794,.F.);
#3714=ORIENTED_EDGE('',*,*,#6790,.F.);
#3715=ORIENTED_EDGE('',*,*,#6786,.F.);
#3716=ORIENTED_EDGE('',*,*,#6782,.F.);
#3717=ORIENTED_EDGE('',*,*,#6792,.F.);
#3718=ORIENTED_EDGE('',*,*,#6779,.F.);
#3719=CARTESIAN_POINT('',(19.304,-0.938484323578236,-1.0668));
#3720=DIRECTION('',(0.0,0.0,1.0));
#3721=DIRECTION('',(1.0,0.0,0.0));
#3722=SURFACE_STYLE_FILL_AREA(#6795);
#3723=ORIENTED_EDGE('',*,*,#6796,.F.);
#3724=ORIENTED_EDGE('',*,*,#6797,.F.);
#3725=ORIENTED_EDGE('',*,*,#6798,.F.);
#3726=ORIENTED_EDGE('',*,*,#6799,.F.);
#3727=ORIENTED_EDGE('',*,*,#6800,.T.);
#3728=ORIENTED_EDGE('',*,*,#6801,.T.);
#3729=CARTESIAN_POINT('',(19.304,-0.938484323578236,1.0668));
#3730=DIRECTION('',(0.0,0.0,1.0));
#3731=DIRECTION('',(1.0,0.0,0.0));
#3732=SURFACE_STYLE_FILL_AREA(#6802);
#3733=ORIENTED_EDGE('',*,*,#6803,.F.);
#3734=ORIENTED_EDGE('',*,*,#6804,.T.);
#3735=ORIENTED_EDGE('',*,*,#6805,.F.);
#3736=ORIENTED_EDGE('',*,*,#6797,.T.);
#3737=CARTESIAN_POINT('',(19.6977,-0.800829547438753,1.0668));
#3738=DIRECTION('',(1.0,-7.92546835305598E-17,0.0));
#3739=DIRECTION('',(7.92546835305598E-17,1.0,0.0));
#3740=SURFACE_STYLE_FILL_AREA(#6806);
#3741=ORIENTED_EDGE('',*,*,#6807,.T.);
#3742=ORIENTED_EDGE('',*,*,#6808,.F.);
#3743=ORIENTED_EDGE('',*,*,#6799,.T.);
#3744=ORIENTED_EDGE('',*,*,#6809,.T.);
#3745=CARTESIAN_POINT('',(19.23415,-2.6416,1.0668));
#3746=DIRECTION('',(-1.22460635382238E-16,-1.0,0.0));
#3747=DIRECTION('',(1.0,-1.22460635382238E-16,0.0));
#3748=SURFACE_STYLE_FILL_AREA(#6810);
#3749=ORIENTED_EDGE('',*,*,#6811,.T.);
#3750=ORIENTED_EDGE('',*,*,#6812,.F.);
#3751=ORIENTED_EDGE('',*,*,#6800,.F.);
#3752=ORIENTED_EDGE('',*,*,#6808,.T.);
#3753=CARTESIAN_POINT('',(19.0373,-2.42162954743875,1.0668));
#3754=DIRECTION('',(-0.866025403784439,-0.5,0.0));
#3755=DIRECTION('',(0.5,-0.866025403784439,0.0));
#3756=SURFACE_STYLE_FILL_AREA(#6813);
#3757=ORIENTED_EDGE('',*,*,#6814,.F.);
#3758=ORIENTED_EDGE('',*,*,#6801,.F.);
#3759=ORIENTED_EDGE('',*,*,#6812,.T.);
#3760=ORIENTED_EDGE('',*,*,#6815,.T.);
#3761=CARTESIAN_POINT('',(18.9103,-0.800829547438753,1.0668));
#3762=DIRECTION('',(-1.0,-7.92546835305598E-17,0.0));
#3763=DIRECTION('',(7.92546835305598E-17,-1.0,0.0));
#3764=SURFACE_STYLE_FILL_AREA(#6816);
#3765=ORIENTED_EDGE('',*,*,#6817,.T.);
#3766=ORIENTED_EDGE('',*,*,#6809,.F.);
#3767=ORIENTED_EDGE('',*,*,#6798,.T.);
#3768=ORIENTED_EDGE('',*,*,#6805,.T.);
#3769=CARTESIAN_POINT('',(19.5707,-2.42162954743875,1.0668));
#3770=DIRECTION('',(0.866025403784439,-0.5,0.0));
#3771=DIRECTION('',(0.5,0.866025403784439,0.0));
#3772=SURFACE_STYLE_FILL_AREA(#6818);
#3773=ORIENTED_EDGE('',*,*,#6819,.F.);
#3774=ORIENTED_EDGE('',*,*,#6815,.F.);
#3775=ORIENTED_EDGE('',*,*,#6811,.F.);
#3776=ORIENTED_EDGE('',*,*,#6807,.F.);
#3777=ORIENTED_EDGE('',*,*,#6817,.F.);
#3778=ORIENTED_EDGE('',*,*,#6804,.F.);
#3779=CARTESIAN_POINT('',(19.304,-0.938484323578236,1.4732));
#3780=DIRECTION('',(0.0,0.0,1.0));
#3781=DIRECTION('',(1.0,0.0,0.0));
#3782=SURFACE_STYLE_FILL_AREA(#6820);
#3783=ORIENTED_EDGE('',*,*,#6821,.F.);
#3784=ORIENTED_EDGE('',*,*,#6822,.F.);
#3785=ORIENTED_EDGE('',*,*,#6823,.F.);
#3786=ORIENTED_EDGE('',*,*,#6824,.F.);
#3787=ORIENTED_EDGE('',*,*,#6825,.T.);
#3788=ORIENTED_EDGE('',*,*,#6826,.T.);
#3789=CARTESIAN_POINT('',(16.764,-0.938484323578236,-1.4732));
#3790=DIRECTION('',(0.0,0.0,1.0));
#3791=DIRECTION('',(1.0,0.0,0.0));
#3792=SURFACE_STYLE_FILL_AREA(#6827);
#3793=ORIENTED_EDGE('',*,*,#6828,.F.);
#3794=ORIENTED_EDGE('',*,*,#6829,.T.);
#3795=ORIENTED_EDGE('',*,*,#6830,.F.);
#3796=ORIENTED_EDGE('',*,*,#6822,.T.);
#3797=CARTESIAN_POINT('',(17.1577,-0.800829547438753,-1.4732));
#3798=DIRECTION('',(1.0,-7.92546835305598E-17,0.0));
#3799=DIRECTION('',(7.92546835305598E-17,1.0,0.0));
#3800=SURFACE_STYLE_FILL_AREA(#6831);
#3801=ORIENTED_EDGE('',*,*,#6832,.T.);
#3802=ORIENTED_EDGE('',*,*,#6833,.F.);
#3803=ORIENTED_EDGE('',*,*,#6824,.T.);
#3804=ORIENTED_EDGE('',*,*,#6834,.T.);
#3805=CARTESIAN_POINT('',(16.69415,-2.6416,-1.4732));
#3806=DIRECTION('',(-1.22460635382238E-16,-1.0,0.0));
#3807=DIRECTION('',(1.0,-1.22460635382238E-16,0.0));
#3808=SURFACE_STYLE_FILL_AREA(#6835);
#3809=ORIENTED_EDGE('',*,*,#6836,.T.);
#3810=ORIENTED_EDGE('',*,*,#6837,.F.);
#3811=ORIENTED_EDGE('',*,*,#6825,.F.);
#3812=ORIENTED_EDGE('',*,*,#6833,.T.);
#3813=CARTESIAN_POINT('',(16.4973,-2.42162954743875,-1.4732));
#3814=DIRECTION('',(-0.866025403784439,-0.5,0.0));
#3815=DIRECTION('',(0.5,-0.866025403784439,0.0));
#3816=SURFACE_STYLE_FILL_AREA(#6838);
#3817=ORIENTED_EDGE('',*,*,#6839,.F.);
#3818=ORIENTED_EDGE('',*,*,#6826,.F.);
#3819=ORIENTED_EDGE('',*,*,#6837,.T.);
#3820=ORIENTED_EDGE('',*,*,#6840,.T.);
#3821=CARTESIAN_POINT('',(16.3703,-0.800829547438753,-1.4732));
#3822=DIRECTION('',(-1.0,-7.92546835305598E-17,0.0));
#3823=DIRECTION('',(7.92546835305598E-17,-1.0,0.0));
#3824=SURFACE_STYLE_FILL_AREA(#6841);
#3825=ORIENTED_EDGE('',*,*,#6842,.T.);
#3826=ORIENTED_EDGE('',*,*,#6834,.F.);
#3827=ORIENTED_EDGE('',*,*,#6823,.T.);
#3828=ORIENTED_EDGE('',*,*,#6830,.T.);
#3829=CARTESIAN_POINT('',(17.0307,-2.42162954743875,-1.4732));
#3830=DIRECTION('',(0.866025403784439,-0.5,0.0));
#3831=DIRECTION('',(0.5,0.866025403784439,0.0));
#3832=SURFACE_STYLE_FILL_AREA(#6843);
#3833=ORIENTED_EDGE('',*,*,#6844,.F.);
#3834=ORIENTED_EDGE('',*,*,#6840,.F.);
#3835=ORIENTED_EDGE('',*,*,#6836,.F.);
#3836=ORIENTED_EDGE('',*,*,#6832,.F.);
#3837=ORIENTED_EDGE('',*,*,#6842,.F.);
#3838=ORIENTED_EDGE('',*,*,#6829,.F.);
#3839=CARTESIAN_POINT('',(16.764,-0.938484323578236,-1.0668));
#3840=DIRECTION('',(0.0,0.0,1.0));
#3841=DIRECTION('',(1.0,0.0,0.0));
#3842=SURFACE_STYLE_FILL_AREA(#6845);
#3843=ORIENTED_EDGE('',*,*,#6846,.F.);
#3844=ORIENTED_EDGE('',*,*,#6847,.F.);
#3845=ORIENTED_EDGE('',*,*,#6848,.F.);
#3846=ORIENTED_EDGE('',*,*,#6849,.F.);
#3847=ORIENTED_EDGE('',*,*,#6850,.T.);
#3848=ORIENTED_EDGE('',*,*,#6851,.T.);
#3849=CARTESIAN_POINT('',(16.764,-0.938484323578236,1.0668));
#3850=DIRECTION('',(0.0,0.0,1.0));
#3851=DIRECTION('',(1.0,0.0,0.0));
#3852=SURFACE_STYLE_FILL_AREA(#6852);
#3853=ORIENTED_EDGE('',*,*,#6853,.F.);
#3854=ORIENTED_EDGE('',*,*,#6854,.T.);
#3855=ORIENTED_EDGE('',*,*,#6855,.F.);
#3856=ORIENTED_EDGE('',*,*,#6847,.T.);
#3857=CARTESIAN_POINT('',(17.1577,-0.800829547438753,1.0668));
#3858=DIRECTION('',(1.0,-7.92546835305598E-17,0.0));
#3859=DIRECTION('',(7.92546835305598E-17,1.0,0.0));
#3860=SURFACE_STYLE_FILL_AREA(#6856);
#3861=ORIENTED_EDGE('',*,*,#6857,.T.);
#3862=ORIENTED_EDGE('',*,*,#6858,.F.);
#3863=ORIENTED_EDGE('',*,*,#6849,.T.);
#3864=ORIENTED_EDGE('',*,*,#6859,.T.);
#3865=CARTESIAN_POINT('',(16.69415,-2.6416,1.0668));
#3866=DIRECTION('',(-1.22460635382238E-16,-1.0,0.0));
#3867=DIRECTION('',(1.0,-1.22460635382238E-16,0.0));
#3868=SURFACE_STYLE_FILL_AREA(#6860);
#3869=ORIENTED_EDGE('',*,*,#6861,.T.);
#3870=ORIENTED_EDGE('',*,*,#6862,.F.);
#3871=ORIENTED_EDGE('',*,*,#6850,.F.);
#3872=ORIENTED_EDGE('',*,*,#6858,.T.);
#3873=CARTESIAN_POINT('',(16.4973,-2.42162954743875,1.0668));
#3874=DIRECTION('',(-0.866025403784439,-0.5,0.0));
#3875=DIRECTION('',(0.5,-0.866025403784439,0.0));
#3876=SURFACE_STYLE_FILL_AREA(#6863);
#3877=ORIENTED_EDGE('',*,*,#6864,.F.);
#3878=ORIENTED_EDGE('',*,*,#6851,.F.);
#3879=ORIENTED_EDGE('',*,*,#6862,.T.);
#3880=ORIENTED_EDGE('',*,*,#6865,.T.);
#3881=CARTESIAN_POINT('',(16.3703,-0.800829547438753,1.0668));
#3882=DIRECTION('',(-1.0,-7.92546835305598E-17,0.0));
#3883=DIRECTION('',(7.92546835305598E-17,-1.0,0.0));
#3884=SURFACE_STYLE_FILL_AREA(#6866);
#3885=ORIENTED_EDGE('',*,*,#6867,.T.);
#3886=ORIENTED_EDGE('',*,*,#6859,.F.);
#3887=ORIENTED_EDGE('',*,*,#6848,.T.);
#3888=ORIENTED_EDGE('',*,*,#6855,.T.);
#3889=CARTESIAN_POINT('',(17.0307,-2.42162954743875,1.0668));
#3890=DIRECTION('',(0.866025403784439,-0.5,0.0));
#3891=DIRECTION('',(0.5,0.866025403784439,0.0));
#3892=SURFACE_STYLE_FILL_AREA(#6868);
#3893=ORIENTED_EDGE('',*,*,#6869,.F.);
#3894=ORIENTED_EDGE('',*,*,#6865,.F.);
#3895=ORIENTED_EDGE('',*,*,#6861,.F.);
#3896=ORIENTED_EDGE('',*,*,#6857,.F.);
#3897=ORIENTED_EDGE('',*,*,#6867,.F.);
#3898=ORIENTED_EDGE('',*,*,#6854,.F.);
#3899=CARTESIAN_POINT('',(16.764,-0.938484323578236,1.4732));
#3900=DIRECTION('',(0.0,0.0,1.0));
#3901=DIRECTION('',(1.0,0.0,0.0));
#3902=SURFACE_STYLE_FILL_AREA(#6870);
#3903=ORIENTED_EDGE('',*,*,#6871,.F.);
#3904=ORIENTED_EDGE('',*,*,#6872,.F.);
#3905=ORIENTED_EDGE('',*,*,#6873,.F.);
#3906=ORIENTED_EDGE('',*,*,#6874,.F.);
#3907=ORIENTED_EDGE('',*,*,#6875,.T.);
#3908=ORIENTED_EDGE('',*,*,#6876,.T.);
#3909=CARTESIAN_POINT('',(14.224,-0.938484323578236,-1.4732));
#3910=DIRECTION('',(0.0,0.0,1.0));
#3911=DIRECTION('',(1.0,0.0,0.0));
#3912=SURFACE_STYLE_FILL_AREA(#6877);
#3913=ORIENTED_EDGE('',*,*,#6878,.F.);
#3914=ORIENTED_EDGE('',*,*,#6879,.T.);
#3915=ORIENTED_EDGE('',*,*,#6880,.F.);
#3916=ORIENTED_EDGE('',*,*,#6872,.T.);
#3917=CARTESIAN_POINT('',(14.6177,-0.800829547438753,-1.4732));
#3918=DIRECTION('',(1.0,-7.92546835305598E-17,0.0));
#3919=DIRECTION('',(7.92546835305598E-17,1.0,0.0));
#3920=SURFACE_STYLE_FILL_AREA(#6881);
#3921=ORIENTED_EDGE('',*,*,#6882,.T.);
#3922=ORIENTED_EDGE('',*,*,#6883,.F.);
#3923=ORIENTED_EDGE('',*,*,#6874,.T.);
#3924=ORIENTED_EDGE('',*,*,#6884,.T.);
#3925=CARTESIAN_POINT('',(14.15415,-2.6416,-1.4732));
#3926=DIRECTION('',(-1.22460635382238E-16,-1.0,0.0));
#3927=DIRECTION('',(1.0,-1.22460635382238E-16,0.0));
#3928=SURFACE_STYLE_FILL_AREA(#6885);
#3929=ORIENTED_EDGE('',*,*,#6886,.T.);
#3930=ORIENTED_EDGE('',*,*,#6887,.F.);
#3931=ORIENTED_EDGE('',*,*,#6875,.F.);
#3932=ORIENTED_EDGE('',*,*,#6883,.T.);
#3933=CARTESIAN_POINT('',(13.9573,-2.42162954743875,-1.4732));
#3934=DIRECTION('',(-0.866025403784439,-0.5,0.0));
#3935=DIRECTION('',(0.5,-0.866025403784439,0.0));
#3936=SURFACE_STYLE_FILL_AREA(#6888);
#3937=ORIENTED_EDGE('',*,*,#6889,.F.);
#3938=ORIENTED_EDGE('',*,*,#6876,.F.);
#3939=ORIENTED_EDGE('',*,*,#6887,.T.);
#3940=ORIENTED_EDGE('',*,*,#6890,.T.);
#3941=CARTESIAN_POINT('',(13.8303,-0.800829547438753,-1.4732));
#3942=DIRECTION('',(-1.0,-7.92546835305598E-17,0.0));
#3943=DIRECTION('',(7.92546835305598E-17,-1.0,0.0));
#3944=SURFACE_STYLE_FILL_AREA(#6891);
#3945=ORIENTED_EDGE('',*,*,#6892,.T.);
#3946=ORIENTED_EDGE('',*,*,#6884,.F.);
#3947=ORIENTED_EDGE('',*,*,#6873,.T.);
#3948=ORIENTED_EDGE('',*,*,#6880,.T.);
#3949=CARTESIAN_POINT('',(14.4907,-2.42162954743875,-1.4732));
#3950=DIRECTION('',(0.866025403784439,-0.5,0.0));
#3951=DIRECTION('',(0.5,0.866025403784439,0.0));
#3952=SURFACE_STYLE_FILL_AREA(#6893);
#3953=ORIENTED_EDGE('',*,*,#6894,.F.);
#3954=ORIENTED_EDGE('',*,*,#6890,.F.);
#3955=ORIENTED_EDGE('',*,*,#6886,.F.);
#3956=ORIENTED_EDGE('',*,*,#6882,.F.);
#3957=ORIENTED_EDGE('',*,*,#6892,.F.);
#3958=ORIENTED_EDGE('',*,*,#6879,.F.);
#3959=CARTESIAN_POINT('',(14.224,-0.938484323578236,-1.0668));
#3960=DIRECTION('',(0.0,0.0,1.0));
#3961=DIRECTION('',(1.0,0.0,0.0));
#3962=SURFACE_STYLE_FILL_AREA(#6895);
#3963=ORIENTED_EDGE('',*,*,#6896,.F.);
#3964=ORIENTED_EDGE('',*,*,#6897,.F.);
#3965=ORIENTED_EDGE('',*,*,#6898,.F.);
#3966=ORIENTED_EDGE('',*,*,#6899,.F.);
#3967=ORIENTED_EDGE('',*,*,#6900,.T.);
#3968=ORIENTED_EDGE('',*,*,#6901,.T.);
#3969=CARTESIAN_POINT('',(14.224,-0.938484323578236,1.0668));
#3970=DIRECTION('',(0.0,0.0,1.0));
#3971=DIRECTION('',(1.0,0.0,0.0));
#3972=SURFACE_STYLE_FILL_AREA(#6902);
#3973=ORIENTED_EDGE('',*,*,#6903,.F.);
#3974=ORIENTED_EDGE('',*,*,#6904,.T.);
#3975=ORIENTED_EDGE('',*,*,#6905,.F.);
#3976=ORIENTED_EDGE('',*,*,#6897,.T.);
#3977=CARTESIAN_POINT('',(14.6177,-0.800829547438753,1.0668));
#3978=DIRECTION('',(1.0,-7.92546835305598E-17,0.0));
#3979=DIRECTION('',(7.92546835305598E-17,1.0,0.0));
#3980=SURFACE_STYLE_FILL_AREA(#6906);
#3981=ORIENTED_EDGE('',*,*,#6907,.T.);
#3982=ORIENTED_EDGE('',*,*,#6908,.F.);
#3983=ORIENTED_EDGE('',*,*,#6899,.T.);
#3984=ORIENTED_EDGE('',*,*,#6909,.T.);
#3985=CARTESIAN_POINT('',(14.15415,-2.6416,1.0668));
#3986=DIRECTION('',(-1.22460635382238E-16,-1.0,0.0));
#3987=DIRECTION('',(1.0,-1.22460635382238E-16,0.0));
#3988=SURFACE_STYLE_FILL_AREA(#6910);
#3989=ORIENTED_EDGE('',*,*,#6911,.T.);
#3990=ORIENTED_EDGE('',*,*,#6912,.F.);
#3991=ORIENTED_EDGE('',*,*,#6900,.F.);
#3992=ORIENTED_EDGE('',*,*,#6908,.T.);
#3993=CARTESIAN_POINT('',(13.9573,-2.42162954743875,1.0668));
#3994=DIRECTION('',(-0.866025403784439,-0.5,0.0));
#3995=DIRECTION('',(0.5,-0.866025403784439,0.0));
#3996=SURFACE_STYLE_FILL_AREA(#6913);
#3997=ORIENTED_EDGE('',*,*,#6914,.F.);
#3998=ORIENTED_EDGE('',*,*,#6901,.F.);
#3999=ORIENTED_EDGE('',*,*,#6912,.T.);
#4000=ORIENTED_EDGE('',*,*,#6915,.T.);
#4001=CARTESIAN_POINT('',(13.8303,-0.800829547438753,1.0668));
#4002=DIRECTION('',(-1.0,-7.92546835305598E-17,0.0));
#4003=DIRECTION('',(7.92546835305598E-17,-1.0,0.0));
#4004=SURFACE_STYLE_FILL_AREA(#6916);
#4005=ORIENTED_EDGE('',*,*,#6917,.T.);
#4006=ORIENTED_EDGE('',*,*,#6909,.F.);
#4007=ORIENTED_EDGE('',*,*,#6898,.T.);
#4008=ORIENTED_EDGE('',*,*,#6905,.T.);
#4009=CARTESIAN_POINT('',(14.4907,-2.42162954743875,1.0668));
#4010=DIRECTION('',(0.866025403784439,-0.5,0.0));
#4011=DIRECTION('',(0.5,0.866025403784439,0.0));
#4012=SURFACE_STYLE_FILL_AREA(#6918);
#4013=ORIENTED_EDGE('',*,*,#6919,.F.);
#4014=ORIENTED_EDGE('',*,*,#6915,.F.);
#4015=ORIENTED_EDGE('',*,*,#6911,.F.);
#4016=ORIENTED_EDGE('',*,*,#6907,.F.);
#4017=ORIENTED_EDGE('',*,*,#6917,.F.);
#4018=ORIENTED_EDGE('',*,*,#6904,.F.);
#4019=CARTESIAN_POINT('',(14.224,-0.938484323578236,1.4732));
#4020=DIRECTION('',(0.0,0.0,1.0));
#4021=DIRECTION('',(1.0,0.0,0.0));
#4022=SURFACE_STYLE_FILL_AREA(#6920);
#4023=ORIENTED_EDGE('',*,*,#6921,.F.);
#4024=ORIENTED_EDGE('',*,*,#6922,.F.);
#4025=ORIENTED_EDGE('',*,*,#6923,.F.);
#4026=ORIENTED_EDGE('',*,*,#6924,.F.);
#4027=ORIENTED_EDGE('',*,*,#6925,.T.);
#4028=ORIENTED_EDGE('',*,*,#6926,.T.);
#4029=CARTESIAN_POINT('',(11.684,-0.938484323578236,-1.4732));
#4030=DIRECTION('',(0.0,0.0,1.0));
#4031=DIRECTION('',(1.0,0.0,0.0));
#4032=SURFACE_STYLE_FILL_AREA(#6927);
#4033=ORIENTED_EDGE('',*,*,#6928,.F.);
#4034=ORIENTED_EDGE('',*,*,#6929,.T.);
#4035=ORIENTED_EDGE('',*,*,#6930,.F.);
#4036=ORIENTED_EDGE('',*,*,#6922,.T.);
#4037=CARTESIAN_POINT('',(12.0777,-0.800829547438753,-1.4732));
#4038=DIRECTION('',(1.0,-7.92546835305598E-17,0.0));
#4039=DIRECTION('',(7.92546835305598E-17,1.0,0.0));
#4040=SURFACE_STYLE_FILL_AREA(#6931);
#4041=ORIENTED_EDGE('',*,*,#6932,.T.);
#4042=ORIENTED_EDGE('',*,*,#6933,.F.);
#4043=ORIENTED_EDGE('',*,*,#6924,.T.);
#4044=ORIENTED_EDGE('',*,*,#6934,.T.);
#4045=CARTESIAN_POINT('',(11.61415,-2.6416,-1.4732));
#4046=DIRECTION('',(-1.22460635382238E-16,-1.0,0.0));
#4047=DIRECTION('',(1.0,-1.22460635382238E-16,0.0));
#4048=SURFACE_STYLE_FILL_AREA(#6935);
#4049=ORIENTED_EDGE('',*,*,#6936,.T.);
#4050=ORIENTED_EDGE('',*,*,#6937,.F.);
#4051=ORIENTED_EDGE('',*,*,#6925,.F.);
#4052=ORIENTED_EDGE('',*,*,#6933,.T.);
#4053=CARTESIAN_POINT('',(11.4173,-2.42162954743875,-1.4732));
#4054=DIRECTION('',(-0.866025403784439,-0.5,0.0));
#4055=DIRECTION('',(0.5,-0.866025403784439,0.0));
#4056=SURFACE_STYLE_FILL_AREA(#6938);
#4057=ORIENTED_EDGE('',*,*,#6939,.F.);
#4058=ORIENTED_EDGE('',*,*,#6926,.F.);
#4059=ORIENTED_EDGE('',*,*,#6937,.T.);
#4060=ORIENTED_EDGE('',*,*,#6940,.T.);
#4061=CARTESIAN_POINT('',(11.2903,-0.800829547438753,-1.4732));
#4062=DIRECTION('',(-1.0,-7.92546835305598E-17,0.0));
#4063=DIRECTION('',(7.92546835305598E-17,-1.0,0.0));
#4064=SURFACE_STYLE_FILL_AREA(#6941);
#4065=ORIENTED_EDGE('',*,*,#6942,.T.);
#4066=ORIENTED_EDGE('',*,*,#6934,.F.);
#4067=ORIENTED_EDGE('',*,*,#6923,.T.);
#4068=ORIENTED_EDGE('',*,*,#6930,.T.);
#4069=CARTESIAN_POINT('',(11.9507,-2.42162954743875,-1.4732));
#4070=DIRECTION('',(0.866025403784439,-0.5,0.0));
#4071=DIRECTION('',(0.5,0.866025403784439,0.0));
#4072=SURFACE_STYLE_FILL_AREA(#6943);
#4073=ORIENTED_EDGE('',*,*,#6944,.F.);
#4074=ORIENTED_EDGE('',*,*,#6940,.F.);
#4075=ORIENTED_EDGE('',*,*,#6936,.F.);
#4076=ORIENTED_EDGE('',*,*,#6932,.F.);
#4077=ORIENTED_EDGE('',*,*,#6942,.F.);
#4078=ORIENTED_EDGE('',*,*,#6929,.F.);
#4079=CARTESIAN_POINT('',(11.684,-0.938484323578236,-1.0668));
#4080=DIRECTION('',(0.0,0.0,1.0));
#4081=DIRECTION('',(1.0,0.0,0.0));
#4082=SURFACE_STYLE_FILL_AREA(#6945);
#4083=ORIENTED_EDGE('',*,*,#6946,.F.);
#4084=ORIENTED_EDGE('',*,*,#6947,.F.);
#4085=ORIENTED_EDGE('',*,*,#6948,.F.);
#4086=ORIENTED_EDGE('',*,*,#6949,.F.);
#4087=ORIENTED_EDGE('',*,*,#6950,.T.);
#4088=ORIENTED_EDGE('',*,*,#6951,.T.);
#4089=CARTESIAN_POINT('',(11.684,-0.938484323578236,1.0668));
#4090=DIRECTION('',(0.0,0.0,1.0));
#4091=DIRECTION('',(1.0,0.0,0.0));
#4092=SURFACE_STYLE_FILL_AREA(#6952);
#4093=ORIENTED_EDGE('',*,*,#6953,.F.);
#4094=ORIENTED_EDGE('',*,*,#6954,.T.);
#4095=ORIENTED_EDGE('',*,*,#6955,.F.);
#4096=ORIENTED_EDGE('',*,*,#6947,.T.);
#4097=CARTESIAN_POINT('',(12.0777,-0.800829547438753,1.0668));
#4098=DIRECTION('',(1.0,-7.92546835305598E-17,0.0));
#4099=DIRECTION('',(7.92546835305598E-17,1.0,0.0));
#4100=SURFACE_STYLE_FILL_AREA(#6956);
#4101=ORIENTED_EDGE('',*,*,#6957,.T.);
#4102=ORIENTED_EDGE('',*,*,#6958,.F.);
#4103=ORIENTED_EDGE('',*,*,#6949,.T.);
#4104=ORIENTED_EDGE('',*,*,#6959,.T.);
#4105=CARTESIAN_POINT('',(11.61415,-2.6416,1.0668));
#4106=DIRECTION('',(-1.22460635382238E-16,-1.0,0.0));
#4107=DIRECTION('',(1.0,-1.22460635382238E-16,0.0));
#4108=SURFACE_STYLE_FILL_AREA(#6960);
#4109=ORIENTED_EDGE('',*,*,#6961,.T.);
#4110=ORIENTED_EDGE('',*,*,#6962,.F.);
#4111=ORIENTED_EDGE('',*,*,#6950,.F.);
#4112=ORIENTED_EDGE('',*,*,#6958,.T.);
#4113=CARTESIAN_POINT('',(11.4173,-2.42162954743875,1.0668));
#4114=DIRECTION('',(-0.866025403784439,-0.5,0.0));
#4115=DIRECTION('',(0.5,-0.866025403784439,0.0));
#4116=SURFACE_STYLE_FILL_AREA(#6963);
#4117=ORIENTED_EDGE('',*,*,#6964,.F.);
#4118=ORIENTED_EDGE('',*,*,#6951,.F.);
#4119=ORIENTED_EDGE('',*,*,#6962,.T.);
#4120=ORIENTED_EDGE('',*,*,#6965,.T.);
#4121=CARTESIAN_POINT('',(11.2903,-0.800829547438753,1.0668));
#4122=DIRECTION('',(-1.0,-7.92546835305598E-17,0.0));
#4123=DIRECTION('',(7.92546835305598E-17,-1.0,0.0));
#4124=SURFACE_STYLE_FILL_AREA(#6966);
#4125=ORIENTED_EDGE('',*,*,#6967,.T.);
#4126=ORIENTED_EDGE('',*,*,#6959,.F.);
#4127=ORIENTED_EDGE('',*,*,#6948,.T.);
#4128=ORIENTED_EDGE('',*,*,#6955,.T.);
#4129=CARTESIAN_POINT('',(11.9507,-2.42162954743875,1.0668));
#4130=DIRECTION('',(0.866025403784439,-0.5,0.0));
#4131=DIRECTION('',(0.5,0.866025403784439,0.0));
#4132=SURFACE_STYLE_FILL_AREA(#6968);
#4133=ORIENTED_EDGE('',*,*,#6969,.F.);
#4134=ORIENTED_EDGE('',*,*,#6965,.F.);
#4135=ORIENTED_EDGE('',*,*,#6961,.F.);
#4136=ORIENTED_EDGE('',*,*,#6957,.F.);
#4137=ORIENTED_EDGE('',*,*,#6967,.F.);
#4138=ORIENTED_EDGE('',*,*,#6954,.F.);
#4139=CARTESIAN_POINT('',(11.684,-0.938484323578236,1.4732));
#4140=DIRECTION('',(0.0,0.0,1.0));
#4141=DIRECTION('',(1.0,0.0,0.0));
#4142=SURFACE_STYLE_FILL_AREA(#6970);
#4143=ORIENTED_EDGE('',*,*,#6971,.F.);
#4144=ORIENTED_EDGE('',*,*,#6972,.F.);
#4145=ORIENTED_EDGE('',*,*,#6973,.F.);
#4146=ORIENTED_EDGE('',*,*,#6974,.F.);
#4147=ORIENTED_EDGE('',*,*,#6975,.T.);
#4148=ORIENTED_EDGE('',*,*,#6976,.T.);
#4149=CARTESIAN_POINT('',(9.144,-0.938484323578236,-1.4732));
#4150=DIRECTION('',(0.0,0.0,1.0));
#4151=DIRECTION('',(1.0,0.0,0.0));
#4152=SURFACE_STYLE_FILL_AREA(#6977);
#4153=ORIENTED_EDGE('',*,*,#6978,.F.);
#4154=ORIENTED_EDGE('',*,*,#6979,.T.);
#4155=ORIENTED_EDGE('',*,*,#6980,.F.);
#4156=ORIENTED_EDGE('',*,*,#6972,.T.);
#4157=CARTESIAN_POINT('',(9.5377,-0.800829547438753,-1.4732));
#4158=DIRECTION('',(1.0,-7.92546835305598E-17,0.0));
#4159=DIRECTION('',(7.92546835305598E-17,1.0,0.0));
#4160=SURFACE_STYLE_FILL_AREA(#6981);
#4161=ORIENTED_EDGE('',*,*,#6982,.T.);
#4162=ORIENTED_EDGE('',*,*,#6983,.F.);
#4163=ORIENTED_EDGE('',*,*,#6974,.T.);
#4164=ORIENTED_EDGE('',*,*,#6984,.T.);
#4165=CARTESIAN_POINT('',(9.07415,-2.6416,-1.4732));
#4166=DIRECTION('',(-1.22460635382238E-16,-1.0,0.0));
#4167=DIRECTION('',(1.0,-1.22460635382238E-16,0.0));
#4168=SURFACE_STYLE_FILL_AREA(#6985);
#4169=ORIENTED_EDGE('',*,*,#6986,.T.);
#4170=ORIENTED_EDGE('',*,*,#6987,.F.);
#4171=ORIENTED_EDGE('',*,*,#6975,.F.);
#4172=ORIENTED_EDGE('',*,*,#6983,.T.);
#4173=CARTESIAN_POINT('',(8.8773,-2.42162954743875,-1.4732));
#4174=DIRECTION('',(-0.866025403784439,-0.5,0.0));
#4175=DIRECTION('',(0.5,-0.866025403784439,0.0));
#4176=SURFACE_STYLE_FILL_AREA(#6988);
#4177=ORIENTED_EDGE('',*,*,#6989,.F.);
#4178=ORIENTED_EDGE('',*,*,#6976,.F.);
#4179=ORIENTED_EDGE('',*,*,#6987,.T.);
#4180=ORIENTED_EDGE('',*,*,#6990,.T.);
#4181=CARTESIAN_POINT('',(8.7503,-0.800829547438753,-1.4732));
#4182=DIRECTION('',(-1.0,-7.92546835305598E-17,0.0));
#4183=DIRECTION('',(7.92546835305598E-17,-1.0,0.0));
#4184=SURFACE_STYLE_FILL_AREA(#6991);
#4185=ORIENTED_EDGE('',*,*,#6992,.T.);
#4186=ORIENTED_EDGE('',*,*,#6984,.F.);
#4187=ORIENTED_EDGE('',*,*,#6973,.T.);
#4188=ORIENTED_EDGE('',*,*,#6980,.T.);
#4189=CARTESIAN_POINT('',(9.4107,-2.42162954743875,-1.4732));
#4190=DIRECTION('',(0.866025403784439,-0.5,0.0));
#4191=DIRECTION('',(0.5,0.866025403784439,0.0));
#4192=SURFACE_STYLE_FILL_AREA(#6993);
#4193=ORIENTED_EDGE('',*,*,#6994,.F.);
#4194=ORIENTED_EDGE('',*,*,#6990,.F.);
#4195=ORIENTED_EDGE('',*,*,#6986,.F.);
#4196=ORIENTED_EDGE('',*,*,#6982,.F.);
#4197=ORIENTED_EDGE('',*,*,#6992,.F.);
#4198=ORIENTED_EDGE('',*,*,#6979,.F.);
#4199=CARTESIAN_POINT('',(9.144,-0.938484323578236,-1.0668));
#4200=DIRECTION('',(0.0,0.0,1.0));
#4201=DIRECTION('',(1.0,0.0,0.0));
#4202=SURFACE_STYLE_FILL_AREA(#6995);
#4203=ORIENTED_EDGE('',*,*,#6996,.F.);
#4204=ORIENTED_EDGE('',*,*,#6997,.F.);
#4205=ORIENTED_EDGE('',*,*,#6998,.F.);
#4206=ORIENTED_EDGE('',*,*,#6999,.F.);
#4207=ORIENTED_EDGE('',*,*,#7000,.T.);
#4208=ORIENTED_EDGE('',*,*,#7001,.T.);
#4209=CARTESIAN_POINT('',(9.144,-0.938484323578236,1.0668));
#4210=DIRECTION('',(0.0,0.0,1.0));
#4211=DIRECTION('',(1.0,0.0,0.0));
#4212=SURFACE_STYLE_FILL_AREA(#7002);
#4213=ORIENTED_EDGE('',*,*,#7003,.F.);
#4214=ORIENTED_EDGE('',*,*,#7004,.T.);
#4215=ORIENTED_EDGE('',*,*,#7005,.F.);
#4216=ORIENTED_EDGE('',*,*,#6997,.T.);
#4217=CARTESIAN_POINT('',(9.5377,-0.800829547438753,1.0668));
#4218=DIRECTION('',(1.0,-7.92546835305598E-17,0.0));
#4219=DIRECTION('',(7.92546835305598E-17,1.0,0.0));
#4220=SURFACE_STYLE_FILL_AREA(#7006);
#4221=ORIENTED_EDGE('',*,*,#7007,.T.);
#4222=ORIENTED_EDGE('',*,*,#7008,.F.);
#4223=ORIENTED_EDGE('',*,*,#6999,.T.);
#4224=ORIENTED_EDGE('',*,*,#7009,.T.);
#4225=CARTESIAN_POINT('',(9.07415,-2.6416,1.0668));
#4226=DIRECTION('',(-1.22460635382238E-16,-1.0,0.0));
#4227=DIRECTION('',(1.0,-1.22460635382238E-16,0.0));
#4228=SURFACE_STYLE_FILL_AREA(#7010);
#4229=ORIENTED_EDGE('',*,*,#7011,.T.);
#4230=ORIENTED_EDGE('',*,*,#7012,.F.);
#4231=ORIENTED_EDGE('',*,*,#7000,.F.);
#4232=ORIENTED_EDGE('',*,*,#7008,.T.);
#4233=CARTESIAN_POINT('',(8.8773,-2.42162954743875,1.0668));
#4234=DIRECTION('',(-0.866025403784439,-0.5,0.0));
#4235=DIRECTION('',(0.5,-0.866025403784439,0.0));
#4236=SURFACE_STYLE_FILL_AREA(#7013);
#4237=ORIENTED_EDGE('',*,*,#7014,.F.);
#4238=ORIENTED_EDGE('',*,*,#7001,.F.);
#4239=ORIENTED_EDGE('',*,*,#7012,.T.);
#4240=ORIENTED_EDGE('',*,*,#7015,.T.);
#4241=CARTESIAN_POINT('',(8.7503,-0.800829547438753,1.0668));
#4242=DIRECTION('',(-1.0,-7.92546835305598E-17,0.0));
#4243=DIRECTION('',(7.92546835305598E-17,-1.0,0.0));
#4244=SURFACE_STYLE_FILL_AREA(#7016);
#4245=ORIENTED_EDGE('',*,*,#7017,.T.);
#4246=ORIENTED_EDGE('',*,*,#7009,.F.);
#4247=ORIENTED_EDGE('',*,*,#6998,.T.);
#4248=ORIENTED_EDGE('',*,*,#7005,.T.);
#4249=CARTESIAN_POINT('',(9.4107,-2.42162954743875,1.0668));
#4250=DIRECTION('',(0.866025403784439,-0.5,0.0));
#4251=DIRECTION('',(0.5,0.866025403784439,0.0));
#4252=SURFACE_STYLE_FILL_AREA(#7018);
#4253=ORIENTED_EDGE('',*,*,#7019,.F.);
#4254=ORIENTED_EDGE('',*,*,#7015,.F.);
#4255=ORIENTED_EDGE('',*,*,#7011,.F.);
#4256=ORIENTED_EDGE('',*,*,#7007,.F.);
#4257=ORIENTED_EDGE('',*,*,#7017,.F.);
#4258=ORIENTED_EDGE('',*,*,#7004,.F.);
#4259=CARTESIAN_POINT('',(9.144,-0.938484323578236,1.4732));
#4260=DIRECTION('',(0.0,0.0,1.0));
#4261=DIRECTION('',(1.0,0.0,0.0));
#4262=SURFACE_STYLE_FILL_AREA(#7020);
#4263=ORIENTED_EDGE('',*,*,#7021,.F.);
#4264=ORIENTED_EDGE('',*,*,#7022,.F.);
#4265=ORIENTED_EDGE('',*,*,#7023,.F.);
#4266=ORIENTED_EDGE('',*,*,#7024,.F.);
#4267=ORIENTED_EDGE('',*,*,#7025,.T.);
#4268=ORIENTED_EDGE('',*,*,#7026,.T.);
#4269=CARTESIAN_POINT('',(6.604,-0.938484323578236,-1.4732));
#4270=DIRECTION('',(0.0,0.0,1.0));
#4271=DIRECTION('',(1.0,0.0,0.0));
#4272=SURFACE_STYLE_FILL_AREA(#7027);
#4273=ORIENTED_EDGE('',*,*,#7028,.F.);
#4274=ORIENTED_EDGE('',*,*,#7029,.T.);
#4275=ORIENTED_EDGE('',*,*,#7030,.F.);
#4276=ORIENTED_EDGE('',*,*,#7022,.T.);
#4277=CARTESIAN_POINT('',(6.9977,-0.800829547438753,-1.4732));
#4278=DIRECTION('',(1.0,-7.92546835305598E-17,0.0));
#4279=DIRECTION('',(7.92546835305598E-17,1.0,0.0));
#4280=SURFACE_STYLE_FILL_AREA(#7031);
#4281=ORIENTED_EDGE('',*,*,#7032,.T.);
#4282=ORIENTED_EDGE('',*,*,#7033,.F.);
#4283=ORIENTED_EDGE('',*,*,#7024,.T.);
#4284=ORIENTED_EDGE('',*,*,#7034,.T.);
#4285=CARTESIAN_POINT('',(6.53415,-2.6416,-1.4732));
#4286=DIRECTION('',(-1.22460635382238E-16,-1.0,0.0));
#4287=DIRECTION('',(1.0,-1.22460635382238E-16,0.0));
#4288=SURFACE_STYLE_FILL_AREA(#7035);
#4289=ORIENTED_EDGE('',*,*,#7036,.T.);
#4290=ORIENTED_EDGE('',*,*,#7037,.F.);
#4291=ORIENTED_EDGE('',*,*,#7025,.F.);
#4292=ORIENTED_EDGE('',*,*,#7033,.T.);
#4293=CARTESIAN_POINT('',(6.3373,-2.42162954743875,-1.4732));
#4294=DIRECTION('',(-0.866025403784439,-0.5,0.0));
#4295=DIRECTION('',(0.5,-0.866025403784439,0.0));
#4296=SURFACE_STYLE_FILL_AREA(#7038);
#4297=ORIENTED_EDGE('',*,*,#7039,.F.);
#4298=ORIENTED_EDGE('',*,*,#7026,.F.);
#4299=ORIENTED_EDGE('',*,*,#7037,.T.);
#4300=ORIENTED_EDGE('',*,*,#7040,.T.);
#4301=CARTESIAN_POINT('',(6.2103,-0.800829547438753,-1.4732));
#4302=DIRECTION('',(-1.0,-7.92546835305598E-17,0.0));
#4303=DIRECTION('',(7.92546835305598E-17,-1.0,0.0));
#4304=SURFACE_STYLE_FILL_AREA(#7041);
#4305=ORIENTED_EDGE('',*,*,#7042,.T.);
#4306=ORIENTED_EDGE('',*,*,#7034,.F.);
#4307=ORIENTED_EDGE('',*,*,#7023,.T.);
#4308=ORIENTED_EDGE('',*,*,#7030,.T.);
#4309=CARTESIAN_POINT('',(6.8707,-2.42162954743875,-1.4732));
#4310=DIRECTION('',(0.866025403784439,-0.5,0.0));
#4311=DIRECTION('',(0.5,0.866025403784439,0.0));
#4312=SURFACE_STYLE_FILL_AREA(#7043);
#4313=ORIENTED_EDGE('',*,*,#7044,.F.);
#4314=ORIENTED_EDGE('',*,*,#7040,.F.);
#4315=ORIENTED_EDGE('',*,*,#7036,.F.);
#4316=ORIENTED_EDGE('',*,*,#7032,.F.);
#4317=ORIENTED_EDGE('',*,*,#7042,.F.);
#4318=ORIENTED_EDGE('',*,*,#7029,.F.);
#4319=CARTESIAN_POINT('',(6.604,-0.938484323578236,-1.0668));
#4320=DIRECTION('',(0.0,0.0,1.0));
#4321=DIRECTION('',(1.0,0.0,0.0));
#4322=SURFACE_STYLE_FILL_AREA(#7045);
#4323=ORIENTED_EDGE('',*,*,#7046,.F.);
#4324=ORIENTED_EDGE('',*,*,#7047,.F.);
#4325=ORIENTED_EDGE('',*,*,#7048,.F.);
#4326=ORIENTED_EDGE('',*,*,#7049,.F.);
#4327=ORIENTED_EDGE('',*,*,#7050,.T.);
#4328=ORIENTED_EDGE('',*,*,#7051,.T.);
#4329=CARTESIAN_POINT('',(6.604,-0.938484323578236,1.0668));
#4330=DIRECTION('',(0.0,0.0,1.0));
#4331=DIRECTION('',(1.0,0.0,0.0));
#4332=SURFACE_STYLE_FILL_AREA(#7052);
#4333=ORIENTED_EDGE('',*,*,#7053,.F.);
#4334=ORIENTED_EDGE('',*,*,#7054,.T.);
#4335=ORIENTED_EDGE('',*,*,#7055,.F.);
#4336=ORIENTED_EDGE('',*,*,#7047,.T.);
#4337=CARTESIAN_POINT('',(6.9977,-0.800829547438753,1.0668));
#4338=DIRECTION('',(1.0,-7.92546835305598E-17,0.0));
#4339=DIRECTION('',(7.92546835305598E-17,1.0,0.0));
#4340=SURFACE_STYLE_FILL_AREA(#7056);
#4341=ORIENTED_EDGE('',*,*,#7057,.T.);
#4342=ORIENTED_EDGE('',*,*,#7058,.F.);
#4343=ORIENTED_EDGE('',*,*,#7049,.T.);
#4344=ORIENTED_EDGE('',*,*,#7059,.T.);
#4345=CARTESIAN_POINT('',(6.53415,-2.6416,1.0668));
#4346=DIRECTION('',(-1.22460635382238E-16,-1.0,0.0));
#4347=DIRECTION('',(1.0,-1.22460635382238E-16,0.0));
#4348=SURFACE_STYLE_FILL_AREA(#7060);
#4349=ORIENTED_EDGE('',*,*,#7061,.T.);
#4350=ORIENTED_EDGE('',*,*,#7062,.F.);
#4351=ORIENTED_EDGE('',*,*,#7050,.F.);
#4352=ORIENTED_EDGE('',*,*,#7058,.T.);
#4353=CARTESIAN_POINT('',(6.3373,-2.42162954743875,1.0668));
#4354=DIRECTION('',(-0.866025403784439,-0.5,0.0));
#4355=DIRECTION('',(0.5,-0.866025403784439,0.0));
#4356=SURFACE_STYLE_FILL_AREA(#7063);
#4357=ORIENTED_EDGE('',*,*,#7064,.F.);
#4358=ORIENTED_EDGE('',*,*,#7051,.F.);
#4359=ORIENTED_EDGE('',*,*,#7062,.T.);
#4360=ORIENTED_EDGE('',*,*,#7065,.T.);
#4361=CARTESIAN_POINT('',(6.2103,-0.800829547438753,1.0668));
#4362=DIRECTION('',(-1.0,-7.92546835305598E-17,0.0));
#4363=DIRECTION('',(7.92546835305598E-17,-1.0,0.0));
#4364=SURFACE_STYLE_FILL_AREA(#7066);
#4365=ORIENTED_EDGE('',*,*,#7067,.T.);
#4366=ORIENTED_EDGE('',*,*,#7059,.F.);
#4367=ORIENTED_EDGE('',*,*,#7048,.T.);
#4368=ORIENTED_EDGE('',*,*,#7055,.T.);
#4369=CARTESIAN_POINT('',(6.8707,-2.42162954743875,1.0668));
#4370=DIRECTION('',(0.866025403784439,-0.5,0.0));
#4371=DIRECTION('',(0.5,0.866025403784439,0.0));
#4372=SURFACE_STYLE_FILL_AREA(#7068);
#4373=ORIENTED_EDGE('',*,*,#7069,.F.);
#4374=ORIENTED_EDGE('',*,*,#7065,.F.);
#4375=ORIENTED_EDGE('',*,*,#7061,.F.);
#4376=ORIENTED_EDGE('',*,*,#7057,.F.);
#4377=ORIENTED_EDGE('',*,*,#7067,.F.);
#4378=ORIENTED_EDGE('',*,*,#7054,.F.);
#4379=CARTESIAN_POINT('',(6.604,-0.938484323578236,1.4732));
#4380=DIRECTION('',(0.0,0.0,1.0));
#4381=DIRECTION('',(1.0,0.0,0.0));
#4382=SURFACE_STYLE_FILL_AREA(#7070);
#4383=ORIENTED_EDGE('',*,*,#7071,.F.);
#4384=ORIENTED_EDGE('',*,*,#7072,.F.);
#4385=ORIENTED_EDGE('',*,*,#7073,.F.);
#4386=ORIENTED_EDGE('',*,*,#7074,.F.);
#4387=ORIENTED_EDGE('',*,*,#7075,.T.);
#4388=ORIENTED_EDGE('',*,*,#7076,.T.);
#4389=CARTESIAN_POINT('',(4.064,-0.938484323578236,-1.4732));
#4390=DIRECTION('',(0.0,0.0,1.0));
#4391=DIRECTION('',(1.0,0.0,0.0));
#4392=SURFACE_STYLE_FILL_AREA(#7077);
#4393=ORIENTED_EDGE('',*,*,#7078,.F.);
#4394=ORIENTED_EDGE('',*,*,#7079,.T.);
#4395=ORIENTED_EDGE('',*,*,#7080,.F.);
#4396=ORIENTED_EDGE('',*,*,#7072,.T.);
#4397=CARTESIAN_POINT('',(4.4577,-0.800829547438753,-1.4732));
#4398=DIRECTION('',(1.0,-7.92546835305598E-17,0.0));
#4399=DIRECTION('',(7.92546835305598E-17,1.0,0.0));
#4400=SURFACE_STYLE_FILL_AREA(#7081);
#4401=ORIENTED_EDGE('',*,*,#7082,.T.);
#4402=ORIENTED_EDGE('',*,*,#7083,.F.);
#4403=ORIENTED_EDGE('',*,*,#7074,.T.);
#4404=ORIENTED_EDGE('',*,*,#7084,.T.);
#4405=CARTESIAN_POINT('',(3.99415,-2.6416,-1.4732));
#4406=DIRECTION('',(-1.22460635382238E-16,-1.0,0.0));
#4407=DIRECTION('',(1.0,-1.22460635382238E-16,0.0));
#4408=SURFACE_STYLE_FILL_AREA(#7085);
#4409=ORIENTED_EDGE('',*,*,#7086,.T.);
#4410=ORIENTED_EDGE('',*,*,#7087,.F.);
#4411=ORIENTED_EDGE('',*,*,#7075,.F.);
#4412=ORIENTED_EDGE('',*,*,#7083,.T.);
#4413=CARTESIAN_POINT('',(3.7973,-2.42162954743875,-1.4732));
#4414=DIRECTION('',(-0.866025403784439,-0.5,0.0));
#4415=DIRECTION('',(0.5,-0.866025403784439,0.0));
#4416=SURFACE_STYLE_FILL_AREA(#7088);
#4417=ORIENTED_EDGE('',*,*,#7089,.F.);
#4418=ORIENTED_EDGE('',*,*,#7076,.F.);
#4419=ORIENTED_EDGE('',*,*,#7087,.T.);
#4420=ORIENTED_EDGE('',*,*,#7090,.T.);
#4421=CARTESIAN_POINT('',(3.6703,-0.800829547438753,-1.4732));
#4422=DIRECTION('',(-1.0,-7.92546835305598E-17,0.0));
#4423=DIRECTION('',(7.92546835305598E-17,-1.0,0.0));
#4424=SURFACE_STYLE_FILL_AREA(#7091);
#4425=ORIENTED_EDGE('',*,*,#7092,.T.);
#4426=ORIENTED_EDGE('',*,*,#7084,.F.);
#4427=ORIENTED_EDGE('',*,*,#7073,.T.);
#4428=ORIENTED_EDGE('',*,*,#7080,.T.);
#4429=CARTESIAN_POINT('',(4.3307,-2.42162954743875,-1.4732));
#4430=DIRECTION('',(0.866025403784439,-0.5,0.0));
#4431=DIRECTION('',(0.5,0.866025403784439,0.0));
#4432=SURFACE_STYLE_FILL_AREA(#7093);
#4433=ORIENTED_EDGE('',*,*,#7094,.F.);
#4434=ORIENTED_EDGE('',*,*,#7090,.F.);
#4435=ORIENTED_EDGE('',*,*,#7086,.F.);
#4436=ORIENTED_EDGE('',*,*,#7082,.F.);
#4437=ORIENTED_EDGE('',*,*,#7092,.F.);
#4438=ORIENTED_EDGE('',*,*,#7079,.F.);
#4439=CARTESIAN_POINT('',(4.064,-0.938484323578236,-1.0668));
#4440=DIRECTION('',(0.0,0.0,1.0));
#4441=DIRECTION('',(1.0,0.0,0.0));
#4442=SURFACE_STYLE_FILL_AREA(#7095);
#4443=ORIENTED_EDGE('',*,*,#7096,.F.);
#4444=ORIENTED_EDGE('',*,*,#7097,.F.);
#4445=ORIENTED_EDGE('',*,*,#7098,.F.);
#4446=ORIENTED_EDGE('',*,*,#7099,.F.);
#4447=ORIENTED_EDGE('',*,*,#7100,.T.);
#4448=ORIENTED_EDGE('',*,*,#7101,.T.);
#4449=CARTESIAN_POINT('',(4.064,-0.938484323578236,1.0668));
#4450=DIRECTION('',(0.0,0.0,1.0));
#4451=DIRECTION('',(1.0,0.0,0.0));
#4452=SURFACE_STYLE_FILL_AREA(#7102);
#4453=ORIENTED_EDGE('',*,*,#7103,.F.);
#4454=ORIENTED_EDGE('',*,*,#7104,.T.);
#4455=ORIENTED_EDGE('',*,*,#7105,.F.);
#4456=ORIENTED_EDGE('',*,*,#7097,.T.);
#4457=CARTESIAN_POINT('',(4.4577,-0.800829547438753,1.0668));
#4458=DIRECTION('',(1.0,-7.92546835305598E-17,0.0));
#4459=DIRECTION('',(7.92546835305598E-17,1.0,0.0));
#4460=SURFACE_STYLE_FILL_AREA(#7106);
#4461=ORIENTED_EDGE('',*,*,#7107,.T.);
#4462=ORIENTED_EDGE('',*,*,#7108,.F.);
#4463=ORIENTED_EDGE('',*,*,#7099,.T.);
#4464=ORIENTED_EDGE('',*,*,#7109,.T.);
#4465=CARTESIAN_POINT('',(3.99415,-2.6416,1.0668));
#4466=DIRECTION('',(-1.22460635382238E-16,-1.0,0.0));
#4467=DIRECTION('',(1.0,-1.22460635382238E-16,0.0));
#4468=SURFACE_STYLE_FILL_AREA(#7110);
#4469=ORIENTED_EDGE('',*,*,#7111,.T.);
#4470=ORIENTED_EDGE('',*,*,#7112,.F.);
#4471=ORIENTED_EDGE('',*,*,#7100,.F.);
#4472=ORIENTED_EDGE('',*,*,#7108,.T.);
#4473=CARTESIAN_POINT('',(3.7973,-2.42162954743875,1.0668));
#4474=DIRECTION('',(-0.866025403784439,-0.5,0.0));
#4475=DIRECTION('',(0.5,-0.866025403784439,0.0));
#4476=SURFACE_STYLE_FILL_AREA(#7113);
#4477=ORIENTED_EDGE('',*,*,#7114,.F.);
#4478=ORIENTED_EDGE('',*,*,#7101,.F.);
#4479=ORIENTED_EDGE('',*,*,#7112,.T.);
#4480=ORIENTED_EDGE('',*,*,#7115,.T.);
#4481=CARTESIAN_POINT('',(3.6703,-0.800829547438753,1.0668));
#4482=DIRECTION('',(-1.0,-7.92546835305598E-17,0.0));
#4483=DIRECTION('',(7.92546835305598E-17,-1.0,0.0));
#4484=SURFACE_STYLE_FILL_AREA(#7116);
#4485=ORIENTED_EDGE('',*,*,#7117,.T.);
#4486=ORIENTED_EDGE('',*,*,#7109,.F.);
#4487=ORIENTED_EDGE('',*,*,#7098,.T.);
#4488=ORIENTED_EDGE('',*,*,#7105,.T.);
#4489=CARTESIAN_POINT('',(4.3307,-2.42162954743875,1.0668));
#4490=DIRECTION('',(0.866025403784439,-0.5,0.0));
#4491=DIRECTION('',(0.5,0.866025403784439,0.0));
#4492=SURFACE_STYLE_FILL_AREA(#7118);
#4493=ORIENTED_EDGE('',*,*,#7119,.F.);
#4494=ORIENTED_EDGE('',*,*,#7115,.F.);
#4495=ORIENTED_EDGE('',*,*,#7111,.F.);
#4496=ORIENTED_EDGE('',*,*,#7107,.F.);
#4497=ORIENTED_EDGE('',*,*,#7117,.F.);
#4498=ORIENTED_EDGE('',*,*,#7104,.F.);
#4499=CARTESIAN_POINT('',(4.064,-0.938484323578236,1.4732));
#4500=DIRECTION('',(0.0,0.0,1.0));
#4501=DIRECTION('',(1.0,0.0,0.0));
#4502=SURFACE_STYLE_FILL_AREA(#7120);
#4503=ORIENTED_EDGE('',*,*,#7121,.F.);
#4504=ORIENTED_EDGE('',*,*,#7122,.F.);
#4505=ORIENTED_EDGE('',*,*,#7123,.F.);
#4506=ORIENTED_EDGE('',*,*,#7124,.F.);
#4507=ORIENTED_EDGE('',*,*,#7125,.T.);
#4508=ORIENTED_EDGE('',*,*,#7126,.T.);
#4509=CARTESIAN_POINT('',(1.524,-0.938484323578236,-1.4732));
#4510=DIRECTION('',(0.0,0.0,1.0));
#4511=DIRECTION('',(1.0,0.0,0.0));
#4512=SURFACE_STYLE_FILL_AREA(#7127);
#4513=ORIENTED_EDGE('',*,*,#7128,.F.);
#4514=ORIENTED_EDGE('',*,*,#7129,.T.);
#4515=ORIENTED_EDGE('',*,*,#7130,.F.);
#4516=ORIENTED_EDGE('',*,*,#7122,.T.);
#4517=CARTESIAN_POINT('',(1.9177,-0.800829547438753,-1.4732));
#4518=DIRECTION('',(1.0,-7.92546835305598E-17,0.0));
#4519=DIRECTION('',(7.92546835305598E-17,1.0,0.0));
#4520=SURFACE_STYLE_FILL_AREA(#7131);
#4521=ORIENTED_EDGE('',*,*,#7132,.T.);
#4522=ORIENTED_EDGE('',*,*,#7133,.F.);
#4523=ORIENTED_EDGE('',*,*,#7124,.T.);
#4524=ORIENTED_EDGE('',*,*,#7134,.T.);
#4525=CARTESIAN_POINT('',(1.45415,-2.6416,-1.4732));
#4526=DIRECTION('',(-1.22460635382238E-16,-1.0,0.0));
#4527=DIRECTION('',(1.0,-1.22460635382238E-16,0.0));
#4528=SURFACE_STYLE_FILL_AREA(#7135);
#4529=ORIENTED_EDGE('',*,*,#7136,.T.);
#4530=ORIENTED_EDGE('',*,*,#7137,.F.);
#4531=ORIENTED_EDGE('',*,*,#7125,.F.);
#4532=ORIENTED_EDGE('',*,*,#7133,.T.);
#4533=CARTESIAN_POINT('',(1.2573,-2.42162954743875,-1.4732));
#4534=DIRECTION('',(-0.866025403784439,-0.5,0.0));
#4535=DIRECTION('',(0.5,-0.866025403784439,0.0));
#4536=SURFACE_STYLE_FILL_AREA(#7138);
#4537=ORIENTED_EDGE('',*,*,#7139,.F.);
#4538=ORIENTED_EDGE('',*,*,#7126,.F.);
#4539=ORIENTED_EDGE('',*,*,#7137,.T.);
#4540=ORIENTED_EDGE('',*,*,#7140,.T.);
#4541=CARTESIAN_POINT('',(1.1303,-0.800829547438753,-1.4732));
#4542=DIRECTION('',(-1.0,-7.92546835305598E-17,0.0));
#4543=DIRECTION('',(7.92546835305598E-17,-1.0,0.0));
#4544=SURFACE_STYLE_FILL_AREA(#7141);
#4545=ORIENTED_EDGE('',*,*,#7142,.T.);
#4546=ORIENTED_EDGE('',*,*,#7134,.F.);
#4547=ORIENTED_EDGE('',*,*,#7123,.T.);
#4548=ORIENTED_EDGE('',*,*,#7130,.T.);
#4549=CARTESIAN_POINT('',(1.7907,-2.42162954743875,-1.4732));
#4550=DIRECTION('',(0.866025403784439,-0.5,0.0));
#4551=DIRECTION('',(0.5,0.866025403784439,0.0));
#4552=SURFACE_STYLE_FILL_AREA(#7143);
#4553=ORIENTED_EDGE('',*,*,#7144,.F.);
#4554=ORIENTED_EDGE('',*,*,#7140,.F.);
#4555=ORIENTED_EDGE('',*,*,#7136,.F.);
#4556=ORIENTED_EDGE('',*,*,#7132,.F.);
#4557=ORIENTED_EDGE('',*,*,#7142,.F.);
#4558=ORIENTED_EDGE('',*,*,#7129,.F.);
#4559=CARTESIAN_POINT('',(1.524,-0.938484323578236,-1.0668));
#4560=DIRECTION('',(0.0,0.0,1.0));
#4561=DIRECTION('',(1.0,0.0,0.0));
#4562=SURFACE_STYLE_FILL_AREA(#7145);
#4563=ORIENTED_EDGE('',*,*,#7146,.F.);
#4564=ORIENTED_EDGE('',*,*,#7147,.F.);
#4565=ORIENTED_EDGE('',*,*,#7148,.F.);
#4566=ORIENTED_EDGE('',*,*,#7149,.F.);
#4567=ORIENTED_EDGE('',*,*,#7150,.T.);
#4568=ORIENTED_EDGE('',*,*,#7151,.T.);
#4569=CARTESIAN_POINT('',(1.524,-0.938484323578236,1.0668));
#4570=DIRECTION('',(0.0,0.0,1.0));
#4571=DIRECTION('',(1.0,0.0,0.0));
#4572=SURFACE_STYLE_FILL_AREA(#7152);
#4573=ORIENTED_EDGE('',*,*,#7153,.F.);
#4574=ORIENTED_EDGE('',*,*,#7154,.T.);
#4575=ORIENTED_EDGE('',*,*,#7155,.F.);
#4576=ORIENTED_EDGE('',*,*,#7147,.T.);
#4577=CARTESIAN_POINT('',(1.9177,-0.800829547438753,1.0668));
#4578=DIRECTION('',(1.0,-7.92546835305598E-17,0.0));
#4579=DIRECTION('',(7.92546835305598E-17,1.0,0.0));
#4580=SURFACE_STYLE_FILL_AREA(#7156);
#4581=ORIENTED_EDGE('',*,*,#7157,.T.);
#4582=ORIENTED_EDGE('',*,*,#7158,.F.);
#4583=ORIENTED_EDGE('',*,*,#7149,.T.);
#4584=ORIENTED_EDGE('',*,*,#7159,.T.);
#4585=CARTESIAN_POINT('',(1.45415,-2.6416,1.0668));
#4586=DIRECTION('',(-1.22460635382238E-16,-1.0,0.0));
#4587=DIRECTION('',(1.0,-1.22460635382238E-16,0.0));
#4588=SURFACE_STYLE_FILL_AREA(#7160);
#4589=ORIENTED_EDGE('',*,*,#7161,.T.);
#4590=ORIENTED_EDGE('',*,*,#7162,.F.);
#4591=ORIENTED_EDGE('',*,*,#7150,.F.);
#4592=ORIENTED_EDGE('',*,*,#7158,.T.);
#4593=CARTESIAN_POINT('',(1.2573,-2.42162954743875,1.0668));
#4594=DIRECTION('',(-0.866025403784439,-0.5,0.0));
#4595=DIRECTION('',(0.5,-0.866025403784439,0.0));
#4596=SURFACE_STYLE_FILL_AREA(#7163);
#4597=ORIENTED_EDGE('',*,*,#7164,.F.);
#4598=ORIENTED_EDGE('',*,*,#7151,.F.);
#4599=ORIENTED_EDGE('',*,*,#7162,.T.);
#4600=ORIENTED_EDGE('',*,*,#7165,.T.);
#4601=CARTESIAN_POINT('',(1.1303,-0.800829547438753,1.0668));
#4602=DIRECTION('',(-1.0,-7.92546835305598E-17,0.0));
#4603=DIRECTION('',(7.92546835305598E-17,-1.0,0.0));
#4604=SURFACE_STYLE_FILL_AREA(#7166);
#4605=ORIENTED_EDGE('',*,*,#7167,.T.);
#4606=ORIENTED_EDGE('',*,*,#7159,.F.);
#4607=ORIENTED_EDGE('',*,*,#7148,.T.);
#4608=ORIENTED_EDGE('',*,*,#7155,.T.);
#4609=CARTESIAN_POINT('',(1.7907,-2.42162954743875,1.0668));
#4610=DIRECTION('',(0.866025403784439,-0.5,0.0));
#4611=DIRECTION('',(0.5,0.866025403784439,0.0));
#4612=SURFACE_STYLE_FILL_AREA(#7168);
#4613=ORIENTED_EDGE('',*,*,#7169,.F.);
#4614=ORIENTED_EDGE('',*,*,#7165,.F.);
#4615=ORIENTED_EDGE('',*,*,#7161,.F.);
#4616=ORIENTED_EDGE('',*,*,#7157,.F.);
#4617=ORIENTED_EDGE('',*,*,#7167,.F.);
#4618=ORIENTED_EDGE('',*,*,#7154,.F.);
#4619=CARTESIAN_POINT('',(1.524,-0.938484323578236,1.4732));
#4620=DIRECTION('',(0.0,0.0,1.0));
#4621=DIRECTION('',(1.0,0.0,0.0));
#4622=SURFACE_STYLE_FILL_AREA(#7170);
#4623=ORIENTED_EDGE('',*,*,#7171,.T.);
#4624=ORIENTED_EDGE('',*,*,#7172,.F.);
#4625=ORIENTED_EDGE('',*,*,#7173,.T.);
#4626=ORIENTED_EDGE('',*,*,#7174,.T.);
#4627=CARTESIAN_POINT('',(25.384,8.3185,1.8542));
#4628=DIRECTION('',(1.2988911856079E-16,0.707106781186548,-0.707106781186547));
#4629=DIRECTION('',(1.2988911856079E-16,-0.707106781186547,-0.707106781186548));
#4630=SURFACE_STYLE_FILL_AREA(#7175);
#4631=ORIENTED_EDGE('',*,*,#7173,.F.);
#4632=ORIENTED_EDGE('',*,*,#7176,.F.);
#4633=ORIENTED_EDGE('',*,*,#7177,.F.);
#4634=ORIENTED_EDGE('',*,*,#7178,.T.);
#4635=CARTESIAN_POINT('',(24.9682,8.3185,0.27));
#4636=DIRECTION('',(-0.707106781186547,0.707106781186548,0.0));
#4637=DIRECTION('',(-0.707106781186548,-0.707106781186547,-0.0));
#4638=SURFACE_STYLE_FILL_AREA(#7179);
#4639=ORIENTED_EDGE('',*,*,#7171,.F.);
#4640=ORIENTED_EDGE('',*,*,#7180,.T.);
#4641=ORIENTED_EDGE('',*,*,#7181,.T.);
#4642=ORIENTED_EDGE('',*,*,#7182,.F.);
#4643=CARTESIAN_POINT('',(23.7998,8.3185,2.27));
#4644=DIRECTION('',(0.707106781186547,0.707106781186548,8.65927457071935E-17));
#4645=DIRECTION('',(0.707106781186548,-0.707106781186547,8.65927457071935E-17));
#4646=SURFACE_STYLE_FILL_AREA(#7183);
#4647=ORIENTED_EDGE('',*,*,#7181,.F.);
#4648=ORIENTED_EDGE('',*,*,#7184,.T.);
#4649=ORIENTED_EDGE('',*,*,#7177,.T.);
#4650=ORIENTED_EDGE('',*,*,#7185,.F.);
#4651=CARTESIAN_POINT('',(23.384,8.3185,0.6858));
#4652=DIRECTION('',(-4.32963728535968E-17,0.707106781186548,0.707106781186547));
#4653=DIRECTION('',(-4.32963728535968E-17,-0.707106781186547,0.707106781186548));
#4654=SURFACE_STYLE_FILL_AREA(#7186);
#4655=ORIENTED_EDGE('',*,*,#7178,.F.);
#4656=ORIENTED_EDGE('',*,*,#7187,.T.);
#4657=ORIENTED_EDGE('',*,*,#7188,.F.);
#4658=ORIENTED_EDGE('',*,*,#7189,.T.);
#4659=CARTESIAN_POINT('',(24.7777,5.2625,1.27));
#4660=DIRECTION('',(-1.0,0.0,0.0));
#4661=DIRECTION('',(0.0,0.0,1.0));
#4662=SURFACE_STYLE_FILL_AREA(#7190);
#4663=ORIENTED_EDGE('',*,*,#7184,.F.);
#4664=ORIENTED_EDGE('',*,*,#7191,.F.);
#4665=ORIENTED_EDGE('',*,*,#7192,.F.);
#4666=ORIENTED_EDGE('',*,*,#7187,.F.);
#4667=CARTESIAN_POINT('',(24.384,5.2625,0.8763));
#4668=DIRECTION('',(0.0,0.0,1.0));
#4669=DIRECTION('',(1.0,0.0,0.0));
#4670=SURFACE_STYLE_FILL_AREA(#7193);
#4671=ORIENTED_EDGE('',*,*,#7174,.F.);
#4672=ORIENTED_EDGE('',*,*,#7189,.F.);
#4673=ORIENTED_EDGE('',*,*,#7194,.F.);
#4674=ORIENTED_EDGE('',*,*,#7195,.F.);
#4675=CARTESIAN_POINT('',(24.384,5.2625,1.6637));
#4676=DIRECTION('',(0.0,0.0,1.0));
#4677=DIRECTION('',(1.0,0.0,0.0));
#4678=SURFACE_STYLE_FILL_AREA(#7196);
#4679=ORIENTED_EDGE('',*,*,#7197,.F.);
#4680=ORIENTED_EDGE('',*,*,#7194,.T.);
#4681=ORIENTED_EDGE('',*,*,#7188,.T.);
#4682=ORIENTED_EDGE('',*,*,#7192,.T.);
#4683=CARTESIAN_POINT('',(24.384,1.008,1.27));
#4684=DIRECTION('',(0.0,1.0,0.0));
#4685=DIRECTION('',(0.0,0.0,1.0));
#4686=SURFACE_STYLE_FILL_AREA(#7198);
#4687=ORIENTED_EDGE('',*,*,#7180,.F.);
#4688=ORIENTED_EDGE('',*,*,#7195,.T.);
#4689=ORIENTED_EDGE('',*,*,#7197,.T.);
#4690=ORIENTED_EDGE('',*,*,#7191,.T.);
#4691=CARTESIAN_POINT('',(23.9903,5.2625,1.27));
#4692=DIRECTION('',(1.0,0.0,0.0));
#4693=DIRECTION('',(0.0,0.0,-1.0));
#4694=SURFACE_STYLE_FILL_AREA(#7199);
#4695=ORIENTED_EDGE('',*,*,#7200,.T.);
#4696=ORIENTED_EDGE('',*,*,#7201,.F.);
#4697=ORIENTED_EDGE('',*,*,#7202,.T.);
#4698=ORIENTED_EDGE('',*,*,#7203,.T.);
#4699=CARTESIAN_POINT('',(25.384,8.3185,-0.6858));
#4700=DIRECTION('',(1.2988911856079E-16,0.707106781186548,-0.707106781186547));
#4701=DIRECTION('',(1.2988911856079E-16,-0.707106781186547,-0.707106781186548));
#4702=SURFACE_STYLE_FILL_AREA(#7204);
#4703=ORIENTED_EDGE('',*,*,#7202,.F.);
#4704=ORIENTED_EDGE('',*,*,#7205,.F.);
#4705=ORIENTED_EDGE('',*,*,#7206,.F.);
#4706=ORIENTED_EDGE('',*,*,#7207,.T.);
#4707=CARTESIAN_POINT('',(24.9682,8.3185,-2.27));
#4708=DIRECTION('',(-0.707106781186547,0.707106781186548,0.0));
#4709=DIRECTION('',(-0.707106781186548,-0.707106781186547,-0.0));
#4710=SURFACE_STYLE_FILL_AREA(#7208);
#4711=ORIENTED_EDGE('',*,*,#7200,.F.);
#4712=ORIENTED_EDGE('',*,*,#7209,.T.);
#4713=ORIENTED_EDGE('',*,*,#7210,.T.);
#4714=ORIENTED_EDGE('',*,*,#7211,.F.);
#4715=CARTESIAN_POINT('',(23.7998,8.3185,-0.27));
#4716=DIRECTION('',(0.707106781186547,0.707106781186548,8.65927457071935E-17));
#4717=DIRECTION('',(0.707106781186548,-0.707106781186547,8.65927457071935E-17));
#4718=SURFACE_STYLE_FILL_AREA(#7212);
#4719=ORIENTED_EDGE('',*,*,#7210,.F.);
#4720=ORIENTED_EDGE('',*,*,#7213,.T.);
#4721=ORIENTED_EDGE('',*,*,#7206,.T.);
#4722=ORIENTED_EDGE('',*,*,#7214,.F.);
#4723=CARTESIAN_POINT('',(23.384,8.3185,-1.8542));
#4724=DIRECTION('',(-4.32963728535968E-17,0.707106781186548,0.707106781186547));
#4725=DIRECTION('',(-4.32963728535968E-17,-0.707106781186547,0.707106781186548));
#4726=SURFACE_STYLE_FILL_AREA(#7215);
#4727=ORIENTED_EDGE('',*,*,#7207,.F.);
#4728=ORIENTED_EDGE('',*,*,#7216,.T.);
#4729=ORIENTED_EDGE('',*,*,#7217,.F.);
#4730=ORIENTED_EDGE('',*,*,#7218,.T.);
#4731=CARTESIAN_POINT('',(24.7777,5.2625,-1.27));
#4732=DIRECTION('',(-1.0,0.0,0.0));
#4733=DIRECTION('',(0.0,0.0,1.0));
#4734=SURFACE_STYLE_FILL_AREA(#7219);
#4735=ORIENTED_EDGE('',*,*,#7213,.F.);
#4736=ORIENTED_EDGE('',*,*,#7220,.F.);
#4737=ORIENTED_EDGE('',*,*,#7221,.F.);
#4738=ORIENTED_EDGE('',*,*,#7216,.F.);
#4739=CARTESIAN_POINT('',(24.384,5.2625,-1.6637));
#4740=DIRECTION('',(0.0,0.0,1.0));
#4741=DIRECTION('',(1.0,0.0,0.0));
#4742=SURFACE_STYLE_FILL_AREA(#7222);
#4743=ORIENTED_EDGE('',*,*,#7203,.F.);
#4744=ORIENTED_EDGE('',*,*,#7218,.F.);
#4745=ORIENTED_EDGE('',*,*,#7223,.F.);
#4746=ORIENTED_EDGE('',*,*,#7224,.F.);
#4747=CARTESIAN_POINT('',(24.384,5.2625,-0.8763));
#4748=DIRECTION('',(0.0,0.0,1.0));
#4749=DIRECTION('',(1.0,0.0,0.0));
#4750=SURFACE_STYLE_FILL_AREA(#7225);
#4751=ORIENTED_EDGE('',*,*,#7226,.F.);
#4752=ORIENTED_EDGE('',*,*,#7223,.T.);
#4753=ORIENTED_EDGE('',*,*,#7217,.T.);
#4754=ORIENTED_EDGE('',*,*,#7221,.T.);
#4755=CARTESIAN_POINT('',(24.384,1.008,-1.27));
#4756=DIRECTION('',(0.0,1.0,0.0));
#4757=DIRECTION('',(0.0,0.0,1.0));
#4758=SURFACE_STYLE_FILL_AREA(#7227);
#4759=ORIENTED_EDGE('',*,*,#7209,.F.);
#4760=ORIENTED_EDGE('',*,*,#7224,.T.);
#4761=ORIENTED_EDGE('',*,*,#7226,.T.);
#4762=ORIENTED_EDGE('',*,*,#7220,.T.);
#4763=CARTESIAN_POINT('',(23.9903,5.2625,-1.27));
#4764=DIRECTION('',(1.0,0.0,0.0));
#4765=DIRECTION('',(0.0,0.0,-1.0));
#4766=SURFACE_STYLE_FILL_AREA(#7228);
#4767=ORIENTED_EDGE('',*,*,#7229,.T.);
#4768=ORIENTED_EDGE('',*,*,#7230,.F.);
#4769=ORIENTED_EDGE('',*,*,#7231,.T.);
#4770=ORIENTED_EDGE('',*,*,#7232,.T.);
#4771=CARTESIAN_POINT('',(22.844,8.3185,1.8542));
#4772=DIRECTION('',(1.2988911856079E-16,0.707106781186548,-0.707106781186547));
#4773=DIRECTION('',(1.2988911856079E-16,-0.707106781186547,-0.707106781186548));
#4774=SURFACE_STYLE_FILL_AREA(#7233);
#4775=ORIENTED_EDGE('',*,*,#7231,.F.);
#4776=ORIENTED_EDGE('',*,*,#7234,.F.);
#4777=ORIENTED_EDGE('',*,*,#7235,.F.);
#4778=ORIENTED_EDGE('',*,*,#7236,.T.);
#4779=CARTESIAN_POINT('',(22.4282,8.3185,0.27));
#4780=DIRECTION('',(-0.707106781186547,0.707106781186548,0.0));
#4781=DIRECTION('',(-0.707106781186548,-0.707106781186547,-0.0));
#4782=SURFACE_STYLE_FILL_AREA(#7237);
#4783=ORIENTED_EDGE('',*,*,#7229,.F.);
#4784=ORIENTED_EDGE('',*,*,#7238,.T.);
#4785=ORIENTED_EDGE('',*,*,#7239,.T.);
#4786=ORIENTED_EDGE('',*,*,#7240,.F.);
#4787=CARTESIAN_POINT('',(21.2598,8.3185,2.27));
#4788=DIRECTION('',(0.707106781186547,0.707106781186548,8.65927457071935E-17));
#4789=DIRECTION('',(0.707106781186548,-0.707106781186547,8.65927457071935E-17));
#4790=SURFACE_STYLE_FILL_AREA(#7241);
#4791=ORIENTED_EDGE('',*,*,#7239,.F.);
#4792=ORIENTED_EDGE('',*,*,#7242,.T.);
#4793=ORIENTED_EDGE('',*,*,#7235,.T.);
#4794=ORIENTED_EDGE('',*,*,#7243,.F.);
#4795=CARTESIAN_POINT('',(20.844,8.3185,0.6858));
#4796=DIRECTION('',(-4.32963728535968E-17,0.707106781186548,0.707106781186547));
#4797=DIRECTION('',(-4.32963728535968E-17,-0.707106781186547,0.707106781186548));
#4798=SURFACE_STYLE_FILL_AREA(#7244);
#4799=ORIENTED_EDGE('',*,*,#7236,.F.);
#4800=ORIENTED_EDGE('',*,*,#7245,.T.);
#4801=ORIENTED_EDGE('',*,*,#7246,.F.);
#4802=ORIENTED_EDGE('',*,*,#7247,.T.);
#4803=CARTESIAN_POINT('',(22.2377,5.2625,1.27));
#4804=DIRECTION('',(-1.0,0.0,0.0));
#4805=DIRECTION('',(0.0,0.0,1.0));
#4806=SURFACE_STYLE_FILL_AREA(#7248);
#4807=ORIENTED_EDGE('',*,*,#7242,.F.);
#4808=ORIENTED_EDGE('',*,*,#7249,.F.);
#4809=ORIENTED_EDGE('',*,*,#7250,.F.);
#4810=ORIENTED_EDGE('',*,*,#7245,.F.);
#4811=CARTESIAN_POINT('',(21.844,5.2625,0.8763));
#4812=DIRECTION('',(0.0,0.0,1.0));
#4813=DIRECTION('',(1.0,0.0,0.0));
#4814=SURFACE_STYLE_FILL_AREA(#7251);
#4815=ORIENTED_EDGE('',*,*,#7232,.F.);
#4816=ORIENTED_EDGE('',*,*,#7247,.F.);
#4817=ORIENTED_EDGE('',*,*,#7252,.F.);
#4818=ORIENTED_EDGE('',*,*,#7253,.F.);
#4819=CARTESIAN_POINT('',(21.844,5.2625,1.6637));
#4820=DIRECTION('',(0.0,0.0,1.0));
#4821=DIRECTION('',(1.0,0.0,0.0));
#4822=SURFACE_STYLE_FILL_AREA(#7254);
#4823=ORIENTED_EDGE('',*,*,#7255,.F.);
#4824=ORIENTED_EDGE('',*,*,#7252,.T.);
#4825=ORIENTED_EDGE('',*,*,#7246,.T.);
#4826=ORIENTED_EDGE('',*,*,#7250,.T.);
#4827=CARTESIAN_POINT('',(21.844,1.008,1.27));
#4828=DIRECTION('',(0.0,1.0,0.0));
#4829=DIRECTION('',(0.0,0.0,1.0));
#4830=SURFACE_STYLE_FILL_AREA(#7256);
#4831=ORIENTED_EDGE('',*,*,#7238,.F.);
#4832=ORIENTED_EDGE('',*,*,#7253,.T.);
#4833=ORIENTED_EDGE('',*,*,#7255,.T.);
#4834=ORIENTED_EDGE('',*,*,#7249,.T.);
#4835=CARTESIAN_POINT('',(21.4503,5.2625,1.27));
#4836=DIRECTION('',(1.0,0.0,0.0));
#4837=DIRECTION('',(0.0,0.0,-1.0));
#4838=SURFACE_STYLE_FILL_AREA(#7257);
#4839=ORIENTED_EDGE('',*,*,#7258,.T.);
#4840=ORIENTED_EDGE('',*,*,#7259,.F.);
#4841=ORIENTED_EDGE('',*,*,#7260,.T.);
#4842=ORIENTED_EDGE('',*,*,#7261,.T.);
#4843=CARTESIAN_POINT('',(22.844,8.3185,-0.6858));
#4844=DIRECTION('',(1.2988911856079E-16,0.707106781186548,-0.707106781186547));
#4845=DIRECTION('',(1.2988911856079E-16,-0.707106781186547,-0.707106781186548));
#4846=SURFACE_STYLE_FILL_AREA(#7262);
#4847=ORIENTED_EDGE('',*,*,#7260,.F.);
#4848=ORIENTED_EDGE('',*,*,#7263,.F.);
#4849=ORIENTED_EDGE('',*,*,#7264,.F.);
#4850=ORIENTED_EDGE('',*,*,#7265,.T.);
#4851=CARTESIAN_POINT('',(22.4282,8.3185,-2.27));
#4852=DIRECTION('',(-0.707106781186547,0.707106781186548,0.0));
#4853=DIRECTION('',(-0.707106781186548,-0.707106781186547,-0.0));
#4854=SURFACE_STYLE_FILL_AREA(#7266);
#4855=ORIENTED_EDGE('',*,*,#7258,.F.);
#4856=ORIENTED_EDGE('',*,*,#7267,.T.);
#4857=ORIENTED_EDGE('',*,*,#7268,.T.);
#4858=ORIENTED_EDGE('',*,*,#7269,.F.);
#4859=CARTESIAN_POINT('',(21.2598,8.3185,-0.27));
#4860=DIRECTION('',(0.707106781186547,0.707106781186548,8.65927457071935E-17));
#4861=DIRECTION('',(0.707106781186548,-0.707106781186547,8.65927457071935E-17));
#4862=SURFACE_STYLE_FILL_AREA(#7270);
#4863=ORIENTED_EDGE('',*,*,#7268,.F.);
#4864=ORIENTED_EDGE('',*,*,#7271,.T.);
#4865=ORIENTED_EDGE('',*,*,#7264,.T.);
#4866=ORIENTED_EDGE('',*,*,#7272,.F.);
#4867=CARTESIAN_POINT('',(20.844,8.3185,-1.8542));
#4868=DIRECTION('',(-4.32963728535968E-17,0.707106781186548,0.707106781186547));
#4869=DIRECTION('',(-4.32963728535968E-17,-0.707106781186547,0.707106781186548));
#4870=SURFACE_STYLE_FILL_AREA(#7273);
#4871=ORIENTED_EDGE('',*,*,#7265,.F.);
#4872=ORIENTED_EDGE('',*,*,#7274,.T.);
#4873=ORIENTED_EDGE('',*,*,#7275,.F.);
#4874=ORIENTED_EDGE('',*,*,#7276,.T.);
#4875=CARTESIAN_POINT('',(22.2377,5.2625,-1.27));
#4876=DIRECTION('',(-1.0,0.0,0.0));
#4877=DIRECTION('',(0.0,0.0,1.0));
#4878=SURFACE_STYLE_FILL_AREA(#7277);
#4879=ORIENTED_EDGE('',*,*,#7271,.F.);
#4880=ORIENTED_EDGE('',*,*,#7278,.F.);
#4881=ORIENTED_EDGE('',*,*,#7279,.F.);
#4882=ORIENTED_EDGE('',*,*,#7274,.F.);
#4883=CARTESIAN_POINT('',(21.844,5.2625,-1.6637));
#4884=DIRECTION('',(0.0,0.0,1.0));
#4885=DIRECTION('',(1.0,0.0,0.0));
#4886=SURFACE_STYLE_FILL_AREA(#7280);
#4887=ORIENTED_EDGE('',*,*,#7261,.F.);
#4888=ORIENTED_EDGE('',*,*,#7276,.F.);
#4889=ORIENTED_EDGE('',*,*,#7281,.F.);
#4890=ORIENTED_EDGE('',*,*,#7282,.F.);
#4891=CARTESIAN_POINT('',(21.844,5.2625,-0.8763));
#4892=DIRECTION('',(0.0,0.0,1.0));
#4893=DIRECTION('',(1.0,0.0,0.0));
#4894=SURFACE_STYLE_FILL_AREA(#7283);
#4895=ORIENTED_EDGE('',*,*,#7284,.F.);
#4896=ORIENTED_EDGE('',*,*,#7281,.T.);
#4897=ORIENTED_EDGE('',*,*,#7275,.T.);
#4898=ORIENTED_EDGE('',*,*,#7279,.T.);
#4899=CARTESIAN_POINT('',(21.844,1.008,-1.27));
#4900=DIRECTION('',(0.0,1.0,0.0));
#4901=DIRECTION('',(0.0,0.0,1.0));
#4902=SURFACE_STYLE_FILL_AREA(#7285);
#4903=ORIENTED_EDGE('',*,*,#7267,.F.);
#4904=ORIENTED_EDGE('',*,*,#7282,.T.);
#4905=ORIENTED_EDGE('',*,*,#7284,.T.);
#4906=ORIENTED_EDGE('',*,*,#7278,.T.);
#4907=CARTESIAN_POINT('',(21.4503,5.2625,-1.27));
#4908=DIRECTION('',(1.0,0.0,0.0));
#4909=DIRECTION('',(0.0,0.0,-1.0));
#4910=SURFACE_STYLE_FILL_AREA(#7286);
#4911=ORIENTED_EDGE('',*,*,#7287,.T.);
#4912=ORIENTED_EDGE('',*,*,#7288,.F.);
#4913=ORIENTED_EDGE('',*,*,#7289,.T.);
#4914=ORIENTED_EDGE('',*,*,#7290,.T.);
#4915=CARTESIAN_POINT('',(20.304,8.3185,1.8542));
#4916=DIRECTION('',(1.2988911856079E-16,0.707106781186548,-0.707106781186547));
#4917=DIRECTION('',(1.2988911856079E-16,-0.707106781186547,-0.707106781186548));
#4918=SURFACE_STYLE_FILL_AREA(#7291);
#4919=ORIENTED_EDGE('',*,*,#7289,.F.);
#4920=ORIENTED_EDGE('',*,*,#7292,.F.);
#4921=ORIENTED_EDGE('',*,*,#7293,.F.);
#4922=ORIENTED_EDGE('',*,*,#7294,.T.);
#4923=CARTESIAN_POINT('',(19.8882,8.3185,0.27));
#4924=DIRECTION('',(-0.707106781186547,0.707106781186548,0.0));
#4925=DIRECTION('',(-0.707106781186548,-0.707106781186547,-0.0));
#4926=SURFACE_STYLE_FILL_AREA(#7295);
#4927=ORIENTED_EDGE('',*,*,#7287,.F.);
#4928=ORIENTED_EDGE('',*,*,#7296,.T.);
#4929=ORIENTED_EDGE('',*,*,#7297,.T.);
#4930=ORIENTED_EDGE('',*,*,#7298,.F.);
#4931=CARTESIAN_POINT('',(18.7198,8.3185,2.27));
#4932=DIRECTION('',(0.707106781186547,0.707106781186548,8.65927457071935E-17));
#4933=DIRECTION('',(0.707106781186548,-0.707106781186547,8.65927457071935E-17));
#4934=SURFACE_STYLE_FILL_AREA(#7299);
#4935=ORIENTED_EDGE('',*,*,#7297,.F.);
#4936=ORIENTED_EDGE('',*,*,#7300,.T.);
#4937=ORIENTED_EDGE('',*,*,#7293,.T.);
#4938=ORIENTED_EDGE('',*,*,#7301,.F.);
#4939=CARTESIAN_POINT('',(18.304,8.3185,0.6858));
#4940=DIRECTION('',(-4.32963728535968E-17,0.707106781186548,0.707106781186547));
#4941=DIRECTION('',(-4.32963728535968E-17,-0.707106781186547,0.707106781186548));
#4942=SURFACE_STYLE_FILL_AREA(#7302);
#4943=ORIENTED_EDGE('',*,*,#7294,.F.);
#4944=ORIENTED_EDGE('',*,*,#7303,.T.);
#4945=ORIENTED_EDGE('',*,*,#7304,.F.);
#4946=ORIENTED_EDGE('',*,*,#7305,.T.);
#4947=CARTESIAN_POINT('',(19.6977,5.2625,1.27));
#4948=DIRECTION('',(-1.0,0.0,0.0));
#4949=DIRECTION('',(0.0,0.0,1.0));
#4950=SURFACE_STYLE_FILL_AREA(#7306);
#4951=ORIENTED_EDGE('',*,*,#7300,.F.);
#4952=ORIENTED_EDGE('',*,*,#7307,.F.);
#4953=ORIENTED_EDGE('',*,*,#7308,.F.);
#4954=ORIENTED_EDGE('',*,*,#7303,.F.);
#4955=CARTESIAN_POINT('',(19.304,5.2625,0.8763));
#4956=DIRECTION('',(0.0,0.0,1.0));
#4957=DIRECTION('',(1.0,0.0,0.0));
#4958=SURFACE_STYLE_FILL_AREA(#7309);
#4959=ORIENTED_EDGE('',*,*,#7290,.F.);
#4960=ORIENTED_EDGE('',*,*,#7305,.F.);
#4961=ORIENTED_EDGE('',*,*,#7310,.F.);
#4962=ORIENTED_EDGE('',*,*,#7311,.F.);
#4963=CARTESIAN_POINT('',(19.304,5.2625,1.6637));
#4964=DIRECTION('',(0.0,0.0,1.0));
#4965=DIRECTION('',(1.0,0.0,0.0));
#4966=SURFACE_STYLE_FILL_AREA(#7312);
#4967=ORIENTED_EDGE('',*,*,#7313,.F.);
#4968=ORIENTED_EDGE('',*,*,#7310,.T.);
#4969=ORIENTED_EDGE('',*,*,#7304,.T.);
#4970=ORIENTED_EDGE('',*,*,#7308,.T.);
#4971=CARTESIAN_POINT('',(19.304,1.008,1.27));
#4972=DIRECTION('',(0.0,1.0,0.0));
#4973=DIRECTION('',(0.0,0.0,1.0));
#4974=SURFACE_STYLE_FILL_AREA(#7314);
#4975=ORIENTED_EDGE('',*,*,#7296,.F.);
#4976=ORIENTED_EDGE('',*,*,#7311,.T.);
#4977=ORIENTED_EDGE('',*,*,#7313,.T.);
#4978=ORIENTED_EDGE('',*,*,#7307,.T.);
#4979=CARTESIAN_POINT('',(18.9103,5.2625,1.27));
#4980=DIRECTION('',(1.0,0.0,0.0));
#4981=DIRECTION('',(0.0,0.0,-1.0));
#4982=SURFACE_STYLE_FILL_AREA(#7315);
#4983=ORIENTED_EDGE('',*,*,#7316,.T.);
#4984=ORIENTED_EDGE('',*,*,#7317,.F.);
#4985=ORIENTED_EDGE('',*,*,#7318,.T.);
#4986=ORIENTED_EDGE('',*,*,#7319,.T.);
#4987=CARTESIAN_POINT('',(20.304,8.3185,-0.6858));
#4988=DIRECTION('',(1.2988911856079E-16,0.707106781186548,-0.707106781186547));
#4989=DIRECTION('',(1.2988911856079E-16,-0.707106781186547,-0.707106781186548));
#4990=SURFACE_STYLE_FILL_AREA(#7320);
#4991=ORIENTED_EDGE('',*,*,#7318,.F.);
#4992=ORIENTED_EDGE('',*,*,#7321,.F.);
#4993=ORIENTED_EDGE('',*,*,#7322,.F.);
#4994=ORIENTED_EDGE('',*,*,#7323,.T.);
#4995=CARTESIAN_POINT('',(19.8882,8.3185,-2.27));
#4996=DIRECTION('',(-0.707106781186547,0.707106781186548,0.0));
#4997=DIRECTION('',(-0.707106781186548,-0.707106781186547,-0.0));
#4998=SURFACE_STYLE_FILL_AREA(#7324);
#4999=ORIENTED_EDGE('',*,*,#7316,.F.);
#5000=ORIENTED_EDGE('',*,*,#7325,.T.);
#5001=ORIENTED_EDGE('',*,*,#7326,.T.);
#5002=ORIENTED_EDGE('',*,*,#7327,.F.);
#5003=CARTESIAN_POINT('',(18.7198,8.3185,-0.27));
#5004=DIRECTION('',(0.707106781186547,0.707106781186548,8.65927457071935E-17));
#5005=DIRECTION('',(0.707106781186548,-0.707106781186547,8.65927457071935E-17));
#5006=SURFACE_STYLE_FILL_AREA(#7328);
#5007=ORIENTED_EDGE('',*,*,#7326,.F.);
#5008=ORIENTED_EDGE('',*,*,#7329,.T.);
#5009=ORIENTED_EDGE('',*,*,#7322,.T.);
#5010=ORIENTED_EDGE('',*,*,#7330,.F.);
#5011=CARTESIAN_POINT('',(18.304,8.3185,-1.8542));
#5012=DIRECTION('',(-4.32963728535968E-17,0.707106781186548,0.707106781186547));
#5013=DIRECTION('',(-4.32963728535968E-17,-0.707106781186547,0.707106781186548));
#5014=SURFACE_STYLE_FILL_AREA(#7331);
#5015=ORIENTED_EDGE('',*,*,#7323,.F.);
#5016=ORIENTED_EDGE('',*,*,#7332,.T.);
#5017=ORIENTED_EDGE('',*,*,#7333,.F.);
#5018=ORIENTED_EDGE('',*,*,#7334,.T.);
#5019=CARTESIAN_POINT('',(19.6977,5.2625,-1.27));
#5020=DIRECTION('',(-1.0,0.0,0.0));
#5021=DIRECTION('',(0.0,0.0,1.0));
#5022=SURFACE_STYLE_FILL_AREA(#7335);
#5023=ORIENTED_EDGE('',*,*,#7329,.F.);
#5024=ORIENTED_EDGE('',*,*,#7336,.F.);
#5025=ORIENTED_EDGE('',*,*,#7337,.F.);
#5026=ORIENTED_EDGE('',*,*,#7332,.F.);
#5027=CARTESIAN_POINT('',(19.304,5.2625,-1.6637));
#5028=DIRECTION('',(0.0,0.0,1.0));
#5029=DIRECTION('',(1.0,0.0,0.0));
#5030=SURFACE_STYLE_FILL_AREA(#7338);
#5031=ORIENTED_EDGE('',*,*,#7319,.F.);
#5032=ORIENTED_EDGE('',*,*,#7334,.F.);
#5033=ORIENTED_EDGE('',*,*,#7339,.F.);
#5034=ORIENTED_EDGE('',*,*,#7340,.F.);
#5035=CARTESIAN_POINT('',(19.304,5.2625,-0.8763));
#5036=DIRECTION('',(0.0,0.0,1.0));
#5037=DIRECTION('',(1.0,0.0,0.0));
#5038=SURFACE_STYLE_FILL_AREA(#7341);
#5039=ORIENTED_EDGE('',*,*,#7342,.F.);
#5040=ORIENTED_EDGE('',*,*,#7339,.T.);
#5041=ORIENTED_EDGE('',*,*,#7333,.T.);
#5042=ORIENTED_EDGE('',*,*,#7337,.T.);
#5043=CARTESIAN_POINT('',(19.304,1.008,-1.27));
#5044=DIRECTION('',(0.0,1.0,0.0));
#5045=DIRECTION('',(0.0,0.0,1.0));
#5046=SURFACE_STYLE_FILL_AREA(#7343);
#5047=ORIENTED_EDGE('',*,*,#7325,.F.);
#5048=ORIENTED_EDGE('',*,*,#7340,.T.);
#5049=ORIENTED_EDGE('',*,*,#7342,.T.);
#5050=ORIENTED_EDGE('',*,*,#7336,.T.);
#5051=CARTESIAN_POINT('',(18.9103,5.2625,-1.27));
#5052=DIRECTION('',(1.0,0.0,0.0));
#5053=DIRECTION('',(0.0,0.0,-1.0));
#5054=SURFACE_STYLE_FILL_AREA(#7344);
#5055=ORIENTED_EDGE('',*,*,#7345,.T.);
#5056=ORIENTED_EDGE('',*,*,#7346,.F.);
#5057=ORIENTED_EDGE('',*,*,#7347,.T.);
#5058=ORIENTED_EDGE('',*,*,#7348,.T.);
#5059=CARTESIAN_POINT('',(17.764,8.3185,1.8542));
#5060=DIRECTION('',(1.2988911856079E-16,0.707106781186548,-0.707106781186547));
#5061=DIRECTION('',(1.2988911856079E-16,-0.707106781186547,-0.707106781186548));
#5062=SURFACE_STYLE_FILL_AREA(#7349);
#5063=ORIENTED_EDGE('',*,*,#7347,.F.);
#5064=ORIENTED_EDGE('',*,*,#7350,.F.);
#5065=ORIENTED_EDGE('',*,*,#7351,.F.);
#5066=ORIENTED_EDGE('',*,*,#7352,.T.);
#5067=CARTESIAN_POINT('',(17.3482,8.3185,0.27));
#5068=DIRECTION('',(-0.707106781186547,0.707106781186548,0.0));
#5069=DIRECTION('',(-0.707106781186548,-0.707106781186547,-0.0));
#5070=SURFACE_STYLE_FILL_AREA(#7353);
#5071=ORIENTED_EDGE('',*,*,#7345,.F.);
#5072=ORIENTED_EDGE('',*,*,#7354,.T.);
#5073=ORIENTED_EDGE('',*,*,#7355,.T.);
#5074=ORIENTED_EDGE('',*,*,#7356,.F.);
#5075=CARTESIAN_POINT('',(16.1798,8.3185,2.27));
#5076=DIRECTION('',(0.707106781186547,0.707106781186548,8.65927457071935E-17));
#5077=DIRECTION('',(0.707106781186548,-0.707106781186547,8.65927457071935E-17));
#5078=SURFACE_STYLE_FILL_AREA(#7357);
#5079=ORIENTED_EDGE('',*,*,#7355,.F.);
#5080=ORIENTED_EDGE('',*,*,#7358,.T.);
#5081=ORIENTED_EDGE('',*,*,#7351,.T.);
#5082=ORIENTED_EDGE('',*,*,#7359,.F.);
#5083=CARTESIAN_POINT('',(15.764,8.3185,0.6858));
#5084=DIRECTION('',(-4.32963728535968E-17,0.707106781186548,0.707106781186547));
#5085=DIRECTION('',(-4.32963728535968E-17,-0.707106781186547,0.707106781186548));
#5086=SURFACE_STYLE_FILL_AREA(#7360);
#5087=ORIENTED_EDGE('',*,*,#7352,.F.);
#5088=ORIENTED_EDGE('',*,*,#7361,.T.);
#5089=ORIENTED_EDGE('',*,*,#7362,.F.);
#5090=ORIENTED_EDGE('',*,*,#7363,.T.);
#5091=CARTESIAN_POINT('',(17.1577,5.2625,1.27));
#5092=DIRECTION('',(-1.0,0.0,0.0));
#5093=DIRECTION('',(0.0,0.0,1.0));
#5094=SURFACE_STYLE_FILL_AREA(#7364);
#5095=ORIENTED_EDGE('',*,*,#7358,.F.);
#5096=ORIENTED_EDGE('',*,*,#7365,.F.);
#5097=ORIENTED_EDGE('',*,*,#7366,.F.);
#5098=ORIENTED_EDGE('',*,*,#7361,.F.);
#5099=CARTESIAN_POINT('',(16.764,5.2625,0.8763));
#5100=DIRECTION('',(0.0,0.0,1.0));
#5101=DIRECTION('',(1.0,0.0,0.0));
#5102=SURFACE_STYLE_FILL_AREA(#7367);
#5103=ORIENTED_EDGE('',*,*,#7348,.F.);
#5104=ORIENTED_EDGE('',*,*,#7363,.F.);
#5105=ORIENTED_EDGE('',*,*,#7368,.F.);
#5106=ORIENTED_EDGE('',*,*,#7369,.F.);
#5107=CARTESIAN_POINT('',(16.764,5.2625,1.6637));
#5108=DIRECTION('',(0.0,0.0,1.0));
#5109=DIRECTION('',(1.0,0.0,0.0));
#5110=SURFACE_STYLE_FILL_AREA(#7370);
#5111=ORIENTED_EDGE('',*,*,#7371,.F.);
#5112=ORIENTED_EDGE('',*,*,#7368,.T.);
#5113=ORIENTED_EDGE('',*,*,#7362,.T.);
#5114=ORIENTED_EDGE('',*,*,#7366,.T.);
#5115=CARTESIAN_POINT('',(16.764,1.008,1.27));
#5116=DIRECTION('',(0.0,1.0,0.0));
#5117=DIRECTION('',(0.0,0.0,1.0));
#5118=SURFACE_STYLE_FILL_AREA(#7372);
#5119=ORIENTED_EDGE('',*,*,#7354,.F.);
#5120=ORIENTED_EDGE('',*,*,#7369,.T.);
#5121=ORIENTED_EDGE('',*,*,#7371,.T.);
#5122=ORIENTED_EDGE('',*,*,#7365,.T.);
#5123=CARTESIAN_POINT('',(16.3703,5.2625,1.27));
#5124=DIRECTION('',(1.0,0.0,0.0));
#5125=DIRECTION('',(0.0,0.0,-1.0));
#5126=SURFACE_STYLE_FILL_AREA(#7373);
#5127=ORIENTED_EDGE('',*,*,#7374,.T.);
#5128=ORIENTED_EDGE('',*,*,#7375,.F.);
#5129=ORIENTED_EDGE('',*,*,#7376,.T.);
#5130=ORIENTED_EDGE('',*,*,#7377,.T.);
#5131=CARTESIAN_POINT('',(17.764,8.3185,-0.6858));
#5132=DIRECTION('',(1.2988911856079E-16,0.707106781186548,-0.707106781186547));
#5133=DIRECTION('',(1.2988911856079E-16,-0.707106781186547,-0.707106781186548));
#5134=SURFACE_STYLE_FILL_AREA(#7378);
#5135=ORIENTED_EDGE('',*,*,#7376,.F.);
#5136=ORIENTED_EDGE('',*,*,#7379,.F.);
#5137=ORIENTED_EDGE('',*,*,#7380,.F.);
#5138=ORIENTED_EDGE('',*,*,#7381,.T.);
#5139=CARTESIAN_POINT('',(17.3482,8.3185,-2.27));
#5140=DIRECTION('',(-0.707106781186547,0.707106781186548,0.0));
#5141=DIRECTION('',(-0.707106781186548,-0.707106781186547,-0.0));
#5142=SURFACE_STYLE_FILL_AREA(#7382);
#5143=ORIENTED_EDGE('',*,*,#7374,.F.);
#5144=ORIENTED_EDGE('',*,*,#7383,.T.);
#5145=ORIENTED_EDGE('',*,*,#7384,.T.);
#5146=ORIENTED_EDGE('',*,*,#7385,.F.);
#5147=CARTESIAN_POINT('',(16.1798,8.3185,-0.27));
#5148=DIRECTION('',(0.707106781186547,0.707106781186548,8.65927457071935E-17));
#5149=DIRECTION('',(0.707106781186548,-0.707106781186547,8.65927457071935E-17));
#5150=SURFACE_STYLE_FILL_AREA(#7386);
#5151=ORIENTED_EDGE('',*,*,#7384,.F.);
#5152=ORIENTED_EDGE('',*,*,#7387,.T.);
#5153=ORIENTED_EDGE('',*,*,#7380,.T.);
#5154=ORIENTED_EDGE('',*,*,#7388,.F.);
#5155=CARTESIAN_POINT('',(15.764,8.3185,-1.8542));
#5156=DIRECTION('',(-4.32963728535968E-17,0.707106781186548,0.707106781186547));
#5157=DIRECTION('',(-4.32963728535968E-17,-0.707106781186547,0.707106781186548));
#5158=SURFACE_STYLE_FILL_AREA(#7389);
#5159=ORIENTED_EDGE('',*,*,#7381,.F.);
#5160=ORIENTED_EDGE('',*,*,#7390,.T.);
#5161=ORIENTED_EDGE('',*,*,#7391,.F.);
#5162=ORIENTED_EDGE('',*,*,#7392,.T.);
#5163=CARTESIAN_POINT('',(17.1577,5.2625,-1.27));
#5164=DIRECTION('',(-1.0,0.0,0.0));
#5165=DIRECTION('',(0.0,0.0,1.0));
#5166=SURFACE_STYLE_FILL_AREA(#7393);
#5167=ORIENTED_EDGE('',*,*,#7387,.F.);
#5168=ORIENTED_EDGE('',*,*,#7394,.F.);
#5169=ORIENTED_EDGE('',*,*,#7395,.F.);
#5170=ORIENTED_EDGE('',*,*,#7390,.F.);
#5171=CARTESIAN_POINT('',(16.764,5.2625,-1.6637));
#5172=DIRECTION('',(0.0,0.0,1.0));
#5173=DIRECTION('',(1.0,0.0,0.0));
#5174=SURFACE_STYLE_FILL_AREA(#7396);
#5175=ORIENTED_EDGE('',*,*,#7377,.F.);
#5176=ORIENTED_EDGE('',*,*,#7392,.F.);
#5177=ORIENTED_EDGE('',*,*,#7397,.F.);
#5178=ORIENTED_EDGE('',*,*,#7398,.F.);
#5179=CARTESIAN_POINT('',(16.764,5.2625,-0.8763));
#5180=DIRECTION('',(0.0,0.0,1.0));
#5181=DIRECTION('',(1.0,0.0,0.0));
#5182=SURFACE_STYLE_FILL_AREA(#7399);
#5183=ORIENTED_EDGE('',*,*,#7400,.F.);
#5184=ORIENTED_EDGE('',*,*,#7397,.T.);
#5185=ORIENTED_EDGE('',*,*,#7391,.T.);
#5186=ORIENTED_EDGE('',*,*,#7395,.T.);
#5187=CARTESIAN_POINT('',(16.764,1.008,-1.27));
#5188=DIRECTION('',(0.0,1.0,0.0));
#5189=DIRECTION('',(0.0,0.0,1.0));
#5190=SURFACE_STYLE_FILL_AREA(#7401);
#5191=ORIENTED_EDGE('',*,*,#7383,.F.);
#5192=ORIENTED_EDGE('',*,*,#7398,.T.);
#5193=ORIENTED_EDGE('',*,*,#7400,.T.);
#5194=ORIENTED_EDGE('',*,*,#7394,.T.);
#5195=CARTESIAN_POINT('',(16.3703,5.2625,-1.27));
#5196=DIRECTION('',(1.0,0.0,0.0));
#5197=DIRECTION('',(0.0,0.0,-1.0));
#5198=SURFACE_STYLE_FILL_AREA(#7402);
#5199=ORIENTED_EDGE('',*,*,#7403,.T.);
#5200=ORIENTED_EDGE('',*,*,#7404,.F.);
#5201=ORIENTED_EDGE('',*,*,#7405,.T.);
#5202=ORIENTED_EDGE('',*,*,#7406,.T.);
#5203=CARTESIAN_POINT('',(15.224,8.3185,1.8542));
#5204=DIRECTION('',(1.2988911856079E-16,0.707106781186548,-0.707106781186547));
#5205=DIRECTION('',(1.2988911856079E-16,-0.707106781186547,-0.707106781186548));
#5206=SURFACE_STYLE_FILL_AREA(#7407);
#5207=ORIENTED_EDGE('',*,*,#7405,.F.);
#5208=ORIENTED_EDGE('',*,*,#7408,.F.);
#5209=ORIENTED_EDGE('',*,*,#7409,.F.);
#5210=ORIENTED_EDGE('',*,*,#7410,.T.);
#5211=CARTESIAN_POINT('',(14.8082,8.3185,0.27));
#5212=DIRECTION('',(-0.707106781186547,0.707106781186548,0.0));
#5213=DIRECTION('',(-0.707106781186548,-0.707106781186547,-0.0));
#5214=SURFACE_STYLE_FILL_AREA(#7411);
#5215=ORIENTED_EDGE('',*,*,#7403,.F.);
#5216=ORIENTED_EDGE('',*,*,#7412,.T.);
#5217=ORIENTED_EDGE('',*,*,#7413,.T.);
#5218=ORIENTED_EDGE('',*,*,#7414,.F.);
#5219=CARTESIAN_POINT('',(13.6398,8.3185,2.27));
#5220=DIRECTION('',(0.707106781186547,0.707106781186548,8.65927457071935E-17));
#5221=DIRECTION('',(0.707106781186548,-0.707106781186547,8.65927457071935E-17));
#5222=SURFACE_STYLE_FILL_AREA(#7415);
#5223=ORIENTED_EDGE('',*,*,#7413,.F.);
#5224=ORIENTED_EDGE('',*,*,#7416,.T.);
#5225=ORIENTED_EDGE('',*,*,#7409,.T.);
#5226=ORIENTED_EDGE('',*,*,#7417,.F.);
#5227=CARTESIAN_POINT('',(13.224,8.3185,0.6858));
#5228=DIRECTION('',(-4.32963728535968E-17,0.707106781186548,0.707106781186547));
#5229=DIRECTION('',(-4.32963728535968E-17,-0.707106781186547,0.707106781186548));
#5230=SURFACE_STYLE_FILL_AREA(#7418);
#5231=ORIENTED_EDGE('',*,*,#7410,.F.);
#5232=ORIENTED_EDGE('',*,*,#7419,.T.);
#5233=ORIENTED_EDGE('',*,*,#7420,.F.);
#5234=ORIENTED_EDGE('',*,*,#7421,.T.);
#5235=CARTESIAN_POINT('',(14.6177,5.2625,1.27));
#5236=DIRECTION('',(-1.0,0.0,0.0));
#5237=DIRECTION('',(0.0,0.0,1.0));
#5238=SURFACE_STYLE_FILL_AREA(#7422);
#5239=ORIENTED_EDGE('',*,*,#7416,.F.);
#5240=ORIENTED_EDGE('',*,*,#7423,.F.);
#5241=ORIENTED_EDGE('',*,*,#7424,.F.);
#5242=ORIENTED_EDGE('',*,*,#7419,.F.);
#5243=CARTESIAN_POINT('',(14.224,5.2625,0.8763));
#5244=DIRECTION('',(0.0,0.0,1.0));
#5245=DIRECTION('',(1.0,0.0,0.0));
#5246=SURFACE_STYLE_FILL_AREA(#7425);
#5247=ORIENTED_EDGE('',*,*,#7406,.F.);
#5248=ORIENTED_EDGE('',*,*,#7421,.F.);
#5249=ORIENTED_EDGE('',*,*,#7426,.F.);
#5250=ORIENTED_EDGE('',*,*,#7427,.F.);
#5251=CARTESIAN_POINT('',(14.224,5.2625,1.6637));
#5252=DIRECTION('',(0.0,0.0,1.0));
#5253=DIRECTION('',(1.0,0.0,0.0));
#5254=SURFACE_STYLE_FILL_AREA(#7428);
#5255=ORIENTED_EDGE('',*,*,#7429,.F.);
#5256=ORIENTED_EDGE('',*,*,#7426,.T.);
#5257=ORIENTED_EDGE('',*,*,#7420,.T.);
#5258=ORIENTED_EDGE('',*,*,#7424,.T.);
#5259=CARTESIAN_POINT('',(14.224,1.008,1.27));
#5260=DIRECTION('',(0.0,1.0,0.0));
#5261=DIRECTION('',(0.0,0.0,1.0));
#5262=SURFACE_STYLE_FILL_AREA(#7430);
#5263=ORIENTED_EDGE('',*,*,#7412,.F.);
#5264=ORIENTED_EDGE('',*,*,#7427,.T.);
#5265=ORIENTED_EDGE('',*,*,#7429,.T.);
#5266=ORIENTED_EDGE('',*,*,#7423,.T.);
#5267=CARTESIAN_POINT('',(13.8303,5.2625,1.27));
#5268=DIRECTION('',(1.0,0.0,0.0));
#5269=DIRECTION('',(0.0,0.0,-1.0));
#5270=SURFACE_STYLE_FILL_AREA(#7431);
#5271=ORIENTED_EDGE('',*,*,#7432,.T.);
#5272=ORIENTED_EDGE('',*,*,#7433,.F.);
#5273=ORIENTED_EDGE('',*,*,#7434,.T.);
#5274=ORIENTED_EDGE('',*,*,#7435,.T.);
#5275=CARTESIAN_POINT('',(15.224,8.3185,-0.6858));
#5276=DIRECTION('',(1.2988911856079E-16,0.707106781186548,-0.707106781186547));
#5277=DIRECTION('',(1.2988911856079E-16,-0.707106781186547,-0.707106781186548));
#5278=SURFACE_STYLE_FILL_AREA(#7436);
#5279=ORIENTED_EDGE('',*,*,#7434,.F.);
#5280=ORIENTED_EDGE('',*,*,#7437,.F.);
#5281=ORIENTED_EDGE('',*,*,#7438,.F.);
#5282=ORIENTED_EDGE('',*,*,#7439,.T.);
#5283=CARTESIAN_POINT('',(14.8082,8.3185,-2.27));
#5284=DIRECTION('',(-0.707106781186547,0.707106781186548,0.0));
#5285=DIRECTION('',(-0.707106781186548,-0.707106781186547,-0.0));
#5286=SURFACE_STYLE_FILL_AREA(#7440);
#5287=ORIENTED_EDGE('',*,*,#7432,.F.);
#5288=ORIENTED_EDGE('',*,*,#7441,.T.);
#5289=ORIENTED_EDGE('',*,*,#7442,.T.);
#5290=ORIENTED_EDGE('',*,*,#7443,.F.);
#5291=CARTESIAN_POINT('',(13.6398,8.3185,-0.27));
#5292=DIRECTION('',(0.707106781186547,0.707106781186548,8.65927457071935E-17));
#5293=DIRECTION('',(0.707106781186548,-0.707106781186547,8.65927457071935E-17));
#5294=SURFACE_STYLE_FILL_AREA(#7444);
#5295=ORIENTED_EDGE('',*,*,#7442,.F.);
#5296=ORIENTED_EDGE('',*,*,#7445,.T.);
#5297=ORIENTED_EDGE('',*,*,#7438,.T.);
#5298=ORIENTED_EDGE('',*,*,#7446,.F.);
#5299=CARTESIAN_POINT('',(13.224,8.3185,-1.8542));
#5300=DIRECTION('',(-4.32963728535968E-17,0.707106781186548,0.707106781186547));
#5301=DIRECTION('',(-4.32963728535968E-17,-0.707106781186547,0.707106781186548));
#5302=SURFACE_STYLE_FILL_AREA(#7447);
#5303=ORIENTED_EDGE('',*,*,#7439,.F.);
#5304=ORIENTED_EDGE('',*,*,#7448,.T.);
#5305=ORIENTED_EDGE('',*,*,#7449,.F.);
#5306=ORIENTED_EDGE('',*,*,#7450,.T.);
#5307=CARTESIAN_POINT('',(14.6177,5.2625,-1.27));
#5308=DIRECTION('',(-1.0,0.0,0.0));
#5309=DIRECTION('',(0.0,0.0,1.0));
#5310=SURFACE_STYLE_FILL_AREA(#7451);
#5311=ORIENTED_EDGE('',*,*,#7445,.F.);
#5312=ORIENTED_EDGE('',*,*,#7452,.F.);
#5313=ORIENTED_EDGE('',*,*,#7453,.F.);
#5314=ORIENTED_EDGE('',*,*,#7448,.F.);
#5315=CARTESIAN_POINT('',(14.224,5.2625,-1.6637));
#5316=DIRECTION('',(0.0,0.0,1.0));
#5317=DIRECTION('',(1.0,0.0,0.0));
#5318=SURFACE_STYLE_FILL_AREA(#7454);
#5319=ORIENTED_EDGE('',*,*,#7435,.F.);
#5320=ORIENTED_EDGE('',*,*,#7450,.F.);
#5321=ORIENTED_EDGE('',*,*,#7455,.F.);
#5322=ORIENTED_EDGE('',*,*,#7456,.F.);
#5323=CARTESIAN_POINT('',(14.224,5.2625,-0.8763));
#5324=DIRECTION('',(0.0,0.0,1.0));
#5325=DIRECTION('',(1.0,0.0,0.0));
#5326=SURFACE_STYLE_FILL_AREA(#7457);
#5327=ORIENTED_EDGE('',*,*,#7458,.F.);
#5328=ORIENTED_EDGE('',*,*,#7455,.T.);
#5329=ORIENTED_EDGE('',*,*,#7449,.T.);
#5330=ORIENTED_EDGE('',*,*,#7453,.T.);
#5331=CARTESIAN_POINT('',(14.224,1.008,-1.27));
#5332=DIRECTION('',(0.0,1.0,0.0));
#5333=DIRECTION('',(0.0,0.0,1.0));
#5334=SURFACE_STYLE_FILL_AREA(#7459);
#5335=ORIENTED_EDGE('',*,*,#7441,.F.);
#5336=ORIENTED_EDGE('',*,*,#7456,.T.);
#5337=ORIENTED_EDGE('',*,*,#7458,.T.);
#5338=ORIENTED_EDGE('',*,*,#7452,.T.);
#5339=CARTESIAN_POINT('',(13.8303,5.2625,-1.27));
#5340=DIRECTION('',(1.0,0.0,0.0));
#5341=DIRECTION('',(0.0,0.0,-1.0));
#5342=SURFACE_STYLE_FILL_AREA(#7460);
#5343=ORIENTED_EDGE('',*,*,#7461,.T.);
#5344=ORIENTED_EDGE('',*,*,#7462,.F.);
#5345=ORIENTED_EDGE('',*,*,#7463,.T.);
#5346=ORIENTED_EDGE('',*,*,#7464,.T.);
#5347=CARTESIAN_POINT('',(12.684,8.3185,1.8542));
#5348=DIRECTION('',(1.2988911856079E-16,0.707106781186548,-0.707106781186547));
#5349=DIRECTION('',(1.2988911856079E-16,-0.707106781186547,-0.707106781186548));
#5350=SURFACE_STYLE_FILL_AREA(#7465);
#5351=ORIENTED_EDGE('',*,*,#7463,.F.);
#5352=ORIENTED_EDGE('',*,*,#7466,.F.);
#5353=ORIENTED_EDGE('',*,*,#7467,.F.);
#5354=ORIENTED_EDGE('',*,*,#7468,.T.);
#5355=CARTESIAN_POINT('',(12.2682,8.3185,0.27));
#5356=DIRECTION('',(-0.707106781186547,0.707106781186548,0.0));
#5357=DIRECTION('',(-0.707106781186548,-0.707106781186547,-0.0));
#5358=SURFACE_STYLE_FILL_AREA(#7469);
#5359=ORIENTED_EDGE('',*,*,#7461,.F.);
#5360=ORIENTED_EDGE('',*,*,#7470,.T.);
#5361=ORIENTED_EDGE('',*,*,#7471,.T.);
#5362=ORIENTED_EDGE('',*,*,#7472,.F.);
#5363=CARTESIAN_POINT('',(11.0998,8.3185,2.27));
#5364=DIRECTION('',(0.707106781186547,0.707106781186548,8.65927457071935E-17));
#5365=DIRECTION('',(0.707106781186548,-0.707106781186547,8.65927457071935E-17));
#5366=SURFACE_STYLE_FILL_AREA(#7473);
#5367=ORIENTED_EDGE('',*,*,#7471,.F.);
#5368=ORIENTED_EDGE('',*,*,#7474,.T.);
#5369=ORIENTED_EDGE('',*,*,#7467,.T.);
#5370=ORIENTED_EDGE('',*,*,#7475,.F.);
#5371=CARTESIAN_POINT('',(10.684,8.3185,0.6858));
#5372=DIRECTION('',(-4.32963728535968E-17,0.707106781186548,0.707106781186547));
#5373=DIRECTION('',(-4.32963728535968E-17,-0.707106781186547,0.707106781186548));
#5374=SURFACE_STYLE_FILL_AREA(#7476);
#5375=ORIENTED_EDGE('',*,*,#7468,.F.);
#5376=ORIENTED_EDGE('',*,*,#7477,.T.);
#5377=ORIENTED_EDGE('',*,*,#7478,.F.);
#5378=ORIENTED_EDGE('',*,*,#7479,.T.);
#5379=CARTESIAN_POINT('',(12.0777,5.2625,1.27));
#5380=DIRECTION('',(-1.0,0.0,0.0));
#5381=DIRECTION('',(0.0,0.0,1.0));
#5382=SURFACE_STYLE_FILL_AREA(#7480);
#5383=ORIENTED_EDGE('',*,*,#7474,.F.);
#5384=ORIENTED_EDGE('',*,*,#7481,.F.);
#5385=ORIENTED_EDGE('',*,*,#7482,.F.);
#5386=ORIENTED_EDGE('',*,*,#7477,.F.);
#5387=CARTESIAN_POINT('',(11.684,5.2625,0.8763));
#5388=DIRECTION('',(0.0,0.0,1.0));
#5389=DIRECTION('',(1.0,0.0,0.0));
#5390=SURFACE_STYLE_FILL_AREA(#7483);
#5391=ORIENTED_EDGE('',*,*,#7464,.F.);
#5392=ORIENTED_EDGE('',*,*,#7479,.F.);
#5393=ORIENTED_EDGE('',*,*,#7484,.F.);
#5394=ORIENTED_EDGE('',*,*,#7485,.F.);
#5395=CARTESIAN_POINT('',(11.684,5.2625,1.6637));
#5396=DIRECTION('',(0.0,0.0,1.0));
#5397=DIRECTION('',(1.0,0.0,0.0));
#5398=SURFACE_STYLE_FILL_AREA(#7486);
#5399=ORIENTED_EDGE('',*,*,#7487,.F.);
#5400=ORIENTED_EDGE('',*,*,#7484,.T.);
#5401=ORIENTED_EDGE('',*,*,#7478,.T.);
#5402=ORIENTED_EDGE('',*,*,#7482,.T.);
#5403=CARTESIAN_POINT('',(11.684,1.008,1.27));
#5404=DIRECTION('',(0.0,1.0,0.0));
#5405=DIRECTION('',(0.0,0.0,1.0));
#5406=SURFACE_STYLE_FILL_AREA(#7488);
#5407=ORIENTED_EDGE('',*,*,#7470,.F.);
#5408=ORIENTED_EDGE('',*,*,#7485,.T.);
#5409=ORIENTED_EDGE('',*,*,#7487,.T.);
#5410=ORIENTED_EDGE('',*,*,#7481,.T.);
#5411=CARTESIAN_POINT('',(11.2903,5.2625,1.27));
#5412=DIRECTION('',(1.0,0.0,0.0));
#5413=DIRECTION('',(0.0,0.0,-1.0));
#5414=SURFACE_STYLE_FILL_AREA(#7489);
#5415=ORIENTED_EDGE('',*,*,#7490,.T.);
#5416=ORIENTED_EDGE('',*,*,#7491,.F.);
#5417=ORIENTED_EDGE('',*,*,#7492,.T.);
#5418=ORIENTED_EDGE('',*,*,#7493,.T.);
#5419=CARTESIAN_POINT('',(12.684,8.3185,-0.6858));
#5420=DIRECTION('',(1.2988911856079E-16,0.707106781186548,-0.707106781186547));
#5421=DIRECTION('',(1.2988911856079E-16,-0.707106781186547,-0.707106781186548));
#5422=SURFACE_STYLE_FILL_AREA(#7494);
#5423=ORIENTED_EDGE('',*,*,#7492,.F.);
#5424=ORIENTED_EDGE('',*,*,#7495,.F.);
#5425=ORIENTED_EDGE('',*,*,#7496,.F.);
#5426=ORIENTED_EDGE('',*,*,#7497,.T.);
#5427=CARTESIAN_POINT('',(12.2682,8.3185,-2.27));
#5428=DIRECTION('',(-0.707106781186547,0.707106781186548,0.0));
#5429=DIRECTION('',(-0.707106781186548,-0.707106781186547,-0.0));
#5430=SURFACE_STYLE_FILL_AREA(#7498);
#5431=ORIENTED_EDGE('',*,*,#7490,.F.);
#5432=ORIENTED_EDGE('',*,*,#7499,.T.);
#5433=ORIENTED_EDGE('',*,*,#7500,.T.);
#5434=ORIENTED_EDGE('',*,*,#7501,.F.);
#5435=CARTESIAN_POINT('',(11.0998,8.3185,-0.27));
#5436=DIRECTION('',(0.707106781186547,0.707106781186548,8.65927457071935E-17));
#5437=DIRECTION('',(0.707106781186548,-0.707106781186547,8.65927457071935E-17));
#5438=SURFACE_STYLE_FILL_AREA(#7502);
#5439=ORIENTED_EDGE('',*,*,#7500,.F.);
#5440=ORIENTED_EDGE('',*,*,#7503,.T.);
#5441=ORIENTED_EDGE('',*,*,#7496,.T.);
#5442=ORIENTED_EDGE('',*,*,#7504,.F.);
#5443=CARTESIAN_POINT('',(10.684,8.3185,-1.8542));
#5444=DIRECTION('',(-4.32963728535968E-17,0.707106781186548,0.707106781186547));
#5445=DIRECTION('',(-4.32963728535968E-17,-0.707106781186547,0.707106781186548));
#5446=SURFACE_STYLE_FILL_AREA(#7505);
#5447=ORIENTED_EDGE('',*,*,#7497,.F.);
#5448=ORIENTED_EDGE('',*,*,#7506,.T.);
#5449=ORIENTED_EDGE('',*,*,#7507,.F.);
#5450=ORIENTED_EDGE('',*,*,#7508,.T.);
#5451=CARTESIAN_POINT('',(12.0777,5.2625,-1.27));
#5452=DIRECTION('',(-1.0,0.0,0.0));
#5453=DIRECTION('',(0.0,0.0,1.0));
#5454=SURFACE_STYLE_FILL_AREA(#7509);
#5455=ORIENTED_EDGE('',*,*,#7503,.F.);
#5456=ORIENTED_EDGE('',*,*,#7510,.F.);
#5457=ORIENTED_EDGE('',*,*,#7511,.F.);
#5458=ORIENTED_EDGE('',*,*,#7506,.F.);
#5459=CARTESIAN_POINT('',(11.684,5.2625,-1.6637));
#5460=DIRECTION('',(0.0,0.0,1.0));
#5461=DIRECTION('',(1.0,0.0,0.0));
#5462=SURFACE_STYLE_FILL_AREA(#7512);
#5463=ORIENTED_EDGE('',*,*,#7493,.F.);
#5464=ORIENTED_EDGE('',*,*,#7508,.F.);
#5465=ORIENTED_EDGE('',*,*,#7513,.F.);
#5466=ORIENTED_EDGE('',*,*,#7514,.F.);
#5467=CARTESIAN_POINT('',(11.684,5.2625,-0.8763));
#5468=DIRECTION('',(0.0,0.0,1.0));
#5469=DIRECTION('',(1.0,0.0,0.0));
#5470=SURFACE_STYLE_FILL_AREA(#7515);
#5471=ORIENTED_EDGE('',*,*,#7516,.F.);
#5472=ORIENTED_EDGE('',*,*,#7513,.T.);
#5473=ORIENTED_EDGE('',*,*,#7507,.T.);
#5474=ORIENTED_EDGE('',*,*,#7511,.T.);
#5475=CARTESIAN_POINT('',(11.684,1.008,-1.27));
#5476=DIRECTION('',(0.0,1.0,0.0));
#5477=DIRECTION('',(0.0,0.0,1.0));
#5478=SURFACE_STYLE_FILL_AREA(#7517);
#5479=ORIENTED_EDGE('',*,*,#7499,.F.);
#5480=ORIENTED_EDGE('',*,*,#7514,.T.);
#5481=ORIENTED_EDGE('',*,*,#7516,.T.);
#5482=ORIENTED_EDGE('',*,*,#7510,.T.);
#5483=CARTESIAN_POINT('',(11.2903,5.2625,-1.27));
#5484=DIRECTION('',(1.0,0.0,0.0));
#5485=DIRECTION('',(0.0,0.0,-1.0));
#5486=SURFACE_STYLE_FILL_AREA(#7518);
#5487=ORIENTED_EDGE('',*,*,#7519,.T.);
#5488=ORIENTED_EDGE('',*,*,#7520,.F.);
#5489=ORIENTED_EDGE('',*,*,#7521,.T.);
#5490=ORIENTED_EDGE('',*,*,#7522,.T.);
#5491=CARTESIAN_POINT('',(10.144,8.3185,1.8542));
#5492=DIRECTION('',(1.2988911856079E-16,0.707106781186548,-0.707106781186547));
#5493=DIRECTION('',(1.2988911856079E-16,-0.707106781186547,-0.707106781186548));
#5494=SURFACE_STYLE_FILL_AREA(#7523);
#5495=ORIENTED_EDGE('',*,*,#7521,.F.);
#5496=ORIENTED_EDGE('',*,*,#7524,.F.);
#5497=ORIENTED_EDGE('',*,*,#7525,.F.);
#5498=ORIENTED_EDGE('',*,*,#7526,.T.);
#5499=CARTESIAN_POINT('',(9.7282,8.3185,0.27));
#5500=DIRECTION('',(-0.707106781186547,0.707106781186548,0.0));
#5501=DIRECTION('',(-0.707106781186548,-0.707106781186547,-0.0));
#5502=SURFACE_STYLE_FILL_AREA(#7527);
#5503=ORIENTED_EDGE('',*,*,#7519,.F.);
#5504=ORIENTED_EDGE('',*,*,#7528,.T.);
#5505=ORIENTED_EDGE('',*,*,#7529,.T.);
#5506=ORIENTED_EDGE('',*,*,#7530,.F.);
#5507=CARTESIAN_POINT('',(8.5598,8.3185,2.27));
#5508=DIRECTION('',(0.707106781186547,0.707106781186548,8.65927457071935E-17));
#5509=DIRECTION('',(0.707106781186548,-0.707106781186547,8.65927457071935E-17));
#5510=SURFACE_STYLE_FILL_AREA(#7531);
#5511=ORIENTED_EDGE('',*,*,#7529,.F.);
#5512=ORIENTED_EDGE('',*,*,#7532,.T.);
#5513=ORIENTED_EDGE('',*,*,#7525,.T.);
#5514=ORIENTED_EDGE('',*,*,#7533,.F.);
#5515=CARTESIAN_POINT('',(8.144,8.3185,0.6858));
#5516=DIRECTION('',(-4.32963728535968E-17,0.707106781186548,0.707106781186547));
#5517=DIRECTION('',(-4.32963728535968E-17,-0.707106781186547,0.707106781186548));
#5518=SURFACE_STYLE_FILL_AREA(#7534);
#5519=ORIENTED_EDGE('',*,*,#7526,.F.);
#5520=ORIENTED_EDGE('',*,*,#7535,.T.);
#5521=ORIENTED_EDGE('',*,*,#7536,.F.);
#5522=ORIENTED_EDGE('',*,*,#7537,.T.);
#5523=CARTESIAN_POINT('',(9.5377,5.2625,1.27));
#5524=DIRECTION('',(-1.0,0.0,0.0));
#5525=DIRECTION('',(0.0,0.0,1.0));
#5526=SURFACE_STYLE_FILL_AREA(#7538);
#5527=ORIENTED_EDGE('',*,*,#7532,.F.);
#5528=ORIENTED_EDGE('',*,*,#7539,.F.);
#5529=ORIENTED_EDGE('',*,*,#7540,.F.);
#5530=ORIENTED_EDGE('',*,*,#7535,.F.);
#5531=CARTESIAN_POINT('',(9.144,5.2625,0.8763));
#5532=DIRECTION('',(0.0,0.0,1.0));
#5533=DIRECTION('',(1.0,0.0,0.0));
#5534=SURFACE_STYLE_FILL_AREA(#7541);
#5535=ORIENTED_EDGE('',*,*,#7522,.F.);
#5536=ORIENTED_EDGE('',*,*,#7537,.F.);
#5537=ORIENTED_EDGE('',*,*,#7542,.F.);
#5538=ORIENTED_EDGE('',*,*,#7543,.F.);
#5539=CARTESIAN_POINT('',(9.144,5.2625,1.6637));
#5540=DIRECTION('',(0.0,0.0,1.0));
#5541=DIRECTION('',(1.0,0.0,0.0));
#5542=SURFACE_STYLE_FILL_AREA(#7544);
#5543=ORIENTED_EDGE('',*,*,#7545,.F.);
#5544=ORIENTED_EDGE('',*,*,#7542,.T.);
#5545=ORIENTED_EDGE('',*,*,#7536,.T.);
#5546=ORIENTED_EDGE('',*,*,#7540,.T.);
#5547=CARTESIAN_POINT('',(9.144,1.008,1.27));
#5548=DIRECTION('',(0.0,1.0,0.0));
#5549=DIRECTION('',(0.0,0.0,1.0));
#5550=SURFACE_STYLE_FILL_AREA(#7546);
#5551=ORIENTED_EDGE('',*,*,#7528,.F.);
#5552=ORIENTED_EDGE('',*,*,#7543,.T.);
#5553=ORIENTED_EDGE('',*,*,#7545,.T.);
#5554=ORIENTED_EDGE('',*,*,#7539,.T.);
#5555=CARTESIAN_POINT('',(8.7503,5.2625,1.27));
#5556=DIRECTION('',(1.0,0.0,0.0));
#5557=DIRECTION('',(0.0,0.0,-1.0));
#5558=SURFACE_STYLE_FILL_AREA(#7547);
#5559=ORIENTED_EDGE('',*,*,#7548,.T.);
#5560=ORIENTED_EDGE('',*,*,#7549,.F.);
#5561=ORIENTED_EDGE('',*,*,#7550,.T.);
#5562=ORIENTED_EDGE('',*,*,#7551,.T.);
#5563=CARTESIAN_POINT('',(10.144,8.3185,-0.6858));
#5564=DIRECTION('',(1.2988911856079E-16,0.707106781186548,-0.707106781186547));
#5565=DIRECTION('',(1.2988911856079E-16,-0.707106781186547,-0.707106781186548));
#5566=SURFACE_STYLE_FILL_AREA(#7552);
#5567=ORIENTED_EDGE('',*,*,#7550,.F.);
#5568=ORIENTED_EDGE('',*,*,#7553,.F.);
#5569=ORIENTED_EDGE('',*,*,#7554,.F.);
#5570=ORIENTED_EDGE('',*,*,#7555,.T.);
#5571=CARTESIAN_POINT('',(9.7282,8.3185,-2.27));
#5572=DIRECTION('',(-0.707106781186547,0.707106781186548,0.0));
#5573=DIRECTION('',(-0.707106781186548,-0.707106781186547,-0.0));
#5574=SURFACE_STYLE_FILL_AREA(#7556);
#5575=ORIENTED_EDGE('',*,*,#7548,.F.);
#5576=ORIENTED_EDGE('',*,*,#7557,.T.);
#5577=ORIENTED_EDGE('',*,*,#7558,.T.);
#5578=ORIENTED_EDGE('',*,*,#7559,.F.);
#5579=CARTESIAN_POINT('',(8.5598,8.3185,-0.27));
#5580=DIRECTION('',(0.707106781186547,0.707106781186548,8.65927457071935E-17));
#5581=DIRECTION('',(0.707106781186548,-0.707106781186547,8.65927457071935E-17));
#5582=SURFACE_STYLE_FILL_AREA(#7560);
#5583=ORIENTED_EDGE('',*,*,#7558,.F.);
#5584=ORIENTED_EDGE('',*,*,#7561,.T.);
#5585=ORIENTED_EDGE('',*,*,#7554,.T.);
#5586=ORIENTED_EDGE('',*,*,#7562,.F.);
#5587=CARTESIAN_POINT('',(8.144,8.3185,-1.8542));
#5588=DIRECTION('',(-4.32963728535968E-17,0.707106781186548,0.707106781186547));
#5589=DIRECTION('',(-4.32963728535968E-17,-0.707106781186547,0.707106781186548));
#5590=SURFACE_STYLE_FILL_AREA(#7563);
#5591=ORIENTED_EDGE('',*,*,#7555,.F.);
#5592=ORIENTED_EDGE('',*,*,#7564,.T.);
#5593=ORIENTED_EDGE('',*,*,#7565,.F.);
#5594=ORIENTED_EDGE('',*,*,#7566,.T.);
#5595=CARTESIAN_POINT('',(9.5377,5.2625,-1.27));
#5596=DIRECTION('',(-1.0,0.0,0.0));
#5597=DIRECTION('',(0.0,0.0,1.0));
#5598=SURFACE_STYLE_FILL_AREA(#7567);
#5599=ORIENTED_EDGE('',*,*,#7561,.F.);
#5600=ORIENTED_EDGE('',*,*,#7568,.F.);
#5601=ORIENTED_EDGE('',*,*,#7569,.F.);
#5602=ORIENTED_EDGE('',*,*,#7564,.F.);
#5603=CARTESIAN_POINT('',(9.144,5.2625,-1.6637));
#5604=DIRECTION('',(0.0,0.0,1.0));
#5605=DIRECTION('',(1.0,0.0,0.0));
#5606=SURFACE_STYLE_FILL_AREA(#7570);
#5607=ORIENTED_EDGE('',*,*,#7551,.F.);
#5608=ORIENTED_EDGE('',*,*,#7566,.F.);
#5609=ORIENTED_EDGE('',*,*,#7571,.F.);
#5610=ORIENTED_EDGE('',*,*,#7572,.F.);
#5611=CARTESIAN_POINT('',(9.144,5.2625,-0.8763));
#5612=DIRECTION('',(0.0,0.0,1.0));
#5613=DIRECTION('',(1.0,0.0,0.0));
#5614=SURFACE_STYLE_FILL_AREA(#7573);
#5615=ORIENTED_EDGE('',*,*,#7574,.F.);
#5616=ORIENTED_EDGE('',*,*,#7571,.T.);
#5617=ORIENTED_EDGE('',*,*,#7565,.T.);
#5618=ORIENTED_EDGE('',*,*,#7569,.T.);
#5619=CARTESIAN_POINT('',(9.144,1.008,-1.27));
#5620=DIRECTION('',(0.0,1.0,0.0));
#5621=DIRECTION('',(0.0,0.0,1.0));
#5622=SURFACE_STYLE_FILL_AREA(#7575);
#5623=ORIENTED_EDGE('',*,*,#7557,.F.);
#5624=ORIENTED_EDGE('',*,*,#7572,.T.);
#5625=ORIENTED_EDGE('',*,*,#7574,.T.);
#5626=ORIENTED_EDGE('',*,*,#7568,.T.);
#5627=CARTESIAN_POINT('',(8.7503,5.2625,-1.27));
#5628=DIRECTION('',(1.0,0.0,0.0));
#5629=DIRECTION('',(0.0,0.0,-1.0));
#5630=SURFACE_STYLE_FILL_AREA(#7576);
#5631=ORIENTED_EDGE('',*,*,#7577,.T.);
#5632=ORIENTED_EDGE('',*,*,#7578,.F.);
#5633=ORIENTED_EDGE('',*,*,#7579,.T.);
#5634=ORIENTED_EDGE('',*,*,#7580,.T.);
#5635=CARTESIAN_POINT('',(7.604,8.3185,1.8542));
#5636=DIRECTION('',(1.2988911856079E-16,0.707106781186548,-0.707106781186547));
#5637=DIRECTION('',(1.2988911856079E-16,-0.707106781186547,-0.707106781186548));
#5638=SURFACE_STYLE_FILL_AREA(#7581);
#5639=ORIENTED_EDGE('',*,*,#7579,.F.);
#5640=ORIENTED_EDGE('',*,*,#7582,.F.);
#5641=ORIENTED_EDGE('',*,*,#7583,.F.);
#5642=ORIENTED_EDGE('',*,*,#7584,.T.);
#5643=CARTESIAN_POINT('',(7.1882,8.3185,0.27));
#5644=DIRECTION('',(-0.707106781186547,0.707106781186548,0.0));
#5645=DIRECTION('',(-0.707106781186548,-0.707106781186547,-0.0));
#5646=SURFACE_STYLE_FILL_AREA(#7585);
#5647=ORIENTED_EDGE('',*,*,#7577,.F.);
#5648=ORIENTED_EDGE('',*,*,#7586,.T.);
#5649=ORIENTED_EDGE('',*,*,#7587,.T.);
#5650=ORIENTED_EDGE('',*,*,#7588,.F.);
#5651=CARTESIAN_POINT('',(6.0198,8.3185,2.27));
#5652=DIRECTION('',(0.707106781186547,0.707106781186548,8.65927457071935E-17));
#5653=DIRECTION('',(0.707106781186548,-0.707106781186547,8.65927457071935E-17));
#5654=SURFACE_STYLE_FILL_AREA(#7589);
#5655=ORIENTED_EDGE('',*,*,#7587,.F.);
#5656=ORIENTED_EDGE('',*,*,#7590,.T.);
#5657=ORIENTED_EDGE('',*,*,#7583,.T.);
#5658=ORIENTED_EDGE('',*,*,#7591,.F.);
#5659=CARTESIAN_POINT('',(5.604,8.3185,0.6858));
#5660=DIRECTION('',(-4.32963728535968E-17,0.707106781186548,0.707106781186547));
#5661=DIRECTION('',(-4.32963728535968E-17,-0.707106781186547,0.707106781186548));
#5662=SURFACE_STYLE_FILL_AREA(#7592);
#5663=ORIENTED_EDGE('',*,*,#7584,.F.);
#5664=ORIENTED_EDGE('',*,*,#7593,.T.);
#5665=ORIENTED_EDGE('',*,*,#7594,.F.);
#5666=ORIENTED_EDGE('',*,*,#7595,.T.);
#5667=CARTESIAN_POINT('',(6.9977,5.2625,1.27));
#5668=DIRECTION('',(-1.0,0.0,0.0));
#5669=DIRECTION('',(0.0,0.0,1.0));
#5670=SURFACE_STYLE_FILL_AREA(#7596);
#5671=ORIENTED_EDGE('',*,*,#7590,.F.);
#5672=ORIENTED_EDGE('',*,*,#7597,.F.);
#5673=ORIENTED_EDGE('',*,*,#7598,.F.);
#5674=ORIENTED_EDGE('',*,*,#7593,.F.);
#5675=CARTESIAN_POINT('',(6.604,5.2625,0.8763));
#5676=DIRECTION('',(0.0,0.0,1.0));
#5677=DIRECTION('',(1.0,0.0,0.0));
#5678=SURFACE_STYLE_FILL_AREA(#7599);
#5679=ORIENTED_EDGE('',*,*,#7580,.F.);
#5680=ORIENTED_EDGE('',*,*,#7595,.F.);
#5681=ORIENTED_EDGE('',*,*,#7600,.F.);
#5682=ORIENTED_EDGE('',*,*,#7601,.F.);
#5683=CARTESIAN_POINT('',(6.604,5.2625,1.6637));
#5684=DIRECTION('',(0.0,0.0,1.0));
#5685=DIRECTION('',(1.0,0.0,0.0));
#5686=SURFACE_STYLE_FILL_AREA(#7602);
#5687=ORIENTED_EDGE('',*,*,#7603,.F.);
#5688=ORIENTED_EDGE('',*,*,#7600,.T.);
#5689=ORIENTED_EDGE('',*,*,#7594,.T.);
#5690=ORIENTED_EDGE('',*,*,#7598,.T.);
#5691=CARTESIAN_POINT('',(6.604,1.008,1.27));
#5692=DIRECTION('',(0.0,1.0,0.0));
#5693=DIRECTION('',(0.0,0.0,1.0));
#5694=SURFACE_STYLE_FILL_AREA(#7604);
#5695=ORIENTED_EDGE('',*,*,#7586,.F.);
#5696=ORIENTED_EDGE('',*,*,#7601,.T.);
#5697=ORIENTED_EDGE('',*,*,#7603,.T.);
#5698=ORIENTED_EDGE('',*,*,#7597,.T.);
#5699=CARTESIAN_POINT('',(6.2103,5.2625,1.27));
#5700=DIRECTION('',(1.0,0.0,0.0));
#5701=DIRECTION('',(0.0,0.0,-1.0));
#5702=SURFACE_STYLE_FILL_AREA(#7605);
#5703=ORIENTED_EDGE('',*,*,#7606,.T.);
#5704=ORIENTED_EDGE('',*,*,#7607,.F.);
#5705=ORIENTED_EDGE('',*,*,#7608,.T.);
#5706=ORIENTED_EDGE('',*,*,#7609,.T.);
#5707=CARTESIAN_POINT('',(7.604,8.3185,-0.6858));
#5708=DIRECTION('',(1.2988911856079E-16,0.707106781186548,-0.707106781186547));
#5709=DIRECTION('',(1.2988911856079E-16,-0.707106781186547,-0.707106781186548));
#5710=SURFACE_STYLE_FILL_AREA(#7610);
#5711=ORIENTED_EDGE('',*,*,#7608,.F.);
#5712=ORIENTED_EDGE('',*,*,#7611,.F.);
#5713=ORIENTED_EDGE('',*,*,#7612,.F.);
#5714=ORIENTED_EDGE('',*,*,#7613,.T.);
#5715=CARTESIAN_POINT('',(7.1882,8.3185,-2.27));
#5716=DIRECTION('',(-0.707106781186547,0.707106781186548,0.0));
#5717=DIRECTION('',(-0.707106781186548,-0.707106781186547,-0.0));
#5718=SURFACE_STYLE_FILL_AREA(#7614);
#5719=ORIENTED_EDGE('',*,*,#7606,.F.);
#5720=ORIENTED_EDGE('',*,*,#7615,.T.);
#5721=ORIENTED_EDGE('',*,*,#7616,.T.);
#5722=ORIENTED_EDGE('',*,*,#7617,.F.);
#5723=CARTESIAN_POINT('',(6.0198,8.3185,-0.27));
#5724=DIRECTION('',(0.707106781186547,0.707106781186548,8.65927457071935E-17));
#5725=DIRECTION('',(0.707106781186548,-0.707106781186547,8.65927457071935E-17));
#5726=SURFACE_STYLE_FILL_AREA(#7618);
#5727=ORIENTED_EDGE('',*,*,#7616,.F.);
#5728=ORIENTED_EDGE('',*,*,#7619,.T.);
#5729=ORIENTED_EDGE('',*,*,#7612,.T.);
#5730=ORIENTED_EDGE('',*,*,#7620,.F.);
#5731=CARTESIAN_POINT('',(5.604,8.3185,-1.8542));
#5732=DIRECTION('',(-4.32963728535968E-17,0.707106781186548,0.707106781186547));
#5733=DIRECTION('',(-4.32963728535968E-17,-0.707106781186547,0.707106781186548));
#5734=SURFACE_STYLE_FILL_AREA(#7621);
#5735=ORIENTED_EDGE('',*,*,#7613,.F.);
#5736=ORIENTED_EDGE('',*,*,#7622,.T.);
#5737=ORIENTED_EDGE('',*,*,#7623,.F.);
#5738=ORIENTED_EDGE('',*,*,#7624,.T.);
#5739=CARTESIAN_POINT('',(6.9977,5.2625,-1.27));
#5740=DIRECTION('',(-1.0,0.0,0.0));
#5741=DIRECTION('',(0.0,0.0,1.0));
#5742=SURFACE_STYLE_FILL_AREA(#7625);
#5743=ORIENTED_EDGE('',*,*,#7619,.F.);
#5744=ORIENTED_EDGE('',*,*,#7626,.F.);
#5745=ORIENTED_EDGE('',*,*,#7627,.F.);
#5746=ORIENTED_EDGE('',*,*,#7622,.F.);
#5747=CARTESIAN_POINT('',(6.604,5.2625,-1.6637));
#5748=DIRECTION('',(0.0,0.0,1.0));
#5749=DIRECTION('',(1.0,0.0,0.0));
#5750=SURFACE_STYLE_FILL_AREA(#7628);
#5751=ORIENTED_EDGE('',*,*,#7609,.F.);
#5752=ORIENTED_EDGE('',*,*,#7624,.F.);
#5753=ORIENTED_EDGE('',*,*,#7629,.F.);
#5754=ORIENTED_EDGE('',*,*,#7630,.F.);
#5755=CARTESIAN_POINT('',(6.604,5.2625,-0.8763));
#5756=DIRECTION('',(0.0,0.0,1.0));
#5757=DIRECTION('',(1.0,0.0,0.0));
#5758=SURFACE_STYLE_FILL_AREA(#7631);
#5759=ORIENTED_EDGE('',*,*,#7632,.F.);
#5760=ORIENTED_EDGE('',*,*,#7629,.T.);
#5761=ORIENTED_EDGE('',*,*,#7623,.T.);
#5762=ORIENTED_EDGE('',*,*,#7627,.T.);
#5763=CARTESIAN_POINT('',(6.604,1.008,-1.27));
#5764=DIRECTION('',(0.0,1.0,0.0));
#5765=DIRECTION('',(0.0,0.0,1.0));
#5766=SURFACE_STYLE_FILL_AREA(#7633);
#5767=ORIENTED_EDGE('',*,*,#7615,.F.);
#5768=ORIENTED_EDGE('',*,*,#7630,.T.);
#5769=ORIENTED_EDGE('',*,*,#7632,.T.);
#5770=ORIENTED_EDGE('',*,*,#7626,.T.);
#5771=CARTESIAN_POINT('',(6.2103,5.2625,-1.27));
#5772=DIRECTION('',(1.0,0.0,0.0));
#5773=DIRECTION('',(0.0,0.0,-1.0));
#5774=SURFACE_STYLE_FILL_AREA(#7634);
#5775=ORIENTED_EDGE('',*,*,#7635,.T.);
#5776=ORIENTED_EDGE('',*,*,#7636,.F.);
#5777=ORIENTED_EDGE('',*,*,#7637,.T.);
#5778=ORIENTED_EDGE('',*,*,#7638,.T.);
#5779=CARTESIAN_POINT('',(5.064,8.3185,1.8542));
#5780=DIRECTION('',(1.2988911856079E-16,0.707106781186548,-0.707106781186547));
#5781=DIRECTION('',(1.2988911856079E-16,-0.707106781186547,-0.707106781186548));
#5782=SURFACE_STYLE_FILL_AREA(#7639);
#5783=ORIENTED_EDGE('',*,*,#7637,.F.);
#5784=ORIENTED_EDGE('',*,*,#7640,.F.);
#5785=ORIENTED_EDGE('',*,*,#7641,.F.);
#5786=ORIENTED_EDGE('',*,*,#7642,.T.);
#5787=CARTESIAN_POINT('',(4.6482,8.3185,0.27));
#5788=DIRECTION('',(-0.707106781186547,0.707106781186548,0.0));
#5789=DIRECTION('',(-0.707106781186548,-0.707106781186547,-0.0));
#5790=SURFACE_STYLE_FILL_AREA(#7643);
#5791=ORIENTED_EDGE('',*,*,#7635,.F.);
#5792=ORIENTED_EDGE('',*,*,#7644,.T.);
#5793=ORIENTED_EDGE('',*,*,#7645,.T.);
#5794=ORIENTED_EDGE('',*,*,#7646,.F.);
#5795=CARTESIAN_POINT('',(3.4798,8.3185,2.27));
#5796=DIRECTION('',(0.707106781186547,0.707106781186548,8.65927457071935E-17));
#5797=DIRECTION('',(0.707106781186548,-0.707106781186547,8.65927457071935E-17));
#5798=SURFACE_STYLE_FILL_AREA(#7647);
#5799=ORIENTED_EDGE('',*,*,#7645,.F.);
#5800=ORIENTED_EDGE('',*,*,#7648,.T.);
#5801=ORIENTED_EDGE('',*,*,#7641,.T.);
#5802=ORIENTED_EDGE('',*,*,#7649,.F.);
#5803=CARTESIAN_POINT('',(3.064,8.3185,0.6858));
#5804=DIRECTION('',(-4.32963728535968E-17,0.707106781186548,0.707106781186547));
#5805=DIRECTION('',(-4.32963728535968E-17,-0.707106781186547,0.707106781186548));
#5806=SURFACE_STYLE_FILL_AREA(#7650);
#5807=ORIENTED_EDGE('',*,*,#7642,.F.);
#5808=ORIENTED_EDGE('',*,*,#7651,.T.);
#5809=ORIENTED_EDGE('',*,*,#7652,.F.);
#5810=ORIENTED_EDGE('',*,*,#7653,.T.);
#5811=CARTESIAN_POINT('',(4.4577,5.2625,1.27));
#5812=DIRECTION('',(-1.0,0.0,0.0));
#5813=DIRECTION('',(0.0,0.0,1.0));
#5814=SURFACE_STYLE_FILL_AREA(#7654);
#5815=ORIENTED_EDGE('',*,*,#7648,.F.);
#5816=ORIENTED_EDGE('',*,*,#7655,.F.);
#5817=ORIENTED_EDGE('',*,*,#7656,.F.);
#5818=ORIENTED_EDGE('',*,*,#7651,.F.);
#5819=CARTESIAN_POINT('',(4.064,5.2625,0.8763));
#5820=DIRECTION('',(0.0,0.0,1.0));
#5821=DIRECTION('',(1.0,0.0,0.0));
#5822=SURFACE_STYLE_FILL_AREA(#7657);
#5823=ORIENTED_EDGE('',*,*,#7638,.F.);
#5824=ORIENTED_EDGE('',*,*,#7653,.F.);
#5825=ORIENTED_EDGE('',*,*,#7658,.F.);
#5826=ORIENTED_EDGE('',*,*,#7659,.F.);
#5827=CARTESIAN_POINT('',(4.064,5.2625,1.6637));
#5828=DIRECTION('',(0.0,0.0,1.0));
#5829=DIRECTION('',(1.0,0.0,0.0));
#5830=SURFACE_STYLE_FILL_AREA(#7660);
#5831=ORIENTED_EDGE('',*,*,#7661,.F.);
#5832=ORIENTED_EDGE('',*,*,#7658,.T.);
#5833=ORIENTED_EDGE('',*,*,#7652,.T.);
#5834=ORIENTED_EDGE('',*,*,#7656,.T.);
#5835=CARTESIAN_POINT('',(4.064,1.008,1.27));
#5836=DIRECTION('',(0.0,1.0,0.0));
#5837=DIRECTION('',(0.0,0.0,1.0));
#5838=SURFACE_STYLE_FILL_AREA(#7662);
#5839=ORIENTED_EDGE('',*,*,#7644,.F.);
#5840=ORIENTED_EDGE('',*,*,#7659,.T.);
#5841=ORIENTED_EDGE('',*,*,#7661,.T.);
#5842=ORIENTED_EDGE('',*,*,#7655,.T.);
#5843=CARTESIAN_POINT('',(3.6703,5.2625,1.27));
#5844=DIRECTION('',(1.0,0.0,0.0));
#5845=DIRECTION('',(0.0,0.0,-1.0));
#5846=SURFACE_STYLE_FILL_AREA(#7663);
#5847=ORIENTED_EDGE('',*,*,#7664,.T.);
#5848=ORIENTED_EDGE('',*,*,#7665,.F.);
#5849=ORIENTED_EDGE('',*,*,#7666,.T.);
#5850=ORIENTED_EDGE('',*,*,#7667,.T.);
#5851=CARTESIAN_POINT('',(5.064,8.3185,-0.6858));
#5852=DIRECTION('',(1.2988911856079E-16,0.707106781186548,-0.707106781186547));
#5853=DIRECTION('',(1.2988911856079E-16,-0.707106781186547,-0.707106781186548));
#5854=SURFACE_STYLE_FILL_AREA(#7668);
#5855=ORIENTED_EDGE('',*,*,#7666,.F.);
#5856=ORIENTED_EDGE('',*,*,#7669,.F.);
#5857=ORIENTED_EDGE('',*,*,#7670,.F.);
#5858=ORIENTED_EDGE('',*,*,#7671,.T.);
#5859=CARTESIAN_POINT('',(4.6482,8.3185,-2.27));
#5860=DIRECTION('',(-0.707106781186547,0.707106781186548,0.0));
#5861=DIRECTION('',(-0.707106781186548,-0.707106781186547,-0.0));
#5862=SURFACE_STYLE_FILL_AREA(#7672);
#5863=ORIENTED_EDGE('',*,*,#7664,.F.);
#5864=ORIENTED_EDGE('',*,*,#7673,.T.);
#5865=ORIENTED_EDGE('',*,*,#7674,.T.);
#5866=ORIENTED_EDGE('',*,*,#7675,.F.);
#5867=CARTESIAN_POINT('',(3.4798,8.3185,-0.27));
#5868=DIRECTION('',(0.707106781186547,0.707106781186548,8.65927457071935E-17));
#5869=DIRECTION('',(0.707106781186548,-0.707106781186547,8.65927457071935E-17));
#5870=SURFACE_STYLE_FILL_AREA(#7676);
#5871=ORIENTED_EDGE('',*,*,#7674,.F.);
#5872=ORIENTED_EDGE('',*,*,#7677,.T.);
#5873=ORIENTED_EDGE('',*,*,#7670,.T.);
#5874=ORIENTED_EDGE('',*,*,#7678,.F.);
#5875=CARTESIAN_POINT('',(3.064,8.3185,-1.8542));
#5876=DIRECTION('',(-4.32963728535968E-17,0.707106781186548,0.707106781186547));
#5877=DIRECTION('',(-4.32963728535968E-17,-0.707106781186547,0.707106781186548));
#5878=SURFACE_STYLE_FILL_AREA(#7679);
#5879=ORIENTED_EDGE('',*,*,#7671,.F.);
#5880=ORIENTED_EDGE('',*,*,#7680,.T.);
#5881=ORIENTED_EDGE('',*,*,#7681,.F.);
#5882=ORIENTED_EDGE('',*,*,#7682,.T.);
#5883=CARTESIAN_POINT('',(4.4577,5.2625,-1.27));
#5884=DIRECTION('',(-1.0,0.0,0.0));
#5885=DIRECTION('',(0.0,0.0,1.0));
#5886=SURFACE_STYLE_FILL_AREA(#7683);
#5887=ORIENTED_EDGE('',*,*,#7677,.F.);
#5888=ORIENTED_EDGE('',*,*,#7684,.F.);
#5889=ORIENTED_EDGE('',*,*,#7685,.F.);
#5890=ORIENTED_EDGE('',*,*,#7680,.F.);
#5891=CARTESIAN_POINT('',(4.064,5.2625,-1.6637));
#5892=DIRECTION('',(0.0,0.0,1.0));
#5893=DIRECTION('',(1.0,0.0,0.0));
#5894=SURFACE_STYLE_FILL_AREA(#7686);
#5895=ORIENTED_EDGE('',*,*,#7667,.F.);
#5896=ORIENTED_EDGE('',*,*,#7682,.F.);
#5897=ORIENTED_EDGE('',*,*,#7687,.F.);
#5898=ORIENTED_EDGE('',*,*,#7688,.F.);
#5899=CARTESIAN_POINT('',(4.064,5.2625,-0.8763));
#5900=DIRECTION('',(0.0,0.0,1.0));
#5901=DIRECTION('',(1.0,0.0,0.0));
#5902=SURFACE_STYLE_FILL_AREA(#7689);
#5903=ORIENTED_EDGE('',*,*,#7690,.F.);
#5904=ORIENTED_EDGE('',*,*,#7687,.T.);
#5905=ORIENTED_EDGE('',*,*,#7681,.T.);
#5906=ORIENTED_EDGE('',*,*,#7685,.T.);
#5907=CARTESIAN_POINT('',(4.064,1.008,-1.27));
#5908=DIRECTION('',(0.0,1.0,0.0));
#5909=DIRECTION('',(0.0,0.0,1.0));
#5910=SURFACE_STYLE_FILL_AREA(#7691);
#5911=ORIENTED_EDGE('',*,*,#7673,.F.);
#5912=ORIENTED_EDGE('',*,*,#7688,.T.);
#5913=ORIENTED_EDGE('',*,*,#7690,.T.);
#5914=ORIENTED_EDGE('',*,*,#7684,.T.);
#5915=CARTESIAN_POINT('',(3.6703,5.2625,-1.27));
#5916=DIRECTION('',(1.0,0.0,0.0));
#5917=DIRECTION('',(0.0,0.0,-1.0));
#5918=SURFACE_STYLE_FILL_AREA(#7692);
#5919=ORIENTED_EDGE('',*,*,#7693,.T.);
#5920=ORIENTED_EDGE('',*,*,#7694,.F.);
#5921=ORIENTED_EDGE('',*,*,#7695,.T.);
#5922=ORIENTED_EDGE('',*,*,#7696,.T.);
#5923=CARTESIAN_POINT('',(2.524,8.3185,1.8542));
#5924=DIRECTION('',(1.2988911856079E-16,0.707106781186548,-0.707106781186547));
#5925=DIRECTION('',(1.2988911856079E-16,-0.707106781186547,-0.707106781186548));
#5926=SURFACE_STYLE_FILL_AREA(#7697);
#5927=ORIENTED_EDGE('',*,*,#7695,.F.);
#5928=ORIENTED_EDGE('',*,*,#7698,.F.);
#5929=ORIENTED_EDGE('',*,*,#7699,.F.);
#5930=ORIENTED_EDGE('',*,*,#7700,.T.);
#5931=CARTESIAN_POINT('',(2.1082,8.3185,0.27));
#5932=DIRECTION('',(-0.707106781186547,0.707106781186548,0.0));
#5933=DIRECTION('',(-0.707106781186548,-0.707106781186547,-0.0));
#5934=SURFACE_STYLE_FILL_AREA(#7701);
#5935=ORIENTED_EDGE('',*,*,#7693,.F.);
#5936=ORIENTED_EDGE('',*,*,#7702,.T.);
#5937=ORIENTED_EDGE('',*,*,#7703,.T.);
#5938=ORIENTED_EDGE('',*,*,#7704,.F.);
#5939=CARTESIAN_POINT('',(0.9398,8.3185,2.27));
#5940=DIRECTION('',(0.707106781186547,0.707106781186548,8.65927457071935E-17));
#5941=DIRECTION('',(0.707106781186548,-0.707106781186547,8.65927457071935E-17));
#5942=SURFACE_STYLE_FILL_AREA(#7705);
#5943=ORIENTED_EDGE('',*,*,#7703,.F.);
#5944=ORIENTED_EDGE('',*,*,#7706,.T.);
#5945=ORIENTED_EDGE('',*,*,#7699,.T.);
#5946=ORIENTED_EDGE('',*,*,#7707,.F.);
#5947=CARTESIAN_POINT('',(0.524,8.3185,0.6858));
#5948=DIRECTION('',(-4.32963728535968E-17,0.707106781186548,0.707106781186547));
#5949=DIRECTION('',(-4.32963728535968E-17,-0.707106781186547,0.707106781186548));
#5950=SURFACE_STYLE_FILL_AREA(#7708);
#5951=ORIENTED_EDGE('',*,*,#7700,.F.);
#5952=ORIENTED_EDGE('',*,*,#7709,.T.);
#5953=ORIENTED_EDGE('',*,*,#7710,.F.);
#5954=ORIENTED_EDGE('',*,*,#7711,.T.);
#5955=CARTESIAN_POINT('',(1.9177,5.2625,1.27));
#5956=DIRECTION('',(-1.0,0.0,0.0));
#5957=DIRECTION('',(0.0,0.0,1.0));
#5958=SURFACE_STYLE_FILL_AREA(#7712);
#5959=ORIENTED_EDGE('',*,*,#7706,.F.);
#5960=ORIENTED_EDGE('',*,*,#7713,.F.);
#5961=ORIENTED_EDGE('',*,*,#7714,.F.);
#5962=ORIENTED_EDGE('',*,*,#7709,.F.);
#5963=CARTESIAN_POINT('',(1.524,5.2625,0.8763));
#5964=DIRECTION('',(0.0,0.0,1.0));
#5965=DIRECTION('',(1.0,0.0,0.0));
#5966=SURFACE_STYLE_FILL_AREA(#7715);
#5967=ORIENTED_EDGE('',*,*,#7696,.F.);
#5968=ORIENTED_EDGE('',*,*,#7711,.F.);
#5969=ORIENTED_EDGE('',*,*,#7716,.F.);
#5970=ORIENTED_EDGE('',*,*,#7717,.F.);
#5971=CARTESIAN_POINT('',(1.524,5.2625,1.6637));
#5972=DIRECTION('',(0.0,0.0,1.0));
#5973=DIRECTION('',(1.0,0.0,0.0));
#5974=SURFACE_STYLE_FILL_AREA(#7718);
#5975=ORIENTED_EDGE('',*,*,#7719,.F.);
#5976=ORIENTED_EDGE('',*,*,#7716,.T.);
#5977=ORIENTED_EDGE('',*,*,#7710,.T.);
#5978=ORIENTED_EDGE('',*,*,#7714,.T.);
#5979=CARTESIAN_POINT('',(1.524,1.008,1.27));
#5980=DIRECTION('',(0.0,1.0,0.0));
#5981=DIRECTION('',(0.0,0.0,1.0));
#5982=SURFACE_STYLE_FILL_AREA(#7720);
#5983=ORIENTED_EDGE('',*,*,#7702,.F.);
#5984=ORIENTED_EDGE('',*,*,#7717,.T.);
#5985=ORIENTED_EDGE('',*,*,#7719,.T.);
#5986=ORIENTED_EDGE('',*,*,#7713,.T.);
#5987=CARTESIAN_POINT('',(1.1303,5.2625,1.27));
#5988=DIRECTION('',(1.0,0.0,0.0));
#5989=DIRECTION('',(0.0,0.0,-1.0));
#5990=SURFACE_STYLE_FILL_AREA(#7721);
#5991=ORIENTED_EDGE('',*,*,#7722,.T.);
#5992=ORIENTED_EDGE('',*,*,#7723,.F.);
#5993=ORIENTED_EDGE('',*,*,#7724,.T.);
#5994=ORIENTED_EDGE('',*,*,#7725,.T.);
#5995=CARTESIAN_POINT('',(2.524,8.3185,-0.6858));
#5996=DIRECTION('',(1.2988911856079E-16,0.707106781186548,-0.707106781186547));
#5997=DIRECTION('',(1.2988911856079E-16,-0.707106781186547,-0.707106781186548));
#5998=SURFACE_STYLE_FILL_AREA(#7726);
#5999=ORIENTED_EDGE('',*,*,#7724,.F.);
#6000=ORIENTED_EDGE('',*,*,#7727,.F.);
#6001=ORIENTED_EDGE('',*,*,#7728,.F.);
#6002=ORIENTED_EDGE('',*,*,#7729,.T.);
#6003=CARTESIAN_POINT('',(2.1082,8.3185,-2.27));
#6004=DIRECTION('',(-0.707106781186547,0.707106781186548,0.0));
#6005=DIRECTION('',(-0.707106781186548,-0.707106781186547,-0.0));
#6006=SURFACE_STYLE_FILL_AREA(#7730);
#6007=ORIENTED_EDGE('',*,*,#7722,.F.);
#6008=ORIENTED_EDGE('',*,*,#7731,.T.);
#6009=ORIENTED_EDGE('',*,*,#7732,.T.);
#6010=ORIENTED_EDGE('',*,*,#7733,.F.);
#6011=CARTESIAN_POINT('',(0.9398,8.3185,-0.27));
#6012=DIRECTION('',(0.707106781186547,0.707106781186548,8.65927457071935E-17));
#6013=DIRECTION('',(0.707106781186548,-0.707106781186547,8.65927457071935E-17));
#6014=SURFACE_STYLE_FILL_AREA(#7734);
#6015=ORIENTED_EDGE('',*,*,#7732,.F.);
#6016=ORIENTED_EDGE('',*,*,#7735,.T.);
#6017=ORIENTED_EDGE('',*,*,#7728,.T.);
#6018=ORIENTED_EDGE('',*,*,#7736,.F.);
#6019=CARTESIAN_POINT('',(0.524,8.3185,-1.8542));
#6020=DIRECTION('',(-4.32963728535968E-17,0.707106781186548,0.707106781186547));
#6021=DIRECTION('',(-4.32963728535968E-17,-0.707106781186547,0.707106781186548));
#6022=SURFACE_STYLE_FILL_AREA(#7737);
#6023=ORIENTED_EDGE('',*,*,#7729,.F.);
#6024=ORIENTED_EDGE('',*,*,#7738,.T.);
#6025=ORIENTED_EDGE('',*,*,#7739,.F.);
#6026=ORIENTED_EDGE('',*,*,#7740,.T.);
#6027=CARTESIAN_POINT('',(1.9177,5.2625,-1.27));
#6028=DIRECTION('',(-1.0,0.0,0.0));
#6029=DIRECTION('',(0.0,0.0,1.0));
#6030=SURFACE_STYLE_FILL_AREA(#7741);
#6031=ORIENTED_EDGE('',*,*,#7735,.F.);
#6032=ORIENTED_EDGE('',*,*,#7742,.F.);
#6033=ORIENTED_EDGE('',*,*,#7743,.F.);
#6034=ORIENTED_EDGE('',*,*,#7738,.F.);
#6035=CARTESIAN_POINT('',(1.524,5.2625,-1.6637));
#6036=DIRECTION('',(0.0,0.0,1.0));
#6037=DIRECTION('',(1.0,0.0,0.0));
#6038=SURFACE_STYLE_FILL_AREA(#7744);
#6039=ORIENTED_EDGE('',*,*,#7725,.F.);
#6040=ORIENTED_EDGE('',*,*,#7740,.F.);
#6041=ORIENTED_EDGE('',*,*,#7745,.F.);
#6042=ORIENTED_EDGE('',*,*,#7746,.F.);
#6043=CARTESIAN_POINT('',(1.524,5.2625,-0.8763));
#6044=DIRECTION('',(0.0,0.0,1.0));
#6045=DIRECTION('',(1.0,0.0,0.0));
#6046=SURFACE_STYLE_FILL_AREA(#7747);
#6047=ORIENTED_EDGE('',*,*,#7748,.F.);
#6048=ORIENTED_EDGE('',*,*,#7745,.T.);
#6049=ORIENTED_EDGE('',*,*,#7739,.T.);
#6050=ORIENTED_EDGE('',*,*,#7743,.T.);
#6051=CARTESIAN_POINT('',(1.524,1.008,-1.27));
#6052=DIRECTION('',(0.0,1.0,0.0));
#6053=DIRECTION('',(0.0,0.0,1.0));
#6054=SURFACE_STYLE_FILL_AREA(#7749);
#6055=ORIENTED_EDGE('',*,*,#7731,.F.);
#6056=ORIENTED_EDGE('',*,*,#7746,.T.);
#6057=ORIENTED_EDGE('',*,*,#7748,.T.);
#6058=ORIENTED_EDGE('',*,*,#7742,.T.);
#6059=CARTESIAN_POINT('',(1.1303,5.2625,-1.27));
#6060=DIRECTION('',(1.0,0.0,0.0));
#6061=DIRECTION('',(0.0,0.0,-1.0));
#6062=SURFACE_STYLE_FILL_AREA(#7750);
#6063=ORIENTED_EDGE('',*,*,#7751,.F.);
#6064=ORIENTED_EDGE('',*,*,#7752,.T.);
#6065=ORIENTED_EDGE('',*,*,#7753,.F.);
#6066=ORIENTED_EDGE('',*,*,#7754,.F.);
#6067=CARTESIAN_POINT('',(25.4,0.00800000000000001,0.0));
#6068=DIRECTION('',(-1.0,0.0,0.0));
#6069=DIRECTION('',(0.0,0.0,1.0));
#6070=SURFACE_STYLE_FILL_AREA(#7755);
#6071=ORIENTED_EDGE('',*,*,#7756,.F.);
#6072=ORIENTED_EDGE('',*,*,#7757,.F.);
#6073=ORIENTED_EDGE('',*,*,#7758,.F.);
#6074=ORIENTED_EDGE('',*,*,#7759,.F.);
#6075=CARTESIAN_POINT('',(23.368,0.00800000000000001,0.0));
#6076=DIRECTION('',(1.0,0.0,0.0));
#6077=DIRECTION('',(0.0,0.0,-1.0));
#6078=SURFACE_STYLE_FILL_AREA(#7760);
#6079=ORIENTED_EDGE('',*,*,#6678,.T.);
#6080=ORIENTED_EDGE('',*,*,#6671,.T.);
#6081=ORIENTED_EDGE('',*,*,#6689,.T.);
#6082=ORIENTED_EDGE('',*,*,#6694,.T.);
#6083=ORIENTED_EDGE('',*,*,#6703,.T.);
#6084=ORIENTED_EDGE('',*,*,#6696,.T.);
#6085=ORIENTED_EDGE('',*,*,#6714,.T.);
#6086=ORIENTED_EDGE('',*,*,#6719,.T.);
#6087=ORIENTED_EDGE('',*,*,#7761,.F.);
#6088=ORIENTED_EDGE('',*,*,#7759,.T.);
#6089=ORIENTED_EDGE('',*,*,#7762,.F.);
#6090=ORIENTED_EDGE('',*,*,#7752,.F.);
#6091=CARTESIAN_POINT('',(24.384,0.508,0.0));
#6092=DIRECTION('',(0.0,-1.0,0.0));
#6093=DIRECTION('',(0.0,0.0,-1.0));
#6094=SURFACE_STYLE_FILL_AREA(#7763);
#6095=ORIENTED_EDGE('',*,*,#7753,.T.);
#6096=ORIENTED_EDGE('',*,*,#7762,.T.);
#6097=ORIENTED_EDGE('',*,*,#7758,.T.);
#6098=ORIENTED_EDGE('',*,*,#7764,.T.);
#6099=ORIENTED_EDGE('',*,*,#7765,.T.);
#6100=ORIENTED_EDGE('',*,*,#7766,.T.);
#6101=ORIENTED_EDGE('',*,*,#7767,.T.);
#6102=ORIENTED_EDGE('',*,*,#7768,.T.);
#6103=ORIENTED_EDGE('',*,*,#7769,.T.);
#6104=ORIENTED_EDGE('',*,*,#7770,.T.);
#6105=ORIENTED_EDGE('',*,*,#7771,.T.);
#6106=ORIENTED_EDGE('',*,*,#7772,.T.);
#6107=ORIENTED_EDGE('',*,*,#7773,.T.);
#6108=ORIENTED_EDGE('',*,*,#7774,.T.);
#6109=ORIENTED_EDGE('',*,*,#7775,.T.);
#6110=ORIENTED_EDGE('',*,*,#7776,.T.);
#6111=ORIENTED_EDGE('',*,*,#7777,.T.);
#6112=ORIENTED_EDGE('',*,*,#7778,.T.);
#6113=ORIENTED_EDGE('',*,*,#7779,.T.);
#6114=ORIENTED_EDGE('',*,*,#7780,.T.);
#6115=ORIENTED_EDGE('',*,*,#7781,.T.);
#6116=ORIENTED_EDGE('',*,*,#7782,.T.);
#6117=ORIENTED_EDGE('',*,*,#7783,.T.);
#6118=ORIENTED_EDGE('',*,*,#7784,.T.);
#6119=ORIENTED_EDGE('',*,*,#7785,.T.);
#6120=ORIENTED_EDGE('',*,*,#7786,.T.);
#6121=ORIENTED_EDGE('',*,*,#7787,.T.);
#6122=ORIENTED_EDGE('',*,*,#7788,.T.);
#6123=ORIENTED_EDGE('',*,*,#7789,.T.);
#6124=ORIENTED_EDGE('',*,*,#7790,.T.);
#6125=ORIENTED_EDGE('',*,*,#7791,.T.);
#6126=ORIENTED_EDGE('',*,*,#7792,.T.);
#6127=ORIENTED_EDGE('',*,*,#7793,.T.);
#6128=ORIENTED_EDGE('',*,*,#7794,.T.);
#6129=ORIENTED_EDGE('',*,*,#7795,.T.);
#6130=ORIENTED_EDGE('',*,*,#7796,.T.);
#6131=ORIENTED_EDGE('',*,*,#7797,.T.);
#6132=ORIENTED_EDGE('',*,*,#7798,.T.);
#6133=ORIENTED_EDGE('',*,*,#7799,.T.);
#6134=ORIENTED_EDGE('',*,*,#7800,.T.);
#6135=ORIENTED_EDGE('',*,*,#7801,.T.);
#6136=ORIENTED_EDGE('',*,*,#7802,.T.);
#6137=ORIENTED_EDGE('',*,*,#7803,.T.);
#6138=ORIENTED_EDGE('',*,*,#7804,.T.);
#6139=CARTESIAN_POINT('',(12.954,4.2545,-2.4765));
#6140=DIRECTION('',(0.0,0.0,1.0));
#6141=DIRECTION('',(1.0,0.0,0.0));
#6142=SURFACE_STYLE_FILL_AREA(#7805);
#6143=ORIENTED_EDGE('',*,*,#7757,.T.);
#6144=ORIENTED_EDGE('',*,*,#7806,.F.);
#6145=ORIENTED_EDGE('',*,*,#7807,.T.);
#6146=ORIENTED_EDGE('',*,*,#7764,.F.);
#6147=CARTESIAN_POINT('',(12.954,0.0,0.0));
#6148=DIRECTION('',(0.0,1.0,0.0));
#6149=DIRECTION('',(0.0,0.0,1.0));
#6150=SURFACE_STYLE_FILL_AREA(#7808);
#6151=ORIENTED_EDGE('',*,*,#7754,.T.);
#6152=ORIENTED_EDGE('',*,*,#7804,.F.);
#6153=ORIENTED_EDGE('',*,*,#7809,.F.);
#6154=ORIENTED_EDGE('',*,*,#7810,.F.);
#6155=CARTESIAN_POINT('',(12.954,0.0,0.0));
#6156=DIRECTION('',(0.0,1.0,0.0));
#6157=DIRECTION('',(0.0,0.0,1.0));
#6158=SURFACE_STYLE_FILL_AREA(#7811);
#6159=ORIENTED_EDGE('',*,*,#7812,.F.);
#6160=ORIENTED_EDGE('',*,*,#7813,.T.);
#6161=ORIENTED_EDGE('',*,*,#7765,.F.);
#6162=ORIENTED_EDGE('',*,*,#7807,.F.);
#6163=CARTESIAN_POINT('',(22.86,0.00800000000000001,0.0));
#6164=DIRECTION('',(-1.0,0.0,0.0));
#6165=DIRECTION('',(0.0,0.0,1.0));
#6166=SURFACE_STYLE_FILL_AREA(#7814);
#6167=ORIENTED_EDGE('',*,*,#7815,.F.);
#6168=ORIENTED_EDGE('',*,*,#7816,.F.);
#6169=ORIENTED_EDGE('',*,*,#7767,.F.);
#6170=ORIENTED_EDGE('',*,*,#7817,.F.);
#6171=CARTESIAN_POINT('',(20.828,0.00800000000000001,0.0));
#6172=DIRECTION('',(1.0,0.0,0.0));
#6173=DIRECTION('',(0.0,0.0,-1.0));
#6174=SURFACE_STYLE_FILL_AREA(#7818);
#6175=ORIENTED_EDGE('',*,*,#6728,.T.);
#6176=ORIENTED_EDGE('',*,*,#6721,.T.);
#6177=ORIENTED_EDGE('',*,*,#6739,.T.);
#6178=ORIENTED_EDGE('',*,*,#6744,.T.);
#6179=ORIENTED_EDGE('',*,*,#6753,.T.);
#6180=ORIENTED_EDGE('',*,*,#6746,.T.);
#6181=ORIENTED_EDGE('',*,*,#6764,.T.);
#6182=ORIENTED_EDGE('',*,*,#6769,.T.);
#6183=ORIENTED_EDGE('',*,*,#7819,.F.);
#6184=ORIENTED_EDGE('',*,*,#7817,.T.);
#6185=ORIENTED_EDGE('',*,*,#7766,.F.);
#6186=ORIENTED_EDGE('',*,*,#7813,.F.);
#6187=CARTESIAN_POINT('',(21.844,0.508,0.0));
#6188=DIRECTION('',(0.0,-1.0,0.0));
#6189=DIRECTION('',(0.0,0.0,-1.0));
#6190=SURFACE_STYLE_FILL_AREA(#7820);
#6191=ORIENTED_EDGE('',*,*,#7816,.T.);
#6192=ORIENTED_EDGE('',*,*,#7821,.F.);
#6193=ORIENTED_EDGE('',*,*,#7822,.T.);
#6194=ORIENTED_EDGE('',*,*,#7768,.F.);
#6195=CARTESIAN_POINT('',(12.954,0.0,0.0));
#6196=DIRECTION('',(0.0,1.0,0.0));
#6197=DIRECTION('',(0.0,0.0,1.0));
#6198=SURFACE_STYLE_FILL_AREA(#7823);
#6199=ORIENTED_EDGE('',*,*,#7824,.F.);
#6200=ORIENTED_EDGE('',*,*,#7825,.T.);
#6201=ORIENTED_EDGE('',*,*,#7769,.F.);
#6202=ORIENTED_EDGE('',*,*,#7822,.F.);
#6203=CARTESIAN_POINT('',(20.32,0.00800000000000001,0.0));
#6204=DIRECTION('',(-1.0,0.0,0.0));
#6205=DIRECTION('',(0.0,0.0,1.0));
#6206=SURFACE_STYLE_FILL_AREA(#7826);
#6207=ORIENTED_EDGE('',*,*,#7827,.F.);
#6208=ORIENTED_EDGE('',*,*,#7828,.F.);
#6209=ORIENTED_EDGE('',*,*,#7771,.F.);
#6210=ORIENTED_EDGE('',*,*,#7829,.F.);
#6211=CARTESIAN_POINT('',(18.288,0.00800000000000001,0.0));
#6212=DIRECTION('',(1.0,0.0,0.0));
#6213=DIRECTION('',(0.0,0.0,-1.0));
#6214=SURFACE_STYLE_FILL_AREA(#7830);
#6215=ORIENTED_EDGE('',*,*,#6778,.T.);
#6216=ORIENTED_EDGE('',*,*,#6771,.T.);
#6217=ORIENTED_EDGE('',*,*,#6789,.T.);
#6218=ORIENTED_EDGE('',*,*,#6794,.T.);
#6219=ORIENTED_EDGE('',*,*,#6803,.T.);
#6220=ORIENTED_EDGE('',*,*,#6796,.T.);
#6221=ORIENTED_EDGE('',*,*,#6814,.T.);
#6222=ORIENTED_EDGE('',*,*,#6819,.T.);
#6223=ORIENTED_EDGE('',*,*,#7831,.F.);
#6224=ORIENTED_EDGE('',*,*,#7829,.T.);
#6225=ORIENTED_EDGE('',*,*,#7770,.F.);
#6226=ORIENTED_EDGE('',*,*,#7825,.F.);
#6227=CARTESIAN_POINT('',(19.304,0.508,0.0));
#6228=DIRECTION('',(0.0,-1.0,0.0));
#6229=DIRECTION('',(0.0,0.0,-1.0));
#6230=SURFACE_STYLE_FILL_AREA(#7832);
#6231=ORIENTED_EDGE('',*,*,#7828,.T.);
#6232=ORIENTED_EDGE('',*,*,#7833,.F.);
#6233=ORIENTED_EDGE('',*,*,#7834,.T.);
#6234=ORIENTED_EDGE('',*,*,#7772,.F.);
#6235=CARTESIAN_POINT('',(12.954,0.0,0.0));
#6236=DIRECTION('',(0.0,1.0,0.0));
#6237=DIRECTION('',(0.0,0.0,1.0));
#6238=SURFACE_STYLE_FILL_AREA(#7835);
#6239=ORIENTED_EDGE('',*,*,#7836,.F.);
#6240=ORIENTED_EDGE('',*,*,#7837,.T.);
#6241=ORIENTED_EDGE('',*,*,#7773,.F.);
#6242=ORIENTED_EDGE('',*,*,#7834,.F.);
#6243=CARTESIAN_POINT('',(17.78,0.00800000000000001,0.0));
#6244=DIRECTION('',(-1.0,0.0,0.0));
#6245=DIRECTION('',(0.0,0.0,1.0));
#6246=SURFACE_STYLE_FILL_AREA(#7838);
#6247=ORIENTED_EDGE('',*,*,#7839,.F.);
#6248=ORIENTED_EDGE('',*,*,#7840,.F.);
#6249=ORIENTED_EDGE('',*,*,#7775,.F.);
#6250=ORIENTED_EDGE('',*,*,#7841,.F.);
#6251=CARTESIAN_POINT('',(15.748,0.00800000000000001,0.0));
#6252=DIRECTION('',(1.0,0.0,0.0));
#6253=DIRECTION('',(0.0,0.0,-1.0));
#6254=SURFACE_STYLE_FILL_AREA(#7842);
#6255=ORIENTED_EDGE('',*,*,#6828,.T.);
#6256=ORIENTED_EDGE('',*,*,#6821,.T.);
#6257=ORIENTED_EDGE('',*,*,#6839,.T.);
#6258=ORIENTED_EDGE('',*,*,#6844,.T.);
#6259=ORIENTED_EDGE('',*,*,#6853,.T.);
#6260=ORIENTED_EDGE('',*,*,#6846,.T.);
#6261=ORIENTED_EDGE('',*,*,#6864,.T.);
#6262=ORIENTED_EDGE('',*,*,#6869,.T.);
#6263=ORIENTED_EDGE('',*,*,#7843,.F.);
#6264=ORIENTED_EDGE('',*,*,#7841,.T.);
#6265=ORIENTED_EDGE('',*,*,#7774,.F.);
#6266=ORIENTED_EDGE('',*,*,#7837,.F.);
#6267=CARTESIAN_POINT('',(16.764,0.508,0.0));
#6268=DIRECTION('',(0.0,-1.0,0.0));
#6269=DIRECTION('',(0.0,0.0,-1.0));
#6270=SURFACE_STYLE_FILL_AREA(#7844);
#6271=ORIENTED_EDGE('',*,*,#7840,.T.);
#6272=ORIENTED_EDGE('',*,*,#7845,.F.);
#6273=ORIENTED_EDGE('',*,*,#7846,.T.);
#6274=ORIENTED_EDGE('',*,*,#7776,.F.);
#6275=CARTESIAN_POINT('',(12.954,0.0,0.0));
#6276=DIRECTION('',(0.0,1.0,0.0));
#6277=DIRECTION('',(0.0,0.0,1.0));
#6278=SURFACE_STYLE_FILL_AREA(#7847);
#6279=ORIENTED_EDGE('',*,*,#7848,.F.);
#6280=ORIENTED_EDGE('',*,*,#7849,.T.);
#6281=ORIENTED_EDGE('',*,*,#7777,.F.);
#6282=ORIENTED_EDGE('',*,*,#7846,.F.);
#6283=CARTESIAN_POINT('',(15.24,0.00800000000000001,0.0));
#6284=DIRECTION('',(-1.0,0.0,0.0));
#6285=DIRECTION('',(0.0,0.0,1.0));
#6286=SURFACE_STYLE_FILL_AREA(#7850);
#6287=ORIENTED_EDGE('',*,*,#7851,.F.);
#6288=ORIENTED_EDGE('',*,*,#7852,.F.);
#6289=ORIENTED_EDGE('',*,*,#7779,.F.);
#6290=ORIENTED_EDGE('',*,*,#7853,.F.);
#6291=CARTESIAN_POINT('',(13.208,0.00800000000000001,0.0));
#6292=DIRECTION('',(1.0,0.0,0.0));
#6293=DIRECTION('',(0.0,0.0,-1.0));
#6294=SURFACE_STYLE_FILL_AREA(#7854);
#6295=ORIENTED_EDGE('',*,*,#6878,.T.);
#6296=ORIENTED_EDGE('',*,*,#6871,.T.);
#6297=ORIENTED_EDGE('',*,*,#6889,.T.);
#6298=ORIENTED_EDGE('',*,*,#6894,.T.);
#6299=ORIENTED_EDGE('',*,*,#6903,.T.);
#6300=ORIENTED_EDGE('',*,*,#6896,.T.);
#6301=ORIENTED_EDGE('',*,*,#6914,.T.);
#6302=ORIENTED_EDGE('',*,*,#6919,.T.);
#6303=ORIENTED_EDGE('',*,*,#7855,.F.);
#6304=ORIENTED_EDGE('',*,*,#7853,.T.);
#6305=ORIENTED_EDGE('',*,*,#7778,.F.);
#6306=ORIENTED_EDGE('',*,*,#7849,.F.);
#6307=CARTESIAN_POINT('',(14.224,0.508,0.0));
#6308=DIRECTION('',(0.0,-1.0,0.0));
#6309=DIRECTION('',(0.0,0.0,-1.0));
#6310=SURFACE_STYLE_FILL_AREA(#7856);
#6311=ORIENTED_EDGE('',*,*,#7852,.T.);
#6312=ORIENTED_EDGE('',*,*,#7857,.F.);
#6313=ORIENTED_EDGE('',*,*,#7858,.T.);
#6314=ORIENTED_EDGE('',*,*,#7780,.F.);
#6315=CARTESIAN_POINT('',(12.954,0.0,0.0));
#6316=DIRECTION('',(0.0,1.0,0.0));
#6317=DIRECTION('',(0.0,0.0,1.0));
#6318=SURFACE_STYLE_FILL_AREA(#7859);
#6319=ORIENTED_EDGE('',*,*,#7860,.F.);
#6320=ORIENTED_EDGE('',*,*,#7861,.T.);
#6321=ORIENTED_EDGE('',*,*,#7781,.F.);
#6322=ORIENTED_EDGE('',*,*,#7858,.F.);
#6323=CARTESIAN_POINT('',(12.7,0.00800000000000001,0.0));
#6324=DIRECTION('',(-1.0,0.0,0.0));
#6325=DIRECTION('',(0.0,0.0,1.0));
#6326=SURFACE_STYLE_FILL_AREA(#7862);
#6327=ORIENTED_EDGE('',*,*,#7863,.F.);
#6328=ORIENTED_EDGE('',*,*,#7864,.F.);
#6329=ORIENTED_EDGE('',*,*,#7783,.F.);
#6330=ORIENTED_EDGE('',*,*,#7865,.F.);
#6331=CARTESIAN_POINT('',(10.668,0.00800000000000001,0.0));
#6332=DIRECTION('',(1.0,0.0,0.0));
#6333=DIRECTION('',(0.0,0.0,-1.0));
#6334=SURFACE_STYLE_FILL_AREA(#7866);
#6335=ORIENTED_EDGE('',*,*,#6928,.T.);
#6336=ORIENTED_EDGE('',*,*,#6921,.T.);
#6337=ORIENTED_EDGE('',*,*,#6939,.T.);
#6338=ORIENTED_EDGE('',*,*,#6944,.T.);
#6339=ORIENTED_EDGE('',*,*,#6953,.T.);
#6340=ORIENTED_EDGE('',*,*,#6946,.T.);
#6341=ORIENTED_EDGE('',*,*,#6964,.T.);
#6342=ORIENTED_EDGE('',*,*,#6969,.T.);
#6343=ORIENTED_EDGE('',*,*,#7867,.F.);
#6344=ORIENTED_EDGE('',*,*,#7865,.T.);
#6345=ORIENTED_EDGE('',*,*,#7782,.F.);
#6346=ORIENTED_EDGE('',*,*,#7861,.F.);
#6347=CARTESIAN_POINT('',(11.684,0.508,0.0));
#6348=DIRECTION('',(0.0,-1.0,0.0));
#6349=DIRECTION('',(0.0,0.0,-1.0));
#6350=SURFACE_STYLE_FILL_AREA(#7868);
#6351=ORIENTED_EDGE('',*,*,#7864,.T.);
#6352=ORIENTED_EDGE('',*,*,#7869,.F.);
#6353=ORIENTED_EDGE('',*,*,#7870,.T.);
#6354=ORIENTED_EDGE('',*,*,#7784,.F.);
#6355=CARTESIAN_POINT('',(12.954,0.0,0.0));
#6356=DIRECTION('',(0.0,1.0,0.0));
#6357=DIRECTION('',(0.0,0.0,1.0));
#6358=SURFACE_STYLE_FILL_AREA(#7871);
#6359=ORIENTED_EDGE('',*,*,#7872,.F.);
#6360=ORIENTED_EDGE('',*,*,#7873,.T.);
#6361=ORIENTED_EDGE('',*,*,#7785,.F.);
#6362=ORIENTED_EDGE('',*,*,#7870,.F.);
#6363=CARTESIAN_POINT('',(10.16,0.00800000000000001,0.0));
#6364=DIRECTION('',(-1.0,0.0,0.0));
#6365=DIRECTION('',(0.0,0.0,1.0));
#6366=SURFACE_STYLE_FILL_AREA(#7874);
#6367=ORIENTED_EDGE('',*,*,#7875,.F.);
#6368=ORIENTED_EDGE('',*,*,#7876,.F.);
#6369=ORIENTED_EDGE('',*,*,#7787,.F.);
#6370=ORIENTED_EDGE('',*,*,#7877,.F.);
#6371=CARTESIAN_POINT('',(8.128,0.00800000000000001,0.0));
#6372=DIRECTION('',(1.0,0.0,0.0));
#6373=DIRECTION('',(0.0,0.0,-1.0));
#6374=SURFACE_STYLE_FILL_AREA(#7878);
#6375=ORIENTED_EDGE('',*,*,#6978,.T.);
#6376=ORIENTED_EDGE('',*,*,#6971,.T.);
#6377=ORIENTED_EDGE('',*,*,#6989,.T.);
#6378=ORIENTED_EDGE('',*,*,#6994,.T.);
#6379=ORIENTED_EDGE('',*,*,#7003,.T.);
#6380=ORIENTED_EDGE('',*,*,#6996,.T.);
#6381=ORIENTED_EDGE('',*,*,#7014,.T.);
#6382=ORIENTED_EDGE('',*,*,#7019,.T.);
#6383=ORIENTED_EDGE('',*,*,#7879,.F.);
#6384=ORIENTED_EDGE('',*,*,#7877,.T.);
#6385=ORIENTED_EDGE('',*,*,#7786,.F.);
#6386=ORIENTED_EDGE('',*,*,#7873,.F.);
#6387=CARTESIAN_POINT('',(9.144,0.508,0.0));
#6388=DIRECTION('',(0.0,-1.0,0.0));
#6389=DIRECTION('',(0.0,0.0,-1.0));
#6390=SURFACE_STYLE_FILL_AREA(#7880);
#6391=ORIENTED_EDGE('',*,*,#7876,.T.);
#6392=ORIENTED_EDGE('',*,*,#7881,.F.);
#6393=ORIENTED_EDGE('',*,*,#7882,.T.);
#6394=ORIENTED_EDGE('',*,*,#7788,.F.);
#6395=CARTESIAN_POINT('',(12.954,0.0,0.0));
#6396=DIRECTION('',(0.0,1.0,0.0));
#6397=DIRECTION('',(0.0,0.0,1.0));
#6398=SURFACE_STYLE_FILL_AREA(#7883);
#6399=ORIENTED_EDGE('',*,*,#7884,.F.);
#6400=ORIENTED_EDGE('',*,*,#7885,.T.);
#6401=ORIENTED_EDGE('',*,*,#7789,.F.);
#6402=ORIENTED_EDGE('',*,*,#7882,.F.);
#6403=CARTESIAN_POINT('',(7.62,0.00800000000000001,0.0));
#6404=DIRECTION('',(-1.0,0.0,0.0));
#6405=DIRECTION('',(0.0,0.0,1.0));
#6406=SURFACE_STYLE_FILL_AREA(#7886);
#6407=ORIENTED_EDGE('',*,*,#7887,.F.);
#6408=ORIENTED_EDGE('',*,*,#7888,.F.);
#6409=ORIENTED_EDGE('',*,*,#7791,.F.);
#6410=ORIENTED_EDGE('',*,*,#7889,.F.);
#6411=CARTESIAN_POINT('',(5.588,0.00800000000000001,0.0));
#6412=DIRECTION('',(1.0,0.0,0.0));
#6413=DIRECTION('',(0.0,0.0,-1.0));
#6414=SURFACE_STYLE_FILL_AREA(#7890);
#6415=ORIENTED_EDGE('',*,*,#7028,.T.);
#6416=ORIENTED_EDGE('',*,*,#7021,.T.);
#6417=ORIENTED_EDGE('',*,*,#7039,.T.);
#6418=ORIENTED_EDGE('',*,*,#7044,.T.);
#6419=ORIENTED_EDGE('',*,*,#7053,.T.);
#6420=ORIENTED_EDGE('',*,*,#7046,.T.);
#6421=ORIENTED_EDGE('',*,*,#7064,.T.);
#6422=ORIENTED_EDGE('',*,*,#7069,.T.);
#6423=ORIENTED_EDGE('',*,*,#7891,.F.);
#6424=ORIENTED_EDGE('',*,*,#7889,.T.);
#6425=ORIENTED_EDGE('',*,*,#7790,.F.);
#6426=ORIENTED_EDGE('',*,*,#7885,.F.);
#6427=CARTESIAN_POINT('',(6.604,0.508,0.0));
#6428=DIRECTION('',(0.0,-1.0,0.0));
#6429=DIRECTION('',(0.0,0.0,-1.0));
#6430=SURFACE_STYLE_FILL_AREA(#7892);
#6431=ORIENTED_EDGE('',*,*,#7888,.T.);
#6432=ORIENTED_EDGE('',*,*,#7893,.F.);
#6433=ORIENTED_EDGE('',*,*,#7894,.T.);
#6434=ORIENTED_EDGE('',*,*,#7792,.F.);
#6435=CARTESIAN_POINT('',(12.954,0.0,0.0));
#6436=DIRECTION('',(0.0,1.0,0.0));
#6437=DIRECTION('',(0.0,0.0,1.0));
#6438=SURFACE_STYLE_FILL_AREA(#7895);
#6439=ORIENTED_EDGE('',*,*,#7896,.F.);
#6440=ORIENTED_EDGE('',*,*,#7897,.T.);
#6441=ORIENTED_EDGE('',*,*,#7793,.F.);
#6442=ORIENTED_EDGE('',*,*,#7894,.F.);
#6443=CARTESIAN_POINT('',(5.08,0.00800000000000001,0.0));
#6444=DIRECTION('',(-1.0,0.0,0.0));
#6445=DIRECTION('',(0.0,0.0,1.0));
#6446=SURFACE_STYLE_FILL_AREA(#7898);
#6447=ORIENTED_EDGE('',*,*,#7899,.F.);
#6448=ORIENTED_EDGE('',*,*,#7900,.F.);
#6449=ORIENTED_EDGE('',*,*,#7795,.F.);
#6450=ORIENTED_EDGE('',*,*,#7901,.F.);
#6451=CARTESIAN_POINT('',(3.048,0.00800000000000001,0.0));
#6452=DIRECTION('',(1.0,0.0,0.0));
#6453=DIRECTION('',(0.0,0.0,-1.0));
#6454=SURFACE_STYLE_FILL_AREA(#7902);
#6455=ORIENTED_EDGE('',*,*,#7078,.T.);
#6456=ORIENTED_EDGE('',*,*,#7071,.T.);
#6457=ORIENTED_EDGE('',*,*,#7089,.T.);
#6458=ORIENTED_EDGE('',*,*,#7094,.T.);
#6459=ORIENTED_EDGE('',*,*,#7103,.T.);
#6460=ORIENTED_EDGE('',*,*,#7096,.T.);
#6461=ORIENTED_EDGE('',*,*,#7114,.T.);
#6462=ORIENTED_EDGE('',*,*,#7119,.T.);
#6463=ORIENTED_EDGE('',*,*,#7903,.F.);
#6464=ORIENTED_EDGE('',*,*,#7901,.T.);
#6465=ORIENTED_EDGE('',*,*,#7794,.F.);
#6466=ORIENTED_EDGE('',*,*,#7897,.F.);
#6467=CARTESIAN_POINT('',(4.064,0.508,0.0));
#6468=DIRECTION('',(0.0,-1.0,0.0));
#6469=DIRECTION('',(0.0,0.0,-1.0));
#6470=SURFACE_STYLE_FILL_AREA(#7904);
#6471=ORIENTED_EDGE('',*,*,#7900,.T.);
#6472=ORIENTED_EDGE('',*,*,#7905,.F.);
#6473=ORIENTED_EDGE('',*,*,#7906,.T.);
#6474=ORIENTED_EDGE('',*,*,#7796,.F.);
#6475=CARTESIAN_POINT('',(12.954,0.0,0.0));
#6476=DIRECTION('',(0.0,1.0,0.0));
#6477=DIRECTION('',(0.0,0.0,1.0));
#6478=SURFACE_STYLE_FILL_AREA(#7907);
#6479=ORIENTED_EDGE('',*,*,#7908,.F.);
#6480=ORIENTED_EDGE('',*,*,#7909,.T.);
#6481=ORIENTED_EDGE('',*,*,#7797,.F.);
#6482=ORIENTED_EDGE('',*,*,#7906,.F.);
#6483=CARTESIAN_POINT('',(2.54,0.00800000000000001,0.0));
#6484=DIRECTION('',(-1.0,0.0,0.0));
#6485=DIRECTION('',(0.0,0.0,1.0));
#6486=SURFACE_STYLE_FILL_AREA(#7910);
#6487=ORIENTED_EDGE('',*,*,#7911,.F.);
#6488=ORIENTED_EDGE('',*,*,#7912,.F.);
#6489=ORIENTED_EDGE('',*,*,#7799,.F.);
#6490=ORIENTED_EDGE('',*,*,#7913,.F.);
#6491=CARTESIAN_POINT('',(0.508,0.00800000000000001,0.0));
#6492=DIRECTION('',(1.0,0.0,0.0));
#6493=DIRECTION('',(0.0,0.0,-1.0));
#6494=SURFACE_STYLE_FILL_AREA(#7914);
#6495=ORIENTED_EDGE('',*,*,#7128,.T.);
#6496=ORIENTED_EDGE('',*,*,#7121,.T.);
#6497=ORIENTED_EDGE('',*,*,#7139,.T.);
#6498=ORIENTED_EDGE('',*,*,#7144,.T.);
#6499=ORIENTED_EDGE('',*,*,#7153,.T.);
#6500=ORIENTED_EDGE('',*,*,#7146,.T.);
#6501=ORIENTED_EDGE('',*,*,#7164,.T.);
#6502=ORIENTED_EDGE('',*,*,#7169,.T.);
#6503=ORIENTED_EDGE('',*,*,#7915,.F.);
#6504=ORIENTED_EDGE('',*,*,#7913,.T.);
#6505=ORIENTED_EDGE('',*,*,#7798,.F.);
#6506=ORIENTED_EDGE('',*,*,#7909,.F.);
#6507=CARTESIAN_POINT('',(1.524,0.508,0.0));
#6508=DIRECTION('',(0.0,-1.0,0.0));
#6509=DIRECTION('',(0.0,0.0,-1.0));
#6510=SURFACE_STYLE_FILL_AREA(#7916);
#6511=ORIENTED_EDGE('',*,*,#7912,.T.);
#6512=ORIENTED_EDGE('',*,*,#7917,.F.);
#6513=ORIENTED_EDGE('',*,*,#7918,.T.);
#6514=ORIENTED_EDGE('',*,*,#7800,.F.);
#6515=CARTESIAN_POINT('',(12.954,0.0,0.0));
#6516=DIRECTION('',(0.0,1.0,0.0));
#6517=DIRECTION('',(0.0,0.0,1.0));
#6518=SURFACE_STYLE_FILL_AREA(#7919);
#6519=ORIENTED_EDGE('',*,*,#7751,.T.);
#6520=ORIENTED_EDGE('',*,*,#7810,.T.);
#6521=ORIENTED_EDGE('',*,*,#7920,.T.);
#6522=ORIENTED_EDGE('',*,*,#7921,.T.);
#6523=ORIENTED_EDGE('',*,*,#7922,.T.);
#6524=ORIENTED_EDGE('',*,*,#7917,.T.);
#6525=ORIENTED_EDGE('',*,*,#7911,.T.);
#6526=ORIENTED_EDGE('',*,*,#7915,.T.);
#6527=ORIENTED_EDGE('',*,*,#7908,.T.);
#6528=ORIENTED_EDGE('',*,*,#7905,.T.);
#6529=ORIENTED_EDGE('',*,*,#7899,.T.);
#6530=ORIENTED_EDGE('',*,*,#7903,.T.);
#6531=ORIENTED_EDGE('',*,*,#7896,.T.);
#6532=ORIENTED_EDGE('',*,*,#7893,.T.);
#6533=ORIENTED_EDGE('',*,*,#7887,.T.);
#6534=ORIENTED_EDGE('',*,*,#7891,.T.);
#6535=ORIENTED_EDGE('',*,*,#7884,.T.);
#6536=ORIENTED_EDGE('',*,*,#7881,.T.);
#6537=ORIENTED_EDGE('',*,*,#7875,.T.);
#6538=ORIENTED_EDGE('',*,*,#7879,.T.);
#6539=ORIENTED_EDGE('',*,*,#7872,.T.);
#6540=ORIENTED_EDGE('',*,*,#7869,.T.);
#6541=ORIENTED_EDGE('',*,*,#7863,.T.);
#6542=ORIENTED_EDGE('',*,*,#7867,.T.);
#6543=ORIENTED_EDGE('',*,*,#7860,.T.);
#6544=ORIENTED_EDGE('',*,*,#7857,.T.);
#6545=ORIENTED_EDGE('',*,*,#7851,.T.);
#6546=ORIENTED_EDGE('',*,*,#7855,.T.);
#6547=ORIENTED_EDGE('',*,*,#7848,.T.);
#6548=ORIENTED_EDGE('',*,*,#7845,.T.);
#6549=ORIENTED_EDGE('',*,*,#7839,.T.);
#6550=ORIENTED_EDGE('',*,*,#7843,.T.);
#6551=ORIENTED_EDGE('',*,*,#7836,.T.);
#6552=ORIENTED_EDGE('',*,*,#7833,.T.);
#6553=ORIENTED_EDGE('',*,*,#7827,.T.);
#6554=ORIENTED_EDGE('',*,*,#7831,.T.);
#6555=ORIENTED_EDGE('',*,*,#7824,.T.);
#6556=ORIENTED_EDGE('',*,*,#7821,.T.);
#6557=ORIENTED_EDGE('',*,*,#7815,.T.);
#6558=ORIENTED_EDGE('',*,*,#7819,.T.);
#6559=ORIENTED_EDGE('',*,*,#7812,.T.);
#6560=ORIENTED_EDGE('',*,*,#7806,.T.);
#6561=ORIENTED_EDGE('',*,*,#7756,.T.);
#6562=ORIENTED_EDGE('',*,*,#7761,.T.);
#6563=CARTESIAN_POINT('',(12.954,4.2545,2.4765));
#6564=DIRECTION('',(0.0,0.0,1.0));
#6565=DIRECTION('',(1.0,0.0,0.0));
#6566=SURFACE_STYLE_FILL_AREA(#7923);
#6567=ORIENTED_EDGE('',*,*,#7924,.T.);
#6568=ORIENTED_EDGE('',*,*,#7801,.F.);
#6569=ORIENTED_EDGE('',*,*,#7918,.F.);
#6570=ORIENTED_EDGE('',*,*,#7922,.F.);
#6571=CARTESIAN_POINT('',(0.0,4.2545,0.0));
#6572=DIRECTION('',(1.0,0.0,0.0));
#6573=DIRECTION('',(0.0,0.0,-1.0));
#6574=SURFACE_STYLE_FILL_AREA(#7925);
#6575=ORIENTED_EDGE('',*,*,#7172,.T.);
#6576=ORIENTED_EDGE('',*,*,#7182,.T.);
#6577=ORIENTED_EDGE('',*,*,#7185,.T.);
#6578=ORIENTED_EDGE('',*,*,#7176,.T.);
#6579=ORIENTED_EDGE('',*,*,#7201,.T.);
#6580=ORIENTED_EDGE('',*,*,#7211,.T.);
#6581=ORIENTED_EDGE('',*,*,#7214,.T.);
#6582=ORIENTED_EDGE('',*,*,#7205,.T.);
#6583=ORIENTED_EDGE('',*,*,#7230,.T.);
#6584=ORIENTED_EDGE('',*,*,#7240,.T.);
#6585=ORIENTED_EDGE('',*,*,#7243,.T.);
#6586=ORIENTED_EDGE('',*,*,#7234,.T.);
#6587=ORIENTED_EDGE('',*,*,#7259,.T.);
#6588=ORIENTED_EDGE('',*,*,#7269,.T.);
#6589=ORIENTED_EDGE('',*,*,#7272,.T.);
#6590=ORIENTED_EDGE('',*,*,#7263,.T.);
#6591=ORIENTED_EDGE('',*,*,#7288,.T.);
#6592=ORIENTED_EDGE('',*,*,#7298,.T.);
#6593=ORIENTED_EDGE('',*,*,#7301,.T.);
#6594=ORIENTED_EDGE('',*,*,#7292,.T.);
#6595=ORIENTED_EDGE('',*,*,#7317,.T.);
#6596=ORIENTED_EDGE('',*,*,#7327,.T.);
#6597=ORIENTED_EDGE('',*,*,#7330,.T.);
#6598=ORIENTED_EDGE('',*,*,#7321,.T.);
#6599=ORIENTED_EDGE('',*,*,#7346,.T.);
#6600=ORIENTED_EDGE('',*,*,#7356,.T.);
#6601=ORIENTED_EDGE('',*,*,#7359,.T.);
#6602=ORIENTED_EDGE('',*,*,#7350,.T.);
#6603=ORIENTED_EDGE('',*,*,#7375,.T.);
#6604=ORIENTED_EDGE('',*,*,#7385,.T.);
#6605=ORIENTED_EDGE('',*,*,#7388,.T.);
#6606=ORIENTED_EDGE('',*,*,#7379,.T.);
#6607=ORIENTED_EDGE('',*,*,#7404,.T.);
#6608=ORIENTED_EDGE('',*,*,#7414,.T.);
#6609=ORIENTED_EDGE('',*,*,#7417,.T.);
#6610=ORIENTED_EDGE('',*,*,#7408,.T.);
#6611=ORIENTED_EDGE('',*,*,#7433,.T.);
#6612=ORIENTED_EDGE('',*,*,#7443,.T.);
#6613=ORIENTED_EDGE('',*,*,#7446,.T.);
#6614=ORIENTED_EDGE('',*,*,#7437,.T.);
#6615=ORIENTED_EDGE('',*,*,#7462,.T.);
#6616=ORIENTED_EDGE('',*,*,#7472,.T.);
#6617=ORIENTED_EDGE('',*,*,#7475,.T.);
#6618=ORIENTED_EDGE('',*,*,#7466,.T.);
#6619=ORIENTED_EDGE('',*,*,#7491,.T.);
#6620=ORIENTED_EDGE('',*,*,#7501,.T.);
#6621=ORIENTED_EDGE('',*,*,#7504,.T.);
#6622=ORIENTED_EDGE('',*,*,#7495,.T.);
#6623=ORIENTED_EDGE('',*,*,#7520,.T.);
#6624=ORIENTED_EDGE('',*,*,#7530,.T.);
#6625=ORIENTED_EDGE('',*,*,#7533,.T.);
#6626=ORIENTED_EDGE('',*,*,#7524,.T.);
#6627=ORIENTED_EDGE('',*,*,#7549,.T.);
#6628=ORIENTED_EDGE('',*,*,#7559,.T.);
#6629=ORIENTED_EDGE('',*,*,#7562,.T.);
#6630=ORIENTED_EDGE('',*,*,#7553,.T.);
#6631=ORIENTED_EDGE('',*,*,#7578,.T.);
#6632=ORIENTED_EDGE('',*,*,#7588,.T.);
#6633=ORIENTED_EDGE('',*,*,#7591,.T.);
#6634=ORIENTED_EDGE('',*,*,#7582,.T.);
#6635=ORIENTED_EDGE('',*,*,#7607,.T.);
#6636=ORIENTED_EDGE('',*,*,#7617,.T.);
#6637=ORIENTED_EDGE('',*,*,#7620,.T.);
#6638=ORIENTED_EDGE('',*,*,#7611,.T.);
#6639=ORIENTED_EDGE('',*,*,#7636,.T.);
#6640=ORIENTED_EDGE('',*,*,#7646,.T.);
#6641=ORIENTED_EDGE('',*,*,#7649,.T.);
#6642=ORIENTED_EDGE('',*,*,#7640,.T.);
#6643=ORIENTED_EDGE('',*,*,#7665,.T.);
#6644=ORIENTED_EDGE('',*,*,#7675,.T.);
#6645=ORIENTED_EDGE('',*,*,#7678,.T.);
#6646=ORIENTED_EDGE('',*,*,#7669,.T.);
#6647=ORIENTED_EDGE('',*,*,#7694,.T.);
#6648=ORIENTED_EDGE('',*,*,#7704,.T.);
#6649=ORIENTED_EDGE('',*,*,#7707,.T.);
#6650=ORIENTED_EDGE('',*,*,#7698,.T.);
#6651=ORIENTED_EDGE('',*,*,#7723,.T.);
#6652=ORIENTED_EDGE('',*,*,#7733,.T.);
#6653=ORIENTED_EDGE('',*,*,#7736,.T.);
#6654=ORIENTED_EDGE('',*,*,#7727,.T.);
#6655=ORIENTED_EDGE('',*,*,#7926,.T.);
#6656=ORIENTED_EDGE('',*,*,#7802,.F.);
#6657=ORIENTED_EDGE('',*,*,#7924,.F.);
#6658=ORIENTED_EDGE('',*,*,#7921,.F.);
#6659=CARTESIAN_POINT('',(12.954,8.509,0.0));
#6660=DIRECTION('',(0.0,-1.0,0.0));
#6661=DIRECTION('',(0.0,0.0,-1.0));
#6662=SURFACE_STYLE_FILL_AREA(#7927);
#6663=ORIENTED_EDGE('',*,*,#7809,.T.);
#6664=ORIENTED_EDGE('',*,*,#7803,.F.);
#6665=ORIENTED_EDGE('',*,*,#7926,.F.);
#6666=ORIENTED_EDGE('',*,*,#7920,.F.);
#6667=CARTESIAN_POINT('',(25.908,4.2545,0.0));
#6668=DIRECTION('',(-1.0,0.0,0.0));
#6669=DIRECTION('',(0.0,0.0,1.0));
#6670=FILL_AREA_STYLE('',(#7928));
#6671=EDGE_CURVE('',#7929,#7930,#7931,.T.);
#6672=EDGE_CURVE('',#7932,#7929,#7933,.T.);
#6673=EDGE_CURVE('',#7934,#7932,#7935,.T.);
#6674=EDGE_CURVE('',#7936,#7934,#7937,.T.);
#6675=EDGE_CURVE('',#7936,#7938,#7939,.T.);
#6676=EDGE_CURVE('',#7938,#7930,#7940,.T.);
#6677=FILL_AREA_STYLE('',(#7941));
#6678=EDGE_CURVE('',#7942,#7929,#7943,.T.);
#6679=EDGE_CURVE('',#7942,#7944,#7945,.T.);
#6680=EDGE_CURVE('',#7932,#7944,#7946,.T.);
#6681=FILL_AREA_STYLE('',(#7947));
#6682=EDGE_CURVE('',#7948,#7949,#7950,.T.);
#6683=EDGE_CURVE('',#7936,#7949,#7951,.T.);
#6684=EDGE_CURVE('',#7934,#7948,#7952,.T.);
#6685=FILL_AREA_STYLE('',(#7953));
#6686=EDGE_CURVE('',#7949,#7954,#7955,.T.);
#6687=EDGE_CURVE('',#7938,#7954,#7956,.T.);
#6688=FILL_AREA_STYLE('',(#7957));
#6689=EDGE_CURVE('',#7930,#7958,#7959,.T.);
#6690=EDGE_CURVE('',#7954,#7958,#7960,.T.);
#6691=FILL_AREA_STYLE('',(#7961));
#6692=EDGE_CURVE('',#7944,#7948,#7962,.T.);
#6693=FILL_AREA_STYLE('',(#7963));
#6694=EDGE_CURVE('',#7958,#7942,#7964,.T.);
#6695=FILL_AREA_STYLE('',(#7965));
#6696=EDGE_CURVE('',#7966,#7967,#7968,.T.);
#6697=EDGE_CURVE('',#7969,#7966,#7970,.T.);
#6698=EDGE_CURVE('',#7971,#7969,#7972,.T.);
#6699=EDGE_CURVE('',#7973,#7971,#7974,.T.);
#6700=EDGE_CURVE('',#7973,#7975,#7976,.T.);
#6701=EDGE_CURVE('',#7975,#7967,#7977,.T.);
#6702=FILL_AREA_STYLE('',(#7978));
#6703=EDGE_CURVE('',#7979,#7966,#7980,.T.);
#6704=EDGE_CURVE('',#7979,#7981,#7982,.T.);
#6705=EDGE_CURVE('',#7969,#7981,#7983,.T.);
#6706=FILL_AREA_STYLE('',(#7984));
#6707=EDGE_CURVE('',#7985,#7986,#7987,.T.);
#6708=EDGE_CURVE('',#7973,#7986,#7988,.T.);
#6709=EDGE_CURVE('',#7971,#7985,#7989,.T.);
#6710=FILL_AREA_STYLE('',(#7990));
#6711=EDGE_CURVE('',#7986,#7991,#7992,.T.);
#6712=EDGE_CURVE('',#7975,#7991,#7993,.T.);
#6713=FILL_AREA_STYLE('',(#7994));
#6714=EDGE_CURVE('',#7967,#7995,#7996,.T.);
#6715=EDGE_CURVE('',#7991,#7995,#7997,.T.);
#6716=FILL_AREA_STYLE('',(#7998));
#6717=EDGE_CURVE('',#7981,#7985,#7999,.T.);
#6718=FILL_AREA_STYLE('',(#8000));
#6719=EDGE_CURVE('',#7995,#7979,#8001,.T.);
#6720=FILL_AREA_STYLE('',(#8002));
#6721=EDGE_CURVE('',#8003,#8004,#8005,.T.);
#6722=EDGE_CURVE('',#8006,#8003,#8007,.T.);
#6723=EDGE_CURVE('',#8008,#8006,#8009,.T.);
#6724=EDGE_CURVE('',#8010,#8008,#8011,.T.);
#6725=EDGE_CURVE('',#8010,#8012,#8013,.T.);
#6726=EDGE_CURVE('',#8012,#8004,#8014,.T.);
#6727=FILL_AREA_STYLE('',(#8015));
#6728=EDGE_CURVE('',#8016,#8003,#8017,.T.);
#6729=EDGE_CURVE('',#8016,#8018,#8019,.T.);
#6730=EDGE_CURVE('',#8006,#8018,#8020,.T.);
#6731=FILL_AREA_STYLE('',(#8021));
#6732=EDGE_CURVE('',#8022,#8023,#8024,.T.);
#6733=EDGE_CURVE('',#8010,#8023,#8025,.T.);
#6734=EDGE_CURVE('',#8008,#8022,#8026,.T.);
#6735=FILL_AREA_STYLE('',(#8027));
#6736=EDGE_CURVE('',#8023,#8028,#8029,.T.);
#6737=EDGE_CURVE('',#8012,#8028,#8030,.T.);
#6738=FILL_AREA_STYLE('',(#8031));
#6739=EDGE_CURVE('',#8004,#8032,#8033,.T.);
#6740=EDGE_CURVE('',#8028,#8032,#8034,.T.);
#6741=FILL_AREA_STYLE('',(#8035));
#6742=EDGE_CURVE('',#8018,#8022,#8036,.T.);
#6743=FILL_AREA_STYLE('',(#8037));
#6744=EDGE_CURVE('',#8032,#8016,#8038,.T.);
#6745=FILL_AREA_STYLE('',(#8039));
#6746=EDGE_CURVE('',#8040,#8041,#8042,.T.);
#6747=EDGE_CURVE('',#8043,#8040,#8044,.T.);
#6748=EDGE_CURVE('',#8045,#8043,#8046,.T.);
#6749=EDGE_CURVE('',#8047,#8045,#8048,.T.);
#6750=EDGE_CURVE('',#8047,#8049,#8050,.T.);
#6751=EDGE_CURVE('',#8049,#8041,#8051,.T.);
#6752=FILL_AREA_STYLE('',(#8052));
#6753=EDGE_CURVE('',#8053,#8040,#8054,.T.);
#6754=EDGE_CURVE('',#8053,#8055,#8056,.T.);
#6755=EDGE_CURVE('',#8043,#8055,#8057,.T.);
#6756=FILL_AREA_STYLE('',(#8058));
#6757=EDGE_CURVE('',#8059,#8060,#8061,.T.);
#6758=EDGE_CURVE('',#8047,#8060,#8062,.T.);
#6759=EDGE_CURVE('',#8045,#8059,#8063,.T.);
#6760=FILL_AREA_STYLE('',(#8064));
#6761=EDGE_CURVE('',#8060,#8065,#8066,.T.);
#6762=EDGE_CURVE('',#8049,#8065,#8067,.T.);
#6763=FILL_AREA_STYLE('',(#8068));
#6764=EDGE_CURVE('',#8041,#8069,#8070,.T.);
#6765=EDGE_CURVE('',#8065,#8069,#8071,.T.);
#6766=FILL_AREA_STYLE('',(#8072));
#6767=EDGE_CURVE('',#8055,#8059,#8073,.T.);
#6768=FILL_AREA_STYLE('',(#8074));
#6769=EDGE_CURVE('',#8069,#8053,#8075,.T.);
#6770=FILL_AREA_STYLE('',(#8076));
#6771=EDGE_CURVE('',#8077,#8078,#8079,.T.);
#6772=EDGE_CURVE('',#8080,#8077,#8081,.T.);
#6773=EDGE_CURVE('',#8082,#8080,#8083,.T.);
#6774=EDGE_CURVE('',#8084,#8082,#8085,.T.);
#6775=EDGE_CURVE('',#8084,#8086,#8087,.T.);
#6776=EDGE_CURVE('',#8086,#8078,#8088,.T.);
#6777=FILL_AREA_STYLE('',(#8089));
#6778=EDGE_CURVE('',#8090,#8077,#8091,.T.);
#6779=EDGE_CURVE('',#8090,#8092,#8093,.T.);
#6780=EDGE_CURVE('',#8080,#8092,#8094,.T.);
#6781=FILL_AREA_STYLE('',(#8095));
#6782=EDGE_CURVE('',#8096,#8097,#8098,.T.);
#6783=EDGE_CURVE('',#8084,#8097,#8099,.T.);
#6784=EDGE_CURVE('',#8082,#8096,#8100,.T.);
#6785=FILL_AREA_STYLE('',(#8101));
#6786=EDGE_CURVE('',#8097,#8102,#8103,.T.);
#6787=EDGE_CURVE('',#8086,#8102,#8104,.T.);
#6788=FILL_AREA_STYLE('',(#8105));
#6789=EDGE_CURVE('',#8078,#8106,#8107,.T.);
#6790=EDGE_CURVE('',#8102,#8106,#8108,.T.);
#6791=FILL_AREA_STYLE('',(#8109));
#6792=EDGE_CURVE('',#8092,#8096,#8110,.T.);
#6793=FILL_AREA_STYLE('',(#8111));
#6794=EDGE_CURVE('',#8106,#8090,#8112,.T.);
#6795=FILL_AREA_STYLE('',(#8113));
#6796=EDGE_CURVE('',#8114,#8115,#8116,.T.);
#6797=EDGE_CURVE('',#8117,#8114,#8118,.T.);
#6798=EDGE_CURVE('',#8119,#8117,#8120,.T.);
#6799=EDGE_CURVE('',#8121,#8119,#8122,.T.);
#6800=EDGE_CURVE('',#8121,#8123,#8124,.T.);
#6801=EDGE_CURVE('',#8123,#8115,#8125,.T.);
#6802=FILL_AREA_STYLE('',(#8126));
#6803=EDGE_CURVE('',#8127,#8114,#8128,.T.);
#6804=EDGE_CURVE('',#8127,#8129,#8130,.T.);
#6805=EDGE_CURVE('',#8117,#8129,#8131,.T.);
#6806=FILL_AREA_STYLE('',(#8132));
#6807=EDGE_CURVE('',#8133,#8134,#8135,.T.);
#6808=EDGE_CURVE('',#8121,#8134,#8136,.T.);
#6809=EDGE_CURVE('',#8119,#8133,#8137,.T.);
#6810=FILL_AREA_STYLE('',(#8138));
#6811=EDGE_CURVE('',#8134,#8139,#8140,.T.);
#6812=EDGE_CURVE('',#8123,#8139,#8141,.T.);
#6813=FILL_AREA_STYLE('',(#8142));
#6814=EDGE_CURVE('',#8115,#8143,#8144,.T.);
#6815=EDGE_CURVE('',#8139,#8143,#8145,.T.);
#6816=FILL_AREA_STYLE('',(#8146));
#6817=EDGE_CURVE('',#8129,#8133,#8147,.T.);
#6818=FILL_AREA_STYLE('',(#8148));
#6819=EDGE_CURVE('',#8143,#8127,#8149,.T.);
#6820=FILL_AREA_STYLE('',(#8150));
#6821=EDGE_CURVE('',#8151,#8152,#8153,.T.);
#6822=EDGE_CURVE('',#8154,#8151,#8155,.T.);
#6823=EDGE_CURVE('',#8156,#8154,#8157,.T.);
#6824=EDGE_CURVE('',#8158,#8156,#8159,.T.);
#6825=EDGE_CURVE('',#8158,#8160,#8161,.T.);
#6826=EDGE_CURVE('',#8160,#8152,#8162,.T.);
#6827=FILL_AREA_STYLE('',(#8163));
#6828=EDGE_CURVE('',#8164,#8151,#8165,.T.);
#6829=EDGE_CURVE('',#8164,#8166,#8167,.T.);
#6830=EDGE_CURVE('',#8154,#8166,#8168,.T.);
#6831=FILL_AREA_STYLE('',(#8169));
#6832=EDGE_CURVE('',#8170,#8171,#8172,.T.);
#6833=EDGE_CURVE('',#8158,#8171,#8173,.T.);
#6834=EDGE_CURVE('',#8156,#8170,#8174,.T.);
#6835=FILL_AREA_STYLE('',(#8175));
#6836=EDGE_CURVE('',#8171,#8176,#8177,.T.);
#6837=EDGE_CURVE('',#8160,#8176,#8178,.T.);
#6838=FILL_AREA_STYLE('',(#8179));
#6839=EDGE_CURVE('',#8152,#8180,#8181,.T.);
#6840=EDGE_CURVE('',#8176,#8180,#8182,.T.);
#6841=FILL_AREA_STYLE('',(#8183));
#6842=EDGE_CURVE('',#8166,#8170,#8184,.T.);
#6843=FILL_AREA_STYLE('',(#8185));
#6844=EDGE_CURVE('',#8180,#8164,#8186,.T.);
#6845=FILL_AREA_STYLE('',(#8187));
#6846=EDGE_CURVE('',#8188,#8189,#8190,.T.);
#6847=EDGE_CURVE('',#8191,#8188,#8192,.T.);
#6848=EDGE_CURVE('',#8193,#8191,#8194,.T.);
#6849=EDGE_CURVE('',#8195,#8193,#8196,.T.);
#6850=EDGE_CURVE('',#8195,#8197,#8198,.T.);
#6851=EDGE_CURVE('',#8197,#8189,#8199,.T.);
#6852=FILL_AREA_STYLE('',(#8200));
#6853=EDGE_CURVE('',#8201,#8188,#8202,.T.);
#6854=EDGE_CURVE('',#8201,#8203,#8204,.T.);
#6855=EDGE_CURVE('',#8191,#8203,#8205,.T.);
#6856=FILL_AREA_STYLE('',(#8206));
#6857=EDGE_CURVE('',#8207,#8208,#8209,.T.);
#6858=EDGE_CURVE('',#8195,#8208,#8210,.T.);
#6859=EDGE_CURVE('',#8193,#8207,#8211,.T.);
#6860=FILL_AREA_STYLE('',(#8212));
#6861=EDGE_CURVE('',#8208,#8213,#8214,.T.);
#6862=EDGE_CURVE('',#8197,#8213,#8215,.T.);
#6863=FILL_AREA_STYLE('',(#8216));
#6864=EDGE_CURVE('',#8189,#8217,#8218,.T.);
#6865=EDGE_CURVE('',#8213,#8217,#8219,.T.);
#6866=FILL_AREA_STYLE('',(#8220));
#6867=EDGE_CURVE('',#8203,#8207,#8221,.T.);
#6868=FILL_AREA_STYLE('',(#8222));
#6869=EDGE_CURVE('',#8217,#8201,#8223,.T.);
#6870=FILL_AREA_STYLE('',(#8224));
#6871=EDGE_CURVE('',#8225,#8226,#8227,.T.);
#6872=EDGE_CURVE('',#8228,#8225,#8229,.T.);
#6873=EDGE_CURVE('',#8230,#8228,#8231,.T.);
#6874=EDGE_CURVE('',#8232,#8230,#8233,.T.);
#6875=EDGE_CURVE('',#8232,#8234,#8235,.T.);
#6876=EDGE_CURVE('',#8234,#8226,#8236,.T.);
#6877=FILL_AREA_STYLE('',(#8237));
#6878=EDGE_CURVE('',#8238,#8225,#8239,.T.);
#6879=EDGE_CURVE('',#8238,#8240,#8241,.T.);
#6880=EDGE_CURVE('',#8228,#8240,#8242,.T.);
#6881=FILL_AREA_STYLE('',(#8243));
#6882=EDGE_CURVE('',#8244,#8245,#8246,.T.);
#6883=EDGE_CURVE('',#8232,#8245,#8247,.T.);
#6884=EDGE_CURVE('',#8230,#8244,#8248,.T.);
#6885=FILL_AREA_STYLE('',(#8249));
#6886=EDGE_CURVE('',#8245,#8250,#8251,.T.);
#6887=EDGE_CURVE('',#8234,#8250,#8252,.T.);
#6888=FILL_AREA_STYLE('',(#8253));
#6889=EDGE_CURVE('',#8226,#8254,#8255,.T.);
#6890=EDGE_CURVE('',#8250,#8254,#8256,.T.);
#6891=FILL_AREA_STYLE('',(#8257));
#6892=EDGE_CURVE('',#8240,#8244,#8258,.T.);
#6893=FILL_AREA_STYLE('',(#8259));
#6894=EDGE_CURVE('',#8254,#8238,#8260,.T.);
#6895=FILL_AREA_STYLE('',(#8261));
#6896=EDGE_CURVE('',#8262,#8263,#8264,.T.);
#6897=EDGE_CURVE('',#8265,#8262,#8266,.T.);
#6898=EDGE_CURVE('',#8267,#8265,#8268,.T.);
#6899=EDGE_CURVE('',#8269,#8267,#8270,.T.);
#6900=EDGE_CURVE('',#8269,#8271,#8272,.T.);
#6901=EDGE_CURVE('',#8271,#8263,#8273,.T.);
#6902=FILL_AREA_STYLE('',(#8274));
#6903=EDGE_CURVE('',#8275,#8262,#8276,.T.);
#6904=EDGE_CURVE('',#8275,#8277,#8278,.T.);
#6905=EDGE_CURVE('',#8265,#8277,#8279,.T.);
#6906=FILL_AREA_STYLE('',(#8280));
#6907=EDGE_CURVE('',#8281,#8282,#8283,.T.);
#6908=EDGE_CURVE('',#8269,#8282,#8284,.T.);
#6909=EDGE_CURVE('',#8267,#8281,#8285,.T.);
#6910=FILL_AREA_STYLE('',(#8286));
#6911=EDGE_CURVE('',#8282,#8287,#8288,.T.);
#6912=EDGE_CURVE('',#8271,#8287,#8289,.T.);
#6913=FILL_AREA_STYLE('',(#8290));
#6914=EDGE_CURVE('',#8263,#8291,#8292,.T.);
#6915=EDGE_CURVE('',#8287,#8291,#8293,.T.);
#6916=FILL_AREA_STYLE('',(#8294));
#6917=EDGE_CURVE('',#8277,#8281,#8295,.T.);
#6918=FILL_AREA_STYLE('',(#8296));
#6919=EDGE_CURVE('',#8291,#8275,#8297,.T.);
#6920=FILL_AREA_STYLE('',(#8298));
#6921=EDGE_CURVE('',#8299,#8300,#8301,.T.);
#6922=EDGE_CURVE('',#8302,#8299,#8303,.T.);
#6923=EDGE_CURVE('',#8304,#8302,#8305,.T.);
#6924=EDGE_CURVE('',#8306,#8304,#8307,.T.);
#6925=EDGE_CURVE('',#8306,#8308,#8309,.T.);
#6926=EDGE_CURVE('',#8308,#8300,#8310,.T.);
#6927=FILL_AREA_STYLE('',(#8311));
#6928=EDGE_CURVE('',#8312,#8299,#8313,.T.);
#6929=EDGE_CURVE('',#8312,#8314,#8315,.T.);
#6930=EDGE_CURVE('',#8302,#8314,#8316,.T.);
#6931=FILL_AREA_STYLE('',(#8317));
#6932=EDGE_CURVE('',#8318,#8319,#8320,.T.);
#6933=EDGE_CURVE('',#8306,#8319,#8321,.T.);
#6934=EDGE_CURVE('',#8304,#8318,#8322,.T.);
#6935=FILL_AREA_STYLE('',(#8323));
#6936=EDGE_CURVE('',#8319,#8324,#8325,.T.);
#6937=EDGE_CURVE('',#8308,#8324,#8326,.T.);
#6938=FILL_AREA_STYLE('',(#8327));
#6939=EDGE_CURVE('',#8300,#8328,#8329,.T.);
#6940=EDGE_CURVE('',#8324,#8328,#8330,.T.);
#6941=FILL_AREA_STYLE('',(#8331));
#6942=EDGE_CURVE('',#8314,#8318,#8332,.T.);
#6943=FILL_AREA_STYLE('',(#8333));
#6944=EDGE_CURVE('',#8328,#8312,#8334,.T.);
#6945=FILL_AREA_STYLE('',(#8335));
#6946=EDGE_CURVE('',#8336,#8337,#8338,.T.);
#6947=EDGE_CURVE('',#8339,#8336,#8340,.T.);
#6948=EDGE_CURVE('',#8341,#8339,#8342,.T.);
#6949=EDGE_CURVE('',#8343,#8341,#8344,.T.);
#6950=EDGE_CURVE('',#8343,#8345,#8346,.T.);
#6951=EDGE_CURVE('',#8345,#8337,#8347,.T.);
#6952=FILL_AREA_STYLE('',(#8348));
#6953=EDGE_CURVE('',#8349,#8336,#8350,.T.);
#6954=EDGE_CURVE('',#8349,#8351,#8352,.T.);
#6955=EDGE_CURVE('',#8339,#8351,#8353,.T.);
#6956=FILL_AREA_STYLE('',(#8354));
#6957=EDGE_CURVE('',#8355,#8356,#8357,.T.);
#6958=EDGE_CURVE('',#8343,#8356,#8358,.T.);
#6959=EDGE_CURVE('',#8341,#8355,#8359,.T.);
#6960=FILL_AREA_STYLE('',(#8360));
#6961=EDGE_CURVE('',#8356,#8361,#8362,.T.);
#6962=EDGE_CURVE('',#8345,#8361,#8363,.T.);
#6963=FILL_AREA_STYLE('',(#8364));
#6964=EDGE_CURVE('',#8337,#8365,#8366,.T.);
#6965=EDGE_CURVE('',#8361,#8365,#8367,.T.);
#6966=FILL_AREA_STYLE('',(#8368));
#6967=EDGE_CURVE('',#8351,#8355,#8369,.T.);
#6968=FILL_AREA_STYLE('',(#8370));
#6969=EDGE_CURVE('',#8365,#8349,#8371,.T.);
#6970=FILL_AREA_STYLE('',(#8372));
#6971=EDGE_CURVE('',#8373,#8374,#8375,.T.);
#6972=EDGE_CURVE('',#8376,#8373,#8377,.T.);
#6973=EDGE_CURVE('',#8378,#8376,#8379,.T.);
#6974=EDGE_CURVE('',#8380,#8378,#8381,.T.);
#6975=EDGE_CURVE('',#8380,#8382,#8383,.T.);
#6976=EDGE_CURVE('',#8382,#8374,#8384,.T.);
#6977=FILL_AREA_STYLE('',(#8385));
#6978=EDGE_CURVE('',#8386,#8373,#8387,.T.);
#6979=EDGE_CURVE('',#8386,#8388,#8389,.T.);
#6980=EDGE_CURVE('',#8376,#8388,#8390,.T.);
#6981=FILL_AREA_STYLE('',(#8391));
#6982=EDGE_CURVE('',#8392,#8393,#8394,.T.);
#6983=EDGE_CURVE('',#8380,#8393,#8395,.T.);
#6984=EDGE_CURVE('',#8378,#8392,#8396,.T.);
#6985=FILL_AREA_STYLE('',(#8397));
#6986=EDGE_CURVE('',#8393,#8398,#8399,.T.);
#6987=EDGE_CURVE('',#8382,#8398,#8400,.T.);
#6988=FILL_AREA_STYLE('',(#8401));
#6989=EDGE_CURVE('',#8374,#8402,#8403,.T.);
#6990=EDGE_CURVE('',#8398,#8402,#8404,.T.);
#6991=FILL_AREA_STYLE('',(#8405));
#6992=EDGE_CURVE('',#8388,#8392,#8406,.T.);
#6993=FILL_AREA_STYLE('',(#8407));
#6994=EDGE_CURVE('',#8402,#8386,#8408,.T.);
#6995=FILL_AREA_STYLE('',(#8409));
#6996=EDGE_CURVE('',#8410,#8411,#8412,.T.);
#6997=EDGE_CURVE('',#8413,#8410,#8414,.T.);
#6998=EDGE_CURVE('',#8415,#8413,#8416,.T.);
#6999=EDGE_CURVE('',#8417,#8415,#8418,.T.);
#7000=EDGE_CURVE('',#8417,#8419,#8420,.T.);
#7001=EDGE_CURVE('',#8419,#8411,#8421,.T.);
#7002=FILL_AREA_STYLE('',(#8422));
#7003=EDGE_CURVE('',#8423,#8410,#8424,.T.);
#7004=EDGE_CURVE('',#8423,#8425,#8426,.T.);
#7005=EDGE_CURVE('',#8413,#8425,#8427,.T.);
#7006=FILL_AREA_STYLE('',(#8428));
#7007=EDGE_CURVE('',#8429,#8430,#8431,.T.);
#7008=EDGE_CURVE('',#8417,#8430,#8432,.T.);
#7009=EDGE_CURVE('',#8415,#8429,#8433,.T.);
#7010=FILL_AREA_STYLE('',(#8434));
#7011=EDGE_CURVE('',#8430,#8435,#8436,.T.);
#7012=EDGE_CURVE('',#8419,#8435,#8437,.T.);
#7013=FILL_AREA_STYLE('',(#8438));
#7014=EDGE_CURVE('',#8411,#8439,#8440,.T.);
#7015=EDGE_CURVE('',#8435,#8439,#8441,.T.);
#7016=FILL_AREA_STYLE('',(#8442));
#7017=EDGE_CURVE('',#8425,#8429,#8443,.T.);
#7018=FILL_AREA_STYLE('',(#8444));
#7019=EDGE_CURVE('',#8439,#8423,#8445,.T.);
#7020=FILL_AREA_STYLE('',(#8446));
#7021=EDGE_CURVE('',#8447,#8448,#8449,.T.);
#7022=EDGE_CURVE('',#8450,#8447,#8451,.T.);
#7023=EDGE_CURVE('',#8452,#8450,#8453,.T.);
#7024=EDGE_CURVE('',#8454,#8452,#8455,.T.);
#7025=EDGE_CURVE('',#8454,#8456,#8457,.T.);
#7026=EDGE_CURVE('',#8456,#8448,#8458,.T.);
#7027=FILL_AREA_STYLE('',(#8459));
#7028=EDGE_CURVE('',#8460,#8447,#8461,.T.);
#7029=EDGE_CURVE('',#8460,#8462,#8463,.T.);
#7030=EDGE_CURVE('',#8450,#8462,#8464,.T.);
#7031=FILL_AREA_STYLE('',(#8465));
#7032=EDGE_CURVE('',#8466,#8467,#8468,.T.);
#7033=EDGE_CURVE('',#8454,#8467,#8469,.T.);
#7034=EDGE_CURVE('',#8452,#8466,#8470,.T.);
#7035=FILL_AREA_STYLE('',(#8471));
#7036=EDGE_CURVE('',#8467,#8472,#8473,.T.);
#7037=EDGE_CURVE('',#8456,#8472,#8474,.T.);
#7038=FILL_AREA_STYLE('',(#8475));
#7039=EDGE_CURVE('',#8448,#8476,#8477,.T.);
#7040=EDGE_CURVE('',#8472,#8476,#8478,.T.);
#7041=FILL_AREA_STYLE('',(#8479));
#7042=EDGE_CURVE('',#8462,#8466,#8480,.T.);
#7043=FILL_AREA_STYLE('',(#8481));
#7044=EDGE_CURVE('',#8476,#8460,#8482,.T.);
#7045=FILL_AREA_STYLE('',(#8483));
#7046=EDGE_CURVE('',#8484,#8485,#8486,.T.);
#7047=EDGE_CURVE('',#8487,#8484,#8488,.T.);
#7048=EDGE_CURVE('',#8489,#8487,#8490,.T.);
#7049=EDGE_CURVE('',#8491,#8489,#8492,.T.);
#7050=EDGE_CURVE('',#8491,#8493,#8494,.T.);
#7051=EDGE_CURVE('',#8493,#8485,#8495,.T.);
#7052=FILL_AREA_STYLE('',(#8496));
#7053=EDGE_CURVE('',#8497,#8484,#8498,.T.);
#7054=EDGE_CURVE('',#8497,#8499,#8500,.T.);
#7055=EDGE_CURVE('',#8487,#8499,#8501,.T.);
#7056=FILL_AREA_STYLE('',(#8502));
#7057=EDGE_CURVE('',#8503,#8504,#8505,.T.);
#7058=EDGE_CURVE('',#8491,#8504,#8506,.T.);
#7059=EDGE_CURVE('',#8489,#8503,#8507,.T.);
#7060=FILL_AREA_STYLE('',(#8508));
#7061=EDGE_CURVE('',#8504,#8509,#8510,.T.);
#7062=EDGE_CURVE('',#8493,#8509,#8511,.T.);
#7063=FILL_AREA_STYLE('',(#8512));
#7064=EDGE_CURVE('',#8485,#8513,#8514,.T.);
#7065=EDGE_CURVE('',#8509,#8513,#8515,.T.);
#7066=FILL_AREA_STYLE('',(#8516));
#7067=EDGE_CURVE('',#8499,#8503,#8517,.T.);
#7068=FILL_AREA_STYLE('',(#8518));
#7069=EDGE_CURVE('',#8513,#8497,#8519,.T.);
#7070=FILL_AREA_STYLE('',(#8520));
#7071=EDGE_CURVE('',#8521,#8522,#8523,.T.);
#7072=EDGE_CURVE('',#8524,#8521,#8525,.T.);
#7073=EDGE_CURVE('',#8526,#8524,#8527,.T.);
#7074=EDGE_CURVE('',#8528,#8526,#8529,.T.);
#7075=EDGE_CURVE('',#8528,#8530,#8531,.T.);
#7076=EDGE_CURVE('',#8530,#8522,#8532,.T.);
#7077=FILL_AREA_STYLE('',(#8533));
#7078=EDGE_CURVE('',#8534,#8521,#8535,.T.);
#7079=EDGE_CURVE('',#8534,#8536,#8537,.T.);
#7080=EDGE_CURVE('',#8524,#8536,#8538,.T.);
#7081=FILL_AREA_STYLE('',(#8539));
#7082=EDGE_CURVE('',#8540,#8541,#8542,.T.);
#7083=EDGE_CURVE('',#8528,#8541,#8543,.T.);
#7084=EDGE_CURVE('',#8526,#8540,#8544,.T.);
#7085=FILL_AREA_STYLE('',(#8545));
#7086=EDGE_CURVE('',#8541,#8546,#8547,.T.);
#7087=EDGE_CURVE('',#8530,#8546,#8548,.T.);
#7088=FILL_AREA_STYLE('',(#8549));
#7089=EDGE_CURVE('',#8522,#8550,#8551,.T.);
#7090=EDGE_CURVE('',#8546,#8550,#8552,.T.);
#7091=FILL_AREA_STYLE('',(#8553));
#7092=EDGE_CURVE('',#8536,#8540,#8554,.T.);
#7093=FILL_AREA_STYLE('',(#8555));
#7094=EDGE_CURVE('',#8550,#8534,#8556,.T.);
#7095=FILL_AREA_STYLE('',(#8557));
#7096=EDGE_CURVE('',#8558,#8559,#8560,.T.);
#7097=EDGE_CURVE('',#8561,#8558,#8562,.T.);
#7098=EDGE_CURVE('',#8563,#8561,#8564,.T.);
#7099=EDGE_CURVE('',#8565,#8563,#8566,.T.);
#7100=EDGE_CURVE('',#8565,#8567,#8568,.T.);
#7101=EDGE_CURVE('',#8567,#8559,#8569,.T.);
#7102=FILL_AREA_STYLE('',(#8570));
#7103=EDGE_CURVE('',#8571,#8558,#8572,.T.);
#7104=EDGE_CURVE('',#8571,#8573,#8574,.T.);
#7105=EDGE_CURVE('',#8561,#8573,#8575,.T.);
#7106=FILL_AREA_STYLE('',(#8576));
#7107=EDGE_CURVE('',#8577,#8578,#8579,.T.);
#7108=EDGE_CURVE('',#8565,#8578,#8580,.T.);
#7109=EDGE_CURVE('',#8563,#8577,#8581,.T.);
#7110=FILL_AREA_STYLE('',(#8582));
#7111=EDGE_CURVE('',#8578,#8583,#8584,.T.);
#7112=EDGE_CURVE('',#8567,#8583,#8585,.T.);
#7113=FILL_AREA_STYLE('',(#8586));
#7114=EDGE_CURVE('',#8559,#8587,#8588,.T.);
#7115=EDGE_CURVE('',#8583,#8587,#8589,.T.);
#7116=FILL_AREA_STYLE('',(#8590));
#7117=EDGE_CURVE('',#8573,#8577,#8591,.T.);
#7118=FILL_AREA_STYLE('',(#8592));
#7119=EDGE_CURVE('',#8587,#8571,#8593,.T.);
#7120=FILL_AREA_STYLE('',(#8594));
#7121=EDGE_CURVE('',#8595,#8596,#8597,.T.);
#7122=EDGE_CURVE('',#8598,#8595,#8599,.T.);
#7123=EDGE_CURVE('',#8600,#8598,#8601,.T.);
#7124=EDGE_CURVE('',#8602,#8600,#8603,.T.);
#7125=EDGE_CURVE('',#8602,#8604,#8605,.T.);
#7126=EDGE_CURVE('',#8604,#8596,#8606,.T.);
#7127=FILL_AREA_STYLE('',(#8607));
#7128=EDGE_CURVE('',#8608,#8595,#8609,.T.);
#7129=EDGE_CURVE('',#8608,#8610,#8611,.T.);
#7130=EDGE_CURVE('',#8598,#8610,#8612,.T.);
#7131=FILL_AREA_STYLE('',(#8613));
#7132=EDGE_CURVE('',#8614,#8615,#8616,.T.);
#7133=EDGE_CURVE('',#8602,#8615,#8617,.T.);
#7134=EDGE_CURVE('',#8600,#8614,#8618,.T.);
#7135=FILL_AREA_STYLE('',(#8619));
#7136=EDGE_CURVE('',#8615,#8620,#8621,.T.);
#7137=EDGE_CURVE('',#8604,#8620,#8622,.T.);
#7138=FILL_AREA_STYLE('',(#8623));
#7139=EDGE_CURVE('',#8596,#8624,#8625,.T.);
#7140=EDGE_CURVE('',#8620,#8624,#8626,.T.);
#7141=FILL_AREA_STYLE('',(#8627));
#7142=EDGE_CURVE('',#8610,#8614,#8628,.T.);
#7143=FILL_AREA_STYLE('',(#8629));
#7144=EDGE_CURVE('',#8624,#8608,#8630,.T.);
#7145=FILL_AREA_STYLE('',(#8631));
#7146=EDGE_CURVE('',#8632,#8633,#8634,.T.);
#7147=EDGE_CURVE('',#8635,#8632,#8636,.T.);
#7148=EDGE_CURVE('',#8637,#8635,#8638,.T.);
#7149=EDGE_CURVE('',#8639,#8637,#8640,.T.);
#7150=EDGE_CURVE('',#8639,#8641,#8642,.T.);
#7151=EDGE_CURVE('',#8641,#8633,#8643,.T.);
#7152=FILL_AREA_STYLE('',(#8644));
#7153=EDGE_CURVE('',#8645,#8632,#8646,.T.);
#7154=EDGE_CURVE('',#8645,#8647,#8648,.T.);
#7155=EDGE_CURVE('',#8635,#8647,#8649,.T.);
#7156=FILL_AREA_STYLE('',(#8650));
#7157=EDGE_CURVE('',#8651,#8652,#8653,.T.);
#7158=EDGE_CURVE('',#8639,#8652,#8654,.T.);
#7159=EDGE_CURVE('',#8637,#8651,#8655,.T.);
#7160=FILL_AREA_STYLE('',(#8656));
#7161=EDGE_CURVE('',#8652,#8657,#8658,.T.);
#7162=EDGE_CURVE('',#8641,#8657,#8659,.T.);
#7163=FILL_AREA_STYLE('',(#8660));
#7164=EDGE_CURVE('',#8633,#8661,#8662,.T.);
#7165=EDGE_CURVE('',#8657,#8661,#8663,.T.);
#7166=FILL_AREA_STYLE('',(#8664));
#7167=EDGE_CURVE('',#8647,#8651,#8665,.T.);
#7168=FILL_AREA_STYLE('',(#8666));
#7169=EDGE_CURVE('',#8661,#8645,#8667,.T.);
#7170=FILL_AREA_STYLE('',(#8668));
#7171=EDGE_CURVE('',#8669,#8670,#8671,.T.);
#7172=EDGE_CURVE('',#8672,#8670,#8673,.T.);
#7173=EDGE_CURVE('',#8672,#8674,#8675,.T.);
#7174=EDGE_CURVE('',#8674,#8669,#8676,.T.);
#7175=FILL_AREA_STYLE('',(#8677));
#7176=EDGE_CURVE('',#8678,#8672,#8679,.T.);
#7177=EDGE_CURVE('',#8680,#8678,#8681,.T.);
#7178=EDGE_CURVE('',#8680,#8674,#8682,.T.);
#7179=FILL_AREA_STYLE('',(#8683));
#7180=EDGE_CURVE('',#8669,#8684,#8685,.T.);
#7181=EDGE_CURVE('',#8684,#8686,#8687,.T.);
#7182=EDGE_CURVE('',#8670,#8686,#8688,.T.);
#7183=FILL_AREA_STYLE('',(#8689));
#7184=EDGE_CURVE('',#8684,#8680,#8690,.T.);
#7185=EDGE_CURVE('',#8686,#8678,#8691,.T.);
#7186=FILL_AREA_STYLE('',(#8692));
#7187=EDGE_CURVE('',#8680,#8693,#8694,.T.);
#7188=EDGE_CURVE('',#8695,#8693,#8696,.T.);
#7189=EDGE_CURVE('',#8695,#8674,#8697,.T.);
#7190=FILL_AREA_STYLE('',(#8698));
#7191=EDGE_CURVE('',#8699,#8684,#8700,.T.);
#7192=EDGE_CURVE('',#8693,#8699,#8701,.T.);
#7193=FILL_AREA_STYLE('',(#8702));
#7194=EDGE_CURVE('',#8703,#8695,#8704,.T.);
#7195=EDGE_CURVE('',#8669,#8703,#8705,.T.);
#7196=FILL_AREA_STYLE('',(#8706));
#7197=EDGE_CURVE('',#8703,#8699,#8707,.T.);
#7198=FILL_AREA_STYLE('',(#8708));
#7199=FILL_AREA_STYLE('',(#8709));
#7200=EDGE_CURVE('',#8710,#8711,#8712,.T.);
#7201=EDGE_CURVE('',#8713,#8711,#8714,.T.);
#7202=EDGE_CURVE('',#8713,#8715,#8716,.T.);
#7203=EDGE_CURVE('',#8715,#8710,#8717,.T.);
#7204=FILL_AREA_STYLE('',(#8718));
#7205=EDGE_CURVE('',#8719,#8713,#8720,.T.);
#7206=EDGE_CURVE('',#8721,#8719,#8722,.T.);
#7207=EDGE_CURVE('',#8721,#8715,#8723,.T.);
#7208=FILL_AREA_STYLE('',(#8724));
#7209=EDGE_CURVE('',#8710,#8725,#8726,.T.);
#7210=EDGE_CURVE('',#8725,#8727,#8728,.T.);
#7211=EDGE_CURVE('',#8711,#8727,#8729,.T.);
#7212=FILL_AREA_STYLE('',(#8730));
#7213=EDGE_CURVE('',#8725,#8721,#8731,.T.);
#7214=EDGE_CURVE('',#8727,#8719,#8732,.T.);
#7215=FILL_AREA_STYLE('',(#8733));
#7216=EDGE_CURVE('',#8721,#8734,#8735,.T.);
#7217=EDGE_CURVE('',#8736,#8734,#8737,.T.);
#7218=EDGE_CURVE('',#8736,#8715,#8738,.T.);
#7219=FILL_AREA_STYLE('',(#8739));
#7220=EDGE_CURVE('',#8740,#8725,#8741,.T.);
#7221=EDGE_CURVE('',#8734,#8740,#8742,.T.);
#7222=FILL_AREA_STYLE('',(#8743));
#7223=EDGE_CURVE('',#8744,#8736,#8745,.T.);
#7224=EDGE_CURVE('',#8710,#8744,#8746,.T.);
#7225=FILL_AREA_STYLE('',(#8747));
#7226=EDGE_CURVE('',#8744,#8740,#8748,.T.);
#7227=FILL_AREA_STYLE('',(#8749));
#7228=FILL_AREA_STYLE('',(#8750));
#7229=EDGE_CURVE('',#8751,#8752,#8753,.T.);
#7230=EDGE_CURVE('',#8754,#8752,#8755,.T.);
#7231=EDGE_CURVE('',#8754,#8756,#8757,.T.);
#7232=EDGE_CURVE('',#8756,#8751,#8758,.T.);
#7233=FILL_AREA_STYLE('',(#8759));
#7234=EDGE_CURVE('',#8760,#8754,#8761,.T.);
#7235=EDGE_CURVE('',#8762,#8760,#8763,.T.);
#7236=EDGE_CURVE('',#8762,#8756,#8764,.T.);
#7237=FILL_AREA_STYLE('',(#8765));
#7238=EDGE_CURVE('',#8751,#8766,#8767,.T.);
#7239=EDGE_CURVE('',#8766,#8768,#8769,.T.);
#7240=EDGE_CURVE('',#8752,#8768,#8770,.T.);
#7241=FILL_AREA_STYLE('',(#8771));
#7242=EDGE_CURVE('',#8766,#8762,#8772,.T.);
#7243=EDGE_CURVE('',#8768,#8760,#8773,.T.);
#7244=FILL_AREA_STYLE('',(#8774));
#7245=EDGE_CURVE('',#8762,#8775,#8776,.T.);
#7246=EDGE_CURVE('',#8777,#8775,#8778,.T.);
#7247=EDGE_CURVE('',#8777,#8756,#8779,.T.);
#7248=FILL_AREA_STYLE('',(#8780));
#7249=EDGE_CURVE('',#8781,#8766,#8782,.T.);
#7250=EDGE_CURVE('',#8775,#8781,#8783,.T.);
#7251=FILL_AREA_STYLE('',(#8784));
#7252=EDGE_CURVE('',#8785,#8777,#8786,.T.);
#7253=EDGE_CURVE('',#8751,#8785,#8787,.T.);
#7254=FILL_AREA_STYLE('',(#8788));
#7255=EDGE_CURVE('',#8785,#8781,#8789,.T.);
#7256=FILL_AREA_STYLE('',(#8790));
#7257=FILL_AREA_STYLE('',(#8791));
#7258=EDGE_CURVE('',#8792,#8793,#8794,.T.);
#7259=EDGE_CURVE('',#8795,#8793,#8796,.T.);
#7260=EDGE_CURVE('',#8795,#8797,#8798,.T.);
#7261=EDGE_CURVE('',#8797,#8792,#8799,.T.);
#7262=FILL_AREA_STYLE('',(#8800));
#7263=EDGE_CURVE('',#8801,#8795,#8802,.T.);
#7264=EDGE_CURVE('',#8803,#8801,#8804,.T.);
#7265=EDGE_CURVE('',#8803,#8797,#8805,.T.);
#7266=FILL_AREA_STYLE('',(#8806));
#7267=EDGE_CURVE('',#8792,#8807,#8808,.T.);
#7268=EDGE_CURVE('',#8807,#8809,#8810,.T.);
#7269=EDGE_CURVE('',#8793,#8809,#8811,.T.);
#7270=FILL_AREA_STYLE('',(#8812));
#7271=EDGE_CURVE('',#8807,#8803,#8813,.T.);
#7272=EDGE_CURVE('',#8809,#8801,#8814,.T.);
#7273=FILL_AREA_STYLE('',(#8815));
#7274=EDGE_CURVE('',#8803,#8816,#8817,.T.);
#7275=EDGE_CURVE('',#8818,#8816,#8819,.T.);
#7276=EDGE_CURVE('',#8818,#8797,#8820,.T.);
#7277=FILL_AREA_STYLE('',(#8821));
#7278=EDGE_CURVE('',#8822,#8807,#8823,.T.);
#7279=EDGE_CURVE('',#8816,#8822,#8824,.T.);
#7280=FILL_AREA_STYLE('',(#8825));
#7281=EDGE_CURVE('',#8826,#8818,#8827,.T.);
#7282=EDGE_CURVE('',#8792,#8826,#8828,.T.);
#7283=FILL_AREA_STYLE('',(#8829));
#7284=EDGE_CURVE('',#8826,#8822,#8830,.T.);
#7285=FILL_AREA_STYLE('',(#8831));
#7286=FILL_AREA_STYLE('',(#8832));
#7287=EDGE_CURVE('',#8833,#8834,#8835,.T.);
#7288=EDGE_CURVE('',#8836,#8834,#8837,.T.);
#7289=EDGE_CURVE('',#8836,#8838,#8839,.T.);
#7290=EDGE_CURVE('',#8838,#8833,#8840,.T.);
#7291=FILL_AREA_STYLE('',(#8841));
#7292=EDGE_CURVE('',#8842,#8836,#8843,.T.);
#7293=EDGE_CURVE('',#8844,#8842,#8845,.T.);
#7294=EDGE_CURVE('',#8844,#8838,#8846,.T.);
#7295=FILL_AREA_STYLE('',(#8847));
#7296=EDGE_CURVE('',#8833,#8848,#8849,.T.);
#7297=EDGE_CURVE('',#8848,#8850,#8851,.T.);
#7298=EDGE_CURVE('',#8834,#8850,#8852,.T.);
#7299=FILL_AREA_STYLE('',(#8853));
#7300=EDGE_CURVE('',#8848,#8844,#8854,.T.);
#7301=EDGE_CURVE('',#8850,#8842,#8855,.T.);
#7302=FILL_AREA_STYLE('',(#8856));
#7303=EDGE_CURVE('',#8844,#8857,#8858,.T.);
#7304=EDGE_CURVE('',#8859,#8857,#8860,.T.);
#7305=EDGE_CURVE('',#8859,#8838,#8861,.T.);
#7306=FILL_AREA_STYLE('',(#8862));
#7307=EDGE_CURVE('',#8863,#8848,#8864,.T.);
#7308=EDGE_CURVE('',#8857,#8863,#8865,.T.);
#7309=FILL_AREA_STYLE('',(#8866));
#7310=EDGE_CURVE('',#8867,#8859,#8868,.T.);
#7311=EDGE_CURVE('',#8833,#8867,#8869,.T.);
#7312=FILL_AREA_STYLE('',(#8870));
#7313=EDGE_CURVE('',#8867,#8863,#8871,.T.);
#7314=FILL_AREA_STYLE('',(#8872));
#7315=FILL_AREA_STYLE('',(#8873));
#7316=EDGE_CURVE('',#8874,#8875,#8876,.T.);
#7317=EDGE_CURVE('',#8877,#8875,#8878,.T.);
#7318=EDGE_CURVE('',#8877,#8879,#8880,.T.);
#7319=EDGE_CURVE('',#8879,#8874,#8881,.T.);
#7320=FILL_AREA_STYLE('',(#8882));
#7321=EDGE_CURVE('',#8883,#8877,#8884,.T.);
#7322=EDGE_CURVE('',#8885,#8883,#8886,.T.);
#7323=EDGE_CURVE('',#8885,#8879,#8887,.T.);
#7324=FILL_AREA_STYLE('',(#8888));
#7325=EDGE_CURVE('',#8874,#8889,#8890,.T.);
#7326=EDGE_CURVE('',#8889,#8891,#8892,.T.);
#7327=EDGE_CURVE('',#8875,#8891,#8893,.T.);
#7328=FILL_AREA_STYLE('',(#8894));
#7329=EDGE_CURVE('',#8889,#8885,#8895,.T.);
#7330=EDGE_CURVE('',#8891,#8883,#8896,.T.);
#7331=FILL_AREA_STYLE('',(#8897));
#7332=EDGE_CURVE('',#8885,#8898,#8899,.T.);
#7333=EDGE_CURVE('',#8900,#8898,#8901,.T.);
#7334=EDGE_CURVE('',#8900,#8879,#8902,.T.);
#7335=FILL_AREA_STYLE('',(#8903));
#7336=EDGE_CURVE('',#8904,#8889,#8905,.T.);
#7337=EDGE_CURVE('',#8898,#8904,#8906,.T.);
#7338=FILL_AREA_STYLE('',(#8907));
#7339=EDGE_CURVE('',#8908,#8900,#8909,.T.);
#7340=EDGE_CURVE('',#8874,#8908,#8910,.T.);
#7341=FILL_AREA_STYLE('',(#8911));
#7342=EDGE_CURVE('',#8908,#8904,#8912,.T.);
#7343=FILL_AREA_STYLE('',(#8913));
#7344=FILL_AREA_STYLE('',(#8914));
#7345=EDGE_CURVE('',#8915,#8916,#8917,.T.);
#7346=EDGE_CURVE('',#8918,#8916,#8919,.T.);
#7347=EDGE_CURVE('',#8918,#8920,#8921,.T.);
#7348=EDGE_CURVE('',#8920,#8915,#8922,.T.);
#7349=FILL_AREA_STYLE('',(#8923));
#7350=EDGE_CURVE('',#8924,#8918,#8925,.T.);
#7351=EDGE_CURVE('',#8926,#8924,#8927,.T.);
#7352=EDGE_CURVE('',#8926,#8920,#8928,.T.);
#7353=FILL_AREA_STYLE('',(#8929));
#7354=EDGE_CURVE('',#8915,#8930,#8931,.T.);
#7355=EDGE_CURVE('',#8930,#8932,#8933,.T.);
#7356=EDGE_CURVE('',#8916,#8932,#8934,.T.);
#7357=FILL_AREA_STYLE('',(#8935));
#7358=EDGE_CURVE('',#8930,#8926,#8936,.T.);
#7359=EDGE_CURVE('',#8932,#8924,#8937,.T.);
#7360=FILL_AREA_STYLE('',(#8938));
#7361=EDGE_CURVE('',#8926,#8939,#8940,.T.);
#7362=EDGE_CURVE('',#8941,#8939,#8942,.T.);
#7363=EDGE_CURVE('',#8941,#8920,#8943,.T.);
#7364=FILL_AREA_STYLE('',(#8944));
#7365=EDGE_CURVE('',#8945,#8930,#8946,.T.);
#7366=EDGE_CURVE('',#8939,#8945,#8947,.T.);
#7367=FILL_AREA_STYLE('',(#8948));
#7368=EDGE_CURVE('',#8949,#8941,#8950,.T.);
#7369=EDGE_CURVE('',#8915,#8949,#8951,.T.);
#7370=FILL_AREA_STYLE('',(#8952));
#7371=EDGE_CURVE('',#8949,#8945,#8953,.T.);
#7372=FILL_AREA_STYLE('',(#8954));
#7373=FILL_AREA_STYLE('',(#8955));
#7374=EDGE_CURVE('',#8956,#8957,#8958,.T.);
#7375=EDGE_CURVE('',#8959,#8957,#8960,.T.);
#7376=EDGE_CURVE('',#8959,#8961,#8962,.T.);
#7377=EDGE_CURVE('',#8961,#8956,#8963,.T.);
#7378=FILL_AREA_STYLE('',(#8964));
#7379=EDGE_CURVE('',#8965,#8959,#8966,.T.);
#7380=EDGE_CURVE('',#8967,#8965,#8968,.T.);
#7381=EDGE_CURVE('',#8967,#8961,#8969,.T.);
#7382=FILL_AREA_STYLE('',(#8970));
#7383=EDGE_CURVE('',#8956,#8971,#8972,.T.);
#7384=EDGE_CURVE('',#8971,#8973,#8974,.T.);
#7385=EDGE_CURVE('',#8957,#8973,#8975,.T.);
#7386=FILL_AREA_STYLE('',(#8976));
#7387=EDGE_CURVE('',#8971,#8967,#8977,.T.);
#7388=EDGE_CURVE('',#8973,#8965,#8978,.T.);
#7389=FILL_AREA_STYLE('',(#8979));
#7390=EDGE_CURVE('',#8967,#8980,#8981,.T.);
#7391=EDGE_CURVE('',#8982,#8980,#8983,.T.);
#7392=EDGE_CURVE('',#8982,#8961,#8984,.T.);
#7393=FILL_AREA_STYLE('',(#8985));
#7394=EDGE_CURVE('',#8986,#8971,#8987,.T.);
#7395=EDGE_CURVE('',#8980,#8986,#8988,.T.);
#7396=FILL_AREA_STYLE('',(#8989));
#7397=EDGE_CURVE('',#8990,#8982,#8991,.T.);
#7398=EDGE_CURVE('',#8956,#8990,#8992,.T.);
#7399=FILL_AREA_STYLE('',(#8993));
#7400=EDGE_CURVE('',#8990,#8986,#8994,.T.);
#7401=FILL_AREA_STYLE('',(#8995));
#7402=FILL_AREA_STYLE('',(#8996));
#7403=EDGE_CURVE('',#8997,#8998,#8999,.T.);
#7404=EDGE_CURVE('',#9000,#8998,#9001,.T.);
#7405=EDGE_CURVE('',#9000,#9002,#9003,.T.);
#7406=EDGE_CURVE('',#9002,#8997,#9004,.T.);
#7407=FILL_AREA_STYLE('',(#9005));
#7408=EDGE_CURVE('',#9006,#9000,#9007,.T.);
#7409=EDGE_CURVE('',#9008,#9006,#9009,.T.);
#7410=EDGE_CURVE('',#9008,#9002,#9010,.T.);
#7411=FILL_AREA_STYLE('',(#9011));
#7412=EDGE_CURVE('',#8997,#9012,#9013,.T.);
#7413=EDGE_CURVE('',#9012,#9014,#9015,.T.);
#7414=EDGE_CURVE('',#8998,#9014,#9016,.T.);
#7415=FILL_AREA_STYLE('',(#9017));
#7416=EDGE_CURVE('',#9012,#9008,#9018,.T.);
#7417=EDGE_CURVE('',#9014,#9006,#9019,.T.);
#7418=FILL_AREA_STYLE('',(#9020));
#7419=EDGE_CURVE('',#9008,#9021,#9022,.T.);
#7420=EDGE_CURVE('',#9023,#9021,#9024,.T.);
#7421=EDGE_CURVE('',#9023,#9002,#9025,.T.);
#7422=FILL_AREA_STYLE('',(#9026));
#7423=EDGE_CURVE('',#9027,#9012,#9028,.T.);
#7424=EDGE_CURVE('',#9021,#9027,#9029,.T.);
#7425=FILL_AREA_STYLE('',(#9030));
#7426=EDGE_CURVE('',#9031,#9023,#9032,.T.);
#7427=EDGE_CURVE('',#8997,#9031,#9033,.T.);
#7428=FILL_AREA_STYLE('',(#9034));
#7429=EDGE_CURVE('',#9031,#9027,#9035,.T.);
#7430=FILL_AREA_STYLE('',(#9036));
#7431=FILL_AREA_STYLE('',(#9037));
#7432=EDGE_CURVE('',#9038,#9039,#9040,.T.);
#7433=EDGE_CURVE('',#9041,#9039,#9042,.T.);
#7434=EDGE_CURVE('',#9041,#9043,#9044,.T.);
#7435=EDGE_CURVE('',#9043,#9038,#9045,.T.);
#7436=FILL_AREA_STYLE('',(#9046));
#7437=EDGE_CURVE('',#9047,#9041,#9048,.T.);
#7438=EDGE_CURVE('',#9049,#9047,#9050,.T.);
#7439=EDGE_CURVE('',#9049,#9043,#9051,.T.);
#7440=FILL_AREA_STYLE('',(#9052));
#7441=EDGE_CURVE('',#9038,#9053,#9054,.T.);
#7442=EDGE_CURVE('',#9053,#9055,#9056,.T.);
#7443=EDGE_CURVE('',#9039,#9055,#9057,.T.);
#7444=FILL_AREA_STYLE('',(#9058));
#7445=EDGE_CURVE('',#9053,#9049,#9059,.T.);
#7446=EDGE_CURVE('',#9055,#9047,#9060,.T.);
#7447=FILL_AREA_STYLE('',(#9061));
#7448=EDGE_CURVE('',#9049,#9062,#9063,.T.);
#7449=EDGE_CURVE('',#9064,#9062,#9065,.T.);
#7450=EDGE_CURVE('',#9064,#9043,#9066,.T.);
#7451=FILL_AREA_STYLE('',(#9067));
#7452=EDGE_CURVE('',#9068,#9053,#9069,.T.);
#7453=EDGE_CURVE('',#9062,#9068,#9070,.T.);
#7454=FILL_AREA_STYLE('',(#9071));
#7455=EDGE_CURVE('',#9072,#9064,#9073,.T.);
#7456=EDGE_CURVE('',#9038,#9072,#9074,.T.);
#7457=FILL_AREA_STYLE('',(#9075));
#7458=EDGE_CURVE('',#9072,#9068,#9076,.T.);
#7459=FILL_AREA_STYLE('',(#9077));
#7460=FILL_AREA_STYLE('',(#9078));
#7461=EDGE_CURVE('',#9079,#9080,#9081,.T.);
#7462=EDGE_CURVE('',#9082,#9080,#9083,.T.);
#7463=EDGE_CURVE('',#9082,#9084,#9085,.T.);
#7464=EDGE_CURVE('',#9084,#9079,#9086,.T.);
#7465=FILL_AREA_STYLE('',(#9087));
#7466=EDGE_CURVE('',#9088,#9082,#9089,.T.);
#7467=EDGE_CURVE('',#9090,#9088,#9091,.T.);
#7468=EDGE_CURVE('',#9090,#9084,#9092,.T.);
#7469=FILL_AREA_STYLE('',(#9093));
#7470=EDGE_CURVE('',#9079,#9094,#9095,.T.);
#7471=EDGE_CURVE('',#9094,#9096,#9097,.T.);
#7472=EDGE_CURVE('',#9080,#9096,#9098,.T.);
#7473=FILL_AREA_STYLE('',(#9099));
#7474=EDGE_CURVE('',#9094,#9090,#9100,.T.);
#7475=EDGE_CURVE('',#9096,#9088,#9101,.T.);
#7476=FILL_AREA_STYLE('',(#9102));
#7477=EDGE_CURVE('',#9090,#9103,#9104,.T.);
#7478=EDGE_CURVE('',#9105,#9103,#9106,.T.);
#7479=EDGE_CURVE('',#9105,#9084,#9107,.T.);
#7480=FILL_AREA_STYLE('',(#9108));
#7481=EDGE_CURVE('',#9109,#9094,#9110,.T.);
#7482=EDGE_CURVE('',#9103,#9109,#9111,.T.);
#7483=FILL_AREA_STYLE('',(#9112));
#7484=EDGE_CURVE('',#9113,#9105,#9114,.T.);
#7485=EDGE_CURVE('',#9079,#9113,#9115,.T.);
#7486=FILL_AREA_STYLE('',(#9116));
#7487=EDGE_CURVE('',#9113,#9109,#9117,.T.);
#7488=FILL_AREA_STYLE('',(#9118));
#7489=FILL_AREA_STYLE('',(#9119));
#7490=EDGE_CURVE('',#9120,#9121,#9122,.T.);
#7491=EDGE_CURVE('',#9123,#9121,#9124,.T.);
#7492=EDGE_CURVE('',#9123,#9125,#9126,.T.);
#7493=EDGE_CURVE('',#9125,#9120,#9127,.T.);
#7494=FILL_AREA_STYLE('',(#9128));
#7495=EDGE_CURVE('',#9129,#9123,#9130,.T.);
#7496=EDGE_CURVE('',#9131,#9129,#9132,.T.);
#7497=EDGE_CURVE('',#9131,#9125,#9133,.T.);
#7498=FILL_AREA_STYLE('',(#9134));
#7499=EDGE_CURVE('',#9120,#9135,#9136,.T.);
#7500=EDGE_CURVE('',#9135,#9137,#9138,.T.);
#7501=EDGE_CURVE('',#9121,#9137,#9139,.T.);
#7502=FILL_AREA_STYLE('',(#9140));
#7503=EDGE_CURVE('',#9135,#9131,#9141,.T.);
#7504=EDGE_CURVE('',#9137,#9129,#9142,.T.);
#7505=FILL_AREA_STYLE('',(#9143));
#7506=EDGE_CURVE('',#9131,#9144,#9145,.T.);
#7507=EDGE_CURVE('',#9146,#9144,#9147,.T.);
#7508=EDGE_CURVE('',#9146,#9125,#9148,.T.);
#7509=FILL_AREA_STYLE('',(#9149));
#7510=EDGE_CURVE('',#9150,#9135,#9151,.T.);
#7511=EDGE_CURVE('',#9144,#9150,#9152,.T.);
#7512=FILL_AREA_STYLE('',(#9153));
#7513=EDGE_CURVE('',#9154,#9146,#9155,.T.);
#7514=EDGE_CURVE('',#9120,#9154,#9156,.T.);
#7515=FILL_AREA_STYLE('',(#9157));
#7516=EDGE_CURVE('',#9154,#9150,#9158,.T.);
#7517=FILL_AREA_STYLE('',(#9159));
#7518=FILL_AREA_STYLE('',(#9160));
#7519=EDGE_CURVE('',#9161,#9162,#9163,.T.);
#7520=EDGE_CURVE('',#9164,#9162,#9165,.T.);
#7521=EDGE_CURVE('',#9164,#9166,#9167,.T.);
#7522=EDGE_CURVE('',#9166,#9161,#9168,.T.);
#7523=FILL_AREA_STYLE('',(#9169));
#7524=EDGE_CURVE('',#9170,#9164,#9171,.T.);
#7525=EDGE_CURVE('',#9172,#9170,#9173,.T.);
#7526=EDGE_CURVE('',#9172,#9166,#9174,.T.);
#7527=FILL_AREA_STYLE('',(#9175));
#7528=EDGE_CURVE('',#9161,#9176,#9177,.T.);
#7529=EDGE_CURVE('',#9176,#9178,#9179,.T.);
#7530=EDGE_CURVE('',#9162,#9178,#9180,.T.);
#7531=FILL_AREA_STYLE('',(#9181));
#7532=EDGE_CURVE('',#9176,#9172,#9182,.T.);
#7533=EDGE_CURVE('',#9178,#9170,#9183,.T.);
#7534=FILL_AREA_STYLE('',(#9184));
#7535=EDGE_CURVE('',#9172,#9185,#9186,.T.);
#7536=EDGE_CURVE('',#9187,#9185,#9188,.T.);
#7537=EDGE_CURVE('',#9187,#9166,#9189,.T.);
#7538=FILL_AREA_STYLE('',(#9190));
#7539=EDGE_CURVE('',#9191,#9176,#9192,.T.);
#7540=EDGE_CURVE('',#9185,#9191,#9193,.T.);
#7541=FILL_AREA_STYLE('',(#9194));
#7542=EDGE_CURVE('',#9195,#9187,#9196,.T.);
#7543=EDGE_CURVE('',#9161,#9195,#9197,.T.);
#7544=FILL_AREA_STYLE('',(#9198));
#7545=EDGE_CURVE('',#9195,#9191,#9199,.T.);
#7546=FILL_AREA_STYLE('',(#9200));
#7547=FILL_AREA_STYLE('',(#9201));
#7548=EDGE_CURVE('',#9202,#9203,#9204,.T.);
#7549=EDGE_CURVE('',#9205,#9203,#9206,.T.);
#7550=EDGE_CURVE('',#9205,#9207,#9208,.T.);
#7551=EDGE_CURVE('',#9207,#9202,#9209,.T.);
#7552=FILL_AREA_STYLE('',(#9210));
#7553=EDGE_CURVE('',#9211,#9205,#9212,.T.);
#7554=EDGE_CURVE('',#9213,#9211,#9214,.T.);
#7555=EDGE_CURVE('',#9213,#9207,#9215,.T.);
#7556=FILL_AREA_STYLE('',(#9216));
#7557=EDGE_CURVE('',#9202,#9217,#9218,.T.);
#7558=EDGE_CURVE('',#9217,#9219,#9220,.T.);
#7559=EDGE_CURVE('',#9203,#9219,#9221,.T.);
#7560=FILL_AREA_STYLE('',(#9222));
#7561=EDGE_CURVE('',#9217,#9213,#9223,.T.);
#7562=EDGE_CURVE('',#9219,#9211,#9224,.T.);
#7563=FILL_AREA_STYLE('',(#9225));
#7564=EDGE_CURVE('',#9213,#9226,#9227,.T.);
#7565=EDGE_CURVE('',#9228,#9226,#9229,.T.);
#7566=EDGE_CURVE('',#9228,#9207,#9230,.T.);
#7567=FILL_AREA_STYLE('',(#9231));
#7568=EDGE_CURVE('',#9232,#9217,#9233,.T.);
#7569=EDGE_CURVE('',#9226,#9232,#9234,.T.);
#7570=FILL_AREA_STYLE('',(#9235));
#7571=EDGE_CURVE('',#9236,#9228,#9237,.T.);
#7572=EDGE_CURVE('',#9202,#9236,#9238,.T.);
#7573=FILL_AREA_STYLE('',(#9239));
#7574=EDGE_CURVE('',#9236,#9232,#9240,.T.);
#7575=FILL_AREA_STYLE('',(#9241));
#7576=FILL_AREA_STYLE('',(#9242));
#7577=EDGE_CURVE('',#9243,#9244,#9245,.T.);
#7578=EDGE_CURVE('',#9246,#9244,#9247,.T.);
#7579=EDGE_CURVE('',#9246,#9248,#9249,.T.);
#7580=EDGE_CURVE('',#9248,#9243,#9250,.T.);
#7581=FILL_AREA_STYLE('',(#9251));
#7582=EDGE_CURVE('',#9252,#9246,#9253,.T.);
#7583=EDGE_CURVE('',#9254,#9252,#9255,.T.);
#7584=EDGE_CURVE('',#9254,#9248,#9256,.T.);
#7585=FILL_AREA_STYLE('',(#9257));
#7586=EDGE_CURVE('',#9243,#9258,#9259,.T.);
#7587=EDGE_CURVE('',#9258,#9260,#9261,.T.);
#7588=EDGE_CURVE('',#9244,#9260,#9262,.T.);
#7589=FILL_AREA_STYLE('',(#9263));
#7590=EDGE_CURVE('',#9258,#9254,#9264,.T.);
#7591=EDGE_CURVE('',#9260,#9252,#9265,.T.);
#7592=FILL_AREA_STYLE('',(#9266));
#7593=EDGE_CURVE('',#9254,#9267,#9268,.T.);
#7594=EDGE_CURVE('',#9269,#9267,#9270,.T.);
#7595=EDGE_CURVE('',#9269,#9248,#9271,.T.);
#7596=FILL_AREA_STYLE('',(#9272));
#7597=EDGE_CURVE('',#9273,#9258,#9274,.T.);
#7598=EDGE_CURVE('',#9267,#9273,#9275,.T.);
#7599=FILL_AREA_STYLE('',(#9276));
#7600=EDGE_CURVE('',#9277,#9269,#9278,.T.);
#7601=EDGE_CURVE('',#9243,#9277,#9279,.T.);
#7602=FILL_AREA_STYLE('',(#9280));
#7603=EDGE_CURVE('',#9277,#9273,#9281,.T.);
#7604=FILL_AREA_STYLE('',(#9282));
#7605=FILL_AREA_STYLE('',(#9283));
#7606=EDGE_CURVE('',#9284,#9285,#9286,.T.);
#7607=EDGE_CURVE('',#9287,#9285,#9288,.T.);
#7608=EDGE_CURVE('',#9287,#9289,#9290,.T.);
#7609=EDGE_CURVE('',#9289,#9284,#9291,.T.);
#7610=FILL_AREA_STYLE('',(#9292));
#7611=EDGE_CURVE('',#9293,#9287,#9294,.T.);
#7612=EDGE_CURVE('',#9295,#9293,#9296,.T.);
#7613=EDGE_CURVE('',#9295,#9289,#9297,.T.);
#7614=FILL_AREA_STYLE('',(#9298));
#7615=EDGE_CURVE('',#9284,#9299,#9300,.T.);
#7616=EDGE_CURVE('',#9299,#9301,#9302,.T.);
#7617=EDGE_CURVE('',#9285,#9301,#9303,.T.);
#7618=FILL_AREA_STYLE('',(#9304));
#7619=EDGE_CURVE('',#9299,#9295,#9305,.T.);
#7620=EDGE_CURVE('',#9301,#9293,#9306,.T.);
#7621=FILL_AREA_STYLE('',(#9307));
#7622=EDGE_CURVE('',#9295,#9308,#9309,.T.);
#7623=EDGE_CURVE('',#9310,#9308,#9311,.T.);
#7624=EDGE_CURVE('',#9310,#9289,#9312,.T.);
#7625=FILL_AREA_STYLE('',(#9313));
#7626=EDGE_CURVE('',#9314,#9299,#9315,.T.);
#7627=EDGE_CURVE('',#9308,#9314,#9316,.T.);
#7628=FILL_AREA_STYLE('',(#9317));
#7629=EDGE_CURVE('',#9318,#9310,#9319,.T.);
#7630=EDGE_CURVE('',#9284,#9318,#9320,.T.);
#7631=FILL_AREA_STYLE('',(#9321));
#7632=EDGE_CURVE('',#9318,#9314,#9322,.T.);
#7633=FILL_AREA_STYLE('',(#9323));
#7634=FILL_AREA_STYLE('',(#9324));
#7635=EDGE_CURVE('',#9325,#9326,#9327,.T.);
#7636=EDGE_CURVE('',#9328,#9326,#9329,.T.);
#7637=EDGE_CURVE('',#9328,#9330,#9331,.T.);
#7638=EDGE_CURVE('',#9330,#9325,#9332,.T.);
#7639=FILL_AREA_STYLE('',(#9333));
#7640=EDGE_CURVE('',#9334,#9328,#9335,.T.);
#7641=EDGE_CURVE('',#9336,#9334,#9337,.T.);
#7642=EDGE_CURVE('',#9336,#9330,#9338,.T.);
#7643=FILL_AREA_STYLE('',(#9339));
#7644=EDGE_CURVE('',#9325,#9340,#9341,.T.);
#7645=EDGE_CURVE('',#9340,#9342,#9343,.T.);
#7646=EDGE_CURVE('',#9326,#9342,#9344,.T.);
#7647=FILL_AREA_STYLE('',(#9345));
#7648=EDGE_CURVE('',#9340,#9336,#9346,.T.);
#7649=EDGE_CURVE('',#9342,#9334,#9347,.T.);
#7650=FILL_AREA_STYLE('',(#9348));
#7651=EDGE_CURVE('',#9336,#9349,#9350,.T.);
#7652=EDGE_CURVE('',#9351,#9349,#9352,.T.);
#7653=EDGE_CURVE('',#9351,#9330,#9353,.T.);
#7654=FILL_AREA_STYLE('',(#9354));
#7655=EDGE_CURVE('',#9355,#9340,#9356,.T.);
#7656=EDGE_CURVE('',#9349,#9355,#9357,.T.);
#7657=FILL_AREA_STYLE('',(#9358));
#7658=EDGE_CURVE('',#9359,#9351,#9360,.T.);
#7659=EDGE_CURVE('',#9325,#9359,#9361,.T.);
#7660=FILL_AREA_STYLE('',(#9362));
#7661=EDGE_CURVE('',#9359,#9355,#9363,.T.);
#7662=FILL_AREA_STYLE('',(#9364));
#7663=FILL_AREA_STYLE('',(#9365));
#7664=EDGE_CURVE('',#9366,#9367,#9368,.T.);
#7665=EDGE_CURVE('',#9369,#9367,#9370,.T.);
#7666=EDGE_CURVE('',#9369,#9371,#9372,.T.);
#7667=EDGE_CURVE('',#9371,#9366,#9373,.T.);
#7668=FILL_AREA_STYLE('',(#9374));
#7669=EDGE_CURVE('',#9375,#9369,#9376,.T.);
#7670=EDGE_CURVE('',#9377,#9375,#9378,.T.);
#7671=EDGE_CURVE('',#9377,#9371,#9379,.T.);
#7672=FILL_AREA_STYLE('',(#9380));
#7673=EDGE_CURVE('',#9366,#9381,#9382,.T.);
#7674=EDGE_CURVE('',#9381,#9383,#9384,.T.);
#7675=EDGE_CURVE('',#9367,#9383,#9385,.T.);
#7676=FILL_AREA_STYLE('',(#9386));
#7677=EDGE_CURVE('',#9381,#9377,#9387,.T.);
#7678=EDGE_CURVE('',#9383,#9375,#9388,.T.);
#7679=FILL_AREA_STYLE('',(#9389));
#7680=EDGE_CURVE('',#9377,#9390,#9391,.T.);
#7681=EDGE_CURVE('',#9392,#9390,#9393,.T.);
#7682=EDGE_CURVE('',#9392,#9371,#9394,.T.);
#7683=FILL_AREA_STYLE('',(#9395));
#7684=EDGE_CURVE('',#9396,#9381,#9397,.T.);
#7685=EDGE_CURVE('',#9390,#9396,#9398,.T.);
#7686=FILL_AREA_STYLE('',(#9399));
#7687=EDGE_CURVE('',#9400,#9392,#9401,.T.);
#7688=EDGE_CURVE('',#9366,#9400,#9402,.T.);
#7689=FILL_AREA_STYLE('',(#9403));
#7690=EDGE_CURVE('',#9400,#9396,#9404,.T.);
#7691=FILL_AREA_STYLE('',(#9405));
#7692=FILL_AREA_STYLE('',(#9406));
#7693=EDGE_CURVE('',#9407,#9408,#9409,.T.);
#7694=EDGE_CURVE('',#9410,#9408,#9411,.T.);
#7695=EDGE_CURVE('',#9410,#9412,#9413,.T.);
#7696=EDGE_CURVE('',#9412,#9407,#9414,.T.);
#7697=FILL_AREA_STYLE('',(#9415));
#7698=EDGE_CURVE('',#9416,#9410,#9417,.T.);
#7699=EDGE_CURVE('',#9418,#9416,#9419,.T.);
#7700=EDGE_CURVE('',#9418,#9412,#9420,.T.);
#7701=FILL_AREA_STYLE('',(#9421));
#7702=EDGE_CURVE('',#9407,#9422,#9423,.T.);
#7703=EDGE_CURVE('',#9422,#9424,#9425,.T.);
#7704=EDGE_CURVE('',#9408,#9424,#9426,.T.);
#7705=FILL_AREA_STYLE('',(#9427));
#7706=EDGE_CURVE('',#9422,#9418,#9428,.T.);
#7707=EDGE_CURVE('',#9424,#9416,#9429,.T.);
#7708=FILL_AREA_STYLE('',(#9430));
#7709=EDGE_CURVE('',#9418,#9431,#9432,.T.);
#7710=EDGE_CURVE('',#9433,#9431,#9434,.T.);
#7711=EDGE_CURVE('',#9433,#9412,#9435,.T.);
#7712=FILL_AREA_STYLE('',(#9436));
#7713=EDGE_CURVE('',#9437,#9422,#9438,.T.);
#7714=EDGE_CURVE('',#9431,#9437,#9439,.T.);
#7715=FILL_AREA_STYLE('',(#9440));
#7716=EDGE_CURVE('',#9441,#9433,#9442,.T.);
#7717=EDGE_CURVE('',#9407,#9441,#9443,.T.);
#7718=FILL_AREA_STYLE('',(#9444));
#7719=EDGE_CURVE('',#9441,#9437,#9445,.T.);
#7720=FILL_AREA_STYLE('',(#9446));
#7721=FILL_AREA_STYLE('',(#9447));
#7722=EDGE_CURVE('',#9448,#9449,#9450,.T.);
#7723=EDGE_CURVE('',#9451,#9449,#9452,.T.);
#7724=EDGE_CURVE('',#9451,#9453,#9454,.T.);
#7725=EDGE_CURVE('',#9453,#9448,#9455,.T.);
#7726=FILL_AREA_STYLE('',(#9456));
#7727=EDGE_CURVE('',#9457,#9451,#9458,.T.);
#7728=EDGE_CURVE('',#9459,#9457,#9460,.T.);
#7729=EDGE_CURVE('',#9459,#9453,#9461,.T.);
#7730=FILL_AREA_STYLE('',(#9462));
#7731=EDGE_CURVE('',#9448,#9463,#9464,.T.);
#7732=EDGE_CURVE('',#9463,#9465,#9466,.T.);
#7733=EDGE_CURVE('',#9449,#9465,#9467,.T.);
#7734=FILL_AREA_STYLE('',(#9468));
#7735=EDGE_CURVE('',#9463,#9459,#9469,.T.);
#7736=EDGE_CURVE('',#9465,#9457,#9470,.T.);
#7737=FILL_AREA_STYLE('',(#9471));
#7738=EDGE_CURVE('',#9459,#9472,#9473,.T.);
#7739=EDGE_CURVE('',#9474,#9472,#9475,.T.);
#7740=EDGE_CURVE('',#9474,#9453,#9476,.T.);
#7741=FILL_AREA_STYLE('',(#9477));
#7742=EDGE_CURVE('',#9478,#9463,#9479,.T.);
#7743=EDGE_CURVE('',#9472,#9478,#9480,.T.);
#7744=FILL_AREA_STYLE('',(#9481));
#7745=EDGE_CURVE('',#9482,#9474,#9483,.T.);
#7746=EDGE_CURVE('',#9448,#9482,#9484,.T.);
#7747=FILL_AREA_STYLE('',(#9485));
#7748=EDGE_CURVE('',#9482,#9478,#9486,.T.);
#7749=FILL_AREA_STYLE('',(#9487));
#7750=FILL_AREA_STYLE('',(#9488));
#7751=EDGE_CURVE('',#9489,#9490,#9491,.T.);
#7752=EDGE_CURVE('',#9489,#9492,#9493,.T.);
#7753=EDGE_CURVE('',#9494,#9492,#9495,.T.);
#7754=EDGE_CURVE('',#9490,#9494,#9496,.T.);
#7755=FILL_AREA_STYLE('',(#9497));
#7756=EDGE_CURVE('',#9498,#9499,#9500,.T.);
#7757=EDGE_CURVE('',#9501,#9498,#9502,.T.);
#7758=EDGE_CURVE('',#9503,#9501,#9504,.T.);
#7759=EDGE_CURVE('',#9499,#9503,#9505,.T.);
#7760=FILL_AREA_STYLE('',(#9506));
#7761=EDGE_CURVE('',#9499,#9489,#9507,.T.);
#7762=EDGE_CURVE('',#9492,#9503,#9508,.T.);
#7763=FILL_AREA_STYLE('',(#9509));
#7764=EDGE_CURVE('',#9501,#9510,#9511,.T.);
#7765=EDGE_CURVE('',#9510,#9512,#9513,.T.);
#7766=EDGE_CURVE('',#9512,#9514,#9515,.T.);
#7767=EDGE_CURVE('',#9514,#9516,#9517,.T.);
#7768=EDGE_CURVE('',#9516,#9518,#9519,.T.);
#7769=EDGE_CURVE('',#9518,#9520,#9521,.T.);
#7770=EDGE_CURVE('',#9520,#9522,#9523,.T.);
#7771=EDGE_CURVE('',#9522,#9524,#9525,.T.);
#7772=EDGE_CURVE('',#9524,#9526,#9527,.T.);
#7773=EDGE_CURVE('',#9526,#9528,#9529,.T.);
#7774=EDGE_CURVE('',#9528,#9530,#9531,.T.);
#7775=EDGE_CURVE('',#9530,#9532,#9533,.T.);
#7776=EDGE_CURVE('',#9532,#9534,#9535,.T.);
#7777=EDGE_CURVE('',#9534,#9536,#9537,.T.);
#7778=EDGE_CURVE('',#9536,#9538,#9539,.T.);
#7779=EDGE_CURVE('',#9538,#9540,#9541,.T.);
#7780=EDGE_CURVE('',#9540,#9542,#9543,.T.);
#7781=EDGE_CURVE('',#9542,#9544,#9545,.T.);
#7782=EDGE_CURVE('',#9544,#9546,#9547,.T.);
#7783=EDGE_CURVE('',#9546,#9548,#9549,.T.);
#7784=EDGE_CURVE('',#9548,#9550,#9551,.T.);
#7785=EDGE_CURVE('',#9550,#9552,#9553,.T.);
#7786=EDGE_CURVE('',#9552,#9554,#9555,.T.);
#7787=EDGE_CURVE('',#9554,#9556,#9557,.T.);
#7788=EDGE_CURVE('',#9556,#9558,#9559,.T.);
#7789=EDGE_CURVE('',#9558,#9560,#9561,.T.);
#7790=EDGE_CURVE('',#9560,#9562,#9563,.T.);
#7791=EDGE_CURVE('',#9562,#9564,#9565,.T.);
#7792=EDGE_CURVE('',#9564,#9566,#9567,.T.);
#7793=EDGE_CURVE('',#9566,#9568,#9569,.T.);
#7794=EDGE_CURVE('',#9568,#9570,#9571,.T.);
#7795=EDGE_CURVE('',#9570,#9572,#9573,.T.);
#7796=EDGE_CURVE('',#9572,#9574,#9575,.T.);
#7797=EDGE_CURVE('',#9574,#9576,#9577,.T.);
#7798=EDGE_CURVE('',#9576,#9578,#9579,.T.);
#7799=EDGE_CURVE('',#9578,#9580,#9581,.T.);
#7800=EDGE_CURVE('',#9580,#9582,#9583,.T.);
#7801=EDGE_CURVE('',#9582,#9584,#9585,.T.);
#7802=EDGE_CURVE('',#9584,#9586,#9587,.T.);
#7803=EDGE_CURVE('',#9586,#9588,#9589,.T.);
#7804=EDGE_CURVE('',#9588,#9494,#9590,.T.);
#7805=FILL_AREA_STYLE('',(#9591));
#7806=EDGE_CURVE('',#9592,#9498,#9593,.T.);
#7807=EDGE_CURVE('',#9592,#9510,#9594,.T.);
#7808=FILL_AREA_STYLE('',(#9595));
#7809=EDGE_CURVE('',#9596,#9588,#9597,.T.);
#7810=EDGE_CURVE('',#9490,#9596,#9598,.T.);
#7811=FILL_AREA_STYLE('',(#9599));
#7812=EDGE_CURVE('',#9600,#9592,#9601,.T.);
#7813=EDGE_CURVE('',#9600,#9512,#9602,.T.);
#7814=FILL_AREA_STYLE('',(#9603));
#7815=EDGE_CURVE('',#9604,#9605,#9606,.T.);
#7816=EDGE_CURVE('',#9516,#9604,#9607,.T.);
#7817=EDGE_CURVE('',#9605,#9514,#9608,.T.);
#7818=FILL_AREA_STYLE('',(#9609));
#7819=EDGE_CURVE('',#9605,#9600,#9610,.T.);
#7820=FILL_AREA_STYLE('',(#9611));
#7821=EDGE_CURVE('',#9612,#9604,#9613,.T.);
#7822=EDGE_CURVE('',#9612,#9518,#9614,.T.);
#7823=FILL_AREA_STYLE('',(#9615));
#7824=EDGE_CURVE('',#9616,#9612,#9617,.T.);
#7825=EDGE_CURVE('',#9616,#9520,#9618,.T.);
#7826=FILL_AREA_STYLE('',(#9619));
#7827=EDGE_CURVE('',#9620,#9621,#9622,.T.);
#7828=EDGE_CURVE('',#9524,#9620,#9623,.T.);
#7829=EDGE_CURVE('',#9621,#9522,#9624,.T.);
#7830=FILL_AREA_STYLE('',(#9625));
#7831=EDGE_CURVE('',#9621,#9616,#9626,.T.);
#7832=FILL_AREA_STYLE('',(#9627));
#7833=EDGE_CURVE('',#9628,#9620,#9629,.T.);
#7834=EDGE_CURVE('',#9628,#9526,#9630,.T.);
#7835=FILL_AREA_STYLE('',(#9631));
#7836=EDGE_CURVE('',#9632,#9628,#9633,.T.);
#7837=EDGE_CURVE('',#9632,#9528,#9634,.T.);
#7838=FILL_AREA_STYLE('',(#9635));
#7839=EDGE_CURVE('',#9636,#9637,#9638,.T.);
#7840=EDGE_CURVE('',#9532,#9636,#9639,.T.);
#7841=EDGE_CURVE('',#9637,#9530,#9640,.T.);
#7842=FILL_AREA_STYLE('',(#9641));
#7843=EDGE_CURVE('',#9637,#9632,#9642,.T.);
#7844=FILL_AREA_STYLE('',(#9643));
#7845=EDGE_CURVE('',#9644,#9636,#9645,.T.);
#7846=EDGE_CURVE('',#9644,#9534,#9646,.T.);
#7847=FILL_AREA_STYLE('',(#9647));
#7848=EDGE_CURVE('',#9648,#9644,#9649,.T.);
#7849=EDGE_CURVE('',#9648,#9536,#9650,.T.);
#7850=FILL_AREA_STYLE('',(#9651));
#7851=EDGE_CURVE('',#9652,#9653,#9654,.T.);
#7852=EDGE_CURVE('',#9540,#9652,#9655,.T.);
#7853=EDGE_CURVE('',#9653,#9538,#9656,.T.);
#7854=FILL_AREA_STYLE('',(#9657));
#7855=EDGE_CURVE('',#9653,#9648,#9658,.T.);
#7856=FILL_AREA_STYLE('',(#9659));
#7857=EDGE_CURVE('',#9660,#9652,#9661,.T.);
#7858=EDGE_CURVE('',#9660,#9542,#9662,.T.);
#7859=FILL_AREA_STYLE('',(#9663));
#7860=EDGE_CURVE('',#9664,#9660,#9665,.T.);
#7861=EDGE_CURVE('',#9664,#9544,#9666,.T.);
#7862=FILL_AREA_STYLE('',(#9667));
#7863=EDGE_CURVE('',#9668,#9669,#9670,.T.);
#7864=EDGE_CURVE('',#9548,#9668,#9671,.T.);
#7865=EDGE_CURVE('',#9669,#9546,#9672,.T.);
#7866=FILL_AREA_STYLE('',(#9673));
#7867=EDGE_CURVE('',#9669,#9664,#9674,.T.);
#7868=FILL_AREA_STYLE('',(#9675));
#7869=EDGE_CURVE('',#9676,#9668,#9677,.T.);
#7870=EDGE_CURVE('',#9676,#9550,#9678,.T.);
#7871=FILL_AREA_STYLE('',(#9679));
#7872=EDGE_CURVE('',#9680,#9676,#9681,.T.);
#7873=EDGE_CURVE('',#9680,#9552,#9682,.T.);
#7874=FILL_AREA_STYLE('',(#9683));
#7875=EDGE_CURVE('',#9684,#9685,#9686,.T.);
#7876=EDGE_CURVE('',#9556,#9684,#9687,.T.);
#7877=EDGE_CURVE('',#9685,#9554,#9688,.T.);
#7878=FILL_AREA_STYLE('',(#9689));
#7879=EDGE_CURVE('',#9685,#9680,#9690,.T.);
#7880=FILL_AREA_STYLE('',(#9691));
#7881=EDGE_CURVE('',#9692,#9684,#9693,.T.);
#7882=EDGE_CURVE('',#9692,#9558,#9694,.T.);
#7883=FILL_AREA_STYLE('',(#9695));
#7884=EDGE_CURVE('',#9696,#9692,#9697,.T.);
#7885=EDGE_CURVE('',#9696,#9560,#9698,.T.);
#7886=FILL_AREA_STYLE('',(#9699));
#7887=EDGE_CURVE('',#9700,#9701,#9702,.T.);
#7888=EDGE_CURVE('',#9564,#9700,#9703,.T.);
#7889=EDGE_CURVE('',#9701,#9562,#9704,.T.);
#7890=FILL_AREA_STYLE('',(#9705));
#7891=EDGE_CURVE('',#9701,#9696,#9706,.T.);
#7892=FILL_AREA_STYLE('',(#9707));
#7893=EDGE_CURVE('',#9708,#9700,#9709,.T.);
#7894=EDGE_CURVE('',#9708,#9566,#9710,.T.);
#7895=FILL_AREA_STYLE('',(#9711));
#7896=EDGE_CURVE('',#9712,#9708,#9713,.T.);
#7897=EDGE_CURVE('',#9712,#9568,#9714,.T.);
#7898=FILL_AREA_STYLE('',(#9715));
#7899=EDGE_CURVE('',#9716,#9717,#9718,.T.);
#7900=EDGE_CURVE('',#9572,#9716,#9719,.T.);
#7901=EDGE_CURVE('',#9717,#9570,#9720,.T.);
#7902=FILL_AREA_STYLE('',(#9721));
#7903=EDGE_CURVE('',#9717,#9712,#9722,.T.);
#7904=FILL_AREA_STYLE('',(#9723));
#7905=EDGE_CURVE('',#9724,#9716,#9725,.T.);
#7906=EDGE_CURVE('',#9724,#9574,#9726,.T.);
#7907=FILL_AREA_STYLE('',(#9727));
#7908=EDGE_CURVE('',#9728,#9724,#9729,.T.);
#7909=EDGE_CURVE('',#9728,#9576,#9730,.T.);
#7910=FILL_AREA_STYLE('',(#9731));
#7911=EDGE_CURVE('',#9732,#9733,#9734,.T.);
#7912=EDGE_CURVE('',#9580,#9732,#9735,.T.);
#7913=EDGE_CURVE('',#9733,#9578,#9736,.T.);
#7914=FILL_AREA_STYLE('',(#9737));
#7915=EDGE_CURVE('',#9733,#9728,#9738,.T.);
#7916=FILL_AREA_STYLE('',(#9739));
#7917=EDGE_CURVE('',#9740,#9732,#9741,.T.);
#7918=EDGE_CURVE('',#9740,#9582,#9742,.T.);
#7919=FILL_AREA_STYLE('',(#9743));
#7920=EDGE_CURVE('',#9596,#9744,#9745,.T.);
#7921=EDGE_CURVE('',#9744,#9746,#9747,.T.);
#7922=EDGE_CURVE('',#9746,#9740,#9748,.T.);
#7923=FILL_AREA_STYLE('',(#9749));
#7924=EDGE_CURVE('',#9746,#9584,#9750,.T.);
#7925=FILL_AREA_STYLE('',(#9751));
#7926=EDGE_CURVE('',#9744,#9586,#9752,.T.);
#7927=FILL_AREA_STYLE('',(#9753));
#7928=FILL_AREA_STYLE_COLOUR('',#9754);
#7929=VERTEX_POINT('',#9755);
#7930=VERTEX_POINT('',#9756);
#7931=LINE('',#9757,#9758);
#7932=VERTEX_POINT('',#9759);
#7933=LINE('',#9760,#9761);
#7934=VERTEX_POINT('',#9762);
#7935=LINE('',#9763,#9764);
#7936=VERTEX_POINT('',#9765);
#7937=LINE('',#9766,#9767);
#7938=VERTEX_POINT('',#9768);
#7939=LINE('',#9769,#9770);
#7940=LINE('',#9771,#9772);
#7941=FILL_AREA_STYLE_COLOUR('',#9773);
#7942=VERTEX_POINT('',#9774);
#7943=LINE('',#9775,#9776);
#7944=VERTEX_POINT('',#9777);
#7945=LINE('',#9778,#9779);
#7946=LINE('',#9780,#9781);
#7947=FILL_AREA_STYLE_COLOUR('',#9782);
#7948=VERTEX_POINT('',#9783);
#7949=VERTEX_POINT('',#9784);
#7950=LINE('',#9785,#9786);
#7951=LINE('',#9787,#9788);
#7952=LINE('',#9789,#9790);
#7953=FILL_AREA_STYLE_COLOUR('',#9791);
#7954=VERTEX_POINT('',#9792);
#7955=LINE('',#9793,#9794);
#7956=LINE('',#9795,#9796);
#7957=FILL_AREA_STYLE_COLOUR('',#9797);
#7958=VERTEX_POINT('',#9798);
#7959=LINE('',#9799,#9800);
#7960=LINE('',#9801,#9802);
#7961=FILL_AREA_STYLE_COLOUR('',#9803);
#7962=LINE('',#9804,#9805);
#7963=FILL_AREA_STYLE_COLOUR('',#9806);
#7964=LINE('',#9807,#9808);
#7965=FILL_AREA_STYLE_COLOUR('',#9809);
#7966=VERTEX_POINT('',#9810);
#7967=VERTEX_POINT('',#9811);
#7968=LINE('',#9812,#9813);
#7969=VERTEX_POINT('',#9814);
#7970=LINE('',#9815,#9816);
#7971=VERTEX_POINT('',#9817);
#7972=LINE('',#9818,#9819);
#7973=VERTEX_POINT('',#9820);
#7974=LINE('',#9821,#9822);
#7975=VERTEX_POINT('',#9823);
#7976=LINE('',#9824,#9825);
#7977=LINE('',#9826,#9827);
#7978=FILL_AREA_STYLE_COLOUR('',#9828);
#7979=VERTEX_POINT('',#9829);
#7980=LINE('',#9830,#9831);
#7981=VERTEX_POINT('',#9832);
#7982=LINE('',#9833,#9834);
#7983=LINE('',#9835,#9836);
#7984=FILL_AREA_STYLE_COLOUR('',#9837);
#7985=VERTEX_POINT('',#9838);
#7986=VERTEX_POINT('',#9839);
#7987=LINE('',#9840,#9841);
#7988=LINE('',#9842,#9843);
#7989=LINE('',#9844,#9845);
#7990=FILL_AREA_STYLE_COLOUR('',#9846);
#7991=VERTEX_POINT('',#9847);
#7992=LINE('',#9848,#9849);
#7993=LINE('',#9850,#9851);
#7994=FILL_AREA_STYLE_COLOUR('',#9852);
#7995=VERTEX_POINT('',#9853);
#7996=LINE('',#9854,#9855);
#7997=LINE('',#9856,#9857);
#7998=FILL_AREA_STYLE_COLOUR('',#9858);
#7999=LINE('',#9859,#9860);
#8000=FILL_AREA_STYLE_COLOUR('',#9861);
#8001=LINE('',#9862,#9863);
#8002=FILL_AREA_STYLE_COLOUR('',#9864);
#8003=VERTEX_POINT('',#9865);
#8004=VERTEX_POINT('',#9866);
#8005=LINE('',#9867,#9868);
#8006=VERTEX_POINT('',#9869);
#8007=LINE('',#9870,#9871);
#8008=VERTEX_POINT('',#9872);
#8009=LINE('',#9873,#9874);
#8010=VERTEX_POINT('',#9875);
#8011=LINE('',#9876,#9877);
#8012=VERTEX_POINT('',#9878);
#8013=LINE('',#9879,#9880);
#8014=LINE('',#9881,#9882);
#8015=FILL_AREA_STYLE_COLOUR('',#9883);
#8016=VERTEX_POINT('',#9884);
#8017=LINE('',#9885,#9886);
#8018=VERTEX_POINT('',#9887);
#8019=LINE('',#9888,#9889);
#8020=LINE('',#9890,#9891);
#8021=FILL_AREA_STYLE_COLOUR('',#9892);
#8022=VERTEX_POINT('',#9893);
#8023=VERTEX_POINT('',#9894);
#8024=LINE('',#9895,#9896);
#8025=LINE('',#9897,#9898);
#8026=LINE('',#9899,#9900);
#8027=FILL_AREA_STYLE_COLOUR('',#9901);
#8028=VERTEX_POINT('',#9902);
#8029=LINE('',#9903,#9904);
#8030=LINE('',#9905,#9906);
#8031=FILL_AREA_STYLE_COLOUR('',#9907);
#8032=VERTEX_POINT('',#9908);
#8033=LINE('',#9909,#9910);
#8034=LINE('',#9911,#9912);
#8035=FILL_AREA_STYLE_COLOUR('',#9913);
#8036=LINE('',#9914,#9915);
#8037=FILL_AREA_STYLE_COLOUR('',#9916);
#8038=LINE('',#9917,#9918);
#8039=FILL_AREA_STYLE_COLOUR('',#9919);
#8040=VERTEX_POINT('',#9920);
#8041=VERTEX_POINT('',#9921);
#8042=LINE('',#9922,#9923);
#8043=VERTEX_POINT('',#9924);
#8044=LINE('',#9925,#9926);
#8045=VERTEX_POINT('',#9927);
#8046=LINE('',#9928,#9929);
#8047=VERTEX_POINT('',#9930);
#8048=LINE('',#9931,#9932);
#8049=VERTEX_POINT('',#9933);
#8050=LINE('',#9934,#9935);
#8051=LINE('',#9936,#9937);
#8052=FILL_AREA_STYLE_COLOUR('',#9938);
#8053=VERTEX_POINT('',#9939);
#8054=LINE('',#9940,#9941);
#8055=VERTEX_POINT('',#9942);
#8056=LINE('',#9943,#9944);
#8057=LINE('',#9945,#9946);
#8058=FILL_AREA_STYLE_COLOUR('',#9947);
#8059=VERTEX_POINT('',#9948);
#8060=VERTEX_POINT('',#9949);
#8061=LINE('',#9950,#9951);
#8062=LINE('',#9952,#9953);
#8063=LINE('',#9954,#9955);
#8064=FILL_AREA_STYLE_COLOUR('',#9956);
#8065=VERTEX_POINT('',#9957);
#8066=LINE('',#9958,#9959);
#8067=LINE('',#9960,#9961);
#8068=FILL_AREA_STYLE_COLOUR('',#9962);
#8069=VERTEX_POINT('',#9963);
#8070=LINE('',#9964,#9965);
#8071=LINE('',#9966,#9967);
#8072=FILL_AREA_STYLE_COLOUR('',#9968);
#8073=LINE('',#9969,#9970);
#8074=FILL_AREA_STYLE_COLOUR('',#9971);
#8075=LINE('',#9972,#9973);
#8076=FILL_AREA_STYLE_COLOUR('',#9974);
#8077=VERTEX_POINT('',#9975);
#8078=VERTEX_POINT('',#9976);
#8079=LINE('',#9977,#9978);
#8080=VERTEX_POINT('',#9979);
#8081=LINE('',#9980,#9981);
#8082=VERTEX_POINT('',#9982);
#8083=LINE('',#9983,#9984);
#8084=VERTEX_POINT('',#9985);
#8085=LINE('',#9986,#9987);
#8086=VERTEX_POINT('',#9988);
#8087=LINE('',#9989,#9990);
#8088=LINE('',#9991,#9992);
#8089=FILL_AREA_STYLE_COLOUR('',#9993);
#8090=VERTEX_POINT('',#9994);
#8091=LINE('',#9995,#9996);
#8092=VERTEX_POINT('',#9997);
#8093=LINE('',#9998,#9999);
#8094=LINE('',#10000,#10001);
#8095=FILL_AREA_STYLE_COLOUR('',#10002);
#8096=VERTEX_POINT('',#10003);
#8097=VERTEX_POINT('',#10004);
#8098=LINE('',#10005,#10006);
#8099=LINE('',#10007,#10008);
#8100=LINE('',#10009,#10010);
#8101=FILL_AREA_STYLE_COLOUR('',#10011);
#8102=VERTEX_POINT('',#10012);
#8103=LINE('',#10013,#10014);
#8104=LINE('',#10015,#10016);
#8105=FILL_AREA_STYLE_COLOUR('',#10017);
#8106=VERTEX_POINT('',#10018);
#8107=LINE('',#10019,#10020);
#8108=LINE('',#10021,#10022);
#8109=FILL_AREA_STYLE_COLOUR('',#10023);
#8110=LINE('',#10024,#10025);
#8111=FILL_AREA_STYLE_COLOUR('',#10026);
#8112=LINE('',#10027,#10028);
#8113=FILL_AREA_STYLE_COLOUR('',#10029);
#8114=VERTEX_POINT('',#10030);
#8115=VERTEX_POINT('',#10031);
#8116=LINE('',#10032,#10033);
#8117=VERTEX_POINT('',#10034);
#8118=LINE('',#10035,#10036);
#8119=VERTEX_POINT('',#10037);
#8120=LINE('',#10038,#10039);
#8121=VERTEX_POINT('',#10040);
#8122=LINE('',#10041,#10042);
#8123=VERTEX_POINT('',#10043);
#8124=LINE('',#10044,#10045);
#8125=LINE('',#10046,#10047);
#8126=FILL_AREA_STYLE_COLOUR('',#10048);
#8127=VERTEX_POINT('',#10049);
#8128=LINE('',#10050,#10051);
#8129=VERTEX_POINT('',#10052);
#8130=LINE('',#10053,#10054);
#8131=LINE('',#10055,#10056);
#8132=FILL_AREA_STYLE_COLOUR('',#10057);
#8133=VERTEX_POINT('',#10058);
#8134=VERTEX_POINT('',#10059);
#8135=LINE('',#10060,#10061);
#8136=LINE('',#10062,#10063);
#8137=LINE('',#10064,#10065);
#8138=FILL_AREA_STYLE_COLOUR('',#10066);
#8139=VERTEX_POINT('',#10067);
#8140=LINE('',#10068,#10069);
#8141=LINE('',#10070,#10071);
#8142=FILL_AREA_STYLE_COLOUR('',#10072);
#8143=VERTEX_POINT('',#10073);
#8144=LINE('',#10074,#10075);
#8145=LINE('',#10076,#10077);
#8146=FILL_AREA_STYLE_COLOUR('',#10078);
#8147=LINE('',#10079,#10080);
#8148=FILL_AREA_STYLE_COLOUR('',#10081);
#8149=LINE('',#10082,#10083);
#8150=FILL_AREA_STYLE_COLOUR('',#10084);
#8151=VERTEX_POINT('',#10085);
#8152=VERTEX_POINT('',#10086);
#8153=LINE('',#10087,#10088);
#8154=VERTEX_POINT('',#10089);
#8155=LINE('',#10090,#10091);
#8156=VERTEX_POINT('',#10092);
#8157=LINE('',#10093,#10094);
#8158=VERTEX_POINT('',#10095);
#8159=LINE('',#10096,#10097);
#8160=VERTEX_POINT('',#10098);
#8161=LINE('',#10099,#10100);
#8162=LINE('',#10101,#10102);
#8163=FILL_AREA_STYLE_COLOUR('',#10103);
#8164=VERTEX_POINT('',#10104);
#8165=LINE('',#10105,#10106);
#8166=VERTEX_POINT('',#10107);
#8167=LINE('',#10108,#10109);
#8168=LINE('',#10110,#10111);
#8169=FILL_AREA_STYLE_COLOUR('',#10112);
#8170=VERTEX_POINT('',#10113);
#8171=VERTEX_POINT('',#10114);
#8172=LINE('',#10115,#10116);
#8173=LINE('',#10117,#10118);
#8174=LINE('',#10119,#10120);
#8175=FILL_AREA_STYLE_COLOUR('',#10121);
#8176=VERTEX_POINT('',#10122);
#8177=LINE('',#10123,#10124);
#8178=LINE('',#10125,#10126);
#8179=FILL_AREA_STYLE_COLOUR('',#10127);
#8180=VERTEX_POINT('',#10128);
#8181=LINE('',#10129,#10130);
#8182=LINE('',#10131,#10132);
#8183=FILL_AREA_STYLE_COLOUR('',#10133);
#8184=LINE('',#10134,#10135);
#8185=FILL_AREA_STYLE_COLOUR('',#10136);
#8186=LINE('',#10137,#10138);
#8187=FILL_AREA_STYLE_COLOUR('',#10139);
#8188=VERTEX_POINT('',#10140);
#8189=VERTEX_POINT('',#10141);
#8190=LINE('',#10142,#10143);
#8191=VERTEX_POINT('',#10144);
#8192=LINE('',#10145,#10146);
#8193=VERTEX_POINT('',#10147);
#8194=LINE('',#10148,#10149);
#8195=VERTEX_POINT('',#10150);
#8196=LINE('',#10151,#10152);
#8197=VERTEX_POINT('',#10153);
#8198=LINE('',#10154,#10155);
#8199=LINE('',#10156,#10157);
#8200=FILL_AREA_STYLE_COLOUR('',#10158);
#8201=VERTEX_POINT('',#10159);
#8202=LINE('',#10160,#10161);
#8203=VERTEX_POINT('',#10162);
#8204=LINE('',#10163,#10164);
#8205=LINE('',#10165,#10166);
#8206=FILL_AREA_STYLE_COLOUR('',#10167);
#8207=VERTEX_POINT('',#10168);
#8208=VERTEX_POINT('',#10169);
#8209=LINE('',#10170,#10171);
#8210=LINE('',#10172,#10173);
#8211=LINE('',#10174,#10175);
#8212=FILL_AREA_STYLE_COLOUR('',#10176);
#8213=VERTEX_POINT('',#10177);
#8214=LINE('',#10178,#10179);
#8215=LINE('',#10180,#10181);
#8216=FILL_AREA_STYLE_COLOUR('',#10182);
#8217=VERTEX_POINT('',#10183);
#8218=LINE('',#10184,#10185);
#8219=LINE('',#10186,#10187);
#8220=FILL_AREA_STYLE_COLOUR('',#10188);
#8221=LINE('',#10189,#10190);
#8222=FILL_AREA_STYLE_COLOUR('',#10191);
#8223=LINE('',#10192,#10193);
#8224=FILL_AREA_STYLE_COLOUR('',#10194);
#8225=VERTEX_POINT('',#10195);
#8226=VERTEX_POINT('',#10196);
#8227=LINE('',#10197,#10198);
#8228=VERTEX_POINT('',#10199);
#8229=LINE('',#10200,#10201);
#8230=VERTEX_POINT('',#10202);
#8231=LINE('',#10203,#10204);
#8232=VERTEX_POINT('',#10205);
#8233=LINE('',#10206,#10207);
#8234=VERTEX_POINT('',#10208);
#8235=LINE('',#10209,#10210);
#8236=LINE('',#10211,#10212);
#8237=FILL_AREA_STYLE_COLOUR('',#10213);
#8238=VERTEX_POINT('',#10214);
#8239=LINE('',#10215,#10216);
#8240=VERTEX_POINT('',#10217);
#8241=LINE('',#10218,#10219);
#8242=LINE('',#10220,#10221);
#8243=FILL_AREA_STYLE_COLOUR('',#10222);
#8244=VERTEX_POINT('',#10223);
#8245=VERTEX_POINT('',#10224);
#8246=LINE('',#10225,#10226);
#8247=LINE('',#10227,#10228);
#8248=LINE('',#10229,#10230);
#8249=FILL_AREA_STYLE_COLOUR('',#10231);
#8250=VERTEX_POINT('',#10232);
#8251=LINE('',#10233,#10234);
#8252=LINE('',#10235,#10236);
#8253=FILL_AREA_STYLE_COLOUR('',#10237);
#8254=VERTEX_POINT('',#10238);
#8255=LINE('',#10239,#10240);
#8256=LINE('',#10241,#10242);
#8257=FILL_AREA_STYLE_COLOUR('',#10243);
#8258=LINE('',#10244,#10245);
#8259=FILL_AREA_STYLE_COLOUR('',#10246);
#8260=LINE('',#10247,#10248);
#8261=FILL_AREA_STYLE_COLOUR('',#10249);
#8262=VERTEX_POINT('',#10250);
#8263=VERTEX_POINT('',#10251);
#8264=LINE('',#10252,#10253);
#8265=VERTEX_POINT('',#10254);
#8266=LINE('',#10255,#10256);
#8267=VERTEX_POINT('',#10257);
#8268=LINE('',#10258,#10259);
#8269=VERTEX_POINT('',#10260);
#8270=LINE('',#10261,#10262);
#8271=VERTEX_POINT('',#10263);
#8272=LINE('',#10264,#10265);
#8273=LINE('',#10266,#10267);
#8274=FILL_AREA_STYLE_COLOUR('',#10268);
#8275=VERTEX_POINT('',#10269);
#8276=LINE('',#10270,#10271);
#8277=VERTEX_POINT('',#10272);
#8278=LINE('',#10273,#10274);
#8279=LINE('',#10275,#10276);
#8280=FILL_AREA_STYLE_COLOUR('',#10277);
#8281=VERTEX_POINT('',#10278);
#8282=VERTEX_POINT('',#10279);
#8283=LINE('',#10280,#10281);
#8284=LINE('',#10282,#10283);
#8285=LINE('',#10284,#10285);
#8286=FILL_AREA_STYLE_COLOUR('',#10286);
#8287=VERTEX_POINT('',#10287);
#8288=LINE('',#10288,#10289);
#8289=LINE('',#10290,#10291);
#8290=FILL_AREA_STYLE_COLOUR('',#10292);
#8291=VERTEX_POINT('',#10293);
#8292=LINE('',#10294,#10295);
#8293=LINE('',#10296,#10297);
#8294=FILL_AREA_STYLE_COLOUR('',#10298);
#8295=LINE('',#10299,#10300);
#8296=FILL_AREA_STYLE_COLOUR('',#10301);
#8297=LINE('',#10302,#10303);
#8298=FILL_AREA_STYLE_COLOUR('',#10304);
#8299=VERTEX_POINT('',#10305);
#8300=VERTEX_POINT('',#10306);
#8301=LINE('',#10307,#10308);
#8302=VERTEX_POINT('',#10309);
#8303=LINE('',#10310,#10311);
#8304=VERTEX_POINT('',#10312);
#8305=LINE('',#10313,#10314);
#8306=VERTEX_POINT('',#10315);
#8307=LINE('',#10316,#10317);
#8308=VERTEX_POINT('',#10318);
#8309=LINE('',#10319,#10320);
#8310=LINE('',#10321,#10322);
#8311=FILL_AREA_STYLE_COLOUR('',#10323);
#8312=VERTEX_POINT('',#10324);
#8313=LINE('',#10325,#10326);
#8314=VERTEX_POINT('',#10327);
#8315=LINE('',#10328,#10329);
#8316=LINE('',#10330,#10331);
#8317=FILL_AREA_STYLE_COLOUR('',#10332);
#8318=VERTEX_POINT('',#10333);
#8319=VERTEX_POINT('',#10334);
#8320=LINE('',#10335,#10336);
#8321=LINE('',#10337,#10338);
#8322=LINE('',#10339,#10340);
#8323=FILL_AREA_STYLE_COLOUR('',#10341);
#8324=VERTEX_POINT('',#10342);
#8325=LINE('',#10343,#10344);
#8326=LINE('',#10345,#10346);
#8327=FILL_AREA_STYLE_COLOUR('',#10347);
#8328=VERTEX_POINT('',#10348);
#8329=LINE('',#10349,#10350);
#8330=LINE('',#10351,#10352);
#8331=FILL_AREA_STYLE_COLOUR('',#10353);
#8332=LINE('',#10354,#10355);
#8333=FILL_AREA_STYLE_COLOUR('',#10356);
#8334=LINE('',#10357,#10358);
#8335=FILL_AREA_STYLE_COLOUR('',#10359);
#8336=VERTEX_POINT('',#10360);
#8337=VERTEX_POINT('',#10361);
#8338=LINE('',#10362,#10363);
#8339=VERTEX_POINT('',#10364);
#8340=LINE('',#10365,#10366);
#8341=VERTEX_POINT('',#10367);
#8342=LINE('',#10368,#10369);
#8343=VERTEX_POINT('',#10370);
#8344=LINE('',#10371,#10372);
#8345=VERTEX_POINT('',#10373);
#8346=LINE('',#10374,#10375);
#8347=LINE('',#10376,#10377);
#8348=FILL_AREA_STYLE_COLOUR('',#10378);
#8349=VERTEX_POINT('',#10379);
#8350=LINE('',#10380,#10381);
#8351=VERTEX_POINT('',#10382);
#8352=LINE('',#10383,#10384);
#8353=LINE('',#10385,#10386);
#8354=FILL_AREA_STYLE_COLOUR('',#10387);
#8355=VERTEX_POINT('',#10388);
#8356=VERTEX_POINT('',#10389);
#8357=LINE('',#10390,#10391);
#8358=LINE('',#10392,#10393);
#8359=LINE('',#10394,#10395);
#8360=FILL_AREA_STYLE_COLOUR('',#10396);
#8361=VERTEX_POINT('',#10397);
#8362=LINE('',#10398,#10399);
#8363=LINE('',#10400,#10401);
#8364=FILL_AREA_STYLE_COLOUR('',#10402);
#8365=VERTEX_POINT('',#10403);
#8366=LINE('',#10404,#10405);
#8367=LINE('',#10406,#10407);
#8368=FILL_AREA_STYLE_COLOUR('',#10408);
#8369=LINE('',#10409,#10410);
#8370=FILL_AREA_STYLE_COLOUR('',#10411);
#8371=LINE('',#10412,#10413);
#8372=FILL_AREA_STYLE_COLOUR('',#10414);
#8373=VERTEX_POINT('',#10415);
#8374=VERTEX_POINT('',#10416);
#8375=LINE('',#10417,#10418);
#8376=VERTEX_POINT('',#10419);
#8377=LINE('',#10420,#10421);
#8378=VERTEX_POINT('',#10422);
#8379=LINE('',#10423,#10424);
#8380=VERTEX_POINT('',#10425);
#8381=LINE('',#10426,#10427);
#8382=VERTEX_POINT('',#10428);
#8383=LINE('',#10429,#10430);
#8384=LINE('',#10431,#10432);
#8385=FILL_AREA_STYLE_COLOUR('',#10433);
#8386=VERTEX_POINT('',#10434);
#8387=LINE('',#10435,#10436);
#8388=VERTEX_POINT('',#10437);
#8389=LINE('',#10438,#10439);
#8390=LINE('',#10440,#10441);
#8391=FILL_AREA_STYLE_COLOUR('',#10442);
#8392=VERTEX_POINT('',#10443);
#8393=VERTEX_POINT('',#10444);
#8394=LINE('',#10445,#10446);
#8395=LINE('',#10447,#10448);
#8396=LINE('',#10449,#10450);
#8397=FILL_AREA_STYLE_COLOUR('',#10451);
#8398=VERTEX_POINT('',#10452);
#8399=LINE('',#10453,#10454);
#8400=LINE('',#10455,#10456);
#8401=FILL_AREA_STYLE_COLOUR('',#10457);
#8402=VERTEX_POINT('',#10458);
#8403=LINE('',#10459,#10460);
#8404=LINE('',#10461,#10462);
#8405=FILL_AREA_STYLE_COLOUR('',#10463);
#8406=LINE('',#10464,#10465);
#8407=FILL_AREA_STYLE_COLOUR('',#10466);
#8408=LINE('',#10467,#10468);
#8409=FILL_AREA_STYLE_COLOUR('',#10469);
#8410=VERTEX_POINT('',#10470);
#8411=VERTEX_POINT('',#10471);
#8412=LINE('',#10472,#10473);
#8413=VERTEX_POINT('',#10474);
#8414=LINE('',#10475,#10476);
#8415=VERTEX_POINT('',#10477);
#8416=LINE('',#10478,#10479);
#8417=VERTEX_POINT('',#10480);
#8418=LINE('',#10481,#10482);
#8419=VERTEX_POINT('',#10483);
#8420=LINE('',#10484,#10485);
#8421=LINE('',#10486,#10487);
#8422=FILL_AREA_STYLE_COLOUR('',#10488);
#8423=VERTEX_POINT('',#10489);
#8424=LINE('',#10490,#10491);
#8425=VERTEX_POINT('',#10492);
#8426=LINE('',#10493,#10494);
#8427=LINE('',#10495,#10496);
#8428=FILL_AREA_STYLE_COLOUR('',#10497);
#8429=VERTEX_POINT('',#10498);
#8430=VERTEX_POINT('',#10499);
#8431=LINE('',#10500,#10501);
#8432=LINE('',#10502,#10503);
#8433=LINE('',#10504,#10505);
#8434=FILL_AREA_STYLE_COLOUR('',#10506);
#8435=VERTEX_POINT('',#10507);
#8436=LINE('',#10508,#10509);
#8437=LINE('',#10510,#10511);
#8438=FILL_AREA_STYLE_COLOUR('',#10512);
#8439=VERTEX_POINT('',#10513);
#8440=LINE('',#10514,#10515);
#8441=LINE('',#10516,#10517);
#8442=FILL_AREA_STYLE_COLOUR('',#10518);
#8443=LINE('',#10519,#10520);
#8444=FILL_AREA_STYLE_COLOUR('',#10521);
#8445=LINE('',#10522,#10523);
#8446=FILL_AREA_STYLE_COLOUR('',#10524);
#8447=VERTEX_POINT('',#10525);
#8448=VERTEX_POINT('',#10526);
#8449=LINE('',#10527,#10528);
#8450=VERTEX_POINT('',#10529);
#8451=LINE('',#10530,#10531);
#8452=VERTEX_POINT('',#10532);
#8453=LINE('',#10533,#10534);
#8454=VERTEX_POINT('',#10535);
#8455=LINE('',#10536,#10537);
#8456=VERTEX_POINT('',#10538);
#8457=LINE('',#10539,#10540);
#8458=LINE('',#10541,#10542);
#8459=FILL_AREA_STYLE_COLOUR('',#10543);
#8460=VERTEX_POINT('',#10544);
#8461=LINE('',#10545,#10546);
#8462=VERTEX_POINT('',#10547);
#8463=LINE('',#10548,#10549);
#8464=LINE('',#10550,#10551);
#8465=FILL_AREA_STYLE_COLOUR('',#10552);
#8466=VERTEX_POINT('',#10553);
#8467=VERTEX_POINT('',#10554);
#8468=LINE('',#10555,#10556);
#8469=LINE('',#10557,#10558);
#8470=LINE('',#10559,#10560);
#8471=FILL_AREA_STYLE_COLOUR('',#10561);
#8472=VERTEX_POINT('',#10562);
#8473=LINE('',#10563,#10564);
#8474=LINE('',#10565,#10566);
#8475=FILL_AREA_STYLE_COLOUR('',#10567);
#8476=VERTEX_POINT('',#10568);
#8477=LINE('',#10569,#10570);
#8478=LINE('',#10571,#10572);
#8479=FILL_AREA_STYLE_COLOUR('',#10573);
#8480=LINE('',#10574,#10575);
#8481=FILL_AREA_STYLE_COLOUR('',#10576);
#8482=LINE('',#10577,#10578);
#8483=FILL_AREA_STYLE_COLOUR('',#10579);
#8484=VERTEX_POINT('',#10580);
#8485=VERTEX_POINT('',#10581);
#8486=LINE('',#10582,#10583);
#8487=VERTEX_POINT('',#10584);
#8488=LINE('',#10585,#10586);
#8489=VERTEX_POINT('',#10587);
#8490=LINE('',#10588,#10589);
#8491=VERTEX_POINT('',#10590);
#8492=LINE('',#10591,#10592);
#8493=VERTEX_POINT('',#10593);
#8494=LINE('',#10594,#10595);
#8495=LINE('',#10596,#10597);
#8496=FILL_AREA_STYLE_COLOUR('',#10598);
#8497=VERTEX_POINT('',#10599);
#8498=LINE('',#10600,#10601);
#8499=VERTEX_POINT('',#10602);
#8500=LINE('',#10603,#10604);
#8501=LINE('',#10605,#10606);
#8502=FILL_AREA_STYLE_COLOUR('',#10607);
#8503=VERTEX_POINT('',#10608);
#8504=VERTEX_POINT('',#10609);
#8505=LINE('',#10610,#10611);
#8506=LINE('',#10612,#10613);
#8507=LINE('',#10614,#10615);
#8508=FILL_AREA_STYLE_COLOUR('',#10616);
#8509=VERTEX_POINT('',#10617);
#8510=LINE('',#10618,#10619);
#8511=LINE('',#10620,#10621);
#8512=FILL_AREA_STYLE_COLOUR('',#10622);
#8513=VERTEX_POINT('',#10623);
#8514=LINE('',#10624,#10625);
#8515=LINE('',#10626,#10627);
#8516=FILL_AREA_STYLE_COLOUR('',#10628);
#8517=LINE('',#10629,#10630);
#8518=FILL_AREA_STYLE_COLOUR('',#10631);
#8519=LINE('',#10632,#10633);
#8520=FILL_AREA_STYLE_COLOUR('',#10634);
#8521=VERTEX_POINT('',#10635);
#8522=VERTEX_POINT('',#10636);
#8523=LINE('',#10637,#10638);
#8524=VERTEX_POINT('',#10639);
#8525=LINE('',#10640,#10641);
#8526=VERTEX_POINT('',#10642);
#8527=LINE('',#10643,#10644);
#8528=VERTEX_POINT('',#10645);
#8529=LINE('',#10646,#10647);
#8530=VERTEX_POINT('',#10648);
#8531=LINE('',#10649,#10650);
#8532=LINE('',#10651,#10652);
#8533=FILL_AREA_STYLE_COLOUR('',#10653);
#8534=VERTEX_POINT('',#10654);
#8535=LINE('',#10655,#10656);
#8536=VERTEX_POINT('',#10657);
#8537=LINE('',#10658,#10659);
#8538=LINE('',#10660,#10661);
#8539=FILL_AREA_STYLE_COLOUR('',#10662);
#8540=VERTEX_POINT('',#10663);
#8541=VERTEX_POINT('',#10664);
#8542=LINE('',#10665,#10666);
#8543=LINE('',#10667,#10668);
#8544=LINE('',#10669,#10670);
#8545=FILL_AREA_STYLE_COLOUR('',#10671);
#8546=VERTEX_POINT('',#10672);
#8547=LINE('',#10673,#10674);
#8548=LINE('',#10675,#10676);
#8549=FILL_AREA_STYLE_COLOUR('',#10677);
#8550=VERTEX_POINT('',#10678);
#8551=LINE('',#10679,#10680);
#8552=LINE('',#10681,#10682);
#8553=FILL_AREA_STYLE_COLOUR('',#10683);
#8554=LINE('',#10684,#10685);
#8555=FILL_AREA_STYLE_COLOUR('',#10686);
#8556=LINE('',#10687,#10688);
#8557=FILL_AREA_STYLE_COLOUR('',#10689);
#8558=VERTEX_POINT('',#10690);
#8559=VERTEX_POINT('',#10691);
#8560=LINE('',#10692,#10693);
#8561=VERTEX_POINT('',#10694);
#8562=LINE('',#10695,#10696);
#8563=VERTEX_POINT('',#10697);
#8564=LINE('',#10698,#10699);
#8565=VERTEX_POINT('',#10700);
#8566=LINE('',#10701,#10702);
#8567=VERTEX_POINT('',#10703);
#8568=LINE('',#10704,#10705);
#8569=LINE('',#10706,#10707);
#8570=FILL_AREA_STYLE_COLOUR('',#10708);
#8571=VERTEX_POINT('',#10709);
#8572=LINE('',#10710,#10711);
#8573=VERTEX_POINT('',#10712);
#8574=LINE('',#10713,#10714);
#8575=LINE('',#10715,#10716);
#8576=FILL_AREA_STYLE_COLOUR('',#10717);
#8577=VERTEX_POINT('',#10718);
#8578=VERTEX_POINT('',#10719);
#8579=LINE('',#10720,#10721);
#8580=LINE('',#10722,#10723);
#8581=LINE('',#10724,#10725);
#8582=FILL_AREA_STYLE_COLOUR('',#10726);
#8583=VERTEX_POINT('',#10727);
#8584=LINE('',#10728,#10729);
#8585=LINE('',#10730,#10731);
#8586=FILL_AREA_STYLE_COLOUR('',#10732);
#8587=VERTEX_POINT('',#10733);
#8588=LINE('',#10734,#10735);
#8589=LINE('',#10736,#10737);
#8590=FILL_AREA_STYLE_COLOUR('',#10738);
#8591=LINE('',#10739,#10740);
#8592=FILL_AREA_STYLE_COLOUR('',#10741);
#8593=LINE('',#10742,#10743);
#8594=FILL_AREA_STYLE_COLOUR('',#10744);
#8595=VERTEX_POINT('',#10745);
#8596=VERTEX_POINT('',#10746);
#8597=LINE('',#10747,#10748);
#8598=VERTEX_POINT('',#10749);
#8599=LINE('',#10750,#10751);
#8600=VERTEX_POINT('',#10752);
#8601=LINE('',#10753,#10754);
#8602=VERTEX_POINT('',#10755);
#8603=LINE('',#10756,#10757);
#8604=VERTEX_POINT('',#10758);
#8605=LINE('',#10759,#10760);
#8606=LINE('',#10761,#10762);
#8607=FILL_AREA_STYLE_COLOUR('',#10763);
#8608=VERTEX_POINT('',#10764);
#8609=LINE('',#10765,#10766);
#8610=VERTEX_POINT('',#10767);
#8611=LINE('',#10768,#10769);
#8612=LINE('',#10770,#10771);
#8613=FILL_AREA_STYLE_COLOUR('',#10772);
#8614=VERTEX_POINT('',#10773);
#8615=VERTEX_POINT('',#10774);
#8616=LINE('',#10775,#10776);
#8617=LINE('',#10777,#10778);
#8618=LINE('',#10779,#10780);
#8619=FILL_AREA_STYLE_COLOUR('',#10781);
#8620=VERTEX_POINT('',#10782);
#8621=LINE('',#10783,#10784);
#8622=LINE('',#10785,#10786);
#8623=FILL_AREA_STYLE_COLOUR('',#10787);
#8624=VERTEX_POINT('',#10788);
#8625=LINE('',#10789,#10790);
#8626=LINE('',#10791,#10792);
#8627=FILL_AREA_STYLE_COLOUR('',#10793);
#8628=LINE('',#10794,#10795);
#8629=FILL_AREA_STYLE_COLOUR('',#10796);
#8630=LINE('',#10797,#10798);
#8631=FILL_AREA_STYLE_COLOUR('',#10799);
#8632=VERTEX_POINT('',#10800);
#8633=VERTEX_POINT('',#10801);
#8634=LINE('',#10802,#10803);
#8635=VERTEX_POINT('',#10804);
#8636=LINE('',#10805,#10806);
#8637=VERTEX_POINT('',#10807);
#8638=LINE('',#10808,#10809);
#8639=VERTEX_POINT('',#10810);
#8640=LINE('',#10811,#10812);
#8641=VERTEX_POINT('',#10813);
#8642=LINE('',#10814,#10815);
#8643=LINE('',#10816,#10817);
#8644=FILL_AREA_STYLE_COLOUR('',#10818);
#8645=VERTEX_POINT('',#10819);
#8646=LINE('',#10820,#10821);
#8647=VERTEX_POINT('',#10822);
#8648=LINE('',#10823,#10824);
#8649=LINE('',#10825,#10826);
#8650=FILL_AREA_STYLE_COLOUR('',#10827);
#8651=VERTEX_POINT('',#10828);
#8652=VERTEX_POINT('',#10829);
#8653=LINE('',#10830,#10831);
#8654=LINE('',#10832,#10833);
#8655=LINE('',#10834,#10835);
#8656=FILL_AREA_STYLE_COLOUR('',#10836);
#8657=VERTEX_POINT('',#10837);
#8658=LINE('',#10838,#10839);
#8659=LINE('',#10840,#10841);
#8660=FILL_AREA_STYLE_COLOUR('',#10842);
#8661=VERTEX_POINT('',#10843);
#8662=LINE('',#10844,#10845);
#8663=LINE('',#10846,#10847);
#8664=FILL_AREA_STYLE_COLOUR('',#10848);
#8665=LINE('',#10849,#10850);
#8666=FILL_AREA_STYLE_COLOUR('',#10851);
#8667=LINE('',#10852,#10853);
#8668=FILL_AREA_STYLE_COLOUR('',#10854);
#8669=VERTEX_POINT('',#10855);
#8670=VERTEX_POINT('',#10856);
#8671=LINE('',#10857,#10858);
#8672=VERTEX_POINT('',#10859);
#8673=LINE('',#10860,#10861);
#8674=VERTEX_POINT('',#10862);
#8675=LINE('',#10863,#10864);
#8676=LINE('',#10865,#10866);
#8677=FILL_AREA_STYLE_COLOUR('',#10867);
#8678=VERTEX_POINT('',#10868);
#8679=LINE('',#10869,#10870);
#8680=VERTEX_POINT('',#10871);
#8681=LINE('',#10872,#10873);
#8682=LINE('',#10874,#10875);
#8683=FILL_AREA_STYLE_COLOUR('',#10876);
#8684=VERTEX_POINT('',#10877);
#8685=LINE('',#10878,#10879);
#8686=VERTEX_POINT('',#10880);
#8687=LINE('',#10881,#10882);
#8688=LINE('',#10883,#10884);
#8689=FILL_AREA_STYLE_COLOUR('',#10885);
#8690=LINE('',#10886,#10887);
#8691=LINE('',#10888,#10889);
#8692=FILL_AREA_STYLE_COLOUR('',#10890);
#8693=VERTEX_POINT('',#10891);
#8694=LINE('',#10892,#10893);
#8695=VERTEX_POINT('',#10894);
#8696=LINE('',#10895,#10896);
#8697=LINE('',#10897,#10898);
#8698=FILL_AREA_STYLE_COLOUR('',#10899);
#8699=VERTEX_POINT('',#10900);
#8700=LINE('',#10901,#10902);
#8701=LINE('',#10903,#10904);
#8702=FILL_AREA_STYLE_COLOUR('',#10905);
#8703=VERTEX_POINT('',#10906);
#8704=LINE('',#10907,#10908);
#8705=LINE('',#10909,#10910);
#8706=FILL_AREA_STYLE_COLOUR('',#10911);
#8707=LINE('',#10912,#10913);
#8708=FILL_AREA_STYLE_COLOUR('',#10914);
#8709=FILL_AREA_STYLE_COLOUR('',#10915);
#8710=VERTEX_POINT('',#10916);
#8711=VERTEX_POINT('',#10917);
#8712=LINE('',#10918,#10919);
#8713=VERTEX_POINT('',#10920);
#8714=LINE('',#10921,#10922);
#8715=VERTEX_POINT('',#10923);
#8716=LINE('',#10924,#10925);
#8717=LINE('',#10926,#10927);
#8718=FILL_AREA_STYLE_COLOUR('',#10928);
#8719=VERTEX_POINT('',#10929);
#8720=LINE('',#10930,#10931);
#8721=VERTEX_POINT('',#10932);
#8722=LINE('',#10933,#10934);
#8723=LINE('',#10935,#10936);
#8724=FILL_AREA_STYLE_COLOUR('',#10937);
#8725=VERTEX_POINT('',#10938);
#8726=LINE('',#10939,#10940);
#8727=VERTEX_POINT('',#10941);
#8728=LINE('',#10942,#10943);
#8729=LINE('',#10944,#10945);
#8730=FILL_AREA_STYLE_COLOUR('',#10946);
#8731=LINE('',#10947,#10948);
#8732=LINE('',#10949,#10950);
#8733=FILL_AREA_STYLE_COLOUR('',#10951);
#8734=VERTEX_POINT('',#10952);
#8735=LINE('',#10953,#10954);
#8736=VERTEX_POINT('',#10955);
#8737=LINE('',#10956,#10957);
#8738=LINE('',#10958,#10959);
#8739=FILL_AREA_STYLE_COLOUR('',#10960);
#8740=VERTEX_POINT('',#10961);
#8741=LINE('',#10962,#10963);
#8742=LINE('',#10964,#10965);
#8743=FILL_AREA_STYLE_COLOUR('',#10966);
#8744=VERTEX_POINT('',#10967);
#8745=LINE('',#10968,#10969);
#8746=LINE('',#10970,#10971);
#8747=FILL_AREA_STYLE_COLOUR('',#10972);
#8748=LINE('',#10973,#10974);
#8749=FILL_AREA_STYLE_COLOUR('',#10975);
#8750=FILL_AREA_STYLE_COLOUR('',#10976);
#8751=VERTEX_POINT('',#10977);
#8752=VERTEX_POINT('',#10978);
#8753=LINE('',#10979,#10980);
#8754=VERTEX_POINT('',#10981);
#8755=LINE('',#10982,#10983);
#8756=VERTEX_POINT('',#10984);
#8757=LINE('',#10985,#10986);
#8758=LINE('',#10987,#10988);
#8759=FILL_AREA_STYLE_COLOUR('',#10989);
#8760=VERTEX_POINT('',#10990);
#8761=LINE('',#10991,#10992);
#8762=VERTEX_POINT('',#10993);
#8763=LINE('',#10994,#10995);
#8764=LINE('',#10996,#10997);
#8765=FILL_AREA_STYLE_COLOUR('',#10998);
#8766=VERTEX_POINT('',#10999);
#8767=LINE('',#11000,#11001);
#8768=VERTEX_POINT('',#11002);
#8769=LINE('',#11003,#11004);
#8770=LINE('',#11005,#11006);
#8771=FILL_AREA_STYLE_COLOUR('',#11007);
#8772=LINE('',#11008,#11009);
#8773=LINE('',#11010,#11011);
#8774=FILL_AREA_STYLE_COLOUR('',#11012);
#8775=VERTEX_POINT('',#11013);
#8776=LINE('',#11014,#11015);
#8777=VERTEX_POINT('',#11016);
#8778=LINE('',#11017,#11018);
#8779=LINE('',#11019,#11020);
#8780=FILL_AREA_STYLE_COLOUR('',#11021);
#8781=VERTEX_POINT('',#11022);
#8782=LINE('',#11023,#11024);
#8783=LINE('',#11025,#11026);
#8784=FILL_AREA_STYLE_COLOUR('',#11027);
#8785=VERTEX_POINT('',#11028);
#8786=LINE('',#11029,#11030);
#8787=LINE('',#11031,#11032);
#8788=FILL_AREA_STYLE_COLOUR('',#11033);
#8789=LINE('',#11034,#11035);
#8790=FILL_AREA_STYLE_COLOUR('',#11036);
#8791=FILL_AREA_STYLE_COLOUR('',#11037);
#8792=VERTEX_POINT('',#11038);
#8793=VERTEX_POINT('',#11039);
#8794=LINE('',#11040,#11041);
#8795=VERTEX_POINT('',#11042);
#8796=LINE('',#11043,#11044);
#8797=VERTEX_POINT('',#11045);
#8798=LINE('',#11046,#11047);
#8799=LINE('',#11048,#11049);
#8800=FILL_AREA_STYLE_COLOUR('',#11050);
#8801=VERTEX_POINT('',#11051);
#8802=LINE('',#11052,#11053);
#8803=VERTEX_POINT('',#11054);
#8804=LINE('',#11055,#11056);
#8805=LINE('',#11057,#11058);
#8806=FILL_AREA_STYLE_COLOUR('',#11059);
#8807=VERTEX_POINT('',#11060);
#8808=LINE('',#11061,#11062);
#8809=VERTEX_POINT('',#11063);
#8810=LINE('',#11064,#11065);
#8811=LINE('',#11066,#11067);
#8812=FILL_AREA_STYLE_COLOUR('',#11068);
#8813=LINE('',#11069,#11070);
#8814=LINE('',#11071,#11072);
#8815=FILL_AREA_STYLE_COLOUR('',#11073);
#8816=VERTEX_POINT('',#11074);
#8817=LINE('',#11075,#11076);
#8818=VERTEX_POINT('',#11077);
#8819=LINE('',#11078,#11079);
#8820=LINE('',#11080,#11081);
#8821=FILL_AREA_STYLE_COLOUR('',#11082);
#8822=VERTEX_POINT('',#11083);
#8823=LINE('',#11084,#11085);
#8824=LINE('',#11086,#11087);
#8825=FILL_AREA_STYLE_COLOUR('',#11088);
#8826=VERTEX_POINT('',#11089);
#8827=LINE('',#11090,#11091);
#8828=LINE('',#11092,#11093);
#8829=FILL_AREA_STYLE_COLOUR('',#11094);
#8830=LINE('',#11095,#11096);
#8831=FILL_AREA_STYLE_COLOUR('',#11097);
#8832=FILL_AREA_STYLE_COLOUR('',#11098);
#8833=VERTEX_POINT('',#11099);
#8834=VERTEX_POINT('',#11100);
#8835=LINE('',#11101,#11102);
#8836=VERTEX_POINT('',#11103);
#8837=LINE('',#11104,#11105);
#8838=VERTEX_POINT('',#11106);
#8839=LINE('',#11107,#11108);
#8840=LINE('',#11109,#11110);
#8841=FILL_AREA_STYLE_COLOUR('',#11111);
#8842=VERTEX_POINT('',#11112);
#8843=LINE('',#11113,#11114);
#8844=VERTEX_POINT('',#11115);
#8845=LINE('',#11116,#11117);
#8846=LINE('',#11118,#11119);
#8847=FILL_AREA_STYLE_COLOUR('',#11120);
#8848=VERTEX_POINT('',#11121);
#8849=LINE('',#11122,#11123);
#8850=VERTEX_POINT('',#11124);
#8851=LINE('',#11125,#11126);
#8852=LINE('',#11127,#11128);
#8853=FILL_AREA_STYLE_COLOUR('',#11129);
#8854=LINE('',#11130,#11131);
#8855=LINE('',#11132,#11133);
#8856=FILL_AREA_STYLE_COLOUR('',#11134);
#8857=VERTEX_POINT('',#11135);
#8858=LINE('',#11136,#11137);
#8859=VERTEX_POINT('',#11138);
#8860=LINE('',#11139,#11140);
#8861=LINE('',#11141,#11142);
#8862=FILL_AREA_STYLE_COLOUR('',#11143);
#8863=VERTEX_POINT('',#11144);
#8864=LINE('',#11145,#11146);
#8865=LINE('',#11147,#11148);
#8866=FILL_AREA_STYLE_COLOUR('',#11149);
#8867=VERTEX_POINT('',#11150);
#8868=LINE('',#11151,#11152);
#8869=LINE('',#11153,#11154);
#8870=FILL_AREA_STYLE_COLOUR('',#11155);
#8871=LINE('',#11156,#11157);
#8872=FILL_AREA_STYLE_COLOUR('',#11158);
#8873=FILL_AREA_STYLE_COLOUR('',#11159);
#8874=VERTEX_POINT('',#11160);
#8875=VERTEX_POINT('',#11161);
#8876=LINE('',#11162,#11163);
#8877=VERTEX_POINT('',#11164);
#8878=LINE('',#11165,#11166);
#8879=VERTEX_POINT('',#11167);
#8880=LINE('',#11168,#11169);
#8881=LINE('',#11170,#11171);
#8882=FILL_AREA_STYLE_COLOUR('',#11172);
#8883=VERTEX_POINT('',#11173);
#8884=LINE('',#11174,#11175);
#8885=VERTEX_POINT('',#11176);
#8886=LINE('',#11177,#11178);
#8887=LINE('',#11179,#11180);
#8888=FILL_AREA_STYLE_COLOUR('',#11181);
#8889=VERTEX_POINT('',#11182);
#8890=LINE('',#11183,#11184);
#8891=VERTEX_POINT('',#11185);
#8892=LINE('',#11186,#11187);
#8893=LINE('',#11188,#11189);
#8894=FILL_AREA_STYLE_COLOUR('',#11190);
#8895=LINE('',#11191,#11192);
#8896=LINE('',#11193,#11194);
#8897=FILL_AREA_STYLE_COLOUR('',#11195);
#8898=VERTEX_POINT('',#11196);
#8899=LINE('',#11197,#11198);
#8900=VERTEX_POINT('',#11199);
#8901=LINE('',#11200,#11201);
#8902=LINE('',#11202,#11203);
#8903=FILL_AREA_STYLE_COLOUR('',#11204);
#8904=VERTEX_POINT('',#11205);
#8905=LINE('',#11206,#11207);
#8906=LINE('',#11208,#11209);
#8907=FILL_AREA_STYLE_COLOUR('',#11210);
#8908=VERTEX_POINT('',#11211);
#8909=LINE('',#11212,#11213);
#8910=LINE('',#11214,#11215);
#8911=FILL_AREA_STYLE_COLOUR('',#11216);
#8912=LINE('',#11217,#11218);
#8913=FILL_AREA_STYLE_COLOUR('',#11219);
#8914=FILL_AREA_STYLE_COLOUR('',#11220);
#8915=VERTEX_POINT('',#11221);
#8916=VERTEX_POINT('',#11222);
#8917=LINE('',#11223,#11224);
#8918=VERTEX_POINT('',#11225);
#8919=LINE('',#11226,#11227);
#8920=VERTEX_POINT('',#11228);
#8921=LINE('',#11229,#11230);
#8922=LINE('',#11231,#11232);
#8923=FILL_AREA_STYLE_COLOUR('',#11233);
#8924=VERTEX_POINT('',#11234);
#8925=LINE('',#11235,#11236);
#8926=VERTEX_POINT('',#11237);
#8927=LINE('',#11238,#11239);
#8928=LINE('',#11240,#11241);
#8929=FILL_AREA_STYLE_COLOUR('',#11242);
#8930=VERTEX_POINT('',#11243);
#8931=LINE('',#11244,#11245);
#8932=VERTEX_POINT('',#11246);
#8933=LINE('',#11247,#11248);
#8934=LINE('',#11249,#11250);
#8935=FILL_AREA_STYLE_COLOUR('',#11251);
#8936=LINE('',#11252,#11253);
#8937=LINE('',#11254,#11255);
#8938=FILL_AREA_STYLE_COLOUR('',#11256);
#8939=VERTEX_POINT('',#11257);
#8940=LINE('',#11258,#11259);
#8941=VERTEX_POINT('',#11260);
#8942=LINE('',#11261,#11262);
#8943=LINE('',#11263,#11264);
#8944=FILL_AREA_STYLE_COLOUR('',#11265);
#8945=VERTEX_POINT('',#11266);
#8946=LINE('',#11267,#11268);
#8947=LINE('',#11269,#11270);
#8948=FILL_AREA_STYLE_COLOUR('',#11271);
#8949=VERTEX_POINT('',#11272);
#8950=LINE('',#11273,#11274);
#8951=LINE('',#11275,#11276);
#8952=FILL_AREA_STYLE_COLOUR('',#11277);
#8953=LINE('',#11278,#11279);
#8954=FILL_AREA_STYLE_COLOUR('',#11280);
#8955=FILL_AREA_STYLE_COLOUR('',#11281);
#8956=VERTEX_POINT('',#11282);
#8957=VERTEX_POINT('',#11283);
#8958=LINE('',#11284,#11285);
#8959=VERTEX_POINT('',#11286);
#8960=LINE('',#11287,#11288);
#8961=VERTEX_POINT('',#11289);
#8962=LINE('',#11290,#11291);
#8963=LINE('',#11292,#11293);
#8964=FILL_AREA_STYLE_COLOUR('',#11294);
#8965=VERTEX_POINT('',#11295);
#8966=LINE('',#11296,#11297);
#8967=VERTEX_POINT('',#11298);
#8968=LINE('',#11299,#11300);
#8969=LINE('',#11301,#11302);
#8970=FILL_AREA_STYLE_COLOUR('',#11303);
#8971=VERTEX_POINT('',#11304);
#8972=LINE('',#11305,#11306);
#8973=VERTEX_POINT('',#11307);
#8974=LINE('',#11308,#11309);
#8975=LINE('',#11310,#11311);
#8976=FILL_AREA_STYLE_COLOUR('',#11312);
#8977=LINE('',#11313,#11314);
#8978=LINE('',#11315,#11316);
#8979=FILL_AREA_STYLE_COLOUR('',#11317);
#8980=VERTEX_POINT('',#11318);
#8981=LINE('',#11319,#11320);
#8982=VERTEX_POINT('',#11321);
#8983=LINE('',#11322,#11323);
#8984=LINE('',#11324,#11325);
#8985=FILL_AREA_STYLE_COLOUR('',#11326);
#8986=VERTEX_POINT('',#11327);
#8987=LINE('',#11328,#11329);
#8988=LINE('',#11330,#11331);
#8989=FILL_AREA_STYLE_COLOUR('',#11332);
#8990=VERTEX_POINT('',#11333);
#8991=LINE('',#11334,#11335);
#8992=LINE('',#11336,#11337);
#8993=FILL_AREA_STYLE_COLOUR('',#11338);
#8994=LINE('',#11339,#11340);
#8995=FILL_AREA_STYLE_COLOUR('',#11341);
#8996=FILL_AREA_STYLE_COLOUR('',#11342);
#8997=VERTEX_POINT('',#11343);
#8998=VERTEX_POINT('',#11344);
#8999=LINE('',#11345,#11346);
#9000=VERTEX_POINT('',#11347);
#9001=LINE('',#11348,#11349);
#9002=VERTEX_POINT('',#11350);
#9003=LINE('',#11351,#11352);
#9004=LINE('',#11353,#11354);
#9005=FILL_AREA_STYLE_COLOUR('',#11355);
#9006=VERTEX_POINT('',#11356);
#9007=LINE('',#11357,#11358);
#9008=VERTEX_POINT('',#11359);
#9009=LINE('',#11360,#11361);
#9010=LINE('',#11362,#11363);
#9011=FILL_AREA_STYLE_COLOUR('',#11364);
#9012=VERTEX_POINT('',#11365);
#9013=LINE('',#11366,#11367);
#9014=VERTEX_POINT('',#11368);
#9015=LINE('',#11369,#11370);
#9016=LINE('',#11371,#11372);
#9017=FILL_AREA_STYLE_COLOUR('',#11373);
#9018=LINE('',#11374,#11375);
#9019=LINE('',#11376,#11377);
#9020=FILL_AREA_STYLE_COLOUR('',#11378);
#9021=VERTEX_POINT('',#11379);
#9022=LINE('',#11380,#11381);
#9023=VERTEX_POINT('',#11382);
#9024=LINE('',#11383,#11384);
#9025=LINE('',#11385,#11386);
#9026=FILL_AREA_STYLE_COLOUR('',#11387);
#9027=VERTEX_POINT('',#11388);
#9028=LINE('',#11389,#11390);
#9029=LINE('',#11391,#11392);
#9030=FILL_AREA_STYLE_COLOUR('',#11393);
#9031=VERTEX_POINT('',#11394);
#9032=LINE('',#11395,#11396);
#9033=LINE('',#11397,#11398);
#9034=FILL_AREA_STYLE_COLOUR('',#11399);
#9035=LINE('',#11400,#11401);
#9036=FILL_AREA_STYLE_COLOUR('',#11402);
#9037=FILL_AREA_STYLE_COLOUR('',#11403);
#9038=VERTEX_POINT('',#11404);
#9039=VERTEX_POINT('',#11405);
#9040=LINE('',#11406,#11407);
#9041=VERTEX_POINT('',#11408);
#9042=LINE('',#11409,#11410);
#9043=VERTEX_POINT('',#11411);
#9044=LINE('',#11412,#11413);
#9045=LINE('',#11414,#11415);
#9046=FILL_AREA_STYLE_COLOUR('',#11416);
#9047=VERTEX_POINT('',#11417);
#9048=LINE('',#11418,#11419);
#9049=VERTEX_POINT('',#11420);
#9050=LINE('',#11421,#11422);
#9051=LINE('',#11423,#11424);
#9052=FILL_AREA_STYLE_COLOUR('',#11425);
#9053=VERTEX_POINT('',#11426);
#9054=LINE('',#11427,#11428);
#9055=VERTEX_POINT('',#11429);
#9056=LINE('',#11430,#11431);
#9057=LINE('',#11432,#11433);
#9058=FILL_AREA_STYLE_COLOUR('',#11434);
#9059=LINE('',#11435,#11436);
#9060=LINE('',#11437,#11438);
#9061=FILL_AREA_STYLE_COLOUR('',#11439);
#9062=VERTEX_POINT('',#11440);
#9063=LINE('',#11441,#11442);
#9064=VERTEX_POINT('',#11443);
#9065=LINE('',#11444,#11445);
#9066=LINE('',#11446,#11447);
#9067=FILL_AREA_STYLE_COLOUR('',#11448);
#9068=VERTEX_POINT('',#11449);
#9069=LINE('',#11450,#11451);
#9070=LINE('',#11452,#11453);
#9071=FILL_AREA_STYLE_COLOUR('',#11454);
#9072=VERTEX_POINT('',#11455);
#9073=LINE('',#11456,#11457);
#9074=LINE('',#11458,#11459);
#9075=FILL_AREA_STYLE_COLOUR('',#11460);
#9076=LINE('',#11461,#11462);
#9077=FILL_AREA_STYLE_COLOUR('',#11463);
#9078=FILL_AREA_STYLE_COLOUR('',#11464);
#9079=VERTEX_POINT('',#11465);
#9080=VERTEX_POINT('',#11466);
#9081=LINE('',#11467,#11468);
#9082=VERTEX_POINT('',#11469);
#9083=LINE('',#11470,#11471);
#9084=VERTEX_POINT('',#11472);
#9085=LINE('',#11473,#11474);
#9086=LINE('',#11475,#11476);
#9087=FILL_AREA_STYLE_COLOUR('',#11477);
#9088=VERTEX_POINT('',#11478);
#9089=LINE('',#11479,#11480);
#9090=VERTEX_POINT('',#11481);
#9091=LINE('',#11482,#11483);
#9092=LINE('',#11484,#11485);
#9093=FILL_AREA_STYLE_COLOUR('',#11486);
#9094=VERTEX_POINT('',#11487);
#9095=LINE('',#11488,#11489);
#9096=VERTEX_POINT('',#11490);
#9097=LINE('',#11491,#11492);
#9098=LINE('',#11493,#11494);
#9099=FILL_AREA_STYLE_COLOUR('',#11495);
#9100=LINE('',#11496,#11497);
#9101=LINE('',#11498,#11499);
#9102=FILL_AREA_STYLE_COLOUR('',#11500);
#9103=VERTEX_POINT('',#11501);
#9104=LINE('',#11502,#11503);
#9105=VERTEX_POINT('',#11504);
#9106=LINE('',#11505,#11506);
#9107=LINE('',#11507,#11508);
#9108=FILL_AREA_STYLE_COLOUR('',#11509);
#9109=VERTEX_POINT('',#11510);
#9110=LINE('',#11511,#11512);
#9111=LINE('',#11513,#11514);
#9112=FILL_AREA_STYLE_COLOUR('',#11515);
#9113=VERTEX_POINT('',#11516);
#9114=LINE('',#11517,#11518);
#9115=LINE('',#11519,#11520);
#9116=FILL_AREA_STYLE_COLOUR('',#11521);
#9117=LINE('',#11522,#11523);
#9118=FILL_AREA_STYLE_COLOUR('',#11524);
#9119=FILL_AREA_STYLE_COLOUR('',#11525);
#9120=VERTEX_POINT('',#11526);
#9121=VERTEX_POINT('',#11527);
#9122=LINE('',#11528,#11529);
#9123=VERTEX_POINT('',#11530);
#9124=LINE('',#11531,#11532);
#9125=VERTEX_POINT('',#11533);
#9126=LINE('',#11534,#11535);
#9127=LINE('',#11536,#11537);
#9128=FILL_AREA_STYLE_COLOUR('',#11538);
#9129=VERTEX_POINT('',#11539);
#9130=LINE('',#11540,#11541);
#9131=VERTEX_POINT('',#11542);
#9132=LINE('',#11543,#11544);
#9133=LINE('',#11545,#11546);
#9134=FILL_AREA_STYLE_COLOUR('',#11547);
#9135=VERTEX_POINT('',#11548);
#9136=LINE('',#11549,#11550);
#9137=VERTEX_POINT('',#11551);
#9138=LINE('',#11552,#11553);
#9139=LINE('',#11554,#11555);
#9140=FILL_AREA_STYLE_COLOUR('',#11556);
#9141=LINE('',#11557,#11558);
#9142=LINE('',#11559,#11560);
#9143=FILL_AREA_STYLE_COLOUR('',#11561);
#9144=VERTEX_POINT('',#11562);
#9145=LINE('',#11563,#11564);
#9146=VERTEX_POINT('',#11565);
#9147=LINE('',#11566,#11567);
#9148=LINE('',#11568,#11569);
#9149=FILL_AREA_STYLE_COLOUR('',#11570);
#9150=VERTEX_POINT('',#11571);
#9151=LINE('',#11572,#11573);
#9152=LINE('',#11574,#11575);
#9153=FILL_AREA_STYLE_COLOUR('',#11576);
#9154=VERTEX_POINT('',#11577);
#9155=LINE('',#11578,#11579);
#9156=LINE('',#11580,#11581);
#9157=FILL_AREA_STYLE_COLOUR('',#11582);
#9158=LINE('',#11583,#11584);
#9159=FILL_AREA_STYLE_COLOUR('',#11585);
#9160=FILL_AREA_STYLE_COLOUR('',#11586);
#9161=VERTEX_POINT('',#11587);
#9162=VERTEX_POINT('',#11588);
#9163=LINE('',#11589,#11590);
#9164=VERTEX_POINT('',#11591);
#9165=LINE('',#11592,#11593);
#9166=VERTEX_POINT('',#11594);
#9167=LINE('',#11595,#11596);
#9168=LINE('',#11597,#11598);
#9169=FILL_AREA_STYLE_COLOUR('',#11599);
#9170=VERTEX_POINT('',#11600);
#9171=LINE('',#11601,#11602);
#9172=VERTEX_POINT('',#11603);
#9173=LINE('',#11604,#11605);
#9174=LINE('',#11606,#11607);
#9175=FILL_AREA_STYLE_COLOUR('',#11608);
#9176=VERTEX_POINT('',#11609);
#9177=LINE('',#11610,#11611);
#9178=VERTEX_POINT('',#11612);
#9179=LINE('',#11613,#11614);
#9180=LINE('',#11615,#11616);
#9181=FILL_AREA_STYLE_COLOUR('',#11617);
#9182=LINE('',#11618,#11619);
#9183=LINE('',#11620,#11621);
#9184=FILL_AREA_STYLE_COLOUR('',#11622);
#9185=VERTEX_POINT('',#11623);
#9186=LINE('',#11624,#11625);
#9187=VERTEX_POINT('',#11626);
#9188=LINE('',#11627,#11628);
#9189=LINE('',#11629,#11630);
#9190=FILL_AREA_STYLE_COLOUR('',#11631);
#9191=VERTEX_POINT('',#11632);
#9192=LINE('',#11633,#11634);
#9193=LINE('',#11635,#11636);
#9194=FILL_AREA_STYLE_COLOUR('',#11637);
#9195=VERTEX_POINT('',#11638);
#9196=LINE('',#11639,#11640);
#9197=LINE('',#11641,#11642);
#9198=FILL_AREA_STYLE_COLOUR('',#11643);
#9199=LINE('',#11644,#11645);
#9200=FILL_AREA_STYLE_COLOUR('',#11646);
#9201=FILL_AREA_STYLE_COLOUR('',#11647);
#9202=VERTEX_POINT('',#11648);
#9203=VERTEX_POINT('',#11649);
#9204=LINE('',#11650,#11651);
#9205=VERTEX_POINT('',#11652);
#9206=LINE('',#11653,#11654);
#9207=VERTEX_POINT('',#11655);
#9208=LINE('',#11656,#11657);
#9209=LINE('',#11658,#11659);
#9210=FILL_AREA_STYLE_COLOUR('',#11660);
#9211=VERTEX_POINT('',#11661);
#9212=LINE('',#11662,#11663);
#9213=VERTEX_POINT('',#11664);
#9214=LINE('',#11665,#11666);
#9215=LINE('',#11667,#11668);
#9216=FILL_AREA_STYLE_COLOUR('',#11669);
#9217=VERTEX_POINT('',#11670);
#9218=LINE('',#11671,#11672);
#9219=VERTEX_POINT('',#11673);
#9220=LINE('',#11674,#11675);
#9221=LINE('',#11676,#11677);
#9222=FILL_AREA_STYLE_COLOUR('',#11678);
#9223=LINE('',#11679,#11680);
#9224=LINE('',#11681,#11682);
#9225=FILL_AREA_STYLE_COLOUR('',#11683);
#9226=VERTEX_POINT('',#11684);
#9227=LINE('',#11685,#11686);
#9228=VERTEX_POINT('',#11687);
#9229=LINE('',#11688,#11689);
#9230=LINE('',#11690,#11691);
#9231=FILL_AREA_STYLE_COLOUR('',#11692);
#9232=VERTEX_POINT('',#11693);
#9233=LINE('',#11694,#11695);
#9234=LINE('',#11696,#11697);
#9235=FILL_AREA_STYLE_COLOUR('',#11698);
#9236=VERTEX_POINT('',#11699);
#9237=LINE('',#11700,#11701);
#9238=LINE('',#11702,#11703);
#9239=FILL_AREA_STYLE_COLOUR('',#11704);
#9240=LINE('',#11705,#11706);
#9241=FILL_AREA_STYLE_COLOUR('',#11707);
#9242=FILL_AREA_STYLE_COLOUR('',#11708);
#9243=VERTEX_POINT('',#11709);
#9244=VERTEX_POINT('',#11710);
#9245=LINE('',#11711,#11712);
#9246=VERTEX_POINT('',#11713);
#9247=LINE('',#11714,#11715);
#9248=VERTEX_POINT('',#11716);
#9249=LINE('',#11717,#11718);
#9250=LINE('',#11719,#11720);
#9251=FILL_AREA_STYLE_COLOUR('',#11721);
#9252=VERTEX_POINT('',#11722);
#9253=LINE('',#11723,#11724);
#9254=VERTEX_POINT('',#11725);
#9255=LINE('',#11726,#11727);
#9256=LINE('',#11728,#11729);
#9257=FILL_AREA_STYLE_COLOUR('',#11730);
#9258=VERTEX_POINT('',#11731);
#9259=LINE('',#11732,#11733);
#9260=VERTEX_POINT('',#11734);
#9261=LINE('',#11735,#11736);
#9262=LINE('',#11737,#11738);
#9263=FILL_AREA_STYLE_COLOUR('',#11739);
#9264=LINE('',#11740,#11741);
#9265=LINE('',#11742,#11743);
#9266=FILL_AREA_STYLE_COLOUR('',#11744);
#9267=VERTEX_POINT('',#11745);
#9268=LINE('',#11746,#11747);
#9269=VERTEX_POINT('',#11748);
#9270=LINE('',#11749,#11750);
#9271=LINE('',#11751,#11752);
#9272=FILL_AREA_STYLE_COLOUR('',#11753);
#9273=VERTEX_POINT('',#11754);
#9274=LINE('',#11755,#11756);
#9275=LINE('',#11757,#11758);
#9276=FILL_AREA_STYLE_COLOUR('',#11759);
#9277=VERTEX_POINT('',#11760);
#9278=LINE('',#11761,#11762);
#9279=LINE('',#11763,#11764);
#9280=FILL_AREA_STYLE_COLOUR('',#11765);
#9281=LINE('',#11766,#11767);
#9282=FILL_AREA_STYLE_COLOUR('',#11768);
#9283=FILL_AREA_STYLE_COLOUR('',#11769);
#9284=VERTEX_POINT('',#11770);
#9285=VERTEX_POINT('',#11771);
#9286=LINE('',#11772,#11773);
#9287=VERTEX_POINT('',#11774);
#9288=LINE('',#11775,#11776);
#9289=VERTEX_POINT('',#11777);
#9290=LINE('',#11778,#11779);
#9291=LINE('',#11780,#11781);
#9292=FILL_AREA_STYLE_COLOUR('',#11782);
#9293=VERTEX_POINT('',#11783);
#9294=LINE('',#11784,#11785);
#9295=VERTEX_POINT('',#11786);
#9296=LINE('',#11787,#11788);
#9297=LINE('',#11789,#11790);
#9298=FILL_AREA_STYLE_COLOUR('',#11791);
#9299=VERTEX_POINT('',#11792);
#9300=LINE('',#11793,#11794);
#9301=VERTEX_POINT('',#11795);
#9302=LINE('',#11796,#11797);
#9303=LINE('',#11798,#11799);
#9304=FILL_AREA_STYLE_COLOUR('',#11800);
#9305=LINE('',#11801,#11802);
#9306=LINE('',#11803,#11804);
#9307=FILL_AREA_STYLE_COLOUR('',#11805);
#9308=VERTEX_POINT('',#11806);
#9309=LINE('',#11807,#11808);
#9310=VERTEX_POINT('',#11809);
#9311=LINE('',#11810,#11811);
#9312=LINE('',#11812,#11813);
#9313=FILL_AREA_STYLE_COLOUR('',#11814);
#9314=VERTEX_POINT('',#11815);
#9315=LINE('',#11816,#11817);
#9316=LINE('',#11818,#11819);
#9317=FILL_AREA_STYLE_COLOUR('',#11820);
#9318=VERTEX_POINT('',#11821);
#9319=LINE('',#11822,#11823);
#9320=LINE('',#11824,#11825);
#9321=FILL_AREA_STYLE_COLOUR('',#11826);
#9322=LINE('',#11827,#11828);
#9323=FILL_AREA_STYLE_COLOUR('',#11829);
#9324=FILL_AREA_STYLE_COLOUR('',#11830);
#9325=VERTEX_POINT('',#11831);
#9326=VERTEX_POINT('',#11832);
#9327=LINE('',#11833,#11834);
#9328=VERTEX_POINT('',#11835);
#9329=LINE('',#11836,#11837);
#9330=VERTEX_POINT('',#11838);
#9331=LINE('',#11839,#11840);
#9332=LINE('',#11841,#11842);
#9333=FILL_AREA_STYLE_COLOUR('',#11843);
#9334=VERTEX_POINT('',#11844);
#9335=LINE('',#11845,#11846);
#9336=VERTEX_POINT('',#11847);
#9337=LINE('',#11848,#11849);
#9338=LINE('',#11850,#11851);
#9339=FILL_AREA_STYLE_COLOUR('',#11852);
#9340=VERTEX_POINT('',#11853);
#9341=LINE('',#11854,#11855);
#9342=VERTEX_POINT('',#11856);
#9343=LINE('',#11857,#11858);
#9344=LINE('',#11859,#11860);
#9345=FILL_AREA_STYLE_COLOUR('',#11861);
#9346=LINE('',#11862,#11863);
#9347=LINE('',#11864,#11865);
#9348=FILL_AREA_STYLE_COLOUR('',#11866);
#9349=VERTEX_POINT('',#11867);
#9350=LINE('',#11868,#11869);
#9351=VERTEX_POINT('',#11870);
#9352=LINE('',#11871,#11872);
#9353=LINE('',#11873,#11874);
#9354=FILL_AREA_STYLE_COLOUR('',#11875);
#9355=VERTEX_POINT('',#11876);
#9356=LINE('',#11877,#11878);
#9357=LINE('',#11879,#11880);
#9358=FILL_AREA_STYLE_COLOUR('',#11881);
#9359=VERTEX_POINT('',#11882);
#9360=LINE('',#11883,#11884);
#9361=LINE('',#11885,#11886);
#9362=FILL_AREA_STYLE_COLOUR('',#11887);
#9363=LINE('',#11888,#11889);
#9364=FILL_AREA_STYLE_COLOUR('',#11890);
#9365=FILL_AREA_STYLE_COLOUR('',#11891);
#9366=VERTEX_POINT('',#11892);
#9367=VERTEX_POINT('',#11893);
#9368=LINE('',#11894,#11895);
#9369=VERTEX_POINT('',#11896);
#9370=LINE('',#11897,#11898);
#9371=VERTEX_POINT('',#11899);
#9372=LINE('',#11900,#11901);
#9373=LINE('',#11902,#11903);
#9374=FILL_AREA_STYLE_COLOUR('',#11904);
#9375=VERTEX_POINT('',#11905);
#9376=LINE('',#11906,#11907);
#9377=VERTEX_POINT('',#11908);
#9378=LINE('',#11909,#11910);
#9379=LINE('',#11911,#11912);
#9380=FILL_AREA_STYLE_COLOUR('',#11913);
#9381=VERTEX_POINT('',#11914);
#9382=LINE('',#11915,#11916);
#9383=VERTEX_POINT('',#11917);
#9384=LINE('',#11918,#11919);
#9385=LINE('',#11920,#11921);
#9386=FILL_AREA_STYLE_COLOUR('',#11922);
#9387=LINE('',#11923,#11924);
#9388=LINE('',#11925,#11926);
#9389=FILL_AREA_STYLE_COLOUR('',#11927);
#9390=VERTEX_POINT('',#11928);
#9391=LINE('',#11929,#11930);
#9392=VERTEX_POINT('',#11931);
#9393=LINE('',#11932,#11933);
#9394=LINE('',#11934,#11935);
#9395=FILL_AREA_STYLE_COLOUR('',#11936);
#9396=VERTEX_POINT('',#11937);
#9397=LINE('',#11938,#11939);
#9398=LINE('',#11940,#11941);
#9399=FILL_AREA_STYLE_COLOUR('',#11942);
#9400=VERTEX_POINT('',#11943);
#9401=LINE('',#11944,#11945);
#9402=LINE('',#11946,#11947);
#9403=FILL_AREA_STYLE_COLOUR('',#11948);
#9404=LINE('',#11949,#11950);
#9405=FILL_AREA_STYLE_COLOUR('',#11951);
#9406=FILL_AREA_STYLE_COLOUR('',#11952);
#9407=VERTEX_POINT('',#11953);
#9408=VERTEX_POINT('',#11954);
#9409=LINE('',#11955,#11956);
#9410=VERTEX_POINT('',#11957);
#9411=LINE('',#11958,#11959);
#9412=VERTEX_POINT('',#11960);
#9413=LINE('',#11961,#11962);
#9414=LINE('',#11963,#11964);
#9415=FILL_AREA_STYLE_COLOUR('',#11965);
#9416=VERTEX_POINT('',#11966);
#9417=LINE('',#11967,#11968);
#9418=VERTEX_POINT('',#11969);
#9419=LINE('',#11970,#11971);
#9420=LINE('',#11972,#11973);
#9421=FILL_AREA_STYLE_COLOUR('',#11974);
#9422=VERTEX_POINT('',#11975);
#9423=LINE('',#11976,#11977);
#9424=VERTEX_POINT('',#11978);
#9425=LINE('',#11979,#11980);
#9426=LINE('',#11981,#11982);
#9427=FILL_AREA_STYLE_COLOUR('',#11983);
#9428=LINE('',#11984,#11985);
#9429=LINE('',#11986,#11987);
#9430=FILL_AREA_STYLE_COLOUR('',#11988);
#9431=VERTEX_POINT('',#11989);
#9432=LINE('',#11990,#11991);
#9433=VERTEX_POINT('',#11992);
#9434=LINE('',#11993,#11994);
#9435=LINE('',#11995,#11996);
#9436=FILL_AREA_STYLE_COLOUR('',#11997);
#9437=VERTEX_POINT('',#11998);
#9438=LINE('',#11999,#12000);
#9439=LINE('',#12001,#12002);
#9440=FILL_AREA_STYLE_COLOUR('',#12003);
#9441=VERTEX_POINT('',#12004);
#9442=LINE('',#12005,#12006);
#9443=LINE('',#12007,#12008);
#9444=FILL_AREA_STYLE_COLOUR('',#12009);
#9445=LINE('',#12010,#12011);
#9446=FILL_AREA_STYLE_COLOUR('',#12012);
#9447=FILL_AREA_STYLE_COLOUR('',#12013);
#9448=VERTEX_POINT('',#12014);
#9449=VERTEX_POINT('',#12015);
#9450=LINE('',#12016,#12017);
#9451=VERTEX_POINT('',#12018);
#9452=LINE('',#12019,#12020);
#9453=VERTEX_POINT('',#12021);
#9454=LINE('',#12022,#12023);
#9455=LINE('',#12024,#12025);
#9456=FILL_AREA_STYLE_COLOUR('',#12026);
#9457=VERTEX_POINT('',#12027);
#9458=LINE('',#12028,#12029);
#9459=VERTEX_POINT('',#12030);
#9460=LINE('',#12031,#12032);
#9461=LINE('',#12033,#12034);
#9462=FILL_AREA_STYLE_COLOUR('',#12035);
#9463=VERTEX_POINT('',#12036);
#9464=LINE('',#12037,#12038);
#9465=VERTEX_POINT('',#12039);
#9466=LINE('',#12040,#12041);
#9467=LINE('',#12042,#12043);
#9468=FILL_AREA_STYLE_COLOUR('',#12044);
#9469=LINE('',#12045,#12046);
#9470=LINE('',#12047,#12048);
#9471=FILL_AREA_STYLE_COLOUR('',#12049);
#9472=VERTEX_POINT('',#12050);
#9473=LINE('',#12051,#12052);
#9474=VERTEX_POINT('',#12053);
#9475=LINE('',#12054,#12055);
#9476=LINE('',#12056,#12057);
#9477=FILL_AREA_STYLE_COLOUR('',#12058);
#9478=VERTEX_POINT('',#12059);
#9479=LINE('',#12060,#12061);
#9480=LINE('',#12062,#12063);
#9481=FILL_AREA_STYLE_COLOUR('',#12064);
#9482=VERTEX_POINT('',#12065);
#9483=LINE('',#12066,#12067);
#9484=LINE('',#12068,#12069);
#9485=FILL_AREA_STYLE_COLOUR('',#12070);
#9486=LINE('',#12071,#12072);
#9487=FILL_AREA_STYLE_COLOUR('',#12073);
#9488=FILL_AREA_STYLE_COLOUR('',#12074);
#9489=VERTEX_POINT('',#12075);
#9490=VERTEX_POINT('',#12076);
#9491=LINE('',#12077,#12078);
#9492=VERTEX_POINT('',#12079);
#9493=LINE('',#12080,#12081);
#9494=VERTEX_POINT('',#12082);
#9495=LINE('',#12083,#12084);
#9496=LINE('',#12085,#12086);
#9497=FILL_AREA_STYLE_COLOUR('',#12087);
#9498=VERTEX_POINT('',#12088);
#9499=VERTEX_POINT('',#12089);
#9500=LINE('',#12090,#12091);
#9501=VERTEX_POINT('',#12092);
#9502=LINE('',#12093,#12094);
#9503=VERTEX_POINT('',#12095);
#9504=LINE('',#12096,#12097);
#9505=LINE('',#12098,#12099);
#9506=FILL_AREA_STYLE_COLOUR('',#12100);
#9507=LINE('',#12101,#12102);
#9508=LINE('',#12103,#12104);
#9509=FILL_AREA_STYLE_COLOUR('',#12105);
#9510=VERTEX_POINT('',#12106);
#9511=LINE('',#12107,#12108);
#9512=VERTEX_POINT('',#12109);
#9513=LINE('',#12110,#12111);
#9514=VERTEX_POINT('',#12112);
#9515=LINE('',#12113,#12114);
#9516=VERTEX_POINT('',#12115);
#9517=LINE('',#12116,#12117);
#9518=VERTEX_POINT('',#12118);
#9519=LINE('',#12119,#12120);
#9520=VERTEX_POINT('',#12121);
#9521=LINE('',#12122,#12123);
#9522=VERTEX_POINT('',#12124);
#9523=LINE('',#12125,#12126);
#9524=VERTEX_POINT('',#12127);
#9525=LINE('',#12128,#12129);
#9526=VERTEX_POINT('',#12130);
#9527=LINE('',#12131,#12132);
#9528=VERTEX_POINT('',#12133);
#9529=LINE('',#12134,#12135);
#9530=VERTEX_POINT('',#12136);
#9531=LINE('',#12137,#12138);
#9532=VERTEX_POINT('',#12139);
#9533=LINE('',#12140,#12141);
#9534=VERTEX_POINT('',#12142);
#9535=LINE('',#12143,#12144);
#9536=VERTEX_POINT('',#12145);
#9537=LINE('',#12146,#12147);
#9538=VERTEX_POINT('',#12148);
#9539=LINE('',#12149,#12150);
#9540=VERTEX_POINT('',#12151);
#9541=LINE('',#12152,#12153);
#9542=VERTEX_POINT('',#12154);
#9543=LINE('',#12155,#12156);
#9544=VERTEX_POINT('',#12157);
#9545=LINE('',#12158,#12159);
#9546=VERTEX_POINT('',#12160);
#9547=LINE('',#12161,#12162);
#9548=VERTEX_POINT('',#12163);
#9549=LINE('',#12164,#12165);
#9550=VERTEX_POINT('',#12166);
#9551=LINE('',#12167,#12168);
#9552=VERTEX_POINT('',#12169);
#9553=LINE('',#12170,#12171);
#9554=VERTEX_POINT('',#12172);
#9555=LINE('',#12173,#12174);
#9556=VERTEX_POINT('',#12175);
#9557=LINE('',#12176,#12177);
#9558=VERTEX_POINT('',#12178);
#9559=LINE('',#12179,#12180);
#9560=VERTEX_POINT('',#12181);
#9561=LINE('',#12182,#12183);
#9562=VERTEX_POINT('',#12184);
#9563=LINE('',#12185,#12186);
#9564=VERTEX_POINT('',#12187);
#9565=LINE('',#12188,#12189);
#9566=VERTEX_POINT('',#12190);
#9567=LINE('',#12191,#12192);
#9568=VERTEX_POINT('',#12193);
#9569=LINE('',#12194,#12195);
#9570=VERTEX_POINT('',#12196);
#9571=LINE('',#12197,#12198);
#9572=VERTEX_POINT('',#12199);
#9573=LINE('',#12200,#12201);
#9574=VERTEX_POINT('',#12202);
#9575=LINE('',#12203,#12204);
#9576=VERTEX_POINT('',#12205);
#9577=LINE('',#12206,#12207);
#9578=VERTEX_POINT('',#12208);
#9579=LINE('',#12209,#12210);
#9580=VERTEX_POINT('',#12211);
#9581=LINE('',#12212,#12213);
#9582=VERTEX_POINT('',#12214);
#9583=LINE('',#12215,#12216);
#9584=VERTEX_POINT('',#12217);
#9585=LINE('',#12218,#12219);
#9586=VERTEX_POINT('',#12220);
#9587=LINE('',#12221,#12222);
#9588=VERTEX_POINT('',#12223);
#9589=LINE('',#12224,#12225);
#9590=LINE('',#12226,#12227);
#9591=FILL_AREA_STYLE_COLOUR('',#12228);
#9592=VERTEX_POINT('',#12229);
#9593=LINE('',#12230,#12231);
#9594=LINE('',#12232,#12233);
#9595=FILL_AREA_STYLE_COLOUR('',#12234);
#9596=VERTEX_POINT('',#12235);
#9597=LINE('',#12236,#12237);
#9598=LINE('',#12238,#12239);
#9599=FILL_AREA_STYLE_COLOUR('',#12240);
#9600=VERTEX_POINT('',#12241);
#9601=LINE('',#12242,#12243);
#9602=LINE('',#12244,#12245);
#9603=FILL_AREA_STYLE_COLOUR('',#12246);
#9604=VERTEX_POINT('',#12247);
#9605=VERTEX_POINT('',#12248);
#9606=LINE('',#12249,#12250);
#9607=LINE('',#12251,#12252);
#9608=LINE('',#12253,#12254);
#9609=FILL_AREA_STYLE_COLOUR('',#12255);
#9610=LINE('',#12256,#12257);
#9611=FILL_AREA_STYLE_COLOUR('',#12258);
#9612=VERTEX_POINT('',#12259);
#9613=LINE('',#12260,#12261);
#9614=LINE('',#12262,#12263);
#9615=FILL_AREA_STYLE_COLOUR('',#12264);
#9616=VERTEX_POINT('',#12265);
#9617=LINE('',#12266,#12267);
#9618=LINE('',#12268,#12269);
#9619=FILL_AREA_STYLE_COLOUR('',#12270);
#9620=VERTEX_POINT('',#12271);
#9621=VERTEX_POINT('',#12272);
#9622=LINE('',#12273,#12274);
#9623=LINE('',#12275,#12276);
#9624=LINE('',#12277,#12278);
#9625=FILL_AREA_STYLE_COLOUR('',#12279);
#9626=LINE('',#12280,#12281);
#9627=FILL_AREA_STYLE_COLOUR('',#12282);
#9628=VERTEX_POINT('',#12283);
#9629=LINE('',#12284,#12285);
#9630=LINE('',#12286,#12287);
#9631=FILL_AREA_STYLE_COLOUR('',#12288);
#9632=VERTEX_POINT('',#12289);
#9633=LINE('',#12290,#12291);
#9634=LINE('',#12292,#12293);
#9635=FILL_AREA_STYLE_COLOUR('',#12294);
#9636=VERTEX_POINT('',#12295);
#9637=VERTEX_POINT('',#12296);
#9638=LINE('',#12297,#12298);
#9639=LINE('',#12299,#12300);
#9640=LINE('',#12301,#12302);
#9641=FILL_AREA_STYLE_COLOUR('',#12303);
#9642=LINE('',#12304,#12305);
#9643=FILL_AREA_STYLE_COLOUR('',#12306);
#9644=VERTEX_POINT('',#12307);
#9645=LINE('',#12308,#12309);
#9646=LINE('',#12310,#12311);
#9647=FILL_AREA_STYLE_COLOUR('',#12312);
#9648=VERTEX_POINT('',#12313);
#9649=LINE('',#12314,#12315);
#9650=LINE('',#12316,#12317);
#9651=FILL_AREA_STYLE_COLOUR('',#12318);
#9652=VERTEX_POINT('',#12319);
#9653=VERTEX_POINT('',#12320);
#9654=LINE('',#12321,#12322);
#9655=LINE('',#12323,#12324);
#9656=LINE('',#12325,#12326);
#9657=FILL_AREA_STYLE_COLOUR('',#12327);
#9658=LINE('',#12328,#12329);
#9659=FILL_AREA_STYLE_COLOUR('',#12330);
#9660=VERTEX_POINT('',#12331);
#9661=LINE('',#12332,#12333);
#9662=LINE('',#12334,#12335);
#9663=FILL_AREA_STYLE_COLOUR('',#12336);
#9664=VERTEX_POINT('',#12337);
#9665=LINE('',#12338,#12339);
#9666=LINE('',#12340,#12341);
#9667=FILL_AREA_STYLE_COLOUR('',#12342);
#9668=VERTEX_POINT('',#12343);
#9669=VERTEX_POINT('',#12344);
#9670=LINE('',#12345,#12346);
#9671=LINE('',#12347,#12348);
#9672=LINE('',#12349,#12350);
#9673=FILL_AREA_STYLE_COLOUR('',#12351);
#9674=LINE('',#12352,#12353);
#9675=FILL_AREA_STYLE_COLOUR('',#12354);
#9676=VERTEX_POINT('',#12355);
#9677=LINE('',#12356,#12357);
#9678=LINE('',#12358,#12359);
#9679=FILL_AREA_STYLE_COLOUR('',#12360);
#9680=VERTEX_POINT('',#12361);
#9681=LINE('',#12362,#12363);
#9682=LINE('',#12364,#12365);
#9683=FILL_AREA_STYLE_COLOUR('',#12366);
#9684=VERTEX_POINT('',#12367);
#9685=VERTEX_POINT('',#12368);
#9686=LINE('',#12369,#12370);
#9687=LINE('',#12371,#12372);
#9688=LINE('',#12373,#12374);
#9689=FILL_AREA_STYLE_COLOUR('',#12375);
#9690=LINE('',#12376,#12377);
#9691=FILL_AREA_STYLE_COLOUR('',#12378);
#9692=VERTEX_POINT('',#12379);
#9693=LINE('',#12380,#12381);
#9694=LINE('',#12382,#12383);
#9695=FILL_AREA_STYLE_COLOUR('',#12384);
#9696=VERTEX_POINT('',#12385);
#9697=LINE('',#12386,#12387);
#9698=LINE('',#12388,#12389);
#9699=FILL_AREA_STYLE_COLOUR('',#12390);
#9700=VERTEX_POINT('',#12391);
#9701=VERTEX_POINT('',#12392);
#9702=LINE('',#12393,#12394);
#9703=LINE('',#12395,#12396);
#9704=LINE('',#12397,#12398);
#9705=FILL_AREA_STYLE_COLOUR('',#12399);
#9706=LINE('',#12400,#12401);
#9707=FILL_AREA_STYLE_COLOUR('',#12402);
#9708=VERTEX_POINT('',#12403);
#9709=LINE('',#12404,#12405);
#9710=LINE('',#12406,#12407);
#9711=FILL_AREA_STYLE_COLOUR('',#12408);
#9712=VERTEX_POINT('',#12409);
#9713=LINE('',#12410,#12411);
#9714=LINE('',#12412,#12413);
#9715=FILL_AREA_STYLE_COLOUR('',#12414);
#9716=VERTEX_POINT('',#12415);
#9717=VERTEX_POINT('',#12416);
#9718=LINE('',#12417,#12418);
#9719=LINE('',#12419,#12420);
#9720=LINE('',#12421,#12422);
#9721=FILL_AREA_STYLE_COLOUR('',#12423);
#9722=LINE('',#12424,#12425);
#9723=FILL_AREA_STYLE_COLOUR('',#12426);
#9724=VERTEX_POINT('',#12427);
#9725=LINE('',#12428,#12429);
#9726=LINE('',#12430,#12431);
#9727=FILL_AREA_STYLE_COLOUR('',#12432);
#9728=VERTEX_POINT('',#12433);
#9729=LINE('',#12434,#12435);
#9730=LINE('',#12436,#12437);
#9731=FILL_AREA_STYLE_COLOUR('',#12438);
#9732=VERTEX_POINT('',#12439);
#9733=VERTEX_POINT('',#12440);
#9734=LINE('',#12441,#12442);
#9735=LINE('',#12443,#12444);
#9736=LINE('',#12445,#12446);
#9737=FILL_AREA_STYLE_COLOUR('',#12447);
#9738=LINE('',#12448,#12449);
#9739=FILL_AREA_STYLE_COLOUR('',#12450);
#9740=VERTEX_POINT('',#12451);
#9741=LINE('',#12452,#12453);
#9742=LINE('',#12454,#12455);
#9743=FILL_AREA_STYLE_COLOUR('',#12456);
#9744=VERTEX_POINT('',#12457);
#9745=LINE('',#12458,#12459);
#9746=VERTEX_POINT('',#12460);
#9747=LINE('',#12461,#12462);
#9748=LINE('',#12463,#12464);
#9749=FILL_AREA_STYLE_COLOUR('',#12465);
#9750=LINE('',#12466,#12467);
#9751=FILL_AREA_STYLE_COLOUR('',#12468);
#9752=LINE('',#12469,#12470);
#9753=FILL_AREA_STYLE_COLOUR('',#12471);
#9754=COLOUR_RGB('',0.705882370471954,0.705882370471954,0.705882370471954);
#9755=CARTESIAN_POINT('',(24.7777,0.508,-1.4732));
#9756=CARTESIAN_POINT('',(23.9903,0.508,-1.4732));
#9757=CARTESIAN_POINT('',(24.384,0.508,-1.4732));
#9758=VECTOR('',#12472,1.0);
#9759=CARTESIAN_POINT('',(24.7777,-2.20165909487751,-1.4732));
#9760=CARTESIAN_POINT('',(24.7777,-2.20165909487751,-1.4732));
#9761=VECTOR('',#12473,1.0);
#9762=CARTESIAN_POINT('',(24.5237,-2.6416,-1.4732));
#9763=CARTESIAN_POINT('',(24.5237,-2.6416,-1.4732));
#9764=VECTOR('',#12474,1.0);
#9765=CARTESIAN_POINT('',(24.2443,-2.6416,-1.4732));
#9766=CARTESIAN_POINT('',(24.384,-2.6416,-1.4732));
#9767=VECTOR('',#12475,1.0);
#9768=CARTESIAN_POINT('',(23.9903,-2.20165909487751,-1.4732));
#9769=CARTESIAN_POINT('',(24.2443,-2.6416,-1.4732));
#9770=VECTOR('',#12476,1.0);
#9771=CARTESIAN_POINT('',(23.9903,-2.20165909487751,-1.4732));
#9772=VECTOR('',#12477,1.0);
#9773=COLOUR_RGB('',0.705882370471954,0.705882370471954,0.705882370471954);
#9774=CARTESIAN_POINT('',(24.7777,0.508,-1.0668));
#9775=CARTESIAN_POINT('',(24.7777,0.508,-0.7366));
#9776=VECTOR('',#12478,1.0);
#9777=CARTESIAN_POINT('',(24.7777,-2.20165909487751,-1.0668));
#9778=CARTESIAN_POINT('',(24.7777,-2.20165909487751,-1.0668));
#9779=VECTOR('',#12479,1.0);
#9780=CARTESIAN_POINT('',(24.7777,-2.20165909487751,-1.4732));
#9781=VECTOR('',#12480,1.0);
#9782=COLOUR_RGB('',0.705882370471954,0.705882370471954,0.705882370471954);
#9783=CARTESIAN_POINT('',(24.5237,-2.6416,-1.0668));
#9784=CARTESIAN_POINT('',(24.2443,-2.6416,-1.0668));
#9785=CARTESIAN_POINT('',(24.384,-2.6416,-1.0668));
#9786=VECTOR('',#12481,1.0);
#9787=CARTESIAN_POINT('',(24.2443,-2.6416,-1.4732));
#9788=VECTOR('',#12482,1.0);
#9789=CARTESIAN_POINT('',(24.5237,-2.6416,-1.4732));
#9790=VECTOR('',#12483,1.0);
#9791=COLOUR_RGB('',0.705882370471954,0.705882370471954,0.705882370471954);
#9792=CARTESIAN_POINT('',(23.9903,-2.20165909487751,-1.0668));
#9793=CARTESIAN_POINT('',(24.2443,-2.6416,-1.0668));
#9794=VECTOR('',#12484,1.0);
#9795=CARTESIAN_POINT('',(23.9903,-2.20165909487751,-1.4732));
#9796=VECTOR('',#12485,1.0);
#9797=COLOUR_RGB('',0.705882370471954,0.705882370471954,0.705882370471954);
#9798=CARTESIAN_POINT('',(23.9903,0.508,-1.0668));
#9799=CARTESIAN_POINT('',(23.9903,0.508,-0.7366));
#9800=VECTOR('',#12486,1.0);
#9801=CARTESIAN_POINT('',(23.9903,-2.20165909487751,-1.0668));
#9802=VECTOR('',#12487,1.0);
#9803=COLOUR_RGB('',0.705882370471954,0.705882370471954,0.705882370471954);
#9804=CARTESIAN_POINT('',(24.5237,-2.6416,-1.0668));
#9805=VECTOR('',#12488,0.999999999999999);
#9806=COLOUR_RGB('',0.705882370471954,0.705882370471954,0.705882370471954);
#9807=CARTESIAN_POINT('',(24.384,0.508,-1.0668));
#9808=VECTOR('',#12489,1.0);
#9809=COLOUR_RGB('',0.705882370471954,0.705882370471954,0.705882370471954);
#9810=CARTESIAN_POINT('',(24.7777,0.508,1.0668));
#9811=CARTESIAN_POINT('',(23.9903,0.508,1.0668));
#9812=CARTESIAN_POINT('',(24.384,0.508,1.0668));
#9813=VECTOR('',#12490,1.0);
#9814=CARTESIAN_POINT('',(24.7777,-2.20165909487751,1.0668));
#9815=CARTESIAN_POINT('',(24.7777,-2.20165909487751,1.0668));
#9816=VECTOR('',#12491,1.0);
#9817=CARTESIAN_POINT('',(24.5237,-2.6416,1.0668));
#9818=CARTESIAN_POINT('',(24.5237,-2.6416,1.0668));
#9819=VECTOR('',#12492,1.0);
#9820=CARTESIAN_POINT('',(24.2443,-2.6416,1.0668));
#9821=CARTESIAN_POINT('',(24.384,-2.6416,1.0668));
#9822=VECTOR('',#12493,1.0);
#9823=CARTESIAN_POINT('',(23.9903,-2.20165909487751,1.0668));
#9824=CARTESIAN_POINT('',(24.2443,-2.6416,1.0668));
#9825=VECTOR('',#12494,1.0);
#9826=CARTESIAN_POINT('',(23.9903,-2.20165909487751,1.0668));
#9827=VECTOR('',#12495,1.0);
#9828=COLOUR_RGB('',0.705882370471954,0.705882370471954,0.705882370471954);
#9829=CARTESIAN_POINT('',(24.7777,0.508,1.4732));
#9830=CARTESIAN_POINT('',(24.7777,0.508,0.5334));
#9831=VECTOR('',#12496,1.0);
#9832=CARTESIAN_POINT('',(24.7777,-2.20165909487751,1.4732));
#9833=CARTESIAN_POINT('',(24.7777,-2.20165909487751,1.4732));
#9834=VECTOR('',#12497,1.0);
#9835=CARTESIAN_POINT('',(24.7777,-2.20165909487751,1.0668));
#9836=VECTOR('',#12498,1.0);
#9837=COLOUR_RGB('',0.705882370471954,0.705882370471954,0.705882370471954);
#9838=CARTESIAN_POINT('',(24.5237,-2.6416,1.4732));
#9839=CARTESIAN_POINT('',(24.2443,-2.6416,1.4732));
#9840=CARTESIAN_POINT('',(24.384,-2.6416,1.4732));
#9841=VECTOR('',#12499,1.0);
#9842=CARTESIAN_POINT('',(24.2443,-2.6416,1.0668));
#9843=VECTOR('',#12500,1.0);
#9844=CARTESIAN_POINT('',(24.5237,-2.6416,1.0668));
#9845=VECTOR('',#12501,1.0);
#9846=COLOUR_RGB('',0.705882370471954,0.705882370471954,0.705882370471954);
#9847=CARTESIAN_POINT('',(23.9903,-2.20165909487751,1.4732));
#9848=CARTESIAN_POINT('',(24.2443,-2.6416,1.4732));
#9849=VECTOR('',#12502,1.0);
#9850=CARTESIAN_POINT('',(23.9903,-2.20165909487751,1.0668));
#9851=VECTOR('',#12503,1.0);
#9852=COLOUR_RGB('',0.705882370471954,0.705882370471954,0.705882370471954);
#9853=CARTESIAN_POINT('',(23.9903,0.508,1.4732));
#9854=CARTESIAN_POINT('',(23.9903,0.508,0.5334));
#9855=VECTOR('',#12504,1.0);
#9856=CARTESIAN_POINT('',(23.9903,-2.20165909487751,1.4732));
#9857=VECTOR('',#12505,1.0);
#9858=COLOUR_RGB('',0.705882370471954,0.705882370471954,0.705882370471954);
#9859=CARTESIAN_POINT('',(24.5237,-2.6416,1.4732));
#9860=VECTOR('',#12506,0.999999999999999);
#9861=COLOUR_RGB('',0.705882370471954,0.705882370471954,0.705882370471954);
#9862=CARTESIAN_POINT('',(24.384,0.508,1.4732));
#9863=VECTOR('',#12507,1.0);
#9864=COLOUR_RGB('',0.705882370471954,0.705882370471954,0.705882370471954);
#9865=CARTESIAN_POINT('',(22.2377,0.508,-1.4732));
#9866=CARTESIAN_POINT('',(21.4503,0.508,-1.4732));
#9867=CARTESIAN_POINT('',(21.844,0.508,-1.4732));
#9868=VECTOR('',#12508,1.0);
#9869=CARTESIAN_POINT('',(22.2377,-2.20165909487751,-1.4732));
#9870=CARTESIAN_POINT('',(22.2377,-2.20165909487751,-1.4732));
#9871=VECTOR('',#12509,1.0);
#9872=CARTESIAN_POINT('',(21.9837,-2.6416,-1.4732));
#9873=CARTESIAN_POINT('',(21.9837,-2.6416,-1.4732));
#9874=VECTOR('',#12510,1.0);
#9875=CARTESIAN_POINT('',(21.7043,-2.6416,-1.4732));
#9876=CARTESIAN_POINT('',(21.844,-2.6416,-1.4732));
#9877=VECTOR('',#12511,1.0);
#9878=CARTESIAN_POINT('',(21.4503,-2.20165909487751,-1.4732));
#9879=CARTESIAN_POINT('',(21.7043,-2.6416,-1.4732));
#9880=VECTOR('',#12512,1.0);
#9881=CARTESIAN_POINT('',(21.4503,-2.20165909487751,-1.4732));
#9882=VECTOR('',#12513,1.0);
#9883=COLOUR_RGB('',0.705882370471954,0.705882370471954,0.705882370471954);
#9884=CARTESIAN_POINT('',(22.2377,0.508,-1.0668));
#9885=CARTESIAN_POINT('',(22.2377,0.508,-0.7366));
#9886=VECTOR('',#12514,1.0);
#9887=CARTESIAN_POINT('',(22.2377,-2.20165909487751,-1.0668));
#9888=CARTESIAN_POINT('',(22.2377,-2.20165909487751,-1.0668));
#9889=VECTOR('',#12515,1.0);
#9890=CARTESIAN_POINT('',(22.2377,-2.20165909487751,-1.4732));
#9891=VECTOR('',#12516,1.0);
#9892=COLOUR_RGB('',0.705882370471954,0.705882370471954,0.705882370471954);
#9893=CARTESIAN_POINT('',(21.9837,-2.6416,-1.0668));
#9894=CARTESIAN_POINT('',(21.7043,-2.6416,-1.0668));
#9895=CARTESIAN_POINT('',(21.844,-2.6416,-1.0668));
#9896=VECTOR('',#12517,1.0);
#9897=CARTESIAN_POINT('',(21.7043,-2.6416,-1.4732));
#9898=VECTOR('',#12518,1.0);
#9899=CARTESIAN_POINT('',(21.9837,-2.6416,-1.4732));
#9900=VECTOR('',#12519,1.0);
#9901=COLOUR_RGB('',0.705882370471954,0.705882370471954,0.705882370471954);
#9902=CARTESIAN_POINT('',(21.4503,-2.20165909487751,-1.0668));
#9903=CARTESIAN_POINT('',(21.7043,-2.6416,-1.0668));
#9904=VECTOR('',#12520,1.0);
#9905=CARTESIAN_POINT('',(21.4503,-2.20165909487751,-1.4732));
#9906=VECTOR('',#12521,1.0);
#9907=COLOUR_RGB('',0.705882370471954,0.705882370471954,0.705882370471954);
#9908=CARTESIAN_POINT('',(21.4503,0.508,-1.0668));
#9909=CARTESIAN_POINT('',(21.4503,0.508,-0.7366));
#9910=VECTOR('',#12522,1.0);
#9911=CARTESIAN_POINT('',(21.4503,-2.20165909487751,-1.0668));
#9912=VECTOR('',#12523,1.0);
#9913=COLOUR_RGB('',0.705882370471954,0.705882370471954,0.705882370471954);
#9914=CARTESIAN_POINT('',(21.9837,-2.6416,-1.0668));
#9915=VECTOR('',#12524,0.999999999999999);
#9916=COLOUR_RGB('',0.705882370471954,0.705882370471954,0.705882370471954);
#9917=CARTESIAN_POINT('',(21.844,0.508,-1.0668));
#9918=VECTOR('',#12525,1.0);
#9919=COLOUR_RGB('',0.705882370471954,0.705882370471954,0.705882370471954);
#9920=CARTESIAN_POINT('',(22.2377,0.508,1.0668));
#9921=CARTESIAN_POINT('',(21.4503,0.508,1.0668));
#9922=CARTESIAN_POINT('',(21.844,0.508,1.0668));
#9923=VECTOR('',#12526,1.0);
#9924=CARTESIAN_POINT('',(22.2377,-2.20165909487751,1.0668));
#9925=CARTESIAN_POINT('',(22.2377,-2.20165909487751,1.0668));
#9926=VECTOR('',#12527,1.0);
#9927=CARTESIAN_POINT('',(21.9837,-2.6416,1.0668));
#9928=CARTESIAN_POINT('',(21.9837,-2.6416,1.0668));
#9929=VECTOR('',#12528,1.0);
#9930=CARTESIAN_POINT('',(21.7043,-2.6416,1.0668));
#9931=CARTESIAN_POINT('',(21.844,-2.6416,1.0668));
#9932=VECTOR('',#12529,1.0);
#9933=CARTESIAN_POINT('',(21.4503,-2.20165909487751,1.0668));
#9934=CARTESIAN_POINT('',(21.7043,-2.6416,1.0668));
#9935=VECTOR('',#12530,1.0);
#9936=CARTESIAN_POINT('',(21.4503,-2.20165909487751,1.0668));
#9937=VECTOR('',#12531,1.0);
#9938=COLOUR_RGB('',0.705882370471954,0.705882370471954,0.705882370471954);
#9939=CARTESIAN_POINT('',(22.2377,0.508,1.4732));
#9940=CARTESIAN_POINT('',(22.2377,0.508,0.5334));
#9941=VECTOR('',#12532,1.0);
#9942=CARTESIAN_POINT('',(22.2377,-2.20165909487751,1.4732));
#9943=CARTESIAN_POINT('',(22.2377,-2.20165909487751,1.4732));
#9944=VECTOR('',#12533,1.0);
#9945=CARTESIAN_POINT('',(22.2377,-2.20165909487751,1.0668));
#9946=VECTOR('',#12534,1.0);
#9947=COLOUR_RGB('',0.705882370471954,0.705882370471954,0.705882370471954);
#9948=CARTESIAN_POINT('',(21.9837,-2.6416,1.4732));
#9949=CARTESIAN_POINT('',(21.7043,-2.6416,1.4732));
#9950=CARTESIAN_POINT('',(21.844,-2.6416,1.4732));
#9951=VECTOR('',#12535,1.0);
#9952=CARTESIAN_POINT('',(21.7043,-2.6416,1.0668));
#9953=VECTOR('',#12536,1.0);
#9954=CARTESIAN_POINT('',(21.9837,-2.6416,1.0668));
#9955=VECTOR('',#12537,1.0);
#9956=COLOUR_RGB('',0.705882370471954,0.705882370471954,0.705882370471954);
#9957=CARTESIAN_POINT('',(21.4503,-2.20165909487751,1.4732));
#9958=CARTESIAN_POINT('',(21.7043,-2.6416,1.4732));
#9959=VECTOR('',#12538,1.0);
#9960=CARTESIAN_POINT('',(21.4503,-2.20165909487751,1.0668));
#9961=VECTOR('',#12539,1.0);
#9962=COLOUR_RGB('',0.705882370471954,0.705882370471954,0.705882370471954);
#9963=CARTESIAN_POINT('',(21.4503,0.508,1.4732));
#9964=CARTESIAN_POINT('',(21.4503,0.508,0.5334));
#9965=VECTOR('',#12540,1.0);
#9966=CARTESIAN_POINT('',(21.4503,-2.20165909487751,1.4732));
#9967=VECTOR('',#12541,1.0);
#9968=COLOUR_RGB('',0.705882370471954,0.705882370471954,0.705882370471954);
#9969=CARTESIAN_POINT('',(21.9837,-2.6416,1.4732));
#9970=VECTOR('',#12542,0.999999999999999);
#9971=COLOUR_RGB('',0.705882370471954,0.705882370471954,0.705882370471954);
#9972=CARTESIAN_POINT('',(21.844,0.508,1.4732));
#9973=VECTOR('',#12543,1.0);
#9974=COLOUR_RGB('',0.705882370471954,0.705882370471954,0.705882370471954);
#9975=CARTESIAN_POINT('',(19.6977,0.508,-1.4732));
#9976=CARTESIAN_POINT('',(18.9103,0.508,-1.4732));
#9977=CARTESIAN_POINT('',(19.304,0.508,-1.4732));
#9978=VECTOR('',#12544,1.0);
#9979=CARTESIAN_POINT('',(19.6977,-2.20165909487751,-1.4732));
#9980=CARTESIAN_POINT('',(19.6977,-2.20165909487751,-1.4732));
#9981=VECTOR('',#12545,1.0);
#9982=CARTESIAN_POINT('',(19.4437,-2.6416,-1.4732));
#9983=CARTESIAN_POINT('',(19.4437,-2.6416,-1.4732));
#9984=VECTOR('',#12546,1.0);
#9985=CARTESIAN_POINT('',(19.1643,-2.6416,-1.4732));
#9986=CARTESIAN_POINT('',(19.304,-2.6416,-1.4732));
#9987=VECTOR('',#12547,1.0);
#9988=CARTESIAN_POINT('',(18.9103,-2.20165909487751,-1.4732));
#9989=CARTESIAN_POINT('',(19.1643,-2.6416,-1.4732));
#9990=VECTOR('',#12548,1.0);
#9991=CARTESIAN_POINT('',(18.9103,-2.20165909487751,-1.4732));
#9992=VECTOR('',#12549,1.0);
#9993=COLOUR_RGB('',0.705882370471954,0.705882370471954,0.705882370471954);
#9994=CARTESIAN_POINT('',(19.6977,0.508,-1.0668));
#9995=CARTESIAN_POINT('',(19.6977,0.508,-0.7366));
#9996=VECTOR('',#12550,1.0);
#9997=CARTESIAN_POINT('',(19.6977,-2.20165909487751,-1.0668));
#9998=CARTESIAN_POINT('',(19.6977,-2.20165909487751,-1.0668));
#9999=VECTOR('',#12551,1.0);
#10000=CARTESIAN_POINT('',(19.6977,-2.20165909487751,-1.4732));
#10001=VECTOR('',#12552,1.0);
#10002=COLOUR_RGB('',0.705882370471954,0.705882370471954,0.705882370471954);
#10003=CARTESIAN_POINT('',(19.4437,-2.6416,-1.0668));
#10004=CARTESIAN_POINT('',(19.1643,-2.6416,-1.0668));
#10005=CARTESIAN_POINT('',(19.304,-2.6416,-1.0668));
#10006=VECTOR('',#12553,1.0);
#10007=CARTESIAN_POINT('',(19.1643,-2.6416,-1.4732));
#10008=VECTOR('',#12554,1.0);
#10009=CARTESIAN_POINT('',(19.4437,-2.6416,-1.4732));
#10010=VECTOR('',#12555,1.0);
#10011=COLOUR_RGB('',0.705882370471954,0.705882370471954,0.705882370471954);
#10012=CARTESIAN_POINT('',(18.9103,-2.20165909487751,-1.0668));
#10013=CARTESIAN_POINT('',(19.1643,-2.6416,-1.0668));
#10014=VECTOR('',#12556,1.0);
#10015=CARTESIAN_POINT('',(18.9103,-2.20165909487751,-1.4732));
#10016=VECTOR('',#12557,1.0);
#10017=COLOUR_RGB('',0.705882370471954,0.705882370471954,0.705882370471954);
#10018=CARTESIAN_POINT('',(18.9103,0.508,-1.0668));
#10019=CARTESIAN_POINT('',(18.9103,0.508,-0.7366));
#10020=VECTOR('',#12558,1.0);
#10021=CARTESIAN_POINT('',(18.9103,-2.20165909487751,-1.0668));
#10022=VECTOR('',#12559,1.0);
#10023=COLOUR_RGB('',0.705882370471954,0.705882370471954,0.705882370471954);
#10024=CARTESIAN_POINT('',(19.4437,-2.6416,-1.0668));
#10025=VECTOR('',#12560,0.999999999999999);
#10026=COLOUR_RGB('',0.705882370471954,0.705882370471954,0.705882370471954);
#10027=CARTESIAN_POINT('',(19.304,0.508,-1.0668));
#10028=VECTOR('',#12561,1.0);
#10029=COLOUR_RGB('',0.705882370471954,0.705882370471954,0.705882370471954);
#10030=CARTESIAN_POINT('',(19.6977,0.508,1.0668));
#10031=CARTESIAN_POINT('',(18.9103,0.508,1.0668));
#10032=CARTESIAN_POINT('',(19.304,0.508,1.0668));
#10033=VECTOR('',#12562,1.0);
#10034=CARTESIAN_POINT('',(19.6977,-2.20165909487751,1.0668));
#10035=CARTESIAN_POINT('',(19.6977,-2.20165909487751,1.0668));
#10036=VECTOR('',#12563,1.0);
#10037=CARTESIAN_POINT('',(19.4437,-2.6416,1.0668));
#10038=CARTESIAN_POINT('',(19.4437,-2.6416,1.0668));
#10039=VECTOR('',#12564,1.0);
#10040=CARTESIAN_POINT('',(19.1643,-2.6416,1.0668));
#10041=CARTESIAN_POINT('',(19.304,-2.6416,1.0668));
#10042=VECTOR('',#12565,1.0);
#10043=CARTESIAN_POINT('',(18.9103,-2.20165909487751,1.0668));
#10044=CARTESIAN_POINT('',(19.1643,-2.6416,1.0668));
#10045=VECTOR('',#12566,1.0);
#10046=CARTESIAN_POINT('',(18.9103,-2.20165909487751,1.0668));
#10047=VECTOR('',#12567,1.0);
#10048=COLOUR_RGB('',0.705882370471954,0.705882370471954,0.705882370471954);
#10049=CARTESIAN_POINT('',(19.6977,0.508,1.4732));
#10050=CARTESIAN_POINT('',(19.6977,0.508,0.5334));
#10051=VECTOR('',#12568,1.0);
#10052=CARTESIAN_POINT('',(19.6977,-2.20165909487751,1.4732));
#10053=CARTESIAN_POINT('',(19.6977,-2.20165909487751,1.4732));
#10054=VECTOR('',#12569,1.0);
#10055=CARTESIAN_POINT('',(19.6977,-2.20165909487751,1.0668));
#10056=VECTOR('',#12570,1.0);
#10057=COLOUR_RGB('',0.705882370471954,0.705882370471954,0.705882370471954);
#10058=CARTESIAN_POINT('',(19.4437,-2.6416,1.4732));
#10059=CARTESIAN_POINT('',(19.1643,-2.6416,1.4732));
#10060=CARTESIAN_POINT('',(19.304,-2.6416,1.4732));
#10061=VECTOR('',#12571,1.0);
#10062=CARTESIAN_POINT('',(19.1643,-2.6416,1.0668));
#10063=VECTOR('',#12572,1.0);
#10064=CARTESIAN_POINT('',(19.4437,-2.6416,1.0668));
#10065=VECTOR('',#12573,1.0);
#10066=COLOUR_RGB('',0.705882370471954,0.705882370471954,0.705882370471954);
#10067=CARTESIAN_POINT('',(18.9103,-2.20165909487751,1.4732));
#10068=CARTESIAN_POINT('',(19.1643,-2.6416,1.4732));
#10069=VECTOR('',#12574,1.0);
#10070=CARTESIAN_POINT('',(18.9103,-2.20165909487751,1.0668));
#10071=VECTOR('',#12575,1.0);
#10072=COLOUR_RGB('',0.705882370471954,0.705882370471954,0.705882370471954);
#10073=CARTESIAN_POINT('',(18.9103,0.508,1.4732));
#10074=CARTESIAN_POINT('',(18.9103,0.508,0.5334));
#10075=VECTOR('',#12576,1.0);
#10076=CARTESIAN_POINT('',(18.9103,-2.20165909487751,1.4732));
#10077=VECTOR('',#12577,1.0);
#10078=COLOUR_RGB('',0.705882370471954,0.705882370471954,0.705882370471954);
#10079=CARTESIAN_POINT('',(19.4437,-2.6416,1.4732));
#10080=VECTOR('',#12578,0.999999999999999);
#10081=COLOUR_RGB('',0.705882370471954,0.705882370471954,0.705882370471954);
#10082=CARTESIAN_POINT('',(19.304,0.508,1.4732));
#10083=VECTOR('',#12579,1.0);
#10084=COLOUR_RGB('',0.705882370471954,0.705882370471954,0.705882370471954);
#10085=CARTESIAN_POINT('',(17.1577,0.508,-1.4732));
#10086=CARTESIAN_POINT('',(16.3703,0.508,-1.4732));
#10087=CARTESIAN_POINT('',(16.764,0.508,-1.4732));
#10088=VECTOR('',#12580,1.0);
#10089=CARTESIAN_POINT('',(17.1577,-2.20165909487751,-1.4732));
#10090=CARTESIAN_POINT('',(17.1577,-2.20165909487751,-1.4732));
#10091=VECTOR('',#12581,1.0);
#10092=CARTESIAN_POINT('',(16.9037,-2.6416,-1.4732));
#10093=CARTESIAN_POINT('',(16.9037,-2.6416,-1.4732));
#10094=VECTOR('',#12582,1.0);
#10095=CARTESIAN_POINT('',(16.6243,-2.6416,-1.4732));
#10096=CARTESIAN_POINT('',(16.764,-2.6416,-1.4732));
#10097=VECTOR('',#12583,1.0);
#10098=CARTESIAN_POINT('',(16.3703,-2.20165909487751,-1.4732));
#10099=CARTESIAN_POINT('',(16.6243,-2.6416,-1.4732));
#10100=VECTOR('',#12584,1.0);
#10101=CARTESIAN_POINT('',(16.3703,-2.20165909487751,-1.4732));
#10102=VECTOR('',#12585,1.0);
#10103=COLOUR_RGB('',0.705882370471954,0.705882370471954,0.705882370471954);
#10104=CARTESIAN_POINT('',(17.1577,0.508,-1.0668));
#10105=CARTESIAN_POINT('',(17.1577,0.508,-0.7366));
#10106=VECTOR('',#12586,1.0);
#10107=CARTESIAN_POINT('',(17.1577,-2.20165909487751,-1.0668));
#10108=CARTESIAN_POINT('',(17.1577,-2.20165909487751,-1.0668));
#10109=VECTOR('',#12587,1.0);
#10110=CARTESIAN_POINT('',(17.1577,-2.20165909487751,-1.4732));
#10111=VECTOR('',#12588,1.0);
#10112=COLOUR_RGB('',0.705882370471954,0.705882370471954,0.705882370471954);
#10113=CARTESIAN_POINT('',(16.9037,-2.6416,-1.0668));
#10114=CARTESIAN_POINT('',(16.6243,-2.6416,-1.0668));
#10115=CARTESIAN_POINT('',(16.764,-2.6416,-1.0668));
#10116=VECTOR('',#12589,1.0);
#10117=CARTESIAN_POINT('',(16.6243,-2.6416,-1.4732));
#10118=VECTOR('',#12590,1.0);
#10119=CARTESIAN_POINT('',(16.9037,-2.6416,-1.4732));
#10120=VECTOR('',#12591,1.0);
#10121=COLOUR_RGB('',0.705882370471954,0.705882370471954,0.705882370471954);
#10122=CARTESIAN_POINT('',(16.3703,-2.20165909487751,-1.0668));
#10123=CARTESIAN_POINT('',(16.6243,-2.6416,-1.0668));
#10124=VECTOR('',#12592,1.0);
#10125=CARTESIAN_POINT('',(16.3703,-2.20165909487751,-1.4732));
#10126=VECTOR('',#12593,1.0);
#10127=COLOUR_RGB('',0.705882370471954,0.705882370471954,0.705882370471954);
#10128=CARTESIAN_POINT('',(16.3703,0.508,-1.0668));
#10129=CARTESIAN_POINT('',(16.3703,0.508,-0.7366));
#10130=VECTOR('',#12594,1.0);
#10131=CARTESIAN_POINT('',(16.3703,-2.20165909487751,-1.0668));
#10132=VECTOR('',#12595,1.0);
#10133=COLOUR_RGB('',0.705882370471954,0.705882370471954,0.705882370471954);
#10134=CARTESIAN_POINT('',(16.9037,-2.6416,-1.0668));
#10135=VECTOR('',#12596,0.999999999999999);
#10136=COLOUR_RGB('',0.705882370471954,0.705882370471954,0.705882370471954);
#10137=CARTESIAN_POINT('',(16.764,0.508,-1.0668));
#10138=VECTOR('',#12597,1.0);
#10139=COLOUR_RGB('',0.705882370471954,0.705882370471954,0.705882370471954);
#10140=CARTESIAN_POINT('',(17.1577,0.508,1.0668));
#10141=CARTESIAN_POINT('',(16.3703,0.508,1.0668));
#10142=CARTESIAN_POINT('',(16.764,0.508,1.0668));
#10143=VECTOR('',#12598,1.0);
#10144=CARTESIAN_POINT('',(17.1577,-2.20165909487751,1.0668));
#10145=CARTESIAN_POINT('',(17.1577,-2.20165909487751,1.0668));
#10146=VECTOR('',#12599,1.0);
#10147=CARTESIAN_POINT('',(16.9037,-2.6416,1.0668));
#10148=CARTESIAN_POINT('',(16.9037,-2.6416,1.0668));
#10149=VECTOR('',#12600,1.0);
#10150=CARTESIAN_POINT('',(16.6243,-2.6416,1.0668));
#10151=CARTESIAN_POINT('',(16.764,-2.6416,1.0668));
#10152=VECTOR('',#12601,1.0);
#10153=CARTESIAN_POINT('',(16.3703,-2.20165909487751,1.0668));
#10154=CARTESIAN_POINT('',(16.6243,-2.6416,1.0668));
#10155=VECTOR('',#12602,1.0);
#10156=CARTESIAN_POINT('',(16.3703,-2.20165909487751,1.0668));
#10157=VECTOR('',#12603,1.0);
#10158=COLOUR_RGB('',0.705882370471954,0.705882370471954,0.705882370471954);
#10159=CARTESIAN_POINT('',(17.1577,0.508,1.4732));
#10160=CARTESIAN_POINT('',(17.1577,0.508,0.5334));
#10161=VECTOR('',#12604,1.0);
#10162=CARTESIAN_POINT('',(17.1577,-2.20165909487751,1.4732));
#10163=CARTESIAN_POINT('',(17.1577,-2.20165909487751,1.4732));
#10164=VECTOR('',#12605,1.0);
#10165=CARTESIAN_POINT('',(17.1577,-2.20165909487751,1.0668));
#10166=VECTOR('',#12606,1.0);
#10167=COLOUR_RGB('',0.705882370471954,0.705882370471954,0.705882370471954);
#10168=CARTESIAN_POINT('',(16.9037,-2.6416,1.4732));
#10169=CARTESIAN_POINT('',(16.6243,-2.6416,1.4732));
#10170=CARTESIAN_POINT('',(16.764,-2.6416,1.4732));
#10171=VECTOR('',#12607,1.0);
#10172=CARTESIAN_POINT('',(16.6243,-2.6416,1.0668));
#10173=VECTOR('',#12608,1.0);
#10174=CARTESIAN_POINT('',(16.9037,-2.6416,1.0668));
#10175=VECTOR('',#12609,1.0);
#10176=COLOUR_RGB('',0.705882370471954,0.705882370471954,0.705882370471954);
#10177=CARTESIAN_POINT('',(16.3703,-2.20165909487751,1.4732));
#10178=CARTESIAN_POINT('',(16.6243,-2.6416,1.4732));
#10179=VECTOR('',#12610,1.0);
#10180=CARTESIAN_POINT('',(16.3703,-2.20165909487751,1.0668));
#10181=VECTOR('',#12611,1.0);
#10182=COLOUR_RGB('',0.705882370471954,0.705882370471954,0.705882370471954);
#10183=CARTESIAN_POINT('',(16.3703,0.508,1.4732));
#10184=CARTESIAN_POINT('',(16.3703,0.508,0.5334));
#10185=VECTOR('',#12612,1.0);
#10186=CARTESIAN_POINT('',(16.3703,-2.20165909487751,1.4732));
#10187=VECTOR('',#12613,1.0);
#10188=COLOUR_RGB('',0.705882370471954,0.705882370471954,0.705882370471954);
#10189=CARTESIAN_POINT('',(16.9037,-2.6416,1.4732));
#10190=VECTOR('',#12614,0.999999999999999);
#10191=COLOUR_RGB('',0.705882370471954,0.705882370471954,0.705882370471954);
#10192=CARTESIAN_POINT('',(16.764,0.508,1.4732));
#10193=VECTOR('',#12615,1.0);
#10194=COLOUR_RGB('',0.705882370471954,0.705882370471954,0.705882370471954);
#10195=CARTESIAN_POINT('',(14.6177,0.508,-1.4732));
#10196=CARTESIAN_POINT('',(13.8303,0.508,-1.4732));
#10197=CARTESIAN_POINT('',(14.224,0.508,-1.4732));
#10198=VECTOR('',#12616,1.0);
#10199=CARTESIAN_POINT('',(14.6177,-2.20165909487751,-1.4732));
#10200=CARTESIAN_POINT('',(14.6177,-2.20165909487751,-1.4732));
#10201=VECTOR('',#12617,1.0);
#10202=CARTESIAN_POINT('',(14.3637,-2.6416,-1.4732));
#10203=CARTESIAN_POINT('',(14.3637,-2.6416,-1.4732));
#10204=VECTOR('',#12618,1.0);
#10205=CARTESIAN_POINT('',(14.0843,-2.6416,-1.4732));
#10206=CARTESIAN_POINT('',(14.224,-2.6416,-1.4732));
#10207=VECTOR('',#12619,1.0);
#10208=CARTESIAN_POINT('',(13.8303,-2.20165909487751,-1.4732));
#10209=CARTESIAN_POINT('',(14.0843,-2.6416,-1.4732));
#10210=VECTOR('',#12620,1.0);
#10211=CARTESIAN_POINT('',(13.8303,-2.20165909487751,-1.4732));
#10212=VECTOR('',#12621,1.0);
#10213=COLOUR_RGB('',0.705882370471954,0.705882370471954,0.705882370471954);
#10214=CARTESIAN_POINT('',(14.6177,0.508,-1.0668));
#10215=CARTESIAN_POINT('',(14.6177,0.508,-0.7366));
#10216=VECTOR('',#12622,1.0);
#10217=CARTESIAN_POINT('',(14.6177,-2.20165909487751,-1.0668));
#10218=CARTESIAN_POINT('',(14.6177,-2.20165909487751,-1.0668));
#10219=VECTOR('',#12623,1.0);
#10220=CARTESIAN_POINT('',(14.6177,-2.20165909487751,-1.4732));
#10221=VECTOR('',#12624,1.0);
#10222=COLOUR_RGB('',0.705882370471954,0.705882370471954,0.705882370471954);
#10223=CARTESIAN_POINT('',(14.3637,-2.6416,-1.0668));
#10224=CARTESIAN_POINT('',(14.0843,-2.6416,-1.0668));
#10225=CARTESIAN_POINT('',(14.224,-2.6416,-1.0668));
#10226=VECTOR('',#12625,1.0);
#10227=CARTESIAN_POINT('',(14.0843,-2.6416,-1.4732));
#10228=VECTOR('',#12626,1.0);
#10229=CARTESIAN_POINT('',(14.3637,-2.6416,-1.4732));
#10230=VECTOR('',#12627,1.0);
#10231=COLOUR_RGB('',0.705882370471954,0.705882370471954,0.705882370471954);
#10232=CARTESIAN_POINT('',(13.8303,-2.20165909487751,-1.0668));
#10233=CARTESIAN_POINT('',(14.0843,-2.6416,-1.0668));
#10234=VECTOR('',#12628,1.0);
#10235=CARTESIAN_POINT('',(13.8303,-2.20165909487751,-1.4732));
#10236=VECTOR('',#12629,1.0);
#10237=COLOUR_RGB('',0.705882370471954,0.705882370471954,0.705882370471954);
#10238=CARTESIAN_POINT('',(13.8303,0.508,-1.0668));
#10239=CARTESIAN_POINT('',(13.8303,0.508,-0.7366));
#10240=VECTOR('',#12630,1.0);
#10241=CARTESIAN_POINT('',(13.8303,-2.20165909487751,-1.0668));
#10242=VECTOR('',#12631,1.0);
#10243=COLOUR_RGB('',0.705882370471954,0.705882370471954,0.705882370471954);
#10244=CARTESIAN_POINT('',(14.3637,-2.6416,-1.0668));
#10245=VECTOR('',#12632,0.999999999999999);
#10246=COLOUR_RGB('',0.705882370471954,0.705882370471954,0.705882370471954);
#10247=CARTESIAN_POINT('',(14.224,0.508,-1.0668));
#10248=VECTOR('',#12633,1.0);
#10249=COLOUR_RGB('',0.705882370471954,0.705882370471954,0.705882370471954);
#10250=CARTESIAN_POINT('',(14.6177,0.508,1.0668));
#10251=CARTESIAN_POINT('',(13.8303,0.508,1.0668));
#10252=CARTESIAN_POINT('',(14.224,0.508,1.0668));
#10253=VECTOR('',#12634,1.0);
#10254=CARTESIAN_POINT('',(14.6177,-2.20165909487751,1.0668));
#10255=CARTESIAN_POINT('',(14.6177,-2.20165909487751,1.0668));
#10256=VECTOR('',#12635,1.0);
#10257=CARTESIAN_POINT('',(14.3637,-2.6416,1.0668));
#10258=CARTESIAN_POINT('',(14.3637,-2.6416,1.0668));
#10259=VECTOR('',#12636,1.0);
#10260=CARTESIAN_POINT('',(14.0843,-2.6416,1.0668));
#10261=CARTESIAN_POINT('',(14.224,-2.6416,1.0668));
#10262=VECTOR('',#12637,1.0);
#10263=CARTESIAN_POINT('',(13.8303,-2.20165909487751,1.0668));
#10264=CARTESIAN_POINT('',(14.0843,-2.6416,1.0668));
#10265=VECTOR('',#12638,1.0);
#10266=CARTESIAN_POINT('',(13.8303,-2.20165909487751,1.0668));
#10267=VECTOR('',#12639,1.0);
#10268=COLOUR_RGB('',0.705882370471954,0.705882370471954,0.705882370471954);
#10269=CARTESIAN_POINT('',(14.6177,0.508,1.4732));
#10270=CARTESIAN_POINT('',(14.6177,0.508,0.5334));
#10271=VECTOR('',#12640,1.0);
#10272=CARTESIAN_POINT('',(14.6177,-2.20165909487751,1.4732));
#10273=CARTESIAN_POINT('',(14.6177,-2.20165909487751,1.4732));
#10274=VECTOR('',#12641,1.0);
#10275=CARTESIAN_POINT('',(14.6177,-2.20165909487751,1.0668));
#10276=VECTOR('',#12642,1.0);
#10277=COLOUR_RGB('',0.705882370471954,0.705882370471954,0.705882370471954);
#10278=CARTESIAN_POINT('',(14.3637,-2.6416,1.4732));
#10279=CARTESIAN_POINT('',(14.0843,-2.6416,1.4732));
#10280=CARTESIAN_POINT('',(14.224,-2.6416,1.4732));
#10281=VECTOR('',#12643,1.0);
#10282=CARTESIAN_POINT('',(14.0843,-2.6416,1.0668));
#10283=VECTOR('',#12644,1.0);
#10284=CARTESIAN_POINT('',(14.3637,-2.6416,1.0668));
#10285=VECTOR('',#12645,1.0);
#10286=COLOUR_RGB('',0.705882370471954,0.705882370471954,0.705882370471954);
#10287=CARTESIAN_POINT('',(13.8303,-2.20165909487751,1.4732));
#10288=CARTESIAN_POINT('',(14.0843,-2.6416,1.4732));
#10289=VECTOR('',#12646,1.0);
#10290=CARTESIAN_POINT('',(13.8303,-2.20165909487751,1.0668));
#10291=VECTOR('',#12647,1.0);
#10292=COLOUR_RGB('',0.705882370471954,0.705882370471954,0.705882370471954);
#10293=CARTESIAN_POINT('',(13.8303,0.508,1.4732));
#10294=CARTESIAN_POINT('',(13.8303,0.508,0.5334));
#10295=VECTOR('',#12648,1.0);
#10296=CARTESIAN_POINT('',(13.8303,-2.20165909487751,1.4732));
#10297=VECTOR('',#12649,1.0);
#10298=COLOUR_RGB('',0.705882370471954,0.705882370471954,0.705882370471954);
#10299=CARTESIAN_POINT('',(14.3637,-2.6416,1.4732));
#10300=VECTOR('',#12650,0.999999999999999);
#10301=COLOUR_RGB('',0.705882370471954,0.705882370471954,0.705882370471954);
#10302=CARTESIAN_POINT('',(14.224,0.508,1.4732));
#10303=VECTOR('',#12651,1.0);
#10304=COLOUR_RGB('',0.705882370471954,0.705882370471954,0.705882370471954);
#10305=CARTESIAN_POINT('',(12.0777,0.508,-1.4732));
#10306=CARTESIAN_POINT('',(11.2903,0.508,-1.4732));
#10307=CARTESIAN_POINT('',(11.684,0.508,-1.4732));
#10308=VECTOR('',#12652,1.0);
#10309=CARTESIAN_POINT('',(12.0777,-2.20165909487751,-1.4732));
#10310=CARTESIAN_POINT('',(12.0777,-2.20165909487751,-1.4732));
#10311=VECTOR('',#12653,1.0);
#10312=CARTESIAN_POINT('',(11.8237,-2.6416,-1.4732));
#10313=CARTESIAN_POINT('',(11.8237,-2.6416,-1.4732));
#10314=VECTOR('',#12654,1.0);
#10315=CARTESIAN_POINT('',(11.5443,-2.6416,-1.4732));
#10316=CARTESIAN_POINT('',(11.684,-2.6416,-1.4732));
#10317=VECTOR('',#12655,1.0);
#10318=CARTESIAN_POINT('',(11.2903,-2.20165909487751,-1.4732));
#10319=CARTESIAN_POINT('',(11.5443,-2.6416,-1.4732));
#10320=VECTOR('',#12656,1.0);
#10321=CARTESIAN_POINT('',(11.2903,-2.20165909487751,-1.4732));
#10322=VECTOR('',#12657,1.0);
#10323=COLOUR_RGB('',0.705882370471954,0.705882370471954,0.705882370471954);
#10324=CARTESIAN_POINT('',(12.0777,0.508,-1.0668));
#10325=CARTESIAN_POINT('',(12.0777,0.508,-0.7366));
#10326=VECTOR('',#12658,1.0);
#10327=CARTESIAN_POINT('',(12.0777,-2.20165909487751,-1.0668));
#10328=CARTESIAN_POINT('',(12.0777,-2.20165909487751,-1.0668));
#10329=VECTOR('',#12659,1.0);
#10330=CARTESIAN_POINT('',(12.0777,-2.20165909487751,-1.4732));
#10331=VECTOR('',#12660,1.0);
#10332=COLOUR_RGB('',0.705882370471954,0.705882370471954,0.705882370471954);
#10333=CARTESIAN_POINT('',(11.8237,-2.6416,-1.0668));
#10334=CARTESIAN_POINT('',(11.5443,-2.6416,-1.0668));
#10335=CARTESIAN_POINT('',(11.684,-2.6416,-1.0668));
#10336=VECTOR('',#12661,1.0);
#10337=CARTESIAN_POINT('',(11.5443,-2.6416,-1.4732));
#10338=VECTOR('',#12662,1.0);
#10339=CARTESIAN_POINT('',(11.8237,-2.6416,-1.4732));
#10340=VECTOR('',#12663,1.0);
#10341=COLOUR_RGB('',0.705882370471954,0.705882370471954,0.705882370471954);
#10342=CARTESIAN_POINT('',(11.2903,-2.20165909487751,-1.0668));
#10343=CARTESIAN_POINT('',(11.5443,-2.6416,-1.0668));
#10344=VECTOR('',#12664,1.0);
#10345=CARTESIAN_POINT('',(11.2903,-2.20165909487751,-1.4732));
#10346=VECTOR('',#12665,1.0);
#10347=COLOUR_RGB('',0.705882370471954,0.705882370471954,0.705882370471954);
#10348=CARTESIAN_POINT('',(11.2903,0.508,-1.0668));
#10349=CARTESIAN_POINT('',(11.2903,0.508,-0.7366));
#10350=VECTOR('',#12666,1.0);
#10351=CARTESIAN_POINT('',(11.2903,-2.20165909487751,-1.0668));
#10352=VECTOR('',#12667,1.0);
#10353=COLOUR_RGB('',0.705882370471954,0.705882370471954,0.705882370471954);
#10354=CARTESIAN_POINT('',(11.8237,-2.6416,-1.0668));
#10355=VECTOR('',#12668,0.999999999999999);
#10356=COLOUR_RGB('',0.705882370471954,0.705882370471954,0.705882370471954);
#10357=CARTESIAN_POINT('',(11.684,0.508,-1.0668));
#10358=VECTOR('',#12669,1.0);
#10359=COLOUR_RGB('',0.705882370471954,0.705882370471954,0.705882370471954);
#10360=CARTESIAN_POINT('',(12.0777,0.508,1.0668));
#10361=CARTESIAN_POINT('',(11.2903,0.508,1.0668));
#10362=CARTESIAN_POINT('',(11.684,0.508,1.0668));
#10363=VECTOR('',#12670,1.0);
#10364=CARTESIAN_POINT('',(12.0777,-2.20165909487751,1.0668));
#10365=CARTESIAN_POINT('',(12.0777,-2.20165909487751,1.0668));
#10366=VECTOR('',#12671,1.0);
#10367=CARTESIAN_POINT('',(11.8237,-2.6416,1.0668));
#10368=CARTESIAN_POINT('',(11.8237,-2.6416,1.0668));
#10369=VECTOR('',#12672,1.0);
#10370=CARTESIAN_POINT('',(11.5443,-2.6416,1.0668));
#10371=CARTESIAN_POINT('',(11.684,-2.6416,1.0668));
#10372=VECTOR('',#12673,1.0);
#10373=CARTESIAN_POINT('',(11.2903,-2.20165909487751,1.0668));
#10374=CARTESIAN_POINT('',(11.5443,-2.6416,1.0668));
#10375=VECTOR('',#12674,1.0);
#10376=CARTESIAN_POINT('',(11.2903,-2.20165909487751,1.0668));
#10377=VECTOR('',#12675,1.0);
#10378=COLOUR_RGB('',0.705882370471954,0.705882370471954,0.705882370471954);
#10379=CARTESIAN_POINT('',(12.0777,0.508,1.4732));
#10380=CARTESIAN_POINT('',(12.0777,0.508,0.5334));
#10381=VECTOR('',#12676,1.0);
#10382=CARTESIAN_POINT('',(12.0777,-2.20165909487751,1.4732));
#10383=CARTESIAN_POINT('',(12.0777,-2.20165909487751,1.4732));
#10384=VECTOR('',#12677,1.0);
#10385=CARTESIAN_POINT('',(12.0777,-2.20165909487751,1.0668));
#10386=VECTOR('',#12678,1.0);
#10387=COLOUR_RGB('',0.705882370471954,0.705882370471954,0.705882370471954);
#10388=CARTESIAN_POINT('',(11.8237,-2.6416,1.4732));
#10389=CARTESIAN_POINT('',(11.5443,-2.6416,1.4732));
#10390=CARTESIAN_POINT('',(11.684,-2.6416,1.4732));
#10391=VECTOR('',#12679,1.0);
#10392=CARTESIAN_POINT('',(11.5443,-2.6416,1.0668));
#10393=VECTOR('',#12680,1.0);
#10394=CARTESIAN_POINT('',(11.8237,-2.6416,1.0668));
#10395=VECTOR('',#12681,1.0);
#10396=COLOUR_RGB('',0.705882370471954,0.705882370471954,0.705882370471954);
#10397=CARTESIAN_POINT('',(11.2903,-2.20165909487751,1.4732));
#10398=CARTESIAN_POINT('',(11.5443,-2.6416,1.4732));
#10399=VECTOR('',#12682,1.0);
#10400=CARTESIAN_POINT('',(11.2903,-2.20165909487751,1.0668));
#10401=VECTOR('',#12683,1.0);
#10402=COLOUR_RGB('',0.705882370471954,0.705882370471954,0.705882370471954);
#10403=CARTESIAN_POINT('',(11.2903,0.508,1.4732));
#10404=CARTESIAN_POINT('',(11.2903,0.508,0.5334));
#10405=VECTOR('',#12684,1.0);
#10406=CARTESIAN_POINT('',(11.2903,-2.20165909487751,1.4732));
#10407=VECTOR('',#12685,1.0);
#10408=COLOUR_RGB('',0.705882370471954,0.705882370471954,0.705882370471954);
#10409=CARTESIAN_POINT('',(11.8237,-2.6416,1.4732));
#10410=VECTOR('',#12686,0.999999999999999);
#10411=COLOUR_RGB('',0.705882370471954,0.705882370471954,0.705882370471954);
#10412=CARTESIAN_POINT('',(11.684,0.508,1.4732));
#10413=VECTOR('',#12687,1.0);
#10414=COLOUR_RGB('',0.705882370471954,0.705882370471954,0.705882370471954);
#10415=CARTESIAN_POINT('',(9.5377,0.508,-1.4732));
#10416=CARTESIAN_POINT('',(8.7503,0.508,-1.4732));
#10417=CARTESIAN_POINT('',(9.144,0.508,-1.4732));
#10418=VECTOR('',#12688,1.0);
#10419=CARTESIAN_POINT('',(9.5377,-2.20165909487751,-1.4732));
#10420=CARTESIAN_POINT('',(9.5377,-2.20165909487751,-1.4732));
#10421=VECTOR('',#12689,1.0);
#10422=CARTESIAN_POINT('',(9.2837,-2.6416,-1.4732));
#10423=CARTESIAN_POINT('',(9.2837,-2.6416,-1.4732));
#10424=VECTOR('',#12690,1.0);
#10425=CARTESIAN_POINT('',(9.0043,-2.6416,-1.4732));
#10426=CARTESIAN_POINT('',(9.144,-2.6416,-1.4732));
#10427=VECTOR('',#12691,1.0);
#10428=CARTESIAN_POINT('',(8.7503,-2.20165909487751,-1.4732));
#10429=CARTESIAN_POINT('',(9.0043,-2.6416,-1.4732));
#10430=VECTOR('',#12692,1.0);
#10431=CARTESIAN_POINT('',(8.7503,-2.20165909487751,-1.4732));
#10432=VECTOR('',#12693,1.0);
#10433=COLOUR_RGB('',0.705882370471954,0.705882370471954,0.705882370471954);
#10434=CARTESIAN_POINT('',(9.5377,0.508,-1.0668));
#10435=CARTESIAN_POINT('',(9.5377,0.508,-0.7366));
#10436=VECTOR('',#12694,1.0);
#10437=CARTESIAN_POINT('',(9.5377,-2.20165909487751,-1.0668));
#10438=CARTESIAN_POINT('',(9.5377,-2.20165909487751,-1.0668));
#10439=VECTOR('',#12695,1.0);
#10440=CARTESIAN_POINT('',(9.5377,-2.20165909487751,-1.4732));
#10441=VECTOR('',#12696,1.0);
#10442=COLOUR_RGB('',0.705882370471954,0.705882370471954,0.705882370471954);
#10443=CARTESIAN_POINT('',(9.2837,-2.6416,-1.0668));
#10444=CARTESIAN_POINT('',(9.0043,-2.6416,-1.0668));
#10445=CARTESIAN_POINT('',(9.144,-2.6416,-1.0668));
#10446=VECTOR('',#12697,1.0);
#10447=CARTESIAN_POINT('',(9.0043,-2.6416,-1.4732));
#10448=VECTOR('',#12698,1.0);
#10449=CARTESIAN_POINT('',(9.2837,-2.6416,-1.4732));
#10450=VECTOR('',#12699,1.0);
#10451=COLOUR_RGB('',0.705882370471954,0.705882370471954,0.705882370471954);
#10452=CARTESIAN_POINT('',(8.7503,-2.20165909487751,-1.0668));
#10453=CARTESIAN_POINT('',(9.0043,-2.6416,-1.0668));
#10454=VECTOR('',#12700,1.0);
#10455=CARTESIAN_POINT('',(8.7503,-2.20165909487751,-1.4732));
#10456=VECTOR('',#12701,1.0);
#10457=COLOUR_RGB('',0.705882370471954,0.705882370471954,0.705882370471954);
#10458=CARTESIAN_POINT('',(8.7503,0.508,-1.0668));
#10459=CARTESIAN_POINT('',(8.7503,0.508,-0.7366));
#10460=VECTOR('',#12702,1.0);
#10461=CARTESIAN_POINT('',(8.7503,-2.20165909487751,-1.0668));
#10462=VECTOR('',#12703,1.0);
#10463=COLOUR_RGB('',0.705882370471954,0.705882370471954,0.705882370471954);
#10464=CARTESIAN_POINT('',(9.2837,-2.6416,-1.0668));
#10465=VECTOR('',#12704,0.999999999999999);
#10466=COLOUR_RGB('',0.705882370471954,0.705882370471954,0.705882370471954);
#10467=CARTESIAN_POINT('',(9.144,0.508,-1.0668));
#10468=VECTOR('',#12705,1.0);
#10469=COLOUR_RGB('',0.705882370471954,0.705882370471954,0.705882370471954);
#10470=CARTESIAN_POINT('',(9.5377,0.508,1.0668));
#10471=CARTESIAN_POINT('',(8.7503,0.508,1.0668));
#10472=CARTESIAN_POINT('',(9.144,0.508,1.0668));
#10473=VECTOR('',#12706,1.0);
#10474=CARTESIAN_POINT('',(9.5377,-2.20165909487751,1.0668));
#10475=CARTESIAN_POINT('',(9.5377,-2.20165909487751,1.0668));
#10476=VECTOR('',#12707,1.0);
#10477=CARTESIAN_POINT('',(9.2837,-2.6416,1.0668));
#10478=CARTESIAN_POINT('',(9.2837,-2.6416,1.0668));
#10479=VECTOR('',#12708,1.0);
#10480=CARTESIAN_POINT('',(9.0043,-2.6416,1.0668));
#10481=CARTESIAN_POINT('',(9.144,-2.6416,1.0668));
#10482=VECTOR('',#12709,1.0);
#10483=CARTESIAN_POINT('',(8.7503,-2.20165909487751,1.0668));
#10484=CARTESIAN_POINT('',(9.0043,-2.6416,1.0668));
#10485=VECTOR('',#12710,1.0);
#10486=CARTESIAN_POINT('',(8.7503,-2.20165909487751,1.0668));
#10487=VECTOR('',#12711,1.0);
#10488=COLOUR_RGB('',0.705882370471954,0.705882370471954,0.705882370471954);
#10489=CARTESIAN_POINT('',(9.5377,0.508,1.4732));
#10490=CARTESIAN_POINT('',(9.5377,0.508,0.5334));
#10491=VECTOR('',#12712,1.0);
#10492=CARTESIAN_POINT('',(9.5377,-2.20165909487751,1.4732));
#10493=CARTESIAN_POINT('',(9.5377,-2.20165909487751,1.4732));
#10494=VECTOR('',#12713,1.0);
#10495=CARTESIAN_POINT('',(9.5377,-2.20165909487751,1.0668));
#10496=VECTOR('',#12714,1.0);
#10497=COLOUR_RGB('',0.705882370471954,0.705882370471954,0.705882370471954);
#10498=CARTESIAN_POINT('',(9.2837,-2.6416,1.4732));
#10499=CARTESIAN_POINT('',(9.0043,-2.6416,1.4732));
#10500=CARTESIAN_POINT('',(9.144,-2.6416,1.4732));
#10501=VECTOR('',#12715,1.0);
#10502=CARTESIAN_POINT('',(9.0043,-2.6416,1.0668));
#10503=VECTOR('',#12716,1.0);
#10504=CARTESIAN_POINT('',(9.2837,-2.6416,1.0668));
#10505=VECTOR('',#12717,1.0);
#10506=COLOUR_RGB('',0.705882370471954,0.705882370471954,0.705882370471954);
#10507=CARTESIAN_POINT('',(8.7503,-2.20165909487751,1.4732));
#10508=CARTESIAN_POINT('',(9.0043,-2.6416,1.4732));
#10509=VECTOR('',#12718,1.0);
#10510=CARTESIAN_POINT('',(8.7503,-2.20165909487751,1.0668));
#10511=VECTOR('',#12719,1.0);
#10512=COLOUR_RGB('',0.705882370471954,0.705882370471954,0.705882370471954);
#10513=CARTESIAN_POINT('',(8.7503,0.508,1.4732));
#10514=CARTESIAN_POINT('',(8.7503,0.508,0.5334));
#10515=VECTOR('',#12720,1.0);
#10516=CARTESIAN_POINT('',(8.7503,-2.20165909487751,1.4732));
#10517=VECTOR('',#12721,1.0);
#10518=COLOUR_RGB('',0.705882370471954,0.705882370471954,0.705882370471954);
#10519=CARTESIAN_POINT('',(9.2837,-2.6416,1.4732));
#10520=VECTOR('',#12722,0.999999999999999);
#10521=COLOUR_RGB('',0.705882370471954,0.705882370471954,0.705882370471954);
#10522=CARTESIAN_POINT('',(9.144,0.508,1.4732));
#10523=VECTOR('',#12723,1.0);
#10524=COLOUR_RGB('',0.705882370471954,0.705882370471954,0.705882370471954);
#10525=CARTESIAN_POINT('',(6.9977,0.508,-1.4732));
#10526=CARTESIAN_POINT('',(6.2103,0.508,-1.4732));
#10527=CARTESIAN_POINT('',(6.604,0.508,-1.4732));
#10528=VECTOR('',#12724,1.0);
#10529=CARTESIAN_POINT('',(6.9977,-2.20165909487751,-1.4732));
#10530=CARTESIAN_POINT('',(6.9977,-2.20165909487751,-1.4732));
#10531=VECTOR('',#12725,1.0);
#10532=CARTESIAN_POINT('',(6.7437,-2.6416,-1.4732));
#10533=CARTESIAN_POINT('',(6.7437,-2.6416,-1.4732));
#10534=VECTOR('',#12726,1.0);
#10535=CARTESIAN_POINT('',(6.4643,-2.6416,-1.4732));
#10536=CARTESIAN_POINT('',(6.604,-2.6416,-1.4732));
#10537=VECTOR('',#12727,1.0);
#10538=CARTESIAN_POINT('',(6.2103,-2.20165909487751,-1.4732));
#10539=CARTESIAN_POINT('',(6.4643,-2.6416,-1.4732));
#10540=VECTOR('',#12728,1.0);
#10541=CARTESIAN_POINT('',(6.2103,-2.20165909487751,-1.4732));
#10542=VECTOR('',#12729,1.0);
#10543=COLOUR_RGB('',0.705882370471954,0.705882370471954,0.705882370471954);
#10544=CARTESIAN_POINT('',(6.9977,0.508,-1.0668));
#10545=CARTESIAN_POINT('',(6.9977,0.508,-0.7366));
#10546=VECTOR('',#12730,1.0);
#10547=CARTESIAN_POINT('',(6.9977,-2.20165909487751,-1.0668));
#10548=CARTESIAN_POINT('',(6.9977,-2.20165909487751,-1.0668));
#10549=VECTOR('',#12731,1.0);
#10550=CARTESIAN_POINT('',(6.9977,-2.20165909487751,-1.4732));
#10551=VECTOR('',#12732,1.0);
#10552=COLOUR_RGB('',0.705882370471954,0.705882370471954,0.705882370471954);
#10553=CARTESIAN_POINT('',(6.7437,-2.6416,-1.0668));
#10554=CARTESIAN_POINT('',(6.4643,-2.6416,-1.0668));
#10555=CARTESIAN_POINT('',(6.604,-2.6416,-1.0668));
#10556=VECTOR('',#12733,1.0);
#10557=CARTESIAN_POINT('',(6.4643,-2.6416,-1.4732));
#10558=VECTOR('',#12734,1.0);
#10559=CARTESIAN_POINT('',(6.7437,-2.6416,-1.4732));
#10560=VECTOR('',#12735,1.0);
#10561=COLOUR_RGB('',0.705882370471954,0.705882370471954,0.705882370471954);
#10562=CARTESIAN_POINT('',(6.2103,-2.20165909487751,-1.0668));
#10563=CARTESIAN_POINT('',(6.4643,-2.6416,-1.0668));
#10564=VECTOR('',#12736,1.0);
#10565=CARTESIAN_POINT('',(6.2103,-2.20165909487751,-1.4732));
#10566=VECTOR('',#12737,1.0);
#10567=COLOUR_RGB('',0.705882370471954,0.705882370471954,0.705882370471954);
#10568=CARTESIAN_POINT('',(6.2103,0.508,-1.0668));
#10569=CARTESIAN_POINT('',(6.2103,0.508,-0.7366));
#10570=VECTOR('',#12738,1.0);
#10571=CARTESIAN_POINT('',(6.2103,-2.20165909487751,-1.0668));
#10572=VECTOR('',#12739,1.0);
#10573=COLOUR_RGB('',0.705882370471954,0.705882370471954,0.705882370471954);
#10574=CARTESIAN_POINT('',(6.7437,-2.6416,-1.0668));
#10575=VECTOR('',#12740,0.999999999999999);
#10576=COLOUR_RGB('',0.705882370471954,0.705882370471954,0.705882370471954);
#10577=CARTESIAN_POINT('',(6.604,0.508,-1.0668));
#10578=VECTOR('',#12741,1.0);
#10579=COLOUR_RGB('',0.705882370471954,0.705882370471954,0.705882370471954);
#10580=CARTESIAN_POINT('',(6.9977,0.508,1.0668));
#10581=CARTESIAN_POINT('',(6.2103,0.508,1.0668));
#10582=CARTESIAN_POINT('',(6.604,0.508,1.0668));
#10583=VECTOR('',#12742,1.0);
#10584=CARTESIAN_POINT('',(6.9977,-2.20165909487751,1.0668));
#10585=CARTESIAN_POINT('',(6.9977,-2.20165909487751,1.0668));
#10586=VECTOR('',#12743,1.0);
#10587=CARTESIAN_POINT('',(6.7437,-2.6416,1.0668));
#10588=CARTESIAN_POINT('',(6.7437,-2.6416,1.0668));
#10589=VECTOR('',#12744,1.0);
#10590=CARTESIAN_POINT('',(6.4643,-2.6416,1.0668));
#10591=CARTESIAN_POINT('',(6.604,-2.6416,1.0668));
#10592=VECTOR('',#12745,1.0);
#10593=CARTESIAN_POINT('',(6.2103,-2.20165909487751,1.0668));
#10594=CARTESIAN_POINT('',(6.4643,-2.6416,1.0668));
#10595=VECTOR('',#12746,1.0);
#10596=CARTESIAN_POINT('',(6.2103,-2.20165909487751,1.0668));
#10597=VECTOR('',#12747,1.0);
#10598=COLOUR_RGB('',0.705882370471954,0.705882370471954,0.705882370471954);
#10599=CARTESIAN_POINT('',(6.9977,0.508,1.4732));
#10600=CARTESIAN_POINT('',(6.9977,0.508,0.5334));
#10601=VECTOR('',#12748,1.0);
#10602=CARTESIAN_POINT('',(6.9977,-2.20165909487751,1.4732));
#10603=CARTESIAN_POINT('',(6.9977,-2.20165909487751,1.4732));
#10604=VECTOR('',#12749,1.0);
#10605=CARTESIAN_POINT('',(6.9977,-2.20165909487751,1.0668));
#10606=VECTOR('',#12750,1.0);
#10607=COLOUR_RGB('',0.705882370471954,0.705882370471954,0.705882370471954);
#10608=CARTESIAN_POINT('',(6.7437,-2.6416,1.4732));
#10609=CARTESIAN_POINT('',(6.4643,-2.6416,1.4732));
#10610=CARTESIAN_POINT('',(6.604,-2.6416,1.4732));
#10611=VECTOR('',#12751,1.0);
#10612=CARTESIAN_POINT('',(6.4643,-2.6416,1.0668));
#10613=VECTOR('',#12752,1.0);
#10614=CARTESIAN_POINT('',(6.7437,-2.6416,1.0668));
#10615=VECTOR('',#12753,1.0);
#10616=COLOUR_RGB('',0.705882370471954,0.705882370471954,0.705882370471954);
#10617=CARTESIAN_POINT('',(6.2103,-2.20165909487751,1.4732));
#10618=CARTESIAN_POINT('',(6.4643,-2.6416,1.4732));
#10619=VECTOR('',#12754,1.0);
#10620=CARTESIAN_POINT('',(6.2103,-2.20165909487751,1.0668));
#10621=VECTOR('',#12755,1.0);
#10622=COLOUR_RGB('',0.705882370471954,0.705882370471954,0.705882370471954);
#10623=CARTESIAN_POINT('',(6.2103,0.508,1.4732));
#10624=CARTESIAN_POINT('',(6.2103,0.508,0.5334));
#10625=VECTOR('',#12756,1.0);
#10626=CARTESIAN_POINT('',(6.2103,-2.20165909487751,1.4732));
#10627=VECTOR('',#12757,1.0);
#10628=COLOUR_RGB('',0.705882370471954,0.705882370471954,0.705882370471954);
#10629=CARTESIAN_POINT('',(6.7437,-2.6416,1.4732));
#10630=VECTOR('',#12758,0.999999999999999);
#10631=COLOUR_RGB('',0.705882370471954,0.705882370471954,0.705882370471954);
#10632=CARTESIAN_POINT('',(6.604,0.508,1.4732));
#10633=VECTOR('',#12759,1.0);
#10634=COLOUR_RGB('',0.705882370471954,0.705882370471954,0.705882370471954);
#10635=CARTESIAN_POINT('',(4.4577,0.508,-1.4732));
#10636=CARTESIAN_POINT('',(3.6703,0.508,-1.4732));
#10637=CARTESIAN_POINT('',(4.064,0.508,-1.4732));
#10638=VECTOR('',#12760,1.0);
#10639=CARTESIAN_POINT('',(4.4577,-2.20165909487751,-1.4732));
#10640=CARTESIAN_POINT('',(4.4577,-2.20165909487751,-1.4732));
#10641=VECTOR('',#12761,1.0);
#10642=CARTESIAN_POINT('',(4.2037,-2.6416,-1.4732));
#10643=CARTESIAN_POINT('',(4.2037,-2.6416,-1.4732));
#10644=VECTOR('',#12762,1.0);
#10645=CARTESIAN_POINT('',(3.9243,-2.6416,-1.4732));
#10646=CARTESIAN_POINT('',(4.064,-2.6416,-1.4732));
#10647=VECTOR('',#12763,1.0);
#10648=CARTESIAN_POINT('',(3.6703,-2.20165909487751,-1.4732));
#10649=CARTESIAN_POINT('',(3.9243,-2.6416,-1.4732));
#10650=VECTOR('',#12764,1.0);
#10651=CARTESIAN_POINT('',(3.6703,-2.20165909487751,-1.4732));
#10652=VECTOR('',#12765,1.0);
#10653=COLOUR_RGB('',0.705882370471954,0.705882370471954,0.705882370471954);
#10654=CARTESIAN_POINT('',(4.4577,0.508,-1.0668));
#10655=CARTESIAN_POINT('',(4.4577,0.508,-0.7366));
#10656=VECTOR('',#12766,1.0);
#10657=CARTESIAN_POINT('',(4.4577,-2.20165909487751,-1.0668));
#10658=CARTESIAN_POINT('',(4.4577,-2.20165909487751,-1.0668));
#10659=VECTOR('',#12767,1.0);
#10660=CARTESIAN_POINT('',(4.4577,-2.20165909487751,-1.4732));
#10661=VECTOR('',#12768,1.0);
#10662=COLOUR_RGB('',0.705882370471954,0.705882370471954,0.705882370471954);
#10663=CARTESIAN_POINT('',(4.2037,-2.6416,-1.0668));
#10664=CARTESIAN_POINT('',(3.9243,-2.6416,-1.0668));
#10665=CARTESIAN_POINT('',(4.064,-2.6416,-1.0668));
#10666=VECTOR('',#12769,1.0);
#10667=CARTESIAN_POINT('',(3.9243,-2.6416,-1.4732));
#10668=VECTOR('',#12770,1.0);
#10669=CARTESIAN_POINT('',(4.2037,-2.6416,-1.4732));
#10670=VECTOR('',#12771,1.0);
#10671=COLOUR_RGB('',0.705882370471954,0.705882370471954,0.705882370471954);
#10672=CARTESIAN_POINT('',(3.6703,-2.20165909487751,-1.0668));
#10673=CARTESIAN_POINT('',(3.9243,-2.6416,-1.0668));
#10674=VECTOR('',#12772,1.0);
#10675=CARTESIAN_POINT('',(3.6703,-2.20165909487751,-1.4732));
#10676=VECTOR('',#12773,1.0);
#10677=COLOUR_RGB('',0.705882370471954,0.705882370471954,0.705882370471954);
#10678=CARTESIAN_POINT('',(3.6703,0.508,-1.0668));
#10679=CARTESIAN_POINT('',(3.6703,0.508,-0.7366));
#10680=VECTOR('',#12774,1.0);
#10681=CARTESIAN_POINT('',(3.6703,-2.20165909487751,-1.0668));
#10682=VECTOR('',#12775,1.0);
#10683=COLOUR_RGB('',0.705882370471954,0.705882370471954,0.705882370471954);
#10684=CARTESIAN_POINT('',(4.2037,-2.6416,-1.0668));
#10685=VECTOR('',#12776,0.999999999999999);
#10686=COLOUR_RGB('',0.705882370471954,0.705882370471954,0.705882370471954);
#10687=CARTESIAN_POINT('',(4.064,0.508,-1.0668));
#10688=VECTOR('',#12777,1.0);
#10689=COLOUR_RGB('',0.705882370471954,0.705882370471954,0.705882370471954);
#10690=CARTESIAN_POINT('',(4.4577,0.508,1.0668));
#10691=CARTESIAN_POINT('',(3.6703,0.508,1.0668));
#10692=CARTESIAN_POINT('',(4.064,0.508,1.0668));
#10693=VECTOR('',#12778,1.0);
#10694=CARTESIAN_POINT('',(4.4577,-2.20165909487751,1.0668));
#10695=CARTESIAN_POINT('',(4.4577,-2.20165909487751,1.0668));
#10696=VECTOR('',#12779,1.0);
#10697=CARTESIAN_POINT('',(4.2037,-2.6416,1.0668));
#10698=CARTESIAN_POINT('',(4.2037,-2.6416,1.0668));
#10699=VECTOR('',#12780,1.0);
#10700=CARTESIAN_POINT('',(3.9243,-2.6416,1.0668));
#10701=CARTESIAN_POINT('',(4.064,-2.6416,1.0668));
#10702=VECTOR('',#12781,1.0);
#10703=CARTESIAN_POINT('',(3.6703,-2.20165909487751,1.0668));
#10704=CARTESIAN_POINT('',(3.9243,-2.6416,1.0668));
#10705=VECTOR('',#12782,1.0);
#10706=CARTESIAN_POINT('',(3.6703,-2.20165909487751,1.0668));
#10707=VECTOR('',#12783,1.0);
#10708=COLOUR_RGB('',0.705882370471954,0.705882370471954,0.705882370471954);
#10709=CARTESIAN_POINT('',(4.4577,0.508,1.4732));
#10710=CARTESIAN_POINT('',(4.4577,0.508,0.5334));
#10711=VECTOR('',#12784,1.0);
#10712=CARTESIAN_POINT('',(4.4577,-2.20165909487751,1.4732));
#10713=CARTESIAN_POINT('',(4.4577,-2.20165909487751,1.4732));
#10714=VECTOR('',#12785,1.0);
#10715=CARTESIAN_POINT('',(4.4577,-2.20165909487751,1.0668));
#10716=VECTOR('',#12786,1.0);
#10717=COLOUR_RGB('',0.705882370471954,0.705882370471954,0.705882370471954);
#10718=CARTESIAN_POINT('',(4.2037,-2.6416,1.4732));
#10719=CARTESIAN_POINT('',(3.9243,-2.6416,1.4732));
#10720=CARTESIAN_POINT('',(4.064,-2.6416,1.4732));
#10721=VECTOR('',#12787,1.0);
#10722=CARTESIAN_POINT('',(3.9243,-2.6416,1.0668));
#10723=VECTOR('',#12788,1.0);
#10724=CARTESIAN_POINT('',(4.2037,-2.6416,1.0668));
#10725=VECTOR('',#12789,1.0);
#10726=COLOUR_RGB('',0.705882370471954,0.705882370471954,0.705882370471954);
#10727=CARTESIAN_POINT('',(3.6703,-2.20165909487751,1.4732));
#10728=CARTESIAN_POINT('',(3.9243,-2.6416,1.4732));
#10729=VECTOR('',#12790,1.0);
#10730=CARTESIAN_POINT('',(3.6703,-2.20165909487751,1.0668));
#10731=VECTOR('',#12791,1.0);
#10732=COLOUR_RGB('',0.705882370471954,0.705882370471954,0.705882370471954);
#10733=CARTESIAN_POINT('',(3.6703,0.508,1.4732));
#10734=CARTESIAN_POINT('',(3.6703,0.508,0.5334));
#10735=VECTOR('',#12792,1.0);
#10736=CARTESIAN_POINT('',(3.6703,-2.20165909487751,1.4732));
#10737=VECTOR('',#12793,1.0);
#10738=COLOUR_RGB('',0.705882370471954,0.705882370471954,0.705882370471954);
#10739=CARTESIAN_POINT('',(4.2037,-2.6416,1.4732));
#10740=VECTOR('',#12794,0.999999999999999);
#10741=COLOUR_RGB('',0.705882370471954,0.705882370471954,0.705882370471954);
#10742=CARTESIAN_POINT('',(4.064,0.508,1.4732));
#10743=VECTOR('',#12795,1.0);
#10744=COLOUR_RGB('',0.705882370471954,0.705882370471954,0.705882370471954);
#10745=CARTESIAN_POINT('',(1.9177,0.508,-1.4732));
#10746=CARTESIAN_POINT('',(1.1303,0.508,-1.4732));
#10747=CARTESIAN_POINT('',(1.524,0.508,-1.4732));
#10748=VECTOR('',#12796,1.0);
#10749=CARTESIAN_POINT('',(1.9177,-2.20165909487751,-1.4732));
#10750=CARTESIAN_POINT('',(1.9177,-2.20165909487751,-1.4732));
#10751=VECTOR('',#12797,1.0);
#10752=CARTESIAN_POINT('',(1.6637,-2.6416,-1.4732));
#10753=CARTESIAN_POINT('',(1.6637,-2.6416,-1.4732));
#10754=VECTOR('',#12798,1.0);
#10755=CARTESIAN_POINT('',(1.3843,-2.6416,-1.4732));
#10756=CARTESIAN_POINT('',(1.524,-2.6416,-1.4732));
#10757=VECTOR('',#12799,1.0);
#10758=CARTESIAN_POINT('',(1.1303,-2.20165909487751,-1.4732));
#10759=CARTESIAN_POINT('',(1.3843,-2.6416,-1.4732));
#10760=VECTOR('',#12800,1.0);
#10761=CARTESIAN_POINT('',(1.1303,-2.20165909487751,-1.4732));
#10762=VECTOR('',#12801,1.0);
#10763=COLOUR_RGB('',0.705882370471954,0.705882370471954,0.705882370471954);
#10764=CARTESIAN_POINT('',(1.9177,0.508,-1.0668));
#10765=CARTESIAN_POINT('',(1.9177,0.508,-0.7366));
#10766=VECTOR('',#12802,1.0);
#10767=CARTESIAN_POINT('',(1.9177,-2.20165909487751,-1.0668));
#10768=CARTESIAN_POINT('',(1.9177,-2.20165909487751,-1.0668));
#10769=VECTOR('',#12803,1.0);
#10770=CARTESIAN_POINT('',(1.9177,-2.20165909487751,-1.4732));
#10771=VECTOR('',#12804,1.0);
#10772=COLOUR_RGB('',0.705882370471954,0.705882370471954,0.705882370471954);
#10773=CARTESIAN_POINT('',(1.6637,-2.6416,-1.0668));
#10774=CARTESIAN_POINT('',(1.3843,-2.6416,-1.0668));
#10775=CARTESIAN_POINT('',(1.524,-2.6416,-1.0668));
#10776=VECTOR('',#12805,1.0);
#10777=CARTESIAN_POINT('',(1.3843,-2.6416,-1.4732));
#10778=VECTOR('',#12806,1.0);
#10779=CARTESIAN_POINT('',(1.6637,-2.6416,-1.4732));
#10780=VECTOR('',#12807,1.0);
#10781=COLOUR_RGB('',0.705882370471954,0.705882370471954,0.705882370471954);
#10782=CARTESIAN_POINT('',(1.1303,-2.20165909487751,-1.0668));
#10783=CARTESIAN_POINT('',(1.3843,-2.6416,-1.0668));
#10784=VECTOR('',#12808,1.0);
#10785=CARTESIAN_POINT('',(1.1303,-2.20165909487751,-1.4732));
#10786=VECTOR('',#12809,1.0);
#10787=COLOUR_RGB('',0.705882370471954,0.705882370471954,0.705882370471954);
#10788=CARTESIAN_POINT('',(1.1303,0.508,-1.0668));
#10789=CARTESIAN_POINT('',(1.1303,0.508,-0.7366));
#10790=VECTOR('',#12810,1.0);
#10791=CARTESIAN_POINT('',(1.1303,-2.20165909487751,-1.0668));
#10792=VECTOR('',#12811,1.0);
#10793=COLOUR_RGB('',0.705882370471954,0.705882370471954,0.705882370471954);
#10794=CARTESIAN_POINT('',(1.6637,-2.6416,-1.0668));
#10795=VECTOR('',#12812,0.999999999999999);
#10796=COLOUR_RGB('',0.705882370471954,0.705882370471954,0.705882370471954);
#10797=CARTESIAN_POINT('',(1.524,0.508,-1.0668));
#10798=VECTOR('',#12813,1.0);
#10799=COLOUR_RGB('',0.705882370471954,0.705882370471954,0.705882370471954);
#10800=CARTESIAN_POINT('',(1.9177,0.508,1.0668));
#10801=CARTESIAN_POINT('',(1.1303,0.508,1.0668));
#10802=CARTESIAN_POINT('',(1.524,0.508,1.0668));
#10803=VECTOR('',#12814,1.0);
#10804=CARTESIAN_POINT('',(1.9177,-2.20165909487751,1.0668));
#10805=CARTESIAN_POINT('',(1.9177,-2.20165909487751,1.0668));
#10806=VECTOR('',#12815,1.0);
#10807=CARTESIAN_POINT('',(1.6637,-2.6416,1.0668));
#10808=CARTESIAN_POINT('',(1.6637,-2.6416,1.0668));
#10809=VECTOR('',#12816,1.0);
#10810=CARTESIAN_POINT('',(1.3843,-2.6416,1.0668));
#10811=CARTESIAN_POINT('',(1.524,-2.6416,1.0668));
#10812=VECTOR('',#12817,1.0);
#10813=CARTESIAN_POINT('',(1.1303,-2.20165909487751,1.0668));
#10814=CARTESIAN_POINT('',(1.3843,-2.6416,1.0668));
#10815=VECTOR('',#12818,1.0);
#10816=CARTESIAN_POINT('',(1.1303,-2.20165909487751,1.0668));
#10817=VECTOR('',#12819,1.0);
#10818=COLOUR_RGB('',0.705882370471954,0.705882370471954,0.705882370471954);
#10819=CARTESIAN_POINT('',(1.9177,0.508,1.4732));
#10820=CARTESIAN_POINT('',(1.9177,0.508,0.5334));
#10821=VECTOR('',#12820,1.0);
#10822=CARTESIAN_POINT('',(1.9177,-2.20165909487751,1.4732));
#10823=CARTESIAN_POINT('',(1.9177,-2.20165909487751,1.4732));
#10824=VECTOR('',#12821,1.0);
#10825=CARTESIAN_POINT('',(1.9177,-2.20165909487751,1.0668));
#10826=VECTOR('',#12822,1.0);
#10827=COLOUR_RGB('',0.705882370471954,0.705882370471954,0.705882370471954);
#10828=CARTESIAN_POINT('',(1.6637,-2.6416,1.4732));
#10829=CARTESIAN_POINT('',(1.3843,-2.6416,1.4732));
#10830=CARTESIAN_POINT('',(1.524,-2.6416,1.4732));
#10831=VECTOR('',#12823,1.0);
#10832=CARTESIAN_POINT('',(1.3843,-2.6416,1.0668));
#10833=VECTOR('',#12824,1.0);
#10834=CARTESIAN_POINT('',(1.6637,-2.6416,1.0668));
#10835=VECTOR('',#12825,1.0);
#10836=COLOUR_RGB('',0.705882370471954,0.705882370471954,0.705882370471954);
#10837=CARTESIAN_POINT('',(1.1303,-2.20165909487751,1.4732));
#10838=CARTESIAN_POINT('',(1.3843,-2.6416,1.4732));
#10839=VECTOR('',#12826,1.0);
#10840=CARTESIAN_POINT('',(1.1303,-2.20165909487751,1.0668));
#10841=VECTOR('',#12827,1.0);
#10842=COLOUR_RGB('',0.705882370471954,0.705882370471954,0.705882370471954);
#10843=CARTESIAN_POINT('',(1.1303,0.508,1.4732));
#10844=CARTESIAN_POINT('',(1.1303,0.508,0.5334));
#10845=VECTOR('',#12828,1.0);
#10846=CARTESIAN_POINT('',(1.1303,-2.20165909487751,1.4732));
#10847=VECTOR('',#12829,1.0);
#10848=COLOUR_RGB('',0.705882370471954,0.705882370471954,0.705882370471954);
#10849=CARTESIAN_POINT('',(1.6637,-2.6416,1.4732));
#10850=VECTOR('',#12830,1.0);
#10851=COLOUR_RGB('',0.705882370471954,0.705882370471954,0.705882370471954);
#10852=CARTESIAN_POINT('',(1.524,0.508,1.4732));
#10853=VECTOR('',#12831,1.0);
#10854=COLOUR_RGB('',0.196078434586525,0.196078434586525,0.196078434586525);
#10855=CARTESIAN_POINT('',(23.9903,8.128,1.6637));
#10856=CARTESIAN_POINT('',(23.6093,8.509,2.0447));
#10857=CARTESIAN_POINT('',(23.9945333333333,8.12376666666667,1.65946666666667));
#10858=VECTOR('',#12832,1.0);
#10859=CARTESIAN_POINT('',(25.1587,8.509,2.0447));
#10860=CARTESIAN_POINT('',(19.169,8.509,2.0447));
#10861=VECTOR('',#12833,1.0);
#10862=CARTESIAN_POINT('',(24.7777,8.128,1.6637));
#10863=CARTESIAN_POINT('',(24.7734666666667,8.12376666666667,1.65946666666667));
#10864=VECTOR('',#12834,1.0);
#10865=CARTESIAN_POINT('',(24.884,8.128,1.6637));
#10866=VECTOR('',#12835,1.0);
#10867=COLOUR_RGB('',0.196078434586525,0.196078434586525,0.196078434586525);
#10868=CARTESIAN_POINT('',(25.1587,8.509,0.4953));
#10869=CARTESIAN_POINT('',(25.1587,8.509,0.135));
#10870=VECTOR('',#12836,1.0);
#10871=CARTESIAN_POINT('',(24.7777,8.128,0.8763));
#10872=CARTESIAN_POINT('',(24.7734666666667,8.12376666666667,0.880533333333333));
#10873=VECTOR('',#12837,1.0);
#10874=CARTESIAN_POINT('',(24.7777,8.128,0.77));
#10875=VECTOR('',#12838,1.0);
#10876=COLOUR_RGB('',0.196078434586525,0.196078434586525,0.196078434586525);
#10877=CARTESIAN_POINT('',(23.9903,8.128,0.876300000000001));
#10878=CARTESIAN_POINT('',(23.9903,8.128,1.77));
#10879=VECTOR('',#12839,1.0);
#10880=CARTESIAN_POINT('',(23.6093,8.509,0.4953));
#10881=CARTESIAN_POINT('',(23.9945333333333,8.12376666666667,0.880533333333334));
#10882=VECTOR('',#12840,0.999999999999999);
#10883=CARTESIAN_POINT('',(23.6093,8.509,1.135));
#10884=VECTOR('',#12841,1.0);
#10885=COLOUR_RGB('',0.196078434586525,0.196078434586525,0.196078434586525);
#10886=CARTESIAN_POINT('',(23.884,8.128,0.8763));
#10887=VECTOR('',#12842,1.0);
#10888=CARTESIAN_POINT('',(18.169,8.509,0.4953));
#10889=VECTOR('',#12843,1.0);
#10890=COLOUR_RGB('',0.196078434586525,0.196078434586525,0.196078434586525);
#10891=CARTESIAN_POINT('',(24.7777,1.008,0.8763));
#10892=CARTESIAN_POINT('',(24.7777,5.2625,0.8763));
#10893=VECTOR('',#12844,1.0);
#10894=CARTESIAN_POINT('',(24.7777,1.008,1.6637));
#10895=CARTESIAN_POINT('',(24.7777,1.008,1.27));
#10896=VECTOR('',#12845,1.0);
#10897=CARTESIAN_POINT('',(24.7777,5.2625,1.6637));
#10898=VECTOR('',#12846,1.0);
#10899=COLOUR_RGB('',0.196078434586525,0.196078434586525,0.196078434586525);
#10900=CARTESIAN_POINT('',(23.9903,1.008,0.8763));
#10901=CARTESIAN_POINT('',(23.9903,5.2625,0.8763));
#10902=VECTOR('',#12847,1.0);
#10903=CARTESIAN_POINT('',(24.384,1.008,0.8763));
#10904=VECTOR('',#12848,1.0);
#10905=COLOUR_RGB('',0.196078434586525,0.196078434586525,0.196078434586525);
#10906=CARTESIAN_POINT('',(23.9903,1.008,1.6637));
#10907=CARTESIAN_POINT('',(24.384,1.008,1.6637));
#10908=VECTOR('',#12849,1.0);
#10909=CARTESIAN_POINT('',(23.9903,5.2625,1.6637));
#10910=VECTOR('',#12850,1.0);
#10911=COLOUR_RGB('',0.196078434586525,0.196078434586525,0.196078434586525);
#10912=CARTESIAN_POINT('',(23.9903,1.008,1.27));
#10913=VECTOR('',#12851,1.0);
#10914=COLOUR_RGB('',0.196078434586525,0.196078434586525,0.196078434586525);
#10915=COLOUR_RGB('',0.196078434586525,0.196078434586525,0.196078434586525);
#10916=CARTESIAN_POINT('',(23.9903,8.128,-0.8763));
#10917=CARTESIAN_POINT('',(23.6093,8.509,-0.4953));
#10918=CARTESIAN_POINT('',(23.9945333333333,8.12376666666667,-0.880533333333333));
#10919=VECTOR('',#12852,1.0);
#10920=CARTESIAN_POINT('',(25.1587,8.509,-0.4953));
#10921=CARTESIAN_POINT('',(19.169,8.509,-0.4953));
#10922=VECTOR('',#12853,1.0);
#10923=CARTESIAN_POINT('',(24.7777,8.128,-0.8763));
#10924=CARTESIAN_POINT('',(24.7734666666667,8.12376666666667,-0.880533333333334));
#10925=VECTOR('',#12854,1.0);
#10926=CARTESIAN_POINT('',(24.884,8.128,-0.8763));
#10927=VECTOR('',#12855,1.0);
#10928=COLOUR_RGB('',0.196078434586525,0.196078434586525,0.196078434586525);
#10929=CARTESIAN_POINT('',(25.1587,8.509,-2.0447));
#10930=CARTESIAN_POINT('',(25.1587,8.509,-1.135));
#10931=VECTOR('',#12856,1.0);
#10932=CARTESIAN_POINT('',(24.7777,8.128,-1.6637));
#10933=CARTESIAN_POINT('',(24.7734666666667,8.12376666666667,-1.65946666666667));
#10934=VECTOR('',#12857,1.0);
#10935=CARTESIAN_POINT('',(24.7777,8.128,-1.77));
#10936=VECTOR('',#12858,1.0);
#10937=COLOUR_RGB('',0.196078434586525,0.196078434586525,0.196078434586525);
#10938=CARTESIAN_POINT('',(23.9903,8.128,-1.6637));
#10939=CARTESIAN_POINT('',(23.9903,8.128,-0.77));
#10940=VECTOR('',#12859,1.0);
#10941=CARTESIAN_POINT('',(23.6093,8.509,-2.0447));
#10942=CARTESIAN_POINT('',(23.9945333333333,8.12376666666667,-1.65946666666667));
#10943=VECTOR('',#12860,0.999999999999999);
#10944=CARTESIAN_POINT('',(23.6093,8.509,-0.134999999999999));
#10945=VECTOR('',#12861,1.0);
#10946=COLOUR_RGB('',0.196078434586525,0.196078434586525,0.196078434586525);
#10947=CARTESIAN_POINT('',(23.884,8.128,-1.6637));
#10948=VECTOR('',#12862,1.0);
#10949=CARTESIAN_POINT('',(18.169,8.509,-2.0447));
#10950=VECTOR('',#12863,1.0);
#10951=COLOUR_RGB('',0.196078434586525,0.196078434586525,0.196078434586525);
#10952=CARTESIAN_POINT('',(24.7777,1.008,-1.6637));
#10953=CARTESIAN_POINT('',(24.7777,5.2625,-1.6637));
#10954=VECTOR('',#12864,1.0);
#10955=CARTESIAN_POINT('',(24.7777,1.008,-0.8763));
#10956=CARTESIAN_POINT('',(24.7777,1.008,-1.27));
#10957=VECTOR('',#12865,1.0);
#10958=CARTESIAN_POINT('',(24.7777,5.2625,-0.8763));
#10959=VECTOR('',#12866,1.0);
#10960=COLOUR_RGB('',0.196078434586525,0.196078434586525,0.196078434586525);
#10961=CARTESIAN_POINT('',(23.9903,1.008,-1.6637));
#10962=CARTESIAN_POINT('',(23.9903,5.2625,-1.6637));
#10963=VECTOR('',#12867,1.0);
#10964=CARTESIAN_POINT('',(24.384,1.008,-1.6637));
#10965=VECTOR('',#12868,1.0);
#10966=COLOUR_RGB('',0.196078434586525,0.196078434586525,0.196078434586525);
#10967=CARTESIAN_POINT('',(23.9903,1.008,-0.8763));
#10968=CARTESIAN_POINT('',(24.384,1.008,-0.8763));
#10969=VECTOR('',#12869,1.0);
#10970=CARTESIAN_POINT('',(23.9903,5.2625,-0.8763));
#10971=VECTOR('',#12870,1.0);
#10972=COLOUR_RGB('',0.196078434586525,0.196078434586525,0.196078434586525);
#10973=CARTESIAN_POINT('',(23.9903,1.008,-1.27));
#10974=VECTOR('',#12871,1.0);
#10975=COLOUR_RGB('',0.196078434586525,0.196078434586525,0.196078434586525);
#10976=COLOUR_RGB('',0.196078434586525,0.196078434586525,0.196078434586525);
#10977=CARTESIAN_POINT('',(21.4503,8.128,1.6637));
#10978=CARTESIAN_POINT('',(21.0693,8.509,2.0447));
#10979=CARTESIAN_POINT('',(21.4545333333333,8.12376666666667,1.65946666666667));
#10980=VECTOR('',#12872,1.0);
#10981=CARTESIAN_POINT('',(22.6187,8.509,2.0447));
#10982=CARTESIAN_POINT('',(17.899,8.509,2.0447));
#10983=VECTOR('',#12873,1.0);
#10984=CARTESIAN_POINT('',(22.2377,8.128,1.6637));
#10985=CARTESIAN_POINT('',(22.2334666666667,8.12376666666667,1.65946666666667));
#10986=VECTOR('',#12874,1.0);
#10987=CARTESIAN_POINT('',(22.344,8.128,1.6637));
#10988=VECTOR('',#12875,1.0);
#10989=COLOUR_RGB('',0.196078434586525,0.196078434586525,0.196078434586525);
#10990=CARTESIAN_POINT('',(22.6187,8.509,0.4953));
#10991=CARTESIAN_POINT('',(22.6187,8.509,0.135));
#10992=VECTOR('',#12876,1.0);
#10993=CARTESIAN_POINT('',(22.2377,8.128,0.8763));
#10994=CARTESIAN_POINT('',(22.2334666666667,8.12376666666667,0.880533333333333));
#10995=VECTOR('',#12877,1.0);
#10996=CARTESIAN_POINT('',(22.2377,8.128,0.77));
#10997=VECTOR('',#12878,1.0);
#10998=COLOUR_RGB('',0.196078434586525,0.196078434586525,0.196078434586525);
#10999=CARTESIAN_POINT('',(21.4503,8.128,0.876300000000001));
#11000=CARTESIAN_POINT('',(21.4503,8.128,1.77));
#11001=VECTOR('',#12879,1.0);
#11002=CARTESIAN_POINT('',(21.0693,8.509,0.4953));
#11003=CARTESIAN_POINT('',(21.4545333333333,8.12376666666667,0.880533333333334));
#11004=VECTOR('',#12880,0.999999999999999);
#11005=CARTESIAN_POINT('',(21.0693,8.509,1.135));
#11006=VECTOR('',#12881,1.0);
#11007=COLOUR_RGB('',0.196078434586525,0.196078434586525,0.196078434586525);
#11008=CARTESIAN_POINT('',(21.344,8.128,0.8763));
#11009=VECTOR('',#12882,1.0);
#11010=CARTESIAN_POINT('',(16.899,8.509,0.4953));
#11011=VECTOR('',#12883,1.0);
#11012=COLOUR_RGB('',0.196078434586525,0.196078434586525,0.196078434586525);
#11013=CARTESIAN_POINT('',(22.2377,1.008,0.8763));
#11014=CARTESIAN_POINT('',(22.2377,5.2625,0.8763));
#11015=VECTOR('',#12884,1.0);
#11016=CARTESIAN_POINT('',(22.2377,1.008,1.6637));
#11017=CARTESIAN_POINT('',(22.2377,1.008,1.27));
#11018=VECTOR('',#12885,1.0);
#11019=CARTESIAN_POINT('',(22.2377,5.2625,1.6637));
#11020=VECTOR('',#12886,1.0);
#11021=COLOUR_RGB('',0.196078434586525,0.196078434586525,0.196078434586525);
#11022=CARTESIAN_POINT('',(21.4503,1.008,0.8763));
#11023=CARTESIAN_POINT('',(21.4503,5.2625,0.8763));
#11024=VECTOR('',#12887,1.0);
#11025=CARTESIAN_POINT('',(21.844,1.008,0.8763));
#11026=VECTOR('',#12888,1.0);
#11027=COLOUR_RGB('',0.196078434586525,0.196078434586525,0.196078434586525);
#11028=CARTESIAN_POINT('',(21.4503,1.008,1.6637));
#11029=CARTESIAN_POINT('',(21.844,1.008,1.6637));
#11030=VECTOR('',#12889,1.0);
#11031=CARTESIAN_POINT('',(21.4503,5.2625,1.6637));
#11032=VECTOR('',#12890,1.0);
#11033=COLOUR_RGB('',0.196078434586525,0.196078434586525,0.196078434586525);
#11034=CARTESIAN_POINT('',(21.4503,1.008,1.27));
#11035=VECTOR('',#12891,1.0);
#11036=COLOUR_RGB('',0.196078434586525,0.196078434586525,0.196078434586525);
#11037=COLOUR_RGB('',0.196078434586525,0.196078434586525,0.196078434586525);
#11038=CARTESIAN_POINT('',(21.4503,8.128,-0.8763));
#11039=CARTESIAN_POINT('',(21.0693,8.509,-0.4953));
#11040=CARTESIAN_POINT('',(21.4545333333333,8.12376666666667,-0.880533333333333));
#11041=VECTOR('',#12892,1.0);
#11042=CARTESIAN_POINT('',(22.6187,8.509,-0.4953));
#11043=CARTESIAN_POINT('',(17.899,8.509,-0.4953));
#11044=VECTOR('',#12893,1.0);
#11045=CARTESIAN_POINT('',(22.2377,8.128,-0.8763));
#11046=CARTESIAN_POINT('',(22.2334666666667,8.12376666666667,-0.880533333333334));
#11047=VECTOR('',#12894,1.0);
#11048=CARTESIAN_POINT('',(22.344,8.128,-0.8763));
#11049=VECTOR('',#12895,1.0);
#11050=COLOUR_RGB('',0.196078434586525,0.196078434586525,0.196078434586525);
#11051=CARTESIAN_POINT('',(22.6187,8.509,-2.0447));
#11052=CARTESIAN_POINT('',(22.6187,8.509,-1.135));
#11053=VECTOR('',#12896,1.0);
#11054=CARTESIAN_POINT('',(22.2377,8.128,-1.6637));
#11055=CARTESIAN_POINT('',(22.2334666666667,8.12376666666667,-1.65946666666667));
#11056=VECTOR('',#12897,1.0);
#11057=CARTESIAN_POINT('',(22.2377,8.128,-1.77));
#11058=VECTOR('',#12898,1.0);
#11059=COLOUR_RGB('',0.196078434586525,0.196078434586525,0.196078434586525);
#11060=CARTESIAN_POINT('',(21.4503,8.128,-1.6637));
#11061=CARTESIAN_POINT('',(21.4503,8.128,-0.77));
#11062=VECTOR('',#12899,1.0);
#11063=CARTESIAN_POINT('',(21.0693,8.509,-2.0447));
#11064=CARTESIAN_POINT('',(21.4545333333333,8.12376666666667,-1.65946666666667));
#11065=VECTOR('',#12900,0.999999999999999);
#11066=CARTESIAN_POINT('',(21.0693,8.509,-0.135));
#11067=VECTOR('',#12901,1.0);
#11068=COLOUR_RGB('',0.196078434586525,0.196078434586525,0.196078434586525);
#11069=CARTESIAN_POINT('',(21.344,8.128,-1.6637));
#11070=VECTOR('',#12902,1.0);
#11071=CARTESIAN_POINT('',(16.899,8.509,-2.0447));
#11072=VECTOR('',#12903,1.0);
#11073=COLOUR_RGB('',0.196078434586525,0.196078434586525,0.196078434586525);
#11074=CARTESIAN_POINT('',(22.2377,1.008,-1.6637));
#11075=CARTESIAN_POINT('',(22.2377,5.2625,-1.6637));
#11076=VECTOR('',#12904,1.0);
#11077=CARTESIAN_POINT('',(22.2377,1.008,-0.8763));
#11078=CARTESIAN_POINT('',(22.2377,1.008,-1.27));
#11079=VECTOR('',#12905,1.0);
#11080=CARTESIAN_POINT('',(22.2377,5.2625,-0.8763));
#11081=VECTOR('',#12906,1.0);
#11082=COLOUR_RGB('',0.196078434586525,0.196078434586525,0.196078434586525);
#11083=CARTESIAN_POINT('',(21.4503,1.008,-1.6637));
#11084=CARTESIAN_POINT('',(21.4503,5.2625,-1.6637));
#11085=VECTOR('',#12907,1.0);
#11086=CARTESIAN_POINT('',(21.844,1.008,-1.6637));
#11087=VECTOR('',#12908,1.0);
#11088=COLOUR_RGB('',0.196078434586525,0.196078434586525,0.196078434586525);
#11089=CARTESIAN_POINT('',(21.4503,1.008,-0.8763));
#11090=CARTESIAN_POINT('',(21.844,1.008,-0.8763));
#11091=VECTOR('',#12909,1.0);
#11092=CARTESIAN_POINT('',(21.4503,5.2625,-0.8763));
#11093=VECTOR('',#12910,1.0);
#11094=COLOUR_RGB('',0.196078434586525,0.196078434586525,0.196078434586525);
#11095=CARTESIAN_POINT('',(21.4503,1.008,-1.27));
#11096=VECTOR('',#12911,1.0);
#11097=COLOUR_RGB('',0.196078434586525,0.196078434586525,0.196078434586525);
#11098=COLOUR_RGB('',0.196078434586525,0.196078434586525,0.196078434586525);
#11099=CARTESIAN_POINT('',(18.9103,8.128,1.6637));
#11100=CARTESIAN_POINT('',(18.5293,8.509,2.0447));
#11101=CARTESIAN_POINT('',(18.9145333333333,8.12376666666667,1.65946666666667));
#11102=VECTOR('',#12912,1.0);
#11103=CARTESIAN_POINT('',(20.0787,8.509,2.0447));
#11104=CARTESIAN_POINT('',(16.629,8.509,2.0447));
#11105=VECTOR('',#12913,1.0);
#11106=CARTESIAN_POINT('',(19.6977,8.128,1.6637));
#11107=CARTESIAN_POINT('',(19.6934666666667,8.12376666666667,1.65946666666667));
#11108=VECTOR('',#12914,1.0);
#11109=CARTESIAN_POINT('',(19.804,8.128,1.6637));
#11110=VECTOR('',#12915,1.0);
#11111=COLOUR_RGB('',0.196078434586525,0.196078434586525,0.196078434586525);
#11112=CARTESIAN_POINT('',(20.0787,8.509,0.4953));
#11113=CARTESIAN_POINT('',(20.0787,8.509,0.135));
#11114=VECTOR('',#12916,1.0);
#11115=CARTESIAN_POINT('',(19.6977,8.128,0.8763));
#11116=CARTESIAN_POINT('',(19.6934666666667,8.12376666666667,0.880533333333333));
#11117=VECTOR('',#12917,1.0);
#11118=CARTESIAN_POINT('',(19.6977,8.128,0.77));
#11119=VECTOR('',#12918,1.0);
#11120=COLOUR_RGB('',0.196078434586525,0.196078434586525,0.196078434586525);
#11121=CARTESIAN_POINT('',(18.9103,8.128,0.876300000000001));
#11122=CARTESIAN_POINT('',(18.9103,8.128,1.77));
#11123=VECTOR('',#12919,1.0);
#11124=CARTESIAN_POINT('',(18.5293,8.509,0.4953));
#11125=CARTESIAN_POINT('',(18.9145333333333,8.12376666666667,0.880533333333334));
#11126=VECTOR('',#12920,0.999999999999999);
#11127=CARTESIAN_POINT('',(18.5293,8.509,1.135));
#11128=VECTOR('',#12921,1.0);
#11129=COLOUR_RGB('',0.196078434586525,0.196078434586525,0.196078434586525);
#11130=CARTESIAN_POINT('',(18.804,8.128,0.8763));
#11131=VECTOR('',#12922,1.0);
#11132=CARTESIAN_POINT('',(15.629,8.509,0.4953));
#11133=VECTOR('',#12923,1.0);
#11134=COLOUR_RGB('',0.196078434586525,0.196078434586525,0.196078434586525);
#11135=CARTESIAN_POINT('',(19.6977,1.008,0.8763));
#11136=CARTESIAN_POINT('',(19.6977,5.2625,0.8763));
#11137=VECTOR('',#12924,1.0);
#11138=CARTESIAN_POINT('',(19.6977,1.008,1.6637));
#11139=CARTESIAN_POINT('',(19.6977,1.008,1.27));
#11140=VECTOR('',#12925,1.0);
#11141=CARTESIAN_POINT('',(19.6977,5.2625,1.6637));
#11142=VECTOR('',#12926,1.0);
#11143=COLOUR_RGB('',0.196078434586525,0.196078434586525,0.196078434586525);
#11144=CARTESIAN_POINT('',(18.9103,1.008,0.8763));
#11145=CARTESIAN_POINT('',(18.9103,5.2625,0.8763));
#11146=VECTOR('',#12927,1.0);
#11147=CARTESIAN_POINT('',(19.304,1.008,0.8763));
#11148=VECTOR('',#12928,1.0);
#11149=COLOUR_RGB('',0.196078434586525,0.196078434586525,0.196078434586525);
#11150=CARTESIAN_POINT('',(18.9103,1.008,1.6637));
#11151=CARTESIAN_POINT('',(19.304,1.008,1.6637));
#11152=VECTOR('',#12929,1.0);
#11153=CARTESIAN_POINT('',(18.9103,5.2625,1.6637));
#11154=VECTOR('',#12930,1.0);
#11155=COLOUR_RGB('',0.196078434586525,0.196078434586525,0.196078434586525);
#11156=CARTESIAN_POINT('',(18.9103,1.008,1.27));
#11157=VECTOR('',#12931,1.0);
#11158=COLOUR_RGB('',0.196078434586525,0.196078434586525,0.196078434586525);
#11159=COLOUR_RGB('',0.196078434586525,0.196078434586525,0.196078434586525);
#11160=CARTESIAN_POINT('',(18.9103,8.128,-0.8763));
#11161=CARTESIAN_POINT('',(18.5293,8.509,-0.4953));
#11162=CARTESIAN_POINT('',(18.9145333333333,8.12376666666667,-0.880533333333333));
#11163=VECTOR('',#12932,1.0);
#11164=CARTESIAN_POINT('',(20.0787,8.509,-0.4953));
#11165=CARTESIAN_POINT('',(16.629,8.509,-0.4953));
#11166=VECTOR('',#12933,1.0);
#11167=CARTESIAN_POINT('',(19.6977,8.128,-0.8763));
#11168=CARTESIAN_POINT('',(19.6934666666667,8.12376666666667,-0.880533333333334));
#11169=VECTOR('',#12934,1.0);
#11170=CARTESIAN_POINT('',(19.804,8.128,-0.8763));
#11171=VECTOR('',#12935,1.0);
#11172=COLOUR_RGB('',0.196078434586525,0.196078434586525,0.196078434586525);
#11173=CARTESIAN_POINT('',(20.0787,8.509,-2.0447));
#11174=CARTESIAN_POINT('',(20.0787,8.509,-1.135));
#11175=VECTOR('',#12936,1.0);
#11176=CARTESIAN_POINT('',(19.6977,8.128,-1.6637));
#11177=CARTESIAN_POINT('',(19.6934666666667,8.12376666666667,-1.65946666666667));
#11178=VECTOR('',#12937,1.0);
#11179=CARTESIAN_POINT('',(19.6977,8.128,-1.77));
#11180=VECTOR('',#12938,1.0);
#11181=COLOUR_RGB('',0.196078434586525,0.196078434586525,0.196078434586525);
#11182=CARTESIAN_POINT('',(18.9103,8.128,-1.6637));
#11183=CARTESIAN_POINT('',(18.9103,8.128,-0.77));
#11184=VECTOR('',#12939,1.0);
#11185=CARTESIAN_POINT('',(18.5293,8.509,-2.0447));
#11186=CARTESIAN_POINT('',(18.9145333333333,8.12376666666667,-1.65946666666667));
#11187=VECTOR('',#12940,0.999999999999999);
#11188=CARTESIAN_POINT('',(18.5293,8.509,-0.135));
#11189=VECTOR('',#12941,1.0);
#11190=COLOUR_RGB('',0.196078434586525,0.196078434586525,0.196078434586525);
#11191=CARTESIAN_POINT('',(18.804,8.128,-1.6637));
#11192=VECTOR('',#12942,1.0);
#11193=CARTESIAN_POINT('',(15.629,8.509,-2.0447));
#11194=VECTOR('',#12943,1.0);
#11195=COLOUR_RGB('',0.196078434586525,0.196078434586525,0.196078434586525);
#11196=CARTESIAN_POINT('',(19.6977,1.008,-1.6637));
#11197=CARTESIAN_POINT('',(19.6977,5.2625,-1.6637));
#11198=VECTOR('',#12944,1.0);
#11199=CARTESIAN_POINT('',(19.6977,1.008,-0.8763));
#11200=CARTESIAN_POINT('',(19.6977,1.008,-1.27));
#11201=VECTOR('',#12945,1.0);
#11202=CARTESIAN_POINT('',(19.6977,5.2625,-0.8763));
#11203=VECTOR('',#12946,1.0);
#11204=COLOUR_RGB('',0.196078434586525,0.196078434586525,0.196078434586525);
#11205=CARTESIAN_POINT('',(18.9103,1.008,-1.6637));
#11206=CARTESIAN_POINT('',(18.9103,5.2625,-1.6637));
#11207=VECTOR('',#12947,1.0);
#11208=CARTESIAN_POINT('',(19.304,1.008,-1.6637));
#11209=VECTOR('',#12948,1.0);
#11210=COLOUR_RGB('',0.196078434586525,0.196078434586525,0.196078434586525);
#11211=CARTESIAN_POINT('',(18.9103,1.008,-0.8763));
#11212=CARTESIAN_POINT('',(19.304,1.008,-0.8763));
#11213=VECTOR('',#12949,1.0);
#11214=CARTESIAN_POINT('',(18.9103,5.2625,-0.8763));
#11215=VECTOR('',#12950,1.0);
#11216=COLOUR_RGB('',0.196078434586525,0.196078434586525,0.196078434586525);
#11217=CARTESIAN_POINT('',(18.9103,1.008,-1.27));
#11218=VECTOR('',#12951,1.0);
#11219=COLOUR_RGB('',0.196078434586525,0.196078434586525,0.196078434586525);
#11220=COLOUR_RGB('',0.196078434586525,0.196078434586525,0.196078434586525);
#11221=CARTESIAN_POINT('',(16.3703,8.128,1.6637));
#11222=CARTESIAN_POINT('',(15.9893,8.509,2.0447));
#11223=CARTESIAN_POINT('',(16.3745333333333,8.12376666666667,1.65946666666667));
#11224=VECTOR('',#12952,1.0);
#11225=CARTESIAN_POINT('',(17.5387,8.509,2.0447));
#11226=CARTESIAN_POINT('',(15.359,8.509,2.0447));
#11227=VECTOR('',#12953,1.0);
#11228=CARTESIAN_POINT('',(17.1577,8.128,1.6637));
#11229=CARTESIAN_POINT('',(17.1534666666667,8.12376666666667,1.65946666666667));
#11230=VECTOR('',#12954,1.0);
#11231=CARTESIAN_POINT('',(17.264,8.128,1.6637));
#11232=VECTOR('',#12955,1.0);
#11233=COLOUR_RGB('',0.196078434586525,0.196078434586525,0.196078434586525);
#11234=CARTESIAN_POINT('',(17.5387,8.509,0.4953));
#11235=CARTESIAN_POINT('',(17.5387,8.509,0.135));
#11236=VECTOR('',#12956,1.0);
#11237=CARTESIAN_POINT('',(17.1577,8.128,0.8763));
#11238=CARTESIAN_POINT('',(17.1534666666667,8.12376666666667,0.880533333333333));
#11239=VECTOR('',#12957,1.0);
#11240=CARTESIAN_POINT('',(17.1577,8.128,0.77));
#11241=VECTOR('',#12958,1.0);
#11242=COLOUR_RGB('',0.196078434586525,0.196078434586525,0.196078434586525);
#11243=CARTESIAN_POINT('',(16.3703,8.128,0.876300000000001));
#11244=CARTESIAN_POINT('',(16.3703,8.128,1.77));
#11245=VECTOR('',#12959,1.0);
#11246=CARTESIAN_POINT('',(15.9893,8.509,0.4953));
#11247=CARTESIAN_POINT('',(16.3745333333333,8.12376666666667,0.880533333333334));
#11248=VECTOR('',#12960,0.999999999999999);
#11249=CARTESIAN_POINT('',(15.9893,8.509,1.135));
#11250=VECTOR('',#12961,1.0);
#11251=COLOUR_RGB('',0.196078434586525,0.196078434586525,0.196078434586525);
#11252=CARTESIAN_POINT('',(16.264,8.128,0.8763));
#11253=VECTOR('',#12962,1.0);
#11254=CARTESIAN_POINT('',(14.359,8.509,0.4953));
#11255=VECTOR('',#12963,1.0);
#11256=COLOUR_RGB('',0.196078434586525,0.196078434586525,0.196078434586525);
#11257=CARTESIAN_POINT('',(17.1577,1.008,0.8763));
#11258=CARTESIAN_POINT('',(17.1577,5.2625,0.8763));
#11259=VECTOR('',#12964,1.0);
#11260=CARTESIAN_POINT('',(17.1577,1.008,1.6637));
#11261=CARTESIAN_POINT('',(17.1577,1.008,1.27));
#11262=VECTOR('',#12965,1.0);
#11263=CARTESIAN_POINT('',(17.1577,5.2625,1.6637));
#11264=VECTOR('',#12966,1.0);
#11265=COLOUR_RGB('',0.196078434586525,0.196078434586525,0.196078434586525);
#11266=CARTESIAN_POINT('',(16.3703,1.008,0.8763));
#11267=CARTESIAN_POINT('',(16.3703,5.2625,0.8763));
#11268=VECTOR('',#12967,1.0);
#11269=CARTESIAN_POINT('',(16.764,1.008,0.8763));
#11270=VECTOR('',#12968,1.0);
#11271=COLOUR_RGB('',0.196078434586525,0.196078434586525,0.196078434586525);
#11272=CARTESIAN_POINT('',(16.3703,1.008,1.6637));
#11273=CARTESIAN_POINT('',(16.764,1.008,1.6637));
#11274=VECTOR('',#12969,1.0);
#11275=CARTESIAN_POINT('',(16.3703,5.2625,1.6637));
#11276=VECTOR('',#12970,1.0);
#11277=COLOUR_RGB('',0.196078434586525,0.196078434586525,0.196078434586525);
#11278=CARTESIAN_POINT('',(16.3703,1.008,1.27));
#11279=VECTOR('',#12971,1.0);
#11280=COLOUR_RGB('',0.196078434586525,0.196078434586525,0.196078434586525);
#11281=COLOUR_RGB('',0.196078434586525,0.196078434586525,0.196078434586525);
#11282=CARTESIAN_POINT('',(16.3703,8.128,-0.8763));
#11283=CARTESIAN_POINT('',(15.9893,8.509,-0.4953));
#11284=CARTESIAN_POINT('',(16.3745333333333,8.12376666666667,-0.880533333333333));
#11285=VECTOR('',#12972,1.0);
#11286=CARTESIAN_POINT('',(17.5387,8.509,-0.4953));
#11287=CARTESIAN_POINT('',(15.359,8.509,-0.4953));
#11288=VECTOR('',#12973,1.0);
#11289=CARTESIAN_POINT('',(17.1577,8.128,-0.8763));
#11290=CARTESIAN_POINT('',(17.1534666666667,8.12376666666667,-0.880533333333334));
#11291=VECTOR('',#12974,1.0);
#11292=CARTESIAN_POINT('',(17.264,8.128,-0.8763));
#11293=VECTOR('',#12975,1.0);
#11294=COLOUR_RGB('',0.196078434586525,0.196078434586525,0.196078434586525);
#11295=CARTESIAN_POINT('',(17.5387,8.509,-2.0447));
#11296=CARTESIAN_POINT('',(17.5387,8.509,-1.135));
#11297=VECTOR('',#12976,1.0);
#11298=CARTESIAN_POINT('',(17.1577,8.128,-1.6637));
#11299=CARTESIAN_POINT('',(17.1534666666667,8.12376666666667,-1.65946666666667));
#11300=VECTOR('',#12977,1.0);
#11301=CARTESIAN_POINT('',(17.1577,8.128,-1.77));
#11302=VECTOR('',#12978,1.0);
#11303=COLOUR_RGB('',0.196078434586525,0.196078434586525,0.196078434586525);
#11304=CARTESIAN_POINT('',(16.3703,8.128,-1.6637));
#11305=CARTESIAN_POINT('',(16.3703,8.128,-0.77));
#11306=VECTOR('',#12979,1.0);
#11307=CARTESIAN_POINT('',(15.9893,8.509,-2.0447));
#11308=CARTESIAN_POINT('',(16.3745333333333,8.12376666666667,-1.65946666666667));
#11309=VECTOR('',#12980,0.999999999999999);
#11310=CARTESIAN_POINT('',(15.9893,8.509,-0.135));
#11311=VECTOR('',#12981,1.0);
#11312=COLOUR_RGB('',0.196078434586525,0.196078434586525,0.196078434586525);
#11313=CARTESIAN_POINT('',(16.264,8.128,-1.6637));
#11314=VECTOR('',#12982,1.0);
#11315=CARTESIAN_POINT('',(14.359,8.509,-2.0447));
#11316=VECTOR('',#12983,1.0);
#11317=COLOUR_RGB('',0.196078434586525,0.196078434586525,0.196078434586525);
#11318=CARTESIAN_POINT('',(17.1577,1.008,-1.6637));
#11319=CARTESIAN_POINT('',(17.1577,5.2625,-1.6637));
#11320=VECTOR('',#12984,1.0);
#11321=CARTESIAN_POINT('',(17.1577,1.008,-0.8763));
#11322=CARTESIAN_POINT('',(17.1577,1.008,-1.27));
#11323=VECTOR('',#12985,1.0);
#11324=CARTESIAN_POINT('',(17.1577,5.2625,-0.8763));
#11325=VECTOR('',#12986,1.0);
#11326=COLOUR_RGB('',0.196078434586525,0.196078434586525,0.196078434586525);
#11327=CARTESIAN_POINT('',(16.3703,1.008,-1.6637));
#11328=CARTESIAN_POINT('',(16.3703,5.2625,-1.6637));
#11329=VECTOR('',#12987,1.0);
#11330=CARTESIAN_POINT('',(16.764,1.008,-1.6637));
#11331=VECTOR('',#12988,1.0);
#11332=COLOUR_RGB('',0.196078434586525,0.196078434586525,0.196078434586525);
#11333=CARTESIAN_POINT('',(16.3703,1.008,-0.8763));
#11334=CARTESIAN_POINT('',(16.764,1.008,-0.8763));
#11335=VECTOR('',#12989,1.0);
#11336=CARTESIAN_POINT('',(16.3703,5.2625,-0.8763));
#11337=VECTOR('',#12990,1.0);
#11338=COLOUR_RGB('',0.196078434586525,0.196078434586525,0.196078434586525);
#11339=CARTESIAN_POINT('',(16.3703,1.008,-1.27));
#11340=VECTOR('',#12991,1.0);
#11341=COLOUR_RGB('',0.196078434586525,0.196078434586525,0.196078434586525);
#11342=COLOUR_RGB('',0.196078434586525,0.196078434586525,0.196078434586525);
#11343=CARTESIAN_POINT('',(13.8303,8.128,1.6637));
#11344=CARTESIAN_POINT('',(13.4493,8.509,2.0447));
#11345=CARTESIAN_POINT('',(13.8345333333333,8.12376666666667,1.65946666666667));
#11346=VECTOR('',#12992,1.0);
#11347=CARTESIAN_POINT('',(14.9987,8.509,2.0447));
#11348=CARTESIAN_POINT('',(14.089,8.509,2.0447));
#11349=VECTOR('',#12993,1.0);
#11350=CARTESIAN_POINT('',(14.6177,8.128,1.6637));
#11351=CARTESIAN_POINT('',(14.6134666666667,8.12376666666667,1.65946666666667));
#11352=VECTOR('',#12994,1.0);
#11353=CARTESIAN_POINT('',(14.724,8.128,1.6637));
#11354=VECTOR('',#12995,1.0);
#11355=COLOUR_RGB('',0.196078434586525,0.196078434586525,0.196078434586525);
#11356=CARTESIAN_POINT('',(14.9987,8.509,0.4953));
#11357=CARTESIAN_POINT('',(14.9987,8.509,0.135));
#11358=VECTOR('',#12996,1.0);
#11359=CARTESIAN_POINT('',(14.6177,8.128,0.8763));
#11360=CARTESIAN_POINT('',(14.6134666666667,8.12376666666667,0.880533333333333));
#11361=VECTOR('',#12997,1.0);
#11362=CARTESIAN_POINT('',(14.6177,8.128,0.77));
#11363=VECTOR('',#12998,1.0);
#11364=COLOUR_RGB('',0.196078434586525,0.196078434586525,0.196078434586525);
#11365=CARTESIAN_POINT('',(13.8303,8.128,0.876300000000001));
#11366=CARTESIAN_POINT('',(13.8303,8.128,1.77));
#11367=VECTOR('',#12999,1.0);
#11368=CARTESIAN_POINT('',(13.4493,8.509,0.4953));
#11369=CARTESIAN_POINT('',(13.8345333333333,8.12376666666667,0.880533333333334));
#11370=VECTOR('',#13000,0.999999999999999);
#11371=CARTESIAN_POINT('',(13.4493,8.509,1.135));
#11372=VECTOR('',#13001,1.0);
#11373=COLOUR_RGB('',0.196078434586525,0.196078434586525,0.196078434586525);
#11374=CARTESIAN_POINT('',(13.724,8.128,0.8763));
#11375=VECTOR('',#13002,1.0);
#11376=CARTESIAN_POINT('',(13.089,8.509,0.4953));
#11377=VECTOR('',#13003,1.0);
#11378=COLOUR_RGB('',0.196078434586525,0.196078434586525,0.196078434586525);
#11379=CARTESIAN_POINT('',(14.6177,1.008,0.8763));
#11380=CARTESIAN_POINT('',(14.6177,5.2625,0.8763));
#11381=VECTOR('',#13004,1.0);
#11382=CARTESIAN_POINT('',(14.6177,1.008,1.6637));
#11383=CARTESIAN_POINT('',(14.6177,1.008,1.27));
#11384=VECTOR('',#13005,1.0);
#11385=CARTESIAN_POINT('',(14.6177,5.2625,1.6637));
#11386=VECTOR('',#13006,1.0);
#11387=COLOUR_RGB('',0.196078434586525,0.196078434586525,0.196078434586525);
#11388=CARTESIAN_POINT('',(13.8303,1.008,0.8763));
#11389=CARTESIAN_POINT('',(13.8303,5.2625,0.8763));
#11390=VECTOR('',#13007,1.0);
#11391=CARTESIAN_POINT('',(14.224,1.008,0.8763));
#11392=VECTOR('',#13008,1.0);
#11393=COLOUR_RGB('',0.196078434586525,0.196078434586525,0.196078434586525);
#11394=CARTESIAN_POINT('',(13.8303,1.008,1.6637));
#11395=CARTESIAN_POINT('',(14.224,1.008,1.6637));
#11396=VECTOR('',#13009,1.0);
#11397=CARTESIAN_POINT('',(13.8303,5.2625,1.6637));
#11398=VECTOR('',#13010,1.0);
#11399=COLOUR_RGB('',0.196078434586525,0.196078434586525,0.196078434586525);
#11400=CARTESIAN_POINT('',(13.8303,1.008,1.27));
#11401=VECTOR('',#13011,1.0);
#11402=COLOUR_RGB('',0.196078434586525,0.196078434586525,0.196078434586525);
#11403=COLOUR_RGB('',0.196078434586525,0.196078434586525,0.196078434586525);
#11404=CARTESIAN_POINT('',(13.8303,8.128,-0.8763));
#11405=CARTESIAN_POINT('',(13.4493,8.509,-0.4953));
#11406=CARTESIAN_POINT('',(13.8345333333333,8.12376666666667,-0.880533333333333));
#11407=VECTOR('',#13012,1.0);
#11408=CARTESIAN_POINT('',(14.9987,8.509,-0.4953));
#11409=CARTESIAN_POINT('',(14.089,8.509,-0.4953));
#11410=VECTOR('',#13013,1.0);
#11411=CARTESIAN_POINT('',(14.6177,8.128,-0.8763));
#11412=CARTESIAN_POINT('',(14.6134666666667,8.12376666666667,-0.880533333333334));
#11413=VECTOR('',#13014,1.0);
#11414=CARTESIAN_POINT('',(14.724,8.128,-0.8763));
#11415=VECTOR('',#13015,1.0);
#11416=COLOUR_RGB('',0.196078434586525,0.196078434586525,0.196078434586525);
#11417=CARTESIAN_POINT('',(14.9987,8.509,-2.0447));
#11418=CARTESIAN_POINT('',(14.9987,8.509,-1.135));
#11419=VECTOR('',#13016,1.0);
#11420=CARTESIAN_POINT('',(14.6177,8.128,-1.6637));
#11421=CARTESIAN_POINT('',(14.6134666666667,8.12376666666667,-1.65946666666667));
#11422=VECTOR('',#13017,1.0);
#11423=CARTESIAN_POINT('',(14.6177,8.128,-1.77));
#11424=VECTOR('',#13018,1.0);
#11425=COLOUR_RGB('',0.196078434586525,0.196078434586525,0.196078434586525);
#11426=CARTESIAN_POINT('',(13.8303,8.128,-1.6637));
#11427=CARTESIAN_POINT('',(13.8303,8.128,-0.77));
#11428=VECTOR('',#13019,1.0);
#11429=CARTESIAN_POINT('',(13.4493,8.509,-2.0447));
#11430=CARTESIAN_POINT('',(13.8345333333333,8.12376666666667,-1.65946666666667));
#11431=VECTOR('',#13020,0.999999999999999);
#11432=CARTESIAN_POINT('',(13.4493,8.509,-0.135));
#11433=VECTOR('',#13021,1.0);
#11434=COLOUR_RGB('',0.196078434586525,0.196078434586525,0.196078434586525);
#11435=CARTESIAN_POINT('',(13.724,8.128,-1.6637));
#11436=VECTOR('',#13022,1.0);
#11437=CARTESIAN_POINT('',(13.089,8.509,-2.0447));
#11438=VECTOR('',#13023,1.0);
#11439=COLOUR_RGB('',0.196078434586525,0.196078434586525,0.196078434586525);
#11440=CARTESIAN_POINT('',(14.6177,1.008,-1.6637));
#11441=CARTESIAN_POINT('',(14.6177,5.2625,-1.6637));
#11442=VECTOR('',#13024,1.0);
#11443=CARTESIAN_POINT('',(14.6177,1.008,-0.8763));
#11444=CARTESIAN_POINT('',(14.6177,1.008,-1.27));
#11445=VECTOR('',#13025,1.0);
#11446=CARTESIAN_POINT('',(14.6177,5.2625,-0.8763));
#11447=VECTOR('',#13026,1.0);
#11448=COLOUR_RGB('',0.196078434586525,0.196078434586525,0.196078434586525);
#11449=CARTESIAN_POINT('',(13.8303,1.008,-1.6637));
#11450=CARTESIAN_POINT('',(13.8303,5.2625,-1.6637));
#11451=VECTOR('',#13027,1.0);
#11452=CARTESIAN_POINT('',(14.224,1.008,-1.6637));
#11453=VECTOR('',#13028,1.0);
#11454=COLOUR_RGB('',0.196078434586525,0.196078434586525,0.196078434586525);
#11455=CARTESIAN_POINT('',(13.8303,1.008,-0.8763));
#11456=CARTESIAN_POINT('',(14.224,1.008,-0.8763));
#11457=VECTOR('',#13029,1.0);
#11458=CARTESIAN_POINT('',(13.8303,5.2625,-0.8763));
#11459=VECTOR('',#13030,1.0);
#11460=COLOUR_RGB('',0.196078434586525,0.196078434586525,0.196078434586525);
#11461=CARTESIAN_POINT('',(13.8303,1.008,-1.27));
#11462=VECTOR('',#13031,1.0);
#11463=COLOUR_RGB('',0.196078434586525,0.196078434586525,0.196078434586525);
#11464=COLOUR_RGB('',0.196078434586525,0.196078434586525,0.196078434586525);
#11465=CARTESIAN_POINT('',(11.2903,8.128,1.6637));
#11466=CARTESIAN_POINT('',(10.9093,8.509,2.0447));
#11467=CARTESIAN_POINT('',(11.2945333333333,8.12376666666667,1.65946666666667));
#11468=VECTOR('',#13032,1.0);
#11469=CARTESIAN_POINT('',(12.4587,8.509,2.0447));
#11470=CARTESIAN_POINT('',(12.819,8.509,2.0447));
#11471=VECTOR('',#13033,1.0);
#11472=CARTESIAN_POINT('',(12.0777,8.128,1.6637));
#11473=CARTESIAN_POINT('',(12.0734666666667,8.12376666666667,1.65946666666667));
#11474=VECTOR('',#13034,1.0);
#11475=CARTESIAN_POINT('',(12.184,8.128,1.6637));
#11476=VECTOR('',#13035,1.0);
#11477=COLOUR_RGB('',0.196078434586525,0.196078434586525,0.196078434586525);
#11478=CARTESIAN_POINT('',(12.4587,8.509,0.4953));
#11479=CARTESIAN_POINT('',(12.4587,8.509,0.135));
#11480=VECTOR('',#13036,1.0);
#11481=CARTESIAN_POINT('',(12.0777,8.128,0.8763));
#11482=CARTESIAN_POINT('',(12.0734666666667,8.12376666666667,0.880533333333333));
#11483=VECTOR('',#13037,1.0);
#11484=CARTESIAN_POINT('',(12.0777,8.128,0.77));
#11485=VECTOR('',#13038,1.0);
#11486=COLOUR_RGB('',0.196078434586525,0.196078434586525,0.196078434586525);
#11487=CARTESIAN_POINT('',(11.2903,8.128,0.876300000000001));
#11488=CARTESIAN_POINT('',(11.2903,8.128,1.77));
#11489=VECTOR('',#13039,1.0);
#11490=CARTESIAN_POINT('',(10.9093,8.509,0.4953));
#11491=CARTESIAN_POINT('',(11.2945333333333,8.12376666666667,0.880533333333334));
#11492=VECTOR('',#13040,0.999999999999999);
#11493=CARTESIAN_POINT('',(10.9093,8.509,1.135));
#11494=VECTOR('',#13041,1.0);
#11495=COLOUR_RGB('',0.196078434586525,0.196078434586525,0.196078434586525);
#11496=CARTESIAN_POINT('',(11.184,8.128,0.8763));
#11497=VECTOR('',#13042,1.0);
#11498=CARTESIAN_POINT('',(11.819,8.509,0.4953));
#11499=VECTOR('',#13043,1.0);
#11500=COLOUR_RGB('',0.196078434586525,0.196078434586525,0.196078434586525);
#11501=CARTESIAN_POINT('',(12.0777,1.008,0.8763));
#11502=CARTESIAN_POINT('',(12.0777,5.2625,0.8763));
#11503=VECTOR('',#13044,1.0);
#11504=CARTESIAN_POINT('',(12.0777,1.008,1.6637));
#11505=CARTESIAN_POINT('',(12.0777,1.008,1.27));
#11506=VECTOR('',#13045,1.0);
#11507=CARTESIAN_POINT('',(12.0777,5.2625,1.6637));
#11508=VECTOR('',#13046,1.0);
#11509=COLOUR_RGB('',0.196078434586525,0.196078434586525,0.196078434586525);
#11510=CARTESIAN_POINT('',(11.2903,1.008,0.8763));
#11511=CARTESIAN_POINT('',(11.2903,5.2625,0.8763));
#11512=VECTOR('',#13047,1.0);
#11513=CARTESIAN_POINT('',(11.684,1.008,0.8763));
#11514=VECTOR('',#13048,1.0);
#11515=COLOUR_RGB('',0.196078434586525,0.196078434586525,0.196078434586525);
#11516=CARTESIAN_POINT('',(11.2903,1.008,1.6637));
#11517=CARTESIAN_POINT('',(11.684,1.008,1.6637));
#11518=VECTOR('',#13049,1.0);
#11519=CARTESIAN_POINT('',(11.2903,5.2625,1.6637));
#11520=VECTOR('',#13050,1.0);
#11521=COLOUR_RGB('',0.196078434586525,0.196078434586525,0.196078434586525);
#11522=CARTESIAN_POINT('',(11.2903,1.008,1.27));
#11523=VECTOR('',#13051,1.0);
#11524=COLOUR_RGB('',0.196078434586525,0.196078434586525,0.196078434586525);
#11525=COLOUR_RGB('',0.196078434586525,0.196078434586525,0.196078434586525);
#11526=CARTESIAN_POINT('',(11.2903,8.128,-0.8763));
#11527=CARTESIAN_POINT('',(10.9093,8.509,-0.4953));
#11528=CARTESIAN_POINT('',(11.2945333333333,8.12376666666667,-0.880533333333333));
#11529=VECTOR('',#13052,1.0);
#11530=CARTESIAN_POINT('',(12.4587,8.509,-0.4953));
#11531=CARTESIAN_POINT('',(12.819,8.509,-0.4953));
#11532=VECTOR('',#13053,1.0);
#11533=CARTESIAN_POINT('',(12.0777,8.128,-0.8763));
#11534=CARTESIAN_POINT('',(12.0734666666667,8.12376666666667,-0.880533333333334));
#11535=VECTOR('',#13054,1.0);
#11536=CARTESIAN_POINT('',(12.184,8.128,-0.8763));
#11537=VECTOR('',#13055,1.0);
#11538=COLOUR_RGB('',0.196078434586525,0.196078434586525,0.196078434586525);
#11539=CARTESIAN_POINT('',(12.4587,8.509,-2.0447));
#11540=CARTESIAN_POINT('',(12.4587,8.509,-1.135));
#11541=VECTOR('',#13056,1.0);
#11542=CARTESIAN_POINT('',(12.0777,8.128,-1.6637));
#11543=CARTESIAN_POINT('',(12.0734666666667,8.12376666666667,-1.65946666666667));
#11544=VECTOR('',#13057,1.0);
#11545=CARTESIAN_POINT('',(12.0777,8.128,-1.77));
#11546=VECTOR('',#13058,1.0);
#11547=COLOUR_RGB('',0.196078434586525,0.196078434586525,0.196078434586525);
#11548=CARTESIAN_POINT('',(11.2903,8.128,-1.6637));
#11549=CARTESIAN_POINT('',(11.2903,8.128,-0.77));
#11550=VECTOR('',#13059,1.0);
#11551=CARTESIAN_POINT('',(10.9093,8.509,-2.0447));
#11552=CARTESIAN_POINT('',(11.2945333333333,8.12376666666667,-1.65946666666667));
#11553=VECTOR('',#13060,0.999999999999999);
#11554=CARTESIAN_POINT('',(10.9093,8.509,-0.135));
#11555=VECTOR('',#13061,1.0);
#11556=COLOUR_RGB('',0.196078434586525,0.196078434586525,0.196078434586525);
#11557=CARTESIAN_POINT('',(11.184,8.128,-1.6637));
#11558=VECTOR('',#13062,1.0);
#11559=CARTESIAN_POINT('',(11.819,8.509,-2.0447));
#11560=VECTOR('',#13063,1.0);
#11561=COLOUR_RGB('',0.196078434586525,0.196078434586525,0.196078434586525);
#11562=CARTESIAN_POINT('',(12.0777,1.008,-1.6637));
#11563=CARTESIAN_POINT('',(12.0777,5.2625,-1.6637));
#11564=VECTOR('',#13064,1.0);
#11565=CARTESIAN_POINT('',(12.0777,1.008,-0.8763));
#11566=CARTESIAN_POINT('',(12.0777,1.008,-1.27));
#11567=VECTOR('',#13065,1.0);
#11568=CARTESIAN_POINT('',(12.0777,5.2625,-0.8763));
#11569=VECTOR('',#13066,1.0);
#11570=COLOUR_RGB('',0.196078434586525,0.196078434586525,0.196078434586525);
#11571=CARTESIAN_POINT('',(11.2903,1.008,-1.6637));
#11572=CARTESIAN_POINT('',(11.2903,5.2625,-1.6637));
#11573=VECTOR('',#13067,1.0);
#11574=CARTESIAN_POINT('',(11.684,1.008,-1.6637));
#11575=VECTOR('',#13068,1.0);
#11576=COLOUR_RGB('',0.196078434586525,0.196078434586525,0.196078434586525);
#11577=CARTESIAN_POINT('',(11.2903,1.008,-0.8763));
#11578=CARTESIAN_POINT('',(11.684,1.008,-0.8763));
#11579=VECTOR('',#13069,1.0);
#11580=CARTESIAN_POINT('',(11.2903,5.2625,-0.8763));
#11581=VECTOR('',#13070,1.0);
#11582=COLOUR_RGB('',0.196078434586525,0.196078434586525,0.196078434586525);
#11583=CARTESIAN_POINT('',(11.2903,1.008,-1.27));
#11584=VECTOR('',#13071,1.0);
#11585=COLOUR_RGB('',0.196078434586525,0.196078434586525,0.196078434586525);
#11586=COLOUR_RGB('',0.196078434586525,0.196078434586525,0.196078434586525);
#11587=CARTESIAN_POINT('',(8.7503,8.128,1.6637));
#11588=CARTESIAN_POINT('',(8.3693,8.509,2.0447));
#11589=CARTESIAN_POINT('',(8.75453333333333,8.12376666666667,1.65946666666667));
#11590=VECTOR('',#13072,1.0);
#11591=CARTESIAN_POINT('',(9.9187,8.509,2.0447));
#11592=CARTESIAN_POINT('',(11.549,8.509,2.0447));
#11593=VECTOR('',#13073,1.0);
#11594=CARTESIAN_POINT('',(9.5377,8.128,1.6637));
#11595=CARTESIAN_POINT('',(9.53346666666667,8.12376666666667,1.65946666666667));
#11596=VECTOR('',#13074,1.0);
#11597=CARTESIAN_POINT('',(9.644,8.128,1.6637));
#11598=VECTOR('',#13075,1.0);
#11599=COLOUR_RGB('',0.196078434586525,0.196078434586525,0.196078434586525);
#11600=CARTESIAN_POINT('',(9.9187,8.509,0.4953));
#11601=CARTESIAN_POINT('',(9.9187,8.509,0.135));
#11602=VECTOR('',#13076,1.0);
#11603=CARTESIAN_POINT('',(9.5377,8.128,0.8763));
#11604=CARTESIAN_POINT('',(9.53346666666667,8.12376666666667,0.880533333333333));
#11605=VECTOR('',#13077,1.0);
#11606=CARTESIAN_POINT('',(9.5377,8.128,0.77));
#11607=VECTOR('',#13078,1.0);
#11608=COLOUR_RGB('',0.196078434586525,0.196078434586525,0.196078434586525);
#11609=CARTESIAN_POINT('',(8.7503,8.128,0.876300000000001));
#11610=CARTESIAN_POINT('',(8.7503,8.128,1.77));
#11611=VECTOR('',#13079,1.0);
#11612=CARTESIAN_POINT('',(8.3693,8.509,0.4953));
#11613=CARTESIAN_POINT('',(8.75453333333333,8.12376666666667,0.880533333333334));
#11614=VECTOR('',#13080,0.999999999999999);
#11615=CARTESIAN_POINT('',(8.3693,8.509,1.135));
#11616=VECTOR('',#13081,1.0);
#11617=COLOUR_RGB('',0.196078434586525,0.196078434586525,0.196078434586525);
#11618=CARTESIAN_POINT('',(8.644,8.128,0.8763));
#11619=VECTOR('',#13082,1.0);
#11620=CARTESIAN_POINT('',(10.549,8.509,0.4953));
#11621=VECTOR('',#13083,1.0);
#11622=COLOUR_RGB('',0.196078434586525,0.196078434586525,0.196078434586525);
#11623=CARTESIAN_POINT('',(9.5377,1.008,0.8763));
#11624=CARTESIAN_POINT('',(9.5377,5.2625,0.8763));
#11625=VECTOR('',#13084,1.0);
#11626=CARTESIAN_POINT('',(9.5377,1.008,1.6637));
#11627=CARTESIAN_POINT('',(9.5377,1.008,1.27));
#11628=VECTOR('',#13085,1.0);
#11629=CARTESIAN_POINT('',(9.5377,5.2625,1.6637));
#11630=VECTOR('',#13086,1.0);
#11631=COLOUR_RGB('',0.196078434586525,0.196078434586525,0.196078434586525);
#11632=CARTESIAN_POINT('',(8.7503,1.008,0.8763));
#11633=CARTESIAN_POINT('',(8.7503,5.2625,0.8763));
#11634=VECTOR('',#13087,1.0);
#11635=CARTESIAN_POINT('',(9.144,1.008,0.8763));
#11636=VECTOR('',#13088,1.0);
#11637=COLOUR_RGB('',0.196078434586525,0.196078434586525,0.196078434586525);
#11638=CARTESIAN_POINT('',(8.7503,1.008,1.6637));
#11639=CARTESIAN_POINT('',(9.144,1.008,1.6637));
#11640=VECTOR('',#13089,1.0);
#11641=CARTESIAN_POINT('',(8.7503,5.2625,1.6637));
#11642=VECTOR('',#13090,1.0);
#11643=COLOUR_RGB('',0.196078434586525,0.196078434586525,0.196078434586525);
#11644=CARTESIAN_POINT('',(8.7503,1.008,1.27));
#11645=VECTOR('',#13091,1.0);
#11646=COLOUR_RGB('',0.196078434586525,0.196078434586525,0.196078434586525);
#11647=COLOUR_RGB('',0.196078434586525,0.196078434586525,0.196078434586525);
#11648=CARTESIAN_POINT('',(8.7503,8.128,-0.8763));
#11649=CARTESIAN_POINT('',(8.3693,8.509,-0.4953));
#11650=CARTESIAN_POINT('',(8.75453333333333,8.12376666666667,-0.880533333333333));
#11651=VECTOR('',#13092,1.0);
#11652=CARTESIAN_POINT('',(9.9187,8.509,-0.4953));
#11653=CARTESIAN_POINT('',(11.549,8.509,-0.4953));
#11654=VECTOR('',#13093,1.0);
#11655=CARTESIAN_POINT('',(9.5377,8.128,-0.8763));
#11656=CARTESIAN_POINT('',(9.53346666666667,8.12376666666667,-0.880533333333334));
#11657=VECTOR('',#13094,1.0);
#11658=CARTESIAN_POINT('',(9.644,8.128,-0.8763));
#11659=VECTOR('',#13095,1.0);
#11660=COLOUR_RGB('',0.196078434586525,0.196078434586525,0.196078434586525);
#11661=CARTESIAN_POINT('',(9.9187,8.509,-2.0447));
#11662=CARTESIAN_POINT('',(9.9187,8.509,-1.135));
#11663=VECTOR('',#13096,1.0);
#11664=CARTESIAN_POINT('',(9.5377,8.128,-1.6637));
#11665=CARTESIAN_POINT('',(9.53346666666667,8.12376666666667,-1.65946666666667));
#11666=VECTOR('',#13097,1.0);
#11667=CARTESIAN_POINT('',(9.5377,8.128,-1.77));
#11668=VECTOR('',#13098,1.0);
#11669=COLOUR_RGB('',0.196078434586525,0.196078434586525,0.196078434586525);
#11670=CARTESIAN_POINT('',(8.7503,8.128,-1.6637));
#11671=CARTESIAN_POINT('',(8.7503,8.128,-0.77));
#11672=VECTOR('',#13099,1.0);
#11673=CARTESIAN_POINT('',(8.3693,8.509,-2.0447));
#11674=CARTESIAN_POINT('',(8.75453333333333,8.12376666666667,-1.65946666666667));
#11675=VECTOR('',#13100,0.999999999999999);
#11676=CARTESIAN_POINT('',(8.3693,8.509,-0.135));
#11677=VECTOR('',#13101,1.0);
#11678=COLOUR_RGB('',0.196078434586525,0.196078434586525,0.196078434586525);
#11679=CARTESIAN_POINT('',(8.644,8.128,-1.6637));
#11680=VECTOR('',#13102,1.0);
#11681=CARTESIAN_POINT('',(10.549,8.509,-2.0447));
#11682=VECTOR('',#13103,1.0);
#11683=COLOUR_RGB('',0.196078434586525,0.196078434586525,0.196078434586525);
#11684=CARTESIAN_POINT('',(9.5377,1.008,-1.6637));
#11685=CARTESIAN_POINT('',(9.5377,5.2625,-1.6637));
#11686=VECTOR('',#13104,1.0);
#11687=CARTESIAN_POINT('',(9.5377,1.008,-0.8763));
#11688=CARTESIAN_POINT('',(9.5377,1.008,-1.27));
#11689=VECTOR('',#13105,1.0);
#11690=CARTESIAN_POINT('',(9.5377,5.2625,-0.8763));
#11691=VECTOR('',#13106,1.0);
#11692=COLOUR_RGB('',0.196078434586525,0.196078434586525,0.196078434586525);
#11693=CARTESIAN_POINT('',(8.7503,1.008,-1.6637));
#11694=CARTESIAN_POINT('',(8.7503,5.2625,-1.6637));
#11695=VECTOR('',#13107,1.0);
#11696=CARTESIAN_POINT('',(9.144,1.008,-1.6637));
#11697=VECTOR('',#13108,1.0);
#11698=COLOUR_RGB('',0.196078434586525,0.196078434586525,0.196078434586525);
#11699=CARTESIAN_POINT('',(8.7503,1.008,-0.8763));
#11700=CARTESIAN_POINT('',(9.144,1.008,-0.8763));
#11701=VECTOR('',#13109,1.0);
#11702=CARTESIAN_POINT('',(8.7503,5.2625,-0.8763));
#11703=VECTOR('',#13110,1.0);
#11704=COLOUR_RGB('',0.196078434586525,0.196078434586525,0.196078434586525);
#11705=CARTESIAN_POINT('',(8.7503,1.008,-1.27));
#11706=VECTOR('',#13111,1.0);
#11707=COLOUR_RGB('',0.196078434586525,0.196078434586525,0.196078434586525);
#11708=COLOUR_RGB('',0.196078434586525,0.196078434586525,0.196078434586525);
#11709=CARTESIAN_POINT('',(6.2103,8.128,1.6637));
#11710=CARTESIAN_POINT('',(5.8293,8.509,2.0447));
#11711=CARTESIAN_POINT('',(6.21453333333333,8.12376666666667,1.65946666666667));
#11712=VECTOR('',#13112,1.0);
#11713=CARTESIAN_POINT('',(7.3787,8.509,2.0447));
#11714=CARTESIAN_POINT('',(10.279,8.509,2.0447));
#11715=VECTOR('',#13113,1.0);
#11716=CARTESIAN_POINT('',(6.9977,8.128,1.6637));
#11717=CARTESIAN_POINT('',(6.99346666666667,8.12376666666667,1.65946666666667));
#11718=VECTOR('',#13114,1.0);
#11719=CARTESIAN_POINT('',(7.104,8.128,1.6637));
#11720=VECTOR('',#13115,1.0);
#11721=COLOUR_RGB('',0.196078434586525,0.196078434586525,0.196078434586525);
#11722=CARTESIAN_POINT('',(7.3787,8.509,0.4953));
#11723=CARTESIAN_POINT('',(7.3787,8.509,0.135));
#11724=VECTOR('',#13116,1.0);
#11725=CARTESIAN_POINT('',(6.9977,8.128,0.8763));
#11726=CARTESIAN_POINT('',(6.99346666666667,8.12376666666667,0.880533333333333));
#11727=VECTOR('',#13117,1.0);
#11728=CARTESIAN_POINT('',(6.9977,8.128,0.77));
#11729=VECTOR('',#13118,1.0);
#11730=COLOUR_RGB('',0.196078434586525,0.196078434586525,0.196078434586525);
#11731=CARTESIAN_POINT('',(6.2103,8.128,0.876300000000001));
#11732=CARTESIAN_POINT('',(6.2103,8.128,1.77));
#11733=VECTOR('',#13119,1.0);
#11734=CARTESIAN_POINT('',(5.8293,8.509,0.4953));
#11735=CARTESIAN_POINT('',(6.21453333333333,8.12376666666667,0.880533333333334));
#11736=VECTOR('',#13120,0.999999999999999);
#11737=CARTESIAN_POINT('',(5.8293,8.509,1.135));
#11738=VECTOR('',#13121,1.0);
#11739=COLOUR_RGB('',0.196078434586525,0.196078434586525,0.196078434586525);
#11740=CARTESIAN_POINT('',(6.104,8.128,0.8763));
#11741=VECTOR('',#13122,1.0);
#11742=CARTESIAN_POINT('',(9.279,8.509,0.4953));
#11743=VECTOR('',#13123,1.0);
#11744=COLOUR_RGB('',0.196078434586525,0.196078434586525,0.196078434586525);
#11745=CARTESIAN_POINT('',(6.9977,1.008,0.8763));
#11746=CARTESIAN_POINT('',(6.9977,5.2625,0.8763));
#11747=VECTOR('',#13124,1.0);
#11748=CARTESIAN_POINT('',(6.9977,1.008,1.6637));
#11749=CARTESIAN_POINT('',(6.9977,1.008,1.27));
#11750=VECTOR('',#13125,1.0);
#11751=CARTESIAN_POINT('',(6.9977,5.2625,1.6637));
#11752=VECTOR('',#13126,1.0);
#11753=COLOUR_RGB('',0.196078434586525,0.196078434586525,0.196078434586525);
#11754=CARTESIAN_POINT('',(6.2103,1.008,0.8763));
#11755=CARTESIAN_POINT('',(6.2103,5.2625,0.8763));
#11756=VECTOR('',#13127,1.0);
#11757=CARTESIAN_POINT('',(6.604,1.008,0.8763));
#11758=VECTOR('',#13128,1.0);
#11759=COLOUR_RGB('',0.196078434586525,0.196078434586525,0.196078434586525);
#11760=CARTESIAN_POINT('',(6.2103,1.008,1.6637));
#11761=CARTESIAN_POINT('',(6.604,1.008,1.6637));
#11762=VECTOR('',#13129,1.0);
#11763=CARTESIAN_POINT('',(6.2103,5.2625,1.6637));
#11764=VECTOR('',#13130,1.0);
#11765=COLOUR_RGB('',0.196078434586525,0.196078434586525,0.196078434586525);
#11766=CARTESIAN_POINT('',(6.2103,1.008,1.27));
#11767=VECTOR('',#13131,1.0);
#11768=COLOUR_RGB('',0.196078434586525,0.196078434586525,0.196078434586525);
#11769=COLOUR_RGB('',0.196078434586525,0.196078434586525,0.196078434586525);
#11770=CARTESIAN_POINT('',(6.2103,8.128,-0.8763));
#11771=CARTESIAN_POINT('',(5.8293,8.509,-0.4953));
#11772=CARTESIAN_POINT('',(6.21453333333333,8.12376666666667,-0.880533333333333));
#11773=VECTOR('',#13132,1.0);
#11774=CARTESIAN_POINT('',(7.3787,8.509,-0.4953));
#11775=CARTESIAN_POINT('',(10.279,8.509,-0.4953));
#11776=VECTOR('',#13133,1.0);
#11777=CARTESIAN_POINT('',(6.9977,8.128,-0.8763));
#11778=CARTESIAN_POINT('',(6.99346666666667,8.12376666666667,-0.880533333333334));
#11779=VECTOR('',#13134,1.0);
#11780=CARTESIAN_POINT('',(7.104,8.128,-0.8763));
#11781=VECTOR('',#13135,1.0);
#11782=COLOUR_RGB('',0.196078434586525,0.196078434586525,0.196078434586525);
#11783=CARTESIAN_POINT('',(7.3787,8.509,-2.0447));
#11784=CARTESIAN_POINT('',(7.3787,8.509,-1.135));
#11785=VECTOR('',#13136,1.0);
#11786=CARTESIAN_POINT('',(6.9977,8.128,-1.6637));
#11787=CARTESIAN_POINT('',(6.99346666666667,8.12376666666667,-1.65946666666667));
#11788=VECTOR('',#13137,1.0);
#11789=CARTESIAN_POINT('',(6.9977,8.128,-1.77));
#11790=VECTOR('',#13138,1.0);
#11791=COLOUR_RGB('',0.196078434586525,0.196078434586525,0.196078434586525);
#11792=CARTESIAN_POINT('',(6.2103,8.128,-1.6637));
#11793=CARTESIAN_POINT('',(6.2103,8.128,-0.77));
#11794=VECTOR('',#13139,1.0);
#11795=CARTESIAN_POINT('',(5.8293,8.509,-2.0447));
#11796=CARTESIAN_POINT('',(6.21453333333333,8.12376666666667,-1.65946666666667));
#11797=VECTOR('',#13140,0.999999999999999);
#11798=CARTESIAN_POINT('',(5.8293,8.509,-0.135));
#11799=VECTOR('',#13141,1.0);
#11800=COLOUR_RGB('',0.196078434586525,0.196078434586525,0.196078434586525);
#11801=CARTESIAN_POINT('',(6.104,8.128,-1.6637));
#11802=VECTOR('',#13142,1.0);
#11803=CARTESIAN_POINT('',(9.279,8.509,-2.0447));
#11804=VECTOR('',#13143,1.0);
#11805=COLOUR_RGB('',0.196078434586525,0.196078434586525,0.196078434586525);
#11806=CARTESIAN_POINT('',(6.9977,1.008,-1.6637));
#11807=CARTESIAN_POINT('',(6.9977,5.2625,-1.6637));
#11808=VECTOR('',#13144,1.0);
#11809=CARTESIAN_POINT('',(6.9977,1.008,-0.8763));
#11810=CARTESIAN_POINT('',(6.9977,1.008,-1.27));
#11811=VECTOR('',#13145,1.0);
#11812=CARTESIAN_POINT('',(6.9977,5.2625,-0.8763));
#11813=VECTOR('',#13146,1.0);
#11814=COLOUR_RGB('',0.196078434586525,0.196078434586525,0.196078434586525);
#11815=CARTESIAN_POINT('',(6.2103,1.008,-1.6637));
#11816=CARTESIAN_POINT('',(6.2103,5.2625,-1.6637));
#11817=VECTOR('',#13147,1.0);
#11818=CARTESIAN_POINT('',(6.604,1.008,-1.6637));
#11819=VECTOR('',#13148,1.0);
#11820=COLOUR_RGB('',0.196078434586525,0.196078434586525,0.196078434586525);
#11821=CARTESIAN_POINT('',(6.2103,1.008,-0.8763));
#11822=CARTESIAN_POINT('',(6.604,1.008,-0.8763));
#11823=VECTOR('',#13149,1.0);
#11824=CARTESIAN_POINT('',(6.2103,5.2625,-0.8763));
#11825=VECTOR('',#13150,1.0);
#11826=COLOUR_RGB('',0.196078434586525,0.196078434586525,0.196078434586525);
#11827=CARTESIAN_POINT('',(6.2103,1.008,-1.27));
#11828=VECTOR('',#13151,1.0);
#11829=COLOUR_RGB('',0.196078434586525,0.196078434586525,0.196078434586525);
#11830=COLOUR_RGB('',0.196078434586525,0.196078434586525,0.196078434586525);
#11831=CARTESIAN_POINT('',(3.6703,8.128,1.6637));
#11832=CARTESIAN_POINT('',(3.2893,8.509,2.0447));
#11833=CARTESIAN_POINT('',(3.67453333333333,8.12376666666667,1.65946666666667));
#11834=VECTOR('',#13152,1.0);
#11835=CARTESIAN_POINT('',(4.8387,8.509,2.0447));
#11836=CARTESIAN_POINT('',(9.009,8.509,2.0447));
#11837=VECTOR('',#13153,1.0);
#11838=CARTESIAN_POINT('',(4.4577,8.128,1.6637));
#11839=CARTESIAN_POINT('',(4.45346666666667,8.12376666666667,1.65946666666667));
#11840=VECTOR('',#13154,1.0);
#11841=CARTESIAN_POINT('',(4.564,8.128,1.6637));
#11842=VECTOR('',#13155,1.0);
#11843=COLOUR_RGB('',0.196078434586525,0.196078434586525,0.196078434586525);
#11844=CARTESIAN_POINT('',(4.8387,8.509,0.4953));
#11845=CARTESIAN_POINT('',(4.8387,8.509,0.135));
#11846=VECTOR('',#13156,1.0);
#11847=CARTESIAN_POINT('',(4.4577,8.128,0.8763));
#11848=CARTESIAN_POINT('',(4.45346666666667,8.12376666666667,0.880533333333333));
#11849=VECTOR('',#13157,1.0);
#11850=CARTESIAN_POINT('',(4.4577,8.128,0.77));
#11851=VECTOR('',#13158,1.0);
#11852=COLOUR_RGB('',0.196078434586525,0.196078434586525,0.196078434586525);
#11853=CARTESIAN_POINT('',(3.6703,8.128,0.876300000000001));
#11854=CARTESIAN_POINT('',(3.6703,8.128,1.77));
#11855=VECTOR('',#13159,1.0);
#11856=CARTESIAN_POINT('',(3.2893,8.509,0.4953));
#11857=CARTESIAN_POINT('',(3.67453333333333,8.12376666666667,0.880533333333334));
#11858=VECTOR('',#13160,0.999999999999999);
#11859=CARTESIAN_POINT('',(3.2893,8.509,1.135));
#11860=VECTOR('',#13161,1.0);
#11861=COLOUR_RGB('',0.196078434586525,0.196078434586525,0.196078434586525);
#11862=CARTESIAN_POINT('',(3.564,8.128,0.8763));
#11863=VECTOR('',#13162,1.0);
#11864=CARTESIAN_POINT('',(8.009,8.509,0.4953));
#11865=VECTOR('',#13163,1.0);
#11866=COLOUR_RGB('',0.196078434586525,0.196078434586525,0.196078434586525);
#11867=CARTESIAN_POINT('',(4.4577,1.008,0.8763));
#11868=CARTESIAN_POINT('',(4.4577,5.2625,0.8763));
#11869=VECTOR('',#13164,1.0);
#11870=CARTESIAN_POINT('',(4.4577,1.008,1.6637));
#11871=CARTESIAN_POINT('',(4.4577,1.008,1.27));
#11872=VECTOR('',#13165,1.0);
#11873=CARTESIAN_POINT('',(4.4577,5.2625,1.6637));
#11874=VECTOR('',#13166,1.0);
#11875=COLOUR_RGB('',0.196078434586525,0.196078434586525,0.196078434586525);
#11876=CARTESIAN_POINT('',(3.6703,1.008,0.8763));
#11877=CARTESIAN_POINT('',(3.6703,5.2625,0.8763));
#11878=VECTOR('',#13167,1.0);
#11879=CARTESIAN_POINT('',(4.064,1.008,0.8763));
#11880=VECTOR('',#13168,1.0);
#11881=COLOUR_RGB('',0.196078434586525,0.196078434586525,0.196078434586525);
#11882=CARTESIAN_POINT('',(3.6703,1.008,1.6637));
#11883=CARTESIAN_POINT('',(4.064,1.008,1.6637));
#11884=VECTOR('',#13169,1.0);
#11885=CARTESIAN_POINT('',(3.6703,5.2625,1.6637));
#11886=VECTOR('',#13170,1.0);
#11887=COLOUR_RGB('',0.196078434586525,0.196078434586525,0.196078434586525);
#11888=CARTESIAN_POINT('',(3.6703,1.008,1.27));
#11889=VECTOR('',#13171,1.0);
#11890=COLOUR_RGB('',0.196078434586525,0.196078434586525,0.196078434586525);
#11891=COLOUR_RGB('',0.196078434586525,0.196078434586525,0.196078434586525);
#11892=CARTESIAN_POINT('',(3.6703,8.128,-0.8763));
#11893=CARTESIAN_POINT('',(3.2893,8.509,-0.4953));
#11894=CARTESIAN_POINT('',(3.67453333333333,8.12376666666667,-0.880533333333333));
#11895=VECTOR('',#13172,1.0);
#11896=CARTESIAN_POINT('',(4.8387,8.509,-0.4953));
#11897=CARTESIAN_POINT('',(9.009,8.509,-0.4953));
#11898=VECTOR('',#13173,1.0);
#11899=CARTESIAN_POINT('',(4.4577,8.128,-0.8763));
#11900=CARTESIAN_POINT('',(4.45346666666667,8.12376666666667,-0.880533333333334));
#11901=VECTOR('',#13174,1.0);
#11902=CARTESIAN_POINT('',(4.564,8.128,-0.8763));
#11903=VECTOR('',#13175,1.0);
#11904=COLOUR_RGB('',0.196078434586525,0.196078434586525,0.196078434586525);
#11905=CARTESIAN_POINT('',(4.8387,8.509,-2.0447));
#11906=CARTESIAN_POINT('',(4.8387,8.509,-1.135));
#11907=VECTOR('',#13176,1.0);
#11908=CARTESIAN_POINT('',(4.4577,8.128,-1.6637));
#11909=CARTESIAN_POINT('',(4.45346666666667,8.12376666666667,-1.65946666666667));
#11910=VECTOR('',#13177,1.0);
#11911=CARTESIAN_POINT('',(4.4577,8.128,-1.77));
#11912=VECTOR('',#13178,1.0);
#11913=COLOUR_RGB('',0.196078434586525,0.196078434586525,0.196078434586525);
#11914=CARTESIAN_POINT('',(3.6703,8.128,-1.6637));
#11915=CARTESIAN_POINT('',(3.6703,8.128,-0.77));
#11916=VECTOR('',#13179,1.0);
#11917=CARTESIAN_POINT('',(3.2893,8.509,-2.0447));
#11918=CARTESIAN_POINT('',(3.67453333333333,8.12376666666667,-1.65946666666667));
#11919=VECTOR('',#13180,0.999999999999999);
#11920=CARTESIAN_POINT('',(3.2893,8.509,-0.135000000000001));
#11921=VECTOR('',#13181,1.0);
#11922=COLOUR_RGB('',0.196078434586525,0.196078434586525,0.196078434586525);
#11923=CARTESIAN_POINT('',(3.564,8.128,-1.6637));
#11924=VECTOR('',#13182,1.0);
#11925=CARTESIAN_POINT('',(8.009,8.509,-2.0447));
#11926=VECTOR('',#13183,1.0);
#11927=COLOUR_RGB('',0.196078434586525,0.196078434586525,0.196078434586525);
#11928=CARTESIAN_POINT('',(4.4577,1.008,-1.6637));
#11929=CARTESIAN_POINT('',(4.4577,5.2625,-1.6637));
#11930=VECTOR('',#13184,1.0);
#11931=CARTESIAN_POINT('',(4.4577,1.008,-0.8763));
#11932=CARTESIAN_POINT('',(4.4577,1.008,-1.27));
#11933=VECTOR('',#13185,1.0);
#11934=CARTESIAN_POINT('',(4.4577,5.2625,-0.8763));
#11935=VECTOR('',#13186,1.0);
#11936=COLOUR_RGB('',0.196078434586525,0.196078434586525,0.196078434586525);
#11937=CARTESIAN_POINT('',(3.6703,1.008,-1.6637));
#11938=CARTESIAN_POINT('',(3.6703,5.2625,-1.6637));
#11939=VECTOR('',#13187,1.0);
#11940=CARTESIAN_POINT('',(4.064,1.008,-1.6637));
#11941=VECTOR('',#13188,1.0);
#11942=COLOUR_RGB('',0.196078434586525,0.196078434586525,0.196078434586525);
#11943=CARTESIAN_POINT('',(3.6703,1.008,-0.8763));
#11944=CARTESIAN_POINT('',(4.064,1.008,-0.8763));
#11945=VECTOR('',#13189,1.0);
#11946=CARTESIAN_POINT('',(3.6703,5.2625,-0.8763));
#11947=VECTOR('',#13190,1.0);
#11948=COLOUR_RGB('',0.196078434586525,0.196078434586525,0.196078434586525);
#11949=CARTESIAN_POINT('',(3.6703,1.008,-1.27));
#11950=VECTOR('',#13191,1.0);
#11951=COLOUR_RGB('',0.196078434586525,0.196078434586525,0.196078434586525);
#11952=COLOUR_RGB('',0.196078434586525,0.196078434586525,0.196078434586525);
#11953=CARTESIAN_POINT('',(1.1303,8.128,1.6637));
#11954=CARTESIAN_POINT('',(0.7493,8.509,2.0447));
#11955=CARTESIAN_POINT('',(1.13453333333333,8.12376666666667,1.65946666666667));
#11956=VECTOR('',#13192,1.0);
#11957=CARTESIAN_POINT('',(2.2987,8.509,2.0447));
#11958=CARTESIAN_POINT('',(7.739,8.509,2.0447));
#11959=VECTOR('',#13193,1.0);
#11960=CARTESIAN_POINT('',(1.9177,8.128,1.6637));
#11961=CARTESIAN_POINT('',(1.91346666666667,8.12376666666667,1.65946666666667));
#11962=VECTOR('',#13194,1.0);
#11963=CARTESIAN_POINT('',(2.024,8.128,1.6637));
#11964=VECTOR('',#13195,1.0);
#11965=COLOUR_RGB('',0.196078434586525,0.196078434586525,0.196078434586525);
#11966=CARTESIAN_POINT('',(2.2987,8.509,0.4953));
#11967=CARTESIAN_POINT('',(2.2987,8.509,0.135));
#11968=VECTOR('',#13196,1.0);
#11969=CARTESIAN_POINT('',(1.9177,8.128,0.8763));
#11970=CARTESIAN_POINT('',(1.91346666666667,8.12376666666667,0.880533333333333));
#11971=VECTOR('',#13197,1.0);
#11972=CARTESIAN_POINT('',(1.9177,8.128,0.77));
#11973=VECTOR('',#13198,1.0);
#11974=COLOUR_RGB('',0.196078434586525,0.196078434586525,0.196078434586525);
#11975=CARTESIAN_POINT('',(1.1303,8.128,0.876300000000001));
#11976=CARTESIAN_POINT('',(1.1303,8.128,1.77));
#11977=VECTOR('',#13199,1.0);
#11978=CARTESIAN_POINT('',(0.7493,8.509,0.4953));
#11979=CARTESIAN_POINT('',(1.13453333333333,8.12376666666667,0.880533333333334));
#11980=VECTOR('',#13200,0.999999999999999);
#11981=CARTESIAN_POINT('',(0.7493,8.509,1.135));
#11982=VECTOR('',#13201,1.0);
#11983=COLOUR_RGB('',0.196078434586525,0.196078434586525,0.196078434586525);
#11984=CARTESIAN_POINT('',(1.024,8.128,0.8763));
#11985=VECTOR('',#13202,1.0);
#11986=CARTESIAN_POINT('',(6.739,8.509,0.4953));
#11987=VECTOR('',#13203,1.0);
#11988=COLOUR_RGB('',0.196078434586525,0.196078434586525,0.196078434586525);
#11989=CARTESIAN_POINT('',(1.9177,1.008,0.8763));
#11990=CARTESIAN_POINT('',(1.9177,5.2625,0.8763));
#11991=VECTOR('',#13204,1.0);
#11992=CARTESIAN_POINT('',(1.9177,1.008,1.6637));
#11993=CARTESIAN_POINT('',(1.9177,1.008,1.27));
#11994=VECTOR('',#13205,1.0);
#11995=CARTESIAN_POINT('',(1.9177,5.2625,1.6637));
#11996=VECTOR('',#13206,1.0);
#11997=COLOUR_RGB('',0.196078434586525,0.196078434586525,0.196078434586525);
#11998=CARTESIAN_POINT('',(1.1303,1.008,0.8763));
#11999=CARTESIAN_POINT('',(1.1303,5.2625,0.8763));
#12000=VECTOR('',#13207,1.0);
#12001=CARTESIAN_POINT('',(1.524,1.008,0.8763));
#12002=VECTOR('',#13208,1.0);
#12003=COLOUR_RGB('',0.196078434586525,0.196078434586525,0.196078434586525);
#12004=CARTESIAN_POINT('',(1.1303,1.008,1.6637));
#12005=CARTESIAN_POINT('',(1.524,1.008,1.6637));
#12006=VECTOR('',#13209,1.0);
#12007=CARTESIAN_POINT('',(1.1303,5.2625,1.6637));
#12008=VECTOR('',#13210,1.0);
#12009=COLOUR_RGB('',0.196078434586525,0.196078434586525,0.196078434586525);
#12010=CARTESIAN_POINT('',(1.1303,1.008,1.27));
#12011=VECTOR('',#13211,1.0);
#12012=COLOUR_RGB('',0.196078434586525,0.196078434586525,0.196078434586525);
#12013=COLOUR_RGB('',0.196078434586525,0.196078434586525,0.196078434586525);
#12014=CARTESIAN_POINT('',(1.1303,8.128,-0.8763));
#12015=CARTESIAN_POINT('',(0.7493,8.509,-0.4953));
#12016=CARTESIAN_POINT('',(1.13453333333333,8.12376666666667,-0.880533333333333));
#12017=VECTOR('',#13212,1.0);
#12018=CARTESIAN_POINT('',(2.2987,8.509,-0.4953));
#12019=CARTESIAN_POINT('',(7.739,8.509,-0.4953));
#12020=VECTOR('',#13213,1.0);
#12021=CARTESIAN_POINT('',(1.9177,8.128,-0.8763));
#12022=CARTESIAN_POINT('',(1.91346666666667,8.12376666666667,-0.880533333333334));
#12023=VECTOR('',#13214,1.0);
#12024=CARTESIAN_POINT('',(2.024,8.128,-0.8763));
#12025=VECTOR('',#13215,1.0);
#12026=COLOUR_RGB('',0.196078434586525,0.196078434586525,0.196078434586525);
#12027=CARTESIAN_POINT('',(2.2987,8.509,-2.0447));
#12028=CARTESIAN_POINT('',(2.2987,8.509,-1.135));
#12029=VECTOR('',#13216,1.0);
#12030=CARTESIAN_POINT('',(1.9177,8.128,-1.6637));
#12031=CARTESIAN_POINT('',(1.91346666666667,8.12376666666667,-1.65946666666667));
#12032=VECTOR('',#13217,1.0);
#12033=CARTESIAN_POINT('',(1.9177,8.128,-1.77));
#12034=VECTOR('',#13218,1.0);
#12035=COLOUR_RGB('',0.196078434586525,0.196078434586525,0.196078434586525);
#12036=CARTESIAN_POINT('',(1.1303,8.128,-1.6637));
#12037=CARTESIAN_POINT('',(1.1303,8.128,-0.77));
#12038=VECTOR('',#13219,1.0);
#12039=CARTESIAN_POINT('',(0.7493,8.509,-2.0447));
#12040=CARTESIAN_POINT('',(1.13453333333333,8.12376666666667,-1.65946666666667));
#12041=VECTOR('',#13220,1.0);
#12042=CARTESIAN_POINT('',(0.7493,8.509,-0.135000000000001));
#12043=VECTOR('',#13221,1.0);
#12044=COLOUR_RGB('',0.196078434586525,0.196078434586525,0.196078434586525);
#12045=CARTESIAN_POINT('',(1.024,8.128,-1.6637));
#12046=VECTOR('',#13222,1.0);
#12047=CARTESIAN_POINT('',(6.739,8.509,-2.0447));
#12048=VECTOR('',#13223,1.0);
#12049=COLOUR_RGB('',0.196078434586525,0.196078434586525,0.196078434586525);
#12050=CARTESIAN_POINT('',(1.9177,1.008,-1.6637));
#12051=CARTESIAN_POINT('',(1.9177,5.2625,-1.6637));
#12052=VECTOR('',#13224,1.0);
#12053=CARTESIAN_POINT('',(1.9177,1.008,-0.8763));
#12054=CARTESIAN_POINT('',(1.9177,1.008,-1.27));
#12055=VECTOR('',#13225,1.0);
#12056=CARTESIAN_POINT('',(1.9177,5.2625,-0.8763));
#12057=VECTOR('',#13226,1.0);
#12058=COLOUR_RGB('',0.196078434586525,0.196078434586525,0.196078434586525);
#12059=CARTESIAN_POINT('',(1.1303,1.008,-1.6637));
#12060=CARTESIAN_POINT('',(1.1303,5.2625,-1.6637));
#12061=VECTOR('',#13227,1.0);
#12062=CARTESIAN_POINT('',(1.524,1.008,-1.6637));
#12063=VECTOR('',#13228,1.0);
#12064=COLOUR_RGB('',0.196078434586525,0.196078434586525,0.196078434586525);
#12065=CARTESIAN_POINT('',(1.1303,1.008,-0.8763));
#12066=CARTESIAN_POINT('',(1.524,1.008,-0.8763));
#12067=VECTOR('',#13229,1.0);
#12068=CARTESIAN_POINT('',(1.1303,5.2625,-0.8763));
#12069=VECTOR('',#13230,1.0);
#12070=COLOUR_RGB('',0.196078434586525,0.196078434586525,0.196078434586525);
#12071=CARTESIAN_POINT('',(1.1303,1.008,-1.27));
#12072=VECTOR('',#13231,1.0);
#12073=COLOUR_RGB('',0.196078434586525,0.196078434586525,0.196078434586525);
#12074=COLOUR_RGB('',0.196078434586525,0.196078434586525,0.196078434586525);
#12075=CARTESIAN_POINT('',(25.4,0.508,2.4765));
#12076=CARTESIAN_POINT('',(25.4,0.0,2.4765));
#12077=CARTESIAN_POINT('',(25.4,2.13125,2.4765));
#12078=VECTOR('',#13232,1.0);
#12079=CARTESIAN_POINT('',(25.4,0.508,-2.4765));
#12080=CARTESIAN_POINT('',(25.4,0.508,0.0));
#12081=VECTOR('',#13233,1.0);
#12082=CARTESIAN_POINT('',(25.4,0.0,-2.4765));
#12083=CARTESIAN_POINT('',(25.4,2.13125,-2.4765));
#12084=VECTOR('',#13234,1.0);
#12085=CARTESIAN_POINT('',(25.4,0.0,0.0));
#12086=VECTOR('',#13235,1.0);
#12087=COLOUR_RGB('',0.196078434586525,0.196078434586525,0.196078434586525);
#12088=CARTESIAN_POINT('',(23.368,0.0,2.4765));
#12089=CARTESIAN_POINT('',(23.368,0.508,2.4765));
#12090=CARTESIAN_POINT('',(23.368,2.13125,2.4765));
#12091=VECTOR('',#13236,1.0);
#12092=CARTESIAN_POINT('',(23.368,0.0,-2.4765));
#12093=CARTESIAN_POINT('',(23.368,0.0,0.0));
#12094=VECTOR('',#13237,1.0);
#12095=CARTESIAN_POINT('',(23.368,0.508,-2.4765));
#12096=CARTESIAN_POINT('',(23.368,2.13125,-2.4765));
#12097=VECTOR('',#13238,1.0);
#12098=CARTESIAN_POINT('',(23.368,0.508,0.0));
#12099=VECTOR('',#13239,1.0);
#12100=COLOUR_RGB('',0.196078434586525,0.196078434586525,0.196078434586525);
#12101=CARTESIAN_POINT('',(18.669,0.508,2.4765));
#12102=VECTOR('',#13240,1.0);
#12103=CARTESIAN_POINT('',(18.669,0.508,-2.4765));
#12104=VECTOR('',#13241,1.0);
#12105=COLOUR_RGB('',0.196078434586525,0.196078434586525,0.196078434586525);
#12106=CARTESIAN_POINT('',(22.86,0.0,-2.4765));
#12107=CARTESIAN_POINT('',(12.954,0.0,-2.4765));
#12108=VECTOR('',#13242,1.0);
#12109=CARTESIAN_POINT('',(22.86,0.508,-2.4765));
#12110=CARTESIAN_POINT('',(22.86,2.13125,-2.4765));
#12111=VECTOR('',#13243,1.0);
#12112=CARTESIAN_POINT('',(20.828,0.508,-2.4765));
#12113=CARTESIAN_POINT('',(17.399,0.508,-2.4765));
#12114=VECTOR('',#13244,1.0);
#12115=CARTESIAN_POINT('',(20.828,0.0,-2.4765));
#12116=CARTESIAN_POINT('',(20.828,2.13125,-2.4765));
#12117=VECTOR('',#13245,1.0);
#12118=CARTESIAN_POINT('',(20.32,0.0,-2.4765));
#12119=CARTESIAN_POINT('',(12.954,0.0,-2.4765));
#12120=VECTOR('',#13246,1.0);
#12121=CARTESIAN_POINT('',(20.32,0.508,-2.4765));
#12122=CARTESIAN_POINT('',(20.32,2.13125,-2.4765));
#12123=VECTOR('',#13247,1.0);
#12124=CARTESIAN_POINT('',(18.288,0.508,-2.4765));
#12125=CARTESIAN_POINT('',(16.129,0.508,-2.4765));
#12126=VECTOR('',#13248,1.0);
#12127=CARTESIAN_POINT('',(18.288,0.0,-2.4765));
#12128=CARTESIAN_POINT('',(18.288,2.13125,-2.4765));
#12129=VECTOR('',#13249,1.0);
#12130=CARTESIAN_POINT('',(17.78,0.0,-2.4765));
#12131=CARTESIAN_POINT('',(12.954,0.0,-2.4765));
#12132=VECTOR('',#13250,1.0);
#12133=CARTESIAN_POINT('',(17.78,0.508,-2.4765));
#12134=CARTESIAN_POINT('',(17.78,2.13125,-2.4765));
#12135=VECTOR('',#13251,1.0);
#12136=CARTESIAN_POINT('',(15.748,0.508,-2.4765));
#12137=CARTESIAN_POINT('',(14.859,0.508,-2.4765));
#12138=VECTOR('',#13252,1.0);
#12139=CARTESIAN_POINT('',(15.748,0.0,-2.4765));
#12140=CARTESIAN_POINT('',(15.748,2.13125,-2.4765));
#12141=VECTOR('',#13253,1.0);
#12142=CARTESIAN_POINT('',(15.24,0.0,-2.4765));
#12143=CARTESIAN_POINT('',(12.954,0.0,-2.4765));
#12144=VECTOR('',#13254,1.0);
#12145=CARTESIAN_POINT('',(15.24,0.508,-2.4765));
#12146=CARTESIAN_POINT('',(15.24,2.13125,-2.4765));
#12147=VECTOR('',#13255,1.0);
#12148=CARTESIAN_POINT('',(13.208,0.508,-2.4765));
#12149=CARTESIAN_POINT('',(13.589,0.508,-2.4765));
#12150=VECTOR('',#13256,1.0);
#12151=CARTESIAN_POINT('',(13.208,0.0,-2.4765));
#12152=CARTESIAN_POINT('',(13.208,2.13125,-2.4765));
#12153=VECTOR('',#13257,1.0);
#12154=CARTESIAN_POINT('',(12.7,0.0,-2.4765));
#12155=CARTESIAN_POINT('',(12.954,0.0,-2.4765));
#12156=VECTOR('',#13258,1.0);
#12157=CARTESIAN_POINT('',(12.7,0.508,-2.4765));
#12158=CARTESIAN_POINT('',(12.7,2.13125,-2.4765));
#12159=VECTOR('',#13259,1.0);
#12160=CARTESIAN_POINT('',(10.668,0.508,-2.4765));
#12161=CARTESIAN_POINT('',(12.319,0.508,-2.4765));
#12162=VECTOR('',#13260,1.0);
#12163=CARTESIAN_POINT('',(10.668,0.0,-2.4765));
#12164=CARTESIAN_POINT('',(10.668,2.13125,-2.4765));
#12165=VECTOR('',#13261,1.0);
#12166=CARTESIAN_POINT('',(10.16,0.0,-2.4765));
#12167=CARTESIAN_POINT('',(12.954,0.0,-2.4765));
#12168=VECTOR('',#13262,1.0);
#12169=CARTESIAN_POINT('',(10.16,0.508,-2.4765));
#12170=CARTESIAN_POINT('',(10.16,2.13125,-2.4765));
#12171=VECTOR('',#13263,1.0);
#12172=CARTESIAN_POINT('',(8.128,0.508,-2.4765));
#12173=CARTESIAN_POINT('',(11.049,0.508,-2.4765));
#12174=VECTOR('',#13264,1.0);
#12175=CARTESIAN_POINT('',(8.128,0.0,-2.4765));
#12176=CARTESIAN_POINT('',(8.128,2.13125,-2.4765));
#12177=VECTOR('',#13265,1.0);
#12178=CARTESIAN_POINT('',(7.62,0.0,-2.4765));
#12179=CARTESIAN_POINT('',(12.954,0.0,-2.4765));
#12180=VECTOR('',#13266,1.0);
#12181=CARTESIAN_POINT('',(7.62,0.508,-2.4765));
#12182=CARTESIAN_POINT('',(7.62,2.13125,-2.4765));
#12183=VECTOR('',#13267,1.0);
#12184=CARTESIAN_POINT('',(5.588,0.508,-2.4765));
#12185=CARTESIAN_POINT('',(9.779,0.508,-2.4765));
#12186=VECTOR('',#13268,1.0);
#12187=CARTESIAN_POINT('',(5.588,0.0,-2.4765));
#12188=CARTESIAN_POINT('',(5.588,2.13125,-2.4765));
#12189=VECTOR('',#13269,1.0);
#12190=CARTESIAN_POINT('',(5.08,0.0,-2.4765));
#12191=CARTESIAN_POINT('',(12.954,0.0,-2.4765));
#12192=VECTOR('',#13270,1.0);
#12193=CARTESIAN_POINT('',(5.08,0.508,-2.4765));
#12194=CARTESIAN_POINT('',(5.08,2.13125,-2.4765));
#12195=VECTOR('',#13271,1.0);
#12196=CARTESIAN_POINT('',(3.048,0.508,-2.4765));
#12197=CARTESIAN_POINT('',(8.509,0.508,-2.4765));
#12198=VECTOR('',#13272,1.0);
#12199=CARTESIAN_POINT('',(3.048,0.0,-2.4765));
#12200=CARTESIAN_POINT('',(3.048,2.13125,-2.4765));
#12201=VECTOR('',#13273,1.0);
#12202=CARTESIAN_POINT('',(2.54,0.0,-2.4765));
#12203=CARTESIAN_POINT('',(12.954,0.0,-2.4765));
#12204=VECTOR('',#13274,1.0);
#12205=CARTESIAN_POINT('',(2.54,0.508,-2.4765));
#12206=CARTESIAN_POINT('',(2.54,2.13125,-2.4765));
#12207=VECTOR('',#13275,1.0);
#12208=CARTESIAN_POINT('',(0.508,0.508,-2.4765));
#12209=CARTESIAN_POINT('',(7.239,0.508,-2.4765));
#12210=VECTOR('',#13276,1.0);
#12211=CARTESIAN_POINT('',(0.507999999999999,0.0,-2.4765));
#12212=CARTESIAN_POINT('',(0.507999999999999,2.13125,-2.4765));
#12213=VECTOR('',#13277,1.0);
#12214=CARTESIAN_POINT('',(0.0,0.0,-2.4765));
#12215=CARTESIAN_POINT('',(12.954,0.0,-2.4765));
#12216=VECTOR('',#13278,1.0);
#12217=CARTESIAN_POINT('',(0.0,8.509,-2.4765));
#12218=CARTESIAN_POINT('',(0.0,4.2545,-2.4765));
#12219=VECTOR('',#13279,1.0);
#12220=CARTESIAN_POINT('',(25.908,8.509,-2.4765));
#12221=CARTESIAN_POINT('',(12.954,8.509,-2.4765));
#12222=VECTOR('',#13280,1.0);
#12223=CARTESIAN_POINT('',(25.908,0.0,-2.4765));
#12224=CARTESIAN_POINT('',(25.908,4.2545,-2.4765));
#12225=VECTOR('',#13281,1.0);
#12226=CARTESIAN_POINT('',(12.954,0.0,-2.4765));
#12227=VECTOR('',#13282,1.0);
#12228=COLOUR_RGB('',0.196078434586525,0.196078434586525,0.196078434586525);
#12229=CARTESIAN_POINT('',(22.86,0.0,2.4765));
#12230=CARTESIAN_POINT('',(12.954,0.0,2.4765));
#12231=VECTOR('',#13283,1.0);
#12232=CARTESIAN_POINT('',(22.86,0.0,0.0));
#12233=VECTOR('',#13284,1.0);
#12234=COLOUR_RGB('',0.196078434586525,0.196078434586525,0.196078434586525);
#12235=CARTESIAN_POINT('',(25.908,0.0,2.4765));
#12236=CARTESIAN_POINT('',(25.908,0.0,0.0));
#12237=VECTOR('',#13285,1.0);
#12238=CARTESIAN_POINT('',(12.954,0.0,2.4765));
#12239=VECTOR('',#13286,1.0);
#12240=COLOUR_RGB('',0.196078434586525,0.196078434586525,0.196078434586525);
#12241=CARTESIAN_POINT('',(22.86,0.508,2.4765));
#12242=CARTESIAN_POINT('',(22.86,2.13125,2.4765));
#12243=VECTOR('',#13287,1.0);
#12244=CARTESIAN_POINT('',(22.86,0.508,0.0));
#12245=VECTOR('',#13288,1.0);
#12246=COLOUR_RGB('',0.196078434586525,0.196078434586525,0.196078434586525);
#12247=CARTESIAN_POINT('',(20.828,0.0,2.4765));
#12248=CARTESIAN_POINT('',(20.828,0.508,2.4765));
#12249=CARTESIAN_POINT('',(20.828,2.13125,2.4765));
#12250=VECTOR('',#13289,1.0);
#12251=CARTESIAN_POINT('',(20.828,0.0,0.0));
#12252=VECTOR('',#13290,1.0);
#12253=CARTESIAN_POINT('',(20.828,0.508,0.0));
#12254=VECTOR('',#13291,1.0);
#12255=COLOUR_RGB('',0.196078434586525,0.196078434586525,0.196078434586525);
#12256=CARTESIAN_POINT('',(17.399,0.508,2.4765));
#12257=VECTOR('',#13292,1.0);
#12258=COLOUR_RGB('',0.196078434586525,0.196078434586525,0.196078434586525);
#12259=CARTESIAN_POINT('',(20.32,0.0,2.4765));
#12260=CARTESIAN_POINT('',(12.954,0.0,2.4765));
#12261=VECTOR('',#13293,1.0);
#12262=CARTESIAN_POINT('',(20.32,0.0,0.0));
#12263=VECTOR('',#13294,1.0);
#12264=COLOUR_RGB('',0.196078434586525,0.196078434586525,0.196078434586525);
#12265=CARTESIAN_POINT('',(20.32,0.508,2.4765));
#12266=CARTESIAN_POINT('',(20.32,2.13125,2.4765));
#12267=VECTOR('',#13295,1.0);
#12268=CARTESIAN_POINT('',(20.32,0.508,0.0));
#12269=VECTOR('',#13296,1.0);
#12270=COLOUR_RGB('',0.196078434586525,0.196078434586525,0.196078434586525);
#12271=CARTESIAN_POINT('',(18.288,0.0,2.4765));
#12272=CARTESIAN_POINT('',(18.288,0.508,2.4765));
#12273=CARTESIAN_POINT('',(18.288,2.13125,2.4765));
#12274=VECTOR('',#13297,1.0);
#12275=CARTESIAN_POINT('',(18.288,0.0,0.0));
#12276=VECTOR('',#13298,1.0);
#12277=CARTESIAN_POINT('',(18.288,0.508,0.0));
#12278=VECTOR('',#13299,1.0);
#12279=COLOUR_RGB('',0.196078434586525,0.196078434586525,0.196078434586525);
#12280=CARTESIAN_POINT('',(16.129,0.508,2.4765));
#12281=VECTOR('',#13300,1.0);
#12282=COLOUR_RGB('',0.196078434586525,0.196078434586525,0.196078434586525);
#12283=CARTESIAN_POINT('',(17.78,0.0,2.4765));
#12284=CARTESIAN_POINT('',(12.954,0.0,2.4765));
#12285=VECTOR('',#13301,1.0);
#12286=CARTESIAN_POINT('',(17.78,0.0,0.0));
#12287=VECTOR('',#13302,1.0);
#12288=COLOUR_RGB('',0.196078434586525,0.196078434586525,0.196078434586525);
#12289=CARTESIAN_POINT('',(17.78,0.508,2.4765));
#12290=CARTESIAN_POINT('',(17.78,2.13125,2.4765));
#12291=VECTOR('',#13303,1.0);
#12292=CARTESIAN_POINT('',(17.78,0.508,0.0));
#12293=VECTOR('',#13304,1.0);
#12294=COLOUR_RGB('',0.196078434586525,0.196078434586525,0.196078434586525);
#12295=CARTESIAN_POINT('',(15.748,0.0,2.4765));
#12296=CARTESIAN_POINT('',(15.748,0.508,2.4765));
#12297=CARTESIAN_POINT('',(15.748,2.13125,2.4765));
#12298=VECTOR('',#13305,1.0);
#12299=CARTESIAN_POINT('',(15.748,0.0,0.0));
#12300=VECTOR('',#13306,1.0);
#12301=CARTESIAN_POINT('',(15.748,0.508,0.0));
#12302=VECTOR('',#13307,1.0);
#12303=COLOUR_RGB('',0.196078434586525,0.196078434586525,0.196078434586525);
#12304=CARTESIAN_POINT('',(14.859,0.508,2.4765));
#12305=VECTOR('',#13308,1.0);
#12306=COLOUR_RGB('',0.196078434586525,0.196078434586525,0.196078434586525);
#12307=CARTESIAN_POINT('',(15.24,0.0,2.4765));
#12308=CARTESIAN_POINT('',(12.954,0.0,2.4765));
#12309=VECTOR('',#13309,1.0);
#12310=CARTESIAN_POINT('',(15.24,0.0,0.0));
#12311=VECTOR('',#13310,1.0);
#12312=COLOUR_RGB('',0.196078434586525,0.196078434586525,0.196078434586525);
#12313=CARTESIAN_POINT('',(15.24,0.508,2.4765));
#12314=CARTESIAN_POINT('',(15.24,2.13125,2.4765));
#12315=VECTOR('',#13311,1.0);
#12316=CARTESIAN_POINT('',(15.24,0.508,0.0));
#12317=VECTOR('',#13312,1.0);
#12318=COLOUR_RGB('',0.196078434586525,0.196078434586525,0.196078434586525);
#12319=CARTESIAN_POINT('',(13.208,0.0,2.4765));
#12320=CARTESIAN_POINT('',(13.208,0.508,2.4765));
#12321=CARTESIAN_POINT('',(13.208,2.13125,2.4765));
#12322=VECTOR('',#13313,1.0);
#12323=CARTESIAN_POINT('',(13.208,0.0,0.0));
#12324=VECTOR('',#13314,1.0);
#12325=CARTESIAN_POINT('',(13.208,0.508,0.0));
#12326=VECTOR('',#13315,1.0);
#12327=COLOUR_RGB('',0.196078434586525,0.196078434586525,0.196078434586525);
#12328=CARTESIAN_POINT('',(13.589,0.508,2.4765));
#12329=VECTOR('',#13316,1.0);
#12330=COLOUR_RGB('',0.196078434586525,0.196078434586525,0.196078434586525);
#12331=CARTESIAN_POINT('',(12.7,0.0,2.4765));
#12332=CARTESIAN_POINT('',(12.954,0.0,2.4765));
#12333=VECTOR('',#13317,1.0);
#12334=CARTESIAN_POINT('',(12.7,0.0,0.0));
#12335=VECTOR('',#13318,1.0);
#12336=COLOUR_RGB('',0.196078434586525,0.196078434586525,0.196078434586525);
#12337=CARTESIAN_POINT('',(12.7,0.508,2.4765));
#12338=CARTESIAN_POINT('',(12.7,2.13125,2.4765));
#12339=VECTOR('',#13319,1.0);
#12340=CARTESIAN_POINT('',(12.7,0.508,0.0));
#12341=VECTOR('',#13320,1.0);
#12342=COLOUR_RGB('',0.196078434586525,0.196078434586525,0.196078434586525);
#12343=CARTESIAN_POINT('',(10.668,0.0,2.4765));
#12344=CARTESIAN_POINT('',(10.668,0.508,2.4765));
#12345=CARTESIAN_POINT('',(10.668,2.13125,2.4765));
#12346=VECTOR('',#13321,1.0);
#12347=CARTESIAN_POINT('',(10.668,0.0,0.0));
#12348=VECTOR('',#13322,1.0);
#12349=CARTESIAN_POINT('',(10.668,0.508,0.0));
#12350=VECTOR('',#13323,1.0);
#12351=COLOUR_RGB('',0.196078434586525,0.196078434586525,0.196078434586525);
#12352=CARTESIAN_POINT('',(12.319,0.508,2.4765));
#12353=VECTOR('',#13324,1.0);
#12354=COLOUR_RGB('',0.196078434586525,0.196078434586525,0.196078434586525);
#12355=CARTESIAN_POINT('',(10.16,0.0,2.4765));
#12356=CARTESIAN_POINT('',(12.954,0.0,2.4765));
#12357=VECTOR('',#13325,1.0);
#12358=CARTESIAN_POINT('',(10.16,0.0,0.0));
#12359=VECTOR('',#13326,1.0);
#12360=COLOUR_RGB('',0.196078434586525,0.196078434586525,0.196078434586525);
#12361=CARTESIAN_POINT('',(10.16,0.508,2.4765));
#12362=CARTESIAN_POINT('',(10.16,2.13125,2.4765));
#12363=VECTOR('',#13327,1.0);
#12364=CARTESIAN_POINT('',(10.16,0.508,0.0));
#12365=VECTOR('',#13328,1.0);
#12366=COLOUR_RGB('',0.196078434586525,0.196078434586525,0.196078434586525);
#12367=CARTESIAN_POINT('',(8.128,0.0,2.4765));
#12368=CARTESIAN_POINT('',(8.128,0.508,2.4765));
#12369=CARTESIAN_POINT('',(8.128,2.13125,2.4765));
#12370=VECTOR('',#13329,1.0);
#12371=CARTESIAN_POINT('',(8.128,0.0,0.0));
#12372=VECTOR('',#13330,1.0);
#12373=CARTESIAN_POINT('',(8.128,0.508,0.0));
#12374=VECTOR('',#13331,1.0);
#12375=COLOUR_RGB('',0.196078434586525,0.196078434586525,0.196078434586525);
#12376=CARTESIAN_POINT('',(11.049,0.508,2.4765));
#12377=VECTOR('',#13332,1.0);
#12378=COLOUR_RGB('',0.196078434586525,0.196078434586525,0.196078434586525);
#12379=CARTESIAN_POINT('',(7.62,0.0,2.4765));
#12380=CARTESIAN_POINT('',(12.954,0.0,2.4765));
#12381=VECTOR('',#13333,1.0);
#12382=CARTESIAN_POINT('',(7.62,0.0,0.0));
#12383=VECTOR('',#13334,1.0);
#12384=COLOUR_RGB('',0.196078434586525,0.196078434586525,0.196078434586525);
#12385=CARTESIAN_POINT('',(7.62,0.508,2.4765));
#12386=CARTESIAN_POINT('',(7.62,2.13125,2.4765));
#12387=VECTOR('',#13335,1.0);
#12388=CARTESIAN_POINT('',(7.62,0.508,0.0));
#12389=VECTOR('',#13336,1.0);
#12390=COLOUR_RGB('',0.196078434586525,0.196078434586525,0.196078434586525);
#12391=CARTESIAN_POINT('',(5.588,0.0,2.4765));
#12392=CARTESIAN_POINT('',(5.588,0.508,2.4765));
#12393=CARTESIAN_POINT('',(5.588,2.13125,2.4765));
#12394=VECTOR('',#13337,1.0);
#12395=CARTESIAN_POINT('',(5.588,0.0,0.0));
#12396=VECTOR('',#13338,1.0);
#12397=CARTESIAN_POINT('',(5.588,0.508,0.0));
#12398=VECTOR('',#13339,1.0);
#12399=COLOUR_RGB('',0.196078434586525,0.196078434586525,0.196078434586525);
#12400=CARTESIAN_POINT('',(9.779,0.508,2.4765));
#12401=VECTOR('',#13340,1.0);
#12402=COLOUR_RGB('',0.196078434586525,0.196078434586525,0.196078434586525);
#12403=CARTESIAN_POINT('',(5.08,0.0,2.4765));
#12404=CARTESIAN_POINT('',(12.954,0.0,2.4765));
#12405=VECTOR('',#13341,1.0);
#12406=CARTESIAN_POINT('',(5.08,0.0,0.0));
#12407=VECTOR('',#13342,1.0);
#12408=COLOUR_RGB('',0.196078434586525,0.196078434586525,0.196078434586525);
#12409=CARTESIAN_POINT('',(5.08,0.508,2.4765));
#12410=CARTESIAN_POINT('',(5.08,2.13125,2.4765));
#12411=VECTOR('',#13343,1.0);
#12412=CARTESIAN_POINT('',(5.08,0.508,0.0));
#12413=VECTOR('',#13344,1.0);
#12414=COLOUR_RGB('',0.196078434586525,0.196078434586525,0.196078434586525);
#12415=CARTESIAN_POINT('',(3.048,0.0,2.4765));
#12416=CARTESIAN_POINT('',(3.048,0.508,2.4765));
#12417=CARTESIAN_POINT('',(3.048,2.13125,2.4765));
#12418=VECTOR('',#13345,1.0);
#12419=CARTESIAN_POINT('',(3.048,0.0,0.0));
#12420=VECTOR('',#13346,1.0);
#12421=CARTESIAN_POINT('',(3.048,0.508,0.0));
#12422=VECTOR('',#13347,1.0);
#12423=COLOUR_RGB('',0.196078434586525,0.196078434586525,0.196078434586525);
#12424=CARTESIAN_POINT('',(8.509,0.508,2.4765));
#12425=VECTOR('',#13348,1.0);
#12426=COLOUR_RGB('',0.196078434586525,0.196078434586525,0.196078434586525);
#12427=CARTESIAN_POINT('',(2.54,0.0,2.4765));
#12428=CARTESIAN_POINT('',(12.954,0.0,2.4765));
#12429=VECTOR('',#13349,1.0);
#12430=CARTESIAN_POINT('',(2.54,0.0,0.0));
#12431=VECTOR('',#13350,1.0);
#12432=COLOUR_RGB('',0.196078434586525,0.196078434586525,0.196078434586525);
#12433=CARTESIAN_POINT('',(2.54,0.508,2.4765));
#12434=CARTESIAN_POINT('',(2.54,2.13125,2.4765));
#12435=VECTOR('',#13351,1.0);
#12436=CARTESIAN_POINT('',(2.54,0.508,0.0));
#12437=VECTOR('',#13352,1.0);
#12438=COLOUR_RGB('',0.196078434586525,0.196078434586525,0.196078434586525);
#12439=CARTESIAN_POINT('',(0.507999999999999,0.0,2.4765));
#12440=CARTESIAN_POINT('',(0.508,0.508,2.4765));
#12441=CARTESIAN_POINT('',(0.507999999999999,2.13125,2.4765));
#12442=VECTOR('',#13353,1.0);
#12443=CARTESIAN_POINT('',(0.507999999999999,0.0,0.0));
#12444=VECTOR('',#13354,1.0);
#12445=CARTESIAN_POINT('',(0.508,0.508,0.0));
#12446=VECTOR('',#13355,1.0);
#12447=COLOUR_RGB('',0.196078434586525,0.196078434586525,0.196078434586525);
#12448=CARTESIAN_POINT('',(7.239,0.508,2.4765));
#12449=VECTOR('',#13356,1.0);
#12450=COLOUR_RGB('',0.196078434586525,0.196078434586525,0.196078434586525);
#12451=CARTESIAN_POINT('',(0.0,0.0,2.4765));
#12452=CARTESIAN_POINT('',(12.954,0.0,2.4765));
#12453=VECTOR('',#13357,1.0);
#12454=CARTESIAN_POINT('',(0.0,0.0,0.0));
#12455=VECTOR('',#13358,1.0);
#12456=COLOUR_RGB('',0.196078434586525,0.196078434586525,0.196078434586525);
#12457=CARTESIAN_POINT('',(25.908,8.509,2.4765));
#12458=CARTESIAN_POINT('',(25.908,4.2545,2.4765));
#12459=VECTOR('',#13359,1.0);
#12460=CARTESIAN_POINT('',(0.0,8.509,2.4765));
#12461=CARTESIAN_POINT('',(12.954,8.509,2.4765));
#12462=VECTOR('',#13360,1.0);
#12463=CARTESIAN_POINT('',(0.0,4.2545,2.4765));
#12464=VECTOR('',#13361,1.0);
#12465=COLOUR_RGB('',0.196078434586525,0.196078434586525,0.196078434586525);
#12466=CARTESIAN_POINT('',(0.0,8.509,0.0));
#12467=VECTOR('',#13362,1.0);
#12468=COLOUR_RGB('',0.196078434586525,0.196078434586525,0.196078434586525);
#12469=CARTESIAN_POINT('',(25.908,8.509,0.0));
#12470=VECTOR('',#13363,1.0);
#12471=COLOUR_RGB('',0.196078434586525,0.196078434586525,0.196078434586525);
#12472=DIRECTION('',(-1.0,0.0,0.0));
#12473=DIRECTION('',(7.92546835305598E-17,1.0,0.0));
#12474=DIRECTION('',(0.5,0.866025403784439,0.0));
#12475=DIRECTION('',(1.0,0.0,0.0));
#12476=DIRECTION('',(-0.5,0.866025403784439,0.0));
#12477=DIRECTION('',(-7.92546835305598E-17,1.0,0.0));
#12478=DIRECTION('',(0.0,0.0,-1.0));
#12479=DIRECTION('',(-7.92546835305598E-17,-1.0,-0.0));
#12480=DIRECTION('',(0.0,0.0,1.0));
#12481=DIRECTION('',(-1.0,-0.0,-0.0));
#12482=DIRECTION('',(0.0,0.0,1.0));
#12483=DIRECTION('',(0.0,0.0,1.0));
#12484=DIRECTION('',(-0.5,0.866025403784439,0.0));
#12485=DIRECTION('',(0.0,0.0,1.0));
#12486=DIRECTION('',(0.0,0.0,1.0));
#12487=DIRECTION('',(-7.92546835305598E-17,1.0,0.0));
#12488=DIRECTION('',(-0.5,-0.866025403784439,-0.0));
#12489=DIRECTION('',(1.0,0.0,-0.0));
#12490=DIRECTION('',(-1.0,0.0,0.0));
#12491=DIRECTION('',(7.92546835305598E-17,1.0,0.0));
#12492=DIRECTION('',(0.5,0.866025403784439,0.0));
#12493=DIRECTION('',(1.0,0.0,0.0));
#12494=DIRECTION('',(-0.5,0.866025403784439,0.0));
#12495=DIRECTION('',(-7.92546835305598E-17,1.0,0.0));
#12496=DIRECTION('',(0.0,0.0,-1.0));
#12497=DIRECTION('',(-7.92546835305598E-17,-1.0,-0.0));
#12498=DIRECTION('',(0.0,0.0,1.0));
#12499=DIRECTION('',(-1.0,-0.0,-0.0));
#12500=DIRECTION('',(0.0,0.0,1.0));
#12501=DIRECTION('',(0.0,0.0,1.0));
#12502=DIRECTION('',(-0.5,0.866025403784439,0.0));
#12503=DIRECTION('',(0.0,0.0,1.0));
#12504=DIRECTION('',(0.0,0.0,1.0));
#12505=DIRECTION('',(-7.92546835305598E-17,1.0,0.0));
#12506=DIRECTION('',(-0.5,-0.866025403784439,-0.0));
#12507=DIRECTION('',(1.0,0.0,-0.0));
#12508=DIRECTION('',(-1.0,0.0,0.0));
#12509=DIRECTION('',(7.92546835305598E-17,1.0,0.0));
#12510=DIRECTION('',(0.5,0.866025403784439,0.0));
#12511=DIRECTION('',(1.0,0.0,0.0));
#12512=DIRECTION('',(-0.5,0.866025403784439,0.0));
#12513=DIRECTION('',(-7.92546835305598E-17,1.0,0.0));
#12514=DIRECTION('',(0.0,0.0,-1.0));
#12515=DIRECTION('',(-7.92546835305598E-17,-1.0,-0.0));
#12516=DIRECTION('',(0.0,0.0,1.0));
#12517=DIRECTION('',(-1.0,-0.0,-0.0));
#12518=DIRECTION('',(0.0,0.0,1.0));
#12519=DIRECTION('',(0.0,0.0,1.0));
#12520=DIRECTION('',(-0.5,0.866025403784439,0.0));
#12521=DIRECTION('',(0.0,0.0,1.0));
#12522=DIRECTION('',(0.0,0.0,1.0));
#12523=DIRECTION('',(-7.92546835305598E-17,1.0,0.0));
#12524=DIRECTION('',(-0.5,-0.866025403784439,-0.0));
#12525=DIRECTION('',(1.0,0.0,-0.0));
#12526=DIRECTION('',(-1.0,0.0,0.0));
#12527=DIRECTION('',(7.92546835305598E-17,1.0,0.0));
#12528=DIRECTION('',(0.5,0.866025403784439,0.0));
#12529=DIRECTION('',(1.0,0.0,0.0));
#12530=DIRECTION('',(-0.5,0.866025403784439,0.0));
#12531=DIRECTION('',(-7.92546835305598E-17,1.0,0.0));
#12532=DIRECTION('',(0.0,0.0,-1.0));
#12533=DIRECTION('',(-7.92546835305598E-17,-1.0,-0.0));
#12534=DIRECTION('',(0.0,0.0,1.0));
#12535=DIRECTION('',(-1.0,-0.0,-0.0));
#12536=DIRECTION('',(0.0,0.0,1.0));
#12537=DIRECTION('',(0.0,0.0,1.0));
#12538=DIRECTION('',(-0.5,0.866025403784439,0.0));
#12539=DIRECTION('',(0.0,0.0,1.0));
#12540=DIRECTION('',(0.0,0.0,1.0));
#12541=DIRECTION('',(-7.92546835305598E-17,1.0,0.0));
#12542=DIRECTION('',(-0.5,-0.866025403784439,-0.0));
#12543=DIRECTION('',(1.0,0.0,-0.0));
#12544=DIRECTION('',(-1.0,0.0,0.0));
#12545=DIRECTION('',(7.92546835305598E-17,1.0,0.0));
#12546=DIRECTION('',(0.5,0.866025403784439,0.0));
#12547=DIRECTION('',(1.0,0.0,0.0));
#12548=DIRECTION('',(-0.5,0.866025403784439,0.0));
#12549=DIRECTION('',(-7.92546835305598E-17,1.0,0.0));
#12550=DIRECTION('',(0.0,0.0,-1.0));
#12551=DIRECTION('',(-7.92546835305598E-17,-1.0,-0.0));
#12552=DIRECTION('',(0.0,0.0,1.0));
#12553=DIRECTION('',(-1.0,-0.0,-0.0));
#12554=DIRECTION('',(0.0,0.0,1.0));
#12555=DIRECTION('',(0.0,0.0,1.0));
#12556=DIRECTION('',(-0.5,0.866025403784439,0.0));
#12557=DIRECTION('',(0.0,0.0,1.0));
#12558=DIRECTION('',(0.0,0.0,1.0));
#12559=DIRECTION('',(-7.92546835305598E-17,1.0,0.0));
#12560=DIRECTION('',(-0.5,-0.866025403784439,-0.0));
#12561=DIRECTION('',(1.0,0.0,-0.0));
#12562=DIRECTION('',(-1.0,0.0,0.0));
#12563=DIRECTION('',(7.92546835305598E-17,1.0,0.0));
#12564=DIRECTION('',(0.5,0.866025403784439,0.0));
#12565=DIRECTION('',(1.0,0.0,0.0));
#12566=DIRECTION('',(-0.5,0.866025403784439,0.0));
#12567=DIRECTION('',(-7.92546835305598E-17,1.0,0.0));
#12568=DIRECTION('',(0.0,0.0,-1.0));
#12569=DIRECTION('',(-7.92546835305598E-17,-1.0,-0.0));
#12570=DIRECTION('',(0.0,0.0,1.0));
#12571=DIRECTION('',(-1.0,-0.0,-0.0));
#12572=DIRECTION('',(0.0,0.0,1.0));
#12573=DIRECTION('',(0.0,0.0,1.0));
#12574=DIRECTION('',(-0.5,0.866025403784439,0.0));
#12575=DIRECTION('',(0.0,0.0,1.0));
#12576=DIRECTION('',(0.0,0.0,1.0));
#12577=DIRECTION('',(-7.92546835305598E-17,1.0,0.0));
#12578=DIRECTION('',(-0.5,-0.866025403784439,-0.0));
#12579=DIRECTION('',(1.0,0.0,-0.0));
#12580=DIRECTION('',(-1.0,0.0,0.0));
#12581=DIRECTION('',(7.92546835305598E-17,1.0,0.0));
#12582=DIRECTION('',(0.5,0.866025403784439,0.0));
#12583=DIRECTION('',(1.0,0.0,0.0));
#12584=DIRECTION('',(-0.5,0.866025403784439,0.0));
#12585=DIRECTION('',(-7.92546835305598E-17,1.0,0.0));
#12586=DIRECTION('',(0.0,0.0,-1.0));
#12587=DIRECTION('',(-7.92546835305598E-17,-1.0,-0.0));
#12588=DIRECTION('',(0.0,0.0,1.0));
#12589=DIRECTION('',(-1.0,-0.0,-0.0));
#12590=DIRECTION('',(0.0,0.0,1.0));
#12591=DIRECTION('',(0.0,0.0,1.0));
#12592=DIRECTION('',(-0.5,0.866025403784439,0.0));
#12593=DIRECTION('',(0.0,0.0,1.0));
#12594=DIRECTION('',(0.0,0.0,1.0));
#12595=DIRECTION('',(-7.92546835305598E-17,1.0,0.0));
#12596=DIRECTION('',(-0.5,-0.866025403784439,-0.0));
#12597=DIRECTION('',(1.0,0.0,-0.0));
#12598=DIRECTION('',(-1.0,0.0,0.0));
#12599=DIRECTION('',(7.92546835305598E-17,1.0,0.0));
#12600=DIRECTION('',(0.5,0.866025403784439,0.0));
#12601=DIRECTION('',(1.0,0.0,0.0));
#12602=DIRECTION('',(-0.5,0.866025403784439,0.0));
#12603=DIRECTION('',(-7.92546835305598E-17,1.0,0.0));
#12604=DIRECTION('',(0.0,0.0,-1.0));
#12605=DIRECTION('',(-7.92546835305598E-17,-1.0,-0.0));
#12606=DIRECTION('',(0.0,0.0,1.0));
#12607=DIRECTION('',(-1.0,-0.0,-0.0));
#12608=DIRECTION('',(0.0,0.0,1.0));
#12609=DIRECTION('',(0.0,0.0,1.0));
#12610=DIRECTION('',(-0.5,0.866025403784439,0.0));
#12611=DIRECTION('',(0.0,0.0,1.0));
#12612=DIRECTION('',(0.0,0.0,1.0));
#12613=DIRECTION('',(-7.92546835305598E-17,1.0,0.0));
#12614=DIRECTION('',(-0.5,-0.866025403784439,-0.0));
#12615=DIRECTION('',(1.0,0.0,-0.0));
#12616=DIRECTION('',(-1.0,0.0,0.0));
#12617=DIRECTION('',(7.92546835305598E-17,1.0,0.0));
#12618=DIRECTION('',(0.5,0.866025403784439,0.0));
#12619=DIRECTION('',(1.0,0.0,0.0));
#12620=DIRECTION('',(-0.5,0.866025403784439,0.0));
#12621=DIRECTION('',(-7.92546835305598E-17,1.0,0.0));
#12622=DIRECTION('',(0.0,0.0,-1.0));
#12623=DIRECTION('',(-7.92546835305598E-17,-1.0,-0.0));
#12624=DIRECTION('',(0.0,0.0,1.0));
#12625=DIRECTION('',(-1.0,-0.0,-0.0));
#12626=DIRECTION('',(0.0,0.0,1.0));
#12627=DIRECTION('',(0.0,0.0,1.0));
#12628=DIRECTION('',(-0.5,0.866025403784439,0.0));
#12629=DIRECTION('',(0.0,0.0,1.0));
#12630=DIRECTION('',(0.0,0.0,1.0));
#12631=DIRECTION('',(-7.92546835305598E-17,1.0,0.0));
#12632=DIRECTION('',(-0.5,-0.866025403784439,-0.0));
#12633=DIRECTION('',(1.0,0.0,-0.0));
#12634=DIRECTION('',(-1.0,0.0,0.0));
#12635=DIRECTION('',(7.92546835305598E-17,1.0,0.0));
#12636=DIRECTION('',(0.5,0.866025403784439,0.0));
#12637=DIRECTION('',(1.0,0.0,0.0));
#12638=DIRECTION('',(-0.5,0.866025403784439,0.0));
#12639=DIRECTION('',(-7.92546835305598E-17,1.0,0.0));
#12640=DIRECTION('',(0.0,0.0,-1.0));
#12641=DIRECTION('',(-7.92546835305598E-17,-1.0,-0.0));
#12642=DIRECTION('',(0.0,0.0,1.0));
#12643=DIRECTION('',(-1.0,-0.0,-0.0));
#12644=DIRECTION('',(0.0,0.0,1.0));
#12645=DIRECTION('',(0.0,0.0,1.0));
#12646=DIRECTION('',(-0.5,0.866025403784439,0.0));
#12647=DIRECTION('',(0.0,0.0,1.0));
#12648=DIRECTION('',(0.0,0.0,1.0));
#12649=DIRECTION('',(-7.92546835305598E-17,1.0,0.0));
#12650=DIRECTION('',(-0.5,-0.866025403784439,-0.0));
#12651=DIRECTION('',(1.0,0.0,-0.0));
#12652=DIRECTION('',(-1.0,0.0,0.0));
#12653=DIRECTION('',(7.92546835305598E-17,1.0,0.0));
#12654=DIRECTION('',(0.5,0.866025403784439,0.0));
#12655=DIRECTION('',(1.0,0.0,0.0));
#12656=DIRECTION('',(-0.5,0.866025403784439,0.0));
#12657=DIRECTION('',(-7.92546835305598E-17,1.0,0.0));
#12658=DIRECTION('',(0.0,0.0,-1.0));
#12659=DIRECTION('',(-7.92546835305598E-17,-1.0,-0.0));
#12660=DIRECTION('',(0.0,0.0,1.0));
#12661=DIRECTION('',(-1.0,-0.0,-0.0));
#12662=DIRECTION('',(0.0,0.0,1.0));
#12663=DIRECTION('',(0.0,0.0,1.0));
#12664=DIRECTION('',(-0.5,0.866025403784439,0.0));
#12665=DIRECTION('',(0.0,0.0,1.0));
#12666=DIRECTION('',(0.0,0.0,1.0));
#12667=DIRECTION('',(-7.92546835305598E-17,1.0,0.0));
#12668=DIRECTION('',(-0.5,-0.866025403784439,-0.0));
#12669=DIRECTION('',(1.0,0.0,-0.0));
#12670=DIRECTION('',(-1.0,0.0,0.0));
#12671=DIRECTION('',(7.92546835305598E-17,1.0,0.0));
#12672=DIRECTION('',(0.5,0.866025403784439,0.0));
#12673=DIRECTION('',(1.0,0.0,0.0));
#12674=DIRECTION('',(-0.5,0.866025403784439,0.0));
#12675=DIRECTION('',(-7.92546835305598E-17,1.0,0.0));
#12676=DIRECTION('',(0.0,0.0,-1.0));
#12677=DIRECTION('',(-7.92546835305598E-17,-1.0,-0.0));
#12678=DIRECTION('',(0.0,0.0,1.0));
#12679=DIRECTION('',(-1.0,-0.0,-0.0));
#12680=DIRECTION('',(0.0,0.0,1.0));
#12681=DIRECTION('',(0.0,0.0,1.0));
#12682=DIRECTION('',(-0.5,0.866025403784439,0.0));
#12683=DIRECTION('',(0.0,0.0,1.0));
#12684=DIRECTION('',(0.0,0.0,1.0));
#12685=DIRECTION('',(-7.92546835305598E-17,1.0,0.0));
#12686=DIRECTION('',(-0.5,-0.866025403784439,-0.0));
#12687=DIRECTION('',(1.0,0.0,-0.0));
#12688=DIRECTION('',(-1.0,0.0,0.0));
#12689=DIRECTION('',(7.92546835305598E-17,1.0,0.0));
#12690=DIRECTION('',(0.5,0.866025403784439,0.0));
#12691=DIRECTION('',(1.0,0.0,0.0));
#12692=DIRECTION('',(-0.5,0.866025403784439,0.0));
#12693=DIRECTION('',(-7.92546835305598E-17,1.0,0.0));
#12694=DIRECTION('',(0.0,0.0,-1.0));
#12695=DIRECTION('',(-7.92546835305598E-17,-1.0,-0.0));
#12696=DIRECTION('',(0.0,0.0,1.0));
#12697=DIRECTION('',(-1.0,-0.0,-0.0));
#12698=DIRECTION('',(0.0,0.0,1.0));
#12699=DIRECTION('',(0.0,0.0,1.0));
#12700=DIRECTION('',(-0.5,0.866025403784439,0.0));
#12701=DIRECTION('',(0.0,0.0,1.0));
#12702=DIRECTION('',(0.0,0.0,1.0));
#12703=DIRECTION('',(-7.92546835305598E-17,1.0,0.0));
#12704=DIRECTION('',(-0.5,-0.866025403784439,-0.0));
#12705=DIRECTION('',(1.0,0.0,-0.0));
#12706=DIRECTION('',(-1.0,0.0,0.0));
#12707=DIRECTION('',(7.92546835305598E-17,1.0,0.0));
#12708=DIRECTION('',(0.5,0.866025403784439,0.0));
#12709=DIRECTION('',(1.0,0.0,0.0));
#12710=DIRECTION('',(-0.5,0.866025403784439,0.0));
#12711=DIRECTION('',(-7.92546835305598E-17,1.0,0.0));
#12712=DIRECTION('',(0.0,0.0,-1.0));
#12713=DIRECTION('',(-7.92546835305598E-17,-1.0,-0.0));
#12714=DIRECTION('',(0.0,0.0,1.0));
#12715=DIRECTION('',(-1.0,-0.0,-0.0));
#12716=DIRECTION('',(0.0,0.0,1.0));
#12717=DIRECTION('',(0.0,0.0,1.0));
#12718=DIRECTION('',(-0.5,0.866025403784439,0.0));
#12719=DIRECTION('',(0.0,0.0,1.0));
#12720=DIRECTION('',(0.0,0.0,1.0));
#12721=DIRECTION('',(-7.92546835305598E-17,1.0,0.0));
#12722=DIRECTION('',(-0.5,-0.866025403784439,-0.0));
#12723=DIRECTION('',(1.0,0.0,-0.0));
#12724=DIRECTION('',(-1.0,0.0,0.0));
#12725=DIRECTION('',(7.92546835305598E-17,1.0,0.0));
#12726=DIRECTION('',(0.5,0.866025403784439,0.0));
#12727=DIRECTION('',(1.0,0.0,0.0));
#12728=DIRECTION('',(-0.5,0.866025403784439,0.0));
#12729=DIRECTION('',(-7.92546835305598E-17,1.0,0.0));
#12730=DIRECTION('',(0.0,0.0,-1.0));
#12731=DIRECTION('',(-7.92546835305598E-17,-1.0,-0.0));
#12732=DIRECTION('',(0.0,0.0,1.0));
#12733=DIRECTION('',(-1.0,-0.0,-0.0));
#12734=DIRECTION('',(0.0,0.0,1.0));
#12735=DIRECTION('',(0.0,0.0,1.0));
#12736=DIRECTION('',(-0.5,0.866025403784439,0.0));
#12737=DIRECTION('',(0.0,0.0,1.0));
#12738=DIRECTION('',(0.0,0.0,1.0));
#12739=DIRECTION('',(-7.92546835305598E-17,1.0,0.0));
#12740=DIRECTION('',(-0.5,-0.866025403784439,-0.0));
#12741=DIRECTION('',(1.0,0.0,-0.0));
#12742=DIRECTION('',(-1.0,0.0,0.0));
#12743=DIRECTION('',(7.92546835305598E-17,1.0,0.0));
#12744=DIRECTION('',(0.5,0.866025403784439,0.0));
#12745=DIRECTION('',(1.0,0.0,0.0));
#12746=DIRECTION('',(-0.5,0.866025403784439,0.0));
#12747=DIRECTION('',(-7.92546835305598E-17,1.0,0.0));
#12748=DIRECTION('',(0.0,0.0,-1.0));
#12749=DIRECTION('',(-7.92546835305598E-17,-1.0,-0.0));
#12750=DIRECTION('',(0.0,0.0,1.0));
#12751=DIRECTION('',(-1.0,-0.0,-0.0));
#12752=DIRECTION('',(0.0,0.0,1.0));
#12753=DIRECTION('',(0.0,0.0,1.0));
#12754=DIRECTION('',(-0.5,0.866025403784439,0.0));
#12755=DIRECTION('',(0.0,0.0,1.0));
#12756=DIRECTION('',(0.0,0.0,1.0));
#12757=DIRECTION('',(-7.92546835305598E-17,1.0,0.0));
#12758=DIRECTION('',(-0.5,-0.866025403784439,-0.0));
#12759=DIRECTION('',(1.0,0.0,-0.0));
#12760=DIRECTION('',(-1.0,0.0,0.0));
#12761=DIRECTION('',(7.92546835305598E-17,1.0,0.0));
#12762=DIRECTION('',(0.5,0.866025403784439,0.0));
#12763=DIRECTION('',(1.0,0.0,0.0));
#12764=DIRECTION('',(-0.5,0.866025403784439,0.0));
#12765=DIRECTION('',(-7.92546835305598E-17,1.0,0.0));
#12766=DIRECTION('',(0.0,0.0,-1.0));
#12767=DIRECTION('',(-7.92546835305598E-17,-1.0,-0.0));
#12768=DIRECTION('',(0.0,0.0,1.0));
#12769=DIRECTION('',(-1.0,-0.0,-0.0));
#12770=DIRECTION('',(0.0,0.0,1.0));
#12771=DIRECTION('',(0.0,0.0,1.0));
#12772=DIRECTION('',(-0.5,0.866025403784439,0.0));
#12773=DIRECTION('',(0.0,0.0,1.0));
#12774=DIRECTION('',(0.0,0.0,1.0));
#12775=DIRECTION('',(-7.92546835305598E-17,1.0,0.0));
#12776=DIRECTION('',(-0.5,-0.866025403784439,-0.0));
#12777=DIRECTION('',(1.0,0.0,-0.0));
#12778=DIRECTION('',(-1.0,0.0,0.0));
#12779=DIRECTION('',(7.92546835305598E-17,1.0,0.0));
#12780=DIRECTION('',(0.5,0.866025403784439,0.0));
#12781=DIRECTION('',(1.0,0.0,0.0));
#12782=DIRECTION('',(-0.5,0.866025403784439,0.0));
#12783=DIRECTION('',(-7.92546835305598E-17,1.0,0.0));
#12784=DIRECTION('',(0.0,0.0,-1.0));
#12785=DIRECTION('',(-7.92546835305598E-17,-1.0,-0.0));
#12786=DIRECTION('',(0.0,0.0,1.0));
#12787=DIRECTION('',(-1.0,-0.0,-0.0));
#12788=DIRECTION('',(0.0,0.0,1.0));
#12789=DIRECTION('',(0.0,0.0,1.0));
#12790=DIRECTION('',(-0.5,0.866025403784439,0.0));
#12791=DIRECTION('',(0.0,0.0,1.0));
#12792=DIRECTION('',(0.0,0.0,1.0));
#12793=DIRECTION('',(-7.92546835305598E-17,1.0,0.0));
#12794=DIRECTION('',(-0.5,-0.866025403784439,-0.0));
#12795=DIRECTION('',(1.0,0.0,-0.0));
#12796=DIRECTION('',(-1.0,0.0,0.0));
#12797=DIRECTION('',(7.92546835305598E-17,1.0,0.0));
#12798=DIRECTION('',(0.5,0.866025403784439,0.0));
#12799=DIRECTION('',(1.0,0.0,0.0));
#12800=DIRECTION('',(-0.5,0.866025403784439,0.0));
#12801=DIRECTION('',(-7.92546835305598E-17,1.0,0.0));
#12802=DIRECTION('',(0.0,0.0,-1.0));
#12803=DIRECTION('',(-7.92546835305598E-17,-1.0,-0.0));
#12804=DIRECTION('',(0.0,0.0,1.0));
#12805=DIRECTION('',(-1.0,-0.0,-0.0));
#12806=DIRECTION('',(0.0,0.0,1.0));
#12807=DIRECTION('',(0.0,0.0,1.0));
#12808=DIRECTION('',(-0.5,0.866025403784439,0.0));
#12809=DIRECTION('',(0.0,0.0,1.0));
#12810=DIRECTION('',(0.0,0.0,1.0));
#12811=DIRECTION('',(-7.92546835305598E-17,1.0,0.0));
#12812=DIRECTION('',(-0.5,-0.866025403784439,-0.0));
#12813=DIRECTION('',(1.0,0.0,-0.0));
#12814=DIRECTION('',(-1.0,0.0,0.0));
#12815=DIRECTION('',(7.92546835305598E-17,1.0,0.0));
#12816=DIRECTION('',(0.5,0.866025403784439,0.0));
#12817=DIRECTION('',(1.0,0.0,0.0));
#12818=DIRECTION('',(-0.5,0.866025403784439,0.0));
#12819=DIRECTION('',(-7.92546835305598E-17,1.0,0.0));
#12820=DIRECTION('',(0.0,0.0,-1.0));
#12821=DIRECTION('',(-7.92546835305598E-17,-1.0,-0.0));
#12822=DIRECTION('',(0.0,0.0,1.0));
#12823=DIRECTION('',(-1.0,-0.0,-0.0));
#12824=DIRECTION('',(0.0,0.0,1.0));
#12825=DIRECTION('',(0.0,0.0,1.0));
#12826=DIRECTION('',(-0.5,0.866025403784439,0.0));
#12827=DIRECTION('',(0.0,0.0,1.0));
#12828=DIRECTION('',(0.0,0.0,1.0));
#12829=DIRECTION('',(-7.92546835305598E-17,1.0,0.0));
#12830=DIRECTION('',(-0.5,-0.866025403784439,-0.0));
#12831=DIRECTION('',(1.0,0.0,-0.0));
#12832=DIRECTION('',(-0.577350269189626,0.577350269189626,0.577350269189626));
#12833=DIRECTION('',(-1.0,-0.0,-1.83690953073357E-16));
#12834=DIRECTION('',(-0.577350269189626,-0.577350269189626,-0.577350269189626));
#12835=DIRECTION('',(-1.0,1.83690953073357E-16,0.0));
#12836=DIRECTION('',(0.0,0.0,1.0));
#12837=DIRECTION('',(0.577350269189626,0.577350269189626,-0.577350269189626));
#12838=DIRECTION('',(0.0,0.0,1.0));
#12839=DIRECTION('',(0.0,1.22460635382238E-16,-1.0));
#12840=DIRECTION('',(-0.577350269189626,0.577350269189626,-0.577350269189626));
#12841=DIRECTION('',(1.22460635382238E-16,0.0,-1.0));
#12842=DIRECTION('',(1.0,6.12303176911189E-17,0.0));
#12843=DIRECTION('',(1.0,0.0,6.12303176911189E-17));
#12844=DIRECTION('',(0.0,-1.0,0.0));
#12845=DIRECTION('',(0.0,0.0,-1.0));
#12846=DIRECTION('',(0.0,1.0,0.0));
#12847=DIRECTION('',(0.0,1.0,0.0));
#12848=DIRECTION('',(-1.0,0.0,0.0));
#12849=DIRECTION('',(1.0,0.0,0.0));
#12850=DIRECTION('',(0.0,-1.0,0.0));
#12851=DIRECTION('',(0.0,0.0,-1.0));
#12852=DIRECTION('',(-0.577350269189626,0.577350269189626,0.577350269189626));
#12853=DIRECTION('',(-1.0,-0.0,-1.83690953073357E-16));
#12854=DIRECTION('',(-0.577350269189626,-0.577350269189626,-0.577350269189626));
#12855=DIRECTION('',(-1.0,1.83690953073357E-16,0.0));
#12856=DIRECTION('',(0.0,0.0,1.0));
#12857=DIRECTION('',(0.577350269189626,0.577350269189626,-0.577350269189626));
#12858=DIRECTION('',(0.0,0.0,1.0));
#12859=DIRECTION('',(0.0,1.22460635382238E-16,-1.0));
#12860=DIRECTION('',(-0.577350269189626,0.577350269189626,-0.577350269189626));
#12861=DIRECTION('',(1.22460635382238E-16,0.0,-1.0));
#12862=DIRECTION('',(1.0,6.12303176911189E-17,0.0));
#12863=DIRECTION('',(1.0,0.0,6.12303176911189E-17));
#12864=DIRECTION('',(0.0,-1.0,0.0));
#12865=DIRECTION('',(0.0,0.0,-1.0));
#12866=DIRECTION('',(0.0,1.0,0.0));
#12867=DIRECTION('',(0.0,1.0,0.0));
#12868=DIRECTION('',(-1.0,0.0,0.0));
#12869=DIRECTION('',(1.0,0.0,0.0));
#12870=DIRECTION('',(0.0,-1.0,0.0));
#12871=DIRECTION('',(0.0,0.0,-1.0));
#12872=DIRECTION('',(-0.577350269189626,0.577350269189626,0.577350269189626));
#12873=DIRECTION('',(-1.0,-0.0,-1.83690953073357E-16));
#12874=DIRECTION('',(-0.577350269189626,-0.577350269189626,-0.577350269189626));
#12875=DIRECTION('',(-1.0,1.83690953073357E-16,0.0));
#12876=DIRECTION('',(0.0,0.0,1.0));
#12877=DIRECTION('',(0.577350269189626,0.577350269189626,-0.577350269189626));
#12878=DIRECTION('',(0.0,0.0,1.0));
#12879=DIRECTION('',(0.0,1.22460635382238E-16,-1.0));
#12880=DIRECTION('',(-0.577350269189626,0.577350269189626,-0.577350269189626));
#12881=DIRECTION('',(1.22460635382238E-16,0.0,-1.0));
#12882=DIRECTION('',(1.0,6.12303176911189E-17,0.0));
#12883=DIRECTION('',(1.0,0.0,6.12303176911189E-17));
#12884=DIRECTION('',(0.0,-1.0,0.0));
#12885=DIRECTION('',(0.0,0.0,-1.0));
#12886=DIRECTION('',(0.0,1.0,0.0));
#12887=DIRECTION('',(0.0,1.0,0.0));
#12888=DIRECTION('',(-1.0,0.0,0.0));
#12889=DIRECTION('',(1.0,0.0,0.0));
#12890=DIRECTION('',(0.0,-1.0,0.0));
#12891=DIRECTION('',(0.0,0.0,-1.0));
#12892=DIRECTION('',(-0.577350269189626,0.577350269189626,0.577350269189626));
#12893=DIRECTION('',(-1.0,-0.0,-1.83690953073357E-16));
#12894=DIRECTION('',(-0.577350269189626,-0.577350269189626,-0.577350269189626));
#12895=DIRECTION('',(-1.0,1.83690953073357E-16,0.0));
#12896=DIRECTION('',(0.0,0.0,1.0));
#12897=DIRECTION('',(0.577350269189626,0.577350269189626,-0.577350269189626));
#12898=DIRECTION('',(0.0,0.0,1.0));
#12899=DIRECTION('',(0.0,1.22460635382238E-16,-1.0));
#12900=DIRECTION('',(-0.577350269189626,0.577350269189626,-0.577350269189626));
#12901=DIRECTION('',(1.22460635382238E-16,0.0,-1.0));
#12902=DIRECTION('',(1.0,6.12303176911189E-17,0.0));
#12903=DIRECTION('',(1.0,0.0,6.12303176911189E-17));
#12904=DIRECTION('',(0.0,-1.0,0.0));
#12905=DIRECTION('',(0.0,0.0,-1.0));
#12906=DIRECTION('',(0.0,1.0,0.0));
#12907=DIRECTION('',(0.0,1.0,0.0));
#12908=DIRECTION('',(-1.0,0.0,0.0));
#12909=DIRECTION('',(1.0,0.0,0.0));
#12910=DIRECTION('',(0.0,-1.0,0.0));
#12911=DIRECTION('',(0.0,0.0,-1.0));
#12912=DIRECTION('',(-0.577350269189626,0.577350269189626,0.577350269189626));
#12913=DIRECTION('',(-1.0,-0.0,-1.83690953073357E-16));
#12914=DIRECTION('',(-0.577350269189626,-0.577350269189626,-0.577350269189626));
#12915=DIRECTION('',(-1.0,1.83690953073357E-16,0.0));
#12916=DIRECTION('',(0.0,0.0,1.0));
#12917=DIRECTION('',(0.577350269189626,0.577350269189626,-0.577350269189626));
#12918=DIRECTION('',(0.0,0.0,1.0));
#12919=DIRECTION('',(0.0,1.22460635382238E-16,-1.0));
#12920=DIRECTION('',(-0.577350269189626,0.577350269189626,-0.577350269189626));
#12921=DIRECTION('',(1.22460635382238E-16,0.0,-1.0));
#12922=DIRECTION('',(1.0,6.12303176911189E-17,0.0));
#12923=DIRECTION('',(1.0,0.0,6.12303176911189E-17));
#12924=DIRECTION('',(0.0,-1.0,0.0));
#12925=DIRECTION('',(0.0,0.0,-1.0));
#12926=DIRECTION('',(0.0,1.0,0.0));
#12927=DIRECTION('',(0.0,1.0,0.0));
#12928=DIRECTION('',(-1.0,0.0,0.0));
#12929=DIRECTION('',(1.0,0.0,0.0));
#12930=DIRECTION('',(0.0,-1.0,0.0));
#12931=DIRECTION('',(0.0,0.0,-1.0));
#12932=DIRECTION('',(-0.577350269189626,0.577350269189626,0.577350269189626));
#12933=DIRECTION('',(-1.0,-0.0,-1.83690953073357E-16));
#12934=DIRECTION('',(-0.577350269189626,-0.577350269189626,-0.577350269189626));
#12935=DIRECTION('',(-1.0,1.83690953073357E-16,0.0));
#12936=DIRECTION('',(0.0,0.0,1.0));
#12937=DIRECTION('',(0.577350269189626,0.577350269189626,-0.577350269189626));
#12938=DIRECTION('',(0.0,0.0,1.0));
#12939=DIRECTION('',(0.0,1.22460635382238E-16,-1.0));
#12940=DIRECTION('',(-0.577350269189626,0.577350269189626,-0.577350269189626));
#12941=DIRECTION('',(1.22460635382238E-16,0.0,-1.0));
#12942=DIRECTION('',(1.0,6.12303176911189E-17,0.0));
#12943=DIRECTION('',(1.0,0.0,6.12303176911189E-17));
#12944=DIRECTION('',(0.0,-1.0,0.0));
#12945=DIRECTION('',(0.0,0.0,-1.0));
#12946=DIRECTION('',(0.0,1.0,0.0));
#12947=DIRECTION('',(0.0,1.0,0.0));
#12948=DIRECTION('',(-1.0,0.0,0.0));
#12949=DIRECTION('',(1.0,0.0,0.0));
#12950=DIRECTION('',(0.0,-1.0,0.0));
#12951=DIRECTION('',(0.0,0.0,-1.0));
#12952=DIRECTION('',(-0.577350269189626,0.577350269189626,0.577350269189626));
#12953=DIRECTION('',(-1.0,-0.0,-1.83690953073357E-16));
#12954=DIRECTION('',(-0.577350269189626,-0.577350269189626,-0.577350269189626));
#12955=DIRECTION('',(-1.0,1.83690953073357E-16,0.0));
#12956=DIRECTION('',(0.0,0.0,1.0));
#12957=DIRECTION('',(0.577350269189626,0.577350269189626,-0.577350269189626));
#12958=DIRECTION('',(0.0,0.0,1.0));
#12959=DIRECTION('',(0.0,1.22460635382238E-16,-1.0));
#12960=DIRECTION('',(-0.577350269189626,0.577350269189626,-0.577350269189626));
#12961=DIRECTION('',(1.22460635382238E-16,0.0,-1.0));
#12962=DIRECTION('',(1.0,6.12303176911189E-17,0.0));
#12963=DIRECTION('',(1.0,0.0,6.12303176911189E-17));
#12964=DIRECTION('',(0.0,-1.0,0.0));
#12965=DIRECTION('',(0.0,0.0,-1.0));
#12966=DIRECTION('',(0.0,1.0,0.0));
#12967=DIRECTION('',(0.0,1.0,0.0));
#12968=DIRECTION('',(-1.0,0.0,0.0));
#12969=DIRECTION('',(1.0,0.0,0.0));
#12970=DIRECTION('',(0.0,-1.0,0.0));
#12971=DIRECTION('',(0.0,0.0,-1.0));
#12972=DIRECTION('',(-0.577350269189626,0.577350269189626,0.577350269189626));
#12973=DIRECTION('',(-1.0,-0.0,-1.83690953073357E-16));
#12974=DIRECTION('',(-0.577350269189626,-0.577350269189626,-0.577350269189626));
#12975=DIRECTION('',(-1.0,1.83690953073357E-16,0.0));
#12976=DIRECTION('',(0.0,0.0,1.0));
#12977=DIRECTION('',(0.577350269189626,0.577350269189626,-0.577350269189626));
#12978=DIRECTION('',(0.0,0.0,1.0));
#12979=DIRECTION('',(0.0,1.22460635382238E-16,-1.0));
#12980=DIRECTION('',(-0.577350269189626,0.577350269189626,-0.577350269189626));
#12981=DIRECTION('',(1.22460635382238E-16,0.0,-1.0));
#12982=DIRECTION('',(1.0,6.12303176911189E-17,0.0));
#12983=DIRECTION('',(1.0,0.0,6.12303176911189E-17));
#12984=DIRECTION('',(0.0,-1.0,0.0));
#12985=DIRECTION('',(0.0,0.0,-1.0));
#12986=DIRECTION('',(0.0,1.0,0.0));
#12987=DIRECTION('',(0.0,1.0,0.0));
#12988=DIRECTION('',(-1.0,0.0,0.0));
#12989=DIRECTION('',(1.0,0.0,0.0));
#12990=DIRECTION('',(0.0,-1.0,0.0));
#12991=DIRECTION('',(0.0,0.0,-1.0));
#12992=DIRECTION('',(-0.577350269189626,0.577350269189626,0.577350269189626));
#12993=DIRECTION('',(-1.0,-0.0,-1.83690953073357E-16));
#12994=DIRECTION('',(-0.577350269189626,-0.577350269189626,-0.577350269189626));
#12995=DIRECTION('',(-1.0,1.83690953073357E-16,0.0));
#12996=DIRECTION('',(0.0,0.0,1.0));
#12997=DIRECTION('',(0.577350269189626,0.577350269189626,-0.577350269189626));
#12998=DIRECTION('',(0.0,0.0,1.0));
#12999=DIRECTION('',(0.0,1.22460635382238E-16,-1.0));
#13000=DIRECTION('',(-0.577350269189626,0.577350269189626,-0.577350269189626));
#13001=DIRECTION('',(1.22460635382238E-16,0.0,-1.0));
#13002=DIRECTION('',(1.0,6.12303176911189E-17,0.0));
#13003=DIRECTION('',(1.0,0.0,6.12303176911189E-17));
#13004=DIRECTION('',(0.0,-1.0,0.0));
#13005=DIRECTION('',(0.0,0.0,-1.0));
#13006=DIRECTION('',(0.0,1.0,0.0));
#13007=DIRECTION('',(0.0,1.0,0.0));
#13008=DIRECTION('',(-1.0,0.0,0.0));
#13009=DIRECTION('',(1.0,0.0,0.0));
#13010=DIRECTION('',(0.0,-1.0,0.0));
#13011=DIRECTION('',(0.0,0.0,-1.0));
#13012=DIRECTION('',(-0.577350269189626,0.577350269189626,0.577350269189626));
#13013=DIRECTION('',(-1.0,-0.0,-1.83690953073357E-16));
#13014=DIRECTION('',(-0.577350269189626,-0.577350269189626,-0.577350269189626));
#13015=DIRECTION('',(-1.0,1.83690953073357E-16,0.0));
#13016=DIRECTION('',(0.0,0.0,1.0));
#13017=DIRECTION('',(0.577350269189626,0.577350269189626,-0.577350269189626));
#13018=DIRECTION('',(0.0,0.0,1.0));
#13019=DIRECTION('',(0.0,1.22460635382238E-16,-1.0));
#13020=DIRECTION('',(-0.577350269189626,0.577350269189626,-0.577350269189626));
#13021=DIRECTION('',(1.22460635382238E-16,0.0,-1.0));
#13022=DIRECTION('',(1.0,6.12303176911189E-17,0.0));
#13023=DIRECTION('',(1.0,0.0,6.12303176911189E-17));
#13024=DIRECTION('',(0.0,-1.0,0.0));
#13025=DIRECTION('',(0.0,0.0,-1.0));
#13026=DIRECTION('',(0.0,1.0,0.0));
#13027=DIRECTION('',(0.0,1.0,0.0));
#13028=DIRECTION('',(-1.0,0.0,0.0));
#13029=DIRECTION('',(1.0,0.0,0.0));
#13030=DIRECTION('',(0.0,-1.0,0.0));
#13031=DIRECTION('',(0.0,0.0,-1.0));
#13032=DIRECTION('',(-0.577350269189626,0.577350269189626,0.577350269189626));
#13033=DIRECTION('',(-1.0,-0.0,-1.83690953073357E-16));
#13034=DIRECTION('',(-0.577350269189626,-0.577350269189626,-0.577350269189626));
#13035=DIRECTION('',(-1.0,1.83690953073357E-16,0.0));
#13036=DIRECTION('',(0.0,0.0,1.0));
#13037=DIRECTION('',(0.577350269189626,0.577350269189626,-0.577350269189626));
#13038=DIRECTION('',(0.0,0.0,1.0));
#13039=DIRECTION('',(0.0,1.22460635382238E-16,-1.0));
#13040=DIRECTION('',(-0.577350269189626,0.577350269189626,-0.577350269189626));
#13041=DIRECTION('',(1.22460635382238E-16,0.0,-1.0));
#13042=DIRECTION('',(1.0,6.12303176911189E-17,0.0));
#13043=DIRECTION('',(1.0,0.0,6.12303176911189E-17));
#13044=DIRECTION('',(0.0,-1.0,0.0));
#13045=DIRECTION('',(0.0,0.0,-1.0));
#13046=DIRECTION('',(0.0,1.0,0.0));
#13047=DIRECTION('',(0.0,1.0,0.0));
#13048=DIRECTION('',(-1.0,0.0,0.0));
#13049=DIRECTION('',(1.0,0.0,0.0));
#13050=DIRECTION('',(0.0,-1.0,0.0));
#13051=DIRECTION('',(0.0,0.0,-1.0));
#13052=DIRECTION('',(-0.577350269189626,0.577350269189626,0.577350269189626));
#13053=DIRECTION('',(-1.0,-0.0,-1.83690953073357E-16));
#13054=DIRECTION('',(-0.577350269189626,-0.577350269189626,-0.577350269189626));
#13055=DIRECTION('',(-1.0,1.83690953073357E-16,0.0));
#13056=DIRECTION('',(0.0,0.0,1.0));
#13057=DIRECTION('',(0.577350269189626,0.577350269189626,-0.577350269189626));
#13058=DIRECTION('',(0.0,0.0,1.0));
#13059=DIRECTION('',(0.0,1.22460635382238E-16,-1.0));
#13060=DIRECTION('',(-0.577350269189626,0.577350269189626,-0.577350269189626));
#13061=DIRECTION('',(1.22460635382238E-16,0.0,-1.0));
#13062=DIRECTION('',(1.0,6.12303176911189E-17,0.0));
#13063=DIRECTION('',(1.0,0.0,6.12303176911189E-17));
#13064=DIRECTION('',(0.0,-1.0,0.0));
#13065=DIRECTION('',(0.0,0.0,-1.0));
#13066=DIRECTION('',(0.0,1.0,0.0));
#13067=DIRECTION('',(0.0,1.0,0.0));
#13068=DIRECTION('',(-1.0,0.0,0.0));
#13069=DIRECTION('',(1.0,0.0,0.0));
#13070=DIRECTION('',(0.0,-1.0,0.0));
#13071=DIRECTION('',(0.0,0.0,-1.0));
#13072=DIRECTION('',(-0.577350269189626,0.577350269189626,0.577350269189626));
#13073=DIRECTION('',(-1.0,-0.0,-1.83690953073357E-16));
#13074=DIRECTION('',(-0.577350269189626,-0.577350269189626,-0.577350269189626));
#13075=DIRECTION('',(-1.0,1.83690953073357E-16,0.0));
#13076=DIRECTION('',(0.0,0.0,1.0));
#13077=DIRECTION('',(0.577350269189626,0.577350269189626,-0.577350269189626));
#13078=DIRECTION('',(0.0,0.0,1.0));
#13079=DIRECTION('',(0.0,1.22460635382238E-16,-1.0));
#13080=DIRECTION('',(-0.577350269189626,0.577350269189626,-0.577350269189626));
#13081=DIRECTION('',(1.22460635382238E-16,0.0,-1.0));
#13082=DIRECTION('',(1.0,6.12303176911189E-17,0.0));
#13083=DIRECTION('',(1.0,0.0,6.12303176911189E-17));
#13084=DIRECTION('',(0.0,-1.0,0.0));
#13085=DIRECTION('',(0.0,0.0,-1.0));
#13086=DIRECTION('',(0.0,1.0,0.0));
#13087=DIRECTION('',(0.0,1.0,0.0));
#13088=DIRECTION('',(-1.0,0.0,0.0));
#13089=DIRECTION('',(1.0,0.0,0.0));
#13090=DIRECTION('',(0.0,-1.0,0.0));
#13091=DIRECTION('',(0.0,0.0,-1.0));
#13092=DIRECTION('',(-0.577350269189626,0.577350269189626,0.577350269189626));
#13093=DIRECTION('',(-1.0,-0.0,-1.83690953073357E-16));
#13094=DIRECTION('',(-0.577350269189626,-0.577350269189626,-0.577350269189626));
#13095=DIRECTION('',(-1.0,1.83690953073357E-16,0.0));
#13096=DIRECTION('',(0.0,0.0,1.0));
#13097=DIRECTION('',(0.577350269189626,0.577350269189626,-0.577350269189626));
#13098=DIRECTION('',(0.0,0.0,1.0));
#13099=DIRECTION('',(0.0,1.22460635382238E-16,-1.0));
#13100=DIRECTION('',(-0.577350269189626,0.577350269189626,-0.577350269189626));
#13101=DIRECTION('',(1.22460635382238E-16,0.0,-1.0));
#13102=DIRECTION('',(1.0,6.12303176911189E-17,0.0));
#13103=DIRECTION('',(1.0,0.0,6.12303176911189E-17));
#13104=DIRECTION('',(0.0,-1.0,0.0));
#13105=DIRECTION('',(0.0,0.0,-1.0));
#13106=DIRECTION('',(0.0,1.0,0.0));
#13107=DIRECTION('',(0.0,1.0,0.0));
#13108=DIRECTION('',(-1.0,0.0,0.0));
#13109=DIRECTION('',(1.0,0.0,0.0));
#13110=DIRECTION('',(0.0,-1.0,0.0));
#13111=DIRECTION('',(0.0,0.0,-1.0));
#13112=DIRECTION('',(-0.577350269189626,0.577350269189626,0.577350269189626));
#13113=DIRECTION('',(-1.0,-0.0,-1.83690953073357E-16));
#13114=DIRECTION('',(-0.577350269189626,-0.577350269189626,-0.577350269189626));
#13115=DIRECTION('',(-1.0,1.83690953073357E-16,0.0));
#13116=DIRECTION('',(0.0,0.0,1.0));
#13117=DIRECTION('',(0.577350269189626,0.577350269189626,-0.577350269189626));
#13118=DIRECTION('',(0.0,0.0,1.0));
#13119=DIRECTION('',(0.0,1.22460635382238E-16,-1.0));
#13120=DIRECTION('',(-0.577350269189626,0.577350269189626,-0.577350269189626));
#13121=DIRECTION('',(1.22460635382238E-16,0.0,-1.0));
#13122=DIRECTION('',(1.0,6.12303176911189E-17,0.0));
#13123=DIRECTION('',(1.0,0.0,6.12303176911189E-17));
#13124=DIRECTION('',(0.0,-1.0,0.0));
#13125=DIRECTION('',(0.0,0.0,-1.0));
#13126=DIRECTION('',(0.0,1.0,0.0));
#13127=DIRECTION('',(0.0,1.0,0.0));
#13128=DIRECTION('',(-1.0,0.0,0.0));
#13129=DIRECTION('',(1.0,0.0,0.0));
#13130=DIRECTION('',(0.0,-1.0,0.0));
#13131=DIRECTION('',(0.0,0.0,-1.0));
#13132=DIRECTION('',(-0.577350269189626,0.577350269189626,0.577350269189626));
#13133=DIRECTION('',(-1.0,-0.0,-1.83690953073357E-16));
#13134=DIRECTION('',(-0.577350269189626,-0.577350269189626,-0.577350269189626));
#13135=DIRECTION('',(-1.0,1.83690953073357E-16,0.0));
#13136=DIRECTION('',(0.0,0.0,1.0));
#13137=DIRECTION('',(0.577350269189626,0.577350269189626,-0.577350269189626));
#13138=DIRECTION('',(0.0,0.0,1.0));
#13139=DIRECTION('',(0.0,1.22460635382238E-16,-1.0));
#13140=DIRECTION('',(-0.577350269189626,0.577350269189626,-0.577350269189626));
#13141=DIRECTION('',(1.22460635382238E-16,0.0,-1.0));
#13142=DIRECTION('',(1.0,6.12303176911189E-17,0.0));
#13143=DIRECTION('',(1.0,0.0,6.12303176911189E-17));
#13144=DIRECTION('',(0.0,-1.0,0.0));
#13145=DIRECTION('',(0.0,0.0,-1.0));
#13146=DIRECTION('',(0.0,1.0,0.0));
#13147=DIRECTION('',(0.0,1.0,0.0));
#13148=DIRECTION('',(-1.0,0.0,0.0));
#13149=DIRECTION('',(1.0,0.0,0.0));
#13150=DIRECTION('',(0.0,-1.0,0.0));
#13151=DIRECTION('',(0.0,0.0,-1.0));
#13152=DIRECTION('',(-0.577350269189626,0.577350269189626,0.577350269189626));
#13153=DIRECTION('',(-1.0,-0.0,-1.83690953073357E-16));
#13154=DIRECTION('',(-0.577350269189626,-0.577350269189626,-0.577350269189626));
#13155=DIRECTION('',(-1.0,1.83690953073357E-16,0.0));
#13156=DIRECTION('',(0.0,0.0,1.0));
#13157=DIRECTION('',(0.577350269189626,0.577350269189626,-0.577350269189626));
#13158=DIRECTION('',(0.0,0.0,1.0));
#13159=DIRECTION('',(0.0,1.22460635382238E-16,-1.0));
#13160=DIRECTION('',(-0.577350269189626,0.577350269189626,-0.577350269189626));
#13161=DIRECTION('',(1.22460635382238E-16,0.0,-1.0));
#13162=DIRECTION('',(1.0,6.12303176911189E-17,0.0));
#13163=DIRECTION('',(1.0,0.0,6.12303176911189E-17));
#13164=DIRECTION('',(0.0,-1.0,0.0));
#13165=DIRECTION('',(0.0,0.0,-1.0));
#13166=DIRECTION('',(0.0,1.0,0.0));
#13167=DIRECTION('',(0.0,1.0,0.0));
#13168=DIRECTION('',(-1.0,0.0,0.0));
#13169=DIRECTION('',(1.0,0.0,0.0));
#13170=DIRECTION('',(0.0,-1.0,0.0));
#13171=DIRECTION('',(0.0,0.0,-1.0));
#13172=DIRECTION('',(-0.577350269189626,0.577350269189626,0.577350269189626));
#13173=DIRECTION('',(-1.0,-0.0,-1.83690953073357E-16));
#13174=DIRECTION('',(-0.577350269189626,-0.577350269189626,-0.577350269189626));
#13175=DIRECTION('',(-1.0,1.83690953073357E-16,0.0));
#13176=DIRECTION('',(0.0,0.0,1.0));
#13177=DIRECTION('',(0.577350269189626,0.577350269189626,-0.577350269189626));
#13178=DIRECTION('',(0.0,0.0,1.0));
#13179=DIRECTION('',(0.0,1.22460635382238E-16,-1.0));
#13180=DIRECTION('',(-0.577350269189626,0.577350269189626,-0.577350269189626));
#13181=DIRECTION('',(1.22460635382238E-16,0.0,-1.0));
#13182=DIRECTION('',(1.0,6.12303176911189E-17,0.0));
#13183=DIRECTION('',(1.0,0.0,6.12303176911189E-17));
#13184=DIRECTION('',(0.0,-1.0,0.0));
#13185=DIRECTION('',(0.0,0.0,-1.0));
#13186=DIRECTION('',(0.0,1.0,0.0));
#13187=DIRECTION('',(0.0,1.0,0.0));
#13188=DIRECTION('',(-1.0,0.0,0.0));
#13189=DIRECTION('',(1.0,0.0,0.0));
#13190=DIRECTION('',(0.0,-1.0,0.0));
#13191=DIRECTION('',(0.0,0.0,-1.0));
#13192=DIRECTION('',(-0.577350269189626,0.577350269189626,0.577350269189626));
#13193=DIRECTION('',(-1.0,-0.0,-1.83690953073357E-16));
#13194=DIRECTION('',(-0.577350269189626,-0.577350269189626,-0.577350269189626));
#13195=DIRECTION('',(-1.0,1.83690953073357E-16,0.0));
#13196=DIRECTION('',(0.0,0.0,1.0));
#13197=DIRECTION('',(0.577350269189626,0.577350269189626,-0.577350269189626));
#13198=DIRECTION('',(0.0,0.0,1.0));
#13199=DIRECTION('',(0.0,1.22460635382238E-16,-1.0));
#13200=DIRECTION('',(-0.577350269189626,0.577350269189626,-0.577350269189626));
#13201=DIRECTION('',(1.22460635382238E-16,0.0,-1.0));
#13202=DIRECTION('',(1.0,6.12303176911189E-17,0.0));
#13203=DIRECTION('',(1.0,0.0,6.12303176911189E-17));
#13204=DIRECTION('',(0.0,-1.0,0.0));
#13205=DIRECTION('',(0.0,0.0,-1.0));
#13206=DIRECTION('',(0.0,1.0,0.0));
#13207=DIRECTION('',(0.0,1.0,0.0));
#13208=DIRECTION('',(-1.0,0.0,0.0));
#13209=DIRECTION('',(1.0,0.0,0.0));
#13210=DIRECTION('',(0.0,-1.0,0.0));
#13211=DIRECTION('',(0.0,0.0,-1.0));
#13212=DIRECTION('',(-0.577350269189626,0.577350269189626,0.577350269189626));
#13213=DIRECTION('',(-1.0,-0.0,-1.83690953073357E-16));
#13214=DIRECTION('',(-0.577350269189626,-0.577350269189626,-0.577350269189626));
#13215=DIRECTION('',(-1.0,1.83690953073357E-16,0.0));
#13216=DIRECTION('',(0.0,0.0,1.0));
#13217=DIRECTION('',(0.577350269189626,0.577350269189626,-0.577350269189626));
#13218=DIRECTION('',(0.0,0.0,1.0));
#13219=DIRECTION('',(0.0,1.22460635382238E-16,-1.0));
#13220=DIRECTION('',(-0.577350269189626,0.577350269189626,-0.577350269189626));
#13221=DIRECTION('',(1.22460635382238E-16,0.0,-1.0));
#13222=DIRECTION('',(1.0,6.12303176911189E-17,0.0));
#13223=DIRECTION('',(1.0,0.0,6.12303176911189E-17));
#13224=DIRECTION('',(0.0,-1.0,0.0));
#13225=DIRECTION('',(0.0,0.0,-1.0));
#13226=DIRECTION('',(0.0,1.0,0.0));
#13227=DIRECTION('',(0.0,1.0,0.0));
#13228=DIRECTION('',(-1.0,0.0,0.0));
#13229=DIRECTION('',(1.0,0.0,0.0));
#13230=DIRECTION('',(0.0,-1.0,0.0));
#13231=DIRECTION('',(0.0,0.0,-1.0));
#13232=DIRECTION('',(0.0,-1.0,0.0));
#13233=DIRECTION('',(0.0,0.0,-1.0));
#13234=DIRECTION('',(0.0,1.0,-0.0));
#13235=DIRECTION('',(0.0,0.0,-1.0));
#13236=DIRECTION('',(0.0,1.0,0.0));
#13237=DIRECTION('',(0.0,0.0,1.0));
#13238=DIRECTION('',(0.0,-1.0,0.0));
#13239=DIRECTION('',(0.0,0.0,-1.0));
#13240=DIRECTION('',(1.0,0.0,-0.0));
#13241=DIRECTION('',(-1.0,0.0,0.0));
#13242=DIRECTION('',(-1.0,0.0,0.0));
#13243=DIRECTION('',(0.0,1.0,-0.0));
#13244=DIRECTION('',(-1.0,0.0,0.0));
#13245=DIRECTION('',(0.0,-1.0,0.0));
#13246=DIRECTION('',(-1.0,0.0,0.0));
#13247=DIRECTION('',(0.0,1.0,-0.0));
#13248=DIRECTION('',(-1.0,0.0,0.0));
#13249=DIRECTION('',(0.0,-1.0,0.0));
#13250=DIRECTION('',(-1.0,0.0,0.0));
#13251=DIRECTION('',(0.0,1.0,-0.0));
#13252=DIRECTION('',(-1.0,0.0,0.0));
#13253=DIRECTION('',(0.0,-1.0,0.0));
#13254=DIRECTION('',(-1.0,0.0,0.0));
#13255=DIRECTION('',(0.0,1.0,-0.0));
#13256=DIRECTION('',(-1.0,0.0,0.0));
#13257=DIRECTION('',(0.0,-1.0,0.0));
#13258=DIRECTION('',(-1.0,0.0,0.0));
#13259=DIRECTION('',(0.0,1.0,-0.0));
#13260=DIRECTION('',(-1.0,0.0,0.0));
#13261=DIRECTION('',(0.0,-1.0,0.0));
#13262=DIRECTION('',(-1.0,0.0,0.0));
#13263=DIRECTION('',(0.0,1.0,-0.0));
#13264=DIRECTION('',(-1.0,0.0,0.0));
#13265=DIRECTION('',(0.0,-1.0,0.0));
#13266=DIRECTION('',(-1.0,0.0,0.0));
#13267=DIRECTION('',(0.0,1.0,-0.0));
#13268=DIRECTION('',(-1.0,0.0,0.0));
#13269=DIRECTION('',(0.0,-1.0,0.0));
#13270=DIRECTION('',(-1.0,0.0,0.0));
#13271=DIRECTION('',(0.0,1.0,-0.0));
#13272=DIRECTION('',(-1.0,0.0,0.0));
#13273=DIRECTION('',(0.0,-1.0,0.0));
#13274=DIRECTION('',(-1.0,0.0,0.0));
#13275=DIRECTION('',(0.0,1.0,-0.0));
#13276=DIRECTION('',(-1.0,0.0,0.0));
#13277=DIRECTION('',(0.0,-1.0,0.0));
#13278=DIRECTION('',(-1.0,0.0,0.0));
#13279=DIRECTION('',(0.0,1.0,0.0));
#13280=DIRECTION('',(1.0,0.0,0.0));
#13281=DIRECTION('',(0.0,-1.0,0.0));
#13282=DIRECTION('',(-1.0,0.0,0.0));
#13283=DIRECTION('',(1.0,0.0,0.0));
#13284=DIRECTION('',(0.0,0.0,-1.0));
#13285=DIRECTION('',(0.0,0.0,-1.0));
#13286=DIRECTION('',(1.0,0.0,0.0));
#13287=DIRECTION('',(0.0,-1.0,0.0));
#13288=DIRECTION('',(0.0,0.0,-1.0));
#13289=DIRECTION('',(0.0,1.0,0.0));
#13290=DIRECTION('',(0.0,0.0,1.0));
#13291=DIRECTION('',(0.0,0.0,-1.0));
#13292=DIRECTION('',(1.0,0.0,-0.0));
#13293=DIRECTION('',(1.0,0.0,0.0));
#13294=DIRECTION('',(0.0,0.0,-1.0));
#13295=DIRECTION('',(0.0,-1.0,0.0));
#13296=DIRECTION('',(0.0,0.0,-1.0));
#13297=DIRECTION('',(0.0,1.0,0.0));
#13298=DIRECTION('',(0.0,0.0,1.0));
#13299=DIRECTION('',(0.0,0.0,-1.0));
#13300=DIRECTION('',(1.0,0.0,-0.0));
#13301=DIRECTION('',(1.0,0.0,0.0));
#13302=DIRECTION('',(0.0,0.0,-1.0));
#13303=DIRECTION('',(0.0,-1.0,0.0));
#13304=DIRECTION('',(0.0,0.0,-1.0));
#13305=DIRECTION('',(0.0,1.0,0.0));
#13306=DIRECTION('',(0.0,0.0,1.0));
#13307=DIRECTION('',(0.0,0.0,-1.0));
#13308=DIRECTION('',(1.0,0.0,-0.0));
#13309=DIRECTION('',(1.0,0.0,0.0));
#13310=DIRECTION('',(0.0,0.0,-1.0));
#13311=DIRECTION('',(0.0,-1.0,0.0));
#13312=DIRECTION('',(0.0,0.0,-1.0));
#13313=DIRECTION('',(0.0,1.0,0.0));
#13314=DIRECTION('',(0.0,0.0,1.0));
#13315=DIRECTION('',(0.0,0.0,-1.0));
#13316=DIRECTION('',(1.0,0.0,-0.0));
#13317=DIRECTION('',(1.0,0.0,0.0));
#13318=DIRECTION('',(0.0,0.0,-1.0));
#13319=DIRECTION('',(0.0,-1.0,0.0));
#13320=DIRECTION('',(0.0,0.0,-1.0));
#13321=DIRECTION('',(0.0,1.0,0.0));
#13322=DIRECTION('',(0.0,0.0,1.0));
#13323=DIRECTION('',(0.0,0.0,-1.0));
#13324=DIRECTION('',(1.0,0.0,-0.0));
#13325=DIRECTION('',(1.0,0.0,0.0));
#13326=DIRECTION('',(0.0,0.0,-1.0));
#13327=DIRECTION('',(0.0,-1.0,0.0));
#13328=DIRECTION('',(0.0,0.0,-1.0));
#13329=DIRECTION('',(0.0,1.0,0.0));
#13330=DIRECTION('',(0.0,0.0,1.0));
#13331=DIRECTION('',(0.0,0.0,-1.0));
#13332=DIRECTION('',(1.0,0.0,-0.0));
#13333=DIRECTION('',(1.0,0.0,0.0));
#13334=DIRECTION('',(0.0,0.0,-1.0));
#13335=DIRECTION('',(0.0,-1.0,0.0));
#13336=DIRECTION('',(0.0,0.0,-1.0));
#13337=DIRECTION('',(0.0,1.0,0.0));
#13338=DIRECTION('',(0.0,0.0,1.0));
#13339=DIRECTION('',(0.0,0.0,-1.0));
#13340=DIRECTION('',(1.0,0.0,-0.0));
#13341=DIRECTION('',(1.0,0.0,0.0));
#13342=DIRECTION('',(0.0,0.0,-1.0));
#13343=DIRECTION('',(0.0,-1.0,0.0));
#13344=DIRECTION('',(0.0,0.0,-1.0));
#13345=DIRECTION('',(0.0,1.0,0.0));
#13346=DIRECTION('',(0.0,0.0,1.0));
#13347=DIRECTION('',(0.0,0.0,-1.0));
#13348=DIRECTION('',(1.0,0.0,-0.0));
#13349=DIRECTION('',(1.0,0.0,0.0));
#13350=DIRECTION('',(0.0,0.0,-1.0));
#13351=DIRECTION('',(0.0,-1.0,0.0));
#13352=DIRECTION('',(0.0,0.0,-1.0));
#13353=DIRECTION('',(0.0,1.0,0.0));
#13354=DIRECTION('',(0.0,0.0,1.0));
#13355=DIRECTION('',(0.0,0.0,-1.0));
#13356=DIRECTION('',(1.0,0.0,-0.0));
#13357=DIRECTION('',(1.0,0.0,0.0));
#13358=DIRECTION('',(0.0,0.0,-1.0));
#13359=DIRECTION('',(0.0,1.0,0.0));
#13360=DIRECTION('',(-1.0,0.0,0.0));
#13361=DIRECTION('',(0.0,-1.0,0.0));
#13362=DIRECTION('',(0.0,0.0,-1.0));
#13363=DIRECTION('',(0.0,0.0,-1.0));
ENDSEC;
END-ISO-10303-21;
